$MeshFormat
2.2 0 8
$EndMeshFormat
$PhysicalNames
2
2 1 "matrix"
2 2 "inclusions"
$EndPhysicalNames
$Nodes
4464
1 0.3268986401180237 0.6137583085631061 0
2 0.3247919148889021 0.621620714155775 0
3 0.3190362345253547 0.6273763945193223 0
4 0.3111738289326859 0.6294831197484438 0
5 0.303311423340017 0.6273763945193223 0
6 0.287235466768981 0.6179662247414036 0
7 0.2568255361242837 0.5943223041697202 0
8 0.2517254684157361 0.5892222364611727 0
9 0.2420348953252854 0.5749694677254444 0
10 0.2410530569711645 0.5713051971030455 0
11 0.2420348953252854 0.5676409264806466 0
12 0.2447173275935634 0.5649584942123684 0
13 0.2483815982159624 0.5639766558582475 0
14 0.2520458688383613 0.5649584942123684 0
15 0.270759180226077 0.5701885246508317 0
16 0.2883958351288355 0.5782510902925111 0
17 0.3042325396767773 0.588526430885148 0
18 0.3190362345253547 0.6001402226068898 0
19 0.3247919148889021 0.6058959029704372 0
20 0.1943872888660982 0.6315420491854408 0
21 0.1964028283531251 0.6240199534151953 0
22 0.2019093846363436 0.6185133971319768 0
23 0.209431480406589 0.61649785764495 0
24 0.2169535761768344 0.6185133971319768 0
25 0.2322696960519204 0.6295459587994576 0
26 0.2360781884774132 0.6333544512249505 0
27 0.2374721934552643 0.6385569486282944 0
28 0.2360781884774132 0.6437594460316383 0
29 0.2322696960519204 0.6475679384571311 0
30 0.2270671986485765 0.6489619434349821 0
31 0.209431480406589 0.6465862407259315 0
32 0.2019093846363436 0.6445707012389047 0
33 0.1964028283531251 0.6390641449556862 0
34 0.2977165097902004 0.2533083726279159 0
35 0.2997026417552591 0.2458960272237801 0
36 0.3051288551943361 0.2404698137847031 0
37 0.3125412005984719 0.2384836818196443 0
38 0.3199535460026077 0.2404698137847031 0
39 0.3335394064589471 0.2496330840611097 0
40 0.3397492383842038 0.2558429159863664 0
41 0.348941527675084 0.2679176346674325 0
42 0.3506694932058838 0.2743664898221049 0
43 0.348941527675084 0.2808153449767774 0
44 0.3442206380512113 0.2855362346006501 0
45 0.3377717828965388 0.2872642001314499 0
46 0.3313229277418663 0.2855362346006501 0
47 0.3165738301326825 0.2790183242378879 0
48 0.3103639982074257 0.2728084923126312 0
49 0.2997026417552591 0.2607207180320517 0
50 0.2594108219217796 0.5580376765521196 0
51 0.2514073646795423 0.555893156647405 0
52 0.2455484273420196 0.5500342193098823 0
53 0.2434039074373051 0.542030762067645 0
54 0.2455484273420196 0.5340273048254077 0
55 0.2514073646795423 0.528168367487885 0
56 0.2594108219217796 0.5260238475831704 0
57 0.2760177931726493 0.524630362118331 0
58 0.2813135136212731 0.5260493461358807 0
59 0.2851902500523472 0.5299260825669548 0
60 0.286609234069897 0.5352218030155786 0
61 0.2851902500523472 0.5405175234642025 0
62 0.2813135136212731 0.5443942598952766 0
63 0.2674142791640169 0.555893156647405 0
64 0.2333272825381074 0.09323194642992115 0
65 0.2356021180616737 0.08474214467710912 0
66 0.2418170842909194 0.07852717844786342 0
67 0.2503068860437314 0.0762523429242971 0
68 0.2587966877965434 0.0785271784478634 0
69 0.2737990498445328 0.0916340247036706 0
70 0.3034145142086634 0.1181144131711196 0
71 0.3324063587199453 0.1459894589857662 0
72 0.3375276976154084 0.1511107978812293 0
73 0.3394022377525373 0.1581066769138212 0
74 0.3375276976154084 0.1651025559464132 0
75 0.3324063587199453 0.1702238948418763 0
76 0.3254104796873534 0.1720984349790051 0
77 0.3184146006547615 0.1702238948418763 0
78 0.2714693056166091 0.134361272860301 0
79 0.2418170842909194 0.1079367144119789 0
80 0.2356021180616737 0.1017217481827332 0
81 0.03213351555557804 0.2606936360530726 0
82 0.03404886842176159 0.2535454418420529 0
83 0.03928170976659776 0.2483126004972167 0
84 0.05376826625671508 0.2440374777136999 0
85 0.06224973707332397 0.2417648744577614 0
86 0.0794773359124199 0.2431789733737387 0
87 0.08644611852723375 0.2450462530476061 0
88 0.0915476214681802 0.2501477559885525 0
89 0.09341490114204762 0.2571165386033664 0
90 0.0915476214681802 0.2640853212181803 0
91 0.08644611852723376 0.2691868241591267 0
92 0.07073120788993285 0.2734181544682585 0
93 0.06224973707332397 0.2756907577241969 0
94 0.04642990397761748 0.2749900244751121 0
95 0.03928170976659776 0.2730746716089285 0
96 0.03404886842176159 0.2678418302640924 0
97 0.3186021712218733 0.6667163037635814 0
98 0.317169576915125 0.6720628185029998 0
99 0.3132556564824549 0.6759767389356699 0
100 0.3079091417430365 0.6774093332424181 0
101 0.3025626270036181 0.6759767389356699 0
102 0.2869380356621908 0.6679116847522655 0
103 0.2725623905992634 0.6561859663888144 0
104 0.2594241108628104 0.6434546588313341 0
105 0.253867924958892 0.6378984729274157 0
106 0.2445509503416161 0.6230915633260271 0
107 0.2432619793648054 0.6182810581510879 0
108 0.2445509503416161 0.6134705529761487 0
109 0.2480724845397446 0.6099490187780202 0
110 0.2528829897146838 0.6086600478012095 0
111 0.257693494889623 0.6099490187780202 0
112 0.2746038930486133 0.6171625048376943 0
113 0.2895622922306781 0.6267412730395311 0
114 0.2957846880896124 0.6329636688984654 0
115 0.3086997370184275 0.6461499833960287 0
116 0.317169576915125 0.661369789024163 0
117 0.5162803879039279 0.5335239821485942 0
118 0.5184389351102691 0.5254681743039932 0
119 0.524336195748529 0.5195709136657333 0
120 0.53239200359313 0.5174123664593921 0
121 0.540447811437731 0.5195709136657333 0
122 0.5840784450168489 0.5612728901848293 0
123 0.5878323586554075 0.5650268038233879 0
124 0.5892063864107329 0.5701547452172719 0
125 0.5878323586554075 0.575282686611156 0
126 0.5840784450168489 0.5790366002497146 0
127 0.5789505036229649 0.58041062800504 0
128 0.5738225622290808 0.5790366002497146 0
129 0.5397044272550423 0.5594757975278923 0
130 0.524336195748529 0.5474770506314551 0
131 0.5184389351102691 0.5415797899931952 0
132 0.7909252202454409 0.1730189478137704 0
133 0.7832825867991463 0.1750667852737521 0
134 0.7756399533528517 0.1730189478137704 0
135 0.7596723242423592 0.1667402001718507 0
136 0.7470082027643803 0.1555464546273276 0
137 0.7422878143410261 0.1508260662039734 0
138 0.7405600322623486 0.1443778957019416 0
139 0.7422878143410261 0.1379297251999098 0
140 0.7470082027643803 0.1332093367765556 0
141 0.7534563732664121 0.131481554697878 0
142 0.768136800746702 0.1351503437981706 0
143 0.7766012772510447 0.1374183934418615 0
144 0.7909252202454409 0.1465440889485556 0
145 0.7965200162317537 0.1521388849348685 0
146 0.7985678536917354 0.159781518381163 0
147 0.7965200162317537 0.1674241518274576 0
148 0.3600050460754902 0.5882311254978093 0
149 0.3578084183037074 0.5964290519474197 0
150 0.3518071196258798 0.6024303506252472 0
151 0.3436091931762695 0.6046269783970301 0
152 0.3354112667266591 0.6024303506252472 0
153 0.3196163443400264 0.5914937819146422 0
154 0.3144698961157714 0.5863473336903872 0
155 0.302663824458165 0.5731314254139614 0
156 0.3014126003465569 0.5684617934577849 0
157 0.302663824458165 0.5637921615016084 0
158 0.3060822323027335 0.56037375365704 0
159 0.3107518642589099 0.559122529545432 0
160 0.3154214962150864 0.56037375365704 0
161 0.3336767023672136 0.5671405274389449 0
162 0.3518071196258798 0.5740319003703714 0
163 0.3578084183037074 0.5800331990481989 0
164 0.3905594446425764 0.1394429418540786 0
165 0.3988444552596755 0.1416629037582136 0
166 0.4049095039726397 0.1477279524711778 0
167 0.4071294658767747 0.1560129630882769 0
168 0.4049095039726397 0.164297973705376 0
169 0.3988444552596755 0.1703630224183401 0
170 0.3844116113558579 0.1837240252452415 0
171 0.3538655006167899 0.2087005919126392 0
172 0.3380315456533425 0.2202165221642749 0
173 0.3220274453755472 0.2315352077472951 0
174 0.3151910926341789 0.233367002943519 0
175 0.3083547398928107 0.2315352077472951 0
176 0.3033501823476664 0.2265306502021508 0
177 0.3015183871514425 0.2196942974607826 0
178 0.3033501823476664 0.2128579447194144 0
179 0.3083547398928107 0.20785338717427 0
180 0.3228615713701972 0.193941355956354 0
181 0.3521693370947103 0.1668322260958183 0
182 0.3822744340254773 0.1416629037582136 0
183 0.1482128405217362 0.1263525023597316 0
184 0.1402736361889634 0.1242251989702195 0
185 0.1344617352457028 0.1184132980269589 0
186 0.1323344318561906 0.1104740936941861 0
187 0.1344617352457028 0.1025348893614133 0
188 0.1402736361889634 0.09672298841815262 0
189 0.2210245018033457 0.03774194089577663 0
190 0.228937122945313 0.03562176045077305 0
191 0.2368497440872803 0.03774194089577661 0
192 0.2426421847842441 0.04353438159274037 0
193 0.2447623652292476 0.0514470027347077 0
194 0.2426421847842441 0.05935962387667502 0
195 0.2368497440872803 0.06515206457363878 0
196 0.2049038220777664 0.08925003979883633 0
197 0.1889313792957579 0.1012807134027953 0
198 0.1728520588214431 0.1131880134810456 0
199 0.156152044854509 0.1242251989702195 0
200 0.6319415871884558 0.5232248195545405 0
201 0.6298621467831115 0.5309853967985975 0
202 0.6241810099443988 0.5366665336373101 0
203 0.6164204327003419 0.5387459740426545 0
204 0.6086598554562849 0.5366665336373101 0
205 0.5897357501373859 0.5302120434462247 0
206 0.5331195671935883 0.5107656118312306 0
207 0.5149516665422201 0.5026616673875364 0
208 0.5098290797808349 0.4975390806261512 0
209 0.507954082893078 0.490541496977009 0
210 0.5098290797808349 0.4835439133278668 0
211 0.5149516665422201 0.4784213265664816 0
212 0.5219492501913623 0.4765463296787247 0
213 0.5289468338405044 0.4784213265664816 0
214 0.5674523644248818 0.4899085928591353 0
215 0.5863594004883455 0.4963957181190477 0
216 0.6241810099443988 0.5097831054717709 0
217 0.6298621467831115 0.5154642423104835 0
218 0.7257045338814385 0.07824907289329988 0
219 0.7309567447218094 0.07965639854645523 0
220 0.7348016299090248 0.0835012837336707 0
221 0.7362089555621801 0.08875349457404152 0
222 0.7348016299090248 0.09400570541441235 0
223 0.7309567447218094 0.09785059060162782 0
224 0.7257045338814385 0.09925791625478317 0
225 0.7059362902057026 0.0984716781430125 0
226 0.7023910382909581 0.09752173075549182 0
227 0.6997957337637343 0.09492642622826801 0
228 0.6988457863762136 0.09138117431352352 0
229 0.6997957337637343 0.08783592239877903 0
230 0.7023910382909581 0.08524061787155524 0
231 0.7204523230410677 0.07965639854645523 0
232 0.6561877863006929 0.2340090744106266 0
233 0.658439344307289 0.2256061455338212 0
234 0.6645907151774982 0.2194547746636119 0
235 0.6729936440543037 0.2172032166570158 0
236 0.6914641673298736 0.2215522965052404 0
237 0.6986987741708705 0.2234908035658422 0
238 0.7039948739512656 0.2287869033462373 0
239 0.7059333810118674 0.2360215101872342 0
240 0.7039948739512656 0.2432561170282311 0
241 0.6986987741708705 0.2485522168086262 0
242 0.6914641673298736 0.250490723869228 0
243 0.6729936440543037 0.2508149321642375 0
244 0.6645907151774983 0.2485633741576413 0
245 0.658439344307289 0.2424120032874321 0
246 0.4501409327817405 0.2797295834663377 0
247 0.4482302222383696 0.2868604522927553 0
248 0.4430100639553229 0.2920806105758019 0
249 0.4358791951289054 0.2939913211191728 0
250 0.4287483263024878 0.2920806105758019 0
251 0.4134544102197935 0.279191932776625 0
252 0.4091023637304991 0.2748398862873306 0
253 0.4075094041569665 0.2688948802245035 0
254 0.4091023637304991 0.2629498741616765 0
255 0.4134544102197935 0.2585978276723821 0
256 0.4193994162826206 0.2570048680988494 0
257 0.4253444223454476 0.2585978276723821 0
258 0.4430100639553229 0.2673785563568735 0
259 0.4482302222383696 0.2725987146399201 0
260 0.1683754082465789 0.4292784813367355 0
261 0.2073009208706034 0.4323793701941335 0
262 0.2138018846929488 0.4341212982003549 0
263 0.2300940846076825 0.4389803101989858 0
264 0.2326624927033255 0.4415487182946289 0
265 0.2336025953136165 0.4450572290005629 0
266 0.2326624927033255 0.4485657397064969 0
267 0.2300940846076825 0.45113414780214 0
268 0.2138018846929488 0.4566412974772937 0
269 0.2073009208706034 0.4583832254835151 0
270 0.1876852342980321 0.461390768182665 0
271 0.149249781554853 0.4641824352865042 0
272 0.129817865207299 0.4648830316501162 0
273 0.121812888099902 0.4627381044987595 0
274 0.1159528381438617 0.4568780545427191 0
275 0.113807910992505 0.4488730774353221 0
276 0.1159528381438616 0.4408681003279251 0
277 0.121812888099902 0.4350080503718847 0
278 0.129817865207299 0.4328631232205281 0
279 0.149249781554853 0.4303862929865793 0
280 0.668757774910492 0.7704895600523444 0
281 0.6763543797474747 0.7684540559210565 0
282 0.6953539342105672 0.7709601933076828 0
283 0.7036882931588122 0.7731933780572962 0
284 0.7220013106980119 0.7791012881861523 0
285 0.7395963916172232 0.7855507154060815 0
286 0.7569073006117721 0.7932208083981261 0
287 0.7616486176814541 0.7979621254678082 0
288 0.7633840601763545 0.8044388850323907 0
289 0.7616486176814541 0.8109156445969732 0
290 0.7569073006117721 0.8156569616666551 0
291 0.7504305410471896 0.8173924041615556 0
292 0.7318078350793161 0.8146180041231738 0
293 0.7135350443428135 0.8106978243741636 0
294 0.705068777987615 0.8084292951413814 0
295 0.668757774910492 0.7968049711376993 0
296 0.6631966742047972 0.7912438704320045 0
297 0.6611611700735094 0.7836472655950218 0
298 0.6631966742047972 0.7760506607580392 0
299 0.8392321580680396 0.4537993180753367 0
300 0.8415071303485538 0.445309005938647 0
301 0.8477224702047295 0.4390936660824714 0
302 0.8562127823414192 0.4368186938019572 0
303 0.8647030944781089 0.4390936660824714 0
304 0.8709184343342845 0.4453090059386469 0
305 0.8792159072084568 0.4610606572208728 0
306 0.8842248538962452 0.4783994966061674 0
307 0.8853198723978285 0.4824861612893043 0
308 0.8842248538962452 0.4865728259724412 0
309 0.8812332077146916 0.4895644721539948 0
310 0.8771465430315547 0.4906594906555782 0
311 0.8730598783484178 0.4895644721539948 0
312 0.8580234524041406 0.4822531120251891 0
313 0.852344951253691 0.4765746108747395 0
314 0.8415071303485538 0.4622896302120265 0
315 0.6794903943679932 0.631108271933068 0
316 0.6775218812131441 0.638454863042333 0
317 0.6721438032587282 0.6438329409967488 0
318 0.6647972121494632 0.645801454151598 0
319 0.6574506210401981 0.6438329409967488 0
320 0.6245314191539485 0.6214300673640621 0
321 0.6097484813644923 0.6074144997551563 0
322 0.6068096767349102 0.6044756951255741 0
323 0.6057339995837238 0.6004612133448056 0
324 0.6068096767349102 0.5964467315640372 0
325 0.6097484813644923 0.593507926934455 0
326 0.6137629631452608 0.5924322497832686 0
327 0.6177774449260293 0.593507926934455 0
328 0.6542902071983386 0.6097789544595646 0
329 0.6721438032587282 0.6183836028693871 0
330 0.6775218812131441 0.6237616808238029 0
331 0.6822196122216904 0.3507842118550993 0
332 0.690666454891501 0.3485208871831308 0
333 0.7105071275120419 0.3512331070633855 0
334 0.7887920909892128 0.3681456749542648 0
335 0.7968178930829266 0.3702961821438874 0
336 0.8026931879870178 0.3761714770479786 0
337 0.8048436951766405 0.3841972791416924 0
338 0.8026931879870178 0.3922230812354063 0
339 0.7968178930829266 0.3980983761394975 0
340 0.7887920909892128 0.4002488833291201 0
341 0.7494596341441081 0.3934861191711009 0
342 0.690666454891501 0.3823082578623732 0
343 0.6822196122216905 0.3800449331904047 0
344 0.6760360942238484 0.3738614151925626 0
345 0.6737727695518798 0.365414572522752 0
346 0.6760360942238484 0.3569677298529414 0
347 -6.288372600415926e-18 0.3685887874125138 0
348 5.030698080332741e-17 0.3346402584187189 0
349 0.0006718751109671128 0.3684087590191155 0
350 0.004954230983361328 0.3641264031467213 0
351 0.008467615764190878 0.3650678117614444 0
352 0.01668713214062194 0.3628653989862053 0
353 0.02995087054391932 0.352125643003114 0
354 0.03389766152337939 0.348178852023654 0
355 0.03534228728528905 0.3427874352822842 0
356 0.03389766152337939 0.3373960185409145 0
357 0.02995087054391931 0.3334492275614544 0
358 0.02455945380254959 0.3320046017995448 0
359 0.008467615764190873 0.3321897462557201 0
360 0.0002480993877598051 0.3343921590309592 0
361 0.9690322537796255 0.3548183715297693 0
362 0.9723362013391301 0.3515144239702648 0
363 0.9678229250400753 0.3593316478288242 0
364 0.9690322537796255 0.363844924127879 0
365 0.9723362013391301 0.3671488716873835 0
366 0.976849477638185 0.3683582004269338 0
367 0.9925073334806918 0.3705964413555181 0
368 1 0.3685887874125137 0
369 1 0.3346402584187191 0
370 0.9958155497157347 0.3388247087029843 0
371 0.9925073334806918 0.337938274834417 0
372 0.9843427918504165 0.3401259571708195 0
373 0.6349562052909147 0.1010564293632219 0
374 0.6418929720918307 0.09919772830083344 0
375 0.6818831341921293 0.1003668726996298 0
376 0.7417684740946798 0.1056182062496219 0
377 0.7472809928882344 0.1070952812086162 0
378 0.7513164367227946 0.1111307250431764 0
379 0.752793511681789 0.116643243836731 0
380 0.7513164367227947 0.1221557626302856 0
381 0.7472809928882344 0.1261912064648458 0
382 0.7417684740946798 0.1276682814238402 0
383 0.6418929720918307 0.1269447955044976 0
384 0.6349562052909147 0.1250860944421091 0
385 0.6298781395523871 0.1200080287035816 0
386 0.6280194384899986 0.1130712619026655 0
387 0.6298781395523871 0.1061344951017495 0
388 0.3883147797284989 0.7222553785561856 0
389 0.3801041998282797 0.7244553968098405 0
390 0.3718936199280605 0.7222553785561856 0
391 0.3629715937252096 0.7173584234068989 0
392 0.3579495385124128 0.7123363681941021 0
393 0.3561113387253211 0.7054761131942135 0
394 0.3579495385124127 0.698615858194325 0
395 0.3629715937252096 0.6935938029815282 0
396 0.3698318487250982 0.6917556031944364 0
397 0.3801041998282797 0.6916130772089638 0
398 0.3883147797284989 0.6938130954626187 0
399 0.3943253413750631 0.6998236571091829 0
400 0.396525359628718 0.7080342370094022 0
401 0.3943253413750631 0.7162448169096213 0
402 0.06885101558479063 0.6443315409715388 0
403 0.06088378963614508 0.6421967292126829 0
404 0.05505137544635539 0.6363643150228931 0
405 0.05291656368749953 0.6283970890742476 0
406 0.05505137544635538 0.6204298631256021 0
407 0.06088378963614507 0.6145974489358124 0
408 0.06885101558479063 0.6124626371769565 0
409 0.0888069762052725 0.611181244493297 0
410 0.1485251869542215 0.608778126889617 0
411 0.1684066485738075 0.6089512107667825 0
412 0.1747045725492532 0.6106387344099958 0
413 0.1793149728814857 0.6152491347422283 0
414 0.181002496524699 0.621547058717674 0
415 0.1793149728814857 0.6278449826931197 0
416 0.1747045725492533 0.6324553830253522 0
417 0.1684066485738075 0.6341429066685655 0
418 0.1286518368860807 0.6391621817224098 0
419 0.0888069762052725 0.6427114540566085 0
420 0.4789810042930047 0.1048446924506646 0
421 0.4719853120273768 0.1067191825437362 0
422 0.464989619761749 0.1048446924506646 0
423 0.4486963146995137 0.09494798730891485 0
424 0.4336217117088899 0.08377924828786093 0
425 0.4187681455317812 0.07166259366954639 0
426 0.4129409438334381 0.06583539197120331 0
427 0.4016830200996732 0.0518360760499083 0
428 0.4000308969350455 0.04567026845915603 0
429 0.4016830200996732 0.03950446086840377 0
430 0.4061967045257977 0.03499077644227927 0
431 0.41236251211655 0.03333865327765151 0
432 0.4185283197073022 0.03499077644227926 0
433 0.4346883566376061 0.04408797916703527 0
434 0.4506072090979322 0.05435950381821119 0
435 0.4649521794883327 0.06679200357371035 0
436 0.4789810042930046 0.08061090357429651 0
437 0.4841022064655608 0.08573210574685271 0
438 0.4859766965586325 0.09272779801248054 0
439 0.4841022064655608 0.09972349027810837 0
440 0.542934743840822 0.8289314223272737 0
441 0.5347751602413413 0.8267450684912185 0
442 0.5288019304779157 0.8207718387277929 0
443 0.5266155766418605 0.8126122551283123 0
444 0.5288019304779157 0.8044526715288316 0
445 0.5347751602413413 0.798479441765406 0
446 0.5707531462860824 0.7810412125808555 0
447 0.6068792827917097 0.7638215771673188 0
448 0.6254758317959846 0.7562953054347943 0
449 0.6326722551272876 0.7543670296147792 0
450 0.6398686784585906 0.7562953054347943 0
451 0.6451368259698785 0.7615634529460822 0
452 0.6470651017898936 0.7687598762773852 0
453 0.6451368259698785 0.7759562996086882 0
454 0.6398686784585906 0.7812244471199761 0
455 0.604400267810432 0.7995714650531225 0
456 0.5510943274403026 0.8267450684912185 0
457 0.5968802026083196 0.3074392081591089 0
458 0.594773955856266 0.3152998280510498 0
459 0.5890195827163787 0.3210542011909371 0
460 0.5811589628244378 0.3231604479429907 0
461 0.5732983429324969 0.3210542011909371 0
462 0.5574591016708268 0.3138252813019149 0
463 0.5512847318250139 0.307650911456102 0
464 0.5396910922217527 0.2959489571651644 0
465 0.5378706521777951 0.2891549824289812 0
466 0.5396910922217527 0.282361007692798 0
467 0.5446646269139782 0.2773874730005725 0
468 0.5514586016501615 0.2755670329566147 0
469 0.5582525763863447 0.2773874730005725 0
470 0.574327793794309 0.2846078494868069 0
471 0.5890195827163787 0.2938242151272807 0
472 0.594773955856266 0.299578588267168 0
473 0.4809203948727539 0.4291030302834241 0
474 0.482994202445335 0.4213634750574302 0
475 0.4886599500987478 0.4156977274040174 0
476 0.4963995053247418 0.4136239198314363 0
477 0.5041390605507357 0.4156977274040174 0
478 0.5098048082041484 0.4213634750574302 0
479 0.5217263410060955 0.4343849336549476 0
480 0.5232636467115467 0.4401222366544567 0
481 0.5217263410060955 0.4458595396539659 0
482 0.5175263437120375 0.4500595369480238 0
483 0.5117890407125284 0.4515968426534749 0
484 0.5060517377130193 0.4500595369480238 0
485 0.4886599500987479 0.4425083331628308 0
486 0.482994202445335 0.4368425855094181 0
487 0.2943481098973583 0.2133532607336713 0
488 0.296314224623924 0.2206909007867242 0
489 0.2943481098973583 0.2280285408397772 0
490 0.2889765845708711 0.2334000661662643 0
491 0.2816389445178182 0.2353661808928301 0
492 0.1844491764760125 0.2564737256280992 0
493 0.1782068860523293 0.2548011089501527 0
494 0.1736372123065926 0.250231435204416 0
495 0.1719645956286462 0.2439891447807329 0
496 0.1736372123065926 0.2377468543570497 0
497 0.1782068860523293 0.233177180611313 0
498 0.1973822818799837 0.2270638313679675 0
499 0.2352960410848671 0.2164856739847144 0
500 0.2424893904585886 0.2145582218291507 0
501 0.2816389445178182 0.2060156206806183 0
502 0.2889765845708711 0.2079817354071841 0
503 0.002887444544642461 0.5483009024909624 0
504 -1.279358563532895e-17 0.5454134579463199 0
505 0.01134330060034426 0.5505666422924016 0
506 0.01979915665604605 0.5483009024909624 0
507 0.03447563979839598 0.5428850353751706 0
508 0.0392093086873336 0.538151366486233 0
509 0.04094195175378883 0.5316850545308401 0
510 0.0392093086873336 0.5252187425754473 0
511 0.03447563979839597 0.5204850736865096 0
512 0.02800932784300312 0.5187524306200544 0
513 0.01134330060034425 0.5167432180695943 0
514 0.00288744454464245 0.5190089578710335 0
515 4.076600168545497e-17 0.5218964024156758 0
516 1 0.5454134579463199 0
517 0.9966973282903798 0.5421107862366997 0
518 1 0.5218964024156763 0
519 0.9966973282903798 0.5251990741252962 0
520 0.9944315884889406 0.533654930180998 0
521 0.6786664306135266 0.4911150330039588 0
522 0.6710402826242362 0.4890716128088682 0
523 0.6654575548300364 0.4834888850146685 0
524 0.6634141346349458 0.4758627370253781 0
525 0.6654575548300364 0.4682365890360877 0
526 0.6710402826242362 0.4626538612418879 0
527 0.6786664306135266 0.4606104410467973 0
528 0.697302642967485 0.4578895666331804 0
529 0.7035020909962768 0.4595507037260139 0
530 0.7080404019322352 0.4640890146619722 0
531 0.7097015390250687 0.4702884626907641 0
532 0.7080404019322352 0.4764879107195559 0
533 0.7035020909962768 0.4810262216555143 0
534 0.686292578602817 0.4890716128088682 0
535 0.008518285381417801 0.2130271239957919 0
536 0.01697632317985051 0.2107607995981499 0
537 2.938187887435717e-17 0.2169972412881631 0
538 9.540979117872439e-18 0.2397000155598686 0
539 0.008518285381417811 0.2423266263942388 0
540 0.01697632317985051 0.2445929507918808 0
541 0.02543436097828321 0.2423266263942388 0
542 0.03162607437907396 0.236134912993448 0
543 0.03389239877671592 0.2276768751950153 0
544 0.03162607437907396 0.2192188373965826 0
545 0.0254343609782832 0.2130271239957919 0
546 0.9983772164075171 0.2177535720418084 0
547 1 0.2169972412881632 0
548 0.9938451309463404 0.222285657502985 0
549 0.9921862725354277 0.2284766013750745 0
550 0.9938451309463404 0.2346675452471639 0
551 0.9983772164075171 0.2391996307083406 0
552 1 0.2397000155598685 0
553 0.6999448948743067 0.4945441712569076 0
554 0.7072280846875088 0.4925926464281375 0
555 0.7145112745007108 0.4945441712569076 0
556 0.7198429394851429 0.4998758362413396 0
557 0.721794464313913 0.5071590260545418 0
558 0.7198429394851429 0.5144422158677439 0
559 0.7145112745007108 0.5197738808521759 0
560 0.7072280846875088 0.5217254056809461 0
561 0.6910157149966665 0.5240787236644882 0
562 0.6870899929843325 0.5230268296215742 0
563 0.6842161650149124 0.5201530016521542 0
564 0.6831642709719985 0.5162272796398202 0
565 0.6842161650149124 0.5123015576274862 0
566 0.6946132298898746 0.4998758362413396 0
567 0.2592712504853664 0.9996608277062011 0
568 0.2589320781915676 1 0
569 0.2614630637368245 0.9914808692910564 0
570 0.2592712504853664 0.9833009108759115 0
571 0.2532831053216797 0.977312765712225 0
572 0.245103146906535 0.9751209524607668 0
573 0.2257891958464447 0.980192208179247 0
574 0.2175559193377112 0.9823983079708243 0
575 0.2131732696619348 0.9867809576466008 0
576 0.2065008066943946 0.9849930765829218 0
577 0.198099214027759 0.987244276553082 0
578 0.1594840764795021 0.9999999999999998 0
579 0.2532831053216797 0.005648972869887858 0
580 0.2340224723551781 0.01091921442260357 0
581 0.2589320781915675 1.547698601223058e-17 0
582 0.1594840764795013 9.107298248878237e-18 0
583 0.1445525352461535 0.00493233023890733 0
584 0.1383820467465925 0.01110281873846837 0
585 0.1361234912019934 0.01953186278262848 0
586 0.1383820467465925 0.02796090682678858 0
587 0.1445525352461535 0.03413139532634962 0
588 0.1529815792903136 0.03638995087094869 0
589 0.1614106233344737 0.03413139532634962 0
590 0.1998882153317711 0.02323778164753383 0
591 0.2149023993610301 0.01634824727930369 0
592 0.2197448973319298 0.01150574930840398 0
593 0.2257891958464447 0.01312531421418095 0
594 0.3251982599672856 0.7282601526681644 0
595 0.3172074386478133 0.7261190185487504 0
596 0.3113577514477549 0.7202693313486921 0
597 0.3092166173283409 0.7122785100292197 0
598 0.3113577514477549 0.7042876887097473 0
599 0.3172074386478133 0.698438001509689 0
600 0.3273946161048214 0.6900210844332696 0
601 0.3351566804861622 0.6879412455506909 0
602 0.3429187448675029 0.6900210844332696 0
603 0.348600970366265 0.6957033099320317 0
604 0.3506808092488437 0.7034653743133724 0
605 0.348600970366265 0.7112274386947132 0
606 0.3429187448675029 0.7169096641934752 0
607 0.3331890812867579 0.7261190185487504 0
608 0.6321714692210838 0.9098346042505968 0
609 0.6344424565975736 0.9013591639781895 0
610 0.6406469094934912 0.8951547110822718 0
611 0.6491223497658986 0.8928837237057821 0
612 0.6575977900383059 0.8951547110822718 0
613 0.6638022429342235 0.9013591639781895 0
614 0.691312275098987 0.9293872896169828 0
615 0.7296544728446616 0.974375205503819 0
616 0.7313526663559459 0.9807129499690158 0
617 0.7296544728446616 0.9870506944342127 0
618 0.725014921890749 0.9916902453881252 0
619 0.7186771774255521 0.9933884388994095 0
620 0.7123394329603553 0.9916902453881252 0
621 0.6975594121852563 0.9787735523223559 0
622 0.6542146091411291 0.9387521257539672 0
623 0.648157064171517 0.9326945807843551 0
624 0.6344424565975736 0.9183100445230041 0
625 0.346674127169765 0.3342189715396381 0
626 0.3444985462526921 0.3423383500581316 0
627 0.3385547486512715 0.3482821476595521 0
628 0.3304353701327781 0.350457728576625 0
629 0.3223159916142846 0.3482821476595521 0
630 0.3054221510491718 0.3414505592300977 0
631 0.3005747253035131 0.336603133484439 0
632 0.2988004443376432 0.3299814267729105 0
633 0.3005747253035131 0.323359720061382 0
634 0.3054221510491718 0.3185122943157233 0
635 0.3120438577607003 0.3167380133498534 0
636 0.3304353701327781 0.3179802145026512 0
637 0.3385547486512715 0.3201557954197242 0
638 0.3444985462526921 0.3260995930211447 0
639 0.4249721866270428 0.1031236769718404 0
640 0.4334698164084941 0.1054006100093589 0
641 0.4396905131524269 0.1116213067532917 0
642 0.4419674461899455 0.1201189365347431 0
643 0.4413245327357991 0.1259387161138297 0
644 0.4402655971905306 0.1298907173707123 0
645 0.4373725314789165 0.1327837830823264 0
646 0.4334698164084941 0.1348372630601272 0
647 0.4249721866270428 0.1371141960976458 0
648 0.4164745568455914 0.1348372630601272 0
649 0.4102538601016587 0.1286165663161944 0
650 0.4079769270641401 0.1201189365347431 0
651 0.4102538601016587 0.1116213067532917 0
652 0.4109631967562895 0.1090429628628669 0
653 0.4141317015110656 0.1058744581080908 0
654 0.4184599594981015 0.1047147048758309 0
655 0.7898979859964695 0.7039546173650455 0
656 0.7965763991818664 0.702165141945297 0
657 0.8032548123672633 0.7039546173650455 0
658 0.8188002383385722 0.7136565856023753 0
659 0.8331802348416202 0.7244685507686592 0
660 0.8393021746604262 0.7305904905874653 0
661 0.851614135969623 0.7443907905631785 0
662 0.8592907727723248 0.758943874706832 0
663 0.8601423745172639 0.7621220956867591 0
664 0.8592907727723248 0.7653003166666863 0
665 0.8569641535373368 0.7676269359016743 0
666 0.8537859325574096 0.7684785376466134 0
667 0.838875307191728 0.7664550892354133 0
668 0.8315205409676497 0.7644843855651517 0
669 0.8164547842157631 0.7534378810321284 0
670 0.8023786347653505 0.7420996373329498 0
671 0.7963679106866741 0.7360889132542734 0
672 0.7850090482308212 0.7222003815014876 0
673 0.7832195728110727 0.7155219683160907 0
674 0.7850090482308212 0.7088435551306939 0
675 0.2195250245427978 0.7436745250728223 0
676 0.2172479894363418 0.7351765143649104 0
677 0.2195250245427978 0.7266785036569986 0
678 0.2257460001442537 0.7204575280555428 0
679 0.2435314988818966 0.7153923987700225 0
680 0.2511298846325072 0.7133564174443662 0
681 0.2674490722893047 0.7168942110246931 0
682 0.2702818995545191 0.7176532648027042 0
683 0.2723556730417224 0.7197270382899075 0
684 0.2731147268197335 0.7225598655551219 0
685 0.2723556730417224 0.7253926928203362 0
686 0.2642906748080722 0.7361515746961981 0
687 0.2587282703831178 0.7417139791211523 0
688 0.2427420215600773 0.749895500674278 0
689 0.2342440108521655 0.7521725357807341 0
690 0.2257460001442537 0.749895500674278 0
691 0.07897592093482783 0.1338109238902035 0
692 0.07684961613920281 0.1417464014198535 0
693 0.07104044340517789 0.1475555741538783 0
694 0.06310496587552794 0.1496818789495034 0
695 0.05211751442779733 0.1468052997649645 0
696 0.04462360212186056 0.1447973120144391 0
697 0.0391376775664492 0.1393113874590277 0
698 0.03712968981592378 0.1318174751530909 0
699 0.03913767756644919 0.1243235628471542 0
700 0.04462360212186055 0.1188376382917428 0
701 0.05211751442779733 0.1168296505412174 0
702 0.06310496587552794 0.1179399688309036 0
703 0.07104044340517787 0.1200662736265286 0
704 0.07684961613920281 0.1258754463605535 0
705 0.9910827813688118 0.9517425292449821 0
706 0.9996989789692822 0.9625062102785115 0
707 0.9889478924512392 0.9496076403274095 0
708 0.9860315799555771 0.94882621674932 0
709 0.9831152674599151 0.9496076403274095 0
710 0.9809803785423424 0.9517425292449821 0
711 0.971867325770427 0.9625062102785115 0
712 0.9697145399035032 0.9705405165116872 0
713 0.968220141460832 0.9850205475325452 0
714 0.9703437975855419 0.9929461400877673 0
715 0.976145734016054 0.9987480765182793 0
716 0.9808179760570239 1 0
717 0.9873246770855282 1 0
718 0.9919969191264981 0.9987480765182793 0
719 0.9977988555570102 0.9929461400877673 0
720 0.9999225116817201 0.9850205475325452 0
721 1.000000000000001 0.9844389580973494 0
722 1 0.9636296360592999 0
723 0.9808179760570235 -5.957690937807847e-17 0
724 0.9873246770855276 6.537739100087592e-17 0
725 0.9840713265712761 0.0008717326429892314 0
726 -2.320192649118979e-17 0.98443895809736 0
727 -2.108773225484306e-17 0.963629636059297 0
728 0.001851764836205971 0.9705405165116872 0
729 0.5807607595012227 0.8965906796047224 0
730 0.5726802498453004 0.8944255135679862 0
731 0.561896175013009 0.8836816751489337 0
732 0.5560602181237055 0.8778457182596301 0
733 0.5539241096468296 0.8698736528934505 0
734 0.5560602181237054 0.861901587527271 0
735 0.561896175013009 0.8560656306379675 0
736 0.5698682403791886 0.8539295221610915 0
737 0.5778403057453682 0.8560656306379674 0
738 0.5888412691571451 0.8664338070177693 0
739 0.5947566127763312 0.8723491506369554 0
740 0.5969217788130674 0.8804296602928777 0
741 0.5947566127763312 0.8885101699488001 0
742 0.5888412691571451 0.8944255135679862 0
743 0.5989432375640408 0.9254892063165489 0
744 0.5969023173165861 0.9331060243742463 0
745 0.5913264195063435 0.9386819221844889 0
746 0.583709601448646 0.9407228424319436 0
747 0.5760927833909486 0.9386819221844889 0
748 0.5588183050191049 0.9291046712223867 0
749 0.5421137927530792 0.9188229883057142 0
750 0.5272469211902977 0.9050662610541711 0
751 0.5248471087502331 0.9026664486141065 0
752 0.5239687164328516 0.8993882438566604 0
753 0.5248471087502331 0.8961100390992143 0
754 0.5272469211902977 0.8937102266591497 0
755 0.5305251259477438 0.8928318343417682 0
756 0.5338033307051899 0.8937102266591497 0
757 0.5533761680896643 0.8993159820088381 0
758 0.5726952247414885 0.905069141210664 0
759 0.5913264195063435 0.9122964904486088 0
760 0.5969023173165861 0.9178723882588514 0
761 0.7536714508323809 0.919264012262937 0
762 0.7612127424488174 0.9212846952614487 0
763 0.7667333510667421 0.9268053038793734 0
764 0.7687540340652539 0.93434659549581 0
765 0.7667333510667421 0.9418878871122466 0
766 0.7589334154963947 0.9555252921351 0
767 0.7527842095200017 0.961674498111493 0
768 0.7389826802844646 0.9671126911343007 0
769 0.7338820279427751 0.9684794068101282 0
770 0.7287813756010857 0.9671126911343007 0
771 0.7250474389352238 0.9633787544684388 0
772 0.7236807232593963 0.9582781021267494 0
773 0.7250474389352238 0.9531774497850599 0
774 0.7298350603898969 0.9387253489813882 0
775 0.7406095505980196 0.9268053038793734 0
776 0.7461301592159443 0.9212846952614487 0
777 0.1813547814324213 0.8107117638248914 0
778 0.1897444580850912 0.8129597709087326 0
779 0.19588612765392 0.8191014404775614 0
780 0.1981341347377611 0.8274911171302313 0
781 0.19588612765392 0.8358807937829011 0
782 0.1897444580850912 0.8420224633517299 0
783 0.1813547814324213 0.8442704704355711 0
784 0.1421968122850582 0.8513570268468807 0
785 0.1030235874604655 0.8575507311776028 0
786 0.08331900740128427 0.8603958027652281 0
787 0.07605981140654082 0.8584507070607373 0
788 0.07074571111628812 0.8531366067704846 0
789 0.06880061541179737 0.8458774107757412 0
790 0.07074571111628811 0.8386182147809977 0
791 0.07605981140654081 0.833304114490745 0
792 0.08331900740128427 0.8313590187862543 0
793 0.122585614363122 0.8230656583747514 0
794 0.909855986216226 0.4829724372315681 0
795 0.9119319418612605 0.4752248652900401 0
796 0.9119319418612605 0.4907200091730962 0
797 0.917603558157754 0.4963916254695898 0
798 0.925351130099282 0.4984675811146242 0
799 0.945139282248239 0.501427929761418 0
800 0.9849770672316593 0.5048693524848353 0
801 0.9924943662524329 0.5028550982829558 0
802 0.9939697071490536 0.501379757386335 0
803 0.9972948598682961 0.5047049101055775 0
804 1 0.5054297502192805 0
805 1 0.4769675836542525 0
806 0.9972948598682961 0.4782575290329111 0
807 0.9956161722750096 0.4799362166261976 0
808 0.9924943662524328 0.4768144106036207 0
809 0.9849770672316593 0.4748001564017412 0
810 0.925351130099282 0.4674772933485121 0
811 0.917603558157754 0.4695532489935465 0
812 7.37257477290143e-18 0.5054297502192806 0
813 -2.233456475320139e-17 0.4769675836542527 0
814 0.00492956115912846 0.5067506221509088 0
815 0.01256426244996075 0.5047049101055775 0
816 0.03211943039693875 0.49310626943481 0
817 0.03733164607999513 0.4878940537517536 0
818 0.03923944942999743 0.4807740347186949 0
819 0.03733164607999512 0.4736540156856362 0
820 0.03211943039693874 0.4684418000025798 0
821 0.02499941136388006 0.4665339966525776 0
822 0.01787939233082138 0.4684418000025798 0
823 0.9054518956311369 0.1780831917848207 0
824 0.8970086631804569 0.1758208344681527 0
825 0.8908277880464449 0.1696399593341407 0
826 0.888565430729777 0.1611967268834607 0
827 0.8908277880464449 0.1527534944327807 0
828 0.8970086631804569 0.1465726192987687 0
829 0.9121380705001557 0.1339472922883331 0
830 0.9277551114512974 0.121483587415969 0
831 0.9430687113689857 0.1095214076990177 0
832 0.9756345164019592 0.08792989560553272 0
833 0.9818322070783239 0.08626922939386292 0
834 0.9880298977546885 0.08792989560553272 0
835 0.9925669222193833 0.09246692007022753 0
836 0.9942275884310531 0.09866461074659216 0
837 0.9925669222193834 0.1048623014229568 0
838 0.9792988429221238 0.1186852524067885 0
839 0.9740085443530655 0.1239755509758467 0
840 0.9445861107835523 0.1506357334015921 0
841 0.9291069517947256 0.1633382568381332 0
842 0.9138951280818169 0.1758208344681527 0
843 0.9963654283933814 0.8150260093380716 0
844 0.9021588834610621 0.8313380099187349 0
845 1 0.8140521288112451 0
846 1 0.7852618475737838 0
847 0.98510012076767 0.776414433455528 0
848 0.9775581486648515 0.7743935681212396 0
849 0.970016176562033 0.776414433455528 0
850 0.9321722631942376 0.789432091458635 0
851 0.8946103678222485 0.8031665660329541 0
852 0.8890844708529086 0.8086924630022939 0
853 0.8870618521834348 0.8162409786411076 0
854 0.8890844708529086 0.8237894942799212 0
855 0.8946103678222485 0.829315391249261 0
856 0.003744879402232781 0.8130486913996647 0
857 -1.517883041479706e-18 0.814052128811245 0
858 0.009147012472677352 0.8076465583292202 0
859 0.01112433041108418 0.8002671073203688 0
860 0.009147012472677352 0.7928876563115174 0
861 0.003744879402232781 0.7874855232410728 0
862 -1.301042606982605e-17 0.7852618475737836 0
863 0.9128037228332921 0.7839716746663467 0
864 0.892881495665579 0.7866202527999985 0
865 0.9909182333395731 0.7648589102255083 0
866 0.9974222728306978 0.7631161580963214 0
867 0.9999999999999999 0.7605384309270196 0
868 1 0.7431632315594985 0
869 0.9974222728306978 0.7405855043901962 0
870 0.9909182333395731 0.7388427522610093 0
871 0.9517250100690312 0.7449949052990146 0
872 0.892881495665579 0.755493898074166 0
873 0.8850999069841209 0.757578968477194 0
874 0.8794033887056906 0.7632754867556242 0
875 0.8773183183026627 0.7710570754370822 0
876 0.8794033887056907 0.7788386641185403 0
877 0.8850999069841209 0.7845351823969706 0
878 0.002183560192635658 0.7583548707343836 0
879 2.797241605012601e-17 0.7605384309270191 0
880 0.003926312321822722 0.7518508312432588 0
881 0.002183560192635658 0.745346791752134 0
882 -2.797241605012601e-17 0.7431632315594983 0
883 0.8270188215146873 0.7988871267286487 0
884 0.829293106458086 0.7903993797689961 0
885 0.8355065684743399 0.7841859177527422 0
886 0.8439943154339925 0.7819116328093435 0
887 0.8524820623936451 0.7841859177527422 0
888 0.858695524409899 0.7903993797689961 0
889 0.8609698093532977 0.7988871267286487 0
890 0.858695524409899 0.8073748736883013 0
891 0.8530128994282232 0.8153433223328325 0
892 0.8491030938263154 0.8192531279347401 0
893 0.8437622000502508 0.8206842161088971 0
894 0.8384213062741862 0.8192531279347403 0
895 0.8345115006722785 0.8153433223328325 0
896 0.829293106458086 0.8073748736883013 0
897 0.9202925264387297 0.6578556663161407 0
898 0.9181485813416608 0.6658569783470404 0
899 0.9083174824183886 0.6780926204421991 0
900 0.9055369004876282 0.6808732023729595 0
901 0.9017385549329057 0.6818909659969218 0
902 0.8979402093781831 0.6808732023729595 0
903 0.8951596274474227 0.6780926204421991 0
904 0.8904312234122 0.6658569783470404 0
905 0.8882872783151311 0.6578556663161407 0
906 0.8904312234122 0.649854354285241 0
907 0.8962885903460307 0.6439969873514103 0
908 0.9042899023769304 0.6418530422543414 0
909 0.9122912144078301 0.6439969873514103 0
910 0.9181485813416608 0.649854354285241 0
911 0.92859713759739 0.5820711207318786 0
912 0.9368971482638806 0.5798471395766228 0
913 0.9451971589303712 0.5820711207318786 0
914 0.9635684645096402 0.5880031774774114 0
915 0.9797960112919196 0.5963957084536829 0
916 0.9838710547050722 0.6004707518668356 0
917 0.9853626241158105 0.6060373646907267 0
918 0.9838710547050723 0.6116039775146177 0
919 0.9797960112919196 0.6156790209277703 0
920 0.9742293984680286 0.6171705903385086 0
921 0.9558986837431641 0.6166271889808146 0
922 0.9368971482638806 0.613047182242585 0
923 0.92859713759739 0.6108232010873292 0
924 0.9225211080861553 0.6047471715760945 0
925 0.9202971269308995 0.5964471609096039 0
926 0.9225211080861553 0.5881471502431134 0
927 0 0 0
928 0 1 0
929 1 0 0
930 1 1 0
931 0.2720305014466323 0.6061442644555619 0
932 0.2886067820265981 0.1048742189373951 0
933 0.3130784623790906 0.1274060951093351 0
934 0.322742410549518 0.1366977770475507 0
935 0.3027661689753773 0.1582696875146845 0
936 0.2871177372959932 0.1463154801874928 0
937 0.2566431949537643 0.12114899363614 0
938 0.5513554698325105 0.5299964077955073 0
939 0.5622631282272899 0.5404219019252812 0
940 0.5731707866220693 0.5508473960550552 0
941 0.5567634947420615 0.5692561988888035 0
942 0.3691385559863239 0.1962123085789403 0
943 0.3375154542324538 0.1803867910260861 0
944 0.3672218855600938 0.1542475649270159 0
945 0.1564238093118398 0.08492677891367746 0
946 0.1725739824347162 0.07313056940920229 0
947 0.1887241555575927 0.06133435990472708 0
948 0.2048743286804692 0.04953815040025186 0
949 0.2208767830825233 0.07720105218623757 0
950 0.57086368915612 0.5237298995745601 0
951 0.5519916281748541 0.5172477557028953 0
952 0.5481995991326931 0.4841649597128084 0
953 0.6052702052163721 0.5030894117954092 0
954 0.1878381645585912 0.4308289257654345 0
955 0.1684675079264425 0.4627866017345846 0
956 0.6869132764490535 0.8026171331395403 0
957 0.6409910200970733 0.6326315041804055 0
958 0.6171399502592204 0.6144222835596092 0
959 0.6360338260621839 0.6016434406970098 0
960 0.7300783683813346 0.3554612490361053 0
961 0.7496496092506273 0.3596893910088251 0
962 0.76922085011992 0.3639175329815449 0
963 0.7691258625666605 0.3968675012501105 0
964 0.7298619077265724 0.389760165401525 0
965 0.7102641813090368 0.3860342116319491 0
966 0 0.3516145229156163 0
967 1 0.3516145229156163 0
968 0.66188805314198 0.09978230050023161 0
969 0.7018449141596462 0.1021173172162938 0
970 0.721806694127163 0.1038677617329579 0
971 0.72179337369411 0.1275235842399716 0
972 0.7018182732935401 0.1273788870561031 0
973 0.6818431728929703 0.1272341898722346 0
974 0.6618680724924004 0.1270894926883661 0
975 0.1087130464549221 0.6103802052920704 0
976 0.1286191167045718 0.6095791660908436 0
977 0.1485292427299441 0.6366525441954877 0
978 0.1087294065456766 0.6409368178895091 0
979 0.5527641532637119 0.7897603271731307 0
980 0.5888162145388961 0.7724313948740871 0
981 0.6221344731345113 0.7903979560865493 0
982 0.5866316210203888 0.8086293328658212 0
983 0.5688629742303457 0.8176872006785199 0
984 0.262200990909457 0.2395876898398839 0
985 0.2427630373010959 0.2438091987869377 0
986 0.2233250836927347 0.2480307077339916 0
987 0.2038871300843735 0.2522522166810454 0
988 0.2163391614824253 0.2217747526763409 0
989 0.2620641674882034 0.2102869212548845 0
990 0 0.5336549301809979 0
991 1 0.5336549301809979 0
992 0 0.2283486284240159 0
993 1 0.2283486284240159 0
994 0.1723557889955877 0.9957480921843604 0
995 0.1852275015116734 0.9914961843687212 0
996 0.2390424778491543 1 0
997 0.2191528775067411 1 0
998 0.1992632771643278 1 0
999 0.1793736768219145 1 0
1000 0.1793736768219145 0 0
1001 0.1992632771643278 0 0
1002 0.2191528775067411 0 0
1003 0.2390424778491543 0 0
1004 0.1806494193331224 0.02868458848694173 0
1005 0.6775572590166052 0.9153732267975861 0
1006 0.7040930076808785 0.9443832615792614 0
1007 0.71687374026277 0.9593792335415402 0
1008 0.6831111445038806 0.9654330767995597 0
1009 0.6686628768225048 0.9520926012767634 0
1010 1 0.9740342970783284 0
1011 0 0.9740342970783284 0
1012 0.5346803569716885 0.9119446246799426 0
1013 0.5435897493974271 0.8965131043339939 0
1014 0.1617757968587398 0.8478137486412259 0
1015 0.1226101998727619 0.8544538790122418 0
1016 0.1029523108822031 0.8272123385805029 0
1017 0.1421753367195552 0.8189476935247981 0
1018 0.1617650590759883 0.8148297286748447 0
1019 0.9650581747399491 0.5031486411231266 0
1020 1 0.4911986669367666 0
1021 0.9452264424767411 0.4699182476995885 0
1022 0.9651017548542001 0.4723592020506648 0
1023 0 0.4911986669367666 0
1024 0.02234184642344974 0.4989055897701937 0
1025 0.9593516138854725 0.0987256516522752 0
1026 0.9592973275683089 0.1373056421887194 0
1027 0.9775241194069175 0.8182884094542042 0
1028 0.9586828104204536 0.8215508095703369 0
1029 0.9398415014339897 0.8248132096864695 0
1030 0.921000192447526 0.8280756098026022 0
1031 1 0.7996569881925143 0
1032 0.9510942198781354 0.7829232624570814 0
1033 0.913391315508243 0.7962993287457946 0
1034 0 0.7996569881925143 0
1035 0.9752953312383169 0.768681463113676 0
1036 0.9596724291370606 0.7725040160018437 0
1037 0.9440495270358045 0.7763265688900114 0
1038 0.9284266249345483 0.780149121778179 0
1039 0.9713216217043021 0.7419188287800119 0
1040 0.9124960004667297 0.7519942338157822 0
1041 0.9321105052678804 0.7484945695573983 0
1042 0 0.1972702193528756 0
1043 0 0.1775431974175881 0
1044 0 0.1578161754823005 0
1045 0 0.138089153547013 0
1046 0 0.1183621316117255 0
1047 0 0.09863510967643785 0
1048 0 0.07890808774115032 0
1049 0 0.05918106580586269 0
1050 0 0.03945404387057516 0
1051 0 0.01972702193528753 0
1052 0 0.3156522098469489 0
1053 0 0.2966641612751788 0
1054 0 0.2776761127034088 0
1055 0 0.2586880641316387 0
1056 0 0.4589044509472961 0
1057 0 0.4408413182403398 0
1058 0 0.4227781855333833 0
1059 0 0.4047150528264268 0
1060 0 0.3866519201194704 0
1061 0 0.7233882541981804 0
1062 0 0.7036132768368626 0
1063 0 0.6838382994755448 0
1064 0 0.6640633221142269 0
1065 0 0.644288344752909 0
1066 0 0.624513367391591 0
1067 0 0.6047383900302732 0
1068 0 0.5849634126689554 0
1069 0 0.5651884353076376 0
1070 0 0.7729001392504014 0
1071 0 0.9449324476532904 0
1072 0 0.926235259247284 0
1073 0 0.9075380708412775 0
1074 0 0.888840882435271 0
1075 0 0.8701436940292645 0
1076 0 0.851446505623258 0
1077 0 0.8327493172172515 0
1078 0.1395485669195636 1 0
1079 0.1196130573596259 1 0
1080 0.09967754779968829 1 0
1081 0.07974203823975057 1 0
1082 0.05980652867981284 1 0
1083 0.03987101911987523 1 0
1084 0.01993550955993761 1 0
1085 0.9613075463849843 1 0
1086 0.941797116712945 1 0
1087 0.9222866870409057 1 0
1088 0.9027762573688665 1 0
1089 0.8832658276968273 1 0
1090 0.8637553980247878 1 0
1091 0.8442449683527484 1 0
1092 0.8247345386807091 1 0
1093 0.8052241090086697 1 0
1094 0.7857136793366303 1 0
1095 0.7662032496645909 1 0
1096 0.7466928199925515 1 0
1097 0.7271823903205121 1 0
1098 0.7076719606484727 1 0
1099 0.6881615309764334 1 0
1100 0.668651101304394 1 0
1101 0.6491406716323546 1 0
1102 0.6296302419603151 1 0
1103 0.6101198122882758 1 0
1104 0.5906093826162364 1 0
1105 0.5710989529441971 1 0
1106 0.5515885232721578 1 0
1107 0.5320780936001185 1 0
1108 0.5125676639280792 1 0
1109 0.4930572342560398 1 0
1110 0.4735468045840006 1 0
1111 0.4540363749119611 1 0
1112 0.4345259452399217 1 0
1113 0.4150155155678824 1 0
1114 0.395505085895843 1 0
1115 0.3759946562238037 1 0
1116 0.3564842265517643 1 0
1117 0.3369737968797248 1 0
1118 0.3174633672076855 1 0
1119 0.2979529375356462 1 0
1120 0.2784425078636068 1 0
1121 1 0.8327493172172515 0
1122 1 0.851446505623258 0
1123 1 0.8701436940292645 0
1124 1 0.888840882435271 0
1125 1 0.9075380708412775 0
1126 1 0.926235259247284 0
1127 1 0.9449324476532904 0
1128 1 0.7729001392504014 0
1129 1 0.5651884353076376 0
1130 1 0.5849634126689554 0
1131 1 0.6047383900302732 0
1132 1 0.624513367391591 0
1133 1 0.644288344752909 0
1134 1 0.6640633221142269 0
1135 1 0.6838382994755448 0
1136 1 0.7036132768368626 0
1137 1 0.7233882541981804 0
1138 1 0.3866519201194704 0
1139 1 0.4047150528264268 0
1140 1 0.4227781855333833 0
1141 1 0.4408413182403398 0
1142 1 0.4589044509472961 0
1143 1 0.2586880641316387 0
1144 1 0.2776761127034088 0
1145 1 0.2966641612751788 0
1146 1 0.3156522098469489 0
1147 1 0.01972702193528753 0
1148 1 0.03945404387057516 0
1149 1 0.05918106580586269 0
1150 1 0.07890808774115032 0
1151 1 0.09863510967643785 0
1152 1 0.1183621316117255 0
1153 1 0.138089153547013 0
1154 1 0.1578161754823005 0
1155 1 0.1775431974175881 0
1156 1 0.1972702193528756 0
1157 0.2784425078636069 0 0
1158 0.2979529375356462 0 0
1159 0.3174633672076855 0 0
1160 0.3369737968797249 0 0
1161 0.3564842265517643 0 0
1162 0.3759946562238036 0 0
1163 0.395505085895843 0 0
1164 0.4150155155678824 0 0
1165 0.4345259452399217 0 0
1166 0.4540363749119611 0 0
1167 0.4735468045840005 0 0
1168 0.4930572342560398 0 0
1169 0.5125676639280792 0 0
1170 0.5320780936001185 0 0
1171 0.5515885232721578 0 0
1172 0.5710989529441971 0 0
1173 0.5906093826162364 0 0
1174 0.6101198122882758 0 0
1175 0.6296302419603151 0 0
1176 0.6491406716323546 0 0
1177 0.668651101304394 0 0
1178 0.6881615309764334 0 0
1179 0.7076719606484727 0 0
1180 0.7271823903205121 0 0
1181 0.7466928199925515 0 0
1182 0.7662032496645909 0 0
1183 0.7857136793366303 0 0
1184 0.8052241090086697 0 0
1185 0.8247345386807091 0 0
1186 0.8442449683527484 0 0
1187 0.8637553980247878 0 0
1188 0.8832658276968273 0 0
1189 0.9027762573688665 0 0
1190 0.9222866870409057 0 0
1191 0.941797116712945 0 0
1192 0.9613075463849843 0 0
1193 0.01993550955993761 0 0
1194 0.03987101911987522 0 0
1195 0.05980652867981289 0 0
1196 0.07974203823975057 0 0
1197 0.09967754779968824 0 0
1198 0.1196130573596259 0 0
1199 0.1395485669195636 0 0
1200 0.3190354860050604 0.6114291855444052 0
1201 0.2533190487342867 0.5771030435609907 0
1202 0.2462266701434156 0.5692731827361588 0
1203 0.2728108719707871 0.5892285019157495 0
1204 0.307178213753919 0.6059709074659116 0
1205 0.2901631155829467 0.6002787179721162 0
1206 0.3123901473108278 0.6207303073047953 0
1207 0.26142791959876 0.5846198529866963 0
1208 0.2994659222486482 0.6154994099719402 0
1209 0.2300199125310314 0.6392429888731462 0
1210 0.2035399799524013 0.6344210808896442 0
1211 0.2181976572895915 0.6310556020118575 0
1212 0.2180622447776827 0.6404769714174753 0
1213 0.2077391511358141 0.6238368813709334 0
1214 0.310502337101527 0.2619409594284787 0
1215 0.3268966449841136 0.2756057756270252 0
1216 0.332346004565969 0.2626107397254965 0
1217 0.3415789396594511 0.2756279328467234 0
1218 0.309731047107014 0.2474012888034833 0
1219 0.3218794989702252 0.2518377122436766 0
1220 0.3371234880358293 0.2820938569745219 0
1221 0.2525258484245041 0.5454536553475198 0
1222 0.2791710980989642 0.5347202032987147 0
1223 0.2658803322284107 0.5436319060793094 0
1224 0.2683495021607007 0.5328970859887231 0
1225 0.2559842531018195 0.5347461546301183 0
1226 0.3303920700820246 0.1555683755520033 0
1227 0.2458665969857333 0.08617442081725216 0
1228 0.2585094575814246 0.1045675083531345 0
1229 0.300236090290498 0.131436612709542 0
1230 0.2733218514578861 0.1139289216232607 0
1231 0.3091516145809511 0.1435576997368386 0
1232 0.3269148306882761 0.1650048270836016 0
1233 0.2873610468160414 0.1248384865815185 0
1234 0.2459250901183184 0.09757195153968197 0
1235 0.3171228839343342 0.1565863841610124 0
1236 0.2565793764653105 0.09169501677232053 0
1237 0.3222252051549561 0.1472410072343734 0
1238 0.04720941559986641 0.2554231664409948 0
1239 0.08447625728931789 0.2553726998143078 0
1240 0.07129234006050855 0.2538952342573833 0
1241 0.06598631398726848 0.2646583127278685 0
1242 0.07578644755085231 0.263306245085389 0
1243 0.04110978726918589 0.2649527042301031 0
1244 0.05388825254791444 0.2645553013111495 0
1245 0.05969199183976951 0.2528611716306222 0
1246 0.2500264492308972 0.6159006048722818 0
1247 0.3114133705009157 0.6698407087460744 0
1248 0.2742624775571649 0.6412867495997283 0
1249 0.2625461024650079 0.6224452171480386 0
1250 0.2939990586751686 0.6476304039231139 0
1251 0.3034637342959076 0.6614798847962192 0
1252 0.2863398826895595 0.6353616556888821 0
1253 0.2630986326726362 0.6340500915747279 0
1254 0.2548180119338099 0.6266771899696982 0
1255 0.2765490515969267 0.6288605362137737 0
1256 0.5820262449822039 0.5719305253189862 0
1257 0.5264947429548701 0.5276267215103343 0
1258 0.5704089002503399 0.5652232482107759 0
1259 0.5398137262212064 0.543494464907763 0
1260 0.5570207438863349 0.5547865012525952 0
1261 0.536429777203316 0.5293236584833344 0
1262 0.5269656275236864 0.5371709446124461 0
1263 0.779537376426975 0.1496117555117182 0
1264 0.7523698912564977 0.1429628610925158 0
1265 0.7600666840232335 0.1542126827490109 0
1266 0.7844258658254234 0.1678997490470369 0
1267 0.7740275075673348 0.1592846237461291 0
1268 0.7888773827854592 0.1582823973148136 0
1269 0.7684565895452979 0.1464401100565677 0
1270 0.3477349335223943 0.5950978754071338 0
1271 0.3084883367835631 0.5664210197675462 0
1272 0.3346093468450634 0.5871249496627289 0
1273 0.319187965474711 0.5715406804538128 0
1274 0.3480024487198352 0.5838378699542437 0
1275 0.3136048816452925 0.5760379503923738 0
1276 0.3230355894248021 0.5820199727232747 0
1277 0.3094376003485542 0.2190638620639766 0
1278 0.3980745016408507 0.1568116923637596 0
1279 0.3840666531068787 0.1655002210474686 0
1280 0.3223346086278145 0.2111696332406351 0
1281 0.3669131450869121 0.177907106955142 0
1282 0.3530653546220496 0.1885471402746057 0
1283 0.3387901347151073 0.2012438170790082 0
1284 0.3889343197378823 0.1499479143753127 0
1285 0.3165320597868754 0.2246988550059269 0
1286 0.2362599761345044 0.05120474428566927 0
1287 0.1408522526852474 0.1107403167100605 0
1288 0.1556177877266324 0.1022106428106825 0
1289 0.2218757895794428 0.0595993311879587 0
1290 0.1735348346663282 0.09139976470371214 0
1291 0.1889461727309474 0.08087347681058064 0
1292 0.2050088623535232 0.06884541364421069 0
1293 0.1497701346859726 0.1162859946374467 0
1294 0.2273850431383564 0.04565456203774395 0
1295 0.5200742533036055 0.4835439133278668 0
1296 0.6192898330927717 0.5295027754197041 0
1297 0.6047367650453657 0.5220260473504728 0
1298 0.5331111880271014 0.4920621163886517 0
1299 0.5687042553757996 0.5069236240968494 0
1300 0.5876116775698981 0.513729457397094 0
1301 0.5506728171522471 0.5006401972651219 0
1302 0.5184098453601804 0.4943796856951875 0
1303 0.6205793135110307 0.5190659387438517 0
1304 0.7036108641094905 0.09238558538509227 0
1305 0.7284119470781029 0.08802804539441796 0
1306 0.7144178327677934 0.09050670693255272 0
1307 0.6940237834656336 0.2315571171548739 0
1308 0.6679894379121462 0.237171505221529 0
1309 0.6837429668625375 0.2397379546769361 0
1310 0.680174075086006 0.2288596696393679 0
1311 0.6963096577986747 0.2416026066208549 0
1312 0.6688374433074487 0.2256590623430692 0
1313 0.4164214325290845 0.2669906202673643 0
1314 0.4393658365308856 0.2856656015425766 0
1315 0.4303750760981311 0.2706376392187795 0
1316 0.4265350486750041 0.2796861175972375 0
1317 0.439700616215647 0.275908162379596 0
1318 0.1232435762253802 0.4453186876722571 0
1319 0.2094229466849165 0.4450931627505856 0
1320 0.2276657141941333 0.4442469275826048 0
1321 0.1400252715741795 0.4443441564414256 0
1322 0.1778337071830648 0.4467662987134717 0
1323 0.1560725198094575 0.4479947204942791 0
1324 0.1962303157443019 0.4458069585149675 0
1325 0.1283597699794756 0.4553968019609884 0
1326 0.218957302974526 0.4462473667625958 0
1327 0.1407050416250529 0.4553602291666627 0
1328 0.7563631461424792 0.8056337622022757 0
1329 0.6711641624096207 0.7797915280745543 0
1330 0.7090743139162022 0.7878348861807462 0
1331 0.7244354065536125 0.7970458289713975 0
1332 0.6846185147646024 0.7779531614985429 0
1333 0.6959526225233741 0.7820785894391432 0
1334 0.7433592887501491 0.8015595640338594 0
1335 0.7101962999698457 0.8001088715611403 0
1336 0.6807134960683494 0.7907211107362319 0
1337 0.6988679570489852 0.7965365231380128 0
1338 0.8548978449594419 0.4654423586174385 0
1339 0.8684399533365676 0.4776294249021806 0
1340 0.8790927375173644 0.4849823348190945 0
1341 0.8591764665905843 0.4451118432691569 0
1342 0.8655045756997201 0.4582221049292052 0
1343 0.8499974424852437 0.4521339227801895 0
1344 0.6682523246617239 0.6365541780301778 0
1345 0.6110483285956049 0.5992954669029433 0
1346 0.6192971045376274 0.6050266496539816 0
1347 0.6576281221433787 0.6256775294673782 0
1348 0.6396139465593067 0.6169612605361576 0
1349 0.6273232493144574 0.6118967403621641 0
1350 0.6687342384591617 0.6271712456233695 0
1351 0.794667385893304 0.3900725740457837 0
1352 0.6834032648146194 0.3614851984513818 0
1353 0.7038035910588306 0.3703874648107395 0
1354 0.7762602117851795 0.3787434978001987 0
1355 0.7229777267906344 0.3725665780718678 0
1356 0.7402157742885412 0.375091245146668 0
1357 0.7920525482209061 0.3797748553753472 0
1358 0.759194840501035 0.3791627668775436 0
1359 0.6892542478037772 0.3711119688702881 0
1360 0.695526937216154 0.3605477252757852 0
1361 0.7802933726320618 0.3907973024936247 0
1362 0.0173891619103712 0.3398135168125571 0
1363 0.005788366635707664 0.3386296851349483 0
1364 0.01114419370581624 0.3586179038771462 0
1365 0.02809422139539672 0.3423578213872082 0
1366 0.01862998523865628 0.3502223133070382 0
1367 0.9725642247235015 0.3601403521353546 0
1368 0.9851723127002702 0.3539451214731024 0
1369 0.9956973180358167 0.3431273906671677 0
1370 0.9909058247638294 0.3626206147167368 0
1371 0.7456731978658633 0.116643243836731 0
1372 0.6367331013322184 0.1102371724024498 0
1373 0.7309605927896511 0.1161931448483187 0
1374 0.6516068702861224 0.1138808188234395 0
1375 0.6717305905960603 0.1137206355444451 0
1376 0.6913978687867848 0.1141343447589162 0
1377 0.7116036194751492 0.1152025066420936 0
1378 0.6405323084780801 0.1181493276411931 0
1379 0.370467610539943 0.7133253779380169 0
1380 0.3851837580594138 0.7012370641350447 0
1381 0.3698414781509843 0.6999978913454484 0
1382 0.3820820184048702 0.7134756926574681 0
1383 0.3631945955471199 0.7075574139847368 0
1384 0.1723308252276715 0.6173386475176093 0
1385 0.06226287376890297 0.6249761831100566 0
1386 0.07891915287013627 0.6254116537987908 0
1387 0.1593030874088211 0.6223030555742532 0
1388 0.0985639759026614 0.6260458726734331 0
1389 0.1183596142699735 0.6250776330693673 0
1390 0.1386646808256021 0.6235921179236631 0
1391 0.06728822491271269 0.6342295032640374 0
1392 0.172042756676367 0.6258963982337736 0
1393 0.476951942018854 0.0932655186715439 0
1394 0.4095803160438821 0.04257805194303163 0
1395 0.4224010387195165 0.06169225763882726 0
1396 0.4632064309114877 0.08259469135938723 0
1397 0.4138779019970494 0.05365485431412874 0
1398 0.4472559438251563 0.07284534832018644 0
1399 0.4318052877046339 0.06959755304186148 0
1400 0.4227068560638276 0.04835835980007193 0
1401 0.436979598737826 0.05800831729288643 0
1402 0.4714340571430106 0.1009835531785034 0
1403 0.4604154538725098 0.09401482539055472 0
1404 0.6338277649535752 0.7619373400739475 0
1405 0.5355761643354191 0.810231628354778 0
1406 0.5526592049632575 0.8124548001078241 0
1407 0.6244588736297348 0.7723235239936694 0
1408 0.5664166029231419 0.8000928766527436 0
1409 0.540973588549843 0.820979971083351 0
1410 0.5863192546677842 0.7904455905900355 0
1411 0.6055013944288447 0.7814985846274638 0
1412 0.6392490117952585 0.7702941566699582 0
1413 0.5474770289731893 0.8012046107063122 0
1414 0.5492673105287453 0.2840760448818509 0
1415 0.5890028634818587 0.3081531135218435 0
1416 0.5691681817978588 0.3109170553537382 0
1417 0.550009841164534 0.2953779098903856 0
1418 0.5751663606406457 0.3014778388147126 0
1419 0.5618244492518119 0.2905342264629382 0
1420 0.5794690490656128 0.3143028096691932 0
1421 0.5608187777251152 0.3032972038799652 0
1422 0.5145150456235414 0.442159538967257 0
1423 0.4963995053247418 0.4217447896795953 0
1424 0.5022568239349069 0.4339960922802305 0
1425 0.4890375131869701 0.4309263843288215 0
1426 0.512075754692173 0.4329760099899663 0
1427 0.1788804834430339 0.2458688482489566 0
1428 0.2870104698443053 0.2260624261132114 0
1429 0.2408753854291815 0.2253859777208037 0
1430 0.2718823866680697 0.2254744569530655 0
1431 0.1921620908913092 0.2427571204093421 0
1432 0.2831764125157928 0.2156950459899085 0
1433 0.2102320718196107 0.2366490426249556 0
1434 0.2282159586937162 0.2300599799628034 0
1435 0.2543656911894632 0.2268405873713284 0
1436 0.03218366439168956 0.5283244810890495 0
1437 0.007637387816905154 0.5395341940636589 0
1438 0.006149702938193415 0.5253072028761829 0
1439 0.01846025456093132 0.5271199488716556 0
1440 0.02529423531855028 0.5373859880627884 0
1441 0.6997877395112485 0.4698917546456026 0
1442 0.6743557367512028 0.4821614091278892 0
1443 0.6848553034458595 0.4742149342481464 0
1444 0.6729649071499679 0.4706233286210311 0
1445 0.6901530291345299 0.4656516741434317 0
1446 0.6936094281390505 0.4785511308395329 0
1447 0.02312074678690061 0.223584410189892 0
1448 0.01470999878220856 0.236134912993448 0
1449 0.01055422568839626 0.2214755194149102 0
1450 0.7125597496719408 0.5018273610701097 0
1451 0.6992502283943542 0.5137582472670595 0
1452 0.7113539297725854 0.5120128514415582 0
1453 0.6906398977891428 0.5163279795570779 0
1454 0.7041583528817618 0.5024351856175187 0
1455 0.2092249209183484 0.9912339049244046 0
1456 0.248244985408531 0.9860303998079211 0
1457 0.2191600804549331 0.9883851187638226 0
1458 0.236568958350898 0.9861195202952796 0
1459 0.1904909173814187 0.9946851152304508 0
1460 0.2550541182690337 0.9941472240315431 0
1461 0.1485020133311689 0.01569560078752462 0
1462 0.21059033333916 0.0102183556470483 0
1463 0.1674922165144725 0.01891202735185354 0
1464 0.2275503841778896 0.007110055589037698 0
1465 0.1522201690771958 0.02787021274830244 0
1466 0.186486777907342 0.01407025904094912 0
1467 0.3321205132209051 0.7152418687732818 0
1468 0.3372365193687408 0.6957033099320317 0
1469 0.3185838711347159 0.7119533414124356 0
1470 0.3411271406367097 0.7055790108133192 0
1471 0.328945016518951 0.7028227694790045 0
1472 0.3252598328514956 0.7215386799902765 0
1473 0.722626898231109 0.9852029768608058 0
1474 0.6518847123664261 0.9042269271049088 0
1475 0.6615773501665431 0.9173003404054924 0
1476 0.6711458394139546 0.9325695936846247 0
1477 0.6496017071303135 0.9181637410401772 0
1478 0.686208328090157 0.9471500263685743 0
1479 0.6999234626697968 0.9621053681757041 0
1480 0.6405316185677437 0.9078415319965247 0
1481 0.7127435432219 0.9758997526256417 0
1482 0.6586307626098404 0.9282784273156437 0
1483 0.3343300123582542 0.3409646897514659 0
1484 0.3080895233631145 0.3289493095041423 0
1485 0.3230447707200642 0.33330567306127 0
1486 0.3347865319669239 0.3298678097054923 0
1487 0.3212838898596983 0.3241165536935611 0
1488 0.3147181091866588 0.3379969223637655 0
1489 0.4364790710053963 0.1228165222663544 0
1490 0.4156372112719811 0.1103529998047011 0
1491 0.41875148988311 0.1263396332786759 0
1492 0.4263435270915774 0.1128087980363846 0
1493 0.4148694792523543 0.1183097067873318 0
1494 0.4295647704157562 0.1277833659702524 0
1495 0.7967909453169487 0.7246083742118955 0
1496 0.8495399849144306 0.7598944740534537 0
1497 0.8167811147988975 0.7386260319238963 0
1498 0.8374023170194882 0.743931697294603 0
1499 0.8565023318451818 0.7637277057770031 0
1500 0.7954756504490498 0.7086541628106366 0
1501 0.8061351159078339 0.7314062090561764 0
1502 0.8293500231581483 0.7360358306875741 0
1503 0.8052247063337059 0.7173493236474003 0
1504 0.8182452388964629 0.7269237552810136 0
1505 0.8282346216171272 0.7500369592782887 0
1506 0.8382791181232564 0.7559995926228162 0
1507 0.7916874614162179 0.7168319552422422 0
1508 0.2397086423966818 0.7288745579227947 0
1509 0.268229326922718 0.7229386252804924 0
1510 0.2567654201892209 0.7230693232920238 0
1511 0.2467212548818836 0.7391391247479285 0
1512 0.2324036213723073 0.7434024243396139 0
1513 0.2256927170725301 0.7330440089021137 0
1514 0.2541310666742466 0.7337854817810011 0
1515 0.06138878071989338 0.1374064857226079 0
1516 0.04652708714865599 0.1259362556103773 0
1517 0.0665553080337405 0.1261289280929923 0
1518 0.07194328089534087 0.1354206266066815 0
1519 0.04810153892674651 0.1358334506541418 0
1520 0.05629919918872694 0.12667912324204 0
1521 0.9840713265712761 0.9958109823860339 0
1522 0.9947902011542561 0.9644235553913053 0
1523 0.9855875480037537 0.9524216098364044 0
1524 0.9929197992546688 0.9793765296016624 0
1525 0.9781061655034098 0.9811163032073366 0
1526 0.9833673882446367 0.9630031031243231 0
1527 0.5740359442366175 0.8817238598859328 0
1528 0.566003785926295 0.8628617428318973 0
1529 0.5879807818910765 0.8778636783228088 0
1530 0.5647622479057453 0.874306699843004 0
1531 0.5765773891437079 0.8698759030898966 0
1532 0.5829444150144349 0.8882077545038525 0
1533 0.5284895625343911 0.8983950706229017 0
1534 0.5869161816241599 0.9315448870060079 0
1535 0.5357529933230443 0.9023500156965134 0
1536 0.5568748639018768 0.9140775955092314 0
1537 0.5736474701989985 0.9227249257286999 0
1538 0.54439798740613 0.9071707184223723 0
1539 0.5877914419435557 0.9214073658216392 0
1540 0.7540915884448813 0.9416539548181149 0
1541 0.744563097364456 0.9534012674577261 0
1542 0.7515788680039255 0.9271942321453672 0
1543 0.731957440798218 0.9599524142700868 0
1544 0.7426936681412452 0.9395186669585068 0
1545 0.7615173225160604 0.9321954447853935 0
1546 0.7352383139930623 0.9488198074922372 0
1547 0.1874964510012501 0.8213494475614025 0
1548 0.07800490711103156 0.8405633104854885 0
1549 0.169263862441501 0.8333251860225647 0
1550 0.09372914134551641 0.8415280631684665 0
1551 0.1850221554085853 0.8321814842801855 0
1552 0.1500477768035849 0.8347917690487536 0
1553 0.132173916565328 0.8371637681670197 0
1554 0.1134277593478862 0.8403665821946922 0
1555 0.08195468303613201 0.8510718046005356 0
1556 0.1732752725081522 0.8209309116768972 0
1557 0.989817224272051 0.4833787672076903 0
1558 0.9188027639171076 0.4792303526804315 0
1559 0.9871792865148499 0.4980535486975629 0
1560 0.9371670296332482 0.4871015202282043 0
1561 0.9746595956622707 0.4865195052201557 0
1562 0.9553920466024414 0.4867458410138596 0
1563 0.9238314250928573 0.4886440535280617 0
1564 0.9313315816762631 0.4775831811438596 0
1565 0.0258109978107668 0.4745234980067724 0
1566 0.0140858719185092 0.4848717776017598 0
1567 0.008155355261133118 0.4994486441117434 0
1568 0.02975155544852175 0.4848184627099458 0
1569 0.903189538314469 0.1696399593341407 0
1570 0.9863264770339628 0.09480745366838472 0
1571 0.9705696139773787 0.1142109684151357 0
1572 0.9127737572818986 0.150086794105847 0
1573 0.9772913310733801 0.1032035871951789 0
1574 0.899880400366888 0.1589612184781297 0
1575 0.9293287670368011 0.1401745536561206 0
1576 0.9443600989976554 0.1289354440564028 0
1577 0.9584426516918111 0.1187791108312329 0
1578 0.9129693499681781 0.1633607164485631 0
1579 0.8974647173409304 0.8212490401046939 0
1580 0.9787562553217956 0.7846380087213261 0
1581 0.9662711936337443 0.8080953427478499 0
1582 0.9826247139320622 0.8020297622508651 0
1583 0.9244826703408747 0.8113367091407938 0
1584 0.9480615828323864 0.803929220305898 0
1585 0.9068409547467825 0.811183126425181 0
1586 0.9650348577117099 0.791216325197282 0
1587 0.9893502762027998 0.7910006373503197 0
1588 0.8938158468206481 0.8125076473164617 0
1589 0.9103810829101815 0.8222133820125721 0
1590 0.8871849773871486 0.765360557158652 0
1591 0.9924763179759536 0.7518508312432589 0
1592 0.9018562206333175 0.7668673941833147 0
1593 0.964548528253353 0.7576709089236017 0
1594 0.9329276480767136 0.76470801523357 0
1595 0.9475056079733072 0.76078316398424 0
1596 0.8894138850844066 0.7761981577499228 0
1597 0.9809130443085119 0.7539706157578443 0
1598 0.9159214304499355 0.7712605209373723 0
1599 0.9025753509333061 0.776983600067391 0
1600 0.8373394881231501 0.8061161598831478 0
1601 0.8510657387321197 0.7929137203439838 0
1602 0.8495662771019364 0.8050708483896117 0
1603 0.8391120451197588 0.7942121122394963 0
1604 0.8436738236394772 0.8144377321309717 0
1605 0.9092850500544681 0.6613366089708922 0
1606 0.9009955813314495 0.6782418480348523 0
1607 0.8967480619391553 0.6568243200888446 0
1608 0.9061752334110126 0.6496437167170233 0
1609 0.8995230391798481 0.6698110584590725 0
1610 0.9357285961993052 0.5901325434761335 0
1611 0.9789030175870901 0.607584719019796 0
1612 0.9468287663793689 0.6035754733755931 0
1613 0.9318116472428333 0.6031287887778899 0
1614 0.9649371774349973 0.6043376844811145 0
1615 0.9517455075663938 0.5926389279991895 0
1616 0.5175156133217421 0.8971822179867539 0
1617 0.4422561904422267 0.1357479977536971 0
1618 0.2868882796837122 0.5217932961418489 0
1619 0.2057052472234144 0.8340158047742495 0
1620 0.7230220024826084 0.524443692023099 0
1621 0.3321587676019508 0.7362642687265223 0
1622 0.3867322465303651 0.7329868008266839 0
1623 0.4895537063170869 0.108356743057889 0
1624 0.9005406930553375 0.1876654510563143 0
1625 0.7902218534946238 0.6954135894024333 0
1626 0.6263199141890984 0.1286787120875175 0
1627 0.7774442957668304 0.927912232226368 0
1628 0.8623757535723979 0.4924197555145257 0
1629 0.5008267538964556 0.4964764415294936 0
1630 0.7956643642649071 0.3604229706320171 0
1631 0.96079045635129 0.361577275381352 0
1632 0.7134037876861811 0.2418638978340697 0
1633 0.3974559822686602 0.6912794224318619 0
1634 0.04203886174299382 0.3473209484061017 0
1635 0.6065960253985621 0.6120592956446279 0
1636 0.5126380274151766 0.5523645673959754 0
1637 0.3247231679342685 0.3568117948412322 0
1638 0.4741253063244476 0.4230657974110313 0
1639 0.2916048291545902 0.3353808869011273 0
1640 0.0956729435322311 0.275257791966083 0
1641 0.6203491275180414 0.1060920527314708 0
1642 0.5188104401305008 0.8192530575410449 0
1643 0.8308149885490734 0.8224816881297714 0
1644 0.7783306350454243 0.7106330305504422 0
1645 0.4042537576166727 0.7123964193782918 0
1646 0.4515491842623371 0.2607104277577119 0
1647 0.8632270680999976 0.4274108348629765 0
1648 0.9645830288532989 0.3485497021411563 0
1649 0.5874575038237245 0.3313409271004565 0
1650 0.8489354751915441 0.8272770556932014 0
1651 0.2361087380455067 0.4344089691414715 0
1652 0.4418394395190314 0.3036083092243604 0
1653 0.1429711823784338 0.1363470101527357 0
1654 0.6621267814812981 0.456398754435556 0
1655 0.7424848876861452 0.08503364439696215 0
1656 0.1712093454371604 0.6008779796304791 0
1657 0.4065254923359916 0.1073678384217704 0
1658 0.6481911244351344 0.2275999362523433 0
1659 0.8390875224662326 0.474493257047694 0
1660 0.2186787770211699 0.9724053012328537 0
1661 0.1234407369800253 0.4746816484754215 0
1662 0.8006258425504125 0.139766535570722 0
1663 0.7897360538577098 0.182925350194711 0
1664 0.6869502740430055 0.6251167444826882 0
1665 0.5437611490223541 0.2669029049350229 0
1666 0.9188173945817288 0.5786560536845871 0
1667 0.09647348259221644 0.2394466562256794 0
1668 0.6705144847599974 0.6535296760413627 0
1669 0.8871196645695261 0.640589353148714 0
1670 0.3681883024623221 0.5945620853482732 0
1671 0.7579529677820642 0.9092155040887394 0
1672 0.5025176153226837 0.4061177891798031 0
1673 0.8982674466314715 0.8408123720450345 0
1674 0.5284624989699833 0.8884027287608419 0
1675 0.07988056192700538 0.6564745126458628 0
1676 0.019904477196724 0.7922410136462379 0
1677 0.2510004496401333 0.9653995113105711 0
1678 0.3617791326882241 0.5710514804913426 0
1679 0.5596744856898859 0.5862235935315239 0
1680 0.3673077554360432 0.983160259076876 0
1681 0.2546153172267034 0.754285553300158 0
1682 0.1985765859114044 0.4189627169343826 0
1683 0.5304738051742633 0.4342417900714751 0
1684 0.2671109106410368 0.5181360753591653 0
1685 0.3925173079379601 0.05164409885263321 0
1686 0.348748467025311 0.3512593106902193 0
1687 0.2093565420747491 0.7426626197334885 0
1688 0.9844377628895249 0.2344737576724756 0
1689 0.9789642628562113 0.9475915246412789 0
1690 0.8980232174639063 0.6883545226332226 0
1691 0.5301629238280572 0.2963141003844481 0
1692 0.1054304869357843 0.4430030978382996 0
1693 0.4944447181643117 0.08746751623238141 0
1694 0.6654974781739635 0.2597571995373666 0
1695 0.4248134772102178 0.2501946189864917 0
1696 0.5229422810646991 0.9069972308293237 0
1697 0.1675733133209374 0.2493122002060296 0
1698 0.1555420735421128 0.4155733436596652 0
1699 0.371830987438648 0.6809595797543351 0
1700 0.5363545883405001 0.7822053582227989 0
1701 0.805930735537162 0.1646709288645253 0
1702 0.06930301506369652 0.1561936096761248 0
1703 0.6126672011894486 0.7468013161621584 0
1704 0.672284410910057 0.3473059359117368 0
1705 0.6968123627580022 0.2135673305320295 0
1706 0.1297961980176891 0.09287744337360304 0
1707 0.6673827973692996 0.8887527756565129 0
1708 0.8114935474171979 0.3763310873556845 0
1709 0.298029569571321 0.316940504113824 0
1710 0.2141884793483232 0.7172297853305587 0
1711 0.4063526430737754 0.2850153310862132 0
1712 0.04936749162501586 0.5380052431163339 0
1713 0.8838592468846149 0.6756126156106012 0
1714 0.0353422872852891 0.3320046017995448 0
1715 0.7303274787774041 0.5015172445097652 0
1716 0.186831443620554 0.8521449925921245 0
1717 0.07618608888823797 0.8686000625037253 0
1718 0.1866445740160702 0.9773875331254894 0
1719 0.7175069889388832 0.4660522741989281 0
1720 0.2332957474964358 0.5739472030038246 0
1721 0.2361983983743942 0.5353328991101574 0
1722 0.5982562139308139 0.2905870477220112 0
1723 0.6425457183193126 0.8858612967345919 0
1724 0.6640862604807529 0.3717120781905521 0
1725 0.1714391558064394 0.2299698709448746 0
1726 0.8872627037103279 0.143147584870726 0
1727 0.1969101037730319 0.2669882923713903 0
1728 0.4792980183461233 0.4477791203565096 0
1729 0.05705389220477497 0.1082033543586749 0
1730 0.4252920680217919 0.9837695686211254 0
1731 0.0273786929863849 0.364370297225461 0
1732 0.7591483103638865 0.113792067437802 0
1733 0.1232594612880362 0.4246487549810856 0
1734 0.9193876708056203 0.4589807952509098 0
1735 0.4151417473812794 0.1629816840812803 0
1736 0.7011161879392642 0.7594238684290726 0
1737 0.2243326504108788 0.4609424521445639 0
1738 0.6389696052621092 0.7484641625382487 0
1739 0.03092891660936931 0.5557057279410396 0
1740 0.3995371633248463 0.2633379034474842 0
1741 0.7707721857742248 0.8097404578105518 0
1742 0.5477575414516157 0.3187679212700588 0
1743 0.2325339720715138 0.6586086107497016 0
1744 0.7012832886476313 0.5326818063907017 0
1745 0.1996360512838864 0.8094429796981275 0
1746 0.8293186295524717 0.4470651950094582 0
1747 0.04564689627248247 0.1547253032385926 0
1748 0.3510324498266298 0.2901164223287518 0
1749 0.274906759665276 0.7345310973541878 0
1750 0.1278582204244683 0.8064531949551599 0
1751 0.6402029846019563 0.5287161077333375 0
1752 0.3493866971102743 0.6144974554095496 0
1753 0.8182391838138702 0.7915360741671728 0
1754 0.6859434694586388 0.3911892516905736 0
1755 0.6981250462171305 0.2584606335965395 0
1756 0.8760645156757421 0.981782237942406 0
1757 0.6970753832986608 0.08252026740648183 0
1758 0.636498825082957 0.09294003120205319 0
1759 0.7576813122112804 0.8255986553636505 0
1760 0.7659263566205274 0.7885282893960918 0
1761 0.9479820486134667 0.3533249068287772 0
1762 0.07782022594205829 0.8218678148633103 0
1763 0.04702997876782411 0.4887125085052673 0
1764 0.6254294839424875 0.6378041754312247 0
1765 0.2362050725892986 0.2037862584843591 0
1766 0.9109029537886992 0.4984276149968211 0
1767 0.5468363112682278 0.8638181626546594 0
1768 0.3355606449149584 0.1308625019322944 0
1769 0.8344897535167288 0.01689652773473571 0
1770 0.3411135686975681 0.6799425547778533 0
1771 0.5730743704756541 0.270953688632126 0
1772 0.9843568682038462 0.4137466191799051 0
1773 0.9134790444617015 0.6827445341334137 0
1774 0.3289332550866987 0.5519296921316137 0
1775 0.9597008028828831 0.9637984326506737 0
1776 0.5958330244445279 0.5627284707599836 0
1777 0.7647046064445819 0.345385179097081 0
1778 0.04067383423200277 0.4656208296047011 0
1779 0.650815734510097 0.1405706184444425 0
1780 0.7072224361805679 0.8207980783333176 0
1781 0.1292620375931383 0.9848112484436833 0
1782 0.01029362455700278 0.9620244081729132 0
1783 0.4578292594009364 0.286075901064892 0
1784 0.5601576439013704 0.01806597924860553 0
1785 0.3276766114400247 0.6313927172526084 0
1786 0.6060871025405725 0.3123757379623681 0
1787 0.5984818012920792 0.596388162557235 0
1788 0.5055272724356547 0.905110390543362 0
1789 0.1607075004697496 0.4802502181623989 0
1790 0.300651629407777 0.7070169187501614 0
1791 0.5826205934852831 0.4769321892192627 0
1792 0.07191501698551522 0.2838002588483762 0
1793 0.1898784224985103 0.6494188194852837 0
1794 0.9092573720657986 0.1166011652084344 0
1795 0.2413253349006293 0.607014146123117 0
1796 0.8804163855225091 0.1675836434441745 0
1797 0.07145992391398759 0.2343015680745029 0
1798 0.5964206279213735 0.8617288212136154 0
1799 0.08894437160129076 0.126435701653567 0
1800 0.1410103102377542 0.6532659888463053 0
1801 0.720766723097035 0.071218015346043 0
1802 0.9839851431686599 0.8980182671421831 0
1803 0.9831793030429753 0.2870456891224188 0
1804 0.1179941456225843 0.5933178290531599 0
1805 0.2067866826018346 0.2075444463928868 0
1806 0.7345921532633338 0.9146139017565729 0
1807 0.3540003254127952 0.3279453282753294 0
1808 0.1557814445077405 0.8664868201782161 0
1809 0.2924794112831468 0.5394799305302577 0
1810 0.9282094317373139 0.6645240902228521 0
1811 0.08970979301971932 0.01726465771629354 0
1812 0.3056131791753941 0.1007549186056048 0
1813 0.7780997687795592 0.412724038425174 0
1814 0.6221471850998493 0.5470183729692594 0
1815 0.7383663058802841 0.1597194472909165 0
1816 0.06654444073588184 0.9839197309828653 0
1817 0.3042937831670978 0.9831170334549315 0
1818 0.5722188339340487 0.7617261109518219 0
1819 0.6692374373081269 0.7576696098202584 0
1820 0.2415788411026968 0.1273602253900137 0
1821 0.8342811775595771 0.8432306724295953 0
1822 0.6007554403578249 0.9423326312534976 0
1823 0.9434657684283061 0.5715502329356308 0
1824 0.06209908139213022 0.8514431909335571 0
1825 0.8172527166363913 0.6988310017027992 0
1826 0.4471009841568504 0.1236729878227961 0
1827 0.1659398055677006 0.7989683355398441 0
1828 0.1352336960881976 0.03725890802651005 0
1829 0.6780484387002499 0.5149166329650724 0
1830 0.6667888488585201 0.2093164241098884 0
1831 0.7636184848840366 0.1801478255367899 0
1832 0.2506938691803249 0.04493729668202973 0
1833 0.6558367317368609 0.481681682721057 0
1834 0.9587339011372468 0.08274376906097236 0
1835 0.885433742698386 0.7473938572222671 0
1836 0.7020386185392582 0.449885505900364 0
1837 0.349985353605327 0.2575866563620928 0
1838 0.01517276561750769 0.7145547347480806 0
1839 0.7836911597938419 0.7347204623609711 0
1840 0.7564480348285711 0.01638650269935016 0
1841 0.8921614502844633 0.01629710072569335 0
1842 0.1716490380437116 0.1299991438484415 0
1843 0.0353384631889655 0.2086291042377266 0
1844 0.01306040316980583 0.4168137904112407 0
1845 0.6740604157213941 0.8115033963017511 0
1846 0.7718349878928805 0.9527664974246758 0
1847 0.5283627742675358 0.9230756457640841 0
1848 0.4136537733799939 0.1002225486062468 0
1849 0.8418567047363877 0.720117823854749 0
1850 0.02008266131418623 0.9180439329594401 0
1851 0.06251100308365282 0.6032904718937319 0
1852 0.7018612412769587 0.3358857933049376 0
1853 0.2401680892420682 0.2606060628443035 0
1854 0.9329353256365445 0.1790533385581979 0
1855 0.05136995295017227 0.6457913384415801 0
1856 0.9493131853123183 0.3729697785150003 0
1857 0.9309059742709046 0.3622018071082087 0
1858 0.9316293806538327 0.3423908993597446 0
1859 0.9139359287614695 0.3514511463923784 0
1860 0.9149566385113175 0.3314063519467806 0
1861 0.897125273222019 0.340596190636609 0
1862 0.8981653604270057 0.3205461907574299 0
1863 0.8803701839317689 0.3296704859197937 0
1864 0.8813757123227077 0.3096773677266836 0
1865 0.8991713636914546 0.3005533343925376 0
1866 0.8823709926333497 0.2897012874543908 0
1867 0.8645748062031526 0.2988269942506511 0
1868 0.8655696242769403 0.278851521042865 0
1869 0.8477732704967814 0.2879776063021335 0
1870 0.9001675072677549 0.2805749440642614 0
1871 0.848767984794867 0.2680022991184781 0
1872 0.8309715858474584 0.2771284751191669 0
1873 0.1977517954505819 0.4711145919315858 0
1874 0.6691140418612593 0.6028545419630494 0
1875 0.2284356624683255 0.7622804618394934 0
1876 0.2375634823997767 0.4530685585404106 0
1877 0.2989748807363804 0.2720476901596404 0
1878 0.2701298689657812 0.7125549961537502 0
1879 0.8799802354474289 0.8229132529061556 0
1880 0.4826970880884889 0.06307482039726037 0
1881 0.2732199920177306 0.073834541297159 0
1882 0.114507783831664 0.8716333583075911 0
1883 0.3295925668344361 0.01830977248502647 0
1884 0.8319662753237956 0.2571532107289789 0
1885 0.8141698647106586 0.2662794089843201 0
1886 0.9120241372559159 0.6032913822213937 0
1887 0.4637915897479808 0.9831034722652643 0
1888 0.79546889417265 0.01649542764954637 0
1889 0.5989647638884875 0.01492662667232014 0
1890 0.9122367706861321 0.9819926849112162 0
1891 0.8354533398114472 0.9833193055371352 0
1892 0.3987504695857177 0.1847954841532621 0
1893 0.806602734152013 0.4018642467041987 0
1894 0.9334525038012011 0.8419489674909564 0
1895 0.6445976641761029 0.9415525799350899 0
1896 0.9303153077208139 0.3821493800021289 0
1897 0.05018060695081095 0.01968034324906287 0
1898 0.8793875224427372 0.3496260723851887 0
1899 0.2408927054459907 0.5612711392553282 0
1900 0.6027607012179985 0.8883846467920259 0
1901 0.658142902646264 0.0153075106685025 0
1902 0.04056152439250638 0.2830710852653802 0
1903 0.8665644056197519 0.2588760837944689 0
1904 0.2416800720348428 0.7049612083882576 0
1905 0.5233045032531524 0.4535943307813509 0
1906 0.5788791451894528 0.9501492647904891 0
1907 0.972303019992908 0.3741163693997108 0
1908 0.5079780654234555 0.5276298264334642 0
1909 0.8131751873177948 0.2862546515995897 0
1910 0.7966305514460905 0.2759069583817514 0
1911 0.7974109844179816 0.255513917114307 0
1912 0.9093779381034195 0.6317346517762172 0
1913 0.5072278728591824 0.4748639136530961 0
1914 0.9312972906282633 0.01879983808684438 0
1915 0.4594497682620126 0.1357149704465987 0
1916 0.01212313867577614 0.816806721460798 0
1917 0.2013924424576305 0.6092990983342236 0
1918 0.8469953022033658 0.3079597064838877 0
1919 0.9647110915704358 0.6288050381256052 0
1920 0.5247067726796668 0.01757901025914987 0
1921 0.6232567082921894 0.8102895088270659 0
1922 0.9308985007871526 0.5128715045123319 0
1923 0.04552939593421657 0.6212976208947715 0
1924 0.7796217120017537 0.2646540481229935 0
1925 0.9588766999780045 0.7273713830763479 0
1926 0.4999892245496664 0.9836300629852885 0
1927 0.688995325505857 0.5372804581613803 0
1928 0.7041109223601482 0.5480559244433465 0
1929 0.3832942721761385 0.1290611651529717 0
1930 0.6067116317611516 0.9196013109203368 0
1931 0.2911067531950125 0.2596440350066207 0
1932 0.6925099411923561 0.1466364597485499 0
1933 0.01356041105276828 0.06913474839022749 0
1934 0.05586162337255185 0.2331546761180501 0
1935 0.3210001128904352 0.2889487832115128 0
1936 0.6146843790266304 0.5842589489686294 0
1937 0.269497757780027 0.1942640589721188 0
1938 0.1818646474051474 0.2763108359869269 0
1939 0.1945422200905256 0.285786668953074 0
1940 0.175632967888987 0.2908703722425842 0
1941 0.1893700821561724 0.3045942253397659 0
1942 0.1696118067973305 0.3092699220102684 0
1943 0.1831912817701889 0.3239331489863682 0
1944 0.1636397482176288 0.3283446715953772 0
1945 0.2037707928433731 0.3182904212039391 0
1946 0.1968839852447639 0.3384703556217259 0
1947 0.2165551622487827 0.3339180063354485 0
1948 0.1500845672704897 0.3135116962378963 0
1949 0.1441143887781199 0.3326969592276239 0
1950 0.2102682933293555 0.3533827717618183 0
1951 0.2295041380595634 0.3492527918863034 0
1952 0.2371045774402905 0.330538464585766 0
1953 0.5064087943960631 0.8863705927032679 0
1954 0.4884927006413472 0.8953185324601949 0
1955 0.4888095534055827 0.8753808795032891 0
1956 0.4712443289211139 0.8849831295519064 0
1957 0.4715766143106919 0.8649338241154185 0
1958 0.4540436196274904 0.8745728723551777 0
1959 0.4544162235945512 0.8545767768135351 0
1960 0.4369062341975536 0.864245635598103 0
1961 0.4372780146104979 0.8442492905395302 0
1962 0.4197733345941216 0.8539241883403161 0
1963 0.4193842037134357 0.8742591932941508 0
1964 0.4022698685192464 0.8636004888710405 0
1965 0.4026414476355894 0.8436039709708025 0
1966 0.3851381264355548 0.8532804553277447 0
1967 0.3844880181785109 0.8736870775771544 0
1968 0.3673796667460312 0.8633169777139205 0
1969 0.3679638455847113 0.8430204153185932 0
1970 0.3504534670012201 0.8527069250522449 0
1971 0.350131540493373 0.8726334701235778 0
1972 0.3329915229718311 0.8623250987143108 0
1973 0.3333616862529201 0.8423304946319299 0
1974 0.3158650576865766 0.8519976059638463 0
1975 0.3154946264234431 0.8719925881518136 0
1976 0.3162374796736809 0.8319998149913019 0
1977 0.29836394361079 0.8616710460635597 0
1978 0.2979927647627488 0.8816670830461605 0
1979 0.2808612544313786 0.8713467085340473 0
1980 0.453774124768011 0.8949128658819532 0
1981 0.3337409162607888 0.8223230979761933 0
1982 0.3166109503891348 0.8120005443299293 0
1983 0.3151249608233785 0.8919864900380151 0
1984 0.2991074565690245 0.8216773420971317 0
1985 0.2804898130660667 0.8913431159117768 0
1986 0.2633581210620319 0.881022997728209 0
1987 0.4547821039192936 0.8345729032230513 0
1988 0.4376486676115531 0.8242515517184263 0
1989 0.4547314738244345 0.8145670518265549 0
1990 0.4379497164326939 0.8042532507646117 0
1991 0.4550209213196653 0.7945686609551343 0
1992 0.4382958428934493 0.7842561043445098 0
1993 0.4557949048353185 0.7745795165910792 0
1994 0.4208738005570083 0.7939340754777207 0
1995 0.4720135361941104 0.7856227992270821 0
1996 0.4732123856059752 0.7650247829831379 0
1997 0.3341140606976938 0.8023242876730337 0
1998 0.2637296719293383 0.8610264358501457 0
1999 0.4882635776061569 0.9151486376952287 0
2000 0.2632350686238177 0.9014689401086614 0
2001 0.2458962815367681 0.8907743565981943 0
2002 0.2806128854339324 0.9132331015465476 0
2003 0.4562185306498177 0.7546044781837609 0
2004 0.4737305091517693 0.7449315751010529 0
2005 0.3169826048401263 0.792003836301892 0
2006 0.7349324148695637 0.7693332651817623 0
2007 0.7805818756794568 0.2446114872218018 0
2008 0.3621030854963596 0.7273237689020364 0
2009 0.3269552915376055 0.6603074423688312 0
2010 0.9164032509162361 0.2913954759475047 0
2011 0.917869851076231 0.2714434406715868 0
2012 0.8690253486433851 0.776623291846573 0
2013 0.1576550083756063 0.3474339835009552 0
2014 0.1381358578031917 0.3517996469298375 0
2015 0.1245967843721919 0.3370791133797331 0
2016 0.1186177546833924 0.3561685143544628 0
2017 0.1050788590128096 0.3414474189377905 0
2018 0.09909981709899363 0.3605335848550352 0
2019 0.03441415570874296 0.1142227989591603 0
2020 0.4566231998852766 0.7345954050285992 0
2021 0.4741320189566989 0.7249168294879699 0
2022 0.4909955944924989 0.7347498177496634 0
2023 0.491596537659298 0.7151557819783102 0
2024 0.4745030316629773 0.704902807257655 0
2025 0.4920062413128696 0.6952234068711672 0
2026 0.4748824073802048 0.6849163049558319 0
2027 0.4923854655493949 0.6752392285294746 0
2028 0.475255289107393 0.6649216628905241 0
2029 0.5110417985771712 0.6854677299982146 0
2030 0.492758527551406 0.6552450596881096 0
2031 0.4756270946250103 0.6449254791361725 0
2032 0.4931303831460694 0.6352489688152918 0
2033 0.4759987060425495 0.624929000847765 0
2034 0.4584954036594077 0.6346054883110916 0
2035 0.4588669811817179 0.6146089573296876 0
2036 0.5102621874980354 0.6455691376861256 0
2037 0.4413636773958203 0.6242854425080235 0
2038 0.441735245437106 0.6042888967336835 0
2039 0.5087759214496828 0.7255553303273152 0
2040 0.4592385476428328 0.5946124090898584 0
2041 0.4421068121955647 0.5842923489577904 0
2042 0.4934850854290064 0.6152805962528751 0
2043 0.4596101141874872 0.5746158609803729 0
2044 0.4424783787541424 0.564295800870029 0
2045 0.656694921479076 0.8022191036960573 0
2046 0.4409921105778927 0.6442819901911294 0
2047 0.4238603766173444 0.6339619323787424 0
2048 0.3994626759294335 0.02879716235435048 0
2049 0.287132266361363 0.1981674164706378 0
2050 0.1242123347479204 0.1165393142276454 0
2051 0.2457801114059015 0.9112328105912839 0
2052 0.2284079555229073 0.9004779014617733 0
2053 0.9025344195325296 0.4899155064373706 0
2054 0.7983725372905253 0.2354740631205349 0
2055 0.504279484052333 0.8670767694579099 0
2056 0.4249750768041864 0.5739722889129252 0
2057 0.4253466433272622 0.5539757407697715 0
2058 0.4428499452768655 0.5442992527263248 0
2059 0.4257182098398655 0.5339791926102778 0
2060 0.443221511790812 0.5243027045689269 0
2061 0.4260897763525255 0.5139826444508726 0
2062 0.4085864744015696 0.5236591324922087 0
2063 0.4089580409137372 0.5036625843320353 0
2064 0.3914547389628739 0.5133390723735159 0
2065 0.3918263054749805 0.4933425242132474 0
2066 0.4093296074258412 0.4836660361717626 0
2067 0.391789545775318 0.4740238148011639 0
2068 0.374626515667583 0.4831354372191371 0
2069 0.3748521343947169 0.4633811685427695 0
2070 0.3929402549327264 0.4563525076856993 0
2071 0.3575158251770682 0.4727804415978445 0
2072 0.3577562937903493 0.4530015214836132 0
2073 0.3403935797020728 0.4624446277385613 0
2074 0.3407667278747905 0.4424454539548521 0
2075 0.3232871208444654 0.4520826074280121 0
2076 0.3586472986861603 0.4335683890370424 0
2077 0.3236629001200811 0.4320790659024252 0
2078 0.3061642494498976 0.4417478326216409 0
2079 0.3065372933026866 0.4217488320134171 0
2080 0.3402138337320549 0.4821127118931402 0
2081 0.4432276088925251 0.5038266420886772 0
2082 0.3057934581512556 0.4617430938948935 0
2083 0.223716627093963 0.367977420924209 0
2084 0.2393689031905046 0.3634648948223926 0
2085 0.360495679530431 0.2656992331490768 0
2086 0.6983647856820887 0.01691856620166143 0
2087 0.7788853189379733 0.2851329688062417 0
2088 0.7618350181390111 0.2737992087635871 0
2089 0.8025729784553787 0.7588139325558547 0
2090 0.3359351553458736 0.3075107417418435 0
2091 0.0438595699419308 0.5166309395292376 0
2092 0.01623952417660846 0.8786269254874235 0
2093 0.3082692969891808 0.7288306488576124 0
2094 0.4324819555247722 0.1447975432366521 0
2095 0.5165307867736497 0.4705094482304963 0
2096 0.2975226712477805 0.5651905585398651 0
2097 0.3087455218375381 0.6960415089567663 0
2098 0.6221641201340012 0.4959236658636172 0
2099 0.4573900698988241 0.6945928979839137 0
2100 0.2869821896219381 0.01615825616371847 0
2101 0.3240408414769975 0.4120719352306113 0
2102 0.8184475762059302 0.83205422929108 0
2103 0.8206205615522979 0.8528143221468945 0
2104 0.8394902847096679 0.8590262717878283 0
2105 0.8242125453060534 0.8720291430522275 0
2106 0.8430395230581426 0.8787218721824606 0
2107 0.805626178073499 0.8655417026651073 0
2108 0.8277674034987107 0.8916376831936675 0
2109 0.8465894807628743 0.898394677648459 0
2110 0.8274236296518489 0.913282074520624 0
2111 0.8495130151569533 0.9183371991037949 0
2112 0.8653697008541659 0.9050253210990117 0
2113 0.8688712274389099 0.9247970726433206 0
2114 0.8842726049118358 0.9117197265301316 0
2115 0.5860036377457472 0.6040524342239417 0
2116 0.5418333084361382 0.984027745918628 0
2117 0.2438269117316643 0.01974895724430636 0
2118 0.7380313716234903 0.4088972837296808 0
2119 0.3069106069964307 0.4017493834578171 0
2120 0.2894071167212033 0.4114261841257003 0
2121 0.3713977623302316 0.2141831304264057 0
2122 0.9833552721773402 0.6739508107948857 0
2123 0.2897789430428398 0.3914292046705856 0
2124 0.8877709932244063 0.9315675887510766 0
2125 0.9030558362147428 0.9186536050763173 0
2126 0.8993419092605501 0.8995974857271061 0
2127 0.9181638164003858 0.9062385624099725 0
2128 0.2723227199602 0.4011065475101423 0
2129 0.1622376725546517 0.9867268160630398 0
2130 0.921844596754277 0.9255328327119754 0
2131 0.9830939515905316 0.860178419654092 0
2132 0.2282480825166096 0.9201317164246385 0
2133 0.2109023698157175 0.9100293165494067 0
2134 0.5626335067522384 0.8467122224126559 0
2135 0.7606650719103702 0.2934326861028801 0
2136 0.7442425753242148 0.2828866721902469 0
2137 0.4212411868815772 0.7739374422851079 0
2138 0.4037541484499342 0.7836142245929033 0
2139 0.9718836792860853 0.01374799460344567 0
2140 0.2222147846125497 0.562951050340431 0
2141 0.8852981683928416 0.4477954648575756 0
2142 0.9826664450327686 0.1867902391269477 0
2143 0.9921228174621833 0.2146174602702798 0
2144 0.5397725810264655 0.8850045176760001 0
2145 0.6961889843380425 0.9113189612408552 0
2146 0.3994201846984934 0.09422488866400103 0
2147 0.7428320138946185 0.3024146866251606 0
2148 0.7259768890088816 0.2925652111587993 0
2149 0.1110579200959613 0.3223619721234483 0
2150 0.09153997348790516 0.3267272575626456 0
2151 0.2889139524998542 0.4514250238109739 0
2152 0.834381052042026 0.9323824354357341 0
2153 0.2582000446222227 0.06827266569995771 0
2154 0.239476402367741 0.4715854191710308 0
2155 0.8705157358752698 0.8034425190694261 0
2156 0.3347261141265081 0.7827618666512837 0
2157 0.3516576730977121 0.7927197975868925 0
2158 0.2288215650197306 0.8805574454725263 0
2159 0.9776176593680208 0.5161514381198994 0
2160 0.9864103943578201 0.5425347864095258 0
2161 0.2049529015113349 0.3715914986759531 0
2162 0.1125823724524545 0.3750022811730785 0
2163 0.09311138724401902 0.3795769497948688 0
2164 0.01692919348077149 0.6745144070967638 0
2165 0.2809596927912923 0.273297653903734 0
2166 0.2104767632879757 0.9300490011557951 0
2167 0.1933540257697494 0.9197251064906828 0
2168 0.2885845534879021 0.4714216891625794 0
2169 0.01464519089506355 0.3704315706408927 0
2170 0.5357977083463092 0.8364482091481109 0
2171 0.9205229284168106 0.73371884243312 0
2172 0.9572780271429807 0.4539261994480959 0
2173 0.6326727984133995 0.5059288778182823 0
2174 0.1937270690513573 0.8997279151990304 0
2175 0.176216520482371 0.909407531375901 0
2176 0.1758417250925587 0.9294054724447116 0
2177 0.158710519051344 0.9190852017025288 0
2178 0.1583385256440972 0.9390819437229483 0
2179 0.1412067923480984 0.9287618986081514 0
2180 0.4598312453783086 0.5346130650933303 0
2181 0.8230063699305058 0.7809386486282366 0
2182 0.01619224013894544 0.8420979114202548 0
2183 0.6198750271242954 0.9832554481019683 0
2184 0.9833757765902713 0.04696989696653847 0
2185 0.3294744549874 0.6822590200519288 0
2186 0.3416985030605175 0.6640300322051871 0
2187 0.8580965507610727 0.8652153710905225 0
2188 0.7775823581917385 0.304507062804786 0
2189 0.3642879440090712 0.01626200157697166 0
2190 0.6867943585414112 0.5572331400917556 0
2191 0.7030112712702318 0.5679630544763153 0
2192 0.7212787184908229 0.559847359933814 0
2193 0.7197286295671469 0.5790790117280988 0
2194 0.7376347493016495 0.5701260981181697 0
2195 0.7364149446254989 0.589954515955761 0
2196 0.7542838822490179 0.5809760523818963 0
2197 0.7531130046620507 0.6009102034148635 0
2198 0.7709832499916255 0.5919346313086733 0
2199 0.772141596799083 0.5719689428277583 0
2200 0.7888516799750919 0.5829508732689048 0
2201 0.7900097568811657 0.562983817937557 0
2202 0.80672154730107 0.5739694128217371 0
2203 0.8055630307231479 0.593935693124333 0
2204 0.8234335412629844 0.5849554516188522 0
2205 0.7698217887749521 0.6118954976981931 0
2206 0.7519508250056945 0.6208751291698441 0
2207 0.822275059907859 0.6049218042214661 0
2208 0.8078798624457157 0.5540027420871217 0
2209 0.7911676349918011 0.5430162461617013 0
2210 0.8401456822150448 0.5959417796181072 0
2211 0.8413041232295823 0.5759753481803118 0
2212 0.7686630712431991 0.6318616521199153 0
2213 0.7507960569618937 0.6408488975345097 0
2214 0.8090381528442288 0.5340360085225672 0
2215 0.7923259602865764 0.5230495806744563 0
2216 0.8389872255476167 0.6159081804235887 0
2217 0.8211165720348717 0.6248881442768093 0
2218 0.8378287679816427 0.6358745794688198 0
2219 0.8580163172763609 0.586961780025183 0
2220 0.8591747604195287 0.5669953527645685 0
2221 0.8199581154428512 0.644854544844321 0
2222 0.8366703212489375 0.6558409996904623 0
2223 0.7744553109818066 0.5320295525517061 0
2224 0.7758050562390344 0.5120741910771386 0
2225 0.7935162718061615 0.5030849667571889 0
2226 0.7769800541075581 0.4921413140043152 0
2227 0.7936988276898715 0.4830673479567291 0
2228 0.777787291111561 0.4721608498147541 0
2229 0.7675051809335515 0.6518292531706165 0
2230 0.7496346168330884 0.6608094009758462 0
2231 0.7329261248239414 0.6498303026861845 0
2232 0.7317640943142507 0.6697896271830249 0
2233 0.7155693176061284 0.6588332229146607 0
2234 0.7144964955823869 0.6788034719414221 0
2235 0.7307055688376697 0.6897605600980107 0
2236 0.7128515655577905 0.698741263182324 0
2237 0.7294826835160375 0.7097229613465565 0
2238 0.6960219175768694 0.6877478240244397 0
2239 0.6948830288646979 0.7077154064240475 0
2240 0.6778468586629612 0.697195971938056 0
2241 0.3524405478716688 0.7740387521891825 0
2242 0.01742138630393048 0.3089882214950456 0
2243 0.5243785232181827 0.7937024007054112 0
2244 0.5198440726023105 0.7769470099563451 0
2245 0.5328341996950128 0.7633791074497038 0
2246 0.3914593052979176 0.5332216340103518 0
2247 0.3746888509466478 0.5217153386470244 0
2248 0.935582919489112 0.2845326820240779 0
2249 0.9354364597522898 0.2625669089258389 0
2250 0.9189589951731987 0.2514726697682237 0
2251 0.9362857340986456 0.242366634124475 0
2252 0.9199536776687711 0.2314974199141468 0
2253 0.9348016551885021 0.2252252506993119 0
2254 0.7761611505029835 0.1273058590222816 0
2255 0.4710268489739653 0.8249557477416185 0
2256 0.937110938855117 0.9126369676152687 0
2257 0.9339300959686661 0.8939163814482953 0
2258 0.8775902109818314 0.7858341007787715 0
2259 0.5949994682947292 0.8962125012192301 0
2260 0.4833020194200202 0.01639613005035218 0
2261 0.2502060889101777 0.6472668344668043 0
2262 0.9037273320546471 0.4768491228104597 0
2263 0.02979481137247703 0.1372009932214515 0
2264 0.2282256141771836 0.6147246667164693 0
2265 0.2079683129215769 0.1089686685222979 0
2266 0.7817516272504421 0.2235284821721245 0
2267 0.7639173789330365 0.2335635954579486 0
2268 0.6765686120658009 0.7157882853045381 0
2269 0.6614004049005165 0.7057067912033806 0
2270 0.2775688659379117 0.7240380492988295 0
2271 0.184915470306007 0.6356150079573897 0
2272 0.7639620157145952 0.9672276839376555 0
2273 0.7851626786107926 0.9609508295103706 0
2274 0.1516748366883086 0.3665232112434438 0
2275 0.9884904859652691 0.329231284833976 0
2276 0.7478909167480303 0.9726874584719425 0
2277 0.3536034028463598 0.6894188073984894 0
2278 0.8142495557034382 0.900883503892282 0
2279 0.4230590597823147 0.6546718848454488 0
2280 0.4058556995360894 0.6444707258287753 0
2281 0.4066450790986077 0.6237805905172977 0
2282 0.390172767039743 0.6334996144259137 0
2283 0.1900952890738602 0.6171011152679829 0
2284 0.7616235994044415 0.1248034337678749 0
2285 0.01664974947823933 0.5970328283613268 0
2286 0.2371795066508853 0.3825922776997749 0
2287 0.9471259356732125 0.3927282094275477 0
2288 0.928868011643286 0.4011384462805554 0
2289 0.9123264229957122 0.3913266397633951 0
2290 0.2714012762600603 0.1522213532187013 0
2291 0.02673170840482597 0.2663673559370936 0
2292 0.160359110231383 0.04687678723736621 0
2293 0.02029510044785843 0.9487215680576611 0
2294 0.9727931082795795 0.07422090401929604 0
2295 0.9543021334014519 0.06517108708203068 0
2296 0.3188798692287726 0.772417465631029 0
2297 0.3001051858694748 0.7817521010317239 0
2298 0.01858646965856359 0.4582630226372029 0
2299 0.9115782447518388 0.4113160104084749 0
2300 0.894523094755836 0.4010116936490775 0
2301 0.5959659418711044 0.6221990427358215 0
2302 0.5750333211280128 0.6218494700251066 0
2303 0.5838165936059465 0.6410254666609549 0
2304 0.5641249546337319 0.6393142228655986 0
2305 0.5711606304024096 0.6572401803662214 0
2306 0.5910767471852459 0.6601379105144534 0
2307 0.5787590233905928 0.6756847139114037 0
2308 0.5981432432389876 0.678394753280565 0
2309 0.5864196206144052 0.6940728059492824 0
2310 0.5666027833476146 0.6915657596636489 0
2311 0.6063070869899494 0.696420450005131 0
2312 0.6161636211274901 0.6795607157304915 0
2313 0.5744208259697128 0.7099851860219617 0
2314 0.554573576246805 0.7075467641645963 0
2315 0.552173490873907 0.6555788941781675 0
2316 0.6532433044826499 0.7917463157451048 0
2317 0.8749958735536889 0.5763800044466336 0
2318 0.8765303384391387 0.5570189466715816 0
2319 0.8602473578758524 0.5468628521868442 0
2320 0.8776630611722473 0.538525491230666 0
2321 0.8759482716797808 0.5966635395770442 0
2322 0.8948496151238385 0.5484034719431496 0
2323 0.1415783363334105 0.9087653489082177 0
2324 0.1240749741054956 0.9184418898444329 0
2325 0.1237033970621451 0.938438453690845 0
2326 0.1065716546298535 0.9281184124857292 0
2327 0.1062001082151708 0.9481149632252596 0
2328 0.08906836001941992 0.9377949244864925 0
2329 0.08943990152143988 0.9177983758492307 0
2330 0.07193661089511172 0.9274748861450818 0
2331 0.07230815224237175 0.9074783375740463 0
2332 0.08058299878829078 0.3653036330747222 0
2333 0.0737917601279785 0.384149841605135 0
2334 0.08619072964707736 0.3984177094854126 0
2335 0.06749679032247408 0.403048925713412 0
2336 0.3173644203647614 0.6895738375204187 0
2337 0.7181181605601418 0.5998397653152719 0
2338 0.9404410814539863 0.0776893970936936 0
2339 0.9359460394049628 0.05905501241041478 0
2340 0.9218082307349933 0.07293041028357983 0
2341 0.9169137170393249 0.05366024262784186 0
2342 0.9034748377148527 0.06634581950215218 0
2343 0.6555200414345137 0.8198195187301131 0
2344 0.6707406772197058 0.8314893261989001 0
2345 0.6520409797504645 0.8382233657615328 0
2346 0.6762099290086288 0.5286679992599495 0
2347 0.2695708455248659 0.674811450749092 0
2348 0.2305261958767578 0.0197408685148685 0
2349 0.5622437553603672 0.3243087477498643 0
2350 0.5464851339592968 0.3349039253341645 0
2351 0.8876422233725523 0.4921806965172939 0
2352 0.9308194471518798 0.4208994033406835 0
2353 0.7946360903812005 0.4630900528616518 0
2354 0.5841197634560249 0.8301423598500384 0
2355 0.5524359299858462 0.6214751179658065 0
2356 0.6673545059742484 0.8508134140263449 0
2357 0.5229831876059774 0.4219323187205157 0
2358 0.5401245040018802 0.4206471759202836 0
2359 0.5474633180923391 0.4365496650541184 0
2360 0.55976511567378 0.4222136631910232 0
2361 0.5518632152579432 0.4044385468751631 0
2362 0.5716371906596018 0.4063726579434794 0
2363 0.5797839071116127 0.424246502200642 0
2364 0.5915234465785819 0.4083097038722111 0
2365 0.5997688647136223 0.4262606680016557 0
2366 0.6114158592651953 0.4105093412644252 0
2367 0.6029446481885887 0.3924656129225993 0
2368 0.5634281620623363 0.3881537548177171 0
2369 0.5434933783211884 0.3855283952015637 0
2370 0.6196542281012463 0.4285689168102272 0
2371 0.6306760929735868 0.4128211789538796 0
2372 0.6080985573866888 0.4449542260671853 0
2373 0.4940860767523184 0.4538148000010186 0
2374 0.4770731309479039 0.4637778363504495 0
2375 0.4620181837750944 0.4521658853559862 0
2376 0.4175788018401713 0.1477555938363844 0
2377 0.01658887853093627 0.1892016841113749 0
2378 0.9924260914414135 0.5177116704165728 0
2379 0.3980222414275676 0.1297375943722652 0
2380 0.3536413884498565 0.7178601960780189 0
2381 0.9520078635928243 0.2505267930644455 0
2382 0.7788709804084801 0.4521588752480158 0
2383 0.7611375360633819 0.4611794555864872 0
2384 0.7968206461982862 0.4441065420770932 0
2385 0.8706943053734925 0.7648746516666667 0
2386 0.9313885588311805 0.3230957488153979 0
2387 0.8625837652412849 0.3387803587360945 0
2388 0.8616237617424959 0.3589011543798417 0
2389 0.8420730658020932 0.3498795206362979 0
2390 0.4033818749295196 0.8036107666665474 0
2391 0.9021572626004264 0.2406236245313463 0
2392 0.4391342801583295 0.7442647343329584 0
2393 0.4393602210121128 0.7238991237801503 0
2394 0.305469801086874 0.4817318797328604 0
2395 0.4767418496331033 0.5849359211098634 0
2396 0.4769693862079593 0.5651784687464708 0
2397 0.2719119329721246 0.4211023635606432 0
2398 0.4082347108366666 0.5637329789156917 0
2399 0.4067820556529436 0.5835430780540857 0
2400 0.7448537998248032 0.2634150610674873 0
2401 0.4165182273443646 0.02536867447069191 0
2402 0.5312912243045522 0.3246047328887451 0
2403 0.5289484354736786 0.3464377777096962 0
2404 0.512453754181966 0.3318693460926901 0
2405 0.5098997944170061 0.3509115086533544 0
2406 0.4943152957232859 0.340078152179351 0
2407 0.4913944762600979 0.3585132505946322 0
2408 0.4759650156680308 0.3479949218709426 0
2409 0.473009261996198 0.3663815644402977 0
2410 0.4572453035069204 0.3550857565209335 0
2411 0.455742319717774 0.3753387631729913 0
2412 0.4387656262878229 0.3627380252703906 0
2413 0.4370764725872873 0.3861170377070451 0
2414 0.4205070316990355 0.3712464071147955 0
2415 0.4226152597355043 0.3509209959865512 0
2416 0.4180811136698613 0.3905256292533696 0
2417 0.4020554750142689 0.3786810343813346 0
2418 0.4938441991145893 0.3207126853857145 0
2419 0.3997201906983789 0.3984645958174434 0
2420 0.4145893306291872 0.4102563776074921 0
2421 0.3836774973070033 0.3865250983941685 0
2422 0.3863324282344259 0.3674352409724498 0
2423 0.4714622696038008 0.3823337814076611 0
2424 0.6240877855192288 0.902256062512246 0
2425 0.7995683022440452 0.2150283447010394 0
2426 0.8161959855360792 0.2262568090023492 0
2427 0.8176855679300562 0.2066584123888217 0
2428 0.834050380900017 0.2172414741955498 0
2429 0.8353516673060648 0.1972994891622566 0
2430 0.8518347403916877 0.2080949607295368 0
2431 0.686071692633893 0.8441854259270516 0
2432 0.3060619546948907 0.5266685245784128 0
2433 0.6611611700735094 0.7684540559210564 0
2434 0.2529879363422297 0.5179148665700598 0
2435 0.7392425734050693 0.5510282577045548 0
2436 0.02949935630211353 0.5020526319502422 0
2437 0.9318383063035622 0.621879093225206 0
2438 0.4600984064485735 0.3336910855232514 0
2439 0.2903636197149528 0.2447155440263462 0
2440 0.9406805209838282 0.9322580154527937 0
2441 0.925412519897468 0.9451620808192908 0
2442 0.9777961900830375 0.6233406229146391 0
2443 0.5066640858014695 0.3725703012929117 0
2444 0.8716432378893539 0.946723833835339 0
2445 0.5469751549712955 0.6890405245699738 0
2446 0.3995041521647821 0.06437582574521405 0
2447 0.3824434619102161 0.06502649146165668 0
2448 0.04092560168866427 0.2367186376397999 0
2449 0.5628023744426998 0.3408683365729598 0
2450 0.2461563414156312 0.9298526627979007 0
2451 0.6868063636091561 0.4511802871755641 0
2452 0.6954502637194805 0.4348108768570353 0
2453 0.677528148859485 0.435065626611166 0
2454 0.07972766826384897 0.4173452856133477 0
2455 0.06138442444989689 0.4220769442053027 0
2456 0.07450813813826673 0.436217250370548 0
2457 0.4514491996220603 0.03558326848481436 0
2458 0.06308446879242935 0.2179470275816311 0
2459 0.6615850238777767 0.6861370333915322 0
2460 0.2423426616176992 0.633033221632419 0
2461 0.02374299487285464 0.2540901903494347 0
2462 0.05535501312344571 0.9162415713432774 0
2463 0.05397678446330401 0.8943145774795803 0
2464 0.05232537311079455 0.9358719873120132 0
2465 0.08156549951209158 0.2187577067830468 0
2466 0.07362939623990439 0.2011700998278545 0
2467 0.09341852115228461 0.2019998211355649 0
2468 0.6279391540150631 0.4460373091336712 0
2469 0.5769939619801751 0.5876682480327078 0
2470 0.288585033073899 0.6825506824125878 0
2471 0.1834149581259976 0.7939604713449957 0
2472 0.1711056274540902 0.7812290555779 0
2473 0.1893810483457369 0.7765596586805267 0
2474 0.1762599390390691 0.7626774827835989 0
2475 0.1575977108069683 0.7671419405763289 0
2476 0.1629060253965853 0.7480719793399313 0
2477 0.1438751188679038 0.7520713767239025 0
2478 0.1497968733440977 0.7329144726967665 0
2479 0.1303614013332994 0.7372336859232254 0
2480 0.1363184208666843 0.7181155417392124 0
2481 0.1168212769290288 0.722494246187552 0
2482 0.1108778290444123 0.7415808301694498 0
2483 0.09731711461332615 0.7268787619191124 0
2484 0.09137007191479435 0.745970124023664 0
2485 0.1558308107475319 0.7137164781697071 0
2486 0.07780775766977732 0.7312712676286585 0
2487 0.07185895990318514 0.7503655236258058 0
2488 0.008516468016441681 0.7569805680377568 0
2489 0.08542101652615902 0.765064873196142 0
2490 0.1034045513569145 0.7083967972558944 0
2491 0.06590993048955807 0.7694601729950847 0
2492 0.05880435524197536 0.7355982565374081 0
2493 0.06433061839879212 0.7165600914894262 0
2494 0.1420156904595941 0.6996421217961677 0
2495 0.1620527934545794 0.6948016887644157 0
2496 0.1753633929864407 0.7092942959035623 0
2497 0.1808358799688949 0.6869062606249843 0
2498 0.07882308866487925 0.788185409468191 0
2499 0.05942524167408769 0.7887602857912369 0
2500 0.04639888028231748 0.7738554592888098 0
2501 0.0987783177679642 0.7804055171283282 0
2502 0.8913268385565392 0.9512921228342797 0
2503 0.812208995502065 0.4919003093074222 0
2504 0.3002224613104192 0.7616871596166102 0
2505 0.9496423772787617 0.04625135790419421 0
2506 0.2805412955626443 0.5566979751714581 0
2507 0.0080291650816669 0.7667192850887101 0
2508 0.4042671730625925 0.7638760642666926 0
2509 0.7627056390945041 0.4419359259542018 0
2510 0.2724157749854507 0.9846180792574339 0
2511 0.6914492120575244 0.728933154054701 0
2512 0.01400572261223365 0.7331276534090984 0
2513 0.05352449498265888 0.3902531002960812 0
2514 0.5624319246487837 0.7256704159970057 0
2515 0.9032723471421629 0.2206010663514562 0
2516 0.8853755970835004 0.2297666946674091 0
2517 0.4929847499805197 0.5755693592837834 0
2518 0.8457665285243061 0.3684619905298698 0
2519 0.8610221490881667 0.3791197173517439 0
2520 0.8440270130476193 0.386263363708245 0
2521 0.7130436812041616 0.4371624072229848 0
2522 0.006059475980169093 0.5114233730073359 0
2523 0.595011119527892 0.5457143455598702 0
2524 0.8485114163053616 0.4863025942406467 0
2525 0.8464306305867952 0.5011525516347286 0
2526 0.3246264647179115 0.3924578875496836 0
2527 0.3445479427643162 0.4000019526340617 0
2528 0.6828403924927566 0.8632425784786488 0
2529 0.7014498915250361 0.856931014274916 0
2530 0.8524816218417313 0.1881255719685314 0
2531 0.2553958425794491 0.4105680942343679 0
2532 0.8363373017010105 0.1772793492164575 0
2533 0.02669815891541205 0.9654993019037701 0
2534 0.3974645318362904 0.4179407680147494 0
2535 0.4137431692120774 0.4302218353556405 0
2536 0.4333997179904867 0.4198188447671108 0
2537 0.429617742325101 0.4442368850634112 0
2538 0.716633119135146 0.6392476812189126 0
2539 0.8546763447163761 0.6268352559922798 0
2540 0.9664003813973827 0.15591543588551 0
2541 0.8565869871562547 0.772575773764418 0
2542 0.09705243123039287 0.3090573872666136 0
2543 0.1161548585264336 0.3022603287483858 0
2544 0.2686872930275872 0.01267239580105184 0
2545 0.5808541677802168 0.9831034722652643 0
2546 0.7663460923443366 0.6717944405719957 0
2547 0.7842139957914417 0.6623274391425658 0
2548 0.1653605813099396 0.6786731706381653 0
2549 0.6840342022620183 0.5015866357811569 0
2550 0.3630522710713529 0.1376440547690202 0
2551 0.3690629641412895 0.1181246048274571 0
2552 0.4596125400350078 0.4719665087292278 0
2553 0.5068991389184683 0.7915839160971438 0
2554 0.009589180402307163 0.7817562552652226 0
2555 0.9553766766330435 0.9203677955800665 0
2556 0.08969452368631281 0.8970714495461216 0
2557 0.07818895582641411 0.3134305502890062 0
2558 0.07146201372645761 0.3336990453518448 0
2559 0.7586249544819023 0.5209594204947494 0
2560 0.5424907788597011 0.4666005992099924 0
2561 0.1384045383665968 0.7711199318040767 0
2562 0.01675225214143705 0.02962036097057602 0
2563 0.6249569661822392 0.6975215329712279 0
2564 0.9783627446520018 0.581331002054823 0
2565 0.2977432774514048 0.2057142129916306 0
2566 0.8759080040658891 0.4961782598406259 0
2567 0.2828312796821381 0.7727770950688053 0
2568 0.2824086923742358 0.7916071879134383 0
2569 0.2653576373922037 0.7813554166298649 0
2570 0.2648781431867088 0.8011304292920438 0
2571 0.2491715230157042 0.7912719764781646 0
2572 0.2484600557117726 0.8101293915221874 0
2573 0.2644727986912696 0.8210332767820741 0
2574 0.2480706289006296 0.830035114481235 0
2575 0.7106623924129098 0.4850239637038406 0
2576 0.2732679881740736 0.3811205835864135 0
2577 0.2880359141542299 0.3747740490763174 0
2578 0.2772352945661518 0.3629307386083478 0
2579 0.8185037581633599 0.6641270763717675 0
2580 0.2575574044515241 0.4990864827756043 0
2581 0.2388037753497266 0.5071299325935181 0
2582 0.89535105333228 0.3808962226688047 0
2583 0.7362924969142892 0.9747867021353557 0
2584 0.5826400805622031 0.7287668463146908 0
2585 0.2148396080827618 0.7573719298324044 0
2586 0.2200931699837952 0.7751514597064162 0
2587 0.8358922309474706 0.4360125510027223 0
2588 0.8488357152714733 0.4282050037723552 0
2589 0.8170942389218888 0.8044438117733561 0
2590 0.8035181620063823 0.8155199891128927 0
2591 0.2541345537551434 0.4585167508946398 0
2592 0.3028258993944788 0.1744107457010792 0
2593 0.9164440563037572 0.1899468353496137 0
2594 0.6314842264150335 0.8909110118370702 0
2595 0.6320637631753897 0.8748242328759439 0
2596 0.2227111518673599 0.02722023079076363 0
2597 0.8355750009603624 0.6747088863071273 0
2598 0.5155436117854442 0.5168943627373392 0
2599 0.6642199779172693 0.357942572784986 0
2600 0.6553100000711819 0.3442394662884373 0
2601 0.6699513932250052 0.3303970126870244 0
2602 0.6492852036790211 0.3273589370571584 0
2603 0.6368315989988595 0.3438335473653531 0
2604 0.661191290237908 0.3113962666955776 0
2605 0.6391689958199372 0.3104460237932389 0
2606 0.680409605984704 0.314281328662252 0
2607 0.6732105214330764 0.2956235456988461 0
2608 0.8854554973836459 0.1821681745690657 0
2609 0.8756071843734461 0.4316219794397907 0
2610 0.1255712967300504 0.02807064872618281 0
2611 0.1226741311734444 0.04687906448132351 0
2612 0.2407987875799815 0.7621045687338976 0
2613 0.8307507109677098 0.461213906227486 0
2614 0.6478835759359096 0.2403752513542308 0
2615 0.6335432558811118 0.23400191420818 0
2616 0.6375845258569854 0.2137375459564657 0
2617 0.6179986087737107 0.2223868815325915 0
2618 0.6200571854593955 0.2020384246995651 0
2619 0.6014165305041221 0.209572729245336 0
2620 0.604472122415483 0.1895575803511337 0
2621 0.5856628724414699 0.1970115001299005 0
2622 0.5888562796360899 0.1770303135882408 0
2623 0.5702094384660191 0.1842738290670225 0
2624 0.5732948312091896 0.1644473622762292 0
2625 0.5546447587252676 0.171693306001598 0
2626 0.5577050984681887 0.1519196855358212 0
2627 0.551591352607705 0.1914620544085476 0
2628 0.5360032491866001 0.1789228133656179 0
2629 0.532948088034759 0.1986838922755175 0
2630 0.517358970580032 0.1861551840635891 0
2631 0.5143028327690145 0.2059197229833292 0
2632 0.498713899089349 0.1933903636919433 0
2633 0.5205830763071997 0.1668226972157764 0
2634 0.4956576347052749 0.213155351027376 0
2635 0.4800687049858767 0.2006259777005923 0
2636 0.5483755881000734 0.2114266221562208 0
2637 0.5763510345102317 0.1446825591650102 0
2638 0.5607620558282896 0.1321532173277958 0
2639 0.5112465627225299 0.2256847303854208 0
2640 0.6385357247972688 0.2519775007286549 0
2641 0.4927979160660088 0.2326758604921833 0
2642 0.5087694499120797 0.2456533144664025 0
2643 0.622187720630611 0.1815746583476125 0
2644 0.4832392019561699 0.1811551603174035 0
2645 0.464498814889991 0.188145629655046 0
2646 0.4614266590061143 0.2078698516811682 0
2647 0.5990157780792726 0.2306713106304743 0
2648 0.5789068990210511 0.1255399811241946 0
2649 0.5636862241884926 0.1125524061551584 0
2650 0.5451512091869036 0.1196509942819672 0
2651 0.5482038560148845 0.09989042454647284 0
2652 0.5658769361397301 0.0925735469674413 0
2653 0.5511152827469916 0.08009045559174249 0
2654 0.568813661739176 0.07270625079765192 0
2655 0.5541275084045072 0.06030251393682717 0
2656 0.535651091137146 0.06756052881520436 0
2657 0.4462208189647361 0.1963276221253031 0
2658 0.5727653882337392 0.05306299205152454 0
2659 0.5879416159290884 0.06844796027538735 0
2660 0.5290736160736225 0.1070262943866047 0
2661 0.4891417556010053 0.2516043008691788 0
2662 0.5266243734530963 0.1266221704586967 0
2663 0.5277073866152669 0.2379420414076405 0
2664 0.50566739232516 0.2653063399682147 0
2665 0.4427780691446234 0.2150968895187025 0
2666 0.4581477988304755 0.2266579203472502 0
2667 0.445358136825601 0.1754562236163578 0
2668 0.5947139069725712 0.1377980443909217 0
2669 0.5387532574717542 0.04779883193954026 0
2670 0.5201750554495379 0.05274872770033073 0
2671 0.4825986928430732 0.2722329024786996 0
2672 0.5020776829405487 0.2849799993124472 0
2673 0.1711930505371012 0.3621586834221464 0
2674 0.3888537733782755 0.653314909495627 0
2675 0.3866472806463417 0.7733372669373869 0
2676 0.8032458968766549 0.6338680986708284 0
2677 0.8257503752965679 0.5450224965307924 0
2678 0.8507869494151961 0.2280612816870707 0
2679 0.4405489206856026 0.6643974416804596 0
2680 0.206193807133906 0.8208188018109506 0
2681 0.6973906446948084 0.6488650402303215 0
2682 0.6981103745422692 0.8763481723863813 0
2683 0.7166418229906466 0.8694473100367761 0
2684 0.7198365913124642 0.8505826436851101 0
2685 0.7351765780890342 0.8633923067330214 0
2686 0.7321713901862825 0.8812877849481151 0
2687 0.7506442079832673 0.8751598147125711 0
2688 0.7541845711583304 0.8570799197364907 0
2689 0.7703701875557096 0.8681091878342241 0
2690 0.771943675946793 0.8506406454602058 0
2691 0.005747782550716618 0.3709372929375289 0
2692 0.7647593505762393 0.2137570188615855 0
2693 0.7470040058168792 0.2235296867612502 0
2694 0.20853544831458 0.7290952697710811 0
2695 0.3676309056904477 0.3745639089590063 0
2696 0.5430002294419812 0.7232863575508869 0
2697 0.9870470451872557 0.07972337508822758 0
2698 0.8563074800141393 0.6665126847037212 0
2699 0.8523741285456043 0.6867822360829541 0
2700 0.4839722994794993 0.2916835357345672 0
2701 0.9121365780623263 0.5899062982363255 0
2702 0.1634520856004776 0.2743844859527673 0
2703 0.7917096740402931 0.4181215006052538 0
2704 0.7262141830700861 0.3127814216288453 0
2705 0.6923412168104809 0.2989877023654475 0
2706 0.08261438387814452 0.1828244999206698 0
2707 0.1041337738171298 0.1858335960200974 0
2708 0.1136215820597891 0.2029240177127745 0
2709 0.1243715436814167 0.1861686585051162 0
2710 0.1151622973249796 0.167048998022632 0
2711 0.1336022160356566 0.2036404561486554 0
2712 0.1443964098238074 0.1869970447141047 0
2713 0.1238542320184277 0.2234306234824599 0
2714 0.4069856876787458 0.7000432538889355 0
2715 0.4016247058538199 0.7270652562068678 0
2716 0.3610244195079646 0.6061971515292395 0
2717 0.2878841977968525 0.4936795953403749 0
2718 0.5249904153796664 0.8304258197940839 0
2719 0.5098748352240231 0.8324481123103391 0
2720 0.219379386952989 0.6593950103685968 0
2721 0.2316133100914959 0.6734321518567464 0
2722 0.211890700719581 0.6770355790544824 0
2723 0.1650243553137982 0.3809284013262574 0
2724 0.1461305197052977 0.3846302480056158 0
2725 0.6550330238944837 0.8842031272293227 0
2726 0.8945922221401916 0.5273493547914631 0
2727 0.9120360667906999 0.5391826125229606 0
2728 0.349500679680414 0.15326797743267 0
2729 0.3583434901863248 0.3399445369547774 0
2730 0.3691241786829316 0.3251296840780532 0
2731 0.6585939316741549 0.9835368511112482 0
2732 0.1745149316273129 0.9491454704998621 0
2733 0.9868137930199008 0.005702829316040714 0
2734 0.3728852001991514 0.6406646526162705 0
2735 0.6077033221508543 0.8714878788850271 0
2736 0.6106475926581081 0.8512877736285086 0
2737 0.8805331253743444 0.1539055831096398 0
2738 0.8688061871373871 0.1420991020500654 0
2739 0.8799518671287502 0.1261565608463339 0
2740 0.8613466832442025 0.123497938780001 0
2741 0.8730188250319707 0.1071548115116273 0
2742 0.8535726720038525 0.1049941443482993 0
2743 0.8656046546763601 0.08886716879124534 0
2744 0.8457030484737567 0.08664190555547835 0
2745 0.857597100927651 0.07054015840521322 0
2746 0.837721061313639 0.06830719809911251 0
2747 0.8258496516216558 0.084405412673141 0
2748 0.8178494971705608 0.06607375863332854 0
2749 0.8059859104919302 0.0821072764383452 0
2750 0.7979769533935759 0.06382997596528844 0
2751 0.8421690138491591 0.1207349293789357 0
2752 0.7861132121684027 0.07986176699224407 0
2753 0.7781027623140236 0.06159323753166346 0
2754 0.8139839626193183 0.100497310255676 0
2755 0.849578869298111 0.0523617326393353 0
2756 0.8690854385706064 0.05408791344233443 0
2757 0.861822090289488 0.03487484356875892 0
2758 0.8106971159828268 0.04824484784881261 0
2759 0.9070908104050865 0.7010417760564085 0
2760 0.9228066415459584 0.6911845310486701 0
2761 0.8868083287961414 0.7022619517764248 0
2762 0.6705583466884587 0.3866101522497411 0
2763 0.6515125649110558 0.3829066299009034 0
2764 0.8156093627403992 0.3896962464197405 0
2765 0.613942893072547 0.7141692533819402 0
2766 0.1457404955194435 0.04797726173985339 0
2767 0.590209339085472 0.5849340838626234 0
2768 0.1044128387794134 0.4554658447104973 0
2769 0.9230490746378562 0.6368265371963499 0
2770 0.8802161890586188 0.6508715147357841 0
2771 0.8970616376439373 0.6326236628726846 0
2772 0.9293130402842424 0.6503562875781924 0
2773 0.9436098425485273 0.6580172281508283 0
2774 0.300362609705345 0.7184021684598516 0
2775 0.3190689125983114 0.7360736774305994 0
2776 0.1985316250365878 0.8459467102510565 0
2777 0.2137213567663754 0.8491302822042279 0
2778 0.5524597815315381 0.8526101512944113 0
2779 0.04506738056070447 0.6340507511634526 0
2780 0.04424696112345461 0.5517067374292922 0
2781 0.06174234764157216 0.548062833164787 0
2782 0.05826696314160051 0.5677379020777557 0
2783 0.07701654486900944 0.5606139131199406 0
2784 0.08072893415636562 0.5420910028920218 0
2785 0.09528547284899397 0.5552958066406151 0
2786 0.09976458304421276 0.5365434501883002 0
2787 0.114237694274595 0.5495317562678399 0
2788 0.1188297476775957 0.5307042974340547 0
2789 0.1333076784296476 0.5436442933332161 0
2790 0.08756194517146321 0.5204320160181081 0
2791 0.1377169895452959 0.5241446535252692 0
2792 0.1523676145362562 0.5376161030467689 0
2793 0.1479472853508151 0.5571054491948252 0
2794 0.1670400985548739 0.5511557563656745 0
2795 0.171453167150821 0.5316457855486291 0
2796 0.1857178503250768 0.5451206415102633 0
2797 0.1900617413767516 0.5255964400305152 0
2798 0.181626368860245 0.5646219739747753 0
2799 0.1206226792564948 0.5092796715806494 0
2800 0.1758634574092693 0.5121282577727339 0
2801 0.1950383861253012 0.5066813398678924 0
2802 0.09168086386244351 0.576593868512737 0
2803 0.06276988454506349 0.1849257242157356 0
2804 0.2185989989812056 0.5829038794678117 0
2805 0.9297655799918659 0.5715819540762798 0
2806 0.2447487322294768 0.5573372274480666 0
2807 0.9182859685158208 0.6175636601429413 0
2808 0.1291280858375171 0.1309885104678957 0
2809 0.09051967724011856 0.1395455074614659 0
2810 0.08094666138847412 0.1514743520916833 0
2811 0.0803491652169101 0.1164303432932695 0
2812 0.6332310409203947 0.7143891736857573 0
2813 0.7470688957413698 0.7007264389466137 0
2814 0.7461008217294185 0.7213171586564026 0
2815 0.7282878446920537 0.7296871843843407 0
2816 0.9794350563559922 0.316082321816835 0
2817 0.2081959420643582 0.5222138231962029 0
2818 0.3363332831076848 0.3580656726944302 0
2819 0.7456524981511925 0.4506223312458714 0
2820 0.7448855459045174 0.4697673975757785 0
2821 0.6018577360796152 0.3260156159703582 0
2822 0.5964125943471504 0.3438970064855219 0
2823 0.706119710776726 0.4199542068917155 0
2824 0.8595967305374528 0.3982732843720517 0
2825 0.3523068097920524 0.3093646603743583 0
2826 0.8991428484491213 0.04690058164337391 0
2827 0.3709083893854909 0.5792892974535566 0
2828 0.4655951061192661 0.1150004704279899 0
2829 0.3750681070687634 0.04673825826135658 0
2830 0.362730468872962 0.0623707288544264 0
2831 0.3696407849295036 0.08035381948645653 0
2832 0.350478439824734 0.07708916969664681 0
2833 0.3429196226253024 0.0594615013888819 0
2834 0.3309834660242937 0.07509963260786179 0
2835 0.3231052958136443 0.05616442716629433 0
2836 0.3386711011495563 0.09429780870614263 0
2837 0.6336428857397879 0.5404098621427189 0
2838 0.6365992859804384 0.5566864969925678 0
2839 0.4904131257793565 0.4054074164514392 0
2840 0.476453455394671 0.410841441830877 0
2841 0.5143634046029363 0.7581586524571573 0
2842 0.2642872719583281 0.9701494985434695 0
2843 0.1942550632718257 0.7354647859624297 0
2844 0.3303907703915021 0.2378204882103861 0
2845 0.2253751889648749 0.4282330672317968 0
2846 0.6586037511021514 0.4012421261670221 0
2847 0.6763084141101671 0.08495665487388193 0
2848 0.6841694100865818 0.0656053951004324 0
2849 0.6637803886614435 0.06618204295869784 0
2850 0.6756781847269115 0.04846133685724308 0
2851 0.6552117665905137 0.04766224233978267 0
2852 0.6946601060252173 0.04855346331472671 0
2853 0.6422287629222171 0.06501166454185958 0
2854 0.6343500656145074 0.04652773160084034 0
2855 0.6210196860898477 0.06151205918797031 0
2856 0.6146858988373421 0.0452782267839919 0
2857 0.6064869502344929 0.2990241402821316 0
2858 0.6108240740209712 0.2822893820102769 0
2859 0.2389255959237108 0.9629727015396563 0
2860 0.4275783140497275 0.2035703437105558 0
2861 0.3089592814356351 0.07279271411964883 0
2862 0.3027309758404576 0.05289011949467548 0
2863 0.3519673967325792 0.5598964641817885 0
2864 0.3465654742111747 0.5398945124523368 0
2865 0.9515523315489649 0.9865879149844203 0
2866 0.2163695937674018 0.8076744941107439 0
2867 0.8037705632879897 0.1769731332702908 0
2868 0.6835942677269972 0.2631060843389065 0
2869 0.6608015075271079 0.4924467858799972 0
2870 0.655401363638121 0.4684659420616285 0
2871 0.5067644664824897 0.5401911618134635 0
2872 0.4914988445972964 0.5293513452634894 0
2873 0.6102693454024073 0.9312394163446747 0
2874 0.6157257210188132 0.9492611251263758 0
2875 0.6597011397416169 0.7251510696057002 0
2876 0.1768814342214295 0.88994379334957 0
2877 0.4744572745064132 0.4823018837190017 0
2878 0.1108693223104163 0.4697927084291489 0
2879 0.09144736908170736 0.4657053325102148 0
2880 0.09653335338097507 0.4848460980901188 0
2881 0.07848916715964849 0.478465454410188 0
2882 0.1945322651420456 0.8805345197834897 0
2883 0.1529549872648097 0.2036022891060378 0
2884 0.1642955892049129 0.1872849919987467 0
2885 0.1560040448753143 0.1694805570089656 0
2886 0.1753357318858847 0.1700446404890814 0
2887 0.1114777899509315 0.4317700027607887 0
2888 0.7718330390455299 0.9143976293679571 0
2889 0.8083518479635643 0.3638339114244644 0
2890 0.8011114529736895 0.3467174566259791 0
2891 0.1715908440508518 0.6543499816815288 0
2892 0.780028556384912 0.940100509197542 0
2893 0.7992790006199768 0.9466759769755271 0
2894 0.8064935123007603 0.9644407075988852 0
2895 0.6160052064119702 0.4628674666403209 0
2896 0.08915533465489051 0.9582379277767724 0
2897 0.7499616904009817 0.1994785598707379 0
2898 0.728180940442666 0.2143294085288883 0
2899 0.7320286521291324 0.1930085979598488 0
2900 0.3726477421859512 0.3065326713883434 0
2901 0.3877139923089095 0.3144872202908632 0
2902 0.3893040211534005 0.3325144083026267 0
2903 0.4042414024787612 0.3230186841663619 0
2904 0.8518937379445319 0.1688335785057853 0
2905 0.8369396902178554 0.1572769465420414 0
2906 0.04398756885053173 0.1062235221637646 0
2907 0.05451988988325929 0.0946575444108041 0
2908 0.03530168344629953 0.1485496436251265 0
2909 0.02865029247306666 0.1240481822340515 0
2910 0.508290523363588 0.924463511817609 0
2911 0.4883988051598981 0.9350406678080665 0
2912 0.5224503462048363 0.9405067496398428 0
2913 0.4709810846567489 0.9251693093284968 0
2914 0.4710591567533939 0.9451142456609344 0
2915 0.4536788895463665 0.9352115464175881 0
2916 0.4537988774293589 0.9544344268545447 0
2917 0.4363867411108063 0.9451320002332981 0
2918 0.4363293702765985 0.9252415100888325 0
2919 0.4190274202533162 0.9353064658473261 0
2920 0.4188767529059482 0.91512076756311 0
2921 0.4015611176609207 0.9251338346535767 0
2922 0.4017095045559015 0.945310885684748 0
2923 0.384362613547917 0.9353448742238445 0
2924 0.3841592504669926 0.9146909840061141 0
2925 0.3670340404767714 0.9253600193507601 0
2926 0.3671922959634809 0.9452188214583049 0
2927 0.349761282989917 0.9354203824103733 0
2928 0.3494139246678434 0.9150181194114737 0
2929 0.3321533422268825 0.9251411548559964 0
2930 0.3324092861917845 0.9454374006455244 0
2931 0.3150567153913032 0.9354734896916049 0
2932 0.4871476875061208 0.9542858720790879 0
2933 0.7450437475589259 0.9093065460076286 0
2934 0.05115805181691657 0.6103518422992058 0
2935 0.9106325467489413 0.4297734633867299 0
2936 0.5196177419146621 0.2771790121731021 0
2937 0.03411513350544548 0.6457369211520999 0
2938 0.04802664047270916 0.6634361229269495 0
2939 0.3438092250202422 0.2436147956797029 0
2940 0.8087754330409263 0.1522762018039759 0
2941 0.04362161914256996 0.2208482739119675 0
2942 0.1242337094778004 0.1035465062009852 0
2943 0.1140545444368665 0.09312419369212388 0
2944 0.8740269251805639 0.7532363502014137 0
2945 0.8751031439155745 0.7352905180832023 0
2946 0.3074840433609998 0.286485083219957 0
2947 0.3904473458848247 0.6138060645054196 0
2948 0.1788378423447124 0.2195415310856506 0
2949 0.7419895290656831 0.3227594740099782 0
2950 0.9893810745186373 0.9328250595789973 0
2951 0.3716883173724586 0.5609887595556536 0
2952 0.02228831354007887 0.806028957378919 0
2953 0.04919079207047783 0.5961374514870063 0
2954 0.8155231755777613 0.1356912613831353 0
2955 0.133308722332044 0.0646765395836299 0
2956 0.9363301737804249 0.5580287764485481 0
2957 0.954651534584072 0.5579476278875876 0
2958 0.9478822403730076 0.5401803863626691 0
2959 0.0228557636999156 0.5088022197468862 0
2960 0.6538319287348037 0.2520635330463331 0
2961 0.6480447340168927 0.2692958692126723 0
2962 0.654668190413888 0.215818863726661 0
2963 0.6530410617178373 0.2002574100132068 0
2964 0.6730228410865295 0.1934427084332144 0
2965 0.6554592545441364 0.1813913363257749 0
2966 0.6739064113501096 0.1732997494414696 0
2967 0.6898751363675121 0.1840177391037995 0
2968 0.7897645017610075 0.1311519642160923 0
2969 0.4698451772037721 0.4357983316010301 0
2970 0.6859627793369094 0.5769716298840155 0
2971 0.6684915049817681 0.5654617578816568 0
2972 0.1559847277460196 0.1365582251170959 0
2973 0.7299736962007665 0.5145103795458881 0
2974 0.7231550210789341 0.4888506451978885 0
2975 0.05592825819467473 0.4409290191322745 0
2976 0.05880485342410335 0.316079243713373 0
2977 0.01177265879024025 0.7475069601592543 0
2978 0.02608554863118212 0.745912223681793 0
2979 0.1418164802771808 0.5052673536444106 0
2980 0.05828302844401168 0.8398815340274499 0
2981 0.04782586622710866 0.8544456000343295 0
2982 0.7149246682708659 0.2290008562459777 0
2983 0.4237851014616058 0.2214365295542011 0
2984 0.7888047837086853 0.116826552191123 0
2985 0.642764454490052 0.5149926804197593 0
2986 0.3632175547046962 0.2457077885587481 0
2987 0.9855037333901167 0.7115220553598453 0
2988 0.9084119960509294 0.4661666465670646 0
2989 0.6518143290749888 0.7542627015697538 0
2990 0.0952093511161351 0.8002923028424481 0
2991 0.2763219141815493 0.0303265744129072 0
2992 0.3466706900478609 0.730968588535731 0
2993 0.8873940052204439 0.09182708026115821 0
2994 0.641945273937256 0.6489230470032524 0
2995 0.01983795013096762 0.3868676494371924 0
2996 0.4515052863978054 0.2958450403716451 0
2997 0.2040570128515913 0.6564844039364688 0
2998 0.01210348331884908 0.3250719963267403 0
2999 0.04965937012390431 0.4745606679361236 0
3000 0.8264605512051704 0.5256039436780496 0
3001 0.3229051761833449 0.3050225570857778 0
3002 0.5750084265252241 0.8457024082458828 0
3003 0.5910505547937358 0.9488775569405352 0
3004 0.3604385070405924 0.7431983594472192 0
3005 0.4231172442558204 0.6739550297332522 0
3006 0.5179129562728078 0.07415457266508313 0
3007 0.09099104064215768 0.8735559511075303 0
3008 0.7444684195653218 0.7396990101658045 0
3009 0.7380139777231958 0.9851436569258444 0
3010 0.8837626447483697 0.836050212266193 0
3011 0.8880055266373414 0.8540156145934621 0
3012 0.9074786953153396 0.8559667229036949 0
3013 0.04360826065161894 0.4254983978385001 0
3014 0.7124590207458765 0.5318108217103252 0
3015 0.9164774757651558 0.5065745010084498 0
3016 0.5145813377270129 0.4106028350307288 0
3017 0.2135460268378554 0.280116392145326 0
3018 0.9331179882682977 0.4552368497840837 0
3019 0.1576141213056176 0.9577055705626184 0
3020 0.3346970136900813 0.6185731671192977 0
3021 0.5009418756501741 0.4851653134007717 0
3022 0.4959992077036512 0.09945060899754327 0
3023 0.6259623706406363 0.03030509139005988 0
3024 0.2228868481687506 0.09922016308393328 0
3025 0.02786345245239863 0.2773674194072461 0
3026 0.1041680685558076 0.2500194388231927 0
3027 0.2360502304184596 0.552344166718026 0
3028 0.2151863354362557 0.6052364463320647 0
3029 0.01918104596910286 0.5617041542853416 0
3030 0.6175799178489539 0.1204301322545847 0
3031 0.6041751191517737 0.1064598599430036 0
3032 0.6842451879336522 0.340010838026452 0
3033 0.4081032306105922 0.07592261068975953 0
3034 0.6809887304204779 0.647443227221176 0
3035 0.6532004134543576 0.7744605167353102 0
3036 0.3156930670214221 0.9545525488943361 0
3037 0.298072955412909 0.9450887062459539 0
3038 0.3347853422121583 0.9661764776278409 0
3039 0.2248383148268533 0.7070540357273165 0
3040 0.1876863910008792 0.6262783612061338 0
3041 0.2446868411690738 0.03349170963972936 0
3042 0.04624821608946811 0.7211682820220902 0
3043 0.05123331607250797 0.7016426185835928 0
3044 0.07030081421513623 0.697436492349307 0
3045 0.9868772939527621 0.4518956374453124 0
3046 0.1062733325502858 0.9675428962897761 0
3047 0.1123525134379565 0.06489919859038434 0
3048 0.1012064961918392 0.05009998451908138 0
3049 0.09209572699513446 0.06737238045179517 0
3050 0.08101367614405242 0.05190725294771775 0
3051 0.8671744931924076 0.8170185869041735 0
3052 0.8977504773930349 0.7161230968395242 0
3053 0.7432324278090565 0.8290485290519347 0
3054 0.9711601791222865 0.833020264513735 0
3055 0.6858646475486424 0.7579020782414362 0
3056 0.6408524207522962 0.7959072251458328 0
3057 0.2159299366700953 0.5051849408123091 0
3058 0.5340167427626826 0.2744158279764677 0
3059 0.9766578203105564 0.1396532928945549 0
3060 0.4776428918318468 0.1294393422199267 0
3061 0.4730076464852764 0.1487640925036744 0
3062 0.4920088711137725 0.1423830344607562 0
3063 0.8222960770857564 0.4065243290280416 0
3064 0.8846669994564942 0.796588356949971 0
3065 0.5515763914290095 0.7400960884592982 0
3066 0.7083504772141815 0.2524475990773526 0
3067 0.613398578441815 0.6253382902984468 0
3068 0.7094850376652636 0.2169819073922027 0
3069 0.2817650012358143 0.7130981486760497 0
3070 0.0730394126757179 0.06936052662094216 0
3071 0.06065676461965952 0.05358565592906855 0
3072 0.08504647650348163 0.08471815167004254 0
3073 0.1348834034470165 0.149047435014446 0
3074 0.1011502238877251 0.2643435747159714 0
3075 0.1177578375875711 0.2626259199883218 0
3076 0.3412882303137411 0.3827870886151343 0
3077 0.609221058771896 0.5482840816268072 0
3078 0.7786535373712279 0.6984812920654286 0
3079 0.8607880270686047 0.5287864851619491 0
3080 0.06461391365288771 0.8643818375698249 0
3081 0.05482587903915564 0.2849841538848061 0
3082 0.9000101076039366 0.8709548187481524 0
3083 0.06705878837339452 0.8272539253307958 0
3084 0.0539644797546398 0.8206659306571011 0
3085 0.3111325615161271 0.3555369619666461 0
3086 0.06961073765663467 0.03449174300321112 0
3087 0.2284072371045173 0.1151315953691359 0
3088 0.2250263868645379 0.1348288896326874 0
3089 0.2403997141083353 0.1465446278909851 0
3090 0.2239219313878122 0.1536581494298795 0
3091 0.2399478525502666 0.1648448602496289 0
3092 0.2239459857143054 0.1719537117821154 0
3093 0.2066036987950308 0.1429858208004894 0
3094 0.7904695580836862 0.749224145289531 0
3095 0.7870950730991082 0.7664822353029439 0
3096 0.7738676632698962 0.7537883847504803 0
3097 0.2911698017246963 0.3246532862954771 0
3098 0.2834019210181752 0.3132103579881274 0
3099 0.5550555462662208 0.3710282931006563 0
3100 0.5749313924731727 0.3734550268825504 0
3101 0.3321877523502485 0.2938599194515498 0
3102 0.9170929665533296 0.8702949169642209 0
3103 0.06207807999986703 0.6532988911831917 0
3104 0.6817791428352337 0.6136823672102982 0
3105 0.5178439762949523 0.8059582328418997 0
3106 0.2330993375745879 0.07684468494137553 0
3107 0.6571301832208245 0.6552747971200106 0
3108 0.6441295941791093 0.6691999572345926 0
3109 0.2420017696656286 0.5237613982164893 0
3110 0.9139957986270202 0.03428670842255338 0
3111 0.3453802440831407 0.628454603209821 0
3112 0.4607966231348229 0.2724544267700551 0
3113 0.09489516916890584 0.1125161439979612 0
3114 0.766869076393881 0.07741697043258344 0
3115 0.7591298626186415 0.05897650548531785 0
3116 0.7715574144058688 0.04425941855640914 0
3117 0.7520470357717328 0.04250349063800618 0
3118 0.2091567357282147 0.6998590365517807 0
3119 0.03217871371096015 0.4567197902339247 0
3120 0.7772546092913004 0.1833807981720643 0
3121 0.1247071277880581 0.8994478057917432 0
3122 0.6205701380122173 0.9173739022486779 0
3123 0.8870963923896413 0.2111401494412457 0
3124 0.03677433903198052 0.0878679032629342 0
3125 0.4082872690081851 0.2119493539725267 0
3126 0.4074505684383157 0.2261405122346867 0
3127 0.04966986347967678 0.5260198882349009 0
3128 0.05830878619825791 0.5141916540931346 0
3129 0.03270751712126696 0.162040929240796 0
3130 0.5629143854672584 0.8936620191124462 0
3131 0.6175597259781427 0.2462025178087114 0
3132 0.5959471876233357 0.2503642771701623 0
3133 0.5804448009601967 0.2378136044342029 0
3134 0.73234614008391 0.1391570444086225 0
3135 0.7158830726414521 0.1458466196686772 0
3136 0.7205962224273764 0.1651739154500973 0
3137 0.5362410979503079 0.3663812790710557 0
3138 0.3585532619192994 0.2798590193792617 0
3139 0.3752050184561296 0.2768819323520426 0
3140 0.846540824756879 0.7747050110685127 0
3141 0.3147194401501519 0.5536545986487842 0
3142 0.2997816666487043 0.2358803709031486 0
3143 0.7101312224183658 0.2656483487682762 0
3144 0.9716060370974643 0.332588463012422 0
3145 0.9605337830709 0.3182873460220136 0
3146 0.01311909457141602 0.9766370231256585 0
3147 0.27011233087382 0.7473871878040327 0
3148 0.6414921816288697 0.4760578542566273 0
3149 0.6863851735567426 0.4191715378462111 0
3150 0.43753059786988 0.2528434073037654 0
3151 0.271414520684147 0.4817271692548702 0
3152 0.1094137423352932 0.4169033266884092 0
3153 0.125680871940158 0.4076913544350829 0
3154 0.6294742528747759 0.7451218386442591 0
3155 0.224729951905629 0.9581024296245269 0
3156 0.6130185779909809 0.09269281817544694 0
3157 0.8846996528412707 0.6239243587874262 0
3158 0.6723493649822649 0.4500062017324895 0
3159 0.4089148737233125 0.1747631600133472 0
3160 0.5948193681888529 0.08943326820783576 0
3161 0.183355419491308 0.1874123623512891 0
3162 0.1946160414868348 0.1724632173048813 0
3163 0.1395975633368293 0.4774604921442647 0
3164 0.7676006848720618 0.8906839279777408 0
3165 0.7843952707044788 0.8994059845311457 0
3166 0.2847762686701357 0.9742723365890278 0
3167 0.4299261498609357 0.3049814727086492 0
3168 0.4165074532270434 0.2998914055573139 0
3169 0.6464335562575322 0.8585969886543265 0
3170 0.5080455326599764 0.1128314464653949 0
3171 0.2608553361413976 0.9543724444208649 0
3172 0.3079350609462543 0.5008503846769411 0
3173 0.457738581284108 0.4174961489050374 0
3174 0.04669972702840602 0.8743734026117214 0
3175 0.753199654406381 0.7782188752486954 0
3176 0.3354858494698603 0.04032849923048959 0
3177 0.5153058058776203 0.3954147731417751 0
3178 0.1691671839570465 0.258108322004415 0
3179 0.5572491623560419 0.2648029375585088 0
3180 0.1435150911441302 0.8870181894500925 0
3181 0.9030920137440148 0.5777926270610398 0
3182 0.02336877078191479 0.2040490560621552 0
3183 0.03658164917702045 0.1931544148928091 0
3184 0.5283949783367636 0.7409875359293857 0
3185 0.8204521560170853 0.9486980656210258 0
3186 0.365310239718822 0.3944288154387283 0
3187 0.6823772046682317 0.6619875104154065 0
3188 0.9818340548771305 0.2226564691779546 0
3189 0.5068857992983645 0.4590340180176041 0
3190 0.07238586624072579 0.456917424574304 0
3191 0.5050426669489472 0.5064799753286242 0
3192 0.9367239361409025 0.1951444090474947 0
3193 0.951888205767476 0.1850997236765317 0
3194 0.9567778389270332 0.2008537165818545 0
3195 0.5277298263018523 0.4656431668068493 0
3196 0.7157760382594961 0.4762102163408727 0
3197 0.9263588318018787 0.09272714799624793 0
3198 0.6359462905942652 0.1361494786271315 0
3199 0.6384342099412688 0.1522702468301006 0
3200 0.3422424313770924 0.2956086964381006 0
3201 0.1128890316742889 0.1452318349798686 0
3202 0.08636786499327265 0.2334170677390418 0
3203 0.7761693136674996 0.7216947593070844 0
3204 0.1859776117913634 0.1542968929899859 0
3205 0.7316732646060662 0.1508501647873715 0
3206 0.8023726268072864 0.6914799765542284 0
3207 0.468642797380482 0.04957862438937433 0
3208 0.4877239502950311 0.0473781009059675 0
3209 0.7722226893713953 0.0937516446134774 0
3210 0.7556673603428254 0.08766947736876313 0
3211 0.2124032877769059 0.4703316596151897 0
3212 0.4892541384168309 0.7780552315445679 0
3213 0.5744407485037061 0.3308211752323539 0
3214 0.3193792598357379 0.11080882452185 0
3215 0.6926255609834252 0.09271145212301318 0
3216 0.297854058381436 0.3456827761989146 0
3217 0.4031986502897249 0.2528069277730344 0
3218 0.1787373553307434 0.4939930145286137 0
3219 0.6467249028043267 0.3628151325018152 0
3220 0.6327816879025732 0.3790482752495946 0
3221 0.6248095189837894 0.3608014061809307 0
3222 0.3051210225687749 0.3063927076811135 0
3223 0.2697593303923342 0.05872981840165042 0
3224 0.7667911826623857 0.8197457798416353 0
3225 0.491376193886975 0.07667937158879556 0
3226 0.7722359865688331 0.7986740789957791 0
3227 0.6343456223823128 0.9331397246264571 0
3228 0.939502317970588 0.6783480179349142 0
3229 0.2371804655774549 0.5864637418270636 0
3230 0.1940046699830619 0.6707114628552633 0
3231 0.543458600322374 0.9378121592168337 0
3232 0.5366722909487703 0.9545833424117517 0
3233 0.5197220742042629 0.9599357130920212 0
3234 0.238784665173437 0.1840731120140988 0
3235 0.2544127986877925 0.1776800331128336 0
3236 0.7417932589148934 0.4894184278279242 0
3237 0.2196578621271574 0.827831639063015 0
3238 0.9572427386951801 0.670795834327734 0
3239 0.9548608434832256 0.6904972783963667 0
3240 0.4075231116132814 0.138690587412399 0
3241 0.3229557033310057 0.5325683229805399 0
3242 0.3422020203436241 0.5205374430378262 0
3243 0.6195349620444834 0.3206520634691638 0
3244 0.8773666718100916 0.665231978816476 0
3245 0.03644067967219888 0.9061636901558648 0
3246 0.9854603775341374 0.1261410924257925 0
3247 0.3148085527633532 0.9139434948240042 0
3248 0.591632633928999 0.04585678521171022 0
3249 0.6872895466658167 0.6368704510330325 0
3250 0.3872086409097126 0.6806662244154439 0
3251 0.08641205121304818 0.2823111222865327 0
3252 0.5222093014715951 0.8434278662396464 0
3253 0.8541171282322988 0.8425002183423451 0
3254 0.1226490516812691 0.2439097472378252 0
3255 0.1354165517256476 0.258493631707255 0
3256 0.1300951264657481 0.2758202513281403 0
3257 0.1434120627698381 0.2374038195987052 0
3258 0.9010996855349269 0.7937806128900551 0
3259 0.3260915106443146 0.5116743684509897 0
3260 0.2808164304471966 0.5132283669819884 0
3261 0.6253529418396023 0.6611426831038508 0
3262 0.7470244134797182 0.4293070928726691 0
3263 0.7889407732399824 0.9147798075259037 0
3264 0.2094689411076247 0.2982098449391999 0
3265 0.2290521156919499 0.2903173954770447 0
3266 0.9464006407776486 0.952261552027868 0
3267 0.9289666698033945 0.9648288546397513 0
3268 0.5495840755482343 0.8382958526064043 0
3269 0.6316457916977394 0.8437450774734724 0
3270 0.08403312251777184 0.498777391819043 0
3271 0.1522675142663012 0.7849126519511012 0
3272 0.724026175488175 0.3345918835385481 0
3273 0.1772836231015003 0.4119609698434399 0
3274 0.1920814804888159 0.3990494561963984 0
3275 0.2104713443646335 0.4042367727494379 0
3276 0.6982297777882173 0.6133998841914325 0
3277 0.443621286673518 0.4599772315253287 0
3278 0.4416003078975033 0.4802560745147519 0
3279 0.038578079311957 0.497450707470084 0
3280 0.4486074924646358 0.1520076813312932 0
3281 0.9427819454881117 0.6384595884527655 0
3282 0.3847911866884903 0.2571393692342468 0
3283 0.3823649673970229 0.2376598781335379 0
3284 0.7402222591812248 0.0562054247038184 0
3285 0.7316572095530649 0.03560854861202822 0
3286 0.424335478962588 0.4689144396487164 0
3287 0.1850320018068058 0.6049217054846762 0
3288 0.9437653522730056 0.4371287925924066 0
3289 0.9637479685932279 0.4346157802273763 0
3290 0.9530808526468844 0.4207204482581925 0
3291 0.4790368021713845 0.11361076308132 0
3292 0.387880216664123 0.753913716093893 0
3293 0.5884309660671153 0.9019717464357735 0
3294 0.4500976531048161 0.1103791309723181 0
3295 0.6490358631371942 0.08758681126748413 0
3296 0.6797076531801228 0.7437182152269816 0
3297 0.9906723284109428 0.6110043352072152 0
3298 0.01640605937726181 0.6346422854721152 0
3299 0.3900373314690186 0.03968825433377099 0
3300 0.2753793212923516 0.2519775094587231 0
3301 0.2605638987361897 0.266485236266008 0
3302 0.2641900077296589 0.2843886617762555 0
3303 0.1281125762535875 0.0126416205973145 0
3304 0.7136974909049896 0.4538936147532597 0
3305 0.8046519610111555 0.7781505513341079 0
3306 0.162821825606328 0.2392518330279609 0
3307 0.4079600841296017 0.02707465048807189 0
3308 0.6484837749808037 0.5904069291651578 0
3309 0.8135263329143863 0.9319065025842607 0
3310 0.8398593947243065 0.9507982252664745 0
3311 0.4687374228196713 0.2566226362093784 0
3312 0.4894604152214936 0.5081235063902004 0
3313 0.3729275549760568 0.6633941900403002 0
3314 0.7089056715738167 0.9265726319474444 0
3315 0.7157487222623979 0.9086475413188088 0
3316 0.6144452747225213 0.5655866494332193 0
3317 0.7836738324569098 0.1981161974925271 0
3318 0.3178383166987628 0.6365560896535272 0
3319 0.5643544823933972 0.9456276087127184 0
3320 0.5894329736078615 0.848688916237923 0
3321 0.6830196171474987 0.210113956696659 0
3322 0.03801023460800818 0.7926783159320496 0
3323 0.502176134652441 0.8142432910912577 0
3324 0.05266851809022238 0.07342395939389124 0
3325 0.04109777317893437 0.0536913266544774 0
3326 0.9699327327971428 0.5429578875873635 0
3327 0.2027760664237845 0.5572601542543277 0
3328 0.1981497638608558 0.5761470232967028 0
3329 0.2129496964052496 0.4237969317124987 0
3330 0.4550273796491003 0.3124775713780098 0
3331 0.4383640250537671 0.3205985825193839 0
3332 0.4736157804034424 0.3188925900439467 0
3333 0.4493116241432806 0.4366730137155506 0
3334 0.4413130231344566 0.4033076426941392 0
3335 0.7050147437943186 0.1984300569145241 0
3336 0.5753805839477576 0.03342941972529345 0
3337 0.2855963721480669 0.1818395506468546 0
3338 0.06343059118239114 0.586891815221426 0
3339 0.9640409326535877 0.6503135313496472 0
3340 0.5907897867912946 0.7495489046620153 0
3341 0.1902027468516004 0.1197219215833712 0
3342 0.8215871941291333 0.3497019478753252 0
3343 0.8159742658508862 0.331424360704893 0
3344 0.7990926219299943 0.3245604678213418 0
3345 0.813653411316916 0.3098834622632242 0
3346 0.2040725131406336 0.964457318288215 0
3347 0.2377720747433761 0.6232828313294716 0
3348 0.01778421089271243 0.1104839089971538 0
3349 0.4246401077451163 0.1759942348354306 0
3350 0.2199883531757748 0.541829721221641 0
3351 0.5882547151412377 0.2801033306382621 0
3352 0.5684382357185048 0.9641051190480971 0
3353 0.1779141288345702 0.8701751905094335 0
3354 0.5357888345833832 0.3090787941612218 0
3355 0.04822012082980598 0.2991604461174737 0
3356 0.2269167466002127 0.3106948203218558 0
3357 0.249960459634722 0.3146471990356976 0
3358 0.2569452175490827 0.3309780677515271 0
3359 0.05663322907016549 0.6827771517342993 0
3360 0.03621241009207843 0.6835582842794174 0
3361 0.07595644567662085 0.6785484931534256 0
3362 0.9696461267335699 0.2363208387161577 0
3363 0.9865172366231421 0.5287290191613917 0
3364 0.1006607595916184 0.6581761863105037 0
3365 0.6488233324944547 0.5406497297733406 0
3366 0.3854866479686011 0.5925369244316072 0
3367 0.04468049500611676 0.3373960185409147 0
3368 0.05698478663543405 0.350725376439172 0
3369 0.5828916023203655 0.2175436133728301 0
3370 0.5622346169804958 0.4716951990343385 0
3371 0.5752796430218039 0.4582918194928565 0
3372 0.7836258425634792 0.3372620854436629 0
3373 0.7699783734873267 0.3256417845370518 0
3374 0.3631837605928793 0.6855450843034409 0
3375 0.4217923229591882 0.7340904033229729 0
3376 0.7951983158250291 0.981944175212381 0
3377 0.2467284582924349 0.06746721982568393 0
3378 0.6065114958288413 0.6450666591386723 0
3379 0.5645192847476299 0.2245519521278266 0
3380 0.9515286051456663 0.5190063661850279 0
3381 0.4159713766380496 0.2510655307570153 0
3382 0.4063632947110458 0.6650434113004817 0
3383 0.0638530261255581 0.4928063639776751 0
3384 0.5522682816354616 0.768356367149837 0
3385 0.4355879032184166 0.966142070044447 0
3386 0.3974545771493324 0.2745191957245047 0
3387 0.388611392501758 0.2934041345954631 0
3388 0.7291622531633509 0.2343809676739886 0
3389 0.5392968238939034 0.5771614708233718 0
3390 0.5454210395840062 0.5990066552074538 0
3391 0.5260033008166874 0.5922916168298675 0
3392 0.5292471424245848 0.6160950309266348 0
3393 0.5367728280406481 0.6332789512164052 0
3394 0.5216708242354965 0.5762740637780353 0
3395 0.2575067080470695 0.7015388921230369 0
3396 0.2919430958119714 0.08471391963934238 0
3397 0.9751951610126163 0.5597464657677719 0
3398 0.9923134113895584 0.5512992830658289 0
3399 0.4198239579524608 0.7136613350292876 0
3400 0.3726762016627098 0.7325593471932882 0
3401 0.9228556075757227 0.2105558870288198 0
3402 0.3907670531090779 0.2008540834589323 0
3403 0.4874386332374175 0.798957818227962 0
3404 0.7579246659632364 0.4111689432132251 0
3405 0.03634429286077312 0.5703897757065767 0
3406 0.7439414329374838 0.09637309881712153 0
3407 0.7380278067101135 0.07829222608490916 0
3408 0.1121256475602254 0.2804444589940464 0
3409 0.6047321358770754 0.4824337000698857 0
3410 0.6718752466689291 0.5012077805501627 0
3411 0.09613200986902637 0.1570530404883809 0
3412 0.9901892762625524 0.4677833004071413 0
3413 0.06718820805100978 0.8080364056342864 0
3414 0.2099072762584737 0.9777605711023487 0
3415 0.1008392521858243 0.5041102025191546 0
3416 0.8850449940917722 0.5093480380678687 0
3417 0.6269145186576826 0.09638992873271029 0
3418 0.304090540349756 0.1933922994424656 0
3419 0.9144847934592351 0.5611269282191216 0
3420 0.1206493920513025 0.6567842742428299 0
3421 0.1139129831742284 0.6740257138008274 0
3422 0.13430013732869 0.6694057990884283 0
3423 0.9676887422713537 0.2991409790487346 0
3424 0.9670707618387717 0.2784346526414538 0
3425 0.947940029323856 0.3026123150187599 0
3426 0.9840719870380794 0.267983832941625 0
3427 0.8791022085163624 0.8721003880096482 0
3428 0.156499111429414 0.2954806795597247 0
3429 0.9595950269100229 0.9777020048942993 0
3430 0.5325022084763115 0.4456723132294529 0
3431 0.802531374152289 0.7968375237758936 0
3432 0.6703160352618222 0.1430780109409276 0
3433 0.5270576951959617 0.2594447829096614 0
3434 0.5439965636152747 0.2509329984759847 0
3435 0.5468808290656493 0.8753722480005002 0
3436 0.5338525882570824 0.8715570876580763 0
3437 0.1695069368978127 0.1504824461776221 0
3438 0.8224208663925021 0.4740553747393304 0
3439 0.8969005893439761 0.5964471609096035 0
3440 0.5112382117534231 0.0935803235211039 0
3441 0.03905075664693247 0.951152185479053 0
3442 0.04815130131315615 0.9698113590901346 0
3443 0.0311993077490384 0.9347413089637588 0
3444 0.4363454239287112 0.9050081796613549 0
3445 0.4190054019608243 0.8945205725806169 0
3446 0.8487040751482113 0.1390150834295515 0
3447 0.7807547187111957 0.8219465571696581 0
3448 0.3230757532934294 0.7518953736666354 0
3449 0.2955370230696174 0.03299735902416534 0
3450 0.7469566813543386 0.179316561989414 0
3451 0.7634741984351707 0.7346970980601387 0
3452 0.939266210414519 0.7299141137911209 0
3453 0.9476580576730712 0.7112130837643812 0
3454 0.802328302206885 0.8476040267647362 0
3455 0.3515685542421069 0.1250878635959251 0
3456 0.3549194588639607 0.1070061544647906 0
3457 0.07812560451871525 0.5976875728443739 0
3458 0.6582411885385075 0.1595801603996059 0
3459 0.5172210728926548 0.4590721877240606 0
3460 0.3633188125314566 0.6224981858403724 0
3461 0.5980882414431751 0.5752826866111558 0
3462 0.7019609495616158 0.589305182421094 0
3463 0.9862934956355913 0.5930246392643743 0
3464 0.2513972857664212 0.4306820836908846 0
3465 0.4437051016479076 0.01632512400756247 0
3466 0.3542112057209077 0.04413645256326282 0
3467 0.3483345553694879 0.02632709202578376 0
3468 0.3155272122317139 0.03529591555751416 0
3469 0.9313839609855015 0.03962354364451331 0
3470 0.8136081449336442 0.456089323015433 0
3471 0.4710631280280796 0.905126387466105 0
3472 0.4883888946629309 0.8560500323930881 0
3473 0.4975539369463641 0.391809499854171 0
3474 0.6370330348103772 0.8255918397984684 0
3475 0.6174490573185334 0.8306424490106635 0
3476 0.6535933345780163 0.2922187078608438 0
3477 0.634050362565626 0.2882319548022741 0
3478 0.02554084840646231 0.7754352141241996 0
3479 0.733311716554334 0.9927769193496365 0
3480 0.136659635700237 0.2994001424909202 0
3481 0.9058237441443299 0.08373282272290161 0
3482 0.5167364893018722 0.31128064151202 0
3483 0.9130053771449892 0.3713224271728579 0
3484 0.1861639343668464 0.3790609042481703 0
3485 0.1006800882510217 0.2220710114482446 0
3486 0.8962326301609718 0.3607304992136681 0
3487 0.1911058890651061 0.3579561923760775 0
3488 0.1108361083361735 0.5677901852171942 0
3489 0.8103890334130958 0.8841200335642047 0
3490 0.7895297593141475 0.8806348870047864 0
3491 0.6070783250801124 0.1700056896377631 0
3492 0.5832443094473283 0.3904427342680709 0
3493 0.5946783574252185 0.3749729282301533 0
3494 0.7568297442313577 0.5411692587516088 0
3495 0.8767554522125861 0.07317672252627894 0
3496 0.7604388538622873 0.4809684440026165 0
3497 0.1364326482980965 0.1689312887165714 0
3498 0.8622103506701378 0.8851061238141569 0
3499 0.8807888328457412 0.8931449534781748 0
3500 0.1244438181157043 0.756276550241854 0
3501 0.1190042366296665 0.7751405789169341 0
3502 0.7172907533959357 0.6204113715360674 0
3503 0.4365765013660043 0.8845865532285594 0
3504 0.401690178894999 0.8839447701076251 0
3505 0.3840381235182951 0.8940416002649201 0
3506 0.4015551375679967 0.9045754215293271 0
3507 0.3668117262133356 0.9047543359336421 0
3508 0.3492294603896835 0.8948248911321287 0
3509 0.8339078861832467 0.1023985797939559 0
3510 0.1679860084315566 0.728939713198316 0
3511 0.1295361238615251 0.5623284459755432 0
3512 0.1439347478191255 0.5755665404286853 0
3513 0.8940836077168919 0.420241495962912 0
3514 0.8745072724407754 0.4119852256758427 0
3515 0.4715485092365002 0.8450490550345289 0
3516 0.5590992340388393 0.6733058800796849 0
3517 0.5402318598808259 0.6713353642595967 0
3518 0.5305242764503137 0.652434217475935 0
3519 0.915076225021099 0.3115163282515163 0
3520 0.5672083564472105 0.2043782618770581 0
3521 0.3692371584609782 0.7614947583988143 0
3522 0.8463354958062628 0.3283033965218146 0
3523 0.3691641502160178 0.7829747746381202 0
3524 0.3687633211867625 0.8029800565792792 0
3525 0.4536953368674193 0.9151116331407217 0
3526 0.8301292333484243 0.05045490883574172 0
3527 0.1223210787361499 0.7047661482286507 0
3528 0.1626203920289585 0.5706485545262585 0
3529 0.1772781605350658 0.3430495059171084 0
3530 0.3862653357621962 0.7933007351793196 0
3531 0.3858826765000748 0.8132887035785642 0
3532 0.4030129926936326 0.8236073589250088 0
3533 0.6386222055943676 0.4310181835518765 0
3534 0.7865337449830299 0.6228817015663407 0
3535 0.5918496013233161 0.1572914621426011 0
3536 0.6088326251174146 0.1512152716619514 0
3537 0.8635803939158457 0.3188017951051936 0
3538 0.5942788778000245 0.7123992541980421 0
3539 0.7876929748310557 0.6029166775567063 0
3540 0.1321634865214625 0.3704312199188659 0
3541 0.4184566876889627 0.9546007745690104 0
3542 0.4017756866907464 0.9650313891978537 0
3543 0.8721812180651434 0.1977102057065671 0
3544 0.5390874856795345 0.159228570067778 0
3545 0.5234717502874994 0.1466243196007993 0
3546 0.7555715636862474 0.5612107542586671 0
3547 0.1304446924572389 0.3178850353680013 0
3548 0.8843641874478131 0.2497485233916691 0
3549 0.8675679391910966 0.2389008514412677 0
3550 0.1567740822833976 0.5183596072653908 0
3551 0.08954348146526353 0.6941041971436408 0
3552 0.5366683497914283 0.704145735946437 0
3553 0.3845607644737151 0.9550800442829663 0
3554 0.7915453390735991 0.04648497983975963 0
3555 0.8833665495584252 0.2697252056888696 0
3556 0.7853748836081106 0.64276711384662 0
3557 0.8019430008593942 0.6534359480015525 0
3558 0.1049322557319707 0.7606696056561777 0
3559 0.08661349306317417 0.3466214691666163 0
3560 0.9098298099886468 0.9589741571092765 0
3561 0.8939697024493936 0.971273621198986 0
3562 0.8430512876131525 0.5369462887161669 0
3563 0.5421336621505853 0.1393664928788097 0
3564 0.4048504558930017 0.3599891845409043 0
3565 0.3855028336879099 0.833294127839358 0
3566 0.8245920000085067 0.5649890568561562 0
3567 0.5020992061987599 0.1744733118355166 0
3568 0.8304751996962187 0.2977206578003316 0
3569 0.7947402210331069 0.3007221715793803 0
3570 0.05311043187951325 0.7548386286431349 0
3571 0.4217590144058065 0.7542669290426469 0
3572 0.1068019639584605 0.3968051730835028 0
3573 0.5299321869260183 0.2182382117338628 0
3574 0.7733626012619103 0.5520630954148331 0
3575 0.4387627136421319 0.7642612824936331 0
3576 0.8044045465594365 0.6139020199027473 0
3577 0.3806214878516988 0.406093886226658 0
3578 0.3787005269115799 0.4259576993719041 0
3579 0.08378405628653501 0.7124412679643399 0
3580 0.8497690865007673 0.2480286121581711 0
3581 0.8101965849281618 0.5140695589848352 0
3582 0.7479878088693618 0.680746671560332 0
3583 0.9011473921873081 0.2605980680193262 0
3584 0.9065400991060133 0.9385303978837026 0
3585 0.3683722442198706 0.8229779167391742 0
3586 0.8561968342051416 0.6066639412930316 0
3587 0.9524129770527171 0.8996347546277685 0
3588 0.9493979695495696 0.8807293537776461 0
3589 0.4933770044117952 0.7564021939566359 0
3590 0.3508615976784633 0.8326594724831725 0
3591 0.4772057120610906 0.2199456105759695 0
3592 0.9595097390238199 0.9390001705347287 0
3593 0.53232530833272 0.08713003070798681 0
3594 0.0487961309403625 0.4085260237714879 0
3595 0.4669296344112073 0.1680650365134737 0
3596 0.3509679433078736 0.9544082815015026 0
3597 0.2642847699219558 0.8409173903340883 0
3598 0.2473531529258861 0.8508460813750728 0
3599 0.33235092834756 0.8829289695517188 0
3600 0.2812634137262106 0.8513313750584826 0
3601 0.8539292017009765 0.6461268759505693 0
3602 0.5572451241719782 0.03975691787998359 0
3603 0.542097570124179 0.02706951314591599 0
3604 0.07397391334383563 0.886661938094743 0
3605 0.1408824512303798 0.9483535728266551 0
3606 0.2995318297613771 0.8017329630831623 0
3607 0.8151721446000688 0.2463067405943404 0
3608 0.2464577142794189 0.8709169314375009 0
3609 0.297764183128979 0.925217386388768 0
3610 0.2812124383794025 0.9334602722583891 0
3611 0.2638099592674691 0.9212891487774157 0
3612 0.1590815182067131 0.8990888851508934 0
3613 0.7112285866103112 0.7189111841411773 0
3614 0.7099209539843592 0.7426751775622896 0
3615 0.508438282781923 0.7067119673562104 0
3616 0.4763674591687749 0.6049371443127946 0
3617 0.2977988599964098 0.9028984452925453 0
3618 0.4932738636549367 0.5953655679599008 0
3619 0.4086468894347201 0.5436557912330637 0
3620 0.4071002083533123 0.6036453251335472 0
3621 0.4244885570391996 0.5939512205073987 0
3622 0.424198857323565 0.6139855679631154 0
3623 0.4569921853007215 0.7145299915724106 0
3624 0.5101265005656602 0.6642656265404784 0
3625 0.4585415692864848 0.513355222191421 0
3626 0.3747096117844808 0.5023645456379258 0
3627 0.3577085724212215 0.491836419369154 0
3628 0.4264613428646137 0.4939860962905752 0
3629 0.3229494448566787 0.4720231513412538 0
3630 0.5098590887866729 0.625621026586337 0
3631 0.4577415858206932 0.6746175751688461 0
3632 0.4581100674126666 0.6546249395630372 0
3633 0.4598706754122677 0.5546575455373064 0
3634 0.4761078713523058 0.5442309938945138 0
3635 0.2987403163863287 0.8416717499374496 0
3636 0.4405914718679377 0.6842829721990444 0
3637 0.3416982373423886 0.4221891509349711 0
3638 0.3061968276198955 0.3783982118123606 0
3639 0.2890778559728752 0.4314248146123719 0
3640 0.2820005779390509 0.8114224191030377 0
3641 0.2816448888723067 0.8313422588853774 0
3642 0.2113304353772435 0.8902310756242451 0
3643 0.2124684366037541 0.8709553198475869 0
3644 0.1068386626243405 0.9083805073222552 0
3645 0.2678645752428707 0.4430511445623805 0
3646 0.7818556073874752 0.4318754086233511 0
3647 0.07185849649876647 0.9465309057738764 0
3648 0.762914713476617 0.253822873663652 0
3649 0.1912309700322085 0.9394238548860298 0
3650 0.1229594842895733 0.9570828974199755 0
3651 0.8329818020785329 0.2371756189518439 0
3652 0.3512516355235485 0.8126641048396241 0
3653 0.8423533174071984 0.5561318992058066 0
3654 0.8691404727560442 0.2189456906121829 0
3655 0.4205019600716273 0.8139307402411935 0
3656 0.420142736202837 0.8339278501225462 0
3657 0.8772651543694744 0.3902961799572817 0
3658 0.08908544406441143 0.9800407366017538 0
3659 0.09834167996770388 0.5942041088578603 0
3660 0.323895884643811 0.4915103211205586 0
3661 0.9527185675718579 0.0157699387955299 0
3662 0.9651067321916094 0.03257364471230562 0
3663 0.202676071172487 0.7911264062793211 0
3664 0.7341437826226394 0.630176768171645 0
3665 0.7351719118119935 0.6103612922605754 0
3666 0.7044728873894108 0.8381274539107887 0
3667 0.7396019998588849 0.5293955453551319 0
3668 0.3663761049136928 0.8844020950513842 0
3669 0.1342940056488872 0.8690221744161559 0
3670 0.4399445703884392 0.7042728858961755 0
3671 0.983733479672376 0.6553070483582454 0
3672 0.984109409888915 0.6942023521692476 0
3673 0.01712563275416301 0.6937257881562037 0
3674 0.01659107747044386 0.6152732872487297 0
3675 0.158566556488101 0.5878066619726897 0
3676 0.4112452395925347 0.4511458078375267 0
3677 0.9829158978630279 0.1676796864499442 0
3678 0.01963447419274955 0.05131812587620099 0
3679 0.5659270626856122 0.6033792531644233 0
3680 0.3318811274737455 0.9039274035445782 0
3681 0.01707549151321114 0.08877159870879348 0
3682 0.385406965744195 0.9734950548996349 0
3683 0.9671183972049453 0.8886407394576282 0
3684 0.9654991002179357 0.8700227752828735 0
3685 0.9462411527229082 0.8599100509595565 0
3686 0.7308900480013382 0.7508324875283185 0
3687 0.198802763600324 0.9752218860639541 0
3688 0.6985967263047727 0.3168129444499345 0
3689 0.9859853502616793 0.9172155870099303 0
3690 0.6670231754465235 0.2769603746480393 0
3691 0.8731781247675118 0.01700442552416415 0
3692 0.8827832977335568 0.03616191677342484 0
3693 0.6783554921483345 0.015928516256769 0
3694 0.7759584645006107 0.01604042557194413 0
3695 0.8147631084318377 0.01624481564810953 0
3696 0.8159925214662085 0.9825801973102426 0
3697 0.6393351309972983 0.9831295031214093 0
3698 0.6467782837260669 0.9674343950785251 0
3699 0.346106956590053 0.9838286858601062 0
3700 0.5199387989409264 0.9805575439897098 0
3701 0.4632643841283249 0.01661917848252398 0
3702 0.4815006967588945 0.9835024809823704 0
3703 0.6003645974522561 0.9832421718094381 0
3704 0.3866489500689767 0.01826609986610556 0
3705 0.5032097647446542 0.01641384365635068 0
3706 0.5123393606642687 0.03319772179150726 0
3707 0.8540001831887682 0.9831034722652644 0
3708 0.8639277774983153 0.9659680814471292 0
3709 0.7174271754844923 0.01689652773473532 0
3710 0.7369376051565319 0.01689652773473516 0
3711 0.7091716777525294 0.03485654611654082 0
3712 0.5613437381081774 0.9831034722652646 0
3713 0.8536953268926351 0.01702929950770887 0
3714 0.5109038011592785 0.605744567793445 0
3715 0.4445440586441562 0.9839812217224189 0
3716 0.6464268565739703 0.4493957340305957 0
3717 0.2942003199826965 0.5296890489885926 0
3718 0.9861695682433274 0.6206698664664394 0
3719 0.8784803785226876 0.3699283076594215 0
3720 0.8419934545839154 0.4070265426321778 0
3721 0.2891487747619045 0.7442051981224169 0
3722 0.8383971217232657 0.8296401725613758 0
3723 0.3017052161883638 0.68556358907771 0
3724 0.2561271374900992 0.3911700124146805 0
3725 0.6021073986530794 0.7305771977023713 0
3726 0.1119402322897271 0.0153729341536688 0
3727 0.318110549645668 0.1796699118393561 0
3728 0.1597513945025812 0.647591989908631 0
3729 0.3607122196180633 0.4134956374863532 0
3730 0.3563026698375196 0.2275475976390942 0
3731 0.567413943131701 0.4396523798525138 0
3732 0.490452164384898 0.8338864769461043 0
3733 0.2568765856496782 0.6033767552167892 0
3734 0.5901042646951932 0.9645728761226363 0
3735 0.1294754103373306 0.4911047530091004 0
3736 0.7366364354563726 0.1001641333190393 0
3737 0.9521881630538858 0.8386772337978871 0
3738 0.4712444136546103 0.9658169443669229 0
3739 0.3909987527163102 0.1143193505759182 0
3740 0.7922449384664159 0.100628392503251 0
3741 0.2209512206171769 0.1921737320905726 0
3742 0.6911526791145459 0.1647277427959218 0
3743 0.8538291913759395 0.9373600369685826 0
3744 0.3071758827501729 0.0171268838717375 0
3745 0.5832558704957498 0.104591871739244 0
3746 0.9272334480889788 0.7118898549283168 0
3747 0.8933940960870397 0.4661171115594987 0
3748 0.1398901748637095 0.08237736884066854 0
3749 0.8283486589623476 0.5068132883396643 0
3750 0.4303386734161447 0.02905659748550371 0
3751 0.8579439705645289 0.824184199071047 0
3752 0.1799446560108309 0.5855930320931865 0
3753 0.01714989797188304 0.8980606105055243 0
3754 0.01585720242783223 0.8594504420212647 0
3755 0.0694917373332738 0.1076635054543911 0
3756 0.0166589512505832 0.654175833433568 0
3757 0.8164131594065337 0.4353358777638509 0
3758 0.6272491419425741 0.966760487481211 0
3759 0.8330128139642219 0.7097224864770391 0
3760 0.01897034735243569 0.1499488483015333 0
3761 0.1143705012872657 0.7936313884077215 0
3762 0.02543548796389178 0.8245600829789346 0
3763 0.6600502061814153 0.5213684015613123 0
3764 0.05934920936931587 0.3689496090936892 0
3765 0.1366774894454004 0.4204288214293717 0
3766 0.9831245212925237 0.3956163026555902 0
3767 0.9634926923095964 0.4053410056727687 0
3768 0.3680367068844824 0.3560356573525713 0
3769 0.6893518681641702 0.826545584513833 0
3770 0.2790963447478654 0.9543004116346979 0
3771 0.01888851381560264 0.4418480936806484 0
3772 0.7454389619494265 0.2438967166583298 0
3773 0.9910332504779028 0.6000398156213967 0
3774 0.7090036427680929 0.07462774249971543 0
3775 0.7169236158532908 0.0567530228217919 0
3776 0.7233021473148281 0.8312882725275547 0
3777 0.9338006194043293 0.983808598043133 0
3778 0.6804727690580847 0.9838215738643201 0
3779 0.596592818133395 0.4630939168762226 0
3780 0.4578170192187268 0.4912145448326335 0
3781 0.3892726856868666 0.5722428511684459 0
3782 0.05078686075369743 0.040019793884079 0
3783 0.9821619047814691 0.4330788298816897 0
3784 0.3271648139025358 0.6718758455684377 0
3785 0.3262345088740055 0.9840271437837679 0
3786 0.9623087987791716 0.989612707196093 0
3787 0.9498705865398369 0.3337547194878697 0
3788 0.8797472978346572 0.8108160262455213 0
3789 0.3747562353803496 0.5408330457230072 0
3790 0.1606648081163558 0.4998428826458211 0
3791 0.2440909453474051 0.6883220500499513 0
3792 0.03250993501787258 0.2451880682860319 0
3793 0.02679132750173829 0.3244853035062307 0
3794 0.8421920865914978 0.034094984004859 0
3795 0.646950610598775 0.03083288230066139 0
3796 0.2821516819513152 0.2941694584754194 0
3797 0.6643154804549318 0.8701923697058029 0
3798 0.9686643464030069 0.7067251483967014 0
3799 0.1543310973814198 0.06505508908412649 0
3800 0.2250682837939768 0.4849040725687891 0
3801 0.4337121460170352 0.09606672865149662 0
3802 0.403571105990599 0.9831715008660482 0
3803 0.4397184779334911 0.3422298680348084 0
3804 0.6169582566365026 0.3405749616727114 0
3805 0.05330339362271697 0.2012589343010676 0
3806 0.2539574938928345 0.05611523033426991 0
3807 0.23017369221478 0.8605877420551162 0
3808 0.1956208454162138 0.7559442146997795 0
3809 0.06980994090934567 0.01428734879371346 0
3810 0.9832827653636786 0.8793074630002187 0
3811 0.6858029037523898 0.2813377943847105 0
3812 0.6270060795979124 0.2680486333412245 0
3813 0.4370355280012414 0.2352854048768726 0
3814 0.2174290008510341 0.3853136768082103 0
3815 0.9634721384677154 0.2178556348991452 0
3816 0.2739637214333809 0.6955576533261649 0
3817 0.5301190288445721 0.4025997435062865 0
3818 0.03551651618457419 0.3764786448984019 0
3819 0.7247816204818724 0.2546681153256518 0
3820 0.5621452011279353 0.2446725188422537 0
3821 0.743282731780782 0.3417506285939325 0
3822 0.7597607756699188 0.5008392309168473 0
3823 0.6447256208681105 0.6947883989278858 0
3824 0.7307597443759422 0.06988719216560324 0
3825 0.8186211630647828 0.768408085719671 0
3826 0.03928907826474992 0.3575170597444837 0
3827 0.8554716659254964 0.728482978351207 0
3828 0.8672331906164564 0.7148529154613965 0
3829 0.02950005550485535 0.01695007124263248 0
3830 0.6949739498744343 0.4046541763217076 0
3831 0.13898610186604 0.9681704464175915 0
3832 0.2227347680567044 0.01758808202150419 0
3833 0.6220251938486538 0.3947527980559811 0
3834 0.905654688320092 0.4492105912645044 0
3835 0.8011792616230603 0.6723518163429804 0
3836 0.241130258763748 0.6524869742427297 0
3837 0.5461127018553664 0.2312940574572983 0
3838 0.2005177556788604 0.1897689235655514 0
3839 0.2968786944203636 0.5565118063611567 0
3840 0.368217960223705 0.9635448310180081 0
3841 0.0130904515748238 0.2028617766240695 0
3842 0.8309886135922735 0.3187617561515963 0
3843 0.7559854301581203 0.1024262877732902 0
3844 0.9792364129621791 0.7275282694650773 0
3845 0.9107394906095012 0.01644506636034804 0
3846 0.01018452483435217 0.2512633226074309 0
3847 0.8962893708216297 0.1328773581076617 0
3848 0.9814048388366635 0.3804918389305178 0
3849 0.9216984816175802 0.7874630541622387 0
3850 0.03462282612593698 0.6080933762352378 0
3851 0.9845299968479777 0.02636257190069891 0
3852 0.9893315356689112 0.1170126944668158 0
3853 0.6027651291745708 0.8186582595134135 0
3854 0.1425289392685365 0.2175941810524576 0
3855 0.5295634111911068 0.6865785787560612 0
3856 0.03344858811291185 0.886870100195829 0
3857 0.1733927146722173 0.9670334435053485 0
3858 0.6093606715915362 0.9670950286790623 0
3859 0.1074323433792662 0.8892133090484111 0
3860 0.2715335131416331 0.4628242037968228 0
3861 0.2999527043677905 0.9637286170964461 0
3862 0.9773913261162145 0.2046849251957709 0
3863 0.5808541677802168 0.01558315392943749 0
3864 0.1268620391294645 0.3891626385023217 0
3865 0.04875940846443311 0.1700486482683203 0
3866 0.4188813993500574 0.08802005280120345 0
3867 0.3765913703118389 0.444720420560565 0
3868 0.6027269082454143 0.9065679418416873 0
3869 0.3226799267168503 0.6477660903362358 0
3870 0.7525237664509484 0.7577401418872888 0
3871 0.7180543348370354 0.9428417480306365 0
3872 0.6139142612970714 0.3772060180536002 0
3873 0.587941880552078 0.4423065861962491 0
3874 0.9035978595357478 0.2027326547147563 0
3875 0.4949106071415162 0.553215486049234 0
3876 0.2500426590632667 0.4453962866822263 0
3877 0.9671191812429822 0.1765551686206622 0
3878 0.1073635778797829 0.1254934524363093 0
3879 0.5652492629733302 0.8337852010948538 0
3880 0.7754479956633682 0.9826831019284963 0
3881 0.5701700209113103 0.7429310017330923 0
3882 0.8238356206548102 0.1191533702203409 0
3883 0.0947663266768547 0.4293581108912897 0
3884 0.5493038122750713 0.3531419394746093 0
3885 0.6668127214519534 0.4186249336422547 0
3886 0.2437481946965053 0.488466337038951 0
3887 0.4040092799126492 0.7443665282932929 0
3888 0.5089935534264765 0.1327129809423028 0
3889 0.9575247165084556 0.5743678250693928 0
3890 0.9002208499985026 0.7367324543150535 0
3891 0.8194161289675426 0.187085969619353 0
3892 0.8701718975080507 0.6816028774992628 0
3893 0.2766325105162958 0.3299814267729106 0
3894 0.3906763573348299 0.552445843434369 0
3895 0.8506676021007282 0.70666254112313 0
3896 0.8917094570547205 0.1126074881873725 0
3897 0.6306370621008659 0.5742964168607196 0
3898 0.6496231384241362 0.5701312667484812 0
3899 0.4732055546137079 0.2385918976112231 0
3900 0.03872912639667159 0.8345146351354469 0
3901 0.1480974510749388 0.6818478707066969 0
3902 0.6972410211657205 0.9908570743149603 0
3903 0.8319609493918976 0.1365477843883331 0
3904 0.4871863559299043 0.1618826116163574 0
3905 0.3419790982412264 0.1415380583599465 0
3906 0.6068912732212083 0.07489414871040856 0
3907 0.5294551897123571 0.2849653036374025 0
3908 0.5525997564483981 0.886906638642103 0
3909 0.6843680231513678 0.5968206063683743 0
3910 0.6093354405842537 0.2628760581675027 0
3911 0.7265660574611013 0.27353949290657 0
3912 0.7152586047380732 0.4035613204324475 0
3913 0.871100634133421 0.6371359661170723 0
3914 0.3407156565966895 0.5006694306281663 0
3915 0.2070113056377375 0.03551018850249782 0
3916 0.1405046792225567 0.5937797438923861 0
3917 0.2271123163088618 0.08701698020067505 0
3918 0.8273601059918233 0.9662947324188318 0
3919 0.3376760480121674 0.1152909774471665 0
3920 0.3897601191180372 0.22122455874914 0
3921 0.7836278503682046 0.6833497308094475 0
3922 0.9134325630802991 0.5216278041226642 0
3923 0.9303721572509636 0.5297097268451679 0
3924 0.423424713757911 0.6932328617051731 0
3925 0.7170915347752249 0.7624265774908152 0
3926 0.9257792587581836 0.6783324300998756 0
3927 0.787808811104908 0.859440328128102 0
3928 0.5042531254954729 0.9462699383836922 0
3929 0.4053813850058267 0.3412660504696475 0
3930 0.71546892574383 0.8883485029145197 0
3931 0.8680936552763127 0.1769627447514351 0
3932 0.01628030711063833 0.1693291722784222 0
3933 0.8231712538276121 0.03289688429189713 0
3934 0.08990561831695698 0.03697369549722956 0
3935 0.5515885232721583 0.9678177851078276 0
3936 0.7250752109620705 0.4233081338518115 0
3937 0.2659035730617433 0.3028496906078325 0
3938 0.8268966550422188 0.3712226770007875 0
3939 0.3193243447010178 0.09020466848378228 0
3940 0.2566156546809848 0.6580438106323353 0
3941 0.06621317005521909 0.5299079530163943 0
3942 0.2386934174783679 0.4198446419141304 0
3943 0.2396442741084341 0.401301717120982 0
3944 0.6431578578717645 0.4936702641920326 0
3945 0.03277236553149054 0.7053548344544508 0
3946 0.8928071328901402 0.4809913492033491 0
3947 0.7584793547604187 0.3122064771740115 0
3948 0.6805631604168307 0.8988052599940777 0
3949 0.5087079073002975 0.5851446135986623 0
3950 0.06528447894631351 0.2994747114848116 0
3951 0.9137175178413897 0.8861510626903953 0
3952 0.640590794136753 0.3977703128608674 0
3953 0.7049918614921455 0.1757848351232096 0
3954 0.7102319326533382 0.3046471830677583 0
3955 0.7050363278880223 0.284297190105131 0
3956 0.02990326433990648 0.9850994750195409 0
3957 0.9763949450879659 0.4625423312432386 0
3958 0.2272104015860505 0.9388115396812278 0
3959 0.6227048567958364 0.7308461756610352 0
3960 0.783853201225965 0.353641816622425 0
3961 0.288194514406469 0.06444206953278869 0
3962 0.2336101517156866 0.7994884517855074 0
3963 0.6881615309764327 0.03188895852584872 0
3964 0.9515464789156847 0.2323621900494361 0
3965 0.1986821219159056 0.7178893796972878 0
3966 0.6588302218608337 0.436622900405966 0
3967 0.9134377684342478 0.8404386310335943 0
3968 0.4704322810123687 0.8051676849701643 0
3969 0.0946559731423614 0.6756404347747074 0
3970 0.8023084081240421 0.1944645679444572 0
3971 0.8711057284958061 0.8516744702020302 0
3972 0.2023642202654514 0.5386318601771997 0
3973 0.2477734363404726 0.3484664837370279 0
3974 0.9856975502866578 0.2467349735174577 0
3975 0.3425769359189478 0.7476516134163298 0
3976 0.03465867045374749 0.03521333697950479 0
3977 0.4671167848170374 0.2992924950172976 0
3978 0.66809889723764 0.5840417631080465 0
3979 0.5863737238126467 0.3594910775294342 0
3980 0.3276823759996278 0.3701794421426565 0
3981 0.7382747286918987 0.8452955929695676 0
3982 0.3951141821328413 0.4377231731376808 0
3983 0.07015003428146049 0.9655244966156139 0
3984 0.2452903070140124 0.278647760493792 0
3985 0.2482110304284718 0.2944746468342124 0
3986 0.4724274923653466 0.5012862974845347 0
3987 0.5545640847603921 0.4530769959788787 0
3988 0.1099876984211239 0.984925575016922 0
3989 0.1730494974108896 0.05528380718607101 0
3990 0.819329853770943 0.1664216347397444 0
3991 0.4317512900316194 0.1593860207064999 0
3992 0.6932103377288156 0.4940486944163726 0
3993 0.6732610299128019 0.5468192954772308 0
3994 0.2269385182859222 0.6903338707297295 0
3995 0.505805000548653 0.1558549694791098 0
3996 0.7632743140682721 0.6913487169549426 0
3997 0.6236788015778928 0.1612246673909749 0
3998 0.6819731919001715 0.8820401841017462 0
3999 0.9698243906495271 0.9092757090257918 0
4000 0.3259572690666838 0.1236827114619965 0
4001 0.2869649456662426 0.1637162732666375 0
4002 0.9466693485545405 0.9714978928733575 0
4003 0.03847909130870358 0.8134994678223149 0
4004 0.7693880619079656 0.7715306605421557 0
4005 0.1711129008804076 0.2034648500894661 0
4006 0.9006225798475457 0.6163007353581935 0
4007 0.2901901750286668 0.5479668648126825 0
4008 0.7246242488207499 0.926367745985704 0
4009 0.01489718270963292 0.1287588885971481 0
4010 0.5010983647360956 0.06310254573924512 0
4011 0.5251591284467205 0.7190797448807511 0
4012 0.02910904238821932 0.7278969471495454 0
4013 0.6678512611565086 0.03157043919232216 0
4014 0.577733301662421 0.2555729638917237 0
4015 0.4739208787821267 0.03185897510270175 0
4016 0.3375077050106952 0.7644388568994024 0
4017 0.4603290427422302 0.3958740462603291 0
4018 0.3757243895995234 0.0980124148584175 0
4019 0.9863766695686504 0.8420979114202549 0
4020 0.2665092523270202 0.3483130737089449 0
4021 0.2520608513507231 0.7722729351744867 0
4022 0.09049183764212548 0.4477778434825256 0
4023 0.9659628164259013 0.3846384440720086 0
4024 0.8642663902313135 0.5099117722190679 0
4025 0.1761302889856979 0.3940151042605403 0
4026 0.6374914939323102 0.1922026945621586 0
4027 0.226853029216663 0.522575452525053 0
4028 0.4925468929200906 0.1232223850379316 0
4029 0.6008829032430197 0.8358839516481094 0
4030 0.09083381682092551 0.8185260188152617 0
4031 0.7647245308654833 0.7112712135058648 0
4032 0.5760497669459625 0.5377065212334875 0
4033 0.3272608827311235 0.1792640777285355 0
4034 0.6994869472730054 0.6683102176219459 0
4035 0.7564480348285711 0.9859759229105711 0
4036 0.4993260854071035 0.301808830272784 0
4037 0.4746674201877252 0.5227014071560125 0
4038 0.2004979422754765 0.4876747920140306 0
4039 0.5254200527987279 0.3807891342020433 0
4040 0.01432323329423246 0.2874571284444689 0
4041 0.3581864854248163 0.5106523249963352 0
4042 0.1328263687695049 0.7890307794029356 0
4043 0.03569013261525722 0.7602851773113498 0
4044 0.3059836220581641 0.7442187605508658 0
4045 0.2320090816795355 0.8396799125929422 0
4046 0.6223905362560354 0.3033343596340115 0
4047 0.1897157306314425 0.04211819614312318 0
4048 0.7449224764138378 0.5094735880943404 0
4049 0.1751093850707369 0.9824749082474006 0
4050 0.2074412770487366 0.1614072404605853 0
4051 0.19734761466512 0.6875021399831144 0
4052 0.8043750219995824 0.03142017389449459 0
4053 0.4215470236921652 0.332225281356797 0
4054 0.1823078892918377 0.4762016644256464 0
4055 0.9246048763349684 0.4411118539673477 0
4056 0.1089683024823533 0.8115301503293075 0
4057 0.4873303756545169 0.3772480490458491 0
4058 0.4543676810662189 0.245118615684367 0
4059 0.8460556242206135 0.9670206236360095 0
4060 0.5071813806587353 0.7431707060840315 0
4061 0.9649563222001956 0.3707159438638891 0
4062 0.679544485046757 0.6789635857274399 0
4063 0.2678096619071892 0.7641504999445461 0
4064 0.6936117309419826 0.7465304987028962 0
4065 0.6074496098440335 0.6648605443536066 0
4066 0.1738131924685154 0.04123849687383846 0
4067 0.2505756420295579 0.1974414342779076 0
4068 0.9885391672101198 0.8258652942201146 0
4069 0.2573888482653657 0.3690248719776373 0
4070 0.03970056110262205 0.3180983027775009 0
4071 0.9312572519011076 0.3036296699721331 0
4072 0.7006306859538216 0.6306518621154091 0
4073 0.6382836374337734 0.01492227270545976 0
4074 0.1068345946202895 0.03244349751562992 0
4075 0.8347954487302931 0.6930292364749495 0
4076 0.6397363266933879 0.1707204935922397 0
4077 0.9519477351739365 0.2700275582804067 0
4078 0.03380744068741171 0.3959514026965615 0
4079 0.8182798021534589 0.6824213322923087 0
4080 0.7300859137247077 0.4593374754126308 0
4081 0.7001400632171058 0.4893845517116068 0
4082 0.2081847044017264 0.1267413238106114 0
4083 0.6528354809225285 0.9530375200342137 0
4084 0.1748745587468352 0.6422623481211251 0
4085 0.04885531083772648 0.9877661130185083 0
4086 0.7577102380810543 0.840147818640762 0
4087 0.05617880502098782 0.9543045218683749 0
4088 0.88621962135854 0.686660772155812 0
4089 0.6027951949541415 0.5894934451536862 0
4090 0.7667164142091729 0.1968666262090183 0
4091 0.5025667678097087 0.9658198952372702 0
4092 0.2961267778429748 0.5735526022440246 0
4093 0.3494232445622766 0.3680275147243941 0
4094 0.6490226311866076 0.4163499392636444 0
4095 0.3891393673188518 0.07965267515091762 0
4096 0.6057306547551226 0.3599775724511872 0
4097 0.1802131746709686 0.7440139472091836 0
4098 0.8326522948830486 0.4890169165630454 0
4099 0.03214650608850955 0.8660989208762336 0
4100 0.0415079544742693 0.7409499192242202 0
4101 0.1626347233829167 0.8825425757276411 0
4102 0.01646002810198061 0.5783165015348199 0
4103 0.2004861656164812 0.5940484246248575 0
4104 0.1733357600407064 0.8558251466954852 0
4105 0.7842568078456262 0.7867360027067669 0
4106 0.6761247417697155 0.4037127478001241 0
4107 0.9677965303845054 0.05401641489914144 0
4108 0.5050755710764108 0.8488624827007962 0
4109 0.3210706854441251 0.6798778474646703 0
4110 0.6044342216012971 0.05919783603389361 0
4111 0.1570167416851494 0.6645738417833716 0
4112 0.1081930744248065 0.690752716109458 0
4113 0.9942275884310527 0.08626922939386272 0
4114 0.8040913558162602 0.1201077942328538 0
4115 0.01470305940750749 0.9336262486063174 0
4116 0.283620012865022 0.3467561420163321 0
4117 0.6659395639908424 0.9680503352381861 0
4118 0.1606355430212285 0.3985918554499595 0
4119 0.03038846576031751 0.6642843137777598 0
4120 0.7315142983564434 0.8994602604079835 0
4121 0.6056485592169005 0.03061486734440538 0
4122 0.08171692656430518 0.1657182952443539 0
4123 0.9943964688572204 0.7690961690564607 0
4124 0.8425988637175996 0.5193930648412441 0
4125 0.141921422797277 0.4026797102470028 0
4126 0.06451499142927353 0.6669070343287458 0
4127 0.5160852165718202 0.2932693572711743 0
4128 0.03162140547406161 0.6259436099888362 0
4129 0.7474878827898408 0.8941856396904631 0
4130 0.1451012617113973 0.2702294498614711 0
4131 0.6279439295860125 0.08157535168827612 0
4132 0.7856782058430918 0.804909101595257 0
4133 0.2468865622574152 0.5997405240255901 0
4134 0.8689124614875867 0.6964705490164966 0
4135 0.1496972723582157 0.1524874812606277 0
4136 0.4247707304039021 0.01312306487180354 0
4137 0.2447100033884841 0.9490146512122648 0
4138 0.8797927775560757 0.9635153168202913 0
4139 0.6181015642380647 0.01512814301870757 0
4140 0.105089495243093 0.520252743065408 0
4141 0.2306453335206979 0.9697587186074101 0
4142 0.2232084558622866 0.2093803159261236 0
4143 0.4926784882659269 0.4730608524248683 0
4144 0.2574880199087018 0.02705984168129949 0
4145 0.8576320481867229 0.4145801782630808 0
4146 0.4935876797088565 0.03120091910939776 0
4147 0.643453055560522 0.7342442666870491 0
4148 0.03185302601654255 0.07011066046458259 0
4149 0.9645700922185139 0.9513411763744275 0
4150 0.1239439194849781 0.07869183357273407 0
4151 0.03020704351497638 0.4126198996324666 0
4152 0.3759946562238043 0.03023729490225935 0
4153 0.8708579840373905 0.6169236668638941 0
4154 0.1476729651318722 0.9855274392832789 0
4155 0.1552777549559532 0.2553119631940863 0
4156 0.4014957191684351 0.3047570660551048 0
4157 0.9823501803175377 0.635319688479868 0
4158 0.7050267553735752 0.1596339145572911 0
4159 0.3586596690260806 0.5289004602637321 0
4160 0.8079909281169961 0.4163973864150045 0
4161 0.3326180325945925 0.6088472115595955 0
4162 0.416265708205775 0.2890448199989885 0
4163 0.2555739214894679 0.4748859946411899 0
4164 0.406554467048572 0.01608995029300342 0
4165 0.8667908363839751 0.1605530752165055 0
4166 0.5967812090607612 0.1212928060898069 0
4167 0.255952234738308 0.1398112734790963 0
4168 0.9262396299962494 0.8578468558747684 0
4169 0.1273681038655473 0.5793199378827306 0
4170 0.5993040501162679 0.6049702873384191 0
4171 0.3576376479019289 0.6737217706073308 0
4172 0.7290965347378067 0.4422718425598712 0
4173 0.8689699330781178 0.7909242632850546 0
4174 0.3891404759063338 0.3502496616489964 0
4175 0.507971848539453 0.5660304071993449 0
4176 0.6557298545478538 0.5047371825206528 0
4177 0.2339489714719616 0.7119662927352848 0
4178 0.7723129859965612 0.1113620339013001 0
4179 0.1039043947432798 0.08111537899453702 0
4180 0.09843004806493 0.09644773566381265 0
4181 0.794243648064657 0.8310815510619989 0
4182 0.1471387174705864 0.8021903973414473 0
4183 0.967426536046033 0.8506511092713998 0
4184 0.9740677995761177 0.9317771103371746 0
4185 0.5284927602285214 0.03514068507177714 0
4186 0.1886874561302075 0.1373712582017537 0
4187 0.8320948435444733 0.3366722633550182 0
4188 0.2345896612795748 0.02892757792270295 0
4189 0.05084654837776303 0.4583070316712762 0
4190 0.9486726927704439 0.1684329428301046 0
4191 0.532760639358257 0.9698657547037963 0
4192 0.7846215731220019 0.03034894922167619 0
4193 0.8222799288022732 0.8162029857213723 0
4194 0.03061598993148534 0.2957402434751548 0
4195 0.6310657488393103 0.6804426575936098 0
4196 0.9881605778506429 0.9425889870014891 0
4197 0.1095649846197485 0.2357754954434804 0
4198 0.2186686856942489 0.2639387961769855 0
4199 0.8865594235249963 0.05888826160908445 0
4200 0.5253536902531792 0.5618758722404913 0
4201 0.9687206109337639 0.2576161187682228 0
4202 0.932338947882823 0.8760325226904579 0
4203 0.4846461761685245 0.8155006917149925 0
4204 0.05732967688239587 0.1577643282996766 0
4205 0.8340092985456968 0.7744412529684387 0
4206 0.6298099843548935 0.5889973377714026 0
4207 0.2348646055241423 0.7790873201346138 0
4208 0.4069067791076524 0.46749807837461 0
4209 0.945590827929514 0.09228147470044135 0
4210 0.3446500570746786 0.1637460003582661 0
4211 0.6358502493586402 0.4619335307321718 0
4212 0.6238438866172937 0.4780363986142886 0
4213 0.4415648026700297 0.1033301192444331 0
4214 0.9747126113144358 0.3419964514176526 0
4215 0.8764709389408258 0.522784228294203 0
4216 0.5240686089725823 0.5134609844162463 0
4217 0.1273344433352164 0.6869809027163685 0
4218 0.2365755563757193 0.6139114945572878 0
4219 0.2319969811008377 0.6014278427213435 0
4220 0.1604439591344388 0.2215469107007361 0
4221 0.6343451158854087 0.9511267507630348 0
4222 0.4093930807402726 0.6834042588463926 0
4223 0.5836091736500317 0.5451506392958934 0
4224 0.1969517464143532 0.8633475263987717 0
4225 0.1908500869258477 0.7029983608290613 0
4226 0.3580485705573098 0.6535167735421483 0
4227 0.8918045708201177 0.565639735805866 0
4228 0.9455698440574637 0.03055748854506629 0
4229 0.9703974172345016 0.6838382994755449 0
4230 0.8933483753096561 0.987382431301739 0
4231 0.08364524310119259 0.2970137234325866 0
4232 0.03824199728715905 0.4418661974392513 0
4233 0.7190534168539768 0.1852445868193885 0
4234 0.8611519711362603 0.7829417252835568 0
4235 0.01469227340838053 0.2675585133686745 0
4236 0.2728617936422294 0.4990378025781064 0
4237 0.5377180796765683 0.8520307605743968 0
4238 0.6267570501419428 0.8590918485557049 0
4239 0.03355687127117268 0.589408113307767 0
4240 0.2906874150706003 0.6975807779333378 0
4241 0.2986773180644797 0.2165388091134129 0
4242 0.7658069451858824 0.425731623830615 0
4243 0.02425683218898944 0.4269899790042581 0
4244 0.1109563748884387 0.1071971542657606 0
4245 0.1906092348628298 0.9601998634803367 0
4246 0.945988983480334 0.6234880228032288 0
4247 0.07374770638857125 0.5110103786243518 0
4248 0.2328053358966896 0.8176957352603208 0
4249 0.258386490755553 0.6868574050726964 0
4250 0.7841620980912415 0.318809629378727 0
4251 0.985371629534858 0.1522061165400225 0
4252 0.969546285408607 0.4211207480771116 0
4253 0.7553727439349629 0.330777123249329 0
4254 0.2657974161661857 0.3185788555685198 0
4255 0.0301501882558135 0.851321501897506 0
4256 0.3172036592066942 0.9707781651809155 0
4257 0.6980088932005903 0.8942514369927315 0
4258 0.7475944281869676 0.0733544915197083 0
4259 0.9851687434069353 0.06550329075336947 0
4260 0.06529744186185404 0.4711582623305937 0
4261 0.4132765692801763 0.1931838979733656 0
4262 0.8960819786361482 0.4364282915187505 0
4263 0.6109164831779982 0.1340373209364484 0
4264 0.5789628717480253 0.3442750913299749 0
4265 0.5208889684382308 0.3625468746363039 0
4266 0.9908016740269704 0.5086203699381869 0
4267 0.4540304707248652 0.9708722194036766 0
4268 0.2913750114929622 0.7293897684279268 0
4269 0.204522148600199 0.7712307338396895 0
4270 0.2198820925547797 0.7910413872243313 0
4271 0.3744714390397834 0.6087858683028079 0
4272 0.3392003055289919 0.6466202105361493 0
4273 0.939262528671054 0.6964840998849604 0
4274 0.9534853921221607 0.2873335032367251 0
4275 0.09851052919392067 0.2910574687823748 0
4276 0.2990933413696997 0.223773381335945 0
4277 0.6242973106934333 0.1435697869125531 0
4278 0.1482612289312992 0.4902285867204692 0
4279 0.2832570564863836 0.04718157048377208 0
4280 0.2068555624195006 0.9486161688740183 0
4281 0.5037989780726638 0.04676601578530859 0
4282 0.2881977226996265 0.9884541594498377 0
4283 0.1271527022519684 0.8831837727019134 0
4284 0.01358738900711876 0.01358683820217021 0
4285 0.9015181216815999 0.5064890737059902 0
4286 0.662914613032745 0.7409669429195223 0
4287 0.6168044511206532 0.8890719624573333 0
4288 0.8858636211724178 0.6096142861557625 0
4289 0.6516755680725256 0.7655001206899176 0
4290 0.9221570657495382 0.1082722523017376 0
4291 0.5941677297469906 0.2656873413093145 0
4292 0.4835750298443344 0.306478027290862 0
4293 0.5679049535029728 0.3570432941483642 0
4294 0.9170914598968125 0.6750749707813234 0
4295 0.5799838270253573 0.08453090746128961 0
4296 0.8557329441090209 0.9526399248812222 0
4297 0.6935430998400492 0.8131698264111895 0
4298 0.2602096051184613 0.7108809400923616 0
4299 0.5221259330630625 0.6357878580436498 0
4300 0.05191963287993046 0.8036607197065195 0
4301 0.0314812511284942 0.1787769141255269 0
4302 0.2435162193638657 0.6421669829882168 0
4303 0.4164306365653732 0.970412809391458 0
4304 0.01259157369425201 0.9892350912485119 0
4305 0.882650874518397 0.7202296762070745 0
4306 0.505014768977203 0.7717564353564206 0
4307 0.6564198846093958 0.5544412521855659 0
4308 0.4155077018564579 0.2396178560323477 0
4309 0.3750414492765439 0.3408505237450999 0
4310 0.7236609240065922 0.5417409203883702 0
4311 0.8688777757212643 0.8331806431794275 0
4312 0.09560528530901724 0.1725431109497229 0
4313 0.3661932360349542 0.292006920595573 0
4314 0.648741868225968 0.8734957682753173 0
4315 0.0349840286395211 0.5100092808693495 0
4316 0.7653619099225666 0.02902797572123272 0
4317 0.9061016555148423 0.6878702060344586 0
4318 0.688488015076701 0.3271711872167835 0
4319 0.4704627319350739 0.2843478522131023 0
4320 0.6656123215841837 0.6684964663857468 0
4321 0.06943496567868013 0.0872347649604206 0
4322 0.4189615919456409 0.3153175069640285 0
4323 0.6995917577806354 0.06399462897503227 0
4324 0.6330152245680165 0.3276300045553101 0
4325 0.8298699781942684 0.4209399515314393 0
4326 0.8066097192121831 0.4737941809623879 0
4327 0.7520264790780464 0.1269012488200988 0
4328 0.2716310584017907 0.1697400719105934 0
4329 0.5242975693330156 0.6720163034060572 0
4330 0.5581336435920469 0.7535901271912071 0
4331 0.9119012921996286 0.7200286708434804 0
4332 0.3585732192530001 0.09090451377413938 0
4333 0.07887609865393252 0.2771790899405735 0
4334 0.2250907605977311 0.4131056377074447 0
4335 0.4881783862515736 0.4921039909111681 0
4336 0.3602492511190912 0.5466618732255472 0
4337 0.2556241557910923 0.1584737033103065 0
4338 0.6778014762205644 0.1573643348484483 0
4339 0.7127757647791442 0.3213231783221897 0
4340 0.822972478469659 0.1495702366543376 0
4341 0.864533722939425 0.759242233933481 0
4342 0.5419824983745873 0.01183931307862701 0
4343 0.7932425969357489 0.931685601276911 0
4344 0.3538720364169221 0.9699065248887649 0
4345 0.7483379112661979 0.166802773217364 0
4346 0.8621252622291079 0.7481474792571591 0
4347 0.07191729626458815 0.3520178752176592 0
4348 0.09479506629409212 0.4115811722009109 0
4349 0.7989630301657468 0.4289336319901088 0
4350 0.5190433573850082 0.8774418529098723 0
4351 0.2965249780302067 0.5143438516686915 0
4352 0.6425650474149129 0.8111818113918343 0
4353 0.2024540926952456 0.3876093009486016 0
4354 0.9861356571671082 0.302089729789544 0
4355 0.1837122034800923 0.7240812232236236 0
4356 0.2355546831079359 0.5663084746578912 0
4357 0.1136301257418445 0.4889691803505989 0
4358 0.302945991399207 0.5433641063196833 0
4359 0.3782591129389918 0.6238508771381568 0
4360 0.8677840353434494 0.6531758040647245 0
4361 0.785861479661526 0.8446765907714733 0
4362 0.0300082183161316 0.1011218992105385 0
4363 0.6487001415256463 0.7150526387179155 0
4364 0.2658629103461291 0.9384871053617118 0
4365 0.8916758541763761 0.07682413948963934 0
4366 0.7735694650484131 0.8334053711870548 0
4367 0.5514382106698944 0.9529641084613379 0
4368 0.4325409840046268 0.188717651011867 0
4369 0.4801301339687615 0.3327036144606397 0
4370 0.3533470096248439 0.7578680698419542 0
4371 0.6010233396439107 0.9554085592490136 0
4372 0.3527820428605379 0.6987426726988526 0
4373 0.8301601946905394 0.3931216645147706 0
4374 0.04004785998513116 0.9216654019989985 0
4375 0.9671685994172949 0.1907967546403534 0
4376 0.6967025562766902 0.271314426841803 0
4377 0.3468345943409924 0.01114471327200645 0
4378 0.481140884768735 0.3944231731311014 0
4379 0.7211545753404219 0.8197283413706431 0
4380 0.5866837734838876 0.8577027048030399 0
4381 0.0481913597266368 0.1854004441812008 0
4382 0.8888064622155279 0.5829130841265526 0
4383 0.8976187038785661 0.03089341982126159 0
4384 0.1884123687227521 0.2030542090686426 0
4385 0.8062887938688464 0.9148500043128799 0
4386 0.06156269018971983 0.8784829971848832 0
4387 0.7190748259339448 0.2015734667551205 0
4388 0.2295567002557358 0.2756145597649276 0
4389 0.04871857132706403 0.5815506802991028 0
4390 0.3753928660717537 0.7448305963919797 0
4391 0.5215689039927884 0.8904320219017088 0
4392 0.2652462806736881 0.0440583886659881 0
4393 0.1256362012538041 0.2899369448664911 0
4394 0.2944798672121794 0.2860211358901102 0
4395 0.9264549673289555 0.545389687365354 0
4396 0.5899960821595495 0.02776983737042982 0
4397 0.1434472612862154 0.2855349241257076 0
4398 0.6907430655217749 0.1983105906561892 0
4399 0.2477059253193666 0.6703660647647505 0
4400 0.6628514291337373 0.535926165082018 0
4401 0.08197493811900158 0.8073815903246995 0
4402 0.07437582166607037 0.5773274559470243 0
4403 0.3116751070100466 0.6840738091996088 0
4404 0.3535042904770451 0.7098510692411513 0
4405 0.8944362228613951 0.8853206756889949 0
4406 0.2940124448504771 0.3606798132798198 0
4407 0.9871885844567276 0.5700108650234097 0
4408 0.9443505881041376 0.2109327725417929 0
4409 0.9442336005099581 0.4077731829692032 0
4410 0.2552683282347024 0.2521978037072962 0
4411 0.7289841593126289 0.4746362340797321 0
4412 0.2819836597672235 0.7576938234194671 0
4413 0.972027739205467 0.6650756336109411 0
4414 0.3856796242661912 0.9889645772705365 0
4415 0.3625426576162816 0.03170487950354828 0
4416 0.7999895187371118 0.8972262788046086 0
4417 0.01981286980032659 0.7592935488109409 0
4418 0.9730747217311377 0.9538052525183591 0
4419 0.7335332919288966 0.1756441081245956 0
4420 0.2397514308374264 0.4416785820334697 0
4421 0.5032140889627227 0.07899686594932182 0
4422 0.1577517444119054 0.6006248018585583 0
4423 0.3118886026598435 0.5144977449726815 0
4424 0.6993144067782409 0.3922079799194578 0
4425 0.2867028720604805 0.5670241563047087 0
4426 0.6735740633310923 0.7307557946073904 0
4427 0.057559003032917 0.330807819679014 0
4428 0.3557666265800101 0.6383508851489523 0
4429 0.3080285998163793 0.2364671172348721 0
4430 0.1895625303874348 0.8037516212725251 0
4431 0.8535911972756418 0.1536636263742592 0
4432 0.159168826766856 0.9746064373465462 0
4433 0.3701643688780285 0.229924175947765 0
4434 0.3060185191797115 0.08652144895322333 0
4435 0.9656437874341952 0.5287112553182921 0
4436 0.120091179363024 0.9723899764219806 0
4437 0.972396976239154 0.4472949660024121 0
4438 0.1790083472106743 0.264511128482292 0
4439 0.2259629773145436 0.39731001641717 0
4440 0.082941260327697 0.1008351075066496 0
4441 0.2093488404074895 0.1770997105105395 0
4442 0.01011211396992906 0.4313051732694172 0
4443 0.3549148703101919 0.3836384274420081 0
4444 0.9071167460061182 0.1009613261129754 0
4445 0.5009537237098528 0.5177377274689157 0
4446 0.04776891149750828 0.503300242407458 0
4447 0.4270946682509431 0.4016466204150831 0
4448 0.5203630636531663 0.8600661365901163 0
4449 0.5220027126436788 0.6996721741907825 0
4450 0.9457162689629424 0.3171306081151227 0
4451 0.4873824166616584 0.9694058933225822 0
4452 0.6489104688652136 0.7838236783249889 0
4453 0.7471607341569466 0.02747377644318028 0
4454 0.8913780607478654 0.1964865390610874 0
4455 0.1076111129612198 0.5829968194322008 0
4456 0.5445824106841576 0.7537273373576292 0
4457 0.39629921095605 0.2403954680441319 0
4458 0.01381885114713094 0.4003533922225333 0
4459 0.06708221589967323 0.1695791842708135 0
4460 0.1783404443688213 0.667027039352007 0
4461 0.5489505434924443 0.6407194627121013 0
4462 0.7950021815268334 0.4079090719363748 0
4463 0.2104978953006209 0.5692790480501828 0
4464 0.006527131098410632 0.7388196606537232 0
$EndNodes
$Elements
8708
1 2 2 2 2 9 1201 8
2 2 2 2 2 15 1201 14
3 2 2 2 2 18 1204 17
4 2 2 2 2 7 1203 931
5 2 2 2 2 16 1203 15
6 2 2 2 2 16 1205 1203
7 2 2 2 2 6 1208 5
8 2 2 2 2 17 1205 16
9 2 2 2 2 931 1205 6
10 2 2 2 2 1204 1205 17
11 2 2 2 2 1203 1205 931
12 2 2 2 2 1205 1208 6
13 2 2 2 2 3 1206 2
14 2 2 2 2 1203 1207 15
15 2 2 2 2 1204 1208 1205
16 2 2 2 2 15 1207 1201
17 2 2 2 2 7 1207 1203
18 2 2 2 2 2 1200 1
19 2 2 2 2 1200 1204 18
20 2 2 2 2 19 1200 18
21 2 2 2 2 5 1206 4
22 2 2 2 2 8 1207 7
23 2 2 2 2 5 1208 1206
24 2 2 2 2 2 1206 1200
25 2 2 2 2 4 1206 3
26 2 2 2 2 14 1202 13
27 2 2 2 2 1206 1208 1204
28 2 2 2 2 13 1202 12
29 2 2 2 2 1200 1206 1204
30 2 2 2 2 1201 1202 14
31 2 2 2 2 1201 1207 8
32 2 2 2 2 1 1200 19
33 2 2 2 2 9 1202 1201
34 2 2 2 2 12 1202 11
35 2 2 2 2 10 1202 9
36 2 2 2 2 11 1202 10
37 2 2 2 3 24 1213 23
38 2 2 2 3 32 1210 31
39 2 2 2 3 1210 1212 31
40 2 2 2 3 26 1209 25
41 2 2 2 3 1211 1213 24
42 2 2 2 3 27 1209 26
43 2 2 2 3 1209 1211 25
44 2 2 2 3 1211 1212 1210
45 2 2 2 3 1210 1213 1211
46 2 2 2 3 33 1210 32
47 2 2 2 3 21 1210 20
48 2 2 2 3 23 1213 22
49 2 2 2 3 1209 1212 1211
50 2 2 2 3 20 1210 33
51 2 2 2 3 30 1212 1209
52 2 2 2 3 28 1209 27
53 2 2 2 3 21 1213 1210
54 2 2 2 3 22 1213 21
55 2 2 2 3 30 1209 29
56 2 2 2 3 29 1209 28
57 2 2 2 3 25 1211 24
58 2 2 2 3 31 1212 30
59 2 2 2 4 41 1217 1216
60 2 2 2 4 34 1214 49
61 2 2 2 4 39 1219 38
62 2 2 2 4 1214 1215 48
63 2 2 2 4 47 1215 46
64 2 2 2 4 49 1214 48
65 2 2 2 4 35 1218 34
66 2 2 2 4 1214 1216 1215
67 2 2 2 4 1216 1217 1215
68 2 2 2 4 34 1218 1214
69 2 2 2 4 1214 1219 1216
70 2 2 2 4 36 1218 35
71 2 2 2 4 38 1218 37
72 2 2 2 4 1218 1219 1214
73 2 2 2 4 1217 1220 1215
74 2 2 2 4 1215 1220 46
75 2 2 2 4 38 1219 1218
76 2 2 2 4 44 1217 43
77 2 2 2 4 42 1217 41
78 2 2 2 4 40 1216 39
79 2 2 2 4 37 1218 36
80 2 2 2 4 1216 1219 39
81 2 2 2 4 46 1220 45
82 2 2 2 4 43 1217 42
83 2 2 2 4 45 1220 44
84 2 2 2 4 44 1220 1217
85 2 2 2 4 41 1216 40
86 2 2 2 4 48 1215 47
87 2 2 2 5 57 1224 56
88 2 2 2 5 51 1221 50
89 2 2 2 5 1221 1223 50
90 2 2 2 5 58 1222 57
91 2 2 2 5 59 1222 58
92 2 2 2 5 1221 1225 1223
93 2 2 2 5 1223 1225 1224
94 2 2 2 5 54 1221 53
95 2 2 2 5 52 1221 51
96 2 2 2 5 1224 1225 56
97 2 2 2 5 1222 1224 57
98 2 2 2 5 62 1223 1222
99 2 2 2 5 56 1225 55
100 2 2 2 5 53 1221 52
101 2 2 2 5 1223 1224 1222
102 2 2 2 5 60 1222 59
103 2 2 2 5 54 1225 1221
104 2 2 2 5 55 1225 54
105 2 2 2 5 62 1222 61
106 2 2 2 5 61 1222 60
107 2 2 2 5 50 1223 63
108 2 2 2 5 63 1223 62
109 2 2 2 6 68 1227 67
110 2 2 2 6 78 1233 936
111 2 2 2 6 69 1230 1228
112 2 2 2 6 74 1226 73
113 2 2 2 6 936 1233 1229
114 2 2 2 6 932 1230 69
115 2 2 2 6 79 1228 937
116 2 2 2 6 69 1236 68
117 2 2 2 6 935 1235 77
118 2 2 2 6 934 1231 933
119 2 2 2 6 70 1233 932
120 2 2 2 6 936 1231 935
121 2 2 2 6 1229 1231 936
122 2 2 2 6 68 1236 1227
123 2 2 2 6 1230 1233 78
124 2 2 2 6 937 1230 78
125 2 2 2 6 1228 1236 69
126 2 2 2 6 1228 1230 937
127 2 2 2 6 64 1234 80
128 2 2 2 6 933 1231 1229
129 2 2 2 6 71 1237 934
130 2 2 2 6 67 1227 66
131 2 2 2 6 65 1227 64
132 2 2 2 6 933 1229 70
133 2 2 2 6 79 1234 1228
134 2 2 2 6 932 1233 1230
135 2 2 2 6 1229 1233 70
136 2 2 2 6 80 1234 79
137 2 2 2 6 74 1232 1226
138 2 2 2 6 77 1235 1232
139 2 2 2 6 73 1226 72
140 2 2 2 6 75 1232 74
141 2 2 2 6 934 1237 1231
142 2 2 2 6 1227 1236 1234
143 2 2 2 6 1227 1234 64
144 2 2 2 6 1231 1235 935
145 2 2 2 6 1234 1236 1228
146 2 2 2 6 77 1232 76
147 2 2 2 6 66 1227 65
148 2 2 2 6 1232 1235 1226
149 2 2 2 6 1231 1237 1235
150 2 2 2 6 1235 1237 1226
151 2 2 2 6 72 1226 71
152 2 2 2 6 76 1232 75
153 2 2 2 6 1226 1237 71
154 2 2 2 7 86 1240 85
155 2 2 2 7 94 1244 93
156 2 2 2 7 92 1242 91
157 2 2 2 7 83 1238 82
158 2 2 2 7 82 1243 81
159 2 2 2 7 84 1238 83
160 2 2 2 7 91 1239 90
161 2 2 2 7 87 1239 86
162 2 2 2 7 1238 1243 82
163 2 2 2 7 1239 1240 86
164 2 2 2 7 1238 1245 1244
165 2 2 2 7 91 1242 1239
166 2 2 2 7 1240 1242 1241
167 2 2 2 7 1244 1245 1241
168 2 2 2 7 1241 1245 1240
169 2 2 2 7 81 1243 96
170 2 2 2 7 1238 1244 1243
171 2 2 2 7 1239 1242 1240
172 2 2 2 7 85 1245 84
173 2 2 2 7 90 1239 89
174 2 2 2 7 88 1239 87
175 2 2 2 7 95 1243 94
176 2 2 2 7 1243 1244 94
177 2 2 2 7 93 1241 92
178 2 2 2 7 1241 1242 92
179 2 2 2 7 84 1245 1238
180 2 2 2 7 1240 1245 85
181 2 2 2 7 96 1243 95
182 2 2 2 7 89 1239 88
183 2 2 2 7 93 1244 1241
184 2 2 2 8 103 1250 102
185 2 2 2 8 102 1251 101
186 2 2 2 8 115 1250 114
187 2 2 2 8 1248 1250 103
188 2 2 2 8 112 1249 111
189 2 2 2 8 97 1247 116
190 2 2 2 8 104 1248 103
191 2 2 2 8 116 1251 115
192 2 2 2 8 113 1255 112
193 2 2 2 8 1250 1251 102
194 2 2 2 8 98 1247 97
195 2 2 2 8 1248 1252 1250
196 2 2 2 8 101 1251 1247
197 2 2 2 8 1247 1251 116
198 2 2 2 8 111 1249 1246
199 2 2 2 8 1250 1252 114
200 2 2 2 8 104 1253 1248
201 2 2 2 8 1249 1255 1253
202 2 2 2 8 112 1255 1249
203 2 2 2 8 1253 1255 1248
204 2 2 2 8 107 1246 106
205 2 2 2 8 115 1251 1250
206 2 2 2 8 111 1246 110
207 2 2 2 8 1246 1254 106
208 2 2 2 8 114 1252 113
209 2 2 2 8 1249 1254 1246
210 2 2 2 8 105 1253 104
211 2 2 2 8 1252 1255 113
212 2 2 2 8 1248 1255 1252
213 2 2 2 8 99 1247 98
214 2 2 2 8 105 1254 1253
215 2 2 2 8 108 1246 107
216 2 2 2 8 110 1246 109
217 2 2 2 8 101 1247 100
218 2 2 2 8 1253 1254 1249
219 2 2 2 8 100 1247 99
220 2 2 2 8 109 1246 108
221 2 2 2 8 106 1254 105
222 2 2 2 9 939 1259 938
223 2 2 2 9 121 1261 120
224 2 2 2 9 939 1260 1259
225 2 2 2 9 130 1259 129
226 2 2 2 9 123 1256 122
227 2 2 2 9 941 1258 128
228 2 2 2 9 122 1258 940
229 2 2 2 9 1259 1260 129
230 2 2 2 9 129 1260 941
231 2 2 2 9 938 1261 121
232 2 2 2 9 124 1256 123
233 2 2 2 9 117 1262 131
234 2 2 2 9 1256 1258 122
235 2 2 2 9 940 1260 939
236 2 2 2 9 120 1261 1257
237 2 2 2 9 1259 1261 938
238 2 2 2 9 130 1262 1259
239 2 2 2 9 120 1257 119
240 2 2 2 9 118 1257 117
241 2 2 2 9 128 1258 1256
242 2 2 2 9 1258 1260 940
243 2 2 2 9 128 1256 127
244 2 2 2 9 131 1262 130
245 2 2 2 9 941 1260 1258
246 2 2 2 9 1257 1262 117
247 2 2 2 9 119 1257 118
248 2 2 2 9 125 1256 124
249 2 2 2 9 127 1256 126
250 2 2 2 9 1259 1262 1261
251 2 2 2 9 1261 1262 1257
252 2 2 2 9 126 1256 125
253 2 2 2 10 137 1264 136
254 2 2 2 10 144 1263 143
255 2 2 2 10 142 1269 1264
256 2 2 2 10 138 1264 137
257 2 2 2 10 136 1265 135
258 2 2 2 10 1264 1265 136
259 2 2 2 10 135 1267 134
260 2 2 2 10 1264 1269 1265
261 2 2 2 10 147 1268 146
262 2 2 2 10 145 1268 144
263 2 2 2 10 134 1267 1266
264 2 2 2 10 132 1266 147
265 2 2 2 10 134 1266 133
266 2 2 2 10 1263 1268 1267
267 2 2 2 10 143 1269 142
268 2 2 2 10 146 1268 145
269 2 2 2 10 1267 1268 1266
270 2 2 2 10 144 1268 1263
271 2 2 2 10 139 1264 138
272 2 2 2 10 141 1264 140
273 2 2 2 10 1265 1267 135
274 2 2 2 10 1267 1269 1263
275 2 2 2 10 1266 1268 147
276 2 2 2 10 1265 1269 1267
277 2 2 2 10 133 1266 132
278 2 2 2 10 1263 1269 143
279 2 2 2 10 140 1264 139
280 2 2 2 10 142 1264 141
281 2 2 2 11 162 1274 161
282 2 2 2 11 152 1270 151
283 2 2 2 11 161 1274 1272
284 2 2 2 11 161 1273 160
285 2 2 2 11 1272 1276 161
286 2 2 2 11 152 1272 1270
287 2 2 2 11 148 1274 163
288 2 2 2 11 160 1273 1271
289 2 2 2 11 151 1270 150
290 2 2 2 11 149 1270 148
291 2 2 2 11 161 1276 1273
292 2 2 2 11 1272 1274 1270
293 2 2 2 11 163 1274 162
294 2 2 2 11 156 1271 155
295 2 2 2 11 1270 1274 148
296 2 2 2 11 160 1271 159
297 2 2 2 11 153 1276 1272
298 2 2 2 11 1273 1275 1271
299 2 2 2 11 154 1276 153
300 2 2 2 11 1275 1276 154
301 2 2 2 11 150 1270 149
302 2 2 2 11 1271 1275 155
303 2 2 2 11 159 1271 158
304 2 2 2 11 157 1271 156
305 2 2 2 11 1273 1276 1275
306 2 2 2 11 158 1271 157
307 2 2 2 11 153 1272 152
308 2 2 2 11 155 1275 154
309 2 2 2 12 182 1284 944
310 2 2 2 12 169 1278 168
311 2 2 2 12 173 1285 172
312 2 2 2 12 169 1279 1278
313 2 2 2 12 180 1280 179
314 2 2 2 12 1279 1281 944
315 2 2 2 12 1281 1282 181
316 2 2 2 12 181 1282 943
317 2 2 2 12 170 1279 169
318 2 2 2 12 944 1281 181
319 2 2 2 12 944 1284 1279
320 2 2 2 12 179 1280 1277
321 2 2 2 12 179 1277 178
322 2 2 2 12 943 1283 180
323 2 2 2 12 172 1285 1280
324 2 2 2 12 942 1281 170
325 2 2 2 12 1282 1283 943
326 2 2 2 12 942 1282 1281
327 2 2 2 12 172 1283 171
328 2 2 2 12 171 1282 942
329 2 2 2 12 1279 1284 1278
330 2 2 2 12 165 1284 164
331 2 2 2 12 170 1281 1279
332 2 2 2 12 1280 1283 172
333 2 2 2 12 171 1283 1282
334 2 2 2 12 1280 1285 1277
335 2 2 2 12 166 1278 165
336 2 2 2 12 168 1278 167
337 2 2 2 12 180 1283 1280
338 2 2 2 12 175 1285 174
339 2 2 2 12 164 1284 182
340 2 2 2 12 178 1277 177
341 2 2 2 12 176 1277 175
342 2 2 2 12 1278 1284 165
343 2 2 2 12 167 1278 166
344 2 2 2 12 174 1285 173
345 2 2 2 12 1277 1285 175
346 2 2 2 12 177 1277 176
347 2 2 2 13 199 1293 198
348 2 2 2 13 189 1294 948
349 2 2 2 13 188 1287 187
350 2 2 2 13 195 1286 194
351 2 2 2 13 949 1289 195
352 2 2 2 13 945 1288 188
353 2 2 2 13 195 1289 1286
354 2 2 2 13 188 1288 1287
355 2 2 2 13 1288 1290 198
356 2 2 2 13 198 1293 1288
357 2 2 2 13 948 1294 1289
358 2 2 2 13 1290 1291 197
359 2 2 2 13 198 1290 197
360 2 2 2 13 197 1291 196
361 2 2 2 13 196 1292 949
362 2 2 2 13 1291 1292 196
363 2 2 2 13 948 1292 947
364 2 2 2 13 1289 1292 948
365 2 2 2 13 946 1290 945
366 2 2 2 13 946 1291 1290
367 2 2 2 13 947 1291 946
368 2 2 2 13 945 1290 1288
369 2 2 2 13 947 1292 1291
370 2 2 2 13 184 1293 183
371 2 2 2 13 191 1294 190
372 2 2 2 13 949 1292 1289
373 2 2 2 13 1289 1294 1286
374 2 2 2 13 1288 1293 1287
375 2 2 2 13 187 1287 186
376 2 2 2 13 185 1287 184
377 2 2 2 13 194 1286 193
378 2 2 2 13 192 1286 191
379 2 2 2 13 183 1293 199
380 2 2 2 13 190 1294 189
381 2 2 2 13 1287 1293 184
382 2 2 2 13 1286 1294 191
383 2 2 2 13 186 1287 185
384 2 2 2 13 193 1286 192
385 2 2 2 14 207 1302 206
386 2 2 2 14 216 1303 953
387 2 2 2 14 204 1296 203
388 2 2 2 14 952 1298 213
389 2 2 2 14 205 1297 204
390 2 2 2 14 204 1297 1296
391 2 2 2 14 210 1302 209
392 2 2 2 14 1297 1300 953
393 2 2 2 14 215 1299 214
394 2 2 2 14 215 1300 1299
395 2 2 2 14 953 1300 215
396 2 2 2 14 953 1303 1297
397 2 2 2 14 206 1302 1298
398 2 2 2 14 206 1301 951
399 2 2 2 14 214 1301 952
400 2 2 2 14 213 1298 1295
401 2 2 2 14 1298 1301 206
402 2 2 2 14 951 1299 950
403 2 2 2 14 950 1300 205
404 2 2 2 14 1299 1300 950
405 2 2 2 14 1299 1301 214
406 2 2 2 14 205 1300 1297
407 2 2 2 14 1297 1303 1296
408 2 2 2 14 200 1303 217
409 2 2 2 14 951 1301 1299
410 2 2 2 14 952 1301 1298
411 2 2 2 14 201 1296 200
412 2 2 2 14 203 1296 202
413 2 2 2 14 1298 1302 1295
414 2 2 2 14 209 1302 208
415 2 2 2 14 1295 1302 210
416 2 2 2 14 211 1295 210
417 2 2 2 14 217 1303 216
418 2 2 2 14 213 1295 212
419 2 2 2 14 1296 1303 200
420 2 2 2 14 202 1296 201
421 2 2 2 14 208 1302 207
422 2 2 2 14 212 1295 211
423 2 2 2 15 219 1305 218
424 2 2 2 15 218 1305 231
425 2 2 2 15 220 1305 219
426 2 2 2 15 1305 1306 231
427 2 2 2 15 224 1305 223
428 2 2 2 15 230 1306 1304
429 2 2 2 15 224 1306 1305
430 2 2 2 15 1304 1306 225
431 2 2 2 15 223 1305 222
432 2 2 2 15 221 1305 220
433 2 2 2 15 230 1304 229
434 2 2 2 15 226 1304 225
435 2 2 2 15 222 1305 221
436 2 2 2 15 229 1304 228
437 2 2 2 15 227 1304 226
438 2 2 2 15 228 1304 227
439 2 2 2 15 225 1306 224
440 2 2 2 15 231 1306 230
441 2 2 2 16 244 1308 243
442 2 2 2 16 1308 1309 243
443 2 2 2 16 1307 1310 236
444 2 2 2 16 1308 1310 1309
445 2 2 2 16 234 1312 233
446 2 2 2 16 1309 1310 1307
447 2 2 2 16 233 1308 232
448 2 2 2 16 245 1308 244
449 2 2 2 16 240 1311 239
450 2 2 2 16 1308 1312 1310
451 2 2 2 16 1307 1311 1309
452 2 2 2 16 239 1307 238
453 2 2 2 16 233 1312 1308
454 2 2 2 16 1309 1311 242
455 2 2 2 16 237 1307 236
456 2 2 2 16 242 1311 241
457 2 2 2 16 235 1312 234
458 2 2 2 16 232 1308 245
459 2 2 2 16 241 1311 240
460 2 2 2 16 239 1311 1307
461 2 2 2 16 1310 1312 235
462 2 2 2 16 238 1307 237
463 2 2 2 16 236 1310 235
464 2 2 2 16 243 1309 242
465 2 2 2 17 252 1313 251
466 2 2 2 17 250 1314 249
467 2 2 2 17 1313 1316 251
468 2 2 2 17 253 1313 252
469 2 2 2 17 257 1313 256
470 2 2 2 17 250 1316 1314
471 2 2 2 17 257 1315 1313
472 2 2 2 17 1315 1316 1313
473 2 2 2 17 246 1317 259
474 2 2 2 17 247 1314 246
475 2 2 2 17 249 1314 248
476 2 2 2 17 1316 1317 1314
477 2 2 2 17 254 1313 253
478 2 2 2 17 256 1313 255
479 2 2 2 17 259 1317 258
480 2 2 2 17 258 1317 1315
481 2 2 2 17 1315 1317 1316
482 2 2 2 17 1314 1317 246
483 2 2 2 17 248 1314 247
484 2 2 2 17 255 1313 254
485 2 2 2 17 251 1316 250
486 2 2 2 17 258 1315 257
487 2 2 2 18 263 1320 262
488 2 2 2 18 261 1324 954
489 2 2 2 18 269 1319 268
490 2 2 2 18 1319 1324 261
491 2 2 2 18 278 1318 277
492 2 2 2 18 272 1327 271
493 2 2 2 18 279 1321 278
494 2 2 2 18 270 1324 269
495 2 2 2 18 278 1321 1318
496 2 2 2 18 260 1323 279
497 2 2 2 18 271 1327 1323
498 2 2 2 18 1322 1323 260
499 2 2 2 18 954 1322 260
500 2 2 2 18 955 1322 270
501 2 2 2 18 954 1324 1322
502 2 2 2 18 271 1323 955
503 2 2 2 18 1323 1327 1321
504 2 2 2 18 1320 1326 262
505 2 2 2 18 269 1324 1319
506 2 2 2 18 262 1326 1319
507 2 2 2 18 955 1323 1322
508 2 2 2 18 279 1323 1321
509 2 2 2 18 1322 1324 270
510 2 2 2 18 1319 1326 268
511 2 2 2 18 274 1325 273
512 2 2 2 18 1321 1325 1318
513 2 2 2 18 277 1318 276
514 2 2 2 18 275 1318 274
515 2 2 2 18 273 1325 272
516 2 2 2 18 1321 1327 1325
517 2 2 2 18 1318 1325 274
518 2 2 2 18 276 1318 275
519 2 2 2 18 1325 1327 272
520 2 2 2 18 266 1320 265
521 2 2 2 18 262 1319 261
522 2 2 2 18 267 1320 266
523 2 2 2 18 265 1320 264
524 2 2 2 18 267 1326 1320
525 2 2 2 18 264 1320 263
526 2 2 2 18 268 1326 267
527 2 2 2 19 287 1328 286
528 2 2 2 19 292 1334 291
529 2 2 2 19 293 1331 292
530 2 2 2 19 297 1329 296
531 2 2 2 19 284 1330 283
532 2 2 2 19 288 1328 287
533 2 2 2 19 286 1334 285
534 2 2 2 19 1329 1336 296
535 2 2 2 19 956 1337 294
536 2 2 2 19 295 1336 956
537 2 2 2 19 291 1334 1328
538 2 2 2 19 293 1335 1331
539 2 2 2 19 285 1331 284
540 2 2 2 19 1331 1334 292
541 2 2 2 19 1333 1337 1336
542 2 2 2 19 1328 1334 286
543 2 2 2 19 284 1331 1330
544 2 2 2 19 285 1334 1331
545 2 2 2 19 1333 1336 1332
546 2 2 2 19 1336 1337 956
547 2 2 2 19 1330 1333 283
548 2 2 2 19 1331 1335 1330
549 2 2 2 19 298 1329 297
550 2 2 2 19 281 1332 1329
551 2 2 2 19 281 1329 280
552 2 2 2 19 294 1337 1335
553 2 2 2 19 1330 1337 1333
554 2 2 2 19 289 1328 288
555 2 2 2 19 1332 1336 1329
556 2 2 2 19 282 1333 1332
557 2 2 2 19 294 1335 293
558 2 2 2 19 283 1333 282
559 2 2 2 19 1335 1337 1330
560 2 2 2 19 291 1328 290
561 2 2 2 19 280 1329 298
562 2 2 2 19 290 1328 289
563 2 2 2 19 282 1332 281
564 2 2 2 19 296 1336 295
565 2 2 2 20 306 1339 305
566 2 2 2 20 312 1339 311
567 2 2 2 20 1338 1339 313
568 2 2 2 20 1339 1342 305
569 2 2 2 20 305 1342 304
570 2 2 2 20 1338 1342 1339
571 2 2 2 20 301 1343 300
572 2 2 2 20 299 1343 314
573 2 2 2 20 302 1341 301
574 2 2 2 20 304 1341 303
575 2 2 2 20 306 1340 1339
576 2 2 2 20 304 1342 1341
577 2 2 2 20 308 1340 307
578 2 2 2 20 300 1343 299
579 2 2 2 20 307 1340 306
580 2 2 2 20 314 1343 1338
581 2 2 2 20 1341 1343 301
582 2 2 2 20 1338 1343 1342
583 2 2 2 20 1342 1343 1341
584 2 2 2 20 309 1340 308
585 2 2 2 20 303 1341 302
586 2 2 2 20 310 1340 309
587 2 2 2 20 1339 1340 311
588 2 2 2 20 311 1340 310
589 2 2 2 20 314 1338 313
590 2 2 2 20 313 1339 312
591 2 2 2 21 957 1347 319
592 2 2 2 21 329 1347 328
593 2 2 2 21 959 1346 327
594 2 2 2 21 320 1348 957
595 2 2 2 21 319 1344 318
596 2 2 2 21 319 1347 1344
597 2 2 2 21 957 1348 1347
598 2 2 2 21 1347 1348 328
599 2 2 2 21 328 1348 959
600 2 2 2 21 329 1350 1347
601 2 2 2 21 315 1350 330
602 2 2 2 21 959 1349 1346
603 2 2 2 21 320 1349 1348
604 2 2 2 21 316 1344 315
605 2 2 2 21 318 1344 317
606 2 2 2 21 327 1345 326
607 2 2 2 21 321 1346 958
608 2 2 2 21 958 1349 320
609 2 2 2 21 326 1345 325
610 2 2 2 21 1347 1350 1344
611 2 2 2 21 322 1345 321
612 2 2 2 21 1348 1349 959
613 2 2 2 21 330 1350 329
614 2 2 2 21 327 1346 1345
615 2 2 2 21 1344 1350 315
616 2 2 2 21 317 1344 316
617 2 2 2 21 1345 1346 321
618 2 2 2 21 1346 1349 958
619 2 2 2 21 323 1345 322
620 2 2 2 21 325 1345 324
621 2 2 2 21 324 1345 323
622 2 2 2 22 332 1352 331
623 2 2 2 22 337 1357 336
624 2 2 2 22 333 1355 1353
625 2 2 2 22 960 1355 333
626 2 2 2 22 960 1356 1355
627 2 2 2 22 961 1356 960
628 2 2 2 22 334 1354 962
629 2 2 2 22 342 1353 965
630 2 2 2 22 963 1361 340
631 2 2 2 22 333 1360 332
632 2 2 2 22 962 1358 961
633 2 2 2 22 1353 1360 333
634 2 2 2 22 961 1358 1356
635 2 2 2 22 332 1360 1352
636 2 2 2 22 341 1358 963
637 2 2 2 22 965 1355 964
638 2 2 2 22 1355 1356 964
639 2 2 2 22 964 1356 341
640 2 2 2 22 963 1358 1354
641 2 2 2 22 1353 1355 965
642 2 2 2 22 344 1359 343
643 2 2 2 22 1351 1357 337
644 2 2 2 22 1356 1358 341
645 2 2 2 22 1354 1358 962
646 2 2 2 22 342 1359 1353
647 2 2 2 22 1354 1361 963
648 2 2 2 22 331 1352 346
649 2 2 2 22 345 1352 344
650 2 2 2 22 334 1357 1354
651 2 2 2 22 336 1357 335
652 2 2 2 22 338 1351 337
653 2 2 2 22 340 1351 339
654 2 2 2 22 343 1359 342
655 2 2 2 22 1352 1360 1359
656 2 2 2 22 340 1361 1351
657 2 2 2 22 1351 1361 1357
658 2 2 2 22 1357 1361 1354
659 2 2 2 22 1352 1359 344
660 2 2 2 22 1359 1360 1353
661 2 2 2 22 346 1352 345
662 2 2 2 22 335 1357 334
663 2 2 2 22 339 1351 338
664 2 2 2 23 358 1362 359
665 2 2 2 23 348 1363 966
666 2 2 2 23 357 1365 358
667 2 2 2 23 1363 1364 966
668 2 2 2 23 966 1364 350
669 2 2 2 23 356 1365 357
670 2 2 2 23 1363 1366 1364
671 2 2 2 23 1362 1366 1363
672 2 2 2 23 358 1365 1362
673 2 2 2 23 350 1364 351
674 2 2 2 23 353 1366 1365
675 2 2 2 23 1365 1366 1362
676 2 2 2 23 359 1363 360
677 2 2 2 23 351 1364 352
678 2 2 2 23 355 1365 356
679 2 2 2 23 1362 1363 359
680 2 2 2 23 353 1365 354
681 2 2 2 23 1364 1366 352
682 2 2 2 23 360 1363 348
683 2 2 2 23 354 1365 355
684 2 2 2 23 349 347 350
685 2 2 2 23 352 1366 353
686 2 2 2 23 347 966 350
687 2 2 2 24 372 1368 362
688 2 2 2 24 369 1369 370
689 2 2 2 24 368 1370 967
690 2 2 2 24 1368 1370 366
691 2 2 2 24 1367 1368 366
692 2 2 2 24 371 1369 372
693 2 2 2 24 967 1370 1368
694 2 2 2 24 1368 1369 967
695 2 2 2 24 372 1369 1368
696 2 2 2 24 362 1368 1367
697 2 2 2 24 365 1367 366
698 2 2 2 24 362 1367 361
699 2 2 2 24 367 1370 368
700 2 2 2 24 370 1369 371
701 2 2 2 24 361 1367 363
702 2 2 2 24 364 1367 365
703 2 2 2 24 363 1367 364
704 2 2 2 24 967 1369 369
705 2 2 2 24 366 1370 367
706 2 2 2 27 968 1374 374
707 2 2 2 27 383 1374 974
708 2 2 2 27 376 1373 970
709 2 2 2 27 971 1373 382
710 2 2 2 27 382 1371 381
711 2 2 2 27 374 1372 373
712 2 2 2 27 374 1374 1372
713 2 2 2 27 381 1371 380
714 2 2 2 27 971 1377 1373
715 2 2 2 27 1373 1377 970
716 2 2 2 27 968 1375 1374
717 2 2 2 27 375 1375 968
718 2 2 2 27 973 1376 972
719 2 2 2 27 974 1375 973
720 2 2 2 27 1376 1377 972
721 2 2 2 27 1374 1375 974
722 2 2 2 27 972 1377 971
723 2 2 2 27 969 1376 375
724 2 2 2 27 969 1377 1376
725 2 2 2 27 382 1373 1371
726 2 2 2 27 970 1377 969
727 2 2 2 27 1375 1376 973
728 2 2 2 27 375 1376 1375
729 2 2 2 27 383 1378 1374
730 2 2 2 27 1371 1373 376
731 2 2 2 27 377 1371 376
732 2 2 2 27 385 1378 384
733 2 2 2 27 1374 1378 1372
734 2 2 2 27 373 1372 387
735 2 2 2 27 386 1372 385
736 2 2 2 27 384 1378 383
737 2 2 2 27 378 1371 377
738 2 2 2 27 380 1371 379
739 2 2 2 27 1372 1378 385
740 2 2 2 27 387 1372 386
741 2 2 2 27 379 1371 378
742 2 2 2 28 401 1382 400
743 2 2 2 28 397 1381 396
744 2 2 2 28 1380 1381 397
745 2 2 2 28 388 1382 401
746 2 2 2 28 390 1382 389
747 2 2 2 28 1380 1382 1381
748 2 2 2 28 1381 1382 1379
749 2 2 2 28 400 1382 1380
750 2 2 2 28 400 1380 399
751 2 2 2 28 398 1380 397
752 2 2 2 28 389 1382 388
753 2 2 2 28 394 1383 393
754 2 2 2 28 392 1383 391
755 2 2 2 28 391 1379 390
756 2 2 2 28 1379 1383 1381
757 2 2 2 28 395 1381 394
758 2 2 2 28 393 1383 392
759 2 2 2 28 1379 1382 390
760 2 2 2 28 399 1380 398
761 2 2 2 28 1381 1383 394
762 2 2 2 28 396 1381 395
763 2 2 2 28 391 1383 1379
764 2 2 2 29 402 1391 419
765 2 2 2 29 408 1385 407
766 2 2 2 29 411 1387 410
767 2 2 2 29 409 1386 408
768 2 2 2 29 977 1387 417
769 2 2 2 29 408 1386 1385
770 2 2 2 29 419 1391 1386
771 2 2 2 29 975 1388 409
772 2 2 2 29 975 1389 1388
773 2 2 2 29 976 1389 975
774 2 2 2 29 1384 1387 411
775 2 2 2 29 410 1390 976
776 2 2 2 29 1386 1388 419
777 2 2 2 29 976 1390 1389
778 2 2 2 29 1387 1390 410
779 2 2 2 29 419 1388 978
780 2 2 2 29 1388 1389 978
781 2 2 2 29 978 1389 418
782 2 2 2 29 418 1390 977
783 2 2 2 29 1389 1390 418
784 2 2 2 29 977 1390 1387
785 2 2 2 29 404 1391 403
786 2 2 2 29 409 1388 1386
787 2 2 2 29 1387 1392 417
788 2 2 2 29 407 1385 406
789 2 2 2 29 405 1385 404
790 2 2 2 29 1386 1391 1385
791 2 2 2 29 415 1392 414
792 2 2 2 29 403 1391 402
793 2 2 2 29 1384 1392 1387
794 2 2 2 29 414 1384 413
795 2 2 2 29 1385 1391 404
796 2 2 2 29 406 1385 405
797 2 2 2 29 412 1384 411
798 2 2 2 29 417 1392 416
799 2 2 2 29 416 1392 415
800 2 2 2 29 414 1392 1384
801 2 2 2 29 413 1384 412
802 2 2 2 30 423 1403 422
803 2 2 2 30 436 1396 435
804 2 2 2 30 424 1398 423
805 2 2 2 30 423 1398 1396
806 2 2 2 30 1393 1396 436
807 2 2 2 30 425 1399 424
808 2 2 2 30 433 1400 432
809 2 2 2 30 437 1393 436
810 2 2 2 30 435 1398 434
811 2 2 2 30 428 1394 427
812 2 2 2 30 432 1394 431
813 2 2 2 30 1396 1398 435
814 2 2 2 30 1396 1403 423
815 2 2 2 30 1393 1403 1396
816 2 2 2 30 1398 1401 434
817 2 2 2 30 1400 1401 1395
818 2 2 2 30 434 1401 433
819 2 2 2 30 432 1400 1394
820 2 2 2 30 424 1399 1398
821 2 2 2 30 433 1401 1400
822 2 2 2 30 1402 1403 1393
823 2 2 2 30 1399 1401 1398
824 2 2 2 30 422 1403 1402
825 2 2 2 30 1394 1397 427
826 2 2 2 30 420 1393 439
827 2 2 2 30 438 1393 437
828 2 2 2 30 1395 1401 1399
829 2 2 2 30 1397 1400 1395
830 2 2 2 30 1395 1399 425
831 2 2 2 30 431 1394 430
832 2 2 2 30 429 1394 428
833 2 2 2 30 1394 1400 1397
834 2 2 2 30 426 1397 1395
835 2 2 2 30 426 1395 425
836 2 2 2 30 422 1402 421
837 2 2 2 30 439 1393 438
838 2 2 2 30 430 1394 429
839 2 2 2 30 420 1402 1393
840 2 2 2 30 421 1402 420
841 2 2 2 30 427 1397 426
842 2 2 2 31 981 1407 454
843 2 2 2 31 442 1409 441
844 2 2 2 31 979 1413 445
845 2 2 2 31 1407 1412 454
846 2 2 2 31 448 1407 447
847 2 2 2 31 456 1406 983
848 2 2 2 31 983 1408 982
849 2 2 2 31 982 1410 455
850 2 2 2 31 1408 1410 982
851 2 2 2 31 1410 1411 455
852 2 2 2 31 455 1411 981
853 2 2 2 31 981 1411 1407
854 2 2 2 31 446 1408 979
855 2 2 2 31 446 1410 1408
856 2 2 2 31 980 1410 446
857 2 2 2 31 980 1411 1410
858 2 2 2 31 1408 1413 979
859 2 2 2 31 1406 1413 1408
860 2 2 2 31 447 1411 980
861 2 2 2 31 1404 1407 448
862 2 2 2 31 1407 1411 447
863 2 2 2 31 1405 1409 442
864 2 2 2 31 1406 1408 983
865 2 2 2 31 441 1409 440
866 2 2 2 31 456 1409 1406
867 2 2 2 31 452 1412 451
868 2 2 2 31 443 1405 442
869 2 2 2 31 1405 1413 1406
870 2 2 2 31 1406 1409 1405
871 2 2 2 31 445 1413 1405
872 2 2 2 31 445 1405 444
873 2 2 2 31 1404 1412 1407
874 2 2 2 31 451 1404 450
875 2 2 2 31 449 1404 448
876 2 2 2 31 454 1412 453
877 2 2 2 31 453 1412 452
878 2 2 2 31 440 1409 456
879 2 2 2 31 444 1405 443
880 2 2 2 31 451 1412 1404
881 2 2 2 31 450 1404 449
882 2 2 2 32 462 1416 461
883 2 2 2 32 464 1417 463
884 2 2 2 32 465 1417 464
885 2 2 2 32 472 1415 471
886 2 2 2 32 466 1414 465
887 2 2 2 32 471 1418 470
888 2 2 2 32 470 1419 469
889 2 2 2 32 1415 1418 471
890 2 2 2 32 1414 1417 465
891 2 2 2 32 1418 1420 1416
892 2 2 2 32 1415 1420 1418
893 2 2 2 32 1416 1420 461
894 2 2 2 32 459 1415 458
895 2 2 2 32 457 1415 472
896 2 2 2 32 1418 1421 1419
897 2 2 2 32 469 1419 1414
898 2 2 2 32 1418 1419 470
899 2 2 2 32 467 1414 466
900 2 2 2 32 1416 1421 1418
901 2 2 2 32 469 1414 468
902 2 2 2 32 461 1420 460
903 2 2 2 32 1414 1419 1417
904 2 2 2 32 1419 1421 1417
905 2 2 2 32 463 1421 462
906 2 2 2 32 1417 1421 463
907 2 2 2 32 458 1415 457
908 2 2 2 32 462 1421 1416
909 2 2 2 32 459 1420 1415
910 2 2 2 32 468 1414 467
911 2 2 2 32 460 1420 459
912 2 2 2 33 478 1423 477
913 2 2 2 33 480 1422 479
914 2 2 2 33 481 1422 480
915 2 2 2 33 478 1424 1423
916 2 2 2 33 484 1424 1422
917 2 2 2 33 474 1425 473
918 2 2 2 33 485 1425 1424
919 2 2 2 33 486 1425 485
920 2 2 2 33 1422 1426 479
921 2 2 2 33 475 1423 474
922 2 2 2 33 477 1423 476
923 2 2 2 33 473 1425 486
924 2 2 2 33 478 1426 1424
925 2 2 2 33 1424 1426 1422
926 2 2 2 33 1423 1425 474
927 2 2 2 33 482 1422 481
928 2 2 2 33 476 1423 475
929 2 2 2 33 1424 1425 1423
930 2 2 2 33 484 1422 483
931 2 2 2 33 483 1422 482
932 2 2 2 33 479 1426 478
933 2 2 2 33 485 1424 484
934 2 2 2 34 493 1427 492
935 2 2 2 34 498 1431 497
936 2 2 2 34 989 1435 500
937 2 2 2 34 501 1432 989
938 2 2 2 34 488 1432 487
939 2 2 2 34 984 1430 491
940 2 2 2 34 986 1434 985
941 2 2 2 34 492 1431 987
942 2 2 2 34 499 1434 988
943 2 2 2 34 494 1427 493
944 2 2 2 34 1433 1434 986
945 2 2 2 34 985 1434 1429
946 2 2 2 34 989 1432 1430
947 2 2 2 34 497 1431 1427
948 2 2 2 34 1429 1435 985
949 2 2 2 34 491 1430 1428
950 2 2 2 34 985 1435 984
951 2 2 2 34 500 1435 1429
952 2 2 2 34 498 1433 1431
953 2 2 2 34 987 1433 986
954 2 2 2 34 988 1433 498
955 2 2 2 34 988 1434 1433
956 2 2 2 34 1427 1431 492
957 2 2 2 34 1431 1433 987
958 2 2 2 34 1430 1435 989
959 2 2 2 34 1430 1432 1428
960 2 2 2 34 487 1432 502
961 2 2 2 34 1428 1432 488
962 2 2 2 34 489 1428 488
963 2 2 2 34 984 1435 1430
964 2 2 2 34 1429 1434 499
965 2 2 2 34 491 1428 490
966 2 2 2 34 495 1427 494
967 2 2 2 34 500 1429 499
968 2 2 2 34 502 1432 501
969 2 2 2 34 497 1427 496
970 2 2 2 34 490 1428 489
971 2 2 2 34 496 1427 495
972 2 2 2 35 507 1440 508
973 2 2 2 35 512 1439 513
974 2 2 2 35 506 1440 507
975 2 2 2 35 508 1436 509
976 2 2 2 35 505 1437 506
977 2 2 2 35 503 1437 505
978 2 2 2 35 1437 1440 506
979 2 2 2 35 508 1440 1436
980 2 2 2 35 504 1437 503
981 2 2 2 35 1439 1440 1437
982 2 2 2 35 990 1437 504
983 2 2 2 35 990 1438 1437
984 2 2 2 35 1438 1439 1437
985 2 2 2 35 515 1438 990
986 2 2 2 35 513 1439 1438
987 2 2 2 35 1436 1439 512
988 2 2 2 35 513 1438 514
989 2 2 2 35 509 1436 510
990 2 2 2 35 1436 1440 1439
991 2 2 2 35 511 1436 512
992 2 2 2 35 510 1436 511
993 2 2 2 35 514 1438 515
994 2 2 2 36 991 516 517
995 2 2 2 36 991 517 520
996 2 2 2 36 991 519 518
997 2 2 2 36 991 520 519
998 2 2 2 37 533 1441 532
999 2 2 2 37 527 1444 526
1000 2 2 2 37 521 1442 534
1001 2 2 2 37 532 1441 531
1002 2 2 2 37 1443 1444 527
1003 2 2 2 37 533 1446 1441
1004 2 2 2 37 1442 1443 534
1005 2 2 2 37 527 1445 1443
1006 2 2 2 37 522 1442 521
1007 2 2 2 37 524 1442 523
1008 2 2 2 37 1441 1446 1443
1009 2 2 2 37 1443 1446 534
1010 2 2 2 37 1443 1445 1441
1011 2 2 2 37 1442 1444 1443
1012 2 2 2 37 531 1441 530
1013 2 2 2 37 526 1444 525
1014 2 2 2 37 1441 1445 528
1015 2 2 2 37 523 1442 522
1016 2 2 2 37 529 1441 528
1017 2 2 2 37 524 1444 1442
1018 2 2 2 37 525 1444 524
1019 2 2 2 37 530 1441 529
1020 2 2 2 37 528 1445 527
1021 2 2 2 37 534 1446 533
1022 2 2 2 38 542 1447 543
1023 2 2 2 38 541 1448 542
1024 2 2 2 38 538 1448 539
1025 2 2 2 38 992 1448 538
1026 2 2 2 38 536 1449 535
1027 2 2 2 38 542 1448 1447
1028 2 2 2 38 1447 1449 536
1029 2 2 2 38 992 1449 1448
1030 2 2 2 38 545 1447 536
1031 2 2 2 38 543 1447 544
1032 2 2 2 38 540 1448 541
1033 2 2 2 38 1448 1449 1447
1034 2 2 2 38 537 1449 992
1035 2 2 2 38 535 1449 537
1036 2 2 2 38 544 1447 545
1037 2 2 2 38 539 1448 540
1038 2 2 2 39 549 993 550
1039 2 2 2 39 548 993 549
1040 2 2 2 39 993 546 547
1041 2 2 2 39 548 546 993
1042 2 2 2 39 550 993 551
1043 2 2 2 39 993 552 551
1044 2 2 2 40 561 1451 560
1045 2 2 2 40 1451 1453 566
1046 2 2 2 40 566 1454 1451
1047 2 2 2 40 558 1452 557
1048 2 2 2 40 554 1454 553
1049 2 2 2 40 557 1450 556
1050 2 2 2 40 555 1450 554
1051 2 2 2 40 560 1452 559
1052 2 2 2 40 1451 1452 560
1053 2 2 2 40 553 1454 566
1054 2 2 2 40 563 1453 562
1055 2 2 2 40 564 1453 563
1056 2 2 2 40 559 1452 558
1057 2 2 2 40 557 1452 1450
1058 2 2 2 40 1450 1454 554
1059 2 2 2 40 1451 1454 1452
1060 2 2 2 40 556 1450 555
1061 2 2 2 40 562 1453 561
1062 2 2 2 40 565 1453 564
1063 2 2 2 40 561 1453 1451
1064 2 2 2 40 1452 1454 1450
1065 2 2 2 40 566 1453 565
1066 2 2 2 41 998 1455 997
1067 2 2 2 41 997 1457 996
1068 2 2 2 41 996 1460 568
1069 2 2 2 41 995 1459 999
1070 2 2 2 41 1457 1458 996
1071 2 2 2 41 573 1458 1457
1072 2 2 2 41 577 1459 995
1073 2 2 2 41 577 1455 998
1074 2 2 2 41 569 1460 570
1075 2 2 2 41 1456 1460 996
1076 2 2 2 41 996 1458 1456
1077 2 2 2 41 998 1459 577
1078 2 2 2 41 571 1456 572
1079 2 2 2 41 576 1455 577
1080 2 2 2 41 1456 1458 572
1081 2 2 2 41 573 1457 574
1082 2 2 2 41 575 1457 1455
1083 2 2 2 41 567 1460 569
1084 2 2 2 41 570 1456 571
1085 2 2 2 41 1455 1457 997
1086 2 2 2 41 570 1460 1456
1087 2 2 2 41 575 1455 576
1088 2 2 2 41 574 1457 575
1089 2 2 2 41 568 1460 567
1090 2 2 2 41 572 1458 573
1091 2 2 2 41 578 994 999
1092 2 2 2 41 999 1459 998
1093 2 2 2 41 994 995 999
1094 2 2 2 42 585 1461 586
1095 2 2 2 42 586 1465 587
1096 2 2 2 42 1000 1463 582
1097 2 2 2 42 590 1462 591
1098 2 2 2 42 582 1463 1461
1099 2 2 2 42 1001 1462 590
1100 2 2 2 42 582 1461 583
1101 2 2 2 42 590 1466 1001
1102 2 2 2 42 589 1463 1004
1103 2 2 2 42 1461 1465 586
1104 2 2 2 42 1002 1462 1001
1105 2 2 2 42 1000 1466 1463
1106 2 2 2 42 1004 1466 590
1107 2 2 2 42 1463 1465 1461
1108 2 2 2 42 1001 1466 1000
1109 2 2 2 42 1463 1466 1004
1110 2 2 2 42 587 1465 588
1111 2 2 2 42 589 1465 1463
1112 2 2 2 42 1002 1464 592
1113 2 2 2 42 584 1461 585
1114 2 2 2 42 592 1464 593
1115 2 2 2 42 592 1462 1002
1116 2 2 2 42 580 1464 1003
1117 2 2 2 42 588 1465 589
1118 2 2 2 42 583 1461 584
1119 2 2 2 42 593 1464 580
1120 2 2 2 42 591 1462 592
1121 2 2 2 42 580 1003 579
1122 2 2 2 42 579 1003 581
1123 2 2 2 42 1003 1464 1002
1124 2 2 2 45 596 1469 595
1125 2 2 2 45 604 1470 603
1126 2 2 2 45 600 1471 599
1127 2 2 2 45 607 1467 606
1128 2 2 2 45 1469 1472 595
1129 2 2 2 45 605 1470 604
1130 2 2 2 45 606 1470 605
1131 2 2 2 45 597 1469 596
1132 2 2 2 45 599 1469 598
1133 2 2 2 45 603 1468 602
1134 2 2 2 45 601 1468 600
1135 2 2 2 45 603 1470 1468
1136 2 2 2 45 1469 1471 1467
1137 2 2 2 45 599 1471 1469
1138 2 2 2 45 1467 1472 1469
1139 2 2 2 45 1467 1471 1470
1140 2 2 2 45 595 1472 594
1141 2 2 2 45 1468 1471 600
1142 2 2 2 45 598 1469 597
1143 2 2 2 45 602 1468 601
1144 2 2 2 45 1467 1470 606
1145 2 2 2 45 594 1472 607
1146 2 2 2 45 1470 1471 1468
1147 2 2 2 45 607 1472 1467
1148 2 2 2 46 620 1473 619
1149 2 2 2 46 615 1481 1007
1150 2 2 2 46 614 1476 1005
1151 2 2 2 46 622 1476 1009
1152 2 2 2 46 1005 1475 613
1153 2 2 2 46 621 1481 620
1154 2 2 2 46 619 1473 618
1155 2 2 2 46 614 1478 1476
1156 2 2 2 46 1005 1476 1475
1157 2 2 2 46 613 1475 1474
1158 2 2 2 46 1473 1481 615
1159 2 2 2 46 1009 1478 1008
1160 2 2 2 46 1007 1481 1479
1161 2 2 2 46 1006 1478 614
1162 2 2 2 46 1476 1482 1475
1163 2 2 2 46 1478 1479 1008
1164 2 2 2 46 1008 1479 621
1165 2 2 2 46 1006 1479 1478
1166 2 2 2 46 610 1480 609
1167 2 2 2 46 1007 1479 1006
1168 2 2 2 46 1479 1481 621
1169 2 2 2 46 1476 1478 1009
1170 2 2 2 46 608 1480 624
1171 2 2 2 46 620 1481 1473
1172 2 2 2 46 1475 1477 1474
1173 2 2 2 46 611 1474 610
1174 2 2 2 46 622 1482 1476
1175 2 2 2 46 1477 1480 1474
1176 2 2 2 46 613 1474 612
1177 2 2 2 46 609 1480 608
1178 2 2 2 46 623 1482 622
1179 2 2 2 46 1477 1482 623
1180 2 2 2 46 624 1480 1477
1181 2 2 2 46 1474 1480 610
1182 2 2 2 46 618 1473 617
1183 2 2 2 46 612 1474 611
1184 2 2 2 46 1475 1482 1477
1185 2 2 2 46 616 1473 615
1186 2 2 2 46 617 1473 616
1187 2 2 2 46 624 1477 623
1188 2 2 2 47 629 1483 628
1189 2 2 2 47 631 1484 630
1190 2 2 2 47 635 1484 634
1191 2 2 2 47 629 1485 1483
1192 2 2 2 47 625 1486 638
1193 2 2 2 47 637 1486 636
1194 2 2 2 47 635 1487 1484
1195 2 2 2 47 1484 1488 630
1196 2 2 2 47 626 1483 625
1197 2 2 2 47 628 1483 627
1198 2 2 2 47 1486 1487 636
1199 2 2 2 47 638 1486 637
1200 2 2 2 47 1484 1487 1485
1201 2 2 2 47 1485 1488 1484
1202 2 2 2 47 629 1488 1485
1203 2 2 2 47 634 1484 633
1204 2 2 2 47 632 1484 631
1205 2 2 2 47 1483 1486 625
1206 2 2 2 47 627 1483 626
1207 2 2 2 47 1485 1487 1486
1208 2 2 2 47 1485 1486 1483
1209 2 2 2 47 633 1484 632
1210 2 2 2 47 630 1488 629
1211 2 2 2 47 636 1487 635
1212 2 2 2 48 646 1494 645
1213 2 2 2 48 645 1489 644
1214 2 2 2 48 639 1492 654
1215 2 2 2 48 642 1489 641
1216 2 2 2 48 648 1491 647
1217 2 2 2 48 641 1492 640
1218 2 2 2 48 1489 1492 641
1219 2 2 2 48 644 1489 643
1220 2 2 2 48 1492 1494 1491
1221 2 2 2 48 647 1494 646
1222 2 2 2 48 1491 1493 1492
1223 2 2 2 48 1492 1493 1490
1224 2 2 2 48 1489 1494 1492
1225 2 2 2 48 645 1494 1489
1226 2 2 2 48 652 1490 651
1227 2 2 2 48 651 1493 650
1228 2 2 2 48 1490 1493 651
1229 2 2 2 48 640 1492 639
1230 2 2 2 48 649 1491 648
1231 2 2 2 48 1491 1494 647
1232 2 2 2 48 654 1492 1490
1233 2 2 2 48 650 1493 649
1234 2 2 2 48 653 1490 652
1235 2 2 2 48 643 1489 642
1236 2 2 2 48 649 1493 1491
1237 2 2 2 48 654 1490 653
1238 2 2 2 49 667 1496 666
1239 2 2 2 49 661 1498 660
1240 2 2 2 49 669 1505 668
1241 2 2 2 49 662 1496 661
1242 2 2 2 49 670 1497 669
1243 2 2 2 49 658 1503 657
1244 2 2 2 49 659 1504 658
1245 2 2 2 49 1502 1505 1497
1246 2 2 2 49 1498 1505 1502
1247 2 2 2 49 1503 1504 1501
1248 2 2 2 49 1496 1506 661
1249 2 2 2 49 661 1506 1498
1250 2 2 2 49 1497 1505 669
1251 2 2 2 49 674 1507 673
1252 2 2 2 49 670 1501 1497
1253 2 2 2 49 1501 1504 1497
1254 2 2 2 49 1498 1502 660
1255 2 2 2 49 658 1504 1503
1256 2 2 2 49 1495 1503 1501
1257 2 2 2 49 657 1503 1500
1258 2 2 2 49 668 1506 667
1259 2 2 2 49 655 1500 674
1260 2 2 2 49 657 1500 656
1261 2 2 2 49 660 1502 659
1262 2 2 2 49 1502 1504 659
1263 2 2 2 49 1495 1501 671
1264 2 2 2 49 671 1501 670
1265 2 2 2 49 1497 1504 1502
1266 2 2 2 49 673 1507 672
1267 2 2 2 49 662 1499 1496
1268 2 2 2 49 1505 1506 668
1269 2 2 2 49 1503 1507 1500
1270 2 2 2 49 1495 1507 1503
1271 2 2 2 49 667 1506 1496
1272 2 2 2 49 672 1507 1495
1273 2 2 2 49 1500 1507 674
1274 2 2 2 49 656 1500 655
1275 2 2 2 49 1498 1506 1505
1276 2 2 2 49 1496 1499 666
1277 2 2 2 49 663 1499 662
1278 2 2 2 49 664 1499 663
1279 2 2 2 49 666 1499 665
1280 2 2 2 49 665 1499 664
1281 2 2 2 49 672 1495 671
1282 2 2 2 50 681 1510 680
1283 2 2 2 50 680 1510 679
1284 2 2 2 50 679 1510 1508
1285 2 2 2 50 1508 1513 678
1286 2 2 2 50 1510 1514 1508
1287 2 2 2 50 1508 1514 1511
1288 2 2 2 50 686 1510 1509
1289 2 2 2 50 1511 1512 1508
1290 2 2 2 50 675 1512 690
1291 2 2 2 50 689 1512 688
1292 2 2 2 50 688 1512 1511
1293 2 2 2 50 686 1514 1510
1294 2 2 2 50 1512 1513 1508
1295 2 2 2 50 677 1513 676
1296 2 2 2 50 690 1512 689
1297 2 2 2 50 1509 1510 681
1298 2 2 2 50 675 1513 1512
1299 2 2 2 50 687 1514 686
1300 2 2 2 50 1511 1514 687
1301 2 2 2 50 676 1513 675
1302 2 2 2 50 682 1509 681
1303 2 2 2 50 683 1509 682
1304 2 2 2 50 685 1509 684
1305 2 2 2 50 684 1509 683
1306 2 2 2 50 679 1508 678
1307 2 2 2 50 686 1509 685
1308 2 2 2 50 688 1511 687
1309 2 2 2 50 678 1513 677
1310 2 2 2 51 693 1518 692
1311 2 2 2 51 1515 1518 693
1312 2 2 2 51 694 1515 693
1313 2 2 2 51 696 1519 695
1314 2 2 2 51 698 1519 697
1315 2 2 2 51 695 1515 694
1316 2 2 2 51 704 1517 703
1317 2 2 2 51 702 1520 701
1318 2 2 2 51 699 1516 698
1319 2 2 2 51 701 1516 700
1320 2 2 2 51 1519 1520 1515
1321 2 2 2 51 1515 1520 1517
1322 2 2 2 51 697 1519 696
1323 2 2 2 51 1517 1518 1515
1324 2 2 2 51 692 1518 691
1325 2 2 2 51 695 1519 1515
1326 2 2 2 51 1516 1519 698
1327 2 2 2 51 703 1517 702
1328 2 2 2 51 700 1516 699
1329 2 2 2 51 1516 1520 1519
1330 2 2 2 51 701 1520 1516
1331 2 2 2 51 704 1518 1517
1332 2 2 2 51 691 1518 704
1333 2 2 2 51 1517 1520 702
1334 2 2 2 52 713 1525 714
1335 2 2 2 52 714 1521 715
1336 2 2 2 52 718 1521 719
1337 2 2 2 52 711 1526 712
1338 2 2 2 52 710 1526 711
1339 2 2 2 52 706 1522 705
1340 2 2 2 52 714 1525 1521
1341 2 2 2 52 712 1525 713
1342 2 2 2 52 1521 1524 719
1343 2 2 2 52 712 1526 1525
1344 2 2 2 52 1521 1525 1524
1345 2 2 2 52 720 1524 721
1346 2 2 2 52 1525 1526 1524
1347 2 2 2 52 1522 1526 705
1348 2 2 2 52 1524 1526 1522
1349 2 2 2 52 1010 1522 722
1350 2 2 2 52 715 1521 716
1351 2 2 2 52 717 1521 718
1352 2 2 2 52 705 1526 1523
1353 2 2 2 52 721 1524 1010
1354 2 2 2 52 1010 1524 1522
1355 2 2 2 52 1523 1526 710
1356 2 2 2 52 716 1521 717
1357 2 2 2 52 709 1523 710
1358 2 2 2 52 722 1522 706
1359 2 2 2 52 708 1523 709
1360 2 2 2 52 705 1523 707
1361 2 2 2 52 707 1523 708
1362 2 2 2 52 719 1524 720
1363 2 2 2 53 723 724 725
1364 2 2 2 54 1011 728 726
1365 2 2 2 54 1011 727 728
1366 2 2 2 55 734 1528 733
1367 2 2 2 55 731 1527 730
1368 2 2 2 55 738 1531 737
1369 2 2 2 55 730 1532 729
1370 2 2 2 55 742 1532 741
1371 2 2 2 55 1528 1530 733
1372 2 2 2 55 1527 1531 1529
1373 2 2 2 55 1529 1531 738
1374 2 2 2 55 741 1529 740
1375 2 2 2 55 739 1529 738
1376 2 2 2 55 737 1528 736
1377 2 2 2 55 733 1530 732
1378 2 2 2 55 735 1528 734
1379 2 2 2 55 1529 1532 1527
1380 2 2 2 55 1530 1531 1527
1381 2 2 2 55 729 1532 742
1382 2 2 2 55 1528 1531 1530
1383 2 2 2 55 741 1532 1529
1384 2 2 2 55 737 1531 1528
1385 2 2 2 55 1527 1532 730
1386 2 2 2 55 740 1529 739
1387 2 2 2 55 736 1528 735
1388 2 2 2 55 732 1530 731
1389 2 2 2 55 731 1530 1527
1390 2 2 2 56 759 1539 758
1391 2 2 2 56 758 1536 757
1392 2 2 2 56 747 1534 746
1393 2 2 2 56 748 1537 747
1394 2 2 2 56 749 1536 748
1395 2 2 2 56 747 1537 1534
1396 2 2 2 56 758 1539 1537
1397 2 2 2 56 758 1537 1536
1398 2 2 2 56 1013 1535 756
1399 2 2 2 56 743 1539 760
1400 2 2 2 56 1536 1537 748
1401 2 2 2 56 1012 1538 749
1402 2 2 2 56 757 1538 1013
1403 2 2 2 56 744 1534 743
1404 2 2 2 56 746 1534 745
1405 2 2 2 56 749 1538 1536
1406 2 2 2 56 1536 1538 757
1407 2 2 2 56 750 1535 1012
1408 2 2 2 56 1537 1539 1534
1409 2 2 2 56 751 1533 750
1410 2 2 2 56 760 1539 759
1411 2 2 2 56 1013 1538 1535
1412 2 2 2 56 1534 1539 743
1413 2 2 2 56 1535 1538 1012
1414 2 2 2 56 745 1534 744
1415 2 2 2 56 752 1533 751
1416 2 2 2 56 756 1533 755
1417 2 2 2 56 756 1535 1533
1418 2 2 2 56 1533 1535 750
1419 2 2 2 56 753 1533 752
1420 2 2 2 56 755 1533 754
1421 2 2 2 56 754 1533 753
1422 2 2 2 57 767 1541 766
1423 2 2 2 57 765 1545 764
1424 2 2 2 57 766 1540 765
1425 2 2 2 57 768 1541 767
1426 2 2 2 57 769 1543 768
1427 2 2 2 57 775 1544 774
1428 2 2 2 57 766 1541 1540
1429 2 2 2 57 1540 1545 765
1430 2 2 2 57 774 1546 773
1431 2 2 2 57 770 1543 769
1432 2 2 2 57 1541 1544 1540
1433 2 2 2 57 1542 1544 775
1434 2 2 2 57 1540 1544 1542
1435 2 2 2 57 1542 1545 1540
1436 2 2 2 57 768 1543 1541
1437 2 2 2 57 1541 1546 1544
1438 2 2 2 57 762 1542 761
1439 2 2 2 57 776 1542 775
1440 2 2 2 57 773 1546 1543
1441 2 2 2 57 764 1545 763
1442 2 2 2 57 1543 1546 1541
1443 2 2 2 57 761 1542 776
1444 2 2 2 57 1544 1546 774
1445 2 2 2 57 771 1543 770
1446 2 2 2 57 762 1545 1542
1447 2 2 2 57 773 1543 772
1448 2 2 2 57 763 1545 762
1449 2 2 2 57 772 1543 771
1450 2 2 2 58 781 1551 780
1451 2 2 2 58 786 1555 785
1452 2 2 2 58 1016 1550 792
1453 2 2 2 58 1549 1552 1018
1454 2 2 2 58 789 1555 788
1455 2 2 2 58 1014 1549 783
1456 2 2 2 58 777 1556 1018
1457 2 2 2 58 1018 1552 1017
1458 2 2 2 58 1017 1553 793
1459 2 2 2 58 1552 1553 1017
1460 2 2 2 58 785 1555 1550
1461 2 2 2 58 785 1554 1015
1462 2 2 2 58 793 1554 1016
1463 2 2 2 58 792 1550 1548
1464 2 2 2 58 784 1552 1014
1465 2 2 2 58 1550 1554 785
1466 2 2 2 58 1015 1553 784
1467 2 2 2 58 784 1553 1552
1468 2 2 2 58 780 1551 1547
1469 2 2 2 58 1014 1552 1549
1470 2 2 2 58 1553 1554 793
1471 2 2 2 58 1018 1556 1549
1472 2 2 2 58 782 1551 781
1473 2 2 2 58 780 1547 779
1474 2 2 2 58 1015 1554 1553
1475 2 2 2 58 1549 1551 783
1476 2 2 2 58 1016 1554 1550
1477 2 2 2 58 778 1547 777
1478 2 2 2 58 1550 1555 1548
1479 2 2 2 58 788 1555 787
1480 2 2 2 58 1548 1555 789
1481 2 2 2 58 1547 1556 777
1482 2 2 2 58 1551 1556 1547
1483 2 2 2 58 790 1548 789
1484 2 2 2 58 1549 1556 1551
1485 2 2 2 58 792 1548 791
1486 2 2 2 58 783 1551 782
1487 2 2 2 58 779 1547 778
1488 2 2 2 58 787 1555 786
1489 2 2 2 58 791 1548 790
1490 2 2 2 59 1019 1559 800
1491 2 2 2 59 1021 1564 810
1492 2 2 2 59 802 1559 1020
1493 2 2 2 59 810 1558 811
1494 2 2 2 59 809 1561 1022
1495 2 2 2 59 798 1560 799
1496 2 2 2 59 1020 1557 807
1497 2 2 2 59 1557 1561 809
1498 2 2 2 59 1019 1561 1559
1499 2 2 2 59 1022 1562 1021
1500 2 2 2 59 1021 1562 1560
1501 2 2 2 59 810 1564 1558
1502 2 2 2 59 799 1562 1019
1503 2 2 2 59 1559 1561 1557
1504 2 2 2 59 1020 1559 1557
1505 2 2 2 59 1019 1562 1561
1506 2 2 2 59 1560 1562 799
1507 2 2 2 59 796 1563 797
1508 2 2 2 59 1561 1562 1022
1509 2 2 2 59 798 1563 1560
1510 2 2 2 59 1560 1564 1021
1511 2 2 2 59 811 1558 795
1512 2 2 2 59 794 1558 796
1513 2 2 2 59 1558 1564 1563
1514 2 2 2 59 801 1559 802
1515 2 2 2 59 797 1563 798
1516 2 2 2 59 1563 1564 1560
1517 2 2 2 59 1558 1563 796
1518 2 2 2 59 808 1557 809
1519 2 2 2 59 795 1558 794
1520 2 2 2 59 800 1559 801
1521 2 2 2 59 807 1557 808
1522 2 2 2 59 802 1020 803
1523 2 2 2 59 803 1020 804
1524 2 2 2 59 805 1020 806
1525 2 2 2 59 806 1020 807
1526 2 2 2 60 822 1566 813
1527 2 2 2 60 818 1568 819
1528 2 2 2 60 815 1567 1024
1529 2 2 2 60 1024 1568 816
1530 2 2 2 60 1566 1568 1024
1531 2 2 2 60 1024 1567 1566
1532 2 2 2 60 1565 1566 822
1533 2 2 2 60 1023 1567 812
1534 2 2 2 60 813 1566 1023
1535 2 2 2 60 1565 1568 1566
1536 2 2 2 60 1566 1567 1023
1537 2 2 2 60 819 1568 1565
1538 2 2 2 60 819 1565 820
1539 2 2 2 60 817 1568 818
1540 2 2 2 60 821 1565 822
1541 2 2 2 60 812 1567 814
1542 2 2 2 60 814 1567 815
1543 2 2 2 60 816 1568 817
1544 2 2 2 60 820 1565 821
1545 2 2 2 63 832 1573 1025
1546 2 2 2 63 826 1574 825
1547 2 2 2 63 1025 1577 831
1548 2 2 2 63 837 1570 836
1549 2 2 2 63 1571 1577 1025
1550 2 2 2 63 1572 1575 841
1551 2 2 2 63 829 1572 828
1552 2 2 2 63 841 1575 840
1553 2 2 2 63 1575 1576 840
1554 2 2 2 63 840 1576 1026
1555 2 2 2 63 1026 1577 839
1556 2 2 2 63 842 1578 841
1557 2 2 2 63 836 1570 835
1558 2 2 2 63 831 1577 1576
1559 2 2 2 63 830 1575 829
1560 2 2 2 63 1570 1573 832
1561 2 2 2 63 841 1578 1572
1562 2 2 2 63 1025 1573 1571
1563 2 2 2 63 830 1576 1575
1564 2 2 2 63 831 1576 830
1565 2 2 2 63 825 1574 1569
1566 2 2 2 63 829 1575 1572
1567 2 2 2 63 827 1574 826
1568 2 2 2 63 837 1573 1570
1569 2 2 2 63 825 1569 824
1570 2 2 2 63 1572 1574 828
1571 2 2 2 63 823 1569 842
1572 2 2 2 63 1576 1577 1026
1573 2 2 2 63 1569 1578 842
1574 2 2 2 63 1574 1578 1569
1575 2 2 2 63 1572 1578 1574
1576 2 2 2 63 1571 1573 838
1577 2 2 2 63 839 1577 1571
1578 2 2 2 63 835 1570 834
1579 2 2 2 63 828 1574 827
1580 2 2 2 63 824 1569 823
1581 2 2 2 63 839 1571 838
1582 2 2 2 63 833 1570 832
1583 2 2 2 63 834 1570 833
1584 2 2 2 63 838 1573 837
1585 2 2 2 64 1582 1586 1580
1586 2 2 2 64 1581 1586 1582
1587 2 2 2 64 1032 1584 850
1588 2 2 2 64 1032 1586 1584
1589 2 2 2 64 846 1587 847
1590 2 2 2 64 1580 1587 1582
1591 2 2 2 64 843 1582 1031
1592 2 2 2 64 1584 1586 1581
1593 2 2 2 64 844 1589 1030
1594 2 2 2 64 1033 1585 851
1595 2 2 2 64 1027 1582 843
1596 2 2 2 64 850 1584 1583
1597 2 2 2 64 849 1586 1032
1598 2 2 2 64 850 1583 1033
1599 2 2 2 64 1028 1581 1027
1600 2 2 2 64 1030 1583 1029
1601 2 2 2 64 1029 1584 1028
1602 2 2 2 64 1583 1584 1029
1603 2 2 2 64 1028 1584 1581
1604 2 2 2 64 1030 1589 1583
1605 2 2 2 64 1583 1589 1585
1606 2 2 2 64 1581 1582 1027
1607 2 2 2 64 1583 1585 1033
1608 2 2 2 64 1580 1586 849
1609 2 2 2 64 847 1587 1580
1610 2 2 2 64 1585 1588 851
1611 2 2 2 64 1031 1587 846
1612 2 2 2 64 853 1579 854
1613 2 2 2 64 1582 1587 1031
1614 2 2 2 64 855 1579 844
1615 2 2 2 64 848 1580 849
1616 2 2 2 64 1579 1589 844
1617 2 2 2 64 1579 1588 1585
1618 2 2 2 64 1585 1589 1579
1619 2 2 2 64 851 1588 852
1620 2 2 2 64 847 1580 848
1621 2 2 2 64 854 1579 855
1622 2 2 2 64 853 1588 1579
1623 2 2 2 64 852 1588 853
1624 2 2 2 64 845 843 1031
1625 2 2 2 65 858 1034 859
1626 2 2 2 65 859 1034 860
1627 2 2 2 65 1034 856 857
1628 2 2 2 65 858 856 1034
1629 2 2 2 65 860 1034 861
1630 2 2 2 65 1034 862 861
1631 2 2 2 66 867 1591 868
1632 2 2 2 66 870 1597 1039
1633 2 2 2 66 1591 1597 870
1634 2 2 2 66 875 1596 876
1635 2 2 2 66 865 1591 866
1636 2 2 2 66 1040 1592 872
1637 2 2 2 66 1041 1594 1040
1638 2 2 2 66 1594 1598 1040
1639 2 2 2 66 869 1591 870
1640 2 2 2 66 868 1591 869
1641 2 2 2 66 866 1591 867
1642 2 2 2 66 1035 1597 865
1643 2 2 2 66 871 1595 1041
1644 2 2 2 66 872 1592 1590
1645 2 2 2 66 1037 1595 1036
1646 2 2 2 66 1036 1593 1035
1647 2 2 2 66 1038 1594 1037
1648 2 2 2 66 1039 1593 871
1649 2 2 2 66 1041 1595 1594
1650 2 2 2 66 1040 1598 1592
1651 2 2 2 66 1594 1595 1037
1652 2 2 2 66 1036 1595 1593
1653 2 2 2 66 1039 1597 1593
1654 2 2 2 66 1590 1596 875
1655 2 2 2 66 863 1598 1038
1656 2 2 2 66 863 1599 1598
1657 2 2 2 66 876 1596 877
1658 2 2 2 66 1592 1596 1590
1659 2 2 2 66 1593 1595 871
1660 2 2 2 66 1038 1598 1594
1661 2 2 2 66 1593 1597 1035
1662 2 2 2 66 874 1590 875
1663 2 2 2 66 865 1597 1591
1664 2 2 2 66 1598 1599 1592
1665 2 2 2 66 1592 1599 1596
1666 2 2 2 66 872 1590 873
1667 2 2 2 66 877 1596 864
1668 2 2 2 66 873 1590 874
1669 2 2 2 66 1596 1599 864
1670 2 2 2 66 864 1599 863
1671 2 2 2 67 880 878 879
1672 2 2 2 67 880 879 882
1673 2 2 2 67 880 882 881
1674 2 2 2 68 883 1600 896
1675 2 2 2 68 890 1602 889
1676 2 2 2 68 884 1603 883
1677 2 2 2 68 886 1603 885
1678 2 2 2 68 892 1604 891
1679 2 2 2 68 887 1601 886
1680 2 2 2 68 889 1601 888
1681 2 2 2 68 889 1602 1601
1682 2 2 2 68 883 1603 1600
1683 2 2 2 68 885 1603 884
1684 2 2 2 68 1600 1603 1602
1685 2 2 2 68 1602 1603 1601
1686 2 2 2 68 891 1602 890
1687 2 2 2 68 1601 1603 886
1688 2 2 2 68 896 1600 895
1689 2 2 2 68 893 1604 892
1690 2 2 2 68 895 1604 894
1691 2 2 2 68 888 1601 887
1692 2 2 2 68 894 1604 893
1693 2 2 2 68 891 1604 1602
1694 2 2 2 68 1602 1604 1600
1695 2 2 2 68 1600 1604 895
1696 2 2 2 69 899 1609 1605
1697 2 2 2 69 904 1609 903
1698 2 2 2 69 908 1608 907
1699 2 2 2 69 910 1608 909
1700 2 2 2 69 897 1605 910
1701 2 2 2 69 905 1607 904
1702 2 2 2 69 907 1607 906
1703 2 2 2 69 1605 1609 1607
1704 2 2 2 69 909 1608 908
1705 2 2 2 69 1607 1609 904
1706 2 2 2 69 1606 1609 899
1707 2 2 2 69 1607 1608 1605
1708 2 2 2 69 907 1608 1607
1709 2 2 2 69 1605 1608 910
1710 2 2 2 69 906 1607 905
1711 2 2 2 69 898 1605 897
1712 2 2 2 69 900 1606 899
1713 2 2 2 69 901 1606 900
1714 2 2 2 69 903 1609 1606
1715 2 2 2 69 903 1606 902
1716 2 2 2 69 902 1606 901
1717 2 2 2 69 899 1605 898
1718 2 2 2 70 926 1610 925
1719 2 2 2 70 925 1613 924
1720 2 2 2 70 915 1614 914
1721 2 2 2 70 914 1615 913
1722 2 2 2 70 922 1612 921
1723 2 2 2 70 920 1611 919
1724 2 2 2 70 921 1614 920
1725 2 2 2 70 1610 1613 925
1726 2 2 2 70 919 1611 918
1727 2 2 2 70 913 1615 1610
1728 2 2 2 70 1611 1614 915
1729 2 2 2 70 1610 1615 1612
1730 2 2 2 70 1612 1613 1610
1731 2 2 2 70 1614 1615 914
1732 2 2 2 70 920 1614 1611
1733 2 2 2 70 924 1613 923
1734 2 2 2 70 911 1610 926
1735 2 2 2 70 1612 1615 1614
1736 2 2 2 70 913 1610 912
1737 2 2 2 70 922 1613 1612
1738 2 2 2 70 1612 1614 921
1739 2 2 2 70 923 1613 922
1740 2 2 2 70 912 1610 911
1741 2 2 2 70 918 1611 917
1742 2 2 2 70 916 1611 915
1743 2 2 2 70 917 1611 916
1744 2 2 1 71 618 1097 619
1745 2 2 1 71 172 3730 2939
1746 2 2 1 71 17 4092 155
1747 2 2 1 71 1748 4313 2825
1748 2 2 1 71 2520 4373 3938
1749 2 2 1 71 461 2349 462
1750 2 2 1 71 842 2593 823
1751 2 2 1 71 3098 3796 3222
1752 2 2 1 71 3614 3925 1736
1753 2 2 1 71 1945 3356 1947
1754 2 2 1 71 2897 3450 1831
1755 2 2 1 71 2825 4313 2900
1756 2 2 1 71 1847 2910 1696
1757 2 2 1 71 3250 3313 2674
1758 2 2 1 71 2849 3295 2853
1759 2 2 1 71 8 3229 9
1760 2 2 1 71 4020 4069 3973
1761 2 2 1 71 267 1737 268
1762 2 2 1 71 2148 3955 3911
1763 2 2 1 71 2847 3295 2849
1764 2 2 1 71 641 3294 642
1765 2 2 1 71 105 2460 106
1766 2 2 1 71 3257 4220 3306
1767 2 2 1 71 562 2346 563
1768 2 2 1 71 3061 3595 3280
1769 2 2 1 71 2722 3230 2997
1770 2 2 1 71 85 1797 86
1771 2 2 1 71 2710 3201 3073
1772 2 2 1 71 2411 4017 2413
1773 2 2 1 71 4018 4095 2146
1774 2 2 1 71 3112 3311 2671
1775 2 2 1 71 3818 3826 3764
1776 2 2 1 71 353 1731 352
1777 2 2 1 71 164 2379 165
1778 2 2 1 71 591 3915 590
1779 2 2 1 71 2389 3938 3342
1780 2 2 1 71 2692 3317 2266
1781 2 2 1 71 1847 2912 2910
1782 2 2 1 71 3752 4103 3287
1783 2 2 1 71 2518 3938 2389
1784 2 2 1 71 1831 4090 2897
1785 2 2 1 71 262 2845 263
1786 2 2 1 71 172 2939 2844
1787 2 2 1 71 3077 3316 1776
1788 2 2 1 71 647 2376 648
1789 2 2 1 71 3911 3955 3143
1790 2 2 1 71 121 120 206
1791 2 2 1 71 195 3106 949
1792 2 2 1 71 3938 4373 2764
1793 2 2 1 71 1671 4129 3164
1794 2 2 1 71 359 2998 358
1795 2 2 1 71 1071 1782 727
1796 2 2 1 71 1897 3976 3829
1797 2 2 1 71 3344 4250 3569
1798 2 2 1 71 2523 3077 1776
1799 2 2 1 71 3173 3333 2536
1800 2 2 1 71 3085 3980 3638
1801 2 2 1 71 2536 3334 3173
1802 2 2 1 71 3868 4287 2424
1803 2 2 1 71 2355 3392 3390
1804 2 2 1 71 3344 3569 3345
1805 2 2 1 71 2379 3739 650
1806 2 2 1 71 2459 3823 3108
1807 2 2 1 71 3686 3925 3614
1808 2 2 1 71 3276 3462 2337
1809 2 2 1 71 972 3135 1932
1810 2 2 1 71 870 3844 1137
1811 2 2 1 71 3782 3976 1897
1812 2 2 1 71 755 1674 756
1813 2 2 1 71 369 2275 1146
1814 2 2 1 71 3739 4018 2146
1815 2 2 1 71 2580 4163 3151
1816 2 2 1 71 311 1628 312
1817 2 2 1 71 413 2283 414
1818 2 2 1 71 2872 3875 3634
1819 2 2 1 71 2674 3382 3250
1820 2 2 1 71 3823 4195 3108
1821 2 2 1 71 2355 3393 3392
1822 2 2 1 71 143 2968 144
1823 2 2 1 71 751 1696 752
1824 2 2 1 71 3973 4069 2084
1825 2 2 1 71 3073 3497 2710
1826 2 2 1 71 56 1684 57
1827 2 2 1 71 2881 3190 2879
1828 2 2 1 71 2958 3923 3380
1829 2 2 1 71 650 3739 1657
1830 2 2 1 71 3796 4394 3222
1831 2 2 1 71 1916 3762 1077
1832 2 2 1 71 2871 3875 2872
1833 2 2 1 71 2266 3317 2425
1834 2 2 1 71 563 2346 1829
1835 2 2 1 71 950 939 938
1836 2 2 1 71 3812 3910 3131
1837 2 2 1 71 3057 3800 2581
1838 2 2 1 71 2640 3812 3131
1839 2 2 1 71 2713 3257 3254
1840 2 2 1 71 2504 3448 2296
1841 2 2 1 71 3328 4103 3752
1842 2 2 1 71 2671 3311 2661
1843 2 2 1 71 652 1657 653
1844 2 2 1 71 505 3029 1069
1845 2 2 1 71 2722 2997 2720
1846 2 2 1 71 2763 3219 1724
1847 2 2 1 71 3309 4385 2110
1848 2 2 1 71 1914 3469 3110
1849 2 2 1 71 2802 3659 3457
1850 2 2 1 71 1077 3762 2182
1851 2 2 1 71 33 2271 20
1852 2 2 1 71 3295 4131 2853
1853 2 2 1 71 1919 4157 3339
1854 2 2 1 71 2242 4070 3793
1855 2 2 1 71 584 3303 1199
1856 2 2 1 71 2898 3388 2982
1857 2 2 1 71 3886 4163 2580
1858 2 2 1 71 3442 3983 1816
1859 2 2 1 71 560 1744 561
1860 2 2 1 71 3800 4038 3211
1861 2 2 1 71 2945 4305 3890
1862 2 2 1 71 2301 3378 2303
1863 2 2 1 71 3270 3415 2790
1864 2 2 1 71 1057 3771 1056
1865 2 2 1 71 2766 2955 2611
1866 2 2 1 71 2152 3309 2110
1867 2 2 1 71 3086 3809 1811
1868 2 2 1 71 1811 3934 3086
1869 2 2 1 71 2617 3131 2647
1870 2 2 1 71 3164 3165 2888
1871 2 2 1 71 4077 4201 3424
1872 2 2 1 71 3700 4091 3233
1873 2 2 1 71 737 4380 738
1874 2 2 1 71 3380 3923 1922
1875 2 2 1 71 836 835 1151
1876 2 2 1 71 463 3354 464
1877 2 2 1 71 1890 3560 3267
1878 2 2 1 71 103 3940 104
1879 2 2 1 71 663 4341 664
1880 2 2 1 71 2469 2767 2115
1881 2 2 1 71 3638 4406 3085
1882 2 2 1 71 3457 4402 2802
1883 2 2 1 71 666 3140 667
1884 2 2 1 71 565 2549 566
1885 2 2 1 71 3396 3961 2861
1886 2 2 1 71 1926 4091 3700
1887 2 2 1 71 518 2378 804
1888 2 2 1 71 1654 3966 3158
1889 2 2 1 71 3282 3386 3139
1890 2 2 1 71 872 3890 1040
1891 2 2 1 71 3716 3966 1654
1892 2 2 1 71 2689 3490 3164
1893 2 2 1 71 2504 4044 3448
1894 2 2 1 71 2098 4212 3944
1895 2 2 1 71 2809 3878 3201
1896 2 2 1 71 1736 4064 3614
1897 2 2 1 71 3286 3628 2066
1898 2 2 1 71 2841 3184 2245
1899 2 2 1 71 832 2294 833
1900 2 2 1 71 2413 4017 3334
1901 2 2 1 71 2537 3333 3277
1902 2 2 1 71 2881 4260 3190
1903 2 2 1 71 2115 2767 1787
1904 2 2 1 71 2556 3604 3007
1905 2 2 1 71 3164 3490 3165
1906 2 2 1 71 3277 3286 2537
1907 2 2 1 71 2053 4285 2351
1908 2 2 1 71 2242 4194 4070
1909 2 2 1 71 561 1927 562
1910 2 2 1 71 2498 3413 2499
1911 2 2 1 71 2885 3437 2886
1912 2 2 1 71 664 2541 665
1913 2 2 1 71 3261 4195 2312
1914 2 2 1 71 3326 4435 3363
1915 2 2 1 71 2399 3620 3366
1916 2 2 1 71 1947 3356 1952
1917 2 2 1 71 771 1007 772
1918 2 2 1 71 508 2780 507
1919 2 2 1 71 3265 3985 3356
1920 2 2 1 71 2544 4144 579
1921 2 2 1 71 944 2728 2550
1922 2 2 1 71 3264 3356 1945
1923 2 2 1 71 1919 3339 3281
1924 2 2 1 71 3940 4399 3836
1925 2 2 1 71 2847 3215 375
1926 2 2 1 71 1671 3164 2888
1927 2 2 1 71 613 3948 1005
1928 2 2 1 71 2498 4401 3413
1929 2 2 1 71 606 2992 607
1930 2 2 1 71 1900 4287 3868
1931 2 2 1 71 2279 3382 2280
1932 2 2 1 71 500 4067 989
1933 2 2 1 71 3836 4399 1743
1934 2 2 1 71 3007 3859 2556
1935 2 2 1 71 3356 3985 3357
1936 2 2 1 71 3359 3360 2938
1937 2 2 1 71 1842 4186 3437
1938 2 2 1 71 3008 3870 3686
1939 2 2 1 71 367 3848 366
1940 2 2 1 71 1909 3568 3345
1941 2 2 1 71 3686 3870 2006
1942 2 2 1 71 1799 3878 2809
1943 2 2 1 71 2438 3331 3330
1944 2 2 1 71 4121 4139 3023
1945 2 2 1 71 2982 3068 2898
1946 2 2 1 71 3360 4119 2938
1947 2 2 1 71 3177 3473 2443
1948 2 2 1 71 3897 3898 3308
1949 2 2 1 71 3476 3477 2961
1950 2 2 1 71 1676 3478 3322
1951 2 2 1 71 3325 4148 3678
1952 2 2 1 71 2463 3856 3174
1953 2 2 1 71 3326 3363 2160
1954 2 2 1 71 2160 3397 3326
1955 2 2 1 71 3327 3350 2140
1956 2 2 1 71 2381 4201 4077
1957 2 2 1 71 38 2844 39
1958 2 2 1 71 2553 3403 3212
1959 2 2 1 71 3108 4195 3261
1960 2 2 1 71 2351 4285 3416
1961 2 2 1 71 3113 3878 1799
1962 2 2 1 71 3086 3782 1897
1963 2 2 1 71 3141 4358 3241
1964 2 2 1 71 3280 3595 2667
1965 2 2 1 71 2715 3399 3375
1966 2 2 1 71 3235 4328 1937
1967 2 2 1 71 3201 3411 2809
1968 2 2 1 71 2825 2900 2730
1969 2 2 1 71 4026 4076 2965
1970 2 2 1 71 2728 3905 2550
1971 2 2 1 71 3308 4206 3897
1972 2 2 1 71 37 174 38
1973 2 2 1 71 3184 4060 2039
1974 2 2 1 71 1806 4008 3315
1975 2 2 1 71 3306 4155 3257
1976 2 2 1 71 2713 3854 3257
1977 2 2 1 71 1897 3809 3086
1978 2 2 1 71 1070 2554 862
1979 2 2 1 71 804 4266 803
1980 2 2 1 71 3131 3132 2647
1981 2 2 1 71 3110 3845 1914
1982 2 2 1 71 1937 4328 3337
1983 2 2 1 71 3315 4120 1806
1984 2 2 1 71 1007 3871 773
1985 2 2 1 71 2592 3418 3337
1986 2 2 1 71 1882 3859 3007
1987 2 2 1 71 3709 3710 3285
1988 2 2 1 71 758 730 729
1989 2 2 1 71 3166 3861 1817
1990 2 2 1 71 1889 4139 4121
1991 2 2 1 71 579 4144 2117
1992 2 2 1 71 3018 3288 2172
1993 2 2 1 71 3278 3628 3286
1994 2 2 1 71 3067 3378 2301
1995 2 2 1 71 3817 4039 2369
1996 2 2 1 71 379 2284 380
1997 2 2 1 71 3658 3983 2896
1998 2 2 1 71 3176 3468 1883
1999 2 2 1 71 1883 3467 3176
2000 2 2 1 71 1817 4282 3166
2001 2 2 1 71 3578 3729 3577
2002 2 2 1 71 2941 3805 2458
2003 2 2 1 71 2581 4027 3057
2004 2 2 1 71 3376 3696 1093
2005 2 2 1 71 3022 3170 1623
2006 2 2 1 71 3061 3280 1915
2007 2 2 1 71 3477 4046 2858
2008 2 2 1 71 371 2275 369
2009 2 2 1 71 1828 2766 2611
2010 2 2 1 71 2873 3227 2874
2011 2 2 1 71 2722 3994 3118
2012 2 2 1 71 2933 4129 1671
2013 2 2 1 71 2968 4114 1662
2014 2 2 1 71 1056 3771 2298
2015 2 2 1 71 140 139 382
2016 2 2 1 71 2949 3272 2704
2017 2 2 1 71 3437 4186 3204
2018 2 2 1 71 1724 3219 2599
2019 2 2 1 71 2152 3310 3185
2020 2 2 1 71 47 2946 48
2021 2 2 1 71 2736 3475 3269
2022 2 2 1 71 46 1935 47
2023 2 2 1 71 2841 4060 3184
2024 2 2 1 71 48 1877 49
2025 2 2 1 71 1648 3787 3144
2026 2 2 1 71 3890 4305 3052
2027 2 2 1 71 3340 3881 2584
2028 2 2 1 71 122 2523 1776
2029 2 2 1 71 2584 3725 3340
2030 2 2 1 71 3277 3333 2375
2031 2 2 1 71 1774 2864 2863
2032 2 2 1 71 3170 4028 1623
2033 2 2 1 71 1890 3561 3560
2034 2 2 1 71 57 3260 58
2035 2 2 1 71 1757 3215 2847
2036 2 2 1 71 2825 3200 1748
2037 2 2 1 71 490 2439 491
2038 2 2 1 71 2767 4089 1787
2039 2 2 1 71 3286 3676 2537
2040 2 2 1 71 3330 3331 1652
2041 2 2 1 71 1662 4114 2954
2042 2 2 1 71 3451 3870 3008
2043 2 2 1 71 1052 2998 360
2044 2 2 1 71 3180 3669 1808
2045 2 2 1 71 3022 3440 3170
2046 2 2 1 71 2814 4031 3451
2047 2 2 1 71 126 2767 2469
2048 2 2 1 71 2403 3884 3137
2049 2 2 1 71 122 4223 2523
2050 2 2 1 71 4160 4325 3757
2051 2 2 1 71 2160 3398 3397
2052 2 2 1 71 2494 4217 3901
2053 2 2 1 71 1751 3763 3365
2054 2 2 1 71 3230 4460 1793
2055 2 2 1 71 1652 3331 3167
2056 2 2 1 71 2143 3862 1156
2057 2 2 1 71 3415 4140 2790
2058 2 2 1 71 3057 4038 3800
2059 2 2 1 71 2710 3411 3201
2060 2 2 1 71 3430 3987 2560
2061 2 2 1 71 3281 3339 2773
2062 2 2 1 71 2596 3915 591
2063 2 2 1 71 2520 3938 2518
2064 2 2 1 71 2595 4238 3169
2065 2 2 1 71 2643 4076 4026
2066 2 2 1 71 3096 3870 3451
2067 2 2 1 71 3169 4314 2595
2068 2 2 1 71 41 2085 42
2069 2 2 1 71 2238 4062 4034
2070 2 2 1 71 3518 3624 2036
2071 2 2 1 71 2847 2848 1757
2072 2 2 1 71 3339 4157 3671
2073 2 2 1 71 3214 3939 2836
2074 2 2 1 71 3678 4148 1933
2075 2 2 1 71 3345 3569 1909
2076 2 2 1 71 3185 3309 2152
2077 2 2 1 71 3046 3658 2896
2078 2 2 1 71 3096 3451 1839
2079 2 2 1 71 1622 3887 3292
2080 2 2 1 71 2303 3378 2306
2081 2 2 1 71 3366 3620 2947
2082 2 2 1 71 2862 3468 2835
2083 2 2 1 71 2400 3819 3772
2084 2 2 1 71 2999 4260 3383
2085 2 2 1 71 3285 3711 3709
2086 2 2 1 71 3609 3610 2002
2087 2 2 1 71 2836 3919 3214
2088 2 2 1 71 93 3081 94
2089 2 2 1 71 3337 3418 2049
2090 2 2 1 71 2578 4069 4020
2091 2 2 1 71 943 4210 181
2092 2 2 1 71 2443 4039 3177
2093 2 2 1 71 3390 3679 2355
2094 2 2 1 71 2858 4046 2857
2095 2 2 1 71 2945 3890 1835
2096 2 2 1 71 2948 4384 498
2097 2 2 1 71 2591 3876 3645
2098 2 2 1 71 3999 4184 2555
2099 2 2 1 71 3135 4158 1932
2100 2 2 1 71 3137 4265 2403
2101 2 2 1 71 3847 3896 1794
2102 2 2 1 71 1816 4085 3442
2103 2 2 1 71 3901 4217 3422
2104 2 2 1 71 765 1846 766
2105 2 2 1 71 1696 2910 1788
2106 2 2 1 71 2039 4011 3184
2107 2 2 1 71 3692 4199 2756
2108 2 2 1 71 498 4384 1805
2109 2 2 1 71 2693 3388 2898
2110 2 2 1 71 1094 3376 1093
2111 2 2 1 71 1808 4101 3180
2112 2 2 1 71 196 3024 2265
2113 2 2 1 71 3958 4280 2166
2114 2 2 1 71 3643 4224 2777
2115 2 2 1 71 2757 3692 2756
2116 2 2 1 71 2002 3617 3609
2117 2 2 1 71 3155 4280 3958
2118 2 2 1 71 965 4424 342
2119 2 2 1 71 3944 4212 3148
2120 2 2 1 71 3141 3241 1774
2121 2 2 1 71 3202 3485 1667
2122 2 2 1 71 2899 3450 2897
2123 2 2 1 71 3208 4010 1880
2124 2 2 1 71 2969 3333 3173
2125 2 2 1 71 581 2544 579
2126 2 2 1 71 2814 3451 3008
2127 2 2 1 71 3376 3880 2273
2128 2 2 1 71 507 1739 506
2129 2 2 1 71 3276 3909 3462
2130 2 2 1 71 3327 3972 3350
2131 2 2 1 71 1811 4074 3934
2132 2 2 1 71 2527 4443 3186
2133 2 2 1 71 2671 4319 3112
2134 2 2 1 71 2165 3301 3300
2135 2 2 1 71 4034 4062 3187
2136 2 2 1 71 902 4088 903
2137 2 2 1 71 410 4422 411
2138 2 2 1 71 3779 3873 2372
2139 2 2 1 71 1021 3018 2172
2140 2 2 1 71 2118 3404 3262
2141 2 2 1 71 3354 3482 1691
2142 2 2 1 71 1882 3007 785
2143 2 2 1 71 3762 4003 3900
2144 2 2 1 71 2817 4027 3350
2145 2 2 1 71 3409 3779 2895
2146 2 2 1 71 590 4047 1004
2147 2 2 1 71 1078 4154 578
2148 2 2 1 71 3726 4074 1811
2149 2 2 1 71 1805 3838 3741
2150 2 2 1 71 3039 3994 1904
2151 2 2 1 71 2949 3821 3272
2152 2 2 1 71 3609 3617 3247
2153 2 2 1 71 2076 3729 3578
2154 2 2 1 71 1766 4285 2053
2155 2 2 1 71 2999 3383 1763
2156 2 2 1 71 3094 3096 1839
2157 2 2 1 71 2763 3220 3219
2158 2 2 1 71 1147 3851 2733
2159 2 2 1 71 3241 4358 2432
2160 2 2 1 71 2894 3918 3696
2161 2 2 1 71 1138 3848 367
2162 2 2 1 71 2733 3851 2139
2163 2 2 1 71 2828 3060 1915
2164 2 2 1 71 1826 2828 1915
2165 2 2 1 71 1793 4460 2891
2166 2 2 1 71 3336 3602 1784
2167 2 2 1 71 3768 4093 1686
2168 2 2 1 71 2169 3818 2995
2169 2 2 1 71 3602 3603 1784
2170 2 2 1 71 3798 4229 3672
2171 2 2 1 71 2642 3433 2664
2172 2 2 1 71 2273 3880 2272
2173 2 2 1 71 3681 4148 3124
2174 2 2 1 71 3122 3868 2424
2175 2 2 1 71 3186 3729 2527
2176 2 2 1 71 161 2863 162
2177 2 2 1 71 711 4418 710
2178 2 2 1 71 3177 4039 3817
2179 2 2 1 71 1807 2825 2730
2180 2 2 1 71 2577 4406 3638
2181 2 2 1 71 2131 4183 4019
2182 2 2 1 71 3098 3222 1709
2183 2 2 1 71 2513 3818 3764
2184 2 2 1 71 2337 3502 3276
2185 2 2 1 71 2465 3485 3202
2186 2 2 1 71 3900 4003 3084
2187 2 2 1 71 3330 3332 2438
2188 2 2 1 71 2164 4119 3360
2189 2 2 1 71 497 2948 498
2190 2 2 1 71 3741 4142 1805
2191 2 2 1 71 1850 3753 3245
2192 2 2 1 71 2777 4224 2776
2193 2 2 1 71 181 2728 944
2194 2 2 1 71 3501 4042 3761
2195 2 2 1 71 1056 2298 822
2196 2 2 1 71 3245 4374 1850
2197 2 2 1 71 1645 3399 2715
2198 2 2 1 71 2564 3889 3397
2199 2 2 1 71 1910 3569 2087
2200 2 2 1 71 4038 4054 1873
2201 2 2 1 71 1904 3994 3791
2202 2 2 1 71 3144 3787 3145
2203 2 2 1 71 2886 3437 3204
2204 2 2 1 71 2998 3793 358
2205 2 2 1 71 2110 4385 2278
2206 2 2 1 71 3689 4184 3999
2207 2 2 1 71 3854 4220 3257
2208 2 2 1 71 3247 3617 1983
2209 2 2 1 71 2104 3253 2187
2210 2 2 1 71 3244 3892 2698
2211 2 2 1 71 3964 4408 3815
2212 2 2 1 71 3740 4178 3209
2213 2 2 1 71 3392 4299 3630
2214 2 2 1 71 2984 4178 3740
2215 2 2 1 71 3212 3403 1995
2216 2 2 1 71 3351 4291 2858
2217 2 2 1 71 2081 3628 3278
2218 2 2 1 71 971 3135 972
2219 2 2 1 71 3371 3987 3731
2220 2 2 1 71 3645 3876 3464
2221 2 2 1 71 2861 3961 2862
2222 2 2 1 71 3386 3387 3139
2223 2 2 1 71 1697 4155 3306
2224 2 2 1 71 3763 4400 3365
2225 2 2 1 71 1743 4399 2721
2226 2 2 1 71 3834 4055 1734
2227 2 2 1 71 3005 3382 2279
2228 2 2 1 71 2280 3382 2674
2229 2 2 1 71 3820 3837 3379
2230 2 2 1 71 3218 4054 4038
2231 2 2 1 71 1933 4148 3681
2232 2 2 1 71 1900 3868 2259
2233 2 2 1 71 1156 3862 2142
2234 2 2 1 71 2286 4069 3724
2235 2 2 1 71 2895 4212 3409
2236 2 2 1 71 1731 3818 2169
2237 2 2 1 71 682 1878 683
2238 2 2 1 71 1740 3386 3282
2239 2 2 1 71 3118 4051 2722
2240 2 2 1 71 2939 3730 2986
2241 2 2 1 71 3070 3324 3071
2242 2 2 1 71 1687 3808 2843
2243 2 2 1 71 360 2998 359
2244 2 2 1 71 1941 3264 1945
2245 2 2 1 71 2098 3944 2173
2246 2 2 1 71 2475 3271 2561
2247 2 2 1 71 2115 3679 2469
2248 2 2 1 71 547 2143 1156
2249 2 2 1 71 2838 3316 1814
2250 2 2 1 71 3158 3966 2453
2251 2 2 1 71 2563 3823 2812
2252 2 2 1 71 3795 4013 2851
2253 2 2 1 71 3912 3936 2823
2254 2 2 1 71 2253 4408 3964
2255 2 2 1 71 3442 4087 3983
2256 2 2 1 71 2415 4053 3803
2257 2 2 1 71 3915 4047 590
2258 2 2 1 71 543 2448 542
2259 2 2 1 71 2667 3991 3280
2260 2 2 1 71 810 3018 1021
2261 2 2 1 71 2000 3611 2051
2262 2 2 1 71 3610 3611 2002
2263 2 2 1 71 1843 3805 2941
2264 2 2 1 71 620 3902 621
2265 2 2 1 71 4045 4248 2574
2266 2 2 1 71 3440 3593 2660
2267 2 2 1 71 3405 4239 4102
2268 2 2 1 71 2550 3905 3455
2269 2 2 1 71 3485 4197 1667
2270 2 2 1 71 3122 3227 2873
2271 2 2 1 71 3152 3572 3153
2272 2 2 1 71 3190 4022 2879
2273 2 2 1 71 3108 4320 2459
2274 2 2 1 71 16 4092 17
2275 2 2 1 71 3828 4134 2761
2276 2 2 1 71 785 3007 786
2277 2 2 1 71 2835 3468 3176
2278 2 2 1 71 1853 4410 3301
2279 2 2 1 71 1937 4067 3235
2280 2 2 1 71 709 1689 708
2281 2 2 1 71 3301 3984 1853
2282 2 2 1 71 958 1635 321
2283 2 2 1 71 1774 2863 161
2284 2 2 1 71 2659 3906 3160
2285 2 2 1 71 3477 3812 2961
2286 2 2 1 71 3278 3780 2081
2287 2 2 1 71 3160 4295 2659
2288 2 2 1 71 3360 3673 2164
2289 2 2 1 71 2615 3131 2617
2290 2 2 1 71 583 584 1199
2291 2 2 1 71 3800 3886 2581
2292 2 2 1 71 2831 4095 4018
2293 2 2 1 71 3239 4229 3798
2294 2 2 1 71 823 2593 1624
2295 2 2 1 71 2092 4099 3856
2296 2 2 1 71 2891 4460 4111
2297 2 2 1 71 3772 3819 3388
2298 2 2 1 71 2772 3281 2773
2299 2 2 1 71 2870 4211 3716
2300 2 2 1 71 3151 4236 2580
2301 2 2 1 71 3237 4248 4045
2302 2 2 1 71 2242 3793 2998
2303 2 2 1 71 1930 3868 3122
2304 2 2 1 71 3231 3232 2912
2305 2 2 1 71 491 3300 984
2306 2 2 1 71 1818 3881 3340
2307 2 2 1 71 51 14 13
2308 2 2 1 71 3349 3991 2667
2309 2 2 1 71 3662 3851 2184
2310 2 2 1 71 2719 3732 3323
2311 2 2 1 71 3312 4037 3986
2312 2 2 1 71 2754 4114 3740
2313 2 2 1 71 3195 3430 2560
2314 2 2 1 71 852 3064 851
2315 2 2 1 71 3434 3837 3820
2316 2 2 1 71 3798 3844 1925
2317 2 2 1 71 3645 3860 2591
2318 2 2 1 71 2663 3433 2642
2319 2 2 1 71 937 4167 1820
2320 2 2 1 71 40 1837 41
2321 2 2 1 71 375 3215 969
2322 2 2 1 71 890 3051 891
2323 2 2 1 71 3402 4261 3125
2324 2 2 1 71 3827 3828 2945
2325 2 2 1 71 179 3418 180
2326 2 2 1 71 2272 2276 767
2327 2 2 1 71 3766 4023 3848
2328 2 2 1 71 3393 4299 3392
2329 2 2 1 71 3449 3468 2862
2330 2 2 1 71 141 2284 142
2331 2 2 1 71 3370 3987 3371
2332 2 2 1 71 3545 3995 3888
2333 2 2 1 71 1892 4261 3402
2334 2 2 1 71 1045 4009 3760
2335 2 2 1 71 3518 4329 3624
2336 2 2 1 71 841 4190 1854
2337 2 2 1 71 1850 4374 3443
2338 2 2 1 71 1153 3246 1152
2339 2 2 1 71 3267 3777 1890
2340 2 2 1 71 766 2272 767
2341 2 2 1 71 730 3130 731
2342 2 2 1 71 1199 3303 1198
2343 2 2 1 71 1675 3969 3361
2344 2 2 1 71 2739 3896 3847
2345 2 2 1 71 83 2448 84
2346 2 2 1 71 3433 3434 1665
2347 2 2 1 71 2590 4193 2102
2348 2 2 1 71 3155 4137 2859
2349 2 2 1 71 4017 4378 2840
2350 2 2 1 71 3350 3972 2817
2351 2 2 1 71 3363 4435 2159
2352 2 2 1 71 3063 4325 4160
2353 2 2 1 71 1153 4251 3059
2354 2 2 1 71 3349 4261 3159
2355 2 2 1 71 2118 3936 3912
2356 2 2 1 71 2961 3690 3476
2357 2 2 1 71 3823 4363 2812
2358 2 2 1 71 3080 3174 2981
2359 2 2 1 71 269 1873 270
2360 2 2 1 71 2971 3978 3898
2361 2 2 1 71 2894 3696 3376
2362 2 2 1 71 3059 3246 1153
2363 2 2 1 71 3767 4409 2287
2364 2 2 1 71 3691 3692 2757
2365 2 2 1 71 2146 4095 3033
2366 2 2 1 71 3441 3443 2464
2367 2 2 1 71 2184 4107 3662
2368 2 2 1 71 2352 3290 3288
2369 2 2 1 71 435 1880 436
2370 2 2 1 71 447 1703 448
2371 2 2 1 71 213 2560 952
2372 2 2 1 71 3298 4128 2937
2373 2 2 1 71 1045 3760 1044
2374 2 2 1 71 2084 4069 2286
2375 2 2 1 71 2967 3953 3335
2376 2 2 1 71 3282 4457 3217
2377 2 2 1 71 953 2098 216
2378 2 2 1 71 3093 4050 3204
2379 2 2 1 71 2423 4378 4017
2380 2 2 1 71 2605 4324 3243
2381 2 2 1 71 1740 3282 3217
2382 2 2 1 71 408 3457 409
2383 2 2 1 71 2818 4093 3980
2384 2 2 1 71 989 1937 501
2385 2 2 1 71 417 3728 977
2386 2 2 1 71 419 1675 402
2387 2 2 1 71 3449 3744 3468
2388 2 2 1 71 3222 4394 2946
2389 2 2 1 71 835 4113 1151
2390 2 2 1 71 332 1852 333
2391 2 2 1 71 198 1842 199
2392 2 2 1 71 1816 3983 3658
2393 2 2 1 71 1018 1827 777
2394 2 2 1 71 204 2523 205
2395 2 2 1 71 2761 4305 3828
2396 2 2 1 71 799 1922 798
2397 2 2 1 71 800 2159 1019
2398 2 2 1 71 3245 3856 2463
2399 2 2 1 71 2727 3419 2322
2400 2 2 1 71 445 1700 979
2401 2 2 1 71 2997 3230 1793
2402 2 2 1 71 2169 2995 1060
2403 2 2 1 71 3958 4137 3155
2404 2 2 1 71 3572 3864 3153
2405 2 2 1 71 974 1779 383
2406 2 2 1 71 2558 4347 3368
2407 2 2 1 71 2154 3800 1737
2408 2 2 1 71 643 1826 644
2409 2 2 1 71 454 3056 981
2410 2 2 1 71 340 1813 963
2411 2 2 1 71 68 1881 69
2412 2 2 1 71 3451 4031 3203
2413 2 2 1 71 3764 3826 3368
2414 2 2 1 71 1820 4167 3089
2415 2 2 1 71 3577 3729 3186
2416 2 2 1 71 3762 3900 2182
2417 2 2 1 71 3375 3399 2393
2418 2 2 1 71 4111 4460 2548
2419 2 2 1 71 1679 3679 3390
2420 2 2 1 71 2438 3803 3331
2421 2 2 1 71 319 2994 957
2422 2 2 1 71 382 3134 971
2423 2 2 1 71 3711 3775 2852
2424 2 2 1 71 987 1727 492
2425 2 2 1 71 3827 3895 3828
2426 2 2 1 71 2804 4219 3028
2427 2 2 1 71 3921 3996 2546
2428 2 2 1 71 2590 3431 2589
2429 2 2 1 71 937 1820 79
2430 2 2 1 71 839 3059 1026
2431 2 2 1 71 3243 4046 2605
2432 2 2 1 71 2989 4286 1819
2433 2 2 1 71 3898 3978 3308
2434 2 2 1 71 3425 4071 2248
2435 2 2 1 71 328 1874 329
2436 2 2 1 71 2599 3219 2600
2437 2 2 1 71 3352 3734 2545
2438 2 2 1 71 3368 4427 2558
2439 2 2 1 71 291 3053 292
2440 2 2 1 71 2724 4125 3864
2441 2 2 1 71 3366 3781 2399
2442 2 2 1 71 3227 4221 2874
2443 2 2 1 71 957 1764 320
2444 2 2 1 71 1144 3426 1143
2445 2 2 1 71 2955 3799 3748
2446 2 2 1 71 1934 2941 2458
2447 2 2 1 71 3272 4339 2704
2448 2 2 1 71 1929 3739 2379
2449 2 2 1 71 767 2276 768
2450 2 2 1 71 3482 4127 1691
2451 2 2 1 71 1983 3680 3247
2452 2 2 1 71 3870 4004 3175
2453 2 2 1 71 172 2844 173
2454 2 2 1 71 1854 4190 3193
2455 2 2 1 71 2695 4093 3768
2456 2 2 1 71 3959 4147 3154
2457 2 2 1 71 3508 3599 1971
2458 2 2 1 71 2131 3810 3684
2459 2 2 1 71 77 2592 935
2460 2 2 1 71 2885 4135 3437
2461 2 2 1 71 3218 3790 1789
2462 2 2 1 71 2985 3763 1751
2463 2 2 1 71 2900 3387 2901
2464 2 2 1 71 841 1854 842
2465 2 2 1 71 169 1892 170
2466 2 2 1 71 128 1679 941
2467 2 2 1 71 979 3384 446
2468 2 2 1 71 683 2270 684
2469 2 2 1 71 1753 3431 3305
2470 2 2 1 71 1818 3340 980
2471 2 2 1 71 2275 2816 1146
2472 2 2 1 71 944 2550 182
2473 2 2 1 71 79 3087 80
2474 2 2 1 71 3042 4012 3945
2475 2 2 1 71 446 3384 1818
2476 2 2 1 71 3371 3873 3779
2477 2 2 1 71 1737 3800 3211
2478 2 2 1 71 1722 3351 2858
2479 2 2 1 71 3419 4227 2322
2480 2 2 1 71 3711 3963 2086
2481 2 2 1 71 3084 3413 3083
2482 2 2 1 71 1967 3668 1968
2483 2 2 1 71 2706 4459 4122
2484 2 2 1 71 3272 3821 960
2485 2 2 1 71 271 3163 272
2486 2 2 1 71 2945 4346 3827
2487 2 2 1 71 2803 4459 2706
2488 2 2 1 71 2868 3811 3690
2489 2 2 1 71 1025 1834 832
2490 2 2 1 71 2265 3341 197
2491 2 2 1 71 1765 3741 3234
2492 2 2 1 71 2636 3520 3379
2493 2 2 1 71 954 1682 261
2494 2 2 1 71 2081 3780 3625
2495 2 2 1 71 3172 3660 3259
2496 2 2 1 71 723 2139 1192
2497 2 2 1 71 1157 2544 581
2498 2 2 1 71 160 1774 161
2499 2 2 1 71 3900 4255 2182
2500 2 2 1 71 3630 3714 3392
2501 2 2 1 71 3273 3274 1682
2502 2 2 1 71 2100 3744 3449
2503 2 2 1 71 1765 4067 500
2504 2 2 1 71 3732 4203 3323
2505 2 2 1 71 2692 4090 3317
2506 2 2 1 71 2450 4364 4137
2507 2 2 1 71 3676 3982 2535
2508 2 2 1 71 196 3917 3024
2509 2 2 1 71 2929 3680 2928
2510 2 2 1 71 645 1617 646
2511 2 2 1 71 3028 4103 2804
2512 2 2 1 71 1847 3231 2912
2513 2 2 1 71 1912 4006 2807
2514 2 2 1 71 921 4246 922
2515 2 2 1 71 748 3231 749
2516 2 2 1 71 3761 4042 1750
2517 2 2 1 71 2588 4325 3720
2518 2 2 1 71 2826 4199 3692
2519 2 2 1 71 2868 3690 1694
2520 2 2 1 71 3324 3325 3071
2521 2 2 1 71 3667 4310 1620
2522 2 2 1 71 3945 4012 1838
2523 2 2 1 71 2087 3569 2188
2524 2 2 1 71 1909 3569 1910
2525 2 2 1 71 374 3295 968
2526 2 2 1 71 2760 3746 2759
2527 2 2 1 71 2423 4017 2411
2528 2 2 1 71 3315 4008 3314
2529 2 2 1 71 1698 4118 3273
2530 2 2 1 71 2432 4423 3241
2531 2 2 1 71 660 3827 661
2532 2 2 1 71 2545 3712 3352
2533 2 2 1 71 3980 4093 3076
2534 2 2 1 71 3322 3478 2500
2535 2 2 1 71 747 3319 748
2536 2 2 1 71 2887 3883 3152
2537 2 2 1 71 15 4425 16
2538 2 2 1 71 1752 3460 3111
2539 2 2 1 71 38 174 173
2540 2 2 1 71 3364 3969 1675
2541 2 2 1 71 2551 3739 1929
2542 2 2 1 71 3033 4095 2446
2543 2 2 1 71 2855 4131 3906
2544 2 2 1 71 3431 4105 3305
2545 2 2 1 71 2248 4274 3425
2546 2 2 1 71 3984 3985 3265
2547 2 2 1 71 2963 4026 2965
2548 2 2 1 71 3803 4053 3331
2549 2 2 1 71 3273 4118 4025
2550 2 2 1 71 3096 4004 3870
2551 2 2 1 71 2964 3321 1830
2552 2 2 1 71 1637 3980 3085
2553 2 2 1 71 3239 3798 3453
2554 2 2 1 71 3578 3982 3867
2555 2 2 1 71 2771 4006 1912
2556 2 2 1 71 2669 3603 3602
2557 2 2 1 71 2964 4398 3321
2558 2 2 1 71 1906 3734 3352
2559 2 2 1 71 3070 4321 3324
2560 2 2 1 71 2890 3960 3372
2561 2 2 1 71 50 14 51
2562 2 2 1 71 2969 3173 1638
2563 2 2 1 71 1039 3844 870
2564 2 2 1 71 3746 4273 3453
2565 2 2 1 71 3720 4145 2588
2566 2 2 1 71 1630 3960 2890
2567 2 2 1 71 1147 2733 929
2568 2 2 1 71 3684 3810 3683
2569 2 2 1 71 2002 3611 2000
2570 2 2 1 71 2051 3611 2450
2571 2 2 1 71 1042 3841 535
2572 2 2 1 71 3701 4015 2457
2573 2 2 1 71 3006 3593 3440
2574 2 2 1 71 3170 3440 2660
2575 2 2 1 71 3967 4168 3012
2576 2 2 1 71 4019 4183 3054
2577 2 2 1 71 2984 4114 2968
2578 2 2 1 71 1071 2293 1782
2579 2 2 1 71 1018 4182 1827
2580 2 2 1 71 956 1845 295
2581 2 2 1 71 942 3402 2121
2582 2 2 1 71 3698 4221 4083
2583 2 2 1 71 1901 4013 3795
2584 2 2 1 71 285 3175 286
2585 2 2 1 71 1787 4170 2115
2586 2 2 1 71 2757 3713 3691
2587 2 2 1 71 2102 4181 2590
2588 2 2 1 71 4107 4259 2294
2589 2 2 1 71 3075 3408 3074
2590 2 2 1 71 2987 3844 3798
2591 2 2 1 71 3259 4423 3172
2592 2 2 1 71 3856 4099 3174
2593 2 2 1 71 3174 4386 2463
2594 2 2 1 71 1061 4464 882
2595 2 2 1 71 3185 3918 2894
2596 2 2 1 71 983 3879 456
2597 2 2 1 71 3424 4201 3426
2598 2 2 1 71 2402 3482 3354
2599 2 2 1 71 2165 3300 1931
2600 2 2 1 71 4272 4428 4226
2601 2 2 1 71 3442 3956 2533
2602 2 2 1 71 2990 4056 4030
2603 2 2 1 71 4290 4444 3197
2604 2 2 1 71 3212 4306 2553
2605 2 2 1 71 3197 4444 3481
2606 2 2 1 71 2937 4128 2779
2607 2 2 1 71 3320 4029 2736
2608 2 2 1 71 4150 4179 3047
2609 2 2 1 71 1971 3668 3508
2610 2 2 1 71 1758 4131 3295
2611 2 2 1 71 913 3889 914
2612 2 2 1 71 2736 4029 3475
2613 2 2 1 71 4151 4458 4078
2614 2 2 1 71 2515 3401 2252
2615 2 2 1 71 3569 4250 2188
2616 2 2 1 71 987 4198 1727
2617 2 2 1 71 1676 3322 2952
2618 2 2 1 71 158 4358 3141
2619 2 2 1 71 278 3765 279
2620 2 2 1 71 1006 3871 1007
2621 2 2 1 71 3839 4358 158
2622 2 2 1 71 668 3825 669
2623 2 2 1 71 3820 4014 3179
2624 2 2 1 71 3229 4219 2804
2625 2 2 1 71 2924 3507 3505
2626 2 2 1 71 2760 4273 3746
2627 2 2 1 71 3740 4114 2984
2628 2 2 1 71 188 3748 945
2629 2 2 1 71 569 2510 1120
2630 2 2 1 71 3678 3976 3325
2631 2 2 1 71 3290 4409 3767
2632 2 2 1 71 2045 4352 3056
2633 2 2 1 71 847 4123 1128
2634 2 2 1 71 3243 3804 2821
2635 2 2 1 71 3704 4164 2048
2636 2 2 1 71 424 3866 425
2637 2 2 1 71 2715 3887 1622
2638 2 2 1 71 670 3094 671
2639 2 2 1 71 3470 3757 1746
2640 2 2 1 71 2935 4055 3834
2641 2 2 1 71 2907 4321 3755
2642 2 2 1 71 2766 3799 2955
2643 2 2 1 71 3909 3978 2970
2644 2 2 1 71 1821 3253 2104
2645 2 2 1 71 3356 3357 1952
2646 2 2 1 71 2619 3369 2621
2647 2 2 1 71 2900 4313 3387
2648 2 2 1 71 1768 3919 3455
2649 2 2 1 71 1939 3264 1941
2650 2 2 1 71 1827 4182 3271
2651 2 2 1 71 3867 3982 2070
2652 2 2 1 71 2774 3069 1790
2653 2 2 1 71 2872 4037 3312
2654 2 2 1 71 1936 3461 3316
2655 2 2 1 71 3709 3711 2086
2656 2 2 1 71 3398 4407 3397
2657 2 2 1 71 3323 3403 2553
2658 2 2 1 71 1894 4168 3967
2659 2 2 1 71 968 3295 2847
2660 2 2 1 71 3144 4214 1648
2661 2 2 1 71 3379 3520 3369
2662 2 2 1 71 2452 3149 2823
2663 2 2 1 71 3057 4027 2817
2664 2 2 1 71 394 2277 395
2665 2 2 1 71 3001 3222 1935
2666 2 2 1 71 327 4206 959
2667 2 2 1 71 2777 3807 3643
2668 2 2 1 71 1022 3957 809
2669 2 2 1 71 4116 4406 2578
2670 2 2 1 71 2616 2963 2962
2671 2 2 1 71 3568 3842 3345
2672 2 2 1 71 1086 2865 1085
2673 2 2 1 71 3775 4323 2852
2674 2 2 1 71 962 3960 334
2675 2 2 1 71 1756 4138 3561
2676 2 2 1 71 2863 4336 2951
2677 2 2 1 71 3888 3995 3062
2678 2 2 1 71 2536 3333 2537
2679 2 2 1 71 2955 3047 2611
2680 2 2 1 71 3969 4112 3551
2681 2 2 1 71 3165 3263 2888
2682 2 2 1 71 3274 4025 3484
2683 2 2 1 71 2472 3271 2475
2684 2 2 1 71 3076 4443 2527
2685 2 2 1 71 1800 4111 3422
2686 2 2 1 71 292 4379 293
2687 2 2 1 71 3442 4085 3956
2688 2 2 1 71 3102 3951 3082
2689 2 2 1 71 1699 3313 3250
2690 2 2 1 71 2729 3768 1686
2691 2 2 1 71 3508 3680 3599
2692 2 2 1 71 2381 3964 3362
2693 2 2 1 71 3808 4097 2843
2694 2 2 1 71 3211 4038 1873
2695 2 2 1 71 2757 3794 3713
2696 2 2 1 71 3171 3770 2842
2697 2 2 1 71 104 3940 2261
2698 2 2 1 71 3311 3899 2661
2699 2 2 1 71 3438 3470 2613
2700 2 2 1 71 3118 3994 3039
2701 2 2 1 71 3079 4124 4024
2702 2 2 1 71 1711 4156 3387
2703 2 2 1 71 1727 4198 3017
2704 2 2 1 71 2537 3676 2535
2705 2 2 1 71 3677 3877 2540
2706 2 2 1 71 2693 3772 3388
2707 2 2 1 71 1894 3737 3685
2708 2 2 1 71 2987 3798 3672
2709 2 2 1 71 2870 3716 1654
2710 2 2 1 71 2252 3401 2253
2711 2 2 1 71 3505 3506 2924
2712 2 2 1 71 1097 3479 1096
2713 2 2 1 71 3864 4125 3153
2714 2 2 1 71 1835 3890 872
2715 2 2 1 71 1761 3787 1648
2716 2 2 1 71 657 1825 658
2717 2 2 1 71 1777 3373 3372
2718 2 2 1 71 2698 4360 3244
2719 2 2 1 71 3514 3657 2300
2720 2 2 1 71 792 4030 1016
2721 2 2 1 71 1789 4054 3218
2722 2 2 1 71 828 3847 829
2723 2 2 1 71 2820 3496 3236
2724 2 2 1 71 1753 3305 2181
2725 2 2 1 71 2664 3433 2936
2726 2 2 1 71 831 4290 3197
2727 2 2 1 71 3389 4200 129
2728 2 2 1 71 2578 4406 2577
2729 2 2 1 71 3484 4353 3274
2730 2 2 1 71 1849 3895 3827
2731 2 2 1 71 1004 4066 589
2732 2 2 1 71 948 3915 189
2733 2 2 1 71 538 3846 1055
2734 2 2 1 71 2094 2376 647
2735 2 2 1 71 3087 4082 2265
2736 2 2 1 71 3219 3221 2603
2737 2 2 1 71 1798 3320 2736
2738 2 2 1 71 3184 4456 2245
2739 2 2 1 71 3848 4023 1907
2740 2 2 1 71 1694 3690 2961
2741 2 2 1 71 2900 2901 2730
2742 2 2 1 71 3465 3701 2457
2743 2 2 1 71 3560 3561 2502
2744 2 2 1 71 2905 3903 3446
2745 2 2 1 71 2497 4460 3230
2746 2 2 1 71 3111 4428 4272
2747 2 2 1 71 2612 4207 1875
2748 2 2 1 71 3179 4014 1771
2749 2 2 1 71 1129 3398 516
2750 2 2 1 71 283 3925 284
2751 2 2 1 71 3105 3323 2553
2752 2 2 1 71 3132 3133 2647
2753 2 2 1 71 3217 4457 4308
2754 2 2 1 71 2921 3506 2920
2755 2 2 1 71 1752 3020 151
2756 2 2 1 71 1963 3503 3445
2757 2 2 1 71 920 1919 921
2758 2 2 1 71 2761 4134 4088
2759 2 2 1 71 2858 3812 3477
2760 2 2 1 71 3340 3725 1703
2761 2 2 1 71 2838 3897 3316
2762 2 2 1 71 260 3273 954
2763 2 2 1 71 1764 3378 3067
2764 2 2 1 71 783 4104 1014
2765 2 2 1 71 3288 3289 2172
2766 2 2 1 71 1647 4145 3514
2767 2 2 1 71 3236 4411 2820
2768 2 2 1 71 3168 4156 1711
2769 2 2 1 71 3505 3668 1967
2770 2 2 1 71 932 1812 70
2771 2 2 1 71 2292 3989 3799
2772 2 2 1 71 4014 4291 1771
2773 2 2 1 71 3474 3475 1921
2774 2 2 1 71 3265 4388 3984
2775 2 2 1 71 3427 3498 2187
2776 2 2 1 71 1792 4231 3950
2777 2 2 1 71 1880 4010 3225
2778 2 2 1 71 1803 3426 1144
2779 2 2 1 71 1012 1696 750
2780 2 2 1 71 3399 3670 2393
2781 2 2 1 71 1708 3938 2764
2782 2 2 1 71 837 836 1151
2783 2 2 1 71 914 2564 915
2784 2 2 1 71 713 3429 712
2785 2 2 1 71 3031 3745 3160
2786 2 2 1 71 2928 3680 3508
2787 2 2 1 71 1791 3779 3409
2788 2 2 1 71 1620 4310 3014
2789 2 2 1 71 3445 3504 1963
2790 2 2 1 71 3443 4374 2464
2791 2 2 1 71 1774 3241 2864
2792 2 2 1 71 1791 3409 215
2793 2 2 1 71 3078 3996 3921
2794 2 2 1 71 2312 4065 3261
2795 2 2 1 71 2990 4401 2498
2796 2 2 1 71 3397 3889 2957
2797 2 2 1 71 2457 4015 3207
2798 2 2 1 71 294 4297 956
2799 2 2 1 71 2937 3756 3298
2800 2 2 1 71 578 4154 2129
2801 2 2 1 71 3269 3475 3474
2802 2 2 1 71 2891 4111 3728
2803 2 2 1 71 2112 3499 2114
2804 2 2 1 71 1150 4259 1149
2805 2 2 1 71 341 3404 2118
2806 2 2 1 71 3155 4141 1660
2807 2 2 1 71 422 3294 423
2808 2 2 1 71 2805 3419 2956
2809 2 2 1 71 305 3747 306
2810 2 2 1 71 3016 3817 2357
2811 2 2 1 71 2698 3892 2699
2812 2 2 1 71 2609 3514 3513
2813 2 2 1 71 988 4142 499
2814 2 2 1 71 2847 2849 2848
2815 2 2 1 71 2433 2989 1819
2816 2 2 1 71 3561 4230 1756
2817 2 2 1 71 3108 3261 2994
2818 2 2 1 71 1009 4083 622
2819 2 2 1 71 2892 2893 2273
2820 2 2 1 71 2540 4251 3677
2821 2 2 1 71 954 3273 1682
2822 2 2 1 71 1968 3668 1971
2823 2 2 1 71 3422 4111 3901
2824 2 2 1 71 3753 3856 3245
2825 2 2 1 71 2272 4035 2276
2826 2 2 1 71 3760 4009 2263
2827 2 2 1 71 129 4200 130
2828 2 2 1 71 3154 4147 1738
2829 2 2 1 71 3234 4067 1765
2830 2 2 1 71 3431 4132 4105
2831 2 2 1 71 2663 3434 3433
2832 2 2 1 71 1935 3222 2946
2833 2 2 1 71 669 2089 670
2834 2 2 1 71 2682 4257 3998
2835 2 2 1 71 541 2461 540
2836 2 2 1 71 3543 3931 2608
2837 2 2 1 71 3445 3503 3444
2838 2 2 1 71 3394 4200 3389
2839 2 2 1 71 2045 3056 2316
2840 2 2 1 71 1771 4291 3351
2841 2 2 1 71 3350 4027 1721
2842 2 2 1 71 3986 4037 3625
2843 2 2 1 71 1707 3948 613
2844 2 2 1 71 2824 3657 3514
2845 2 2 1 71 3699 3785 3038
2846 2 2 1 71 3262 3936 2118
2847 2 2 1 71 3247 3680 2929
2848 2 2 1 71 3865 4381 4301
2849 2 2 1 71 3663 4269 2586
2850 2 2 1 71 3382 4222 3250
2851 2 2 1 71 3542 3802 3682
2852 2 2 1 71 1030 3967 844
2853 2 2 1 71 3083 3413 1762
2854 2 2 1 71 658 3759 659
2855 2 2 1 71 1099 3902 1098
2856 2 2 1 71 949 3917 196
2857 2 2 1 71 1932 3432 973
2858 2 2 1 71 3513 3514 2300
2859 2 2 1 71 3906 4110 2855
2860 2 2 1 71 3405 4102 3029
2861 2 2 1 71 2165 3302 3301
2862 2 2 1 71 3780 3986 3625
2863 2 2 1 71 3883 4348 3152
2864 2 2 1 71 2943 4179 4150
2865 2 2 1 71 70 3214 933
2866 2 2 1 71 2444 4138 3708
2867 2 2 1 71 3427 3499 3498
2868 2 2 1 71 4321 4440 3755
2869 2 2 1 71 1752 3111 3020
2870 2 2 1 71 2909 4009 3348
2871 2 2 1 71 2769 3281 2772
2872 2 2 1 71 2841 4306 3589
2873 2 2 1 71 3220 3221 3219
2874 2 2 1 71 2616 4026 2963
2875 2 2 1 71 3060 3061 1915
2876 2 2 1 71 3589 4060 2841
2877 2 2 1 71 2812 4147 3959
2878 2 2 1 71 2859 4141 3155
2879 2 2 1 71 2689 3927 3490
2880 2 2 1 71 3263 4416 4385
2881 2 2 1 71 2895 3779 2372
2882 2 2 1 71 2070 3982 3676
2883 2 2 1 71 2735 4238 2595
2884 2 2 1 71 3283 4457 3282
2885 2 2 1 71 3177 3817 3016
2886 2 2 1 71 2856 4121 3023
2887 2 2 1 71 3599 3680 1983
2888 2 2 1 71 2647 3369 2619
2889 2 2 1 71 307 3946 2351
2890 2 2 1 71 3183 3805 1843
2891 2 2 1 71 1898 3719 2388
2892 2 2 1 71 3197 4209 831
2893 2 2 1 71 1775 4002 3266
2894 2 2 1 71 3002 3879 2354
2895 2 2 1 71 3746 4331 2759
2896 2 2 1 71 3706 4185 2670
2897 2 2 1 71 3387 4313 3139
2898 2 2 1 71 3954 3955 2148
2899 2 2 1 71 1647 3514 2609
2900 2 2 1 71 3420 3422 3421
2901 2 2 1 71 432 3750 433
2902 2 2 1 71 2852 3963 3711
2903 2 2 1 71 3454 4181 2102
2904 2 2 1 71 3444 3503 1980
2905 2 2 1 71 3473 4057 2443
2906 2 2 1 71 3007 3604 1717
2907 2 2 1 71 1653 4135 3073
2908 2 2 1 71 3355 3950 2976
2909 2 2 1 71 2842 3770 3166
2910 2 2 1 71 3369 3520 2621
2911 2 2 1 71 304 2141 305
2912 2 2 1 71 2972 4135 1653
2913 2 2 1 71 2948 4220 4005
2914 2 2 1 71 2359 3987 3430
2915 2 2 1 71 2608 4454 3543
2916 2 2 1 71 3235 4067 3234
2917 2 2 1 71 2667 4368 3349
2918 2 2 1 71 2589 4193 2590
2919 2 2 1 71 2858 4291 3910
2920 2 2 1 71 3038 4344 3699
2921 2 2 1 71 2973 4048 3667
2922 2 2 1 71 3069 4240 1790
2923 2 2 1 71 2357 3817 2358
2924 2 2 1 71 469 1771 470
2925 2 2 1 71 3373 3947 2188
2926 2 2 1 71 4137 4364 3171
2927 2 2 1 71 3317 3970 2425
2928 2 2 1 71 2863 2951 1678
2929 2 2 1 71 1786 4046 3243
2930 2 2 1 71 2853 4131 2855
2931 2 2 1 71 2799 3735 2979
2932 2 2 1 71 1661 4357 2878
2933 2 2 1 71 1129 4407 3398
2934 2 2 1 71 624 3227 3122
2935 2 2 1 71 2006 3925 3686
2936 2 2 1 71 1887 3738 3702
2937 2 2 1 71 3241 4423 3259
2938 2 2 1 71 3232 3233 2912
2939 2 2 1 71 978 3420 3364
2940 2 2 1 71 48 2946 1877
2941 2 2 1 71 115 3869 116
2942 2 2 1 71 3362 4201 2381
2943 2 2 1 71 2261 3940 3836
2944 2 2 1 71 1699 4171 3313
2945 2 2 1 71 3757 4325 2587
2946 2 2 1 71 4070 4427 3367
2947 2 2 1 71 3758 4221 3698
2948 2 2 1 71 843 4068 1027
2949 2 2 1 71 3149 3830 2823
2950 2 2 1 71 2928 3507 2925
2951 2 2 1 71 2925 3507 2924
2952 2 2 1 71 2924 3506 2921
2953 2 2 1 71 2920 3506 3445
2954 2 2 1 71 3204 4186 3093
2955 2 2 1 71 2960 2961 2640
2956 2 2 1 71 3148 4211 2870
2957 2 2 1 71 333 3272 960
2958 2 2 1 71 2152 3743 3310
2959 2 2 1 71 1038 3849 863
2960 2 2 1 71 279 3765 1698
2961 2 2 1 71 1948 3428 1942
2962 2 2 1 71 2246 3894 3789
2963 2 2 1 71 4308 4457 3126
2964 2 2 1 71 101 2470 102
2965 2 2 1 71 2457 3750 3465
2966 2 2 1 71 2548 4460 2497
2967 2 2 1 71 1844 4458 4151
2968 2 2 1 71 3024 3087 2265
2969 2 2 1 71 3880 4035 2272
2970 2 2 1 71 4075 4079 2597
2971 2 2 1 71 1980 3525 3444
2972 2 2 1 71 3074 3408 1640
2973 2 2 1 71 614 3314 1006
2974 2 2 1 71 1094 3880 3376
2975 2 2 1 71 3498 3499 2112
2976 2 2 1 71 2114 3499 2126
2977 2 2 1 71 690 2585 675
2978 2 2 1 71 300 2587 301
2979 2 2 1 71 3181 4227 3419
2980 2 2 1 71 3735 4357 1661
2981 2 2 1 71 4088 4134 3892
2982 2 2 1 71 3797 3998 1707
2983 2 2 1 71 2702 4155 3178
2984 2 2 1 71 1825 4079 4075
2985 2 2 1 71 3420 3421 3364
2986 2 2 1 71 3899 4058 2666
2987 2 2 1 71 3951 4405 3082
2988 2 2 1 71 2287 4023 3767
2989 2 2 1 71 3253 3971 2187
2990 2 2 1 71 343 2762 344
2991 2 2 1 71 824 2608 825
2992 2 2 1 71 3254 4197 2713
2993 2 2 1 71 588 2766 587
2994 2 2 1 71 586 2610 585
2995 2 2 1 71 1964 3504 1967
2996 2 2 1 71 1963 3504 1964
2997 2 2 1 71 550 3974 1688
2998 2 2 1 71 1875 4207 2586
2999 2 2 1 71 3207 3208 1880
3000 2 2 1 71 3274 3275 1682
3001 2 2 1 71 3471 3525 1980
3002 2 2 1 71 4024 4124 2525
3003 2 2 1 71 1695 4308 3813
3004 2 2 1 71 3266 4149 1775
3005 2 2 1 71 1631 1648 363
3006 2 2 1 71 3774 4323 3775
3007 2 2 1 71 3299 3704 2048
3008 2 2 1 71 1859 3486 1861
3009 2 2 1 71 3713 3794 1769
3010 2 2 1 71 2470 3816 2347
3011 2 2 1 71 1770 3784 2186
3012 2 2 1 71 506 3029 505
3013 2 2 1 71 2352 4409 3290
3014 2 2 1 71 1768 4000 3919
3015 2 2 1 71 303 2609 304
3016 2 2 1 71 304 2609 2141
3017 2 2 1 71 980 3340 447
3018 2 2 1 71 3423 3424 1803
3019 2 2 1 71 3204 4050 3162
3020 2 2 1 71 1779 3458 3199
3021 2 2 1 71 748 3319 3231
3022 2 2 1 71 3421 4112 3969
3023 2 2 1 71 2790 4247 3270
3024 2 2 1 71 923 2807 924
3025 2 2 1 71 3383 4260 2881
3026 2 2 1 71 2473 3663 2471
3027 2 2 1 71 1660 3346 3155
3028 2 2 1 71 2012 2541 664
3029 2 2 1 71 2912 3928 2910
3030 2 2 1 71 3578 3867 2076
3031 2 2 1 71 3462 3909 2970
3032 2 2 1 71 3438 4326 3470
3033 2 2 1 71 2511 4064 3296
3034 2 2 1 71 470 3351 471
3035 2 2 1 71 3319 4367 3231
3036 2 2 1 71 2857 4046 1786
3037 2 2 1 71 952 3370 214
3038 2 2 1 71 2285 3850 3674
3039 2 2 1 71 3401 4408 2253
3040 2 2 1 71 401 2715 388
3041 2 2 1 71 399 2714 400
3042 2 2 1 71 849 1035 848
3043 2 2 1 71 3486 3719 1898
3044 2 2 1 71 2821 3804 2822
3045 2 2 1 71 3228 4273 2760
3046 2 2 1 71 163 2827 148
3047 2 2 1 71 2519 3657 2824
3048 2 2 1 71 571 2842 570
3049 2 2 1 71 685 1749 686
3050 2 2 1 71 3357 3358 1952
3051 2 2 1 71 3865 4301 3129
3052 2 2 1 71 2774 4268 3069
3053 2 2 1 71 197 3341 198
3054 2 2 1 71 1922 3923 3922
3055 2 2 1 71 3243 4324 3804
3056 2 2 1 71 3981 4086 2688
3057 2 2 1 71 1948 3480 3428
3058 2 2 1 71 1720 3229 2804
3059 2 2 1 71 2586 4270 3663
3060 2 2 1 71 134 1831 135
3061 2 2 1 71 2751 3903 3882
3062 2 2 1 71 2564 4407 1130
3063 2 2 1 71 418 3420 978
3064 2 2 1 71 3047 3048 2611
3065 2 2 1 71 2585 3808 1687
3066 2 2 1 71 170 3402 942
3067 2 2 1 71 3221 3804 2603
3068 2 2 1 71 3684 4183 2131
3069 2 2 1 71 3758 3858 2874
3070 2 2 1 71 3696 3918 1891
3071 2 2 1 71 625 2729 626
3072 2 2 1 71 3778 3902 1099
3073 2 2 1 71 2686 4120 3930
3074 2 2 1 71 3157 4006 2771
3075 2 2 1 71 637 2825 638
3076 2 2 1 71 3330 3977 3332
3077 2 2 1 71 180 4033 943
3078 2 2 1 71 2928 3508 3507
3079 2 2 1 71 3481 4444 2993
3080 2 2 1 71 664 2385 2012
3081 2 2 1 71 1191 3661 1914
3082 2 2 1 71 739 2735 740
3083 2 2 1 71 728 3146 726
3084 2 2 1 71 3029 4102 1069
3085 2 2 1 71 2867 3990 3891
3086 2 2 1 71 1784 3863 3336
3087 2 2 1 71 3998 4257 3948
3088 2 2 1 71 2901 2902 2730
3089 2 2 1 71 3438 4098 2503
3090 2 2 1 71 63 2506 15
3091 2 2 1 71 4083 4221 1895
3092 2 2 1 71 1956 3471 1980
3093 2 2 1 71 131 2871 117
3094 2 2 1 71 3133 3369 2647
3095 2 2 1 71 3725 3959 1703
3096 2 2 1 71 2760 3926 3228
3097 2 2 1 71 3296 4426 2511
3098 2 2 1 71 335 2889 336
3099 2 2 1 71 3288 3290 3289
3100 2 2 1 71 758 3130 730
3101 2 2 1 71 3053 4086 3981
3102 2 2 1 71 337 2764 338
3103 2 2 1 71 3217 4308 3381
3104 2 2 1 71 1942 3428 1940
3105 2 2 1 71 3305 3825 2181
3106 2 2 1 71 1826 3294 2828
3107 2 2 1 71 3241 3242 2864
3108 2 2 1 71 273 2878 274
3109 2 2 1 71 2171 3452 1041
3110 2 2 1 71 909 2769 910
3111 2 2 1 71 3125 3920 3402
3112 2 2 1 71 3953 4233 3335
3113 2 2 1 71 2141 3834 3747
3114 2 2 1 71 3020 4161 151
3115 2 2 1 71 2184 4259 4107
3116 2 2 1 71 3504 3505 1967
3117 2 2 1 71 2849 2850 2848
3118 2 2 1 71 3385 3715 1730
3119 2 2 1 71 3448 4016 2296
3120 2 2 1 71 2893 2894 2273
3121 2 2 1 71 1861 3486 1898
3122 2 2 1 71 2388 3719 2519
3123 2 2 1 71 3483 3486 1859
3124 2 2 1 71 2592 3727 3418
3125 2 2 1 71 3250 4222 1633
3126 2 2 1 71 1137 2987 1136
3127 2 2 1 71 184 2808 185
3128 2 2 1 71 691 2809 692
3129 2 2 1 71 2726 4215 3416
3130 2 2 1 71 3375 3887 2715
3131 2 2 1 71 4005 4220 2883
3132 2 2 1 71 852 3788 3064
3133 2 2 1 71 3060 3062 3061
3134 2 2 1 71 3735 4278 2979
3135 2 2 1 71 3445 3506 3504
3136 2 2 1 71 1130 3463 2564
3137 2 2 1 71 2228 3496 2383
3138 2 2 1 71 3415 4357 2799
3139 2 2 1 71 4070 4194 3355
3140 2 2 1 71 2289 3483 1896
3141 2 2 1 71 3078 4031 3996
3142 2 2 1 71 2337 3462 2193
3143 2 2 1 71 2709 3497 2712
3144 2 2 1 71 2457 3207 434
3145 2 2 1 71 458 2821 459
3146 2 2 1 71 1954 3471 1956
3147 2 2 1 71 2519 3719 3657
3148 2 2 1 71 1060 2691 2169
3149 2 2 1 71 472 2857 457
3150 2 2 1 71 968 2847 375
3151 2 2 1 71 3504 3506 3505
3152 2 2 1 71 3353 4101 1808
3153 2 2 1 71 1814 3316 3077
3154 2 2 1 71 3349 4368 4261
3155 2 2 1 71 1125 3689 1802
3156 2 2 1 71 3507 3668 3505
3157 2 2 1 71 2909 3348 2019
3158 2 2 1 71 1041 3452 871
3159 2 2 1 71 3176 3466 2833
3160 2 2 1 71 3748 3799 945
3161 2 2 1 71 3324 4321 2907
3162 2 2 1 71 3299 4152 3704
3163 2 2 1 71 217 2985 200
3164 2 2 1 71 2861 4434 3396
3165 2 2 1 71 3110 3469 2341
3166 2 2 1 71 874 2944 873
3167 2 2 1 71 4249 4399 2347
3168 2 2 1 71 3031 4166 3745
3169 2 2 1 71 3891 3970 2867
3170 2 2 1 71 829 3847 1794
3171 2 2 1 71 2582 3483 2289
3172 2 2 1 71 1069 4102 1068
3173 2 2 1 71 2265 4082 3341
3174 2 2 1 71 3176 3467 3466
3175 2 2 1 71 486 2969 473
3176 2 2 1 71 474 2840 475
3177 2 2 1 71 3301 4410 3300
3178 2 2 1 71 1043 2377 1042
3179 2 2 1 71 932 3396 1812
3180 2 2 1 71 3452 3746 3453
3181 2 2 1 71 3233 4191 3700
3182 2 2 1 71 2121 3730 171
3183 2 2 1 71 3424 3426 1803
3184 2 2 1 71 3192 4408 3401
3185 2 2 1 71 2418 4369 3332
3186 2 2 1 71 3064 3788 2155
3187 2 2 1 71 2383 3496 2820
3188 2 2 1 71 2226 3496 2228
3189 2 2 1 71 2155 4173 3064
3190 2 2 1 71 3171 4364 3770
3191 2 2 1 71 829 1794 830
3192 2 2 1 71 3271 4042 2561
3193 2 2 1 71 2369 4039 3137
3194 2 2 1 71 2712 3497 2885
3195 2 2 1 71 2710 3497 2709
3196 2 2 1 71 3046 3988 3658
3197 2 2 1 71 3767 4023 3766
3198 2 2 1 71 3284 3775 3285
3199 2 2 1 71 2740 3446 2751
3200 2 2 1 71 3047 3049 3048
3201 2 2 1 71 2193 3462 2191
3202 2 2 1 71 1780 3776 3666
3203 2 2 1 71 2292 3799 2766
3204 2 2 1 71 1896 3483 1857
3205 2 2 1 71 3060 4028 3062
3206 2 2 1 71 3830 4106 1754
3207 2 2 1 71 2901 2903 2902
3208 2 2 1 71 3133 3379 3369
3209 2 2 1 71 147 2867 132
3210 2 2 1 71 1636 4175 3875
3211 2 2 1 71 3241 3259 3242
3212 2 2 1 71 2341 3469 2339
3213 2 2 1 71 1808 3669 784
3214 2 2 1 71 2833 3466 2830
3215 2 2 1 71 2850 2852 2848
3216 2 2 1 71 2849 2851 2850
3217 2 2 1 71 2893 3185 2894
3218 2 2 1 71 2894 3376 2273
3219 2 2 1 71 145 2940 146
3220 2 2 1 71 546 2143 547
3221 2 2 1 71 743 2873 744
3222 2 2 1 71 2347 4399 3940
3223 2 2 1 71 3480 3547 2543
3224 2 2 1 71 1948 3547 3480
3225 2 2 1 71 2085 3282 3139
3226 2 2 1 71 3476 3690 2607
3227 2 2 1 71 2974 4411 3236
3228 2 2 1 71 2139 3851 3662
3229 2 2 1 71 3664 3665 2206
3230 2 2 1 71 2856 4110 3248
3231 2 2 1 71 2623 3520 2627
3232 2 2 1 71 3338 4402 3457
3233 2 2 1 71 109 4133 110
3234 2 2 1 71 621 3902 3778
3235 2 2 1 71 2582 3486 3483
3236 2 2 1 71 2103 3454 2102
3237 2 2 1 71 2713 3485 2708
3238 2 2 1 71 319 3107 2994
3239 2 2 1 71 3269 4238 2736
3240 2 2 1 71 2427 3970 3891
3241 2 2 1 71 855 3010 854
3242 2 2 1 71 1955 3472 2055
3243 2 2 1 71 3710 4453 3285
3244 2 2 1 71 2375 3333 2969
3245 2 2 1 71 2604 3476 2607
3246 2 2 1 71 3468 3744 1883
3247 2 2 1 71 977 1800 418
3248 2 2 1 71 3484 3487 2161
3249 2 2 1 71 2627 3520 2636
3250 2 2 1 71 3049 3050 3048
3251 2 2 1 71 2621 3520 2623
3252 2 2 1 71 762 2888 763
3253 2 2 1 71 1950 3487 1946
3254 2 2 1 71 1800 3420 418
3255 2 2 1 71 2340 3481 2342
3256 2 2 1 71 2849 2853 2851
3257 2 2 1 71 2161 3487 1950
3258 2 2 1 71 2893 3309 3185
3259 2 2 1 71 1999 3471 1954
3260 2 2 1 71 2823 3936 2521
3261 2 2 1 71 959 3308 328
3262 2 2 1 71 2345 3474 2343
3263 2 2 1 71 2708 3485 2467
3264 2 2 1 71 4211 4212 2895
3265 2 2 1 71 776 2933 761
3266 2 2 1 71 3100 3493 3492
3267 2 2 1 71 2744 3509 2747
3268 2 2 1 71 1021 2172 1022
3269 2 2 1 71 961 1777 962
3270 2 2 1 71 3487 3529 1946
3271 2 2 1 71 2364 3492 2367
3272 2 2 1 71 793 1750 1017
3273 2 2 1 71 2278 3489 2108
3274 2 2 1 71 2302 3679 2115
3275 2 2 1 71 2404 3482 2402
3276 2 2 1 71 446 1818 980
3277 2 2 1 71 3708 4296 2444
3278 2 2 1 71 2747 3509 2754
3279 2 2 1 71 3492 3493 2367
3280 2 2 1 71 2362 3492 2364
3281 2 2 1 71 2742 3509 2744
3282 2 2 1 71 3049 3070 3050
3283 2 2 1 71 3508 3668 3507
3284 2 2 1 71 1800 3422 3420
3285 2 2 1 71 2108 3489 2105
3286 2 2 1 71 1987 3515 1959
3287 2 2 1 71 2853 2854 2851
3288 2 2 1 71 2445 3517 3516
3289 2 2 1 71 1946 3529 1943
3290 2 2 1 71 2501 3558 3501
3291 2 2 1 71 805 3412 1142
3292 2 2 1 71 2310 3516 2307
3293 2 2 1 71 2756 3495 2745
3294 2 2 1 71 3494 3546 2435
3295 2 2 1 71 1865 3519 1862
3296 2 2 1 71 2785 3488 2802
3297 2 2 1 71 2255 3515 1987
3298 2 2 1 71 2109 3498 2112
3299 2 2 1 71 3501 3558 3500
3300 2 2 1 71 2013 3529 2673
3301 2 2 1 71 2479 3500 2482
3302 2 2 1 71 2445 3516 2310
3303 2 2 1 71 1959 3515 1957
3304 2 2 1 71 2010 3519 1865
3305 2 2 1 71 2307 3516 2305
3306 2 2 1 71 2745 3495 2743
3307 2 2 1 71 2620 3491 2643
3308 2 2 1 71 3049 3072 3070
3309 2 2 1 71 3070 3071 3050
3310 2 2 1 71 2673 3529 3487
3311 2 2 1 71 1862 3519 1860
3312 2 2 1 71 3033 3866 2146
3313 2 2 1 71 2435 3546 2194
3314 2 2 1 71 3500 3558 2482
3315 2 2 1 71 2106 3498 2109
3316 2 2 1 71 1960 3503 1963
3317 2 2 1 71 2918 3525 2915
3318 2 2 1 71 2853 2855 2854
3319 2 2 1 71 2477 3500 2479
3320 2 2 1 71 1944 3529 2013
3321 2 2 1 71 978 3364 419
3322 2 2 1 71 3444 3525 2918
3323 2 2 1 71 2368 3492 2362
3324 2 2 1 71 2496 3510 2485
3325 2 2 1 71 3502 3665 3664
3326 2 2 1 71 1958 3503 1960
3327 2 2 1 71 2915 3525 2913
3328 2 2 1 71 2793 3511 2789
3329 2 2 1 71 3071 3086 3050
3330 2 2 1 71 2793 3512 3511
3331 2 2 1 71 2855 2856 2854
3332 2 2 1 71 2668 3536 3535
3333 2 2 1 71 2485 3510 2478
3334 2 2 1 71 2637 3535 2624
3335 2 2 1 71 2484 3558 2489
3336 2 2 1 71 3546 3574 2199
3337 2 2 1 71 2789 3511 2787
3338 2 2 1 71 2149 3547 2015
3339 2 2 1 71 2668 3535 2637
3340 2 2 1 71 3494 3574 3546
3341 2 2 1 71 3521 3523 2241
3342 2 2 1 71 2489 3558 2501
3343 2 2 1 71 2482 3558 2484
3344 2 2 1 71 2675 3523 3521
3345 2 2 1 71 2624 3535 2622
3346 2 2 1 71 1918 3537 3522
3347 2 2 1 71 2543 3547 2149
3348 2 2 1 71 2196 3546 2199
3349 2 2 1 71 2299 3513 2300
3350 2 2 1 71 2675 3530 3523
3351 2 2 1 71 2793 3528 3512
3352 2 2 1 71 2856 3023 2854
3353 2 2 1 71 2015 3547 1949
3354 2 2 1 71 2758 3526 2748
3355 2 2 1 71 3530 3531 3524
3356 2 2 1 71 3532 3565 3531
3357 2 2 1 71 2221 3557 2676
3358 2 2 1 71 2579 3557 2221
3359 2 2 1 71 3522 3537 2387
3360 2 2 1 71 1965 3565 3532
3361 2 2 1 71 3565 3585 3531
3362 2 2 1 71 2676 3557 3556
3363 2 2 1 71 3523 3530 3524
3364 2 2 1 71 2490 3527 2481
3365 2 2 1 71 3531 3585 3524
3366 2 2 1 71 2676 3556 3534
3367 2 2 1 71 2798 3528 2794
3368 2 2 1 71 2794 3528 2793
3369 2 2 1 71 1988 3656 3655
3370 2 2 1 71 2748 3526 2746
3371 2 2 1 71 2390 3531 3530
3372 2 2 1 71 3534 3576 2676
3373 2 2 1 71 2387 3537 1863
3374 2 2 1 71 2138 3530 2675
3375 2 2 1 71 2390 3530 2138
3376 2 2 1 71 3532 3656 1965
3377 2 2 1 71 2313 3538 2584
3378 2 2 1 71 3539 3576 3534
3379 2 2 1 71 2481 3527 2480
3380 2 2 1 71 2390 3532 3531
3381 2 2 1 71 2203 3539 2200
3382 2 2 1 71 1867 3537 1918
3383 2 2 1 71 2309 3538 2313
3384 2 2 1 71 2016 3540 2162
3385 2 2 1 71 3655 3656 3532
3386 2 2 1 71 2662 3563 3545
3387 2 2 1 71 2792 3550 2795
3388 2 2 1 71 2014 3540 2016
3389 2 2 1 71 2203 3576 3539
3390 2 2 1 71 2200 3539 2198
3391 2 2 1 71 1864 3537 1867
3392 2 2 1 71 3545 3563 3544
3393 2 2 1 71 2795 3550 2800
3394 2 2 1 71 2370 3533 2468
3395 2 2 1 71 2919 3541 2922
3396 2 2 1 71 1961 3656 1988
3397 2 2 1 71 2430 3654 2678
3398 2 2 1 71 2633 3544 2628
3399 2 2 1 71 3541 3542 2922
3400 2 2 1 71 2633 3545 3544
3401 2 2 1 71 2678 3654 3549
3402 2 2 1 71 2791 3550 2792
3403 2 2 1 71 3549 3580 2678
3404 2 2 1 71 1903 3580 3549
3405 2 2 1 71 2917 3541 2919
3406 2 2 1 71 3123 3654 3543
3407 2 2 1 71 1903 3549 3548
3408 2 2 1 71 2628 3544 2625
3409 2 2 1 71 3543 3654 2430
3410 2 2 1 71 2205 3539 3534
3411 2 2 1 71 2217 3576 2207
3412 2 2 1 71 3548 3555 1903
3413 2 2 1 71 2311 3538 2309
3414 2 2 1 71 3542 3553 2922
3415 2 2 1 71 3555 3583 1870
3416 2 2 1 71 2490 3579 3551
3417 2 2 1 71 2676 3576 2217
3418 2 2 1 71 2207 3576 2203
3419 2 2 1 71 2274 3540 2014
3420 2 2 1 71 3548 3583 3555
3421 2 2 1 71 3544 3563 2626
3422 2 2 1 71 1866 3555 1870
3423 2 2 1 71 2923 3553 2926
3424 2 2 1 71 2922 3553 2923
3425 2 2 1 71 2483 3579 2490
3426 2 2 1 71 3116 3554 2753
3427 2 2 1 71 2229 3556 2547
3428 2 2 1 71 2150 3559 2558
3429 2 2 1 71 3556 3557 2547
3430 2 2 1 71 1903 3555 1868
3431 2 2 1 71 3000 3562 2677
3432 2 2 1 71 1868 3555 1866
3433 2 2 1 71 2017 3559 2150
3434 2 2 1 71 2314 3552 2445
3435 2 2 1 71 2753 3554 2750
3436 2 2 1 71 2212 3556 2229
3437 2 2 1 71 3562 3653 2677
3438 2 2 1 71 2677 3653 3566
3439 2 2 1 71 2650 3563 2662
3440 2 2 1 71 2204 3566 2211
3441 2 2 1 71 2502 3584 3560
3442 2 2 1 71 2199 3574 2201
3443 2 2 1 71 3044 3579 2493
3444 2 2 1 71 2422 3564 2417
3445 2 2 1 71 2202 3566 2204
3446 2 2 1 71 2124 3584 2502
3447 2 2 1 71 3566 3653 2211
3448 2 2 1 71 2638 3563 2650
3449 2 2 1 71 2636 3573 2629
3450 2 2 1 71 3551 3579 3044
3451 2 2 1 71 2417 3564 2414
3452 2 2 1 71 2493 3579 2486
3453 2 2 1 71 2644 3567 2632
3454 2 2 1 71 1872 3568 1909
3455 2 2 1 71 2500 3570 2491
3456 2 2 1 71 2392 3571 3375
3457 2 2 1 71 2018 3559 2017
3458 2 2 1 71 2632 3567 2630
3459 2 2 1 71 2392 3575 3571
3460 2 2 1 71 1869 3568 1872
3461 2 2 1 71 2491 3570 2487
3462 2 2 1 71 1966 3565 1965
3463 2 2 1 71 1993 3575 2003
3464 2 2 1 71 2639 3573 2663
3465 2 2 1 71 2223 3574 3494
3466 2 2 1 71 1884 3651 3580
3467 2 2 1 71 2208 3566 2202
3468 2 2 1 71 1870 3583 2011
3469 2 2 1 71 2003 3575 2392
3470 2 2 1 71 2125 3584 2124
3471 2 2 1 71 2211 3653 2220
3472 2 2 1 71 1992 3575 1993
3473 2 2 1 71 3580 3651 2678
3474 2 2 1 71 2631 3573 2639
3475 2 2 1 71 1884 3580 1871
3476 2 2 1 71 2209 3574 2223
3477 2 2 1 71 2546 3582 2230
3478 2 2 1 71 2163 3572 2334
3479 2 2 1 71 2225 3581 2215
3480 2 2 1 71 3571 3575 2137
3481 2 2 1 71 2421 3577 3186
3482 2 2 1 71 2137 3575 1992
3483 2 2 1 71 2503 3581 2225
3484 2 2 1 71 3585 3652 3524
3485 2 2 1 71 2215 3581 2214
3486 2 2 1 71 1973 3590 1970
3487 2 2 1 71 2635 3591 2646
3488 2 2 1 71 2419 3577 2421
3489 2 2 1 71 3590 3652 3585
3490 2 2 1 71 2235 3582 2813
3491 2 2 1 71 1981 3590 1973
3492 2 2 1 71 2321 3586 2219
3493 2 2 1 71 2391 3583 3548
3494 2 2 1 71 2646 3591 2666
3495 2 2 1 71 3560 3584 2441
3496 2 2 1 71 1970 3590 1969
3497 2 2 1 71 2428 3651 2426
3498 2 2 1 71 2634 3591 2635
3499 2 2 1 71 2660 3593 2651
3500 2 2 1 71 2219 3586 2210
3501 2 2 1 71 2232 3582 2235
3502 2 2 1 71 2250 3583 2391
3503 2 2 1 71 2022 3589 2004
3504 2 2 1 71 2441 3584 2130
3505 2 2 1 71 2426 3651 3607
3506 2 2 1 71 2054 3607 1911
3507 2 2 1 71 2678 3651 2428
3508 2 2 1 71 2004 3589 1996
3509 2 2 1 71 2426 3607 2054
3510 2 2 1 71 2216 3586 2539
3511 2 2 1 71 1911 3607 1885
3512 2 2 1 71 2256 3587 2555
3513 2 2 1 71 2656 3593 3006
3514 2 2 1 71 3013 3594 2455
3515 2 2 1 71 2653 3593 2656
3516 2 2 1 71 2440 3592 3266
3517 2 2 1 71 1998 3608 3598
3518 2 2 1 71 2930 3596 3038
3519 2 2 1 71 1998 3598 3597
3520 2 2 1 71 2455 3594 2335
3521 2 2 1 71 1975 3599 1983
3522 2 2 1 71 2222 3601 2698
3523 2 2 1 71 3597 3600 1998
3524 2 2 1 71 1979 3600 1977
3525 2 2 1 71 2179 3605 2325
3526 2 2 1 71 2927 3596 2930
3527 2 2 1 71 1998 3600 1979
3528 2 2 1 71 2669 3602 2655
3529 2 2 1 71 3600 3635 1977
3530 2 2 1 71 2218 3601 2222
3531 2 2 1 71 1972 3599 1975
3532 2 2 1 71 2178 3605 2179
3533 2 2 1 71 1984 3641 3640
3534 2 2 1 71 2815 3614 3613
3535 2 2 1 71 3600 3641 3635
3536 2 2 1 71 2556 3644 2329
3537 2 2 1 71 3635 3641 1984
3538 2 2 1 71 2645 3595 2644
3539 2 2 1 71 2005 3606 2297
3540 2 2 1 71 1984 3640 3606
3541 2 2 1 71 1986 3608 1998
3542 2 2 1 71 2323 3612 2177
3543 2 2 1 71 3597 3641 3600
3544 2 2 1 71 1983 3617 1978
3545 2 2 1 71 2177 3612 2175
3546 2 2 1 71 2655 3602 2658
3547 2 2 1 71 3605 3650 2325
3548 2 2 1 71 2297 3606 2568
3549 2 2 1 71 3180 3612 2323
3550 2 2 1 71 1977 3635 1974
3551 2 2 1 71 2174 3642 2133
3552 2 2 1 71 2329 3644 2326
3553 2 2 1 71 2237 3613 2236
3554 2 2 1 71 2882 3642 2174
3555 2 2 1 71 2393 3623 2020
3556 2 2 1 71 2001 3608 1986
3557 2 2 1 71 2815 3613 2237
3558 2 2 1 71 2319 2320 2318
3559 2 2 1 71 1982 3606 2005
3560 2 2 1 71 1978 3617 1985
3561 2 2 1 71 2175 3612 2876
3562 2 2 1 71 2462 2463 2331
3563 2 2 1 71 2167 3649 2176
3564 2 2 1 71 2658 3602 3336
3565 2 2 1 71 2038 3621 2041
3566 2 2 1 71 2046 3632 2679
3567 2 2 1 71 2057 3619 2059
3568 2 2 1 71 2236 3613 2239
3569 2 2 1 71 1975 1983 1978
3570 2 2 1 71 2147 2704 2148
3571 2 2 1 71 2239 3613 2511
3572 2 2 1 71 2573 3641 3597
3573 2 2 1 71 2236 2239 2238
3574 2 2 1 71 2228 2382 2353
3575 2 2 1 71 2328 2329 2326
3576 2 2 1 71 2328 3647 2330
3577 2 2 1 71 2025 3615 2023
3578 2 2 1 71 2027 2029 2025
3579 2 2 1 71 2030 3624 2027
3580 2 2 1 71 2031 2034 2033
3581 2 2 1 71 2042 3630 2032
3582 2 2 1 71 2046 2047 2037
3583 2 2 1 71 2043 2395 2040
3584 2 2 1 71 2041 2056 2044
3585 2 2 1 71 2279 2280 2047
3586 2 2 1 71 2056 2398 2057
3587 2 2 1 71 2060 2180 2058
3588 2 2 1 71 2059 2062 2061
3589 2 2 1 71 2081 3625 2060
3590 2 2 1 71 2062 2064 2063
3591 2 2 1 71 2246 2247 2064
3592 2 2 1 71 2082 3629 2394
3593 2 2 1 71 2396 2517 2395
3594 2 2 1 71 2395 3618 3616
3595 2 2 1 71 2156 2157 1997
3596 2 2 1 71 2167 2174 2133
3597 2 2 1 71 3613 3614 2511
3598 2 2 1 71 1978 1979 1977
3599 2 2 1 71 2051 2052 2001
3600 2 2 1 71 2297 2567 2504
3601 2 2 1 71 2568 2569 2567
3602 2 2 1 71 2570 2571 2569
3603 2 2 1 71 2032 3630 2036
3604 2 2 1 71 2035 3616 2033
3605 2 2 1 71 2041 3621 2056
3606 2 2 1 71 3616 3618 2042
3607 2 2 1 71 2044 3633 2043
3608 2 2 1 71 2059 3619 2062
3609 2 2 1 71 2061 2081 2060
3610 2 2 1 71 2068 3627 2071
3611 2 2 1 71 2073 3629 2075
3612 2 2 1 71 2123 3638 2119
3613 2 2 1 71 2331 3604 2556
3614 2 2 1 71 3548 3549 2516
3615 2 2 1 71 2930 3038 3036
3616 2 2 1 71 1985 3617 2002
3617 2 2 1 71 2427 2428 2426
3618 2 2 1 71 2658 3336 3248
3619 2 2 1 71 2167 2176 2175
3620 2 2 1 71 2814 2815 2237
3621 2 2 1 71 2034 2035 2033
3622 2 2 1 71 2047 3622 2037
3623 2 2 1 71 2071 3627 2080
3624 2 2 1 71 2021 2022 2004
3625 2 2 1 71 2023 2039 2022
3626 2 2 1 71 2026 3631 2028
3627 2 2 1 71 2028 3632 2031
3628 2 2 1 71 2064 3626 2065
3629 2 2 1 71 2526 2527 2101
3630 2 2 1 71 2577 3638 2123
3631 2 2 1 71 2397 2531 2128
3632 2 2 1 71 2399 3621 3620
3633 2 2 1 71 2456 3190 2975
3634 2 2 1 71 2178 2179 2177
3635 2 2 1 71 2814 3008 2815
3636 2 2 1 71 2228 2383 2382
3637 2 2 1 71 2268 2269 2240
3638 2 2 1 71 2327 3046 2896
3639 2 2 1 71 2330 2331 2329
3640 2 2 1 71 2463 3604 2331
3641 2 2 1 71 3267 3560 2441
3642 2 2 1 71 2931 3609 3247
3643 2 2 1 71 3019 3605 2178
3644 2 2 1 71 2320 2726 2322
3645 2 2 1 71 2876 3353 2882
3646 2 2 1 71 2132 2133 2052
3647 2 2 1 71 2166 2167 2133
3648 2 2 1 71 2573 3597 2574
3649 2 2 1 71 2158 3608 2001
3650 2 2 1 71 2021 3623 2024
3651 2 2 1 71 2075 3629 2082
3652 2 2 1 71 2167 2175 2174
3653 2 2 1 71 2175 2876 2174
3654 2 2 1 71 1974 3635 1976
3655 2 2 1 71 1976 1984 1982
3656 2 2 1 71 3121 3180 2323
3657 2 2 1 71 2516 3123 2515
3658 2 2 1 71 2882 3643 3642
3659 2 2 1 71 2071 2073 2072
3660 2 2 1 71 2080 3629 2073
3661 2 2 1 71 2078 3639 2079
3662 2 2 1 71 2717 3151 2168
3663 2 2 1 71 2732 3019 2178
3664 2 2 1 71 2297 2568 2567
3665 2 2 1 71 1984 3606 1982
3666 2 2 1 71 2052 2158 2001
3667 2 2 1 71 2099 3636 3631
3668 2 2 1 71 2896 3647 2328
3669 2 2 1 71 2331 2556 2329
3670 2 2 1 71 3597 3598 2574
3671 2 2 1 71 2576 2578 2577
3672 2 2 1 71 2658 3248 2659
3673 2 2 1 71 2665 2983 2860
3674 2 2 1 71 2927 2930 2929
3675 2 2 1 71 2005 2297 2296
3676 2 2 1 71 2156 2241 2157
3677 2 2 1 71 2176 2177 2175
3678 2 2 1 71 2646 2666 2665
3679 2 2 1 71 2005 2156 1997
3680 2 2 1 71 2147 2949 2704
3681 2 2 1 71 2429 2532 2530
3682 2 2 1 71 1982 1997 1981
3683 2 2 1 71 2024 2026 2025
3684 2 2 1 71 3631 3632 2028
3685 2 2 1 71 2034 3632 2046
3686 2 2 1 71 2056 2057 2044
3687 2 2 1 71 2280 2281 2047
3688 2 2 1 71 2398 3619 2057
3689 2 2 1 71 2180 3633 2058
3690 2 2 1 71 2062 2063 2061
3691 2 2 1 71 2247 3626 2064
3692 2 2 1 71 2073 2074 2072
3693 2 2 1 71 2078 2079 2077
3694 2 2 1 71 2151 3639 2078
3695 2 2 1 71 2079 2119 2101
3696 2 2 1 71 2082 2394 2168
3697 2 2 1 71 2527 3637 2101
3698 2 2 1 71 2120 2123 2119
3699 2 2 1 71 2813 2814 2237
3700 2 2 1 71 2320 2322 2318
3701 2 2 1 71 2726 2727 2322
3702 2 2 1 71 2397 3645 3464
3703 2 2 1 71 1972 1975 1974
3704 2 2 1 71 1975 1978 1977
3705 2 2 1 71 1985 2000 1986
3706 2 2 1 71 2000 2051 2001
3707 2 2 1 71 2226 2228 2227
3708 2 2 1 71 2269 2459 2240
3709 2 2 1 71 2383 2820 2819
3710 2 2 1 71 2656 2669 2655
3711 2 2 1 71 2007 2267 2266
3712 2 2 1 71 2021 2023 2022
3713 2 2 1 71 2023 3615 2039
3714 2 2 1 71 2028 2030 2027
3715 2 2 1 71 2027 3624 2029
3716 2 2 1 71 2038 3622 3621
3717 2 2 1 71 2425 2426 2054
3718 2 2 1 71 2056 2399 2398
3719 2 2 1 71 2059 2060 2058
3720 2 2 1 71 2060 3625 2180
3721 2 2 1 71 2065 2066 2063
3722 2 2 1 71 2071 2080 2073
3723 2 2 1 71 2074 2076 2072
3724 2 2 1 71 2075 2082 2078
3725 2 2 1 71 2079 2101 2077
3726 2 2 1 71 2079 3639 2120
3727 2 2 1 71 2082 2168 2151
3728 2 2 1 71 2135 2136 2088
3729 2 2 1 71 2119 2526 2101
3730 2 2 1 71 2120 2397 2128
3731 2 2 1 71 2147 2148 2136
3732 2 2 1 71 2394 2717 2168
3733 2 2 1 71 2222 2597 2579
3734 2 2 1 71 2679 3005 2279
3735 2 2 1 71 3633 3634 2396
3736 2 2 1 71 2397 3464 2531
3737 2 2 1 71 2429 2430 2428
3738 2 2 1 71 2526 3076 2527
3739 2 2 1 71 2698 2699 2597
3740 2 2 1 71 2658 2659 2654
3741 2 2 1 71 2674 3313 2734
3742 2 2 1 71 2693 2898 2897
3743 2 2 1 71 2674 2734 2282
3744 2 2 1 71 2325 2326 2324
3745 2 2 1 71 2281 3622 2047
3746 2 2 1 71 2132 2166 2133
3747 2 2 1 71 2947 3620 2281
3748 2 2 1 71 2324 3121 2323
3749 2 2 1 71 2672 2700 2671
3750 2 2 1 71 2024 3623 2099
3751 2 2 1 71 2679 3632 3631
3752 2 2 1 71 2075 2078 2077
3753 2 2 1 71 2082 2151 2078
3754 2 2 1 71 2079 2120 2119
3755 2 2 1 71 2120 2128 2123
3756 2 2 1 71 2176 2178 2177
3757 2 2 1 71 2179 2325 2324
3758 2 2 1 71 2319 3079 2320
3759 2 2 1 71 1975 1977 1974
3760 2 2 1 71 1985 1986 1979
3761 2 2 1 71 2667 3595 2645
3762 2 2 1 71 2983 3126 3125
3763 2 2 1 71 2120 3639 2397
3764 2 2 1 71 2235 2813 2237
3765 2 2 1 71 2384 3470 2353
3766 2 2 1 71 2383 2819 2509
3767 2 2 1 71 2819 3262 2509
3768 2 2 1 71 3640 3641 2573
3769 2 2 1 71 2664 2671 2661
3770 2 2 1 71 2228 2353 2227
3771 2 2 1 71 2392 3375 2393
3772 2 2 1 71 2656 2670 2669
3773 2 2 1 71 2135 2147 2136
3774 2 2 1 71 2179 2323 2177
3775 2 2 1 71 2222 2698 2597
3776 2 2 1 71 2532 2904 2530
3777 2 2 1 71 2005 2296 2156
3778 2 2 1 71 2026 2028 2027
3779 2 2 1 71 2028 2031 2030
3780 2 2 1 71 2031 2033 2032
3781 2 2 1 71 2038 2041 2040
3782 2 2 1 71 2395 3616 2040
3783 2 2 1 71 2043 3633 2396
3784 2 2 1 71 2046 2679 2279
3785 2 2 1 71 2056 3621 2399
3786 2 2 1 71 2057 2059 2058
3787 2 2 1 71 2061 3628 2081
3788 2 2 1 71 2062 3619 2246
3789 2 2 1 71 2065 2067 2066
3790 2 2 1 71 2068 2069 2067
3791 2 2 1 71 2074 3637 2076
3792 2 2 1 71 2128 2576 2123
3793 2 2 1 71 2282 2947 2281
3794 2 2 1 71 2297 2504 2296
3795 2 2 1 71 2517 3618 2395
3796 2 2 1 71 3606 3640 2568
3797 2 2 1 71 2679 3636 3005
3798 2 2 1 71 2007 2054 1911
3799 2 2 1 71 2007 3648 2267
3800 2 2 1 71 2266 2425 2054
3801 2 2 1 71 2087 2135 2088
3802 2 2 1 71 2267 2693 2692
3803 2 2 1 71 2268 2875 2269
3804 2 2 1 71 2327 2328 2326
3805 2 2 1 71 2427 2429 2428
3806 2 2 1 71 2429 2530 2430
3807 2 2 1 71 2530 3543 2430
3808 2 2 1 71 2267 2692 2266
3809 2 2 1 71 2425 2427 2426
3810 2 2 1 71 2532 2905 2904
3811 2 2 1 71 2024 2099 2026
3812 2 2 1 71 2032 2036 2030
3813 2 2 1 71 2040 3616 2035
3814 2 2 1 71 2037 3622 2038
3815 2 2 1 71 2058 3633 2044
3816 2 2 1 71 2066 3628 2063
3817 2 2 1 71 2065 2068 2067
3818 2 2 1 71 2068 2071 2069
3819 2 2 1 71 2073 2075 2074
3820 2 2 1 71 2151 3645 3639
3821 2 2 1 71 2180 3634 3633
3822 2 2 1 71 2280 2282 2281
3823 2 2 1 71 2327 2896 2328
3824 2 2 1 71 2383 2509 2382
3825 2 2 1 71 2462 3245 2463
3826 2 2 1 71 2656 3006 2670
3827 2 2 1 71 3037 3609 2931
3828 2 2 1 71 2241 3523 2157
3829 2 2 1 71 2570 2573 2572
3830 2 2 1 71 1910 2087 1924
3831 2 2 1 71 1985 2002 2000
3832 2 2 1 71 2051 2132 2052
3833 2 2 1 71 2101 3637 2077
3834 2 2 1 71 2876 2882 2174
3835 2 2 1 71 2176 2732 2178
3836 2 2 1 71 2239 2268 2240
3837 2 2 1 71 2983 3125 2860
3838 2 2 1 71 2930 2931 2929
3839 2 2 1 71 3037 3610 3609
3840 2 2 1 71 2000 2001 1986
3841 2 2 1 71 2330 2462 2331
3842 2 2 1 71 2136 2400 2088
3843 2 2 1 71 2568 2570 2569
3844 2 2 1 71 2075 2077 2074
3845 2 2 1 71 2119 3638 2526
3846 2 2 1 71 2570 2572 2571
3847 2 2 1 71 2573 2574 2572
3848 2 2 1 71 2657 2667 2645
3849 2 2 1 71 2646 2665 2657
3850 2 2 1 71 2665 2860 2657
3851 2 2 1 71 2020 3623 2021
3852 2 2 1 71 2051 2450 2132
3853 2 2 1 71 2319 3562 3079
3854 2 2 1 71 2930 3036 2931
3855 2 2 1 71 1976 1981 1973
3856 2 2 1 71 2664 2672 2671
3857 2 2 1 71 2179 2324 2323
3858 2 2 1 71 2087 2088 1924
3859 2 2 1 71 2328 2330 2329
3860 2 2 1 71 2391 3548 2516
3861 2 2 1 71 1978 1985 1979
3862 2 2 1 71 1982 2005 1997
3863 2 2 1 71 2007 2266 2054
3864 2 2 1 71 2021 2024 2023
3865 2 2 1 71 2029 3615 2025
3866 2 2 1 71 2099 3631 2026
3867 2 2 1 71 2033 3616 2042
3868 2 2 1 71 2037 2038 2035
3869 2 2 1 71 2041 2044 2043
3870 2 2 1 71 2059 2061 2060
3871 2 2 1 71 2064 2065 2063
3872 2 2 1 71 3626 3627 2068
3873 2 2 1 71 2071 2072 2069
3874 2 2 1 71 2087 2188 2135
3875 2 2 1 71 3523 3524 2157
3876 2 2 1 71 2325 2327 2326
3877 2 2 1 71 2394 3172 2717
3878 2 2 1 71 2693 2897 2692
3879 2 2 1 71 2898 2899 2897
3880 2 2 1 71 3621 3622 3620
3881 2 2 1 71 2031 3632 2034
3882 2 2 1 71 2034 2037 2035
3883 2 2 1 71 2065 3626 2068
3884 2 2 1 71 2069 2070 2067
3885 2 2 1 71 2077 3637 2074
3886 2 2 1 71 2576 2577 2123
3887 2 2 1 71 3620 3622 2281
3888 2 2 1 71 2326 3644 2324
3889 2 2 1 71 3639 3645 2397
3890 2 2 1 71 2931 3247 2929
3891 2 2 1 71 2024 2025 2023
3892 2 2 1 71 2026 2027 2025
3893 2 2 1 71 2031 2032 2030
3894 2 2 1 71 2033 2042 2032
3895 2 2 1 71 2034 2046 2037
3896 2 2 1 71 2038 2040 2035
3897 2 2 1 71 2041 2043 2040
3898 2 2 1 71 2043 2396 2395
3899 2 2 1 71 2057 2058 2044
3900 2 2 1 71 2046 2279 2047
3901 2 2 1 71 2063 3628 2061
3902 2 2 1 71 2062 2246 2064
3903 2 2 1 71 2166 3649 2167
3904 2 2 1 71 2239 2511 2268
3905 2 2 1 71 2280 2674 2282
3906 2 2 1 71 3631 3636 2679
3907 2 2 1 71 1986 1998 1979
3908 2 2 1 71 3036 3037 2931
3909 2 2 1 71 2218 2222 2221
3910 2 2 1 71 2222 2579 2221
3911 2 2 1 71 2227 2503 2225
3912 2 2 1 71 1924 2007 1911
3913 2 2 1 71 2239 2240 2238
3914 2 2 1 71 2330 2464 2462
3915 2 2 1 71 2330 3647 2464
3916 2 2 1 71 2456 2975 2455
3917 2 2 1 71 1974 1976 1973
3918 2 2 1 71 2927 2929 2928
3919 2 2 1 71 3266 3267 2441
3920 2 2 1 71 2570 3640 2573
3921 2 2 1 71 2133 3642 2052
3922 2 2 1 71 2052 3642 2158
3923 2 2 1 71 2235 2237 2236
3924 2 2 1 71 2653 2656 2655
3925 2 2 1 71 3361 3551 3044
3926 2 2 1 71 2003 2392 2020
3927 2 2 1 71 2454 2456 2455
3928 2 2 1 71 2430 2678 2428
3929 2 2 1 71 2391 2516 2515
3930 2 2 1 71 1910 1924 1911
3931 2 2 1 71 2220 2319 2318
3932 2 2 1 71 1924 3648 2007
3933 2 2 1 71 2509 3646 2382
3934 2 2 1 71 2646 2657 2645
3935 2 2 1 71 1976 3635 1984
3936 2 2 1 71 2317 2321 2219
3937 2 2 1 71 1972 1974 1973
3938 2 2 1 71 1976 1982 1981
3939 2 2 1 71 2382 3646 2384
3940 2 2 1 71 2975 3013 2455
3941 2 2 1 71 2020 2021 2004
3942 2 2 1 71 2176 3649 2732
3943 2 2 1 71 2382 2384 2353
3944 2 2 1 71 2221 2676 2217
3945 2 2 1 71 3642 3643 2158
3946 2 2 1 71 2226 2227 2225
3947 2 2 1 71 2642 2664 2661
3948 2 2 1 71 2568 3640 2570
3949 2 2 1 71 2392 2393 2020
3950 2 2 1 71 2325 3650 2327
3951 2 2 1 71 2036 3624 2030
3952 2 2 1 71 2655 2658 2654
3953 2 2 1 71 2236 2238 2234
3954 2 2 1 71 2539 3601 2218
3955 2 2 1 71 2324 3644 3121
3956 2 2 1 71 2257 3588 3587
3957 2 2 1 71 2220 2318 2317
3958 2 2 1 71 2675 3521 3292
3959 2 2 1 71 2335 3594 2513
3960 2 2 1 71 2088 3648 1924
3961 2 2 1 71 2400 3648 2088
3962 2 2 1 71 2327 3650 3046
3963 2 2 1 71 3359 3361 3044
3964 2 2 1 71 2440 3266 2441
3965 2 2 1 71 2454 2455 2335
3966 2 2 1 71 2555 3592 2440
3967 2 2 1 71 2218 2221 2217
3968 2 2 1 71 3043 3360 3359
3969 2 2 1 71 2216 2539 2218
3970 2 2 1 71 2223 3494 2559
3971 2 2 1 71 2536 2537 2535
3972 2 2 1 71 2391 2515 2252
3973 2 2 1 71 2642 2661 2641
3974 2 2 1 71 2224 2226 2225
3975 2 2 1 71 2220 2317 2219
3976 2 2 1 71 1910 1911 1885
3977 2 2 1 71 2639 2663 2642
3978 2 2 1 71 2635 2646 2645
3979 2 2 1 71 1972 1973 1970
3980 2 2 1 71 2003 2020 2004
3981 2 2 1 71 2653 2655 2654
3982 2 2 1 71 2927 2928 2925
3983 2 2 1 71 2235 2236 2234
3984 2 2 1 71 2926 3596 2927
3985 2 2 1 71 2675 3292 2508
3986 2 2 1 71 1971 3599 1972
3987 2 2 1 71 2256 2555 2440
3988 2 2 1 71 2420 2536 2535
3989 2 2 1 71 2534 3578 3577
3990 2 2 1 71 2257 3587 2256
3991 2 2 1 71 3043 3359 3044
3992 2 2 1 71 2334 2454 2335
3993 2 2 1 71 2421 3186 2695
3994 2 2 1 71 2499 3322 2500
3995 2 2 1 71 2335 2513 2333
3996 2 2 1 71 2440 2441 2130
3997 2 2 1 71 2252 2253 2251
3998 2 2 1 71 2216 2218 2217
3999 2 2 1 71 2250 2391 2252
4000 2 2 1 71 2224 2225 2215
4001 2 2 1 71 1909 1910 1885
4002 2 2 1 71 2233 2681 2538
4003 2 2 1 71 2232 2235 2234
4004 2 2 1 71 2211 2220 2219
4005 2 2 1 71 2223 2559 2224
4006 2 2 1 71 2639 2642 2641
4007 2 2 1 71 2641 3591 2634
4008 2 2 1 71 2662 3170 2660
4009 2 2 1 71 2635 2645 2644
4010 2 2 1 71 3284 3285 3117
4011 2 2 1 71 2653 2654 2652
4012 2 2 1 71 2651 3593 2653
4013 2 2 1 71 2138 2675 2508
4014 2 2 1 71 2003 2004 1996
4015 2 2 1 71 1971 1972 1970
4016 2 2 1 71 2508 3571 2137
4017 2 2 1 71 1969 3590 3585
4018 2 2 1 71 1996 3589 3212
4019 2 2 1 71 2926 2927 2925
4020 2 2 1 71 2801 3057 2817
4021 2 2 1 71 2534 3577 2419
4022 2 2 1 71 2420 2535 2534
4023 2 2 1 71 2421 2695 2422
4024 2 2 1 71 2501 2990 2498
4025 2 2 1 71 2499 2500 2491
4026 2 2 1 71 3043 3044 2493
4027 2 2 1 71 2334 2335 2333
4028 2 2 1 71 2127 2257 2256
4029 2 2 1 71 2256 2440 2130
4030 2 2 1 71 1872 1909 1885
4031 2 2 1 71 2251 2381 2249
4032 2 2 1 71 2250 2252 2251
4033 2 2 1 71 1885 3607 1884
4034 2 2 1 71 2216 2217 2207
4035 2 2 1 71 2232 2234 2233
4036 2 2 1 71 2210 3586 2216
4037 2 2 1 71 2211 2219 2210
4038 2 2 1 71 2223 2224 2215
4039 2 2 1 71 2233 2538 2231
4040 2 2 1 71 2214 3581 3000
4041 2 2 1 71 3115 3284 3117
4042 2 2 1 71 2639 2641 2634
4043 2 2 1 71 2650 2662 2660
4044 2 2 1 71 2651 2653 2652
4045 2 2 1 71 2635 2644 2632
4046 2 2 1 71 1994 2390 2138
4047 2 2 1 71 1969 3585 3565
4048 2 2 1 71 1968 1971 1970
4049 2 2 1 71 1996 3212 1995
4050 2 2 1 71 2923 2926 2925
4051 2 2 1 71 2138 2508 2137
4052 2 2 1 71 1993 2003 1996
4053 2 2 1 71 3607 3651 1884
4054 2 2 1 71 1981 3652 3590
4055 2 2 1 71 2801 2817 2797
4056 2 2 1 71 2800 3218 2801
4057 2 2 1 71 2420 2534 2419
4058 2 2 1 71 2421 2422 2417
4059 2 2 1 71 2489 2501 2498
4060 2 2 1 71 2498 2499 2491
4061 2 2 1 71 3042 3043 2493
4062 2 2 1 71 2558 2976 2557
4063 2 2 1 71 2163 2334 2333
4064 2 2 1 71 2127 2256 2130
4065 2 2 1 71 2130 3584 2125
4066 2 2 1 71 1997 3652 1981
4067 2 2 1 71 3524 3652 2157
4068 2 2 1 71 2011 3583 2250
4069 2 2 1 71 1872 1885 1884
4070 2 2 1 71 2250 2251 2249
4071 2 2 1 71 2209 2223 2215
4072 2 2 1 71 2230 3582 2232
4073 2 2 1 71 2677 3566 2208
4074 2 2 1 71 2214 3000 2677
4075 2 2 1 71 2232 2233 2231
4076 2 2 1 71 2210 2216 2207
4077 2 2 1 71 2204 2211 2210
4078 2 2 1 71 3115 3117 3116
4079 2 2 1 71 2651 2652 2649
4080 2 2 1 71 2631 2639 2634
4081 2 2 1 71 2634 2635 2632
4082 2 2 1 71 2650 2660 2651
4083 2 2 1 71 2923 2925 2924
4084 2 2 1 71 1969 3565 1966
4085 2 2 1 71 1968 1970 1969
4086 2 2 1 71 1993 1996 1995
4087 2 2 1 71 1994 2138 2137
4088 2 2 1 71 2157 3652 1997
4089 2 2 1 71 2800 2801 2797
4090 2 2 1 71 3327 3328 2798
4091 2 2 1 71 2419 2421 2417
4092 2 2 1 71 2416 2420 2419
4093 2 2 1 71 2492 3042 2493
4094 2 2 1 71 2489 2498 2491
4095 2 2 1 71 2150 2558 2557
4096 2 2 1 71 2163 2333 2332
4097 2 2 1 71 2332 3559 2018
4098 2 2 1 71 2127 2130 2125
4099 2 2 1 71 2011 2250 2249
4100 2 2 1 71 1871 3580 1903
4101 2 2 1 71 1872 1884 1871
4102 2 2 1 71 2209 2215 2214
4103 2 2 1 71 2229 2547 2546
4104 2 2 1 71 2214 2677 2208
4105 2 2 1 71 2230 2232 2231
4106 2 2 1 71 2204 2210 2207
4107 2 2 1 71 3115 3116 2753
4108 2 2 1 71 2631 2634 2632
4109 2 2 1 71 2650 2651 2649
4110 2 2 1 71 1993 1995 1991
4111 2 2 1 71 2923 2924 2921
4112 2 2 1 71 1968 1969 1966
4113 2 2 1 71 1994 2137 1992
4114 2 2 1 71 2795 2800 2797
4115 2 2 1 71 2796 3327 2798
4116 2 2 1 71 2416 2419 2417
4117 2 2 1 71 2886 3204 3162
4118 2 2 1 71 2489 2491 2487
4119 2 2 1 71 2487 3570 2492
4120 2 2 1 71 2492 2493 2486
4121 2 2 1 71 2150 2557 2542
4122 2 2 1 71 2162 3572 2163
4123 2 2 1 71 2542 2543 2149
4124 2 2 1 71 2163 2332 2018
4125 2 2 1 71 2126 2127 2125
4126 2 2 1 71 2011 2249 2248
4127 2 2 1 71 1918 3568 1869
4128 2 2 1 71 1871 1903 1868
4129 2 2 1 71 2519 2824 2520
4130 2 2 1 71 1869 1872 1871
4131 2 2 1 71 2209 2214 2208
4132 2 2 1 71 2230 2231 2213
4133 2 2 1 71 2204 2207 2203
4134 2 2 1 71 2229 2546 2230
4135 2 2 1 71 2201 3574 2209
4136 2 2 1 71 2752 3209 3114
4137 2 2 1 71 3114 3115 2753
4138 2 2 1 71 2638 2650 2649
4139 2 2 1 71 2631 2632 2630
4140 2 2 1 71 2629 3573 2631
4141 2 2 1 71 2630 3567 2633
4142 2 2 1 71 3065 3184 2696
4143 2 2 1 71 2688 2690 2689
4144 2 2 1 71 2689 3164 2687
4145 2 2 1 71 1990 1994 1992
4146 2 2 1 71 1967 1968 1966
4147 2 2 1 71 1992 1993 1991
4148 2 2 1 71 2922 2923 2921
4149 2 2 1 71 2220 3653 2319
4150 2 2 1 71 2795 2797 2796
4151 2 2 1 71 2796 2798 2794
4152 2 2 1 71 2414 3564 2415
4153 2 2 1 71 2416 2417 2414
4154 2 2 1 71 2886 3162 3161
4155 2 2 1 71 2487 2492 2486
4156 2 2 1 71 2484 2489 2487
4157 2 2 1 71 2150 2542 2149
4158 2 2 1 71 2162 2163 2018
4159 2 2 1 71 2124 2502 2444
4160 2 2 1 71 2114 2126 2125
4161 2 2 1 71 2519 2520 2518
4162 2 2 1 71 1867 1918 1869
4163 2 2 1 71 1869 1871 1868
4164 2 2 1 71 2011 2248 2010
4165 2 2 1 71 2319 3653 3562
4166 2 2 1 71 2201 2209 2208
4167 2 2 1 71 2229 2230 2213
4168 2 2 1 71 2202 2204 2203
4169 2 2 1 71 2752 3114 2753
4170 2 2 1 71 2638 2649 2648
4171 2 2 1 71 2630 2633 2628
4172 2 2 1 71 2629 2631 2630
4173 2 2 1 71 2648 2668 2637
4174 2 2 1 71 2696 3552 2314
4175 2 2 1 71 2514 3065 2696
4176 2 2 1 71 2688 2689 2687
4177 2 2 1 71 2920 3445 3444
4178 2 2 1 71 1964 1967 1966
4179 2 2 1 71 1990 1992 1991
4180 2 2 1 71 2919 2922 2921
4181 2 2 1 71 2795 2796 2794
4182 2 2 1 71 2414 2415 2412
4183 2 2 1 71 2413 2416 2414
4184 2 2 1 71 2886 3161 2884
4185 2 2 1 71 2486 3579 2483
4186 2 2 1 71 2495 2548 2497
4187 2 2 1 71 2484 2487 2486
4188 2 2 1 71 2724 3540 2274
4189 2 2 1 71 2673 3487 3484
4190 2 2 1 71 2016 2162 2018
4191 2 2 1 71 2017 2150 2149
4192 2 2 1 71 2114 2125 2124
4193 2 2 1 71 2124 2444 2113
4194 2 2 1 71 2388 2519 2518
4195 2 2 1 71 1870 2011 2010
4196 2 2 1 71 1867 1869 1868
4197 2 2 1 71 3534 3556 2212
4198 2 2 1 71 2201 2208 2202
4199 2 2 1 71 2202 2203 2200
4200 2 2 1 71 2212 2229 2213
4201 2 2 1 71 2752 2753 2750
4202 2 2 1 71 2750 3554 2758
4203 2 2 1 71 2638 2648 2637
4204 2 2 1 71 2627 2636 2629
4205 2 2 1 71 2629 2630 2628
4206 2 2 1 71 2626 3563 2638
4207 2 2 1 71 2313 2584 2514
4208 2 2 1 71 2765 3538 2311
4209 2 2 1 71 2563 2812 2765
4210 2 2 1 71 2514 2696 2314
4211 2 2 1 71 2685 2688 2687
4212 2 2 1 71 1990 1991 1989
4213 2 2 1 71 1964 1966 1965
4214 2 2 1 71 2920 3444 2918
4215 2 2 1 71 2919 2921 2920
4216 2 2 1 71 2792 2795 2794
4217 2 2 1 71 2413 2414 2412
4218 2 2 1 71 2885 2886 2884
4219 2 2 1 71 2484 2486 2483
4220 2 2 1 71 2495 2497 2496
4221 2 2 1 71 2723 2724 2274
4222 2 2 1 71 2017 2149 2015
4223 2 2 1 71 2016 2018 2017
4224 2 2 1 71 2673 3484 2723
4225 2 2 1 71 2114 2124 2113
4226 2 2 1 71 2388 2518 2389
4227 2 2 1 71 2389 3522 2387
4228 2 2 1 71 1870 2010 1865
4229 2 2 1 71 1867 1868 1866
4230 2 2 1 71 2201 2202 2200
4231 2 2 1 71 2212 2213 2206
4232 2 2 1 71 2205 3534 2212
4233 2 2 1 71 2750 2758 2748
4234 2 2 1 71 2749 2752 2750
4235 2 2 1 71 2627 2629 2628
4236 2 2 1 71 2626 2638 2637
4237 2 2 1 71 2563 2765 2311
4238 2 2 1 71 2314 2445 2310
4239 2 2 1 71 2313 2514 2314
4240 2 2 1 71 2685 2687 2686
4241 2 2 1 71 2919 2920 2918
4242 2 2 1 71 1989 2255 1987
4243 2 2 1 71 1964 1965 1962
4244 2 2 1 71 1988 1990 1989
4245 2 2 1 71 2792 2794 2793
4246 2 2 1 71 2979 3550 2791
4247 2 2 1 71 2411 2413 2412
4248 2 2 1 71 2712 2885 2884
4249 2 2 1 71 2483 2490 2481
4250 2 2 1 71 2482 2484 2483
4251 2 2 1 71 2495 2496 2485
4252 2 2 1 71 2084 2286 2083
4253 2 2 1 71 2673 2723 2274
4254 2 2 1 71 2016 2017 2015
4255 2 2 1 71 2112 2114 2113
4256 2 2 1 71 2468 2895 2372
4257 2 2 1 71 1866 1870 1865
4258 2 2 1 71 2388 2389 2387
4259 2 2 1 71 1864 1867 1866
4260 2 2 1 71 2199 2201 2200
4261 2 2 1 71 2205 2212 2206
4262 2 2 1 71 2749 2750 2748
4263 2 2 1 71 2747 2754 2749
4264 2 2 1 71 2516 3654 3123
4265 2 2 1 71 2625 3544 2626
4266 2 2 1 71 2626 2637 2624
4267 2 2 1 71 2627 2628 2625
4268 2 2 1 71 2312 2563 2311
4269 2 2 1 71 2313 2314 2310
4270 2 2 1 71 2685 2686 2683
4271 2 2 1 71 3385 3541 2917
4272 2 2 1 71 1963 1964 1962
4273 2 2 1 71 1988 1989 1987
4274 2 2 1 71 2917 2919 2918
4275 2 2 1 71 2799 2979 2791
4276 2 2 1 71 2792 2793 2789
4277 2 2 1 71 3549 3654 2516
4278 2 2 1 71 2409 2423 2411
4279 2 2 1 71 2411 2412 2410
4280 2 2 1 71 2712 2884 2883
4281 2 2 1 71 2494 2495 2485
4282 2 2 1 71 2480 3527 2494
4283 2 2 1 71 2482 2483 2481
4284 2 2 1 71 2014 2016 2015
4285 2 2 1 71 1951 2084 2083
4286 2 2 1 71 2083 2161 1950
4287 2 2 1 71 2013 2673 2274
4288 2 2 1 71 2112 2113 2111
4289 2 2 1 71 2371 3533 2370
4290 2 2 1 71 2370 2468 2372
4291 2 2 1 71 1898 2388 2387
4292 2 2 1 71 1864 1866 1865
4293 2 2 1 71 2205 2206 2197
4294 2 2 1 71 2198 3539 2205
4295 2 2 1 71 2199 2200 2198
4296 2 2 1 71 2755 2757 2756
4297 2 2 1 71 2747 2749 2748
4298 2 2 1 71 2625 2626 2624
4299 2 2 1 71 2623 2627 2625
4300 2 2 1 71 2390 3655 3532
4301 2 2 1 71 2309 2313 2310
4302 2 2 1 71 2308 2312 2311
4303 2 2 1 71 2684 2685 2683
4304 2 2 1 71 1960 1963 1962
4305 2 2 1 71 2917 2918 2915
4306 2 2 1 71 1961 1988 1987
4307 2 2 1 71 2916 3385 2917
4308 2 2 1 71 1965 3656 1962
4309 2 2 1 71 2788 2799 2791
4310 2 2 1 71 2791 2792 2789
4311 2 2 1 71 2409 2411 2410
4312 2 2 1 71 2410 2438 2408
4313 2 2 1 71 2712 2883 2711
4314 2 2 1 71 2480 2494 2485
4315 2 2 1 71 2479 2482 2481
4316 2 2 1 71 1951 2083 1950
4317 2 2 1 71 2014 2015 1949
4318 2 2 1 71 2013 2274 2014
4319 2 2 1 71 1947 1952 1951
4320 2 2 1 71 1988 3655 1990
4321 2 2 1 71 1994 3655 2390
4322 2 2 1 71 2111 2152 2110
4323 2 2 1 71 2109 2112 2111
4324 2 2 1 71 2366 2371 2370
4325 2 2 1 71 2370 2372 2365
4326 2 2 1 71 1864 1865 1862
4327 2 2 1 71 2935 3513 2299
4328 2 2 1 71 1863 3537 1864
4329 2 2 1 71 1898 2387 1863
4330 2 2 1 71 2196 2199 2198
4331 2 2 1 71 2198 2205 2197
4332 2 2 1 71 2755 2756 2745
4333 2 2 1 71 2747 2748 2746
4334 2 2 1 71 2746 3526 2755
4335 2 2 1 71 3535 3536 3491
4336 2 2 1 71 2623 2625 2624
4337 2 2 1 71 2309 2310 2307
4338 2 2 1 71 2308 2311 2309
4339 2 2 1 71 2529 2684 2683
4340 2 2 1 71 1960 1962 1961
4341 2 2 1 71 1961 1987 1959
4342 2 2 1 71 2916 2917 2915
4343 2 2 1 71 1990 3655 1994
4344 2 2 1 71 2788 2791 2789
4345 2 2 1 71 1962 3656 1961
4346 2 2 1 71 2409 2410 2408
4347 2 2 1 71 2709 2712 2711
4348 2 2 1 71 2711 2713 2708
4349 2 2 1 71 2479 2481 2480
4350 2 2 1 71 2480 2485 2478
4351 2 2 1 71 1947 1951 1950
4352 2 2 1 71 2013 2014 1949
4353 2 2 1 71 2109 2111 2110
4354 2 2 1 71 2110 2278 2108
4355 2 2 1 71 2861 2862 2835
4356 2 2 1 71 2364 2367 2366
4357 2 2 1 71 3100 3492 2368
4358 2 2 1 71 2366 2370 2365
4359 2 2 1 71 2300 2582 2289
4360 2 2 1 71 2352 2935 2299
4361 2 2 1 71 1863 1864 1862
4362 2 2 1 71 1861 1898 1863
4363 2 2 1 71 2196 2198 2197
4364 2 2 1 71 2744 2747 2746
4365 2 2 1 71 2746 2755 2745
4366 2 2 1 71 2622 3535 3491
4367 2 2 1 71 2623 2624 2622
4368 2 2 1 71 3517 3518 2315
4369 2 2 1 71 2308 2309 2307
4370 2 2 1 71 2529 2683 2682
4371 2 2 1 71 1960 1961 1959
4372 2 2 1 71 2914 2916 2915
4373 2 2 1 71 2788 2789 2787
4374 2 2 1 71 2787 3511 3488
4375 2 2 1 71 2407 2409 2408
4376 2 2 1 71 2707 2710 2709
4377 2 2 1 71 2709 2711 2708
4378 2 2 1 71 2561 3501 3500
4379 2 2 1 71 2479 2480 2478
4380 2 2 1 71 1944 2013 1949
4381 2 2 1 71 1947 1950 1946
4382 2 2 1 71 1949 3547 1948
4383 2 2 1 71 2109 2110 2108
4384 2 2 1 71 2835 3176 2833
4385 2 2 1 71 2834 2861 2835
4386 2 2 1 71 2369 3137 3099
4387 2 2 1 71 3099 3100 2368
4388 2 2 1 71 2364 2366 2365
4389 2 2 1 71 2288 2352 2299
4390 2 2 1 71 1861 1863 1862
4391 2 2 1 71 2299 2300 2289
4392 2 2 1 71 2194 3546 2196
4393 2 2 1 71 2196 2197 2195
4394 2 2 1 71 2744 2746 2745
4395 2 2 1 71 2621 2623 2622
4396 2 2 1 71 2622 3491 2620
4397 2 2 1 71 2306 2308 2307
4398 2 2 1 71 3516 3517 2315
4399 2 2 1 71 2529 2682 2528
4400 2 2 1 71 1980 3503 1958
4401 2 2 1 71 2911 2932 2914
4402 2 2 1 71 1958 1960 1959
4403 2 2 1 71 2914 2915 2913
4404 2 2 1 71 2913 3525 3471
4405 2 2 1 71 2786 2788 2787
4406 2 2 1 71 2787 3488 2785
4407 2 2 1 71 2405 2443 2407
4408 2 2 1 71 2407 2408 2406
4409 2 2 1 71 2418 3482 2404
4410 2 2 1 71 2707 2709 2708
4411 2 2 1 71 2478 3510 2476
4412 2 2 1 71 2477 2479 2478
4413 2 2 1 71 2561 3500 2477
4414 2 2 1 71 1945 1947 1946
4415 2 2 1 71 1944 1949 1948
4416 2 2 1 71 2826 3110 2341
4417 2 2 1 71 3489 3490 2107
4418 2 2 1 71 2106 2109 2108
4419 2 2 1 71 2187 3498 2106
4420 2 2 1 71 2834 2835 2833
4421 2 2 1 71 2832 2836 2834
4422 2 2 1 71 2364 2365 2363
4423 2 2 1 71 2369 3099 2368
4424 2 2 1 71 1860 3519 2386
4425 2 2 1 71 1861 1862 1860
4426 2 2 1 71 2288 2299 2289
4427 2 2 1 71 2195 2337 2193
4428 2 2 1 71 2194 2196 2195
4429 2 2 1 71 2744 2745 2743
4430 2 2 1 71 2743 3495 2993
4431 2 2 1 71 2621 2622 2620
4432 2 2 1 71 2306 2307 2305
4433 2 2 1 71 2305 3516 2315
4434 2 2 1 71 2431 2529 2528
4435 2 2 1 71 3269 3474 2345
4436 2 2 1 71 1956 1980 1958
4437 2 2 1 71 1958 1959 1957
4438 2 2 1 71 1957 3515 3472
4439 2 2 1 71 2911 2914 2913
4440 2 2 1 71 2913 3471 1999
4441 2 2 1 71 2784 2790 2786
4442 2 2 1 71 2786 2787 2785
4443 2 2 1 71 2406 2418 2404
4444 2 2 1 71 2405 2407 2406
4445 2 2 1 71 2707 2708 2467
4446 2 2 1 71 2475 2561 2477
4447 2 2 1 71 2477 2478 2476
4448 2 2 1 71 1943 3529 1944
4449 2 2 1 71 1945 1946 1943
4450 2 2 1 71 1944 1948 1942
4451 2 2 1 71 3091 3235 3234
4452 2 2 1 71 2342 2826 2341
4453 2 2 1 71 2104 2187 2106
4454 2 2 1 71 2105 3489 2107
4455 2 2 1 71 2107 3454 2103
4456 2 2 1 71 2106 2108 2105
4457 2 2 1 71 2832 2834 2833
4458 2 2 1 71 2362 2364 2363
4459 2 2 1 71 2361 2369 2368
4460 2 2 1 71 2288 2289 1896
4461 2 2 1 71 1859 1861 1860
4462 2 2 1 71 1860 2386 1858
4463 2 2 1 71 2293 3443 3441
4464 2 2 1 71 3441 3442 2533
4465 2 2 1 71 2194 2195 2193
4466 2 2 1 71 2192 2435 2194
4467 2 2 1 71 2743 2993 2741
4468 2 2 1 71 2751 3509 2742
4469 2 2 1 71 2742 2744 2743
4470 2 2 1 71 2607 2705 2606
4471 2 2 1 71 2605 3477 3476
4472 2 2 1 71 2620 2643 2618
4473 2 2 1 71 2619 2621 2620
4474 2 2 1 71 2305 2315 2304
4475 2 2 1 71 2303 2306 2305
4476 2 2 1 71 3169 3269 2345
4477 2 2 1 71 2431 2528 2356
4478 2 2 1 71 2911 2913 1999
4479 2 2 1 71 1957 3472 1955
4480 2 2 1 71 1956 1958 1957
4481 2 2 1 71 2350 3884 2403
4482 2 2 1 71 196 2265 197
4483 2 2 1 71 2784 2786 2785
4484 2 2 1 71 2785 2802 2783
4485 2 2 1 71 3278 3286 3277
4486 2 2 1 71 3951 4202 2257
4487 2 2 1 71 2405 2406 2404
4488 2 2 1 71 2466 2803 2706
4489 2 2 1 71 2706 2707 2467
4490 2 2 1 71 2475 2477 2476
4491 2 2 1 71 1941 1945 1943
4492 2 2 1 71 1943 1944 1942
4493 2 2 1 71 3091 3234 3092
4494 2 2 1 71 2340 2342 2341
4495 2 2 1 71 3197 3481 2340
4496 2 2 1 71 2104 2106 2105
4497 2 2 1 71 2105 2107 2103
4498 2 2 1 71 2832 2833 2830
4499 2 2 1 71 2361 2368 2362
4500 2 2 1 71 2362 2363 2360
4501 2 2 1 71 1019 3380 799
4502 2 2 1 71 1857 3483 1859
4503 2 2 1 71 1859 1860 1858
4504 2 2 1 71 2287 2288 1896
4505 2 2 1 71 2293 3441 2533
4506 2 2 1 71 2192 2194 2193
4507 2 2 1 71 2300 3657 2582
4508 2 2 1 71 2740 2751 2742
4509 2 2 1 71 2742 2743 2741
4510 2 2 1 71 2605 3476 2604
4511 2 2 1 71 2604 2607 2606
4512 2 2 1 71 2617 2647 2619
4513 2 2 1 71 2619 2620 2618
4514 2 2 1 71 2367 3872 3833
4515 2 2 1 71 2303 2305 2304
4516 2 2 1 71 2304 2355 2302
4517 2 2 1 71 3370 3371 1791
4518 2 2 1 71 700 2906 701
4519 2 2 1 71 2356 3169 2345
4520 2 2 1 71 2344 2431 2356
4521 2 2 1 71 3248 4121 2856
4522 2 2 1 71 214 1791 215
4523 2 2 1 71 1956 1957 1955
4524 2 2 1 71 2910 2911 1999
4525 2 2 1 71 214 3370 1791
4526 2 2 1 71 2100 3449 2991
4527 2 2 1 71 2784 2785 2783
4528 2 2 1 71 2552 3278 3277
4529 2 2 1 71 1929 2379 164
4530 2 2 1 71 2403 2405 2404
4531 2 2 1 71 3281 4246 1919
4532 2 2 1 71 2467 3485 2465
4533 2 2 1 71 2466 2706 2467
4534 2 2 1 71 2475 2476 2474
4535 2 2 1 71 2880 3415 3270
4536 2 2 1 71 3270 3383 2881
4537 2 2 1 71 1941 1943 1942
4538 2 2 1 71 3265 3356 3264
4539 2 2 1 71 972 1932 973
4540 2 2 1 71 3091 3092 3090
4541 2 2 1 71 2338 3197 2340
4542 2 2 1 71 2340 2341 2339
4543 2 2 1 71 2339 3469 2505
4544 2 2 1 71 1636 3875 2871
4545 2 2 1 71 2104 2105 2103
4546 2 2 1 71 2831 2832 2830
4547 2 2 1 71 2361 2362 2360
4548 2 2 1 71 3765 4125 1698
4549 2 2 1 71 981 1921 455
4550 2 2 1 71 1856 4023 2287
4551 2 2 1 71 2080 3660 3629
4552 2 2 1 71 2394 3660 3172
4553 2 2 1 71 1857 1859 1858
4554 2 2 1 71 1856 2287 1896
4555 2 2 1 71 3256 3408 3075
4556 2 2 1 71 2293 2533 1782
4557 2 2 1 71 2970 2971 2190
4558 2 2 1 71 2192 2193 2191
4559 2 2 1 71 2191 3462 2970
4560 2 2 1 71 1881 3961 3396
4561 2 2 1 71 2890 3372 3344
4562 2 2 1 71 3344 3345 3343
4563 2 2 1 71 3261 3378 1764
4564 2 2 1 71 2740 2742 2741
4565 2 2 1 71 2966 2967 2964
4566 2 2 1 71 2965 3458 2966
4567 2 2 1 71 2604 2606 2601
4568 2 2 1 71 2602 2605 2604
4569 2 2 1 71 2600 3219 2603
4570 2 2 1 71 2617 2619 2618
4571 2 2 1 71 3326 3397 2957
4572 2 2 1 71 2303 2304 2302
4573 2 2 1 71 2337 3665 3502
4574 2 2 1 71 3502 3664 2538
4575 2 2 1 71 2195 3665 2337
4576 2 2 1 71 2344 2356 2345
4577 2 2 1 71 2213 3664 2206
4578 2 2 1 71 2538 3664 2231
4579 2 2 1 71 2206 3665 2197
4580 2 2 1 71 3588 3685 3684
4581 2 2 1 71 764 2892 765
4582 2 2 1 71 2431 3666 2529
4583 2 2 1 71 1954 1956 1955
4584 2 2 1 71 1955 2055 1953
4585 2 2 1 71 1788 2910 1999
4586 2 2 1 71 2435 3667 3494
4587 2 2 1 71 3906 4131 3156
4588 2 2 1 71 341 2118 964
4589 2 2 1 71 3059 4251 2540
4590 2 2 1 71 982 2354 983
4591 2 2 1 71 2100 2991 2544
4592 2 2 1 71 2393 3670 3623
4593 2 2 1 71 2099 3670 3636
4594 2 2 1 71 2799 4357 3735
4595 2 2 1 71 3629 3660 2394
4596 2 2 1 71 2763 3952 3220
4597 2 2 1 71 3251 4231 1792
4598 2 2 1 71 1081 3658 1080
4599 2 2 1 71 1079 1781 1078
4600 2 2 1 71 1082 1816 1081
4601 2 2 1 71 1195 1897 1194
4602 2 2 1 71 1197 1811 1196
4603 2 2 1 71 2781 2784 2783
4604 2 2 1 71 3737 4183 3685
4605 2 2 1 71 3126 3920 3125
4606 2 2 1 71 1040 2171 1041
4607 2 2 1 71 3361 4126 1675
4608 2 2 1 71 975 1804 976
4609 2 2 1 71 409 3659 975
4610 2 2 1 71 2374 2877 2552
4611 2 2 1 71 2552 3277 2375
4612 2 2 1 71 2231 3664 2213
4613 2 2 1 71 2197 3665 2195
4614 2 2 1 71 3804 4096 2822
4615 2 2 1 71 1014 1808 784
4616 2 2 1 71 2529 3666 2684
4617 2 2 1 71 2403 2404 2402
4618 2 2 1 71 3391 3394 3389
4619 2 2 1 71 3390 3392 3391
4620 2 2 1 71 3305 4105 3095
4621 2 2 1 71 2466 2467 2465
4622 2 2 1 71 2472 2475 2474
4623 2 2 1 71 2880 3270 2881
4624 2 2 1 71 1940 3428 2702
4625 2 2 1 71 1941 1942 1940
4626 2 2 1 71 3017 3265 3264
4627 2 2 1 71 3089 3091 3090
4628 2 2 1 71 3090 3093 3088
4629 2 2 1 71 2338 2340 2339
4630 2 2 1 71 2339 2505 2295
4631 2 2 1 71 1821 2104 2103
4632 2 2 1 71 2830 3466 2829
4633 2 2 1 71 2447 2831 2830
4634 2 2 1 71 3494 3667 2559
4635 2 2 1 71 3432 3458 1779
4636 2 2 1 71 2358 2361 2360
4637 2 2 1 71 985 1853 986
4638 2 2 1 71 433 3750 2457
4639 2 2 1 71 1819 4286 3296
4640 2 2 1 71 3623 3670 2099
4641 2 2 1 71 3615 4011 2039
4642 2 2 1 71 3008 3686 2815
4643 2 2 1 71 2363 3731 2360
4644 2 2 1 71 859 2952 858
4645 2 2 1 71 1857 1858 1761
4646 2 2 1 71 1856 1896 1857
4647 2 2 1 71 3255 3256 3075
4648 2 2 1 71 3254 3257 3255
4649 2 2 1 71 1816 3658 1081
4650 2 2 1 71 2191 2970 2190
4651 2 2 1 71 1928 2192 2191
4652 2 2 1 71 3455 3456 2551
4653 2 2 1 71 2446 4095 2447
4654 2 2 1 71 2890 3344 3343
4655 2 2 1 71 2994 3261 1764
4656 2 2 1 71 3082 3427 3011
4657 2 2 1 71 3012 3102 3082
4658 2 2 1 71 2507 3478 2554
4659 2 2 1 71 2740 2741 2739
4660 2 2 1 71 2738 3446 2740
4661 2 2 1 71 2681 4034 3187
4662 2 2 1 71 2965 2966 2964
4663 2 2 1 71 2738 4431 3446
4664 2 2 1 71 2600 2603 2602
4665 2 2 1 71 2602 2604 2601
4666 2 2 1 71 2543 4275 3408
4667 2 2 1 71 2617 2618 2616
4668 2 2 1 71 2958 3326 2957
4669 2 2 1 71 1137 3844 2987
4670 2 2 1 71 1026 2540 840
4671 2 2 1 71 3452 3453 1925
4672 2 2 1 71 2773 3339 3238
4673 2 2 1 71 3238 3239 3228
4674 2 2 1 71 975 3659 1804
4675 2 2 1 71 2301 2303 2302
4676 2 2 1 71 69 3396 932
4677 2 2 1 71 3145 3425 3423
4678 2 2 1 71 3528 3675 3512
4679 2 2 1 71 871 1925 1039
4680 2 2 1 71 3618 3714 2042
4681 2 2 1 71 111 3733 931
4682 2 2 1 71 3311 4058 3899
4683 2 2 1 71 2344 2345 2343
4684 2 2 1 71 787 3080 788
4685 2 2 1 71 1015 1882 785
4686 2 2 1 71 784 3669 1015
4687 2 2 1 71 3588 3684 3683
4688 2 2 1 71 1788 1999 1954
4689 2 2 1 71 1954 1955 1953
4690 2 2 1 71 2244 2841 2245
4691 2 2 1 71 2245 3384 1700
4692 2 2 1 71 1095 3880 1094
4693 2 2 1 71 2140 4463 3327
4694 2 2 1 71 2958 4395 3923
4695 2 2 1 71 2355 3679 2302
4696 2 2 1 71 3357 3985 3937
4697 2 2 1 71 3542 3682 3553
4698 2 2 1 71 871 3452 1925
4699 2 2 1 71 3392 3714 3391
4700 2 2 1 71 555 2974 556
4701 2 2 1 71 215 3409 953
4702 2 2 1 71 1066 3298 1065
4703 2 2 1 71 1068 2285 1067
4704 2 2 1 71 1064 2164 1063
4705 2 2 1 71 1062 1838 1061
4706 2 2 1 71 1135 2122 1134
4707 2 2 1 71 1136 3672 1135
4708 2 2 1 71 1067 3674 1066
4709 2 2 1 71 1134 3671 1133
4710 2 2 1 71 1063 3673 1062
4711 2 2 1 71 3149 4106 3830
4712 2 2 1 71 237 3068 238
4713 2 2 1 71 3771 4243 4232
4714 2 2 1 71 3588 3683 3587
4715 2 2 1 71 789 2980 790
4716 2 2 1 71 942 2121 171
4717 2 2 1 71 2531 3724 2128
4718 2 2 1 71 2765 3725 3538
4719 2 2 1 71 1874 3978 3909
4720 2 2 1 71 3789 3894 2951
4721 2 2 1 71 2815 3686 3614
4722 2 2 1 71 2527 3729 3637
4723 2 2 1 71 3515 3732 3472
4724 2 2 1 71 2781 2783 2782
4725 2 2 1 71 2782 3405 2780
4726 2 2 1 71 1198 3726 1197
4727 2 2 1 71 1155 3677 1154
4728 2 2 1 71 1049 1933 1048
4729 2 2 1 71 1047 3348 1046
4730 2 2 1 71 1051 2562 1050
4731 2 2 1 71 1149 2184 1148
4732 2 2 1 71 1156 2142 1155
4733 2 2 1 71 1050 3678 1049
4734 2 2 1 71 259 3112 246
4735 2 2 1 71 3453 4273 3239
4736 2 2 1 71 821 3119 820
4737 2 2 1 71 2705 3688 2606
4738 2 2 1 71 1048 3681 1047
4739 2 2 1 71 450 2989 451
4740 2 2 1 71 2804 4103 3328
4741 2 2 1 71 3133 3820 3379
4742 2 2 1 71 3088 4082 3087
4743 2 2 1 71 1695 3813 3150
4744 2 2 1 71 2914 3738 2916
4745 2 2 1 71 1904 4177 3039
4746 2 2 1 71 769 615 770
4747 2 2 1 71 3931 4165 1796
4748 2 2 1 71 936 2290 78
4749 2 2 1 71 2754 3740 2749
4750 2 2 1 71 2752 3740 3209
4751 2 2 1 71 1793 2271 33
4752 2 2 1 71 4105 4132 3226
4753 2 2 1 71 2374 2552 2375
4754 2 2 1 71 498 1805 988
4755 2 2 1 71 2145 3315 3314
4756 2 2 1 71 2042 3714 3630
4757 2 2 1 71 973 3432 974
4758 2 2 1 71 1015 3669 1882
4759 2 2 1 71 963 3404 341
4760 2 2 1 71 2111 3743 2152
4761 2 2 1 71 2444 3743 2113
4762 2 2 1 71 95 3025 96
4763 2 2 1 71 2717 4351 3260
4764 2 2 1 71 1824 3080 2981
4765 2 2 1 71 941 3389 129
4766 2 2 1 71 819 2999 818
4767 2 2 1 71 2295 4107 2294
4768 2 2 1 71 1005 2145 614
4769 2 2 1 71 2350 2403 2402
4770 2 2 1 71 3829 3976 2562
4771 2 2 1 71 3390 3391 3389
4772 2 2 1 71 2458 2466 2465
4773 2 2 1 71 3657 3719 2582
4774 2 2 1 71 534 4081 3992
4775 2 2 1 71 2453 3149 2452
4776 2 2 1 71 2452 2823 2521
4777 2 2 1 71 2472 2474 2473
4778 2 2 1 71 2880 2881 2879
4779 2 2 1 71 3017 3264 1939
4780 2 2 1 71 1940 2702 1938
4781 2 2 1 71 1939 1941 1940
4782 2 2 1 71 2652 3745 2649
4783 2 2 1 71 3533 3716 2468
4784 2 2 1 71 3193 3194 3192
4785 2 2 1 71 3089 3090 3088
4786 2 2 1 71 2338 2339 2295
4787 2 2 1 71 1821 2103 2102
4788 2 2 1 71 1829 3763 3410
4789 2 2 1 71 2582 3719 3486
4790 2 2 1 71 2400 3911 3819
4791 2 2 1 71 3124 3324 2907
4792 2 2 1 71 2447 2830 2829
4793 2 2 1 71 3460 4359 2734
4794 2 2 1 71 3581 3749 3000
4795 2 2 1 71 2824 3720 2520
4796 2 2 1 71 2358 2360 2359
4797 2 2 1 71 3328 3752 2798
4798 2 2 1 71 3337 4001 2592
4799 2 2 1 71 2736 4238 2735
4800 2 2 1 71 3151 4163 3860
4801 2 2 1 71 2664 2936 2672
4802 2 2 1 71 3030 4263 4166
4803 2 2 1 71 1845 3769 2344
4804 2 2 1 71 3206 3921 3835
4805 2 2 1 71 1914 4228 3469
4806 2 2 1 71 1066 3674 3298
4807 2 2 1 71 2285 3674 1067
4808 2 2 1 71 1135 3672 2122
4809 2 2 1 71 1062 3673 1838
4810 2 2 1 71 2164 3673 1063
4811 2 2 1 71 2122 3671 1134
4812 2 2 1 71 1808 4104 3353
4813 2 2 1 71 3233 4091 3928
4814 2 2 1 71 2145 3314 614
4815 2 2 1 71 2128 3724 2576
4816 2 2 1 71 3538 3725 2584
4817 2 2 1 71 1188 3691 1187
4818 2 2 1 71 1158 2100 1157
4819 2 2 1 71 1109 1926 1108
4820 2 2 1 71 1174 1889 1173
4821 2 2 1 71 1185 3695 1184
4822 2 2 1 71 1101 2731 1100
4823 2 2 1 71 1177 1901 1176
4824 2 2 1 71 1184 1888 1183
4825 2 2 1 71 1113 1730 1112
4826 2 2 1 71 1119 1817 1118
4827 2 2 1 71 1088 1890 1087
4828 2 2 1 71 1090 1756 1089
4829 2 2 1 71 1111 1887 1110
4830 2 2 1 71 1168 2260 1167
4831 2 2 1 71 1160 1883 1159
4832 2 2 1 71 1166 3465 1165
4833 2 2 1 71 1091 3707 1090
4834 2 2 1 71 1093 3696 1092
4835 2 2 1 71 1116 1680 1115
4836 2 2 1 71 1189 1841 1188
4837 2 2 1 71 1162 2189 1161
4838 2 2 1 71 1191 1914 1190
4839 2 2 1 71 1092 1891 1091
4840 2 2 1 71 1103 2183 1102
4841 2 2 1 71 1105 2545 1104
4842 2 2 1 71 1107 2116 1106
4843 2 2 1 71 1104 3703 1103
4844 2 2 1 71 1110 3702 1109
4845 2 2 1 71 1170 1920 1169
4846 2 2 1 71 1172 1784 1171
4847 2 2 1 71 1179 2086 1178
4848 2 2 1 71 1182 1840 1181
4849 2 2 1 71 1186 1769 1185
4850 2 2 1 71 1169 3705 1168
4851 2 2 1 71 1187 3713 1186
4852 2 2 1 71 1102 3697 1101
4853 2 2 1 71 1117 3699 1116
4854 2 2 1 71 1167 3701 1166
4855 2 2 1 71 1163 3704 1162
4856 2 2 1 71 1178 3693 1177
4857 2 2 1 71 1180 3709 1179
4858 2 2 1 71 1183 3694 1182
4859 2 2 1 71 1106 3712 1105
4860 2 2 1 71 1108 3700 1107
4861 2 2 1 71 1181 3710 1180
4862 2 2 1 71 3292 4390 1622
4863 2 2 1 71 88 3026 89
4864 2 2 1 71 3165 4416 3263
4865 2 2 1 71 1734 4055 3018
4866 2 2 1 71 3501 3761 2501
4867 2 2 1 71 1856 1857 1761
4868 2 2 1 71 3254 3255 3075
4869 2 2 1 71 3031 3160 3156
4870 2 2 1 71 3637 3729 2076
4871 2 2 1 71 1112 3715 1111
4872 2 2 1 71 2431 3769 3666
4873 2 2 1 71 1928 2191 2190
4874 2 2 1 71 3675 3752 1656
4875 2 2 1 71 3528 3752 3675
4876 2 2 1 71 2550 3455 2551
4877 2 2 1 71 68 2153 1881
4878 2 2 1 71 2552 3780 3278
4879 2 2 1 71 2171 3746 3452
4880 2 2 1 71 385 3030 386
4881 2 2 1 71 3763 4176 3410
4882 2 2 1 71 2333 3764 2332
4883 2 2 1 71 2009 4272 2186
4884 2 2 1 71 3012 4168 3102
4885 2 2 1 71 2890 3343 3342
4886 2 2 1 71 2986 3283 3282
4887 2 2 1 71 2255 3732 3515
4888 2 2 1 71 1197 3726 1811
4889 2 2 1 71 2555 4184 3592
4890 2 2 1 71 2142 3677 1155
4891 2 2 1 71 1049 3678 1933
4892 2 2 1 71 2562 3678 1050
4893 2 2 1 71 3012 3082 3011
4894 2 2 1 71 1047 3681 3348
4895 2 2 1 71 1933 3681 1048
4896 2 2 1 71 2006 3870 3175
4897 2 2 1 71 3666 3769 1780
4898 2 2 1 71 3802 4414 3682
4899 2 2 1 71 2738 2740 2739
4900 2 2 1 71 2963 2965 2964
4901 2 2 1 71 2600 2602 2601
4902 2 2 1 71 2267 3772 2693
4903 2 2 1 71 2400 3772 3648
4904 2 2 1 71 2640 3131 2615
4905 2 2 1 71 2615 2617 2616
4906 2 2 1 71 2956 2958 2957
4907 2 2 1 71 2725 3797 1707
4908 2 2 1 71 2321 4382 3439
4909 2 2 1 71 1712 3941 2781
4910 2 2 1 71 1121 4068 843
4911 2 2 1 71 2360 3731 2359
4912 2 2 1 71 2932 3738 2914
4913 2 2 1 71 2773 3238 3228
4914 2 2 1 71 2759 3052 2761
4915 2 2 1 71 3379 3837 2636
4916 2 2 1 71 2355 4461 3393
4917 2 2 1 71 2301 2302 2115
4918 2 2 1 71 1192 3661 1191
4919 2 2 1 71 2560 3370 952
4920 2 2 1 71 2386 3787 1858
4921 2 2 1 71 3882 3903 2954
4922 2 2 1 71 1936 4089 3461
4923 2 2 1 71 3145 3423 2816
4924 2 2 1 71 2749 3740 2752
4925 2 2 1 71 3233 3928 2912
4926 2 2 1 71 2363 3873 3731
4927 2 2 1 71 4021 4207 2612
4928 2 2 1 71 3234 3741 3092
4929 2 2 1 71 3475 3853 1921
4930 2 2 1 71 2466 3805 2803
4931 2 2 1 71 3325 3782 3071
4932 2 2 1 71 2140 3350 3027
4933 2 2 1 71 3930 4120 3315
4934 2 2 1 71 2663 3837 3434
4935 2 2 1 71 3062 3904 3061
4936 2 2 1 71 171 3730 172
4937 2 2 1 71 4385 4416 2278
4938 2 2 1 71 1845 2344 2343
4939 2 2 1 71 2979 3790 3550
4940 2 2 1 71 2800 3790 3218
4941 2 2 1 71 1126 3689 1125
4942 2 2 1 71 2670 4185 2669
4943 2 2 1 71 1921 4352 3474
4944 2 2 1 71 4082 4186 3341
4945 2 2 1 71 2966 3742 2967
4946 2 2 1 71 1677 4137 3171
4947 2 2 1 71 3159 4261 1892
4948 2 2 1 71 3404 4242 3262
4949 2 2 1 71 1913 4143 3189
4950 2 2 1 71 3615 4449 4011
4951 2 2 1 71 3208 4281 4010
4952 2 2 1 71 3207 4015 3208
4953 2 2 1 71 2113 3743 2111
4954 2 2 1 71 1788 1954 1953
4955 2 2 1 71 3402 3920 2121
4956 2 2 1 71 1841 3692 3691
4957 2 2 1 71 3697 3698 2731
4958 2 2 1 71 3707 3708 1756
4959 2 2 1 71 1920 3706 3705
4960 2 2 1 71 2244 2245 1700
4961 2 2 1 71 2243 2553 2244
4962 2 2 1 71 2681 3187 3034
4963 2 2 1 71 2507 2554 1070
4964 2 2 1 71 2755 3794 2757
4965 2 2 1 71 2854 3795 2851
4966 2 2 1 71 674 3078 655
4967 2 2 1 71 2356 3797 3169
4968 2 2 1 71 955 1789 271
4969 2 2 1 71 3416 4024 2566
4970 2 2 1 71 3322 4003 2952
4971 2 2 1 71 3335 4398 2967
4972 2 2 1 71 243 2868 1694
4973 2 2 1 71 2850 3963 2852
4974 2 2 1 71 3372 3960 1777
4975 2 2 1 71 1131 3773 1130
4976 2 2 1 71 2410 3803 2438
4977 2 2 1 71 2415 3803 2412
4978 2 2 1 71 287 3226 288
4979 2 2 1 71 436 3225 437
4980 2 2 1 71 3611 4364 2450
4981 2 2 1 71 2649 3745 2648
4982 2 2 1 71 3774 3775 1801
4983 2 2 1 71 3608 3807 3598
4984 2 2 1 71 3643 3807 2158
4985 2 2 1 71 3513 4262 2609
4986 2 2 1 71 2827 3781 3366
4987 2 2 1 71 3061 3904 3595
4988 2 2 1 71 2993 4365 3481
4989 2 2 1 71 3119 4232 4189
4990 2 2 1 71 3766 3848 1138
4991 2 2 1 71 2361 3817 2369
4992 2 2 1 71 3298 3756 1065
4993 2 2 1 71 1064 3756 2164
4994 2 2 1 71 3062 4028 3888
4995 2 2 1 71 2666 3813 2665
4996 2 2 1 71 2286 3814 2083
4997 2 2 1 71 961 3821 1777
4998 2 2 1 71 3419 4395 2956
4999 2 2 1 71 3408 4275 1640
5000 2 2 1 71 279 1698 260
5001 2 2 1 71 2503 3749 3581
5002 2 2 1 71 4165 4431 2738
5003 2 2 1 71 621 3778 1008
5004 2 2 1 71 1013 3908 757
5005 2 2 1 71 3081 3950 3355
5006 2 2 1 71 2782 4402 3338
5007 2 2 1 71 2561 4042 3501
5008 2 2 1 71 2798 3752 3528
5009 2 2 1 71 2399 3781 2398
5010 2 2 1 71 2187 3971 3427
5011 2 2 1 71 137 3205 138
5012 2 2 1 71 1027 3054 1028
5013 2 2 1 71 1029 1894 1030
5014 2 2 1 71 1028 3737 1029
5015 2 2 1 71 2559 3822 2224
5016 2 2 1 71 3409 4212 2098
5017 2 2 1 71 1815 4419 3136
5018 2 2 1 71 3053 3776 292
5019 2 2 1 71 3594 4078 2513
5020 2 2 1 71 774 4008 775
5021 2 2 1 71 3634 4037 2872
5022 2 2 1 71 543 2941 2448
5023 2 2 1 71 1053 2242 1052
5024 2 2 1 71 1811 3809 1196
5025 2 2 1 71 1195 3809 1897
5026 2 2 1 71 2384 3757 3470
5027 2 2 1 71 1159 3744 1158
5028 2 2 1 71 3605 3831 3650
5029 2 2 1 71 2377 3183 3182
5030 2 2 1 71 3003 3734 1906
5031 2 2 1 71 2367 3833 2366
5032 2 2 1 71 1883 4377 3467
5033 2 2 1 71 2579 3835 3557
5034 2 2 1 71 1841 3691 1188
5035 2 2 1 71 1769 3695 1185
5036 2 2 1 71 2183 3697 1102
5037 2 2 1 71 1092 3696 1891
5038 2 2 1 71 1101 3697 2731
5039 2 2 1 71 1891 3707 1091
5040 2 2 1 71 1177 3693 1901
5041 2 2 1 71 1186 3713 1769
5042 2 2 1 71 1888 3694 1183
5043 2 2 1 71 1887 3702 1110
5044 2 2 1 71 2086 3693 1178
5045 2 2 1 71 1166 3701 3465
5046 2 2 1 71 1184 3695 1888
5047 2 2 1 71 1109 3702 1926
5048 2 2 1 71 1920 3705 1169
5049 2 2 1 71 2545 3703 1104
5050 2 2 1 71 1182 3694 1840
5051 2 2 1 71 2260 3701 1167
5052 2 2 1 71 1168 3705 2260
5053 2 2 1 71 1103 3703 2183
5054 2 2 1 71 1105 3712 2545
5055 2 2 1 71 1107 3700 2116
5056 2 2 1 71 1162 3704 2189
5057 2 2 1 71 1090 3707 1756
5058 2 2 1 71 1116 3699 1680
5059 2 2 1 71 1840 3710 1181
5060 2 2 1 71 1180 3710 3709
5061 2 2 1 71 1179 3709 2086
5062 2 2 1 71 2116 3712 1106
5063 2 2 1 71 1926 3700 1108
5064 2 2 1 71 3691 3713 1187
5065 2 2 1 71 3331 4322 3167
5066 2 2 1 71 24 3028 2264
5067 2 2 1 71 1194 3829 1193
5068 2 2 1 71 808 3412 805
5069 2 2 1 71 433 2457 434
5070 2 2 1 71 1730 3715 1112
5071 2 2 1 71 1111 3715 1887
5072 2 2 1 71 3573 3837 2663
5073 2 2 1 71 3285 3775 3711
5074 2 2 1 71 3169 4238 3269
5075 2 2 1 71 3306 4220 1725
5076 2 2 1 71 3827 4346 661
5077 2 2 1 71 904 3244 905
5078 2 2 1 71 2926 3840 3596
5079 2 2 1 71 3877 4190 2540
5080 2 2 1 71 2851 4013 2850
5081 2 2 1 71 3833 3872 3220
5082 2 2 1 71 1065 3756 1064
5083 2 2 1 71 1921 3853 455
5084 2 2 1 71 2501 3761 2990
5085 2 2 1 71 434 3207 435
5086 2 2 1 71 1918 3842 3568
5087 2 2 1 71 1145 1803 1144
5088 2 2 1 71 4 3318 115
5089 2 2 1 71 1716 4224 3353
5090 2 2 1 71 2976 4070 3355
5091 2 2 1 71 3030 4166 3031
5092 2 2 1 71 2545 3734 3703
5093 2 2 1 71 2781 2782 2780
5094 2 2 1 71 2094 3991 2376
5095 2 2 1 71 1698 3273 260
5096 2 2 1 71 3675 3916 3512
5097 2 2 1 71 2710 4312 3411
5098 2 2 1 71 1681 4063 4021
5099 2 2 1 71 3434 3820 3179
5100 2 2 1 71 3073 4135 3497
5101 2 2 1 71 3497 4135 2885
5102 2 2 1 71 3731 3873 3371
5103 2 2 1 71 1922 3922 3015
5104 2 2 1 71 3667 4048 2559
5105 2 2 1 71 2989 4289 451
5106 2 2 1 71 2711 3854 2713
5107 2 2 1 71 3697 3758 3698
5108 2 2 1 71 549 3188 548
5109 2 2 1 71 2961 3812 2640
5110 2 2 1 71 2226 3822 3496
5111 2 2 1 71 3496 3822 3236
5112 2 2 1 71 2513 3764 2333
5113 2 2 1 71 3552 3855 2445
5114 2 2 1 71 3770 4364 3610
5115 2 2 1 71 2690 3927 2689
5116 2 2 1 71 1680 3840 3682
5117 2 2 1 71 3682 3840 3553
5118 2 2 1 71 2695 3768 2422
5119 2 2 1 71 2956 4395 2958
5120 2 2 1 71 3644 3859 3121
5121 2 2 1 71 78 4167 937
5122 2 2 1 71 2186 4171 1770
5123 2 2 1 71 3781 3894 2398
5124 2 2 1 71 3151 3860 2168
5125 2 2 1 71 2151 3860 3645
5126 2 2 1 71 1746 3757 2587
5127 2 2 1 71 2503 4098 3749
5128 2 2 1 71 2066 4208 3286
5129 2 2 1 71 982 3853 2354
5130 2 2 1 71 3163 4278 3735
5131 2 2 1 71 2344 3769 2431
5132 2 2 1 71 1920 4342 3603
5133 2 2 1 71 4071 4450 2386
5134 2 2 1 71 2724 3864 3540
5135 2 2 1 71 2162 3864 3572
5136 2 2 1 71 3037 3770 3610
5137 2 2 1 71 1731 3826 3818
5138 2 2 1 71 3373 4250 3372
5139 2 2 1 71 2076 3867 2072
5140 2 2 1 71 2069 3867 2070
5141 2 2 1 71 3648 3772 2267
5142 2 2 1 71 3187 4320 1668
5143 2 2 1 71 3754 4099 2092
5144 2 2 1 71 102 2347 103
5145 2 2 1 71 1158 3744 2100
5146 2 2 1 71 1883 3744 1159
5147 2 2 1 71 2515 3874 3401
5148 2 2 1 71 254 3217 255
5149 2 2 1 71 639 3866 3801
5150 2 2 1 71 1656 3752 3287
5151 2 2 1 71 2372 3873 2365
5152 2 2 1 71 3838 4441 3741
5153 2 2 1 71 2165 3796 3302
5154 2 2 1 71 840 4190 841
5155 2 2 1 71 1730 4303 3385
5156 2 2 1 71 2951 3781 2827
5157 2 2 1 71 3634 3875 2396
5158 2 2 1 71 3131 3910 3132
5159 2 2 1 71 2751 3882 3509
5160 2 2 1 71 3554 4052 2758
5161 2 2 1 71 3418 3727 180
5162 2 2 1 71 2503 4326 3438
5163 2 2 1 71 2987 3672 1136
5164 2 2 1 71 3403 3968 1995
5165 2 2 1 71 2514 3881 3065
5166 2 2 1 71 3416 4285 2726
5167 2 2 1 71 3371 3779 1791
5168 2 2 1 71 2374 2375 1728
5169 2 2 1 71 2762 2846 2763
5170 2 2 1 71 1714 4070 3367
5171 2 2 1 71 1700 3384 979
5172 2 2 1 71 903 1713 904
5173 2 2 1 71 559 3014 560
5174 2 2 1 71 3062 3995 3904
5175 2 2 1 71 799 3380 1922
5176 2 2 1 71 2048 4164 3307
5177 2 2 1 71 284 2006 285
5178 2 2 1 71 3571 3887 3375
5179 2 2 1 71 3292 3887 2508
5180 2 2 1 71 3545 3888 2662
5181 2 2 1 71 2877 3780 2552
5182 2 2 1 71 2427 3891 2429
5183 2 2 1 71 3690 3811 2607
5184 2 2 1 71 3510 4355 4097
5185 2 2 1 71 3603 4185 1920
5186 2 2 1 71 3604 4386 1717
5187 2 2 1 71 3360 3945 3673
5188 2 2 1 71 2741 3896 2739
5189 2 2 1 71 3071 3782 3086
5190 2 2 1 71 3619 3894 2246
5191 2 2 1 71 3997 4076 2643
5192 2 2 1 71 1848 3866 639
5193 2 2 1 71 1123 2131 1122
5194 2 2 1 71 1073 1850 1072
5195 2 2 1 71 1075 2092 1074
5196 2 2 1 71 1076 3754 1075
5197 2 2 1 71 1077 2182 1076
5198 2 2 1 71 1074 3753 1073
5199 2 2 1 71 1125 1802 1124
5200 2 2 1 71 2090 3200 2825
5201 2 2 1 71 3437 4135 2972
5202 2 2 1 71 3334 4447 2413
5203 2 2 1 71 2536 4447 3334
5204 2 2 1 71 2858 3910 3812
5205 2 2 1 71 3591 3899 2666
5206 2 2 1 71 2661 3899 2641
5207 2 2 1 71 3102 4202 3951
5208 2 2 1 71 2153 3223 1881
5209 2 2 1 71 2494 3901 2495
5210 2 2 1 71 3595 3904 2644
5211 2 2 1 71 2433 4289 2989
5212 2 2 1 71 3107 4320 3108
5213 2 2 1 71 3300 4410 984
5214 2 2 1 71 2246 3789 2247
5215 2 2 1 71 1087 3777 1086
5216 2 2 1 71 3221 4096 3804
5217 2 2 1 71 3550 3790 2800
5218 2 2 1 71 1127 2950 1126
5219 2 2 1 71 3053 3981 3776
5220 2 2 1 71 2080 3914 3660
5221 2 2 1 71 1890 3777 1087
5222 2 2 1 71 1858 3787 1761
5223 2 2 1 71 3428 4397 2702
5224 2 2 1 71 3831 4436 3650
5225 2 2 1 71 3660 3914 3259
5226 2 2 1 71 2183 3758 3697
5227 2 2 1 71 3596 4344 3038
5228 2 2 1 71 2765 3959 3725
5229 2 2 1 71 2349 2449 2350
5230 2 2 1 71 2350 2402 1742
5231 2 2 1 71 3860 4163 2591
5232 2 2 1 71 3536 4277 3997
5233 2 2 1 71 2190 3993 1927
5234 2 2 1 71 1679 3390 3389
5235 2 2 1 71 1817 3785 1118
5236 2 2 1 71 1117 3785 3699
5237 2 2 1 71 2458 2465 1797
5238 2 2 1 71 4044 4268 2093
5239 2 2 1 71 3316 3897 1936
5240 2 2 1 71 2184 3851 1148
5241 2 2 1 71 3741 4441 3092
5242 2 2 1 71 2451 2453 2452
5243 2 2 1 71 2452 2521 1836
5244 2 2 1 71 3310 3918 3185
5245 2 2 1 71 3427 3971 3011
5246 2 2 1 71 2850 4013 3963
5247 2 2 1 71 2118 3912 964
5248 2 2 1 71 1827 3271 2472
5249 2 2 1 71 2472 2473 2471
5250 2 2 1 71 135 4345 136
5251 2 2 1 71 3526 3794 2755
5252 2 2 1 71 2731 3778 1100
5253 2 2 1 71 2878 2880 2879
5254 2 2 1 71 2107 3927 3454
5255 2 2 1 71 2910 3928 2911
5256 2 2 1 71 3023 3795 2854
5257 2 2 1 71 1727 3017 1939
5258 2 2 1 71 1939 1940 1938
5259 2 2 1 71 2686 3930 2683
5260 2 2 1 71 397 3250 398
5261 2 2 1 71 3194 3862 3815
5262 2 2 1 71 2859 4137 1677
5263 2 2 1 71 3192 3401 2593
5264 2 2 1 71 1854 3193 3192
5265 2 2 1 71 1694 2961 2960
5266 2 2 1 71 1118 3785 1117
5267 2 2 1 71 1820 3089 3088
5268 2 2 1 71 2528 3797 2356
5269 2 2 1 71 3372 4250 3344
5270 2 2 1 71 3086 3934 3050
5271 2 2 1 71 2951 3894 3781
5272 2 2 1 71 1834 2338 2295
5273 2 2 1 71 2784 3941 2790
5274 2 2 1 71 2799 4140 3415
5275 2 2 1 71 3859 4283 3121
5276 2 2 1 71 2758 3933 3526
5277 2 2 1 71 945 3799 946
5278 2 2 1 71 2834 3939 2861
5279 2 2 1 71 1804 3916 976
5280 2 2 1 71 686 3147 687
5281 2 2 1 71 3543 4454 3123
5282 2 2 1 71 1113 3802 1730
5283 2 2 1 71 3893 4020 3358
5284 2 2 1 71 3453 3798 1925
5285 2 2 1 71 2139 3662 3661
5286 2 2 1 71 2505 4228 3662
5287 2 2 1 71 2855 4110 2856
5288 2 2 1 71 2188 4250 3373
5289 2 2 1 71 3107 3108 2994
5290 2 2 1 71 3332 4369 2438
5291 2 2 1 71 3042 3945 3043
5292 2 2 1 71 2412 3803 2410
5293 2 2 1 71 2437 3281 2769
5294 2 2 1 71 2580 4236 1684
5295 2 2 1 71 3173 4017 2840
5296 2 2 1 71 2188 3947 2135
5297 2 2 1 71 2147 3947 2949
5298 2 2 1 71 1100 3778 1099
5299 2 2 1 71 3303 3726 1198
5300 2 2 1 71 2906 3124 2907
5301 2 2 1 71 2127 3951 2257
5302 2 2 1 71 3358 3973 1952
5303 2 2 1 71 3123 3874 2515
5304 2 2 1 71 2447 2829 1685
5305 2 2 1 71 4043 4100 3570
5306 2 2 1 71 3058 3433 1665
5307 2 2 1 71 3446 4431 2905
5308 2 2 1 71 2722 4051 3230
5309 2 2 1 71 3636 3924 3005
5310 2 2 1 71 2836 4332 3456
5311 2 2 1 71 4225 4355 2496
5312 2 2 1 71 2358 2359 1683
5313 2 2 1 71 3618 3949 3714
5314 2 2 1 71 2697 4259 1150
5315 2 2 1 71 2132 3958 2166
5316 2 2 1 71 2158 3807 3608
5317 2 2 1 71 1139 3766 1138
5318 2 2 1 71 3332 4292 2418
5319 2 2 1 71 1665 3434 3179
5320 2 2 1 71 2458 3805 2466
5321 2 2 1 71 3937 4254 3357
5322 2 2 1 71 3011 3971 3010
5323 2 2 1 71 2553 4306 2244
5324 2 2 1 71 3761 4056 2990
5325 2 2 1 71 3589 4306 3212
5326 2 2 1 71 2251 3964 2381
5327 2 2 1 71 2530 3931 3543
5328 2 2 1 71 2089 3305 3095
5329 2 2 1 71 3095 3096 3094
5330 2 2 1 71 1989 3968 2255
5331 2 2 1 71 1995 3968 1991
5332 2 2 1 71 1937 2049 501
5333 2 2 1 71 3152 4348 3572
5334 2 2 1 71 3056 4352 1921
5335 2 2 1 71 3675 4422 3916
5336 2 2 1 71 2607 3811 2705
5337 2 2 1 71 3342 4187 2389
5338 2 2 1 71 2098 2173 216
5339 2 2 1 71 1029 3737 1894
5340 2 2 1 71 3054 3737 1028
5341 2 2 1 71 2796 3972 3327
5342 2 2 1 71 2817 3972 2797
5343 2 2 1 71 1132 4157 3718
5344 2 2 1 71 1196 3809 1195
5345 2 2 1 71 1952 3973 1951
5346 2 2 1 71 3304 4172 4080
5347 2 2 1 71 2513 4078 3818
5348 2 2 1 71 3804 4324 2603
5349 2 2 1 71 3380 4435 2958
5350 2 2 1 71 2665 3813 2983
5351 2 2 1 71 3770 3861 3166
5352 2 2 1 71 3037 3861 3770
5353 2 2 1 71 2083 3814 2161
5354 2 2 1 71 2354 3320 3002
5355 2 2 1 71 3193 4375 3194
5356 2 2 1 71 3638 3980 2526
5357 2 2 1 71 2685 3981 2688
5358 2 2 1 71 2534 3982 3578
5359 2 2 1 71 1114 3802 1113
5360 2 2 1 71 2474 3808 2473
5361 2 2 1 71 139 3134 382
5362 2 2 1 71 3416 4215 4024
5363 2 2 1 71 1651 3942 3464
5364 2 2 1 71 1932 4158 3742
5365 2 2 1 71 3966 4094 3885
5366 2 2 1 71 2358 3817 2361
5367 2 2 1 71 1914 3845 1190
5368 2 2 1 71 1189 3845 1841
5369 2 2 1 71 3714 3949 3391
5370 2 2 1 71 332 3032 1852
5371 2 2 1 71 3536 3997 3491
5372 2 2 1 71 642 3294 1826
5373 2 2 1 71 2633 3995 3545
5374 2 2 1 71 2546 3996 3582
5375 2 2 1 71 1930 3122 2873
5376 2 2 1 71 3649 4280 4245
5377 2 2 1 71 960 3821 961
5378 2 2 1 71 3749 4124 3000
5379 2 2 1 71 3732 4108 3472
5380 2 2 1 71 102 2470 2347
5381 2 2 1 71 182 2550 1929
5382 2 2 1 71 3760 3932 1044
5383 2 2 1 71 1937 3337 2049
5384 2 2 1 71 2884 4005 2883
5385 2 2 1 71 2224 3822 2226
5386 2 2 1 71 2976 4427 4070
5387 2 2 1 71 2525 4098 2524
5388 2 2 1 71 2269 3823 2459
5389 2 2 1 71 1079 3988 1781
5390 2 2 1 71 3658 3988 1080
5391 2 2 1 71 4015 4146 3208
5392 2 2 1 71 3230 4051 2497
5393 2 2 1 71 3374 4171 1699
5394 2 2 1 71 3184 4011 2696
5395 2 2 1 71 3783 4437 3289
5396 2 2 1 71 2703 3646 1813
5397 2 2 1 71 3259 3914 3242
5398 2 2 1 71 175 3142 176
5399 2 2 1 71 3092 4050 3090
5400 2 2 1 71 3734 3858 3703
5401 2 2 1 71 2296 4016 2156
5402 2 2 1 71 2434 2581 2580
5403 2 2 1 71 2904 4165 3931
5404 2 2 1 71 3807 4045 3598
5405 2 2 1 71 2554 3478 1676
5406 2 2 1 71 2449 3884 2350
5407 2 2 1 71 2148 3911 2136
5408 2 2 1 71 3189 4143 2373
5409 2 2 1 71 1663 3970 3317
5410 2 2 1 71 2618 4026 2616
5411 2 2 1 71 914 3889 2564
5412 2 2 1 71 1172 3863 1784
5413 2 2 1 71 1889 3863 1173
5414 2 2 1 71 1631 1856 1761
5415 2 2 1 71 3464 3942 2531
5416 2 2 1 71 3861 4256 1817
5417 2 2 1 71 3026 3254 3075
5418 2 2 1 71 2036 4299 3518
5419 2 2 1 71 3031 3156 1641
5420 2 2 1 71 2670 4281 3706
5421 2 2 1 71 793 4056 1750
5422 2 2 1 71 4102 4239 2285
5423 2 2 1 71 2233 4034 2681
5424 2 2 1 71 2238 4034 2234
5425 2 2 1 71 3683 3999 3587
5426 2 2 1 71 1802 3999 3683
5427 2 2 1 71 1739 3405 3029
5428 2 2 1 71 2866 3237 2680
5429 2 2 1 71 1619 3237 2777
5430 2 2 1 71 2180 4037 3634
5431 2 2 1 71 412 3287 413
5432 2 2 1 71 3019 3831 3605
5433 2 2 1 71 3218 4038 2801
5434 2 2 1 71 328 3308 1874
5435 2 2 1 71 1890 4230 3561
5436 2 2 1 71 1141 3783 1140
5437 2 2 1 71 1140 1772 1139
5438 2 2 1 71 1059 1844 1058
5439 2 2 1 71 1142 3045 1141
5440 2 2 1 71 3220 3872 3221
5441 2 2 1 71 3662 4228 3661
5442 2 2 1 71 3134 3135 971
5443 2 2 1 71 1928 2190 1927
5444 2 2 1 71 2366 3833 2371
5445 2 2 1 71 2247 4041 3626
5446 2 2 1 71 2456 4022 3190
5447 2 2 1 71 2550 2551 1929
5448 2 2 1 71 3666 3776 2684
5449 2 2 1 71 1897 3829 1194
5450 2 2 1 71 3557 3835 2547
5451 2 2 1 71 2593 3874 1624
5452 2 2 1 71 605 2380 606
5453 2 2 1 71 3456 3919 2836
5454 2 2 1 71 2443 4057 2407
5455 2 2 1 71 2409 4057 2423
5456 2 2 1 71 3731 3987 2359
5457 2 2 1 71 2547 3921 2546
5458 2 2 1 71 3965 4355 4225
5459 2 2 1 71 3283 4433 3920
5460 2 2 1 71 3457 3659 409
5461 2 2 1 71 2022 4060 3589
5462 2 2 1 71 3749 4098 2525
5463 2 2 1 71 3764 4347 2332
5464 2 2 1 71 2240 4062 2238
5465 2 2 1 71 2636 3837 3573
5466 2 2 1 71 1635 3067 2301
5467 2 2 1 71 3162 3838 3161
5468 2 2 1 71 1876 2591 2154
5469 2 2 1 71 2890 3342 2889
5470 2 2 1 71 3712 3935 3352
5471 2 2 1 71 2986 3282 2085
5472 2 2 1 71 3522 3842 1918
5473 2 2 1 71 3519 4071 2386
5474 2 2 1 71 2248 4071 2010
5475 2 2 1 71 2721 2722 2720
5476 2 2 1 71 3553 3840 2926
5477 2 2 1 71 3427 4405 3499
5478 2 2 1 71 2502 4138 2444
5479 2 2 1 71 1781 4436 3831
5480 2 2 1 71 3275 3329 1682
5481 2 2 1 71 2888 3263 1627
5482 2 2 1 71 2381 4077 2249
5483 2 2 1 71 3345 3842 3343
5484 2 2 1 71 3073 3201 2808
5485 2 2 1 71 2669 4185 3603
5486 2 2 1 71 3341 4186 1842
5487 2 2 1 71 2719 4108 3732
5488 2 2 1 71 3426 3974 1143
5489 2 2 1 71 2183 3858 3758
5490 2 2 1 71 3777 4002 2865
5491 2 2 1 71 376 3406 377
5492 2 2 1 71 2734 4428 3460
5493 2 2 1 71 2343 4352 2045
5494 2 2 1 71 1684 4236 3260
5495 2 2 1 71 1673 3012 3011
5496 2 2 1 71 3082 4405 3427
5497 2 2 1 71 3458 4076 3199
5498 2 2 1 71 3093 4186 4082
5499 2 2 1 71 3510 4097 2476
5500 2 2 1 71 2701 3439 3181
5501 2 2 1 71 3439 4288 2321
5502 2 2 1 71 2967 4398 2964
5503 2 2 1 71 1124 3810 1123
5504 2 2 1 71 1711 4162 3168
5505 2 2 1 71 3180 4101 3612
5506 2 2 1 71 2876 4101 3353
5507 2 2 1 71 3393 4461 3518
5508 2 2 1 71 928 4304 1084
5509 2 2 1 71 2560 3987 3370
5510 2 2 1 71 3287 4103 1917
5511 2 2 1 71 3685 4183 3684
5512 2 2 1 71 2738 2739 1726
5513 2 2 1 71 284 3925 2006
5514 2 2 1 71 2879 4022 2768
5515 2 2 1 71 2652 4295 3745
5516 2 2 1 71 3551 4112 2490
5517 2 2 1 71 2963 2964 1830
5518 2 2 1 71 3708 4138 1756
5519 2 2 1 71 3220 3952 3833
5520 2 2 1 71 2600 2601 1704
5521 2 2 1 71 2883 3854 2711
5522 2 2 1 71 455 3853 982
5523 2 2 1 71 1780 4379 3776
5524 2 2 1 71 3721 4268 4044
5525 2 2 1 71 1082 4085 1816
5526 2 2 1 71 419 3364 1675
5527 2 2 1 71 2614 2640 2615
5528 2 2 1 71 2615 2616 1658
5529 2 2 1 71 2811 4440 3113
5530 2 2 1 71 1812 3214 70
5531 2 2 1 71 2469 3679 1679
5532 2 2 1 71 3257 4155 3255
5533 2 2 1 71 1745 3663 2866
5534 2 2 1 71 2956 2957 1823
5535 2 2 1 71 2610 3726 3303
5536 2 2 1 71 2939 2986 1837
5537 2 2 1 71 2525 4124 3749
5538 2 2 1 71 3603 4342 1784
5539 2 2 1 71 1148 3851 1147
5540 2 2 1 71 3514 4145 2824
5541 2 2 1 71 2473 4269 3663
5542 2 2 1 71 958 3067 1635
5543 2 2 1 71 3181 3419 1666
5544 2 2 1 71 3284 3824 3775
5545 2 2 1 71 3562 4124 3079
5546 2 2 1 71 3916 4422 410
5547 2 2 1 71 661 4346 662
5548 2 2 1 71 2601 4318 3032
5549 2 2 1 71 428 3299 429
5550 2 2 1 71 2951 4336 3789
5551 2 2 1 71 3941 4247 2790
5552 2 2 1 71 1190 3845 1189
5553 2 2 1 71 3432 4338 3458
5554 2 2 1 71 3554 4192 4052
5555 2 2 1 71 2719 3323 1642
5556 2 2 1 71 3348 4009 1046
5557 2 2 1 71 2790 4140 2786
5558 2 2 1 71 2788 4140 2799
5559 2 2 1 71 2445 3855 3517
5560 2 2 1 71 3152 3153 1733
5561 2 2 1 71 3408 4393 2543
5562 2 2 1 71 529 3304 530
5563 2 2 1 71 2953 3338 1851
5564 2 2 1 71 2346 3763 1829
5565 2 2 1 71 977 3728 1800
5566 2 2 1 71 2321 4153 3586
5567 2 2 1 71 936 4001 2290
5568 2 2 1 71 3116 4192 3554
5569 2 2 1 71 3405 4389 4239
5570 2 2 1 71 3284 4258 3824
5571 2 2 1 71 2732 3857 3019
5572 2 2 1 71 2773 3228 1810
5573 2 2 1 71 2556 3859 3644
5574 2 2 1 71 2759 2761 1690
5575 2 2 1 71 1855 2938 2937
5576 2 2 1 71 3724 4069 2576
5577 2 2 1 71 2168 3860 2151
5578 2 2 1 71 3128 3941 3127
5579 2 2 1 71 1856 4061 4023
5580 2 2 1 71 3511 4169 3488
5581 2 2 1 71 3036 3861 3037
5582 2 2 1 71 1720 2804 2140
5583 2 2 1 71 2159 3380 1019
5584 2 2 1 71 3312 4445 2872
5585 2 2 1 71 3662 4107 2505
5586 2 2 1 71 2442 4157 1919
5587 2 2 1 71 1017 4182 1018
5588 2 2 1 71 2903 3929 2902
5589 2 2 1 71 1690 4317 2759
5590 2 2 1 71 1838 4012 2512
5591 2 2 1 71 3490 4416 3165
5592 2 2 1 71 3920 4433 2121
5593 2 2 1 71 2597 4079 2579
5594 2 2 1 71 3047 4179 3049
5595 2 2 1 71 959 4206 3308
5596 2 2 1 71 1915 3280 1617
5597 2 2 1 71 2589 3431 1753
5598 2 2 1 71 3540 3864 2162
5599 2 2 1 71 4232 4243 3013
5600 2 2 1 71 2878 4357 2880
5601 2 2 1 71 3689 3999 1802
5602 2 2 1 71 2718 3252 2719
5603 2 2 1 71 3144 3145 2816
5604 2 2 1 71 981 3056 1921
5605 2 2 1 71 2072 3867 2069
5606 2 2 1 71 2186 3784 2009
5607 2 2 1 71 2602 4324 2605
5608 2 2 1 71 2848 4323 1757
5609 2 2 1 71 1750 4056 3761
5610 2 2 1 71 3588 4202 3685
5611 2 2 1 71 2867 3970 1663
5612 2 2 1 71 3443 4115 1850
5613 2 2 1 71 2070 4208 2067
5614 2 2 1 71 2140 4356 1720
5615 2 2 1 71 1657 3739 2146
5616 2 2 1 71 66 3106 195
5617 2 2 1 71 2320 4215 2726
5618 2 2 1 71 1133 4157 1132
5619 2 2 1 71 3353 4224 2882
5620 2 2 1 71 2318 4227 2317
5621 2 2 1 71 654 1848 639
5622 2 2 1 71 3425 4450 4071
5623 2 2 1 71 23 3028 24
5624 2 2 1 71 2468 4211 2895
5625 2 2 1 71 3368 4347 3764
5626 2 2 1 71 986 4198 987
5627 2 2 1 71 3447 4132 2590
5628 2 2 1 71 435 3207 1880
5629 2 2 1 71 1132 3297 1131
5630 2 2 1 71 3493 3872 2367
5631 2 2 1 71 2838 3898 3897
5632 2 2 1 71 1644 4031 3078
5633 2 2 1 71 1073 3753 1850
5634 2 2 1 71 2182 3754 1076
5635 2 2 1 71 1075 3754 2092
5636 2 2 1 71 2092 3753 1074
5637 2 2 1 71 195 3377 66
5638 2 2 1 71 3262 4242 2509
5639 2 2 1 71 3789 4159 2247
5640 2 2 1 71 1882 4283 3859
5641 2 2 1 71 3260 4236 2717
5642 2 2 1 71 3954 4339 3688
5643 2 2 1 71 268 3211 269
5644 2 2 1 71 3745 4295 3160
5645 2 2 1 71 773 3871 774
5646 2 2 1 71 2705 3954 3688
5647 2 2 1 71 3676 4208 2070
5648 2 2 1 71 830 4290 831
5649 2 2 1 71 3115 4258 3284
5650 2 2 1 71 1846 2892 2273
5651 2 2 1 71 2403 4265 2405
5652 2 2 1 71 2435 4310 3667
5653 2 2 1 71 2365 3873 2363
5654 2 2 1 71 2304 4461 2355
5655 2 2 1 71 2136 3911 2400
5656 2 2 1 71 1173 3863 1172
5657 2 2 1 71 1845 2343 2045
5658 2 2 1 71 3518 4461 2315
5659 2 2 1 71 3956 4304 3146
5660 2 2 1 71 2780 3405 1739
5661 2 2 1 71 2172 3957 1022
5662 2 2 1 71 1777 3960 962
5663 2 2 1 71 2396 3875 2517
5664 2 2 1 71 2659 4295 2654
5665 2 2 1 71 2413 4447 2416
5666 2 2 1 71 2420 4447 2536
5667 2 2 1 71 2783 4402 2782
5668 2 2 1 71 1928 4310 2192
5669 2 2 1 71 3489 4416 3490
5670 2 2 1 71 2759 4317 2760
5671 2 2 1 71 3928 4091 2932
5672 2 2 1 71 3385 4303 3541
5673 2 2 1 71 3914 4041 3242
5674 2 2 1 71 1769 3933 3695
5675 2 2 1 71 1772 3767 3766
5676 2 2 1 71 1044 3932 1043
5677 2 2 1 71 2832 4332 2836
5678 2 2 1 71 3527 4217 2494
5679 2 2 1 71 3470 4326 2353
5680 2 2 1 71 2227 4326 2503
5681 2 2 1 71 1026 3059 2540
5682 2 2 1 71 2970 3978 2971
5683 2 2 1 71 2288 4409 2352
5684 2 2 1 71 2308 4065 2312
5685 2 2 1 71 3559 4347 2558
5686 2 2 1 71 3572 4348 2334
5687 2 2 1 71 2406 4369 2418
5688 2 2 1 71 2734 4359 2282
5689 2 2 1 71 2464 4374 2462
5690 2 2 1 71 2438 4369 2408
5691 2 2 1 71 2657 4368 2667
5692 2 2 1 71 3334 4017 3173
5693 2 2 1 71 3877 4375 3193
5694 2 2 1 71 2584 3881 2514
5695 2 2 1 71 1785 4272 3869
5696 2 2 1 71 3288 4055 2352
5697 2 2 1 71 3018 4055 3288
5698 2 2 1 71 2606 4318 2601
5699 2 2 1 71 1692 4022 3883
5700 2 2 1 71 2542 4275 2543
5701 2 2 1 71 3378 4065 2306
5702 2 2 1 71 3799 3989 946
5703 2 2 1 71 3484 4025 2723
5704 2 2 1 71 2978 4100 4043
5705 2 2 1 71 3509 3882 2754
5706 2 2 1 71 2454 3883 2456
5707 2 2 1 71 3466 4415 2829
5708 2 2 1 71 3458 4338 2966
5709 2 2 1 71 1674 3436 2144
5710 2 2 1 71 3172 4351 2717
5711 2 2 1 71 3150 4058 1646
5712 2 2 1 71 3137 3884 3099
5713 2 2 1 71 2354 3879 983
5714 2 2 1 71 3446 3903 2751
5715 2 2 1 71 3502 4072 3276
5716 2 2 1 71 2538 4072 3502
5717 2 2 1 71 3533 4094 3966
5718 2 2 1 71 297 3035 298
5719 2 2 1 71 1788 1953 1616
5720 2 2 1 71 3673 3945 1838
5721 2 2 1 71 4057 4378 2423
5722 2 2 1 71 2727 4395 3419
5723 2 2 1 71 3649 4245 2732
5724 2 2 1 71 2938 4126 3359
5725 2 2 1 71 3830 3912 2823
5726 2 2 1 71 2508 3887 3571
5727 2 2 1 71 3164 4129 2687
5728 2 2 1 71 2662 3888 3170
5729 2 2 1 71 2777 4045 3807
5730 2 2 1 71 3845 4383 1841
5731 2 2 1 71 2429 3891 2532
5732 2 2 1 71 1154 4251 1153
5733 2 2 1 71 2243 2244 1700
5734 2 2 1 71 2897 4090 2692
5735 2 2 1 71 2276 4035 3009
5736 2 2 1 71 2702 4397 4130
5737 2 2 1 71 2574 4248 2572
5738 2 2 1 71 3913 4153 3157
5739 2 2 1 71 2862 4279 3449
5740 2 2 1 71 1193 4284 927
5741 2 2 1 71 2161 4353 3484
5742 2 2 1 71 1014 4104 1808
5743 2 2 1 71 3401 3874 2593
5744 2 2 1 71 3806 4392 3223
5745 2 2 1 71 2453 3885 3149
5746 2 2 1 71 2874 4221 3758
5747 2 2 1 71 3148 4212 4211
5748 2 2 1 71 1646 4058 3311
5749 2 2 1 71 1040 3890 2171
5750 2 2 1 71 927 4284 1051
5751 2 2 1 71 2398 3894 3619
5752 2 2 1 71 3383 4247 3128
5753 2 2 1 71 985 4410 1853
5754 2 2 1 71 1925 3844 1039
5755 2 2 1 71 1845 2045 295
5756 2 2 1 71 2993 3896 2741
5757 2 2 1 71 1830 3321 235
5758 2 2 1 71 2760 4317 1773
5759 2 2 1 71 1071 4115 2293
5760 2 2 1 71 3119 4189 1778
5761 2 2 1 71 3703 3858 2183
5762 2 2 1 71 3767 4252 3290
5763 2 2 1 71 3745 4166 2648
5764 2 2 1 71 3308 3978 1874
5765 2 2 1 71 3776 3981 2684
5766 2 2 1 71 3683 3810 1802
5767 2 2 1 71 3517 4329 3518
5768 2 2 1 71 1142 3412 3045
5769 2 2 1 71 1901 4073 1176
5770 2 2 1 71 3314 4008 3871
5771 2 2 1 71 3830 4424 3912
5772 2 2 1 71 2641 3899 3591
5773 2 2 1 71 3794 3933 1769
5774 2 2 1 71 2495 3901 2548
5775 2 2 1 71 2644 3904 3567
5776 2 2 1 71 2142 3877 3677
5777 2 2 1 71 2590 4181 3447
5778 2 2 1 71 1802 3810 1124
5779 2 2 1 71 1123 3810 2131
5780 2 2 1 71 2531 3943 3724
5781 2 2 1 71 1789 3163 271
5782 2 2 1 71 725 2733 723
5783 2 2 1 71 3979 4293 4264
5784 2 2 1 71 1838 2512 1061
5785 2 2 1 71 1012 1847 1696
5786 2 2 1 71 599 2336 600
5787 2 2 1 71 3974 4201 3362
5788 2 2 1 71 3706 4146 3705
5789 2 2 1 71 1842 3437 2972
5790 2 2 1 71 3467 4377 2189
5791 2 2 1 71 2947 4271 3366
5792 2 2 1 71 3365 4307 2838
5793 2 2 1 71 729 3293 758
5794 2 2 1 71 3944 4176 2985
5795 2 2 1 71 3201 3878 2808
5796 2 2 1 71 3738 4451 3702
5797 2 2 1 71 2539 3913 3601
5798 2 2 1 71 3280 3991 2094
5799 2 2 1 71 964 3912 965
5800 2 2 1 71 3627 3914 2080
5801 2 2 1 71 3160 3906 3156
5802 2 2 1 71 4078 4458 2995
5803 2 2 1 71 2474 4097 3808
5804 2 2 1 71 2510 4282 1120
5805 2 2 1 71 2816 4354 1146
5806 2 2 1 71 3267 4002 3777
5807 2 2 1 71 3023 4073 3795
5808 2 2 1 71 3977 4292 3332
5809 2 2 1 71 1932 4338 3432
5810 2 2 1 71 2418 4036 3482
5811 2 2 1 71 1805 4142 988
5812 2 2 1 71 1688 3974 3362
5813 2 2 1 71 2521 4172 3304
5814 2 2 1 71 3670 3924 3636
5815 2 2 1 71 2609 4262 2141
5816 2 2 1 71 3768 4174 2422
5817 2 2 1 71 2439 3300 491
5818 2 2 1 71 976 3916 410
5819 2 2 1 71 2581 3886 2580
5820 2 2 1 71 1072 4115 1071
5821 2 2 1 71 2822 4096 3979
5822 2 2 1 71 1812 3939 3214
5823 2 2 1 71 3314 3871 1006
5824 2 2 1 71 3465 4136 1165
5825 2 2 1 71 3009 4035 1096
5826 2 2 1 71 4040 4235 3025
5827 2 2 1 71 1174 4139 1889
5828 2 2 1 71 3231 4367 3232
5829 2 2 1 71 3878 4244 2050
5830 2 2 1 71 2595 4287 2735
5831 2 2 1 71 1711 3387 3386
5832 2 2 1 71 2893 4343 3309
5833 2 2 1 71 3422 4217 3421
5834 2 2 1 71 3023 4139 4073
5835 2 2 1 71 3127 3941 1712
5836 2 2 1 71 2973 3667 1620
5837 2 2 1 71 4156 4322 2903
5838 2 2 1 71 2285 4239 3850
5839 2 2 1 71 2904 3931 2530
5840 2 2 1 71 3399 3924 3670
5841 2 2 1 71 4097 4355 2843
5842 2 2 1 71 1827 2471 777
5843 2 2 1 71 3263 4343 1627
5844 2 2 1 71 3348 4362 2019
5845 2 2 1 71 1163 4164 3704
5846 2 2 1 71 2342 4199 2826
5847 2 2 1 71 3997 4277 3199
5848 2 2 1 71 1669 3913 3157
5849 2 2 1 71 3724 3943 2286
5850 2 2 1 71 3947 4253 2949
5851 2 2 1 71 3455 3919 3456
5852 2 2 1 71 2958 4435 3326
5853 2 2 1 71 1712 2780 508
5854 2 2 1 71 4315 4446 2091
5855 2 2 1 71 3246 3852 1152
5856 2 2 1 71 955 4054 1789
5857 2 2 1 71 2837 3365 2838
5858 2 2 1 71 2145 4257 3315
5859 2 2 1 71 2100 2544 1157
5860 2 2 1 71 1710 3965 3118
5861 2 2 1 71 2726 3922 2727
5862 2 2 1 71 3490 3927 2107
5863 2 2 1 71 2911 3928 2932
5864 2 2 1 71 3533 3966 3716
5865 2 2 1 71 1640 4275 3251
5866 2 2 1 71 3066 3819 3143
5867 2 2 1 71 2936 3433 3058
5868 2 2 1 71 2682 3998 2528
5869 2 2 1 71 3014 4310 1928
5870 2 2 1 71 3564 3929 2415
5871 2 2 1 71 2707 4312 2710
5872 2 2 1 71 3252 4108 2719
5873 2 2 1 71 2683 3930 2682
5874 2 2 1 71 3117 4316 3116
5875 2 2 1 71 3135 3205 3136
5876 2 2 1 71 3065 4456 3184
5877 2 2 1 71 3706 4281 4146
5878 2 2 1 71 3050 3934 3048
5879 2 2 1 71 1043 3932 2377
5880 2 2 1 71 3357 4254 3358
5881 2 2 1 71 3362 3815 3188
5882 2 2 1 71 1825 4075 3759
5883 2 2 1 71 3912 4424 965
5884 2 2 1 71 2317 4382 2321
5885 2 2 1 71 3815 3862 3188
5886 2 2 1 71 3891 3990 2532
5887 2 2 1 71 2517 3949 3618
5888 2 2 1 71 1756 4230 1089
5889 2 2 1 71 1088 4230 1890
5890 2 2 1 71 3116 4316 4192
5891 2 2 1 71 3646 4242 1813
5892 2 2 1 71 3929 4053 2415
5893 2 2 1 71 3068 4387 2898
5894 2 2 1 71 3166 4282 2510
5895 2 2 1 71 3328 4463 2804
5896 2 2 1 71 2006 3175 285
5897 2 2 1 71 3052 4305 2761
5898 2 2 1 71 468 3179 469
5899 2 2 1 71 3895 4075 2699
5900 2 2 1 71 3235 4337 4328
5901 2 2 1 71 2449 4293 3884
5902 2 2 1 71 2836 3939 2834
5903 2 2 1 71 3342 3938 2889
5904 2 2 1 71 3383 4446 1763
5905 2 2 1 71 3747 3834 2988
5906 2 2 1 71 4343 4385 3309
5907 2 2 1 71 3935 4191 3232
5908 2 2 1 71 3338 4389 2782
5909 2 2 1 71 2704 4339 3954
5910 2 2 1 71 3421 3969 3364
5911 2 2 1 71 3718 4157 2442
5912 2 2 1 71 1727 4438 492
5913 2 2 1 71 4345 4419 1815
5914 2 2 1 71 1701 3990 2867
5915 2 2 1 71 2781 3941 2784
5916 2 2 1 71 2255 4203 3732
5917 2 2 1 71 3771 4232 3119
5918 2 2 1 71 2144 3436 3435
5919 2 2 1 71 2374 4143 2877
5920 2 2 1 71 3920 4457 3283
5921 2 2 1 71 3110 4383 3845
5922 2 2 1 71 1119 4282 1817
5923 2 2 1 71 2562 3976 3678
5924 2 2 1 71 2952 4003 3762
5925 2 2 1 71 2186 4272 4226
5926 2 2 1 71 865 4123 847
5927 2 2 1 71 2838 4307 3898
5928 2 2 1 71 3904 3995 3567
5929 2 2 1 71 3043 3945 3360
5930 2 2 1 71 3882 4114 2754
5931 2 2 1 71 3111 4272 1785
5932 2 2 1 71 3084 4300 3413
5933 2 2 1 71 3193 4190 3877
5934 2 2 1 71 2135 3947 2147
5935 2 2 1 71 3136 4158 3135
5936 2 2 1 71 1170 4342 1920
5937 2 2 1 71 1784 4342 1171
5938 2 2 1 71 4169 4455 3488
5939 2 2 1 71 2768 4022 1692
5940 2 2 1 71 3436 4448 4237
5941 2 2 1 71 1680 4414 1115
5942 2 2 1 71 2189 4377 1161
5943 2 2 1 71 1160 4377 1883
5944 2 2 1 71 3857 4245 1718
5945 2 2 1 71 3237 4045 2777
5946 2 2 1 71 1146 4354 1145
5947 2 2 1 71 2976 3950 2557
5948 2 2 1 71 2126 3951 2127
5949 2 2 1 71 2866 4248 3237
5950 2 2 1 71 3391 3949 3394
5951 2 2 1 71 3614 4064 2511
5952 2 2 1 71 2294 2697 833
5953 2 2 1 71 1820 3087 79
5954 2 2 1 71 1086 3777 2865
5955 2 2 1 71 2993 4444 3896
5956 2 2 1 71 445 2243 1700
5957 2 2 1 71 2492 4100 3042
5958 2 2 1 71 4361 4366 4181
5959 2 2 1 71 3685 4202 4168
5960 2 2 1 71 3052 4331 3890
5961 2 2 1 71 3682 4414 1680
5962 2 2 1 71 3388 3819 1632
5963 2 2 1 71 2008 3004 2992
5964 2 2 1 71 2154 3886 3800
5965 2 2 1 71 2704 3954 2148
5966 2 2 1 71 3302 3984 3301
5967 2 2 1 71 3273 4025 3274
5968 2 2 1 71 2511 4426 2268
5969 2 2 1 71 3929 4174 2902
5970 2 2 1 71 2092 3856 3753
5971 2 2 1 71 3853 4029 2354
5972 2 2 1 71 1675 3103 402
5973 2 2 1 71 929 2733 724
5974 2 2 1 71 3795 4073 1901
5975 2 2 1 71 3815 4408 3194
5976 2 2 1 71 1854 2593 842
5977 2 2 1 71 1084 3956 1083
5978 2 2 1 71 3291 4028 3060
5979 2 2 1 71 2173 3944 2985
5980 2 2 1 71 2965 4076 3458
5981 2 2 1 71 2450 3958 2132
5982 2 2 1 71 3937 3985 3302
5983 2 2 1 71 3274 4353 3275
5984 2 2 1 71 3289 4252 3783
5985 2 2 1 71 318 3107 319
5986 2 2 1 71 3396 4434 1812
5987 2 2 1 71 3971 4311 3010
5988 2 2 1 71 3789 4336 4159
5989 2 2 1 71 2907 3755 1729
5990 2 2 1 71 2812 3959 2765
5991 2 2 1 71 2354 4029 3320
5992 2 2 1 71 3624 4329 2029
5993 2 2 1 71 3136 3205 1815
5994 2 2 1 71 2528 3998 3797
5995 2 2 1 71 3522 4187 3842
5996 2 2 1 71 3163 3735 1661
5997 2 2 1 71 3721 4044 2504
5998 2 2 1 71 1672 3473 3177
5999 2 2 1 71 2572 3962 2571
6000 2 2 1 71 4181 4366 3447
6001 2 2 1 71 2253 3964 2251
6002 2 2 1 71 3842 4187 3343
6003 2 2 1 71 2146 3866 1848
6004 2 2 1 71 3460 4428 3111
6005 2 2 1 71 2713 4197 3485
6006 2 2 1 71 521 3410 522
6007 2 2 1 71 3129 3760 2908
6008 2 2 1 71 4307 4400 3993
6009 2 2 1 71 2934 3850 2953
6010 2 2 1 71 2980 3900 3084
6011 2 2 1 71 2758 4052 3933
6012 2 2 1 71 1991 3968 1989
6013 2 2 1 71 3279 4446 4315
6014 2 2 1 71 1772 3766 1139
6015 2 2 1 71 3045 3783 1141
6016 2 2 1 71 1140 3783 1772
6017 2 2 1 71 3361 3969 3551
6018 2 2 1 71 3627 4041 3914
6019 2 2 1 71 2377 4301 3183
6020 2 2 1 71 1005 3948 2145
6021 2 2 1 71 2115 4170 2301
6022 2 2 1 71 2425 3970 2427
6023 2 2 1 71 2846 3952 2763
6024 2 2 1 71 3592 4184 1689
6025 2 2 1 71 2579 4079 3835
6026 2 2 1 71 3685 4168 1894
6027 2 2 1 71 3813 4308 2983
6028 2 2 1 71 1834 2294 832
6029 2 2 1 71 2376 3991 1735
6030 2 2 1 71 3702 4451 1926
6031 2 2 1 71 4328 4337 2290
6032 2 2 1 71 3209 4178 3843
6033 2 2 1 71 2797 3972 2796
6034 2 2 1 71 800 4266 2159
6035 2 2 1 71 3561 4138 2502
6036 2 2 1 71 258 3150 1646
6037 2 2 1 71 3132 4014 3133
6038 2 2 1 71 1891 4059 3707
6039 2 2 1 71 1053 4040 2242
6040 2 2 1 71 2700 4319 2671
6041 2 2 1 71 1951 3973 2084
6042 2 2 1 71 1625 3921 3206
6043 2 2 1 71 3100 3979 3493
6044 2 2 1 71 2116 3935 3712
6045 2 2 1 71 3811 3955 2705
6046 2 2 1 71 2342 4365 4199
6047 2 2 1 71 3791 3994 2721
6048 2 2 1 71 3253 3722 1650
6049 2 2 1 71 1643 3722 2102
6050 2 2 1 71 2901 4156 2903
6051 2 2 1 71 4227 4382 2317
6052 2 2 1 71 1821 3722 3253
6053 2 2 1 71 2102 3722 1821
6054 2 2 1 71 2526 3980 3076
6055 2 2 1 71 356 3367 355
6056 2 2 1 71 2684 3981 2685
6057 2 2 1 71 2535 3982 2534
6058 2 2 1 71 3027 4356 2140
6059 2 2 1 71 1920 4185 3706
6060 2 2 1 71 3129 3932 3760
6061 2 2 1 71 2896 3983 3647
6062 2 2 1 71 3113 4244 3878
6063 2 2 1 71 3835 3921 2547
6064 2 2 1 71 2269 4363 3823
6065 2 2 1 71 2247 4159 4041
6066 2 2 1 71 3095 4004 3096
6067 2 2 1 71 3661 4228 1914
6068 2 2 1 71 2321 4288 4153
6069 2 2 1 71 3365 4400 4307
6070 2 2 1 71 687 3147 1681
6071 2 2 1 71 3126 4457 3920
6072 2 2 1 71 4011 4449 3552
6073 2 2 1 71 3742 3953 2967
6074 2 2 1 71 1712 2781 2780
6075 2 2 1 71 3223 3961 1881
6076 2 2 1 71 946 3989 947
6077 2 2 1 71 2532 3990 2905
6078 2 2 1 71 1689 4149 3592
6079 2 2 1 71 1080 3988 1079
6080 2 2 1 71 3570 4100 2492
6081 2 2 1 71 2464 4087 3441
6082 2 2 1 71 1803 4354 3423
6083 2 2 1 71 3045 4437 3783
6084 2 2 1 71 3387 4156 2901
6085 2 2 1 71 3128 4247 3941
6086 2 2 1 71 668 4205 3825
6087 2 2 1 71 1842 2972 199
6088 2 2 1 71 3174 4099 2981
6089 2 2 1 71 2995 4458 1060
6090 2 2 1 71 2971 3993 2190
6091 2 2 1 71 1834 4209 2338
6092 2 2 1 71 3968 4203 2255
6093 2 2 1 71 252 3386 253
6094 2 2 1 71 4130 4155 2702
6095 2 2 1 71 3598 4045 2574
6096 2 2 1 71 2153 3806 3223
6097 2 2 1 71 1919 4246 921
6098 2 2 1 71 2504 4412 3721
6099 2 2 1 71 3819 3911 3143
6100 2 2 1 71 3270 4247 3383
6101 2 2 1 71 1681 4021 2612
6102 2 2 1 71 3518 4299 3393
6103 2 2 1 71 4004 4105 1760
6104 2 2 1 71 2351 2566 309
6105 2 2 1 71 1130 4407 1129
6106 2 2 1 71 3871 4008 774
6107 2 2 1 71 3567 3995 2633
6108 2 2 1 71 3582 3996 2813
6109 2 2 1 71 381 140 382
6110 2 2 1 71 3491 3997 2643
6111 2 2 1 71 1735 3991 3349
6112 2 2 1 71 3759 4075 3895
6113 2 2 1 71 1027 4068 3054
6114 2 2 1 71 3285 4453 3117
6115 2 2 1 71 3587 3999 2555
6116 2 2 1 71 3750 4136 3465
6117 2 2 1 71 3824 4258 3407
6118 2 2 1 71 2166 4280 3649
6119 2 2 1 71 3036 4256 3861
6120 2 2 1 71 3001 3101 2090
6121 2 2 1 71 3266 4002 3267
6122 2 2 1 71 3124 4148 3324
6123 2 2 1 71 3352 4367 3319
6124 2 2 1 71 3353 4104 1716
6125 2 2 1 71 1617 3280 2094
6126 2 2 1 71 3526 3933 3794
6127 2 2 1 71 656 3206 657
6128 2 2 1 71 2731 4117 3778
6129 2 2 1 71 577 3687 576
6130 2 2 1 71 3161 4005 2884
6131 2 2 1 71 2131 4019 1122
6132 2 2 1 71 2759 4331 3052
6133 2 2 1 71 3004 3975 2992
6134 2 2 1 71 940 4223 122
6135 2 2 1 71 3448 4044 2775
6136 2 2 1 71 3592 4149 3266
6137 2 2 1 71 1873 4054 270
6138 2 2 1 71 4030 4056 1016
6139 2 2 1 71 3236 4048 1715
6140 2 2 1 71 723 2733 2139
6141 2 2 1 71 1894 3967 1030
6142 2 2 1 71 1747 3865 3129
6143 2 2 1 71 2242 2998 1052
6144 2 2 1 71 1899 4356 3027
6145 2 2 1 71 3362 3964 3815
6146 2 2 1 71 2539 4153 3913
6147 2 2 1 71 3098 3937 3796
6148 2 2 1 71 3796 3937 3302
6149 2 2 1 71 3006 4010 2670
6150 2 2 1 71 3085 3216 630
6151 2 2 1 71 1779 3199 3198
6152 2 2 1 71 2703 4349 3646
6153 2 2 1 71 3922 3923 2727
6154 2 2 1 71 1655 4258 3210
6155 2 2 1 71 2373 4143 2374
6156 2 2 1 71 3168 4322 4156
6157 2 2 1 71 249 3167 250
6158 2 2 1 71 2864 4336 2863
6159 2 2 1 71 815 2522 814
6160 2 2 1 71 1935 3101 3001
6161 2 2 1 71 935 4001 936
6162 2 2 1 71 2714 3924 3399
6163 2 2 1 71 3952 4094 2371
6164 2 2 1 71 2696 4011 3552
6165 2 2 1 71 3117 4453 4316
6166 2 2 1 71 2448 2941 1934
6167 2 2 1 71 3996 4031 2813
6168 2 2 1 71 2086 3963 3693
6169 2 2 1 71 2846 4094 3952
6170 2 2 1 71 3384 4330 1818
6171 2 2 1 71 707 4196 1127
6172 2 2 1 71 1844 4442 1058
6173 2 2 1 71 3989 4047 947
6174 2 2 1 71 2613 3470 1746
6175 2 2 1 71 3707 4059 3708
6176 2 2 1 71 2681 4072 2538
6177 2 2 1 71 1674 4350 3436
6178 2 2 1 71 1046 4009 1045
6179 2 2 1 71 2905 4340 3903
6180 2 2 1 71 3209 3210 3114
6181 2 2 1 71 3956 4085 1083
6182 2 2 1 71 886 3140 887
6183 2 2 1 71 2156 4016 2241
6184 2 2 1 71 4053 4322 3331
6185 2 2 1 71 1718 4245 3687
6186 2 2 1 71 2517 4175 3949
6187 2 2 1 71 3290 4252 3289
6188 2 2 1 71 325 4089 1936
6189 2 2 1 71 634 3222 635
6190 2 2 1 71 4036 4127 3482
6191 2 2 1 71 2306 4065 2308
6192 2 2 1 71 1114 4414 3802
6193 2 2 1 71 3456 4018 2551
6194 2 2 1 71 2571 4021 2569
6195 2 2 1 71 2312 4195 2563
6196 2 2 1 71 1717 4386 3080
6197 2 2 1 71 4018 4332 2831
6198 2 2 1 71 3884 4293 3099
6199 2 2 1 71 3104 3909 3276
6200 2 2 1 71 1693 3440 3022
6201 2 2 1 71 3423 4274 3424
6202 2 2 1 71 3004 4390 3521
6203 2 2 1 71 4049 4432 3857
6204 2 2 1 71 3239 4273 3228
6205 2 2 1 71 2643 4026 2618
6206 2 2 1 71 2614 2960 2640
6207 2 2 1 71 2616 2962 1658
6208 2 2 1 71 2500 4043 3570
6209 2 2 1 71 1060 4458 1059
6210 2 2 1 71 3564 4174 3929
6211 2 2 1 71 2813 4031 2814
6212 2 2 1 71 2401 4164 4136
6213 2 2 1 71 1905 3430 3195
6214 2 2 1 71 3478 4043 2500
6215 2 2 1 71 2454 4348 3883
6216 2 2 1 71 3935 4367 3352
6217 2 2 1 71 3048 4074 2611
6218 2 2 1 71 2301 4170 1635
6219 2 2 1 71 3778 4117 1008
6220 2 2 1 71 3671 4413 3339
6221 2 2 1 71 2812 4363 4147
6222 2 2 1 71 1084 4304 3956
6223 2 2 1 71 2234 4034 2233
6224 2 2 1 71 2981 3900 2980
6225 2 2 1 71 77 3727 2592
6226 2 2 1 71 4301 4381 3183
6227 2 2 1 71 2721 3994 2722
6228 2 2 1 71 3949 4175 3394
6229 2 2 1 71 2672 4036 2700
6230 2 2 1 71 3625 4037 2180
6231 2 2 1 71 3838 4384 3161
6232 2 2 1 71 1805 4384 3838
6233 2 2 1 71 3942 4334 3943
6234 2 2 1 71 2801 4038 3057
6235 2 2 1 71 3601 4360 2698
6236 2 2 1 71 3979 4096 3493
6237 2 2 1 71 2819 4172 3262
6238 2 2 1 71 3728 4111 1800
6239 2 2 1 71 953 3409 2098
6240 2 2 1 71 3963 4013 3693
6241 2 2 1 71 447 3340 1703
6242 2 2 1 71 1703 3959 3154
6243 2 2 1 71 1852 3272 333
6244 2 2 1 71 2955 4150 3047
6245 2 2 1 71 198 3341 1842
6246 2 2 1 71 2551 4018 3739
6247 2 2 1 71 3934 4074 3048
6248 2 2 1 71 3626 4041 3627
6249 2 2 1 71 4021 4063 2569
6250 2 2 1 71 1741 4132 3447
6251 2 2 1 71 2559 4048 3822
6252 2 2 1 71 2451 3158 2453
6253 2 2 1 71 3646 4349 2384
6254 2 2 1 71 2605 4046 3477
6255 2 2 1 71 3962 4270 4207
6256 2 2 1 71 3425 4274 3423
6257 2 2 1 71 3647 4087 2464
6258 2 2 1 71 212 3195 213
6259 2 2 1 71 974 3432 1779
6260 2 2 1 71 1804 4169 3916
6261 2 2 1 71 1813 3404 963
6262 2 2 1 71 3395 3816 1878
6263 2 2 1 71 947 4047 948
6264 2 2 1 71 3316 3461 1776
6265 2 2 1 71 1819 3296 3055
6266 2 2 1 71 1666 3419 2805
6267 2 2 1 71 2595 4314 1723
6268 2 2 1 71 3325 3976 3782
6269 2 2 1 71 1016 4056 793
6270 2 2 1 71 3188 3862 2143
6271 2 2 1 71 3178 4438 2702
6272 2 2 1 71 1122 4019 1121
6273 2 2 1 71 3890 4331 2171
6274 2 2 1 71 3833 3952 2371
6275 2 2 1 71 4143 4335 2877
6276 2 2 1 71 2533 3956 3146
6277 2 2 1 71 3090 4050 3093
6278 2 2 1 71 2352 4055 2935
6279 2 2 1 71 3355 4194 1902
6280 2 2 1 71 2666 4058 3813
6281 2 2 1 71 1881 3396 69
6282 2 2 1 71 2829 4415 4152
6283 2 2 1 71 2877 3986 3780
6284 2 2 1 71 3324 4148 3325
6285 2 2 1 71 1096 4035 1095
6286 2 2 1 71 2286 4439 3814
6287 2 2 1 71 2407 4057 2409
6288 2 2 1 71 2587 4325 2588
6289 2 2 1 71 2085 3139 3138
6290 2 2 1 71 151 4161 152
6291 2 2 1 71 3275 4353 3814
6292 2 2 1 71 2039 4060 2022
6293 2 2 1 71 221 3406 222
6294 2 2 1 71 2916 4267 3385
6295 2 2 1 71 2720 2997 31
6296 2 2 1 71 3950 4231 2557
6297 2 2 1 71 1675 4126 3103
6298 2 2 1 71 749 3231 1847
6299 2 2 1 71 2459 4062 2240
6300 2 2 1 71 2444 4296 3743
6301 2 2 1 71 1764 3067 320
6302 2 2 1 71 3275 4334 3329
6303 2 2 1 71 1874 3104 329
6304 2 2 1 71 4239 4389 2953
6305 2 2 1 71 3698 4117 2731
6306 2 2 1 71 2091 4446 3128
6307 2 2 1 71 2569 4063 2567
6308 2 2 1 71 1781 4154 1078
6309 2 2 1 71 3232 4191 3233
6310 2 2 1 71 3261 4065 3378
6311 2 2 1 71 2373 2374 1728
6312 2 2 1 71 2762 2763 1724
6313 2 2 1 71 2576 4069 2578
6314 2 2 1 71 2010 4071 3519
6315 2 2 1 71 480 3430 481
6316 2 2 1 71 3423 4354 2816
6317 2 2 1 71 1759 4366 4086
6318 2 2 1 71 2463 4386 3604
6319 2 2 1 71 2828 3291 3060
6320 2 2 1 71 3924 4222 3005
6321 2 2 1 71 2347 3940 103
6322 2 2 1 71 3693 4013 1901
6323 2 2 1 71 3449 4279 2991
6324 2 2 1 71 3315 4257 3930
6325 2 2 1 71 2699 4075 2597
6326 2 2 1 71 2601 3032 1704
6327 2 2 1 71 4245 4280 3346
6328 2 2 1 71 2590 4132 3431
6329 2 2 1 71 2249 4077 2248
6330 2 2 1 71 2778 4237 3268
6331 2 2 1 71 950 4032 939
6332 2 2 1 71 657 3206 1825
6333 2 2 1 71 3475 4029 3853
6334 2 2 1 71 2820 4080 2819
6335 2 2 1 71 1892 3402 170
6336 2 2 1 71 1679 3389 941
6337 2 2 1 71 3688 4339 1852
6338 2 2 1 71 3089 4337 3091
6339 2 2 1 71 2260 4015 3701
6340 2 2 1 71 2716 4271 3460
6341 2 2 1 71 3481 4365 2342
6342 2 2 1 71 2029 4329 3855
6343 2 2 1 71 3317 4090 3120
6344 2 2 1 71 1659 3438 2613
6345 2 2 1 71 3136 4233 3953
6346 2 2 1 71 3885 4094 2846
6347 2 2 1 71 3663 4430 2471
6348 2 2 1 71 1642 3323 3105
6349 2 2 1 71 413 3287 2283
6350 2 2 1 71 3005 4222 3382
6351 2 2 1 71 3093 4082 3088
6352 2 2 1 71 3133 4014 3820
6353 2 2 1 71 2567 4412 2504
6354 2 2 1 71 3128 4446 3383
6355 2 2 1 71 3224 4366 1759
6356 2 2 1 71 3983 4087 3647
6357 2 2 1 71 3738 4267 2916
6358 2 2 1 71 2688 4086 2690
6359 2 2 1 71 3441 4087 3442
6360 2 2 1 71 1083 4085 1082
6361 2 2 1 71 270 4054 955
6362 2 2 1 71 3961 4279 2862
6363 2 2 1 71 3473 4378 4057
6364 2 2 1 71 3962 4207 2571
6365 2 2 1 71 340 4462 1813
6366 2 2 1 71 1054 4040 1053
6367 2 2 1 71 3835 4079 3206
6368 2 2 1 71 3816 4240 3069
6369 2 2 1 71 2172 4437 3957
6370 2 2 1 71 2139 3661 1192
6371 2 2 1 71 3286 4208 3676
6372 2 2 1 71 1176 4073 1175
6373 2 2 1 71 2371 4094 3533
6374 2 2 1 71 607 2992 1621
6375 2 2 1 71 3248 4110 2659
6376 2 2 1 71 2447 4095 2831
6377 2 2 1 71 3109 4027 2581
6378 2 2 1 71 2476 4097 2474
6379 2 2 1 71 3054 4068 4019
6380 2 2 1 71 3918 4059 1891
6381 2 2 1 71 2991 4144 2544
6382 2 2 1 71 3612 4101 2876
6383 2 2 1 71 454 4452 3056
6384 2 2 1 71 2141 3747 305
6385 2 2 1 71 3472 4108 2055
6386 2 2 1 71 3358 4254 3893
6387 2 2 1 71 2802 4455 3659
6388 2 2 1 71 2116 4191 3935
6389 2 2 1 71 650 1657 651
6390 2 2 1 71 3100 4293 3979
6391 2 2 1 71 1745 4430 3663
6392 2 2 1 71 1832 4392 3806
6393 2 2 1 71 1845 4297 3769
6394 2 2 1 71 2089 3825 3305
6395 2 2 1 71 815 2959 513
6396 2 2 1 71 3373 4253 3947
6397 2 2 1 71 3436 4237 1767
6398 2 2 1 71 2936 4127 2672
6399 2 2 1 71 2714 3399 1645
6400 2 2 1 71 2687 4129 2686
6401 2 2 1 71 3742 4338 1932
6402 2 2 1 71 2610 4074 3726
6403 2 2 1 71 3302 3985 3984
6404 2 2 1 71 1927 2346 562
6405 2 2 1 71 269 3211 1873
6406 2 2 1 71 3813 4058 3150
6407 2 2 1 71 1806 4120 2933
6408 2 2 1 71 3521 4390 3292
6409 2 2 1 71 2505 4107 2295
6410 2 2 1 71 2490 4112 3527
6411 2 2 1 71 1628 4024 2525
6412 2 2 1 71 3238 4229 3239
6413 2 2 1 71 2461 4235 3846
6414 2 2 1 71 3113 4440 4180
6415 2 2 1 71 3488 4455 2802
6416 2 2 1 71 1693 4421 3440
6417 2 2 1 71 4030 4401 2990
6418 2 2 1 71 3695 4052 1888
6419 2 2 1 71 3136 4419 4233
6420 2 2 1 71 3336 4396 3248
6421 2 2 1 71 423 3801 424
6422 2 2 1 71 2085 3138 42
6423 2 2 1 71 844 3967 1673
6424 2 2 1 71 3893 4116 4020
6425 2 2 1 71 1692 3883 2887
6426 2 2 1 71 3097 3893 3098
6427 2 2 1 71 2891 4084 1793
6428 2 2 1 71 3768 4309 4174
6429 2 2 1 71 3828 4305 2945
6430 2 2 1 71 1068 4102 2285
6431 2 2 1 71 878 2507 879
6432 2 2 1 71 1833 3944 3148
6433 2 2 1 71 3210 4258 3114
6434 2 2 1 71 2827 3366 1670
6435 2 2 1 71 272 3163 1661
6436 2 2 1 71 1927 3993 2346
6437 2 2 1 71 3013 4151 3594
6438 2 2 1 71 2453 3966 3885
6439 2 2 1 71 2592 4001 935
6440 2 2 1 71 3279 4315 2436
6441 2 2 1 71 3942 3943 2531
6442 2 2 1 71 3816 4249 2347
6443 2 2 1 71 3756 4119 2164
6444 2 2 1 71 2723 4118 2724
6445 2 2 1 71 3521 4370 3004
6446 2 2 1 71 3385 4267 3715
6447 2 2 1 71 3397 4407 2564
6448 2 2 1 71 1887 4267 3738
6449 2 2 1 71 534 2549 521
6450 2 2 1 71 2842 3166 2510
6451 2 2 1 71 3869 4272 2009
6452 2 2 1 71 3412 3957 3045
6453 2 2 1 71 2843 3965 2694
6454 2 2 1 71 2762 4106 2846
6455 2 2 1 71 1874 3909 3104
6456 2 2 1 71 1749 4268 3721
6457 2 2 1 71 3323 4203 3403
6458 2 2 1 71 3000 4124 3562
6459 2 2 1 71 3359 4126 3361
6460 2 2 1 71 1926 4451 4091
6461 2 2 1 71 1657 1848 653
6462 2 2 1 71 1792 3950 3081
6463 2 2 1 71 3413 4401 1762
6464 2 2 1 71 702 3755 703
6465 2 2 1 71 3775 3824 1801
6466 2 2 1 71 2243 3105 2553
6467 2 2 1 71 2349 2350 1742
6468 2 2 1 71 1008 4117 1009
6469 2 2 1 71 4279 4392 2991
6470 2 2 1 71 482 3459 483
6471 2 2 1 71 3255 4130 3256
6472 2 2 1 71 124 3461 125
6473 2 2 1 71 2563 4195 3823
6474 2 2 1 71 2338 4209 3197
6475 2 2 1 71 2764 3063 1893
6476 2 2 1 71 2260 4146 4015
6477 2 2 1 71 2512 4012 2978
6478 2 2 1 71 2705 3955 3954
6479 2 2 1 71 2378 3363 2159
6480 2 2 1 71 2786 4140 2788
6481 2 2 1 71 2822 4264 1649
6482 2 2 1 71 2818 3980 1637
6483 2 2 1 71 3242 4159 2864
6484 2 2 1 71 3080 4386 3174
6485 2 2 1 71 3101 3200 2090
6486 2 2 1 71 1934 2458 1797
6487 2 2 1 71 2699 4134 3895
6488 2 2 1 71 2871 2872 1908
6489 2 2 1 71 3586 4153 2539
6490 2 2 1 71 4237 4448 3252
6491 2 2 1 71 2978 4417 2977
6492 2 2 1 71 3338 3457 1851
6493 2 2 1 71 1852 4339 3272
6494 2 2 1 71 2451 2452 1836
6495 2 2 1 71 2129 4432 4049
6496 2 2 1 71 1621 3975 3448
6497 2 2 1 71 4334 4439 3943
6498 2 2 1 71 1827 2472 2471
6499 2 2 1 71 4144 4392 1832
6500 2 2 1 71 2809 3411 2810
6501 2 2 1 71 2089 3094 670
6502 2 2 1 71 2878 2879 2768
6503 2 2 1 71 213 3195 2560
6504 2 2 1 71 1165 4136 1164
6505 2 2 1 71 2293 4115 3443
6506 2 2 1 71 2899 4419 3450
6507 2 2 1 71 1727 1939 1938
6508 2 2 1 71 2029 4449 3615
6509 2 2 1 71 3439 4382 3181
6510 2 2 1 71 3674 4128 3298
6511 2 2 1 71 3692 4383 2826
6512 2 2 1 71 948 4047 3915
6513 2 2 1 71 3888 4028 3170
6514 2 2 1 71 1175 4139 1174
6515 2 2 1 71 2648 4166 2668
6516 2 2 1 71 3933 4052 3695
6517 2 2 1 71 3028 4219 2264
6518 2 2 1 71 3367 4427 3368
6519 2 2 1 71 1793 4084 2271
6520 2 2 1 71 4073 4139 1175
6521 2 2 1 71 3822 4048 3236
6522 2 2 1 71 4243 4442 1844
6523 2 2 1 71 3512 4169 3511
6524 2 2 1 71 3296 4064 3055
6525 2 2 1 71 2159 4266 2378
6526 2 2 1 71 2461 3846 540
6527 2 2 1 71 1777 4253 3373
6528 2 2 1 71 1839 3451 3203
6529 2 2 1 71 1854 3192 2593
6530 2 2 1 71 3975 4016 3448
6531 2 2 1 71 635 3222 3001
6532 2 2 1 71 2821 2822 1649
6533 2 2 1 71 2497 4225 2496
6534 2 2 1 71 2422 4174 3564
6535 2 2 1 71 1820 3088 3087
6536 2 2 1 71 2937 4119 3756
6537 2 2 1 71 3103 4126 2938
6538 2 2 1 71 2349 3213 2449
6539 2 2 1 71 2824 4145 3720
6540 2 2 1 71 189 3915 2596
6541 2 2 1 71 2996 3977 3330
6542 2 2 1 71 957 2994 1764
6543 2 2 1 71 4146 4281 3208
6544 2 2 1 71 3091 4337 3235
6545 2 2 1 71 2672 4127 4036
6546 2 2 1 71 3671 4157 1133
6547 2 2 1 71 1834 2295 2294
6548 2 2 1 71 3049 4179 3072
6549 2 2 1 71 1923 4128 3850
6550 2 2 1 71 2938 4119 2937
6551 2 2 1 71 3156 4131 3417
6552 2 2 1 71 1750 4182 1017
6553 2 2 1 71 2154 4163 3886
6554 2 2 1 71 4052 4192 1888
6555 2 2 1 71 1912 2807 2769
6556 2 2 1 71 1851 3457 408
6557 2 2 1 71 1744 3014 1928
6558 2 2 1 71 4351 4423 2432
6559 2 2 1 71 3042 4100 4012
6560 2 2 1 71 1886 4006 3439
6561 2 2 1 71 765 2892 1846
6562 2 2 1 71 934 1768 71
6563 2 2 1 71 2389 4187 3522
6564 2 2 1 71 2465 3202 1797
6565 2 2 1 71 3413 4300 2499
6566 2 2 1 71 1024 2959 815
6567 2 2 1 71 3190 4189 2975
6568 2 2 1 71 2121 4433 3730
6569 2 2 1 71 4062 4320 3187
6570 2 2 1 71 1164 4164 1163
6571 2 2 1 71 1855 3103 2938
6572 2 2 1 71 3447 4366 3224
6573 2 2 1 71 1813 4242 3404
6574 2 2 1 71 3343 4187 3342
6575 2 2 1 71 2126 4405 3951
6576 2 2 1 71 3681 4362 3348
6577 2 2 1 71 3818 4078 2995
6578 2 2 1 71 1130 3773 3463
6579 2 2 1 71 2944 2945 1835
6580 2 2 1 71 3922 4285 3015
6581 2 2 1 71 2254 2984 2968
6582 2 2 1 71 2826 4383 3110
6583 2 2 1 71 3883 4022 2456
6584 2 2 1 71 3124 4362 3681
6585 2 2 1 71 2756 4199 3495
6586 2 2 1 71 2275 3144 2816
6587 2 2 1 71 205 4223 4032
6588 2 2 1 71 2702 4438 1938
6589 2 2 1 71 3699 4344 1680
6590 2 2 1 71 2290 4167 78
6591 2 2 1 71 2257 4202 3588
6592 2 2 1 71 2377 3841 1042
6593 2 2 1 71 3455 3905 1768
6594 2 2 1 71 2512 2978 2977
6595 2 2 1 71 3021 4335 4143
6596 2 2 1 71 1152 3852 837
6597 2 2 1 71 59 3717 60
6598 2 2 1 71 1095 4035 3880
6599 2 2 1 71 3881 4330 3065
6600 2 2 1 71 2906 2907 1729
6601 2 2 1 71 1636 4200 4175
6602 2 2 1 71 4083 4117 3698
6603 2 2 1 71 2540 4190 840
6604 2 2 1 71 3194 4375 3862
6605 2 2 1 71 1853 4198 986
6606 2 2 1 71 4003 4300 3084
6607 2 2 1 71 3238 4413 4229
6608 2 2 1 71 893 3722 894
6609 2 2 1 71 4189 4232 2975
6610 2 2 1 71 1779 3198 383
6611 2 2 1 71 1789 4278 3163
6612 2 2 1 71 4166 4263 2668
6613 2 2 1 71 2067 4208 2066
6614 2 2 1 71 2446 2447 1685
6615 2 2 1 71 1659 4098 3438
6616 2 2 1 71 3829 4284 1193
6617 2 2 1 71 1668 4320 3107
6618 2 2 1 71 1033 3258 863
6619 2 2 1 71 969 3215 227
6620 2 2 1 71 3079 4215 2320
6621 2 2 1 71 2434 3109 2581
6622 2 2 1 71 2496 4355 3510
6623 2 2 1 71 3705 4146 2260
6624 2 2 1 71 1773 3926 2760
6625 2 2 1 71 2844 2939 39
6626 2 2 1 71 2591 4163 2154
6627 2 2 1 71 3056 4452 2316
6628 2 2 1 71 4136 4164 1164
6629 2 2 1 71 1877 2165 1931
6630 2 2 1 71 2717 4236 3151
6631 2 2 1 71 2882 4224 3643
6632 2 2 1 71 2357 2358 1683
6633 2 2 1 71 2611 4074 2610
6634 2 2 1 71 3041 4144 1832
6635 2 2 1 71 2008 3400 3004
6636 2 2 1 71 671 3094 1839
6637 2 2 1 71 3313 4226 2734
6638 2 2 1 71 3704 4152 2189
6639 2 2 1 71 1707 3998 3948
6640 2 2 1 71 2322 4227 2318
6641 2 2 1 71 2873 2874 1822
6642 2 2 1 71 2241 4370 3521
6643 2 2 1 71 1852 4318 3688
6644 2 2 1 71 1760 4105 3226
6645 2 2 1 71 3469 4228 2505
6646 2 2 1 71 3821 4253 1777
6647 2 2 1 71 3092 4441 4050
6648 2 2 1 71 205 4032 950
6649 2 2 1 71 2159 4435 3380
6650 2 2 1 71 2523 4223 205
6651 2 2 1 71 2189 4415 3467
6652 2 2 1 71 995 1718 577
6653 2 2 1 71 1623 4028 3291
6654 2 2 1 71 2769 2807 2437
6655 2 2 1 71 2557 4231 2542
6656 2 2 1 71 2975 4232 3013
6657 2 2 1 71 4040 4194 2242
6658 2 2 1 71 831 4209 1025
6659 2 2 1 71 3249 4072 2681
6660 2 2 1 71 3252 4448 4108
6661 2 2 1 71 1850 4115 1072
6662 2 2 1 71 4271 4359 3460
6663 2 2 1 71 1628 2525 2524
6664 2 2 1 71 3872 4096 3221
6665 2 2 1 71 3802 4303 1730
6666 2 2 1 71 3180 4283 3669
6667 2 2 1 71 3403 4203 3968
6668 2 2 1 71 2992 3975 1621
6669 2 2 1 71 2509 4242 3646
6670 2 2 1 71 3663 4270 2866
6671 2 2 1 71 3805 4381 2803
6672 2 2 1 71 2940 3990 1701
6673 2 2 1 71 3892 4134 2699
6674 2 2 1 71 1878 3816 3069
6675 2 2 1 71 2979 4278 3790
6676 2 2 1 71 885 4205 886
6677 2 2 1 71 1660 3414 3346
6678 2 2 1 71 1953 4391 1616
6679 2 2 1 71 3850 4128 3674
6680 2 2 1 71 4264 4293 2449
6681 2 2 1 71 2952 3762 1916
6682 2 2 1 71 2089 3095 3094
6683 2 2 1 71 2892 4343 2893
6684 2 2 1 71 3346 4280 3155
6685 2 2 1 71 3339 4413 3238
6686 2 2 1 71 2808 3878 2050
6687 2 2 1 71 3716 4211 2468
6688 2 2 1 71 1617 2094 646
6689 2 2 1 71 1626 4277 4263
6690 2 2 1 71 3748 4150 2955
6691 2 2 1 71 2869 4176 3944
6692 2 2 1 71 3025 4235 2291
6693 2 2 1 71 100 3723 101
6694 2 2 1 71 2276 3009 2583
6695 2 2 1 71 2954 4340 2940
6696 2 2 1 71 3026 4197 3254
6697 2 2 1 71 3038 4256 3036
6698 2 2 1 71 3017 4388 3265
6699 2 2 1 71 3114 4258 3115
6700 2 2 1 71 3289 4437 2172
6701 2 2 1 71 3125 4261 2860
6702 2 2 1 71 4199 4365 3495
6703 2 2 1 71 1725 4220 2948
6704 2 2 1 71 2935 4262 3513
6705 2 2 1 71 2940 4340 3990
6706 2 2 1 71 2668 4263 3536
6707 2 2 1 71 3262 4172 3936
6708 2 2 1 71 3988 4436 1781
6709 2 2 1 71 3121 4283 3180
6710 2 2 1 71 2386 4450 3787
6711 2 2 1 71 3903 4340 2954
6712 2 2 1 71 2405 4265 2443
6713 2 2 1 71 3927 4361 3454
6714 2 2 1 71 1089 4230 1088
6715 2 2 1 71 2729 4309 3768
6716 2 2 1 71 2985 4176 3763
6717 2 2 1 71 3210 3406 1655
6718 2 2 1 71 3919 4000 3214
6719 2 2 1 71 2499 4300 3322
6720 2 2 1 71 1055 4235 1054
6721 2 2 1 71 891 3751 892
6722 2 2 1 71 3916 4169 3512
6723 2 2 1 71 2608 3931 1796
6724 2 2 1 71 3327 4463 3328
6725 2 2 1 71 1009 4117 4083
6726 2 2 1 71 3672 4229 2122
6727 2 2 1 71 3943 4439 2286
6728 2 2 1 71 2986 4433 3283
6729 2 2 1 71 1025 4209 1834
6730 2 2 1 71 3440 4421 3006
6731 2 2 1 71 3063 4373 3720
6732 2 2 1 71 3720 4373 2520
6733 2 2 1 71 1804 4455 4169
6734 2 2 1 71 3700 4191 2116
6735 2 2 1 71 1888 4192 3694
6736 2 2 1 71 2706 4312 2707
6737 2 2 1 71 3411 4122 2810
6738 2 2 1 71 2182 4255 3754
6739 2 2 1 71 3610 4364 3611
6740 2 2 1 71 3493 4096 3872
6741 2 2 1 71 1120 4282 1119
6742 2 2 1 71 3358 4020 3973
6743 2 2 1 71 2141 4262 3834
6744 2 2 1 71 2903 4053 3929
6745 2 2 1 71 3932 4301 2377
6746 2 2 1 71 2902 4309 2730
6747 2 2 1 71 4118 4125 2724
6748 2 2 1 71 3797 4314 3169
6749 2 2 1 71 58 3260 1618
6750 2 2 1 71 3310 4059 3918
6751 2 2 1 71 1054 4235 4040
6752 2 2 1 71 2953 4389 3338
6753 2 2 1 71 3857 4432 3019
6754 2 2 1 71 3677 4251 1154
6755 2 2 1 71 3099 4293 3100
6756 2 2 1 71 2695 4443 4093
6757 2 2 1 71 3783 4252 1772
6758 2 2 1 71 2654 4295 2652
6759 2 2 1 71 2533 3146 1782
6760 2 2 1 71 2117 4144 3041
6761 2 2 1 71 2943 4244 4180
6762 2 2 1 71 286 3175 1760
6763 2 2 1 71 1680 4344 3840
6764 2 2 1 71 3630 4299 2036
6765 2 2 1 71 2694 3965 1710
6766 2 2 1 71 675 2585 1687
6767 2 2 1 71 1673 3967 3012
6768 2 2 1 71 1149 4259 2184
6769 2 2 1 71 2714 4222 3924
6770 2 2 1 71 3962 4248 2866
6771 2 2 1 71 2778 3268 2134
6772 2 2 1 71 4261 4368 2860
6773 2 2 1 71 1639 4116 3893
6774 2 2 1 71 2587 2588 301
6775 2 2 1 71 513 2522 815
6776 2 2 1 71 3541 4303 3542
6777 2 2 1 71 2974 3236 1715
6778 2 2 1 71 3776 4379 292
6779 2 2 1 71 3276 4072 1664
6780 2 2 1 71 2983 4308 3126
6781 2 2 1 71 2726 4285 3922
6782 2 2 1 71 2192 4310 2435
6783 2 2 1 71 4025 4118 2723
6784 2 2 1 71 3839 4425 2506
6785 2 2 1 71 3759 3895 1849
6786 2 2 1 71 2980 3084 3083
6787 2 2 1 71 2852 4323 2848
6788 2 2 1 71 3930 4257 2682
6789 2 2 1 71 3335 4387 3068
6790 2 2 1 71 2846 4106 3885
6791 2 2 1 71 4041 4159 3242
6792 2 2 1 71 3464 4420 1651
6793 2 2 1 71 2244 4306 2841
6794 2 2 1 71 3256 4393 3408
6795 2 2 1 71 2889 3938 1708
6796 2 2 1 71 3939 4434 2861
6797 2 2 1 71 3366 4271 1670
6798 2 2 1 71 3885 4106 3149
6799 2 2 1 71 3268 3879 2134
6800 2 2 1 71 3072 4321 3070
6801 2 2 1 71 3901 4111 2548
6802 2 2 1 71 2353 4326 2227
6803 2 2 1 71 1922 3015 798
6804 2 2 1 71 2585 4269 3808
6805 2 2 1 71 3669 4283 1882
6806 2 2 1 71 4001 4328 2290
6807 2 2 1 71 3840 4344 3596
6808 2 2 1 71 1794 4290 830
6809 2 2 1 71 1880 3225 436
6810 2 2 1 71 2603 4324 2602
6811 2 2 1 71 3474 4352 2343
6812 2 2 1 71 2831 4332 2832
6813 2 2 1 71 3831 4154 1781
6814 2 2 1 71 1051 4284 2562
6815 2 2 1 71 2384 4349 3757
6816 2 2 1 71 2954 4114 3882
6817 2 2 1 71 207 4216 2598
6818 2 2 1 71 2875 4286 4147
6819 2 2 1 71 4147 4286 2989
6820 2 2 1 71 4171 4226 3313
6821 2 2 1 71 2186 4226 4171
6822 2 2 1 71 3063 4160 1893
6823 2 2 1 71 825 2608 1796
6824 2 2 1 71 417 4084 3728
6825 2 2 1 71 3975 4370 4016
6826 2 2 1 71 2450 4137 3958
6827 2 2 1 71 2332 4347 3559
6828 2 2 1 71 2254 4178 2984
6829 2 2 1 71 2334 4348 2454
6830 2 2 1 71 2610 3303 585
6831 2 2 1 71 2932 4451 3738
6832 2 2 1 71 1731 2169 352
6833 2 2 1 71 2943 4150 1706
6834 2 2 1 71 2721 4399 3791
6835 2 2 1 71 1659 2613 314
6836 2 2 1 71 2055 4350 1953
6837 2 2 1 71 2880 4357 3415
6838 2 2 1 71 456 3879 3268
6839 2 2 1 71 2659 4110 3906
6840 2 2 1 71 2282 4359 2947
6841 2 2 1 71 2268 4426 2875
6842 2 2 1 71 3054 4183 3737
6843 2 2 1 71 1825 3759 658
6844 2 2 1 71 2944 4346 2945
6845 2 2 1 71 2875 4363 2269
6846 2 2 1 71 4229 4413 2122
6847 2 2 1 71 3495 4365 2993
6848 2 2 1 71 97 3784 98
6849 2 2 1 71 3467 4415 3466
6850 2 2 1 71 2283 3287 1917
6851 2 2 1 71 2860 4368 2657
6852 2 2 1 71 2408 4369 2406
6853 2 2 1 71 2245 4456 3384
6854 2 2 1 71 2543 4393 3480
6855 2 2 1 71 3757 4349 4160
6856 2 2 1 71 4192 4316 3694
6857 2 2 1 71 3480 4397 3428
6858 2 2 1 71 2462 4374 3245
6859 2 2 1 71 1703 3154 448
6860 2 2 1 71 3688 4318 2606
6861 2 2 1 71 1817 4256 3785
6862 2 2 1 71 1831 3450 135
6863 2 2 1 71 1772 4252 3767
6864 2 2 1 71 2507 4417 3478
6865 2 2 1 71 3499 4405 2126
6866 2 2 1 71 3542 4303 3802
6867 2 2 1 71 3552 4449 3855
6868 2 2 1 71 2898 4387 2899
6869 2 2 1 71 1923 3850 2934
6870 2 2 1 71 1650 3751 3253
6871 2 2 1 71 3223 4392 4279
6872 2 2 1 71 3989 4066 4047
6873 2 2 1 71 2700 4292 3977
6874 2 2 1 71 1819 3055 281
6875 2 2 1 71 3232 4367 3935
6876 2 2 1 71 2802 4402 2783
6877 2 2 1 71 2278 4416 3489
6878 2 2 1 71 4005 4384 2948
6879 2 2 1 71 2434 2580 1684
6880 2 2 1 71 939 4032 940
6881 2 2 1 71 2287 4409 2288
6882 2 2 1 71 3226 4132 1741
6883 2 2 1 71 4080 4172 2819
6884 2 2 1 71 3855 4449 2029
6885 2 2 1 71 3834 4262 2935
6886 2 2 1 71 2950 3689 1126
6887 2 2 1 71 2782 4389 3405
6888 2 2 1 71 2558 4427 2976
6889 2 2 1 71 2905 4431 2904
6890 2 2 1 71 3730 4433 2986
6891 2 2 1 71 3715 4267 1887
6892 2 2 1 71 1771 3351 470
6893 2 2 1 71 3650 4436 3046
6894 2 2 1 71 3720 4325 3063
6895 2 2 1 71 344 2762 1724
6896 2 2 1 71 3186 4443 2695
6897 2 2 1 71 2416 4447 2420
6898 2 2 1 71 1906 3352 3319
6899 2 2 1 71 1171 4342 1170
6900 2 2 1 71 984 4410 985
6901 2 2 1 71 2315 4461 2304
6902 2 2 1 71 3263 4385 4343
6903 2 2 1 71 1765 4142 3741
6904 2 2 1 71 1631 1761 1648
6905 2 2 1 71 3984 4388 1853
6906 2 2 1 71 1705 4398 3335
6907 2 2 1 71 3026 3075 3074
6908 2 2 1 71 3743 4296 3310
6909 2 2 1 71 1656 4422 3675
6910 2 2 1 71 204 3077 2523
6911 2 2 1 71 3400 4390 3004
6912 2 2 1 71 2943 4180 4179
6913 2 2 1 71 3895 4134 3828
6914 2 2 1 71 3145 4450 3425
6915 2 2 1 71 4059 4296 3708
6916 2 2 1 71 3194 4408 3192
6917 2 2 1 71 587 2766 1828
6918 2 2 1 71 4147 4363 2875
6919 2 2 1 71 2375 2969 1728
6920 2 2 1 71 3030 3031 1641
6921 2 2 1 71 3199 4076 3997
6922 2 2 1 71 2865 3786 1085
6923 2 2 1 71 1879 4311 3051
6924 2 2 1 71 3175 4004 1760
6925 2 2 1 71 1841 4383 3692
6926 2 2 1 71 1846 2273 2272
6927 2 2 1 71 3395 4249 3816
6928 2 2 1 71 3687 4245 3346
6929 2 2 1 71 3256 4397 4393
6930 2 2 1 71 3147 4063 1681
6931 2 2 1 71 3450 4419 4345
6932 2 2 1 71 1632 3819 3066
6933 2 2 1 71 578 2129 994
6934 2 2 1 71 994 4049 995
6935 2 2 1 71 2977 4417 2488
6936 2 2 1 71 1161 4377 1160
6937 2 2 1 71 469 3179 1771
6938 2 2 1 71 3790 4278 1789
6939 2 2 1 71 3717 4351 2432
6940 2 2 1 71 181 4210 2728
6941 2 2 1 71 3659 4455 1804
6942 2 2 1 71 1710 3118 3039
6943 2 2 1 71 3216 4406 4116
6944 2 2 1 71 669 3825 2089
6945 2 2 1 71 2291 4235 2461
6946 2 2 1 71 879 2507 1070
6947 2 2 1 71 3134 3205 3135
6948 2 2 1 71 2096 4425 3839
6949 2 2 1 71 3979 4264 2822
6950 2 2 1 71 1744 1928 1927
6951 2 2 1 71 2739 3847 1726
6952 2 2 1 71 2102 4193 1643
6953 2 2 1 71 956 4297 1845
6954 2 2 1 71 1115 4414 1114
6955 2 2 1 71 80 3087 3024
6956 2 2 1 71 4175 4200 3394
6957 2 2 1 71 2966 4338 3742
6958 2 2 1 71 2586 4269 2585
6959 2 2 1 71 3055 4064 1736
6960 2 2 1 71 2906 4362 3124
6961 2 2 1 71 2402 3354 1742
6962 2 2 1 71 485 2373 1728
6963 2 2 1 71 3120 4090 1831
6964 2 2 1 71 4153 4288 3157
6965 2 2 1 71 2562 4284 3829
6966 2 2 1 71 3132 4291 4014
6967 2 2 1 71 2171 4331 3746
6968 2 2 1 71 2730 4309 2729
6969 2 2 1 71 3003 4371 3734
6970 2 2 1 71 3153 3765 1733
6971 2 2 1 71 4108 4448 2055
6972 2 2 1 71 532 2575 533
6973 2 2 1 71 1875 2586 2585
6974 2 2 1 71 2165 4394 3796
6975 2 2 1 71 1770 4171 2277
6976 2 2 1 71 3875 4175 2517
6977 2 2 1 71 3072 4440 4321
6978 2 2 1 71 1098 3902 620
6979 2 2 1 71 933 4000 934
6980 2 2 1 71 2122 4413 3671
6981 2 2 1 71 4393 4397 3480
6982 2 2 1 71 3214 4000 933
6983 2 2 1 71 3843 4178 1732
6984 2 2 1 71 2957 3889 1823
6985 2 2 1 71 2737 4165 2738
6986 2 2 1 71 1828 2611 2610
6987 2 2 1 71 3694 4316 1840
6988 2 2 1 71 3787 4450 3145
6989 2 2 1 71 2470 4240 3816
6990 2 2 1 71 2949 4253 3821
6991 2 2 1 71 4168 4202 3102
6992 2 2 1 71 3417 4131 1758
6993 2 2 1 71 3129 4301 3932
6994 2 2 1 71 1759 4086 3053
6995 2 2 1 71 1677 3171 2842
6996 2 2 1 71 1902 4194 3025
6997 2 2 1 71 1678 2951 2827
6998 2 2 1 71 169 3159 1892
6999 2 2 1 71 3898 4307 2971
7000 2 2 1 71 759 3868 760
7001 2 2 1 71 2776 4224 1716
7002 2 2 1 71 4012 4100 2978
7003 2 2 1 71 2521 3304 1836
7004 2 2 1 71 3095 4105 4004
7005 2 2 1 71 3199 4277 3198
7006 2 2 1 71 3081 3355 1902
7007 2 2 1 71 1876 2154 1737
7008 2 2 1 71 1682 3329 261
7009 2 2 1 71 1630 2890 2889
7010 2 2 1 71 4024 4215 3079
7011 2 2 1 71 2380 2992 606
7012 2 2 1 71 3032 4318 1852
7013 2 2 1 71 839 3246 3059
7014 2 2 1 71 1837 2986 2085
7015 2 2 1 71 218 3824 219
7016 2 2 1 71 2883 4220 3854
7017 2 2 1 71 1904 3791 3395
7018 2 2 1 71 4077 4274 2248
7019 2 2 1 71 4016 4370 2241
7020 2 2 1 71 1807 2730 2729
7021 2 2 1 71 924 2807 1886
7022 2 2 1 71 2471 4430 777
7023 2 2 1 71 1798 2736 2735
7024 2 2 1 71 1889 4396 3863
7025 2 2 1 71 1713 3892 3244
7026 2 2 1 71 2359 3430 1683
7027 2 2 1 71 2437 4246 3281
7028 2 2 1 71 2829 3299 1685
7029 2 2 1 71 4042 4182 1750
7030 2 2 1 71 3271 4182 4042
7031 2 2 1 71 3183 4381 3805
7032 2 2 1 71 1743 2721 2720
7033 2 2 1 71 3986 4335 3312
7034 2 2 1 71 3808 4269 2473
7035 2 2 1 71 3785 4256 3038
7036 2 2 1 71 3153 4125 3765
7037 2 2 1 71 1749 3721 3147
7038 2 2 1 71 2807 4006 1886
7039 2 2 1 71 3064 4173 2258
7040 2 2 1 71 2346 4400 3763
7041 2 2 1 71 1653 3073 2808
7042 2 2 1 71 2170 4237 3252
7043 2 2 1 71 3734 4371 3858
7044 2 2 1 71 400 2714 1645
7045 2 2 1 71 388 2715 1622
7046 2 2 1 71 1722 2858 2857
7047 2 2 1 71 591 3832 2596
7048 2 2 1 71 128 2469 1679
7049 2 2 1 71 464 3354 1691
7050 2 2 1 71 1757 4323 3774
7051 2 2 1 71 377 3843 378
7052 2 2 1 71 2877 4335 3986
7053 2 2 1 71 3893 4254 3098
7054 2 2 1 71 1786 3243 2821
7055 2 2 1 71 3850 4239 2953
7056 2 2 1 71 2506 4007 3839
7057 2 2 1 71 4316 4453 1840
7058 2 2 1 71 2725 4314 3797
7059 2 2 1 71 3181 4382 4227
7060 2 2 1 71 4010 4281 2670
7061 2 2 1 71 3228 3926 1810
7062 2 2 1 71 3742 4158 3953
7063 2 2 1 71 3953 4158 3136
7064 2 2 1 71 178 2565 179
7065 2 2 1 71 3123 4454 3874
7066 2 2 1 71 3156 3417 1641
7067 2 2 1 71 4159 4336 2864
7068 2 2 1 71 1638 3173 2840
7069 2 2 1 71 1631 4061 1856
7070 2 2 1 71 1673 3011 3010
7071 2 2 1 71 1876 3876 2591
7072 2 2 1 71 3310 4296 4059
7073 2 2 1 71 1662 2954 2940
7074 2 2 1 71 2263 4009 2909
7075 2 2 1 71 3421 4217 4112
7076 2 2 1 71 1732 2284 379
7077 2 2 1 71 1057 4442 3771
7078 2 2 1 71 3936 4172 2521
7079 2 2 1 71 1715 4048 2973
7080 2 2 1 71 4020 4116 2578
7081 2 2 1 71 176 3142 489
7082 2 2 1 71 1818 4330 3881
7083 2 2 1 71 354 3826 353
7084 2 2 1 71 1877 4394 2165
7085 2 2 1 71 2981 4255 3900
7086 2 2 1 71 25 3347 26
7087 2 2 1 71 2761 4088 1690
7088 2 2 1 71 4207 4270 2586
7089 2 2 1 71 3190 4260 4189
7090 2 2 1 71 4189 4260 2999
7091 2 2 1 71 1705 3335 3068
7092 2 2 1 71 1646 3311 3112
7093 2 2 1 71 2298 3771 3119
7094 2 2 1 71 3098 4254 3937
7095 2 2 1 71 2804 4463 2140
7096 2 2 1 71 2732 4245 3857
7097 2 2 1 71 2351 3416 2566
7098 2 2 1 71 2869 3944 1833
7099 2 2 1 71 3019 4432 3831
7100 2 2 1 71 1145 4354 1803
7101 2 2 1 71 2950 4184 3689
7102 2 2 1 71 4167 4337 3089
7103 2 2 1 71 2737 2738 1726
7104 2 2 1 71 1824 2981 2980
7105 2 2 1 71 3253 4311 3971
7106 2 2 1 71 3139 4313 3138
7107 2 2 1 71 1794 4444 4290
7108 2 2 1 71 3754 4255 4099
7109 2 2 1 71 2977 4464 2512
7110 2 2 1 71 1721 4027 3109
7111 2 2 1 71 148 2827 1670
7112 2 2 1 71 3206 4079 1825
7113 2 2 1 71 1687 2843 2694
7114 2 2 1 71 71 3905 72
7115 2 2 1 71 157 3839 158
7116 2 2 1 71 3157 4288 4006
7117 2 2 1 71 626 2729 1686
7118 2 2 1 71 3268 4237 2170
7119 2 2 1 71 1840 4453 3710
7120 2 2 1 71 2594 2595 1723
7121 2 2 1 71 2270 4268 1749
7122 2 2 1 71 1128 4123 866
7123 2 2 1 71 2962 2963 1830
7124 2 2 1 71 3182 3183 1843
7125 2 2 1 71 989 4067 1937
7126 2 2 1 71 2599 2600 1704
7127 2 2 1 71 2866 4270 3962
7128 2 2 1 71 1785 3869 3318
7129 2 2 1 71 2614 2615 1658
7130 2 2 1 71 1619 2777 2776
7131 2 2 1 71 1745 2866 2680
7132 2 2 1 71 2680 3237 1619
7133 2 2 1 71 1735 3349 3159
7134 2 2 1 71 2805 2956 1823
7135 2 2 1 71 570 2842 2510
7136 2 2 1 71 465 3907 466
7137 2 2 1 71 3213 4264 2449
7138 2 2 1 71 4039 4265 3137
7139 2 2 1 71 2443 4265 4039
7140 2 2 1 71 3078 3921 1625
7141 2 2 1 71 3594 4151 4078
7142 2 2 1 71 3248 4396 4121
7143 2 2 1 71 2770 4360 3913
7144 2 2 1 71 740 2735 1900
7145 2 2 1 71 3167 3168 250
7146 2 2 1 71 2770 3913 1669
7147 2 2 1 71 2874 4371 1822
7148 2 2 1 71 3791 4249 3395
7149 2 2 1 71 638 2825 1807
7150 2 2 1 71 1886 3439 2701
7151 2 2 1 71 2701 3181 1666
7152 2 2 1 71 2686 4129 4120
7153 2 2 1 71 3456 4332 4018
7154 2 2 1 71 462 2349 1742
7155 2 2 1 71 35 3142 36
7156 2 2 1 71 3118 4225 4051
7157 2 2 1 71 4051 4225 2497
7158 2 2 1 71 3368 3826 1634
7159 2 2 1 71 3769 4297 1780
7160 2 2 1 71 2379 3240 165
7161 2 2 1 71 3182 3841 2377
7162 2 2 1 71 2868 4376 3811
7163 2 2 1 71 726 4304 928
7164 2 2 1 71 2351 3946 2053
7165 2 2 1 71 3209 3843 3210
7166 2 2 1 71 3013 4243 4151
7167 2 2 1 71 3814 4353 2161
7168 2 2 1 71 2716 3460 1752
7169 2 2 1 71 2865 4002 3429
7170 2 2 1 71 3858 4371 2874
7171 2 2 1 71 3990 4340 2905
7172 2 2 1 71 2971 4307 3993
7173 2 2 1 71 2170 3252 2718
7174 2 2 1 71 2718 2719 1642
7175 2 2 1 71 338 2764 1893
7176 2 2 1 71 3025 4194 4040
7177 2 2 1 71 3006 4421 4010
7178 2 2 1 71 4010 4421 3225
7179 2 2 1 71 2845 3942 1651
7180 2 2 1 71 2887 3152 1733
7181 2 2 1 71 2942 4244 2943
7182 2 2 1 71 2946 4394 1877
7183 2 2 1 71 2934 2953 1851
7184 2 2 1 71 1688 3362 3188
7185 2 2 1 71 3751 4311 3253
7186 2 2 1 71 20 3040 21
7187 2 2 1 71 2942 2943 1706
7188 2 2 1 71 1913 3189 2095
7189 2 2 1 71 2769 2772 910
7190 2 2 1 71 803 4266 801
7191 2 2 1 71 2779 4128 1923
7192 2 2 1 71 3913 4360 3601
7193 2 2 1 71 694 4204 695
7194 2 2 1 71 1058 4442 1057
7195 2 2 1 71 3027 3350 1721
7196 2 2 1 71 2772 2773 1810
7197 2 2 1 71 1669 3157 2771
7198 2 2 1 71 3069 4268 2270
7199 2 2 1 71 2097 4240 3723
7200 2 2 1 71 1621 3448 2775
7201 2 2 1 71 2764 4373 3063
7202 2 2 1 71 3429 4002 1775
7203 2 2 1 71 1796 4165 2737
7204 2 2 1 71 423 4213 3801
7205 2 2 1 71 3855 4329 3517
7206 2 2 1 71 3435 3436 1767
7207 2 2 1 71 1855 2937 2779
7208 2 2 1 71 1698 4125 4118
7209 2 2 1 71 117 2871 1908
7210 2 2 1 71 1790 4240 2097
7211 2 2 1 71 1783 4319 3977
7212 2 2 1 71 4180 4244 3113
7213 2 2 1 71 560 3014 1744
7214 2 2 1 71 2811 3113 1799
7215 2 2 1 71 3965 4225 3118
7216 2 2 1 71 2988 3834 1734
7217 2 2 1 71 4120 4129 2933
7218 2 2 1 71 3034 3249 2681
7219 2 2 1 71 2829 4152 3299
7220 2 2 1 71 3862 4375 2142
7221 2 2 1 71 2418 4292 4036
7222 2 2 1 71 2594 4287 2595
7223 2 2 1 71 3015 4285 1766
7224 2 2 1 71 3020 3111 1785
7225 2 2 1 71 160 3141 1774
7226 2 2 1 71 185 2808 2050
7227 2 2 1 71 85 1934 1797
7228 2 2 1 71 3426 4201 3974
7229 2 2 1 71 2424 4287 2594
7230 2 2 1 71 2809 2810 692
7231 2 2 1 71 1626 4263 3030
7232 2 2 1 71 3814 4439 3275
7233 2 2 1 71 1672 3177 3016
7234 2 2 1 71 3293 3868 759
7235 2 2 1 71 336 2889 1708
7236 2 2 1 71 4122 4312 2706
7237 2 2 1 71 3414 3687 3346
7238 2 2 1 71 274 2878 2768
7239 2 2 1 71 1751 3365 2837
7240 2 2 1 71 2837 2838 1814
7241 2 2 1 71 2524 4098 1659
7242 2 2 1 71 3910 4291 3132
7243 2 2 1 71 2839 3473 1672
7244 2 2 1 71 4233 4419 2899
7245 2 2 1 71 1826 1915 1617
7246 2 2 1 71 659 3759 1849
7247 2 2 1 71 2142 4375 3877
7248 2 2 1 71 3811 4376 3955
7249 2 2 1 71 1663 3317 3120
7250 2 2 1 71 1792 4333 3251
7251 2 2 1 71 2572 4248 3962
7252 2 2 1 71 2571 4207 4021
7253 2 2 1 71 1674 4391 4350
7254 2 2 1 71 1833 3148 2870
7255 2 2 1 71 3948 4257 2145
7256 2 2 1 71 2872 4445 1908
7257 2 2 1 71 3255 4155 4130
7258 2 2 1 71 3041 4188 2117
7259 2 2 1 71 3010 4311 1879
7260 2 2 1 71 2690 4361 3927
7261 2 2 1 71 3104 3276 1664
7262 2 2 1 71 459 2821 1649
7263 2 2 1 71 1657 2146 1848
7264 2 2 1 71 425 3866 3033
7265 2 2 1 71 2735 4287 1900
7266 2 2 1 71 3162 4441 3838
7267 2 2 1 71 4006 4288 3439
7268 2 2 1 71 3178 4155 1697
7269 2 2 1 71 1747 3129 2908
7270 2 2 1 71 2908 3760 2263
7271 2 2 1 71 2376 3240 648
7272 2 2 1 71 809 3957 3412
7273 2 2 1 71 2564 3463 915
7274 2 2 1 71 2803 4381 3865
7275 2 2 1 71 3203 4031 1644
7276 2 2 1 71 1877 1931 49
7277 2 2 1 71 920 2442 1919
7278 2 2 1 71 2565 3418 179
7279 2 2 1 71 457 2857 1786
7280 2 2 1 71 873 2944 1835
7281 2 2 1 71 3066 3143 1755
7282 2 2 1 71 1783 3977 2996
7283 2 2 1 71 3923 4395 2727
7284 2 2 1 71 3223 4279 3961
7285 2 2 1 71 3367 3368 1634
7286 2 2 1 71 101 3723 2470
7287 2 2 1 71 3791 4399 4249
7288 2 2 1 71 648 3240 649
7289 2 2 1 71 3034 3187 1668
7290 2 2 1 71 1732 4178 2284
7291 2 2 1 71 3307 4164 2401
7292 2 2 1 71 3876 4420 3464
7293 2 2 1 71 471 3351 1722
7294 2 2 1 71 228 3215 1757
7295 2 2 1 71 701 2906 1729
7296 2 2 1 71 2294 4259 2697
7297 2 2 1 71 1627 4343 2892
7298 2 2 1 71 1839 3203 672
7299 2 2 1 71 2378 4266 804
7300 2 2 1 71 3406 3843 377
7301 2 2 1 71 1754 4424 3830
7302 2 2 1 71 4093 4443 3076
7303 2 2 1 71 1810 3926 898
7304 2 2 1 71 4174 4309 2902
7305 2 2 1 71 3191 3312 1629
7306 2 2 1 71 2982 3388 1632
7307 2 2 1 71 4179 4180 3072
7308 2 2 1 71 1713 4088 3892
7309 2 2 1 71 895 4193 896
7310 2 2 1 71 2996 3330 1652
7311 2 2 1 71 4080 4411 1719
7312 2 2 1 71 701 1729 702
7313 2 2 1 71 3312 4335 1629
7314 2 2 1 71 4184 4196 1689
7315 2 2 1 71 475 2840 2839
7316 2 2 1 71 2950 4196 4184
7317 2 2 1 71 528 2451 1836
7318 2 2 1 71 3046 4436 3988
7319 2 2 1 71 3172 4423 4351
7320 2 2 1 71 3977 4319 2700
7321 2 2 1 71 1718 4049 3857
7322 2 2 1 71 3874 4454 1624
7323 2 2 1 71 3721 4412 3147
7324 2 2 1 71 1059 4458 1844
7325 2 2 1 71 3865 4459 2803
7326 2 2 1 71 2845 4334 3942
7327 2 2 1 71 3863 4396 3336
7328 2 2 1 71 4112 4217 3527
7329 2 2 1 71 334 3960 1630
7330 2 2 1 71 2839 4378 3473
7331 2 2 1 71 1878 4298 3395
7332 2 2 1 71 490 3142 2439
7333 2 2 1 71 3322 4300 4003
7334 2 2 1 71 816 2436 1024
7335 2 2 1 71 3143 4376 1755
7336 2 2 1 71 3926 4294 898
7337 2 2 1 71 3955 4376 3143
7338 2 2 1 71 2598 3191 207
7339 2 2 1 71 3896 4444 1794
7340 2 2 1 71 3450 4345 135
7341 2 2 1 71 473 2969 1638
7342 2 2 1 71 1812 4434 3939
7343 2 2 1 71 200 2985 1751
7344 2 2 1 71 132 2867 1663
7345 2 2 1 71 3146 4304 726
7346 2 2 1 71 3897 4206 1936
7347 2 2 1 71 1747 4204 3865
7348 2 2 1 71 1639 3893 3097
7349 2 2 1 71 3097 3098 1709
7350 2 2 1 71 1754 4106 2762
7351 2 2 1 71 66 3377 67
7352 2 2 1 71 1696 1788 1616
7353 2 2 1 71 4099 4255 2981
7354 2 2 1 71 4036 4292 2700
7355 2 2 1 71 744 2873 1822
7356 2 2 1 71 1798 4380 3320
7357 2 2 1 71 2277 4171 3374
7358 2 2 1 71 83 3792 2448
7359 2 2 1 71 2843 4355 3965
7360 2 2 1 71 3424 4274 4077
7361 2 2 1 71 1618 4351 3717
7362 2 2 1 71 3191 4445 3312
7363 2 2 1 71 814 2522 812
7364 2 2 1 71 1667 4197 3026
7365 2 2 1 71 146 2940 1701
7366 2 2 1 71 2134 3879 3002
7367 2 2 1 71 1741 3447 3224
7368 2 2 1 71 3993 4400 2346
7369 2 2 1 71 2091 3128 3127
7370 2 2 1 71 4063 4412 2567
7371 2 2 1 71 3147 4412 4063
7372 2 2 1 71 2254 2968 143
7373 2 2 1 71 4019 4068 1121
7374 2 2 1 71 2828 3294 422
7375 2 2 1 71 4122 4459 1702
7376 2 2 1 71 265 4420 1876
7377 2 2 1 71 2991 4392 4144
7378 2 2 1 71 1716 4104 783
7379 2 2 1 71 1622 4390 3400
7380 2 2 1 71 479 2357 1683
7381 2 2 1 71 4151 4243 1844
7382 2 2 1 71 3004 4370 3975
7383 2 2 1 71 3846 4235 1055
7384 2 2 1 71 3337 4328 4001
7385 2 2 1 71 3064 3258 851
7386 2 2 1 71 2264 4219 4218
7387 2 2 1 71 763 2888 1627
7388 2 2 1 71 1737 3211 268
7389 2 2 1 71 1706 4150 3748
7390 2 2 1 71 4263 4277 3536
7391 2 2 1 71 3251 4275 4231
7392 2 2 1 71 2566 4024 1628
7393 2 2 1 71 761 2933 1671
7394 2 2 1 71 2775 4044 2093
7395 2 2 1 71 2283 3040 414
7396 2 2 1 71 3727 4033 180
7397 2 2 1 71 3321 4398 1705
7398 2 2 1 71 644 1826 1617
7399 2 2 1 71 4133 4219 3229
7400 2 2 1 71 2903 4322 4053
7401 2 2 1 71 306 3946 307
7402 2 2 1 71 427 2446 1685
7403 2 2 1 71 3907 4127 2936
7404 2 2 1 71 4160 4462 1893
7405 2 2 1 71 2459 4320 4062
7406 2 2 1 71 4050 4441 3162
7407 2 2 1 71 1096 3479 3009
7408 2 2 1 71 2284 4178 2254
7409 2 2 1 71 1895 4221 3227
7410 2 2 1 71 858 2952 1916
7411 2 2 1 71 4204 4459 3865
7412 2 2 1 71 3161 4384 4005
7413 2 2 1 71 4198 4388 3017
7414 2 2 1 71 4043 4417 2978
7415 2 2 1 71 854 3010 1879
7416 2 2 1 71 3831 4432 4154
7417 2 2 1 71 2277 3374 395
7418 2 2 1 71 1628 2524 312
7419 2 2 1 71 589 4066 2292
7420 2 2 1 71 1664 4072 3249
7421 2 2 1 71 2448 3792 542
7422 2 2 1 71 3755 4440 2811
7423 2 2 1 71 3304 4080 1719
7424 2 2 1 71 1681 2612 688
7425 2 2 1 71 1684 3260 57
7426 2 2 1 71 622 4083 1895
7427 2 2 1 71 2292 4066 3989
7428 2 2 1 71 152 4161 19
7429 2 2 1 71 1691 4127 3907
7430 2 2 1 71 61 4007 62
7431 2 2 1 71 3478 4417 4043
7432 2 2 1 71 2050 4244 2942
7433 2 2 1 71 3058 3907 2936
7434 2 2 1 71 1917 4103 3028
7435 2 2 1 71 2947 4359 4271
7436 2 2 1 71 1935 2946 47
7437 2 2 1 71 3411 4312 4122
7438 2 2 1 71 3085 4406 3216
7439 2 2 1 71 282 3055 1736
7440 2 2 1 71 1744 1927 561
7441 2 2 1 71 130 4200 1636
7442 2 2 1 71 1674 2144 756
7443 2 2 1 71 4086 4366 2690
7444 2 2 1 71 636 3001 2090
7445 2 2 1 71 4047 4066 1004
7446 2 2 1 71 1686 4093 2818
7447 2 2 1 71 2401 4136 3750
7448 2 2 1 71 1846 2272 766
7449 2 2 1 71 4231 4275 2542
7450 2 2 1 71 2690 4366 4361
7451 2 2 1 71 1739 3029 506
7452 2 2 1 71 888 4173 889
7453 2 2 1 71 4226 4428 2734
7454 2 2 1 71 4130 4397 3256
7455 2 2 1 71 2506 4425 15
7456 2 2 1 71 134 3120 1831
7457 2 2 1 71 556 2974 1715
7458 2 2 1 71 398 3250 1633
7459 2 2 1 71 2588 4145 1647
7460 2 2 1 71 4350 4391 1953
7461 2 2 1 71 3801 3866 424
7462 2 2 1 71 1938 4438 1727
7463 2 2 1 71 507 2780 1739
7464 2 2 1 71 3747 3946 306
7465 2 2 1 71 3196 4411 2974
7466 2 2 1 71 1762 4401 4030
7467 2 2 1 71 2980 3083 790
7468 2 2 1 71 297 4452 3035
7469 2 2 1 71 3189 3459 2095
7470 2 2 1 71 4121 4396 1889
7471 2 2 1 71 2144 3908 1013
7472 2 2 1 71 2820 4411 4080
7473 2 2 1 71 864 3258 3064
7474 2 2 1 71 3825 4205 2181
7475 2 2 1 71 342 4424 1754
7476 2 2 1 71 863 3849 1033
7477 2 2 1 71 396 1699 397
7478 2 2 1 71 437 3225 1693
7479 2 2 1 71 411 4422 1656
7480 2 2 1 71 416 4084 417
7481 2 2 1 71 1132 3718 3297
7482 2 2 1 71 1690 4088 902
7483 2 2 1 71 3793 4070 1714
7484 2 2 1 71 2290 4337 4167
7485 2 2 1 71 905 3244 2770
7486 2 2 1 71 2904 4431 4165
7487 2 2 1 71 4160 4349 2703
7488 2 2 1 71 756 2144 1013
7489 2 2 1 71 943 4033 75
7490 2 2 1 71 2155 3788 3051
7491 2 2 1 71 2049 3418 2565
7492 2 2 1 71 1837 2085 41
7493 2 2 1 71 116 3869 2009
7494 2 2 1 71 365 4061 364
7495 2 2 1 71 1738 4147 2989
7496 2 2 1 71 3051 3751 891
7497 2 2 1 71 487 2565 178
7498 2 2 1 71 190 4188 191
7499 2 2 1 71 1792 3081 93
7500 2 2 1 71 390 2008 391
7501 2 2 1 71 2810 4122 1702
7502 2 2 1 71 3410 4176 2869
7503 2 2 1 71 3723 4240 2470
7504 2 2 1 71 2840 4378 2839
7505 2 2 1 71 818 2999 1763
7506 2 2 1 71 98 4109 99
7507 2 2 1 71 788 3080 1824
7508 2 2 1 71 3454 4361 4181
7509 2 2 1 71 4091 4451 2932
7510 2 2 1 71 238 3068 2982
7511 2 2 1 71 96 3025 2291
7512 2 2 1 71 3216 4116 1639
7513 2 2 1 71 1778 4189 2999
7514 2 2 1 71 2703 4462 4160
7515 2 2 1 71 2093 4268 2774
7516 2 2 1 71 922 4246 2437
7517 2 2 1 71 3771 4442 4243
7518 2 2 1 71 8 4133 3229
7519 2 2 1 71 3275 4439 4334
7520 2 2 1 71 2598 4445 3191
7521 2 2 1 71 887 4234 888
7522 2 2 1 71 1895 3227 623
7523 2 2 1 71 7 4133 8
7524 2 2 1 71 2019 4362 2906
7525 2 2 1 71 4152 4415 2189
7526 2 2 1 71 667 4205 668
7527 2 2 1 71 752 1696 1616
7528 2 2 1 71 3957 4437 3045
7529 2 2 1 71 324 4089 325
7530 2 2 1 71 1931 3300 2439
7531 2 2 1 71 1795 4219 4133
7532 2 2 1 71 4154 4432 2129
7533 2 2 1 71 1853 4388 4198
7534 2 2 1 71 4023 4061 1907
7535 2 2 1 71 2185 3784 1770
7536 2 2 1 71 4032 4223 940
7537 2 2 1 71 1736 3925 283
7538 2 2 1 71 3051 3788 1879
7539 2 2 1 71 246 3112 1783
7540 2 2 1 71 3168 4162 250
7541 2 2 1 71 1780 4297 294
7542 2 2 1 71 820 3119 1778
7543 2 2 1 71 2129 4049 994
7544 2 2 1 71 499 4142 1765
7545 2 2 1 71 3026 3074 89
7546 2 2 1 71 4180 4440 3072
7547 2 2 1 71 1899 3027 2806
7548 2 2 1 71 1085 3786 714
7549 2 2 1 71 4233 4387 3335
7550 2 2 1 71 2899 4387 4233
7551 2 2 1 71 1726 3847 828
7552 2 2 1 71 850 3849 1038
7553 2 2 1 71 2262 3747 2988
7554 2 2 1 71 1633 4222 2714
7555 2 2 1 71 1649 4264 3213
7556 2 2 1 71 2117 2348 580
7557 2 2 1 71 683 3069 2270
7558 2 2 1 71 320 3067 958
7559 2 2 1 71 386 3030 1641
7560 2 2 1 71 887 3140 2541
7561 2 2 1 71 572 2859 1677
7562 2 2 1 71 3167 4322 3168
7563 2 2 1 71 1660 4141 573
7564 2 2 1 71 2875 4426 4286
7565 2 2 1 71 1813 4462 2703
7566 2 2 1 71 3021 4143 1913
7567 2 2 1 71 1775 4149 711
7568 2 2 1 71 749 1847 1012
7569 2 2 1 71 527 3158 2451
7570 2 2 1 71 1823 3889 913
7571 2 2 1 71 1754 2762 343
7572 2 2 1 71 649 3240 2379
7573 2 2 1 71 1706 3748 188
7574 2 2 1 71 1757 3774 230
7575 2 2 1 71 2292 2766 588
7576 2 2 1 71 2549 3410 521
7577 2 2 1 71 162 2863 1678
7578 2 2 1 71 3260 4351 1618
7579 2 2 1 71 1702 4459 4204
7580 2 2 1 71 1849 3827 660
7581 2 2 1 71 1733 3765 278
7582 2 2 1 71 1734 3018 810
7583 2 2 1 71 1710 3039 678
7584 2 2 1 71 1713 3244 904
7585 2 2 1 71 3384 4456 4330
7586 2 2 1 71 1749 3147 686
7587 2 2 1 71 293 4379 1780
7588 2 2 1 71 1677 2842 571
7589 2 2 1 71 2437 2807 923
7590 2 2 1 71 1906 3319 747
7591 2 2 1 71 640 4213 641
7592 2 2 1 71 2008 2992 2380
7593 2 2 1 71 144 2968 1662
7594 2 2 1 71 1678 2827 163
7595 2 2 1 71 713 3786 3429
7596 2 2 1 71 1630 2889 335
7597 2 2 1 71 1762 4030 792
7598 2 2 1 71 1875 2585 690
7599 2 2 1 71 1746 2587 300
7600 2 2 1 71 1647 2609 303
7601 2 2 1 71 426 3033 2446
7602 2 2 1 71 2155 3051 890
7603 2 2 1 71 786 3007 1717
7604 2 2 1 71 3051 4311 3751
7605 2 2 1 71 1636 2871 131
7606 2 2 1 71 1637 3085 629
7607 2 2 1 71 461 3213 2349
7608 2 2 1 71 1624 2608 824
7609 2 2 1 71 313 2524 1659
7610 2 2 1 71 1828 2610 586
7611 2 2 1 71 1661 2878 273
7612 2 2 1 71 903 4088 1713
7613 2 2 1 71 1758 3295 374
7614 2 2 1 71 2055 4448 4350
7615 2 2 1 71 4350 4448 3436
7616 2 2 1 71 2090 2825 637
7617 2 2 1 71 2173 2985 217
7618 2 2 1 71 1763 4446 3279
7619 2 2 1 71 4286 4426 3296
7620 2 2 1 71 1719 4411 3196
7621 2 2 1 71 2271 3040 20
7622 2 2 1 71 26 3347 2460
7623 2 2 1 71 3318 3869 115
7624 2 2 1 71 1904 3395 680
7625 2 2 1 71 664 4341 2385
7626 2 2 1 71 3198 4277 1626
7627 2 2 1 71 1645 2715 401
7628 2 2 1 71 1633 2714 399
7629 2 2 1 71 1699 3250 397
7630 2 2 1 71 655 3078 1625
7631 2 2 1 71 1728 2969 486
7632 2 2 1 71 1767 4237 2778
7633 2 2 1 71 1755 2868 242
7634 2 2 1 71 1807 2729 625
7635 2 2 1 71 56 2434 1684
7636 2 2 1 71 1725 2948 497
7637 2 2 1 71 3112 4319 1783
7638 2 2 1 71 1798 2735 739
7639 2 2 1 71 322 4170 323
7640 2 2 1 71 1673 3010 855
7641 2 2 1 71 3329 4334 2845
7642 2 2 1 71 1708 2764 337
7643 2 2 1 71 2575 3196 2974
7644 2 2 1 71 1722 2857 472
7645 2 2 1 71 1912 2769 909
7646 2 2 1 71 4149 4418 711
7647 2 2 1 71 3002 3320 737
7648 2 2 1 71 995 4049 1718
7649 2 2 1 71 572 4141 2859
7650 2 2 1 71 3244 4360 2770
7651 2 2 1 71 1717 3080 787
7652 2 2 1 71 1653 2808 184
7653 2 2 1 71 1799 2809 691
7654 2 2 1 71 1670 4271 2716
7655 2 2 1 71 576 3687 3414
7656 2 2 1 71 2512 4464 1061
7657 2 2 1 71 1695 3150 257
7658 2 2 1 71 1759 3053 291
7659 2 2 1 71 2436 2959 1024
7660 2 2 1 71 1786 2821 458
7661 2 2 1 71 4218 4219 1795
7662 2 2 1 71 2298 3119 821
7663 2 2 1 71 1646 3112 259
7664 2 2 1 71 1773 4294 3926
7665 2 2 1 71 1662 2940 145
7666 2 2 1 71 1705 3068 237
7667 2 2 1 71 2385 2944 874
7668 2 2 1 71 107 4218 108
7669 2 2 1 71 3728 4084 2891
7670 2 2 1 71 838 3852 3246
7671 2 2 1 71 4007 4358 3839
7672 2 2 1 71 1742 3354 463
7673 2 2 1 71 1638 2840 474
7674 2 2 1 71 522 3410 2869
7675 2 2 1 71 4330 4456 3065
7676 2 2 1 71 2401 3750 432
7677 2 2 1 71 1908 4445 2598
7678 2 2 1 71 1809 4358 4007
7679 2 2 1 71 1718 3687 577
7680 2 2 1 71 1701 2867 147
7681 2 2 1 71 1689 4196 708
7682 2 2 1 71 1930 2873 743
7683 2 2 1 71 1806 2933 776
7684 2 2 1 71 236 3321 1705
7685 2 2 1 71 1629 4335 3021
7686 2 2 1 71 757 3908 3130
7687 2 2 1 71 703 3755 2811
7688 2 2 1 71 934 4000 1768
7689 2 2 1 71 1671 2888 762
7690 2 2 1 71 1627 2892 764
7691 2 2 1 71 3461 4089 2767
7692 2 2 1 71 1917 3028 23
7693 2 2 1 71 1782 3146 728
7694 2 2 1 71 394 4372 2277
7695 2 2 1 71 353 3826 1731
7696 2 2 1 71 1755 4376 2868
7697 2 2 1 71 2019 2906 700
7698 2 2 1 71 1797 3202 86
7699 2 2 1 71 3381 4308 1695
7700 2 2 1 71 1723 4314 2725
7701 2 2 1 71 775 4008 1806
7702 2 2 1 71 251 4162 1711
7703 2 2 1 71 542 3792 541
7704 2 2 1 71 1640 3251 91
7705 2 2 1 71 3039 4177 678
7706 2 2 1 71 484 3189 2373
7707 2 2 1 71 1676 2952 859
7708 2 2 1 71 62 4007 2506
7709 2 2 1 71 1689 4418 4149
7710 2 2 1 71 1668 3107 318
7711 2 2 1 71 2316 4452 297
7712 2 2 1 71 615 2583 616
7713 2 2 1 71 708 4196 707
7714 2 2 1 71 173 2844 38
7715 2 2 1 71 2439 3142 35
7716 2 2 1 71 886 4205 3140
7717 2 2 1 71 1902 3025 95
7718 2 2 1 71 2575 2974 555
7719 2 2 1 71 1620 3014 559
7720 2 2 1 71 1936 4206 327
7721 2 2 1 71 1824 2980 789
7722 2 2 1 71 178 4241 487
7723 2 2 1 71 1760 3226 287
7724 2 2 1 71 679 4177 1904
7725 2 2 1 71 1738 2989 450
7726 2 2 1 71 760 3868 1930
7727 2 2 1 71 138 3205 3134
7728 2 2 1 71 1743 2720 30
7729 2 2 1 71 1652 3167 249
7730 2 2 1 71 1702 4204 694
7731 2 2 1 71 1778 2999 819
7732 2 2 1 71 372 3144 2275
7733 2 2 1 71 288 3226 1741
7734 2 2 1 71 646 2094 647
7735 2 2 1 71 3225 4421 1693
7736 2 2 1 71 13 2806 51
7737 2 2 1 71 489 4276 176
7738 2 2 1 71 512 4315 511
7739 2 2 1 71 21 3040 2283
7740 2 2 1 71 548 3188 2143
7741 2 2 1 71 478 3016 2357
7742 2 2 1 71 888 4234 4173
7743 2 2 1 71 641 4213 3294
7744 2 2 1 71 2095 3195 212
7745 2 2 1 71 1667 3026 88
7746 2 2 1 71 532 3196 2575
7747 2 2 1 71 1626 3030 385
7748 2 2 1 71 1815 3205 137
7749 2 2 1 71 517 2160 520
7750 2 2 1 71 520 3363 519
7751 2 2 1 71 94 3081 1902
7752 2 2 1 71 3407 4258 1655
7753 2 2 1 71 27 4302 28
7754 2 2 1 71 777 4430 778
7755 2 2 1 71 263 2845 1651
7756 2 2 1 71 1127 4196 2950
7757 2 2 1 71 1665 3179 468
7758 2 2 1 71 541 3792 2461
7759 2 2 1 71 67 2153 68
7760 2 2 1 71 3717 4358 1809
7761 2 2 1 71 293 1780 294
7762 2 2 1 71 624 3122 608
7763 2 2 1 71 612 1707 613
7764 2 2 1 71 677 1710 678
7765 2 2 1 71 2432 4358 3717
7766 2 2 1 71 688 2612 689
7767 2 2 1 71 331 3032 332
7768 2 2 1 71 1625 3206 656
7769 2 2 1 71 1644 3078 674
7770 2 2 1 71 639 3801 640
7771 2 2 1 71 342 1754 343
7772 2 2 1 71 676 2694 677
7773 2 2 1 71 675 1687 676
7774 2 2 1 71 689 1875 690
7775 2 2 1 71 649 2379 650
7776 2 2 1 71 105 4302 2460
7777 2 2 1 71 314 2613 299
7778 2 2 1 71 827 1726 828
7779 2 2 1 71 301 2588 302
7780 2 2 1 71 299 1746 300
7781 2 2 1 71 302 1647 303
7782 2 2 1 71 80 3024 64
7783 2 2 1 71 65 3106 66
7784 2 2 1 71 64 3917 65
7785 2 2 1 71 889 2155 890
7786 2 2 1 71 896 2589 883
7787 2 2 1 71 884 2181 885
7788 2 2 1 71 883 1753 884
7789 2 2 1 71 589 2292 588
7790 2 2 1 71 39 2939 40
7791 2 2 1 71 84 1934 85
7792 2 2 1 71 92 1792 93
7793 2 2 1 71 1624 4454 2608
7794 2 2 1 71 610 1723 611
7795 2 2 1 71 608 2424 609
7796 2 2 1 71 611 2725 612
7797 2 2 1 71 609 2594 610
7798 2 2 1 71 1893 4462 339
7799 2 2 1 71 1709 3222 634
7800 2 2 1 71 142 2254 143
7801 2 2 1 71 544 2941 543
7802 2 2 1 71 536 3182 545
7803 2 2 1 71 540 3846 539
7804 2 2 1 71 545 1843 544
7805 2 2 1 71 535 3841 536
7806 2 2 1 71 267 1876 1737
7807 2 2 1 71 2959 4315 512
7808 2 2 1 71 782 1716 783
7809 2 2 1 71 344 1724 345
7810 2 2 1 71 346 1704 331
7811 2 2 1 71 345 2599 346
7812 2 2 1 71 826 2737 827
7813 2 2 1 71 823 1624 824
7814 2 2 1 71 825 1796 826
7815 2 2 1 71 3395 4298 680
7816 2 2 1 71 282 1736 283
7817 2 2 1 71 622 1895 623
7818 2 2 1 71 234 1830 235
7819 2 2 1 71 462 1742 463
7820 2 2 1 71 587 1828 586
7821 2 2 1 71 585 3303 584
7822 2 2 1 71 1656 3287 412
7823 2 2 1 71 243 1694 244
7824 2 2 1 71 233 2962 234
7825 2 2 1 71 232 1658 233
7826 2 2 1 71 244 2960 245
7827 2 2 1 71 245 2614 232
7828 2 2 1 71 352 2169 351
7829 2 2 1 71 659 1849 660
7830 2 2 1 71 175 4429 3142
7831 2 2 1 71 778 1745 779
7832 2 2 1 71 779 2680 780
7833 2 2 1 71 781 2776 782
7834 2 2 1 71 780 1619 781
7835 2 2 1 71 3320 4380 737
7836 2 2 1 71 3138 4313 1748
7837 2 2 1 71 922 2437 923
7838 2 2 1 71 912 1823 913
7839 2 2 1 71 168 3159 169
7840 2 2 1 71 182 1929 164
7841 2 2 1 71 2259 3868 3293
7842 2 2 1 71 372 2275 371
7843 2 2 1 71 2460 3347 106
7844 2 2 1 71 372 4214 3144
7845 2 2 1 71 1822 4371 3003
7846 2 2 1 71 40 2939 1837
7847 2 2 1 71 2583 3009 616
7848 2 2 1 71 911 2805 912
7849 2 2 1 71 924 1886 925
7850 2 2 1 71 926 1666 911
7851 2 2 1 71 925 2701 926
7852 2 2 1 71 2806 3027 52
7853 2 2 1 71 2117 4188 2348
7854 2 2 1 71 165 3240 166
7855 2 2 1 71 167 1735 168
7856 2 2 1 71 166 2376 167
7857 2 2 1 71 534 3992 2549
7858 2 2 1 71 889 4173 2155
7859 2 2 1 71 572 1677 571
7860 2 2 1 71 162 1678 163
7861 2 2 1 71 444 2243 445
7862 2 2 1 71 456 3268 440
7863 2 2 1 71 1688 3188 549
7864 2 2 1 71 1836 3304 529
7865 2 2 1 71 16 4425 4092
7866 2 2 1 71 3251 4333 91
7867 2 2 1 71 580 2348 593
7868 2 2 1 71 574 1660 573
7869 2 2 1 71 389 3400 390
7870 2 2 1 71 398 1633 399
7871 2 2 1 71 400 1645 401
7872 2 2 1 71 388 1622 389
7873 2 2 1 71 1729 3755 702
7874 2 2 1 71 3217 3381 255
7875 2 2 1 71 4173 4234 2012
7876 2 2 1 71 148 1670 149
7877 2 2 1 71 149 2716 150
7878 2 2 1 71 150 1752 151
7879 2 2 1 71 92 4333 1792
7880 2 2 1 71 1685 3299 428
7881 2 2 1 71 570 2510 569
7882 2 2 1 71 514 2522 513
7883 2 2 1 71 441 2718 442
7884 2 2 1 71 440 2170 441
7885 2 2 1 71 443 3105 444
7886 2 2 1 71 442 1642 443
7887 2 2 1 71 1878 3069 683
7888 2 2 1 71 636 2090 637
7889 2 2 1 71 628 1637 629
7890 2 2 1 71 900 4317 901
7891 2 2 1 71 130 1636 131
7892 2 2 1 71 2284 4327 380
7893 2 2 1 71 231 3774 1801
7894 2 2 1 71 3435 3908 2144
7895 2 2 1 71 334 1630 335
7896 2 2 1 71 638 1807 625
7897 2 2 1 71 627 2818 628
7898 2 2 1 71 626 1686 627
7899 2 2 1 71 530 3304 1719
7900 2 2 1 71 1740 3217 254
7901 2 2 1 71 1768 3905 71
7902 2 2 1 71 425 3033 426
7903 2 2 1 71 429 3299 2048
7904 2 2 1 71 277 1733 278
7905 2 2 1 71 2012 4234 2541
7906 2 2 1 71 272 1661 273
7907 2 2 1 71 2258 4173 2012
7908 2 2 1 71 742 3293 729
7909 2 2 1 71 741 2259 742
7910 2 2 1 71 738 1798 739
7911 2 2 1 71 740 1900 741
7912 2 2 1 71 402 3103 403
7913 2 2 1 71 407 1851 408
7914 2 2 1 71 4092 4425 2096
7915 2 2 1 71 117 1908 118
7916 2 2 1 71 118 2598 119
7917 2 2 1 71 199 2972 183
7918 2 2 1 71 187 1706 188
7919 2 2 1 71 712 1775 711
7920 2 2 1 71 194 3377 195
7921 2 2 1 71 189 2596 190
7922 2 2 1 71 338 1893 339
7923 2 2 1 71 336 1708 337
7924 2 2 1 71 1829 2549 565
7925 2 2 1 71 55 2434 56
7926 2 2 1 71 275 1692 276
7927 2 2 1 71 276 2887 277
7928 2 2 1 71 274 2768 275
7929 2 2 1 71 53 1721 54
7930 2 2 1 71 52 3027 53
7931 2 2 1 71 54 3109 55
7932 2 2 1 71 907 2771 908
7933 2 2 1 71 908 1912 909
7934 2 2 1 71 906 1669 907
7935 2 2 1 71 905 2770 906
7936 2 2 1 71 897 1810 898
7937 2 2 1 71 910 2772 897
7938 2 2 1 71 99 4403 100
7939 2 2 1 71 597 1790 598
7940 2 2 1 71 596 2774 597
7941 2 2 1 71 594 2775 595
7942 2 2 1 71 598 2097 599
7943 2 2 1 71 607 1621 594
7944 2 2 1 71 595 2093 596
7945 2 2 1 71 453 4452 454
7946 2 2 1 71 733 1767 734
7947 2 2 1 71 736 3002 737
7948 2 2 1 71 732 3435 733
7949 2 2 1 71 735 2134 736
7950 2 2 1 71 731 3908 732
7951 2 2 1 71 734 2778 735
7952 2 2 1 71 404 2779 405
7953 2 2 1 71 403 1855 404
7954 2 2 1 71 406 2934 407
7955 2 2 1 71 405 1923 406
7956 2 2 1 71 2262 3946 3747
7957 2 2 1 71 712 3429 1775
7958 2 2 1 71 3140 4205 667
7959 2 2 1 71 185 2050 186
7960 2 2 1 71 186 2942 187
7961 2 2 1 71 183 1653 184
7962 2 2 1 71 704 1799 691
7963 2 2 1 71 703 2811 704
7964 2 2 1 71 693 1702 694
7965 2 2 1 71 692 2810 693
7966 2 2 1 71 714 3786 713
7967 2 2 1 71 2549 3992 566
7968 2 2 1 71 864 3064 877
7969 2 2 1 71 191 3041 192
7970 2 2 1 71 193 3806 194
7971 2 2 1 71 192 1832 193
7972 2 2 1 71 46 3101 1935
7973 2 2 1 71 873 1835 872
7974 2 2 1 71 262 3329 2845
7975 2 2 1 71 2488 4417 2507
7976 2 2 1 71 216 2173 217
7977 2 2 1 71 203 3077 204
7978 2 2 1 71 2541 4234 887
7979 2 2 1 71 460 3213 461
7980 2 2 1 71 471 1722 472
7981 2 2 1 71 811 1734 810
7982 2 2 1 71 798 3015 797
7983 2 2 1 71 2 1785 3
7984 2 2 1 71 1 3020 2
7985 2 2 1 71 3 3318 4
7986 2 2 1 71 457 1786 458
7987 2 2 1 71 459 1649 460
7988 2 2 1 71 10 4356 11
7989 2 2 1 71 312 2524 313
7990 2 2 1 71 485 1728 486
7991 2 2 1 71 9 3229 1720
7992 2 2 1 71 492 4438 493
7993 2 2 1 71 2596 4188 190
7994 2 2 1 71 100 4403 3723
7995 2 2 1 71 3801 4213 640
7996 2 2 1 71 451 4289 452
7997 2 2 1 71 110 4133 3733
7998 2 2 1 71 136 4345 1815
7999 2 2 1 71 477 3016 478
8000 2 2 1 71 875 2385 874
8001 2 2 1 71 876 2012 875
8002 2 2 1 71 877 2258 876
8003 2 2 1 71 12 2806 13
8004 2 2 1 71 608 3122 2424
8005 2 2 1 71 601 1770 602
8006 2 2 1 71 602 2277 603
8007 2 2 1 71 600 2185 601
8008 2 2 1 71 202 1814 203
8009 2 2 1 71 200 1751 201
8010 2 2 1 71 201 2837 202
8011 2 2 1 71 746 1906 747
8012 2 2 1 71 612 2725 1707
8013 2 2 1 71 104 2261 105
8014 2 2 1 71 794 2262 795
8015 2 2 1 71 796 2053 794
8016 2 2 1 71 795 2988 811
8017 2 2 1 71 797 1766 796
8018 2 2 1 71 1704 3032 331
8019 2 2 1 71 475 2839 476
8020 2 2 1 71 473 1638 474
8021 2 2 1 71 476 1672 477
8022 2 2 1 71 778 4430 1745
8023 2 2 1 71 679 1904 680
8024 2 2 1 71 526 3158 527
8025 2 2 1 71 2264 3347 25
8026 2 2 1 71 827 2737 1726
8027 2 2 1 71 280 1819 281
8028 2 2 1 71 295 2045 296
8029 2 2 1 71 499 1765 500
8030 2 2 1 71 3836 4302 2261
8031 2 2 1 71 677 2694 1710
8032 2 2 1 71 1711 3386 252
8033 2 2 1 71 133 3120 134
8034 2 2 1 71 838 3246 839
8035 2 2 1 71 1150 4113 2697
8036 2 2 1 71 73 4210 74
8037 2 2 1 71 144 1662 145
8038 2 2 1 71 844 1673 855
8039 2 2 1 71 782 2776 1716
8040 2 2 1 71 3429 3786 2865
8041 2 2 1 71 689 2612 1875
8042 2 2 1 71 299 2613 1746
8043 2 2 1 71 2336 4109 600
8044 2 2 1 71 132 1663 133
8045 2 2 1 71 146 1701 147
8046 2 2 1 71 1687 2694 676
8047 2 2 1 71 302 2588 1647
8048 2 2 1 71 3024 3917 64
8049 2 2 1 71 65 3917 3106
8050 2 2 1 71 525 1654 526
8051 2 2 1 71 524 2870 525
8052 2 2 1 71 522 2869 523
8053 2 2 1 71 523 1833 524
8054 2 2 1 71 883 2589 1753
8055 2 2 1 71 1753 2181 884
8056 2 2 1 71 339 4462 340
8057 2 2 1 71 234 2962 1830
8058 2 2 1 71 744 1822 745
8059 2 2 1 71 760 1930 743
8060 2 2 1 71 745 3003 746
8061 2 2 1 71 1723 2725 611
8062 2 2 1 71 2424 2594 609
8063 2 2 1 71 610 2594 1723
8064 2 2 1 71 191 4188 3041
8065 2 2 1 71 298 2433 280
8066 2 2 1 71 296 2316 297
8067 2 2 1 71 31 2997 32
8068 2 2 1 71 84 2448 1934
8069 2 2 1 71 545 3182 1843
8070 2 2 1 71 1843 2941 544
8071 2 2 1 71 536 3841 3182
8072 2 2 1 71 1694 2960 244
8073 2 2 1 71 1724 2599 345
8074 2 2 1 71 346 2599 1704
8075 2 2 1 71 1796 2737 826
8076 2 2 1 71 142 2284 2254
8077 2 2 1 71 753 4391 754
8078 2 2 1 71 775 1806 776
8079 2 2 1 71 853 3788 852
8080 2 2 1 71 854 1879 853
8081 2 2 1 71 763 1627 764
8082 2 2 1 71 761 1671 762
8083 2 2 1 71 501 2049 502
8084 2 2 1 71 329 3104 330
8085 2 2 1 71 1735 3159 168
8086 2 2 1 71 912 2805 1823
8087 2 2 1 71 21 2283 22
8088 2 2 1 71 32 1793 33
8089 2 2 1 71 22 1917 23
8090 2 2 1 71 253 3386 1740
8091 2 2 1 71 245 2960 2614
8092 2 2 1 71 1658 2962 233
8093 2 2 1 71 232 2614 1658
8094 2 2 1 71 1619 2776 781
8095 2 2 1 71 780 2680 1619
8096 2 2 1 71 1745 2680 779
8097 2 2 1 71 699 2019 700
8098 2 2 1 71 695 1747 696
8099 2 2 1 71 698 2909 699
8100 2 2 1 71 696 2908 697
8101 2 2 1 71 697 2263 698
8102 2 2 1 71 72 3905 2728
8103 2 2 1 71 809 3412 808
8104 2 2 1 71 791 1762 792
8105 2 2 1 71 801 4266 800
8106 2 2 1 71 786 1717 787
8107 2 2 1 71 738 4380 1798
8108 2 2 1 71 264 4420 265
8109 2 2 1 71 49 1931 34
8110 2 2 1 71 858 1916 856
8111 2 2 1 71 448 3154 449
8112 2 2 1 71 444 3105 2243
8113 2 2 1 71 34 2439 35
8114 2 2 1 71 440 3268 2170
8115 2 2 1 71 381 4327 140
8116 2 2 1 71 236 1705 237
8117 2 2 1 71 861 2554 860
8118 2 2 1 71 1666 2805 911
8119 2 2 1 71 1886 2701 925
8120 2 2 1 71 926 2701 1666
8121 2 2 1 71 860 1676 859
8122 2 2 1 71 241 1755 242
8123 2 2 1 71 1795 4133 109
8124 2 2 1 71 167 2376 1735
8125 2 2 1 71 166 3240 2376
8126 2 2 1 71 3130 3908 731
8127 2 2 1 71 1691 3907 465
8128 2 2 1 71 258 1646 259
8129 2 2 1 71 317 1668 318
8130 2 2 1 71 315 3249 316
8131 2 2 1 71 330 1664 315
8132 2 2 1 71 316 3034 317
8133 2 2 1 71 822 2298 821
8134 2 2 1 71 489 3142 490
8135 2 2 1 71 502 2565 487
8136 2 2 1 71 3195 3459 1905
8137 2 2 1 71 3106 3917 949
8138 2 2 1 71 82 3792 83
8139 2 2 1 71 600 4109 2185
8140 2 2 1 71 1683 3430 480
8141 2 2 1 71 554 2575 555
8142 2 2 1 71 557 2973 558
8143 2 2 1 71 556 1715 557
8144 2 2 1 71 558 1620 559
8145 2 2 1 71 466 3907 3058
8146 2 2 1 71 2488 2507 878
8147 2 2 1 71 3142 4429 36
8148 2 2 1 71 37 4429 174
8149 2 2 1 71 1622 3400 389
8150 2 2 1 71 790 3083 791
8151 2 2 1 71 788 1824 789
8152 2 2 1 71 618 3479 1097
8153 2 2 1 71 207 3191 208
8154 2 2 1 71 1670 2716 149
8155 2 2 1 71 150 2716 1752
8156 2 2 1 71 628 2818 1637
8157 2 2 1 71 76 3727 77
8158 2 2 1 71 238 2982 239
8159 2 2 1 71 240 3066 241
8160 2 2 1 71 239 1632 240
8161 2 2 1 71 277 2887 1733
8162 2 2 1 71 373 1758 374
8163 2 2 1 71 383 3198 384
8164 2 2 1 71 421 2828 422
8165 2 2 1 71 1642 3105 443
8166 2 2 1 71 2170 2718 441
8167 2 2 1 71 442 2718 1642
8168 2 2 1 71 403 3103 1855
8169 2 2 1 71 407 2934 1851
8170 2 2 1 71 449 1738 450
8171 2 2 1 71 452 3035 453
8172 2 2 1 71 1905 3459 482
8173 2 2 1 71 94 1902 95
8174 2 2 1 71 481 3430 1905
8175 2 2 1 71 51 2806 52
8176 2 2 1 71 183 2972 1653
8177 2 2 1 71 187 2942 1706
8178 2 2 1 71 1829 3410 2549
8179 2 2 1 71 1686 2818 627
8180 2 2 1 71 96 2291 81
8181 2 2 1 71 81 2461 82
8182 2 2 1 71 2277 4372 603
8183 2 2 1 71 194 3806 3377
8184 2 2 1 71 246 1783 247
8185 2 2 1 71 248 1652 249
8186 2 2 1 71 247 2996 248
8187 2 2 1 71 817 3279 816
8188 2 2 1 71 820 1778 819
8189 2 2 1 71 818 1763 817
8190 2 2 1 71 1634 3826 354
8191 2 2 1 71 355 3367 1634
8192 2 2 1 71 1714 3367 356
8193 2 2 1 71 727 1782 728
8194 2 2 1 71 311 2566 1628
8195 2 2 1 71 3784 4109 98
8196 2 2 1 71 2053 3946 2262
8197 2 2 1 71 2259 3293 742
8198 2 2 1 71 1900 2259 741
8199 2 2 1 71 67 3377 2153
8200 2 2 1 71 86 3202 87
8201 2 2 1 71 261 3329 262
8202 2 2 1 71 119 4216 120
8203 2 2 1 71 1908 2598 118
8204 2 2 1 71 483 3459 3189
8205 2 2 1 71 90 1640 91
8206 2 2 1 71 2271 4084 416
8207 2 2 1 71 769 2583 615
8208 2 2 1 71 603 4372 604
8209 2 2 1 71 376 3736 3406
8210 2 2 1 71 55 3109 2434
8211 2 2 1 71 1692 2887 276
8212 2 2 1 71 275 2768 1692
8213 2 2 1 71 53 3027 1721
8214 2 2 1 71 1721 3109 54
8215 2 2 1 71 877 3064 2258
8216 2 2 1 71 1669 2771 907
8217 2 2 1 71 906 2770 1669
8218 2 2 1 71 897 2772 1810
8219 2 2 1 71 908 2771 1912
8220 2 2 1 71 211 2095 212
8221 2 2 1 71 210 1913 211
8222 2 2 1 71 209 3021 210
8223 2 2 1 71 208 1629 209
8224 2 2 1 71 75 4033 76
8225 2 2 1 71 72 2728 73
8226 2 2 1 71 420 3291 421
8227 2 2 1 71 438 3022 439
8228 2 2 1 71 439 1623 420
8229 2 2 1 71 437 1693 438
8230 2 2 1 71 1621 2775 594
8231 2 2 1 71 2093 2774 596
8232 2 2 1 71 597 2774 1790
8233 2 2 1 71 595 2775 2093
8234 2 2 1 71 1790 2097 598
8235 2 2 1 71 2160 3363 520
8236 2 2 1 71 174 4429 175
8237 2 2 1 71 222 3736 223
8238 2 2 1 71 1814 3077 203
8239 2 2 1 71 89 3074 90
8240 2 2 1 71 87 1667 88
8241 2 2 1 71 2134 3002 736
8242 2 2 1 71 1767 2778 734
8243 2 2 1 71 733 3435 1767
8244 2 2 1 71 732 3908 3435
8245 2 2 1 71 735 2778 2134
8246 2 2 1 71 811 2988 1734
8247 2 2 1 71 1855 2779 404
8248 2 2 1 71 1923 2934 406
8249 2 2 1 71 405 2779 1923
8250 2 2 1 71 298 3035 2433
8251 2 2 1 71 797 3015 1766
8252 2 2 1 71 3406 3736 222
8253 2 2 1 71 566 3992 553
8254 2 2 1 71 387 3417 373
8255 2 2 1 71 386 1641 387
8256 2 2 1 71 384 1626 385
8257 2 2 1 71 2097 2336 599
8258 2 2 1 71 2050 2942 186
8259 2 2 1 71 704 2811 1799
8260 2 2 1 71 693 2810 1702
8261 2 2 1 71 816 3279 2436
8262 2 2 1 71 464 1691 465
8263 2 2 1 71 882 4464 881
8264 2 2 1 71 1649 3213 460
8265 2 2 1 71 192 3041 1832
8266 2 2 1 71 1832 3806 193
8267 2 2 1 71 3377 3806 2153
8268 2 2 1 71 896 4193 2589
8269 2 2 1 71 662 4346 4341
8270 2 2 1 71 672 3203 673
8271 2 2 1 71 604 4404 605
8272 2 2 1 71 395 3374 396
8273 2 2 1 71 391 2380 392
8274 2 2 1 71 630 3216 631
8275 2 2 1 71 2598 4216 119
8276 2 2 1 71 1655 3406 221
8277 2 2 1 71 2 3020 1785
8278 2 2 1 71 1785 3318 3
8279 2 2 1 71 19 4161 1
8280 2 2 1 71 487 4241 488
8281 2 2 1 71 2436 4315 2959
8282 2 2 1 71 746 3003 1906
8283 2 2 1 71 467 1665 468
8284 2 2 1 71 466 3058 467
8285 2 2 1 71 604 4372 393
8286 2 2 1 71 1672 3016 477
8287 2 2 1 71 393 4372 394
8288 2 2 1 71 286 1760 287
8289 2 2 1 71 290 1759 291
8290 2 2 1 71 1654 3158 526
8291 2 2 1 71 280 2433 1819
8292 2 2 1 71 876 2258 2012
8293 2 2 1 71 2012 2385 875
8294 2 2 1 71 2045 2316 296
8295 2 2 1 71 3733 4133 7
8296 2 2 1 71 553 4081 554
8297 2 2 1 71 601 2185 1770
8298 2 2 1 71 1770 2277 602
8299 2 2 1 71 1751 2837 201
8300 2 2 1 71 202 2837 1814
8301 2 2 1 71 411 1656 412
8302 2 2 1 71 2053 2262 794
8303 2 2 1 71 2262 2988 795
8304 2 2 1 71 1766 2053 796
8305 2 2 1 71 476 2839 1672
8306 2 2 1 71 673 1644 674
8307 2 2 1 71 655 1625 656
8308 2 2 1 71 496 1725 497
8309 2 2 1 71 140 4327 141
8310 2 2 1 71 1663 3120 133
8311 2 2 1 71 136 1815 137
8312 2 2 1 71 633 1709 634
8313 2 2 1 71 632 3097 633
8314 2 2 1 71 631 1639 632
8315 2 2 1 71 1650 3722 893
8316 2 2 1 71 894 3722 1643
8317 2 2 1 71 225 969 226
8318 2 2 1 71 1 4161 3020
8319 2 2 1 71 36 4429 37
8320 2 2 1 71 125 3461 2767
8321 2 2 1 71 1776 3461 124
8322 2 2 1 71 60 3717 1809
8323 2 2 1 71 1618 3717 59
8324 2 2 1 71 1876 4420 3876
8325 2 2 1 71 3035 4452 453
8326 2 2 1 71 366 3848 1907
8327 2 2 1 71 2348 4188 2596
8328 2 2 1 71 45 3101 46
8329 2 2 1 71 32 2997 1793
8330 2 2 1 71 2009 3784 97
8331 2 2 1 71 528 1836 529
8332 2 2 1 71 1833 2870 524
8333 2 2 1 71 525 2870 1654
8334 2 2 1 71 523 2869 1833
8335 2 2 1 71 488 4276 489
8336 2 2 1 71 1822 3003 745
8337 2 2 1 71 892 3751 1650
8338 2 2 1 71 2049 2565 502
8339 2 2 1 71 2596 3832 2348
8340 2 2 1 71 3210 3843 3406
8341 2 2 1 71 330 3104 1664
8342 2 2 1 71 2541 3140 666
8343 2 2 1 71 1809 4007 61
8344 2 2 1 71 2276 2583 768
8345 2 2 1 71 431 2401 432
8346 2 2 1 71 288 1741 289
8347 2 2 1 71 289 3224 290
8348 2 2 1 71 509 1712 508
8349 2 2 1 71 511 2091 510
8350 2 2 1 71 510 3127 509
8351 2 2 1 71 427 1685 428
8352 2 2 1 71 881 2977 880
8353 2 2 1 71 880 2488 878
8354 2 2 1 71 791 3083 1762
8355 2 2 1 71 42 3138 43
8356 2 2 1 71 44 3200 45
8357 2 2 1 71 43 1748 44
8358 2 2 1 71 1879 3788 853
8359 2 2 1 71 138 3134 139
8360 2 2 1 71 251 1711 252
8361 2 2 1 71 2261 4302 105
8362 2 2 1 71 256 1695 257
8363 2 2 1 71 22 2283 1917
8364 2 2 1 71 1801 3824 218
8365 2 2 1 71 2575 4081 533
8366 2 2 1 71 866 4123 865
8367 2 2 1 71 449 3154 1738
8368 2 2 1 71 2263 2909 698
8369 2 2 1 71 1747 2908 696
8370 2 2 1 71 699 2909 2019
8371 2 2 1 71 697 2908 2263
8372 2 2 1 71 378 3843 1732
8373 2 2 1 71 576 3414 575
8374 2 2 1 71 390 3400 2008
8375 2 2 1 71 3723 4403 2097
8376 2 2 1 71 350 2691 349
8377 2 2 1 71 616 3009 617
8378 2 2 1 71 617 3479 618
8379 2 2 1 71 1931 2439 34
8380 2 2 1 71 3294 4213 423
8381 2 2 1 71 605 4404 2380
8382 2 2 1 71 241 3066 1755
8383 2 2 1 71 414 3040 415
8384 2 2 1 71 415 2271 416
8385 2 2 1 71 495 3306 496
8386 2 2 1 71 494 1697 495
8387 2 2 1 71 493 3178 494
8388 2 2 1 71 219 3824 3407
8389 2 2 1 71 317 3034 1668
8390 2 2 1 71 316 3249 3034
8391 2 2 1 71 1664 3249 315
8392 2 2 1 71 483 3189 484
8393 2 2 1 71 2348 3832 593
8394 2 2 1 71 531 3196 532
8395 2 2 1 71 530 1719 531
8396 2 2 1 71 834 4113 835
8397 2 2 1 71 833 2697 834
8398 2 2 1 71 550 1688 549
8399 2 2 1 71 1648 4214 362
8400 2 2 1 71 141 4327 2284
8401 2 2 1 71 208 3191 1629
8402 2 2 1 71 574 3414 1660
8403 2 2 1 71 429 2048 430
8404 2 2 1 71 430 3307 431
8405 2 2 1 71 393 4404 604
8406 2 2 1 71 76 4033 3727
8407 2 2 1 71 2095 3459 3195
8408 2 2 1 71 1715 2973 557
8409 2 2 1 71 558 2973 1620
8410 2 2 1 71 511 4315 2091
8411 2 2 1 71 2181 4205 885
8412 2 2 1 71 3297 3773 1131
8413 2 2 1 71 373 3417 1758
8414 2 2 1 71 384 3198 1626
8415 2 2 1 71 548 2143 546
8416 2 2 1 71 479 1683 480
8417 2 2 1 71 421 3291 2828
8418 2 2 1 71 1632 3066 240
8419 2 2 1 71 239 2982 1632
8420 2 2 1 71 176 4276 177
8421 2 2 1 71 177 4241 178
8422 2 2 1 71 860 2554 1676
8423 2 2 1 71 593 3832 592
8424 2 2 1 71 2461 3792 82
8425 2 2 1 71 2008 2380 391
8426 2 2 1 71 919 2442 920
8427 2 2 1 71 915 3463 916
8428 2 2 1 71 554 4081 2575
8429 2 2 1 71 2728 4210 73
8430 2 2 1 71 575 3414 574
8431 2 2 1 71 2291 2461 81
8432 2 2 1 71 3992 4081 553
8433 2 2 1 71 2097 4403 2336
8434 2 2 1 71 1783 2996 247
8435 2 2 1 71 248 2996 1652
8436 2 2 1 71 1763 3279 817
8437 2 2 1 71 87 3202 1667
8438 2 2 1 71 253 1740 254
8439 2 2 1 71 255 3381 256
8440 2 2 1 71 592 3832 591
8441 2 2 1 71 4109 4403 99
8442 2 2 1 71 396 3374 1699
8443 2 2 1 71 493 4438 3178
8444 2 2 1 71 90 3074 1640
8445 2 2 1 71 231 1801 218
8446 2 2 1 71 899 4294 1773
8447 2 2 1 71 127 2469 128
8448 2 2 1 71 1913 2095 211
8449 2 2 1 71 1629 3021 209
8450 2 2 1 71 210 3021 1913
8451 2 2 1 71 1623 3291 420
8452 2 2 1 71 1693 3022 438
8453 2 2 1 71 439 3022 1623
8454 2 2 1 71 517 3398 2160
8455 2 2 1 71 116 2009 97
8456 2 2 1 71 685 2270 1749
8457 2 2 1 71 392 4404 393
8458 2 2 1 71 2385 4341 2944
8459 2 2 1 71 2096 3839 157
8460 2 2 1 71 1641 3417 387
8461 2 2 1 71 481 1905 482
8462 2 2 1 71 358 3793 357
8463 2 2 1 71 29 1743 30
8464 2 2 1 71 673 3203 1644
8465 2 2 1 71 695 4204 1747
8466 2 2 1 71 631 3216 1639
8467 2 2 1 71 1643 4193 895
8468 2 2 1 71 2380 4404 392
8469 2 2 1 71 290 3224 1759
8470 2 2 1 71 467 3058 1665
8471 2 2 1 71 519 3363 2378
8472 2 2 1 71 917 3297 918
8473 2 2 1 71 918 3718 919
8474 2 2 1 71 916 3773 917
8475 2 2 1 71 4341 4346 2944
8476 2 2 1 71 120 4216 206
8477 2 2 1 71 642 1826 643
8478 2 2 1 71 681 4298 1878
8479 2 2 1 71 378 1732 379
8480 2 2 1 71 159 3141 160
8481 2 2 1 71 110 3733 111
8482 2 2 1 71 496 3306 1725
8483 2 2 1 71 516 3398 517
8484 2 2 1 71 106 3347 107
8485 2 2 1 71 768 2583 769
8486 2 2 1 71 1639 3097 632
8487 2 2 1 71 633 3097 1709
8488 2 2 1 71 357 1714 356
8489 2 2 1 71 355 1634 354
8490 2 2 1 71 45 3200 3101
8491 2 2 1 71 894 1643 895
8492 2 2 1 71 892 1650 893
8493 2 2 1 71 155 4092 156
8494 2 2 1 71 58 1618 59
8495 2 2 1 71 60 1809 61
8496 2 2 1 71 431 3307 2401
8497 2 2 1 71 881 4464 2977
8498 2 2 1 71 219 3407 220
8499 2 2 1 71 220 1655 221
8500 2 2 1 71 1741 3224 289
8501 2 2 1 71 2091 3127 510
8502 2 2 1 71 509 3127 1712
8503 2 2 1 71 1748 3200 44
8504 2 2 1 71 43 3138 1748
8505 2 2 1 71 26 2460 27
8506 2 2 1 71 28 3836 29
8507 2 2 1 71 256 3381 1695
8508 2 2 1 71 1907 4061 365
8509 2 2 1 71 125 2767 126
8510 2 2 1 71 123 1776 124
8511 2 2 1 71 326 1936 327
8512 2 2 1 71 361 1648 362
8513 2 2 1 71 519 2378 518
8514 2 2 1 71 3009 3479 617
8515 2 2 1 71 3347 4218 107
8516 2 2 1 71 415 3040 2271
8517 2 2 1 71 366 1907 365
8518 2 2 1 71 364 4061 1631
8519 2 2 1 71 1697 3306 495
8520 2 2 1 71 494 3178 1697
8521 2 2 1 71 1719 3196 531
8522 2 2 1 71 2697 4113 834
8523 2 2 1 71 2460 4302 27
8524 2 2 1 71 28 4302 3836
8525 2 2 1 71 2048 3307 430
8526 2 2 1 71 880 2977 2488
8527 2 2 1 71 710 4418 1689
8528 2 2 1 71 108 4218 1795
8529 2 2 1 71 310 2566 311
8530 2 2 1 71 108 1795 109
8531 2 2 1 71 2185 4109 3784
8532 2 2 1 71 919 3718 2442
8533 2 2 1 71 380 4327 381
8534 2 2 1 71 3463 3773 916
8535 2 2 1 71 229 1757 230
8536 2 2 1 71 2169 2691 351
8537 2 2 1 71 1787 4089 324
8538 2 2 1 71 156 2096 157
8539 2 2 1 71 564 1829 565
8540 2 2 1 71 488 4241 177
8541 2 2 1 71 9 1720 10
8542 2 2 1 71 899 1773 900
8543 2 2 1 71 364 1631 363
8544 2 2 1 71 266 1876 267
8545 2 2 1 71 177 4276 488
8546 2 2 1 71 263 1651 264
8547 2 2 1 71 1635 4170 322
8548 2 2 1 71 323 4170 1787
8549 2 2 1 71 357 3793 1714
8550 2 2 1 71 29 3836 1743
8551 2 2 1 71 653 1848 654
8552 2 2 1 71 3297 3718 918
8553 2 2 1 71 917 3773 3297
8554 2 2 1 71 3035 4289 2433
8555 2 2 1 71 662 4341 663
8556 2 2 1 71 1773 4317 900
8557 2 2 1 71 321 1635 322
8558 2 2 1 71 2264 4218 3347
8559 2 2 1 71 1720 4356 10
8560 2 2 1 71 2336 4403 4109
8561 2 2 1 71 308 2351 309
8562 2 2 1 71 665 2541 666
8563 2 2 1 71 681 1878 682
8564 2 2 1 71 323 1787 324
8565 2 2 1 71 220 3407 1655
8566 2 2 1 71 901 4317 1690
8567 2 2 1 71 156 4092 2096
8568 2 2 1 71 644 1617 645
8569 2 2 1 71 1651 4420 264
8570 2 2 1 71 452 4289 3035
8571 2 2 1 71 1899 2806 12
8572 2 2 1 71 11 4356 1899
8573 2 2 1 71 724 2733 725
8574 2 2 1 71 901 1690 902
8575 2 2 1 71 710 1689 709
8576 2 2 1 71 11 1899 12
8577 2 2 1 71 684 2270 685
8578 2 2 1 71 351 2691 350
8579 2 2 1 71 754 4391 1674
8580 2 2 1 71 1616 4391 753
8581 2 2 1 71 750 1696 751
8582 2 2 1 71 227 3215 228
8583 2 2 1 71 754 1674 755
8584 2 2 1 71 752 1616 753
8585 2 2 1 71 651 1657 652
8586 2 2 1 71 931 3733 7
8587 2 2 1 71 154 153 17
8588 2 2 1 71 24 2264 25
8589 2 2 1 71 62 2506 63
8590 2 2 1 71 91 4333 92
8591 2 2 1 71 122 1776 123
8592 2 2 1 71 126 2469 127
8593 2 2 1 71 158 3141 159
8594 2 2 1 71 206 4216 207
8595 2 2 1 71 223 970 224
8596 2 2 1 71 223 3736 970
8597 2 2 1 71 225 970 969
8598 2 2 1 71 228 1757 229
8599 2 2 1 71 230 3774 231
8600 2 2 1 71 235 3321 236
8601 2 2 1 71 250 4162 251
8602 2 2 1 71 265 1876 266
8603 2 2 1 71 281 3055 282
8604 2 2 1 71 307 2351 308
8605 2 2 1 71 309 2566 310
8606 2 2 1 71 313 1659 314
8607 2 2 1 71 325 1936 326
8608 2 2 1 71 363 1648 361
8609 2 2 1 71 362 4214 372
8610 2 2 1 71 371 369 370
8611 2 2 1 71 426 2446 427
8612 2 2 1 71 478 2357 479
8613 2 2 1 71 484 2373 485
8614 2 2 1 71 504 503 1069
8615 2 2 1 71 513 2959 512
8616 2 2 1 71 812 2522 514
8617 2 2 1 71 527 2451 528
8618 2 2 1 71 533 4081 534
8619 2 2 1 71 563 1829 564
8620 2 2 1 71 567 1120 568
8621 2 2 1 71 573 4141 572
8622 2 2 1 71 579 2117 580
8623 2 2 1 71 582 583 1199
8624 2 2 1 71 770 615 771
8625 2 2 1 71 771 615 1007
8626 2 2 1 71 619 1097 1098
8627 2 2 1 71 635 3001 636
8628 2 2 1 71 671 1839 672
8629 2 2 1 71 678 4177 679
8630 2 2 1 71 680 4298 681
8631 2 2 1 71 687 1681 688
8632 2 2 1 71 722 706 1127
8633 2 2 1 71 716 1085 715
8634 2 2 1 71 757 3130 758
8635 2 2 1 71 758 3293 759
8636 2 2 1 71 837 3852 838
8637 2 2 1 71 1152 837 1151
8638 2 2 1 71 849 1036 1035
8639 2 2 1 71 1033 3849 850
8640 2 2 1 71 851 3258 1033
8641 2 2 1 71 862 2554 861
8642 2 2 1 71 863 3258 864
8643 2 2 1 71 869 1137 868
8644 2 2 1 71 898 4294 899
8645 2 2 1 71 1151 4113 1150
8646 2 2 1 71 4 115 5
8647 2 2 1 71 5 113 6
8648 2 2 1 71 114 113 5
8649 2 2 1 71 115 114 5
8650 2 2 1 71 113 112 6
8651 2 2 1 71 6 112 931
8652 2 2 1 71 50 15 14
8653 2 2 1 71 50 63 15
8654 2 2 1 71 17 153 18
8655 2 2 1 71 155 154 17
8656 2 2 1 71 18 152 19
8657 2 2 1 71 153 152 18
8658 2 2 1 71 30 2720 31
8659 2 2 1 71 943 75 74
8660 2 2 1 71 74 4210 943
8661 2 2 1 71 112 111 931
8662 2 2 1 71 951 121 206
8663 2 2 1 71 951 938 121
8664 2 2 1 71 224 970 225
8665 2 2 1 71 226 969 227
8666 2 2 1 71 242 2868 243
8667 2 2 1 71 257 3150 258
8668 2 2 1 71 349 1060 347
8669 2 2 1 71 348 1052 360
8670 2 2 1 71 349 2691 1060
8671 2 2 1 71 368 1138 367
8672 2 2 1 71 970 3736 376
8673 2 2 1 71 1069 503 505
8674 2 2 1 71 812 514 515
8675 2 2 1 71 1042 535 537
8676 2 2 1 71 539 3846 538
8677 2 2 1 71 551 3974 550
8678 2 2 1 71 1143 551 552
8679 2 2 1 71 1143 3974 551
8680 2 2 1 71 569 1120 567
8681 2 2 1 71 619 1098 620
8682 2 2 1 71 623 3227 624
8683 2 2 1 71 629 3085 630
8684 2 2 1 71 706 705 1127
8685 2 2 1 71 705 707 1127
8686 2 2 1 71 715 1085 714
8687 2 2 1 71 772 1007 773
8688 2 2 1 71 801 802 803
8689 2 2 1 71 808 805 806
8690 2 2 1 71 808 806 807
8691 2 2 1 71 813 1056 822
8692 2 2 1 71 845 1121 843
8693 2 2 1 71 847 1128 846
8694 2 2 1 71 848 1035 847
8695 2 2 1 71 847 1035 865
8696 2 2 1 71 849 1032 1036
8697 2 2 1 71 1037 1032 850
8698 2 2 1 71 1038 1037 850
8699 2 2 1 71 1077 857 856
8700 2 2 1 71 856 1916 1077
8701 2 2 1 71 867 1128 866
8702 2 2 1 71 870 1137 869
8703 2 2 1 71 950 938 951
8704 2 2 1 71 1036 1032 1037
8705 2 2 1 72 719 930 718
8706 2 2 1 72 718 930 717
8707 2 2 1 72 719 720 930
8708 2 2 1 72 720 721 930
$EndElements
