$MeshFormat
2.2 0 8
$EndMeshFormat
$PhysicalNames
2
2 1 "matrix"
2 2 "inclusions"
$EndPhysicalNames
$Nodes
7303
1 0.6488674141056421 0.1914589098236995 0
2 0.6470249988674949 0.198334897101104 0
3 0.6419914268282375 0.2033684691403613 0
4 0.635115439550833 0.2052108843785085 0
5 0.6282394522734286 0.2033684691403613 0
6 0.6133185494687143 0.192930890519001 0
7 0.6108490969825717 0.1904614380328584 0
8 0.6099452146392048 0.1870881032033488 0
9 0.6108490969825717 0.1837147683738393 0
10 0.6133185494687143 0.1812453158876967 0
11 0.6166918842982239 0.1803414335443298 0
12 0.635115439550833 0.1777069352688905 0
13 0.6419914268282375 0.1795493505070377 0
14 0.6470249988674949 0.184582922546295 0
15 0.1600939158313786 0.1354639005702499 0
16 0.1578811508695413 0.127205749307465 0
17 0.1600939158313786 0.1189475980446801 0
18 0.1661393021323262 0.1129022117437325 0
19 0.1743974533951111 0.1106894467818952 0
20 0.1856507154719333 0.1130477241062386 0
21 0.1925109755904452 0.1148859252648613 0
22 0.1975330345503344 0.1199079842247505 0
23 0.1993712357089571 0.1267682443432624 0
24 0.1975330345503344 0.1336285044617742 0
25 0.1925109755904452 0.1386505634216634 0
26 0.182655604657896 0.1415092868711975 0
27 0.1743974533951111 0.1437220518330347 0
28 0.1661393021323262 0.1415092868711975 0
29 0.04048411638924438 0.2071850705291294 0
30 0.0382237840863922 0.2156207455253629 0
31 0.03204844139301085 0.2217960882187442 0
32 0.02361276639677732 0.2240564205215964 0
33 0.01517709140054379 0.2217960882187442 0
34 0.009001748707162444 0.2156207455253629 0
35 0.006876381279085504 0.2086247961036203 0
36 0.006080517133103578 0.2056545906748934 0
37 0.006876381279085502 0.2026843852461664 0
38 0.009001748707162438 0.1987493955328958 0
39 0.01517709140054378 0.1925740528395145 0
40 0.02361276639677731 0.1903137205366623 0
41 0.03204844139301084 0.1925740528395145 0
42 0.03822378408639219 0.1987493955328958 0
43 0.488526999027672 0.2893563386522723 0
44 0.4899761331296843 0.2839480965565815 0
45 0.4939352411233627 0.2799889885629032 0
46 0.5063842868036628 0.2719936542722449 0
47 0.5147878792892069 0.2697419184522231 0
48 0.5315968722923243 0.2697478000237539 0
49 0.5394043015558472 0.2718397943898779 0
50 0.545119736453246 0.2775552292872767 0
51 0.54721173081937 0.2853626585507995 0
52 0.545119736453246 0.2931700878143223 0
53 0.5394043015558472 0.2988855227117211 0
54 0.5315968722923243 0.3009775170778451 0
55 0.5147878792892069 0.3033562883943997 0
56 0.4993434832190535 0.3001728228436539 0
57 0.4939352411233627 0.2987236887416416 0
58 0.4899761331296844 0.2947645807479631 0
59 0.159975803952557 0.6830793054269428 0
60 0.1621830514033099 0.6748417457958563 0
61 0.1682133635836436 0.6688114336155226 0
62 0.1764509232147301 0.6666041861647697 0
63 0.1846884828458167 0.6688114336155225 0
64 0.1907187950261504 0.6748417457958563 0
65 0.2020546887868667 0.6897760466575672 0
66 0.2039523048667046 0.6968580462807819 0
67 0.2020546887868667 0.7039400459039965 0
68 0.19687030524349 0.7091244294473733 0
69 0.1897883056202753 0.7110220455272112 0
70 0.1827063059970607 0.7091244294473733 0
71 0.1682133635836436 0.697347177238363 0
72 0.1621830514033099 0.6913168650580294 0
73 0.4808623458861603 0.1002198998709265 0
74 0.4786278701888476 0.1085590767015755 0
75 0.4725231690555113 0.1146637778349118 0
76 0.4641839922248623 0.1168982535322245 0
77 0.4558448153942133 0.1146637778349118 0
78 0.4398317377880216 0.1083797601992455 0
79 0.4349860091356922 0.1035340315469161 0
80 0.4332123493490935 0.09691464310798803 0
81 0.4349860091356922 0.09029525466905994 0
82 0.4398317377880216 0.08544952601673053 0
83 0.4464511262269497 0.08367586623013183 0
84 0.4641839922248623 0.08354154620962852 0
85 0.4725231690555113 0.08577602190694124 0
86 0.4786278701888476 0.09188072304027751 0
87 0.6299379792813108 0.478547451441426 0
88 0.6322069067571436 0.4700796988229288 0
89 0.638405731899808 0.4638808736802645 0
90 0.6468734845183052 0.4616119462044316 0
91 0.6553412371368024 0.4638808736802645 0
92 0.6695396152083388 0.4713050200958608 0
93 0.6743057173652112 0.4760711222527332 0
94 0.6760502318316584 0.4825817388760527 0
95 0.6743057173652113 0.4890923554993722 0
96 0.6695396152083388 0.4938584576562446 0
97 0.6630289985850193 0.4956029721226918 0
98 0.6468734845183052 0.4954829566784203 0
99 0.638405731899808 0.4932140292025874 0
100 0.6322069067571436 0.4870152040599232 0
101 0.53194155254845 0.6279901592838635 0
102 0.5338944098906185 0.6207019964629562 0
103 0.5392297153693572 0.6153666909842176 0
104 0.5465178781902644 0.613413833642049 0
105 0.5641634809397167 0.6131886113439122 0
106 0.5822761558875503 0.6161429943424115 0
107 0.5901949126704459 0.6182648188274469 0
108 0.6018837025915685 0.6281883554807058 0
109 0.6041452013917998 0.6304498542809371 0
110 0.6049729674033125 0.6335391190926811 0
111 0.6041452013917998 0.6366283839044251 0
112 0.6018837025915685 0.6388898827046564 0
113 0.5901949126704459 0.6456961969889585 0
114 0.5822761558875503 0.6478180214739939 0
115 0.5641634809397167 0.6471357238622011 0
116 0.5465178781902644 0.6425664849256779 0
117 0.5392297153693572 0.6406136275835094 0
118 0.5338944098906185 0.6352783221047708 0
119 0.6911396039835698 0.4965048696739613 0
120 0.6973173458378064 0.4903271278197247 0
121 0.705756298148716 0.4880659173630517 0
122 0.7141952504596256 0.4903271278197247 0
123 0.7203729923138622 0.4965048696739613 0
124 0.7226342027705352 0.504943821984871 0
125 0.7203729923138622 0.5133827742957806 0
126 0.7121844688949451 0.5293155527516716 0
127 0.7006001916236526 0.5424775240290268 0
128 0.6970067580805912 0.5460709575720882 0
129 0.6920980365739582 0.5473862455356598 0
130 0.6871893150673252 0.5460709575720882 0
131 0.6835958815242638 0.5424775240290268 0
132 0.6822805935606922 0.5375688025223938 0
133 0.682182699048074 0.5212766027496981 0
134 0.684336729209097 0.5132376527477246 0
135 0.2065011900917531 0.2008501045033238 0
136 0.2043068780296132 0.2090393886068912 0
137 0.1983119059881857 0.2150343606483186 0
138 0.1901226218846183 0.2172286727104585 0
139 0.1819333377810509 0.2150343606483187 0
140 0.1665171602815441 0.2036451452652475 0
141 0.1523236939503987 0.1908516012893108 0
142 0.1464490617212106 0.1849769690601228 0
143 0.1340627886361717 0.1713127234313242 0
144 0.1235399580079962 0.1570736922809548 0
145 0.1225191979142431 0.1532641637487293 0
146 0.1235399580079962 0.1494546352165037 0
147 0.1263287264464686 0.1466658667780314 0
148 0.1301382549786941 0.1456451066842782 0
149 0.1339477835109196 0.1466658667780314 0
150 0.1523859246114552 0.1529895874560407 0
151 0.168373487676322 0.1630525431050113 0
152 0.1835169063296571 0.1742007213941474 0
153 0.1983119059881857 0.1866658483583289 0
154 0.2043068780296131 0.1926608203997564 0
155 0.5137142264876786 0.2453379229029936 0
156 0.5119053637359625 0.252088690596317 0
157 0.5069634587943553 0.2570305955379242 0
158 0.5002126911010319 0.2588394582896403 0
159 0.4805935803760683 0.2549812919776971 0
160 0.4611594354884058 0.2501409195571802 0
161 0.402780914411273 0.2350166556665688 0
162 0.3967091511361289 0.233389731600361 0
163 0.3922643119271925 0.2289448923914247 0
164 0.3906373878609847 0.2228731291162806 0
165 0.3922643119271925 0.2168013658411365 0
166 0.3967091511361288 0.2123565266322002 0
167 0.402780914411273 0.2107296025659924 0
168 0.4224684831125576 0.2143411664982099 0
169 0.4417942786546936 0.2182848908829187 0
170 0.5002126911010319 0.2318363875163469 0
171 0.5069634587943553 0.233645250268063 0
172 0.5119053637359625 0.2385871552096703 0
173 0.3579507912039416 0.6348087006548861 0
174 0.3589604316996689 0.631040671027453 0
175 0.3670820943450301 0.6223939035001761 0
176 0.373000634491383 0.6164753633538231 0
177 0.3890605034220933 0.6119596613709178 0
178 0.3973184521818869 0.6097469506695935 0
179 0.413036931577058 0.6117139607112413 0
180 0.418007747226003 0.6130458867501001 0
181 0.4216466368360893 0.6166847763601863 0
182 0.4229785628749481 0.6216555920091313 0
183 0.4216466368360893 0.6266264076580764 0
184 0.418007747226003 0.6302652972681626 0
185 0.4055764009416805 0.6405660350074437 0
186 0.3973184521818869 0.642778745708768 0
187 0.3810855106846191 0.6466485320798844 0
188 0.373000634491383 0.6444821960330012 0
189 0.3617188208313748 0.6413351194140252 0
190 0.3589604316996689 0.6385767302823193 0
191 0.4559577418065396 0.7142234638227849 0
192 0.4494453469086558 0.7159684547764654 0
193 0.4298735746831279 0.7122647883744117 0
194 0.3906305231943706 0.7039638908079827 0
195 0.3515863030347943 0.6937680427876324 0
196 0.345923382080651 0.6922506676911684 0
197 0.3417778362229717 0.688105121833489 0
198 0.3402604611265077 0.6824422008793457 0
199 0.3417778362229717 0.6767792799252024 0
200 0.345923382080651 0.672633734067523 0
201 0.3515863030347943 0.671116358971059 0
202 0.4104536629615665 0.6810150459935971 0
203 0.4298735746831279 0.6850392218647187 0
204 0.4494453469086558 0.6899188751849302 0
205 0.4559577418065395 0.6916638661386108 0
206 0.4607251457507428 0.696431270082814 0
207 0.4624701367044233 0.7029436649806978 0
208 0.4607251457507428 0.7094560598785816 0
209 0.5911359739062891 0.5926999413332862 0
210 0.5889869093277261 0.6007203595292302 0
211 0.5831155557103452 0.6065917131466111 0
212 0.5750951375144012 0.6087407777251741 0
213 0.5358997212966203 0.6001802197439896 0
214 0.4770094283718682 0.5867563134979012 0
215 0.4709525796856723 0.5851333857837575 0
216 0.46651865871362 0.5806994648117053 0
217 0.4648957309994763 0.5746426161255094 0
218 0.46651865871362 0.5685857674393134 0
219 0.4709525796856723 0.5641518464672612 0
220 0.4770094283718682 0.5625289187531175 0
221 0.5556008117393116 0.5723885526643017 0
222 0.5750951375144012 0.5766591049413983 0
223 0.5831155557103452 0.5788081695199613 0
224 0.5889869093277261 0.5846795231373422 0
225 0.6039038139305608 0.2287220450985543 0
226 0.5954333988955611 0.2309916859667389 0
227 0.5556862797299355 0.2268978345200866 0
228 0.5158781589468313 0.2226746232009064 0
229 0.4960197208763688 0.220305943616399 0
230 0.4879382854062077 0.2181405295084851 0
231 0.4820222640439604 0.2122245081462379 0
232 0.4798568499360464 0.2041430726760767 0
233 0.4820222640439604 0.1960616372059155 0
234 0.4879382854062076 0.1901456158436682 0
235 0.4960197208763688 0.1879802017357543 0
236 0.5756802734843249 0.1943756069828229 0
237 0.5954333988955611 0.1971100258267404 0
238 0.6039038139305608 0.199379666694925 0
239 0.6101045880973758 0.20558044086174 0
240 0.6123742289655604 0.2140508558967397 0
241 0.6101045880973758 0.2225212709317393 0
242 0.0478319684307279 0.3583096566809231 0
243 0.04573508687149894 0.3504839881644264 0
244 0.04783196843072789 0.3426583196479296 0
245 0.05356075538799566 0.3369295326906619 0
246 0.1041245263597216 0.3046133837992702 0
247 0.1389942625106505 0.2850705619936237 0
248 0.146202752152878 0.2831390530153408 0
249 0.1534112417951055 0.2850705619936237 0
250 0.15868822245905 0.2903475426575682 0
251 0.160619731437333 0.2975560322997957 0
252 0.15868822245905 0.3047645219420232 0
253 0.1534112417951055 0.3100415026059677 0
254 0.08637572964107924 0.3537195547708621 0
255 0.06921209242098915 0.3640384436381909 0
256 0.06138642390449241 0.3661353251974199 0
257 0.05356075538799567 0.3640384436381909 0
258 0.3587790115639821 0.2674419145407684 0
259 0.3565110170683174 0.2759061852298756 0
260 0.3503147408748748 0.2821024614233182 0
261 0.3418504701857675 0.284370455918983 0
262 0.3333861994966603 0.2821024614233182 0
263 0.3271899233032177 0.2759061852298756 0
264 0.3147447561195316 0.2634420001556798 0
265 0.3093509395004693 0.247266644256965 0
266 0.3086633061675877 0.2447003617216732 0
267 0.3093509395004692 0.2421340791863814 0
268 0.3112295887028795 0.2402554299839711 0
269 0.3137958712381714 0.2395677966510895 0
270 0.3275294984789835 0.241298176827431 0
271 0.3349107729217331 0.2432759833534783 0
272 0.3503147408748748 0.2527813676582185 0
273 0.3565110170683174 0.2589776438516611 0
274 0.6429473154741523 0.1340942457619733 0
275 0.6512837840172125 0.1363279957758138 0
276 0.6573865025464324 0.1424307143050336 0
277 0.6596202525602728 0.1507671828480938 0
278 0.6573865025464324 0.1591036513911541 0
279 0.6512837840172125 0.1652063699203739 0
280 0.6429473154741523 0.1674401199342143 0
281 0.6232451163958501 0.1710965759522042 0
282 0.5837884956490562 0.1773629289277297 0
283 0.5442113352305818 0.1830149547735958 0
284 0.5359954720534 0.1808135208701453 0
285 0.5299810427796687 0.174799091596414 0
286 0.5277796088762182 0.1665832284192322 0
287 0.5299810427796687 0.1583673652420504 0
288 0.5359954720534 0.152352935968319 0
289 0.5442113352305818 0.1501515020648685 0
290 0.5639446080951561 0.146877959575235 0
291 0.4414487273567951 0.5762439155777147 0
292 0.4490894443630863 0.5782912395291452 0
293 0.454682837417947 0.5838846325840059 0
294 0.4567301613693774 0.591525349590297 0
295 0.454682837417947 0.5991660665965881 0
296 0.4490894443630863 0.6047594596514488 0
297 0.4414487273567951 0.6068067836028793 0
298 0.4229529209934716 0.6047001011131941 0
299 0.4178075005724469 0.6033213898666618 0
300 0.4140407913979544 0.5995546806921694 0
301 0.4126620801514223 0.5944092602711447 0
302 0.4140407913979544 0.5892638398501201 0
303 0.4178075005724469 0.5854971306756276 0
304 0.433808010350504 0.5782912395291452 0
305 0.5355767514128202 0.526530410038328 0
306 0.5375650693087031 0.5191099066292947 0
307 0.5429972548218536 0.5136777211161442 0
308 0.5504177582308869 0.5116894032202614 0
309 0.5689388010874492 0.5105953610896682 0
310 0.5881353861234244 0.5118724389278883 0
311 0.606907690921076 0.5144351007794343 0
312 0.6141775901828748 0.5163830644156889 0
313 0.6309765946926376 0.52234193813348 0
314 0.6346401336934301 0.5260054771342725 0
315 0.6359810820354752 0.5310099644771101 0
316 0.6346401336934301 0.5360144518199478 0
317 0.6309765946926376 0.5396779908207403 0
318 0.6259721073497999 0.5410189391627854 0
319 0.606907690921076 0.5435146978266296 0
320 0.5881353861234244 0.5453763026563171 0
321 0.5689388010874492 0.5443908391478863 0
322 0.5504177582308869 0.5413714168563947 0
323 0.5429972548218536 0.5393830989605118 0
324 0.5375650693087031 0.5339509134473613 0
325 0.8987150519933911 0.5521700956860833 0
326 0.8964768765267094 0.5438171111281731 0
327 0.8987150519933911 0.5354641265702629 0
328 0.9048298610846197 0.5293493174790342 0
329 0.9131828456425299 0.5271111420123525 0
330 0.9215358302004402 0.5293493174790342 0
331 0.9276506392916688 0.5354641265702629 0
332 0.9298888147583505 0.5438171111281731 0
333 0.9276506392916688 0.5521700956860833 0
334 0.9215358302004402 0.558284904777312 0
335 0.9172563109976047 0.5594318090637148 0
336 0.9117759437656893 0.5609002690377325 0
337 0.9062955765337738 0.5594318090637148 0
338 0.9048298610846197 0.558284904777312 0
339 0.446898228180875 0.1488068696672319 0
340 0.4491598553938327 0.1403663620006936 0
341 0.4589967175675409 0.1291814332613804 0
342 0.4641253266112298 0.1240528242176914 0
343 0.4711311368509876 0.1221756230216226 0
344 0.4781369470907454 0.1240528242176914 0
345 0.4832655561344343 0.1291814332613804 0
346 0.4851427573305032 0.1361872435011382 0
347 0.4832655561344343 0.1431930537408959 0
348 0.4783986316340705 0.1572473773337702 0
349 0.4722197511804899 0.1634262577873508 0
350 0.463500926194547 0.1706496899123146 0
351 0.4586223107697026 0.1719569109755836 0
352 0.4537436953448583 0.1706496899123146 0
353 0.450172300983283 0.1670782955507393 0
354 0.4488650799200139 0.1621996801258949 0
355 0.3641679543578333 0.5527164760860884 0
356 0.3654610039759502 0.5478907492145688 0
357 0.3689936812293529 0.5443580719611661 0
358 0.3850624065994051 0.5399899643829602 0
359 0.3925666590034063 0.5379792060115088 0
360 0.4113636779131888 0.5375701123938099 0
361 0.4305713656654522 0.5379782423457251 0
362 0.4496809736462967 0.5410555013679924 0
363 0.4573324757670955 0.5431057151821455 0
364 0.4629337640737412 0.5487070034887912 0
365 0.4649839778878943 0.55635850560959 0
366 0.4629337640737412 0.5640100077303888 0
367 0.4573324757670955 0.5696112960370345 0
368 0.4496809736462967 0.5716615098511876 0
369 0.4305713656654522 0.5716035222494773 0
370 0.4113636779131888 0.5712747703376939 0
371 0.3925666590034063 0.5679962156275135 0
372 0.3850624065994051 0.5659854572560621 0
373 0.3689936812293529 0.5610748802110107 0
374 0.3654610039759502 0.557542202957608 0
375 0.1532991607427864 0.225066069215826 0
376 0.161217934159132 0.2229442402738712 0
377 0.180680243102783 0.225697561385219 0
378 0.1995750128592 0.2306999794169102 0
379 0.2080749690649165 0.2329775358179318 0
380 0.245254435911966 0.2438415902736976 0
381 0.2621289448428009 0.2530324837853847 0
382 0.2667840121022428 0.2576875510448267 0
383 0.2684878849755238 0.2640464911775495 0
384 0.2667840121022428 0.2704054313102724 0
385 0.2621289448428009 0.2750604985697143 0
386 0.255770004710078 0.2767643714429953 0
387 0.2183968077532361 0.269797843313253 0
388 0.161217934159132 0.2546193339392535 0
389 0.1532991607427864 0.2524975049972986 0
390 0.1475022162683957 0.2467005605229079 0
391 0.1453803873264409 0.2387817871065623 0
392 0.1475022162683957 0.2308630136902168 0
393 0.43762476867533 0.2894128319953769 0
394 0.4298875712583314 0.2914860077949419 0
395 0.4221503738413328 0.2894128319953769 0
396 0.3539839136737753 0.2493791651268867 0
397 0.3512978523256265 0.2466931037787379 0
398 0.3503146856360806 0.2430238757410432 0
399 0.3512978523256265 0.2393546477033485 0
400 0.3539839136737753 0.2366685863551997 0
401 0.35765314171147 0.2356854196656538 0
402 0.3613223697491647 0.2366685863551997 0
403 0.4002547020386129 0.2483568057301794 0
404 0.4192305257409482 0.254923637819524 0
405 0.43762476867533 0.2626103939265124 0
406 0.4432887902927636 0.2682744155439461 0
407 0.4453619660923286 0.2760116129609447 0
408 0.4432887902927636 0.2837488103779433 0
409 0.8483039905564231 0.3713441412135413 0
410 0.8502606628854247 0.3786465417591391 0
411 0.8483039905564231 0.3859489423047369 0
412 0.8429582623398268 0.3912946705213332 0
413 0.835655861794229 0.3932513428503347 0
414 0.8283534612486312 0.3912946705213332 0
415 0.8140015492994539 0.3847317509847908 0
416 0.8115328878198744 0.3822630895052113 0
417 0.8106292950050042 0.3788908352107616 0
418 0.8115328878198744 0.3755185809163119 0
419 0.8140015492994539 0.3730499194367323 0
420 0.8283534612486312 0.365998412996945 0
421 0.835655861794229 0.3640417406679435 0
422 0.8429582623398268 0.365998412996945 0
423 0.09714989292549728 0.559126878787419 0
424 0.1029056934247913 0.5606691408829995 0
425 0.1071192318285049 0.564882679286713 0
426 0.1086614939240853 0.570638479786007 0
427 0.1071192318285049 0.576394280285301 0
428 0.1029056934247913 0.5806078186890146 0
429 0.09714989292549728 0.5821500807845951 0
430 0.07736185774191472 0.5841406871926398 0
431 0.01760740139022922 0.5895052301384531 0
432 0.01244465177044227 0.5881218755471072 0
433 0.008665256742001311 0.5843424805186661 0
434 0.007281902150655309 0.5791797308988792 0
435 0.008665256742001307 0.5740169812790923 0
436 0.01244465177044226 0.5702375862506512 0
437 0.01760740139022922 0.5688542316593053 0
438 0.05733951331380892 0.563408088620918 0
439 1 0.5658072437523669 0
440 1 0.5806992694944759 0
441 2.016616040823038e-17 0.5658072437523669 0
442 0.005442608441470931 0.5732532566234214 0
443 2.103352214621879e-17 0.5806992694944759 0
444 0.1420452248735273 0.548930183576818 0
445 0.15016924389855 0.5511070079138679 0
446 0.1561164385865227 0.5570542026018407 0
447 0.1582932629235727 0.5651782216268634 0
448 0.1561164385865228 0.5733022406518861 0
449 0.145783893194699 0.5896089835864897 0
450 0.1246062757739173 0.6223815556868502 0
451 0.1120371379248087 0.6378271607465545 0
452 0.09807759174617342 0.6520360173725082 0
453 0.09501187095386679 0.6551017381648148 0
454 0.09082401847066579 0.6562238698557092 0
455 0.08663616598746479 0.6551017381648148 0
456 0.08357044519515816 0.6520360173725082 0
457 0.08244831350426378 0.6478481648893072 0
458 0.08661214885154896 0.6310145554568045 0
459 0.08843758093728948 0.6242019501670545 0
460 0.1057734114874365 0.5890836059330369 0
461 0.1163577494306346 0.5726197915630946 0
462 0.1279740111605319 0.5570542026018407 0
463 0.1339212058485047 0.5511070079138679 0
464 0.1217429461471776 0.6826177061791295 0
465 0.1194825885853187 0.6741819369149994 0
466 0.1201724475768395 0.6602699773848011 0
467 0.1220164537925773 0.6533880524981949 0
468 0.1270543724634458 0.6483501338273264 0
469 0.133936297350052 0.6465061276115887 0
470 0.1408182222366582 0.6483501338273264 0
471 0.1458561409075266 0.6533880524981949 0
472 0.1509653080799803 0.6657461676508692 0
473 0.1532256656418393 0.6741819369149994 0
474 0.1509653080799803 0.6826177061791295 0
475 0.145353109817198 0.6907828293840389 0
476 0.1425000948006218 0.6936358444006151 0
477 0.1386028038106002 0.6946801203740605 0
478 0.1347055128205786 0.6936358444006151 0
479 0.1279183578494488 0.6887931178814007 0
480 0.3877397753127867 0.7307352047446577 0
481 0.385673398312994 0.7384470286954761 0
482 0.3800279513619683 0.7440924756465017 0
483 0.3723161274111499 0.7461588526462946 0
484 0.3646043034603315 0.7440924756465017 0
485 0.3293417257525463 0.7283371333992105 0
486 0.3120708833892779 0.7192022189560583 0
487 0.2959945669199177 0.7093638919402868 0
488 0.2912736109967398 0.7046429360171088 0
489 0.28010360048681 0.6919840152555597 0
490 0.2792498164134769 0.6887976497151874 0
491 0.28010360048681 0.6856112841748151 0
492 0.2824361819538492 0.6832787027077759 0
493 0.2856225474942216 0.6824249186344428 0
494 0.3024435126411254 0.6852960988534857 0
495 0.3200876864109206 0.6892831027650161 0
496 0.3281044894325632 0.6914311986605446 0
497 0.3640146548325017 0.7064946870722077 0
498 0.3800279513619683 0.7173779338428137 0
499 0.385673398312994 0.7230233807938393 0
500 0.4053109672872293 0.7428505241551346 0
501 0.4075112138188818 0.7346390923098299 0
502 0.413522399132534 0.7286279069961779 0
503 0.4217338309778387 0.7264276604645252 0
504 0.4417067194068521 0.727445773397125 0
505 0.501510328797506 0.7323412515167392 0
506 0.5213975742064033 0.7348714520677542 0
507 0.5288323754264274 0.7368636010505455 0
508 0.53427502766366 0.7423062532877781 0
509 0.5362671766464513 0.7497410545078022 0
510 0.53427502766366 0.7571758557278262 0
511 0.5288323754264274 0.7626185079650588 0
512 0.5213975742064033 0.7646106569478501 0
513 0.4615831081171419 0.762406997054516 0
514 0.4217338309778387 0.7592733878457441 0
515 0.413522399132534 0.7570731413140914 0
516 0.4075112138188818 0.7510619560004393 0
517 0.5078376063974681 0.1053818423499161 0
518 0.5139603390818049 0.09925910966557919 0
519 0.5223241474691904 0.0970180339625306 0
520 0.5306879558565759 0.09925910966557917 0
521 0.5368106885409127 0.1053818423499161 0
522 0.5390517642439614 0.1137456507373015 0
523 0.5368106885409127 0.122109459124687 0
524 0.5298665780342532 0.1376545326112919 0
525 0.5188652286024306 0.1511635712721909 0
526 0.5153071401809822 0.1547216596936392 0
527 0.5104467010083725 0.1560240104448006 0
528 0.5055862618357628 0.1547216596936392 0
529 0.5020281734143145 0.1511635712721909 0
530 0.5007258226631532 0.1463031320995812 0
531 0.5000332577121727 0.1296607185234514 0
532 0.5021751937414541 0.1216669044356109 0
533 0.09954019275294307 0.2830403167547845 0
534 0.09235583377266357 0.2811152735678834 0
535 0.08709651797928525 0.2758559577745051 0
536 0.08517147479238407 0.2686715987942255 0
537 0.08709651797928525 0.2614872398139461 0
538 0.09235583377266357 0.2562279240205677 0
539 0.1065254128313407 0.2472528592026114 0
540 0.1150251582347821 0.2449753592858891 0
541 0.1302914847708276 0.2443009571710011 0
542 0.1369525503270448 0.2460857843075203 0
543 0.1418287887467429 0.2509620227272183 0
544 0.1436136158832621 0.2576230882834356 0
545 0.1418287887467429 0.2642841538396528 0
546 0.1369525503270449 0.2691603922593508 0
547 0.1235249036382236 0.2766968409829325 0
548 0.1150251582347821 0.2789743408996548 0
549 0.3710584803437808 0.4714544839347332 0
550 0.3633959691625591 0.4694013202517303 0
551 0.3577866216643401 0.4637919727535114 0
552 0.3557334579813373 0.4561294615722896 0
553 0.3577866216643401 0.4484669503910679 0
554 0.3633959691625591 0.4428576028928489 0
555 0.3710584803437808 0.4408044392098461 0
556 0.3907670328889866 0.4396159799581638 0
557 0.4107660295137832 0.4386398760339334 0
558 0.4305670734457029 0.4377661880878591 0
559 0.4701749277692037 0.4395834342686176 0
560 0.47376881047127 0.4405464122363284 0
561 0.4763997152056254 0.4431773169706839 0
562 0.4773626931733362 0.4467711996727501 0
563 0.4763997152056254 0.4503650823748164 0
564 0.47376881047127 0.4529959871091718 0
565 0.4555072251481683 0.4580024089339619 0
566 0.4504196336749305 0.4593656249606354 0
567 0.4107660295137832 0.4661667990530787 0
568 1 0.266582367637125 0
569 0.9982406400702838 0.2648230077074087 0
570 1 0.2372418585942986 0
571 0.9950726850950244 0.2359215885446566 0
572 0.9765307496439826 0.2363072868437993 0
573 0.9721762653351989 0.2374740673977919 0
574 0.9689885615804077 0.2406617711525831 0
575 0.9678217810264151 0.2450162554613668 0
576 0.9689885615804077 0.2493707397701505 0
577 0.9721762653351989 0.2525584435249416 0
578 0.9880679278252362 0.2620636985701936 0
579 0.9950726850950244 0.2639406176238094 0
580 0.9978078298050642 0.263207737807572 0
581 0.004373602525068541 0.2709559701621935 0
582 2.55871712706579e-17 0.2665823676371251 0
583 0.02242111709351565 0.2766541458723452 0
584 0.03081353849231003 0.2789028884086938 0
585 0.0487605835865961 0.2800326192964236 0
586 0.06689905372849797 0.2787734326502876 0
587 0.07070675280986005 0.2777531627564159 0
588 0.07349418199735042 0.2749657335689256 0
589 0.07451445189122212 0.2711580344875635 0
590 0.07349418199735042 0.2673503354062014 0
591 0.07070675280986004 0.264562906218711 0
592 0.05579910188925501 0.2537645113808971 0
593 0.0392059598911044 0.2475819453498649 0
594 0.02112916755245295 0.2419344802252395 0
595 0.01275138503876075 0.2396896601663321 0
596 0.00582461686988118 0.241545682103341 0
597 0.002077442364812665 0.2377985075982724 0
598 1.908195823574488e-17 0.2372418585942987 0
599 0.4055055471998169 0.4982280515907284 0
600 0.4138597017311472 0.4959895626306136 0
601 0.43369369886128 0.4973790160324739 0
602 0.4533886573824286 0.5005062762942465 0
603 0.4928176723352206 0.5071057105059373 0
604 0.5124006422425499 0.5110153976439871 0
605 0.5206569475344124 0.5132276679794064 0
606 0.5267009824908555 0.5192717029358496 0
607 0.5289132528262749 0.5275280082277121 0
608 0.5267009824908555 0.5357843135195746 0
609 0.5206569475344124 0.5418283484760177 0
610 0.5124006422425499 0.5440406188114371 0
611 0.4138597017311472 0.5294061807559348 0
612 0.4055055471998169 0.52716769179582 0
613 0.3993898816286013 0.5210520262246044 0
614 0.3971513926684866 0.5126978716932742 0
615 0.3993898816286013 0.5043437171619439 0
616 0.2149411943920057 0.3931481785590507 0
617 0.2131792076562505 0.3865723545389499 0
618 0.2149411943920057 0.3799965305188492 0
619 0.2197550316763512 0.3751826932345036 0
620 0.2263308556964519 0.3734207064987484 0
621 0.2416683671663347 0.3709689261005956 0
622 0.2565874174908905 0.3744153627200342 0
623 0.2628371951673703 0.376089985601321 0
624 0.2674123499625633 0.3806651403965139 0
625 0.2690869728438501 0.3869149180729937 0
626 0.2674123499625633 0.3931646957494735 0
627 0.2628371951673703 0.3977398505446665 0
628 0.2501681361241334 0.4026904957036971 0
629 0.2416683671663347 0.4049680019317903 0
630 0.233168598208536 0.4026904957036971 0
631 0.2197550316763512 0.3979620158433962 0
632 0.5336587857030638 0.660870825428177 0
633 0.5401063675989831 0.6625984497903221 0
634 0.5448263251327574 0.6673184073240964 0
635 0.5465539494949025 0.6737659892200157 0
636 0.5448263251327574 0.6802135711159351 0
637 0.5401063675989831 0.6849335286497094 0
638 0.527270680439863 0.6968456865328421 0
639 0.5119142302452427 0.7032896168255905 0
640 0.504262851939724 0.7053397974635394 0
641 0.4905187162377443 0.7057170995836167 0
642 0.4878879021070837 0.7050121750618699 0
643 0.4859620124981699 0.703086285452956 0
644 0.485257087976423 0.7004554713222954 0
645 0.4859620124981699 0.6978246571916347 0
646 0.4910102759666352 0.682385662546983 0
647 0.4966114736342052 0.6767844648794129 0
648 0.5104143595767419 0.6676496823692328 0
649 0.5272112038071445 0.6625984497903221 0
650 0.07836992368215294 0.1157657929323594 0
651 0.08677938359546092 0.1135124849398066 0
652 0.09518884350876888 0.1157657929323594 0
653 0.1013449954295241 0.1219219448531146 0
654 0.1096059455776263 0.1398052288126887 0
655 0.1253474511354637 0.1763617591319332 0
656 0.1318951610093031 0.1951860661221685 0
657 0.1376861310503065 0.2142481431485409 0
658 0.1394077499800705 0.2206733124656924 0
659 0.1376861310503065 0.227098481782844 0
660 0.132982580662919 0.2318020321702316 0
661 0.1265574113457674 0.2335236510999955 0
662 0.1201322420286158 0.2318020321702316 0
663 0.1154286916412283 0.227098481782844 0
664 0.1051890647872192 0.2106048379649927 0
665 0.08732399318801941 0.1752377454966341 0
666 0.07221377176139775 0.1387408646797305 0
667 0.06996046376884497 0.1303314047664226 0
668 0.07221377176139775 0.1219219448531146 0
669 0.2453038145011277 0.3025343351209335 0
670 0.2436116516640031 0.3088495728037625 0
671 0.2389885768182987 0.3134726476494669 0
672 0.2326733391354697 0.3151648104865915 0
673 0.2166094314538106 0.311176147084969 0
674 0.2083188513252771 0.308954692834743 0
675 0.1915553663576456 0.3028777226784698 0
676 0.1771505817321619 0.292143402123596 0
677 0.1725642015871927 0.2875570219786269 0
678 0.1708854699427215 0.2812919101891866 0
679 0.1725642015871927 0.2750267983997463 0
680 0.1771505817321618 0.2704404182547772 0
681 0.1834156935216022 0.2687616866103059 0
682 0.1998205814986459 0.2720315198367692 0
683 0.2080857966396462 0.2742461775590697 0
684 0.2249000115823441 0.280235280821061 0
685 0.2389885768182987 0.2915960225924001 0
686 0.2436116516640031 0.2962190974381045 0
687 0.5384355761726084 0.3740315608514093 0
688 0.5362133699557952 0.3823249473574516 0
689 0.530142189666566 0.3883961276466809 0
690 0.5218488031605236 0.3906183338634941 0
691 0.5135554166544812 0.3883961276466809 0
692 0.4562053602282855 0.3713329828654515 0
693 0.4372849127266871 0.3650544859778467 0
694 0.418847028769332 0.3578826124075683 0
695 0.4128437382148191 0.3518793218530554 0
696 0.4106463813655682 0.3436786744492916 0
697 0.4128437382148191 0.3354780270455278 0
698 0.418847028769332 0.3294747364910149 0
699 0.4270476761730958 0.327277379641764 0
700 0.4352483235768596 0.3294747364910149 0
701 0.4923828161230462 0.3474987666500954 0
702 0.530142189666566 0.3596669940561377 0
703 0.5362133699557952 0.3657381743453668 0
704 0.2891625265767735 0.5907984935610834 0
705 0.29753177289375 0.5930410263529744 0
706 0.3036584864188355 0.5991677398780599 0
707 0.3059010192107264 0.6075369861950364 0
708 0.3036584864188355 0.6159062325120128 0
709 0.29753177289375 0.6220329460370984 0
710 0.2891625265767735 0.6242754788289894 0
711 0.2710374330344754 0.6268055460866641 0
712 0.2525411284337437 0.6246093499940281 0
713 0.2482401977541555 0.6234569190917302 0
714 0.2450916979768651 0.6203084193144399 0
715 0.2439392670745673 0.6160074886348517 0
716 0.2450916979768651 0.6117065579552635 0
717 0.2482401977541555 0.6085580581779731 0
718 0.2638099185295953 0.5998320947420108 0
719 0.280793280259797 0.5930410263529744 0
720 0.2594744756168849 0.1800483625601508 0
721 0.2609372249114448 0.1745893078741177 0
722 0.264933530302918 0.1705930024826445 0
723 0.2703925849889511 0.1691302531880846 0
724 0.2758516396749842 0.1705930024826445 0
725 0.3134230489901929 0.181307501629295 0
726 0.3162912143184824 0.1841756669575846 0
727 0.3173410356908901 0.1880936536582818 0
728 0.3162912143184824 0.1920116403589791 0
729 0.3134230489901929 0.1948798056872687 0
730 0.3095050622894956 0.1959296270596764 0
731 0.2703925849889511 0.190966471932217 0
732 0.264933530302918 0.1895037226376571 0
733 0.2609372249114448 0.1855074172461839 0
734 0.4015871711026076 0.1859032415929076 0
735 0.3938832442240907 0.1838389806072606 0
736 0.3882435783312209 0.1781993147143908 0
737 0.3861793173455739 0.170495387835874 0
738 0.3882435783312209 0.1627914609573572 0
739 0.3938832442240907 0.1571517950644873 0
740 0.4015871711026076 0.1550875340788404 0
741 0.4161288914232968 0.1516540411040545 0
742 0.4243446957271024 0.1538554592324314 0
743 0.4348295375277839 0.1575902188305475 0
744 0.437611254238673 0.1603719355414366 0
745 0.4386294332209901 0.1641718312346429 0
746 0.437611254238673 0.1679717269278492 0
747 0.4303590819025311 0.1763014540154713 0
748 0.4243446957271024 0.1823158401909001 0
749 0.4161288914232968 0.1845172583192769 0
750 0.5859922616110866 0.2938070745623468 0
751 0.5774963500679072 0.2915306019253857 0
752 0.5712769111616891 0.2853111630191674 0
753 0.5690004385247279 0.2768152514759881 0
754 0.5728672416872095 0.2613673820187077 0
755 0.5746798372389985 0.2546026833258576 0
756 0.5796319403800596 0.2496505801847965 0
757 0.5863966390729098 0.2478379846330074 0
758 0.59316133776576 0.2496505801847965 0
759 0.5981134409068211 0.2546026833258576 0
760 0.5999260364586102 0.2613673820187077 0
761 0.6029840846974454 0.2768152514759881 0
762 0.6007076120604842 0.2853111630191674 0
763 0.5944881731542661 0.2915306019253857 0
764 0.652325633072139 0.646212649104677 0
765 0.6450312626335267 0.6442581284363574 0
766 0.6396914128632341 0.6389182786660648 0
767 0.6377368921949145 0.6316239082274525 0
768 0.6396914128632341 0.6243295377888403 0
769 0.6450312626335267 0.6189896880185476 0
770 0.6600211554905403 0.6058146835113164 0
771 0.675144184322448 0.5926662840925854 0
772 0.7212453665129908 0.5543012590785887 0
773 0.7284341361294259 0.5523750340652916 0
774 0.735622905745861 0.5543012590785887 0
775 0.7408854503489989 0.5595638036817266 0
776 0.742811675362296 0.5667525732981618 0
777 0.7408854503489989 0.5739413429145969 0
778 0.735622905745861 0.5792038875177348 0
779 0.7058251105170135 0.6060874202796798 0
780 0.6596200035107512 0.6442581284363574 0
781 0.2374087619187667 0.1635669691913396 0
782 0.2291926301995168 0.1613654633322588 0
783 0.2231780043393477 0.1553508374720897 0
784 0.220976498480267 0.1471347057528398 0
785 0.2231780043393477 0.1389185740335899 0
786 0.2291926301995168 0.1329039481734208 0
787 0.2391518837248013 0.1251289857468682 0
788 0.2464824407664724 0.1231647689074822 0
789 0.2538129978081434 0.1251289857468682 0
790 0.2591793380104284 0.1304953259491532 0
791 0.2611435548498144 0.1378258829908243 0
792 0.2591793380104284 0.1451564400324953 0
793 0.2516395194981857 0.1553508374720897 0
794 0.2456248936380166 0.1613654633322588 0
795 0.479802509653272 0.007320915308534711 0
796 0.4817641429980504 2.125036258071589e-17 0
797 0.4819316147014013 0.01526684352280487 0
798 0.4877484378675421 0.02108366668894566 0
799 0.5003374392698129 0.02513507081979142 0
800 0.508135151239355 0.02722446144484073 0
801 0.5159328632088972 0.02513507081979142 0
802 0.5216411845533899 0.01942674947529862 0
803 0.5237305751784392 0.01162903750575651 0
804 0.5216411845533899 0.0038313255362144 0
805 0.5178098590171756 1.994931997373328e-17 0
806 0.4819316147014013 0.9993749870942645 0
807 0.4877484378675421 0.9935581639281238 0
808 0.4817641429980506 1 0
809 0.5178098590171754 1 0
810 0.5159328632088971 0.9981230041917216 0
811 0.5036402942960824 0.9935581639281238 0
812 0.4956943660818123 0.9914290588799944 0
813 0.2543735305798987 0.3027551752838145 0
814 0.2612448805629878 0.3009140026049342 0
815 0.268116230546077 0.3027551752838145 0
816 0.2731464078502858 0.3077853525880233 0
817 0.2838614961922591 0.3246508560487619 0
818 0.3045645311261538 0.3585191291437325 0
819 0.3142169470668605 0.3759489865384036 0
820 0.3236083901320032 0.3933300023855397 0
821 0.3243243266974351 0.3960019140227277 0
822 0.3236083901320032 0.3986738256599156 0
823 0.3216524150602471 0.4006298007316718 0
824 0.3189805034230591 0.4013457372971036 0
825 0.3163085917858712 0.4006298007316718 0
826 0.3024411868587005 0.3877247467465637 0
827 0.2992858814206615 0.3845694413085247 0
828 0.2730368003619544 0.3539006345196595 0
829 0.2609516949069196 0.3378778359879335 0
830 0.2493433532756899 0.3215280525542016 0
831 0.2475021805968096 0.3146567025711124 0
832 0.2493433532756899 0.3077853525880233 0
833 0.3470397155684273 0.3374186534823791 0
834 0.3553935182606912 0.335180258797258 0
835 0.363747320952955 0.3374186534823791 0
836 0.3990925108752502 0.354771248388411 0
837 0.4153102024394187 0.365092002258729 0
838 0.4476756476196219 0.386991826712422 0
839 0.4507276982196166 0.3900438773124167 0
840 0.4518448262728502 0.394213055965645 0
841 0.4507276982196166 0.3983822346188733 0
842 0.4476756476196219 0.4014342852188681 0
843 0.4435064689663936 0.4025514132721016 0
844 0.4251523408551946 0.3998304028195257 0
845 0.4188326578902115 0.3981370488726378 0
846 0.4002493596209505 0.3911781472251247 0
847 0.3823656692668025 0.3837429879043996 0
848 0.3643098090040522 0.3762008742800836 0
849 0.3470397155684274 0.3663570748811924 0
850 0.3409243075612846 0.3602416668740496 0
851 0.3386859128761635 0.3518878641817857 0
852 0.3409243075612846 0.3435340614895219 0
853 0.1060652762086308 0.3911318183960708 0
854 0.1082372769530143 0.3830258012639541 0
855 0.1141712933407474 0.377091784876221 0
856 0.1222773104728641 0.3749197841318375 0
857 0.1303833276049807 0.377091784876221 0
858 0.1363173439927139 0.3830258012639541 0
859 0.1384893447370974 0.3911318183960708 0
860 0.1386151416724508 0.4298419564494014 0
861 0.1370997677845355 0.4354974087915644 0
862 0.1329596893302878 0.4396374872458121 0
863 0.1273042369881248 0.4411528611337274 0
864 0.1216487846459617 0.4396374872458121 0
865 0.117508706191714 0.4354974087915644 0
866 0.1122734099600511 0.4173721564215874 0
867 0.1103976281061876 0.4103716432390528 0
868 0.4774549154117783 0.4698459308069121 0
869 0.4793322838427885 0.4768523651759682 0
870 0.4774549154117783 0.4838587995450242 0
871 0.4723258494737325 0.48898786548307 0
872 0.4653194151046764 0.4908652339140803 0
873 0.4452517593407138 0.4910183374671342 0
874 0.3858312539069312 0.4869645106883635 0
875 0.383215464006031 0.4862636118968478 0
876 0.3813005728966465 0.4843487207874633 0
877 0.3805996741051308 0.4817329308865631 0
878 0.3813005728966465 0.4791171409856629 0
879 0.383215464006031 0.4772022498762784 0
880 0.3858312539069312 0.4765013510847627 0
881 0.4057046542100377 0.4715180961806109 0
882 0.4254873886299614 0.4666320270355898 0
883 0.4452517593407138 0.4636233771166161 0
884 0.4653194151046764 0.4628394964378561 0
885 0.4723258494737325 0.4647168648688663 0
886 0.3395053258702928 0.7631916852099653 0
887 0.3417601592069841 0.7716068377850975 0
888 0.3395053258702928 0.7800219903602298 0
889 0.3356518434691085 0.7932643534015387 0
890 0.3304289272459005 0.7984872696247468 0
891 0.3232942910031603 0.8003989896442789 0
892 0.3161596547604201 0.7984872696247468 0
893 0.310936738537212 0.7932643534015387 0
894 0.3090250185176799 0.7861297171587985 0
895 0.3080995489064553 0.7716068377850975 0
896 0.3103543822431467 0.7631916852099654 0
897 0.3169384561126348 0.7533682950697272 0
898 0.3200977138159307 0.7502090373664313 0
899 0.3244133400957347 0.7490526687899233 0
900 0.3287289663755387 0.7502090373664313 0
901 0.3318882240788346 0.7533682950697272 0
902 0.8043181371344716 0.408775864002219 0
903 0.8020867703827962 0.4171034380897918 0
904 0.7959905630468989 0.4231996454256891 0
905 0.7876629889593261 0.4254310121773646 0
906 0.7793354148717533 0.4231996454256891 0
907 0.7646807970871399 0.4099203843424195 0
908 0.758469619627385 0.4037092068826646 0
909 0.7450208999251584 0.3891981570168045 0
910 0.7318489409467964 0.3746936578104422 0
911 0.7062842329298212 0.3444602051431638 0
912 0.7042570200898478 0.336894543826627 0
913 0.7062842329298212 0.3293288825100901 0
914 0.7118226814063846 0.3237904340335267 0
915 0.7193883427229215 0.3217632211935533 0
916 0.7269540040394583 0.3237904340335267 0
917 0.7324924525160218 0.3293288825100901 0
918 0.8020867703827962 0.4004482899146462 0
919 0.3385708728807985 0.02644087217731055 0
920 0.3408290661697652 0.03486856426504548 0
921 0.3324013740820302 0.02027137337854235 0
922 0.2963624829128035 0.005683817440972362 0
923 0.2884742708969963 0.003570177401611342 0
924 0.2745399027325177 7.697835424647081e-18 0
925 0.2493578292115889 -4.941251401102686e-17 0
926 0.2485007241295645 0.0002296606145569544 0
927 0.2458612787051436 0.002869106038977863 0
928 0.2448951746279029 0.006474655540639422 0
929 0.2458612787051436 0.01008020504230098 0
930 0.2485007241295645 0.01271965046672189 0
931 0.2636130260295453 0.024033690656588 0
932 0.2976384257274159 0.04255002146747192 0
933 0.3155459899065604 0.04946575515154861 0
934 0.3239736819942953 0.05172394844051534 0
935 0.3324013740820302 0.04946575515154861 0
936 0.3385708728807985 0.04329625635278041 0
937 0.2703410919665244 0.9989242067431084 0
938 0.2745399027325168 1 0
939 0.2521062736312261 0.9992635565373164 0
940 0.2493578292115874 1 0
941 0.6211237334107186 0.268823706511765 0
942 0.6230000491915306 0.2618212006867313 0
943 0.6281262392357523 0.2566950106425097 0
944 0.635128745060786 0.2548186948616976 0
945 0.6421312508858197 0.2566950106425096 0
946 0.6782554746794067 0.2730037364896427 0
947 0.6959509767478671 0.2818797230490959 0
948 0.7316523318740904 0.29979110912347 0
949 0.7349673070545014 0.303106084303881 0
950 0.7361806721834468 0.3076344246132374 0
951 0.7349673070545014 0.3121627649225938 0
952 0.7316523318740904 0.3154777401030048 0
953 0.7271239915647341 0.3166911052319502 0
954 0.7225956512553777 0.3154777401030048 0
955 0.6281262392357523 0.2809524023810204 0
956 0.6230000491915306 0.2758262123367987 0
957 -2.797241605012601e-17 0.5310273653887188 0
958 0.002616208893283943 0.5284111564954347 0
959 -2.51534904016637e-17 0.5539117752772977 0
960 0.001812539582477876 0.5516728795894388 0
961 0.002616208893283952 0.5524765489002453 0
962 0.0221195699256397 0.5617415840209607 0
963 0.02953904692539017 0.5637296268913052 0
964 0.08860689342981459 0.554259875119401 0
965 0.09649054357319269 0.5521474574300733 0
966 0.1022617760272431 0.5463762249760229 0
967 0.1043741937165708 0.5384925748326448 0
968 0.1022617760272431 0.5306089246892667 0
969 0.09649054357319267 0.5248376922352163 0
970 0.08860689342981459 0.5227252745458886 0
971 0.009563289284819641 0.5265496919147686 0
972 0.9985756371473051 0.5324517282414134 0
973 1 0.5310273653887186 0
974 1 0.5539117752772977 0
975 0.3840147169994435 0.3960752415048682 0
976 0.3859743149832116 0.4033885607427006 0
977 0.3840147169994435 0.410701879980533 0
978 0.3727968658371539 0.4229342057658001 0
979 0.3665744848444358 0.4291565867585182 0
980 0.3528985850456316 0.437138487538799 0
981 0.346033497130121 0.4389779823017287 0
982 0.3391684092146105 0.437138487538799 0
983 0.3341428160620297 0.4321128943862181 0
984 0.3323033212991 0.4252478064707076 0
985 0.3341428160620297 0.418382718555197 0
986 0.3433522428355609 0.4059343447496433 0
987 0.349574623828279 0.3997119637569252 0
988 0.3640343572697144 0.3907215202508039 0
989 0.3713476765075468 0.3887619222670358 0
990 0.3786609957453792 0.3907215202508039 0
991 0.5942474931451598 0.4349798930451024 0
992 0.5925197390103735 0.4414279592591122 0
993 0.5877994269311501 0.4461482713383356 0
994 0.5813513607171403 0.4478760254731219 0
995 0.5648229743007799 0.4444415466013947 0
996 0.5565234302331719 0.4422176904709326 0
997 0.5401399261586342 0.4353723559827208 0
998 0.5255131008862155 0.4260016650732292 0
999 0.5211399253750729 0.4216284895620867 0
1000 0.5195392320427867 0.4156546207186579 0
1001 0.5211399253750729 0.4096807518752291 0
1002 0.5255131008862155 0.4053075763640865 0
1003 0.5314869697296443 0.4037068830318004 0
1004 0.5483843696918795 0.4046036738365164 0
1005 0.5566288132251249 0.4068127658232935 0
1006 0.5731225183683879 0.4134672264614249 0
1007 0.5877994269311501 0.4238115147518693 0
1008 0.5925197390103735 0.4285318268310927 0
1009 0.8265791942190979 0.3493584365997841 0
1010 0.8249446642901371 0.3432582878584108 0
1011 0.8265791942190979 0.3371581391170375 0
1012 0.8310448130315105 0.3326925203046249 0
1013 0.8439185273871093 0.3276875356230901 0
1014 0.8524076792837746 0.3254128742279535 0
1015 0.8690912842035922 0.3259904746482639 0
1016 0.8764442682089133 0.3279607007744487 0
1017 0.8818270260880497 0.3333434586535851 0
1018 0.8837972522142346 0.3406964426589063 0
1019 0.8818270260880497 0.3480494266642274 0
1020 0.8764442682089133 0.3534321845433638 0
1021 0.8690912842035922 0.3554024106695486 0
1022 0.8524076792837746 0.3593694818146146 0
1023 0.8371449617728838 0.3554585853411574 0
1024 0.8310448130315105 0.3538240554121967 0
1025 0.2144258753707714 0.7339569111989861 0
1026 0.2124266959753582 0.7264958721218593 0
1027 0.2144258753707714 0.7190348330447325 0
1028 0.219887735052485 0.7135729733630188 0
1029 0.2273487741296119 0.7115737939676057 0
1030 0.2447198747699623 0.7105524328350331 0
1031 0.261935719569257 0.7140444257782906 0
1032 0.2691917784508607 0.7159886808958491 0
1033 0.2745035822149061 0.7213004846598944 0
1034 0.2764478373324645 0.7285565435414981 0
1035 0.2745035822149061 0.7358126024231019 0
1036 0.2691917784508608 0.7411244061871471 0
1037 0.261935719569257 0.7430686613047056 0
1038 0.2447198747699623 0.7445489612505743 0
1039 0.2273487741296119 0.7414179502761129 0
1040 0.219887735052485 0.7394187708806997 0
1041 0.6973109176389636 0.7659470401426287 0
1042 0.6894700478939724 0.7638460854265007 0
1043 0.6837301328651092 0.7581061703976375 0
1044 0.6816291781489812 0.7502653006526463 0
1045 0.6837301328651092 0.7424244309076551 0
1046 0.6894700478939724 0.7366845158787919 0
1047 0.7026557562854627 0.7272517587439996 0
1048 0.7109760328250539 0.7250223473644125 0
1049 0.7254725144247252 0.7248632527512603 0
1050 0.7304675660835815 0.7262016728094026 0
1051 0.7341241976842957 0.7298583044101168 0
1052 0.735462617742438 0.7348533560689732 0
1053 0.7341241976842957 0.7398484077278296 0
1054 0.7253871745246493 0.7499831769831862 0
1055 0.7192963093646452 0.7560740421431903 0
1056 0.7051517873839548 0.7638460854265007 0
1057 0.2855429636759035 0.2201611898692788 0
1058 0.2832725721635445 0.2286344063464758 0
1059 0.2770697471987064 0.2348372313113138 0
1060 0.2685965307215094 0.2371076228236729 0
1061 0.2601233142443124 0.2348372313113138 0
1062 0.2446096696830005 0.2288341024729952 0
1063 0.2395216777577857 0.2237461105477804 0
1064 0.237659343458907 0.2167957843236868 0
1065 0.2395216777577857 0.2098454580995933 0
1066 0.2446096696830005 0.2047574661743785 0
1067 0.251559995907094 0.2028951318754998 0
1068 0.2685965307215094 0.2032147569148847 0
1069 0.2770697471987064 0.2054851484272437 0
1070 0.2832725721635445 0.2116879733920818 0
1071 0.6289306751970224 0.08332263820046551 0
1072 0.6268349413653604 0.07550125306156216 0
1073 0.6289306751970224 0.06767986792265883 0
1074 0.6346563265042637 0.06195421661541742 0
1075 0.6495320166846382 0.05365402416109132 0
1076 0.6579594799680648 0.05139589218005421 0
1077 0.6734716094773764 0.0494281469376762 0
1078 0.6797271329171829 0.0511043093916063 0
1079 0.6843064939030592 0.05568367037748267 0
1080 0.6859826563569893 0.06193919381728915 0
1081 0.6843064939030592 0.06819471725709562 0
1082 0.6797271329171829 0.072774078242972 0
1083 0.6663869432514914 0.08284761333272361 0
1084 0.6502990967820704 0.08904828950770691 0
1085 0.6424777116431671 0.09114402333936886 0
1086 0.6346563265042638 0.08904828950770692 0
1087 0.4899519541649722 0.4523012618261806 0
1088 0.49219640483213 0.443924857901266 0
1089 0.4983283580898868 0.4377929046435092 0
1090 0.5067047620148014 0.4355484539763514 0
1091 0.515081165939716 0.4377929046435091 0
1092 0.5536752152911263 0.4481388430501718 0
1093 0.6112157706218363 0.4644312232760521 0
1094 0.6173359219174188 0.4705513745716347 0
1095 0.6195760527666063 0.4789116567164047 0
1096 0.6173359219174188 0.4872719388611747 0
1097 0.6112157706218363 0.4933920901567572 0
1098 0.6028554884770663 0.4956322210059447 0
1099 0.5835116040235183 0.4910265781482347 0
1100 0.5254860978721615 0.4761872306353945 0
1101 0.5170230916971883 0.4739195749652709 0
1102 0.4983283580898868 0.466809619008852 0
1103 0.49219640483213 0.4606776657510952 0
1104 0.5545112492809046 0.3363929467052394 0
1105 0.5624828815746618 0.3342569542697694 0
1106 0.5704545138684189 0.3363929467052394 0
1107 0.5865360798124719 0.3429504921977903 0
1108 0.5907748741206519 0.3471892865059702 0
1109 0.5923263805188627 0.3529795872123609 0
1110 0.5907748741206519 0.3587698879187516 0
1111 0.5865360798124719 0.3630086822269315 0
1112 0.5807457791060813 0.3645601886251422 0
1113 0.5624828815746618 0.366143483444798 0
1114 0.5545112492809046 0.3640074910093279 0
1115 0.5486756094226175 0.3581718511510409 0
1116 0.5465396169871474 0.3502002188572837 0
1117 0.5486756094226175 0.3422285865635266 0
1118 0.3712448859181146 0.7617253728670995 0
1119 0.3757386329138655 0.7605212769885983 0
1120 0.3957232674197868 0.7622865546541082 0
1121 0.4156937015256758 0.7650795825225647 0
1122 0.4185758256690393 0.7658518453592652 0
1123 0.4206856869757024 0.7679617066659283 0
1124 0.4214579498124029 0.7708438308092919 0
1125 0.4206856869757024 0.7737259549526554 0
1126 0.4185758256690393 0.7758358162593185 0
1127 0.4156937015256758 0.776608079096019 0
1128 0.3957232674197868 0.77863025388089 0
1129 0.3757386329138655 0.7784962649716021 0
1130 0.3712448859181146 0.7772921690931008 0
1131 0.3679552348008648 0.7740025179758512 0
1132 0.3667511389223636 0.7695087709801002 0
1133 0.3679552348008648 0.7650150239843492 0
1134 0.6654015832696522 0.7096276282783682 0
1135 0.6631779736405324 0.7013290041662942 0
1136 0.6654015832696522 0.6930303800542201 0
1137 0.6714765977526065 0.6869553655712658 0
1138 0.6890748289618123 0.678643776864659 0
1139 0.7073305264636848 0.672776365899006 0
1140 0.7264685638113153 0.6668217463625714 0
1141 0.7337914811904616 0.6648595765645894 0
1142 0.7508498356297718 0.6604985206481495 0
1143 0.7559637662189314 0.6618687942196636 0
1144 0.7597074232365768 0.6656124512373091 0
1145 0.7610776968080909 0.6707263818264686 0
1146 0.7597074232365768 0.6758403124156281 0
1147 0.7559637662189314 0.6795839694332736 0
1148 0.7411143985696078 0.6921890762831922 0
1149 0.7233632834761133 0.7005459156299383 0
1150 0.7060741577052416 0.7080874779428447 0
1151 0.6880738459767546 0.7157026427613226 0
1152 0.6797752218646805 0.7179262523904423 0
1153 0.6714765977526065 0.7157026427613226 0
1154 0.0617492597532495 0.1751171691261049 0
1155 0.05333135802539825 0.1773727390960472 0
1156 0.04491345629754701 0.1751171691261049 0
1157 0.03055768017044648 0.1643511759906631 0
1158 0.02464463173062408 0.1584381275508407 0
1159 0.01386902921127949 0.1465391750869016 0
1160 0.01239358717937619 0.1410327504602159 0
1161 0.01386902921127948 0.1355263258335301 0
1162 0.01790001180606195 0.1314953432387476 0
1163 0.02340643643274773 0.1300199012068443 0
1164 0.02891286105943349 0.1314953432387476 0
1165 0.04671242893565714 0.1363703303458076 0
1166 0.06174925975324948 0.1459567021545845 0
1167 0.06791159151115844 0.1521190339124934 0
1168 0.07016716148110075 0.1605369356403447 0
1169 0.06791159151115846 0.1689548373681959 0
1170 0.2840116918429938 0.3037935153959984 0
1171 0.2862133886515642 0.2955766710435514 0
1172 0.2922285361954408 0.2895615234996748 0
1173 0.3004453805478877 0.2873598266911044 0
1174 0.3204032201554702 0.288129810771718 0
1175 0.3799513890848135 0.2926710462720231 0
1176 0.3998616632909127 0.2958784224075527 0
1177 0.4051768282341514 0.2973026165617317 0
1178 0.409067799023211 0.3011935873507914 0
1179 0.41049199317739 0.30650875229403 0
1180 0.409067799023211 0.3118239172372687 0
1181 0.4051768282341514 0.3157148880263283 0
1182 0.3998616632909127 0.3171390821805073 0
1183 0.3402537272982966 0.3209899848680267 0
1184 0.3004453805478877 0.3202272041008923 0
1185 0.2922285361954408 0.3180255072923219 0
1186 0.2862133886515642 0.3120103597484453 0
1187 0.5848991666487837 0.3219881446800161 0
1188 0.5828534251022643 0.3143533332892509 0
1189 0.5848991666487837 0.3067185218984858 0
1190 0.5904882364930294 0.3011294520542401 0
1191 0.5981230478837946 0.2990837105077206 0
1192 0.6057578592745597 0.3011294520542401 0
1193 0.6216421958572216 0.3055817187031383 0
1194 0.6252602543917164 0.3091997772376331 0
1195 0.6265845557277205 0.3141421371081321 0
1196 0.6252602543917164 0.3190844969786311 0
1197 0.6216421958572216 0.3227025555131259 0
1198 0.6057578592745597 0.3275772145242617 0
1199 0.5981230478837946 0.3296229560707812 0
1200 0.5904882364930294 0.3275772145242617 0
1201 0.6463621747858433 0.2366220000807279 0
1202 0.6485193418403242 0.2285713430329917 0
1203 0.6544128318335796 0.2226778530397363 0
1204 0.6624634888813158 0.2205206859852555 0
1205 0.670514145929052 0.2226778530397363 0
1206 0.6886452848535551 0.2308567323973958 0
1207 0.7614348094960628 0.2637456543637864 0
1208 0.7667656858956016 0.2690765307633253 0
1209 0.7687169220822677 0.2763586433495303 0
1210 0.7667656858956016 0.2836407559357353 0
1211 0.7614348094960628 0.2889716323352742 0
1212 0.7541526969098578 0.2909228685219403 0
1213 0.7468705843236527 0.2889716323352742 0
1214 0.7093911278982974 0.2747516517254706 0
1215 0.6909799944277197 0.2668847587241117 0
1216 0.6544128318335796 0.2505661471217195 0
1217 0.6485193418403242 0.2446726571284641 0
1218 0.3088174326201074 0.6703930483279377 0
1219 0.3011677645113582 0.6683433259358322 0
1220 0.2955678187947146 0.6627433802191885 0
1221 0.2935180964026091 0.6550937121104394 0
1222 0.2955678187947146 0.6474440440016903 0
1223 0.3011677645113582 0.6418440982850466 0
1224 0.316921026287146 0.6350215014409368 0
1225 0.3254071575373879 0.6327476494255699 0
1226 0.34130275833163 0.6315202060166646 0
1227 0.347999102648855 0.6333144860687058 0
1228 0.3529011669140388 0.6382165503338895 0
1229 0.3546954469660799 0.6449128946511145 0
1230 0.3529011669140388 0.6516092389683394 0
1231 0.347999102648855 0.6565113032335231 0
1232 0.3338932887876297 0.6644183224111706 0
1233 0.3254071575373879 0.6666921744265375 0
1234 0.2711474253081083 0.8010663959295099 0
1235 0.2708732550419489 0.7817704523074058 0
1236 0.2736946286855105 0.7627432489591153 0
1237 0.275207900549629 0.7570956414765607 0
1238 0.2799993426190044 0.7402192980112438 0
1239 0.2820885648173004 0.7381300758129478 0
1240 0.2849424954143232 0.737365367414221 0
1241 0.287796426011346 0.7381300758129478 0
1242 0.289885648209642 0.7402192980112438 0
1243 0.2947717867516104 0.7570956414765607 0
1244 0.2993836459140307 0.7741311160973359 0
1245 0.3014305998822288 0.7817704523074058 0
1246 0.3045522120216677 0.8010663959295099 0
1247 0.3023145156158596 0.8094175926078997 0
1248 0.2962010153432779 0.8155310928804815 0
1249 0.287849818664888 0.8177687892862896 0
1250 0.2794986219864982 0.8155310928804815 0
1251 0.2733851217139164 0.8094175926078997 0
1252 0.4054072125199101 0.8203424773221688 0
1253 0.4076846409506309 0.8288419559362208 0
1254 0.4054072125199101 0.8373414345502728 0
1255 0.4029329630980776 0.8401474181345997 0
1256 0.4001510299828044 0.8429293512498729 0
1257 0.3991851623365789 0.8435634847336039 0
1258 0.3906856837225269 0.8458409131643247 0
1259 0.382186205108475 0.8435634847336039 0
1260 0.3759641549251438 0.8373414345502728 0
1261 0.373686726494423 0.8288419559362208 0
1262 0.3729507004783369 0.8208751183113167 0
1263 0.3742555977643239 0.8160051753413544 0
1264 0.3778206434482991 0.8124401296573791 0
1265 0.3826905864182614 0.8111352323713921 0
1266 0.3906856837225269 0.8118429987081168 0
1267 0.3991851623365789 0.8141204271388377 0
1268 0.5360835229819904 0.04774669858548702 0
1269 0.533872026929512 0.05600011421407454 0
1270 0.5278301073534029 0.06204203379018363 0
1271 0.5195766917248154 0.06425352984266205 0
1272 0.5000312827138105 0.06240954121721526 0
1273 0.4808592966623976 0.05843520191059588 0
1274 0.4751480137818789 0.05690486827501522 0
1275 0.470967064536941 0.05272391903007725 0
1276 0.4694367309013603 0.04701263614955861 0
1277 0.470967064536941 0.04130135326903998 0
1278 0.4751480137818789 0.03712040402410201 0
1279 0.4808592966623976 0.03559007038852135 0
1280 0.5000312827138105 0.03213253970926627 0
1281 0.5195766917248154 0.03123986732831199 0
1282 0.5278301073534029 0.03345136338079041 0
1283 0.533872026929512 0.03949328295689949 0
1284 0.1828183852262707 0.3476498464834105 0
1285 0.1913111993853812 0.3453742037880092 0
1286 0.1998040135444917 0.3476498464834105 0
1287 0.2106270388062765 0.3567301757996177 0
1288 0.2147952957191638 0.360898432712505 0
1289 0.2163209836387807 0.3665923775450092 0
1290 0.2147952957191638 0.3722863223775134 0
1291 0.2106270388062765 0.3764545792904007 0
1292 0.2049330939737724 0.3779802672100175 0
1293 0.1913111993853812 0.3793454604244513 0
1294 0.1828183852262707 0.37706981772905 0
1295 0.1766012137625615 0.3708526462653408 0
1296 0.1743255710671602 0.3623598321062302 0
1297 0.1766012137625615 0.3538670179471197 0
1298 0.8768440809687136 0.2024795471371853 0
1299 0.8689623023710116 0.2045914633473604 0
1300 0.8610805237733096 0.2024795471371853 0
1301 0.8439718039092172 0.1963577060354412 0
1302 0.8277255263020894 0.1876812754912083 0
1303 0.8252586451705131 0.1852143943596321 0
1304 0.8243557040082397 0.1818445720657824 0
1305 0.8252586451705131 0.1784747497719327 0
1306 0.8277255263020894 0.1760078686403564 0
1307 0.831095348595939 0.175104927478083 0
1308 0.8502000869760634 0.1731134371860501 0
1309 0.8689623023710116 0.1730643489565524 0
1310 0.8768440809687136 0.1751762651667275 0
1311 0.8826139433562404 0.1809461275542544 0
1312 0.8847258595664156 0.1888279061519564 0
1313 0.8826139433562404 0.1967096847496584 0
1314 0.3177504612603206 0.5270502493795731 0
1315 0.3094538593605663 0.5248271816006114 0
1316 0.3033803252397737 0.5187536474798188 0
1317 0.301157257460812 0.5104570455800644 0
1318 0.3033803252397737 0.5021604436803101 0
1319 0.3094538593605663 0.4960869095595175 0
1320 0.3177504612603206 0.4938638417805558 0
1321 0.3264331183562994 0.4948444980572663 0
1322 0.3327369850645159 0.4965336140509264 0
1323 0.3373517357790725 0.5011483647654829 0
1324 0.3390408517727325 0.5074522314736994 0
1325 0.3373517357790725 0.513756098181916 0
1326 0.3327369850645159 0.5183708488964724 0
1327 0.326047063160075 0.5248271816006114 0
1328 0.6078579791540539 0.3560703520083356 0
1329 0.609865279833118 0.3485790038880011 0
1330 0.6153493272743885 0.3430949564467306 0
1331 0.622840675394723 0.3410876557676665 0
1332 0.640678062912971 0.3365065215956541 0
1333 0.6591769586493876 0.3356575072241322 0
1334 0.6774716447645512 0.3383706561511239 0
1335 0.6832780700380731 0.3399264831140757 0
1336 0.6875286683486431 0.3441770814246458 0
1337 0.689084495311595 0.3499835066981676 0
1338 0.6875286683486431 0.3557899319716895 0
1339 0.6832780700380732 0.3600405302822596 0
1340 0.6671877964282669 0.3655543608261018 0
1341 0.6591769586493876 0.3677008583396492 0
1342 0.640678062912971 0.3704831754804538 0
1343 0.622840675394723 0.3710530482490046 0
1344 0.6153493272743885 0.3690457475699406 0
1345 0.609865279833118 0.3635617001286701 0
1346 0.1264236934459395 0.7947592329085896 0
1347 0.1278491908774756 0.7894392040680378 0
1348 0.1317437222864913 0.7855446726590222 0
1349 0.1370637511270431 0.784119175227486 0
1350 0.1423837799675949 0.7855446726590222 0
1351 0.1462783113766106 0.7894392040680378 0
1352 0.158971872809018 0.8044349410561944 0
1353 0.1601928366762603 0.8089916402429488 0
1354 0.158971872809018 0.8135483394297032 0
1355 0.155636137489506 0.8168840747492151 0
1356 0.1510794383027516 0.8181050386164576 0
1357 0.1465227391159972 0.8168840747492151 0
1358 0.1317437222864913 0.8039737931581571 0
1359 0.1278491908774756 0.8000792617491415 0
1360 0.5739677591407093 0.7450199109680795 0
1361 0.582350317164665 0.7427738113150535 0
1362 0.5907328751886207 0.7450199109680795 0
1363 0.6250096911163276 0.7639290194309664 0
1364 0.6586612817817612 0.7839579633613065 0
1365 0.6739848085906345 0.7966981637214625 0
1366 0.6775033139756906 0.8002166691065187 0
1367 0.6787911763299735 0.8050230368458577 0
1368 0.6775033139756906 0.8098294045851968 0
1369 0.6739848085906345 0.813347909970253 0
1370 0.6691784408512954 0.8146357723245359 0
1371 0.6643720731119563 0.813347909970253 0
1372 0.6454984856507155 0.8067565950299485 0
1373 0.6265167065604988 0.8000816169689824 0
1374 0.6085319126504216 0.79246936892978 0
1375 0.5908064162452333 0.7838424251908039 0
1376 0.5739677591407093 0.7740579437578503 0
1377 0.5678313007697796 0.7679214853869206 0
1378 0.5655852011167536 0.7595389273629649 0
1379 0.5678313007697796 0.7511563693390092 0
1380 0.2341024075531245 0.1101669857117409 0
1381 0.2264771400060331 0.1122101699930553 0
1382 0.2188518724589417 0.1101669857117409 0
1383 0.2132697891931648 0.1045849024459639 0
1384 0.2023486678152071 0.09341003196399318 0
1385 0.197065618643539 0.07789992723985675 0
1386 0.1956452435293422 0.07259901514786815 0
1387 0.197065618643539 0.06729810305587956 0
1388 0.2009461556213308 0.06341756607808768 0
1389 0.2062470677133194 0.06199719096389096 0
1390 0.211547979805308 0.06341756607808767 0
1391 0.2251014986477421 0.07065720113145814 0
1392 0.2311981012948418 0.07675380377855785 0
1393 0.2396844908189014 0.08933436735178121 0
1394 0.2417276751002158 0.09695963489887258 0
1395 0.2396844908189014 0.1045849024459639 0
1396 0.2630301953191113 0.4458876274559896 0
1397 0.2613631812021971 0.4521090088372476 0
1398 0.2568088139378533 0.4566633761015915 0
1399 0.2505874325565953 0.4583303902185056 0
1400 0.2443660511753373 0.4566633761015915 0
1401 0.2344054636313149 0.4498046965104883 0
1402 0.2281978340993925 0.4435970669785659 0
1403 0.2259256839934264 0.4351172873406773 0
1404 0.225795403759497 0.4239196761180949 0
1405 0.2271148679065839 0.418995368882401 0
1406 0.2307197109951909 0.415390525793794 0
1407 0.2356440182308848 0.414071061646707 0
1408 0.2405683254665787 0.415390525793794 0
1409 0.2513650229070919 0.4204298781708664 0
1410 0.2575726524390143 0.4266375077027888 0
1411 0.2613631812021971 0.4396662460747316 0
1412 0.1287537392787355 0.7729834559954833 0
1413 0.1266062315006952 0.7809980641327791 0
1414 0.1207391311414398 0.7868651644920345 0
1415 0.1127245230041441 0.7890126722700748 0
1416 0.1047099148668484 0.7868651644920345 0
1417 0.09884281450759294 0.7809980641327791 0
1418 0.09191382191877234 0.762778021942316 0
1419 0.08071078228056347 0.7252825193242217 0
1420 0.07854217427955806 0.7171891640827692 0
1421 0.07397450508130002 0.6982429613446569 0
1422 0.06980580030066721 0.6801913211012175 0
1423 0.07141239829354641 0.6741954157644542 0
1424 0.07580170563743055 0.66980610842057 0
1425 0.08179761097419389 0.6681995104276909 0
1426 0.08779351631095721 0.66980610842057 0
1427 0.09218282365484134 0.6741954157644542 0
1428 0.1020711229043937 0.690714495288913 0
1429 0.1160026426155512 0.7267639655822486 0
1430 0.1266062315006952 0.7649688478581876 0
1431 0.8011652715699837 0.7677589228624393 0
1432 0.8034375198018852 0.7592787770135747 0
1433 0.8096454174188483 0.7530708793966114 0
1434 0.818125563267713 0.75079863116471 0
1435 0.8266057091165776 0.7530708793966114 0
1436 0.8328136067335409 0.7592787770135746 0
1437 0.8350858549654423 0.7677589228624393 0
1438 0.8328136067335409 0.7762390687113039 0
1439 0.8266057091165777 0.7824469663282672 0
1440 0.818125563267713 0.7847192145601686 0
1441 0.8096454174188484 0.7824469663282672 0
1442 0.8034375198018852 0.776239068711304 0
1443 0.04244201973933414 0.09517290042176652 0
1444 0.0507814561438385 0.09293835517184885 0
1445 0.05912089254834284 0.0951729004217665 0
1446 0.06522578370292956 0.1012777915763532 0
1447 0.0674603289528472 0.1096172279808576 0
1448 0.06522578370292956 0.1179566643853619 0
1449 0.060481594043533 0.1244303919805875 0
1450 0.05606898052308102 0.1288430055010395 0
1451 0.05004123835706093 0.1304581341466076 0
1452 0.04401349619104085 0.1288430055010395 0
1453 0.03960088267058887 0.1244303919805875 0
1454 0.03633712858474745 0.1179566643853619 0
1455 0.03410258333482979 0.1096172279808576 0
1456 0.03633712858474744 0.1012777915763532 0
1457 0.6252842214018786 0.09648135007175934 0
1458 0.6336872597081357 0.09873293739988871 0
1459 0.6398387106862633 0.1048843883780164 0
1460 0.6420902980143927 0.1132874266842735 0
1461 0.6398387106862633 0.1216904649905305 0
1462 0.6336872597081357 0.1278419159686582 0
1463 0.6252842214018786 0.1300935032967876 0
1464 0.6077080178276703 0.1320052184507794 0
1465 0.6007076954763009 0.1301294877299724 0
1466 0.5955831038457385 0.12500489609941 0
1467 0.5937073731249315 0.1180045737480406 0
1468 0.5955831038457385 0.1110042513966713 0
1469 0.6007076954763009 0.1058796597661089 0
1470 0.6168811830956215 0.09873293739988873 0
1471 0.8488575356901994 0.2888100012313166 0
1472 0.8407447790175078 0.2866361946324787 0
1473 0.8348058289436541 0.280697244558625 0
1474 0.8326320223448161 0.2725844878859334 0
1475 0.8348058289436541 0.2644717312132417 0
1476 0.8407447790175078 0.258532781139388 0
1477 0.8488575356901994 0.2563589745405501 0
1478 0.8661556144020764 0.2595455100850516 0
1479 0.8714144784475305 0.260954618459136 0
1480 0.8752642341189001 0.2648043741305056 0
1481 0.8766733424929846 0.2700632381759596 0
1482 0.8752642341189001 0.2753221022214137 0
1483 0.8714144784475305 0.2791718578927832 0
1484 0.856970292362891 0.2866361946324787 0
1485 1 0.4701318630379295 0
1486 0.9986047697860976 0.4687366328240271 0
1487 1 0.443035076371347 0
1488 0.9972769895452342 0.463781289503839 0
1489 0.004580376385286911 0.4747122394232164 0
1490 -4.553649124439119e-17 0.4701318630379294 0
1491 0.0127432068028015 0.4768994632415416 0
1492 0.04446333645159789 0.4852990853888433 0
1493 0.05090274089168606 0.4835736521693843 0
1494 0.05561671211231522 0.4788596809487551 0
1495 0.05734214533177423 0.472420276508667 0
1496 0.05561671211231521 0.4659808720685788 0
1497 0.05090274089168605 0.4612669008479496 0
1498 0.03770123865356665 0.4487194925264777 0
1499 0.02934134094820739 0.4464794646875199 0
1500 0.0127432068028015 0.4442481415714833 0
1501 0.005105962114851847 0.4462945351180185 0
1502 1.736891880321778e-16 0.443035076371347 0
1503 0.01805542722853438 0.8876415918706255 0
1504 0.02029374247178898 0.8792880856594435 0
1505 0.02640893343971644 0.873172894691516 0
1506 0.03476243965089851 0.8709345794482614 0
1507 0.05366145289377977 0.8740179927012427 0
1508 0.07302779619231481 0.8788529875743909 0
1509 0.07847500176503669 0.8803125619086081 0
1510 0.08246263300354144 0.8843001931471127 0
1511 0.08392220733775858 0.8897473987198347 0
1512 0.08246263300354145 0.8951946042925566 0
1513 0.0784750017650367 0.8991822355310612 0
1514 0.07302779619231481 0.9006418098652784 0
1515 0.05366145289377977 0.9031288145644166 0
1516 0.03476243965089851 0.9043486042929897 0
1517 0.02640893343971645 0.902110289049735 0
1518 0.02029374247178899 0.8959950980818076 0
1519 0.3427745167258542 0.833418063807891 0
1520 0.3345708708071352 0.8312199035089793 0
1521 0.3285653851873278 0.8252144178891719 0
1522 0.3263672248884161 0.8170107719704529 0
1523 0.3285653851873278 0.8088071260517339 0
1524 0.3345708708071352 0.8028016404319265 0
1525 0.3427745167258542 0.8006034801330149 0
1526 0.3583895790719852 0.8043977973867236 0
1527 0.3626591292639653 0.8055418199127088 0
1528 0.3657846569299602 0.8086673475787037 0
1529 0.3669286794559454 0.8129368977706838 0
1530 0.3657846569299602 0.8172064479626638 0
1531 0.3626591292639653 0.8203319756286588 0
1532 0.3509781626445732 0.8312199035089793 0
1533 0.308409576654598 0.09584915705053948 0
1534 0.3167684470799839 0.09360940447042092 0
1535 0.3251273175053698 0.09584915705053948 0
1536 0.3312464353506372 0.1019682748958069 0
1537 0.3334861879307558 0.1103271453211928 0
1538 0.3312464353506372 0.1186860157465787 0
1539 0.3293613454506708 0.1209483479714802 0
1540 0.3254002577767013 0.1249094356454498 0
1541 0.3199893113874415 0.12635929436074 0
1542 0.3167684470799839 0.1270448861719647 0
1543 0.308409576654598 0.1248051335918461 0
1544 0.3022904588093306 0.1186860157465788 0
1545 0.300050706229212 0.1103271453211928 0
1546 0.3022904588093306 0.1019682748958069 0
1547 0.03392278954844238 0.4267211442808252 0
1548 0.03614078999435322 0.4184434539254756 0
1549 0.04220047990379205 0.4123837640160367 0
1550 0.05047817025914175 0.4101657635701259 0
1551 0.05875586061449143 0.4123837640160367 0
1552 0.06481555052393029 0.4184434539254756 0
1553 0.07880105301999711 0.4327739637805567 0
1554 0.1159364659539597 0.4787724461542231 0
1555 0.1276804288958814 0.4946558002036868 0
1556 0.1296983951395667 0.5021869527530793 0
1557 0.1276804288958814 0.509718105302472 0
1558 0.1221672425901742 0.5152312916081792 0
1559 0.1146360900407816 0.5172492578518645 0
1560 0.107104937491389 0.5152312916081792 0
1561 0.1015917511856817 0.509718105302472 0
1562 0.07463829868693149 0.4801935484632024 0
1563 0.03614078999435322 0.4349988346361749 0
1564 0.2589202287199484 0.5727205006707057 0
1565 0.2604375221501917 0.5670578844990473 0
1566 0.2645828448916068 0.562912561757632 0
1567 0.2778205892496228 0.551582200446354 0
1568 0.293760946677476 0.5453221415901779 0
1569 0.3019211919008112 0.5431356104725453 0
1570 0.3186612485413082 0.5442502962942308 0
1571 0.3239251628325374 0.5456607578775923 0
1572 0.327778615540405 0.54951421058546 0
1573 0.3291890771237665 0.5547781248766891 0
1574 0.327778615540405 0.5600420391679182 0
1575 0.3239251628325374 0.5638954918757859 0
1576 0.3100814371241464 0.5735900602482535 0
1577 0.2943285161857943 0.5801747686274377 0
1578 0.2860745527177085 0.5823864114730672 0
1579 0.2702454610632653 0.5840457330140226 0
1580 0.2645828448916068 0.5825284395837793 0
1581 0.2604375221501917 0.5783831168423641 0
1582 0.7956952046945061 0.5971755763496729 0
1583 0.7977662949551909 0.6049049904296099 0
1584 0.7956952046945061 0.6126344045095468 0
1585 0.7900368808752539 0.6182927283287989 0
1586 0.7036374573638678 0.6684494461775525 0
1587 0.6968969763049866 0.670255552633877 0
1588 0.6901564952461053 0.6684494461775525 0
1589 0.6852221206435485 0.6635150715749957 0
1590 0.683416014187224 0.6567745905161144 0
1591 0.6852221206435485 0.6500341094572332 0
1592 0.6901564952461053 0.6450997348546763 0
1593 0.7063975507657241 0.6333537785715969 0
1594 0.7570536234853641 0.6011425659291065 0
1595 0.77457805271538 0.5915172525304209 0
1596 0.782307466795317 0.589446162269736 0
1597 0.7900368808752539 0.5915172525304209 0
1598 0.5018368564779281 0.8540170638744882 0
1599 0.5101259826262007 0.8562381285318775 0
1600 0.516194044117084 0.8623061900227609 0
1601 0.5184151087744734 0.8705953161710335 0
1602 0.516194044117084 0.8788844423193061 0
1603 0.5101259826262007 0.8849525038101894 0
1604 0.4917673920299608 0.8899346007159886 0
1605 0.4832993513936849 0.8922036053659527 0
1606 0.4656394589247256 0.893254373013661 0
1607 0.4471689880824262 0.8910809531765147 0
1608 0.4428971017918878 0.8899363046948073 0
1609 0.4397698639830568 0.8868090668859763 0
1610 0.4386252155013495 0.882537180595438 0
1611 0.4397698639830568 0.8782652943048996 0
1612 0.4428971017918878 0.8751380564960686 0
1613 0.4584075138235886 0.8662643864586688 0
1614 0.4748313107574089 0.860600447470813 0
1615 0.4832993513936849 0.8583314428208489 0
1616 0.6663660982448781 0.187451851401858 0
1617 0.6683662376416065 0.1799872295510474 0
1618 0.6738307200956887 0.1745227470969652 0
1619 0.6812953419464993 0.1725226077002368 0
1620 0.7012983243100441 0.1742025335271973 0
1621 0.7408551547771139 0.181099908975104 0
1622 0.7802066461984324 0.1898052739223123 0
1623 0.7858971625124958 0.1913300431731817 0
1624 0.7900629095756897 0.1954957902363756 0
1625 0.7915876788265591 0.201186306550439 0
1626 0.7900629095756897 0.2068768228645024 0
1627 0.7858971625124958 0.2110425699276964 0
1628 0.7802066461984324 0.2125673391785658 0
1629 0.7604226292262973 0.211053502806066 0
1630 0.6812953419464993 0.2023810951034792 0
1631 0.6738307200956887 0.2003809557067508 0
1632 0.6683662376416065 0.1949164732526686 0
1633 0.1949343958527062 0.4282458221089767 0
1634 0.1871790001836625 0.4261677701024726 0
1635 0.1581319676723271 0.3983261970952541 0
1636 0.1538105142697981 0.3940047436927251 0
1637 0.1416634840583336 0.3802015233390536 0
1638 0.1406600186871438 0.3764565395901374 0
1639 0.1416634840583336 0.3727115558412211 0
1640 0.1444050024360601 0.3699700374634946 0
1641 0.1481499861849763 0.3689665720923048 0
1642 0.1518949699338926 0.3699700374634946 0
1643 0.1699383979305776 0.3778768600319456 0
1644 0.2026897915217498 0.3993022914393061 0
1645 0.2083671351842894 0.4049796351018457 0
1646 0.2104451871907935 0.4127350307708894 0
1647 0.2083671351842894 0.420490426439933 0
1648 0.2026897915217498 0.4261677701024726 0
1649 0.924357040435428 0.4348897878647909 0
1650 0.9224104014278908 0.4421547435449155 0
1651 0.9170920847553035 0.4474730602175028 0
1652 0.9050909385722545 0.4569896954604638 0
1653 0.9018318785127549 0.4578629579714912 0
1654 0.8985728184532553 0.4569896954604638 0
1655 0.8961870209047832 0.4546038979119916 0
1656 0.8953137583937557 0.451344837852492 0
1657 0.8952972177149296 0.4348897878647909 0
1658 0.8972438567224669 0.4276248321846663 0
1659 0.9025621733950542 0.422306515512079 0
1660 0.9098271290751788 0.4203598765045417 0
1661 0.9170920847553035 0.422306515512079 0
1662 0.9224104014278908 0.4276248321846663 0
1663 0.6304633788197269 0.4586632059510735 0
1664 0.6222582453855396 0.4564646470735934 0
1665 0.6162516708288324 0.4504580725168861 0
1666 0.6140531119513523 0.4422529390826988 0
1667 0.6162516708288324 0.4340478056485115 0
1668 0.6222582453855395 0.4280412310918043 0
1669 0.6304633788197269 0.4258426722143241 0
1670 0.6493238403563175 0.4217016559391941 0
1671 0.6686349714318736 0.4183607314396616 0
1672 0.7070610928709202 0.4135466637395231 0
1673 0.7262453786522057 0.4161608939266029 0
1674 0.7304268043554191 0.4172813035669896 0
1675 0.7334878204182456 0.4203423196298162 0
1676 0.7346082300586323 0.4245237453330295 0
1677 0.7334878204182456 0.4287051710362428 0
1678 0.7304268043554191 0.4317661870990694 0
1679 0.7138076240863532 0.4387250610103685 0
1680 0.6957965949070261 0.4457224878609521 0
1681 0.6880711367132237 0.4477925181451419 0
1682 0.6493238403563175 0.4556863089627349 0
1683 0.0645914444452043 0.3927973933396223 0
1684 0.06675592224291824 0.3847194522266991 0
1685 0.07266938555812749 0.3788059889114899 0
1686 0.0807473266710507 0.3766415111137759 0
1687 0.08882526778397389 0.3788059889114899 0
1688 0.09473873109918315 0.3847194522266991 0
1689 0.1002915828654413 0.4036673617191544 0
1690 0.1021411838352033 0.410570166512035 0
1691 0.1054515444392213 0.4290149125099791 0
1692 0.1040462538008408 0.434259528571816 0
1693 0.1002069283773845 0.4380988539952723 0
1694 0.09496231231554764 0.4395041446336528 0
1695 0.08971769625371082 0.4380988539952723 0
1696 0.08587837083025446 0.434259528571816 0
1697 0.06675592224291824 0.4008753344525455 0
1698 0.06339381292420673 0.6493961262141794 0
1699 0.06127338220167619 0.6573096814045934 0
1700 0.05548025773379274 0.6631028058724768 0
1701 0.04756670254337874 0.6652232365950074 0
1702 0.03965314735296474 0.6631028058724768 0
1703 0.0338600228850813 0.6573096814045934 0
1704 0.03160120678829929 0.6511212392360807 0
1705 0.02974992268826295 0.6442121529155006 0
1706 0.03160120678829929 0.6373030665949205 0
1707 0.036659009008843 0.6322452643743769 0
1708 0.04356809532942306 0.6303939802743405 0
1709 0.0504771816500031 0.6322452643743768 0
1710 0.05548025773379273 0.635689446555882 0
1711 0.06127338220167618 0.6414825710237654 0
1712 0.5232598264579058 0.7165789447550002 0
1713 0.5254407488630986 0.7084396315314552 0
1714 0.5313991396814508 0.702481240713103 0
1715 0.5395384529049958 0.7003003183079102 0
1716 0.5986202206650737 0.7114746296576605 0
1717 0.6053714291873329 0.7132836105291339 0
1718 0.6240423451719934 0.718436281254783 0
1719 0.6422232505776511 0.7237510262655393 0
1720 0.6454644006982246 0.7269921763861129 0
1721 0.6466507439798335 0.7314196697882953 0
1722 0.6454644006982246 0.7358471631904777 0
1723 0.6422232505776511 0.7390883133110513 0
1724 0.6377957571754687 0.7402746565926601 0
1725 0.6181674253474191 0.7403617805304881 0
1726 0.5590945040716503 0.7356314004650382 0
1727 0.5395384529049958 0.7328575712020902 0
1728 0.5313991396814508 0.7306766487968973 0
1729 0.5254407488630987 0.7247182579785452 0
1730 0.9528758658890696 0.281497079878357 0
1731 0.9608938301905511 0.2836454869378805 0
1732 0.9667633874325091 0.2895150441798385 0
1733 0.9689117944920327 0.2975330084813201 0
1734 0.9667633874325091 0.3055509727828016 0
1735 0.9608938301905512 0.3114205300247596 0
1736 0.9471595611264886 0.323163292286068 0
1737 0.9311177714272392 0.3305830571389369 0
1738 0.9242198748336053 0.3324313429606744 0
1739 0.9173219782399715 0.3305830571389369 0
1740 0.9122723674680753 0.3255334463670406 0
1741 0.9104240816463377 0.3186355497734068 0
1742 0.9122723674680753 0.311737653179773 0
1743 0.9173219782399715 0.3066880424078768 0
1744 0.9302691356190277 0.2939082171456883 0
1745 0.944857901587588 0.2836454869378806 0
1746 0.2909223285757399 0.4618815884882556 0
1747 0.2980153311967187 0.4637821528124587 0
1748 0.3032077694934945 0.4689745911092345 0
1749 0.3051083338176976 0.4760675937302133 0
1750 0.3032077694934945 0.4831605963511922 0
1751 0.2907792884083507 0.4988162907009578 0
1752 0.2396375741943332 0.5604653922704059 0
1753 0.2346309629671948 0.5654720034975445 0
1754 0.2277918048440512 0.5673045503935495 0
1755 0.2209526467209076 0.5654720034975445 0
1756 0.2159460354937692 0.5604653922704059 0
1757 0.2141134885977641 0.5536262341472624 0
1758 0.2159460354937692 0.5467870760241189 0
1759 0.24083725435465 0.515553220045054 0
1760 0.2786368876579853 0.4689745911092345 0
1761 0.283829325954761 0.4637821528124587 0
1762 0.4822767187345828 0.793294010106569 0
1763 0.4891381404909461 0.7951325225251159 0
1764 0.4941610498287625 0.8001554318629323 0
1765 0.4959995622473095 0.8070168536192956 0
1766 0.4941610498287626 0.8138782753756589 0
1767 0.4873895406362334 0.8253272588397649 0
1768 0.481230882609022 0.8314859168669763 0
1769 0.4728179992906302 0.8337401421581566 0
1770 0.4634213629560272 0.8324277585223854 0
1771 0.459977573209595 0.8315049978409264 0
1772 0.4574565441446218 0.8289839687759532 0
1773 0.4565337834631628 0.8255401790295209 0
1774 0.4559922326538466 0.816914375521373 0
1775 0.4582464579450269 0.8085014922029812 0
1776 0.4644051159722384 0.8023428341757698 0
1777 0.4754152969782194 0.7951325225251159 0
1778 0.7553561788761088 0.03643119044653664 0
1779 0.757119476200495 0.04301190564999616 0
1780 0.7553561788761088 0.04959262085345566 0
1781 0.7480833329472836 0.06248495526288567 0
1782 0.7418615909927226 0.06870669721744661 0
1783 0.7306017642338333 0.07600838571832139 0
1784 0.7245723341240886 0.07762396664704738 0
1785 0.718542904014344 0.07600838571832139 0
1786 0.7141290548333252 0.0715945365373027 0
1787 0.7125134739045993 0.06556510642755803 0
1788 0.7141290548333252 0.05953567631781336 0
1789 0.7186417339067184 0.04548684013144228 0
1790 0.7248634758612793 0.03926509817688133 0
1791 0.7373773305901166 0.03161377256746333 0
1792 0.7439580457935761 0.02985047524307714 0
1793 0.7505387609970355 0.03161377256746332 0
1794 0.7694701034962822 0.442813867666275 0
1795 0.7715064532614018 0.4504136284516821 0
1796 0.7694701034962822 0.4580133892370892 0
1797 0.7639066924759947 0.4635768002573767 0
1798 0.7524624489366659 0.4741080689105358 0
1799 0.7441282683240019 0.4763412058752742 0
1800 0.7327266794063534 0.4785490895952229 0
1801 0.7282701703136545 0.4773549715827723 0
1802 0.7250077792334063 0.4740925805025241 0
1803 0.7238136612209557 0.4696360714098252 0
1804 0.7250077792334063 0.4651795623171264 0
1805 0.7296930440634124 0.4513386640372823 0
1806 0.7357940877113379 0.4452376203893568 0
1807 0.7487071709051805 0.4372504566459875 0
1808 0.7563069316905876 0.4352141068808679 0
1809 0.7639066924759946 0.4372504566459874 0
1810 0.6868513933063723 0.7786477161018414 0
1811 0.6937886015317932 0.7767888967601133 0
1812 0.7007258097572141 0.7786477161018414 0
1813 0.715163659146298 0.79225506842761 0
1814 0.7185262564371897 0.7956176657185017 0
1815 0.7197570524683528 0.8002110590405564 0
1816 0.7185262564371897 0.8048044523626112 0
1817 0.715163659146298 0.8081670496535029 0
1818 0.7105702658242432 0.809397845684666 0
1819 0.7059768725021884 0.8081670496535029 0
1820 0.6868513933063723 0.802678910320069 0
1821 0.6817730044226794 0.7976005214363761 0
1822 0.6799141850809514 0.7906633132109552 0
1823 0.6817730044226794 0.7837261049855343 0
1824 0.9956004461420731 0.1783853773575918 0
1825 0.9999999999999999 0.1467217269461493 0
1826 1 0.1827849312155181 0
1827 -1.023486850826316e-16 0.1467217269461494 0
1828 0.007768060968438048 0.1552309865195579 0
1829 -2.977490216188317e-17 0.182784931215518 0
1830 0.000206872918447446 0.1829918041339655 0
1831 0.00765358088000312 0.1849871435185348 0
1832 0.02420320278653909 0.1818806294162983 0
1833 0.02681561101859702 0.181180636740218 0
1834 0.0287280265745746 0.1792682211842404 0
1835 0.02942801925065494 0.1766558129521825 0
1836 0.0287280265745746 0.1740434047201245 0
1837 0.02055165741854521 0.1626470196338677 0
1838 0.01510028884155879 0.1571956510568813 0
1839 0.2638124604641007 0.1134559645346412 0
1840 0.264047637950411 0.09423271529940552 0
1841 0.2670048084134098 0.07469888052053683 0
1842 0.2692823273888343 0.06619906398905032 0
1843 0.2755046249448964 0.05997676643298831 0
1844 0.2840044414763829 0.05769924745756378 0
1845 0.2925042580078694 0.0599767664329883 0
1846 0.2987265555639314 0.0661990639890503 0
1847 0.3010040745393559 0.07469888052053683 0
1848 0.2944838053476898 0.1134559645346412 0
1849 0.2895048974633745 0.1325885181485027 0
1850 0.2879147687021502 0.1385229594759686 0
1851 0.2804091367579813 0.1552650895187646 0
1852 0.2780056437847821 0.1576685824919638 0
1853 0.2747224113255746 0.1585483219779721 0
1854 0.271439178866367 0.1576685824919638 0
1855 0.2690356858931678 0.1552650895187646 0
1856 0.2681559464071596 0.1519818570595571 0
1857 0.2657671321535107 0.1325885181485027 0
1858 0.6449694745418891 0.03093158675609761 0
1859 0.646566202322695 0.03689065595992181 0
1860 0.6449694745418891 0.04284972516374601 0
1861 0.6406071331188707 0.04721206658676434 0
1862 0.6346480639150466 0.04880879436757021 0
1863 0.6153532831590731 0.04802003609324369 0
1864 0.6117051823632396 0.04704253043109276 0
1865 0.6090345872295569 0.04437193529741015 0
1866 0.608057081567406 0.0407238345015766 0
1867 0.6090345872295569 0.03707573370574306 0
1868 0.6117051823632396 0.03440513857206045 0
1869 0.6286889947112224 0.02656924533307928 0
1870 0.6346480639150466 0.02497251755227341 0
1871 0.6406071331188707 0.02656924533307928 0
1872 0.8095597777218791 0.6040682883651626 0
1873 0.8118361807735286 0.5955726365179018 0
1874 0.8180554295691399 0.5893533877222905 0
1875 0.8265510814164007 0.5870769846706411 0
1876 0.8350467332636614 0.5893533877222905 0
1877 0.8412659820592727 0.5955726365179018 0
1878 0.8435423851109222 0.6040682883651626 0
1879 0.8412659820592727 0.6125639402124233 0
1880 0.8350467332636614 0.6187831890080346 0
1881 0.8265510814164007 0.6210595920596841 0
1882 0.8180554295691399 0.6187831890080346 0
1883 0.8118361807735286 0.6125639402124233 0
1884 0.1526751072463839 0.4848173597333731 0
1885 0.1509543160811819 0.4783952796756233 0
1886 0.1526751072463839 0.4719731996178736 0
1887 0.1573763961389316 0.4672719107253259 0
1888 0.1690155956665967 0.4577013168411969 0
1889 0.1775152727236245 0.4554238352378409 0
1890 0.1912538684125306 0.4551410383626239 0
1891 0.1973896981983301 0.4567851289986237 0
1892 0.2018814373481299 0.4612768681484234 0
1893 0.2035255279841297 0.4674126979342229 0
1894 0.2018814373481299 0.4735485277200224 0
1895 0.1973896981983301 0.4780402668698222 0
1896 0.1860149497806523 0.487145061862596 0
1897 0.1775152727236245 0.4894225434659519 0
1898 0.1637984761966814 0.4912394397911229 0
1899 0.1573763961389316 0.4895186486259208 0
1900 0.538502115728576 0.01151750065335148 0
1901 0.5362727740732344 0.003197484328187229 0
1902 0.5445927903983987 0.01760817532317421 0
1903 0.5529128067235629 0.01983751697851573 0
1904 0.5630540628947728 0.02002295995731475 0
1905 0.569605023030808 0.01826763547921565 0
1906 0.574400658688744 0.01347199982127958 0
1907 0.5761559831668431 0.006921039685244409 0
1908 0.574400658688744 0.0003700795492092325 0
1909 0.5740305791395348 7.806255641895632e-18 0
1910 0.5371295374167833 -8.890457814381136e-18 0
1911 0.5740305791395348 1 0
1912 0.5371295374167833 1 0
1913 0.569605023030808 0.9955744438912731 0
1914 0.5612328230487271 0.9887867933332002 0
1915 0.5529128067235629 0.9865574516778587 0
1916 0.5445927903983987 0.9887867933332003 0
1917 0.5385021157285759 0.994877468003023 0
1918 0.6357497155881247 0.8109550560073731 0
1919 0.6423922152596639 0.812734908430086 0
1920 0.6472548625084902 0.8175975556789123 0
1921 0.6490347149312032 0.8242400553504516 0
1922 0.6472548625084903 0.8308825550219909 0
1923 0.6423922152596639 0.8357452022708173 0
1924 0.6357497155881247 0.8375250546935302 0
1925 0.6163133398732507 0.8424787099009274 0
1926 0.5770722590167469 0.849983064712456 0
1927 0.5575245443298511 0.8534787461277771 0
1928 0.5377612981604949 0.8567149852286812 0
1929 0.5314967798280866 0.8550364126005424 0
1930 0.5269108341238171 0.8504504668962729 0
1931 0.5252322614956784 0.8441859485638646 0
1932 0.5269108341238171 0.8379214302314564 0
1933 0.5314967798280866 0.8333354845271869 0
1934 0.5377612981604949 0.8316569118990481 0
1935 0.5965582318233171 0.819087165305928 0
1936 7.806255641895632e-18 0.1089062224914012 0
1937 -6.288372600415926e-18 0.07863330554292156 0
1938 0.0063703247747708 0.110613145870325 0
1939 0.01479201570135262 0.1083565605876429 0
1940 0.02095712134525232 0.1021914549437432 0
1941 0.02321370662793443 0.09376976401716136 0
1942 0.02095712134525232 0.08534807309057954 0
1943 0.01479201570135261 0.07918296744667983 0
1944 0.006370324774770795 0.07692638216399772 0
1945 0.9917835282042893 0.08534807309057955 0
1946 0.997948633848189 0.07918296744667984 0
1947 0.9895269429216071 0.09376976401716136 0
1948 0.9917835282042893 0.1021914549437432 0
1949 0.997948633848189 0.1083565605876429 0
1950 1 0.1089062224914012 0
1951 1 0.07863330554292154 0
1952 0.7092567414614762 0.1369501358823313 0
1953 0.7073003964667289 0.1296489569648012 0
1954 0.7092567414614762 0.1223477780472711 0
1955 0.7146015753842591 0.1170029441244883 0
1956 0.7318348005289096 0.1107786986899056 0
1957 0.7402072735910508 0.1085353012942536 0
1958 0.7586590680345259 0.1037634065902442 0
1959 0.7766440077422959 0.1010643744127686 0
1960 0.7942943601193986 0.1022144128727686 0
1961 0.7982538754428776 0.1032753618061134 0
1962 0.8011524418330119 0.1061739281962477 0
1963 0.8022133907663568 0.1101334435197268 0
1964 0.8011524418330119 0.1140929588432058 0
1965 0.7982538754428776 0.1169915252333401 0
1966 0.7839904744502079 0.1284817614228092 0
1967 0.7670773225843555 0.1351807602812561 0
1968 0.7586590680345259 0.1374364247895625 0
1969 0.7402072735910508 0.1420251935428183 0
1970 0.7219027543017892 0.1442513147998615 0
1971 0.7146015753842591 0.1422949698051141 0
1972 0.207426764725762 0.5016142976096507 0
1973 0.2055675292812131 0.4880121121356664 0
1974 0.2078450333511401 0.4795123512322539 0
1975 0.2148715307150342 0.4698725756174802 0
1976 0.2188942011885074 0.465849905144007 0
1977 0.2243892712463253 0.4643775055596623 0
1978 0.2298843413041432 0.465849905144007 0
1979 0.2339070117776164 0.4698725756174802 0
1980 0.2372890688249362 0.4795123512322539 0
1981 0.2395665728948632 0.4880121121356664 0
1982 0.2372890688249362 0.496511873039079 0
1983 0.2293016446293445 0.5074756540143435 0
1984 0.2250108339398402 0.5117664647038478 0
1985 0.2191494775351475 0.5133370104190362 0
1986 0.2132881211304547 0.5117664647038478 0
1987 0.2089973104409504 0.5074756540143435 0
1988 0.2171908963003344 0.6430456957130788 0
1989 0.2097133842067123 0.6410421023861987 0
1990 0.2042394654399703 0.6355681836194567 0
1991 0.2022358721130903 0.6280906715258346 0
1992 0.2042394654399703 0.6206131594322126 0
1993 0.2151296014650864 0.6040827626201505 0
1994 0.2274590578224209 0.5881824136785321 0
1995 0.2316604181274778 0.5839810533734752 0
1996 0.2455132040906326 0.572071194486626 0
1997 0.2488655551293754 0.5711729347330492 0
1998 0.2522179061681181 0.572071194486626 0
1999 0.2546719974532841 0.574525285771792 0
2000 0.2555702572068608 0.5778776368105347 0
2001 0.2546719974532841 0.5812299878492775 0
2002 0.2473401082468532 0.5996607434928505 0
2003 0.2301423271606985 0.6355681836194567 0
2004 0.2246684083939564 0.6410421023861987 0
2005 0.06147792168861689 0.08499834400387962 0
2006 0.05358229679844356 0.08711397031694063 0
2007 0.04568667190827023 0.08499834400387962 0
2008 0.03990667333115791 0.07921834542676731 0
2009 0.03539626244765302 0.07039072686509894 0
2010 0.03342473657280479 0.0630328921317287 0
2011 0.03539626244765301 0.05567505739835848 0
2012 0.04078257130617502 0.05028874853983646 0
2013 0.04814040603954526 0.04831722266498824 0
2014 0.05549824077291549 0.05028874853983645 0
2015 0.0608845496314375 0.05567505739835846 0
2016 0.0672579202657292 0.06342709564642063 0
2017 0.06937354657879022 0.07132272053659397 0
2018 0.0672579202657292 0.0792183454267673 0
2019 0.178972775080005 0.0262377227159768 0
2020 0.1803542911401878 0.02108183458790215 0
2021 0.1841286632080796 0.01730746252001032 0
2022 0.1892845513361543 0.01592594645982751 0
2023 0.205277768823293 0.0145412717619826 0
2024 0.2135222549044259 0.0167503751494318 0
2025 0.2296717319611398 0.02291625954884457 0
2026 0.2356778506284099 0.02892237821611471 0
2027 0.2449004994107379 0.03860483814600194 0
2028 0.2461657972767847 0.04332699406879698 0
2029 0.2449004994107379 0.04804914999159202 0
2030 0.2414436413539897 0.05150600804834028 0
2031 0.2367214854311946 0.05277130591438706 0
2032 0.2214672212835048 0.0535359102490196 0
2033 0.2132627106058699 0.05133751823865479 0
2034 0.19703328274216 0.04531011269906513 0
2035 0.1841286632080797 0.03516798291194327 0
2036 0.1803542911401878 0.03139361084405145 0
2037 0.6776088773854927 0.1469494178048923 0
2038 0.6700390257267437 0.1449210821661072 0
2039 0.6644975097067799 0.1393795661461434 0
2040 0.6624691740679947 0.1318097144873943 0
2041 0.6644975097067799 0.1242398628286453 0
2042 0.6700390257267437 0.1186983468086815 0
2043 0.688148098219341 0.1123004517373821 0
2044 0.6933986484601459 0.1108935710405394 0
2045 0.6986491987009508 0.1123004517373821 0
2046 0.7024928682449129 0.1161441212813442 0
2047 0.7038997489417556 0.1213946715221491 0
2048 0.7024928682449129 0.126645221762954 0
2049 0.6907202450642055 0.1393795661461433 0
2050 0.6851787290442417 0.1449210821661072 0
2051 0.1421961416856849 0.05336006379954794 0
2052 0.1347625510226055 0.03885856531498154 0
2053 0.1325629152942933 0.03064941301877681 0
2054 0.131623335995505 0.01521959847939778 0
2055 0.1330145371939525 0.01002756492324094 0
2056 0.1368153695516618 0.006226732565531613 0
2057 0.1420074031078186 0.004835531367084095 0
2058 0.1471994366639755 0.006226732565531606 0
2059 0.1510002690216848 0.01002756492324093 0
2060 0.1631998887508001 0.02244026072257207 0
2061 0.170081927291628 0.03726019797339247 0
2062 0.1722389003148119 0.04531013088647021 0
2063 0.1718674387845695 0.061239541473017 0
2064 0.1706189324856817 0.06589903041403622 0
2065 0.1672079498435503 0.06931001305616759 0
2066 0.1625484609025311 0.07055851935505543 0
2067 0.1578889719615119 0.06931001305616759 0
2068 0.1544779893193805 0.06589903041403622 0
2069 0.8296637722495176 0.5810019719435244 0
2070 0.8215239282028851 0.578820907304714 0
2071 0.7918902139292391 0.5522480316052383 0
2072 0.7772248836993207 0.5382601739887218 0
2073 0.7743005376202559 0.5353358279096569 0
2074 0.7732301526658606 0.5313410968761968 0
2075 0.7743005376202559 0.5273463658427366 0
2076 0.7772248836993207 0.5244220197636718 0
2077 0.7812196147327809 0.5233516348092765 0
2078 0.7852143457662411 0.5244220197636718 0
2079 0.8038166379894683 0.5315908591803093 0
2080 0.8217680244763256 0.5392705307953548 0
2081 0.8378036162961501 0.5506236603958049 0
2082 0.8437623957039722 0.556582439803627 0
2083 0.8459434603427826 0.5647222838502595 0
2084 0.8437623957039722 0.5728621278968919 0
2085 0.8378036162961501 0.578820907304714 0
2086 0.8609527921747641 0.2907718225153009 0
2087 0.8685703679065726 0.2887306992496799 0
2088 0.876187943638381 0.2907718225153009 0
2089 0.8920979238222539 0.2976596423045661 0
2090 0.8957504504914071 0.3013121689737193 0
2091 0.8970873680403174 0.3063016131917827 0
2092 0.8957504504914071 0.3112910574098461 0
2093 0.8920979238222539 0.3149435840789993 0
2094 0.8871084796041906 0.3162805016279095 0
2095 0.8685703679065726 0.3192010021769138 0
2096 0.8609527921747642 0.3171598789112928 0
2097 0.8553763397085766 0.3115834264451053 0
2098 0.8533352164429556 0.3039658507132968 0
2099 0.8553763397085766 0.2963482749814884 0
2100 0.3570402468612393 0.9392320133262139 0
2101 0.3485454780025239 0.9415081797817957 0
2102 0.3400507091438085 0.9392320133262139 0
2103 0.3108129582393007 0.912058833573456 0
2104 0.2961696896073468 0.8984065791407806 0
2105 0.2819798567808051 0.8843065314002025 0
2106 0.2759107369372372 0.8782374115566346 0
2107 0.2617920798722275 0.8640619491679652 0
2108 0.2595794714785224 0.8558043822254044 0
2109 0.2617920798722275 0.8475468152828437 0
2110 0.2678370384210831 0.841501856733988 0
2111 0.2760946053636439 0.839289248340283 0
2112 0.2843521723062047 0.841501856733988 0
2113 0.3570402468612393 0.9098052708025158 0
2114 0.3632588492643729 0.9160238732056495 0
2115 0.3655350157199547 0.9245186420643648 0
2116 0.3632588492643729 0.9330134109230802 0
2117 0.7888876979577782 0.6408888905494862 0
2118 0.791089139301141 0.6326729996061737 0
2119 0.7971035889010908 0.6266585500062239 0
2120 0.8053194798444032 0.6244571086628612 0
2121 0.8424250568790167 0.6291725031974286 0
2122 0.849902937867986 0.631176195369519 0
2123 0.8652134110106765 0.6391614449995547 0
2124 0.8684712574821769 0.6424192914710551 0
2125 0.8696637120523756 0.6468695925127543 0
2126 0.8684712574821769 0.6513198935544535 0
2127 0.8652134110106765 0.6545777400259539 0
2128 0.8607631099689773 0.6557701945961526 0
2129 0.8424250568790167 0.6590840271533059 0
2130 0.8236223526249552 0.6606772500787013 0
2131 0.8053194798444032 0.6573206724361111 0
2132 0.7971035889010908 0.6551192310927484 0
2133 0.791089139301141 0.6491047814927986 0
2134 0.4346087140636097 0.912434036990155 0
2135 0.4358282247474207 0.9078827611577995 0
2136 0.4391599898959652 0.9045509960092549 0
2137 0.4537846997588396 0.9005060178351789 0
2138 0.4615707650515056 0.898419747927793 0
2139 0.4798100717320806 0.8981470509928553 0
2140 0.4883097979530287 0.900424545769644 0
2141 0.5039602342996843 0.9048321313778146 0
2142 0.5194759157326487 0.9124571657803598 0
2143 0.522369847763582 0.9153510978112931 0
2144 0.523429100403729 0.9193042824823735 0
2145 0.522369847763582 0.9232574671534539 0
2146 0.5194759157326487 0.9261513991843872 0
2147 0.5155227310615683 0.9272106518245342 0
2148 0.4967804840625272 0.9316273240485399 0
2149 0.4798100717320806 0.9321459558766481 0
2150 0.4615707650515056 0.9295640090984573 0
2151 0.4537846997588396 0.9274777391910713 0
2152 0.4391599898959652 0.9203170779710551 0
2153 0.4358282247474207 0.9169853128225105 0
2154 0.8651709697614643 0.5085435870029456 0
2155 0.8571806527232336 0.5106845860006082 0
2156 0.8491903356850029 0.5085435870029456 0
2157 0.8433410176444347 0.5026942689623773 0
2158 0.8376502191454508 0.4914418829002339 0
2159 0.8356025303171541 0.4837998041549399 0
2160 0.8376502191454508 0.476157725409646 0
2161 0.8432446090624481 0.4705633354926486 0
2162 0.8508866878077421 0.468515646664352 0
2163 0.8585287665530361 0.4705633354926486 0
2164 0.8641231564700335 0.476157725409646 0
2165 0.8710202878020326 0.4867136348859158 0
2166 0.8731612867996952 0.4947039519241466 0
2167 0.8710202878020326 0.5026942689623773 0
2168 0.7493610465645428 0.7729819072534847 0
2169 0.7410032404400275 0.7707424398519249 0
2170 0.734884901717072 0.7646241011289694 0
2171 0.7326454343155122 0.7562662950044541 0
2172 0.734884901717072 0.7479084888799388 0
2173 0.7507289426477121 0.7129741112272041 0
2174 0.7612477236739668 0.6968222134475484 0
2175 0.7725208056923615 0.6809742203531696 0
2176 0.7757569132804319 0.677738112765099 0
2177 0.780177518455116 0.6765536151784856 0
2178 0.7845981236297999 0.677738112765099 0
2179 0.7878342312178704 0.6809742203531695 0
2180 0.7890187288044839 0.6853948255278535 0
2181 0.7858656286637902 0.7034185612089177 0
2182 0.7840981426081364 0.710014908970287 0
2183 0.7726164631373781 0.7474029358982905 0
2184 0.7638371914120137 0.7646241011289694 0
2185 0.7577188526890581 0.7707424398519249 0
2186 0.8852378932919098 0.1057967098725658 0
2187 0.8773215259582408 0.1079178941066105 0
2188 0.8694051586245717 0.1057967098725658 0
2189 0.8617513785952396 0.1035929939292573 0
2190 0.8565219063448519 0.09836352167886954 0
2191 0.8546077866528242 0.09121992973645413 0
2192 0.8565219063448519 0.08407633779403871 0
2193 0.8617513785952396 0.07884686554365099 0
2194 0.8688949705376551 0.0769327458516233 0
2195 0.8773215259582408 0.07625242477193436 0
2196 0.8852378932919098 0.07837360900597909 0
2197 0.8910330763915341 0.08416879210560339 0
2198 0.8931542606255789 0.09208515943927245 0
2199 0.8910330763915341 0.1000015267729415 0
2200 0.1073208820041136 0.8845483986983096 0
2201 0.1051542782464532 0.8764625233948513 0
2202 0.1073208820041136 0.868376648091393 0
2203 0.1132401535499115 0.8624573765455952 0
2204 0.1213260288533698 0.8602907727879348 0
2205 0.1603433902975274 0.8582905397421401 0
2206 0.1800196210289269 0.8586414093372929 0
2207 0.2195427160877635 0.8595558951399117 0
2208 0.2262400651319443 0.8613504444077292 0
2209 0.2311428649083074 0.8662532441840924 0
2210 0.232937414176125 0.8729505932282732 0
2211 0.2311428649083074 0.8796479422724539 0
2212 0.2262400651319443 0.8845507420488171 0
2213 0.2195427160877635 0.8863452913166346 0
2214 0.1997737155549598 0.8902213885755165 0
2215 0.1407492188324131 0.8934307134719849 0
2216 0.1213260288533698 0.8926342740017679 0
2217 0.1132401535499115 0.8904676702441074 0
2218 0.8363455735609818 0.1490540502743469 0
2219 0.8421021503688981 0.1505965203811958 0
2220 0.8463162570699656 0.1548106270822632 0
2221 0.8478587271768144 0.1605672038901795 0
2222 0.8463162570699656 0.1663237806980958 0
2223 0.8421021503688981 0.1705378873991632 0
2224 0.8363455735609818 0.1720803575060121 0
2225 0.8178596172963796 0.1751654400182063 0
2226 0.8140542742873914 0.1741458014320245 0
2227 0.8112685698645851 0.1713600970092181 0
2228 0.8102489312784033 0.16755475400023 0
2229 0.8112685698645851 0.1637494109912418 0
2230 0.8140542742873914 0.1609637065684355 0
2231 0.8305889967530655 0.1505965203811958 0
2232 0.8822710926376152 0.7703862338357657 0
2233 0.88008248274572 0.7785542371502663 0
2234 0.8741030893231145 0.7845336305728717 0
2235 0.8659350860086139 0.7867222404647669 0
2236 0.8577670826941133 0.7845336305728717 0
2237 0.8517876892715078 0.7785542371502663 0
2238 0.8413239455320531 0.7619436758382458 0
2239 0.8247440745991786 0.7260725540131571 0
2240 0.8086152460645243 0.6896557078089335 0
2241 0.8066774165021011 0.682423629425561 0
2242 0.8086152460645243 0.6751915510421885 0
2243 0.8139094948854735 0.6698973022212393 0
2244 0.821141573268846 0.6679594726588162 0
2245 0.8283736516522184 0.6698973022212393 0
2246 0.8336679004731676 0.6751915510421885 0
2247 0.8441375312161726 0.6922004356254909 0
2248 0.862825147739082 0.7268115768440055 0
2249 0.88008248274572 0.762218230521265 0
2250 0.8025681086755238 0.4863824437431388 0
2251 0.794302260861552 0.4885972709896511 0
2252 0.7860364130475802 0.4863824437431388 0
2253 0.7799853924801208 0.4803314231756793 0
2254 0.7777705652336084 0.4720655753617076 0
2255 0.7763530213687739 0.4569322237207215 0
2256 0.7784252095456206 0.4491987121618863 0
2257 0.7840865329276091 0.4435373887798978 0
2258 0.7918200444864443 0.4414652006030512 0
2259 0.7995535560452794 0.4435373887798978 0
2260 0.805214879427268 0.4491987121618863 0
2261 0.8072870676041146 0.4569322237207215 0
2262 0.8108339564894955 0.4720655753617076 0
2263 0.8086191292429832 0.4803314231756793 0
2264 0.8627378050781579 0.6826236302620142 0
2265 0.8615562837148965 0.6782141325040942 0
2266 0.8627378050781579 0.6738046347461742 0
2267 0.8659657814728163 0.6705766583515158 0
2268 0.8816684943932329 0.6628378813206962 0
2269 0.8989795895986149 0.6572375307332281 0
2270 0.9073693420134147 0.6549895033489854 0
2271 0.9259148417314996 0.6510344164639625 0
2272 0.9443885190127626 0.6486569247916306 0
2273 0.9623841489236907 0.6516251427972088 0
2274 0.9664736223324748 0.6527209138945611 0
2275 0.9694673246439067 0.6557146162059929 0
2276 0.970563095741259 0.6598040896147771 0
2277 0.9694673246439067 0.6638935630235613 0
2278 0.9664736223324749 0.6668872653349931 0
2279 0.9518510924672211 0.6765076280788846 0
2280 0.9343073055688763 0.682355517905737 0
2281 0.9259148417314996 0.6846042718134695 0
2282 0.9073693420134147 0.6885485130081845 0
2283 0.8889905956630272 0.690164335277733 0
2284 0.8703752792307363 0.6870331280199341 0
2285 0.8659657814728163 0.6858516066566727 0
2286 0.08988735783808754 0.9639848575651139 0
2287 0.08138782350812146 0.9662623009248689 0
2288 0.07288828917815537 0.9639848575651139 0
2289 0.03905667803231852 0.9447501556990756 0
2290 0.02245430126761185 0.9343590384092164 0
2291 0.0177627583439092 0.9296674954855139 0
2292 0.007453010565091457 0.9169826599997229 0
2293 0.006768592409308903 0.9144283766687199 0
2294 0.007453010565091456 0.9118740933377169 0
2295 0.009322875740311981 0.9100042281624963 0
2296 0.01187715907131506 0.9093198100067137 0
2297 0.02886306808433478 0.910441195035345 0
2298 0.03527183490105771 0.9121584189283652 0
2299 0.0541358981493081 0.9186321803179349 0
2300 0.07253141077449 0.9255995930603023 0
2301 0.08988735783808753 0.9345416069647595 0
2302 0.09610944880829861 0.9407636979349706 0
2303 0.09838689216805363 0.9492632322649367 0
2304 0.09610944880829862 0.9577627665949028 0
2305 0.05584388689844363 0.7759631563193321 0
2306 0.0581212107315713 0.7674640680688121 0
2307 0.06434297514896362 0.7612423036514198 0
2308 0.07284206339948361 0.7589649798182921 0
2309 0.08134115165000359 0.7612423036514198 0
2310 0.08756291606739591 0.7674640680688121 0
2311 0.08984023990052359 0.7759631563193321 0
2312 0.08756291606739591 0.7844622445698521 0
2313 0.08388733721492933 0.7976764399455716 0
2314 0.07921700667646579 0.8023467704840351 0
2315 0.07283721651685433 0.804056230105183 0
2316 0.06645742635724287 0.8023467704840351 0
2317 0.06178709581877934 0.7976764399455716 0
2318 0.05812121073157131 0.7844622445698521 0
2319 0.5565927728926701 0.9202946949592453 0
2320 0.5480969797190502 0.918018254039312 0
2321 0.5418776274653636 0.9117989017856254 0
2322 0.5367350943117329 0.9052442224779492 0
2323 0.535345267124965 0.900057316803191 0
2324 0.5367350943117329 0.8948704111284328 0
2325 0.5405321727997233 0.8910733326404424 0
2326 0.5480969797190502 0.8885879631846991 0
2327 0.5565927728926701 0.8863115222647658 0
2328 0.5650885660662899 0.8885879631846991 0
2329 0.5713079183199765 0.8948073154383858 0
2330 0.5759632848390267 0.9034155733120389 0
2331 0.5772382392396235 0.9081737679123992 0
2332 0.5759632848390268 0.9129319625127595 0
2333 0.5724800446392631 0.9164152027125233 0
2334 0.5677218500389027 0.91769015711312 0
2335 0.7743615521872744 0.2378577489869994 0
2336 0.7787974356691955 0.2366691575903001 0
2337 0.7832333191511165 0.2378577489869994 0
2338 0.7864806112363383 0.2411050410722211 0
2339 0.7876692026330376 0.2455409245541422 0
2340 0.7919073539366243 0.2641814395310662 0
2341 0.7911030866556118 0.2671830058866703 0
2342 0.7889057875810203 0.2693803049612618 0
2343 0.7859042212254161 0.2701845722422744 0
2344 0.782902654869812 0.2693803049612618 0
2345 0.7807053557952205 0.2671830058866703 0
2346 0.7711142601020526 0.2499768080360633 0
2347 0.7699256687053533 0.2455409245541422 0
2348 0.7711142601020526 0.2411050410722211 0
2349 0.9498897128300845 0.2640356394815251 0
2350 0.9480267577559035 0.2709882824705867 0
2351 0.9429370698410229 0.2760779703854673 0
2352 0.9359844268519613 0.2779409254596483 0
2353 0.9290317838628996 0.2760779703854673 0
2354 0.9120787176672761 0.2700643315016329 0
2355 0.8979632541521506 0.2600009572777358 0
2356 0.8922560854123578 0.2542937885379429 0
2357 0.8844006139128939 0.2406473947766493 0
2358 0.8833392821543211 0.236686450729969 0
2359 0.8844006139128939 0.2327255066832887 0
2360 0.8873002262010014 0.2298258943951812 0
2361 0.8912611702476817 0.2287645626366084 0
2362 0.905759391634392 0.2309053760912186 0
2363 0.9135555291166334 0.2329943448336672 0
2364 0.9289812673785623 0.2407882566242264 0
2365 0.9429370698410229 0.2519933085775828 0
2366 0.9480267577559035 0.2570829964924635 0
2367 0.2231035135401964 0.8963858123057975 0
2368 0.2310878801874809 0.8985252169010114 0
2369 0.2369328422395516 0.9043701789530821 0
2370 0.2390722468347655 0.9123545456003667 0
2371 0.2369328422395516 0.9203389122476512 0
2372 0.2310878801874809 0.9261838742997219 0
2373 0.2231035135401964 0.9283232788949358 0
2374 0.2036304767905657 0.9318037187766703 0
2375 0.1661221479989676 0.936393087692501 0
2376 0.1619121241649037 0.9352650152060478 0
2377 0.1588301728172931 0.9321830638584371 0
2378 0.1577021003308399 0.9279730400243732 0
2379 0.1588301728172931 0.9237630161903093 0
2380 0.1619121241649037 0.9206810648426986 0
2381 0.1788884560608902 0.9113364265362758 0
2382 0.1960789254262721 0.9036209454091606 0
2383 0.2036304767905657 0.901597513319496 0
2384 0.361013009155193 0.8759747750886415 0
2385 0.3690361696917964 0.8738249757021134 0
2386 0.3770593302283997 0.8759747750886415 0
2387 0.392330222595446 0.8883513385858299 0
2388 0.4372331341470924 0.9272521108951505 0
2389 0.4515393971709536 0.9410087060112702 0
2390 0.4569632934079926 0.9464326022483091 0
2391 0.4589485772182396 0.953841782295595 0
2392 0.4569632934079926 0.961250962342881 0
2393 0.4515393971709537 0.9666748585799199 0
2394 0.4441302171236677 0.9686601423901668 0
2395 0.4367210370763818 0.9666748585799199 0
2396 0.4208222935226927 0.9556765206515262 0
2397 0.4052802540657853 0.9432404504127806 0
2398 0.3900217234360915 0.9306287677578147 0
2399 0.3756076598986999 0.9173156668093503 0
2400 0.361013009155193 0.9037678184619986 0
2401 0.3551396480051178 0.8978944573119234 0
2402 0.3529898486185897 0.8898712967753201 0
2403 0.3551396480051178 0.8818481362387167 0
2404 0.0336622712992969 0.7647219487985686 0
2405 0.02626958214021969 0.7627410837084996 0
2406 0.02085775807121153 0.7573292596394914 0
2407 0.01887689298114248 0.7499365704804142 0
2408 0.02085775807121153 0.742543881321337 0
2409 0.03124152136509727 0.7285705436474472 0
2410 0.03746147522917288 0.7223505897833716 0
2411 0.05077301519543182 0.7132567671770815 0
2412 0.05794970661387486 0.7113337785071824 0
2413 0.06512639803231787 0.7132567671770815 0
2414 0.07038010078086174 0.7185104699256254 0
2415 0.07230308945076092 0.7256871613440684 0
2416 0.07038010078086174 0.7328638527625114 0
2417 0.06067465907063745 0.7455637736248362 0
2418 0.05445470520656184 0.7517837274889118 0
2419 0.04105496045837411 0.7627410837084996 0
2420 0.721169595722998 0.8894000861190183 0
2421 0.7230490951080343 0.8823856989212683 0
2422 0.728183982920748 0.8772508111085545 0
2423 0.7351983701184981 0.8753713117235182 0
2424 0.7518217247273521 0.8716146147937611 0
2425 0.7687906302336547 0.8738723544838159 0
2426 0.7760354466440731 0.8758135971902994 0
2427 0.7813390203480082 0.8811171708942345 0
2428 0.7832802630544916 0.8883619873046529 0
2429 0.7813390203480082 0.8956068037150713 0
2430 0.7760354466440731 0.9009103774190064 0
2431 0.7687906302336547 0.9028516201254898 0
2432 0.7518217247273521 0.9056134206883879 0
2433 0.7351983701184981 0.9034288605145184 0
2434 0.728183982920748 0.9015493611294821 0
2435 0.7230490951080343 0.8964144733167684 0
2436 0.7249652159902965 0.8193701664745513 0
2437 0.7266273608118881 0.8255733753982685 0
2438 0.7249652159902965 0.8317765843219856 0
2439 0.7150980565571052 0.8479423176020139 0
2440 0.7040031154889388 0.8633273607434154 0
2441 0.6908662510378604 0.8769602903777115 0
2442 0.6847833372638756 0.8830432041516962 0
2443 0.6564169160108396 0.9072025492808358 0
2444 0.6507517876160535 0.9087205158592374 0
2445 0.6450866592212673 0.9072025492808358 0
2446 0.6409394974048827 0.9030553874644511 0
2447 0.639421530826481 0.897390259069665 0
2448 0.6409394974048827 0.8917251306748788 0
2449 0.6500634325269364 0.874905559316861 0
2450 0.662081594001304 0.8603414608891246 0
2451 0.6747811911426018 0.8464560748558189 0
2452 0.6882692695367325 0.8324527101937705 0
2453 0.6939388593427972 0.826783120387706 0
2454 0.7080177340407366 0.8148291023724258 0
2455 0.7142209429644538 0.8131669575508342 0
2456 0.7204241518881709 0.8148291023724258 0
2457 0.5412628566086802 0.9262846426381864 0
2458 0.5495415470083261 0.9285029110451588 0
2459 0.5556019690009997 0.9345633330378323 0
2460 0.557820237407972 0.9428420234374782 0
2461 0.5556019690009997 0.9511207138371242 0
2462 0.5495415470083261 0.9571811358297977 0
2463 0.5412628566086802 0.9593994042367701 0
2464 0.5035463597709878 0.9692200458127727 0
2465 0.4854564628415052 0.9731931566887853 0
2466 0.4670017923171348 0.9751570320731359 0
2467 0.4639465001696709 0.9743383690095817 0
2468 0.4617098710857612 0.9721017399256719 0
2469 0.4608912080222071 0.9690464477782081 0
2470 0.4617098710857612 0.9659911556307443 0
2471 0.4639465001696709 0.9637545265468346 0
2472 0.4799362009673235 0.9525912589032536 0
2473 0.496345612804831 0.9423464922826279 0
2474 0.5142660209758974 0.9343093689872536 0
2475 0.5329841662090343 0.9285029110451588 0
2476 0.7577314178460163 0.8431512988216548 0
2477 0.7723315061419912 0.8358011217852304 0
2478 0.7803076704984097 0.83366391498723 0
2479 0.7983746590710055 0.8308129253890056 0
2480 0.8161547037549939 0.8311571784225502 0
2481 0.8234041826273303 0.8330996704319392 0
2482 0.8287111694902777 0.8384066572948867 0
2483 0.8306536614996668 0.8456561361672231 0
2484 0.8287111694902777 0.8529056150395595 0
2485 0.8234041826273303 0.8582126019025069 0
2486 0.8161547037549939 0.860155093911896 0
2487 0.7983746590710055 0.8647144292243455 0
2488 0.7803076704984097 0.8655685724129041 0
2489 0.7627219324996809 0.8617761530650481 0
2490 0.7577314178460163 0.860438948693783 0
2491 0.7540781075636168 0.8567856384113836 0
2492 0.7527409031923518 0.8517951237577189 0
2493 0.7540781075636168 0.8468046091040543 0
2494 0.002940844853151382 0.8714379535863751 0
2495 6.722053469410127e-18 0.870649956582908 0
2496 0.009309638570655088 0.8718531537681973 0
2497 0.01258455152187591 0.8709756434876353 0
2498 0.01498195419253488 0.8685782408169764 0
2499 0.01751801530555787 0.8630218203016551 0
2500 0.01977311142259127 0.8546056870169352 0
2501 0.01751801530555787 0.8461895537322153 0
2502 0.01135697813787132 0.8400285165645287 0
2503 0.007848600131944286 0.8390884495110971 0
2504 -3.859759734048396e-17 0.8317359442189579 0
2505 0.9945247115684315 0.8691828574693417 0
2506 0.9883636744007449 0.8630218203016551 0
2507 1 0.8706499565829079 0
2508 1 0.831735944218958 0
2509 0.9864149093369972 0.8534624439621377 0
2510 0.9861085782837115 0.8546056870169352 0
2511 0.9909489480111315 0.2285092120101264 0
2512 0.9825421894786054 0.2307617961698802 0
2513 0.9741354309460792 0.2285092120101264 0
2514 0.9565494495725734 0.2189732059719979 0
2515 0.940072358249082 0.2077857608514081 0
2516 0.934191082478155 0.2019044850804811 0
2517 0.9320383861393338 0.1938705129707329 0
2518 0.934191082478155 0.1858365408609847 0
2519 0.940072358249082 0.1799552650900577 0
2520 0.9481063303588302 0.1778025687512365 0
2521 0.9561403024685784 0.1799552650900577 0
2522 0.9909489480111315 0.1993873461995294 0
2523 0.9971031223839039 0.2055415205723017 0
2524 0.9993557065436578 0.2139482791048279 0
2525 0.9971031223839039 0.2223550376373541 0
2526 0.05026586377906909 0.3273510525670826 0
2527 0.04404361328538198 0.3335733030607697 0
2528 0.05254336552846883 0.3188513003239957 0
2529 0.05026586377906908 0.3103515480809089 0
2530 0.04404361328538196 0.3041292975872217 0
2531 0.02766475855806565 0.292724724513884 0
2532 0.01007413501643178 0.283226177841172 0
2533 0.001662036585471479 0.2809721628599451 0
2534 1.517883041479706e-17 0.2814175042208131 0
2535 5.204170427930421e-18 0.3166023890476841 0
2536 0.02704410879920827 0.3335733030607697 0
2537 0.03554386104229512 0.3358508048101694 0
2538 1 0.2814175042208131 0
2539 1 0.316602389047684 0
2540 0.9932499381545111 0.283226177841172 0
2541 0.9870918547047778 0.2893842612909054 0
2542 0.9848378397235509 0.2977963597218657 0
2543 0.9870918547047778 0.306208458152826 0
2544 0.9932499381545111 0.3123665416025594 0
2545 0.5682768005748567 0.961805911617842 0
2546 0.5705539929636333 0.953307313924319 0
2547 0.5767753982683798 0.9470859086195725 0
2548 0.5852739959619028 0.944808716230796 0
2549 0.6037181329923131 0.9492722716518759 0
2550 0.6115988148266013 0.95138389398518 0
2551 0.6275595167061109 0.9592607201003037 0
2552 0.6317188434204246 0.9634200468146175 0
2553 0.6332412626605027 0.9691017927690093 0
2554 0.6317188434204246 0.9747835387234012 0
2555 0.6275595167061109 0.9789428654377149 0
2556 0.621877770751719 0.980465284677793 0
2557 0.6037181329923131 0.9807949989890284 0
2558 0.5852739959619028 0.978803107004888 0
2559 0.5767753982683798 0.9765259146161115 0
2560 0.5705539929636333 0.970304509311365 0
2561 0.8982419238595069 0.1815676262779348 0
2562 0.8959646703524189 0.173068800487768 0
2563 0.8982419238595069 0.1645699746976012 0
2564 0.9044634961425857 0.1583484024145223 0
2565 0.9107595530978596 0.1561052204736033 0
2566 0.9147612268791364 0.1550329752155374 0
2567 0.9187629006604132 0.1561052204736033 0
2568 0.9214611477229193 0.1583484024145223 0
2569 0.9276827200059982 0.1645699746976012 0
2570 0.9299599735130861 0.173068800487768 0
2571 0.9276827200059982 0.1815676262779348 0
2572 0.9214611477229193 0.1877891985610136 0
2573 0.9183488498905171 0.1901730197963412 0
2574 0.9140178383853703 0.1913335108315552 0
2575 0.9096868268802235 0.1901730197963412 0
2576 0.9044634961425857 0.1877891985610136 0
2577 0.8105469122877138 0.9476990551471883 0
2578 0.802377107572527 0.9498881477229426 0
2579 0.7942073028573403 0.9476990551471883 0
2580 0.7816813107783186 0.9401026345298215 0
2581 0.7759939657352818 0.9344152894867847 0
2582 0.7739122529694428 0.9266462316779088 0
2583 0.7759939657352818 0.918877173869033 0
2584 0.7816813107783186 0.9131898288259962 0
2585 0.7894503685871944 0.9111081160601572 0
2586 0.7972194263960702 0.9131898288259962 0
2587 0.8105469122877137 0.9193980214379499 0
2588 0.8165276244271462 0.9253787335773823 0
2589 0.8187167170029005 0.9335485382925691 0
2590 0.8165276244271462 0.9417183430077558 0
2591 0.2881511892082038 0.9428633115603043 0
2592 0.2903726516632202 0.9345727008110764 0
2593 0.2964417999574318 0.9285035525168648 0
2594 0.3047324107066598 0.9262820900618484 0
2595 0.3130230214558878 0.9285035525168648 0
2596 0.3190921697500994 0.9345727008110764 0
2597 0.3213136322051158 0.9428633115603043 0
2598 0.3207560285001376 0.9570136476650389 0
2599 0.3187638671851779 0.9644484949093421 0
2600 0.3133211812558344 0.9698911808386855 0
2601 0.3058863340115312 0.9718833421536454 0
2602 0.298451486767228 0.9698911808386855 0
2603 0.2930088008378846 0.9644484949093421 0
2604 0.2910166395229248 0.9570136476650389 0
2605 0.9724990155863393 0.3988572185650362 0
2606 0.9900217974186645 0.3958778345806903 0
2607 0.9642063902404312 0.4010792208296062 0
2608 0.9492895284942291 0.4071857851560741 0
2609 0.9449485861332587 0.4115267275170445 0
2610 0.9433596909527795 0.417456565058494 0
2611 0.9449485861332587 0.4233864025999436 0
2612 0.9492895284942291 0.427727344960914 0
2613 0.9552193660356787 0.4293162401413932 0
2614 0.9724990155863393 0.432027719948669 0
2615 0.9900217974186645 0.4288965915866882 0
2616 0.998276486670164 0.4266847542679791 0
2617 1 0.424961240938143 0
2618 1 0.3998131852292355 0
2619 0.998276486670164 0.3980896718993994 0
2620 9.974659986866641e-18 0.424961240938143 0
2621 -1.788933584601082e-17 0.3998131852292354 0
2622 0.004319338602954303 0.4206419023351887 0
2623 0.006531175921663523 0.4123872130836893 0
2624 0.004319338602954303 0.4041325238321898 0
2625 -1.431146867680866e-17 0.3804129163143828 0
2626 0.01728943997673757 0.3886339000592234 0
2627 -1.301042606982605e-17 0.396854883804064 0
2628 1 0.3804129163143828 0
2629 1 0.3968548838040639 0
2630 0.8334714726824326 0.916372949118244 0
2631 0.8250160151642419 0.9141073161046092 0
2632 0.8188261906596861 0.9079174916000533 0
2633 0.8165605576460513 0.8994620340818626 0
2634 0.8188261906596861 0.891006576563672 0
2635 0.8268032082006285 0.8726320280469437 0
2636 0.84462768124724 0.8367938047731016 0
2637 0.8624392783889733 0.8010354159876367 0
2638 0.8685640495015717 0.7949106448750383 0
2639 0.8769306424337463 0.7926688230554622 0
2640 0.8852972353659209 0.7949106448750383 0
2641 0.8914220064785193 0.8010354159876367 0
2642 0.8936638282980954 0.8094020089198113 0
2643 0.8914220064785193 0.8177686018519859 0
2644 0.8830051182672799 0.8358962767594471 0
2645 0.8658015505017062 0.8720306154116222 0
2646 0.8481167547051791 0.9079174916000533 0
2647 0.8419269302006233 0.9141073161046092 0
2648 0.03537987725710153 0.3589013553706595 0
2649 0.0189904459514398 0.3667428868364834 0
2650 0.0385159423987834 0.3557652902289776 0
2651 0.03966382190856181 0.3514813455775174 0
2652 0.0385159423987834 0.3471974009260571 0
2653 0.03537987725710152 0.3440613357843752 0
2654 0.03109593260564125 0.3429134562745968 0
2655 0.01211053329643119 0.3410667032563552 0
2656 0.005230620641422579 0.3429101702962614 0
2657 0.001569932315491621 0.3465708586221924 0
2658 0.0006165206996224804 0.3456174470063232 0
2659 -2.42861286636753e-17 0.3453407923335909 0
2660 -2.732189474663471e-17 0.3726836401717974 0
2661 0.0006165206996224804 0.3725184439482164 0
2662 0.006146633031245437 0.3669883316165934 0
2663 0.01211053329643119 0.3685863538763897 0
2664 1 0.3453407923335909 0
2665 1 0.3726836401717973 0
2666 0.9814392850774284 0.3370119421981034 0
2667 0.9731484147676869 0.334790410194057 0
2668 0.9537355334704672 0.3375094866797774 0
2669 0.9347812134130074 0.341562973806624 0
2670 0.9265292171174292 0.3437740895499688 0
2671 0.9204883365651959 0.3498149701022021 0
2672 0.9182772208218511 0.3580669663977802 0
2673 0.9204883365651959 0.3663189626933583 0
2674 0.9265292171174293 0.3723598432455917 0
2675 0.9347812134130074 0.3745709589889364 0
2676 0.9928508717866869 0.3745992433031411 0
2677 0.873308520090352 0.7222347820785675 0
2678 0.8753260891025167 0.7147051120173921 0
2679 0.8808381901515275 0.7091930109683813 0
2680 0.888367860212703 0.7071754419562165 0
2681 0.9048996266434663 0.7066884710511582 0
2682 0.9133568498815455 0.7089545771880112 0
2683 0.9247681243900303 0.7159842537951833 0
2684 0.9286247328927144 0.7198408622978674 0
2685 0.9300363495771479 0.725109087484985 0
2686 0.9286247328927144 0.7303773126721027 0
2687 0.9247681243900303 0.7342339211747868 0
2688 0.9133568498815455 0.738251257866622 0
2689 0.9048996266434663 0.7405173640034751 0
2690 0.888367860212703 0.7372941222009185 0
2691 0.8808381901515275 0.7352765531887537 0
2692 0.8753260891025167 0.7297644521397429 0
2693 0.1181717360533725 0.9726923269134972 0
2694 0.1243041613373015 0.9665599016295681 0
2695 0.1159271126126444 0.9810693756381542 0
2696 0.1181717360533725 0.9894464243628113 0
2697 0.1243041613373015 0.9955788496467404 0
2698 0.1326812100619586 0.9978234730874683 0
2699 0.1467001059426 1.000000000000001 0
2700 0.1557168354518599 1 0
2701 0.1688407959089511 0.9982737934883319 0
2702 0.1752382786554739 0.9965595931528091 0
2703 0.1799215610664739 0.991876310741809 0
2704 0.1816357614019968 0.9854788279952862 0
2705 0.1799215610664739 0.9790813452487633 0
2706 0.1752382786554739 0.9743980628377633 0
2707 0.1591118978185405 0.9697540974844314 0
2708 0.1508354967044489 0.9675364424896745 0
2709 0.1326812100619586 0.9643152781888401 0
2710 0.1508354967044489 0.0006420469460413081 0
2711 0.1467001059425839 -2.021494950599223e-16 0
2712 0.1557168354518625 -7.101524229780054e-17 0
2713 0.8360016618104392 0.9472413845332956 0
2714 0.834182061652251 0.9404505442934764 0
2715 0.8360016618104392 0.9336597040536572 0
2716 0.8430285122600609 0.9230009583669125 0
2717 0.8491857388850629 0.9168437317419106 0
2718 0.8575966668716735 0.914590030380302 0
2719 0.8678720828406715 0.9136338705971587 0
2720 0.8721122526536984 0.9147700206743301 0
2721 0.8752162723895538 0.9178740404101855 0
2722 0.8763524224667252 0.9221142102232124 0
2723 0.8744185228448946 0.9314118863535231 0
2724 0.872164821483286 0.9398228143401337 0
2725 0.866007594858284 0.9459800409651357 0
2726 0.8545545823717087 0.9522126246149266 0
2727 0.8477637421318894 0.9540322247731149 0
2728 0.8409729018920702 0.9522126246149266 0
2729 0.9156913687596369 0.7948637419658164 0
2730 0.9080775421594676 0.7928236232769905 0
2731 0.9025038342481242 0.7872499153656471 0
2732 0.9004637155592983 0.7796360887654779 0
2733 0.9025038342481242 0.7720222621653086 0
2734 0.9109368670039091 0.7569923210950525 0
2735 0.9222154716616717 0.7446986967360677 0
2736 0.9269655012756962 0.7399486671220432 0
2737 0.933454162397182 0.7382100356145819 0
2738 0.9399428235186679 0.7399486671220432 0
2739 0.9446928531326924 0.7446986967360677 0
2740 0.9464314846401537 0.7511873578575535 0
2741 0.9446928531326924 0.7576760189790394 0
2742 0.9403272060464443 0.7739608412528346 0
2743 0.9288789032711495 0.7872499153656471 0
2744 0.9233051953598062 0.7928236232769905 0
2745 0.9311121150067762 0.702031041844169 0
2746 0.9332279736731713 0.6941345497995471 0
2747 0.9390086070513979 0.6883539164213206 0
2748 0.9469050990960197 0.6862380577549254 0
2749 0.9548015911406414 0.6883539164213206 0
2750 0.9605822245188681 0.6941345497995471 0
2751 0.9660641466988095 0.7032328009351709 0
2752 0.9680672873657361 0.7107086236788485 0
2753 0.9660641466988096 0.718184446422526 0
2754 0.9605914646220586 0.7236571284992769 0
2755 0.953115641878381 0.7256602691662035 0
2756 0.9456398191347035 0.723657128499277 0
2757 0.9401671370579526 0.718184446422526 0
2758 0.9332279736731713 0.7099275338887908 0
2759 0.9181406403336771 0.1147378716796904 0
2760 0.919993949850024 0.1216545169568482 0
2761 0.9181406403336771 0.1285711622340059 0
2762 0.910863238460199 0.1412032565325035 0
2763 0.9046644619672434 0.1474020330254591 0
2764 0.8961967758054843 0.1496709426942627 0
2765 0.8852458395043538 0.1521126706319116 0
2766 0.8800870257697312 0.150730370657817 0
2767 0.8763105120092034 0.1469538568972891 0
2768 0.8749282120351087 0.1417950431626666 0
2769 0.8763105120092034 0.136636229428044 0
2770 0.8815303131507696 0.1242678842089853 0
2771 0.8877290896437251 0.1180691077160297 0
2772 0.8992440140185508 0.1096745359188796 0
2773 0.9061606592957085 0.1078212264025327 0
2774 0.9130773045728663 0.1096745359188796 0
2775 0.59950001810265 0.9234079052548663 0
2776 0.6014703350204599 0.9160545824105872 0
2777 0.606853340946929 0.910671576484118 0
2778 0.6142066637912081 0.9087012595663081 0
2779 0.6215599866354872 0.910671576484118 0
2780 0.6577878700876381 0.9272180124294046 0
2781 0.6756898082377623 0.9359855006528708 0
2782 0.7110182257843281 0.9544559179919071 0
2783 0.7151760134643299 0.958613705671909 0
2784 0.7166978693787525 0.9642933492663334 0
2785 0.7151760134643299 0.9699729928607578 0
2786 0.7110182257843281 0.9741307805407596 0
2787 0.7053385821899036 0.9756526364551822 0
2788 0.6996589385954792 0.9741307805407596 0
2789 0.606853340946929 0.9361442340256145 0
2790 0.6014703350204599 0.9307612280991454 0
2791 0.4059788967949972 0.955391125320474 0
2792 0.4121962281027438 0.9616084566282206 0
2793 0.4157743030211126 0.9707761217877919 0
2794 0.4169621807901236 0.9752093419749225 0
2795 0.4157743030211126 0.979642562162053 0
2796 0.412528960602993 0.9828879045801726 0
2797 0.4059788967949972 0.9848118529562194 0
2798 0.397485864284871 0.9870875541585991 0
2799 0.3889928317747449 0.9848118529562194 0
2800 0.3827755004669983 0.9785945216484728 0
2801 0.375944620961964 0.9691797055822559 0
2802 0.3743476016759899 0.963219548466333 0
2803 0.375944620961964 0.95725939135041 0
2804 0.3803077587919128 0.9528962535204613 0
2805 0.3862679159078357 0.9512992342344871 0
2806 0.397485864284871 0.9531154241180944 0
2807 0.1026940859268328 0.9826478889888138 0
2808 0.1088671119030108 0.9888209149649918 0
2809 0.08735649816487567 0.9767217444562015 0
2810 0.08127852751933372 0.9750931571301086 0
2811 0.07520055687379175 0.9767217444562015 0
2812 0.07075117355434282 0.9811711277756505 0
2813 0.06912258622824978 0.9872490984211925 0
2814 0.07067743328246712 0.99305186662553 0
2815 0.06279633268146514 1 0
2816 0.1103906537467665 1 0
2817 0.1111265962285132 0.9972534252666723 0
2818 0.06279633268146516 2.02095284951298e-16 0
2819 0.1103906537467663 3.252606517456513e-18 0
2820 0.08998681777918005 0.01297302795736605 0
2821 0.0942615756251524 0.01411844587003319 0
2822 0.1026940859268328 0.01185896154453081 0
2823 0.1088671119030108 0.005685935568352729 0
2824 0.8505191434053099 0.0005220380738774642 0
2825 0.8506590230856235 2.157562323246154e-17 0
2826 0.8527321593404319 0.008781125981712358 0
2827 0.8624339323517596 0.02429351776063832 0
2828 0.8672886033290144 0.02914818873789306 0
2829 0.8739202072109593 0.03092512164258332 0
2830 0.8805518110929044 0.02914818873789306 0
2831 0.885406482070159 0.02429351776063832 0
2832 0.8871834149748493 0.01766191387869331 0
2833 0.8835554950366495 0.0005220380738774621 0
2834 0.8834156153563357 -1.951563910473908e-17 0
2835 0.8506590230856237 1 0
2836 0.8517111666222962 0.9960733468642835 0
2837 0.8834156153563357 1 0
2838 0.8813424791015275 0.9922629501660426 0
2839 0.8776658910691094 0.9885863621336238 0
2840 0.8787398065189438 0.9826692783671178 0
2841 0.9121859994522116 0.8688131710932008 0
2842 0.9044558567980899 0.8667418856116514 0
2843 0.8987969996255176 0.8610830284390791 0
2844 0.8967257141439683 0.8533528857849575 0
2845 0.8987969996255176 0.8456227431308359 0
2846 0.9044558567980899 0.8399638859582635 0
2847 0.9214168097575474 0.8321972868303884 0
2848 0.9269152669681383 0.8307239796611935 0
2849 0.9324137241787291 0.8321972868303884 0
2850 0.9364388742201252 0.8362224368717843 0
2851 0.9379121813893201 0.8417208940823753 0
2852 0.9364388742201252 0.8472193512929662 0
2853 0.9255749992789055 0.8610830284390791 0
2854 0.9199161421063332 0.8667418856116514 0
2855 0.9103267181573381 0.4837570248081157 0
2856 0.9125591918617316 0.4754253195167577 0
2857 0.9125591918617316 0.4920887300994737 0
2858 0.9186584234486962 0.4981879616864381 0
2859 0.9373069772968703 0.5046348621132728 0
2860 0.9753155257874324 0.516118520940405 0
2861 0.9835840344707496 0.5183340611647096 0
2862 0.9918525431540668 0.516118520940405 0
2863 0.9936599815577104 0.5143110825367614 0
2864 0.9944761212497643 0.5151272222288154 0
2865 1 0.5166073410790284 0
2866 1 0.4857625785480983 0
2867 0.9944761212497643 0.4872426973983114 0
2868 0.9930478975731984 0.4886709210748771 0
2869 0.9918525431540668 0.4874755666557454 0
2870 0.9732261207530519 0.4807183531502781 0
2871 0.9353218340314121 0.4693260879297931 0
2872 0.9269901287400542 0.4670936142253997 0
2873 0.9186584234486962 0.4693260879297932 0
2874 -7.806255641895632e-18 0.5166073410790284 0
2875 6.071532165918825e-18 0.4857625785480982 0
2876 0.002525690208322385 0.5172840977306796 0
2877 0.02136277031105449 0.5222572894903624 0
2878 0.02886814932154988 0.5202462292456107 0
2879 0.03436246808729353 0.5147519104798671 0
2880 0.03637352833204527 0.5072465314693717 0
2881 0.03436246808729353 0.4997411524588763 0
2882 0.02886814932154987 0.4942468336931327 0
2883 0.01057525916688051 0.4872426973983114 0
2884 0.002525690208322381 0.4850858218964471 0
2885 0.950463937852891 0.1627069597966257 0
2886 0.9491680131620143 0.1578705030074912 0
2887 0.950463937852891 0.1530340462183567 0
2888 0.9540044699511488 0.1494935141200988 0
2889 0.9694645255524996 0.1382380791611576 0
2890 0.9724005447730772 0.1374513751820416 0
2891 0.9753365639936549 0.1382380791611576 0
2892 0.9774858792351164 0.1403873944026192 0
2893 0.9782725832142324 0.1433234136231968 0
2894 0.9774858792351164 0.1462594328437744 0
2895 0.9672179156276757 0.1627069597966257 0
2896 0.9636773835294178 0.1662474918948836 0
2897 0.9588409267402833 0.1675434165857602 0
2898 0.9540044699511488 0.1662474918948836 0
2899 0.1220895390333851 0.8266569203973679 0
2900 0.1199477918374346 0.8346500297496235 0
2901 0.1140964296811295 0.8405013919059285 0
2902 0.106103320328874 0.842643139101879 0
2903 0.09811021097661843 0.8405013919059285 0
2904 0.09225884882031339 0.8346500297496235 0
2905 0.08351714638628323 0.8234698888164672 0
2906 0.08140046314794265 0.8155703194274507 0
2907 0.08351714638628321 0.8076707500384342 0
2908 0.08930003253695909 0.8018878638877585 0
2909 0.09719960192597554 0.7997711806494179 0
2910 0.105099171314992 0.8018878638877585 0
2911 0.1108820574656679 0.8076707500384342 0
2912 0.1199477918374346 0.8186638110451123 0
2913 0.9351794667102287 0.9127267394928067 0
2914 0.9293162582945371 0.9185899479084982 0
2915 0.9213069666510197 0.920736031136324 0
2916 0.9132976750075024 0.9185899479084982 0
2917 0.9074344665918108 0.9127267394928067 0
2918 0.9052883833639851 0.9047174478492893 0
2919 0.9074344665918108 0.8967081562057719 0
2920 0.9124835837295018 0.8822713023795423 0
2921 0.9183961014036588 0.8763587847053853 0
2922 0.9296917313309327 0.8693252890873581 0
2923 0.9333541270059101 0.8683439531238846 0
2924 0.9370165226808875 0.869325289087358 0
2925 0.9396975823923914 0.872006348798862 0
2926 0.9406789183558649 0.8756687444738394 0
2927 0.942626049433328 0.8903479517227654 0
2928 0.9404619177642619 0.8984246010659884 0
2929 0.9405252480719881 0.8224009579711692 0
2930 0.9383815130986688 0.8144004301327791 0
2931 0.9405252480719881 0.806399902294389 0
2932 0.9463820409370589 0.8005431094293182 0
2933 0.9566008613626579 0.7950284667624316 0
2934 0.964074464853344 0.7930259207425517 0
2935 0.9715480683440302 0.7950284667624316 0
2936 0.9770191258148365 0.8004995242332379 0
2937 0.9790216718347163 0.807973127723924 0
2938 0.9770191258148365 0.8154467312146102 0
2939 0.9715480683440302 0.8209177886854165 0
2940 0.9623830966138391 0.82825775083624 0
2941 0.954382568775449 0.8304014858095593 0
2942 0.9463820409370589 0.82825775083624 0
2943 0 0 0
2944 0 1 0
2945 1 1 0
2946 1 0 0
2947 0.4465648052191226 0.2463598535845273 0
2948 0.4319701749498393 0.2425787876118745 0
2949 0.4173755446805561 0.2387977216392216 0
2950 0.4612670828034731 0.2228020564273948 0
2951 0.4807398869522525 0.2273192219718709 0
2952 0.4102520489387493 0.7081143395911972 0
2953 0.3776157831411785 0.7005652748011992 0
2954 0.3646010430879864 0.6971666587944159 0
2955 0.3712087563437184 0.6744159213119051 0
2956 0.3908312096526425 0.677715483652751 0
2957 0.5554974294055107 0.6044604987345819 0
2958 0.5211771480654322 0.5968242431824675 0
2959 0.5064545748342442 0.5934682666209454 0
2960 0.4917320016030562 0.5901122900594233 0
2961 0.496657274213729 0.5649938272309135 0
2962 0.5163051200555899 0.5674587357087095 0
2963 0.5359529658974508 0.5699236441865057 0
2964 0.5755598393127483 0.2289447602434128 0
2965 0.5357822193383834 0.2247862288604965 0
2966 0.5159348590283578 0.1895790530475215 0
2967 0.5358499971803469 0.1911779043592886 0
2968 0.5557651353323358 0.1927767556710558 0
2969 0.07041534571190429 0.326157483060198 0
2970 0.08726993603581287 0.3153854334297341 0
2971 0.1215593944351861 0.294841972896447 0
2972 0.1366523637565989 0.3209610156471913 0
2973 0.1198934857180924 0.3318805286884149 0
2974 0.1031346076795858 0.3428000417296385 0
2975 0.6035168060224532 0.1742297524399669 0
2976 0.563999915439819 0.1801889418506628 0
2977 0.5836952849399052 0.1436820311219195 0
2978 0.6034459617846543 0.1404861026686041 0
2979 0.6231966386294032 0.1372901742152887 0
2980 0.2266647024884413 0.2384095630458147 0
2981 0.2370834062316571 0.2732811073781242 0
2982 0.1993371832218681 0.2647383401885865 0
2983 0.1802775586905001 0.25967883706392 0
2984 0.4051087587994434 0.2794044152782544 0
2985 0.3880671437575541 0.2693959985611318 0
2986 0.3710255287156647 0.2593875818440092 0
2987 0.3742998138456474 0.240564659480193 0
2988 0.3872772579421301 0.2444607326051862 0
2989 0.05744370562468622 0.5859288681745776 0
2990 0.03752555350745771 0.5877170491565153 0
2991 0.03747345735201907 0.5661311601401116 0
2992 0.07724470311965315 0.5612674837041685 0
2993 0.9930163356093429 0.5795622836809254 0
2994 0.9898131367942158 0.5732532566234214 0
2995 0.9930163356093428 0.5669442295659175 0
2996 0.003936899675347363 0.5686417196149209 0
2997 0.003936899675347345 0.577864793631922 0
2998 0.1351950844843082 0.6059952696366699 0
2999 0.09710549621236304 0.6066427780500456 0
3000 0.3469730146064389 0.7362148045228561 0
3001 0.3460595721325324 0.6989629428663762 0
3002 0.4616412558704034 0.7290775994369965 0
3003 0.4815757923339547 0.7307094254768678 0
3004 0.5014594188433162 0.7638761036500721 0
3005 0.4815212634802291 0.763141550352294 0
3006 0.4416584695474903 0.76084019245013 0
3007 0.4503710006074533 0.4386748111782383 0
3008 0.4372017656212148 0.4616326829914498 0
3009 0.423983897567499 0.4638997410222643 0
3010 0.390912254928782 0.4688106414939059 0
3011 1 0.2519121131157119 0
3012 0 0.2519121131157119 0
3013 0.4731031648588246 0.5038059934000919 0
3014 0.4926924541402694 0.5411137312003366 0
3015 0.4729842660379889 0.5381868435892362 0
3016 0.4532760779357083 0.5352599559781357 0
3017 0.4335678898334278 0.5323330683670353 0
3018 0.117476698356545 0.1580834939723109 0
3019 0.09625652898761929 0.1929212917308134 0
3020 0.07976888247470858 0.1569893050881823 0
3021 0.4944387311790827 0.3827084127196044 0
3022 0.4753220457036842 0.377020697792528 0
3023 0.4542931544255885 0.3354827465440418 0
3024 0.4733379852743174 0.3414907565970686 0
3025 0.5112625028948061 0.3535828803531166 0
3026 0.2946373443325885 0.1759502520559697 0
3027 0.2899488236392233 0.1934480494959467 0
3028 0.690511245052629 0.5798779424212531 0
3029 0.70587830578281 0.5670896007499209 0
3030 0.7207240081314372 0.5926456538987073 0
3031 0.6904234081815926 0.6188109896652391 0
3032 0.6750217058461719 0.6315345590507982 0
3033 0.499787001007613 0 0
3034 0.499787001007613 1 0
3035 0.2942130136592065 0.3415849925962471 0
3036 0.2905361877344257 0.3743465057122363 0
3037 0.2817864940481901 0.3641235701159479 0
3038 0.3814199159141026 0.3460949509353951 0
3039 0.4314929250295202 0.3760419144855755 0
3040 0.1385522432047741 0.4104868874227361 0
3041 0.4254449241961197 0.4896670618742106 0
3042 0.4056380890515255 0.4883157862812871 0
3043 0.3957679540584844 0.4740097236326868 0
3044 0.4155960214199995 0.4690750616081003 0
3045 0.7190665869383088 0.359576931476803 0
3046 0.7464113160893767 0.3435527639910013 0
3047 0.7603301796627315 0.3577766454719126 0
3048 0.7742490432360863 0.3720005269528237 0
3049 0.7881679068094413 0.3862244084337349 0
3050 0.3143819284974169 0.01297759540975735 0
3051 0.2619488659720533 0 0
3052 0.2806257258784806 0.03329185606202996 0
3053 0.2619488659720532 1 0
3054 0.6601933627826131 0.2648493735660761 0
3055 0.7138016543109788 0.2908354160862829 0
3056 0.7068507492521068 0.3097235171493408 0
3057 0.6911058472488359 0.3039692941956767 0
3058 0.675360945245565 0.2982150712420126 0
3059 0.6596160432422941 0.2924608482883486 0
3060 0.6438711412390231 0.2867066253346845 0
3061 0 0.5424695703330082 0
3062 0.01236788940946183 0.5571090664606031 0
3063 0.06891761126167315 0.5574164590433691 0
3064 0.04922832909353175 0.5605730429673371 0
3065 0.02932419032106834 0.5255935875725486 0
3066 0.04908509135731709 0.5246374832303287 0
3067 0.06884599239356584 0.5236813788881086 0
3068 0.987980597694049 0.5580400646610463 0
3069 0.9773981918775495 0.5510029138055373 0
3070 0.9765565379321584 0.5383222031131322 0
3071 0.9861160611524373 0.5299481765530345 0
3072 1 0.5424695703330082 0
3073 0.5343781906154211 0.4429658738468404 0
3074 0.572855400401363 0.4535696364587986 0
3075 0.5920355855115997 0.4590004298674253 0
3076 0.5641697686397328 0.486080128977288 0
3077 0.5448279332559471 0.4811336798063413 0
3078 0.3402526097985846 0.2896435559384863 0
3079 0.3601019994416991 0.2911573011052547 0
3080 0.379992351293374 0.3184227164096805 0
3081 0.3601230392958352 0.3197063506388536 0
3082 0.3203495539230921 0.3206085944844595 0
3083 0.706842666014182 0.2390789628889935 0
3084 0.725040047174809 0.2473011933805911 0
3085 0.7432374283354359 0.2555234238721888 0
3086 0.7281308561109751 0.2818616420303724 0
3087 0.6726964131306495 0.2587254529229155 0
3088 0.6078712831524742 0.754474465199523 0
3089 0.6418354864490444 0.7739434913961365 0
3090 0.08631230209966791 0.7440302706332689 0
3091 0.1090368827599724 0.7087392304355808 0
3092 0.1213044370581232 0.7458664067202182 0
3093 1 0.4565834697046383 0
3094 0.9892084747789841 0.4602475383216135 0
3095 0.9866138843616794 0.4518299122597415 0
3096 0.9912928535393721 0.4443669654298841 0
3097 0.0286032716271997 0.4810992743151925 0
3098 0 0.4565834697046383 0
3099 0.09117952399798467 0.4481067912384455 0
3100 0.1035579949759722 0.4634396186963343 0
3101 0.0881150249363066 0.4949558268828372 0
3102 0.0618057957894054 0.4651286438541932 0
3103 0.04897329289187931 0.4500637392451841 0
3104 0.7727569961729767 0.6283240718985497 0
3105 0.7554771114706995 0.6383554154683003 0
3106 0.7381972267684223 0.6483867590380511 0
3107 0.720917342066145 0.6584181026078019 0
3108 0.7232829083389374 0.6226167076907668 0
3109 0.7401682659121507 0.6118796368099367 0
3110 0.7210767395435791 0.1776512212511506 0
3111 0.7539723185842201 0.1840016972908401 0
3112 0.7670894823913262 0.1869034856065762 0
3113 0.7406408074063479 0.2088854008804193 0
3114 0.7208589855863984 0.2067172989547726 0
3115 0.7010771637664488 0.2045491970291259 0
3116 0.1774966560132174 0.4168872457667331 0
3117 0.1678143118427722 0.4076067214309936 0
3118 0.1863140947261637 0.3885895757356259 0
3119 0.6878480321513969 0.4159536975895923 0
3120 0.6686974885347706 0.4517394135539384 0
3121 0.07631714653658635 0.4175674315121807 0
3122 0.5592323754916885 0.704025088757827 0
3123 0.578926298078381 0.7077498592077437 0
3124 0.5984764515888295 0.7387849871753381 0
3125 0.5787854778302399 0.7372081938201881 0
3126 0.2779938598548463 0.5142285660933199 0
3127 0.2652084313013419 0.5296408414856819 0
3128 0.2524230027478376 0.5450531168780439 0
3129 0.2283916449242096 0.5311701480345864 0
3130 0.2534371321224285 0.5000270103997808 0
3131 0.2660370098902069 0.4845008007545076 0
3132 0.9804885856333899 0.1741955041784314 0
3133 0.9752381293004718 0.1594186278648302 0
3134 0.984318307401701 0.146632943255029 0
3135 1 0.1647533290808336 0
3136 0 0.1647533290808336 0
3137 0.2977439399435229 0.09407742252758894 0
3138 0.555580058278159 0 0
3139 0.555580058278159 1 0
3140 0.5966927994449988 0.8462308873066917 0
3141 0.5573602760481023 0.827466996368008 0
3142 0.5769592539357098 0.823277080836968 0
3143 0.6161539737057208 0.8150211106566505 0
3144 0 0.09376976401716142 0
3145 1 0.09376976401716142 0
3146 0.2387412177037758 0.6176144635561536 0
3147 0.8067070710660621 0.5655344694549761 0
3148 0.7845575488142799 0.5452541027969801 0
3149 0.3254318336915546 0.9256454234498349 0
3150 0.2988897872172116 0.8551625395476936 0
3151 0.3134274021282185 0.8688232223613991 0
3152 0.3279650170392254 0.8824839051751047 0
3153 0.3425026319502323 0.8961445879888102 0
3154 0.82387226836171 0.6268148059301449 0
3155 0.7428069221823921 0.7304413000535714 0
3156 0.7783573028727573 0.7287089224342888 0
3157 0.1408347095754486 0.8592906562650374 0
3158 0.1997811685583453 0.8590986522386024 0
3159 0.1800988833141109 0.8912911635410059 0
3160 0.160424051073262 0.8923609385064954 0
3161 0.8330340100656158 0.7440081149257014 0
3162 0.8166796603318515 0.7078641309110453 0
3163 0.8534813394776273 0.7095060062347482 0
3164 0.871453815242401 0.7445149036826353 0
3165 0.05597248360523696 0.9543675066320948 0
3166 0.1848763123947667 0.9340984032345856 0
3167 0.4072978597793281 0.9013182626889368 0
3168 0.4222654969632102 0.9142851867920435 0
3169 0.6706001266373577 0.895122876716266 0
3170 0.522404608189834 0.9643097250247714 0
3171 0 0.851192950400933 0
3172 1 0.851192950400933 0
3173 0.9826505179264311 0.8427139957340086 0
3174 0.9886883804457947 0.8330577025424171 0
3175 0.9735446252398551 0.1896713056447936 0
3176 0 0.2990099466342486 0
3177 0.01352205439960411 0.3250878460542269 0
3178 1 0.2990099466342486 0
3179 1 0.4123872130836892 0
3180 0 0.4123872130836892 0
3181 0.007412526553620688 0.3780593161471278 0
3182 0.01443616593889776 0.3813989977848022 0
3183 0.01443616593889775 0.3958688023336445 0
3184 0.007412526553620687 0.399208483971319 0
3185 0.9960909911585415 0.3886339000592234 0
3186 0.8357154447239342 0.8547129164100227 0
3187 0.8535334798181067 0.8189146103803692 0
3188 0.874403334384493 0.8539634460855346 0
3189 0.8569591526034427 0.8899740535058377 0
3190 0 0.3590122162526942 0
3191 1 0.3590122162526942 0
3192 0.9907196425387143 0.3411763672658472 0
3193 0.9734943189954604 0.3745898151984062 0
3194 0.954137766204234 0.3745803870936714 0
3195 0.6396739283615627 0.9189447944567614 0
3196 0.6933540170110452 0.945220709322389 0
3197 0.6841913389873875 0.9677996894549021 0
3198 0.6687237393792959 0.9614685983690446 0
3199 0.6532561397712041 0.9551375072831871 0
3200 0.6377885401631124 0.9488064161973295 0
3201 0.6223209405550207 0.942475325111472 0
3202 0.09452588005833262 1 0
3203 0.07866110636989887 1 0
3204 0.0786611063698989 0 0
3205 0.0945258800583326 0 0
3206 0.0814515092206151 0.02122219890816006 0
3207 0.06959117863809873 0.02073963073809246 0
3208 0.06175425161150572 0.01182431311362206 0
3209 0.8670373192209796 0 0
3210 0.8670373192209796 1 0
3211 0.8451394608072351 0.981074929656652 0
3212 0.8544208913289567 0.9675843817239571 0
3213 0.8707774638758689 0.9683605070820579 0
3214 0.9563112515421512 0.5103766915268388 0
3215 1 0.5011849598135634 0
3216 0.954273977392232 0.4750222205400356 0
3217 0 0.5011849598135634 0
3218 0 0.05897497915719119 0
3219 0 0.03931665277146079 0
3220 0 0.0196583263857304 0
3221 0 0.1278139747187753 0
3222 0 0.2190895494680385 0
3223 0 0.2009372403417782 0
3224 0 0.3309715906906375 0
3225 0 0.8124254307786132 0
3226 0 0.7931149173382683 0
3227 0 0.7738044038979235 0
3228 0 0.7544938904575786 0
3229 0 0.7351833770172339 0
3230 0 0.7158728635768892 0
3231 0 0.6965623501365443 0
3232 0 0.6772518366961997 0
3233 0 0.6579413232558549 0
3234 0 0.6386308098155102 0
3235 0 0.6193202963751654 0
3236 0 0.6000097829348207 0
3237 0 0.9815214223689868 0
3238 0 0.9630428447379736 0
3239 0 0.9445642671069604 0
3240 0 0.9260856894759473 0
3241 0 0.9076071118449341 0
3242 0 0.889128534213921 0
3243 0.04709724951109895 1 0
3244 0.03139816634073267 1 0
3245 0.01569908317036628 1 0
3246 0.1285453798446751 1 0
3247 0.2306296304596437 1 0
3248 0.2119014317076984 1 0
3249 0.1931732329557531 1 0
3250 0.1744450342038077 1 0
3251 0.4629255757011838 1 0
3252 0.4440870084043171 1 0
3253 0.4252484411074505 1 0
3254 0.4064098738105839 1 0
3255 0.3875713065137173 1 0
3256 0.3687327392168507 1 0
3257 0.3498941719199842 1 0
3258 0.3310556046231174 1 0
3259 0.3122170373262509 1 0
3260 0.2933784700293842 1 0
3261 0.8308998485180457 1 0
3262 0.8111406739504677 1 0
3263 0.7913814993828899 1 0
3264 0.771622324815312 1 0
3265 0.7518631502477342 1 0
3266 0.7321039756801564 1 0
3267 0.7123448011125787 1 0
3268 0.692585626545001 1 0
3269 0.6728264519774233 1 0
3270 0.6530672774098456 1 0
3271 0.6333081028422679 1 0
3272 0.6135489282746902 1 0
3273 0.5937897537071125 1 0
3274 0.9805692692260559 1 0
3275 0.9611385384521118 1 0
3276 0.9417078076781679 1 0
3277 0.9222770769042238 1 0
3278 0.9028463461302797 1 0
3279 1 0.889128534213921 0
3280 1 0.9076071118449341 0
3281 1 0.9260856894759473 0
3282 1 0.9445642671069604 0
3283 1 0.9630428447379736 0
3284 1 0.9815214223689868 0
3285 1 0.6000097829348207 0
3286 1 0.6193202963751654 0
3287 1 0.6386308098155102 0
3288 1 0.6579413232558549 0
3289 1 0.6772518366961997 0
3290 1 0.6965623501365443 0
3291 1 0.7158728635768892 0
3292 1 0.7351833770172339 0
3293 1 0.7544938904575786 0
3294 1 0.7738044038979235 0
3295 1 0.7931149173382683 0
3296 1 0.8124254307786132 0
3297 1 0.3309715906906375 0
3298 1 0.2009372403417782 0
3299 1 0.2190895494680385 0
3300 1 0.1278139747187753 0
3301 1 0.0196583263857304 0
3302 1 0.03931665277146079 0
3303 1 0.05897497915719119 0
3304 0.9028463461302797 0 0
3305 0.9222770769042238 0 0
3306 0.9417078076781679 0 0
3307 0.9611385384521118 0 0
3308 0.9805692692260559 0 0
3309 0.5937897537071125 0 0
3310 0.6135489282746902 0 0
3311 0.6333081028422679 0 0
3312 0.6530672774098456 0 0
3313 0.6728264519774233 0 0
3314 0.692585626545001 0 0
3315 0.7123448011125787 0 0
3316 0.7321039756801564 0 0
3317 0.7518631502477342 0 0
3318 0.771622324815312 0 0
3319 0.7913814993828899 0 0
3320 0.8111406739504677 0 0
3321 0.8308998485180457 0 0
3322 0.2933784700293843 0 0
3323 0.3122170373262509 0 0
3324 0.3310556046231175 0 0
3325 0.3498941719199841 0 0
3326 0.3687327392168507 0 0
3327 0.3875713065137173 0 0
3328 0.4064098738105839 0 0
3329 0.4252484411074505 0 0
3330 0.4440870084043172 0 0
3331 0.4629255757011838 0 0
3332 0.1744450342038077 0 0
3333 0.1931732329557531 0 0
3334 0.2119014317076984 0 0
3335 0.2306296304596437 0 0
3336 0.1285453798446751 0 0
3337 0.01569908317036633 0 0
3338 0.03139816634073263 0 0
3339 0.0470972495110989 0 0
3340 0.3211297198798355 0.189994858245379 0
3341 0.7879739426645831 0.2743222387355505 0
3342 0.9837004683244475 0.57987505303243 0
3343 0.8721320644241959 0.6338514727388918 0
3344 0.9036519390976632 0.5613002863616439 0
3345 0.4240839864275883 0.08893973782325271 0
3346 0.3323851314152961 0.1248070389895316 0
3347 0.6020150654564257 0.04356406582701411 0
3348 0.1663953346285408 0.8018788635659526 0
3349 0.7627418515472626 0.04848436066087874 0
3350 0.1490252242549796 0.7827977597806535 0
3351 0.9214632353357832 0.1057068238284468 0
3352 0.7694201483923442 0.2924116462232835 0
3353 0.84721765993881 0.08416086254078925 0
3354 0.8955533200940848 0.07365477341162874 0
3355 0.7748537133971662 0.5205144098271741 0
3356 0.4565132210166077 0.6810279855772801 0
3357 0.233869734678517 0.6453257742873644 0
3358 0.8427972850715697 0.3998222223028819 0
3359 0.7244106406209327 0.9591282105434247 0
3360 0.5893255749389186 0.1016483869005168 0
3361 0.3236165930534187 0.1309214642544917 0
3362 0.154223276827882 0.07425929770711082 0
3363 0.4382877068549955 0.07617931295598135 0
3364 0.3419695888934378 0.05417697357839635 0
3365 0.9146800364308447 0.5646140058836994 0
3366 0.1595615422930952 0.5474324658725087 0
3367 0.407887663730267 0.1440342986370297 0
3368 0.8595415532054222 0.3853612929299647 0
3369 0.6014175658864598 0.6487053817712547 0
3370 0.3591322207990713 0.2297835672718782 0
3371 0.1493662998430846 0.6453943311364254 0
3372 0.448311728476957 0.6149570938659141 0
3373 0.2646143490929305 0.807292321237074 0
3374 0.4372436695713879 0.8726118620843999 0
3375 0.2808818499471822 0.9516996928185881 0
3376 0.3468176454633685 0.5017252005327829 0
3377 0.4526808135673921 0.830237221066879 0
3378 0.1509861375617988 0.929524309865672 0
3379 0.8591547271819555 0.03285456410248427 0
3380 0.8431160024069271 0.4604177090435682 0
3381 0.06000054206985794 0.8041333242329561 0
3382 0.07733605951925088 0.06491268051403493 0
3383 0.7922093196479081 0.2134196061351932 0
3384 0.3626406393797338 0.5659705426347632 0
3385 0.5978797237582366 0.5874855974191173 0
3386 0.7954709840731713 0.2387224370823099 0
3387 0.7966788252118859 0.09362256112626044 0
3388 0.7657245094303027 0.5362856281136438 0
3389 0.2486606160887446 0.991901076362568 0
3390 0.2978515024560067 0.4532023531826216 0
3391 0.1262062783482152 0.03706017695802344 0
3392 0.6781553401722245 0.5430871327506727 0
3393 0.2704131796265363 0.4018047892474792 0
3394 0.9032564001424739 0.4132883212735012 0
3395 0.2062799501581492 0.5174228686429082 0
3396 0.9713859563296108 0.1308117885544418 0
3397 0.8296091368727054 0.1417653168648715 0
3398 0.4811263272627332 0.2886730072228374 0
3399 0.8023397789852678 0.1697905501730273 0
3400 0.735683542815359 0.8178965820277863 0
3401 0.2226702520302739 0.7498579176932663 0
3402 0.3199938804719772 0.2330732246015972 0
3403 0.8326784865909285 0.2909867098481357 0
3404 0.3415326487594969 0.1036643167001779 0
3405 0.5327058311271309 0.8220307567835029 0
3406 0.7586874788634226 0.7818336574899565 0
3407 0.9222242175616537 0.1514841399299155 0
3408 0.3124247205464304 0.6004221776190416 0
3409 0.6460823080560844 0.6535002295655528 0
3410 0.166944511732671 0.5723935479714655 0
3411 0.4516660088366734 0.7995673250888533 0
3412 0.5397552782392112 0.09428121268915424 0
3413 0.6080464640536312 0.6267810454586068 0
3414 0.7110967453269587 0.07902446466129498 0
3415 0.1595543512482911 0.4986738662523667 0
3416 0.9448708522492408 0.8725828472454378 0
3417 0.3594478804346967 0.5474251314172732 0
3418 0.8618508017998009 0.2140103567599099 0
3419 0.7988855285023342 0.1944464468906737 0
3420 0.5796583185387371 0.8942067411932707 0
3421 0.6166700432623042 0.379735611131693 0
3422 0.2189466318835091 0.3537649243919994 0
3423 0.1447415041704307 0.69789161023796 0
3424 0.4186146935098199 0.7835908758082545 0
3425 0.8185887308591984 0.3364699922528005 0
3426 0.3131859074112018 0.4702133581992743 0
3427 0.9101185473560006 0.1947245556971148 0
3428 0.7988465502937084 0.7848746150518938 0
3429 0.8870254152727433 0.4440305106204266 0
3430 0.8656590707806939 0.142257647604887 0
3431 0.8847871736348824 0.9665531043219137 0
3432 0.3856345189869305 0.1887808205550137 0
3433 0.4615417054571012 0.04134080856759742 0
3434 0.7511660844489728 0.5607329049867664 0
3435 0.3490560729085557 0.2331309169320718 0
3436 0.1648169198254025 0.0764073627599709 0
3437 0.1955123295987591 0.6338373793134604 0
3438 0.9292453699114094 0.9311037406528844 0
3439 0.3786847829957464 0.4836478219959476 0
3440 0.1834496816579745 0.7200085484735126 0
3441 0.8638591407063225 0.5180075020016086 0
3442 0.3304310405853447 0.4875711063882076 0
3443 0.1312205746121398 0.4456553614255903 0
3444 0.1397998412797838 0.3674431440175325 0
3445 0.6535804059951038 0.7338633235014262 0
3446 0.9806868277016718 0.08759591463469979 0
3447 0.8947725000826161 0.8995835816083194 0
3448 0.2465378316032073 0.9186337522005246 0
3449 0.04229432959862439 0.6740751917642351 0
3450 0.150263084036907 0.1201160360946118 0
3451 0.7286786922478377 0.9118585631259468 0
3452 0.6528410852669984 0.03170079144057131 0
3453 0.3777935287961313 0.8079940236894401 0
3454 0.05563944675328009 0.6283638744768574 0
3455 0.8788576386263162 0.03901273246923298 0
3456 0.3297617144416627 0.9607545675284709 0
3457 0.3751365978497842 0.5352160559836129 0
3458 0.8814453424334953 0.9391951279311102 0
3459 0.8544514450910272 0.5544960837804683 0
3460 0.2873038764432028 0.6617868437933615 0
3461 0.633175019134056 0.5457199371623025 0
3462 0.3784796412237727 0.1643684872636637 0
3463 0.3169330396086047 0.4067023726884957 0
3464 0.3746208597692481 0.604405128605242 0
3465 0.1076830136558605 0.9465080919584545 0
3466 0.8746865665520422 0.4765302120834795 0
3467 0.544104984572871 0.05489741482072702 0
3468 0.4696202524547701 0.1968821779388357 0
3469 0.9291116122809796 0.3819683826857648 0
3470 0.6872636149228076 0.04834510793405311 0
3471 0.7337244391258763 0.5428722840735964 0
3472 0.7636404269989812 0.6613837525779316 0
3473 0.8224010937466235 0.7928677150417718 0
3474 0.8625818044840703 0.2437977423139754 0
3475 0.8875843734686908 0.3560951494359758 0
3476 0.2751802004181877 0.2598000954457917 0
3477 0.652777529089577 0.5067955455675702 0
3478 0.8511267065221768 0.5968560444833599 0
3479 0.4238744829301531 0.6324931433622265 0
3480 0.5623146078062473 0.2558773810625031 0
3481 0.3349067137579347 0.5266780280540458 0
3482 0.5974246195303832 0.4215423226138164 0
3483 0.226841311197446 0.8524338092611108 0
3484 0.7968026987707686 0.2671016777880715 0
3485 0.7764375030337411 0.1760467694290577 0
3486 0.6312413188695606 0.6374999503149168 0
3487 0.08021199451405442 0.8714410641733767 0
3488 0.5011490560709511 0.4269346567575054 0
3489 0.2122763863619881 0.6912925863648339 0
3490 0.4208687490244549 0.1423305511779211 0
3491 0.235351266211246 0.200871510486066 0
3492 0.1493397035569887 0.3624805467262303 0
3493 0.9462076540727045 0.1512352365318795 0
3494 0.8336260472282349 0.9544726353065325 0
3495 0.8081349054687665 0.1071394766946032 0
3496 0.9141035797739238 0.6411088142168095 0
3497 0.4057015404309658 0.59125743829476 0
3498 0.6133230903930531 0.05509170917073036 0
3499 0.945560193382163 0.9076747572506203 0
3500 0.7729314550113565 0.9464148418977442 0
3501 0.1647252306020355 0.3132272048533934 0
3502 0.4337284075834493 0.9024511788452849 0
3503 0.5706317467013639 0.02844695292944488 0
3504 0.7126594652152995 0.8951036806628694 0
3505 0.05998170352982246 0.1868709821242085 0
3506 0.3619528667101571 0.6114274142705406 0
3507 0.8861060204595896 0.9183294874849219 0
3508 0.4975797013215772 0.6632518362204909 0
3509 0.4981339019970707 0.8228939286492791 0
3510 0.4796221551280185 0.5971107443145449 0
3511 0.5482706585536093 0.3037796123951466 0
3512 0.1063911875609738 0.1116066275582385 0
3513 0.3109027584257351 0.1323678745442987 0
3514 0.04913695503312104 0.2132393322252373 0
3515 0.04115619503998458 0.4020445991956977 0
3516 0.9540900704983019 0.7455504400099314 0
3517 0.5363223360000561 0.7652814295140367 0
3518 0.9613599064629238 0.2427357583373491 0
3519 0.8826703535727496 0.2739499083455302 0
3520 0.2740626132372287 0.6927952011289127 0
3521 0.3492477482203787 0.8404903266636436 0
3522 0.7411827206599777 0.3134198605526916 0
3523 0.8555363702481569 0.1559697936123631 0
3524 0.2524864280628528 0.04949847668416152 0
3525 0.5458788598451664 0.3347964877274817 0
3526 0.4596020850425572 0.3972936265446887 0
3527 0.7393744457704612 0.484642827290553 0
3528 0.5030073109632771 0.8018603503426089 0
3529 0.2685325875340649 0.4286607601297043 0
3530 0.9523864116774603 0.437306394571562 0
3531 0.7388137247251547 0.4239297486217969 0
3532 0.717446617851184 0.4685365922676463 0
3533 0.1453733696731339 0.4334580285730545 0
3534 0.3828515525641111 0.4928358597301825 0
3535 0.8816212770777169 0.4998810216952556 0
3536 0.9268376145724605 0.568005973039364 0
3537 0.130582697658124 0.520102924257031 0
3538 0.2296605318032115 0.9365531384539347 0
3539 0.3967304309181291 0.01664033054836478 0
3540 0.901379115755262 0.4764634534916279 0
3541 0.747667261546258 0.8542200132536752 0
3542 0.2719985036097238 0.8871805353244433 0
3543 0.6317076523127367 0.8927809086942544 0
3544 0.160795931607379 0.8223534630463396 0
3545 0.788206020050233 0.4979737551046172 0
3546 0.9852234195104385 0.8718000222885258 0
3547 0.02768179605735144 0.8478810172917284 0
3548 0.3133821836036596 0.7470531991308461 0
3549 0.3627230904234985 0.7968712928652577 0
3550 0.7764020621644798 0.5809492671382233 0
3551 0.5067792869624516 0.1615639726940497 0
3552 0.6896942036553595 0.1015128278461429 0
3553 0.5851125501947945 0.3719317539518837 0
3554 0.6294361756336714 0.2492022406550273 0
3555 0.9560633398186047 0.6351378554321203 0
3556 0.6534358969568662 0.6967835947067924 0
3557 0.2125640862722303 0.6500240485259217 0
3558 0.5817570363807791 0.9162243305300979 0
3559 0.3243990968580304 0.4023765320324452 0
3560 0.6052668182854632 0.7014165680583347 0
3561 0.3228875649252513 0.08749028662515357 0
3562 0.984570416687368 0.0538743868099642 0
3563 0.2416300920134836 0.8773649095134661 0
3564 0.2135947643376179 0.1521754083896936 0
3565 0.8071480364866538 0.4410936875138852 0
3566 0.8954342500224765 0.02185116900996353 0
3567 0.2870399110903057 0.2390236064405459 0
3568 0.8434606466997399 0.247431872939669 0
3569 0.909430567202395 0.3339825243794288 0
3570 0.04841503420527027 0.7821069758527456 0
3571 0.9359171645275756 0.4121070822951161 0
3572 0.9386179366333836 0.5513617659611758 0
3573 0.4233932327922613 0.9775404657687967 0
3574 0.9446540226497111 0.8462987431151894 0
3575 0.4683778166324063 0.7065589898788955 0
3576 0.04203146433987959 0.04220497665320372 0
3577 0.4675772447632925 0.06274052566407312 0
3578 0.9207759095032937 0.8214809879080114 0
3579 0.8090651397584616 0.3694258575381173 0
3580 0.08313075534251724 0.25289864192453 0
3581 0.2950199717866728 0.2277120069036894 0
3582 0.2878528367705261 0.974553407951091 0
3583 0.3651777488248537 0.9704988511707079 0
3584 0.4515407080166808 0.1771781294012322 0
3585 0.6987718726198175 0.4820441891479928 0
3586 0.5639210221364714 0.777664374804669 0
3587 0.7718971364176657 0.8251372160234736 0
3588 0.5237765870044601 0.622826377587784 0
3589 0.08008678836316829 0.8342102709268301 0
3590 0.2128323440827412 0.570100590049434 0
3591 0.340892254264208 0.4471573678086914 0
3592 0.7843671210726909 0.6708851725877457 0
3593 0.2070122887814145 0.4526272156399371 0
3594 0.3610509860468687 0.7635067031488137 0
3595 0.6088514115105457 0.9035050798415276 0
3596 0.2078921129417315 0.5482941277724077 0
3597 0.1887164128295089 0.9803564061612065 0
3598 0.3926141373745772 0.4099820571081418 0
3599 0.1540767790804396 0.9563534565237848 0
3600 0.6930040329226773 0.1472048700245791 0
3601 0.4355605290055875 0.2999934020400749 0
3602 0.4681727782269082 0.698406545471184 0
3603 0.08993567851541551 0.8915746721903268 0
3604 0.6374005893748165 0.9732611194833232 0
3605 0.5517555215925252 0.3954537826401911 0
3606 0.8114762108705582 0.4887007281689991 0
3607 0.03044075547505898 0.3721881984953497 0
3608 0.6793395649377572 0.3711417920450671 0
3609 0.633703187757196 0.6160300497834604 0
3610 0.7313990056317301 0.08490363555281133 0
3611 0.3729227318965777 0.847748779493871 0
3612 0.8861821818552581 0.2225146225055016 0
3613 0.6370649629429128 0.2286772802735942 0
3614 0.2086424536194744 0.3212856355697212 0
3615 0.06083356978508658 0.9820248673787132 0
3616 0.1385620152481598 0.7501099186776705 0
3617 0.5703230035524994 0.6605751297485514 0
3618 0.5232057334617989 0.252433337594473 0
3619 0.1303950519563868 0.8339898830654839 0
3620 0.4143996034176264 0.3108118703430782 0
3621 0.03999979966185901 0.7117765605809057 0
3622 0.2088161563685905 0.1799450063887081 0
3623 0.9106147079769669 0.5047220201608448 0
3624 0.2581728637430496 0.06737911493099447 0
3625 0.04966094627617368 0.4914987467536033 0
3626 0.4883405411961859 0.4832531349978542 0
3627 0.3315893883476027 0.5665151600330902 0
3628 0.9331185557507462 0.01626984524289488 0
3629 0.8170805798939331 0.1816075684143874 0
3630 0.9682975565615923 0.7861113820105918 0
3631 0.8549736358528071 0.1092867352959569 0
3632 0.6929972878388658 0.06614368121411729 0
3633 0.08328191743528768 0.2838141053868996 0
3634 0.5019507509323232 0.09571619955011551 0
3635 0.5404615681853017 0.8804989393572937 0
3636 0.4943913866894711 0.3078813411333478 0
3637 0.9847579201003399 0.9543559817237668 0
3638 0.3244437547604022 0.4300767427044822 0
3639 0.2698448810514122 0.6820127548168716 0
3640 0.7903950806560849 0.894174556983986 0
3641 0.2688524851523064 0.2794793404045075 0
3642 0.2422896873833745 0.05955690933057456 0
3643 0.5315481886369745 0.8962602383152012 0
3644 0.008699892339311122 0.8303143815412204 0
3645 0.5758295596397339 0.3072971268169067 0
3646 0.7239896284128517 0.7876137886119542 0
3647 0.1765930120824257 0.06500276761972706 0
3648 0.7311836692690057 0.5107565148068428 0
3649 0.8082443078815702 0.9563789602938134 0
3650 0.7751362811881455 0.2324424405421176 0
3651 0.9581764037094471 0.8387487896860263 0
3652 0.8722466769543538 0.1540469038848168 0
3653 0.4899519541649722 0.4355484539763514 0
3654 0.6416670053493606 0.5368123984061378 0
3655 0.6798561431893595 0.7762936981473988 0
3656 0.453141410254408 0.9747776213033302 0
3657 0.3964146561867818 0.8502227722479829 0
3658 0.4032897606361168 0.843286148787912 0
3659 0.02729202799958941 0.7733111729764828 0
3660 0.4772671580265761 0.1853496239483509 0
3661 0.2565658775510505 0.8366770562065289 0
3662 0.176113929509251 0.431603559233287 0
3663 0.5169483073777846 0.6499904803743226 0
3664 0.062977838483111 0.04758852899800053 0
3665 0.1143641293798907 0.01352441100422913 0
3666 0.1148975893534021 0.9014903548110669 0
3667 0.4691453655133898 0.8419287965594098 0
3668 0.8064550493485856 0.1592629557191578 0
3669 0.51233217145961 0.4100526583428043 0
3670 0.2699447898375463 0.4514253434174696 0
3671 0.9283601282231504 0.2117363756125497 0
3672 0.3191252269683251 0.8232730540670368 0
3673 0.7155408838980498 0.03490884981814968 0
3674 0.2857088530959409 0.9269471882403694 0
3675 0.9048471266546907 0.575436189877945 0
3676 0.35011536046384 0.0273103678212529 0
3677 0.553846121619218 0.6790433980254102 0
3678 0.8634161131073689 0.06913994496492148 0
3679 0.9373958812861257 0.8650043855910934 0
3680 0.4406205225984516 0.8194971454532427 0
3681 0.4120665000342891 0.8345709284004759 0
3682 0.9697981424538417 0.2799401133099926 0
3683 0.8461575632303121 0.3119767826251093 0
3684 0.8017146711230705 0.01653625038719486 0
3685 0.6211245271332881 0.4159727074262544 0
3686 0.8133268455878786 0.4138439977240909 0
3687 0.3497916116402054 0.7769333822881308 0
3688 0.01437853436619918 0.4194854560955331 0
3689 0.5253863866567446 0.07315212917848934 0
3690 0.4481066307780197 0.1301253219801405 0
3691 0.6903128226535351 0.3631836313048003 0
3692 0.6668367441960917 0.8194856067005049 0
3693 0.9222676156297445 0.8022141665625613 0
3694 0.2199911955233167 0.4560606566966013 0
3695 0.1019517069760687 0.6582052866188236 0
3696 0.4311018757925101 0.1150684408823505 0
3697 0.5208382260303546 0.5010160806554437 0
3698 0.6482417489925205 0.1071359757061461 0
3699 0.3410746933202006 0.3974344142415649 0
3700 0.6048098858333653 0.03313335041279791 0
3701 0.4608631321973786 0.4262660947108486 0
3702 0.3502210816776082 0.871019966059897 0
3703 0.9028470781721115 0.3253722308452059 0
3704 0.03942361087983559 0.6229501152989314 0
3705 0.2415644818090553 0.1687289496273865 0
3706 0.66216760722301 0.7180117362076885 0
3707 0.8315865202332022 0.2043754548767738 0
3708 0.6740596817075072 0.7574536179728552 0
3709 0.03049011789048656 0.4085182636134237 0
3710 0.6323879328565576 0.2136863887550426 0
3711 0.3959475052097375 0.1915429074857774 0
3712 0.9237463730948137 0.5891386462804968 0
3713 0.1148977552821316 0.4422484381553934 0
3714 0.1898146178737487 0.4364785349642466 0
3715 0.1125706069144721 0.5564849766695847 0
3716 0.681084518689349 0.4665846589175818 0
3717 0.676244148993129 0.6612712961094662 0
3718 0.5070093615679256 0.8451425153364487 0
3719 0.0551627964277705 0.3010004930656277 0
3720 0.8707375598784628 0.9064830368624996 0
3721 0.8062070214125505 0.1176679105106246 0
3722 0.9537511218824255 0.2588379726496392 0
3723 0.9357033233089421 0.4595917388536847 0
3724 0.3735676526054308 0.9503681770759083 0
3725 0.9319770977851269 0.9837330279701475 0
3726 0.6694773859422658 0.7271164763708807 0
3727 0.1990700104368479 0.6053987321900248 0
3728 0.6995107500028681 0.328322462168978 0
3729 0.8877631061159972 0.552540149568932 0
3730 0.706172120469884 0.1114384728742873 0
3731 0.6251573604465314 0.5120883189427125 0
3732 0.6209601980986881 0.08063214078698211 0
3733 0.1883743674882961 0.09019738530800014 0
3734 0.5578626140157573 0.7513691271925764 0
3735 0.4235678111190659 0.772953692115955 0
3736 0.7523390255020923 0.07478297354159785 0
3737 0.3827799888207037 0.2199772621515499 0
3738 0.6688900743422523 0.5040702612889321 0
3739 0.6796390542689719 0.8162818261185463 0
3740 0.5936705077114859 0.05679438936096942 0
3741 0.5468178950799516 0.1180928679682237 0
3742 0.2182811720749046 0.1305066787775066 0
3743 0.8718044070508086 0.2521034605610022 0
3744 0.3476104276762978 0.460362013099883 0
3745 0.9688833732770297 0.7262986049318401 0
3746 0.079090179445993 0.6599226068420185 0
3747 0.5456302585229552 0.6613637116374571 0
3748 0.4333432376824541 0.1872752335174535 0
3749 0.5352428731679189 0.2608859515029994 0
3750 0.2433364520881022 0.471402452386634 0
3751 0.5218365471032711 0.9940963161056262 0
3752 0.09955652301031387 0.8486202995267793 0
3753 0.1522858668367717 0.2774565804141668 0
3754 0.4300715838340465 0.6199273900204554 0
3755 0.1448242365624701 0.4842671854445149 0
3756 0.2255133107080985 0.4125953305439239 0
3757 0.1213291732907242 0.5466124185804264 0
3758 0.8955039901042724 0.7471834589864539 0
3759 0.1829866455631274 0.3365616495998194 0
3760 0.05149104198544463 0.7045989053975419 0
3761 0.6194066371581594 0.28594701306263 0
3762 0.601092167321063 0.2487021847951977 0
3763 0.764115160417286 0.3387563115593543 0
3764 0.606602575264675 0.2568921542212705 0
3765 0.7594251237295087 0.02742351022821932 0
3766 0.2565945969382953 0.2954287931854552 0
3767 0.944583361110556 0.1619778858516058 0
3768 0.3850038301050346 0.8544892103869128 0
3769 0.8968290010291973 0.8691625031163193 0
3770 0.2490934116532882 0.8647669108471119 0
3771 0.3327963215866576 0.624899492055755 0
3772 0.4318414970338021 0.8841802747260343 0
3773 0.9826114129421254 0.3142917900693314 0
3774 0.2673659457306804 0.8300661710531748 0
3775 0.9087550682669056 0.8044748958782355 0
3776 0.1015433377048216 0.3746385415473305 0
3777 0.6564891363894945 0.7078950413622804 0
3778 0.3176208513242723 0.05949932709328531 0
3779 0.8711409650242565 0.707315208303322 0
3780 0.9706520564082025 0.6948114799777743 0
3781 0.575987599177303 0.3184460342668123 0
3782 0.4533847190345147 0.2813051934140291 0
3783 0.782676574246476 0.9821714311990835 0
3784 0.4058610947692292 0.7250943498886827 0
3785 0.1028734007916017 0.9563970628954195 0
3786 0.7660339811901042 0.1452824561953035 0
3787 0.3147900100406062 0.1999615215671504 0
3788 0.8351744082029954 0.7864029608563313 0
3789 0.6516792619536339 0.3807389502592859 0
3790 0.9371771401159845 0.4226737075330789 0
3791 0.8384800775338934 0.514292003633799 0
3792 0.2914115076953277 0.1501440584649197 0
3793 0.2058468587554729 0.1222562984986297 0
3794 0.2196632631106267 0.9870482943605356 0
3795 0.09959594230380026 0.2255024926095523 0
3796 0.01895135957340471 0.1245170717581234 0
3797 0.204010382002845 0.7304657663891039 0
3798 0.9719464378061278 0.6693663784972136 0
3799 0.05620002505572635 0.3751688457254064 0
3800 0.2976556795010687 0.5382173044151969 0
3801 0.3319765785806167 0.3451401169450957 0
3802 0.1787442661809859 0.8188864722435072 0
3803 0.1821452655820427 0.8012159560848624 0
3804 0.198307551383527 0.8138222914871115 0
3805 0.2029841730110675 0.7954593110283927 0
3806 0.1889137198332889 0.7813004940502801 0
3807 0.8221970253705009 0.823187711706926 0
3808 0.1483111004341498 0.1335315017316925 0
3809 0.5886969794854179 0.929784333171344 0
3810 0.8003213964959183 0.5903131791989974 0
3811 0.1127571193871828 0.5326375260344616 0
3812 0.9192976547337584 0.5209963329211239 0
3813 0.2826638827386545 0.7238822099550816 0
3814 0.2877124599225598 0.3871151668560591 0
3815 0.6490997003645375 0.2055125862424797 0
3816 0.4921690669206465 0.1516578718993403 0
3817 0.05294217974826665 0.6721687199588355 0
3818 0.8836770497648739 0.4298271178996334 0
3819 0.6852277409346952 0.5528131875017414 0
3820 0.4986477212827253 0.1107780198299572 0
3821 0.07438807996784114 0.8211810063732083 0
3822 0.7286634051615074 0.485107466890065 0
3823 0.8988987282883629 0.2922138961954751 0
3824 0.7740549090580774 0.5497157701626517 0
3825 0.9468862748793685 0.5649031262216294 0
3826 0.9891170833208818 0.1132001858219445 0
3827 0.2950153871329462 0.8244232085047245 0
3828 0.9572261794847555 0.2700857127947914 0
3829 0.9755920160623415 0.8629131458851953 0
3830 0.7100609290971933 0.4796008115297206 0
3831 0.1769896714725351 0.947426932558677 0
3832 0.9269258674284692 0.128203303628961 0
3833 0.4377671809518494 0.01995124012181676 0
3834 0.5540578488466206 0.2917390827271102 0
3835 0.2630481802217922 0.638325419487771 0
3836 0.8296510364611859 0.4776132593774772 0
3837 0.1544307926641523 0.6080274252287176 0
3838 0.3388474799457591 0.1380664141536057 0
3839 0.3092367452819713 0.2346882605357463 0
3840 0.8109702966450012 0.4025306897300984 0
3841 0.1038574294452205 0.02225492619276559 0
3842 0.8917595208466996 0.1933237116835888 0
3843 0.9740972384737645 0.6558222237717881 0
3844 0.2135877514644307 0.1407166552843674 0
3845 0.6738447809199232 0.6509025586912404 0
3846 0.8905780730899162 0.324326447407512 0
3847 0.6061968734486154 0.4491711703961694 0
3848 0.8017805675524837 0.6770498474866442 0
3849 0.4989607677052306 0.6430855927875487 0
3850 0.4813177077680713 0.655123756618662 0
3851 0.4076846409506308 0.8118429987081168 0
3852 0.8629734323058196 0.3658546678243692 0
3853 0.187682586404788 0.497181590830903 0
3854 0.1665527217387437 0.3021003560449789 0
3855 0.532281230931261 0.9139306640876452 0
3856 0.280207132259777 0.7031502320674033 0
3857 0.7715177973569314 0.4786657323870496 0
3858 0.3186415241007232 0.6275727122963271 0
3859 0.2169808534575806 0.8090581663049238 0
3860 0.2216987109164811 0.7907178708448035 0
3861 0.9807777117053157 0.1373190751728265 0
3862 0.4906999230512559 0.8481472781847996 0
3863 0.3620269754252624 0.6491222006347586 0
3864 0.7048945867531863 0.5503136618332153 0
3865 0.9881535747114467 0.2691391244458879 0
3866 0.4086739479227123 0.1927368526543597 0
3867 0.5482415105754498 0.9680725475787906 0
3868 0.6562892720355815 0.5896200107145142 0
3869 0.9741793982616713 0.8824295092477439 0
3870 0.9258036661797042 0.1959825266193411 0
3871 0.4030222116802121 0.6502593982049772 0
3872 0.3335418731334434 0.67444009032772 0
3873 0.1904437360145712 0.1468555521600695 0
3874 0.3862208205568195 0.5776151431804751 0
3875 0.7179338455917379 0.9759576787567197 0
3876 0.08842580985973281 0.9193445148041599 0
3877 0.6779861442695772 0.1652374318937471 0
3878 0.9115576543035049 0.3663604733727678 0
3879 0.9837372314871982 0.6099896420065916 0
3880 0.2585401073866362 0.4088073510013575 0
3881 0.6049347684535437 0.190627127076732 0
3882 0.01072122290689453 0.4290154252423962 0
3883 0.6846378345277683 0.9014719561328578 0
3884 0.2515711125274211 0.1863671615954398 0
3885 0.9064031848558534 0.599831798271236 0
3886 0.5845618328304342 0.1228679247153932 0
3887 0.2353709309343526 0.6997802525666397 0
3888 0.5468221320537398 0.02592819164833832 0
3889 0.2582330695941324 0.166365057890956 0
3890 0.003663230068986889 0.2078940290835614 0
3891 0.2599254107667858 0.7704243146965912 0
3892 0.8947635816441974 0.5267123399019529 0
3893 0.5313896531112584 0.5439919254576191 0
3894 0.1220895390333854 0.8426431391018787 0
3895 0.07637095770390001 0.6367657935172624 0
3896 0.8001812268882644 0.7509357158086567 0
3897 0.2477024010604767 0.02656370861331764 0
3898 0.7631927959124456 0.2526595979681391 0
3899 0.5646460116546927 0.9371740075028361 0
3900 0.08025469903828375 0.1067876140839223 0
3901 0.7613535860175542 0.4286403601329313 0
3902 0.01600291765426026 0.9722821335534804 0
3903 0.6491947379448912 0.3201158673673292 0
3904 0.1691633001770996 0.6569451734284167 0
3905 0.335724692792567 0.552987673988232 0
3906 0.1212481419349783 0.798925906392044 0
3907 0.6434351443024049 0.845428780796047 0
3908 0.2952666347063077 0.2792599354068481 0
3909 0.4193829038775472 0.4076593260423336 0
3910 0.1539050510575423 0.9199759658160211 0
3911 0.8926048770183659 0.9813373070420279 0
3912 0.9037270475585888 0.9649642405099053 0
3913 0.5173644188964692 0.4000580182037703 0
3914 0.2106255600243291 0.704009462566498 0
3915 0.2069648362936446 0.7210340124401456 0
3916 0.1869685732919794 0.7371489615900274 0
3917 0.9360498618639318 0.7314679873254065 0
3918 0.9046978147829037 0.462040657623945 0
3919 0.8872784089652759 0.6476946486255416 0
3920 0.5414266690974415 0.6532431607386213 0
3921 0.02565935613553355 0.6555429254616216 0
3922 0.1676499230243554 0.1016446968111153 0
3923 0.2673774842051361 0.1626805507202714 0
3924 0.2017089327675538 0.1109610219161462 0
3925 0.527747104961348 0.9060382067933939 0
3926 0.5325884988157685 0.8652917782347112 0
3927 0.1689450474033481 0.715414562594741 0
3928 0.02511450479121524 0.05883868866752673 0
3929 0.06894191369443042 0.08919351837525308 0
3930 0.9953233437260277 0.4713706499712278 0
3931 0.5247783964867033 0.3119155111817131 0
3932 0.219959152450118 0.4296662416619844 0
3933 0.8255430748219403 0.2662048003829369 0
3934 0.2235103967446158 0.5765089255520863 0
3935 0.02527752648730963 0.07024695073258036 0
3936 0.7484094195248427 0.8434654995545553 0
3937 0.9787028425095132 0.45677397103718 0
3938 0.6793069752454579 0.4957531959264521 0
3939 0.3461594896017112 0.2450257956469657 0
3940 0.6433500766920366 0.7453152102481579 0
3941 0.7043556097024696 0.9357983211302703 0
3942 0.8999038470516798 0.9221067049641771 0
3943 0.5346201140018594 0.5112105294193903 0
3944 0.03084872946109973 0.1846083272158748 0
3945 0.02730888395217235 0.4329293358359829 0
3946 0.3685393623223555 0.8359789855484677 0
3947 0.3302431673920008 0.9474799771944609 0
3948 0.1235719102790456 0.9549199581437202 0
3949 0.9820579140388958 0.852907652697154 0
3950 0.9833660197333197 0.9161818542480494 0
3951 0.1711787106093964 0.2672075923869889 0
3952 0.01912020634663325 0.8196813266551176 0
3953 0.1484898543029601 0.2624993267031335 0
3954 0.9839130004590361 0.07405347890149439 0
3955 0.9663698673819989 0.06274694920300039 0
3956 0.02012093004037413 0.8352413679425295 0
3957 0.8701661114522908 0.1142389071452862 0
3958 0.1279409011896902 0.8208055582410629 0
3959 0.8699066738230272 0.4438411947991882 0
3960 0.8900617927157561 0.4544261829744619 0
3961 0.7229916849352558 0.8037698203948084 0
3962 0.0652086971902327 0.5998216939729876 0
3963 0.4753988744067543 0.02638822600675406 0
3964 0.9647938260649451 0.04421464072418185 0
3965 0.9480247564049574 0.05520249485935813 0
3966 0.9535802743868591 0.07407619225545176 0
3967 0.3160167226979622 0.8099291310373502 0
3968 0.2922324061815987 0.7346175938730912 0
3969 0.2191640093571356 0.419559680863507 0
3970 0.4871531693907253 0.7888320601928284 0
3971 0.6097715503157117 0.8605981863194099 0
3972 0.7771036131873584 0.7608160609210404 0
3973 0.2028534838735092 0.6774003102410208 0
3974 0.6486623568910928 0.1197675931405755 0
3975 0.1491597099992343 0.4613370854964095 0
3976 0.8727149194201442 0.3786111276921147 0
3977 0.2106630721709153 0.4635892018068448 0
3978 0.2568817118229356 0.1930166189961727 0
3979 0.2658736387950581 0.7561564209859152 0
3980 0.7167648638545143 0.1502548449394068 0
3981 0.8860867814946529 0.1673470882269006 0
3982 0.09952848623255961 0.9658477166165738 0
3983 0.8177341878637203 0.4638127643518787 0
3984 0.08709919566100055 0.661250438578138 0
3985 0.4810558136407968 0.08209190277773298 0
3986 0.72910611482863 0.8668312581160459 0
3987 0.5105284878719253 0.7122916427308618 0
3988 0.04714019517409868 0.1836426699593258 0
3989 0.5386682128870751 0.3907770771377688 0
3990 0.07265390473681477 0.2824456971669499 0
3991 0.242089476567369 0.01701323377524466 0
3992 0.6567166767928151 0.1953381247944191 0
3993 0.5620925764167205 0.8796604961359401 0
3994 0.1485166036314825 0.8414481150023332 0
3995 0.4830482540801843 0.4434342795103906 0
3996 0.9474456277116872 0.7345880200145548 0
3997 0.9346818495149185 0.06967033005763329 0
3998 0.349036343412546 0.2193165017308407 0
3999 0.6637206561842302 0.1699616327708002 0
4000 0.7424223911477279 0.4046902591780094 0
4001 0.8865517495491273 0.5916084253986413 0
4002 0.9123834773664575 0.2217828919506277 0
4003 0.5425282731242613 0.743756759624748 0
4004 0.07701228691883449 0.651698979938003 0
4005 0.993514913882046 0.522802059370875 0
4006 0.6571327851346155 0.1837839437367157 0
4007 0.9406288432809734 0.3873162547526195 0
4008 0.2770093818375597 0.9383540182838969 0
4009 0.2651221705290023 0.9559082712178423 0
4010 0.01363738609750942 0.8765750552074162 0
4011 0.6275433923578781 0.3032985807369765 0
4012 0.06323097029316382 0.8354876923631773 0
4013 0.8084262022484479 0.3874543305403692 0
4014 0.5999271105689985 0.348137927469353 0
4015 0.5994626237091847 0.09307554591014855 0
4016 0.5829511729002473 0.08693132325570729 0
4017 0.236613965053639 0.4631929445782835 0
4018 0.2620613199887666 0.3659176059680276 0
4019 0.8887334190063195 0.7595993615968779 0
4020 0.4858147760755001 0.2768705751532839 0
4021 0.02896727198004712 0.7200435249239735 0
4022 0.5537971082086203 0.2780804837611825 0
4023 0.6111088463129369 0.2670894830699264 0
4024 0.8247643047871704 0.355564023498714 0
4025 0.3824636052164343 0.4746171734750686 0
4026 0.2452149384729149 0.337438201471315 0
4027 0.4019660335066887 0.3390253514426382 0
4028 0.06839604751407263 0.6658700530522575 0
4029 0.7136556892195178 0.102730243901668 0
4030 0.8345453379166614 0.3205000436310476 0
4031 0.7664093879073497 0.921134109649703 0
4032 0.5918849724163726 0.6586637714443706 0
4033 0.6098598070825167 0.6630976062434079 0
4034 0.194114556873579 0.05995160833139257 0
4035 0.5983901172763155 0.559844910318968 0
4036 0.2929389072103031 0.6400460230620011 0
4037 0.8151606042080447 0.1940401695401914 0
4038 0.735500169194743 0.02062536161789985 0
4039 0.945314051331562 0.9213811563340624 0
4040 0.9420710384913185 0.9427349401892452 0
4041 0.7933698406593321 0.723090700489708 0
4042 0.9025761233672285 0.3109322628325267 0
4043 0.2059247176610388 0.2187630060511263 0
4044 0.01436032785100072 0.4043186444555818 0
4045 0.2324626213164503 0.8883935616774697 0
4046 0.5803482067496705 0.9888170814810699 0
4047 0.7201330779076697 0.404602821411616 0
4048 0.5340036037508734 0.0203171539401038 0
4049 0.2821464614498746 0.7330607321699902 0
4050 0.125639227750426 0.6998776018679778 0
4051 0.06893733041692579 0.9748399942534001 0
4052 0.02345367938674287 0.6374696159140318 0
4053 0.7496625525180851 0.1677904351914269 0
4054 0.1350025829803458 0.13956761778533 0
4055 0.4868245474571513 0.165811563285704 0
4056 0.4059795532970972 0.3265728813984098 0
4057 0.7952466852195859 0.695772025779644 0
4058 0.5583794693246521 0.9777508454674639 0
4059 0.6782500929902878 0.3147276678337738 0
4060 0.3460241092029814 0.6253888480161702 0
4061 0.4827848304624079 0.4944685045657727 0
4062 0.6093583466338185 0.4370085059409502 0
4063 0.9643857415845756 0.5451271514052999 0
4064 0.6053382028156448 0.3377488698334674 0
4065 0.2210488163273504 0.6761772259430865 0
4066 0.9231543094562856 0.608375384933887 0
4067 0.9423913235967689 0.6012197416104753 0
4068 0.4873330270642808 0.4706573712677814 0
4069 0.5343694133142403 0.9863782188327342 0
4070 0.3033588089377823 0.0565131882197587 0
4071 0.8435702946504149 0.9618116432627892 0
4072 0.3717332715910026 0.8108272007666805 0
4073 0.02546574223255343 0.01307827191406652 0
4074 0.809599175759403 0.9075582137662479 0
4075 0.3156103957357401 0.6776541475638914 0
4076 0.972221786376445 0.8317260512219002 0
4077 0.9152123356032562 0.4574280265735089 0
4078 0.04554581225141474 0.9849812909773218 0
4079 0.3230364761524575 0.5355907685120802 0
4080 0.4791223588163325 0.4557186307198789 0
4081 0.2547862568953725 0.4674567823284025 0
4082 0.6853868686960074 0.4877313019518195 0
4083 0.7828732483578285 0.6469033401494357 0
4084 0.3306963336435937 0.3834718452167025 0
4085 0.02898631255433093 0.2316095196753365 0
4086 0.3981217590507241 0.8065045340871106 0
4087 0.2005550411392187 0.386427584978407 0
4088 0.6515638137917796 0.04154318409686369 0
4089 0.02690347445506919 0.8619844653417701 0
4090 0.6928599803389169 0.4562092795366836 0
4091 0.624670121537763 0.05855503765399017 0
4092 0.6000343380634988 0.360348659660341 0
4093 0.3064779552991956 0.6266924238267807 0
4094 0.5576377935034218 0.3733712301190887 0
4095 0.2759871711998924 0.9909830466349854 0
4096 0.8261743168234942 0.9252137123415884 0
4097 0.2490928050934479 0.2881677410045457 0
4098 0.7373478539987832 0.4324214461201645 0
4099 0.3460433883411056 0.6095884743923929 0
4100 0.3582355721425855 0.6610359806496794 0
4101 0.8285772304015739 0.945324100949798 0
4102 0.7075404756647033 0.8750875809154188 0
4103 0.3180315472893087 0.8508512426583016 0
4104 0.7157129086353844 0.7663095215595386 0
4105 0.353716182752037 0.9498476537959731 0
4106 0.4712177889623325 0.01328033943489149 0
4107 0.3113969291543139 0.08478688959341552 0
4108 0.7083675890390366 0.04900877531544467 0
4109 0.1462477150123103 0.2157267345517825 0
4110 0.637770781998966 0.5169959357612558 0
4111 0.2925643208559819 0.6716550342048343 0
4112 0.8636983240561629 0.4249972770618582 0
4113 0.7290148154801221 0.7174731109539115 0
4114 0.6164149779653612 0.3328691933970486 0
4115 0.9352083083855085 0.7967941656576534 0
4116 0.4203908604461824 0.8221594801813958 0
4117 0.8554665352118627 0.6100295512081348 0
4118 0.3121700105313316 0.4825222199087092 0
4119 0.1970184522241123 0.3334497794855686 0
4120 0.1727261590326185 0.3431913062856708 0
4121 0.8086306955211016 0.7398975813768258 0
4122 0.8101391864100319 0.7922618452745057 0
4123 0.5835898392254708 0.01146298068061663 0
4124 0.6136490319301896 0.2327951353690616 0
4125 0.6937734163621569 0.39807546675458 0
4126 0.4825923458227801 0.6328706077184947 0
4127 0.4649183095842544 0.6418427040508106 0
4128 0.5040470514209625 0.478678858336091 0
4129 0.648632435839025 0.5518531763965516 0
4130 0.6940516705884801 0.8136558656929642 0
4131 0.2376262413600553 0.3219974775929565 0
4132 0.04272679847327765 0.2263373736976703 0
4133 0.04375314946301023 0.8578756584983811 0
4134 0.352709011270282 0.04057901056679536 0
4135 0.3583094617693949 0.0591972011080335 0
4136 0.3727307616285728 0.04535863997371281 0
4137 0.3782887358808361 0.06355490588349433 0
4138 0.3920143644857099 0.04953137213129011 0
4139 0.3976102622861599 0.06800159827420721 0
4140 0.3843401696464936 0.08242232638574731 0
4141 0.4102757925619096 0.05170882023350309 0
4142 0.9820553244586419 0.101143213679046 0
4143 0.4062865273410668 0.6038725317236586 0
4144 0.2704909139207264 0.2512552825602931 0
4145 0.8168967682260911 0.09396632120384296 0
4146 0.8024406097901058 0.08110099395847942 0
4147 0.8199234916377521 0.0739114385556765 0
4148 0.8064230067063698 0.05943233909346629 0
4149 0.8289524772669246 0.05392459954626494 0
4150 0.4506304730792011 0.4086191009958742 0
4151 0.4868514483761459 0.418853766223021 0
4152 0.4121638098817647 0.2954915449221859 0
4153 0.1946795722998063 0.665844496309089 0
4154 0.4858392800725749 0.7098953361024272 0
4155 0.8324609634224864 0.8317756876268063 0
4156 0.5497639927530827 0.1048902197040632 0
4157 0.335285553915163 0.09237740149668061 0
4158 0.7413644742552595 0.7856732611401982 0
4159 0.004119882631840821 0.5582218511909176 0
4160 0.3320788624434634 0.357559529529864 0
4161 0.9374994793135067 0.5367872121313866 0
4162 0.8846479576179891 0.5381030013106816 0
4163 0.6703490991576232 0.2114064247924999 0
4164 0.6347766607000177 0.5657166535011543 0
4165 0.07944637254733578 0.2743319157399881 0
4166 0.5813237670131393 0.3301154304428717 0
4167 0.9308108308547121 0.5230630534946074 0
4168 0.4486730560003092 0.3201087610231957 0
4169 0.5167794875741319 0.0886741241905466 0
4170 0.9329526598225466 0.8227501720169079 0
4171 0.8939359094874146 0.7862233152888424 0
4172 0.7986884858554215 0.2825983413026529 0
4173 0.3097964041125365 0.5344547150633429 0
4174 0.2917457886407415 0.2139583649044408 0
4175 0.1195762020175921 0.3526466473099965 0
4176 0.8022900368788468 0.4964793594210167 0
4177 0.7761875256083586 0.4901399907381461 0
4178 0.1381291035179587 0.9225875585932442 0
4179 0.1567407940600484 0.1083152010632686 0
4180 0.1409133550920498 0.1052886969376744 0
4181 0.9060123921163736 0.3519515324154248 0
4182 0.8591612185873971 0.666269366656304 0
4183 0.8212329739642841 0.1134393113435374 0
4184 0.8870810835754852 0.6301683924218943 0
4185 0.2486938815588968 0.1034766555085045 0
4186 0.2175488188102004 0.1645321348614487 0
4187 0.2316879410973101 0.1753024158729644 0
4188 0.9245956105396738 0.6956636070691092 0
4189 0.8998853333672892 0.09859707984991317 0
4190 0.3355536421942453 0.8443765668453078 0
4191 0.6491546447988107 0.1748318126691144 0
4192 0.4240883295800926 0.9684946765028872 0
4193 0.9781980469236938 0.5687358340790238 0
4194 0.2142425351316734 0.2093727589800249 0
4195 0.7966540149625501 0.961591952472352 0
4196 0.874999706543314 0.9504837419397885 0
4197 0.1115082759163434 0.8507805529369753 0
4198 0.8576268015750121 0.5704468456746673 0
4199 0.9443370261622988 0.8363981742921451 0
4200 0.3299883897403695 0.06041920120281841 0
4201 0.1486444605027465 0.540605301501867 0
4202 0.161066627225951 0.530884238808851 0
4203 0.8257269093435757 0.2796578963656057 0
4204 0.1012175030420736 0.9306989228859667 0
4205 0.1645872767639811 0.7362343337709492 0
4206 0.1157374503712708 0.1225891396657439 0
4207 0.9628164313269476 0.1742580663679025 0
4208 0.3131289057815125 0.9814799751281027 0
4209 0.3683052067789759 0.2739353260496162 0
4210 0.03415966087257982 0.1764069204240672 0
4211 0.7577069050131953 0.7980586000940892 0
4212 0.3487686326635703 0.3858774535333643 0
4213 0.3618917193353873 0.5280669968480143 0
4214 0.9704692251116267 0.9826564636704915 0
4215 0.2418351319270867 0.6267567423253496 0
4216 0.7829677123421864 0.5156568929269446 0
4217 0.2289136784763552 0.4571471292446014 0
4218 0.09369727405918937 0.1059111900815567 0
4219 0.1065196072682468 0.09493774263989985 0
4220 0.3619808598000744 0.8631697174355213 0
4221 0.602964404835149 0.600844050324407 0
4222 0.9485939694276866 0.1687542099832526 0
4223 0.9155760027840711 0.9323302034189629 0
4224 0.227906542430625 0.1218626734225005 0
4225 0.3904943387340842 0.5184738552620509 0
4226 0.8816367616978877 0.4883687730174216 0
4227 0.8511559005707858 0.520293559291807 0
4228 0.8736781126643183 0.5107029377170889 0
4229 0.2474420927168667 0.9062604772983575 0
4230 0.5527327505210312 0.3232349567239388 0
4231 0.5388772907840986 0.3449244091200689 0
4232 0.8313504037605332 0.2546519303893412 0
4233 0.8284980399645455 0.2370897173828317 0
4234 0.3958414716433255 0.7364411113805313 0
4235 0.2294440189480113 0.06012962305013075 0
4236 0.7693086649723692 0.7744632874991311 0
4237 0.1837607382442288 0.6569908797974091 0
4238 0.06093489955482595 0.3135251627249706 0
4239 0.05543858650411237 0.3987666850178618 0
4240 0.8211529943243685 0.9862316366057732 0
4241 0.9549556633533867 0.7661285689966112 0
4242 0.8993801337278584 0.4928842396864895 0
4243 0.3918632812489901 0.9438871267253611 0
4244 0.8834851324562075 0.06687907642646673 0
4245 0.8969359928996579 0.05683667897086253 0
4246 0.9039791911478221 0.08648583240703178 0
4247 0.5314552373900846 0.006035069604701848 0
4248 0.07737693152938852 0.0775597534457283 0
4249 0.5447949937728245 0.5475148526748097 0
4250 0.4432805477232954 0.1672681232023209 0
4251 0.915849281757981 0.3793491146428044 0
4252 0.7950948685011316 0.7733252467833852 0
4253 0.3573102720092797 0.5945139367704952 0
4254 0.6841439066014693 0.01646506091202582 0
4255 0.3009286820134697 0.2604598625707655 0
4256 0.01451004270778733 0.6100390303998254 0
4257 0.6582274994970687 0.6841288591865305 0
4258 0.6397967053007491 0.6862014877742197 0
4259 0.537289580628933 0.06551954095841211 0
4260 0.5537570082781399 0.07024673150211219 0
4261 0.03560876730473866 0.0885968824631132 0
4262 0.6713883941104886 0.7431147449783896 0
4263 0.04852739501294967 0.1981321877294543 0
4264 0.06438262514401349 0.2056735718694858 0
4265 0.9297925509804148 0.05143447606264434 0
4266 0.4916472654336727 0.1236043236689411 0
4267 0.2324435910478099 0.2225065286871571 0
4268 0.2452228107441744 0.8487366642741021 0
4269 0.2414527553690908 0.8320489495642867 0
4270 0.2197178777455404 0.1941603902043268 0
4271 0.3521567331078917 0.09229127887236177 0
4272 0.358737830690055 0.1084867412096316 0
4273 0.9310261187986617 0.4402492371470164 0
4274 0.3678881810466712 0.7551167642849619 0
4275 0.763208542716737 0.9350457402425822 0
4276 0.7581877122689653 0.9524246911900516 0
4277 0.7442727303701427 0.9401890512140225 0
4278 0.5992412481605186 0.9390783138296857 0
4279 0.1251101382805397 0.8084435493293214 0
4280 0.4462443316843404 0.2920382588596498 0
4281 0.4532180870148843 0.267781666400309 0
4282 0.6115938042535229 0.5056733219662042 0
4283 0.1666279825540319 0.5583037273450591 0
4284 0.132705952002821 0.5373860499849931 0
4285 0.7722120839151534 0.4328825444840977 0
4286 0.3784444701908041 0.1781145917971473 0
4287 0.3621184629189789 0.170782697253456 0
4288 0.3694891172119884 0.1515524248858475 0
4289 0.5663648730805438 0.8081437591944494 0
4290 0.6952964880783785 0.3443191958993102 0
4291 0.5490972169768038 0.2649473788447579 0
4292 0.3525601329848621 0.4726555818649366 0
4293 0.8580639372297209 0.4565748224926751 0
4294 0.8422294439806357 0.4460445042521256 0
4295 0.5573764505677576 0.7646512649610471 0
4296 0.5109513901626277 0.7771935920857369 0
4297 0.4963929401777528 0.270126230644152 0
4298 0.8468485307734825 0.5463871722183562 0
4299 0.2698339311896581 0.3716230440961135 0
4300 0.2980081864528631 0.9179939873750081 0
4301 0.7420985136463087 0.9814325161271543 0
4302 0.9023995888490777 0.8178567463050621 0
4303 0.5814592360879098 0.6758983532054791 0
4304 0.4869782462630076 0.6728917455512637 0
4305 0.2413701772447646 0.07904467847108559 0
4306 0.2433273142318256 0.1140534545042928 0
4307 0.421835467608514 0.1922591657427971 0
4308 0.1385600193102482 0.5091230781095297 0
4309 0.6087175184688033 0.639953929151194 0
4310 0.2408030919375738 0.9299495730009641 0
4311 0.7466435015634413 0.5839454363018074 0
4312 0.01672339519945926 0.686907093416372 0
4313 0.4734000110130046 0.4314597788998947 0
4314 0.1610381568301732 0.2837694826535201 0
4315 0.9600786712622553 0.934770808614878 0
4316 0.9563579020626412 0.9541511813103836 0
4317 0.1991121601176828 0.6478898784733944 0
4318 0.9777888366096488 0.7171532687288509 0
4319 0.9821481236118409 0.7881830984739349 0
4320 0.5823922623655262 0.5685320672810145 0
4321 0.8527340213855181 0.1646212021166995 0
4322 0.3075098323300755 0.1664272037465246 0
4323 0.3265586495568553 0.1656772703346382 0
4324 0.110096104419977 0.2368848106133201 0
4325 0.9481970364448495 0.7916811255979612 0
4326 0.3257541250391456 0.974468564303608 0
4327 0.3001272004794286 0.9830851616150903 0
4328 0.2868820508108764 0.6490123666290023 0
4329 0.1636366616080173 0.3677164394313114 0
4330 0.3950420085747095 0.4962116885957606 0
4331 0.7967730932463116 0.43473497659066 0
4332 0.1194680167957213 0.005479355785885098 0
4333 0.8776601488125859 0.4116960436479272 0
4334 0.9641282404588993 0.528267448334614 0
4335 0.05439837423580823 0.03815700941909772 0
4336 0.02935456545715065 0.04469065666669408 0
4337 0.983566267275318 0.7646880859026339 0
4338 0.59950001810265 0.9087012595663082 0
4339 0.09942877196161137 0.4460878217798609 0
4340 0.9908180526221526 0.1870473301900276 0
4341 0.4941913123542642 0.1382682294310058 0
4342 0.4806011163542624 0.6855298299483972 0
4343 0.1185077054421257 0.9964557398552447 0
4344 0.3420167293355234 0.7524748407738397 0
4345 0.8544001917146443 0.3971620731657692 0
4346 0.768542297782816 0.6752606746757297 0
4347 0.1803975546823847 0.5642158193397037 0
4348 0.6360944330445969 0.6479705308625419 0
4349 0.5249836387845566 0.6354821229738804 0
4350 0.7619895170555271 0.3014656607124213 0
4351 0.7799543396820363 0.3055113076803898 0
4352 0.963904693976968 0.3248148570754898 0
4353 0.09632275050442307 0.8692036443221444 0
4354 0.9166788814013477 0.4116261673736912 0
4355 0.6801941143745832 0.6719175793963537 0
4356 0.01709389641640979 0.7676656625649858 0
4357 0.7923208317197287 0.8818168983307326 0
4358 0.4552022467419377 0.07081767921286386 0
4359 0.4401351599079351 0.06009171509436295 0
4360 0.4606892347753283 0.6088686063510117 0
4361 0.03288888275396562 0.8291506648054667 0
4362 0.8474225478871542 0.6784517049714625 0
4363 0.6918476641222397 0.7260758093477196 0
4364 0.7016791134377883 0.1373466775967785 0
4365 0.7846960856765988 0.06570058539120194 0
4366 0.794068711760483 0.04892472003508402 0
4367 0.4640796904885791 0.9799518802672673 0
4368 0.7461377848314837 0.547631355692491 0
4369 0.4226828781857699 0.6668693081517305 0
4370 0.09328145602798038 0.07213592925861584 0
4371 0.08911397370223045 0.05092751682582586 0
4372 0.1115470427698166 0.06006316334691664 0
4373 0.8298902333269196 0.4043626995342408 0
4374 0.7900966678809075 0.5781953666423539 0
4375 0.8677964190413412 0.7167226810295572 0
4376 0.4392842351030208 0.1539720085432079 0
4377 0.2775546878218947 0.299616342926223 0
4378 0.6205085882745098 0.06805610936723433 0
4379 0.1707450887104039 0.4464333889617484 0
4380 0.8528989684868385 0.07451261667296849 0
4381 0.8461626223012436 0.09731374551604471 0
4382 0.02840372915814282 0.1231720864066649 0
4383 0.604573110826342 0.3752437976588272 0
4384 0.5902242883208864 0.3869592083208745 0
4385 0.8854768815894432 0.2054176387192962 0
4386 0.2086360631227626 0.7456718690982689 0
4387 0.5217651796024869 0.1725976576929636 0
4388 0.9714834240596643 0.5845981401793444 0
4389 0.2818672796838934 0.4531572872313183 0
4390 0.292759209088835 0.4382132232751784 0
4391 0.3086420629430398 0.4597103865444211 0
4392 0.9190320410078928 0.3399795601616204 0
4393 0.473466711813643 0.3125489019359023 0
4394 0.674768076712719 0.9177868748965916 0
4395 0.009349761835816706 0.9049960017749331 0
4396 0.7969054678755734 0.8030935917296853 0
4397 0.384290925834728 0.1535777107390898 0
4398 0.3812478416343635 0.137193659762249 0
4399 0.01356858939026251 0.06729460595481618 0
4400 0.732500922116798 0.155027388202762 0
4401 0.9767927221072628 0.2912957657219614 0
4402 0.4214052419668991 0.8760236397674783 0
4403 0.924118145640358 0.706490720683227 0
4404 0.01996710350716502 0.7310372031841499 0
4405 0.7279578815698375 0.4425815633381375 0
4406 0.8334314454064566 0.4669511598733455 0
4407 0.5301253087770998 0.6110607905386205 0
4408 0.5137573659181142 0.4280876832458829 0
4409 0.8304454463385256 0.5035209090403463 0
4410 0.09448159373015819 0.2900575008183286 0
4411 0.5142322600970015 0.259860808194004 0
4412 0.8475205223731193 0.6217107616395521 0
4413 0.09265840670328929 0.2414690941331415 0
4414 0.7226889515927173 0.5422405891911304 0
4415 0.666440199395502 0.3762441517762268 0
4416 0.2563783905348079 0.6998953667406707 0
4417 0.8477726043703476 0.02331298336364807 0
4418 0.6993954838310219 0.983514203527038 0
4419 0.362320801348258 0.4806529647205386 0
4420 0.9113867154049734 0.09920316869661883 0
4421 0.2635398248986259 0.9127888987350101 0
4422 0.3857832607280604 0.42249390485876 0
4423 0.02902919632426848 0.628655793102104 0
4424 0.2249942869526997 0.6537940416344068 0
4425 0.2426503669650779 0.6561257581673968 0
4426 0.7490483317862275 0.2358253252129824 0
4427 0.2326213573547944 0.5730675454606563 0
4428 0.523429100403729 0.9272106518245342 0
4429 0.202312860217371 0.436636989669641 0
4430 0.5926986546324161 0.2430085832056623 0
4431 0.3890879075123045 0.746988863240454 0
4432 0.2628749443414892 0.1553684965942816 0
4433 0.7631797861100603 0.4896506134702197 0
4434 0.1796706641897539 0.5839820580567577 0
4435 0.1407640595832824 0.6385235367590644 0
4436 0.8954615167496109 0.9113643952525691 0
4437 0.5440643677677763 0.501085030734096 0
4438 0.9277488715665643 0.1165542731649341 0
4439 0.9361260932926881 0.1038592788429232 0
4440 0.1575973124332101 0.701313964342146 0
4441 0.3297065169003445 0.4414292260668546 0
4442 0.4996536189423516 0.7904819948199333 0
4443 0.5187617481210866 0.7956620025946226 0
4444 0.5067437217888763 0.8125347855469066 0
4445 0.4784144081917204 0.7858230887254704 0
4446 0.469241456646006 0.9401634109833368 0
4447 0.3035295031102579 0.4032852090390223 0
4448 0.9757052681846595 0.3035958690686322 0
4449 0.7271012495881113 0.02799303946415338 0
4450 0.9662620921002719 0.3890850807468451 0
4451 0.3438995203499914 0.6648448351480587 0
4452 0.9819005415286621 0.8232441180187043 0
4453 0.7837743731458935 0.9522938026071843 0
4454 0.1185744458664371 0.1486927719992093 0
4455 0.439042765424241 0.835197655398076 0
4456 0.5094441921495273 0.3367932671634267 0
4457 0.2084514455141946 0.828335939914338 0
4458 0.2469602190399386 0.6368357260449677 0
4459 0.07781422529183801 0.2639693471543 0
4460 0.2282409478530132 0.2110728735111919 0
4461 0.2630025301418538 0.1427728466659225 0
4462 0.5225199590219762 0.2385515721779389 0
4463 0.1910049120176363 0.6223336301971217 0
4464 0.9440817642111677 0.2370439962250005 0
4465 0.1354495385895709 0.1834309204713993 0
4466 0.4367186397868746 0.9809769300584497 0
4467 0.3272263024365158 0.9379586852683781 0
4468 0.02359196523477086 0.3949113762679802 0
4469 0.6299510461699616 0.6265607387855217 0
4470 0.1361725570805921 0.3742857655555284 0
4471 0.7541029480891617 0.5246105935432438 0
4472 0.1250792145145094 0.02336160911347551 0
4473 0.5378788574748087 0.3112267573272201 0
4474 0.8437641869109351 0.2979102615377535 0
4475 0.7181821643515706 0.9061423383172283 0
4476 0.9125508931515123 0.1498345060243917 0
4477 0.5009433324823559 0.6229202601539321 0
4478 0.5294457115424089 0.7751991088581467 0
4479 0.5420827266525252 0.7913983071609518 0
4480 0.9948977844070501 0.4357458469139747 0
4481 0.02403554033993655 0.9502913760907664 0
4482 0.3049057955906689 0.5884028690122022 0
4483 0.2163399017219857 0.4403551985563501 0
4484 0.5243752635751064 0.8587420096989091 0
4485 0.2363473030402345 0.8025677544590977 0
4486 0.2173140736681722 0.4074924220222121 0
4487 0.1957860959575916 0.4876945781126669 0
4488 0.9491802904891296 0.8977463051866336 0
4489 0.07446496318551854 0.2389820360348668 0
4490 0.9065811738192455 0.5203481700523228 0
4491 0.7571563747024607 0.8321989844543027 0
4492 0.1632561534873087 0.943931430683943 0
4493 0.80627585549889 0.8929278537324523 0
4494 0.6111250737507904 0.4255672490894942 0
4495 0.8783034394995958 0.242307174700884 0
4496 0.2101876403840986 0.5874932432118921 0
4497 0.2838359564954701 0.1610035103152677 0
4498 0.751996263250023 0.5727304625408903 0
4499 0.2827034537630414 0.6779034435983688 0
4500 0.5309667739303751 0.6426770062610334 0
4501 0.5824769305353469 0.1116433491487038 0
4502 0.3335941206940303 0.2299668825474405 0
4503 0.6284803766252046 0.01623103231433887 0
4504 0.04033299211142705 0.3422399657403302 0
4505 0.4424281297311448 0.1594650747191225 0
4506 0.5223024176238166 0.1593620594928869 0
4507 0.8097925748174888 0.8772088133016737 0
4508 0.5807134174382057 0.0207802106190681 0
4509 0.5288954585478127 0.08862147256555408 0
4510 0.8468465653876782 0.8019746076326101 0
4511 0.8663623702689283 0.4675063144757199 0
4512 0.8919456634724415 0.1580084713522165 0
4513 0.138779684834314 0.9512342206928309 0
4514 0.970606966893675 0.01492488336490594 0
4515 0.01811598634356137 0.2312639107280928 0
4516 0.9760062004108985 0.264192362759938 0
4517 0.7778367977896348 0.2722488629668458 0
4518 0.6601118209385894 0.6554979638197739 0
4519 0.4166404793345785 0.1253535520549588 0
4520 0.1280516818437308 0.6369647644940195 0
4521 0.6693238574797713 0.5572100156903828 0
4522 0.1484574224588266 0.7158561549233442 0
4523 0.8925989009091619 0.4185287030433915 0
4524 0.7464283288499532 0.09453033682798268 0
4525 0.920876276391226 0.1392765430997339 0
4526 0.5683901753680045 0.2440800737448074 0
4527 0.3915261626891888 0.869334087219918 0
4528 0.01758330416435361 0.8725403480191929 0
4529 0.8747896519278424 0.2124904662591607 0
4530 0.4333936469865005 0.3163916631636507 0
4531 0.05533372605163006 0.1344172612589292 0
4532 0.2837200335973674 0.4194989071516356 0
4533 0.3410301847191887 0.0142848340609002 0
4534 0.2146050616458021 0.7618551954664253 0
4535 0.5528825556707613 0.667868304893288 0
4536 0.4576591751711806 0.9683071309267925 0
4537 0.2665647961521665 0.05569055207935725 0
4538 0.2469475018445678 0.4103802535110719 0
4539 0.07103550210129234 0.1803836089797812 0
4540 0.1931190413304547 0.8433742183465218 0
4541 0.09395387607626954 0.7929391446822014 0
4542 0.7616324540153603 0.06025840080595524 0
4543 0.7498609195116714 0.01925626513204209 0
4544 0.9229242842352769 0.9507369420164919 0
4545 0.637691059720261 0.9094767052044016 0
4546 0.02440491275955564 0.1134726699257331 0
4547 0.175198403012113 0.03001209478386818 0
4548 0.2226771605843189 0.009692796945643234 0
4549 0.4764636187513894 0.9833055142565835 0
4550 0.7314011255190487 0.4977971292199214 0
4551 0.7644725116763644 0.03867959711314184 0
4552 0.1538351505025083 0.4100208073419722 0
4553 0.4634250695825836 0.5974514832500031 0
4554 0.09189914165961865 0.02083721627500335 0
4555 0.7144606327599285 0.3757685249211382 0
4556 0.6405507095140066 0.2096268851955767 0
4557 0.08869288954620946 0.8440843340356263 0
4558 0.5476276669656948 0.04098061162305983 0
4559 0.5676897599336403 0.04340240906460102 0
4560 0.1846360933572168 0.04780317992126148 0
4561 0.2752728763492943 0.2712823737861337 0
4562 0.3727422250173705 0.9782568475735631 0
4563 0.07198547448173342 0.03620240629916172 0
4564 0.7841225249253498 0.904019362491514 0
4565 0.7740290533403287 0.02722614532979017 0
4566 0.9845302786955387 0.7462811641937513 0
4567 0.6383624107864274 0.7067082377958771 0
4568 0.1489755960285697 0.4964878837075291 0
4569 0.8984646763133145 0.7960957446016823 0
4570 0.4721579275020804 0.5534892343745134 0
4571 0.3893932460774204 0.5984124804091244 0
4572 0.6142671840201681 0.5842335456927042 0
4573 0.1914672061223285 0.104843926801046 0
4574 0.1795228839450242 0.6374051733950479 0
4575 0.4628281171605879 0.5867296524310909 0
4576 0.3429872444607572 0.490408833336174 0
4577 0.3494701971624379 0.5132668261488483 0
4578 0.5179060253035644 0.4853263845911787 0
4579 0.6626852973694054 0.5193140722270222 0
4580 0.8431024747183822 0.586147651660507 0
4581 0.8031638689400888 0.6679826853115575 0
4582 0.6948245508687054 0.9173296845494838 0
4583 0.4058939290366734 0.0897761273154522 0
4584 0.3882548837612388 0.1033751315169661 0
4585 0.6580542498621027 0.8439078159049318 0
4586 0.1085250670693834 0.9746851809299979 0
4587 0.8217911533643367 0.3245863577192906 0
4588 0.804938848360633 0.330364494463031 0
4589 0.3248879056692673 0.4187374968054505 0
4590 0.9401125385491639 0.6326671364204546 0
4591 0.6955847146451417 0.05488757356922369 0
4592 0.1534693483094478 0.6911670467713744 0
4593 0.6819372977387497 0.09034665748111437 0
4594 0.6687820873582589 0.09942766702541667 0
4595 0.7370065164160493 0.295400133389253 0
4596 0.7294005558406493 0.7736259480010056 0
4597 0.8172018610405617 0.216022538010587 0
4598 0.8101419659966523 0.3119738839142452 0
4599 0.2686671804832274 0.4622803632964689 0
4600 0.2065836308046151 0.5598591077746004 0
4601 0.5451757194641018 0.367790189976293 0
4602 0.04962212248105125 0.7697413919019401 0
4603 0.03302010763142821 0.7883635391740254 0
4604 0.436249458010568 0.8035794284539834 0
4605 0.8914931964914743 0.4647823942844203 0
4606 0.9167437507407296 0.2838161613217529 0
4607 0.5003027947045329 0.3979689216265317 0
4608 0.2361019036414549 0.7634224164578228 0
4609 0.8268242236298398 0.4895827468810455 0
4610 0.7698903065656442 0.07551284852998846 0
4611 0.4488384937688806 0.1927302047411191 0
4612 0.05751547232487042 0.02413904320944721 0
4613 0.8768587889797785 0.2825763165080183 0
4614 0.7199668335374232 0.87449372659322 0
4615 0.8609546849150096 0.6272601089637859 0
4616 0.4227658612918561 0.1035402885551984 0
4617 0.849986307830694 0.2281760622641224 0
4618 0.850476388432202 0.05931800972642909 0
4619 0.3000507062292119 0.1270448861719646 0
4620 0.1426976005991136 0.4730510071528286 0
4621 0.8915174901660192 0.03489425663802986 0
4622 0.3475681585954005 0.9666544925688781 0
4623 0.5291633791406818 0.9225557767072065 0
4624 0.5737962319419883 0.8844986498655963 0
4625 0.5915324133388574 0.883197316801146 0
4626 0.9568433207134421 0.7821967693394597 0
4627 0.4634162211774703 0.7892076731564007 0
4628 0.4308237891374563 0.08262033487625287 0
4629 0.6167836147951679 0.250478576246147 0
4630 0.0581391676786519 0.3870406941220978 0
4631 0.908877790815618 0.03059776950707227 0
4632 0.7846911744835134 0.4350461975462623 0
4633 0.4718382282799808 0.1718393650126599 0
4634 0.8278973387877789 0.4228084581735237 0
4635 0.6643409448041842 0.3922823376405874 0
4636 0.1816905455783319 0.01187606942389091 0
4637 0.6819667417833684 0.3300729758703908 0
4638 0.2677134721776147 0.2938784713840751 0
4639 0.526881964151473 0.8763548083388367 0
4640 0.8147553243287931 0.3494593000691868 0
4641 0.7946271781190448 0.3453707115581046 0
4642 0.8684438566315497 0.03893368830301908 0
4643 0.9069940603583002 0.8746955164338377 0
4644 0.4296649687074103 0.9075532150844549 0
4645 0.5597989568035205 0.9605751268621353 0
4646 0.8687385348083337 0.2256442122101922 0
4647 0.1471727555481858 0.8235715787720428 0
4648 0.3860347306234735 0.2278426197389624 0
4649 0.3862825128235185 0.206620514215842 0
4650 0.369037274918155 0.1926334506002731 0
4651 0.3490153412857266 0.1870147716919657 0
4652 0.9675987773506987 0.6403428313825991 0
4653 0.7398855240656497 0.07799208449890521 0
4654 0.02119407649606564 0.8680759851584701 0
4655 0.6624963118365124 0.9856060214777786 0
4656 0.1076838879425072 0.6775805633514496 0
4657 0.9794231279471288 0.7035610443270303 0
4658 0.3434612405151171 0.8808410126285345 0
4659 0.8622885853352765 0.9574177684210408 0
4660 0.4877648000674568 0.09315264104042836 0
4661 0.06026870521590111 0.4863855558584719 0
4662 0.1416294373767457 0.7691841718094489 0
4663 0.1618496161631922 0.7689026151834978 0
4664 0.7039334074781894 0.07271144727496226 0
4665 0.5739364669849162 0.7896739689195138 0
4666 0.1092870569629079 0.2891045693309491 0
4667 0.9790078320284726 0.3880842138035756 0
4668 0.4613929293867503 0.6613169956563645 0
4669 0.4475014292044299 0.6493797370442954 0
4670 0.9657269987455711 0.09344758981985235 0
4671 0.6141133642009222 0.02120627842858686 0
4672 0.5775744860019314 0.9369569114875604 0
4673 0.4410883022521855 0.1414957064740105 0
4674 0.4232024674296062 0.8587991235672222 0
4675 0.9589599479414248 0.7326800140853906 0
4676 0.2773114351130648 0.04942741214710655 0
4677 0.6860588672539649 0.2158631216341942 0
4678 0.7545866816200895 0.415132547116151 0
4679 0.07330173747054575 0.7431119145658507 0
4680 0.8408947118267061 0.7763395698347115 0
4681 0.3010019654107924 0.4946723219779917 0
4682 0.7773054568238652 0.7909529549370138 0
4683 0.9877963537192889 0.8027896550066036 0
4684 0.6296375774978799 0.3244856252107406 0
4685 0.6643279128746015 0.03947304002243923 0
4686 0.1208300175309617 0.2382773161878863 0
4687 0.8148579761837597 0.4505599787206661 0
4688 0.008373208911265528 0.4380428710841527 0
4689 0.3716612958705178 0.7858231333648792 0
4690 0.8996639752179728 0.6430121878070431 0
4691 0.1025511481344417 0.8941672346092626 0
4692 0.7320971658933665 0.8491440252637681 0
4693 0.8776273464620739 0.3641450301902436 0
4694 0.5688529744276334 0.2952163832345017 0
4695 0.3801363100760965 0.9432803126089568 0
4696 0.3653563122621432 0.9572847855584825 0
4697 0.6465662023226947 0.02497251755227314 0
4698 0.6321295123747146 0.3823538349106919 0
4699 0.7485462857751055 0.3262704409287286 0
4700 0.9391322367034109 0.8295039243471054 0
4701 0.1716590091775177 0.2186265833900451 0
4702 0.1636100594751682 0.009835682421327707 0
4703 0.4434952460496811 0.8962477725155449 0
4704 0.5733036371808277 0.375382782133034 0
4705 0.4694643843959938 0.07486757181220571 0
4706 0.5625017912683501 0.1204043241226641 0
4707 0.2467238359664212 0.6855583692805044 0
4708 0.8758678190962139 0.8928806011806923 0
4709 0.2463235916896112 0.1972532577350725 0
4710 0.4726025970441308 0.2104677771684439 0
4711 0.2583603036265322 0.7947795685525773 0
4712 0.5954824416738052 0.4462000112108013 0
4713 0.1331593763139422 0.7785659079648439 0
4714 0.4661841424620226 0.7164029070040405 0
4715 0.7192878290573884 0.08716362294605218 0
4716 0.2115126054933714 0.8936375013793612 0
4717 0.6434227063965754 0.3954432745224113 0
4718 0.008788050585330331 0.569963352511104 0
4719 0.1830277650314671 0.969004376108635 0
4720 0.1998708637632773 0.9689906487179993 0
4721 0.633701083710536 0.6638825739898233 0
4722 0.4674421686872984 0.6888092157041802 0
4723 0.7635964033209305 0.6816962780650699 0
4724 0.5912468976719097 0.6101986489114939 0
4725 0.5105491828546604 0.8281310500496858 0
4726 0.6796813736091956 0.04222417860914029 0
4727 0.2166800794261327 0.5210171066825322 0
4728 0.2821661141568316 0.2852508179955469 0
4729 0.1667855836753395 0.2906808211353246 0
4730 0.5407039771288603 0.3560358587155708 0
4731 0.5511439111899308 0.6895315674087784 0
4732 0.8907313393705745 0.3461395981382007 0
4733 0.3897740655319292 0.5062101440227478 0
4734 0.9531852541005386 0.6187514140660051 0
4735 0.2295335268938675 0.3612129347289929 0
4736 0.7701749508318363 0.2624817433308051 0
4737 0.3362122878303384 0.5862876687564962 0
4738 0.8826325057452057 0.7461773556735254 0
4739 0.7305896776637779 0.1004319651989369 0
4740 0.1146010301803439 0.3678992456032946 0
4741 0.8899011314772141 0.8597942421964241 0
4742 0.6189040305148874 0.2080170759129634 0
4743 0.675100583939485 0.5294655508630748 0
4744 0.6972825590359994 0.889459512149835 0
4745 0.2077573203138698 0.4707870708621648 0
4746 0.1784229806037453 0.6037084849835072 0
4747 0.2752099338775882 0.3920399975369638 0
4748 0.5445686592145778 0.7583150656860218 0
4749 0.2822341712462892 0.9632294696031345 0
4750 0.8669503128930971 0.6955363189862689 0
4751 0.6227721023450959 0.3977564895014905 0
4752 0.2360634462646081 0.8602648110710094 0
4753 0.850512211660303 0.1452362260280604 0
4754 0.8521028767969197 0.12786611969813 0
4755 0.5932159026725329 0.3376203110063565 0
4756 0.2512258189658878 0.1158559658403577 0
4757 0.4453967136575595 0.7848862219279538 0
4758 0.2620553267317429 0.878663634247049 0
4759 0.1720805878512999 0.5010794237919484 0
4760 0.15601640149497 0.6557108762953691 0
4761 0.210807742688437 0.3360796911175685 0
4762 0.209023458313176 0.3912094207792282 0
4763 0.8984846326154503 0.2742009068824028 0
4764 0.6907872375231321 0.07636430612963174 0
4765 0.8992631237709996 0.2222168787377824 0
4766 0.4595444987759041 0.05272391903007728 0
4767 0.4435729785845206 0.04149168466627795 0
4768 0.7712307214302907 0.4653374181913847 0
4769 0.9088370812774751 0.8284020803525556 0
4770 0.2484322796649049 0.09060354596123033 0
4771 0.8944356529655233 0.3339054395164692 0
4772 0.7936391943566274 0.1880220176794642 0
4773 0.7996585134736236 0.2063653695738849 0
4774 0.7735075279621544 0.9103813414619185 0
4775 0.1329504410152176 0.2777600616804992 0
4776 0.6382912292617822 0.502870232908376 0
4777 0.6411079818771355 0.964437105891276 0
4778 0.6383474118904884 0.9843376646806457 0
4779 0.7265353006531761 0.9699729928607561 0
4780 0.3750744153525141 0.4314341362738784 0
4781 0.3227248737540044 0.8356359415231841 0
4782 0.8346689908941067 0.9245618309701005 0
4783 0.7289841820587266 0.527040263296926 0
4784 0.726308608788101 0.7615007387816817 0
4785 0.5955798405046328 0.57600903540959 0
4786 0.1984506789504005 0.5080776042771464 0
4787 0.1931986076240993 0.5261014751081239 0
4788 0.3922939088894725 0.6564570377585625 0
4789 0.3944409340607654 0.1467809767275269 0
4790 0.201802644617387 0.1443080230861191 0
4791 0.703711037628477 0.3217437436337849 0
4792 0.0762142194179824 0.6250414557794646 0
4793 0.6864952977703156 0.4770173768323127 0
4794 0.3792814232632912 0.9881767935216819 0
4795 0.7287215166860006 0.2256697442628063 0
4796 0.6186223170019117 0.8987035750633033 0
4797 0.9849852299309564 0.2807807311027443 0
4798 0.09204488388898824 0.8819722892208423 0
4799 0.0369931985649013 0.4916161032155243 0
4800 0.1615417061163728 0.5881667972154943 0
4801 0.8092299929146407 0.5825601758821608 0
4802 0.3749223860799567 0.5148533075022907 0
4803 0.4334382062606154 0.4111427647093465 0
4804 0.8145140176035428 0.2550161160093862 0
4805 0.03687496686689573 0.9661791324089146 0
4806 0.3084701442345969 0.4224050418319433 0
4807 0.4123094386209877 0.9912506247553561 0
4808 0.1937778456624062 0.7612373453900254 0
4809 0.031040603106325 0.666403233070254 0
4810 0.06033097044831948 0.9914568547962325 0
4811 0.4436889318362677 0.3754506722340807 0
4812 0.3594223608917652 0.1316662452103954 0
4813 0.1699340026517022 0.9624956244163223 0
4814 0.7902314697441668 0.1625559323858545 0
4815 0.9675164460120682 0.6849397604287367 0
4816 0.6195760527666063 0.4956322210059447 0
4817 0.6169963408756004 0.8832965296874584 0
4818 0.1770475988200718 0.5432629826587763 0
4819 0.7170646814118317 0.7164645888319454 0
4820 0.5166771196394209 0.7236966028850864 0
4821 0.2547897363496799 0.5600628963718897 0
4822 0.3121444858180552 0.2768310288102894 0
4823 0.1954710922947159 0.4484768119540526 0
4824 0.6570597797157537 0.8298485843797883 0
4825 0.794303575025114 0.7090912116306088 0
4826 0.2227413107634634 0.3213661651077417 0
4827 0.8971405011810507 0.8333149089957907 0
4828 0.3267744781036871 0.4601627422904608 0
4829 0.08470101239172118 0.2117354549841723 0
4830 0.1357680554827166 0.2389606739868748 0
4831 0.3762548474018453 0.8640902575544962 0
4832 0.5293119996654843 0.396969535430344 0
4833 0.2536685235619006 0.569137234261911 0
4834 0.1294116606135765 0.9060126238063164 0
4835 0.3083610871130426 0.332439835633769 0
4836 0.6829301237761936 0.1535305640606153 0
4837 0.5009546977967716 0.9859318831932575 0
4838 0.4453926654249116 0.2581624859444397 0
4839 0.9229925645262701 0.08850845100862975 0
4840 0.08771692737453879 0.5088519581776757 0
4841 0.2434800954048936 0.945893326832193 0
4842 0.2264124497168198 0.9517807424840012 0
4843 0.2414727019577579 0.9637851327780185 0
4844 0.1207793638072675 0.5232203173848037 0
4845 0.9049693932927807 0.3964212461767346 0
4846 0.8983968129507479 0.8850939401375367 0
4847 0.008424900451254103 0.1322078925752458 0
4848 0.2012311826960076 0.05387947741834143 0
4849 0.2933890483660549 0.5190456192208891 0
4850 0.0887288189867359 0.9032400748604321 0
4851 0.3387829427469399 0.3349533282830133 0
4852 0.0670743108570499 0.8100253172809233 0
4853 0.185586442757825 0.07820120705369682 0
4854 0.5440298831088836 0.2460574697885079 0
4855 0.9547504050455792 0.1724268364455156 0
4856 0.2403422344633263 0.7825836103908264 0
4857 0.9413822531051812 0.401654808146107 0
4858 0.9411246986521024 0.4329623987555752 0
4859 0.7872675604922519 0.6608043313136269 0
4860 0.4164110053329622 0.647894579907047 0
4861 0.9806902091169688 0.4437183565096203 0
4862 0.4595148227935005 0.01812240467011605 0
4863 0.4233100817160688 0.03450141809797669 0
4864 0.9548844541531885 0.1361678314335674 0
4865 0.9594228372135745 0.1223295101657156 0
4866 0.8160430739331848 0.1476165996616977 0
4867 0.7369879556562361 0.8313929061404908 0
4868 0.6404073979559551 0.01539652870149183 0
4869 0.9708524565771215 0.3144036500158138 0
4870 0.8713467140214352 0.6593724367671845 0
4871 0.3733941149418973 0.5733181874041727 0
4872 0.1185064271987215 0.9179465061390136 0
4873 0.7494850867176219 0.4249541564112144 0
4874 0.592804667341312 0.91624573151387 0
4875 0.1262050338882941 0.04973749749987916 0
4876 0.129606616416865 0.06524139530484402 0
4877 0.8887147147768899 0.992032968433056 0
4878 0.8953652928466327 0.3731932086657703 0
4879 0.1842449281740622 0.4484984495622674 0
4880 0.5497331195663621 0.8678614058362459 0
4881 0.4262991581845668 0.3660107772032733 0
4882 0.007606133140822813 0.4809850554898791 0
4883 0.9630408923957772 0.906257761250332 0
4884 0.4782746648338804 0.3952747387042738 0
4885 0.03606934873232637 0.6933512375388454 0
4886 0.05615900849446775 0.6882752232961458 0
4887 0.08951780765253037 0.3684479564850112 0
4888 0.3971513926684866 0.5294061807559348 0
4889 0.8074882803172844 0.8194365741232106 0
4890 0.06587743662816498 0.7532847279648779 0
4891 0.8746360864617849 0.6141938457856096 0
4892 0.4196981289096864 0.3011935873507915 0
4893 0.1337023077332434 0.7322836643344164 0
4894 0.3056890581629174 0.8204508308851598 0
4895 0.4922441141283908 0.02848533690163119 0
4896 0.1691243637499519 0.7854601327097539 0
4897 0.6957599178206901 0.3525591608976865 0
4898 0.04323418155149122 0.5117303712528275 0
4899 0.2422557292034822 0.003835210116218124 0
4900 0.3428349483252642 0.1679571887233233 0
4901 0.1035873231726363 0.5531780810054657 0
4902 0.1732344408288287 0.8385551316931354 0
4903 0.755118675109151 0.8641262719240993 0
4904 0.1599611817301404 0.6660395556168389 0
4905 0.5291733348441733 0.1504019852272104 0
4906 0.5197068469198273 0.5532519209481328 0
4907 0.2317509528070332 0.409684622591623 0
4908 0.6733655860867618 0.7836630381195341 0
4909 0.3310896891437503 0.542355156176124 0
4910 0.1243131016520277 0.9376391862996893 0
4911 0.8807669670391556 0.2656133021817966 0
4912 0.5301404063352689 0.4344963447990689 0
4913 0.9266372310495454 0.421335059508871 0
4914 0.3416475683879056 0.9509128140326322 0
4915 0.4804547206075929 0.1174206209095326 0
4916 0.2612822389418157 0.242572248382082 0
4917 0.01199997251906221 0.9378323966225801 0
4918 0.7840655373120008 0.3295822026889307 0
4919 0.5805930914813624 0.2992831934153112 0
4920 0.5444917494719103 0.1305554575164968 0
4921 0.9268261506181138 0.2271204204763904 0
4922 0.06321951979466828 0.1325255012652151 0
4923 0.639494254971456 0.2458334514869742 0
4924 0.6400436642510879 0.05368926114437556 0
4925 0.1377883429851636 0.08188138426191349 0
4926 0.8964166813541423 0.6995630983848131 0
4927 0.1639671862242991 0.3550330258618926 0
4928 0.1474186150309001 0.3425898520901456 0
4929 0.531101570485745 0.8864704070639223 0
4930 0.7122457094494201 0.9825260837776401 0
4931 0.1581087053032215 0.4502238611696844 0
4932 0.2381734458031625 0.8683200937687906 0
4933 0.2705722439679463 0.8178206914858068 0
4934 0.6176816788241375 0.2967989853497645 0
4935 0.1962406496268898 0.9491926437991396 0
4936 0.2988502757967252 0.2480149682590233 0
4937 0.0121944705786089 0.7447572195016892 0
4938 0.4583908374567915 0.5770209557483259 0
4939 0.1522614431831444 0.6290960977853025 0
4940 0.1777730463873396 0.0378245328868313 0
4941 0.8402356086095737 0.1404643747264848 0
4942 0.1251067240340442 0.1657079172041308 0
4943 0.3537238370209981 0.6308744699183191 0
4944 0.1883513277791455 0.9891883792519368 0
4945 0.007039195118502373 0.2284972955613082 0
4946 0.06076110880209817 0.5043029124585 0
4947 0.9524069147340332 0.7558472121649878 0
4948 0.8899954665132539 0.846990750492165 0
4949 0.7983777473234159 0.142964942649506 0
4950 0.6880338703875134 0.7713622560175789 0
4951 0.6497145352783186 0.7195369235864875 0
4952 0.186432399024936 0.06667234722313947 0
4953 0.8042099001151461 0.6122104717689335 0
4954 0.3687936158199113 0.8237826517454323 0
4955 0.8371292089084839 0.5345750144988878 0
4956 0.104300074318436 0.5227993939440224 0
4957 0.6226092166885633 0.2213325943280299 0
4958 0.4672606232578747 0.033492419310582 0
4959 0.4901692461949212 0.3224958442017099 0
4960 0.3315368110230155 0.2053865785981935 0
4961 0.3211543451604922 0.1484763013891581 0
4962 0.0164044289810778 0.3744126457775295 0
4963 0.8104324843517321 0.03693394120703869 0
4964 0.8312086420434792 0.03244724237135066 0
4965 0.5131106464042432 0.6086067231418699 0
4966 0.8830343651807044 0.7866226055128507 0
4967 0.04320635250310295 0.3656977570168132 0
4968 0.607025943887149 0.290945447060572 0
4969 0.9530411435101215 0.3948439055601633 0
4970 0.9865123966723384 0.8142756109497824 0
4971 0.256163169141758 0.9761082545854676 0
4972 0.8818399365595759 0.1578240786063752 0
4973 0.04572955774630388 0.6065586993776544 0
4974 0.5859036169559152 0.9033019781500171 0
4975 0.1209889305820762 0.4491245357200869 0
4976 0.02786309963900341 0.4206614543713866 0
4977 0.2120475234715651 0.8467629252566983 0
4978 0.6243425134076596 0.4650963197868253 0
4979 0.06158678270460594 0.7039811124628408 0
4980 0.3513842219322998 0.4451119275717138 0
4981 0.1425872693220434 0.4454464990114991 0
4982 0.07640570392540624 0.8101417322848724 0
4983 0.8212610022945587 0.5200673250954845 0
4984 0.8012610866666789 0.9828880528666666 0
4985 0.7033081507645516 0.01688926709124028 0
4986 0.7626196443784579 0.9829755610693854 0
4987 0.9122787422433684 0.9826823763763211 0
4988 0.5098565935013645 0.07773830797052667 0
4989 0.9521890026097276 0.2503049488072521 0
4990 0.4203773809649952 0.07130932847484506 0
4991 0.1547554425577677 0.3249680722259599 0
4992 0.935103951386774 0.7221271151539612 0
4993 0.889826728119923 0.1097291241494359 0
4994 0.6206429933961131 0.6933780914544435 0
4995 0.7345008811457869 0.3203616090690306 0
4996 0.8715257446772745 0.552733797679745 0
4997 0.8816698880018035 0.5691962370034352 0
4998 0.3319388276303251 0.7445218357948482 0
4999 0.9064076134080801 0.622712724447126 0
5000 0.4603863397886415 0.3870169650424902 0
5001 0.1154434897065615 0.07722564088450046 0
5002 0.2826564206538115 0.8281601903068819 0
5003 0.1832291800236033 0.319877794148253 0
5004 0.9448241193565493 0.03478387978374597 0
5005 0.7301714852371016 0.4100601060000902 0
5006 0.9505489683472051 0.9837691857336656 0
5007 0.9514231730651392 0.01682750646433057 0
5008 0.8207672605781235 0.01686717945638389 0
5009 0.4768191253029965 0.8511960299691803 0
5010 0.7625084782623406 0.5832845396992201 0
5011 0.76784642671948 0.5647552306798651 0
5012 0.6615159897154566 0.1138362546609785 0
5013 0.9843738686640485 0.6288787517693876 0
5014 0.9282354005052222 0.1890092810580014 0
5015 0.6248831256410725 0.602139699611151 0
5016 0.6370908272166341 0.586757938207941 0
5017 0.8079473979323094 0.4268542200637787 0
5018 0.3153740961575128 0.6147425271171859 0
5019 0.1211193844974112 0.1336511631581961 0
5020 0.009303935357015736 0.927642060395941 0
5021 0.7230259243366002 0.944600510127879 0
5022 0.276309417037567 0.3803448653025174 0
5023 0.09536940159818252 0.5165245679736034 0
5024 0.302508276583332 0.8360603883546388 0
5025 0.6174307901471048 0.6331118586246152 0
5026 0.1282251166701225 0.3684999436176769 0
5027 0.4847531033110636 0.3034851592113641 0
5028 0.8804399835042128 0.6994257916995241 0
5029 0.5178433302208372 0.8954259224961109 0
5030 0.4099051276753639 0.5829372184299977 0
5031 0.6570202583101558 0.7571966978326858 0
5032 0.4596384374507592 0.9383335619685044 0
5033 0.3801303446109577 0.7525274645768197 0
5034 0.4157505838990688 0.01738609173525602 0
5035 0.3780092209707065 0.0153871977716582 0
5036 0.2399453057116581 0.5048286271881914 0
5037 0.2731510939070548 0.6579835178269736 0
5038 0.8487376916615016 0.7867511066556938 0
5039 0.2610652988049067 0.9905831843994095 0
5040 0.8927912389380899 0.007521040561596914 0
5041 0.6251103043578887 0.9878871087320789 0
5042 0.464735084019671 0.2956622614472971 0
5043 0.9650108612862445 0.4484149787955592 0
5044 0.1098059393921435 0.5449609976249974 0
5045 0.2733350015719276 0.4397976620332684 0
5046 0.8838135536969672 0.9873777732283737 0
5047 0.5882202276166206 0.03643386274227223 0
5048 0.9419975324650762 0.333054142853543 0
5049 0.9771400799603354 0.526198082021179 0
5050 0.2499541068438852 0.2979039673688741 0
5051 0.2699892215123658 0.7071733184603073 0
5052 0.54724132414024 0.3813406506682366 0
5053 0.3393736100968329 0.0750439117730764 0
5054 0.9858291233061515 0.8968029770002246 0
5055 0.9810188958767054 0.9350295462970543 0
5056 0.2745178427630379 0.162470400524024 0
5057 0.7768389324393581 0.4419511116736353 0
5058 0.524394500537309 0.3446026494822329 0
5059 0.4978808726223189 0.1597108953767186 0
5060 0.7057916435063473 0.1489162045968148 0
5061 0.8030357709282046 0.5984069341722689 0
5062 0.5024562769919623 0.8946563247410211 0
5063 0.5899466153354795 0.1323769334822097 0
5064 0.8204819817366396 0.7390666461656766 0
5065 0.7832802630544922 0.8738723544838167 0
5066 0.3489502736715395 0.7645939085813953 0
5067 0.7200358831388289 0.8092738495392164 0
5068 0.01775876481524591 0.9028672316166071 0
5069 0.1582144588103089 0.7924773405011784 0
5070 0.1990235561025037 0.160990278309093 0
5071 0.859465303973954 0.9044894875640492 0
5072 0.04991082848246131 0.7979135768228547 0
5073 0.02024670272583673 0.7079358333368114 0
5074 0.7918205790276599 0.7611054731326337 0
5075 0.1092177581938775 0.6645592363753405 0
5076 0.06495495453895173 0.9108328717139216 0
5077 0.5830184412769499 0.2407522779964043 0
5078 0.3335134717817742 0.8651365856665192 0
5079 0.562234995238749 0.269089704389973 0
5080 0.5113644770750055 0.9866776683601188 0
5081 0.9649074677363192 0.2329679369649885 0
5082 0.06722960722456978 0.3722910451928935 0
5083 0.2449356497183852 0.3550410482200057 0
5084 0.5577979327460306 0.03007472576399128 0
5085 0.860604067593558 0.5363169771416094 0
5086 0.4560250395214873 0.1223248710893189 0
5087 0.3458926654831741 0.7896824041187976 0
5088 0.1717597411039925 0.02154196396676178 0
5089 0.5635742740823705 0.9488203497315471 0
5090 0.8906611835962562 0.1835468344311005 0
5091 0.006135885938766072 0.1935358384531779 0
5092 0.5920028930805644 0.8635814540873774 0
5093 0.5043880867992827 0.1734209468999273 0
5094 0.5949678351346517 0.1840775096981689 0
5095 0.4923262241348174 0.8344063108834224 0
5096 0.2216752716639281 0.702929781318384 0
5097 0.8661589171353612 0.5964361065192423 0
5098 0.5706790990858899 0.3961703525291836 0
5099 0.2457767189627064 0.5663499433002669 0
5100 0.04182522905541802 0.2909726251648541 0
5101 0.09190409660852694 0.5944372674110496 0
5102 0.8702455391485658 0.05464567430315032 0
5103 0.4685760013245396 0.2736307021675191 0
5104 0.8583816256070753 0.7926546076981029 0
5105 0.1145366186516457 0.5643360259814481 0
5106 0.20887650571345 0.3831067895526421 0
5107 0.3882593493371839 0.7147919828186242 0
5108 0.6612016988860453 0.01973443329542857 0
5109 0.1111440801474622 0.654162821191651 0
5110 0.1459026687333611 0.2239505512427082 0
5111 0.06486069137659101 0.859066835806062 0
5112 0.2085687160755809 0.5345642390557979 0
5113 0.2573605023481234 0.9320245562368386 0
5114 0.3907223357743439 0.3300917503103024 0
5115 0.779885025910785 0.142816675232452 0
5116 0.7858971625124961 0.2224236025558222 0
5117 0.8800082486988468 0.256210603879192 0
5118 0.4626552137542373 0.1784148796803642 0
5119 0.4312769489150651 0.9157658021386994 0
5120 0.519342460345886 0.8390708391533999 0
5121 0.4251278918713797 0.6115624474165827 0
5122 0.7731037841984121 0.9643174134393616 0
5123 0.1959795474557516 0.7202133292215072 0
5124 0.2125263161769944 0.399421569831228 0
5125 0.2243644508485054 0.5184691536663406 0
5126 0.4873793378075946 0.1790912194543441 0
5127 0.4448927545530579 0.1190276157095641 0
5128 0.7663563742583379 0.3194473650708776 0
5129 0.7005652776281006 0.1044818037845915 0
5130 0.129677067845228 0.4620682998344822 0
5131 0.6470984349622781 0.3016485738213841 0
5132 0.05628586515958356 0.2392846426922692 0
5133 0.1045169359622439 0.794765502323002 0
5134 0.9533274638842508 0.8576769110753133 0
5135 0.9892121517880775 0.3314006109956662 0
5136 0.7132359821017766 0.7798372040801024 0
5137 0.174207062044883 0.7538729379806668 0
5138 0.03887556343330401 0.0293271386105024 0
5139 0.3645683224466555 0.07802486638954165 0
5140 0.8096758950383804 0.2361990340801289 0
5141 0.2832325340276877 0.5355166002493312 0
5142 0.9410289410377977 0.9658939260870283 0
5143 0.1964225726920644 0.5724952343083657 0
5144 0.2213478614297311 0.3691125956270394 0
5145 0.4034233020398987 0.1126477814833681 0
5146 0.7871277671696323 0.8210045833420359 0
5147 0.6353974582461919 0.8796206578707217 0
5148 0.7498945806568705 0.9233292467969305 0
5149 0.2422746008113011 0.8936016665449029 0
5150 0.6818851481179917 0.9863259549876958 0
5151 0.02683200281468079 0.6011160358567398 0
5152 0.707326878301175 0.4553808453159884 0
5153 0.3593196273973297 0.0143002683404686 0
5154 0.008538128512399545 0.3721130182731713 0
5155 0.9542662278804382 0.8846202909498158 0
5156 0.09133484862340013 0.03214478071850796 0
5157 0.6632136309663195 0.3090818185295256 0
5158 0.01427881973662792 0.5977583909753892 0
5159 0.2060859879048408 0.1336150386744226 0
5160 0.1954915322504208 0.2222747674052511 0
5161 0.3892398245204448 0.2367360446785574 0
5162 0.9817229628900761 0.03057164785770106 0
5163 0.216609602323759 0.9403680597440899 0
5164 0.7693353111343502 0.1602189885773811 0
5165 0.129507271091406 0.714092757241606 0
5166 0.08143773375635122 0.6093475443215521 0
5167 0.6292032383218441 0.8526839871602661 0
5168 0.9848567986725717 0.9722821335534801 0
5169 0.7971525732561084 0.2531868186266178 0
5170 0.91371325999953 0.06804130893860977 0
5171 0.73822577484017 0.721243165850295 0
5172 0.3700744203399134 0.8169389153163551 0
5173 0.04088105846207302 0.3852969901501943 0
5174 0.7961391069773067 0.9033176790432491 0
5175 0.7073270415599836 0.1176625698391829 0
5176 0.5724800446392635 0.9259315919132536 0
5177 0.6691189011134628 0.1545287410436922 0
5178 0.5530193309564568 0.08837118514804126 0
5179 0.7883011471217378 0.1802438020476405 0
5180 0.6478454319882276 0.9148071330818626 0
5181 0.7389414775844485 0.9594766945949353 0
5182 0.6936654487699533 0.0365745426229882 0
5183 0.1330219026503374 0.4814874551441939 0
5184 0.3892359009765095 0.1202007273741679 0
5185 0.7744205909879905 0.8087488017544515 0
5186 0.7338784506972215 0.9262290336702286 0
5187 0.5455824665528165 0.9798446073405634 0
5188 0.7478899289860806 0.5020385788364035 0
5189 0.3755260810899548 0.6585539074457917 0
5190 0.04527543144900448 0.50083915322858 0
5191 0.4044392814435828 0.03417780920140806 0
5192 0.4647206519133456 0.6241074455365411 0
5193 0.4415200989693787 0.6707450679351152 0
5194 0.5896610182082488 0.8021210579820059 0
5195 0.2023742385742923 0.9862828890526845 0
5196 0.07769063201954363 0.9098068499725259 0
5197 0.569837122587774 0.09946289582181167 0
5198 0.5869158395073255 0.4094809357300133 0
5199 0.08514215006560583 0.09189242194153613 0
5200 0.3645460469206897 0.4964591725283338 0
5201 0.5590086151888416 0.4998056301162572 0
5202 0.9704971784429596 0.1710829926245779 0
5203 0.231308522401368 0.514877211275394 0
5204 0.6439517966573545 0.5261923212469884 0
5205 0.7053674140267583 0.2204558428612147 0
5206 0.3677381947162157 0.2146000642668114 0
5207 0.4393407751320973 0.176433659869512 0
5208 0.90504333856748 0.3014959822162041 0
5209 0.4778430645888261 0.695733438227088 0
5210 0.02780309053046393 0.1040657816887697 0
5211 0.3104669486610098 0.06760827309071249 0
5212 0.2501006131661664 0.1749117093984897 0
5213 0.5685345346954965 0.6889494778991962 0
5214 0.7997889204503703 0.5128524516160966 0
5215 0.2582189432652259 0.590669783110727 0
5216 0.6164699575494734 0.5666592398089603 0
5217 0.02457572844054579 0.9860451898160072 0
5218 0.07754615183340441 0.193165738222158 0
5219 0.5027335698558922 0.4944091530423235 0
5220 0.634485159788434 0.309376573958338 0
5221 0.3016563677961215 0.2414475915778616 0
5222 0.1414948594808237 0.2322168065309416 0
5223 0.05557890177578123 0.7610428837974101 0
5224 0.4682703024236947 0.4129611843464335 0
5225 0.1125816219857961 0.9624223696675762 0
5226 0.3574592064490276 0.622225401156149 0
5227 0.8032212271215535 0.3767377888519003 0
5228 0.4624448441133062 0.8513842770359977 0
5229 0.444122450455876 0.8543051350891397 0
5230 0.451052956885212 0.841857443759169 0
5231 0.3935807888964008 0.2846577077815509 0
5232 0.01150383634122887 0.7579978344236804 0
5233 0.9268313813478144 0.4518940401374252 0
5234 0.7704146921570335 0.2353078114216183 0
5235 0.598440543562192 0.5064217686300287 0
5236 0.4490345170692303 0.6311241099126432 0
5237 0.4207703656704124 0.9859368079483762 0
5238 0.6767300976699466 0.1081160009775103 0
5239 0.01939142389843418 0.4836917518388679 0
5240 0.8871723099702974 0.286917287657346 0
5241 0.01508518926177105 0.02948748957859521 0
5242 0.02451828402816436 0.3820809105155235 0
5243 0.4766894845860326 0.06584846789758375 0
5244 0.7922548363925577 0.6733175075904132 0
5245 0.9824452853598671 0.6848699185770751 0
5246 0.8177817058536141 0.9165955814713052 0
5247 0.8478989888170634 0.2104516041645884 0
5248 0.1974992733544901 0.009009539846242531 0
5249 0.8307088719095874 0.101049859317164 0
5250 0.2600253848190906 0.2847965359985489 0
5251 0.6950826441120691 0.5548980624446431 0
5252 0.8299097023355095 0.8048911809886983 0
5253 0.8293577619591248 0.3073035156208984 0
5254 0.3711616833858836 0.0969555824448447 0
5255 0.4899975581388027 0.9840547622639787 0
5256 0.9316852090852916 0.8106733040953836 0
5257 0.5577813596440859 0.5545175544584935 0
5258 0.16448284511052 0.9076772237218114 0
5259 0.1665212733557219 0.149492653512707 0
5260 0.5460799319205373 0.8132837942984962 0
5261 0.9056747440816892 0.9474821714355526 0
5262 0.4059281228587144 0.4041535520895272 0
5263 0.6957912615623655 0.3774695837523114 0
5264 0.4037271755291144 0.4209219748369233 0
5265 0.741051260536999 0.8053369162613341 0
5266 0.1525234456482916 0.5129050557115701 0
5267 0.7823366455325932 0.568505591683626 0
5268 0.4957734143672402 0.6045333059351813 0
5269 0.5240282099061789 0.8288074441741575 0
5270 0.7843899115653739 0.08731318793099291 0
5271 0.373621963135757 0.9319836974407889 0
5272 0.8691537768379755 0.1290533576170665 0
5273 0.2552609398038187 0.6678755771865099 0
5274 0.7532939605872108 0.6536435716219209 0
5275 0.9409983215235749 0.2218541561738792 0
5276 0.01531322504464661 0.7825654356105738 0
5277 0.3554536066687352 0.5564493117553071 0
5278 0.3483854745784376 0.5725076534240707 0
5279 0.07735971867503011 0.3001531787547517 0
5280 0.6727356788312949 0.8302079903001635 0
5281 0.6655340602416566 0.4616764975524739 0
5282 0.006331666752368736 0.5760786906083287 0
5283 0.6246129256287108 0.4861283800708135 0
5284 0.8183283485536907 0.3940748282621664 0
5285 0.7516065604902252 0.4834044689149347 0
5286 0.9117279724564612 0.6997045149235848 0
5287 0.7692123387670731 0.5084914000361859 0
5288 0.6371504526846279 0.4115819310514091 0
5289 0.2526103552948564 0.03771971140146191 0
5290 0.1474336964125618 0.4007927991807347 0
5291 0.06205611655240334 0.4771342477292963 0
5292 0.8005373326328372 0.6190022819485506 0
5293 0.6094347045560891 0.9436990997993385 0
5294 0.6285046052659495 0.7507000711310026 0
5295 0.3505365925547291 0.3294790361895875 0
5296 0.7781488383058734 0.3510665197838722 0
5297 0.3842979366380431 0.789896876593386 0
5298 0.7525788538114346 0.1500000059429335 0
5299 0.1691231869248893 0.62271747500534 0
5300 0.9483618013630695 0.4613101724470919 0
5301 0.8466472011115875 0.4123746171609653 0
5302 0.6527120557752568 0.5712561196108925 0
5303 0.1563648665636084 0.08947453875019318 0
5304 0.1221246484384483 0.09713307009193323 0
5305 0.3853433577566849 0.03165242666923901 0
5306 0.5952640366047072 0.07689401834243575 0
5307 0.5758374717826069 0.06887283942292499 0
5308 0.3010782863219673 0.7443635270391072 0
5309 0.5059278865371372 0.2645309815829071 0
5310 0.604399016314811 0.4063347609626345 0
5311 0.5279053101288521 0.1817934455132666 0
5312 0.08709135068642604 0.8868986383195291 0
5313 0.7416592209200566 0.8646447158125692 0
5314 0.2507205709346502 0.2360891544496769 0
5315 0.7043210011748477 0.7718960773451208 0
5316 0.01656855909708332 0.6675892417683649 0
5317 0.3422368678548237 0.1193862739044448 0
5318 0.0761929736994425 0.9711699431358589 0
5319 0.2507198218837298 0.4851137257638872 0
5320 0.5314286711293925 0.6523114525696234 0
5321 0.212401893727077 0.05780129609079887 0
5322 0.89202750640062 0.6101031901772509 0
5323 0.4473677913697225 0.8100950128617621 0
5324 0.2644904785074412 0.1962388023966611 0
5325 0.3605530507299002 0.9842456320763997 0
5326 0.1967375580275142 0.3161342812000976 0
5327 0.2761334462503598 0.1986347395519023 0
5328 0.03507001363000573 0.8092964226315286 0
5329 0.5969693451851982 0.0175738118404774 0
5330 0.9637088587233483 0.5598080589284237 0
5331 0.6635900629418535 0.2040640904048979 0
5332 0.1745972846421385 0.07273407009121285 0
5333 0.6443023683099469 0.6045658529584297 0
5334 0.3918577201839499 0.3980867577624604 0
5335 0.5316401951058464 0.4916122220934144 0
5336 0.7787933021008556 0.2841832880377929 0
5337 0.9113395430522943 0.04674283737265633 0
5338 0.720822958083966 0.4815397927322119 0
5339 0.3287617609951792 0.3970934972189317 0
5340 0.2373158622498033 0.2310399179809773 0
5341 0.98885323267478 0.5910791759683686 0
5342 0.965487288713505 0.6036384045010703 0
5343 0.658706333733281 0.5356308750402643 0
5344 0.1104776887559552 0.03936423866505634 0
5345 0.1640367242120168 0.4205566250719471 0
5346 0.318731685829262 0.5872313161594637 0
5347 0.6668561588971749 0.6716718884637547 0
5348 0.5949006129139977 0.3671344210202774 0
5349 0.432247127192428 0.1472668266029309 0
5350 0.5253598672274279 0.02616359378064903 0
5351 0.6803438806544759 0.7324417232764093 0
5352 0.2966812794911461 0.1376916814398704 0
5353 0.2650239305817852 0.4176398655673054 0
5354 0.5356894925858406 0.9728568499904735 0
5355 0.8382747978066485 0.07176343457498757 0
5356 0.8205050950586867 0.3636309146357898 0
5357 0.4957059095422382 0.7160490921456752 0
5358 0.3126639526409875 0.4435999594137089 0
5359 0.3399316996876161 0.9859247234012961 0
5360 0.5190816216395554 0.8502752451177866 0
5361 0.891693371330486 0.5115986307950393 0
5362 0.8202394170780606 0.9543474187118877 0
5363 0.839320447203746 0.1128706310471894 0
5364 0.407764693355025 0.8634384488357737 0
5365 0.3869709874770401 0.8030002150853155 0
5366 0.3136105974775074 0.2186276948456338 0
5367 0.143637577517724 0.1936630854927979 0
5368 0.7274464296779721 0.7967561207906595 0
5369 0.8180200793487048 0.4787041951768158 0
5370 0.7411231283620915 0.6579948866964219 0
5371 0.9058253058675019 0.1524524106490093 0
5372 0.9420987845431665 0.122436419506455 0
5373 0.9115460990484237 0.01539978265288733 0
5374 0.8348088839437622 0.2192700002980301 0
5375 0.8819686102694765 0.1133366045331523 0
5376 0.2970565541721371 0.7225747775180584 0
5377 0.2273759906675333 0.3417923793818496 0
5378 0.3666710738510109 0.9435728643899147 0
5379 0.8295780829488519 0.3597529554254578 0
5380 0.7376061495839623 0.5960260446720341 0
5381 0.9908504482055834 0.1367993540197976 0
5382 0.2755731987071325 0.8986609864211322 0
5383 0.3474862078276473 0.5387699690900151 0
5384 0.5685809039897844 0.5645741390885766 0
5385 0.1675670755336234 0.8127988042693237 0
5386 0.3726535085162779 0.1187953844522176 0
5387 0.6583517940077117 0.9147181057080958 0
5388 0.2513758748904552 0.8171016744044928 0
5389 0.2658652869959314 0.5890675328359912 0
5390 0.1192453137872663 0.6454484638640546 0
5391 0.8517625803569073 0.3187640995665102 0
5392 0.04915059360925922 0.6225525817547267 0
5393 0.2515681280775751 0.7544985033760507 0
5394 0.3984725480141537 0.2023388079108159 0
5395 0.9665795013575676 0.755849106841862 0
5396 0.6197803596013682 0.6477459758511077 0
5397 0.6213244403234417 0.6773400134298219 0
5398 0.6027613810518402 0.6804000156811969 0
5399 0.5892614148106941 0.6943148172849352 0
5400 0.2663428564279628 0.5474613695314887 0
5401 0.7442750677472587 0.3027441912198141 0
5402 0.009705289853556565 0.3347083497489688 0
5403 0.1024760784457558 0.8597617326044766 0
5404 0.9218264868022359 0.7392831357248799 0
5405 0.005145263722685645 0.2014043364021644 0
5406 0.115682070892321 0.6913871191674086 0
5407 0.06499028709290472 0.2243789584104574 0
5408 0.4411197711754138 0.4243963479082949 0
5409 0.8314840236918877 0.9714413076647738 0
5410 0.2953487137431197 0.3281277644125518 0
5411 0.973250769984547 0.1136829652734133 0
5412 0.7632994335323446 0.1749922752190565 0
5413 0.1102357949691879 0.4332803574643234 0
5414 0.04580835273648981 0.8395150014964272 0
5415 0.8857706263643133 0.9278996233961807 0
5416 0.6743481683162894 0.5148003093802191 0
5417 0.3628969983806523 0.7820297322897565 0
5418 0.3595660405770824 0.7717625025440078 0
5419 0.9704083249405417 0.9633154565629298 0
5420 0.6798107306963873 0.6417887287566905 0
5421 0.01016845552435591 0.8951534674418897 0
5422 0.05354649759885449 0.8183378757508177 0
5423 0.3738098918455291 0.5888380795821413 0
5424 0.5125488540796869 0.318648464260566 0
5425 0.04499690146293955 0.01319605019588438 0
5426 0.8792638829479846 0.9107224101158999 0
5427 0.4209708882576123 0.3173725952138082 0
5428 0.06970027727976214 0.2522436809009291 0
5429 0.7814501259060016 0.6352902026474663 0
5430 0.9471702281627357 0.5247921742645846 0
5431 0.01215725221005637 0.1194968859059743 0
5432 0.9172798753016859 0.1995685758999567 0
5433 0.2892405158568326 0.04990974863115327 0
5434 0.1329417372661118 0.1257837445925625 0
5435 0.7045875879565263 0.06130871001985327 0
5436 0.4679801509923349 0.3252854182318216 0
5437 0.9790318462688952 0.3254972874596443 0
5438 0.2178573357937346 0.1184431920453181 0
5439 0.5726847941447994 0.8673929925378867 0
5440 0.4315451040892733 0.2017595170826402 0
5441 0.4707674699857461 0.5906363158554595 0
5442 0.009632722805121896 0.277952114183914 0
5443 0.7281872874814046 0.8102419068510412 0
5444 0.6715618418688101 0.5760575156674768 0
5445 0.03983562745175306 0.7729758492945947 0
5446 0.3213478682102036 0.7420589177953585 0
5447 0.5308167127347914 0.3282678128733311 0
5448 0.5238131236616501 0.2625339631534906 0
5449 0.7623619223402445 0.2410154782199342 0
5450 0.33770861210914 0.474355344269754 0
5451 0.1499807883584254 0.4232522694308876 0
5452 0.01766324093032468 0.3335054384473628 0
5453 0.5385459612754698 0.9198477894374383 0
5454 0.4782523148673789 0.6125517790371012 0
5455 0.07906382781687549 0.7527432154008997 0
5456 0.7895857474529949 0.2318969544194009 0
5457 0.8767395259389794 0.6425887247556503 0
5458 0.8758613521422458 0.65178052958938 0
5459 0.4216935368356366 0.4237312676493495 0
5460 0.375501707218592 0.3321307424411502 0
5461 0.7759174289282029 0.6694959549686197 0
5462 0.7671345538483929 0.5264056041312918 0
5463 0.767001548216149 0.4215446381067849 0
5464 0.7205061413530791 0.455134261919902 0
5465 0.8158079019734767 0.2935192578727436 0
5466 0.6921314809180541 0.1634243669437397 0
5467 0.8913662001563785 0.7742159127203114 0
5468 0.669358254072569 0.3266325972063563 0
5469 0.6474459303927218 0.0483906922221492 0
5470 0.8579867264756146 0.6895075158934924 0
5471 0.4154803973518522 0.7186838513421507 0
5472 0.7209832050396985 0.01673608633190721 0
5473 0.9240219676603816 0.6279818526655672 0
5474 0.6431881267840335 0.8611083841625756 0
5475 0.9413010958028374 0.5815782469830776 0
5476 0.8749564073008163 0.1657650800063636 0
5477 0.3260424802070858 0.0100056135048418 0
5478 0.2189379894841477 0.2233111922588774 0
5479 0.2868635606543266 0.4008930896170818 0
5480 0.8140334288420743 0.131505937888277 0
5481 0.2298596150687904 0.8211485868811407 0
5482 0.2598577384738883 0.8961270982334493 0
5483 0.5676410766427038 0.3261188790342724 0
5484 0.8571316463272692 0.6783792803323798 0
5485 0.5588977130982905 0.7922142525873049 0
5486 0.9834726663738846 0.7301858167231838 0
5487 0.08680613140256765 0.8576672751163483 0
5488 0.9885776352313043 0.3836996538765699 0
5489 0.6563961608313656 0.2129012357887803 0
5490 0.3073050190066038 0.7530144695852414 0
5491 0.7535576808757009 0.8169671438222754 0
5492 0.4054509666424022 0.663981732991428 0
5493 0.7027820230544306 0.7197674374987073 0
5494 0.6160530147384966 0.4571242866099053 0
5495 0.4855061838239397 0.5520968013661042 0
5496 0.5380292699714706 0.1435114467765234 0
5497 0.00785207785749592 0.1454058894327471 0
5498 0.1797441669961954 0.1013448237200079 0
5499 0.6125968258762111 0.2777674842631991 0
5500 0.3387502979977551 0.3702618716776076 0
5501 0.2382912939539892 0.4095308268631139 0
5502 0.7626044848140813 0.4736455191066217 0
5503 0.5716858131358443 0.1320911585579583 0
5504 0.1776611809339875 0.305565996717859 0
5505 0.1502404308671076 0.2056373265624871 0
5506 0.4335637027038907 0.1315240021259824 0
5507 0.6192819254884564 0.5537457296301334 0
5508 0.4792306719743368 0.8412090634435205 0
5509 0.4556402373309164 0.3921418812163102 0
5510 0.9078029312801159 0.7480543826891289 0
5511 0.6534218196972809 0.9711794775760261 0
5512 0.3955620205727162 0.7235768820859638 0
5513 0.0436670973908162 0.3552318673941893 0
5514 0.8908892680999092 0.9513510152485321 0
5515 0.5998592907754149 0.4355536172983174 0
5516 0.9224385489049368 0.9695740909697614 0
5517 0.7674609431845438 0.6690213163514094 0
5518 0.2186995850347111 0.9697086565489752 0
5519 0.8703391820018367 0.5819458816536456 0
5520 0.5610973658724758 0.9273594492619077 0
5521 0.9634863111079023 0.2541371703484069 0
5522 0.6914484988302896 0.3357199569536528 0
5523 0.1347055128205777 0.7014304263806574 0
5524 0.0129079715253248 0.04914581596432643 0
5525 0.2863025124463276 0.2024552081444598 0
5526 0.6258509310311213 0.08940133259556288 0
5527 0.1766883333610884 0.7704599991392023 0
5528 0.3986949655363056 0.7479258018861334 0
5529 0.4358820180442214 0.8938108454656641 0
5530 0.07270490142752217 0.1144098488471231 0
5531 0.2875592403515815 0.7134633419414427 0
5532 0.4055963023333891 0.7919124786852998 0
5533 0.1945479615440078 0.5502073699153384 0
5534 0.6507959294000337 0.6691471671332758 0
5535 0.3336607325547185 0.1813291264594015 0
5536 0.05789306600093935 0.3247088047146107 0
5537 0.9277319942513904 0.3375671189696055 0
5538 0.6452317246820867 0.218232244172245 0
5539 0.985608135639009 0.6482020866618612 0
5540 0.3696111153802043 0.8017153614624628 0
5541 0.6422237270111252 0.09744608176395309 0
5542 0.7948396544034607 0.3153946186378508 0
5543 0.1568809413025228 0.1441026379477762 0
5544 0.331397002516453 0.4071516354916206 0
5545 0.4361565880020303 0.2529270317773756 0
5546 0.5369972069227422 0.03023547724726489 0
5547 0.8402001174491238 0.99217808988954 0
5548 0.7689998923845759 0.2240456394872687 0
5549 0.7414388404943034 0.9137430268792243 0
5550 0.7883238201331229 0.7432225658962458 0
5551 0.4000945322947454 0.5789196251108855 0
5552 0.09487183793506859 0.6629548327903183 0
5553 0.5038780868993176 0.5538259392109389 0
5554 0.4886770583502517 0.1067827971593864 0
5555 0.7822880420136542 0.2301352582323208 0
5556 0.9702696180291281 0.8475721945752945 0
5557 0.1629240639654982 0.6417878959123391 0
5558 0.1550308930174435 0.9390642950058969 0
5559 0.6762653326404666 0.4025504532359028 0
5560 0.6568131089186209 0.4075096162494634 0
5561 0.4166688213040252 0.6078491369255155 0
5562 0.1209439155158342 0.1429895231770846 0
5563 0.7372741537425207 0.4134949702427148 0
5564 0.2813659634041522 0.634609864696082 0
5565 0.06672884266094159 0.1249588785152114 0
5566 0.1019910714883754 0.359350448851267 0
5567 0.5222103444214453 0.8138039877767045 0
5568 0.8289900206772154 0.4544944058753924 0
5569 0.4055496189362714 0.2893769492122061 0
5570 0.9307457147317937 0.7151622097126724 0
5571 0.8461114826233951 0.04147993597801397 0
5572 0.1356980512841808 0.8147357108499599 0
5573 0.2068072131984987 0.7781567958512856 0
5574 0.6005049627740877 0.6182024999623463 0
5575 0.6311732405093804 0.2949612506635425 0
5576 0.9443885669881655 0.08873673350854627 0
5577 0.4099104217178475 0.2442737052138735 0
5578 0.2106613110554827 0.1134655980394366 0
5579 0.1826720851594512 0.5128769281903595 0
5580 0.7960071242393163 0.2990570938223872 0
5581 0.9684076266890989 0.6227898165262956 0
5582 0.9842479638262545 0.4716167691616707 0
5583 0.1483800579273934 0.7410127828614107 0
5584 0.2658414631228321 0.04063199290190456 0
5585 0.01402045228470722 0.6271528132497151 0
5586 0.7274942636585342 0.3929986162696569 0
5587 0.4868101678018797 0.07020188752945183 0
5588 0.7547243106380886 0.9682578080890583 0
5589 0.9303245739645398 0.2841248464873157 0
5590 0.8351446685276828 0.841075482654782 0
5591 0.07159263601391552 0.05312221428030039 0
5592 0.6796043102193333 0.5048732578034578 0
5593 0.4458158074009935 0.1724471267962904 0
5594 0.1470728940347924 0.2537666454511652 0
5595 0.5412970352228006 0.6083663213177332 0
5596 0.8106384318827942 0.618971966255158 0
5597 0.9008658880286413 0.2059172592193603 0
5598 0.8965016759340412 0.9360168598336727 0
5599 0.9295826840126233 0.7351918722946937 0
5600 0.9396941502820992 0.1718437113277331 0
5601 0.2447701333257715 0.4947416118292839 0
5602 0.8697076959943897 0.396067757233268 0
5603 0.5633389239726622 0.3094045821712413 0
5604 0.608226809910056 0.1955531775915175 0
5605 0.6346741067916011 0.9560801762831522 0
5606 0.257459553301305 0.5757790220796868 0
5607 0.4769140232500049 0.2181908186444865 0
5608 0.8526486631264716 0.9589756101709409 0
5609 0.8440738517730809 0.428509613443449 0
5610 0.6918210459227295 0.6325388405127408 0
5611 0.9243408744321963 0.0320583706712857 0
5612 0.9866115416929501 0.6665654819831556 0
5613 0.06044354770168797 0.2888963410164824 0
5614 0.42694162305608 0.05018573501328549 0
5615 0.1443154173818309 0.5257376650301812 0
5616 0.3166812058231202 0.3480013379173831 0
5617 0.0568420753506193 0.9710629415359264 0
5618 0.7864873462312929 0.6282477104974424 0
5619 0.7151239639568173 0.9208015748299285 0
5620 0.5475163741731554 0.774960543367454 0
5621 0.8093001790674414 0.7220225188844981 0
5622 0.7314398131042474 0.1693013041212394 0
5623 0.6550002587971802 0.8193958252692428 0
5624 0.934320056905684 0.1784543888088956 0
5625 0.6178901318796703 0.7070746202323699 0
5626 0.3663712232479027 0.0290979851905212 0
5627 0.07660160241647995 0.7341951437259843 0
5628 0.8856509504366286 0.3934151857284034 0
5629 0.3000959120712227 0.5281115947691619 0
5630 0.7946049510970363 0.3643264447411056 0
5631 0.2552613339769717 0.08073424120954564 0
5632 0.08570431654910748 0.970731828898497 0
5633 0.06198518458232477 0.6748825974494161 0
5634 0.2725808773072489 0.9753778049676787 0
5635 0.3440277972891438 0.23925270301469 0
5636 0.7136113373807429 0.8843217142269382 0
5637 0.8118329557195036 0.2724481685596386 0
5638 0.3532727930711318 0.203790273377617 0
5639 0.1699230962493535 0.3295034367592567 0
5640 0.6641324383307383 0.146405457301814 0
5641 0.3658003869497843 0.4362782505347781 0
5642 0.9491847549116679 0.2764589064934166 0
5643 0.2358814942988737 0.9814252357725941 0
5644 0.3533319339876579 0.7497706317861687 0
5645 0.8726726562416076 0.06876997326361928 0
5646 0.2723068137082414 0.924691035402504 0
5647 0.5345786601563232 0.6961401935508912 0
5648 0.9673039278550609 0.4656427441886359 0
5649 0.04241596234419986 0.3468122040112521 0
5650 0.335953810438221 0.1541663436730702 0
5651 0.3509199221037181 0.1515273372435327 0
5652 0.3988126869627304 0.1310351660065501 0
5653 0.873648683172404 0.7356024884447429 0
5654 0.459787152707487 0.8382234157974612 0
5655 0.2020895346265861 0.4825251781368255 0
5656 0.5694824855643118 0.9829599313500805 0
5657 0.7048077874466954 0.359940524239904 0
5658 0.9526846972325506 0.552006224232151 0
5659 0.1419224822669056 0.2440689929001154 0
5660 0.1235568694661614 0.2837413912973511 0
5661 0.01563599565604717 0.6469341260543713 0
5662 0.3545353700170328 0.7947169413587101 0
5663 0.7626225075850271 0.5501460450370919 0
5664 0.1440932926702903 0.9598598494737826 0
5665 0.7768051534626801 0.04833976728887429 0
5666 0.7903725757257394 0.03202069009229386 0
5667 0.6555784795031302 0.1280167054754863 0
5668 0.01708725877545225 0.8009078453646877 0
5669 0.6579639732405937 0.1358125306347329 0
5670 0.7408471880368172 0.5320760570100878 0
5671 0.882976591421486 0.8725414636743778 0
5672 0.102387882762518 0.9111479346849836 0
5673 0.8991143249087319 0.317839434714502 0
5674 0.2099518684433585 0.6625674356834512 0
5675 0.7742271885860621 0.8701806063271769 0
5676 0.9906842248589347 0.3218550349775872 0
5677 0.1807045739331119 0.1542604410264658 0
5678 0.8347152925215719 0.01592189743675987 0
5679 0.8429281070978638 0.006982081992416844 0
5680 0.3010376623097558 0.6759610955867373 0
5681 0.460485443829023 0.3118677117102239 0
5682 0.9552861844851346 0.5891746004813617 0
5683 0.9700553937350274 0.07838402496289976 0
5684 0.6499150468650978 0.8377146706150709 0
5685 0.8434944589134616 0.361973018999487 0
5686 0.8360407186233145 0.6675758861697684 0
5687 0.005721492319105015 0.8778387026903995 0
5688 0.1317161020874256 0.3407255305402974 0
5689 0.3009837990889837 0.2040634110028847 0
5690 0.4236394728660149 0.8956462096716853 0
5691 0.9331227255584689 0.1603495674836884 0
5692 0.3271556250651615 0.6028064348639489 0
5693 0.9699255086901929 0.9474976417436292 0
5694 0.9242572069218598 0.5098783168870106 0
5695 0.2103239160352733 0.3473773708005897 0
5696 0.8047240571345088 0.09970374650461727 0
5697 0.5326752340081026 0.5207301114501149 0
5698 0.2352677668631089 0.7509711637470018 0
5699 0.9535023417946187 0.107415416186151 0
5700 0.4027229049985323 0.9911701258505086 0
5701 0.9263624899495455 0.3957775794389768 0
5702 0.8149784051218959 0.5030809963038192 0
5703 0.5663864046492738 0.7432587184154572 0
5704 0.7370879961549547 0.7066677909944883 0
5705 0.9692148897229818 0.9220415979025558 0
5706 0.877040460952337 0.2328760231584833 0
5707 0.294400632792939 0.586960713805353 0
5708 0.3642157549293628 0.3287229596598182 0
5709 0.2273125768942102 0.838244479191946 0
5710 0.9365730786726276 0.6177991059392778 0
5711 0.6853790655374139 0.8236325915126741 0
5712 0.4141099753046064 0.2044387581055871 0
5713 0.4313940970618516 0.6517830242755811 0
5714 0.07472855207529411 0.8471301175959464 0
5715 0.6795674834289325 0.456996090418149 0
5716 0.02865639443624407 0.07883065767080322 0
5717 0.5659387161167611 0.6737839762543442 0
5718 0.003173635775313266 0.4001036821041312 0
5719 0.5952130801468992 0.987322132050637 0
5720 0.7653309919934497 0.01467820616597204 0
5721 0.02166886164304493 0.4407028072635285 0
5722 0.9304554384132688 0.4299558371656664 0
5723 0.1773989395161926 0.05438445916731927 0
5724 0.03589310928803585 0.4426381733862679 0
5725 0.1934492104307981 0.5906476532111152 0
5726 0.7832019082308967 0.01481586322727679 0
5727 0.1371267630978457 0.4947013925604223 0
5728 0.2773524729213576 0.7141597113299963 0
5729 0.4124069501665051 0.3186284814516514 0
5730 0.2459380315538092 0.4634091891226834 0
5731 0.6316570073169601 0.9020130686633656 0
5732 0.993235527702503 0.879417663493694 0
5733 0.2946169574567717 0.5065633812089222 0
5734 0.198982731063951 0.4965160365932067 0
5735 0.5317702762381781 0.5327180860145271 0
5736 0.4723742315793329 0.6741165881760246 0
5737 0.3600454200382179 0.8322789967052776 0
5738 0.004843441344260679 0.5228291403796732 0
5739 0.8231343226793439 0.4390353881399811 0
5740 0.722670435699116 0.1077359629787497 0
5741 0.2066869354610484 0.7129898694267531 0
5742 0.6297083677934303 0.4961580643650595 0
5743 0.2107321315460454 0.009269910141749382 0
5744 0.8125920788197901 0.969449839531898 0
5745 0.0832821223354468 0.2284136072344381 0
5746 0.9940142319600873 0.06857546200434789 0
5747 0.9620359255942151 0.6760651444601928 0
5748 0.9858150565788457 0.01424699438313248 0
5749 0.8070895143903323 0.1786850961306116 0
5750 0.3104985965811607 0.9216232377332628 0
5751 0.8996852711174749 0.7601703160330309 0
5752 0.7254936611163629 0.6062762340715642 0
5753 0.8782077052594786 0.5235735648113301 0
5754 0.06243562621663323 0.6178542204853968 0
5755 0.5623501789728735 0.2816752801350821 0
5756 0.3292148685608809 0.8026237564381715 0
5757 0.3529771982103462 0.376438695849959 0
5758 0.8331973686366888 0.08702761028475087 0
5759 0.4722472600838342 0.9941732677081256 0
5760 0.8571674167099383 0.3733408124228714 0
5761 0.5399214147133217 0.3983021904153241 0
5762 0.1393894070161417 0.6219979331616267 0
5763 0.131672949370071 0.8496495769903295 0
5764 0.2883209836045112 0.2666030576875767 0
5765 0.2809575344717995 0.3095712853414904 0
5766 0.6662734740749308 0.770980509293687 0
5767 0.1091016599884059 0.9819091863438708 0
5768 0.2603702007081673 0.5841422819270214 0
5769 0.5118486017582994 0.4195869979380007 0
5770 0.6050311791918699 0.8063124577137859 0
5771 0.4711274267853027 0.7743036089147731 0
5772 0.6991494420954216 0.4693391076497037 0
5773 0.5396838405512163 0.08003204534029396 0
5774 0.7029223554933168 0.9036525728884632 0
5775 0.347668790074972 0.8560811850590765 0
5776 0.1675354758312129 0.5140872175745052 0
5777 0.7981397763496634 0.128157707068007 0
5778 0.01162633505547017 0.5649670559583518 0
5779 0.6477548708344307 0.2519522464829503 0
5780 0.5122785576913013 0.634557267244736 0
5781 0.09561596863014121 0.9724365362425329 0
5782 0.7122555973211897 0.541056989657815 0
5783 0.9394782482638236 0.8554564839027283 0
5784 0.1561346816136796 0.7527475774304545 0
5785 0.4669976944674378 0.56099850696917 0
5786 0.1763040789321572 0.5254425684681231 0
5787 0.2199925224823286 0.06110831931989896 0
5788 0.567080421301045 0.08277699503011937 0
5789 0.1581351250126423 0.4358534616360155 0
5790 0.7615194295110534 0.9116869178526871 0
5791 0.2558979675016718 0.6518501718439549 0
5792 0.8886915902484517 0.2640449111841001 0
5793 0.6039267802508264 0.2391163684468937 0
5794 0.4146351298540489 0.6388467806540293 0
5795 0.6108644016542488 0.9888159394261871 0
5796 0.3937440341076235 0.9918743877478348 0
5797 0.6057741871614415 0.05090125072732782 0
5798 0.3377701853782561 0.7983343531233045 0
5799 0.3244174744915285 0.9883746525666013 0
5800 0.9187713618919493 0.2952081506479831 0
5801 0.7683667085548962 0.6472396028380876 0
5802 0.6853904365471738 0.5657147214752327 0
5803 0.1268206090860948 0.1395068709003656 0
5804 0.1961197897775789 0.1749669868997543 0
5805 0.4072424233442166 0.8832648767116937 0
5806 0.8139352791607761 0.8058393972962832 0
5807 0.6885984125065403 0.9304242181103211 0
5808 0.9869677711938303 0.9871278605568681 0
5809 0.1550303073903621 0.2156892496272426 0
5810 0.1478503217008788 0.9070075039859788 0
5811 0.2115666300930914 0.9560081502588411 0
5812 0.1539286810551634 0.005281948309090012 0
5813 0.3266614584492458 0.6813055531171526 0
5814 0.8588863988035336 0.04544637448261929 0
5815 0.1129657861797969 0.7973028664993993 0
5816 0.7707854694785967 0.5419486890423532 0
5817 0.2240461400495938 0.7750683508700535 0
5818 0.8327557453815504 0.1279852819280817 0
5819 0.4803380166572533 0.4359847103651945 0
5820 0.1062975506956001 0.4421125248806169 0
5821 0.604480140039332 0.1838334845904566 0
5822 0.02853924714676359 0.6776651995116143 0
5823 0.07056425788531179 0.6451191434654451 0
5824 0.3219557156503416 0.0724746482297437 0
5825 0.7137799291745502 0.1637870491054357 0
5826 0.1408143946151121 0.936699132275418 0
5827 0.7653912686025179 0.09071020355207093 0
5828 0.522276100274023 0.9791365969292116 0
5829 0.7973468159648009 0.6835125377103169 0
5830 0.06492364551357566 0.6330141681331402 0
5831 0.749327552388776 0.2209562950071196 0
5832 0.2384644396456265 0.009985291329783152 0
5833 0.1903713490475982 0.8285948107369228 0
5834 0.3631080785509755 0.5790296799631286 0
5835 0.4588245409451896 0.2082334214317424 0
5836 0.7018218052627458 0.08801525530752885 0
5837 0.7248959654502451 0.98524430472012 0
5838 0.6392209560264692 0.1737200888591435 0
5839 0.2586284052938203 0.3516752413000571 0
5840 0.6069289905885269 0.3896269769343002 0
5841 0.1437157275045572 0.2732590212085094 0
5842 0.6802372250197321 0.7663403895426096 0
5843 0.8764094245398092 0.4577054769001506 0
5844 0.9619435468032015 0.8722884247644411 0
5845 0.9351914256726966 0.1413075773734573 0
5846 0.5353146537601591 0.7372921667924118 0
5847 0.9424973912759513 0.4477216523219171 0
5848 0.08398038070365937 0.8023954560889498 0
5849 0.2358291914491152 0.6717039112883498 0
5850 0.1453056665678786 0.1433714423397742 0
5851 0.1436584734469952 0.06812823429749049 0
5852 0.8054205493079387 0.7033170435478022 0
5853 0.2512977615594243 0.3650443904144083 0
5854 0.9611385384521108 0.02797954088412796 0
5855 0.0112500029329381 0.01244481757567839 0
5856 0.8753035999808172 0.322358169806884 0
5857 0.7985284976055909 0.2235785059796181 0
5858 0.4763200510581706 0.7133883136374135 0
5859 0.4796232237898944 0.7033749097248368 0
5860 0.6793251199504053 0.3862939642007793 0
5861 0.01253840245874066 0.1520922854545336 0
5862 0.9562933333780294 0.9692403541122347 0
5863 0.4555332641198662 0.988313283222862 0
5864 0.3639672238203387 0.3836239090142744 0
5865 0.6733557783402028 0.9749123892530825 0
5866 0.4239786657063727 0.8426681621660035 0
5867 0.5240061998074138 0.7027640439007476 0
5868 0.01040768610265175 0.9536026036223522 0
5869 0.306051437160166 0.1517696719776188 0
5870 0.9594665894048992 0.5746477824261549 0
5871 0.5019307701586635 0.4141095267959779 0
5872 0.782795226440561 0.775671711921986 0
5873 0.6569122105924768 0.09896133250739958 0
5874 0.373785335105139 0.2315649598708658 0
5875 0.469208731802836 0.458854677613947 0
5876 0.6754333566793742 0.02986752773462764 0
5877 0.553241803245239 0.1404421411528949 0
5878 0.5508659524458263 0.8802353257386968 0
5879 0.560889075187887 0.3847129044686631 0
5880 0.8842083586593534 0.05045368376154852 0
5881 0.16020885562501 0.4588538275496334 0
5882 0.7528782769785574 0.312962217681298 0
5883 0.5535121577447247 0.6543861951651346 0
5884 0.6265062094936601 0.2380532130598058 0
5885 0.8382625695969202 0.8195896005180852 0
5886 0.5781466309034784 0.0535220176088127 0
5887 0.4900400993994676 0.7776645712487298 0
5888 0.4620984615862228 0.5706472346169285 0
5889 0.5056232449184254 0.3087624507491906 0
5890 0.07762532486139118 0.368990750018704 0
5891 0.6391440235667027 0.7582168980077899 0
5892 0.3095014153759129 0.7340296239588187 0
5893 0.3204964379366113 0.1771022780111682 0
5894 0.6509035790656013 0.8139665588756886 0
5895 0.2818844277450251 0.9132481125524673 0
5896 0.8563591867532845 0.4384423959574371 0
5897 0.495414961406361 0.08222432384413103 0
5898 0.01125554585303445 0.9879697491476949 0
5899 0.1615746197898393 0.3390964114439732 0
5900 0.2338514647519321 0.06889943583851649 0
5901 0.7179557500995239 0.8616962326468811 0
5902 0.9914202637293591 0.8229477613016949 0
5903 0.3218439700433035 0.5747742457308613 0
5904 0.1730331544314526 0.08728696117623497 0
5905 0.4801189638616109 0.9917455130883339 0
5906 0.1360125967738022 0.3557309440503132 0
5907 0.6068908187745101 0.06674986587847537 0
5908 0.617726341386584 0.6176779829889947 0
5909 0.790736982607239 0.56381476872847 0
5910 0.8916189593802227 0.4064919950497703 0
5911 0.163140139747626 0.2730034931288051 0
5912 0.6679898986350998 0.9064244713747885 0
5913 0.8212427897852073 0.1803275884774436 0
5914 0.2703992378593306 0.7481887033285547 0
5915 0.03849136766668843 0.1890189256168555 0
5916 0.07602851733985827 0.5107354510399499 0
5917 0.6115869052767398 0.08819063960657419 0
5918 0.5146391144487115 0.1619494320652636 0
5919 0.8624393108726532 0.1644301276271409 0
5920 0.321677289649086 0.3646679207274335 0
5921 0.8561027994494825 0.584632408081909 0
5922 0.8269015480579972 0.9360402403298317 0
5923 0.5331141776721338 0.8063122516131304 0
5924 0.2109802969888604 0.4287809319070435 0
5925 0.9627885387369435 0.4374950043511325 0
5926 0.8837420968809235 0.2483647404736671 0
5927 0.85028104501007 0.3656685825280656 0
5928 0.0456865973229777 0.09060295600401402 0
5929 0.9955001005482199 0.4804785614652363 0
5930 0.4566814739037087 0.7748137815182394 0
5931 0.2391254004062159 0.1881444075487266 0
5932 0.3579611716159574 0.6424352551695798 0
5933 0.8702145547519758 0.7265463967956656 0
5934 0.4481820152542386 0.306010343040682 0
5935 0.4699730671430858 0.4961096948687728 0
5936 0.9401857820620521 0.7852827678885748 0
5937 0.709390422329337 0.3932388055913833 0
5938 0.9459624804766711 0.882436646360844 0
5939 0.06990554374442426 0.6550182631932198 0
5940 0.5299294945160092 0.9950704005882767 0
5941 0.3858889634891872 0.5293197616497264 0
5942 0.8899510182279815 0.4794995778292423 0
5943 0.4652518080283609 0.9481822690698206 0
5944 0.969577750783592 0.7401039874779113 0
5945 0.4184691345490288 0.8004903264134504 0
5946 0.127102240790924 0.7854516642076216 0
5947 0.07463837611166912 0.09826840421894373 0
5948 0.4368271810136647 0.6386577412718515 0
5949 0.4293061550756433 0.7887989799733524 0
5950 0.2950794047228555 0.6312025601490225 0
5951 0.2288207387838593 0.6879070211269663 0
5952 0.360067485392096 0.8459579984843095 0
5953 0.05602363664826893 0.8477969559410109 0
5954 0.3631850979653605 0.2616489664478163 0
5955 0.9942431525660317 0.2728442186541372 0
5956 0.6036081221687434 0.8936647060077407 0
5957 0.6051167803916918 0.8754170500903993 0
5958 0.6232789158225123 0.8687874658818051 0
5959 0.05849798146566254 0.08966830546864873 0
5960 0.931370274046216 0.6885321417862889 0
5961 0.5778624995207915 0.555052793792232 0
5962 0.5588425062678712 0.05447630490948918 0
5963 0.8347339568005625 0.5836444701985072 0
5964 0.6927498655304879 0.3197109614144775 0
5965 0.2849314824664386 0.2513593055656218 0
5966 0.7406015832879583 0.5193044014987007 0
5967 0.446809305139206 0.865839425178886 0
5968 0.2255003934136382 0.4060849773409704 0
5969 0.1848622441882875 0.9016379748155902 0
5970 0.4539314622089693 0.03087971146727808 0
5971 0.9687317388121912 0.7738595019275155 0
5972 0.3255658335038314 0.3338445922811213 0
5973 0.9848594530965322 0.1260238427232511 0
5974 0.3645561892433494 0.5401068443243908 0
5975 0.781903787776818 0.5573822492761386 0
5976 0.6894163120227484 0.9770945936530485 0
5977 0.1759879929228727 0.7277248274211691 0
5978 0.1242131706806062 0.1123025621978425 0
5979 0.06478205425928552 0.8706779333911092 0
5980 0.0745880970592725 0.4975708754801061 0
5981 0.02901721959718212 0.614813883180648 0
5982 0.9517804422765516 0.5381769528517703 0
5983 0.3263606017549384 0.2828835745137399 0
5984 0.3238362123435408 0.476606088699818 0
5985 0.8628085611130405 0.4086025315942652 0
5986 0.8933278724590011 0.5617948383930803 0
5987 0.2749018040565837 0.2426925495139216 0
5988 0.1253491022873756 0.01126875655103809 0
5989 0.6395638628332856 0.1868657194618601 0
5990 0.6269219962638799 0.1890810103358428 0
5991 0.6145563411576972 0.1864089942709881 0
5992 0.6382463701032574 0.1968126227688196 0
5993 0.1774712269748764 0.1222587191737175 0
5994 0.1882589440932719 0.1316718275629292 0
5995 0.1721846884332738 0.1354639005702499 0
5996 0.1656440333454625 0.1253736799016825 0
5997 0.1899025256052199 0.1219001006593095 0
5998 0.01699631900761197 0.2004926640517399 0
5999 0.01047225023048751 0.2050002524263911 0
6000 0.0298217772971484 0.2135754249507934 0
6001 0.01751147066516233 0.2114788497152091 0
6002 0.02838552503362106 0.2020527397365635 0
6003 0.5205208013914209 0.2800343911164313 0
6004 0.5066531760416049 0.2813180774170828 0
6005 0.5368056798234733 0.2918902098238175 0
6006 0.5238723750650894 0.2917275558108318 0
6007 0.4964066099013782 0.2901383323718553 0
6008 0.5357808610245726 0.2811786698185514 0
6009 0.5089064724166009 0.2928340654527437 0
6010 0.1700170267731342 0.6760683313857655 0
6011 0.1911586382335978 0.7042733367355168 0
6012 0.1887718053444762 0.6868810936137408 0
6013 0.1829765384392758 0.6967647887100873 0
6014 0.172339746099271 0.6872047424824178 0
6015 0.1804977965505964 0.6767352555096788 0
6016 0.195161444076298 0.6964155596502818 0
6017 0.4679395212251656 0.1070680450698706 0
6018 0.4421267917757353 0.09134741919050413 0
6019 0.4526819038053078 0.1034175418770008 0
6020 0.454311922251784 0.09169415501415952 0
6021 0.4673043892339484 0.09479970471268639 0
6022 0.4428920005566018 0.1001372618121335 0
6023 0.6586990363698686 0.474508046063092 0
6024 0.6394670448931618 0.4825463477639907 0
6025 0.6552980129325193 0.4850547012478847 0
6026 0.6668117754341122 0.4796264884845905 0
6027 0.6456293059645061 0.4708817830577944 0
6028 0.6671153999781539 0.4880815490944361 0
6029 0.601427457937364 0.6341704178472855 0
6030 0.5411825727115258 0.6226548538051249 0
6031 0.5819784600969992 0.6390613900563393 0
6032 0.5564438500740516 0.6344176708530651 0
6033 0.5904649753908495 0.6297925122654978 0
6034 0.5711150912193828 0.6270906412776516 0
6035 0.5435224322438786 0.6321651367184712 0
6036 0.554619072759747 0.622750630718232 0
6037 0.5934212011349349 0.637796847701479 0
6038 0.6949836742052801 0.5078169923975718 0
6039 0.6911570135739087 0.5419732727641856 0
6040 0.6970823869483738 0.5315905490676871 0
6041 0.7146846288574409 0.5033688099121529 0
6042 0.7047499749122624 0.5151658164751997 0
6043 0.7041009772078254 0.4987660801306343 0
6044 0.6909360096472966 0.5211094026600459 0
6045 0.1923169339467582 0.2090393886068912 0
6046 0.1285783203952177 0.1511043563152292 0
6047 0.158268376297654 0.1797032654179347 0
6048 0.1829692049876507 0.1898635336778483 0
6049 0.1954459373618866 0.1986346876535035 0
6050 0.1365931406882344 0.1585229669624535 0
6051 0.1493554632718413 0.1684263425721479 0
6052 0.1663017755944493 0.1904128213333395 0
6053 0.1799572176410916 0.2018795822310233 0
6054 0.1712873194246784 0.1787437538280495 0
6055 0.3993700341552801 0.2197682398202604 0
6056 0.5049575393372928 0.2448191695045537 0
6057 0.4111291779671797 0.225724787676244 0
6058 0.4898897000965911 0.2429933772906657 0
6059 0.4278451344808234 0.2287272446303817 0
6060 0.4443932609276764 0.2325345681356109 0
6061 0.4572012792301093 0.2384004264377196 0
6062 0.4718084941578167 0.2394395489437547 0
6063 0.3995234979814551 0.2278485852347798 0
6064 0.3809705694170282 0.6232161502481945 0
6065 0.4160233046057557 0.6211657480491568 0
6066 0.3682683552663097 0.634180065835809 0
6067 0.3997531417449354 0.6314736420284185 0
6068 0.4049934353881037 0.6207005706759022 0
6069 0.3850936312028529 0.6344793263179431 0
6070 0.4088708059812957 0.6288342586058168 0
6071 0.3935488981521477 0.6209712603345992 0
6072 0.346972452265402 0.682416864091016 0
6073 0.4545236774811617 0.703059049908434 0
6074 0.3600010931134768 0.6844131195406867 0
6075 0.4377351700825831 0.6994462598703589 0
6076 0.387163182169845 0.6923336560711341 0
6077 0.4012569283670233 0.6930240820990713 0
6078 0.3752368445848079 0.6877683523620154 0
6079 0.4199074932860297 0.6964839562988925 0
6080 0.5809664911317822 0.5985712949506671 0
6081 0.4725509437808559 0.5751712528545955 0
6082 0.5625885091339734 0.5871203071487263 0
6083 0.4861582121027865 0.5764407046518841 0
6084 0.5313284734548077 0.5876573402208146 0
6085 0.5023350630266569 0.5791589046495637 0
6086 0.5175130941133492 0.5824561289423166 0
6087 0.5784056549513397 0.5882232355708691 0
6088 0.5461446518212791 0.5869550937831532 0
6089 0.5669510079348606 0.5990243079647025 0
6090 0.4901036995141215 0.2100590940383239 0
6091 0.6018953849433034 0.2098894357171829 0
6092 0.5850917986349631 0.2103646914588797 0
6093 0.506099924622981 0.2075834999796337 0
6094 0.5646677054971645 0.2099534751641806 0
6095 0.5447490480440701 0.2081617180364547 0
6096 0.5257157011934951 0.2073271712473836 0
6097 0.4939965147754348 0.1979360249324134 0
6098 0.5953314706357521 0.2219056482360847 0
6099 0.05434666918218638 0.3501605144803456 0
6100 0.1479219890820161 0.2913383524922393 0
6101 0.06700991309167603 0.3430273676714884 0
6102 0.1386841283114174 0.3022417520365529 0
6103 0.08454701081881814 0.3369928704766587 0
6104 0.103145263125834 0.3244961755219767 0
6105 0.1206765269511418 0.3131724714316422 0
6106 0.1528004926790114 0.2994972543155613 0
6107 0.06333235573886239 0.3567940219630581 0
6108 0.07428294365830934 0.352114248658498 0
6109 0.340871677749166 0.2747834660687451 0
6110 0.3297130305666137 0.2612905886316984 0
6111 0.3205327252970199 0.2486959245149351 0
6112 0.3121538950677661 0.2437700393858359 0
6113 0.3473570276295161 0.2636272458269112 0
6114 0.3392607962045444 0.2544787763713861 0
6115 0.6506407684495713 0.1471116956549794 0
6116 0.537504060929895 0.1629033339947435 0
6117 0.6307262605829655 0.1564982416099838 0
6118 0.554336654414621 0.1625983930964669 0
6119 0.6109477512264665 0.1573422520388714 0
6120 0.5931924221085096 0.1593290050995699 0
6121 0.5737842844422696 0.1624344643277827 0
6122 0.6445661073279603 0.1565556070867287 0
6123 0.5425997737637515 0.1725976576929635 0
6124 0.6384154180928105 0.1463099928657908 0
6125 0.4201137716912403 0.5952913845673444 0
6126 0.4476220118413026 0.5949118628773626 0
6127 0.4332357424634018 0.5966670656450336 0
6128 0.4411960453978916 0.5851614437916094 0
6129 0.4292322140950969 0.5881816528417521 0
6130 0.5452197600516617 0.5209474029874617 0
6131 0.6286642196482444 0.5313262538905473 0
6132 0.6172665501143001 0.5322354864797065 0
6133 0.5614777408495881 0.5336652249342635 0
6134 0.5960048270946258 0.5264209006419128 0
6135 0.5759664928557491 0.5273124191838774 0
6136 0.5476269774713994 0.5306734763019324 0
6137 0.6198593161260973 0.5252790580572783 0
6138 0.608725904305523 0.5246993178792047 0
6139 0.5588059939101206 0.5214477819347093 0
6140 0.9064575181378054 0.5527281620661 0
6141 0.9172264838219235 0.5532930745776862 0
6142 0.9203954266296196 0.5393991911583517 0
6143 0.9087064947091665 0.5393407601948097 0
6144 0.4710298397518393 0.1498482433314044 0
6145 0.4560899282510319 0.1654964448559787 0
6146 0.4681791405166822 0.1289947688645098 0
6147 0.4632056675777455 0.1396703172882934 0
6148 0.4562365928905109 0.1531100555592055 0
6149 0.4768656551829018 0.1353847714771255 0
6150 0.4632002808187904 0.1614131921284969 0
6151 0.4552822619529424 0.5619597939162357 0
6152 0.370085249751314 0.5523658151296987 0
6153 0.3915810990027708 0.5589341357013479 0
6154 0.4383863695708251 0.5492110507301234 0
6155 0.4022222099712082 0.54958519344164 0
6156 0.4209929060943422 0.5553844697609266 0
6157 0.3804305753199505 0.5558092922224049 0
6158 0.4526784690605205 0.5520506661829492 0
6159 0.389230802978868 0.5483252936689821 0
6160 0.3787605431757781 0.5481696874730424 0
6161 0.4033151215305738 0.5618957736031768 0
6162 0.4405561407265788 0.5626286463613919 0
6163 0.2615164987412126 0.2652111296950141 0
6164 0.1601994674755415 0.233446812630176 0
6165 0.2003156718498534 0.2413520672878098 0
6166 0.174033990102182 0.2447694962285184 0
6167 0.2487240188982265 0.261396162978494 0
6168 0.2315814404865397 0.2566224332964772 0
6169 0.1569388593457464 0.2451359159041195 0
6170 0.210986696466119 0.2508324272726207 0
6171 0.188027005291462 0.2381452804562553 0
6172 0.1925361003979776 0.2519292079584721 0
6173 0.4332110880977789 0.2821824466374815 0
6174 0.3556417808958738 0.241814888105197 0
6175 0.3657548648927965 0.2464606557489402 0
6176 0.4199004867009676 0.2735337139868317 0
6177 0.4038662670259631 0.2637415086350537 0
6178 0.388124446992763 0.2560486134929527 0
6179 0.4340339228574613 0.2718652613618148 0
6180 0.3772963824778003 0.2493844486342563 0
6181 0.8392263702601804 0.3848308438310217 0
6182 0.8153337399966079 0.3788210114038532 0
6183 0.8294831465444962 0.3786465417591391 0
6184 0.8391773936613159 0.3727866621749535 0
6185 0.8219983817364664 0.3812722259092924 0
6186 0.8218340557651311 0.3755576223011924 0
6187 0.1011515079245632 0.5708909838653276 0
6188 0.01392953512644974 0.5791797308988792 0
6189 0.02622749299397688 0.578944867690782 0
6190 0.08625577371666272 0.5724144590176271 0
6191 0.0676907944938972 0.5733889360688041 0
6192 0.04947835311342969 0.5748662353351016 0
6193 0.9951691616025803 0.5732532566234214 0
6194 0.1417360035663791 0.5578357808780462 0
6195 0.08970188677977148 0.6520360173725082 0
6196 0.1339537305161149 0.5723678942919832 0
6197 0.09635927450065876 0.6344371902370491 0
6198 0.104176555416891 0.6210523402280987 0
6199 0.1155173606847708 0.6058324114769151 0
6200 0.1256636723284362 0.589419209865772 0
6201 0.1486666278956352 0.5692245539395182 0
6202 0.09063984307648328 0.6434743890656355 0
6203 0.1380887696225876 0.6654854450945372 0
6204 0.1374304187184566 0.6877645872901871 0
6205 0.1275958504944199 0.6659414944012507 0
6206 0.1434531050732974 0.6775658189467831 0
6207 0.1319851683994565 0.654689391530129 0
6208 0.1308160052129581 0.6774785866726125 0
6209 0.3788372536128052 0.7314500012303965 0
6210 0.2907139980461662 0.6925898715041582 0
6211 0.3105346739402747 0.6990252400309374 0
6212 0.2834807957743427 0.687912702591905 0
6213 0.3628298775263715 0.7313706588942478 0
6214 0.3303291935494922 0.7093672025715831 0
6215 0.3496035510061805 0.7184394413364545 0
6216 0.3213394361173505 0.7006451153055459 0
6217 0.3723247362996867 0.7397416107792114 0
6218 0.367452999045926 0.7193118540689785 0
6219 0.3005052076555836 0.7016867095503392 0
6220 0.4157226456641865 0.7368393388414826 0
6221 0.5296505183474426 0.7534584551178142 0
6222 0.4334587947593017 0.7501741379230592 0
6223 0.5098130705198889 0.7465035914059386 0
6224 0.4490735790107412 0.7444923570945914 0
6225 0.4709878541450593 0.7461551564937658 0
6226 0.4911446213533257 0.7471211798159463 0
6227 0.4183699848271128 0.747409231706193 0
6228 0.5228559284780533 0.7442984022705695 0
6229 0.4306570235908999 0.7367380273809657 0
6230 0.5122932691578339 0.1195399135073388 0
6231 0.5098413656213368 0.1333569365842323 0
6232 0.5312047876960566 0.1122441411229657 0
6233 0.5101911993548169 0.1484091238130476 0
6234 0.5227755938219324 0.1246209072067982 0
6235 0.5206835661909507 0.1076229180529647 0
6236 0.5186193355955784 0.1396160766966592 0
6237 0.1213948780395913 0.2549739912725998 0
6238 0.1069846915516485 0.2589799416959696 0
6239 0.1165358127711172 0.2683832001179772 0
6240 0.09340881985482222 0.2746063349142174 0
6241 0.1371274603841947 0.2603055094039907 0
6242 0.1037402132530668 0.2715535767617253 0
6243 0.1278556123462765 0.2637111306500981 0
6244 0.09479292520064507 0.2652544360001086 0
6245 0.1325751291024463 0.2533898992554047 0
6246 0.3660489566910874 0.4607710446799096 0
6247 0.4725443434035262 0.4457026745562813 0
6248 0.379363656594947 0.455209531455934 0
6249 0.4413396306340976 0.4499251091245955 0
6250 0.3996644395223974 0.4536715147523831 0
6251 0.4622025193511812 0.4476252435145321 0
6252 0.4147619795730562 0.4547394266700255 0
6253 0.3663559967053823 0.450803578166507 0
6254 0.4275107403420736 0.4512076216210634 0
6255 0.4516482324043947 0.450739641113401 0
6256 0.974076557333989 0.2440212905236842 0
6257 0.992401834961998 0.2592472403764184 0
6258 0.9859988809421038 0.245074379918439 0
6259 0.9951748567223797 0.2447278087935446 0
6260 0.9823946091929308 0.2532681002768674 0
6261 0.01738513745162052 0.2663402924533192 0
6262 0.01188533504326911 0.2475968923971889 0
6263 0.05707469979249459 0.2685256067842539 0
6264 0.03013426017751834 0.2687753743054003 0
6265 0.06988459009124932 0.2719580065449365 0
6266 0.02436903019022747 0.2562524914364048 0
6267 0.04112975647903198 0.2613132297775033 0
6268 0.007669655045176783 0.2592472403764184 0
6269 0.04090318120501973 0.2722297016052683 0
6270 0.518444677198993 0.5214839732712689 0
6271 0.406746262214031 0.5087354138318053 0
6272 0.4270519423827795 0.5168310833389249 0
6273 0.5022542216510527 0.523267103748094 0
6274 0.4457889311894585 0.5178586802804244 0
6275 0.4640933186602207 0.5201949357916222 0
6276 0.5145804540120582 0.5335780138934916 0
6277 0.4828559893704004 0.5229707022750342 0
6278 0.4126222922929297 0.5180647355467135 0
6279 0.4187947794964335 0.5073999622761063 0
6280 0.2281158748320941 0.3921299186930057 0
6281 0.2581061932448494 0.3914704363339048 0
6282 0.2419262955092818 0.3938691102908224 0
6283 0.2486308265709299 0.3821061649496054 0
6284 0.2218044130791852 0.3830289219809145 0
6285 0.234746105475713 0.3825872914189486 0
6286 0.2604434925467423 0.3819436680123955 0
6287 0.5399465381969744 0.6757858809346415 0
6288 0.5055531899170516 0.696874378922591 0
6289 0.5219704402524091 0.67562421592328 0
6290 0.5035760700604912 0.6844236025361026 0
6291 0.4968138527699694 0.6954275330407446 0
6292 0.532970123795673 0.6691207249653528 0
6293 0.5289641263133181 0.684282070336789 0
6294 0.5165684095054407 0.6910228058381155 0
6295 0.08903269158801369 0.1219219448531146 0
6296 0.1288628439854826 0.2248058702198331 0
6297 0.1222245021564853 0.2104506510462821 0
6298 0.08558664761105127 0.1439187963961399 0
6299 0.1065403554817191 0.1743852232546486 0
6300 0.08072821466598634 0.1295781095036422 0
6301 0.1145755105929683 0.1933183048751398 0
6302 0.09771753645410224 0.1546951158664598 0
6303 0.09582351789653136 0.1348852214474606 0
6304 0.2309119127887797 0.3069244912921671 0
6305 0.1902098104359662 0.2790662968667849 0
6306 0.2147425326104667 0.2871195653331135 0
6307 0.2011035106724543 0.2856051523945555 0
6308 0.2126522569912273 0.2995404390924083 0
6309 0.1792091356536675 0.2805723813220233 0
6310 0.2263035893527537 0.2941662046770245 0
6311 0.1883847848903681 0.2886925696702508 0
6312 0.2381218661314943 0.300048287320732 0
6313 0.4240220760823439 0.3369008091826097 0
6314 0.5240710093773369 0.3823249473574517 0
6315 0.4387793222077508 0.3446974439012607 0
6316 0.5108111327501766 0.3732144304476886 0
6317 0.5267355929675834 0.3701262763955175 0
6318 0.4591745039604317 0.3531984970642577 0
6319 0.4759887554449539 0.3590634495395334 0
6320 0.4936905939264128 0.3647268063011603 0
6321 0.4226529624745941 0.3480733881477934 0
6322 0.2494668061192621 0.6170168362909726 0
6323 0.2985996456517933 0.6054375212247138 0
6324 0.2802680111535812 0.6142895713313955 0
6325 0.2630048663478117 0.6139377421779698 0
6326 0.2877537430095689 0.6016971739437812 0
6327 0.2928290309507171 0.6139398206463319 0
6328 0.2750538735737188 0.6040764689418 0
6329 0.2692752912454561 0.174706768444506 0
6330 0.312426152897958 0.1890502764998754 0
6331 0.2789774037888708 0.1818068026844261 0
6332 0.3015621630822642 0.1870017028927605 0
6333 0.2664182479665672 0.1824469790541798 0
6334 0.4118402626906252 0.1637652320946739 0
6335 0.4291944786372566 0.1650411639865655 0
6336 0.3996004557273244 0.1748112392984882 0
6337 0.4161507196015349 0.1760936327854691 0
6338 0.3969605197441181 0.1643479527951113 0
6339 0.5934177293093198 0.2700237076469938 0
6340 0.5804361696725455 0.2569622880956371 0
6341 0.5793869662283779 0.2831244293547288 0
6342 0.5811272000482668 0.2699502371796641 0
6343 0.590545206885009 0.2813681967499105 0
6344 0.5910683327062453 0.2574617814074039 0
6345 0.6484413262835929 0.6365211541102794 0
6346 0.7300287282122931 0.5609666811011018 0
6347 0.6583123267976275 0.6249709628989175 0
6348 0.72187563398646 0.5729464028789112 0
6349 0.6905789419994223 0.5990539226577786 0
6350 0.6749169537729671 0.6121419003127725 0
6351 0.7353516406674847 0.5688957818987055 0
6352 0.705898874244962 0.5862834904810418 0
6353 0.6441841146420603 0.6279908883412563 0
6354 0.2381140862853927 0.1397068794147135 0
6355 0.2365017109336403 0.1546337105380327 0
6356 0.2491522920473246 0.1437792593846841 0
6357 0.2495766562131967 0.1321757268772277 0
6358 0.228523489096252 0.1447747758974477 0
6359 0.5133015501954885 0.01224116835586031 0
6360 0.4962050427112544 0.01639102340947354 0
6361 0.4907755720028317 0.006337871814038589 0
6362 0.5067824093249617 0.02122535896995149 0
6363 0.2634314689472249 0.3088664848600381 0
6364 0.3137442280228983 0.390399789922029 0
6365 0.3203181207505024 0.3972872672500941 0
6366 0.3015510260232721 0.3737748807546712 0
6367 0.2661389797047227 0.3222126955153952 0
6368 0.2773563028658156 0.3386572273950227 0
6369 0.2869960617888484 0.3528338295947375 0
6370 0.2550221443966726 0.3129674105620975 0
6371 0.293086860144178 0.3647195830642651 0
6372 0.3537350081306539 0.3441238671660053 0
6373 0.4466202372401764 0.3947307219564301 0
6374 0.3615602238330394 0.3599546447303371 0
6375 0.4324669959520648 0.3915805241795942 0
6376 0.4156085856094731 0.3825270713813044 0
6377 0.3795478353634839 0.3632214786903776 0
6378 0.3986956938625631 0.3734221559747244 0
6379 0.3471449125884756 0.354349863220482 0
6380 0.3686659677898503 0.3494955034980243 0
6381 0.1291645329733565 0.385632565366114 0
6382 0.128267978455737 0.4350617774997113 0
6383 0.1165625406966019 0.3988757674168529 0
6384 0.1205685941954611 0.4110170031177245 0
6385 0.1259643456133647 0.4232128649504542 0
6386 0.1180092560990859 0.3873594154389067 0
6387 0.1286042454555812 0.3995916141134387 0
6388 0.4705382826333214 0.4800191725524469 0
6389 0.3862724031527309 0.4805159845847864 0
6390 0.4565142948871419 0.4767728248597045 0
6391 0.4384319827775062 0.4774340554443118 0
6392 0.4127660678171364 0.4788627541763429 0
6393 0.4666937441807018 0.4717232992379224 0
6394 0.3986634036994744 0.4800311425906796 0
6395 0.3183043425263877 0.7648853469584215 0
6396 0.32925024382708 0.7848095296462722 0
6397 0.3186096492599493 0.7778940411755184 0
6398 0.330549122414008 0.7686432526593699 0
6399 0.3200661697123195 0.790768330482265 0
6400 0.3244171664884384 0.7556765618971474 0
6401 0.7214155555628949 0.3293288825100901 0
6402 0.7907264850651788 0.4154714395530855 0
6403 0.7685739127297903 0.4005211301271363 0
6404 0.7782499872229246 0.4098977383914468 0
6405 0.7291649592170957 0.3435619730844597 0
6406 0.7565655342206892 0.3753826955802642 0
6407 0.7429171528755948 0.3608941321108797 0
6408 0.7140421812963106 0.3381345503692515 0
6409 0.7879333263607609 0.4003760925089035 0
6410 0.7590180885604884 0.3897132850339103 0
6411 0.7734425515337766 0.3867118581767692 0
6412 0.3262318752832621 0.04329625635278042 0
6413 0.2485007241295645 0.005508551463398771 0
6414 0.2889262481545529 0.01599224568857593 0
6415 0.3119267744948381 0.0313995375729621 0
6416 0.3289875377555584 0.03036435078702552 0
6417 0.2721804617320351 0.01192640217031416 0
6418 0.2963649145309362 0.02782956694407973 0
6419 0.3021385572354731 0.0173745712160479 0
6420 0.257350271867392 0.009031382459503802 0
6421 0.6324573303380578 0.2632769506815103 0
6422 0.7297576238846355 0.309154952942079 0
6423 0.7183745170269137 0.3033210842610045 0
6424 0.6447156445595112 0.2704541863779819 0
6425 0.6711426691632395 0.286106626315024 0
6426 0.631376113499162 0.272576338073389 0
6427 0.6596323892776813 0.2789302327286263 0
6428 0.7017166597705404 0.2963269483877992 0
6429 0.6842162140365401 0.2882326555853945 0
6430 0.0944086377463596 0.5425222860860672 0
6431 0.005680832298946503 0.5341661130833875 0
6432 0.02622904852379217 0.5525119910054181 0
6433 0.009811831512125675 0.5467835540125676 0
6434 0.07789552993186361 0.5421962617832736 0
6435 0.0589739664840204 0.5412329380843819 0
6436 0.01997630187691743 0.5370787087158719 0
6437 0.03987124486617094 0.5388930025938743 0
6438 0.09015329050520965 0.5327213423785944 0
6439 0.989518146543357 0.54373520456921 0
6440 0.3455969788077176 0.4170803709959727 0
6441 0.3620161784681142 0.4020503199473112 0
6442 0.364455614269267 0.4202431490786818 0
6443 0.3789638046376018 0.4016128209058314 0
6444 0.344853915611358 0.4327472122656603 0
6445 0.3711361521082427 0.4105638510188256 0
6446 0.3548641830712823 0.4109271021534587 0
6447 0.3528251410317516 0.4244380934272297 0
6448 0.37048120032055 0.397713659021697 0
6449 0.3406121821723991 0.4246507243547413 0
6450 0.5855706214097356 0.4362549448591653 0
6451 0.5276637250952098 0.4146228419422935 0
6452 0.555284187243442 0.4276478192061606 0
6453 0.5731585000500377 0.4293926829498264 0
6454 0.5391040751359844 0.4118858841482908 0
6455 0.5637715983914399 0.4363020241304922 0
6456 0.5745431079103603 0.4391520911492408 0
6457 0.5516593126966471 0.4146526261285525 0
6458 0.5386881074237161 0.4225794135462645 0
6459 0.8599794045697462 0.3338254217150135 0
6460 0.8336923470922292 0.3436601203625968 0
6461 0.8455559941003024 0.3466854054454359 0
6462 0.8737495129544119 0.3469073711035029 0
6463 0.8601252034167817 0.3446865826812187 0
6464 0.8730317364559618 0.3367559904065367 0
6465 0.8466748526973505 0.3363786371942762 0
6466 0.2210844254275696 0.7229460814809563 0
6467 0.2672475233333024 0.7338683473055434 0
6468 0.2380394296868146 0.7318589706845616 0
6469 0.2510739120247997 0.7234102893473315 0
6470 0.2647149511254913 0.7246519128029127 0
6471 0.235597842266426 0.720893406631399 0
6472 0.2540454455233885 0.7340897888233793 0
6473 0.2258852732387246 0.7319577318035729 0
6474 0.7071080289245982 0.7518317113463159 0
6475 0.7231322008094633 0.7376424340342138 0
6476 0.7129259400294566 0.7330021677290443 0
6477 0.6889529981492266 0.7466830714379792 0
6478 0.6957729120423565 0.7560052156815095 0
6479 0.7018313191538966 0.7425826941697692 0
6480 0.7154301211853231 0.7458885915154088 0
6481 0.730082529153554 0.7319213769673355 0
6482 0.2572563893593041 0.2113507748681506 0
6483 0.2730301791114134 0.2253374673742499 0
6484 0.2446096696830005 0.2186581186225656 0
6485 0.2575819630346076 0.2223448015900035 0
6486 0.2698676184464726 0.212794292703287 0
6487 0.2475114804780369 0.2095013899280376 0
6488 0.6507073689277775 0.06346652008967771 0
6489 0.6663315151642607 0.05828400396391369 0
6490 0.6406807737193165 0.08331307381103195 0
6491 0.6776444466458563 0.06094979902257477 0
6492 0.6528985914717312 0.0764301117924388 0
6493 0.6673025385277401 0.07019027219256249 0
6494 0.6376627646260706 0.07309538307046462 0
6495 0.5064296659980569 0.4463123070322861 0
6496 0.6099154893609343 0.4767628483045584 0
6497 0.521369736220259 0.4529131744351367 0
6498 0.5374982065938819 0.4618466026870532 0
6499 0.5113040780647496 0.4597216968430481 0
6500 0.5584995208678595 0.4671955433687488 0
6501 0.5809476224377479 0.4724782443303113 0
6502 0.5960461572903101 0.4813063185644451 0
6503 0.524100807626062 0.464431191867121 0
6504 0.498401144330321 0.454957901393788 0
6505 0.6074737655335132 0.486873083378576 0
6506 0.5991292324275806 0.4695925281606099 0
6507 0.5560220212895677 0.3537903610449235 0
6508 0.5842760144550432 0.3542137510258198 0
6509 0.5708139561550322 0.3564271287484627 0
6510 0.5755853045765339 0.3468081140891026 0
6511 0.5626493623096767 0.3437567197323234 0
6512 0.3727054600431278 0.7695087709801002 0
6513 0.3850150341569691 0.7695087709801002 0
6514 0.4060002319352772 0.7707876461822084 0
6515 0.4164474641457721 0.770840247606034 0
6516 0.6714765977526065 0.6991053945371745 0
6517 0.7552626645054379 0.6688130534812946 0
6518 0.693270348711768 0.7029139158352817 0
6519 0.74326069813518 0.6784077438258728 0
6520 0.7206555749467076 0.6818708666516116 0
6521 0.6790577014346619 0.7073592443958273 0
6522 0.7033854907114133 0.6907677932900316 0
6523 0.7444285949602458 0.6693546674984521 0
6524 0.6842837348708134 0.6924518877147845 0
6525 0.7323958875629945 0.6742969849984556 0
6526 0.04538730045846509 0.1624705601309273 0
6527 0.01937545383796525 0.1370017678654334 0
6528 0.0364441179913883 0.1442577991499404 0
6529 0.06134905091129484 0.1583392299607348 0
6530 0.04825774961161822 0.1505326933222621 0
6531 0.02532270485446853 0.1466188405640335 0
6532 0.05577366949285219 0.1695619508013525 0
6533 0.03510236413616845 0.1544448661181112 0
6534 0.2952140992826368 0.2979953194320002 0
6535 0.4034879196714343 0.30650875229403 0
6536 0.3891987830975346 0.30650875229403 0
6537 0.3089502789809582 0.3082860297406992 0
6538 0.3270556930094028 0.3040101068447579 0
6539 0.2945105625835802 0.3100563226183929 0
6540 0.3494638975547956 0.3051554296927432 0
6541 0.3698052432946753 0.3056035994020975 0
6542 0.3102401868942979 0.2958470087346298 0
6543 0.5970246801132647 0.3091629341265198 0
6544 0.6115892382966756 0.31826176551727 0
6545 0.5995091170961574 0.3219540152044446 0
6546 0.620606337377927 0.3139207713300262 0
6547 0.5906424379613671 0.3199618085714324 0
6548 0.6120205596317327 0.3087692779310288 0
6549 0.6603063218268349 0.2285713430329917 0
6550 0.7601801902338099 0.274813746260458 0
6551 0.6734595459498692 0.238599048457844 0
6552 0.7457752633213088 0.2732041577377569 0
6553 0.6912232384244763 0.2486902017686676 0
6554 0.6577537101724893 0.2409039988253792 0
6555 0.7081284675068713 0.2569006178838932 0
6556 0.7266171983912829 0.2649237811050455 0
6557 0.7558632050300489 0.2834207988544065 0
6558 0.31475449663874 0.6585578890453505 0
6559 0.3330957980714229 0.6415541091719003 0
6560 0.3130357912852126 0.6467695110206448 0
6561 0.3258751016282823 0.6535796225829785 0
6562 0.3480702706926798 0.6475393473732858 0
6563 0.3029496229448518 0.6563986261182663 0
6564 0.3377761018233227 0.6527460353232153 0
6565 0.3228669749618903 0.641934478728406 0
6566 0.3426162624927315 0.6400108303859308 0
6567 0.2939633189374698 0.8071798962020917 0
6568 0.2849148166963654 0.7500230399210591 0
6569 0.2872066970640342 0.7760357714332058 0
6570 0.2849378822946635 0.7406811924972772 0
6571 0.2928682092098667 0.7930561099688566 0
6572 0.2849898436506197 0.7627432489591153 0
6573 0.281369395837528 0.8036843327403621 0
6574 0.393456189872324 0.8391816256499456 0
6575 0.3796209248870923 0.824765315150042 0
6576 0.393586903499366 0.8222952667157895 0
6577 0.4014125204100364 0.8313583630514996 0
6578 0.3831100566233116 0.8164140196573456 0
6579 0.523870964827054 0.05354139929356058 0
6580 0.4770095628254811 0.04692529103961843 0
6581 0.4942331474887064 0.04803202051095776 0
6582 0.5112221085996373 0.04422466686930595 0
6583 0.525409237069402 0.04161621306905924 0
6584 0.510116151703082 0.05542015452509097 0
6585 0.1988867574157427 0.3693506941738309 0
6586 0.1854364707257762 0.3556019923223439 0
6587 0.1985407701276426 0.3579127082453028 0
6588 0.2086907842758524 0.3672756946692747 0
6589 0.1867599139945786 0.3669111174970328 0
6590 0.8724322747487027 0.1949953616712469 0
6591 0.85906999665739 0.1861441025739164 0
6592 0.8404900896714137 0.1832390045516145 0
6593 0.8294252302925091 0.181067144110671 0
6594 0.8738446644247313 0.1835957010750605 0
6595 0.3196078347792322 0.5045391889563896 0
6596 0.315527393481359 0.5187536474798188 0
6597 0.328589030625801 0.5131104565821839 0
6598 0.3087511659269195 0.5084584804559865 0
6599 0.3306265927296089 0.5029380589809914 0
6600 0.6173566279534525 0.3505863045670651 0
6601 0.6810198032102099 0.348636872458584 0
6602 0.6595861475346998 0.3587966297898111 0
6603 0.6321671534700509 0.3516619301444511 0
6604 0.6728453745716051 0.3558301527042134 0
6605 0.620873586570394 0.3617803225925602 0
6606 0.6504852583854727 0.3482345940659522 0
6607 0.6668725511120376 0.3468417073771201 0
6608 0.1352858469130039 0.7928048276009264 0
6609 0.1539445938820662 0.8115989058220825 0
6610 0.1456805369423545 0.8029478456000759 0
6611 0.6717890038482578 0.8065302460948904 0
6612 0.5751060812151644 0.758628521778808 0
6613 0.6591306384326114 0.7996661491861446 0
6614 0.5915880809261079 0.7587168559980267 0
6615 0.6051412630811053 0.7724635761052212 0
6616 0.6245855395782901 0.7822655149616822 0
6617 0.6420685434193506 0.7909959251854544 0
6618 0.5821653185478346 0.7497113643428591 0
6619 0.5867438495286946 0.7712140288664004 0
6620 0.2278880974358787 0.08737438126515644 0
6621 0.2043852467462104 0.06978297833851185 0
6622 0.2102673224632091 0.08019787256567996 0
6623 0.2233064523804167 0.1045796444376763 0
6624 0.2186514203648714 0.09271958495891101 0
6625 0.2214203899944135 0.08043491243188648 0
6626 0.2320592232718101 0.09845534960202082 0
6627 0.2145444875313766 0.07289810610912482 0
6628 0.2320860217771283 0.4294460505026629 0
6629 0.2434488407145274 0.4444108829872078 0
6630 0.2510120771123683 0.4338331603493792 0
6631 0.2399302166237879 0.4226386160581687 0
6632 0.2564764233553162 0.4443642696470487 0
6633 0.2318817065488455 0.4207435498336381 0
6634 0.2521751238236378 0.4520902173155321 0
6635 0.1105770152261038 0.7809980641327791 0
6636 0.08075694913874049 0.6750296087238823 0
6637 0.08808673257439598 0.7202605614246308 0
6638 0.1115479348045754 0.7588612437938858 0
6639 0.08408440342624061 0.6873016568559771 0
6640 0.1040486762147753 0.7403686986958715 0
6641 0.1183093618723603 0.7735052716403357 0
6642 0.08851996150207761 0.7058694315946783 0
6643 0.09248538442061138 0.7307403344474264 0
6644 0.1040909087576728 0.7695300306865349 0
6645 0.101912136538897 0.721699102007637 0
6646 0.819093587386916 0.7601094302222907 0
6647 0.8175627802120986 0.7751503196841655 0
6648 0.8084918595923803 0.7681973095035677 0
6649 0.827875050104071 0.7672467945589045 0
6650 0.05522392127531826 0.1166279472066935 0
6651 0.04496723800580778 0.1041868034010848 0
6652 0.0434694983456277 0.1188743106574618 0
6653 0.05712993677151403 0.1033035042931007 0
6654 0.6107742079950998 0.1105870036836841 0
6655 0.6320184033841325 0.1173152236072777 0
6656 0.6033547551753985 0.1219893620036114 0
6657 0.6161650532692198 0.1219992630442716 0
6658 0.6249498627914787 0.1069618719406838 0
6659 0.6008254271234938 0.1134929701196233 0
6660 0.8459493116828616 0.2795067372579436 0
6661 0.8578886439576141 0.2729299310749972 0
6662 0.8453060665168696 0.2665426791422997 0
6663 0.8687924212458712 0.2680257178654863 0
6664 0.8574000563625261 0.264680562541677 0
6665 0.9941183670007711 0.45170765960695 0
6666 0.9951509578312474 0.4580799892842601 0
6667 0.01933001566119379 0.4551390320476468 0
6668 0.04867903864871166 0.4737924668051564 0
6669 0.009055858348763213 0.4642091979043805 0
6670 0.03781716459678526 0.4627711062757237 0
6671 0.02318004291633236 0.4658577306103299 0
6672 0.009756233337292249 0.4532466897147202 0
6673 0.02947396055521709 0.4557933652295396 0
6674 0.03025513757905344 0.8818793005784682 0
6675 0.07670486952257503 0.8897473987198347 0
6676 0.06015975011028547 0.8886397519341993 0
6677 0.04341966960317444 0.8914634402476079 0
6678 0.02886589166219437 0.893906387353539 0
6679 0.04342377019032917 0.8800092600005157 0
6680 0.3420117326983609 0.8239717662251576 0
6681 0.3606035192040353 0.8126249686787103 0
6682 0.3466644587761178 0.8116678175632144 0
6683 0.3345708708071352 0.8148126116715413 0
6684 0.3525834005174105 0.8199632863209441 0
6685 0.3215176261614526 0.121460007645925 0
6686 0.3151849171128812 0.1036336869262777 0
6687 0.3118602252583058 0.1167294156298726 0
6688 0.3263920442603642 0.1131407013248559 0
6689 0.04348258870703796 0.4229313369492081 0
6690 0.122624050005933 0.5035328923755472 0
6691 0.06259892105634374 0.4345963735131025 0
6692 0.1048658455647109 0.493594855542158 0
6693 0.07281434430633929 0.4502702391156573 0
6694 0.08334129465521992 0.4643139106165741 0
6695 0.09579775213137906 0.4788662067567495 0
6696 0.112465261050938 0.5078001499767106 0
6697 0.05492165588579281 0.422537338790862 0
6698 0.0492234497070814 0.4330255246269064 0
6699 0.1162118611813275 0.4908521724374014 0
6700 0.3230433322052673 0.5533314005907364 0
6701 0.2664932437221414 0.5729242468679093 0
6702 0.2983620723003907 0.5654250428374009 0
6703 0.3100454430259117 0.5551788834574786 0
6704 0.2772206043932092 0.574722357606881 0
6705 0.2874504517903866 0.5714752757656014 0
6706 0.2892698058948809 0.5573110506877069 0
6707 0.2986718919598941 0.5532745458090619 0
6708 0.277139589990308 0.5651546155220141 0
6709 0.6925586913220341 0.6593485139299625 0
6710 0.7892811046845741 0.6072632242141479 0
6711 0.7059651536077042 0.6512119262084832 0
6712 0.7727330527139363 0.6058609982993919 0
6713 0.7594448674048216 0.6190277608424588 0
6714 0.7397892434153416 0.6299458567370114 0
6715 0.7224249041603791 0.6406555218089519 0
6716 0.7841052937464946 0.5971300776989651 0
6717 0.7775180100347006 0.6167678568682792 0
6718 0.4940378779148032 0.8656185854920296 0
6719 0.4441224335036253 0.8835252810005201 0
6720 0.4737302612463011 0.8811255090552225 0
6721 0.4981899275812601 0.8780185628147152 0
6722 0.4803071411848625 0.8688841739927196 0
6723 0.5081399780293793 0.8688288491295501 0
6724 0.4574205075095547 0.8803677284280954 0
6725 0.4848924027091348 0.8812128725417244 0
6726 0.4690687567383369 0.8708703207188997 0
6727 0.6751591479560386 0.190817330065892 0
6728 0.7845239630327088 0.2009376868739466 0
6729 0.6892684880636578 0.1877653325041898 0
6730 0.7717445408561896 0.1996799461531218 0
6731 0.7445117295368799 0.19253286976568 0
6732 0.7294257812855173 0.1925309430882537 0
6733 0.7575959288787448 0.1969070787347867 0
6734 0.7097303464922886 0.1900722841844735 0
6735 0.6758907857368389 0.1802828927727828 0
6736 0.2018580648247651 0.4126679471602142 0
6737 0.1465691240309318 0.3742699334870909 0
6738 0.1704145497571515 0.3956691872346617 0
6739 0.1856348303617174 0.4058876278867811 0
6740 0.1541193158633343 0.381270067403815 0
6741 0.1916321231263031 0.4193373638546084 0
6742 0.1612829490986377 0.3894294110916803 0
6743 0.9169315286760154 0.4348897878647909 0
6744 0.900900476414913 0.454439400489853 0
6745 0.9067565975126249 0.4402081045373782 0
6746 0.9065300839787962 0.4289407742829037 0
6747 0.9075277283978576 0.4491695845851424 0
6748 0.623779425047817 0.4384772338733002 0
6749 0.7291394436712152 0.4233733639418994 0
6750 0.6882679569342477 0.435357653343981 0
6751 0.6405540752564196 0.4375051215503721 0
6752 0.6615800449403589 0.4350633446732736 0
6753 0.7180800829468181 0.4263448433191688 0
6754 0.62885392201798 0.448259513639406 0
6755 0.6768200725139427 0.4403989956392542 0
6756 0.7018102306494604 0.4292750678105977 0
6757 0.676630215594364 0.4290268845371525 0
6758 0.07429956733110177 0.3891709978563271 0
6759 0.09646321185424894 0.4335158265276846 0
6760 0.08237836946181201 0.403011185635165 0
6761 0.09172173882524777 0.4188128877950361 0
6762 0.09140592578830517 0.3964990564384804 0
6763 0.09358776015520191 0.4065121316199742 0
6764 0.0856275987863169 0.387914152206895 0
6765 0.03813925037078736 0.6520317605326076 0
6766 0.05079501990416849 0.6393759909992265 0
6767 0.05090959230350053 0.6524756012888072 0
6768 0.0402031566276121 0.6411482595685399 0
6769 0.5335800620866437 0.7225373355733523 0
6770 0.6413170697385738 0.7325266576529125 0
6771 0.549840230530293 0.7210991945530993 0
6772 0.6004177763575177 0.7211008710201262 0
6773 0.537470119430868 0.710780250598821 0
6774 0.5697468338897862 0.7219451187891538 0
6775 0.6124594628614963 0.7253583386122425 0
6776 0.629334218478767 0.7301181234847709 0
6777 0.5874305072022571 0.7214802380529687 0
6778 0.9574728549983552 0.2907984509590671 0
6779 0.9208063429091607 0.3242363435519226 0
6780 0.9321017251073136 0.3183094281079492 0
6781 0.9454373669313126 0.2976743274256516 0
6782 0.9579779267460999 0.3022790992861073 0
6783 0.9476251835203928 0.310454576697491 0
6784 0.9291694096376042 0.3057423448044755 0
6785 0.9203493175014105 0.3142248936375673 0
6786 0.2979304554174131 0.4710221645955269 0
6787 0.2210344849643871 0.5584910973786923 0
6788 0.2825730711778671 0.4846720516755988 0
6789 0.2360955704236156 0.5450416895334312 0
6790 0.2696562716898316 0.5003135660558941 0
6791 0.2593085359780968 0.514874380022315 0
6792 0.2470440732882919 0.5302222326665187 0
6793 0.2871211999273336 0.472266465081807 0
6794 0.2314568986360613 0.5572913279392725 0
6795 0.4613915112221117 0.8246376033568685 0
6796 0.476462775059362 0.8071188188601927 0
6797 0.4776283457448176 0.8205170637958363 0
6798 0.4870607037972218 0.8108582352335942 0
6799 0.4691402457659077 0.8257767312155571 0
6800 0.4840857808148491 0.80028192351892 0
6801 0.4661809549090444 0.8151155598755112 0
6802 0.735449531950327 0.04447224755711723 0
6803 0.7295984699152913 0.06729237839738587 0
6804 0.725740408861363 0.05468771196504901 0
6805 0.7456104307450013 0.04908353763530629 0
6806 0.7440452765067677 0.0380835406366785 0
6807 0.7198893857837624 0.06747253743006824 0
6808 0.7383282371368999 0.05866619128820438 0
6809 0.7513375589645493 0.04186743824964367 0
6810 0.7459065067016727 0.4502792006442172 0
6811 0.7365532897118726 0.4606307151383383 0
6812 0.7307868039205215 0.4716834566315833 0
6813 0.7530215013833366 0.4627358937349399 0
6814 0.7641954162156556 0.4537339661297929 0
6815 0.7573591889812442 0.4456111354782954 0
6816 0.690472087029975 0.7847905599535107 0
6817 0.7128093236133964 0.8019701993882716 0
6818 0.6997989449769544 0.7973608770361503 0
6819 0.7009227521174616 0.7891921677371814 0
6820 0.6899553944890657 0.7937143916157071 0
6821 0.989075636440653 0.1672321034061198 0
6822 0.9921078583853717 0.1557375280134915 0
6823 0.0145832317683954 0.1762676899703728 0
6824 0.02426273067864446 0.1768779740699872 0
6825 0.01045366215449403 0.1649773010682815 0
6826 0.005482891286889998 0.1761270331645844 0
6827 0.2879416923355251 0.06733375488334895 0
6828 0.2764312535844605 0.1445072183176931 0
6829 0.2740284652313562 0.1544149630538113 0
6830 0.2779861743439987 0.08635207369575773 0
6831 0.2792537852842904 0.1214112879696041 0
6832 0.281216029602688 0.1029589662667354 0
6833 0.2780721040994989 0.07291526874345161 0
6834 0.2800498015052205 0.1337797277756391 0
6835 0.2885495970523803 0.07907548007413681 0
6836 0.6369872312317548 0.03242839482184295 0
6837 0.62531092455251 0.03899127601244693 0
6838 0.6128858326377975 0.04151864065908195 0
6839 0.6380885341239944 0.04100598273560439 0
6840 0.8180554295691399 0.601791885313513 0
6841 0.8350467332636614 0.6063446914168121 0
6842 0.8284151468379092 0.5971115015034604 0
6843 0.8247152478133487 0.6109197126459947 0
6844 0.1833329793696534 0.4654552542277037 0
6845 0.1688924107295298 0.4693266477082058 0
6846 0.161372307185211 0.4813764319844925 0
6847 0.1756225526461294 0.480353103241728 0
6848 0.1975944999511006 0.4702842771848229 0
6849 0.1886485286102767 0.4753112079685656 0
6850 0.157207208913247 0.4745239207207402 0
6851 0.1929129070852318 0.4634930695143742 0
6852 0.5672679880544834 0.008712512089354139 0
6853 0.5427914540240253 0.005909492610338846 0
6854 0.5543665267289003 0.01201510949311628 0
6855 0.5483250219323679 0.9931680843912137 0
6856 0.640612362836951 0.829102702599278 0
6857 0.5328806524802565 0.8443382668073429 0
6858 0.6250445614002245 0.8292758931152128 0
6859 0.5493337648154651 0.8411427302116399 0
6860 0.6042591655114897 0.8326211817502569 0
6861 0.6366060580329111 0.8198467545482806 0
6862 0.5868290669196432 0.8346640022001746 0
6863 0.5675131941775864 0.8383354367428373 0
6864 0.01346094761905511 0.09193475440558227 0
6865 0.008864920643526512 0.1030797225437091 0
6866 0.005441747670067551 0.08620153478004147 0
6867 0.7165949153093896 0.1309631704173215 0
6868 0.7970429389899009 0.1095165665916321 0
6869 0.7524380127756234 0.1177683710565151 0
6870 0.7261285641178238 0.1218259564123264 0
6871 0.7711827711237782 0.1208458464716134 0
6872 0.7379875611950619 0.1196409155852059 0
6873 0.7869014046447432 0.1131857478341553 0
6874 0.7592880109006834 0.1283023020750504 0
6875 0.7470828799851343 0.1302801077763051 0
6876 0.7316506580833749 0.1314977764223065 0
6877 0.222570570222662 0.4960395211799597 0
6878 0.2253762859175753 0.4724264884677893 0
6879 0.2165911000484353 0.4837818474706558 0
6880 0.2171871416372591 0.5054462434779746 0
6881 0.229315843290409 0.4861809761290261 0
6882 0.2132639895518791 0.4947262548902062 0
6883 0.2162979447877779 0.6350349976036717 0
6884 0.2507528174057106 0.5766443702028307 0
6885 0.2204713017409621 0.6208799418940183 0
6886 0.244229234839565 0.5842577014449244 0
6887 0.2307630251154217 0.6037298640843652 0
6888 0.2077097908798324 0.6295574036388167 0
6889 0.2362903688303477 0.5919623552148294 0
6890 0.04752513371572464 0.07410374849482487 0
6891 0.0590913950619668 0.06800827739877674 0
6892 0.05119187666551055 0.05569461492744991 0
6893 0.05577022323979189 0.07974017160751146 0
6894 0.04325831974535541 0.06245629510801059 0
6895 0.2215284842117445 0.03041399906453906 0
6896 0.1863479321078695 0.02540861633852031 0
6897 0.2265399783147822 0.04466339836108252 0
6898 0.2014967430467442 0.02424726661378599 0
6899 0.2089273270588648 0.03814756808494447 0
6900 0.2400989682430991 0.04503934302885824 0
6901 0.1956604763805512 0.03377600106433652 0
6902 0.2337491561617547 0.0375287913633193 0
6903 0.6952082009600641 0.1202998641137134 0
6904 0.6720673613655289 0.1373512305073582 0
6905 0.6830648739892906 0.1255589294958522 0
6906 0.6806244677312425 0.1365533945667258 0
6907 0.6721270687645967 0.1290352464491095 0
6908 0.1419953630549861 0.01195708810218659 0
6909 0.1634711437418736 0.06413037049621341 0
6910 0.1569506903775617 0.03435014389984276 0
6911 0.1562113453085596 0.05357743900403144 0
6912 0.1402338399532463 0.02219327735885869 0
6913 0.1621988350904057 0.04392708358175343 0
6914 0.1477202368392016 0.04213626414562104 0
6915 0.1651975326480441 0.0536369130882971 0
6916 0.1436538543278114 0.03174705228080371 0
6917 0.1495056509143484 0.02211923121458413 0
6918 0.8318448368883281 0.5728621278968919 0
6919 0.7785186077594993 0.5301841964558168 0
6920 0.7867745919215465 0.5357897843834203 0
6921 0.8224424318639917 0.5553191766922719 0
6922 0.8068595920640944 0.5476832109835227 0
6923 0.834909433366288 0.5628453888302508 0
6924 0.7947797169437256 0.5425131977898942 0
6925 0.823485540277511 0.567076414035821 0
6926 0.8613777788718634 0.3034071313357997 0
6927 0.8897558869700913 0.3072048224104978 0
6928 0.8737744510094615 0.308242426543885 0
6929 0.881579689567121 0.3001364976289136 0
6930 0.8704071705280273 0.29701006663148 0
6931 0.2747906740475878 0.8494061173405273 0
6932 0.3508216444581058 0.9330134109230803 0
6933 0.2864404515426787 0.8739077147009902 0
6934 0.3408985656434529 0.9124173872631887 0
6935 0.2762338668492442 0.8627633524232026 0
6936 0.3542495301603742 0.9220811381767459 0
6937 0.3102350088525209 0.8867863094597311 0
6938 0.3248050836039933 0.9004124487101905 0
6939 0.2958346644994714 0.8838801054121591 0
6940 0.3398073728735163 0.9259586830540067 0
6941 0.3009654628480202 0.8737119782963946 0
6942 0.7993050302444534 0.6348744409495364 0
6943 0.8644443568646318 0.648113025297849 0
6944 0.8422377663146585 0.6406547257741454 0
6945 0.8166510773658726 0.6471108966647616 0
6946 0.8016885458499623 0.6455661624109652 0
6947 0.8542602742220397 0.6443378572664196 0
6948 0.8134638073349969 0.6345442236913145 0
6949 0.8314220082896143 0.6486383737927 0
6950 0.8321737882635684 0.6356649692925855 0
6951 0.468997044092594 0.9093232192179198 0
6952 0.4411295386172729 0.9114735149191427 0
6953 0.5180528733225663 0.9204087336350281 0
6954 0.4894232908712792 0.9170884727432642 0
6955 0.4605262708910887 0.9195785627663942 0
6956 0.5072025882250457 0.9189374132349235 0
6957 0.4513314140183423 0.9143336760637789 0
6958 0.459242038762474 0.908432244762213 0
6959 0.4796748560866892 0.909551856573711 0
6960 0.4725991985751487 0.9211260036182699 0
6961 0.8562591445562472 0.4848183634602995 0
6962 0.8432446090624481 0.4817521153266434 0
6963 0.8545655203851239 0.5030749733631303 0
6964 0.8488438671449877 0.4935030747375382 0
6965 0.8630299707638018 0.4962712719693896 0
6966 0.8527144955853259 0.475395086974373 0
6967 0.7426418644867669 0.7604352891896988 0
6968 0.7807029183022355 0.6820077554611488 0
6969 0.7499216271463403 0.7453488712731851 0
6970 0.777505650366648 0.6963236594119704 0
6971 0.7688653436636232 0.7140387833769923 0
6972 0.7608352082064509 0.7331477640759277 0
6973 0.7543384063489459 0.7612086721608708 0
6974 0.7603097792502258 0.7503464689074487 0
6975 0.8728094430308816 0.0849931719996013 0
6976 0.8784580406074657 0.09938032210882153 0
6977 0.8636654982872674 0.09644940198684185 0
6978 0.8852876317231507 0.08983376357203654 0
6979 0.8618712025822129 0.08711714141211739 0
6980 0.2245192075973793 0.8728521159901371 0
6981 0.1149214296716764 0.8792246670213568 0
6982 0.2088942831120156 0.8733581428058039 0
6983 0.1291185717628835 0.8712621013303726 0
6984 0.1475839949592285 0.87634462755231 0
6985 0.1898034104903829 0.8745575424263023 0
6986 0.1697122251939064 0.8752477035175911 0
6987 0.1165113572861045 0.8683378374227769 0
6988 0.1312024394773816 0.8844016322838131 0
6989 0.8150807136715601 0.167982724049153 0
6990 0.8386545920019942 0.1561922987035919 0
6991 0.8272093110144683 0.1634634260757964 0
6992 0.8405596802620493 0.1647813105912469 0
6993 0.8202591984653544 0.6736632330512227 0
6994 0.8612439573569369 0.7748017110700134 0
6995 0.8244741709251511 0.6935219286433791 0
6996 0.8642695009137463 0.7589710510459627 0
6997 0.8527928899159894 0.7436883961638203 0
6998 0.8436522803527106 0.7266273696475368 0
6999 0.8736754342871421 0.7715775156993575 0
7000 0.8345281761504486 0.7092987375125596 0
7001 0.8158473244478968 0.6838422191216639 0
7002 0.8007006011069832 0.4648320267333353 0
7003 0.7861587211044557 0.451270900338733 0
7004 0.7872603598020941 0.4779107823805927 0
7005 0.7891622833160491 0.4645677167328956 0
7006 0.7971607992418516 0.452467278740447 0
7007 0.7987319153545765 0.4764952298547322 0
7008 0.9653164968746401 0.6589584525506524 0
7009 0.8690272312509835 0.6775572740208315 0
7010 0.9141262304847798 0.6747470177979283 0
7011 0.9386556599841156 0.6676749880638758 0
7012 0.8938698320716597 0.670998003712024 0
7013 0.9263204194135887 0.6743130669750478 0
7014 0.9548449232658175 0.6617184002695409 0
7015 0.9062080345193747 0.6639891208590055 0
7016 0.9190236042667687 0.6630124312854477 0
7017 0.8812106195670535 0.679516520305551 0
7018 0.08988735783808754 0.9469857889051817 0
7019 0.02618851090866584 0.9212249437087477 0
7020 0.01371516600094823 0.9151600463273806 0
7021 0.06864831378899129 0.9494156601241511 0
7022 0.03902981905894824 0.9279201488168283 0
7023 0.05811731710639026 0.9368655951551549 0
7024 0.08232217247074007 0.9551100218735756 0
7025 0.07716721427796885 0.9394380997918997 0
7026 0.06798110359045012 0.7915797209912434 0
7027 0.07372510733477804 0.7671238401604168 0
7028 0.06570718044934228 0.7783684606968857 0
7029 0.07919348668247232 0.7892525416866986 0
7030 0.0814614509120742 0.7763029531506744 0
7031 0.07492892950640247 0.7978764122827945 0
7032 0.5684023514869497 0.9013591442792124 0
7033 0.5440191944820619 0.895976443022853 0
7034 0.5551224805869064 0.9112699810758897 0
7035 0.5580025195347694 0.8978436365523977 0
7036 0.5683445082954361 0.9095108540879705 0
7037 0.5451836972509665 0.9036984169529844 0
7038 0.7782398066189923 0.2434598246070077 0
7039 0.7825678653268874 0.2557760750826725 0
7040 0.7862851893415131 0.2661812440788396 0
7041 0.9425733488453156 0.2640396119882842 0
7042 0.9077262062933376 0.2414262241928379 0
7043 0.8890916718570733 0.2353020137977811 0
7044 0.9299937069187791 0.2569284271667471 0
7045 0.9126140309254485 0.2555956575546461 0
7046 0.8953525106434582 0.243099411138844 0
7047 0.9011824174853506 0.2508832077404013 0
7048 0.9242132887985767 0.2663035248306522 0
7049 0.897814854176037 0.2356252839695291 0
7050 0.9341222708530925 0.2695614050360444 0
7051 0.2280805418228111 0.9142410938526768 0
7052 0.1629124540136584 0.9286808004005839 0
7053 0.2144895790359366 0.9184883529449939 0
7054 0.1913013768291859 0.9191149829986172 0
7055 0.2171287050410938 0.9068787756548935 0
7056 0.1743354785770621 0.9250507942842103 0
7057 0.2028999054449654 0.9124379818634516 0
7058 0.4505409736788322 0.9532905868693909 0
7059 0.3649320378628398 0.8832068754001594 0
7060 0.3770238995254789 0.901154906097215 0
7061 0.4370463956729312 0.9449878879488355 0
7062 0.4057037093466379 0.9210654412696598 0
7063 0.4209296282927936 0.9338079791149296 0
7064 0.3921222807448145 0.908389903288123 0
7065 0.3651003289480657 0.8940772764626139 0
7066 0.375289163832046 0.8885530343268919 0
7067 0.4401333857075765 0.9593274758366266 0
7068 0.05709638946654852 0.7335884331274232 0
7069 0.03297129723271594 0.7421039964077841 0
7070 0.05001394202213338 0.7244547475917541 0
7071 0.04234351918645653 0.7496637586584517 0
7072 0.02961175493007859 0.7539726978403808 0
7073 0.06175284279284886 0.721618997201591 0
7074 0.0518292447654404 0.7430545046047293 0
7075 0.04198945203710555 0.7332125245022605 0
7076 0.7735983563946236 0.8823005108719526 0
7077 0.7300634823057843 0.8842651983063046 0
7078 0.758191106842623 0.8935815253791022 0
7079 0.7446211509492918 0.8856232120588784 0
7080 0.7719114051116509 0.8924804315983852 0
7081 0.7323918800228005 0.8939989778662684 0
7082 0.7603538568773698 0.8822792035445142 0
7083 0.7444484569612948 0.8966956148207104 0
7084 0.7173990080531265 0.8228142331811799 0
7085 0.6471164552445369 0.9006353463920308 0
7086 0.6816535246651262 0.8719802039713798 0
7087 0.6981819394769898 0.8360923102572713 0
7088 0.6552053613878592 0.8909143413965724 0
7089 0.7062708890643576 0.8273169800409816 0
7090 0.6902891524649869 0.862906522635172 0
7091 0.6884123544908607 0.8460880889758461 0
7092 0.6686688887731206 0.8766997629868927 0
7093 0.7115038706195249 0.8359965812626825 0
7094 0.6762948449293851 0.8605906944663486 0
7095 0.7014764628125166 0.8495721854260463 0
7096 0.5495415470083261 0.9406237550305058 0
7097 0.5273964986553609 0.9435639319789236 0
7098 0.4781241252864674 0.964399505619297 0
7099 0.5126194997683582 0.9523197857196268 0
7100 0.5428099807954696 0.9500807591898504 0
7101 0.5405894327141996 0.936259818487964 0
7102 0.4926713769065789 0.9590117075043939 0
7103 0.5296900548646116 0.9545482693948415 0
7104 0.8214616906179413 0.8509631230301705 0
7105 0.7593832380890915 0.8529321903631841 0
7106 0.7801749047094264 0.8425522480293828 0
7107 0.8068455454715304 0.8497670582397343 0
7108 0.7685432026082816 0.8461563939780196 0
7109 0.8179436589332494 0.8399803927107871 0
7110 0.7895287308460434 0.8516267240310029 0
7111 0.7731856203542874 0.8555876841472603 0
7112 0.006611451537895649 0.8680664510837148 0
7113 0.0121628810608347 0.8571815816084777 0
7114 0.009777294927241614 0.8467362103634504 0
7115 0.9917427288285172 0.8449186771039591 0
7116 0.9927025652618806 0.8573490257653001 0
7117 0.9408881220843431 0.1940794423159534 0
7118 0.9842209768227925 0.2217737818518389 0
7119 0.9568296394595615 0.2027380400077061 0
7120 0.9771686326813878 0.2064093414324267 0
7121 0.9909834181377962 0.2115692177997131 0
7122 0.9525968963100417 0.1873669811499675 0
7123 0.9691579636076755 0.2167047492545693 0
7124 0.04326791105305289 0.3186675633495253 0
7125 0.02696949740661033 0.3108294296396714 0
7126 0.01406207546139494 0.2968783562357177 0
7127 0.03173184099769211 0.3262637083291887 0
7128 0.0124263423598207 0.3106325218015147 0
7129 0.9933180305521204 0.2925940158810765 0
7130 0.9930829438558267 0.3040962851733767 0
7131 0.5790525906571562 0.9555845063130954 0
7132 0.6271314452984549 0.9702718885921408 0
7133 0.5957717618900481 0.9679865962568598 0
7134 0.6144176316409269 0.9656497206445613 0
7135 0.5924419396333589 0.9555284719144 0
7136 0.5811637828499051 0.9666484310049375 0
7137 0.6035896561966496 0.9579641908905754 0
7138 0.910090927285417 0.161765010782059 0
7139 0.9089134849558057 0.1849530506940231 0
7140 0.919419372453552 0.1760920429058189 0
7141 0.9082328719215371 0.1740617799517176 0
7142 0.9193728447947033 0.1662873188161557 0
7143 0.916348238784128 0.1836710806419427 0
7144 0.7936494635696781 0.9366137834902831 0
7145 0.8118190931355801 0.9311901188167993 0
7146 0.7879598984016345 0.9183189720579721 0
7147 0.7991288860906606 0.9269427455465749 0
7148 0.8040366271343781 0.9402501784112475 0
7149 0.7837630235441576 0.9281701511892677 0
7150 0.3095694298405795 0.9464671042078248 0
7151 0.2994400686657743 0.9371174702312104 0
7152 0.2994111367532482 0.9620702818158878 0
7153 0.2991926294291082 0.9502593711733334 0
7154 0.3111951221040194 0.9359677048981881 0
7155 0.3098706566414508 0.9609979702949585 0
7156 0.9507698483592771 0.418278734668068 0
7157 0.9848990508175125 0.4075878699175355 0
7158 0.9651658890343111 0.4194160003131943 0
7159 0.9949145933266308 0.4219415330052523 0
7160 0.9952592858465431 0.402473727901825 0
7161 0.9794053724186619 0.4200807999799862 0
7162 0.970732648948162 0.4091249802089391 0
7163 0.9600328610152821 0.4110169442351763 0
7164 0.008712403565967771 0.3886339000592234 0
7165 0.8778633044242874 0.802246029499348 0
7166 0.8324911195082307 0.9066679465776997 0
7167 0.8320175187140607 0.8896298108138039 0
7168 0.8781086135746977 0.8189093033333716 0
7169 0.8453261861273007 0.8753332065977022 0
7170 0.8549126442768399 0.8548399347050707 0
7171 0.8648301997121278 0.8332708267896483 0
7172 0.823744315437543 0.8989367719274183 0
7173 0.8867939819464448 0.8092690174978405 0
7174 0.8444378436682105 0.8948676122269749 0
7175 0.865776140943362 0.8139159858626317 0
7176 0.01031965927037763 0.3481428957111851 0
7177 0.03462288731841485 0.3508693534844516 0
7178 0.005864184238321021 0.3531031188228496 0
7179 0.0236289801863379 0.3548131596062431 0
7180 0.01136360613387928 0.3590292488632376 0
7181 0.019288776339697 0.346734053712095 0
7182 0.9290143714676676 0.3607880841349896 0
7183 0.9767718964811003 0.3462368767987367 0
7184 0.9445629229829589 0.352077431983676 0
7185 0.9831787191247311 0.3620220794156012 0
7186 0.9910048605681678 0.3530368693220207 0
7187 0.9614778916706205 0.358879808977995 0
7188 0.9934068902959171 0.3642708096930509 0
7189 0.9296414101249521 0.3497070822518399 0
7190 0.9444640844353919 0.3651425856760965 0
7191 0.8998027303983049 0.7197343629927719 0
7192 0.9213855429435536 0.7271208421936362 0
7193 0.9084616243336286 0.7301265020329897 0
7194 0.8834926128046875 0.728873172834034 0
7195 0.9121124164317549 0.7181015015422917 0
7196 0.8865018429940116 0.7181024884593196 0
7197 0.8952543828978003 0.7291080020872515 0
7198 0.1390352655407316 0.9755741060730535 0
7199 0.1670847062625901 0.991751112943429 0
7200 0.1547464635528118 0.9897313069571855 0
7201 0.1269544981708904 0.9870810239272449 0
7202 0.1644480363526825 0.9800806775114869 0
7203 0.1519266320147032 0.9781785023208575 0
7204 0.1261789972961498 0.974548668728393 0
7205 0.1416778211781847 0.9890230736629433 0
7206 0.1747083174676152 0.9837777228797563 0
7207 0.8468378625494927 0.933638779758403 0
7208 0.8696809586706238 0.9255765198178058 0
7209 0.8581973267848169 0.9379505031769179 0
7210 0.8554070679550622 0.9245759739112177 0
7211 0.8443139751253884 0.9439247987273398 0
7212 0.8645338057983458 0.9186292830761629 0
7213 0.9391373150219882 0.7490249118619751 0
7214 0.9093780237147766 0.7834497151811187 0
7215 0.9245611125823885 0.7581711775302081 0
7216 0.9261947901216884 0.7733618068295106 0
7217 0.9152735842869684 0.7706062354640848 0
7218 0.919786977585671 0.783725839680528 0
7219 0.934326010210489 0.7610582475967596 0
7220 0.9300719204365283 0.7482876147718988 0
7221 0.9524722508693598 0.6998099497308111 0
7222 0.9396156832849352 0.6993021664349655 0
7223 0.9501678443863857 0.7186955798726661 0
7224 0.9465606462884708 0.6924116013526687 0
7225 0.944906005289898 0.7094416021566936 0
7226 0.9585883239551319 0.7121750244217462 0
7227 0.8990525430827989 0.1230239445045103 0
7228 0.8810198406865635 0.1435973576001088 0
7229 0.8988995471273192 0.1392897273539996 0
7230 0.9076422795850735 0.1310215493977374 0
7231 0.8876718747042653 0.1326827796317467 0
7232 0.9078217650374958 0.1146586284646934 0
7233 0.8898067755655972 0.1434706955824059 0
7234 0.9113968302773404 0.1228265829504839 0
7235 0.708899477039088 0.9663492328660659 0
7236 0.6130702698406538 0.9168592830472094 0
7237 0.6967304531893227 0.9598902836339011 0
7238 0.6238118181284118 0.9253318353942358 0
7239 0.6097852939449407 0.9272906276204472 0
7240 0.6503341532410396 0.9425143643834432 0
7241 0.664475837389139 0.9459509464625523 0
7242 0.6805275323656588 0.95271928798261 0
7243 0.6379214972234285 0.9343433314050733 0
7244 0.4038962315455947 0.9665491008661377 0
7245 0.3911992483795741 0.9589811982251759 0
7246 0.392604833198549 0.9746051366018513 0
7247 0.3814271335769702 0.9649206270511653 0
7248 0.407318037766136 0.9765968458421703 0
7249 0.07997830701455608 0.9811608836167661 0
7250 0.09126272395252004 0.9875977495643649 0
7251 0.1045197779615651 0.9945047482348354 0
7252 0.07870508221976885 0.9904163218355297 0
7253 0.0806174439544261 0.01180072301602434 0
7254 0.09012448495230381 0.008458526397992393 0
7255 0.07069682175810837 0.008239855331218496 0
7256 0.8731212593787578 0.0229725395652879 0
7257 0.8767673465340824 0.01296439003414872 0
7258 0.8643001085230991 0.01233633092639532 0
7259 0.8581670714535404 0.9843056901239372 0
7260 0.8755889352736924 0.9929426210702725 0
7261 0.8705162594406379 0.9854925669167953 0
7262 0.9056068872017675 0.8593904672463037 0
7263 0.9291689242103335 0.8391943417610502 0
7264 0.9164226570853707 0.843905672078417 0
7265 0.9247868050420089 0.8497795700639137 0
7266 0.9159710666589608 0.8573398398899816 0
7267 0.9063298635856125 0.8499292490147932 0
7268 0.9806613292962538 0.5067761707203365 0
7269 0.923925662374925 0.4768048627238075 0
7270 0.9387862048535366 0.4844124790571833 0
7271 0.9593635966945131 0.4924648688192883 0
7272 0.978682264588564 0.4947290593492468 0
7273 0.9896911413096967 0.4968012607244534 0
7274 0.922525181331267 0.4882219722169026 0
7275 0.9685777072399727 0.504098280379402 0
7276 0.9881173023811076 0.5105758417638022 0
7277 0.0267717340752831 0.5130963200596748 0
7278 0.01578040897690994 0.4995207156313574 0
7279 0.01439405574405672 0.5111120298083733 0
7280 0.02564248310703214 0.5035655867112565 0
7281 0.9571066963473061 0.1596047334004685 0
7282 0.9662707106141237 0.1499030007790877 0
7283 0.9738166695168315 0.1419715393075764 0
7284 0.1077660020996744 0.8179590559406054 0
7285 0.08930003253695909 0.8134536361891102 0
7286 0.1029300358910229 0.8349959175975802 0
7287 0.09838792912507138 0.8235049260217882 0
7288 0.09970497528647133 0.8094478966592675 0
7289 0.111954682485179 0.8282247881617719 0
7290 0.9196201174576337 0.8908282079581236 0
7291 0.9350097078012035 0.8739628800812923 0
7292 0.9215555314551143 0.912716857248506 0
7293 0.9330655615701433 0.8909580878206278 0
7294 0.9147980473097094 0.9032078469077566 0
7295 0.928478041771758 0.9019342491575901 0
7296 0.9282717009195423 0.8797640767835785 0
7297 0.9365137861618309 0.8836899733307473 0
7298 0.9524471277259771 0.8086767941427406 0
7299 0.9517089373925608 0.821693970269244 0
7300 0.9719587659587807 0.8108720902246422 0
7301 0.9625977377199298 0.8154867440685668 0
7302 0.9447176148722366 0.8147144109620643 0
7303 0.9655404302843908 0.8025020702531177 0
$EndNodes
$Elements
14374
1 2 2 1 1 47 5448 48
2 2 2 1 1 2143 3855 2144
3 2 2 1 1 2957 5595 213
4 2 2 1 1 4785 5216 4572
5 2 2 1 1 2088 5240 2089
6 2 2 1 1 4368 4471 3388
7 2 2 1 1 2174 4723 2175
8 2 2 1 1 1294 1643 1295
9 2 2 1 1 4238 5279 2969
10 2 2 1 1 915 954 953
11 2 2 1 1 538 4413 539
12 2 2 1 1 813 832 669
13 2 2 1 1 1728 506 1729
14 2 2 1 1 3831 4935 4719
15 2 2 1 1 457 3895 458
16 2 2 1 1 3388 5663 4368
17 2 2 1 1 4617 4646 3474
18 2 2 1 1 4370 5001 4219
19 2 2 1 1 1593 779 3108
20 2 2 1 1 2408 4404 2409
21 2 2 1 1 3385 4785 4572
22 2 2 1 1 1288 5144 1289
23 2 2 1 1 1027 5741 1028
24 2 2 1 1 1421 4886 1422
25 2 2 1 1 1637 859 858
26 2 2 1 1 2024 4548 2025
27 2 2 1 1 1383 3924 1384
28 2 2 1 1 989 5864 847
29 2 2 1 1 3084 4795 4426
30 2 2 1 1 4002 5432 3671
31 2 2 1 1 2122 4615 2123
32 2 2 1 1 416 4013 417
33 2 2 1 1 4289 5194 3142
34 2 2 1 1 2654 5452 2536
35 2 2 1 1 3066 4946 3067
36 2 2 1 1 1036 1035 1238
37 2 2 1 1 4135 5139 5053
38 2 2 1 1 817 1186 1185
39 2 2 1 1 3578 4302 3775
40 2 2 1 1 4611 5118 3468
41 2 2 1 1 532 3820 517
42 2 2 1 1 1728 507 506
43 2 2 1 1 619 618 1290
44 2 2 1 1 1175 4209 2985
45 2 2 1 1 2969 5279 2970
46 2 2 1 1 4129 5343 4521
47 2 2 1 1 187 5189 188
48 2 2 1 1 2716 2630 2647
49 2 2 1 1 5188 5287 4471
50 2 2 1 1 1167 3020 1168
51 2 2 1 1 3398 4020 43
52 2 2 1 1 2953 497 2954
53 2 2 1 1 4040 5142 4544
54 2 2 1 1 2476 4491 2477
55 2 2 1 1 2188 3957 2189
56 2 2 1 1 2521 4207 3175
57 2 2 1 1 3038 4027 836
58 2 2 1 1 1339 3608 1340
59 2 2 1 1 2468 4536 2469
60 2 2 1 1 2576 3842 2561
61 2 2 1 1 4164 5016 4572
62 2 2 1 1 3583 5325 4622
63 2 2 1 1 4883 5155 3869
64 2 2 1 1 1390 5787 1391
65 2 2 1 1 4553 5454 4360
66 2 2 1 1 455 3746 456
67 2 2 1 1 3079 4209 1175
68 2 2 1 1 5042 5103 3398
69 2 2 1 1 1223 4093 1224
70 2 2 1 1 1687 3776 1688
71 2 2 1 1 1838 5861 1158
72 2 2 1 1 77 5127 78
73 2 2 1 1 1401 4217 1402
74 2 2 1 1 173 190 1228
75 2 2 1 1 2418 5223 2419
76 2 2 1 1 333 3572 3536
77 2 2 1 1 3891 4856 4608
78 2 2 1 1 488 3856 489
79 2 2 1 1 4181 4878 3475
80 2 2 1 1 1507 5979 1508
81 2 2 1 1 1959 5270 1960
82 2 2 1 1 388 5911 3953
83 2 2 1 1 1924 5167 1925
84 2 2 1 1 1972 5734 1973
85 2 2 1 1 1980 5319 1981
86 2 2 1 1 3618 4854 3749
87 2 2 1 1 2471 2392 2391
88 2 2 1 1 1887 5881 1888
89 2 2 1 1 2638 2235 2234
90 2 2 1 1 3578 3775 3693
91 2 2 1 1 2586 4074 2587
92 2 2 1 1 2707 4813 2706
93 2 2 1 1 3363 4990 4359
94 2 2 1 1 4095 4327 3260
95 2 2 1 1 4219 5199 4370
96 2 2 1 1 3680 4455 4116
97 2 2 1 1 4360 5454 5192
98 2 2 1 1 186 4788 187
99 2 2 1 1 372 4871 373
100 2 2 1 1 2401 3153 2402
101 2 2 1 1 4608 5393 3891
102 2 2 1 1 2309 5455 1418
103 2 2 1 1 3582 4327 4095
104 2 2 1 1 1569 4173 1570
105 2 2 1 1 1630 4163 1631
106 2 2 1 1 427 426 461
107 2 2 1 1 4002 5597 5432
108 2 2 1 1 1233 4075 1218
109 2 2 1 1 2638 2234 2639
110 2 2 1 1 3031 779 1593
111 2 2 1 1 2860 4334 3214
112 2 2 1 1 2595 3149 2596
113 2 2 1 1 946 1215 947
114 2 2 1 1 5277 5278 3905
115 2 2 1 1 1158 5861 1159
116 2 2 1 1 203 5193 204
117 2 2 1 1 941 4023 942
118 2 2 1 1 4205 4522 3927
119 2 2 1 1 236 5094 237
120 2 2 1 1 2022 5248 2023
121 2 2 1 1 357 3457 358
122 2 2 1 1 4384 5098 4704
123 2 2 1 1 278 3999 279
124 2 2 1 1 1016 3846 1017
125 2 2 1 1 1197 4114 1198
126 2 2 1 1 1290 618 1291
127 2 2 1 1 4291 4854 3480
128 2 2 1 1 2317 5072 2318
129 2 2 1 1 4805 5217 3902
130 2 2 1 1 4035 5216 4785
131 2 2 1 1 304 369 291
132 2 2 1 1 1820 1367 1821
133 2 2 1 1 4572 5216 4164
134 2 2 1 1 3544 4902 3994
135 2 2 1 1 2131 4581 2132
136 2 2 1 1 3951 5911 388
137 2 2 1 1 2748 2279 2749
138 2 2 1 1 3006 4757 3735
139 2 2 1 1 2007 4261 2008
140 2 2 1 1 4650 4651 4287
141 2 2 1 1 1067 5324 1068
142 2 2 1 1 1325 4577 3481
143 2 2 1 1 3736 5827 4524
144 2 2 1 1 2078 5214 2079
145 2 2 1 1 1192 4934 1193
146 2 2 1 1 3009 882 3044
147 2 2 1 1 4898 4946 3066
148 2 2 1 1 1653 3918 1654
149 2 2 1 1 2689 3758 2690
150 2 2 1 1 4975 5130 3100
151 2 2 1 1 847 5864 848
152 2 2 1 1 4447 4806 4532
153 2 2 1 1 4891 5097 4001
154 2 2 1 1 3230 5073 4404
155 2 2 1 1 178 4143 179
156 2 2 1 1 2963 5257 221
157 2 2 1 1 5146 5185 4396
158 2 2 1 1 3837 4800 4746
159 2 2 1 1 3639 5037 4499
160 2 2 1 1 1656 3429 1657
161 2 2 1 1 4249 5257 2963
162 2 2 1 1 3905 5278 3627
163 2 2 1 1 4565 5666 5665
164 2 2 1 1 4396 5185 4682
165 2 2 1 1 1022 5685 1023
166 2 2 1 1 1215 1214 947
167 2 2 1 1 4001 5322 4891
168 2 2 1 1 3621 5073 4885
169 2 2 1 1 4296 4443 4442
170 2 2 1 1 491 4499 492
171 2 2 1 1 176 3464 177
172 2 2 1 1 2641 4569 2642
173 2 2 1 1 2142 3925 2143
174 2 2 1 1 4577 4802 4213
175 2 2 1 1 1302 4037 1303
176 2 2 1 1 201 4100 2955
177 2 2 1 1 2382 5969 2214
178 2 2 1 1 5098 5879 4704
179 2 2 1 1 656 5367 657
180 2 2 1 1 1760 4599 1761
181 2 2 1 1 4955 4983 3791
182 2 2 1 1 3149 5750 2103
183 2 2 1 1 2189 3957 3631
184 2 2 1 1 2983 681 680
185 2 2 1 1 1173 4822 1174
186 2 2 1 1 5414 5422 4012
187 2 2 1 1 4670 5576 3966
188 2 2 1 1 1498 5724 3103
189 2 2 1 1 2963 4906 3893
190 2 2 1 1 4929 5029 1602
191 2 2 1 1 2862 4005 2861
192 2 2 1 1 3893 4249 2963
193 2 2 1 1 2922 2854 2853
194 2 2 1 1 2531 5100 2530
195 2 2 1 1 3869 5054 4883
196 2 2 1 1 1051 3155 1052
197 2 2 1 1 3123 5399 1716
198 2 2 1 1 4693 4878 3976
199 2 2 1 1 160 5103 4281
200 2 2 1 1 3510 5454 4553
201 2 2 1 1 2572 3870 2573
202 2 2 1 1 3388 5816 5663
203 2 2 1 1 2474 2147 2146
204 2 2 1 1 2994 4193 2995
205 2 2 1 1 3579 5630 4640
206 2 2 1 1 4149 5571 4618
207 2 2 1 1 4519 4616 3696
208 2 2 1 1 2367 2213 2212
209 2 2 1 1 1076 4685 1077
210 2 2 1 1 309 5201 1099
211 2 2 1 1 2874 5738 958
212 2 2 1 1 3085 3898 1207
213 2 2 1 1 881 567 3044
214 2 2 1 1 4872 4910 4204
215 2 2 1 1 5665 5666 4366
216 2 2 1 1 719 1578 704
217 2 2 1 1 2343 4517 2344
218 2 2 1 1 645 4342 646
219 2 2 1 1 670 831 671
220 2 2 1 1 3726 4262 3445
221 2 2 1 1 672 4826 673
222 2 2 1 1 4078 5217 4805
223 2 2 1 1 2351 1745 2352
224 2 2 1 1 4095 5634 3582
225 2 2 1 1 2086 2099 1484
226 2 2 1 1 973 4005 2865
227 2 2 1 1 4616 5145 4583
228 2 2 1 1 4040 4544 3438
229 2 2 1 1 2669 5048 2668
230 2 2 1 1 3447 5426 4708
231 2 2 1 1 945 5779 3054
232 2 2 1 1 4960 5535 4651
233 2 2 1 1 4665 5194 4289
234 2 2 1 1 4455 5866 4116
235 2 2 1 1 3639 5273 5037
236 2 2 1 1 1874 2070 1875
237 2 2 1 1 345 4266 346
238 2 2 1 1 3096 4861 2615
239 2 2 1 1 4521 5343 3392
240 2 2 1 1 3713 4975 3100
241 2 2 1 1 4610 5827 3736
242 2 2 1 1 4237 4574 4317
243 2 2 1 1 3783 5122 4195
244 2 2 1 1 3083 4795 3084
245 2 2 1 1 3480 4854 4526
246 2 2 1 1 2467 4367 2468
247 2 2 1 1 1119 5033 1120
248 2 2 1 1 1133 4274 1118
249 2 2 1 1 2782 5021 2783
250 2 2 1 1 5341 5342 4388
251 2 2 1 1 4286 4650 4287
252 2 2 1 1 4205 5583 4522
253 2 2 1 1 132 4743 133
254 2 2 1 1 4186 4187 3622
255 2 2 1 1 4885 5073 4312
256 2 2 1 1 4442 4443 3528
257 2 2 1 1 4090 5772 3716
258 2 2 1 1 5018 5692 3771
259 2 2 1 1 3716 5772 4793
260 2 2 1 1 2892 3861 2893
261 2 2 1 1 977 4422 978
262 2 2 1 1 5112 5533 4787
263 2 2 1 1 1573 3905 3627
264 2 2 1 1 4318 4657 3291
265 2 2 1 1 5263 5657 4555
266 2 2 1 1 1934 5260 3141
267 2 2 1 1 2341 3484 2342
268 2 2 1 1 4706 5877 4920
269 2 2 1 1 3879 5342 5341
270 2 2 1 1 2680 4926 2681
271 2 2 1 1 3097 5239 1491
272 2 2 1 1 3338 5425 4073
273 2 2 1 1 3131 4599 1760
274 2 2 1 1 787 4224 1380
275 2 2 1 1 2985 5231 1175
276 2 2 1 1 4365 4610 4542
277 2 2 1 1 2320 2319 2458
278 2 2 1 1 2457 2320 2458
279 2 2 1 1 4204 4910 3465
280 2 2 1 1 3622 5070 4186
281 2 2 1 1 14 4006 1
282 2 2 1 1 4719 4935 4720
283 2 2 1 1 464 4656 465
284 2 2 1 1 4001 4997 3675
285 2 2 1 1 4640 5630 4641
286 2 2 1 1 3084 4426 3085
287 2 2 1 1 3994 4647 3544
288 2 2 1 1 4230 5447 4473
289 2 2 1 1 4990 5614 4359
290 2 2 1 1 4706 5197 4501
291 2 2 1 1 3175 4340 2522
292 2 2 1 1 1484 2099 1471
293 2 2 1 1 3438 4544 4223
294 2 2 1 1 199 4451 200
295 2 2 1 1 4622 4696 3583
296 2 2 1 1 3398 5103 4020
297 2 2 1 1 3696 5506 4519
298 2 2 1 1 4164 5302 5016
299 2 2 1 1 2767 3652 3430
300 2 2 1 1 4670 5699 5576
301 2 2 1 1 3316 4543 4038
302 2 2 1 1 2243 4581 2131
303 2 2 1 1 1773 3377 1774
304 2 2 1 1 4532 4806 4390
305 2 2 1 1 2793 4192 2794
306 2 2 1 1 3465 4910 3948
307 2 2 1 1 3291 5486 4318
308 2 2 1 1 1951 5746 3303
309 2 2 1 1 1820 3739 1368
310 2 2 1 1 5503 5877 4706
311 2 2 1 1 2972 4991 4928
312 2 2 1 1 3125 5703 1726
313 2 2 1 1 3029 3864 772
314 2 2 1 1 348 4055 349
315 2 2 1 1 3691 5657 5263
316 2 2 1 1 3833 5970 4767
317 2 2 1 1 2506 3829 2510
318 2 2 1 1 1380 4306 787
319 2 2 1 1 4519 5145 4616
320 2 2 1 1 4646 5706 3474
321 2 2 1 1 2965 4854 4462
322 2 2 1 1 653 4206 654
323 2 2 1 1 529 3816 530
324 2 2 1 1 4195 4984 3783
325 2 2 1 1 4628 4990 3363
326 2 2 1 1 4781 5024 3672
327 2 2 1 1 3037 4299 828
328 2 2 1 1 4928 5688 2972
329 2 2 1 1 2806 2397 2791
330 2 2 1 1 4996 4997 4198
331 2 2 1 1 2913 4039 2914
332 2 2 1 1 4583 4990 3345
333 2 2 1 1 895 1245 1244
334 2 2 1 1 2312 2311 1417
335 2 2 1 1 138 377 139
336 2 2 1 1 5101 5166 430
337 2 2 1 1 3684 5008 4963
338 2 2 1 1 2822 3841 2821
339 2 2 1 1 1310 3981 1311
340 2 2 1 1 546 4775 547
341 2 2 1 1 793 3889 794
342 2 2 1 1 4828 5358 4441
343 2 2 1 1 3626 5219 4061
344 2 2 1 1 4787 5533 4818
345 2 2 1 1 3948 5225 3465
346 2 2 1 1 2127 4182 2128
347 2 2 1 1 3661 5388 3774
348 2 2 1 1 2890 3396 2891
349 2 2 1 1 4213 5383 4577
350 2 2 1 1 3049 4013 918
351 2 2 1 1 430 5166 3962
352 2 2 1 1 1911 4046 3273
353 2 2 1 1 4651 5638 4960
354 2 2 1 1 1046 4363 1047
355 2 2 1 1 1123 3735 1124
356 2 2 1 1 1125 3735 1126
357 2 2 1 1 655 4465 656
358 2 2 1 1 2608 4969 2607
359 2 2 1 1 2249 4738 4019
360 2 2 1 1 1409 5353 1410
361 2 2 1 1 3143 5770 1373
362 2 2 1 1 4985 5472 3673
363 2 2 1 1 3954 3955 3562
364 2 2 1 1 817 5410 3035
365 2 2 1 1 3975 5130 4981
366 2 2 1 1 597 4945 595
367 2 2 1 1 309 1099 310
368 2 2 1 1 2591 4008 2592
369 2 2 1 1 594 4085 593
370 2 2 1 1 4753 4754 3430
371 2 2 1 1 2965 4462 228
372 2 2 1 1 4875 4876 4372
373 2 2 1 1 2931 4115 2932
374 2 2 1 1 91 5281 92
375 2 2 1 1 2400 2114 2113
376 2 2 1 1 2664 3192 3297
377 2 2 1 1 4481 4805 3902
378 2 2 1 1 1945 3954 1946
379 2 2 1 1 414 5284 415
380 2 2 1 1 878 3439 549
381 2 2 1 1 4053 5298 5164
382 2 2 1 1 3475 4878 4693
383 2 2 1 1 2717 2646 2718
384 2 2 1 1 3270 4778 4655
385 2 2 1 1 5016 5302 3868
386 2 2 1 1 3317 4543 3316
387 2 2 1 1 2399 2115 2114
388 2 2 1 1 1349 4662 3350
389 2 2 1 1 4767 4863 3833
390 2 2 1 1 2566 3407 2567
391 2 2 1 1 360 4888 612
392 2 2 1 1 4876 5001 4372
393 2 2 1 1 2576 5597 3842
394 2 2 1 1 4336 5241 5138
395 2 2 1 1 2382 2214 2383
396 2 2 1 1 1537 5317 1538
397 2 2 1 1 1055 4104 1056
398 2 2 1 1 4009 4843 4841
399 2 2 1 1 4135 5053 3364
400 2 2 1 1 158 4297 159
401 2 2 1 1 3952 4361 3956
402 2 2 1 1 1704 3921 1705
403 2 2 1 1 1311 3981 2562
404 2 2 1 1 4371 5591 4563
405 2 2 1 1 116 3920 117
406 2 2 1 1 3774 5388 4933
407 2 2 1 1 4103 5024 4781
408 2 2 1 1 3068 4193 3069
409 2 2 1 1 3483 5709 4268
410 2 2 1 1 2094 3846 1016
411 2 2 1 1 4061 5219 603
412 2 2 1 1 5411 5699 4670
413 2 2 1 1 4621 5337 4245
414 2 2 1 1 4849 5141 3126
415 2 2 1 1 3802 4902 3544
416 2 2 1 1 109 3413 110
417 2 2 1 1 60 59 473
418 2 2 1 1 2425 4903 2489
419 2 2 1 1 4841 5113 4009
420 2 2 1 1 3526 5000 4884
421 2 2 1 1 97 3477 98
422 2 2 1 1 3115 4677 1630
423 2 2 1 1 4316 5142 4040
424 2 2 1 1 149 5850 150
425 2 2 1 1 3036 5022 3037
426 2 2 1 1 4361 5422 5414
427 2 2 1 1 5053 5139 4271
428 2 2 1 1 1139 1587 1586
429 2 2 1 1 1293 3118 1294
430 2 2 1 1 4865 5699 5411
431 2 2 1 1 2271 5473 4590
432 2 2 1 1 4758 5149 3563
433 2 2 1 1 4502 5366 4960
434 2 2 1 1 931 3897 930
435 2 2 1 1 4227 5085 4955
436 2 2 1 1 3154 5596 1882
437 2 2 1 1 4462 4854 3618
438 2 2 1 1 4187 4270 3622
439 2 2 1 1 4717 5288 4751
440 2 2 1 1 3291 4657 3290
441 2 2 1 1 107 5574 108
442 2 2 1 1 4419 5200 4576
443 2 2 1 1 3560 5398 4994
444 2 2 1 1 979 5641 980
445 2 2 1 1 2410 3621 2411
446 2 2 1 1 3706 3726 3445
447 2 2 1 1 1632 3992 1616
448 2 2 1 1 3802 5833 4902
449 2 2 1 1 2911 4279 2912
450 2 2 1 1 473 59 474
451 2 2 1 1 4843 5643 5518
452 2 2 1 1 5307 5962 5886
453 2 2 1 1 4884 5224 3526
454 2 2 1 1 2334 5520 2319
455 2 2 1 1 4373 5301 4634
456 2 2 1 1 3904 4574 4237
457 2 2 1 1 2921 2841 2854
458 2 2 1 1 494 4075 495
459 2 2 1 1 1349 4713 4662
460 2 2 1 1 3430 3652 3523
461 2 2 1 1 3345 4616 4583
462 2 2 1 1 19 5498 20
463 2 2 1 1 281 5838 12
464 2 2 1 1 4584 5386 5254
465 2 2 1 1 1780 4542 1781
466 2 2 1 1 75 343 76
467 2 2 1 1 1651 4077 1652
468 2 2 1 1 3465 5225 3785
469 2 2 1 1 866 1690 867
470 2 2 1 1 94 4082 95
471 2 2 1 1 3418 4646 4617
472 2 2 1 1 4746 4800 4434
473 2 2 1 1 4477 4965 3588
474 2 2 1 1 859 5290 3040
475 2 2 1 1 4565 5665 4551
476 2 2 1 1 2288 5617 3165
477 2 2 1 1 3356 5193 4668
478 2 2 1 1 3083 5205 4795
479 2 2 1 1 1099 5201 3076
480 2 2 1 1 1191 1190 763
481 2 2 1 1 490 3639 491
482 2 2 1 1 4268 5709 4269
483 2 2 1 1 3372 5236 3754
484 2 2 1 1 548 4666 533
485 2 2 1 1 5164 5412 4053
486 2 2 1 1 3523 4753 3430
487 2 2 1 1 4918 5296 3763
488 2 2 1 1 3230 4404 3229
489 2 2 1 1 159 5103 160
490 2 2 1 1 2856 3918 2873
491 2 2 1 1 4501 5197 3360
492 2 2 1 1 4058 4645 2560
493 2 2 1 1 4172 5580 5336
494 2 2 1 1 4260 5962 5307
495 2 2 1 1 4447 5479 826
496 2 2 1 1 246 5279 4410
497 2 2 1 1 2416 4679 2417
498 2 2 1 1 110 4309 111
499 2 2 1 1 4577 5383 3481
500 2 2 1 1 2970 5279 246
501 2 2 1 1 3251 5759 808
502 2 2 1 1 228 4462 172
503 2 2 1 1 4778 5511 4655
504 2 2 1 1 2985 4209 2986
505 2 2 1 1 2274 4652 3843
506 2 2 1 1 2400 2113 2401
507 2 2 1 1 3406 4682 4211
508 2 2 1 1 763 1190 750
509 2 2 1 1 1212 5401 1213
510 2 2 1 1 344 4915 345
511 2 2 1 1 4485 4856 4711
512 2 2 1 1 1225 3771 1226
513 2 2 1 1 3279 5732 2507
514 2 2 1 1 2995 4193 3068
515 2 2 1 1 1098 5235 1099
516 2 2 1 1 3904 5557 4574
517 2 2 1 1 4579 5204 3477
518 2 2 1 1 1663 89 88
519 2 2 1 1 2128 4182 2129
520 2 2 1 1 1470 5917 1457
521 2 2 1 1 4078 4810 3243
522 2 2 1 1 4128 5219 3626
523 2 2 1 1 1486 3930 1488
524 2 2 1 1 3636 5889 4959
525 2 2 1 1 1654 4605 1655
526 2 2 1 1 995 1092 996
527 2 2 1 1 496 5813 198
528 2 2 1 1 780 5420 3845
529 2 2 1 1 753 5079 754
530 2 2 1 1 2919 4846 2920
531 2 2 1 1 4959 5889 5424
532 2 2 1 1 4313 5224 4151
533 2 2 1 1 4862 5970 3833
534 2 2 1 1 3588 5780 4477
535 2 2 1 1 2962 4906 2963
536 2 2 1 1 1488 3930 3094
537 2 2 1 1 5236 5948 3754
538 2 2 1 1 2981 4097 685
539 2 2 1 1 1600 4484 1601
540 2 2 1 1 3672 5024 4894
541 2 2 1 1 947 1214 3055
542 2 2 1 1 1373 5770 1374
543 2 2 1 1 826 5479 3814
544 2 2 1 1 3427 5597 2576
545 2 2 1 1 2254 4768 2255
546 2 2 1 1 4671 5329 3310
547 2 2 1 1 3400 5491 4867
548 2 2 1 1 4416 4707 3639
549 2 2 1 1 2283 5028 2284
550 2 2 1 1 1514 5076 1515
551 2 2 1 1 3360 5197 4016
552 2 2 1 1 1720 4951 3445
553 2 2 1 1 5367 5505 657
554 2 2 1 1 3503 5047 4559
555 2 2 1 1 4067 5342 4734
556 2 2 1 1 3253 4466 3252
557 2 2 1 1 3838 5317 4812
558 2 2 1 1 4078 5617 3615
559 2 2 1 1 4542 5665 4365
560 2 2 1 1 300 4143 301
561 2 2 1 1 1938 5431 3221
562 2 2 1 1 5060 5825 5466
563 2 2 1 1 3167 5690 3168
564 2 2 1 1 3474 5706 4495
565 2 2 1 1 417 5227 418
566 2 2 1 1 4337 4566 3293
567 2 2 1 1 4706 4920 3741
568 2 2 1 1 4099 4253 3506
569 2 2 1 1 1797 5502 1798
570 2 2 1 1 2391 5943 2471
571 2 2 1 1 2522 4340 3298
572 2 2 1 1 3942 5415 3507
573 2 2 1 1 4925 5304 5001
574 2 2 1 1 3115 5205 4677
575 2 2 1 1 1726 4003 1727
576 2 2 1 1 3507 4436 3942
577 2 2 1 1 798 3963 797
578 2 2 1 1 4617 5247 3418
579 2 2 1 1 4604 4757 3411
580 2 2 1 1 4618 5355 4149
581 2 2 1 1 4719 4813 3831
582 2 2 1 1 3090 5627 1419
583 2 2 1 1 259 4209 3079
584 2 2 1 1 1213 4595 3086
585 2 2 1 1 3372 3754 297
586 2 2 1 1 3201 5605 2551
587 2 2 1 1 4582 5619 3941
588 2 2 1 1 3496 5473 2271
589 2 2 1 1 3997 5170 4265
590 2 2 1 1 236 2968 2976
591 2 2 1 1 1913 4046 1911
592 2 2 1 1 2025 3991 2026
593 2 2 1 1 985 5544 986
594 2 2 1 1 2562 5090 1311
595 2 2 1 1 4038 5472 3316
596 2 2 1 1 3002 4714 3003
597 2 2 1 1 1806 4098 1807
598 2 2 1 1 429 428 460
599 2 2 1 1 1713 3987 639
600 2 2 1 1 3311 4503 3310
601 2 2 1 1 3211 4071 3212
602 2 2 1 1 4089 4133 1506
603 2 2 1 1 1712 3987 1713
604 2 2 1 1 2668 4352 2667
605 2 2 1 1 760 4023 761
606 2 2 1 1 3941 5807 4582
607 2 2 1 1 2495 5687 3242
608 2 2 1 1 3032 5420 780
609 2 2 1 1 3782 5103 5042
610 2 2 1 1 3411 5323 4604
611 2 2 1 1 2414 1420 2415
612 2 2 1 1 3027 5327 731
613 2 2 1 1 3477 5204 4110
614 2 2 1 1 380 4916 381
615 2 2 1 1 4677 5205 1206
616 2 2 1 1 4384 5198 5098
617 2 2 1 1 4457 4977 4540
618 2 2 1 1 3719 5613 5279
619 2 2 1 1 4499 5037 3460
620 2 2 1 1 370 5551 371
621 2 2 1 1 3957 4754 3631
622 2 2 1 1 4641 5296 4918
623 2 2 1 1 5170 5337 4265
624 2 2 1 1 1730 3828 1731
625 2 2 1 1 2173 1148 2174
626 2 2 1 1 1011 4587 1012
627 2 2 1 1 998 4912 1091
628 2 2 1 1 630 5968 631
629 2 2 1 1 3615 4810 4078
630 2 2 1 1 2615 4480 3096
631 2 2 1 1 2020 5088 4636
632 2 2 1 1 3173 4076 3174
633 2 2 1 1 1102 4128 4068
634 2 2 1 1 1240 3968 1241
635 2 2 1 1 2952 5107 194
636 2 2 1 1 3916 5123 3797
637 2 2 1 1 1943 5716 1942
638 2 2 1 1 4902 5833 4540
639 2 2 1 1 4357 4507 4493
640 2 2 1 1 637 4731 1715
641 2 2 1 1 4471 5462 3388
642 2 2 1 1 4236 4682 3406
643 2 2 1 1 3556 4567 4258
644 2 2 1 1 1576 4482 1577
645 2 2 1 1 3541 3936 2492
646 2 2 1 1 4577 5200 4802
647 2 2 1 1 4711 4856 3891
648 2 2 1 1 3685 5310 4751
649 2 2 1 1 1400 4017 1401
650 2 2 1 1 2331 4974 3558
651 2 2 1 1 3055 1214 3086
652 2 2 1 1 3719 5279 4238
653 2 2 1 1 730 5689 3027
654 2 2 1 1 867 1690 1689
655 2 2 1 1 938 4095 3260
656 2 2 1 1 4757 5949 3735
657 2 2 1 1 3942 5598 5415
658 2 2 1 1 3744 4828 3591
659 2 2 1 1 2053 4472 2054
660 2 2 1 1 4116 4604 3680
661 2 2 1 1 4386 4808 3916
662 2 2 1 1 4262 5031 3445
663 2 2 1 1 4867 5491 4491
664 2 2 1 1 4674 5364 3658
665 2 2 1 1 4526 4854 227
666 2 2 1 1 316 3654 3461
667 2 2 1 1 4368 5670 4471
668 2 2 1 1 4510 5252 3788
669 2 2 1 1 5336 5580 4351
670 2 2 1 1 4751 5288 3685
671 2 2 1 1 4925 5001 4876
672 2 2 1 1 2310 2309 1418
673 2 2 1 1 3213 4196 3431
674 2 2 1 1 3054 5779 1216
675 2 2 1 1 690 3913 691
676 2 2 1 1 274 5667 275
677 2 2 1 1 3459 5085 4996
678 2 2 1 1 4503 4671 3310
679 2 2 1 1 182 3754 3479
680 2 2 1 1 1016 5856 2094
681 2 2 1 1 4400 5298 4053
682 2 2 1 1 4829 5407 4264
683 2 2 1 1 5304 5978 3512
684 2 2 1 1 4540 5833 4457
685 2 2 1 1 3788 5252 3473
686 2 2 1 1 4219 5304 3512
687 2 2 1 1 4396 4682 3428
688 2 2 1 1 1021 3852 1022
689 2 2 1 1 245 5536 2969
690 2 2 1 1 2136 4703 2137
691 2 2 1 1 4502 4960 3998
692 2 2 1 1 1897 4759 1898
693 2 2 1 1 1087 4080 562
694 2 2 1 1 4758 5482 5149
695 2 2 1 1 1681 5715 3120
696 2 2 1 1 1127 5532 1128
697 2 2 1 1 1232 4451 199
698 2 2 1 1 1776 4627 1777
699 2 2 1 1 3718 5095 4725
700 2 2 1 1 3578 4769 4302
701 2 2 1 1 3003 5357 505
702 2 2 1 1 3067 5916 970
703 2 2 1 1 4009 4971 4843
704 2 2 1 1 562 3995 1087
705 2 2 1 1 3152 5078 4658
706 2 2 1 1 2261 3983 2262
707 2 2 1 1 4668 5193 4669
708 2 2 1 1 1331 4684 1332
709 2 2 1 1 803 4048 802
710 2 2 1 1 3886 4706 4501
711 2 2 1 1 2837 4877 3278
712 2 2 1 1 1456 4261 1443
713 2 2 1 1 1994 3934 1995
714 2 2 1 1 5143 5533 4600
715 2 2 1 1 2244 2130 2245
716 2 2 1 1 3701 5224 4313
717 2 2 1 1 3545 5214 4216
718 2 2 1 1 3658 5866 4674
719 2 2 1 1 1941 4261 1456
720 2 2 1 1 199 3872 1232
721 2 2 1 1 1837 1838 1158
722 2 2 1 1 4233 5140 4597
723 2 2 1 1 540 4686 541
724 2 2 1 1 1454 4546 1455
725 2 2 1 1 3858 5018 3771
726 2 2 1 1 1238 1035 1239
727 2 2 1 1 4963 5666 3684
728 2 2 1 1 4997 5986 3675
729 2 2 1 1 665 4539 1169
730 2 2 1 1 2514 5081 4464
731 2 2 1 1 4298 5085 3459
732 2 2 1 1 2696 2808 2695
733 2 2 1 1 4105 4696 4622
734 2 2 1 1 4419 4576 4292
735 2 2 1 1 289 5877 290
736 2 2 1 1 4843 5518 4842
737 2 2 1 1 3952 3956 3644
738 2 2 1 1 4433 5287 5188
739 2 2 1 1 4180 5303 4179
740 2 2 1 1 602 5935 3013
741 2 2 1 1 4849 5629 5141
742 2 2 1 1 3624 4305 3642
743 2 2 1 1 3878 4878 4181
744 2 2 1 1 3147 5909 2071
745 2 2 1 1 2031 4235 2032
746 2 2 1 1 3892 5753 5361
747 2 2 1 1 1181 4056 1182
748 2 2 1 1 798 4895 1279
749 2 2 1 1 4439 5699 5372
750 2 2 1 1 708 4093 709
751 2 2 1 1 2140 1605 1604
752 2 2 1 1 2971 5660 247
753 2 2 1 1 1900 4048 803
754 2 2 1 1 4631 5337 4621
755 2 2 1 1 3770 4758 3563
756 2 2 1 1 4658 5078 3702
757 2 2 1 1 4997 5519 4198
758 2 2 1 1 1657 3818 1658
759 2 2 1 1 2048 1954 1953
760 2 2 1 1 3026 4497 4322
761 2 2 1 1 611 360 612
762 2 2 1 1 845 5262 846
763 2 2 1 1 3907 5167 1924
764 2 2 1 1 2281 4188 2282
765 2 2 1 1 4597 4773 4037
766 2 2 1 1 3468 5118 3660
767 2 2 1 1 1279 3963 798
768 2 2 1 1 3596 5533 5112
769 2 2 1 1 5265 5491 3400
770 2 2 1 1 5184 5386 4584
771 2 2 1 1 4391 5358 4828
772 2 2 1 1 3562 5746 3954
773 2 2 1 1 2157 4409 2158
774 2 2 1 1 1157 1837 1158
775 2 2 1 1 1246 3967 1247
776 2 2 1 1 4421 5482 5382
777 2 2 1 1 4245 5880 4621
778 2 2 1 1 130 3819 3392
779 2 2 1 1 4009 5113 4008
780 2 2 1 1 836 4027 696
781 2 2 1 1 1083 5873 1084
782 2 2 1 1 3339 5425 3338
783 2 2 1 1 1637 858 1638
784 2 2 1 1 1232 3872 1233
785 2 2 1 1 4597 5374 4233
786 2 2 1 1 4404 5073 4021
787 2 2 1 1 3294 4337 3293
788 2 2 1 1 3536 3712 3675
789 2 2 1 1 4322 4497 3792
790 2 2 1 1 4563 5156 4371
791 2 2 1 1 282 236 2976
792 2 2 1 1 4390 5045 4532
793 2 2 1 1 3720 5071 4708
794 2 2 1 1 4479 5485 5260
795 2 2 1 1 3505 5218 4264
796 2 2 1 1 5372 5699 4865
797 2 2 1 1 3771 5692 4099
798 2 2 1 1 440 5341 2993
799 2 2 1 1 152 5677 5070
800 2 2 1 1 4711 5388 4485
801 2 2 1 1 4532 5479 4447
802 2 2 1 1 4521 5302 4129
803 2 2 1 1 4258 5397 4721
804 2 2 1 1 2755 3996 2756
805 2 2 1 1 4032 5398 4303
806 2 2 1 1 4426 5548 5449
807 2 2 1 1 1195 5220 4684
808 2 2 1 1 5060 5466 3600
809 2 2 1 1 3506 4253 3464
810 2 2 1 1 4522 5583 4893
811 2 2 1 1 2635 4507 2486
812 2 2 1 1 261 3078 262
813 2 2 1 1 2676 5488 3193
814 2 2 1 1 5409 5744 5362
815 2 2 1 1 3884 5931 5212
816 2 2 1 1 1699 4028 1700
817 2 2 1 1 1758 5112 3129
818 2 2 1 1 4426 5831 5548
819 2 2 1 1 4583 5145 4584
820 2 2 1 1 323 3893 324
821 2 2 1 1 429 5101 430
822 2 2 1 1 4253 5423 3464
823 2 2 1 1 2424 4903 2425
824 2 2 1 1 4012 5422 3821
825 2 2 1 1 933 4070 932
826 2 2 1 1 4277 5181 5021
827 2 2 1 1 4814 5115 4949
828 2 2 1 1 4530 4892 3601
829 2 2 1 1 4488 5155 4883
830 2 2 1 1 3162 5852 2240
831 2 2 1 1 2381 5969 2382
832 2 2 1 1 76 343 342
833 2 2 1 1 5886 5962 4559
834 2 2 1 1 3099 4339 3100
835 2 2 1 1 3886 5503 4706
836 2 2 1 1 4221 5908 5574
837 2 2 1 1 4335 4612 4563
838 2 2 1 1 3994 5763 3619
839 2 2 1 1 4151 4884 4607
840 2 2 1 1 2615 4861 2614
841 2 2 1 1 4668 5736 3356
842 2 2 1 1 2792 4192 2793
843 2 2 1 1 3186 2484 2483
844 2 2 1 1 1465 1464 2978
845 2 2 1 1 4963 5008 4964
846 2 2 1 1 226 5077 2964
847 2 2 1 1 4717 4751 4698
848 2 2 1 1 2825 5679 3321
849 2 2 1 1 3487 4798 1509
850 2 2 1 1 1562 5291 3102
851 2 2 1 1 395 5569 2984
852 2 2 1 1 5147 5958 5474
853 2 2 1 1 4708 5071 3189
854 2 2 1 1 2070 2069 1875
855 2 2 1 1 3505 4264 4263
856 2 2 1 1 5287 5462 4471
857 2 2 1 1 4624 5439 4625
858 2 2 1 1 3671 4921 4002
859 2 2 1 1 4269 5388 3661
860 2 2 1 1 5301 5609 4634
861 2 2 1 1 823 3559 824
862 2 2 1 1 3189 5071 2646
863 2 2 1 1 3673 5472 4449
864 2 2 1 1 3419 5749 4037
865 2 2 1 1 4708 4846 3447
866 2 2 1 1 4607 5871 4151
867 2 2 1 1 3845 4518 780
868 2 2 1 1 3716 5715 4090
869 2 2 1 1 4925 5303 4180
870 2 2 1 1 2271 4590 2272
871 2 2 1 1 1446 5947 1447
872 2 2 1 1 5031 5766 3089
873 2 2 1 1 4883 5054 3950
874 2 2 1 1 1416 4541 1417
875 2 2 1 1 5461 5801 4083
876 2 2 1 1 3218 4399 1944
877 2 2 1 1 1329 4064 1330
878 2 2 1 1 6 4742 239
879 2 2 1 1 2859 5430 4167
880 2 2 1 1 724 4497 3026
881 2 2 1 1 3168 5690 4644
882 2 2 1 1 3874 5551 4571
883 2 2 1 1 283 2967 284
884 2 2 1 1 5361 5753 4228
885 2 2 1 1 3131 5319 4081
886 2 2 1 1 1716 5399 3560
887 2 2 1 1 2953 5107 498
888 2 2 1 1 3142 5194 1935
889 2 2 1 1 4994 5398 5397
890 2 2 1 1 4319 4337 3294
891 2 2 1 1 4721 5534 4258
892 2 2 1 1 5424 5447 4456
893 2 2 1 1 5474 5958 5167
894 2 2 1 1 4270 4460 4194
895 2 2 1 1 2928 3499 2913
896 2 2 1 1 3835 5564 5037
897 2 2 1 1 4116 5866 3681
898 2 2 1 1 4793 5772 3585
899 2 2 1 1 2845 4827 2846
900 2 2 1 1 719 5389 1579
901 2 2 1 1 2513 5081 2514
902 2 2 1 1 1993 4496 1994
903 2 2 1 1 1392 4305 1393
904 2 2 1 1 4347 5533 5143
905 2 2 1 1 4593 5836 3552
906 2 2 1 1 2413 4979 1421
907 2 2 1 1 4033 5398 4032
908 2 2 1 1 846 5334 847
909 2 2 1 1 972 4005 973
910 2 2 1 1 885 4080 868
911 2 2 1 1 872 5935 602
912 2 2 1 1 4640 4641 4588
913 2 2 1 1 5449 5548 5234
914 2 2 1 1 3777 4567 3556
915 2 2 1 1 3147 4801 4374
916 2 2 1 1 1735 4352 1736
917 2 2 1 1 3100 5130 1554
918 2 2 1 1 1166 4922 666
919 2 2 1 1 235 5093 2966
920 2 2 1 1 2361 4765 2362
921 2 2 1 1 204 5193 3356
922 2 2 1 1 4216 5214 2078
923 2 2 1 1 3491 4460 4270
924 2 2 1 1 5212 5931 4187
925 2 2 1 1 2643 4827 2644
926 2 2 1 1 866 5413 1691
927 2 2 1 1 670 832 831
928 2 2 1 1 1585 5618 3104
929 2 2 1 1 2886 3767 3493
930 2 2 1 1 1724 5294 1725
931 2 2 1 1 4390 5358 3390
932 2 2 1 1 4634 5739 5017
933 2 2 1 1 4100 5189 2955
934 2 2 1 1 5328 5668 4603
935 2 2 1 1 3913 4607 691
936 2 2 1 1 4625 5439 5092
937 2 2 1 1 4690 4999 3496
938 2 2 1 1 1927 4880 1928
939 2 2 1 1 451 5109 452
940 2 2 1 1 4918 5128 4351
941 2 2 1 1 3309 4123 1907
942 2 2 1 1 4779 5181 4301
943 2 2 1 1 4959 5027 3636
944 2 2 1 1 817 5765 1186
945 2 2 1 1 3905 5383 5277
946 2 2 1 1 3340 5535 4960
947 2 2 1 1 3106 5370 1141
948 2 2 1 1 3693 5256 3578
949 2 2 1 1 1604 5062 2140
950 2 2 1 1 1235 4711 3891
951 2 2 1 1 829 4026 830
952 2 2 1 1 2687 5404 2688
953 2 2 1 1 2423 5313 2424
954 2 2 1 1 4073 5425 5138
955 2 2 1 1 3038 5114 4027
956 2 2 1 1 3128 4821 1752
957 2 2 1 1 4393 5027 4959
958 2 2 1 1 152 5804 153
959 2 2 1 1 2256 2255 1795
960 2 2 1 1 3355 5462 5287
961 2 2 1 1 4818 5786 4787
962 2 2 1 1 1150 5493 1151
963 2 2 1 1 3187 4510 2637
964 2 2 1 1 4268 4752 3483
965 2 2 1 1 2640 4569 2641
966 2 2 1 1 700 4168 3023
967 2 2 1 1 1094 4978 87
968 2 2 1 1 3952 5668 5328
969 2 2 1 1 2112 5024 3150
970 2 2 1 1 4281 4838 160
971 2 2 1 1 3619 4647 3994
972 2 2 1 1 512 4296 3004
973 2 2 1 1 691 4607 3021
974 2 2 1 1 3622 5804 5070
975 2 2 1 1 3196 3941 2782
976 2 2 1 1 4735 5377 5083
977 2 2 1 1 310 5235 311
978 2 2 1 1 1109 4092 1110
979 2 2 1 1 3224 2535 3177
980 2 2 1 1 4050 5165 3091
981 2 2 1 1 3082 4835 1184
982 2 2 1 1 803 4247 1900
983 2 2 1 1 3749 5448 3618
984 2 2 1 1 917 4699 3046
985 2 2 1 1 1369 3739 3692
986 2 2 1 1 908 4000 909
987 2 2 1 1 3120 5281 1682
988 2 2 1 1 4468 5173 3515
989 2 2 1 1 1137 5347 4355
990 2 2 1 1 1456 5210 1941
991 2 2 1 1 4110 4776 3477
992 2 2 1 1 4714 5858 3003
993 2 2 1 1 4372 5001 4370
994 2 2 1 1 1533 1546 3137
995 2 2 1 1 3089 5766 1364
996 2 2 1 1 3247 3389 940
997 2 2 1 1 5015 5908 4221
998 2 2 1 1 340 3690 341
999 2 2 1 1 1084 5541 1085
1000 2 2 1 1 3007 3701 559
1001 2 2 1 1 3092 3616 1430
1002 2 2 1 1 4622 4914 4105
1003 2 2 1 1 1434 5064 1435
1004 2 2 1 1 3126 5141 3127
1005 2 2 1 1 2966 5311 2967
1006 2 2 1 1 3399 5179 4814
1007 2 2 1 1 1503 4010 1504
1008 2 2 1 1 505 4820 506
1009 2 2 1 1 1992 3727 1993
1010 2 2 1 1 4829 5745 5407
1011 2 2 1 1 347 3816 348
1012 2 2 1 1 761 5499 762
1013 2 2 1 1 3158 4977 2207
1014 2 2 1 1 5138 5241 4073
1015 2 2 1 1 3860 4856 4485
1016 2 2 1 1 819 4084 820
1017 2 2 1 1 875 3439 876
1018 2 2 1 1 877 3439 878
1019 2 2 1 1 4746 5299 3837
1020 2 2 1 1 1795 2255 1796
1021 2 2 1 1 2047 1954 2048
1022 2 2 1 1 4709 5931 3884
1023 2 2 1 1 4883 5705 4039
1024 2 2 1 1 2080 4955 2081
1025 2 2 1 1 4172 5336 3341
1026 2 2 1 1 3552 5836 5129
1027 2 2 1 1 1013 5391 1014
1028 2 2 1 1 4020 5103 159
1029 2 2 1 1 493 5680 494
1030 2 2 1 1 4154 5357 3003
1031 2 2 1 1 3343 4891 4184
1032 2 2 1 1 4464 5081 3518
1033 2 2 1 1 3154 1882 1881
1034 2 2 1 1 4178 4910 4872
1035 2 2 1 1 5260 5485 4289
1036 2 2 1 1 4544 5516 3912
1037 2 2 1 1 263 4822 264
1038 2 2 1 1 1960 5270 3387
1039 2 2 1 1 1994 4496 3934
1040 2 2 1 1 1271 4988 1272
1041 2 2 1 1 3048 5630 3049
1042 2 2 1 1 1679 5152 1680
1043 2 2 1 1 4335 4563 3664
1044 2 2 1 1 2289 4481 2290
1045 2 2 1 1 2386 4527 2387
1046 2 2 1 1 3025 5058 702
1047 2 2 1 1 1687 4887 3776
1048 2 2 1 1 1821 1365 1822
1049 2 2 1 1 4184 4999 4690
1050 2 2 1 1 3014 5495 3015
1051 2 2 1 1 45 4297 46
1052 2 2 1 1 1761 4599 4389
1053 2 2 1 1 4354 5701 3571
1054 2 2 1 1 4365 5270 4610
1055 2 2 1 1 3312 5108 4868
1056 2 2 1 1 378 4043 379
1057 2 2 1 1 1418 5455 3090
1058 2 2 1 1 3399 5749 5179
1059 2 2 1 1 3966 5683 4670
1060 2 2 1 1 3604 5511 4778
1061 2 2 1 1 3957 5272 4754
1062 2 2 1 1 167 5712 168
1063 2 2 1 1 4534 5573 4808
1064 2 2 1 1 2487 4507 4357
1065 2 2 1 1 4132 5132 593
1066 2 2 1 1 4682 5872 3428
1067 2 2 1 1 3624 3642 3524
1068 2 2 1 1 1957 4524 1958
1069 2 2 1 1 2182 4041 3156
1070 2 2 1 1 2536 5452 3177
1071 2 2 1 1 740 3367 741
1072 2 2 1 1 3798 5245 4815
1073 2 2 1 1 2948 404 2949
1074 2 2 1 1 3240 4917 3239
1075 2 2 1 1 3026 4322 725
1076 2 2 1 1 3042 600 599
1077 2 2 1 1 2300 3876 2301
1078 2 2 1 1 5518 5643 3794
1079 2 2 1 1 1736 5048 1737
1080 2 2 1 1 4021 5073 3621
1081 2 2 1 1 4708 5671 4846
1082 2 2 1 1 151 5677 152
1083 2 2 1 1 3445 5031 3940
1084 2 2 1 1 3304 5040 2834
1085 2 2 1 1 4574 5299 4463
1086 2 2 1 1 1375 4665 1376
1087 2 2 1 1 4571 5423 3874
1088 2 2 1 1 5016 5333 5015
1089 2 2 1 1 5182 5876 4254
1090 2 2 1 1 4513 5558 3599
1091 2 2 1 1 2222 1308 2223
1092 2 2 1 1 2873 4077 2872
1093 2 2 1 1 4806 5358 4390
1094 2 2 1 1 91 90 1682
1095 2 2 1 1 2215 4834 2216
1096 2 2 1 1 4900 5651 4287
1097 2 2 1 1 1234 4711 1235
1098 2 2 1 1 4067 5682 5342
1099 2 2 1 1 663 3795 664
1100 2 2 1 1 4351 5542 4918
1101 2 2 1 1 3673 5182 4985
1102 2 2 1 1 3253 5237 4466
1103 2 2 1 1 3261 5547 2835
1104 2 2 1 1 3524 3642 2029
1105 2 2 1 1 3006 5930 4757
1106 2 2 1 1 4335 5138 4612
1107 2 2 1 1 4142 5411 4670
1108 2 2 1 1 3268 4418 3267
1109 2 2 1 1 2870 5582 2869
1110 2 2 1 1 3514 5407 4132
1111 2 2 1 1 1594 5010 1595
1112 2 2 1 1 1182 5114 3080
1113 2 2 1 1 4132 5407 5132
1114 2 2 1 1 1788 4108 1789
1115 2 2 1 1 403 5577 404
1116 2 2 1 1 4085 4132 593
1117 2 2 1 1 1672 4047 1673
1118 2 2 1 1 3194 4007 2675
1119 2 2 1 1 4294 5739 5609
1120 2 2 1 1 3525 5447 4230
1121 2 2 1 1 2183 3972 2184
1122 2 2 1 1 4227 4955 3791
1123 2 2 1 1 3581 5366 3839
1124 2 2 1 1 4150 5224 3701
1125 2 2 1 1 4472 5344 3841
1126 2 2 1 1 4121 5550 4041
1127 2 2 1 1 4964 5571 4149
1128 2 2 1 1 3506 5226 4099
1129 2 2 1 1 448 4800 449
1130 2 2 1 1 3797 4386 3916
1131 2 2 1 1 1097 4282 1098
1132 2 2 1 1 692 4811 693
1133 2 2 1 1 3821 5422 4852
1134 2 2 1 1 3823 4763 4606
1135 2 2 1 1 4456 5447 5058
1136 2 2 1 1 3704 5981 4973
1137 2 2 1 1 3211 5547 5409
1138 2 2 1 1 1235 3891 1236
1139 2 2 1 1 4145 4183 3495
1140 2 2 1 1 4812 5317 4272
1141 2 2 1 1 2990 5151 431
1142 2 2 1 1 1612 5967 1613
1143 2 2 1 1 1839 4185 1840
1144 2 2 1 1 4084 5339 820
1145 2 2 1 1 2373 5163 2374
1146 2 2 1 1 1091 4408 998
1147 2 2 1 1 4524 4653 3736
1148 2 2 1 1 4463 5299 4746
1149 2 2 1 1 4407 4965 2958
1150 2 2 1 1 4808 5573 3806
1151 2 2 1 1 1804 5464 1805
1152 2 2 1 1 1341 3789 1342
1153 2 2 1 1 245 2527 2526
1154 2 2 1 1 3310 5329 3309
1155 2 2 1 1 5002 5024 2112
1156 2 2 1 1 3109 5380 1594
1157 2 2 1 1 3440 5123 3916
1158 2 2 1 1 4056 5114 1182
1159 2 2 1 1 4374 4801 3810
1160 2 2 1 1 87 4978 88
1161 2 2 1 1 2718 5071 2719
1162 2 2 1 1 1506 4133 1507
1163 2 2 1 1 4674 5866 5229
1164 2 2 1 1 2270 3496 2271
1165 2 2 1 1 5156 5344 4371
1166 2 2 1 1 4373 4634 3686
1167 2 2 1 1 1743 5800 1744
1168 2 2 1 1 1594 5380 4311
1169 2 2 1 1 3709 4468 3515
1170 2 2 1 1 1790 4449 1791
1171 2 2 1 1 2999 5101 460
1172 2 2 1 1 3912 5261 4544
1173 2 2 1 1 2103 4300 2104
1174 2 2 1 1 3201 5293 2789
1175 2 2 1 1 4635 4717 3789
1176 2 2 1 1 4145 5249 4183
1177 2 2 1 1 4960 5638 3998
1178 2 2 1 1 4478 4479 4443
1179 2 2 1 1 1895 4487 1896
1180 2 2 1 1 2716 2647 2717
1181 2 2 1 1 3868 5333 5016
1182 2 2 1 1 3169 5912 2443
1183 2 2 1 1 5083 5377 4026
1184 2 2 1 1 4141 5614 4990
1185 2 2 1 1 2471 5943 2472
1186 2 2 1 1 524 4905 525
1187 2 2 1 1 2879 4898 3066
1188 2 2 1 1 432 5158 3236
1189 2 2 1 1 2129 5686 2130
1190 2 2 1 1 2445 4545 2446
1191 2 2 1 1 2893 3861 3134
1192 2 2 1 1 4081 4599 3131
1193 2 2 1 1 4037 5749 3629
1194 2 2 1 1 4426 5449 3085
1195 2 2 1 1 4304 5736 3850
1196 2 2 1 1 4535 5883 3617
1197 2 2 1 1 3295 4319 3294
1198 2 2 1 1 244 2527 245
1199 2 2 1 1 4429 4483 3593
1200 2 2 1 1 4251 5701 4845
1201 2 2 1 1 605 3943 606
1202 2 2 1 1 3085 5449 3898
1203 2 2 1 1 1715 4731 3122
1204 2 2 1 1 1918 1372 1919
1205 2 2 1 1 3715 3757 462
1206 2 2 1 1 1840 5631 1841
1207 2 2 1 1 2606 5488 3185
1208 2 2 1 1 5181 5588 4301
1209 2 2 1 1 2388 5119 2153
1210 2 2 1 1 4845 4878 4251
1211 2 2 1 1 3964 5162 3562
1212 2 2 1 1 5609 5739 4634
1213 2 2 1 1 4985 5182 4254
1214 2 2 1 1 1048 4819 1049
1215 2 2 1 1 2761 4525 2762
1216 2 2 1 1 4508 5329 5047
1217 2 2 1 1 4725 5095 3509
1218 2 2 1 1 2698 3246 2697
1219 2 2 1 1 1718 4567 1719
1220 2 2 1 1 2438 4692 2439
1221 2 2 1 1 2204 5763 3157
1222 2 2 1 1 4859 5461 4083
1223 2 2 1 1 2440 4102 2441
1224 2 2 1 1 253 4991 2972
1225 2 2 1 1 4581 5244 2132
1226 2 2 1 1 1554 5183 1555
1227 2 2 1 1 3571 4913 4354
1228 2 2 1 1 2508 5902 3296
1229 2 2 1 1 4296 4478 4443
1230 2 2 1 1 4839 5170 3997
1231 2 2 1 1 4981 5130 3443
1232 2 2 1 1 3166 3831 2375
1233 2 2 1 1 3449 4886 4885
1234 2 2 1 1 254 5890 255
1235 2 2 1 1 1821 1366 1365
1236 2 2 1 1 4216 5287 3545
1237 2 2 1 1 459 5166 2999
1238 2 2 1 1 4996 5085 4162
1239 2 2 1 1 3405 5260 1934
1240 2 2 1 1 603 5219 604
1241 2 2 1 1 4532 5045 3529
1242 2 2 1 1 4532 5353 3393
1243 2 2 1 1 3616 5784 4662
1244 2 2 1 1 4582 5774 5619
1245 2 2 1 1 3393 5479 4532
1246 2 2 1 1 712 4458 713
1247 2 2 1 1 4571 5551 3497
1248 2 2 1 1 1319 4118 1320
1249 2 2 1 1 3964 5854 5162
1250 2 2 1 1 711 3835 712
1251 2 2 1 1 1175 5231 1176
1252 2 2 1 1 122 5338 123
1253 2 2 1 1 465 5075 466
1254 2 2 1 1 3663 5780 4349
1255 2 2 1 1 669 832 670
1256 2 2 1 1 159 4297 4020
1257 2 2 1 1 565 5875 884
1258 2 2 1 1 4204 5672 4872
1259 2 2 1 1 1592 5610 1593
1260 2 2 1 1 3697 5335 3943
1261 2 2 1 1 4889 5146 4396
1262 2 2 1 1 4198 5921 2084
1263 2 2 1 1 5229 5866 4455
1264 2 2 1 1 3330 4862 3833
1265 2 2 1 1 4651 4900 4287
1266 2 2 1 1 379 5478 2980
1267 2 2 1 1 3100 5820 3713
1268 2 2 1 1 2451 5280 2452
1269 2 2 1 1 1461 3974 274
1270 2 2 1 1 3225 3644 2504
1271 2 2 1 1 1544 4619 1848
1272 2 2 1 1 2859 5694 2858
1273 2 2 1 1 1320 5984 3442
1274 2 2 1 1 1054 2172 2171
1275 2 2 1 1 1283 4558 1268
1276 2 2 1 1 1364 4908 1365
1277 2 2 1 1 3015 5495 4570
1278 2 2 1 1 4737 5278 4253
1279 2 2 1 1 2246 4362 2247
1280 2 2 1 1 269 3402 270
1281 2 2 1 1 3390 5358 4391
1282 2 2 1 1 4196 5514 3431
1283 2 2 1 1 3863 5189 4100
1284 2 2 1 1 125 4783 126
1285 2 2 1 1 4721 5397 4033
1286 2 2 1 1 1636 5290 859
1287 2 2 1 1 4230 4473 3511
1288 2 2 1 1 5021 5181 3359
1289 2 2 1 1 718 5389 719
1290 2 2 1 1 2066 3436 3362
1291 2 2 1 1 2442 3883 3169
1292 2 2 1 1 4350 5401 1212
1293 2 2 1 1 2514 5275 2515
1294 2 2 1 1 779 5752 3108
1295 2 2 1 1 4574 5557 5299
1296 2 2 1 1 1128 5297 1129
1297 2 2 1 1 5034 5191 3539
1298 2 2 1 1 3045 5657 911
1299 2 2 1 1 549 4025 878
1300 2 2 1 1 4749 5634 4009
1301 2 2 1 1 4349 4500 3663
1302 2 2 1 1 795 4106 3331
1303 2 2 1 1 3536 3675 3365
1304 2 2 1 1 4955 5085 4298
1305 2 2 1 1 4033 5396 4721
1306 2 2 1 1 4213 4802 3457
1307 2 2 1 1 5299 5557 4939
1308 2 2 1 1 2068 5851 2051
1309 2 2 1 1 3246 4343 2697
1310 2 2 1 1 2579 4453 2580
1311 2 2 1 1 2536 2537 2654
1312 2 2 1 1 3943 5335 4437
1313 2 2 1 1 464 5406 4656
1314 2 2 1 1 3524 4537 3624
1315 2 2 1 1 221 5384 222
1316 2 2 1 1 2268 3919 2269
1317 2 2 1 1 1303 4037 3629
1318 2 2 1 1 1715 5647 637
1319 2 2 1 1 4707 5951 5849
1320 2 2 1 1 1301 3707 1302
1321 2 2 1 1 3584 5118 4611
1322 2 2 1 1 4634 5017 3686
1323 2 2 1 1 4315 5705 5055
1324 2 2 1 1 4039 5705 4315
1325 2 2 1 1 3013 4061 603
1326 2 2 1 1 569 5955 579
1327 2 2 1 1 4959 5424 4456
1328 2 2 1 1 1717 5625 1718
1329 2 2 1 1 2941 4199 2942
1330 2 2 1 1 1759 5036 3130
1331 2 2 1 1 3500 5122 4276
1332 2 2 1 1 3391 5344 4472
1333 2 2 1 1 2203 4197 2204
1334 2 2 1 1 2486 4507 2487
1335 2 2 1 1 1205 4677 1206
1336 2 2 1 1 1619 5466 1620
1337 2 2 1 1 3077 5335 1100
1338 2 2 1 1 1013 4030 3683
1339 2 2 1 1 4663 4896 3350
1340 2 2 1 1 778 5380 3030
1341 2 2 1 1 749 3866 734
1342 2 2 1 1 4051 5617 2288
1343 2 2 1 1 2084 5921 4580
1344 2 2 1 1 4530 5427 4892
1345 2 2 1 1 2483 5590 3186
1346 2 2 1 1 2742 5936 2743
1347 2 2 1 1 3155 5171 2173
1348 2 2 1 1 4597 5857 4773
1349 2 2 1 1 2104 5382 2105
1350 2 2 1 1 388 3953 389
1351 2 2 1 1 1969 4400 1970
1352 2 2 1 1 3927 4522 4440
1353 2 2 1 1 1420 1419 2415
1354 2 2 1 1 1417 4541 2312
1355 2 2 1 1 1561 4840 3101
1356 2 2 1 1 3091 5406 4050
1357 2 2 1 1 2149 4446 2150
1358 2 2 1 1 4814 5164 5115
1359 2 2 1 1 762 5499 4968
1360 2 2 1 1 2977 5063 2978
1361 2 2 1 1 3811 4284 3757
1362 2 2 1 1 3627 5278 4737
1363 2 2 1 1 2380 5258 2381
1364 2 2 1 1 126 4783 4414
1365 2 2 1 1 769 5333 770
1366 2 2 1 1 4611 5835 169
1367 2 2 1 1 4611 5207 3584
1368 2 2 1 1 3472 5801 5461
1369 2 2 1 1 3193 4450 3194
1370 2 2 1 1 3927 4440 71
1371 2 2 1 1 1671 5560 5559
1372 2 2 1 1 4898 5190 4946
1373 2 2 1 1 2070 4801 3147
1374 2 2 1 1 3717 5347 4518
1375 2 2 1 1 657 5505 4109
1376 2 2 1 1 3955 3964 3562
1377 2 2 1 1 610 5553 3014
1378 2 2 1 1 1206 5205 3083
1379 2 2 1 1 3576 5138 4335
1380 2 2 1 1 1628 5548 1629
1381 2 2 1 1 3221 4847 1827
1382 2 2 1 1 3508 4304 3850
1383 2 2 1 1 3628 5007 5004
1384 2 2 1 1 3175 5202 3132
1385 2 2 1 1 2353 4606 2354
1386 2 2 1 1 4001 5519 4997
1387 2 2 1 1 4053 5622 4400
1388 2 2 1 1 138 5160 377
1389 2 2 1 1 4081 5319 3750
1390 2 2 1 1 4270 5931 3491
1391 2 2 1 1 555 4780 556
1392 2 2 1 1 1847 5211 4107
1393 2 2 1 1 4167 5694 2859
1394 2 2 1 1 106 212 211
1395 2 2 1 1 1927 5439 4880
1396 2 2 1 1 5055 5693 4315
1397 2 2 1 1 2975 5094 282
1398 2 2 1 1 888 5087 889
1399 2 2 1 1 4372 5344 4875
1400 2 2 1 1 2871 5300 3216
1401 2 2 1 1 3077 5201 4437
1402 2 2 1 1 3869 5732 5054
1403 2 2 1 1 4311 5010 1594
1404 2 2 1 1 3921 5661 1705
1405 2 2 1 1 4494 5310 3685
1406 2 2 1 1 1445 3929 1446
1407 2 2 1 1 4567 4994 4258
1408 2 2 1 1 2455 1818 1817
1409 2 2 1 1 3564 5070 4790
1410 2 2 1 1 2592 4008 3674
1411 2 2 1 1 3285 5341 440
1412 2 2 1 1 4317 4574 3437
1413 2 2 1 1 220 5495 2961
1414 2 2 1 1 4366 5666 4963
1415 2 2 1 1 3040 5451 860
1416 2 2 1 1 2272 3555 2273
1417 2 2 1 1 5300 5847 5043
1418 2 2 1 1 3152 4658 3153
1419 2 2 1 1 3617 5717 4535
1420 2 2 1 1 835 5460 3038
1421 2 2 1 1 3520 4416 3639
1422 2 2 1 1 5691 5845 3493
1423 2 2 1 1 115 5883 116
1424 2 2 1 1 959 4159 441
1425 2 2 1 1 4734 5581 3555
1426 2 2 1 1 2364 4464 2365
1427 2 2 1 1 2929 4170 2930
1428 2 2 1 1 2604 3375 2591
1429 2 2 1 1 169 5440 4611
1430 2 2 1 1 3635 4639 3926
1431 2 2 1 1 4255 4822 3908
1432 2 2 1 1 4422 5264 556
1433 2 2 1 1 450 5762 4520
1434 2 2 1 1 4442 5887 4296
1435 2 2 1 1 1966 5115 1967
1436 2 2 1 1 3071 4005 972
1437 2 2 1 1 4424 5849 4065
1438 2 2 1 1 3963 4862 4106
1439 2 2 1 1 3601 5934 4530
1440 2 2 1 1 1968 5298 1969
1441 2 2 1 1 3679 5783 5134
1442 2 2 1 1 2448 5147 2449
1443 2 2 1 1 1272 5587 1273
1444 2 2 1 1 4195 5122 4453
1445 2 2 1 1 5141 5629 3800
1446 2 2 1 1 1745 5589 2352
1447 2 2 1 1 523 4920 524
1448 2 2 1 1 4508 5047 3503
1449 2 2 1 1 4287 5651 4288
1450 2 2 1 1 4272 5386 4812
1451 2 2 1 1 2575 3427 2576
1452 2 2 1 1 3701 5408 4150
1453 2 2 1 1 1286 5695 1287
1454 2 2 1 1 114 3617 115
1455 2 2 1 1 3468 5835 4611
1456 2 2 1 1 3926 4880 3635
1457 2 2 1 1 1646 3969 1647
1458 2 2 1 1 4118 5984 1320
1459 2 2 1 1 3744 4980 552
1460 2 2 1 1 3459 4996 4198
1461 2 2 1 1 5382 5482 3542
1462 2 2 1 1 1831 5091 1830
1463 2 2 1 1 4534 4808 4386
1464 2 2 1 1 3331 4862 3330
1465 2 2 1 1 1492 4799 3097
1466 2 2 1 1 3035 5616 818
1467 2 2 1 1 3571 5701 4857
1468 2 2 1 1 3049 5630 5227
1469 2 2 1 1 4399 5524 3928
1470 2 2 1 1 4099 4737 4253
1471 2 2 1 1 3754 5948 3479
1472 2 2 1 1 318 5507 319
1473 2 2 1 1 4300 5895 2104
1474 2 2 1 1 5382 5895 4421
1475 2 2 1 1 648 3663 649
1476 2 2 1 1 3591 4828 4441
1477 2 2 1 1 2206 4902 4540
1478 2 2 1 1 291 368 292
1479 2 2 1 1 484 5644 3000
1480 2 2 1 1 4131 5377 4826
1481 2 2 1 1 3694 4483 1402
1482 2 2 1 1 5619 5774 4475
1483 2 2 1 1 3572 3825 3536
1484 2 2 1 1 4246 5170 4839
1485 2 2 1 1 5134 5783 3574
1486 2 2 1 1 2463 5354 3170
1487 2 2 1 1 3208 5425 3339
1488 2 2 1 1 2033 4848 2034
1489 2 2 1 1 640 5357 641
1490 2 2 1 1 3963 4958 4862
1491 2 2 1 1 2464 5828 5080
1492 2 2 1 1 3081 5295 1183
1493 2 2 1 1 4493 4507 2634
1494 2 2 1 1 4726 5876 5182
1495 2 2 1 1 3019 5218 665
1496 2 2 1 1 308 5201 309
1497 2 2 1 1 585 5100 584
1498 2 2 1 1 5142 5516 4544
1499 2 2 1 1 3242 5421 3241
1500 2 2 1 1 3811 4844 4284
1501 2 2 1 1 3161 5064 2239
1502 2 2 1 1 3883 4582 4394
1503 2 2 1 1 1669 5288 1670
1504 2 2 1 1 4707 5273 3639
1505 2 2 1 1 4973 5392 3704
1506 2 2 1 1 4371 5344 4372
1507 2 2 1 1 4322 4961 4323
1508 2 2 1 1 2173 5704 1148
1509 2 2 1 1 942 4023 3764
1510 2 2 1 1 1565 4821 1566
1511 2 2 1 1 500 4234 501
1512 2 2 1 1 321 5257 322
1513 2 2 1 1 4692 5313 3986
1514 2 2 1 1 2557 5719 2558
1515 2 2 1 1 5085 5753 4162
1516 2 2 1 1 4174 5366 3581
1517 2 2 1 1 3501 5504 5003
1518 2 2 1 1 5278 5834 4253
1519 2 2 1 1 3456 4914 4622
1520 2 2 1 1 2478 5146 2479
1521 2 2 1 1 702 5058 4231
1522 2 2 1 1 1688 3776 854
1523 2 2 1 1 3389 5643 4971
1524 2 2 1 1 4971 5643 4843
1525 2 2 1 1 3651 5134 3574
1526 2 2 1 1 4576 5200 3376
1527 2 2 1 1 3240 5020 4917
1528 2 2 1 1 3887 5951 4707
1529 2 2 1 1 3346 5317 3838
1530 2 2 1 1 3555 5581 4652
1531 2 2 1 1 213 4407 2958
1532 2 2 1 1 2595 5750 3149
1533 2 2 1 1 1342 4698 1343
1534 2 2 1 1 4176 5214 3545
1535 2 2 1 1 3376 5200 4577
1536 2 2 1 1 639 5867 1713
1537 2 2 1 1 4826 5377 4761
1538 2 2 1 1 2141 5029 2142
1539 2 2 1 1 1427 4656 1428
1540 2 2 1 1 139 4701 140
1541 2 2 1 1 5388 5481 4485
1542 2 2 1 1 3211 5409 4071
1543 2 2 1 1 3560 5399 5398
1544 2 2 1 1 3712 3885 3675
1545 2 2 1 1 403 5161 162
1546 2 2 1 1 5003 5639 3501
1547 2 2 1 1 4414 4783 3471
1548 2 2 1 1 114 4032 3617
1549 2 2 1 1 4805 5617 4078
1550 2 2 1 1 4737 5903 3627
1551 2 2 1 1 5347 5534 4518
1552 2 2 1 1 3911 4987 3278
1553 2 2 1 1 3325 4533 3324
1554 2 2 1 1 2479 4889 2480
1555 2 2 1 1 2464 5080 4837
1556 2 2 1 1 3916 5137 4205
1557 2 2 1 1 4231 4730 702
1558 2 2 1 1 3956 4361 3547
1559 2 2 1 1 1328 4014 1329
1560 2 2 1 1 3544 4647 1355
1561 2 2 1 1 4519 5652 5145
1562 2 2 1 1 3791 4983 4409
1563 2 2 1 1 3764 4629 942
1564 2 2 1 1 1435 5064 3161
1565 2 2 1 1 3076 5201 3077
1566 2 2 1 1 1006 5198 1007
1567 2 2 1 1 3351 4839 4439
1568 2 2 1 1 3086 4595 948
1569 2 2 1 1 3485 5164 4814
1570 2 2 1 1 4305 5900 3642
1571 2 2 1 1 2952 5512 5107
1572 2 2 1 1 4520 5762 4435
1573 2 2 1 1 2398 5271 2399
1574 2 2 1 1 556 5264 557
1575 2 2 1 1 4674 5229 3374
1576 2 2 1 1 1147 4723 2174
1577 2 2 1 1 592 5428 591
1578 2 2 1 1 3651 4199 2941
1579 2 2 1 1 664 4829 3019
1580 2 2 1 1 1750 4118 1319
1581 2 2 1 1 3744 5450 4828
1582 2 2 1 1 4361 5414 3547
1583 2 2 1 1 1030 4416 1031
1584 2 2 1 1 3547 4133 4089
1585 2 2 1 1 4641 4918 4588
1586 2 2 1 1 3563 4932 3770
1587 2 2 1 1 140 5505 141
1588 2 2 1 1 4863 5191 5034
1589 2 2 1 1 5015 5333 3609
1590 2 2 1 1 3876 5672 4204
1591 2 2 1 1 4620 5130 3975
1592 2 2 1 1 3986 5901 4692
1593 2 2 1 1 2914 4039 3438
1594 2 2 1 1 2956 5189 4788
1595 2 2 1 1 4012 5953 5414
1596 2 2 1 1 2080 4983 4955
1597 2 2 1 1 54 3931 55
1598 2 2 1 1 3132 4340 3175
1599 2 2 1 1 113 4032 114
1600 2 2 1 1 5409 5547 4240
1601 2 2 1 1 4357 4493 3640
1602 2 2 1 1 4563 5591 3664
1603 2 2 1 1 2130 5686 2245
1604 2 2 1 1 2395 4466 4192
1605 2 2 1 1 4880 5439 3993
1606 2 2 1 1 4434 5725 4746
1607 2 2 1 1 5001 5304 4219
1608 2 2 1 1 5307 5788 4260
1609 2 2 1 1 4246 4839 4420
1610 2 2 1 1 486 5376 487
1611 2 2 1 1 3407 5845 5691
1612 2 2 1 1 2084 4580 2085
1613 2 2 1 1 2703 4944 3249
1614 2 2 1 1 4649 4650 3432
1615 2 2 1 1 642 4154 643
1616 2 2 1 1 828 4299 4018
1617 2 2 1 1 1965 5777 1966
1618 2 2 1 1 4453 5122 3500
1619 2 2 1 1 1252 4116 1253
1620 2 2 1 1 665 5218 4539
1621 2 2 1 1 1878 4117 1879
1622 2 2 1 1 1285 4119 1286
1623 2 2 1 1 3547 5414 4133
1624 2 2 1 1 3775 4302 2642
1625 2 2 1 1 4178 4872 4834
1626 2 2 1 1 4783 5670 3471
1627 2 2 1 1 1433 4121 1434
1628 2 2 1 1 1380 4224 1381
1629 2 2 1 1 2107 4758 3770
1630 2 2 1 1 2205 4902 2206
1631 2 2 1 1 4868 5108 4697
1632 2 2 1 1 4635 5560 4717
1633 2 2 1 1 4264 5218 4829
1634 2 2 1 1 4283 4818 4347
1635 2 2 1 1 3511 5603 4230
1636 2 2 1 1 5139 5254 4271
1637 2 2 1 1 1901 4247 1910
1638 2 2 1 1 1835 4210 1834
1639 2 2 1 1 4804 5169 5140
1640 2 2 1 1 5145 5652 5184
1641 2 2 1 1 3352 5336 4351
1642 2 2 1 1 920 4134 936
1643 2 2 1 1 4359 4767 4766
1644 2 2 1 1 3997 5576 4839
1645 2 2 1 1 4835 5616 3035
1646 2 2 1 1 5195 5518 3794
1647 2 2 1 1 4802 5200 3534
1648 2 2 1 1 3214 5430 2859
1649 2 2 1 1 4439 5372 4438
1650 2 2 1 1 1332 4684 3903
1651 2 2 1 1 462 5105 3715
1652 2 2 1 1 2556 5795 2557
1653 2 2 1 1 1201 4923 3613
1654 2 2 1 1 5559 5560 4635
1655 2 2 1 1 4795 5831 4426
1656 2 2 1 1 4312 5822 4885
1657 2 2 1 1 521 4156 522
1658 2 2 1 1 584 5100 2531
1659 2 2 1 1 2168 4158 2169
1660 2 2 1 1 326 4162 327
1661 2 2 1 1 2214 5969 3159
1662 2 2 1 1 942 4629 943
1663 2 2 1 1 3754 5121 297
1664 2 2 1 1 2857 4242 2855
1665 2 2 1 1 3228 5232 3227
1666 2 2 1 1 1242 5308 1243
1667 2 2 1 1 3902 5868 4481
1668 2 2 1 1 1029 3887 1030
1669 2 2 1 1 2465 4549 2466
1670 2 2 1 1 800 1280 799
1671 2 2 1 1 2597 3947 2598
1672 2 2 1 1 692 5000 838
1673 2 2 1 1 2630 4096 2631
1674 2 2 1 1 1360 5703 3125
1675 2 2 1 1 5254 5386 4272
1676 2 2 1 1 5147 5474 2449
1677 2 2 1 1 3792 5869 4322
1678 2 2 1 1 4814 4949 3668
1679 2 2 1 1 3332 4702 2712
1680 2 2 1 1 3356 5736 4722
1681 2 2 1 1 376 5809 4701
1682 2 2 1 1 2108 4268 2109
1683 2 2 1 1 2950 5607 2951
1684 2 2 1 1 2672 4181 2671
1685 2 2 1 1 4436 5426 3447
1686 2 2 1 1 2674 4251 2673
1687 2 2 1 1 1005 5098 1006
1688 2 2 1 1 4369 5492 4860
1689 2 2 1 1 5465 5637 4203
1690 2 2 1 1 3373 5388 4711
1691 2 2 1 1 2354 4763 2355
1692 2 2 1 1 3259 4327 4208
1693 2 2 1 1 4662 5784 4663
1694 2 2 1 1 781 4187 782
1695 2 2 1 1 3705 5212 4187
1696 2 2 1 1 4788 5492 2956
1697 2 2 1 1 4026 5377 4131
1698 2 2 1 1 4958 5970 4862
1699 2 2 1 1 1519 4190 1520
1700 2 2 1 1 3364 5053 4200
1701 2 2 1 1 3652 5919 3523
1702 2 2 1 1 154 4270 135
1703 2 2 1 1 708 5018 4093
1704 2 2 1 1 4208 5799 3259
1705 2 2 1 1 2578 4195 2579
1706 2 2 1 1 5078 5775 3702
1707 2 2 1 1 2904 3589 2905
1708 2 2 1 1 1744 5589 1745
1709 2 2 1 1 4174 5689 5366
1710 2 2 1 1 2363 4921 2364
1711 2 2 1 1 3091 5165 1429
1712 2 2 1 1 3422 4735 1288
1713 2 2 1 1 4384 5310 5198
1714 2 2 1 1 2083 4198 2084
1715 2 2 1 1 3159 5258 3160
1716 2 2 1 1 1848 1545 1544
1717 2 2 1 1 3646 4596 4158
1718 2 2 1 1 5004 5611 3628
1719 2 2 1 1 463 4284 444
1720 2 2 1 1 4464 5275 2514
1721 2 2 1 1 2614 5925 2613
1722 2 2 1 1 1599 5360 1600
1723 2 2 1 1 2132 5244 4859
1724 2 2 1 1 3803 4896 3806
1725 2 2 1 1 1731 3828 3682
1726 2 2 1 1 3432 4650 4286
1727 2 2 1 1 4170 5256 2930
1728 2 2 1 1 1300 5247 1301
1729 2 2 1 1 177 4571 178
1730 2 2 1 1 3955 3965 3964
1731 2 2 1 1 1751 5733 3126
1732 2 2 1 1 1430 4662 1412
1733 2 2 1 1 4804 5637 3484
1734 2 2 1 1 1374 5194 1375
1735 2 2 1 1 3999 4191 279
1736 2 2 1 1 4430 5077 226
1737 2 2 1 1 5192 5236 3372
1738 2 2 1 1 5325 5359 4622
1739 2 2 1 1 2384 4220 2385
1740 2 2 1 1 4374 5909 3147
1741 2 2 1 1 209 4221 210
1742 2 2 1 1 1854 3923 1855
1743 2 2 1 1 2915 4223 2916
1744 2 2 1 1 3967 4894 1247
1745 2 2 1 1 4009 5634 4971
1746 2 2 1 1 4618 5102 3678
1747 2 2 1 1 3709 4976 4044
1748 2 2 1 1 3475 4732 4181
1749 2 2 1 1 3260 4327 3259
1750 2 2 1 1 1229 3863 1230
1751 2 2 1 1 1333 5468 1334
1752 2 2 1 1 4172 5637 5465
1753 2 2 1 1 3740 5047 3347
1754 2 2 1 1 1104 4230 1105
1755 2 2 1 1 3288 5612 5539
1756 2 2 1 1 3587 5491 5185
1757 2 2 1 1 1705 5661 4052
1758 2 2 1 1 4625 5956 4974
1759 2 2 1 1 3740 5886 5047
1760 2 2 1 1 5279 5613 3990
1761 2 2 1 1 2059 4702 2060
1762 2 2 1 1 576 5521 575
1763 2 2 1 1 1567 5141 1568
1764 2 2 1 1 3749 4854 4291
1765 2 2 1 1 5037 5564 4328
1766 2 2 1 1 3452 5108 4685
1767 2 2 1 1 1824 4340 3132
1768 2 2 1 1 2269 4690 2270
1769 2 2 1 1 2197 4246 2198
1770 2 2 1 1 904 4331 905
1771 2 2 1 1 2654 2537 2653
1772 2 2 1 1 3908 5764 4255
1773 2 2 1 1 2284 5028 4750
1774 2 2 1 1 3887 4707 4416
1775 2 2 1 1 4336 5138 3576
1776 2 2 1 1 1613 5228 1614
1777 2 2 1 1 3611 4831 4220
1778 2 2 1 1 4322 5869 4961
1779 2 2 1 1 1635 5290 1636
1780 2 2 1 1 112 3369 113
1781 2 2 1 1 3712 4066 3885
1782 2 2 1 1 3885 4001 3675
1783 2 2 1 1 4735 5144 1288
1784 2 2 1 1 4930 5837 3267
1785 2 2 1 1 1044 4262 1045
1786 2 2 1 1 4720 5518 5195
1787 2 2 1 1 1012 4030 1013
1788 2 2 1 1 264 4255 265
1789 2 2 1 1 4604 5949 4757
1790 2 2 1 1 2734 5510 2735
1791 2 2 1 1 3278 4987 3277
1792 2 2 1 1 4443 4444 3528
1793 2 2 1 1 4337 5395 4566
1794 2 2 1 1 49 4291 50
1795 2 2 1 1 1802 5338 3532
1796 2 2 1 1 2717 2647 2646
1797 2 2 1 1 2769 5272 2770
1798 2 2 1 1 4141 5191 4863
1799 2 2 1 1 2581 4275 2582
1800 2 2 1 1 1596 4374 1597
1801 2 2 1 1 586 5613 585
1802 2 2 1 1 2642 4569 3775
1803 2 2 1 1 3335 4548 3334
1804 2 2 1 1 5207 5593 3584
1805 2 2 1 1 4863 5034 3833
1806 2 2 1 1 4734 5710 4067
1807 2 2 1 1 3402 5366 4502
1808 2 2 1 1 1102 4068 1103
1809 2 2 1 1 3227 5232 4356
1810 2 2 1 1 5021 5186 4277
1811 2 2 1 1 2532 5442 583
1812 2 2 1 1 674 5326 675
1813 2 2 1 1 1550 4239 1551
1814 2 2 1 1 2513 572 573
1815 2 2 1 1 4151 5224 4884
1816 2 2 1 1 267 3839 268
1817 2 2 1 1 4149 5355 4147
1818 2 2 1 1 3748 5207 4611
1819 2 2 1 1 4754 5363 3631
1820 2 2 1 1 3527 5188 4550
1821 2 2 1 1 4973 5981 5151
1822 2 2 1 1 3955 3966 3965
1823 2 2 1 1 3568 4617 3474
1824 2 2 1 1 2162 4293 2163
1825 2 2 1 1 4359 4766 4358
1826 2 2 1 1 710 5564 711
1827 2 2 1 1 4946 5980 5916
1828 2 2 1 1 5047 5886 4559
1829 2 2 1 1 3712 4067 4066
1830 2 2 1 1 4994 5397 4258
1831 2 2 1 1 5193 5713 4669
1832 2 2 1 1 4963 4964 4149
1833 2 2 1 1 770 3868 771
1834 2 2 1 1 4288 4398 4397
1835 2 2 1 1 1889 4879 1890
1836 2 2 1 1 951 4995 952
1837 2 2 1 1 3508 3849 3663
1838 2 2 1 1 4148 4963 4149
1839 2 2 1 1 3141 4289 3142
1840 2 2 1 1 4271 5254 4272
1841 2 2 1 1 3966 3997 3965
1842 2 2 1 1 2741 4241 2742
1843 2 2 1 1 430 3962 2989
1844 2 2 1 1 227 4854 2965
1845 2 2 1 1 4878 5628 3976
1846 2 2 1 1 3122 5213 3123
1847 2 2 1 1 2004 4424 1988
1848 2 2 1 1 1992 4463 3727
1849 2 2 1 1 4733 4802 3534
1850 2 2 1 1 4288 4812 4398
1851 2 2 1 1 3225 3952 3644
1852 2 2 1 1 3357 4458 4425
1853 2 2 1 1 3508 3850 3849
1854 2 2 1 1 3997 4265 3965
1855 2 2 1 1 2645 4708 3189
1856 2 2 1 1 3024 4959 701
1857 2 2 1 1 3850 4126 3849
1858 2 2 1 1 2973 4175 2974
1859 2 2 1 1 5364 5805 4527
1860 2 2 1 1 3850 4127 4126
1861 2 2 1 1 4126 4477 3849
1862 2 2 1 1 3850 4668 4127
1863 2 2 1 1 4668 4669 4127
1864 2 2 1 1 4583 4584 4140
1865 2 2 1 1 4139 4583 4140
1866 2 2 1 1 3860 4485 3859
1867 2 2 1 1 4366 4963 4148
1868 2 2 1 1 4138 4141 4139
1869 2 2 1 1 4139 4140 4137
1870 2 2 1 1 3859 4457 3804
1871 2 2 1 1 3805 3860 3859
1872 2 2 1 1 3163 4375 2248
1873 2 2 1 1 4365 4366 4148
1874 2 2 1 1 677 4729 678
1875 2 2 1 1 2989 4973 2990
1876 2 2 1 1 4138 4139 4137
1877 2 2 1 1 1925 3971 3140
1878 2 2 1 1 1989 4317 1990
1879 2 2 1 1 1344 4383 1345
1880 2 2 1 1 3805 3859 3804
1881 2 2 1 1 3803 3806 3805
1882 2 2 1 1 2780 4394 2781
1883 2 2 1 1 2935 4319 2936
1884 2 2 1 1 2312 4541 2313
1885 2 2 1 1 2522 3298 2523
1886 2 2 1 1 4146 4365 4148
1887 2 2 1 1 4148 4149 4147
1888 2 2 1 1 4657 5245 3290
1889 2 2 1 1 1429 4893 3092
1890 2 2 1 1 3150 4103 3151
1891 2 2 1 1 336 3365 3344
1892 2 2 1 1 2628 2676 2665
1893 2 2 1 1 1040 4386 1025
1894 2 2 1 1 1472 4474 3403
1895 2 2 1 1 3474 4495 3743
1896 2 2 1 1 3962 4973 2989
1897 2 2 1 1 2599 4326 2600
1898 2 2 1 1 2601 4327 2602
1899 2 2 1 1 701 4959 4456
1900 2 2 1 1 4136 4138 4137
1901 2 2 1 1 4812 5651 3838
1902 2 2 1 1 4139 4990 4583
1903 2 2 1 1 799 4895 798
1904 2 2 1 1 892 3967 1246
1905 2 2 1 1 3046 3763 3047
1906 2 2 1 1 3113 4795 3114
1907 2 2 1 1 4315 4316 4040
1908 2 2 1 1 675 5504 676
1909 2 2 1 1 1292 4087 1293
1910 2 2 1 1 3803 3805 3804
1911 2 2 1 1 4158 5368 3646
1912 2 2 1 1 3236 4256 3235
1913 2 2 1 1 3425 4640 4588
1914 2 2 1 1 3218 5524 4399
1915 2 2 1 1 2011 4336 2012
1916 2 2 1 1 4146 4148 4147
1917 2 2 1 1 2267 4870 2268
1918 2 2 1 1 910 4555 3045
1919 2 2 1 1 3195 5180 2780
1920 2 2 1 1 3445 3940 1722
1921 2 2 1 1 1384 3733 1385
1922 2 2 1 1 282 5094 236
1923 2 2 1 1 701 4456 3025
1924 2 2 1 1 202 4369 203
1925 2 2 1 1 4576 5450 4292
1926 2 2 1 1 2737 3917 2738
1927 2 2 1 1 4384 5348 4383
1928 2 2 1 1 3980 5825 5060
1929 2 2 1 1 277 5177 278
1930 2 2 1 1 1038 5698 1039
1931 2 2 1 1 3697 3943 605
1932 2 2 1 1 411 4345 412
1933 2 2 1 1 4245 5170 3354
1934 2 2 1 1 1082 4593 1083
1935 2 2 1 1 3482 5310 4494
1936 2 2 1 1 4141 4990 4139
1937 2 2 1 1 1678 4405 1679
1938 2 2 1 1 2206 4540 3158
1939 2 2 1 1 1211 4350 1212
1940 2 2 1 1 505 5357 3987
1941 2 2 1 1 4066 4999 3885
1942 2 2 1 1 1660 4354 1661
1943 2 2 1 1 3864 5782 772
1944 2 2 1 1 4814 5179 3485
1945 2 2 1 1 5140 5169 3386
1946 2 2 1 1 3862 5095 3718
1947 2 2 1 1 3264 3783 3263
1948 2 2 1 1 3262 4240 3261
1949 2 2 1 1 3270 4655 3269
1950 2 2 1 1 3314 4254 3313
1951 2 2 1 1 3266 4301 3265
1952 2 2 1 1 3320 3684 3319
1953 2 2 1 1 3263 4984 3262
1954 2 2 1 1 3265 4986 3264
1955 2 2 1 1 3315 4985 3314
1956 2 2 1 1 3683 5391 1013
1957 2 2 1 1 4772 5749 3419
1958 2 2 1 1 3553 5348 4384
1959 2 2 1 1 4065 5674 4424
1960 2 2 1 1 4631 5611 5337
1961 2 2 1 1 1566 5400 1567
1962 2 2 1 1 3428 5872 4252
1963 2 2 1 1 2374 5163 4935
1964 2 2 1 1 4974 5956 4338
1965 2 2 1 1 3965 5004 3964
1966 2 2 1 1 3000 4998 485
1967 2 2 1 1 3277 4987 3725
1968 2 2 1 1 3734 4003 1726
1969 2 2 1 1 5043 5847 3530
1970 2 2 1 1 3950 5705 4883
1971 2 2 1 1 4986 5122 3783
1972 2 2 1 1 5583 5784 3616
1973 2 2 1 1 3159 5969 5258
1974 2 2 1 1 3345 4990 4628
1975 2 2 1 1 5043 5648 5300
1976 2 2 1 1 4181 4771 3569
1977 2 2 1 1 774 4368 775
1978 2 2 1 1 4458 5791 4425
1979 2 2 1 1 4136 4137 4135
1980 2 2 1 1 2650 4967 2648
1981 2 2 1 1 4491 5491 3587
1982 2 2 1 1 3657 4527 3768
1983 2 2 1 1 1360 3125 1361
1984 2 2 1 1 3386 5857 5140
1985 2 2 1 1 5157 5468 3903
1986 2 2 1 1 3303 3562 3302
1987 2 2 1 1 3552 5238 4593
1988 2 2 1 1 3021 4884 3022
1989 2 2 1 1 5213 5399 3123
1990 2 2 1 1 4265 5004 3965
1991 2 2 1 1 4207 5202 3175
1992 2 2 1 1 878 4025 879
1993 2 2 1 1 4295 5620 4748
1994 2 2 1 1 1747 4391 1748
1995 2 2 1 1 4414 5782 126
1996 2 2 1 1 3931 5447 5424
1997 2 2 1 1 3466 5843 4605
1998 2 2 1 1 4699 5128 3763
1999 2 2 1 1 4039 4315 4040
2000 2 2 1 1 2397 4243 2398
2001 2 2 1 1 2733 5751 2734
2002 2 2 1 1 2431 5790 2432
2003 2 2 1 1 3321 5008 3320
2004 2 2 1 1 512 4478 4296
2005 2 2 1 1 627 3880 628
2006 2 2 1 1 449 3837 2998
2007 2 2 1 1 4561 5764 4728
2008 2 2 1 1 2933 4626 2934
2009 2 2 1 1 4044 4976 3688
2010 2 2 1 1 647 3508 648
2011 2 2 1 1 3348 4896 3803
2012 2 2 1 1 3803 3804 3802
2013 2 2 1 1 3494 5409 5362
2014 2 2 1 1 3157 3994 2205
2015 2 2 1 1 354 4505 339
2016 2 2 1 1 2434 4475 2435
2017 2 2 1 1 4563 4612 3207
2018 2 2 1 1 2079 4983 2080
2019 2 2 1 1 3783 4984 3263
2020 2 2 1 1 3262 4984 4240
2021 2 2 1 1 3264 4986 3783
2022 2 2 1 1 3314 4985 4254
2023 2 2 1 1 4301 4986 3265
2024 2 2 1 1 4615 4891 3343
2025 2 2 1 1 3271 4778 3270
2026 2 2 1 1 1741 4042 1742
2027 2 2 1 1 3966 5576 3997
2028 2 2 1 1 4112 4333 3818
2029 2 2 1 1 1410 3529 1411
2030 2 2 1 1 4764 5836 4593
2031 2 2 1 1 2140 5062 2141
2032 2 2 1 1 3828 4516 3682
2033 2 2 1 1 1551 4239 1697
2034 2 2 1 1 4572 5016 5015
2035 2 2 1 1 3165 4805 2289
2036 2 2 1 1 5456 5857 3386
2037 2 2 1 1 3484 5169 4804
2038 2 2 1 1 3789 4717 4698
2039 2 2 1 1 1982 5036 1983
2040 2 2 1 1 126 5782 127
2041 2 2 1 1 4146 4147 4145
2042 2 2 1 1 3275 4214 3274
2043 2 2 1 1 3277 3725 3276
2044 2 2 1 1 3306 3628 3305
2045 2 2 1 1 3308 4514 3307
2046 2 2 1 1 3276 5006 3275
2047 2 2 1 1 3307 5007 3306
2048 2 2 1 1 1522 3967 1523
2049 2 2 1 1 4269 5481 5388
2050 2 2 1 1 3994 4902 2205
2051 2 2 1 1 4450 4969 3194
2052 2 2 1 1 1151 4363 1152
2053 2 2 1 1 1765 4444 1766
2054 2 2 1 1 4593 5238 4594
2055 2 2 1 1 5017 5739 3565
2056 2 2 1 1 303 5030 370
2057 2 2 1 1 4841 4843 4842
2058 2 2 1 1 1414 5815 1415
2059 2 2 1 1 4884 5000 3022
2060 2 2 1 1 2788 5976 3197
2061 2 2 1 1 4371 4372 4370
2062 2 2 1 1 4682 5185 4211
2063 2 2 1 1 4939 5762 3837
2064 2 2 1 1 4320 5961 4035
2065 2 2 1 1 1505 4089 1506
2066 2 2 1 1 3320 5008 3684
2067 2 2 1 1 5164 5298 3786
2068 2 2 1 1 4117 4891 4615
2069 2 2 1 1 3243 4810 2815
2070 2 2 1 1 247 5841 248
2071 2 2 1 1 3119 4125 1672
2072 2 2 1 1 5141 5400 3127
2073 2 2 1 1 4598 5253 4587
2074 2 2 1 1 3987 4820 505
2075 2 2 1 1 2441 4744 2442
2076 2 2 1 1 4489 5428 5132
2077 2 2 1 1 755 4526 756
2078 2 2 1 1 4473 5447 3931
2079 2 2 1 1 4041 5621 4121
2080 2 2 1 1 191 4714 3002
2081 2 2 1 1 3163 4750 3779
2082 2 2 1 1 3286 3879 3285
2083 2 2 1 1 3293 4566 3292
2084 2 2 1 1 3287 5013 3286
2085 2 2 1 1 3232 4312 3231
2086 2 2 1 1 1037 5393 1038
2087 2 2 1 1 4182 4362 2129
2088 2 2 1 1 1165 1452 1451
2089 2 2 1 1 3757 5044 3811
2090 2 2 1 1 2026 3897 2027
2091 2 2 1 1 3213 3431 2840
2092 2 2 1 1 3541 4692 3936
2093 2 2 1 1 413 4373 414
2094 2 2 1 1 2831 4621 2830
2095 2 2 1 1 4845 5628 4878
2096 2 2 1 1 5108 5876 4685
2097 2 2 1 1 2751 4657 2752
2098 2 2 1 1 3837 5299 4939
2099 2 2 1 1 79 4616 80
2100 2 2 1 1 4146 5270 4365
2101 2 2 1 1 4103 5078 3151
2102 2 2 1 1 205 4722 206
2103 2 2 1 1 4808 5137 3916
2104 2 2 1 1 4608 5698 5393
2105 2 2 1 1 2212 4045 2367
2106 2 2 1 1 278 5177 3999
2107 2 2 1 1 5132 5428 592
2108 2 2 1 1 4649 5206 4650
2109 2 2 1 1 3971 5092 3140
2110 2 2 1 1 1792 4543 1793
2111 2 2 1 1 4496 5143 3590
2112 2 2 1 1 1725 5294 3088
2113 2 2 1 1 3817 4886 3449
2114 2 2 1 1 450 4520 451
2115 2 2 1 1 1402 4217 3694
2116 2 2 1 1 4319 5971 4337
2117 2 2 1 1 3624 5631 4305
2118 2 2 1 1 662 4324 663
2119 2 2 1 1 194 5107 2953
2120 2 2 1 1 3662 4879 4379
2121 2 2 1 1 4999 5473 3496
2122 2 2 1 1 4317 5674 4153
2123 2 2 1 1 3313 5108 3312
2124 2 2 1 1 4707 5849 5273
2125 2 2 1 1 828 5839 829
2126 2 2 1 1 4205 5977 3916
2127 2 2 1 1 3927 5977 4205
2128 2 2 1 1 1899 4568 1884
2129 2 2 1 1 5916 5980 4840
2130 2 2 1 1 1575 5903 1576
2131 2 2 1 1 4137 5139 4135
2132 2 2 1 1 5040 5373 3566
2133 2 2 1 1 4544 5261 4223
2134 2 2 1 1 4925 5851 3362
2135 2 2 1 1 4876 5851 4925
2136 2 2 1 1 1136 4257 1137
2137 2 2 1 1 3630 5971 4319
2138 2 2 1 1 787 4306 788
2139 2 2 1 1 3763 5128 4918
2140 2 2 1 1 3679 5134 3416
2141 2 2 1 1 5258 5969 2381
2142 2 2 1 1 3129 5203 1759
2143 2 2 1 1 4748 5620 3517
2144 2 2 1 1 5539 5612 3843
2145 2 2 1 1 4385 5597 3612
2146 2 2 1 1 5111 5487 3487
2147 2 2 1 1 770 5333 3868
2148 2 2 1 1 3200 5605 3201
2149 2 2 1 1 3273 5795 3272
2150 2 2 1 1 1324 4577 1325
2151 2 2 1 1 1322 4576 1323
2152 2 2 1 1 3170 5828 2464
2153 2 2 1 1 3137 4107 1533
2154 2 2 1 1 4684 5220 3903
2155 2 2 1 1 3657 5364 4527
2156 2 2 1 1 1079 4591 1080
2157 2 2 1 1 4443 5567 4444
2158 2 2 1 1 3671 5432 3870
2159 2 2 1 1 2273 4652 2274
2160 2 2 1 1 4527 4831 3768
2161 2 2 1 1 5265 5368 4158
2162 2 2 1 1 5162 5854 4514
2163 2 2 1 1 5337 5611 4265
2164 2 2 1 1 2470 2392 2471
2165 2 2 1 1 1397 4599 1398
2166 2 2 1 1 1099 5235 310
2167 2 2 1 1 2964 4526 227
2168 2 2 1 1 2682 4403 2683
2169 2 2 1 1 4688 5721 1500
2170 2 2 1 1 1782 4653 1783
2171 2 2 1 1 2548 4672 3809
2172 2 2 1 1 4829 5218 3019
2173 2 2 1 1 4846 5671 3769
2174 2 2 1 1 5465 5580 4172
2175 2 2 1 1 5461 5517 3472
2176 2 2 1 1 3037 5022 4299
2177 2 2 1 1 1495 1496 3102
2178 2 2 1 1 4815 5245 3780
2179 2 2 1 1 2051 4875 2052
2180 2 2 1 1 3089 5891 5031
2181 2 2 1 1 3395 5112 4787
2182 2 2 1 1 4356 5276 3227
2183 2 2 1 1 1009 4640 1010
2184 2 2 1 1 1974 4745 1975
2185 2 2 1 1 4896 5069 3350
2186 2 2 1 1 2374 4935 3166
2187 2 2 1 1 4514 5007 3307
2188 2 2 1 1 3275 5006 4214
2189 2 2 1 1 3306 5007 3628
2190 2 2 1 1 3725 5006 3276
2191 2 2 1 1 3003 5858 4154
2192 2 2 1 1 4389 5045 4390
2193 2 2 1 1 4708 5426 3720
2194 2 2 1 1 3628 5611 5373
2195 2 2 1 1 165 4649 166
2196 2 2 1 1 4018 5839 828
2197 2 2 1 1 5097 5519 4001
2198 2 2 1 1 911 4290 912
2199 2 2 1 1 3358 5301 4373
2200 2 2 1 1 319 4035 320
2201 2 2 1 1 1786 4664 1787
2202 2 2 1 1 3809 4278 2548
2203 2 2 1 1 4662 4663 3350
2204 2 2 1 1 4111 5680 493
2205 2 2 1 1 1784 4715 1785
2206 2 2 1 1 4521 5444 5302
2207 2 2 1 1 3328 3539 3327
2208 2 2 1 1 3330 3833 3329
2209 2 2 1 1 3329 5034 3328
2210 2 2 1 1 3327 5035 3326
2211 2 2 1 1 2464 5255 2465
2212 2 2 1 1 4792 5754 5166
2213 2 2 1 1 811 5080 810
2214 2 2 1 1 5260 5923 4479
2215 2 2 1 1 2802 4696 2803
2216 2 2 1 1 2804 4695 2805
2217 2 2 1 1 5098 5198 1006
2218 2 2 1 1 3577 4705 4358
2219 2 2 1 1 3912 4987 3911
2220 2 2 1 1 5907 5917 5306
2221 2 2 1 1 5249 5758 4381
2222 2 2 1 1 899 5446 4998
2223 2 2 1 1 4190 5078 4103
2224 2 2 1 1 4134 4136 4135
2225 2 2 1 1 5166 5754 3962
2226 2 2 1 1 1238 5914 1036
2227 2 2 1 1 3302 5162 3301
2228 2 2 1 1 1593 5610 3031
2229 2 2 1 1 5273 5849 4425
2230 2 2 1 1 5719 5795 3273
2231 2 2 1 1 4032 4303 3617
2232 2 2 1 1 3080 5708 3081
2233 2 2 1 1 4169 4988 3689
2234 2 2 1 1 4790 5070 3873
2235 2 2 1 1 1873 4801 1874
2236 2 2 1 1 4381 5363 5249
2237 2 2 1 1 3248 3794 3247
2238 2 2 1 1 4893 5165 4522
2239 2 2 1 1 1183 5972 3082
2240 2 2 1 1 475 4592 3423
2241 2 2 1 1 3088 5294 1363
2242 2 2 1 1 4767 5614 4863
2243 2 2 1 1 4289 5485 4665
2244 2 2 1 1 4802 5941 3457
2245 2 2 1 1 3798 5612 5245
2246 2 2 1 1 1570 4079 1571
2247 2 2 1 1 4339 5820 3100
2248 2 2 1 1 1471 4474 1472
2249 2 2 1 1 4753 4941 4754
2250 2 2 1 1 1254 3681 3658
2251 2 2 1 1 3286 5013 3879
2252 2 2 1 1 4946 5916 3067
2253 2 2 1 1 4639 4929 1602
2254 2 2 1 1 1017 4771 1018
2255 2 2 1 1 1249 5002 1250
2256 2 2 1 1 2568 5691 2569
2257 2 2 1 1 2545 4645 2546
2258 2 2 1 1 3160 5810 2215
2259 2 2 1 1 4035 5961 320
2260 2 2 1 1 5179 5749 4772
2261 2 2 1 1 3593 4483 3694
2262 2 2 1 1 4492 4813 3599
2263 2 2 1 1 4381 5758 3353
2264 2 2 1 1 3613 4957 3710
2265 2 2 1 1 3784 5512 2952
2266 2 2 1 1 5306 5307 3740
2267 2 2 1 1 3151 5078 3152
2268 2 2 1 1 3912 5516 4987
2269 2 2 1 1 2487 5065 2488
2270 2 2 1 1 4617 5374 5247
2271 2 2 1 1 3110 5622 1621
2272 2 2 1 1 4588 4598 4587
2273 2 2 1 1 3635 4929 4639
2274 2 2 1 1 3788 5038 4510
2275 2 2 1 1 1332 3903 1333
2276 2 2 1 1 3717 4518 3845
2277 2 2 1 1 3710 5538 3613
2278 2 2 1 1 3140 5092 1926
2279 2 2 1 1 4795 5205 3114
2280 2 2 1 1 4845 5701 4354
2281 2 2 1 1 1103 4080 1087
2282 2 2 1 1 3303 5746 3562
2283 2 2 1 1 905 4632 906
2284 2 2 1 1 4379 5789 3662
2285 2 2 1 1 4129 4164 3461
2286 2 2 1 1 3651 5556 5134
2287 2 2 1 1 4539 5218 3505
2288 2 2 1 1 3812 4490 3623
2289 2 2 1 1 4498 5011 5010
2290 2 2 1 1 838 4811 692
2291 2 2 1 1 3544 5385 3802
2292 2 2 1 1 3280 5054 3279
2293 2 2 1 1 3238 3902 3237
2294 2 2 1 1 3281 3950 3280
2295 2 2 1 1 3283 3637 3282
2296 2 2 1 1 3282 5055 3281
2297 2 2 1 1 4603 5276 3659
2298 2 2 1 1 4211 5265 4158
2299 2 2 1 1 3105 5274 3106
2300 2 2 1 1 4961 5650 4323
2301 2 2 1 1 4039 4040 3438
2302 2 2 1 1 3231 5073 3230
2303 2 2 1 1 4959 5436 4393
2304 2 2 1 1 270 4502 271
2305 2 2 1 1 792 4432 793
2306 2 2 1 1 3903 5468 1333
2307 2 2 1 1 3570 5072 4603
2308 2 2 1 1 3369 5396 4033
2309 2 2 1 1 4891 5322 4184
2310 2 2 1 1 4618 5814 5102
2311 2 2 1 1 485 5892 486
2312 2 2 1 1 4463 4746 3727
2313 2 2 1 1 4885 5822 3449
2314 2 2 1 1 3689 4509 4169
2315 2 2 1 1 2636 5885 3187
2316 2 2 1 1 3255 5796 3254
2317 2 2 1 1 3975 4981 4931
2318 2 2 1 1 4964 5678 4417
2319 2 2 1 1 4598 5580 5465
2320 2 2 1 1 4418 4930 3267
2321 2 2 1 1 3415 5776 5266
2322 2 2 1 1 5622 5825 4400
2323 2 2 1 1 1742 5208 1743
2324 2 2 1 1 771 5444 3028
2325 2 2 1 1 3515 5173 4239
2326 2 2 1 1 1517 1516 2297
2327 2 2 1 1 2139 1605 2140
2328 2 2 1 1 3806 5527 4808
2329 2 2 1 1 4258 5534 4257
2330 2 2 1 1 4312 5073 3231
2331 2 2 1 1 471 4760 472
2332 2 2 1 1 1319 4681 1750
2333 2 2 1 1 3499 4883 4039
2334 2 2 1 1 4136 5305 4138
2335 2 2 1 1 4099 5226 4060
2336 2 2 1 1 4804 5140 4233
2337 2 2 1 1 3838 4961 3361
2338 2 2 1 1 3750 5319 1980
2339 2 2 1 1 4164 5507 3461
2340 2 2 1 1 1914 5656 1913
2341 2 2 1 1 3947 4914 3456
2342 2 2 1 1 5258 5810 3160
2343 2 2 1 1 3763 5296 3047
2344 2 2 1 1 5054 5732 3279
2345 2 2 1 1 3850 5736 4668
2346 2 2 1 1 2432 5549 2433
2347 2 2 1 1 5216 5507 4164
2348 2 2 1 1 2034 4560 2035
2349 2 2 1 1 4254 5108 3313
2350 2 2 1 1 4949 5115 1966
2351 2 2 1 1 3675 5986 3344
2352 2 2 1 1 3527 5285 5188
2353 2 2 1 1 3323 5477 3050
2354 2 2 1 1 3880 5353 1409
2355 2 2 1 1 3566 5373 4631
2356 2 2 1 1 5346 5903 4737
2357 2 2 1 1 3588 4965 4407
2358 2 2 1 1 4863 5614 4141
2359 2 2 1 1 2279 5747 2749
2360 2 2 1 1 3060 5575 955
2361 2 2 1 1 4125 5937 1672
2362 2 2 1 1 3512 5978 4206
2363 2 2 1 1 620 4735 621
2364 2 2 1 1 2200 4798 2201
2365 2 2 1 1 394 4892 395
2366 2 2 1 1 2955 5189 2956
2367 2 2 1 1 3268 5150 4418
2368 2 2 1 1 4825 5852 5621
2369 2 2 1 1 4242 5361 3535
2370 2 2 1 1 4037 4773 3419
2371 2 2 1 1 4746 5725 3727
2372 2 2 1 1 4759 5776 3415
2373 2 2 1 1 4384 4704 3553
2374 2 2 1 1 3959 4112 3818
2375 2 2 1 1 4960 5366 3787
2376 2 2 1 1 1766 3509 1767
2377 2 2 1 1 1275 4766 1276
2378 2 2 1 1 2489 5675 2425
2379 2 2 1 1 1610 3772 3374
2380 2 2 1 1 4815 5747 3798
2381 2 2 1 1 3614 4826 4761
2382 2 2 1 1 5102 5880 4244
2383 2 2 1 1 1436 2238 1437
2384 2 2 1 1 1926 5439 1927
2385 2 2 1 1 5163 5811 4935
2386 2 2 1 1 3256 5325 4794
2387 2 2 1 1 4347 5143 4434
2388 2 2 1 1 3916 5977 3440
2389 2 2 1 1 4264 5407 3514
2390 2 2 1 1 4402 4674 3374
2391 2 2 1 1 3623 5694 3812
2392 2 2 1 1 3729 4997 4996
2393 2 2 1 1 4140 5139 4137
2394 2 2 1 1 4026 4131 830
2395 2 2 1 1 336 3344 337
2396 2 2 1 1 4582 5807 4394
2397 2 2 1 1 4578 5335 3697
2398 2 2 1 1 3599 5558 4492
2399 2 2 1 1 4572 5015 4221
2400 2 2 1 1 5072 5328 4603
2401 2 2 1 1 3541 5313 4692
2402 2 2 1 1 4692 4867 3936
2403 2 2 1 1 4276 4277 4275
2404 2 2 1 1 3614 4761 4119
2405 2 2 1 1 4655 5150 3269
2406 2 2 1 1 2860 5049 4334
2407 2 2 1 1 3249 5195 3248
2408 2 2 1 1 4288 5651 4812
2409 2 2 1 1 3401 4608 4534
2410 2 2 1 1 1879 4412 1880
2411 2 2 1 1 3641 4728 4638
2412 2 2 1 1 3424 5532 1127
2413 2 2 1 1 4425 5849 4424
2414 2 2 1 1 2554 4778 2555
2415 2 2 1 1 3831 4813 4492
2416 2 2 1 1 3885 5322 4001
2417 2 2 1 1 5229 5967 3374
2418 2 2 1 1 1630 4677 4163
2419 2 2 1 1 2784 4779 2785
2420 2 2 1 1 4620 5183 5130
2421 2 2 1 1 5266 5615 4308
2422 2 2 1 1 4485 5481 3859
2423 2 2 1 1 4440 4522 3423
2424 2 2 1 1 4239 5173 4630
2425 2 2 1 1 4007 5701 3469
2426 2 2 1 1 513 5930 3006
2427 2 2 1 1 2861 4005 3071
2428 2 2 1 1 3024 5436 4959
2429 2 2 1 1 4402 5805 5364
2430 2 2 1 1 4220 5952 3611
2431 2 2 1 1 4084 4212 3699
2432 2 2 1 1 188 5189 3863
2433 2 2 1 1 4460 5478 4194
2434 2 2 1 1 4524 4739 3610
2435 2 2 1 1 4271 4272 3404
2436 2 2 1 1 4991 5899 4928
2437 2 2 1 1 4226 4242 3535
2438 2 2 1 1 3593 4823 4429
2439 2 2 1 1 441 4159 2996
2440 2 2 1 1 910 5586 4555
2441 2 2 1 1 3802 5385 3803
2442 2 2 1 1 4193 5330 3069
2443 2 2 1 1 3952 5328 4361
2444 2 2 1 1 3833 5034 3329
2445 2 2 1 1 3328 5034 3539
2446 2 2 1 1 3539 5035 3327
2447 2 2 1 1 5559 5860 4125
2448 2 2 1 1 514 1122 1121
2449 2 2 1 1 3732 5917 5907
2450 2 2 1 1 3936 4867 4491
2451 2 2 1 1 3324 5477 3323
2452 2 2 1 1 4347 4434 3410
2453 2 2 1 1 5021 5619 5186
2454 2 2 1 1 1217 4923 1201
2455 2 2 1 1 4117 5097 4891
2456 2 2 1 1 3188 5671 2645
2457 2 2 1 1 4187 5931 4270
2458 2 2 1 1 965 423 964
2459 2 2 1 1 4186 5070 3564
2460 2 2 1 1 3536 5475 3712
2461 2 2 1 1 1243 5490 896
2462 2 2 1 1 4233 4617 3568
2463 2 2 1 1 4202 4818 3366
2464 2 2 1 1 4841 4842 3538
2465 2 2 1 1 3840 4373 3686
2466 2 2 1 1 503 5471 193
2467 2 2 1 1 3247 5643 3389
2468 2 2 1 1 3697 5219 4578
2469 2 2 1 1 998 4408 999
2470 2 2 1 1 2199 4189 2772
2471 2 2 1 1 5397 5398 4033
2472 2 2 1 1 2836 5547 3211
2473 2 2 1 1 3805 5573 3860
2474 2 2 1 1 5047 5329 3700
2475 2 2 1 1 4145 5696 4146
2476 2 2 1 1 4857 5701 4007
2477 2 2 1 1 4054 5434 3808
2478 2 2 1 1 4394 5807 2781
2479 2 2 1 1 3487 5487 4353
2480 2 2 1 1 3382 4371 4370
2481 2 2 1 1 4175 5566 2974
2482 2 2 1 1 3312 4868 3311
2483 2 2 1 1 2367 4045 2368
2484 2 2 1 1 4019 4738 3758
2485 2 2 1 1 4309 5396 3369
2486 2 2 1 1 1880 4412 2121
2487 2 2 1 1 4055 4633 349
2488 2 2 1 1 4636 4702 3332
2489 2 2 1 1 160 4838 2947
2490 2 2 1 1 1925 5167 3971
2491 2 2 1 1 5366 5689 3787
2492 2 2 1 1 4287 4288 3462
2493 2 2 1 1 552 4980 553
2494 2 2 1 1 4640 5356 3579
2495 2 2 1 1 4244 5880 4245
2496 2 2 1 1 1966 5777 4949
2497 2 2 1 1 3325 5153 4533
2498 2 2 1 1 4336 5524 5241
2499 2 2 1 1 3803 5385 3348
2500 2 2 1 1 3531 4098 1676
2501 2 2 1 1 237 3881 238
2502 2 2 1 1 3150 5024 4103
2503 2 2 1 1 5000 5509 839
2504 2 2 1 1 3256 4794 3255
2505 2 2 1 1 3688 3945 3882
2506 2 2 1 1 1429 5165 4893
2507 2 2 1 1 5111 5714 5487
2508 2 2 1 1 4417 5679 2826
2509 2 2 1 1 4727 5112 3395
2510 2 2 1 1 4732 4771 4181
2511 2 2 1 1 4146 5696 3387
2512 2 2 1 1 4157 5053 4271
2513 2 2 1 1 2772 4189 2773
2514 2 2 1 1 4986 5588 5122
2515 2 2 1 1 4590 4734 3555
2516 2 2 1 1 1421 4979 4886
2517 2 2 1 1 4603 5445 3570
2518 2 2 1 1 178 4571 4143
2519 2 2 1 1 3354 5170 4246
2520 2 2 1 1 3422 5377 4735
2521 2 2 1 1 3562 5162 3302
2522 2 2 1 1 2845 4948 4827
2523 2 2 1 1 4457 5833 3804
2524 2 2 1 1 4606 5208 3823
2525 2 2 1 1 5586 5937 4555
2526 2 2 1 1 2289 4805 4481
2527 2 2 1 1 2386 4831 4527
2528 2 2 1 1 307 4437 308
2529 2 2 1 1 4125 5860 5263
2530 2 2 1 1 4384 5840 5310
2531 2 2 1 1 2972 5688 2973
2532 2 2 1 1 3046 4699 3763
2533 2 2 1 1 3909 5459 5264
2534 2 2 1 1 1987 4786 1972
2535 2 2 1 1 4973 5151 2990
2536 2 2 1 1 2977 5503 5063
2537 2 2 1 1 458 4792 459
2538 2 2 1 1 5132 5407 4489
2539 2 2 1 1 2710 2058 2711
2540 2 2 1 1 4180 5304 4925
2541 2 2 1 1 5191 5305 3539
2542 2 2 1 1 2564 4512 2764
2543 2 2 1 1 4837 5255 2464
2544 2 2 1 1 3315 5472 4985
2545 2 2 1 1 4123 5329 4508
2546 2 2 1 1 3318 5726 5720
2547 2 2 1 1 1074 4091 1862
2548 2 2 1 1 3326 5153 3325
2549 2 2 1 1 3526 5509 5000
2550 2 2 1 1 5063 5503 3886
2551 2 2 1 1 1120 5033 4431
2552 2 2 1 1 2060 4547 2061
2553 2 2 1 1 3378 3910 2378
2554 2 2 1 1 4579 5343 5204
2555 2 2 1 1 3296 4683 3295
2556 2 2 1 1 3849 5780 3663
2557 2 2 1 1 4856 5817 4608
2558 2 2 1 1 5373 5611 4631
2559 2 2 1 1 3495 5696 4145
2560 2 2 1 1 4140 5254 5139
2561 2 2 1 1 5247 5374 3707
2562 2 2 1 1 3725 5142 5006
2563 2 2 1 1 4126 5454 4477
2564 2 2 1 1 3518 4989 4464
2565 2 2 1 1 3292 5486 3291
2566 2 2 1 1 711 5564 3835
2567 2 2 1 1 5116 5857 5456
2568 2 2 1 1 4456 5058 3025
2569 2 2 1 1 4138 5191 4141
2570 2 2 1 1 4127 5192 4126
2571 2 2 1 1 2479 5146 4889
2572 2 2 1 1 4555 5657 3045
2573 2 2 1 1 3134 5381 1825
2574 2 2 1 1 4232 4804 4233
2575 2 2 1 1 2960 3510 214
2576 2 2 1 1 3672 3967 1522
2577 2 2 1 1 593 5132 592
2578 2 2 1 1 3714 4879 3662
2579 2 2 1 1 34 4945 3222
2580 2 2 1 1 2468 4367 3656
2581 2 2 1 1 4818 5533 4347
2582 2 2 1 1 4652 5581 5013
2583 2 2 1 1 3375 4749 4009
2584 2 2 1 1 2961 5553 2962
2585 2 2 1 1 4358 4766 3577
2586 2 2 1 1 715 714 3146
2587 2 2 1 1 5585 5661 3234
2588 2 2 1 1 4421 5113 3448
2589 2 2 1 1 3750 5730 4081
2590 2 2 1 1 3288 5539 3287
2591 2 2 1 1 2151 5032 2389
2592 2 2 1 1 1671 5559 3119
2593 2 2 1 1 3524 5584 4537
2594 2 2 1 1 4359 5614 4767
2595 2 2 1 1 3254 4807 3253
2596 2 2 1 1 3113 5831 4795
2597 2 2 1 1 4540 4977 3158
2598 2 2 1 1 1996 4427 1753
2599 2 2 1 1 3631 5363 4381
2600 2 2 1 1 4184 5322 4999
2601 2 2 1 1 3612 5597 4765
2602 2 2 1 1 3157 5763 3994
2603 2 2 1 1 3847 5494 1093
2604 2 2 1 1 4195 5744 4984
2605 2 2 1 1 4233 5374 4617
2606 2 2 1 1 346 4341 347
2607 2 2 1 1 3199 5511 4777
2608 2 2 1 1 3267 5837 3266
2609 2 2 1 1 5408 5459 4803
2610 2 2 1 1 4369 5193 203
2611 2 2 1 1 3839 5221 3581
2612 2 2 1 1 4212 5864 988
2613 2 2 1 1 3075 4712 3847
2614 2 2 1 1 1346 3906 1414
2615 2 2 1 1 4611 5440 3748
2616 2 2 1 1 3232 5316 4312
2617 2 2 1 1 5475 5870 5682
2618 2 2 1 1 2725 4659 2726
2619 2 2 1 1 3860 5817 4856
2620 2 2 1 1 3976 5602 3368
2621 2 2 1 1 3173 5556 4076
2622 2 2 1 1 3628 5373 3305
2623 2 2 1 1 5035 5153 3326
2624 2 2 1 1 1164 4382 1453
2625 2 2 1 1 4281 5103 3782
2626 2 2 1 1 3092 4893 3616
2627 2 2 1 1 2183 5550 3972
2628 2 2 1 1 3828 5521 4516
2629 2 2 1 1 5072 5422 5328
2630 2 2 1 1 4609 5702 3606
2631 2 2 1 1 4276 5181 4277
2632 2 2 1 1 4606 5800 5208
2633 2 2 1 1 4179 5303 3922
2634 2 2 1 1 4127 5236 5192
2635 2 2 1 1 4353 4798 3487
2636 2 2 1 1 3950 5054 3280
2637 2 2 1 1 3637 5055 3282
2638 2 2 1 1 3281 5055 3950
2639 2 2 1 1 4016 5307 5306
2640 2 2 1 1 3114 5205 3115
2641 2 2 1 1 3654 5343 4129
2642 2 2 1 1 3284 5168 3283
2643 2 2 1 1 4672 5176 3809
2644 2 2 1 1 3825 5870 5475
2645 2 2 1 1 3405 5923 5260
2646 2 2 1 1 4638 5250 3641
2647 2 2 1 1 3629 5913 1303
2648 2 2 1 1 3809 5176 3558
2649 2 2 1 1 3841 5344 5156
2650 2 2 1 1 3224 5402 2656
2651 2 2 1 1 3301 5748 2946
2652 2 2 1 1 4044 4468 3709
2653 2 2 1 1 2943 5855 3220
2654 2 2 1 1 1672 5937 4047
2655 2 2 1 1 4650 5638 4651
2656 2 2 1 1 4308 5615 3537
2657 2 2 1 1 4558 5084 4559
2658 2 2 1 1 3028 5802 3029
2659 2 2 1 1 5297 5532 5365
2660 2 2 1 1 2946 5748 3308
2661 2 2 1 1 1247 4894 1248
2662 2 2 1 1 5011 5663 3824
2663 2 2 1 1 4589 4806 3463
2664 2 2 1 1 3825 5475 3536
2665 2 2 1 1 4265 5611 5004
2666 2 2 1 1 4400 5825 3980
2667 2 2 1 1 1807 4873 1808
2668 2 2 1 1 2962 5553 4906
2669 2 2 1 1 4474 5253 3403
2670 2 2 1 1 2394 4466 2395
2671 2 2 1 1 3659 5445 4603
2672 2 2 1 1 3529 5353 4532
2673 2 2 1 1 3699 5339 4084
2674 2 2 1 1 4726 5182 3470
2675 2 2 1 1 264 4822 4255
2676 2 2 1 1 1598 3862 3718
2677 2 2 1 1 3526 4150 841
2678 2 2 1 1 3334 5248 3333
2679 2 2 1 1 2247 5470 3163
2680 2 2 1 1 1567 5400 5141
2681 2 2 1 1 4605 5942 3466
2682 2 2 1 1 3213 4659 4196
2683 2 2 1 1 3129 5112 4727
2684 2 2 1 1 4333 4523 3818
2685 2 2 1 1 1120 5528 516
2686 2 2 1 1 3988 4210 1156
2687 2 2 1 1 5186 5619 3451
2688 2 2 1 1 4360 5192 3372
2689 2 2 1 1 4669 5236 4127
2690 2 2 1 1 2472 4446 2149
2691 2 2 1 1 980 5641 554
2692 2 2 1 1 3824 5975 5011
2693 2 2 1 1 3537 5615 4284
2694 2 2 1 1 598 4945 597
2695 2 2 1 1 3909 5264 5262
2696 2 2 1 1 449 4800 3837
2697 2 2 1 1 4323 5650 4900
2698 2 2 1 1 3617 5883 115
2699 2 2 1 1 3530 5925 5043
2700 2 2 1 1 33 4945 34
2701 2 2 1 1 3226 5668 3225
2702 2 2 1 1 4358 4705 84
2703 2 2 1 1 3163 5470 4750
2704 2 2 1 1 55 5889 56
2705 2 2 1 1 4115 4325 2932
2706 2 2 1 1 1427 5552 4656
2707 2 2 1 1 202 5492 4369
2708 2 2 1 1 5582 5929 2869
2709 2 2 1 1 1149 4819 1150
2710 2 2 1 1 3510 5441 214
2711 2 2 1 1 2299 5076 2300
2712 2 2 1 1 3810 4801 1873
2713 2 2 1 1 1991 4463 1992
2714 2 2 1 1 5362 5744 3649
2715 2 2 1 1 3941 5021 2782
2716 2 2 1 1 5365 5532 4086
2717 2 2 1 1 5153 5626 3676
2718 2 2 1 1 4839 5576 4439
2719 2 2 1 1 3199 5605 3200
2720 2 2 1 1 4477 5454 5268
2721 2 2 1 1 2546 5089 2547
2722 2 2 1 1 4584 5254 4140
2723 2 2 1 1 4973 5754 5392
2724 2 2 1 1 2396 4192 2792
2725 2 2 1 1 1295 4329 1296
2726 2 2 1 1 1384 4573 3733
2727 2 2 1 1 3220 5241 3219
2728 2 2 1 1 2079 5214 4983
2729 2 2 1 1 3794 5643 3247
2730 2 2 1 1 5316 5822 4312
2731 2 2 1 1 3141 5260 4289
2732 2 2 1 1 4240 5547 3261
2733 2 2 1 1 4303 5399 5213
2734 2 2 1 1 169 5835 2950
2735 2 2 1 1 3104 5801 3105
2736 2 2 1 1 4236 5872 4682
2737 2 2 1 1 3688 4976 3945
2738 2 2 1 1 4490 5361 3623
2739 2 2 1 1 1892 3977 1893
2740 2 2 1 1 4136 5626 5305
2741 2 2 1 1 2772 4993 2199
2742 2 2 1 1 5066 5644 3594
2743 2 2 1 1 2494 5687 2495
2744 2 2 1 1 4351 5128 4350
2745 2 2 1 1 3599 5664 4513
2746 2 2 1 1 4766 4767 3433
2747 2 2 1 1 3726 5351 4262
2748 2 2 1 1 3225 5668 3952
2749 2 2 1 1 5211 5824 4107
2750 2 2 1 1 1862 4924 1074
2751 2 2 1 1 3490 5506 5349
2752 2 2 1 1 4106 4862 3331
2753 2 2 1 1 5567 5923 3405
2754 2 2 1 1 2858 5694 3623
2755 2 2 1 1 5042 5934 4280
2756 2 2 1 1 1489 4882 2884
2757 2 2 1 1 4630 5173 3799
2758 2 2 1 1 3057 4059 3058
2759 2 2 1 1 3059 5131 3060
2760 2 2 1 1 3058 5157 3059
2761 2 2 1 1 3505 4263 3988
2762 2 2 1 1 4741 5671 3188
2763 2 2 1 1 110 5025 4309
2764 2 2 1 1 5008 5678 4964
2765 2 2 1 1 319 5507 4035
2766 2 2 1 1 3799 5173 4967
2767 2 2 1 1 3972 5550 5074
2768 2 2 1 1 1118 4274 1119
2769 2 2 1 1 4398 5652 4789
2770 2 2 1 1 4393 5042 5027
2771 2 2 1 1 511 4478 512
2772 2 2 1 1 3729 5986 4997
2773 2 2 1 1 4334 5430 3214
2774 2 2 1 1 3924 4573 1384
2775 2 2 1 1 4740 5566 4175
2776 2 2 1 1 3948 4910 4513
2777 2 2 1 1 3290 5245 3289
2778 2 2 1 1 4636 5088 4702
2779 2 2 1 1 104 5595 2957
2780 2 2 1 1 3479 5713 4860
2781 2 2 1 1 2454 4130 1819
2782 2 2 1 1 3897 3991 930
2783 2 2 1 1 4561 4728 3641
2784 2 2 1 1 5027 5042 3398
2785 2 2 1 1 4466 5863 3252
2786 2 2 1 1 4598 5465 5253
2787 2 2 1 1 868 4080 4068
2788 2 2 1 1 2711 2058 2057
2789 2 2 1 1 726 5893 3340
2790 2 2 1 1 5241 5855 4073
2791 2 2 1 1 3435 4502 3998
2792 2 2 1 1 4519 5506 3490
2793 2 2 1 1 1512 4850 1513
2794 2 2 1 1 5070 5677 3873
2795 2 2 1 1 3837 5762 2998
2796 2 2 1 1 3689 4988 1271
2797 2 2 1 1 2612 4858 2611
2798 2 2 1 1 4277 5186 5148
2799 2 2 1 1 4570 5495 220
2800 2 2 1 1 3283 5168 3637
2801 2 2 1 1 4875 5344 3391
2802 2 2 1 1 3941 5619 5021
2803 2 2 1 1 4030 5253 3683
2804 2 2 1 1 4310 5113 4841
2805 2 2 1 1 5849 5951 4065
2806 2 2 1 1 4606 4763 2354
2807 2 2 1 1 1028 5741 3914
2808 2 2 1 1 2454 1818 2455
2809 2 2 1 1 1296 4927 1297
2810 2 2 1 1 4663 5527 4896
2811 2 2 1 1 3441 5085 4227
2812 2 2 1 1 3676 5626 4134
2813 2 2 1 1 239 5604 6
2814 2 2 1 1 3319 5726 3318
2815 2 2 1 1 3767 5691 3493
2816 2 2 1 1 4369 5713 5193
2817 2 2 1 1 680 3951 2983
2818 2 2 1 1 1870 4868 1871
2819 2 2 1 1 4754 5272 3430
2820 2 2 1 1 2949 5577 161
2821 2 2 1 1 5145 5184 4584
2822 2 2 1 1 4809 5822 5316
2823 2 2 1 1 3047 5296 3048
2824 2 2 1 1 4824 5280 4585
2825 2 2 1 1 4156 5197 4706
2826 2 2 1 1 3638 5358 4806
2827 2 2 1 1 4068 4128 3626
2828 2 2 1 1 3278 4877 3911
2829 2 2 1 1 789 4756 1839
2830 2 2 1 1 4851 5972 1183
2831 2 2 1 1 3520 5051 4416
2832 2 2 1 1 4116 5945 4604
2833 2 2 1 1 3030 5752 779
2834 2 2 1 1 3507 5426 4436
2835 2 2 1 1 4728 5764 3908
2836 2 2 1 1 2204 4197 3894
2837 2 2 1 1 4967 5173 3607
2838 2 2 1 1 3768 4831 3611
2839 2 2 1 1 380 5340 1062
2840 2 2 1 1 3227 5276 3226
2841 2 2 1 1 4961 5869 3513
2842 2 2 1 1 3954 5683 3955
2843 2 2 1 1 4260 5788 5178
2844 2 2 1 1 4493 5174 3640
2845 2 2 1 1 3347 5797 3740
2846 2 2 1 1 1087 3995 1088
2847 2 2 1 1 3248 5195 3794
2848 2 2 1 1 272 396 273
2849 2 2 1 1 5771 5887 4445
2850 2 2 1 1 3634 5897 4988
2851 2 2 1 1 2146 4428 2474
2852 2 2 1 1 3935 4399 3928
2853 2 2 1 1 3670 5045 4389
2854 2 2 1 1 3274 5808 2945
2855 2 2 1 1 3056 5964 3057
2856 2 2 1 1 4812 5386 4398
2857 2 2 1 1 1062 5314 380
2858 2 2 1 1 1904 5084 1903
2859 2 2 1 1 3387 5270 4146
2860 2 2 1 1 1301 5247 3707
2861 2 2 1 1 4435 5762 4939
2862 2 2 1 1 3526 5224 4150
2863 2 2 1 1 4357 5065 2487
2864 2 2 1 1 4715 4739 4029
2865 2 2 1 1 2715 4782 2716
2866 2 2 1 1 3479 5948 5713
2867 2 2 1 1 4559 5084 3503
2868 2 2 1 1 4767 5970 3433
2869 2 2 1 1 4887 5566 3776
2870 2 2 1 1 1839 4756 4185
2871 2 2 1 1 4555 5937 5263
2872 2 2 1 1 1385 4853 1386
2873 2 2 1 1 3362 5303 4925
2874 2 2 1 1 4134 5626 4136
2875 2 2 1 1 3935 5716 1943
2876 2 2 1 1 5421 5687 1503
2877 2 2 1 1 1453 4382 1454
2878 2 2 1 1 3269 5150 3268
2879 2 2 1 1 5349 5506 4673
2880 2 2 1 1 1081 4764 1082
2881 2 2 1 1 4471 5966 5188
2882 2 2 1 1 3660 5118 4633
2883 2 2 1 1 4068 4080 1103
2884 2 2 1 1 4151 5819 4313
2885 2 2 1 1 4417 5571 4964
2886 2 2 1 1 4035 5507 5216
2887 2 2 1 1 5178 5773 4260
2888 2 2 1 1 4420 4839 3351
2889 2 2 1 1 4284 4844 3537
2890 2 2 1 1 4510 5104 2637
2891 2 2 1 1 246 4666 2971
2892 2 2 1 1 3458 5598 5514
2893 2 2 1 1 4860 5492 3871
2894 2 2 1 1 193 5471 2952
2895 2 2 1 1 2276 3843 3798
2896 2 2 1 1 5398 5399 4303
2897 2 2 1 1 3346 3361 1540
2898 2 2 1 1 4933 5388 3373
2899 2 2 1 1 3958 4647 3619
2900 2 2 1 1 240 4957 241
2901 2 2 1 1 3759 5639 5003
2902 2 2 1 1 405 5545 4838
2903 2 2 1 1 3194 4969 4007
2904 2 2 1 1 2783 5021 3359
2905 2 2 1 1 3445 4951 3706
2906 2 2 1 1 3807 5806 5252
2907 2 2 1 1 4434 4800 3410
2908 2 2 1 1 5005 5586 4000
2909 2 2 1 1 2945 5808 3284
2910 2 2 1 1 1643 4329 1295
2911 2 2 1 1 4578 5219 4128
2912 2 2 1 1 636 4731 637
2913 2 2 1 1 4796 4817 3543
2914 2 2 1 1 621 5853 622
2915 2 2 1 1 5395 5971 4241
2916 2 2 1 1 1383 5578 3924
2917 2 2 1 1 1959 5827 5270
2918 2 2 1 1 5444 5802 3028
2919 2 2 1 1 4591 5182 4108
2920 2 2 1 1 2002 5215 718
2921 2 2 1 1 3610 4739 4715
2922 2 2 1 1 4129 5302 4164
2923 2 2 1 1 2980 5340 380
2924 2 2 1 1 4398 4789 4397
2925 2 2 1 1 5568 5739 4294
2926 2 2 1 1 3727 5725 4496
2927 2 2 1 1 1428 5406 3091
2928 2 2 1 1 3272 5041 3271
2929 2 2 1 1 2127 4870 4182
2930 2 2 1 1 3130 5319 3131
2931 2 2 1 1 3594 5644 4274
2932 2 2 1 1 4162 5753 3892
2933 2 2 1 1 3463 4806 4447
2934 2 2 1 1 4808 5527 5137
2935 2 2 1 1 4562 5325 3583
2936 2 2 1 1 4567 4951 1719
2937 2 2 1 1 3983 4406 3836
2938 2 2 1 1 2000 1581 2001
2939 2 2 1 1 901 4344 886
2940 2 2 1 1 554 4980 980
2941 2 2 1 1 4214 5862 5419
2942 2 2 1 1 3955 5683 3966
2943 2 2 1 1 1374 5770 5194
2944 2 2 1 1 3513 5869 5352
2945 2 2 1 1 3546 5732 3869
2946 2 2 1 1 4999 5322 3885
2947 2 2 1 1 921 5477 4533
2948 2 2 1 1 4478 5620 4479
2949 2 2 1 1 4559 5962 4558
2950 2 2 1 1 4046 5719 3273
2951 2 2 1 1 4277 5148 4275
2952 2 2 1 1 2609 4857 2608
2953 2 2 1 1 5006 5862 4214
2954 2 2 1 1 3646 5136 4596
2955 2 2 1 1 5288 5560 1670
2956 2 2 1 1 3233 5316 3232
2957 2 2 1 1 2947 5545 2948
2958 2 2 1 1 3945 5721 3882
2959 2 2 1 1 3797 5123 3915
2960 2 2 1 1 3727 4496 1993
2961 2 2 1 1 3876 4204 2301
2962 2 2 1 1 2956 5492 202
2963 2 2 1 1 5178 5197 4156
2964 2 2 1 1 402 5874 2987
2965 2 2 1 1 4949 5480 4866
2966 2 2 1 1 4052 5661 5585
2967 2 2 1 1 4691 5672 4850
2968 2 2 1 1 1969 5298 4400
2969 2 2 1 1 4143 4571 3497
2970 2 2 1 1 3953 5911 3753
2971 2 2 1 1 1014 5391 2096
2972 2 2 1 1 4394 5912 3883
2973 2 2 1 1 5176 5520 2334
2974 2 2 1 1 4717 5560 5288
2975 2 2 1 1 5277 5383 3417
2976 2 2 1 1 3166 4935 3831
2977 2 2 1 1 4794 5325 4562
2978 2 2 1 1 2948 5545 404
2979 2 2 1 1 4834 4872 3666
2980 2 2 1 1 3894 5763 2204
2981 2 2 1 1 3610 4653 4524
2982 2 2 1 1 557 5459 558
2983 2 2 1 1 663 4324 3795
2984 2 2 1 1 1178 4892 1179
2985 2 2 1 1 931 5289 3897
2986 2 2 1 1 5446 5892 485
2987 2 2 1 1 4218 5199 4219
2988 2 2 1 1 5602 5628 4333
2989 2 2 1 1 539 4413 4324
2990 2 2 1 1 3508 3663 648
2991 2 2 1 1 5122 5588 4276
2992 2 2 1 1 1928 4880 3926
2993 2 2 1 1 4237 4317 4153
2994 2 2 1 1 5393 5698 1038
2995 2 2 1 1 4516 4797 3682
2996 2 2 1 1 168 5440 169
2997 2 2 1 1 4215 4458 2003
2998 2 2 1 1 247 5660 4775
2999 2 2 1 1 3634 4988 4169
3000 2 2 1 1 3725 5516 5142
3001 2 2 1 1 3934 4496 3590
3002 2 2 1 1 4240 5744 5409
3003 2 2 1 1 4947 5395 4241
3004 2 2 1 1 4301 5588 4986
3005 2 2 1 1 558 5459 5408
3006 2 2 1 1 3235 5585 3234
3007 2 2 1 1 932 5433 3052
3008 2 2 1 1 3737 5874 5206
3009 2 2 1 1 3132 5202 3133
3010 2 2 1 1 4152 5569 395
3011 2 2 1 1 196 195 3001
3012 2 2 1 1 3867 4645 4058
3013 2 2 1 1 3822 4550 123
3014 2 2 1 1 2142 5029 3925
3015 2 2 1 1 4119 5326 3614
3016 2 2 1 1 4437 5201 308
3017 2 2 1 1 3127 5400 3128
3018 2 2 1 1 820 5339 821
3019 2 2 1 1 4370 5199 4248
3020 2 2 1 1 3257 5325 3256
3021 2 2 1 1 4352 5437 2667
3022 2 2 1 1 4015 5917 1470
3023 2 2 1 1 2450 4585 2451
3024 2 2 1 1 4896 5527 3806
3025 2 2 1 1 553 4980 554
3026 2 2 1 1 2563 4512 2564
3027 2 2 1 1 590 4459 589
3028 2 2 1 1 896 5490 897
3029 2 2 1 1 4754 5818 5363
3030 2 2 1 1 3049 5227 4013
3031 2 2 1 1 4607 4884 3021
3032 2 2 1 1 3887 4416 1030
3033 2 2 1 1 1149 5704 4113
3034 2 2 1 1 1825 5381 3300
3035 2 2 1 1 4949 5777 5480
3036 2 2 1 1 5573 5817 3860
3037 2 2 1 1 3305 5373 3304
3038 2 2 1 1 5115 5164 3786
3039 2 2 1 1 4113 4819 1149
3040 2 2 1 1 1943 4399 3935
3041 2 2 1 1 3220 5855 5241
3042 2 2 1 1 3338 4073 3337
3043 2 2 1 1 3244 4078 3243
3044 2 2 1 1 3245 5217 3244
3045 2 2 1 1 3972 4236 2184
3046 2 2 1 1 3838 5650 4961
3047 2 2 1 1 3823 5240 4763
3048 2 2 1 1 4402 5364 4674
3049 2 2 1 1 3998 5206 3370
3050 2 2 1 1 3381 5422 5072
3051 2 2 1 1 4055 5126 4633
3052 2 2 1 1 3561 5053 4157
3053 2 2 1 1 4134 4135 3364
3054 2 2 1 1 4551 5665 3349
3055 2 2 1 1 3318 5720 3317
3056 2 2 1 1 931 5584 5289
3057 2 2 1 1 4026 5839 5083
3058 2 2 1 1 4918 5542 4588
3059 2 2 1 1 4900 5535 4323
3060 2 2 1 1 2987 5161 2988
3061 2 2 1 1 4796 5956 4817
3062 2 2 1 1 5241 5524 3219
3063 2 2 1 1 558 5408 3007
3064 2 2 1 1 5485 5620 3586
3065 2 2 1 1 1107 4755 1108
3066 2 2 1 1 3212 4659 3213
3067 2 2 1 1 1684 4630 3799
3068 2 2 1 1 460 5101 429
3069 2 2 1 1 2644 4948 3188
3070 2 2 1 1 3612 4646 4529
3071 2 2 1 1 5628 5910 4333
3072 2 2 1 1 786 4224 787
3073 2 2 1 1 4604 5323 3680
3074 2 2 1 1 3681 5866 3658
3075 2 2 1 1 1753 5099 1996
3076 2 2 1 1 3883 5774 4582
3077 2 2 1 1 2512 572 2513
3078 2 2 1 1 5183 5727 1555
3079 2 2 1 1 4156 4706 3741
3080 2 2 1 1 3852 4693 3976
3081 2 2 1 1 3193 5488 4667
3082 2 2 1 1 3258 5359 3257
3083 2 2 1 1 3241 5421 4395
3084 2 2 1 1 3300 5973 3826
3085 2 2 1 1 3355 4216 2076
3086 2 2 1 1 3799 5082 1684
3087 2 2 1 1 3879 5341 3285
3088 2 2 1 1 3963 4106 797
3089 2 2 1 1 4513 5826 5558
3090 2 2 1 1 3023 5436 3024
3091 2 2 1 1 3902 5898 3237
3092 2 2 1 1 5055 5705 3950
3093 2 2 1 1 3216 5648 2870
3094 2 2 1 1 4825 5621 4041
3095 2 2 1 1 4651 5535 4900
3096 2 2 1 1 4638 4728 4377
3097 2 2 1 1 4998 5446 485
3098 2 2 1 1 3516 5944 5395
3099 2 2 1 1 4195 4453 2579
3100 2 2 1 1 3304 5373 5040
3101 2 2 1 1 4691 4850 3603
3102 2 2 1 1 3818 4523 1658
3103 2 2 1 1 3933 5637 4804
3104 2 2 1 1 3665 4472 3841
3105 2 2 1 1 2877 2878 3065
3106 2 2 1 1 4864 5845 5372
3107 2 2 1 1 3451 5619 4475
3108 2 2 1 1 5460 5708 3080
3109 2 2 1 1 4721 5396 4348
3110 2 2 1 1 3868 5444 771
3111 2 2 1 1 4214 5419 5168
3112 2 2 1 1 4362 5686 2129
3113 2 2 1 1 2179 5829 2180
3114 2 2 1 1 2853 3679 2923
3115 2 2 1 1 1857 791 790
3116 2 2 1 1 2164 3466 2165
3117 2 2 1 1 290 5877 5503
3118 2 2 1 1 3366 4818 4283
3119 2 2 1 1 334 3365 335
3120 2 2 1 1 5440 5712 4307
3121 2 2 1 1 5466 5825 1620
3122 2 2 1 1 1900 4247 1901
3123 2 2 1 1 2218 4941 2219
3124 2 2 1 1 3434 5011 4498
3125 2 2 1 1 5031 5891 3940
3126 2 2 1 1 3778 4070 933
3127 2 2 1 1 2756 3996 3917
3128 2 2 1 1 4202 5615 5266
3129 2 2 1 1 4941 5818 4754
3130 2 2 1 1 2440 5901 4102
3131 2 2 1 1 3795 4829 664
3132 2 2 1 1 4935 5811 4720
3133 2 2 1 1 4596 5136 4104
3134 2 2 1 1 3836 5369 3983
3135 2 2 1 1 4835 5410 1184
3136 2 2 1 1 3539 5305 5035
3137 2 2 1 1 3712 5475 4067
3138 2 2 1 1 2104 5895 5382
3139 2 2 1 1 5302 5444 3868
3140 2 2 1 1 3983 5568 4406
3141 2 2 1 1 3971 5958 5957
3142 2 2 1 1 914 4791 3056
3143 2 2 1 1 3896 5550 4121
3144 2 2 1 1 3342 5341 4388
3145 2 2 1 1 666 4922 667
3146 2 2 1 1 2324 4929 2325
3147 2 2 1 1 4482 5707 1577
3148 2 2 1 1 3482 5515 1008
3149 2 2 1 1 3814 5022 3036
3150 2 2 1 1 4409 5702 4609
3151 2 2 1 1 5483 5603 3781
3152 2 2 1 1 4120 5639 3759
3153 2 2 1 1 3598 5264 4422
3154 2 2 1 1 2450 5474 4585
3155 2 2 1 1 34 3890 35
3156 2 2 1 1 5720 5726 4565
3157 2 2 1 1 3859 5481 4457
3158 2 2 1 1 368 4938 292
3159 2 2 1 1 5011 5267 3550
3160 2 2 1 1 4251 4878 3878
3161 2 2 1 1 3410 4800 448
3162 2 2 1 1 4698 4751 3421
3163 2 2 1 1 4268 4269 3661
3164 2 2 1 1 4567 5625 4994
3165 2 2 1 1 1532 5737 3521
3166 2 2 1 1 4792 5166 459
3167 2 2 1 1 2542 4401 2541
3168 2 2 1 1 3316 5472 3315
3169 2 2 1 1 4889 5806 3807
3170 2 2 1 1 3609 5908 5015
3171 2 2 1 1 4886 5633 1422
3172 2 2 1 1 2007 5928 4261
3173 2 2 1 1 3731 5742 4776
3174 2 2 1 1 4971 5634 5039
3175 2 2 1 1 3973 4065 3489
3176 2 2 1 1 4765 5597 4002
3177 2 2 1 1 2984 5231 2985
3178 2 2 1 1 4066 5473 4999
3179 2 2 1 1 3677 5717 5213
3180 2 2 1 1 4014 4064 1329
3181 2 2 1 1 5307 5886 3740
3182 2 2 1 1 4177 5287 4433
3183 2 2 1 1 4133 5111 1507
3184 2 2 1 1 219 5785 220
3185 2 2 1 1 4625 4974 3420
3186 2 2 1 1 3238 5868 3902
3187 2 2 1 1 2543 4448 2542
3188 2 2 1 1 1151 5493 4363
3189 2 2 1 1 4588 5542 4598
3190 2 2 1 1 4421 5646 5113
3191 2 2 1 1 3535 5361 4228
3192 2 2 1 1 5134 5556 3829
3193 2 2 1 1 4168 5436 3023
3194 2 2 1 1 4861 5043 2614
3195 2 2 1 1 3677 5213 4731
3196 2 2 1 1 3653 5819 4151
3197 2 2 1 1 3874 5423 4871
3198 2 2 1 1 5316 5661 3921
3199 2 2 1 1 1376 4665 3586
3200 2 2 1 1 5245 5612 3289
3201 2 2 1 1 5013 5539 4652
3202 2 2 1 1 3317 5720 4543
3203 2 2 1 1 4226 5942 4242
3204 2 2 1 1 4398 5386 5184
3205 2 2 1 1 3707 4037 1302
3206 2 2 1 1 4525 5845 3407
3207 2 2 1 1 4112 5609 5301
3208 2 2 1 1 290 5503 2977
3209 2 2 1 1 5514 5598 5261
3210 2 2 1 1 4138 5305 5191
3211 2 2 1 1 5012 5238 2042
3212 2 2 1 1 3495 3721 1963
3213 2 2 1 1 687 5052 688
3214 2 2 1 1 3219 5524 3218
3215 2 2 1 1 5165 5523 4522
3216 2 2 1 1 2959 5268 2960
3217 2 2 1 1 2958 4965 2959
3218 2 2 1 1 4016 5306 4015
3219 2 2 1 1 3297 5676 2539
3220 2 2 1 1 1386 4952 1387
3221 2 2 1 1 3926 4639 1601
3222 2 2 1 1 4694 5603 3834
3223 2 2 1 1 4798 5312 1510
3224 2 2 1 1 4404 4937 3229
3225 2 2 1 1 2438 4867 4692
3226 2 2 1 1 3007 5408 3701
3227 2 2 1 1 3557 5674 4317
3228 2 2 1 1 2937 4970 2938
3229 2 2 1 1 235 5126 5093
3230 2 2 1 1 829 5839 4026
3231 2 2 1 1 4542 4610 3736
3232 2 2 1 1 1113 4704 4094
3233 2 2 1 1 3616 4662 1430
3234 2 2 1 1 831 4131 671
3235 2 2 1 1 2364 4921 4464
3236 2 2 1 1 3492 5906 4928
3237 2 2 1 1 2978 5063 1465
3238 2 2 1 1 4188 5286 2282
3239 2 2 1 1 3737 5206 4649
3240 2 2 1 1 3361 3513 1542
3241 2 2 1 1 5297 5540 4689
3242 2 2 1 1 742 5349 743
3243 2 2 1 1 4103 4781 4190
3244 2 2 1 1 827 3814 3036
3245 2 2 1 1 5305 5626 5035
3246 2 2 1 1 2557 5795 5719
3247 2 2 1 1 4533 5477 3324
3248 2 2 1 1 4893 5583 3616
3249 2 2 1 1 3368 5760 3976
3250 2 2 1 1 5296 5630 3048
3251 2 2 1 1 174 5226 175
3252 2 2 1 1 116 5883 3920
3253 2 2 1 1 3112 3485 1622
3254 2 2 1 1 3424 5949 5945
3255 2 2 1 1 4629 5793 4124
3256 2 2 1 1 861 4981 862
3257 2 2 1 1 4047 5937 5586
3258 2 2 1 1 2449 5474 2450
3259 2 2 1 1 3408 5692 5018
3260 2 2 1 1 5261 5598 4223
3261 2 2 1 1 299 5561 300
3262 2 2 1 1 4029 5836 4715
3263 2 2 1 1 4124 5884 4629
3264 2 2 1 1 4246 4420 4189
3265 2 2 1 1 3590 5143 4600
3266 2 2 1 1 5342 5682 4388
3267 2 2 1 1 2437 4867 2438
3268 2 2 1 1 4622 5359 4326
3269 2 2 1 1 3425 4588 4587
3270 2 2 1 1 3493 5845 4864
3271 2 2 1 1 3052 5433 4676
3272 2 2 1 1 3117 4552 1635
3273 2 2 1 1 3380 5568 4294
3274 2 2 1 1 3732 5907 4378
3275 2 2 1 1 4644 5690 3502
3276 2 2 1 1 3638 4806 4589
3277 2 2 1 1 4084 5500 4212
3278 2 2 1 1 2675 4007 3469
3279 2 2 1 1 3711 4649 3432
3280 2 2 1 1 3237 5898 2944
3281 2 2 1 1 4260 5773 4259
3282 2 2 1 1 3612 4529 4385
3283 2 2 1 1 3959 5843 4293
3284 2 2 1 1 4245 5337 5170
3285 2 2 1 1 2624 4044 2623
3286 2 2 1 1 3257 5359 5325
3287 2 2 1 1 1670 5560 1671
3288 2 2 1 1 4077 5233 2872
3289 2 2 1 1 3022 5000 692
3290 2 2 1 1 4530 5934 4168
3291 2 2 1 1 4429 5924 4483
3292 2 2 1 1 5130 5183 1554
3293 2 2 1 1 3434 5663 5011
3294 2 2 1 1 3470 5182 4591
3295 2 2 1 1 4295 4748 3734
3296 2 2 1 1 5039 5634 4095
3297 2 2 1 1 3340 3787 728
3298 2 2 1 1 3658 5364 3657
3299 2 2 1 1 3782 5042 4280
3300 2 2 1 1 1431 5074 1432
3301 2 2 1 1 5129 5836 4029
3302 2 2 1 1 123 5338 3822
3303 2 2 1 1 1601 4484 3926
3304 2 2 1 1 4121 5621 5064
3305 2 2 1 1 5217 5898 3902
3306 2 2 1 1 4906 5553 610
3307 2 2 1 1 5576 5699 4439
3308 2 2 1 1 3333 4636 3332
3309 2 2 1 1 1935 5770 3143
3310 2 2 1 1 1576 5346 4482
3311 2 2 1 1 2270 4690 3496
3312 2 2 1 1 4230 5603 5483
3313 2 2 1 1 3561 5824 5053
3314 2 2 1 1 849 5757 5500
3315 2 2 1 1 2111 5002 2112
3316 2 2 1 1 4477 5268 4965
3317 2 2 1 1 4288 4397 3462
3318 2 2 1 1 2974 5566 254
3319 2 2 1 1 3156 5550 2183
3320 2 2 1 1 263 5983 4822
3321 2 2 1 1 2359 5706 3612
3322 2 2 1 1 3707 5374 4597
3323 2 2 1 1 3229 4937 3228
3324 2 2 1 1 5957 5958 4817
3325 2 2 1 1 5113 5646 4008
3326 2 2 1 1 3654 4129 3461
3327 2 2 1 1 4084 5920 5500
3328 2 2 1 1 3806 5573 3805
3329 2 2 1 1 1 4006 3992
3330 2 2 1 1 176 3506 3464
3331 2 2 1 1 3971 5957 5092
3332 2 2 1 1 3359 5181 4779
3333 2 2 1 1 2442 4744 3883
3334 2 2 1 1 4566 5486 3292
3335 2 2 1 1 4910 5826 4513
3336 2 2 1 1 3572 5658 3825
3337 2 2 1 1 5621 5852 3162
3338 2 2 1 1 4662 4713 1412
3339 2 2 1 1 4988 5897 1272
3340 2 2 1 1 4987 5516 3725
3341 2 2 1 1 4108 5182 3673
3342 2 2 1 1 3492 4928 4927
3343 2 2 1 1 3353 5758 5355
3344 2 2 1 1 3233 5661 5316
3345 2 2 1 1 1946 5746 1951
3346 2 2 1 1 1408 4538 1409
3347 2 2 1 1 2835 5547 2836
3348 2 2 1 1 4585 5280 2451
3349 2 2 1 1 5263 5937 4125
3350 2 2 1 1 2399 5271 2115
3351 2 2 1 1 5092 5439 1926
3352 2 2 1 1 3029 5802 5251
3353 2 2 1 1 3595 5956 4796
3354 2 2 1 1 2330 4974 2331
3355 2 2 1 1 338 3344 325
3356 2 2 1 1 3412 5773 5178
3357 2 2 1 1 4548 5832 2025
3358 2 2 1 1 4864 5372 4865
3359 2 2 1 1 4076 4452 3174
3360 2 2 1 1 3015 4570 364
3361 2 2 1 1 3917 3996 2738
3362 2 2 1 1 3777 4951 4567
3363 2 2 1 1 4102 5901 4614
3364 2 2 1 1 2503 3644 2502
3365 2 2 1 1 4099 5692 4737
3366 2 2 1 1 5093 5126 4055
3367 2 2 1 1 168 5712 5440
3368 2 2 1 1 4633 5126 3660
3369 2 2 1 1 2232 5467 2233
3370 2 2 1 1 3052 5584 931
3371 2 2 1 1 5394 5712 167
3372 2 2 1 1 4585 5474 3907
3373 2 2 1 1 4415 4635 3789
3374 2 2 1 1 4114 4684 1331
3375 2 2 1 1 321 5961 5257
3376 2 2 1 1 4067 5710 4066
3377 2 2 1 1 5151 5158 431
3378 2 2 1 1 5102 5645 3678
3379 2 2 1 1 4178 5826 4910
3380 2 2 1 1 1093 4978 1094
3381 2 2 1 1 3825 5658 5330
3382 2 2 1 1 3450 5434 4180
3383 2 2 1 1 323 4249 3893
3384 2 2 1 1 4479 5923 4443
3385 2 2 1 1 1425 3984 1426
3386 2 2 1 1 4000 5586 909
3387 2 2 1 1 3683 5253 4474
3388 2 2 1 1 188 3863 189
3389 2 2 1 1 3700 5329 4671
3390 2 2 1 1 4500 5320 3663
3391 2 2 1 1 4479 5620 5485
3392 2 2 1 1 2789 4278 2790
3393 2 2 1 1 5270 5827 4610
3394 2 2 1 1 5064 5621 2239
3395 2 2 1 1 3481 5383 4909
3396 2 2 1 1 3431 5514 3912
3397 2 2 1 1 2547 5089 3899
3398 2 2 1 1 3367 4519 3490
3399 2 2 1 1 4261 5928 1443
3400 2 2 1 1 1798 5502 5285
3401 2 2 1 1 3109 5752 5380
3402 2 2 1 1 2893 3134 2894
3403 2 2 1 1 2239 5621 3162
3404 2 2 1 1 2272 4590 3555
3405 2 2 1 1 3808 5850 4054
3406 2 2 1 1 3808 5434 3450
3407 2 2 1 1 5681 5934 5042
3408 2 2 1 1 1375 5194 4665
3409 2 2 1 1 4107 5824 3561
3410 2 2 1 1 909 5586 910
3411 2 2 1 1 4322 5893 725
3412 2 2 1 1 1272 5897 5587
3413 2 2 1 1 2049 4364 3600
3414 2 2 1 1 1970 4400 3980
3415 2 2 1 1 4444 5567 4725
3416 2 2 1 1 4363 5351 1152
3417 2 2 1 1 4524 5827 1958
3418 2 2 1 1 1719 4951 1720
3419 2 2 1 1 808 5759 806
3420 2 2 1 1 4047 5586 5005
3421 2 2 1 1 3669 4607 3913
3422 2 2 1 1 3899 4672 2547
3423 2 2 1 1 3789 4698 1342
3424 2 2 1 1 4324 4413 3795
3425 2 2 1 1 4168 5681 5436
3426 2 2 1 1 3992 4006 1616
3427 2 2 1 1 2559 5656 2560
3428 2 2 1 1 595 4515 594
3429 2 2 1 1 514 1121 515
3430 2 2 1 1 5365 5540 5297
3431 2 2 1 1 4119 4761 1286
3432 2 2 1 1 3031 5610 3032
3433 2 2 1 1 4865 5411 3396
3434 2 2 1 1 4727 5125 3129
3435 2 2 1 1 5004 5854 3964
3436 2 2 1 1 3907 5474 5167
3437 2 2 1 1 4413 5745 3795
3438 2 2 1 1 3287 5539 5013
3439 2 2 1 1 4303 5717 3617
3440 2 2 1 1 5188 5285 4433
3441 2 2 1 1 2882 5239 3097
3442 2 2 1 1 4043 5478 379
3443 2 2 1 1 4445 5887 3970
3444 2 2 1 1 3770 4752 4268
3445 2 2 1 1 3637 5693 5055
3446 2 2 1 1 3059 5157 5131
3447 2 2 1 1 4059 5157 3058
3448 2 2 1 1 3976 5760 3852
3449 2 2 1 1 279 4191 280
3450 2 2 1 1 2216 4834 3666
3451 2 2 1 1 1457 5917 5526
3452 2 2 1 1 1634 3662 3116
3453 2 2 1 1 4939 5557 3371
3454 2 2 1 1 3601 4892 394
3455 2 2 1 1 1411 5045 1396
3456 2 2 1 1 2003 4458 3357
3457 2 2 1 1 4866 5480 3397
3458 2 2 1 1 3119 5559 4125
3459 2 2 1 1 1128 5532 5297
3460 2 2 1 1 3707 4597 4037
3461 2 2 1 1 4102 4744 2441
3462 2 2 1 1 4568 5266 4308
3463 2 2 1 1 4983 5702 4409
3464 2 2 1 1 1253 4116 3681
3465 2 2 1 1 5266 5776 4202
3466 2 2 1 1 4365 5665 4366
3467 2 2 1 1 3619 5763 3894
3468 2 2 1 1 3970 5887 4442
3469 2 2 1 1 2645 5671 4708
3470 2 2 1 1 5306 5917 4015
3471 2 2 1 1 57 5027 58
3472 2 2 1 1 3413 5025 110
3473 2 2 1 1 4155 5885 2636
3474 2 2 1 1 4184 4690 3919
3475 2 2 1 1 4035 4785 4320
3476 2 2 1 1 5249 5363 4183
3477 2 2 1 1 506 4820 1729
3478 2 2 1 1 5003 5504 675
3479 2 2 1 1 2702 3250 2701
3480 2 2 1 1 3126 5733 4849
3481 2 2 1 1 386 5250 4097
3482 2 2 1 1 4256 5585 3235
3483 2 2 1 1 517 3820 3634
3484 2 2 1 1 4147 5758 4145
3485 2 2 1 1 4388 5870 4193
3486 2 2 1 1 4838 5545 2947
3487 2 2 1 1 4206 5019 654
3488 2 2 1 1 5184 5652 4398
3489 2 2 1 1 4494 5515 3482
3490 2 2 1 1 5264 5459 557
3491 2 2 1 1 2762 4525 4476
3492 2 2 1 1 4380 5355 4618
3493 2 2 1 1 4751 5840 3421
3494 2 2 1 1 4041 5550 3156
3495 2 2 1 1 5192 5454 4126
3496 2 2 1 1 1541 3361 1542
3497 2 2 1 1 347 4341 3816
3498 2 2 1 1 1148 5704 1149
3499 2 2 1 1 1684 5082 1685
3500 2 2 1 1 3689 5773 4509
3501 2 2 1 1 4697 5108 3452
3502 2 2 1 1 3289 5612 3288
3503 2 2 1 1 3819 4521 3392
3504 2 2 1 1 5359 5799 4326
3505 2 2 1 1 3196 5807 3941
3506 2 2 1 1 4221 5574 4724
3507 2 2 1 1 1562 5980 4661
3508 2 2 1 1 2973 5688 4175
3509 2 2 1 1 568 5955 569
3510 2 2 1 1 5407 5745 4489
3511 2 2 1 1 3919 5457 4184
3512 2 2 1 1 3587 5185 5146
3513 2 2 1 1 5037 5791 3835
3514 2 2 1 1 3684 5726 3319
3515 2 2 1 1 150 5259 151
3516 2 2 1 1 3634 5554 4660
3517 2 2 1 1 5168 5419 3637
3518 2 2 1 1 265 4936 266
3519 2 2 1 1 3816 4341 530
3520 2 2 1 1 5013 5581 3879
3521 2 2 1 1 4296 5887 3004
3522 2 2 1 1 3453 5540 5365
3523 2 2 1 1 4315 5693 4316
3524 2 2 1 1 793 4432 3889
3525 2 2 1 1 3309 5329 4123
3526 2 2 1 1 4692 5901 2439
3527 2 2 1 1 4301 5837 4779
3528 2 2 1 1 358 5941 359
3529 2 2 1 1 254 5566 4887
3530 2 2 1 1 3101 5980 1562
3531 2 2 1 1 4981 5789 4931
3532 2 2 1 1 3998 5638 5206
3533 2 2 1 1 5206 5638 4650
3534 2 2 1 1 1084 5873 5541
3535 2 2 1 1 1185 5410 817
3536 2 2 1 1 3770 4932 4752
3537 2 2 1 1 3429 5843 3959
3538 2 2 1 1 4777 5605 3199
3539 2 2 1 1 345 4915 4266
3540 2 2 1 1 3382 5591 4371
3541 2 2 1 1 4731 5213 3122
3542 2 2 1 1 661 4830 541
3543 2 2 1 1 5548 5831 1629
3544 2 2 1 1 4059 5468 5157
3545 2 2 1 1 4673 5506 3690
3546 2 2 1 1 5162 5748 3301
3547 2 2 1 1 1737 5048 2669
3548 2 2 1 1 2689 5510 3758
3549 2 2 1 1 3827 5024 5002
3550 2 2 1 1 3853 5734 4786
3551 2 2 1 1 4449 5472 4038
3552 2 2 1 1 9 5821 2975
3553 2 2 1 1 4511 5843 3466
3554 2 2 1 1 4885 4886 3760
3555 2 2 1 1 3919 4690 2269
3556 2 2 1 1 3569 4392 4181
3557 2 2 1 1 3165 5617 4805
3558 2 2 1 1 4817 5147 3543
3559 2 2 1 1 2817 4343 2816
3560 2 2 1 1 3841 4554 2821
3561 2 2 1 1 2764 5371 2564
3562 2 2 1 1 2081 4955 4298
3563 2 2 1 1 1477 3568 3474
3564 2 2 1 1 1799 3527 1800
3565 2 2 1 1 4594 5873 1083
3566 2 2 1 1 1738 4392 1739
3567 2 2 1 1 1736 4352 2668
3568 2 2 1 1 3234 5661 3233
3569 2 2 1 1 3908 4822 1173
3570 2 2 1 1 2387 5805 3167
3571 2 2 1 1 3983 5369 2262
3572 2 2 1 1 5137 5527 4663
3573 2 2 1 1 3643 5029 4929
3574 2 2 1 1 3900 5199 4218
3575 2 2 1 1 4786 5579 3853
3576 2 2 1 1 5007 5854 5004
3577 2 2 1 1 4516 5521 577
3578 2 2 1 1 3102 5291 1495
3579 2 2 1 1 4437 5335 3077
3580 2 2 1 1 494 5680 4075
3581 2 2 1 1 3108 5752 3109
3582 2 2 1 1 1314 4173 1315
3583 2 2 1 1 4847 5497 1827
3584 2 2 1 1 3872 5813 1233
3585 2 2 1 1 5303 5904 3922
3586 2 2 1 1 3974 5667 274
3587 2 2 1 1 4112 5985 4333
3588 2 2 1 1 5417 5662 5087
3589 2 2 1 1 675 5326 5003
3590 2 2 1 1 3811 4956 1559
3591 2 2 1 1 367 4938 368
3592 2 2 1 1 3368 5602 4345
3593 2 2 1 1 3962 5754 4973
3594 2 2 1 1 993 4712 3075
3595 2 2 1 1 4921 5275 4464
3596 2 2 1 1 4382 4546 1454
3597 2 2 1 1 3455 5102 4642
3598 2 2 1 1 3321 5678 5008
3599 2 2 1 1 1559 4844 3811
3600 2 2 1 1 541 4686 661
3601 2 2 1 1 819 5920 4084
3602 2 2 1 1 4923 5884 3613
3603 2 2 1 1 4294 5896 4293
3604 2 2 1 1 2207 4977 3483
3605 2 2 1 1 4880 5878 3635
3606 2 2 1 1 3613 5884 4957
3607 2 2 1 1 3558 4874 3809
3608 2 2 1 1 466 5109 467
3609 2 2 1 1 4699 5882 5128
3610 2 2 1 1 3005 5771 513
3611 2 2 1 1 4477 5780 3849
3612 2 2 1 1 3295 4683 4319
3613 2 2 1 1 4720 5195 3597
3614 2 2 1 1 4257 5534 5347
3615 2 2 1 1 3399 3668 2228
3616 2 2 1 1 3441 5753 5085
3617 2 2 1 1 2368 5149 2369
3618 2 2 1 1 4864 4865 3396
3619 2 2 1 1 4522 5523 3423
3620 2 2 1 1 4496 5725 5143
3621 2 2 1 1 5134 5844 3416
3622 2 2 1 1 5480 5777 3721
3623 2 2 1 1 5257 5961 5384
3624 2 2 1 1 2586 5174 4074
3625 2 2 1 1 3979 5393 1037
3626 2 2 1 1 1145 4346 1146
3627 2 2 1 1 5185 5491 4211
3628 2 2 1 1 4389 4599 3670
3629 2 2 1 1 3549 5662 5417
3630 2 2 1 1 4498 5010 4311
3631 2 2 1 1 5092 5957 4625
3632 2 2 1 1 2282 4926 2283
3633 2 2 1 1 4256 5981 5585
3634 2 2 1 1 3198 5511 3199
3635 2 2 1 1 4968 5499 3761
3636 2 2 1 1 5186 5549 5148
3637 2 2 1 1 5137 5784 4205
3638 2 2 1 1 3731 4776 4110
3639 2 2 1 1 3258 5799 5359
3640 2 2 1 1 5330 5870 3825
3641 2 2 1 1 1620 5825 3110
3642 2 2 1 1 3545 5287 4177
3643 2 2 1 1 588 4165 3990
3644 2 2 1 1 5058 5447 4231
3645 2 2 1 1 3621 4885 3760
3646 2 2 1 1 2999 5166 5101
3647 2 2 1 1 4183 5480 3721
3648 2 2 1 1 4027 5114 4056
3649 2 2 1 1 4229 5482 4421
3650 2 2 1 1 2143 3925 3855
3651 2 2 1 1 4860 5713 4369
3652 2 2 1 1 3879 5581 5342
3653 2 2 1 1 3877 5466 1619
3654 2 2 1 1 3431 3912 3911
3655 2 2 1 1 2781 5807 3196
3656 2 2 1 1 1054 4784 1055
3657 2 2 1 1 4293 5896 3959
3658 2 2 1 1 2318 5072 3570
3659 2 2 1 1 3236 5158 4256
3660 2 2 1 1 4383 5840 4384
3661 2 2 1 1 3110 5825 5622
3662 2 2 1 1 936 4134 3364
3663 2 2 1 1 1613 5229 5228
3664 2 2 1 1 3715 5044 3757
3665 2 2 1 1 4701 5809 140
3666 2 2 1 1 3779 4375 3163
3667 2 2 1 1 2998 5762 450
3668 2 2 1 1 1041 5315 1811
3669 2 2 1 1 4994 5625 3560
3670 2 2 1 1 5486 5944 3745
3671 2 2 1 1 3439 5200 4419
3672 2 2 1 1 2171 4784 1054
3673 2 2 1 1 3564 4790 3844
3674 2 2 1 1 3005 5887 5771
3675 2 2 1 1 818 5920 819
3676 2 2 1 1 3116 5345 3117
3677 2 2 1 1 4527 5805 2387
3678 2 2 1 1 1629 5831 3113
3679 2 2 1 1 911 5657 4897
3680 2 2 1 1 4192 4466 3573
3681 2 2 1 1 4393 5681 5042
3682 2 2 1 1 5473 5710 4590
3683 2 2 1 1 4066 5710 5473
3684 2 2 1 1 3947 4467 2102
3685 2 2 1 1 4266 4341 346
3686 2 2 1 1 4257 5347 1137
3687 2 2 1 1 363 362 3016
3688 2 2 1 1 4984 5744 4240
3689 2 2 1 1 528 5059 529
3690 2 2 1 1 5571 5814 4618
3691 2 2 1 1 2800 4562 2801
3692 2 2 1 1 4391 4828 3426
3693 2 2 1 1 4086 5532 3851
3694 2 2 1 1 5150 5976 4418
3695 2 2 1 1 4660 5897 3634
3696 2 2 1 1 4254 5876 5108
3697 2 2 1 1 3589 4012 3821
3698 2 2 1 1 4176 5702 5214
3699 2 2 1 1 5253 5465 3403
3700 2 2 1 1 2526 5536 245
3701 2 2 1 1 2780 5387 4394
3702 2 2 1 1 956 5499 941
3703 2 2 1 1 906 4632 4285
3704 2 2 1 1 4248 5199 3929
3705 2 2 1 1 4489 5745 4413
3706 2 2 1 1 3907 5684 4585
3707 2 2 1 1 4652 5539 3843
3708 2 2 1 1 3692 5280 4824
3709 2 2 1 1 4552 5290 1635
3710 2 2 1 1 4075 5680 1218
3711 2 2 1 1 5532 5945 3851
3712 2 2 1 1 198 5813 3872
3713 2 2 1 1 5585 5981 4423
3714 2 2 1 1 2214 4716 2383
3715 2 2 1 1 1718 5625 4567
3716 2 2 1 1 3804 5833 3802
3717 2 2 1 1 4590 5710 4734
3718 2 2 1 1 3734 4748 4003
3719 2 2 1 1 4656 5406 1428
3720 2 2 1 1 5059 5093 4055
3721 2 2 1 1 4184 5457 3343
3722 2 2 1 1 5010 5011 3550
3723 2 2 1 1 3004 5887 3005
3724 2 2 1 1 4675 5944 3516
3725 2 2 1 1 4206 5434 5019
3726 2 2 1 1 5429 5801 3104
3727 2 2 1 1 3669 5871 4607
3728 2 2 1 1 4661 5980 4946
3729 2 2 1 1 320 5961 321
3730 2 2 1 1 3377 4455 3680
3731 2 2 1 1 700 4530 4168
3732 2 2 1 1 3367 5652 4519
3733 2 2 1 1 1293 4087 3118
3734 2 2 1 1 3889 5212 794
3735 2 2 1 1 3533 5789 4981
3736 2 2 1 1 4971 5039 3389
3737 2 2 1 1 4468 5242 5173
3738 2 2 1 1 4840 5980 3101
3739 2 2 1 1 3251 5863 5759
3740 2 2 1 1 3193 4667 4450
3741 2 2 1 1 4008 5646 3674
3742 2 2 1 1 3540 3918 2856
3743 2 2 1 1 5262 5264 3598
3744 2 2 1 1 522 4156 3741
3745 2 2 1 1 830 4131 831
3746 2 2 1 1 2862 2863 2864
3747 2 2 1 1 5432 5597 3427
3748 2 2 1 1 3455 5880 5102
3749 2 2 1 1 4202 5786 4818
3750 2 2 1 1 4214 5808 3274
3751 2 2 1 1 3425 4587 1011
3752 2 2 1 1 3771 4099 4060
3753 2 2 1 1 5328 5422 4361
3754 2 2 1 1 4821 5400 1566
3755 2 2 1 1 3401 5698 4608
3756 2 2 1 1 4158 4596 2169
3757 2 2 1 1 1560 5023 1561
3758 2 2 1 1 327 4162 3892
3759 2 2 1 1 2585 5174 2586
3760 2 2 1 1 3266 5837 4301
3761 2 2 1 1 4626 5936 2742
3762 2 2 1 1 2756 4992 2757
3763 2 2 1 1 5252 5806 3473
3764 2 2 1 1 5500 5757 4212
3765 2 2 1 1 5243 5587 3985
3766 2 2 1 1 4705 5243 3985
3767 2 2 1 1 1075 5469 1076
3768 2 2 1 1 4934 4968 3761
3769 2 2 1 1 4275 5148 4031
3770 2 2 1 1 1208 4517 1209
3771 2 2 1 1 4223 5598 3942
3772 2 2 1 1 5480 5818 3397
3773 2 2 1 1 5342 5581 4734
3774 2 2 1 1 3504 5774 4744
3775 2 2 1 1 3591 4980 3744
3776 2 2 1 1 3308 5748 4514
3777 2 2 1 1 1863 4091 3498
3778 2 2 1 1 4112 5896 5609
3779 2 2 1 1 4593 4594 1083
3780 2 2 1 1 3993 5439 4624
3781 2 2 1 1 4410 4666 246
3782 2 2 1 1 3882 5721 4688
3783 2 2 1 1 4487 5734 3853
3784 2 2 1 1 1997 4833 1998
3785 2 2 1 1 1621 5622 4053
3786 2 2 1 1 5252 5885 3807
3787 2 2 1 1 3708 5766 5031
3788 2 2 1 1 5500 5920 4160
3789 2 2 1 1 4201 5615 4202
3790 2 2 1 1 3659 5276 4356
3791 2 2 1 1 4481 4917 2290
3792 2 2 1 1 3444 3492 1640
3793 2 2 1 1 3348 5069 4896
3794 2 2 1 1 591 5428 4459
3795 2 2 1 1 1310 5476 3981
3796 2 2 1 1 4872 5672 3666
3797 2 2 1 1 2921 4643 2841
3798 2 2 1 1 1363 5891 3089
3799 2 2 1 1 1820 4130 3739
3800 2 2 1 1 4655 5865 5150
3801 2 2 1 1 2037 5177 2038
3802 2 2 1 1 1873 5061 3810
3803 2 2 1 1 1685 5890 1686
3804 2 2 1 1 4293 5843 4511
3805 2 2 1 1 4553 5441 3510
3806 2 2 1 1 1250 5002 4933
3807 2 2 1 1 908 4678 4000
3808 2 2 1 1 4566 5944 5486
3809 2 2 1 1 3429 3959 3818
3810 2 2 1 1 4211 5491 5265
3811 2 2 1 1 4338 5956 3595
3812 2 2 1 1 4676 5584 3052
3813 2 2 1 1 3375 4009 4008
3814 2 2 1 1 2297 5068 1517
3815 2 2 1 1 3829 3949 2510
3816 2 2 1 1 5116 5548 1628
3817 2 2 1 1 3392 5343 4743
3818 2 2 1 1 3572 5982 5658
3819 2 2 1 1 5143 5725 4434
3820 2 2 1 1 1037 5914 3979
3821 2 2 1 1 2025 5832 3991
3822 2 2 1 1 301 4143 3497
3823 2 2 1 1 4777 5511 3604
3824 2 2 1 1 4842 5163 3538
3825 2 2 1 1 2735 5510 2688
3826 2 2 1 1 3900 5947 5199
3827 2 2 1 1 3834 5603 3511
3828 2 2 1 1 3920 5320 117
3829 2 2 1 1 1559 4956 1560
3830 2 2 1 1 5053 5824 4200
3831 2 2 1 1 676 5504 3854
3832 2 2 1 1 1621 4053 3111
3833 2 2 1 1 3111 5412 3112
3834 2 2 1 1 3668 4949 4866
3835 2 2 1 1 3937 5043 4861
3836 2 2 1 1 1409 4538 3880
3837 2 2 1 1 161 5577 403
3838 2 2 1 1 1479 5117 1480
3839 2 2 1 1 2550 5293 3201
3840 2 2 1 1 1184 5410 1185
3841 2 2 1 1 3478 5097 4117
3842 2 2 1 1 4396 5806 4889
3843 2 2 1 1 3759 5003 4119
3844 2 2 1 1 3914 5096 1028
3845 2 2 1 1 349 4633 350
3846 2 2 1 1 3378 4178 3910
3847 2 2 1 1 3259 5799 3258
3848 2 2 1 1 4670 5683 3446
3849 2 2 1 1 3153 4658 2402
3850 2 2 1 1 556 4780 4422
3851 2 2 1 1 4608 5817 4534
3852 2 2 1 1 2939 4076 2940
3853 2 2 1 1 2150 5032 2151
3854 2 2 1 1 2051 4876 4875
3855 2 2 1 1 3954 5746 1946
3856 2 2 1 1 4269 5709 5481
3857 2 2 1 1 5029 5062 1603
3858 2 2 1 1 5111 5979 1507
3859 2 2 1 1 3722 5521 3828
3860 2 2 1 1 5383 5974 3417
3861 2 2 1 1 3411 4757 4627
3862 2 2 1 1 3772 4402 3374
3863 2 2 1 1 4792 5830 5754
3864 2 2 1 1 4710 5607 2950
3865 2 2 1 1 3912 5514 5261
3866 2 2 1 1 2987 5874 5161
3867 2 2 1 1 5035 5626 5153
3868 2 2 1 1 3412 5178 4156
3869 2 2 1 1 3406 4211 4158
3870 2 2 1 1 4117 4412 1879
3871 2 2 1 1 3550 5267 4374
3872 2 2 1 1 3729 4996 4162
3873 2 2 1 1 404 5577 2949
3874 2 2 1 1 2920 4643 2921
3875 2 2 1 1 3765 5720 4565
3876 2 2 1 1 4276 5588 5181
3877 2 2 1 1 2826 5679 2824
3878 2 2 1 1 4034 4952 4560
3879 2 2 1 1 3973 5674 4065
3880 2 2 1 1 5623 5894 1371
3881 2 2 1 1 4760 5557 3904
3882 2 2 1 1 992 5515 4712
3883 2 2 1 1 2881 5190 2880
3884 2 2 1 1 3835 4458 712
3885 2 2 1 1 3556 4258 4257
3886 2 2 1 1 2855 4242 3540
3887 2 2 1 1 3883 5912 3169
3888 2 2 1 1 4252 5872 5074
3889 2 2 1 1 3360 4016 4015
3890 2 2 1 1 1811 4950 1041
3891 2 2 1 1 3431 3911 2840
3892 2 2 1 1 4213 5974 5383
3893 2 2 1 1 4181 4392 2671
3894 2 2 1 1 772 5782 4414
3895 2 2 1 1 1846 5211 1847
3896 2 2 1 1 713 4458 4215
3897 2 2 1 1 3369 4033 4032
3898 2 2 1 1 5300 5648 3216
3899 2 2 1 1 3363 4359 4358
3900 2 2 1 1 1833 3944 40
3901 2 2 1 1 5074 5872 3972
3902 2 2 1 1 4816 5742 3731
3903 2 2 1 1 3409 5534 4721
3904 2 2 1 1 4016 5788 5307
3905 2 2 1 1 5070 5804 152
3906 2 2 1 1 2693 5225 2694
3907 2 2 1 1 5759 5863 4367
3908 2 2 1 1 3424 5945 5532
3909 2 2 1 1 3546 3869 3829
3910 2 2 1 1 3633 5279 3990
3911 2 2 1 1 5140 5857 4597
3912 2 2 1 1 5043 5925 2614
3913 2 2 1 1 2044 5129 2045
3914 2 2 1 1 3846 4771 1017
3915 2 2 1 1 3875 5837 4930
3916 2 2 1 1 3772 5690 4402
3917 2 2 1 1 917 4995 4699
3918 2 2 1 1 1958 5827 1959
3919 2 2 1 1 2439 5901 2440
3920 2 2 1 1 4457 5709 4977
3921 2 2 1 1 2966 5093 4387
3922 2 2 1 1 1627 5116 1628
3923 2 2 1 1 2475 5453 2457
3924 2 2 1 1 2870 5648 5582
3925 2 2 1 1 3385 4572 4221
3926 2 2 1 1 4548 5743 3334
3927 2 2 1 1 3959 5896 4112
3928 2 2 1 1 3663 5320 649
3929 2 2 1 1 3252 5863 3251
3930 2 2 1 1 1726 5703 3734
3931 2 2 1 1 3738 4579 3477
3932 2 2 1 1 4603 5668 5276
3933 2 2 1 1 4894 5024 3827
3934 2 2 1 1 3516 5395 4947
3935 2 2 1 1 4852 5422 3381
3936 2 2 1 1 5197 5788 4016
3937 2 2 1 1 782 4187 4186
3938 2 2 1 1 4521 5802 5444
3939 2 2 1 1 4333 5910 4523
3940 2 2 1 1 3580 4489 4413
3941 2 2 1 1 2734 5751 5510
3942 2 2 1 1 4225 5941 4802
3943 2 2 1 1 4665 5485 3586
3944 2 2 1 1 3311 4868 4503
3945 2 2 1 1 5131 5157 3903
3946 2 2 1 1 3865 4797 4516
3947 2 2 1 1 5199 5947 3929
3948 2 2 1 1 2443 5912 5387
3949 2 2 1 1 4190 4781 1520
3950 2 2 1 1 3451 5549 5186
3951 2 2 1 1 4892 5427 3620
3952 2 2 1 1 4466 5237 3573
3953 2 2 1 1 3882 4688 2620
3954 2 2 1 1 3708 5031 4262
3955 2 2 1 1 5714 5953 4012
3956 2 2 1 1 3577 5243 4705
3957 2 2 1 1 3574 4199 3651
3958 2 2 1 1 5213 5717 4303
3959 2 2 1 1 3691 5263 3608
3960 2 2 1 1 4415 5860 4635
3961 2 2 1 1 2764 4512 2765
3962 2 2 1 1 4803 5459 3909
3963 2 2 1 1 4161 5982 3572
3964 2 2 1 1 3500 4276 4275
3965 2 2 1 1 4787 5579 4786
3966 2 2 1 1 3589 5714 4012
3967 2 2 1 1 4952 5723 4560
3968 2 2 1 1 3222 3890 34
3969 2 2 1 1 2805 4243 2806
3970 2 2 1 1 3357 4425 4424
3971 2 2 1 1 4421 5895 5646
3972 2 2 1 1 2673 4251 3878
3973 2 2 1 1 3380 4294 4293
3974 2 2 1 1 1403 3932 1404
3975 2 2 1 1 3361 4961 3513
3976 2 2 1 1 2932 4325 2933
3977 2 2 1 1 4190 5775 5078
3978 2 2 1 1 2806 4243 2397
3979 2 2 1 1 5650 5651 4900
3980 2 2 1 1 4272 5317 3404
3981 2 2 1 1 2109 4268 3661
3982 2 2 1 1 4520 5390 451
3983 2 2 1 1 3401 4534 4386
3984 2 2 1 1 4117 4615 4412
3985 2 2 1 1 2952 5471 3784
3986 2 2 1 1 5167 5958 3971
3987 2 2 1 1 3097 4799 2882
3988 2 2 1 1 4744 5636 3504
3989 2 2 1 1 3958 5572 4647
3990 2 2 1 1 3239 5868 3238
3991 2 2 1 1 4241 4626 2742
3992 2 2 1 1 1447 5947 3900
3993 2 2 1 1 4050 5523 5165
3994 2 2 1 1 3437 4574 4463
3995 2 2 1 1 4763 5240 3519
3996 2 2 1 1 5003 5326 4119
3997 2 2 1 1 4514 5854 5007
3998 2 2 1 1 529 5059 3816
3999 2 2 1 1 5214 5702 4983
4000 2 2 1 1 3456 4622 4326
4001 2 2 1 1 3978 5324 1067
4002 2 2 1 1 4059 5964 4637
4003 2 2 1 1 4244 5645 5102
4004 2 2 1 1 911 4897 4290
4005 2 2 1 1 4788 5189 187
4006 2 2 1 1 3918 4077 2873
4007 2 2 1 1 2515 5275 3671
4008 2 2 1 1 2102 4914 3947
4009 2 2 1 1 5178 5788 5197
4010 2 2 1 1 4514 5748 5162
4011 2 2 1 1 117 5320 4500
4012 2 2 1 1 3340 4960 3787
4013 2 2 1 1 4410 5279 3633
4014 2 2 1 1 2566 4476 3407
4015 2 2 1 1 3854 5504 3501
4016 2 2 1 1 3352 4351 4350
4017 2 2 1 1 3820 5554 3634
4018 2 2 1 1 3394 4845 4354
4019 2 2 1 1 4344 4998 3000
4020 2 2 1 1 1343 4698 3421
4021 2 2 1 1 3989 5052 3605
4022 2 2 1 1 2126 4870 2127
4023 2 2 1 1 4438 5372 3832
4024 2 2 1 1 5411 5973 3396
4025 2 2 1 1 2417 4890 2418
4026 2 2 1 1 746 5207 747
4027 2 2 1 1 4488 4883 3499
4028 2 2 1 1 2623 4044 3688
4029 2 2 1 1 4218 4219 3512
4030 2 2 1 1 4667 5488 2606
4031 2 2 1 1 3567 5987 1059
4032 2 2 1 1 3495 4183 3721
4033 2 2 1 1 3096 4480 1487
4034 2 2 1 1 4122 4396 3428
4035 2 2 1 1 4262 5351 1045
4036 2 2 1 1 5102 5814 4642
4037 2 2 1 1 3830 5772 3532
4038 2 2 1 1 135 4270 4194
4039 2 2 1 1 5737 5952 3521
4040 2 2 1 1 5346 5692 3408
4041 2 2 1 1 3365 3675 3344
4042 2 2 1 1 4062 5515 4494
4043 2 2 1 1 3701 4313 559
4044 2 2 1 1 4550 5188 3648
4045 2 2 1 1 4405 5464 1679
4046 2 2 1 1 2477 4491 3587
4047 2 2 1 1 5111 5953 5714
4048 2 2 1 1 3244 5217 4078
4049 2 2 1 1 1503 5687 4010
4050 2 2 1 1 3480 5079 4291
4051 2 2 1 1 3422 5695 5377
4052 2 2 1 1 4263 4264 3514
4053 2 2 1 1 4193 5870 5330
4054 2 2 1 1 4834 5810 4178
4055 2 2 1 1 2248 5933 5653
4056 2 2 1 1 1330 4114 1331
4057 2 2 1 1 3182 5242 2626
4058 2 2 1 1 5025 5396 4309
4059 2 2 1 1 4142 4670 3446
4060 2 2 1 1 5206 5874 3370
4061 2 2 1 1 1416 5133 4541
4062 2 2 1 1 3578 5256 4170
4063 2 2 1 1 5131 5575 3060
4064 2 2 1 1 3937 5648 5043
4065 2 2 1 1 4282 5235 1098
4066 2 2 1 1 1857 4461 791
4067 2 2 1 1 4178 5810 3910
4068 2 2 1 1 5074 5550 3896
4069 2 2 1 1 4743 5343 4579
4070 2 2 1 1 2589 5922 2590
4071 2 2 1 1 3653 4151 3488
4072 2 2 1 1 4928 5899 4927
4073 2 2 1 1 4373 5284 414
4074 2 2 1 1 1650 5233 1651
4075 2 2 1 1 3342 4388 4193
4076 2 2 1 1 4157 4271 3404
4077 2 2 1 1 4807 5237 3253
4078 2 2 1 1 3566 4631 4621
4079 2 2 1 1 4225 4802 4733
4080 2 2 1 1 4182 4870 2267
4081 2 2 1 1 2419 5223 4602
4082 2 2 1 1 2648 4967 3607
4083 2 2 1 1 5155 5844 3869
4084 2 2 1 1 3399 4814 3668
4085 2 2 1 1 4857 4969 2608
4086 2 2 1 1 1798 5285 1799
4087 2 2 1 1 3795 5745 4829
4088 2 2 1 1 2719 5071 3720
4089 2 2 1 1 646 4342 4304
4090 2 2 1 1 4120 5899 5639
4091 2 2 1 1 1622 5179 1623
4092 2 2 1 1 3645 5603 4694
4093 2 2 1 1 4725 5120 3718
4094 2 2 1 1 533 4666 4410
4095 2 2 1 1 3558 4974 4874
4096 2 2 1 1 5377 5695 4761
4097 2 2 1 1 400 3435 3370
4098 2 2 1 1 4725 5567 5269
4099 2 2 1 1 3598 4422 977
4100 2 2 1 1 918 4013 3840
4101 2 2 1 1 2034 4848 4560
4102 2 2 1 1 4177 4433 3857
4103 2 2 1 1 2706 4813 4719
4104 2 2 1 1 3946 5952 5737
4105 2 2 1 1 4552 5451 3040
4106 2 2 1 1 3450 4180 4179
4107 2 2 1 1 3467 4260 4259
4108 2 2 1 1 5011 5975 5267
4109 2 2 1 1 4220 4831 2385
4110 2 2 1 1 4735 5083 621
4111 2 2 1 1 3347 3700 1866
4112 2 2 1 1 5945 5949 4604
4113 2 2 1 1 4082 4793 3585
4114 2 2 1 1 4345 5301 3358
4115 2 2 1 1 5198 5310 3482
4116 2 2 1 1 2182 4825 4041
4117 2 2 1 1 4145 5758 5249
4118 2 2 1 1 3403 5465 4203
4119 2 2 1 1 4283 4347 3410
4120 2 2 1 1 4151 5871 3488
4121 2 2 1 1 3000 5644 4344
4122 2 2 1 1 444 4284 4201
4123 2 2 1 1 4441 5358 3638
4124 2 2 1 1 3781 5603 3645
4125 2 2 1 1 4663 5784 5137
4126 2 2 1 1 1050 5171 1051
4127 2 2 1 1 4720 5811 5518
4128 2 2 1 1 5227 5630 3579
4129 2 2 1 1 501 4234 3784
4130 2 2 1 1 3436 5303 3362
4131 2 2 1 1 2669 5537 1737
4132 2 2 1 1 4013 5227 417
4133 2 2 1 1 4171 4569 2640
4134 2 2 1 1 95 4082 3938
4135 2 2 1 1 2924 3679 3416
4136 2 2 1 1 4691 4798 2200
4137 2 2 1 1 3069 4063 3070
4138 2 2 1 1 4776 5742 99
4139 2 2 1 1 4122 5806 4396
4140 2 2 1 1 1538 5317 3346
4141 2 2 1 1 4533 5153 3676
4142 2 2 1 1 20 5498 4573
4143 2 2 1 1 4232 4233 3568
4144 2 2 1 1 4587 5253 4030
4145 2 2 1 1 4221 4724 210
4146 2 2 1 1 3733 5904 4853
4147 2 2 1 1 4063 4334 3070
4148 2 2 1 1 4201 4202 3366
4149 2 2 1 1 1583 5061 1872
4150 2 2 1 1 431 5158 432
4151 2 2 1 1 4310 4841 3538
4152 2 2 1 1 3933 4804 4232
4153 2 2 1 1 2026 3991 3897
4154 2 2 1 1 1426 5552 1427
4155 2 2 1 1 2988 5161 403
4156 2 2 1 1 2916 4223 3942
4157 2 2 1 1 3484 5637 4172
4158 2 2 1 1 65 3973 3489
4159 2 2 1 1 3554 5884 4923
4160 2 2 1 1 4153 5674 3973
4161 2 2 1 1 858 4470 1638
4162 2 2 1 1 1539 3346 1540
4163 2 2 1 1 4028 5633 1700
4164 2 2 1 1 2432 5790 5148
4165 2 2 1 1 143 4465 655
4166 2 2 1 1 3346 3838 3361
4167 2 2 1 1 3672 4894 3967
4168 2 2 1 1 3254 5796 5700
4169 2 2 1 1 3355 5287 4216
4170 2 2 1 1 3069 5330 4063
4171 2 2 1 1 3347 5047 3700
4172 2 2 1 1 3831 4492 2375
4173 2 2 1 1 5257 5384 221
4174 2 2 1 1 1388 4848 1389
4175 2 2 1 1 3448 5113 4310
4176 2 2 1 1 4229 4421 3448
4177 2 2 1 1 4334 5049 3070
4178 2 2 1 1 3395 4787 4786
4179 2 2 1 1 2333 5176 2334
4180 2 2 1 1 4230 5483 1105
4181 2 2 1 1 3829 5844 5134
4182 2 2 1 1 1872 4953 1583
4183 2 2 1 1 4163 4677 1205
4184 2 2 1 1 3378 5826 4178
4185 2 2 1 1 5467 5751 2733
4186 2 2 1 1 1483 4613 2087
4187 2 2 1 1 1679 5464 5152
4188 2 2 1 1 5423 5834 4871
4189 2 2 1 1 4641 5630 5296
4190 2 2 1 1 3819 5802 4521
4191 2 2 1 1 1160 4847 1161
4192 2 2 1 1 4175 5026 4740
4193 2 2 1 1 3762 5793 4629
4194 2 2 1 1 3384 5834 5278
4195 2 2 1 1 4244 4245 3354
4196 2 2 1 1 3814 5479 4747
4197 2 2 1 1 4510 5885 5252
4198 2 2 1 1 4534 5817 5573
4199 2 2 1 1 3382 4370 4248
4200 2 2 1 1 5128 5882 4350
4201 2 2 1 1 1613 5967 5229
4202 2 2 1 1 4316 5862 5142
4203 2 2 1 1 1771 5654 3377
4204 2 2 1 1 3910 5810 5258
4205 2 2 1 1 3606 5369 4609
4206 2 2 1 1 1774 5323 1775
4207 2 2 1 1 3272 5795 5041
4208 2 2 1 1 4098 4873 1807
4209 2 2 1 1 1781 4542 3736
4210 2 2 1 1 4425 5791 5273
4211 2 2 1 1 5273 5791 5037
4212 2 2 1 1 2297 1516 2298
4213 2 2 1 1 4133 5953 5111
4214 2 2 1 1 4433 5502 3857
4215 2 2 1 1 3687 5417 5087
4216 2 2 1 1 3930 5582 3094
4217 2 2 1 1 4185 4770 1840
4218 2 2 1 1 2832 5040 3566
4219 2 2 1 1 5142 5862 5006
4220 2 2 1 1 3903 5220 5131
4221 2 2 1 1 3938 4082 119
4222 2 2 1 1 4850 5672 3876
4223 2 2 1 1 3334 5743 5248
4224 2 2 1 1 4431 5528 1120
4225 2 2 1 1 3891 3979 1236
4226 2 2 1 1 1967 5115 3786
4227 2 2 1 1 4206 5978 5434
4228 2 2 1 1 5274 5370 3106
4229 2 2 1 1 2198 4246 4189
4230 2 2 1 1 3623 5361 4242
4231 2 2 1 1 5204 5343 3654
4232 2 2 1 1 5498 5904 3733
4233 2 2 1 1 604 5219 3697
4234 2 2 1 1 4047 5005 1673
4235 2 2 1 1 1265 5365 1266
4236 2 2 1 1 4869 5437 4352
4237 2 2 1 1 5208 5800 1743
4238 2 2 1 1 3415 5266 4568
4239 2 2 1 1 3521 5952 5775
4240 2 2 1 1 4378 5907 3498
4241 2 2 1 1 4065 5951 3489
4242 2 2 1 1 314 5204 315
4243 2 2 1 1 4624 4625 3420
4244 2 2 1 1 1283 5546 4558
4245 2 2 1 1 4286 4287 3462
4246 2 2 1 1 4349 5780 3588
4247 2 2 1 1 2032 5321 2033
4248 2 2 1 1 3487 5979 5111
4249 2 2 1 1 4944 5195 3249
4250 2 2 1 1 5276 5668 3226
4251 2 2 1 1 5764 5965 4255
4252 2 2 1 1 2090 5208 2091
4253 2 2 1 1 3758 5751 4019
4254 2 2 1 1 5052 5879 3605
4255 2 2 1 1 4121 5064 1434
4256 2 2 1 1 3522 5882 4699
4257 2 2 1 1 4285 5463 906
4258 2 2 1 1 2560 5656 4058
4259 2 2 1 1 3460 5037 4328
4260 2 2 1 1 4231 5447 3525
4261 2 2 1 1 5754 5830 3454
4262 2 2 1 1 4661 5291 1562
4263 2 2 1 1 1341 4415 3789
4264 2 2 1 1 1515 5076 2299
4265 2 2 1 1 3197 5865 3198
4266 2 2 1 1 3671 5275 4921
4267 2 2 1 1 1513 5196 1514
4268 2 2 1 1 3751 5940 809
4269 2 2 1 1 3394 5910 4845
4270 2 2 1 1 574 5081 573
4271 2 2 1 1 4647 5572 1357
4272 2 2 1 1 3367 3490 741
4273 2 2 1 1 4573 5498 3733
4274 2 2 1 1 3486 5396 5025
4275 2 2 1 1 5582 5648 3937
4276 2 2 1 1 4648 5874 3737
4277 2 2 1 1 2087 4613 2088
4278 2 2 1 1 2696 4343 2817
4279 2 2 1 1 1932 5269 1933
4280 2 2 1 1 3435 3998 3370
4281 2 2 1 1 2480 4889 3807
4282 2 2 1 1 3780 5245 4657
4283 2 2 1 1 4337 5971 5395
4284 2 2 1 1 3742 5159 3793
4285 2 2 1 1 3534 5200 3439
4286 2 2 1 1 3730 4029 1955
4287 2 2 1 1 5268 5454 3510
4288 2 2 1 1 4600 5533 3596
4289 2 2 1 1 4637 5964 5522
4290 2 2 1 1 3594 4274 1133
4291 2 2 1 1 3029 5251 3864
4292 2 2 1 1 720 5212 721
4293 2 2 1 1 3549 5417 4689
4294 2 2 1 1 3485 5412 5164
4295 2 2 1 1 2055 5988 3336
4296 2 2 1 1 1114 4601 1115
4297 2 2 1 1 385 5250 386
4298 2 2 1 1 3070 5049 3071
4299 2 2 1 1 1194 5220 1195
4300 2 2 1 1 2530 5100 3719
4301 2 2 1 1 5419 5693 3637
4302 2 2 1 1 4316 5693 5419
4303 2 2 1 1 4873 5563 4678
4304 2 2 1 1 3463 5544 4589
4305 2 2 1 1 2872 5233 3723
4306 2 2 1 1 1957 4739 4524
4307 2 2 1 1 4093 5018 3858
4308 2 2 1 1 4350 5882 5401
4309 2 2 1 1 4786 5734 1972
4310 2 2 1 1 4175 5906 5026
4311 2 2 1 1 2820 4554 3206
4312 2 2 1 1 5542 5580 4598
4313 2 2 1 1 3854 4729 676
4314 2 2 1 1 3840 5284 4373
4315 2 2 1 1 1680 5152 4090
4316 2 2 1 1 4091 4378 3498
4317 2 2 1 1 2246 5686 4362
4318 2 2 1 1 4531 4922 1166
4319 2 2 1 1 4150 5408 4803
4320 2 2 1 1 3869 5844 3829
4321 2 2 1 1 1142 5370 5274
4322 2 2 1 1 2233 5467 4966
4323 2 2 1 1 1364 5766 4908
4324 2 2 1 1 3555 4652 2273
4325 2 2 1 1 4160 5920 5616
4326 2 2 1 1 5301 5985 4112
4327 2 2 1 1 3458 5514 4196
4328 2 2 1 1 4406 5568 3380
4329 2 2 1 1 4722 5736 4342
4330 2 2 1 1 4965 5268 2959
4331 2 2 1 1 2646 5071 2718
4332 2 2 1 1 3469 5701 4251
4333 2 2 1 1 3580 5428 4489
4334 2 2 1 1 1939 5431 1938
4335 2 2 1 1 5476 5919 3652
4336 2 2 1 1 693 4811 3039
4337 2 2 1 1 4699 4995 3522
4338 2 2 1 1 2137 4703 1607
4339 2 2 1 1 2015 5591 2016
4340 2 2 1 1 3690 5506 5127
4341 2 2 1 1 3409 4721 4348
4342 2 2 1 1 5138 5425 4612
4343 2 2 1 1 5220 5575 5131
4344 2 2 1 1 3918 4605 1654
4345 2 2 1 1 2590 5362 2577
4346 2 2 1 1 2116 5378 2100
4347 2 2 1 1 5376 5531 487
4348 2 2 1 1 4160 5616 3801
4349 2 2 1 1 2262 5369 2263
4350 2 2 1 1 3489 5951 5096
4351 2 2 1 1 4482 5346 3408
4352 2 2 1 1 4817 5958 5147
4353 2 2 1 1 1631 5331 1632
4354 2 2 1 1 835 5708 5460
4355 2 2 1 1 50 4291 4022
4356 2 2 1 1 3747 5883 4535
4357 2 2 1 1 237 5094 3881
4358 2 2 1 1 3842 5090 2561
4359 2 2 1 1 2819 4332 2823
4360 2 2 1 1 5436 5681 4393
4361 2 2 1 1 2846 4827 4769
4362 2 2 1 1 3612 5706 4646
4363 2 2 1 1 815 4377 816
4364 2 2 1 1 4828 5984 3426
4365 2 2 1 1 3751 5828 4069
4366 2 2 1 1 3826 5411 4142
4367 2 2 1 1 4791 5964 3056
4368 2 2 1 1 1045 5351 1046
4369 2 2 1 1 4342 5736 4304
4370 2 2 1 1 343 4915 344
4371 2 2 1 1 1303 5913 1304
4372 2 2 1 1 2582 4275 4031
4373 2 2 1 1 3931 5424 55
4374 2 2 1 1 128 5251 129
4375 2 2 1 1 3206 5156 4563
4376 2 2 1 1 3559 5544 3463
4377 2 2 1 1 3192 5135 3297
4378 2 2 1 1 955 5575 3761
4379 2 2 1 1 1789 4108 3673
4380 2 2 1 1 2758 4403 2745
4381 2 2 1 1 4469 5908 3609
4382 2 2 1 1 2569 5691 2570
4383 2 2 1 1 1268 4558 3467
4384 2 2 1 1 3574 5783 2852
4385 2 2 1 1 5194 5770 1935
4386 2 2 1 1 4380 4618 3678
4387 2 2 1 1 479 5406 464
4388 2 2 1 1 4302 4827 2643
4389 2 2 1 1 3906 4279 2911
4390 2 2 1 1 2980 5478 4267
4391 2 2 1 1 3038 5460 5114
4392 2 2 1 1 5051 5728 1032
4393 2 2 1 1 4554 5156 3206
4394 2 2 1 1 4977 5709 3483
4395 2 2 1 1 4757 5930 4627
4396 2 2 1 1 3542 5482 4758
4397 2 2 1 1 1632 5331 3992
4398 2 2 1 1 4886 4979 3760
4399 2 2 1 1 4351 5580 5542
4400 2 2 1 1 3489 5096 3914
4401 2 2 1 1 4389 4390 3390
4402 2 2 1 1 3478 5921 5097
4403 2 2 1 1 5487 5714 4557
4404 2 2 1 1 2795 5237 2796
4405 2 2 1 1 5510 5751 3758
4406 2 2 1 1 1209 5336 1210
4407 2 2 1 1 23 5159 24
4408 2 2 1 1 794 5212 3705
4409 2 2 1 1 4744 5774 3883
4410 2 2 1 1 40 3944 41
4411 2 2 1 1 2367 4716 2213
4412 2 2 1 1 3793 5438 3742
4413 2 2 1 1 5148 5549 2432
4414 2 2 1 1 3773 5437 4869
4415 2 2 1 1 2178 5244 2179
4416 2 2 1 1 3241 4395 2295
4417 2 2 1 1 821 5339 822
4418 2 2 1 1 3296 4970 4683
4419 2 2 1 1 1082 4764 4593
4420 2 2 1 1 4926 5286 2681
4421 2 2 1 1 3284 5808 5168
4422 2 2 1 1 5173 5242 3607
4423 2 2 1 1 3484 4172 3341
4424 2 2 1 1 1523 3967 891
4425 2 2 1 1 3755 5727 5183
4426 2 2 1 1 5012 5873 4594
4427 2 2 1 1 3322 922 923
4428 2 2 1 1 4635 5860 5559
4429 2 2 1 1 340 4673 3690
4430 2 2 1 1 2770 5272 3957
4431 2 2 1 1 3207 4612 3208
4432 2 2 1 1 3206 4563 3207
4433 2 2 1 1 3892 5361 4490
4434 2 2 1 1 3351 4439 4438
4435 2 2 1 1 3353 5355 4380
4436 2 2 1 1 4253 5834 5423
4437 2 2 1 1 3337 5855 2943
4438 2 2 1 1 5522 5964 3728
4439 2 2 1 1 2408 4937 4404
4440 2 2 1 1 4435 4939 3371
4441 2 2 1 1 4946 5190 3625
4442 2 2 1 1 5310 5840 4751
4443 2 2 1 1 106 4724 107
4444 2 2 1 1 2681 5286 2682
4445 2 2 1 1 4002 4921 2363
4446 2 2 1 1 5168 5808 4214
4447 2 2 1 1 211 4724 106
4448 2 2 1 1 1518 5421 1503
4449 2 2 1 1 4131 4826 672
4450 2 2 1 1 3416 5844 5155
4451 2 2 1 1 4689 5540 3549
4452 2 2 1 1 3481 4909 4079
4453 2 2 1 1 2716 4782 2630
4454 2 2 1 1 2265 5484 2266
4455 2 2 1 1 2238 4680 1437
4456 2 2 1 1 5285 5502 4433
4457 2 2 1 1 4750 5028 3779
4458 2 2 1 1 4444 4725 3509
4459 2 2 1 1 3960 5843 3429
4460 2 2 1 1 3396 5973 3861
4461 2 2 1 1 2732 5467 2733
4462 2 2 1 1 4637 5468 4059
4463 2 2 1 1 3853 5579 4759
4464 2 2 1 1 2584 4564 2585
4465 2 2 1 1 4018 5853 5839
4466 2 2 1 1 5148 5790 4031
4467 2 2 1 1 200 4451 201
4468 2 2 1 1 374 5277 355
4469 2 2 1 1 75 4915 343
4470 2 2 1 1 5180 5387 2780
4471 2 2 1 1 2911 5815 3906
4472 2 2 1 1 1233 5813 4075
4473 2 2 1 1 3527 4550 3822
4474 2 2 1 1 2237 5038 4680
4475 2 2 1 1 4556 5538 3710
4476 2 2 1 1 4917 5868 3239
4477 2 2 1 1 4088 4685 1076
4478 2 2 1 1 4763 5792 2355
4479 2 2 1 1 3639 4499 491
4480 2 2 1 1 698 5427 699
4481 2 2 1 1 581 5442 2533
4482 2 2 1 1 1766 4444 3509
4483 2 2 1 1 5038 5104 4510
4484 2 2 1 1 2794 4192 3573
4485 2 2 1 1 5363 5818 4183
4486 2 2 1 1 3377 5230 4455
4487 2 2 1 1 3937 4861 3095
4488 2 2 1 1 1029 5096 3887
4489 2 2 1 1 4293 4511 2163
4490 2 2 1 1 3711 5394 4649
4491 2 2 1 1 4537 5584 4676
4492 2 2 1 1 2950 5835 4710
4493 2 2 1 1 3442 5984 5450
4494 2 2 1 1 5076 5196 2300
4495 2 2 1 1 5263 5860 3608
4496 2 2 1 1 1161 4847 1162
4497 2 2 1 1 5475 5682 4067
4498 2 2 1 1 3581 5221 3567
4499 2 2 1 1 4073 5855 3337
4500 2 2 1 1 3829 5556 3949
4501 2 2 1 1 3851 5945 4116
4502 2 2 1 1 2770 5375 2771
4503 2 2 1 1 4069 5828 5354
4504 2 2 1 1 4267 5478 4460
4505 2 2 1 1 1913 5656 4046
4506 2 2 1 1 3464 5423 4571
4507 2 2 1 1 5355 5758 4147
4508 2 2 1 1 292 4938 293
4509 2 2 1 1 5100 5613 3719
4510 2 2 1 1 3765 4565 4551
4511 2 2 1 1 5188 5966 3648
4512 2 2 1 1 4661 4946 3625
4513 2 2 1 1 214 5441 215
4514 2 2 1 1 3040 5290 4552
4515 2 2 1 1 4860 5794 3479
4516 2 2 1 1 2445 5180 4545
4517 2 2 1 1 4719 4720 3597
4518 2 2 1 1 133 5416 134
4519 2 2 1 1 1597 4374 3810
4520 2 2 1 1 1131 5418 1132
4521 2 2 1 1 3245 5898 5217
4522 2 2 1 1 660 4830 661
4523 2 2 1 1 3467 5962 4260
4524 2 2 1 1 4931 5789 4379
4525 2 2 1 1 3349 5665 4542
4526 2 2 1 1 2231 4866 3397
4527 2 2 1 1 5229 5230 5228
4528 2 2 1 1 3521 5775 4190
4529 2 2 1 1 3393 5353 3880
4530 2 2 1 1 676 4729 677
4531 2 2 1 1 3532 5772 5152
4532 2 2 1 1 3739 5280 3692
4533 2 2 1 1 4180 5978 5304
4534 2 2 1 1 3188 4948 4741
4535 2 2 1 1 5127 5506 3696
4536 2 2 1 1 3748 5440 4307
4537 2 2 1 1 5639 5899 4991
4538 2 2 1 1 3665 5988 4472
4539 2 2 1 1 1100 5335 4578
4540 2 2 1 1 2757 5570 2758
4541 2 2 1 1 266 5221 267
4542 2 2 1 1 3863 4100 1230
4543 2 2 1 1 5372 5845 3832
4544 2 2 1 1 4669 5948 5236
4545 2 2 1 1 644 5209 645
4546 2 2 1 1 3740 5907 5306
4547 2 2 1 1 2519 5600 2520
4548 2 2 1 1 1051 5171 3155
4549 2 2 1 1 5481 5709 4457
4550 2 2 1 1 4737 5692 5346
4551 2 2 1 1 2944 5898 3245
4552 2 2 1 1 4058 5187 3867
4553 2 2 1 1 4363 5493 1047
4554 2 2 1 1 3377 3680 1774
4555 2 2 1 1 3800 4173 1569
4556 2 2 1 1 3435 5635 4502
4557 2 2 1 1 3929 5947 1446
4558 2 2 1 1 3674 5895 4300
4559 2 2 1 1 4695 5271 2398
4560 2 2 1 1 3838 5651 5650
4561 2 2 1 1 5420 5610 1592
4562 2 2 1 1 119 5592 3938
4563 2 2 1 1 4006 4191 3999
4564 2 2 1 1 3540 4605 3918
4565 2 2 1 1 3895 4792 458
4566 2 2 1 1 3177 5402 3224
4567 2 2 1 1 3198 5865 5511
4568 2 2 1 1 380 5314 4916
4569 2 2 1 1 4560 4848 4034
4570 2 2 1 1 3442 5450 4576
4571 2 2 1 1 3773 4448 2543
4572 2 2 1 1 1067 4709 3978
4573 2 2 1 1 4069 5940 3751
4574 2 2 1 1 702 4730 703
4575 2 2 1 1 1108 4755 4014
4576 2 2 1 1 3976 5628 5602
4577 2 2 1 1 5380 5752 3030
4578 2 2 1 1 2051 5851 4876
4579 2 2 1 1 4787 5786 5579
4580 2 2 1 1 4739 5740 4029
4581 2 2 1 1 1381 5438 1382
4582 2 2 1 1 1805 5464 4405
4583 2 2 1 1 594 4515 4085
4584 2 2 1 1 5248 5743 2023
4585 2 2 1 1 3694 3977 3593
4586 2 2 1 1 3421 5840 4383
4587 2 2 1 1 1106 5483 4166
4588 2 2 1 1 5387 5912 4394
4589 2 2 1 1 3911 5046 2840
4590 2 2 1 1 713 4215 714
4591 2 2 1 1 1152 5351 3726
4592 2 2 1 1 4429 4823 3714
4593 2 2 1 1 5244 5829 2179
4594 2 2 1 1 3515 4239 1550
4595 2 2 1 1 2125 5458 2126
4596 2 2 1 1 2668 5048 1736
4597 2 2 1 1 3972 5872 4236
4598 2 2 1 1 4685 4726 1077
4599 2 2 1 1 3384 5278 5277
4600 2 2 1 1 833 5295 834
4601 2 2 1 1 144 3018 145
4602 2 2 1 1 4104 4784 4596
4603 2 2 1 1 2755 4675 3996
4604 2 2 1 1 1101 4578 4128
4605 2 2 1 1 3761 5575 4934
4606 2 2 1 1 4345 5985 5301
4607 2 2 1 1 4809 5316 3921
4608 2 2 1 1 4353 5487 5403
4609 2 2 1 1 531 4341 4266
4610 2 2 1 1 2504 3644 2503
4611 2 2 1 1 1110 5348 1111
4612 2 2 1 1 2509 3949 3173
4613 2 2 1 1 5579 5776 4759
4614 2 2 1 1 4083 5801 5429
4615 2 2 1 1 3444 5906 3492
4616 2 2 1 1 4167 5430 4161
4617 2 2 1 1 5574 5908 3413
4618 2 2 1 1 1415 5133 1416
4619 2 2 1 1 322 5257 4249
4620 2 2 1 1 3517 5620 4478
4621 2 2 1 1 5280 5711 2452
4622 2 2 1 1 88 4978 1663
4623 2 2 1 1 1646 4486 3969
4624 2 2 1 1 5666 5726 3684
4625 2 2 1 1 4183 5818 5480
4626 2 2 1 1 1874 4801 2070
4627 2 2 1 1 2008 5716 2009
4628 2 2 1 1 3187 5885 4510
4629 2 2 1 1 2240 5852 4057
4630 2 2 1 1 4743 5416 133
4631 2 2 1 1 3738 5416 4579
4632 2 2 1 1 4770 5631 1840
4633 2 2 1 1 2931 5256 4115
4634 2 2 1 1 3423 4592 4440
4635 2 2 1 1 78 5127 3696
4636 2 2 1 1 2967 5311 284
4637 2 2 1 1 4014 4092 1109
4638 2 2 1 1 1990 4317 3437
4639 2 2 1 1 2202 5403 2203
4640 2 2 1 1 502 5471 503
4641 2 2 1 1 4827 4948 2644
4642 2 2 1 1 4319 4683 2936
4643 2 2 1 1 3586 5620 4295
4644 2 2 1 1 1856 4432 792
4645 2 2 1 1 3540 5942 4605
4646 2 2 1 1 5083 5853 621
4647 2 2 1 1 3035 5410 4835
4648 2 2 1 1 4409 4609 2158
4649 2 2 1 1 3436 5904 5303
4650 2 2 1 1 4064 4114 1330
4651 2 2 1 1 1004 5761 3605
4652 2 2 1 1 5416 5592 134
4653 2 2 1 1 4284 5615 4201
4654 2 2 1 1 3698 5873 5012
4655 2 2 1 1 2561 5090 2562
4656 2 2 1 1 1097 4816 4282
4657 2 2 1 1 2105 5382 3542
4658 2 2 1 1 3807 5885 4155
4659 2 2 1 1 5414 5953 4133
4660 2 2 1 1 5149 5482 4229
4661 2 2 1 1 599 4330 3042
4662 2 2 1 1 3464 4571 177
4663 2 2 1 1 3662 5789 5345
4664 2 2 1 1 3841 5156 4554
4665 2 2 1 1 3656 5863 4466
4666 2 2 1 1 1203 5489 1204
4667 2 2 1 1 1129 5297 4689
4668 2 2 1 1 4656 5552 5075
4669 2 2 1 1 2750 3780 2751
4670 2 2 1 1 2688 5404 2735
4671 2 2 1 1 3473 5806 4122
4672 2 2 1 1 3400 5443 5265
4673 2 2 1 1 2419 5445 2404
4674 2 2 1 1 585 5613 5100
4675 2 2 1 1 3519 5792 4763
4676 2 2 1 1 2600 4326 4208
4677 2 2 1 1 2602 4327 3582
4678 2 2 1 1 3149 4467 2596
4679 2 2 1 1 3812 5694 4167
4680 2 2 1 1 1956 5740 4739
4681 2 2 1 1 378 5160 4043
4682 2 2 1 1 1568 5141 3800
4683 2 2 1 1 4163 5331 1631
4684 2 2 1 1 1309 5476 1310
4685 2 2 1 1 3813 5376 3968
4686 2 2 1 1 3443 5130 4975
4687 2 2 1 1 3826 5973 5411
4688 2 2 1 1 5909 5975 2071
4689 2 2 1 1 2052 4875 3391
4690 2 2 1 1 3957 5375 2770
4691 2 2 1 1 5330 5658 4063
4692 2 2 1 1 1941 5210 1940
4693 2 2 1 1 2666 5135 3192
4694 2 2 1 1 2064 5332 2065
4695 2 2 1 1 3551 5093 5059
4696 2 2 1 1 4292 5450 3744
4697 2 2 1 1 1345 4383 4092
4698 2 2 1 1 3105 5801 5274
4699 2 2 1 1 1712 4820 3987
4700 2 2 1 1 4048 5350 802
4701 2 2 1 1 4290 5522 912
4702 2 2 1 1 4255 5965 4936
4703 2 2 1 1 4678 5563 4000
4704 2 2 1 1 3439 4419 549
4705 2 2 1 1 1614 5228 5009
4706 2 2 1 1 5430 5982 4161
4707 2 2 1 1 1025 4386 3797
4708 2 2 1 1 4915 5554 4266
4709 2 2 1 1 849 5500 850
4710 2 2 1 1 1852 5056 1853
4711 2 2 1 1 4464 4989 2365
4712 2 2 1 1 3861 5381 3134
4713 2 2 1 1 4629 5884 3554
4714 2 2 1 1 1007 5198 3482
4715 2 2 1 1 2117 5429 2118
4716 2 2 1 1 1352 5069 3348
4717 2 2 1 1 4194 5478 4043
4718 2 2 1 1 4679 5627 3090
4719 2 2 1 1 3429 3818 1657
4720 2 2 1 1 4594 5238 5012
4721 2 2 1 1 5419 5862 4316
4722 2 2 1 1 4424 5674 3557
4723 2 2 1 1 3843 5612 3798
4724 2 2 1 1 1801 5338 1802
4725 2 2 1 1 4687 5739 5568
4726 2 2 1 1 3839 5366 3402
4727 2 2 1 1 1189 4919 1190
4728 2 2 1 1 3057 5964 4059
4729 2 2 1 1 2960 5268 3510
4730 2 2 1 1 2012 4336 3576
4731 2 2 1 1 3603 4798 4691
4732 2 2 1 1 4543 5720 3765
4733 2 2 1 1 4936 5965 3567
4734 2 2 1 1 4074 5246 2587
4735 2 2 1 1 3817 5633 4886
4736 2 2 1 1 647 4304 3508
4737 2 2 1 1 1735 4869 4352
4738 2 2 1 1 2353 5589 4606
4739 2 2 1 1 1634 3714 3662
4740 2 2 1 1 1208 4736 4517
4741 2 2 1 1 1988 4424 3557
4742 2 2 1 1 3776 5566 4740
4743 2 2 1 1 1591 5420 1592
4744 2 2 1 1 3702 5775 4220
4745 2 2 1 1 4348 5396 3486
4746 2 2 1 1 3871 5492 4788
4747 2 2 1 1 3928 5524 4336
4748 2 2 1 1 3855 4623 2144
4749 2 2 1 1 2507 5732 2505
4750 2 2 1 1 2456 5443 2436
4751 2 2 1 1 1979 3750 1980
4752 2 2 1 1 144 4942 3018
4753 2 2 1 1 952 4995 953
4754 2 2 1 1 2969 5536 4238
4755 2 2 1 1 4263 5915 3988
4756 2 2 1 1 1202 5538 1203
4757 2 2 1 1 535 4165 536
4758 2 2 1 1 1254 3658 1255
4759 2 2 1 1 3062 4159 961
4760 2 2 1 1 5289 5584 3524
4761 2 2 1 1 3969 5924 1647
4762 2 2 1 1 73 5554 74
4763 2 2 1 1 792 4461 1856
4764 2 2 1 1 1896 4487 3853
4765 2 2 1 1 1282 5546 1283
4766 2 2 1 1 4822 5983 1174
4767 2 2 1 1 4205 5784 5583
4768 2 2 1 1 3071 5049 2861
4769 2 2 1 1 5518 5811 4842
4770 2 2 1 1 3835 5791 4458
4771 2 2 1 1 3865 4516 578
4772 2 2 1 1 3739 5711 5280
4773 2 2 1 1 2199 4993 2186
4774 2 2 1 1 1814 5368 1815
4775 2 2 1 1 3856 5051 3520
4776 2 2 1 1 166 5394 167
4777 2 2 1 1 2749 5747 4815
4778 2 2 1 1 5678 5679 4417
4779 2 2 1 1 2558 5719 4046
4780 2 2 1 1 4481 5868 4917
4781 2 2 1 1 412 4345 3358
4782 2 2 1 1 4274 5644 484
4783 2 2 1 1 4455 5230 5229
4784 2 2 1 1 4842 5811 5163
4785 2 2 1 1 4565 5726 5666
4786 2 2 1 1 3476 5965 5764
4787 2 2 1 1 1752 5099 1753
4788 2 2 1 1 2430 4774 2431
4789 2 2 1 1 1190 4919 750
4790 2 2 1 1 4401 4797 2541
4791 2 2 1 1 1787 5435 1788
4792 2 2 1 1 1328 4092 4014
4793 2 2 1 1 3184 5718 2627
4794 2 2 1 1 5682 5870 4388
4795 2 2 1 1 3197 5976 5865
4796 2 2 1 1 4242 5942 3540
4797 2 2 1 1 2632 5246 4074
4798 2 2 1 1 3746 4004 456
4799 2 2 1 1 3614 5326 674
4800 2 2 1 1 4928 5906 5688
4801 2 2 1 1 3522 4995 951
4802 2 2 1 1 3488 5871 5769
4803 2 2 1 1 4416 5051 1031
4804 2 2 1 1 2912 4279 3958
4805 2 2 1 1 2240 5829 2241
4806 2 2 1 1 3752 5487 4557
4807 2 2 1 1 3379 5814 5571
4808 2 2 1 1 3032 5610 5420
4809 2 2 1 1 907 5463 4678
4810 2 2 1 1 4111 4499 3460
4811 2 2 1 1 4054 5803 5434
4812 2 2 1 1 5403 5487 3752
4813 2 2 1 1 4354 4913 1661
4814 2 2 1 1 14 4191 4006
4815 2 2 1 1 5434 5803 5019
4816 2 2 1 1 5496 5877 289
4817 2 2 1 1 3901 4873 4678
4818 2 2 1 1 4836 5466 3877
4819 2 2 1 1 4704 5879 4094
4820 2 2 1 1 2416 5627 4679
4821 2 2 1 1 1777 4627 4445
4822 2 2 1 1 1353 5385 1354
4823 2 2 1 1 3499 4039 2913
4824 2 2 1 1 4678 5463 3901
4825 2 2 1 1 1160 5497 4847
4826 2 2 1 1 4509 5773 3412
4827 2 2 1 1 5519 5921 4198
4828 2 2 1 1 4761 5695 1286
4829 2 2 1 1 2292 5020 3240
4830 2 2 1 1 4823 4879 3714
4831 2 2 1 1 1036 5914 1037
4832 2 2 1 1 1365 4908 1822
4833 2 2 1 1 1677 4098 1678
4834 2 2 1 1 4747 5479 3393
4835 2 2 1 1 3181 4962 3182
4836 2 2 1 1 1339 3691 3608
4837 2 2 1 1 1768 5508 1769
4838 2 2 1 1 3104 5618 5429
4839 2 2 1 1 3446 5683 3954
4840 2 2 1 1 3934 4427 1995
4841 2 2 1 1 710 5950 5564
4842 2 2 1 1 5434 5978 4180
4843 2 2 1 1 5345 5789 5451
4844 2 2 1 1 3039 4881 693
4845 2 2 1 1 2443 5387 2444
4846 2 2 1 1 5395 5944 4566
4847 2 2 1 1 3592 5461 4859
4848 2 2 1 1 377 4701 139
4849 2 2 1 1 4017 4217 1401
4850 2 2 1 1 4502 5635 271
4851 2 2 1 1 4387 5311 2966
4852 2 2 1 1 3649 5744 4195
4853 2 2 1 1 4266 5554 3820
4854 2 2 1 1 949 5401 950
4855 2 2 1 1 3708 5842 5766
4856 2 2 1 1 4518 5534 3409
4857 2 2 1 1 244 4504 2527
4858 2 2 1 1 3993 5878 4880
4859 2 2 1 1 3167 5805 5690
4860 2 2 1 1 5609 5896 4294
4861 2 2 1 1 25 3873 26
4862 2 2 1 1 1491 5239 2883
4863 2 2 1 1 474 4592 475
4864 2 2 1 1 4321 5919 1308
4865 2 2 1 1 373 4871 3384
4866 2 2 1 1 3866 5712 5394
4867 2 2 1 1 4368 5663 3434
4868 2 2 1 1 499 5512 480
4869 2 2 1 1 2203 5403 4197
4870 2 2 1 1 4871 5834 3384
4871 2 2 1 1 1898 4759 3415
4872 2 2 1 1 3644 3956 2502
4873 2 2 1 1 4773 5857 3383
4874 2 2 1 1 694 4881 837
4875 2 2 1 1 3891 5393 3979
4876 2 2 1 1 753 5755 5079
4877 2 2 1 1 4344 5644 5066
4878 2 2 1 1 775 4368 3434
4879 2 2 1 1 4931 5881 3975
4880 2 2 1 1 1514 5196 5076
4881 2 2 1 1 3816 4055 348
4882 2 2 1 1 4710 5835 3468
4883 2 2 1 1 5265 5443 5368
4884 2 2 1 1 64 4153 3973
4885 2 2 1 1 4182 5484 4362
4886 2 2 1 1 94 4793 4082
4887 2 2 1 1 4267 5340 2980
4888 2 2 1 1 3605 5761 3989
4889 2 2 1 1 1086 5541 1458
4890 2 2 1 1 1827 5497 1828
4891 2 2 1 1 1130 5417 1131
4892 2 2 1 1 3379 5571 4417
4893 2 2 1 1 2762 4476 2763
4894 2 2 1 1 3148 3824 2072
4895 2 2 1 1 2708 5664 3599
4896 2 2 1 1 3988 5915 4210
4897 2 2 1 1 5757 5864 4212
4898 2 2 1 1 4656 5075 465
4899 2 2 1 1 5231 5569 1176
4900 2 2 1 1 4769 4827 4302
4901 2 2 1 1 4934 5575 4011
4902 2 2 1 1 4627 5930 5771
4903 2 2 1 1 4627 5771 4445
4904 2 2 1 1 874 4330 3534
4905 2 2 1 1 1382 5578 1383
4906 2 2 1 1 141 5505 5367
4907 2 2 1 1 3375 4008 2591
4908 2 2 1 1 689 4832 690
4909 2 2 1 1 500 5528 4234
4910 2 2 1 1 4011 5575 5220
4911 2 2 1 1 2194 5645 2195
4912 2 2 1 1 4331 4632 905
4913 2 2 1 1 54 4473 3931
4914 2 2 1 1 493 4499 4111
4915 2 2 1 1 2215 5810 4834
4916 2 2 1 1 2573 5432 2574
4917 2 2 1 1 4318 5486 3745
4918 2 2 1 1 4452 5902 3174
4919 2 2 1 1 5776 5786 4202
4920 2 2 1 1 4210 5915 3944
4921 2 2 1 1 3567 5221 4936
4922 2 2 1 1 3371 5557 4760
4923 2 2 1 1 3898 4736 1207
4924 2 2 1 1 4443 5923 5567
4925 2 2 1 1 2720 5426 2721
4926 2 2 1 1 1844 5433 1845
4927 2 2 1 1 467 5390 468
4928 2 2 1 1 5658 5982 4063
4929 2 2 1 1 1485 5929 3930
4930 2 2 1 1 4102 5636 4744
4931 2 2 1 1 5616 5972 3801
4932 2 2 1 1 4835 5972 5616
4933 2 2 1 1 3769 5671 4741
4934 2 2 1 1 1315 5629 1316
4935 2 2 1 1 3575 5858 4714
4936 2 2 1 1 4909 5383 3905
4937 2 2 1 1 1085 5541 1086
4938 2 2 1 1 1570 4173 4079
4939 2 2 1 1 2300 5196 3876
4940 2 2 1 1 3542 4758 2106
4941 2 2 1 1 5775 5952 4220
4942 2 2 1 1 4334 5982 5430
4943 2 2 1 1 3531 5563 4873
4944 2 2 1 1 1748 4391 3426
4945 2 2 1 1 2454 1819 1818
4946 2 2 1 1 2329 3420 2330
4947 2 2 1 1 2951 5607 230
4948 2 2 1 1 2805 4695 4243
4949 2 2 1 1 3335 5832 4548
4950 2 2 1 1 4057 5829 2240
4951 2 2 1 1 2099 4474 1471
4952 2 2 1 1 5097 5921 5519
4953 2 2 1 1 2496 5687 2494
4954 2 2 1 1 2347 5449 2348
4955 2 2 1 1 5450 5984 4828
4956 2 2 1 1 2019 5088 2020
4957 2 2 1 1 48 5448 3749
4958 2 2 1 1 970 5916 4840
4959 2 2 1 1 3606 5702 4176
4960 2 2 1 1 898 5446 899
4961 2 2 1 1 5259 5677 151
4962 2 2 1 1 5025 5908 4469
4963 2 2 1 1 3383 5857 5116
4964 2 2 1 1 4282 4816 3731
4965 2 2 1 1 4329 4927 1296
4966 2 2 1 1 2124 5457 2125
4967 2 2 1 1 649 5320 632
4968 2 2 1 1 4643 4846 3769
4969 2 2 1 1 1297 4927 4120
4970 2 2 1 1 2934 4626 3630
4971 2 2 1 1 1699 5939 4028
4972 2 2 1 1 1248 4894 3827
4973 2 2 1 1 1576 5903 5346
4974 2 2 1 1 3922 5904 5498
4975 2 2 1 1 4291 5079 4022
4976 2 2 1 1 2176 5461 2177
4977 2 2 1 1 3731 4110 313
4978 2 2 1 1 4071 5409 3494
4979 2 2 1 1 2630 4782 4096
4980 2 2 1 1 3501 5639 4991
4981 2 2 1 1 3585 5772 3830
4982 2 2 1 1 5352 5869 3792
4983 2 2 1 1 1213 5401 4595
4984 2 2 1 1 1504 4528 1505
4985 2 2 1 1 1795 5057 2256
4986 2 2 1 1 3733 4853 1385
4987 2 2 1 1 153 5804 3622
4988 2 2 1 1 4367 5863 3656
4989 2 2 1 1 1335 5522 1336
4990 2 2 1 1 3949 5556 3173
4991 2 2 1 1 4063 5982 4334
4992 2 2 1 1 857 4470 858
4993 2 2 1 1 2285 5470 2264
4994 2 2 1 1 1600 5360 4484
4995 2 2 1 1 1744 5800 5589
4996 2 2 1 1 3999 5177 3877
4997 2 2 1 1 3242 5687 5421
4998 2 2 1 1 5602 5985 4345
4999 2 2 1 1 39 5091 1831
5000 2 2 1 1 4529 4646 3418
5001 2 2 1 1 1410 5353 3529
5002 2 2 1 1 2964 5077 4526
5003 2 2 1 1 26 5677 27
5004 2 2 1 1 4687 5568 3983
5005 2 2 1 1 5690 5805 4402
5006 2 2 1 1 3477 4776 98
5007 2 2 1 1 3940 5294 1724
5008 2 2 1 1 3471 5670 4368
5009 2 2 1 1 3666 5672 4691
5010 2 2 1 1 2752 4657 4318
5011 2 2 1 1 4742 4957 240
5012 2 2 1 1 241 4957 4124
5013 2 2 1 1 3094 5582 3937
5014 2 2 1 1 2074 5462 2075
5015 2 2 1 1 5797 5907 3740
5016 2 2 1 1 5579 5786 5776
5017 2 2 1 1 2319 5520 2458
5018 2 2 1 1 3968 5892 5308
5019 2 2 1 1 5587 5897 3985
5020 2 2 1 1 5511 5865 4655
5021 2 2 1 1 891 5756 1523
5022 2 2 1 1 4775 5841 247
5023 2 2 1 1 3621 3760 2411
5024 2 2 1 1 4694 4919 3645
5025 2 2 1 1 4090 5715 1681
5026 2 2 1 1 1458 5526 1086
5027 2 2 1 1 1853 5056 1854
5028 2 2 1 1 5965 5987 3567
5029 2 2 1 1 3532 5338 3830
5030 2 2 1 1 662 4686 4324
5031 2 2 1 1 525 4506 526
5032 2 2 1 1 5376 5892 3968
5033 2 2 1 1 5262 5334 846
5034 2 2 1 1 3221 5431 4847
5035 2 2 1 1 1162 4847 3796
5036 2 2 1 1 5152 5772 4090
5037 2 2 1 1 1008 5515 991
5038 2 2 1 1 4325 5936 4626
5039 2 2 1 1 575 5521 3518
5040 2 2 1 1 4362 5470 2247
5041 2 2 1 1 5171 5704 2173
5042 2 2 1 1 46 5309 47
5043 2 2 1 1 5161 5874 4648
5044 2 2 1 1 3512 4206 653
5045 2 2 1 1 5616 5920 818
5046 2 2 1 1 3184 4044 2624
5047 2 2 1 1 628 4538 629
5048 2 2 1 1 3723 5300 2871
5049 2 2 1 1 5093 5918 4387
5050 2 2 1 1 5451 5789 3533
5051 2 2 1 1 4933 5002 3774
5052 2 2 1 1 2453 5711 4130
5053 2 2 1 1 1012 4587 4030
5054 2 2 1 1 1193 4934 4011
5055 2 2 1 1 1138 4355 1588
5056 2 2 1 1 3786 5298 1968
5057 2 2 1 1 487 5531 488
5058 2 2 1 1 1046 5351 4363
5059 2 2 1 1 2435 4475 3504
5060 2 2 1 1 4612 5425 3208
5061 2 2 1 1 2572 5014 3870
5062 2 2 1 1 5269 5567 3405
5063 2 2 1 1 1585 5292 2119
5064 2 2 1 1 4908 5766 3655
5065 2 2 1 1 3738 5592 5416
5066 2 2 1 1 4664 5836 4764
5067 2 2 1 1 2409 4404 4021
5068 2 2 1 1 4887 5890 254
5069 2 2 1 1 4076 5556 3651
5070 2 2 1 1 3597 5195 4944
5071 2 2 1 1 4853 5904 5332
5072 2 2 1 1 2539 5676 2544
5073 2 2 1 1 3867 5354 2463
5074 2 2 1 1 3369 4032 113
5075 2 2 1 1 4087 4762 1644
5076 2 2 1 1 3608 5860 4415
5077 2 2 1 1 1615 5009 3862
5078 2 2 1 1 4412 4615 2122
5079 2 2 1 1 3373 4711 1234
5080 2 2 1 1 222 5384 4320
5081 2 2 1 1 5670 5966 4471
5082 2 2 1 1 5009 5228 3667
5083 2 2 1 1 2910 5815 2911
5084 2 2 1 1 3909 5262 845
5085 2 2 1 1 4053 5412 3111
5086 2 2 1 1 4845 5910 5628
5087 2 2 1 1 3174 5902 2508
5088 2 2 1 1 2920 4846 4643
5089 2 2 1 1 5646 5895 3674
5090 2 2 1 1 5308 5892 3548
5091 2 2 1 1 3968 5308 1242
5092 2 2 1 1 4645 5089 2546
5093 2 2 1 1 1069 5525 1070
5094 2 2 1 1 2815 4810 2814
5095 2 2 1 1 3538 5163 2373
5096 2 2 1 1 4255 4936 265
5097 2 2 1 1 3370 5874 402
5098 2 2 1 1 3685 5288 1669
5099 2 2 1 1 2722 5415 2723
5100 2 2 1 1 4558 5962 3467
5101 2 2 1 1 1794 5057 1795
5102 2 2 1 1 3402 4502 270
5103 2 2 1 1 1769 3667 1770
5104 2 2 1 1 201 4451 4100
5105 2 2 1 1 4832 5761 1003
5106 2 2 1 1 2420 5636 2421
5107 2 2 1 1 3082 5972 4835
5108 2 2 1 1 455 3984 3746
5109 2 2 1 1 4775 5660 547
5110 2 2 1 1 1595 5010 3550
5111 2 2 1 1 5456 5555 5116
5112 2 2 1 1 3589 3821 2905
5113 2 2 1 1 3407 5691 2568
5114 2 2 1 1 4115 5936 4325
5115 2 2 1 1 28 5543 15
5116 2 2 1 1 3623 4242 2857
5117 2 2 1 1 3212 5608 4659
5118 2 2 1 1 4927 5899 4120
5119 2 2 1 1 4475 5774 3504
5120 2 2 1 1 3770 4268 2108
5121 2 2 1 1 3593 3977 1892
5122 2 2 1 1 4783 5966 5670
5123 2 2 1 1 472 4904 473
5124 2 2 1 1 3582 5634 4749
5125 2 2 1 1 4209 5954 2986
5126 2 2 1 1 5713 5948 4669
5127 2 2 1 1 1505 4654 4089
5128 2 2 1 1 2527 4504 2537
5129 2 2 1 1 3842 5597 4385
5130 2 2 1 1 3948 4513 2709
5131 2 2 1 1 4517 4736 2345
5132 2 2 1 1 3656 4536 2468
5133 2 2 1 1 3906 5815 1414
5134 2 2 1 1 2626 5242 4468
5135 2 2 1 1 5865 5976 5150
5136 2 2 1 1 943 4629 3554
5137 2 2 1 1 1224 4093 3858
5138 2 2 1 1 3680 5323 1774
5139 2 2 1 1 4308 5727 4568
5140 2 2 1 1 2466 4549 4367
5141 2 2 1 1 473 4904 60
5142 2 2 1 1 2808 5767 2695
5143 2 2 1 1 1197 4684 4114
5144 2 2 1 1 5688 5906 4175
5145 2 2 1 1 1811 5315 1812
5146 2 2 1 1 4589 5544 985
5147 2 2 1 1 3469 4251 2674
5148 2 2 1 1 2540 5955 2538
5149 2 2 1 1 2457 5453 2320
5150 2 2 1 1 72 4592 59
5151 2 2 1 1 4715 5836 3414
5152 2 2 1 1 1181 5729 4056
5153 2 2 1 1 4859 5244 3592
5154 2 2 1 1 5075 5109 466
5155 2 2 1 1 311 5235 4282
5156 2 2 1 1 3647 5723 4952
5157 2 2 1 1 591 4459 590
5158 2 2 1 1 3648 4783 125
5159 2 2 1 1 4476 4525 3407
5160 2 2 1 1 3340 5893 5535
5161 2 2 1 1 3622 4270 154
5162 2 2 1 1 5424 5889 55
5163 2 2 1 1 4100 4451 1231
5164 2 2 1 1 2119 5618 1585
5165 2 2 1 1 371 5551 3874
5166 2 2 1 1 3609 5333 769
5167 2 2 1 1 3757 4284 463
5168 2 2 1 1 4159 5778 2996
5169 2 2 1 1 3699 4212 987
5170 2 2 1 1 1888 4931 4379
5171 2 2 1 1 3851 4116 1252
5172 2 2 1 1 3989 4832 689
5173 2 2 1 1 1608 5529 1609
5174 2 2 1 1 3478 4117 1878
5175 2 2 1 1 5956 5957 4817
5176 2 2 1 1 2741 4947 4241
5177 2 2 1 1 1157 4210 1836
5178 2 2 1 1 3759 4119 1285
5179 2 2 1 1 4325 4626 2933
5180 2 2 1 1 4311 5380 778
5181 2 2 1 1 4203 5637 3933
5182 2 2 1 1 4305 4770 1393
5183 2 2 1 1 4333 5985 5602
5184 2 2 1 1 3501 4991 253
5185 2 2 1 1 3896 4121 1433
5186 2 2 1 1 3787 5689 730
5187 2 2 1 1 4495 5117 3743
5188 2 2 1 1 4168 5934 5681
5189 2 2 1 1 4796 5731 2779
5190 2 2 1 1 3793 5159 23
5191 2 2 1 1 4200 5824 3778
5192 2 2 1 1 3944 5915 41
5193 2 2 1 1 3676 4134 920
5194 2 2 1 1 4166 4755 1107
5195 2 2 1 1 3446 3954 1945
5196 2 2 1 1 4459 5428 3580
5197 2 2 1 1 953 4995 916
5198 2 2 1 1 3605 5098 1005
5199 2 2 1 1 3587 5146 2478
5200 2 2 1 1 3411 4627 1776
5201 2 2 1 1 1432 5074 3896
5202 2 2 1 1 4252 5074 1431
5203 2 2 1 1 1527 5540 1528
5204 2 2 1 1 2889 4864 3396
5205 2 2 1 1 4330 4733 3534
5206 2 2 1 1 1207 4736 1208
5207 2 2 1 1 2264 5484 2265
5208 2 2 1 1 4916 5314 1061
5209 2 2 1 1 477 5523 478
5210 2 2 1 1 2714 5922 2715
5211 2 2 1 1 3741 4920 523
5212 2 2 1 1 3412 4156 521
5213 2 2 1 1 4495 5926 5117
5214 2 2 1 1 3404 5317 1537
5215 2 2 1 1 3406 4158 2168
5216 2 2 1 1 4326 5799 4208
5217 2 2 1 1 3729 4162 326
5218 2 2 1 1 4256 5158 5151
5219 2 2 1 1 2336 5555 2337
5220 2 2 1 1 3418 5247 1300
5221 2 2 1 1 4029 5740 1955
5222 2 2 1 1 5354 5828 3170
5223 2 2 1 1 3723 5847 5300
5224 2 2 1 1 4694 5755 752
5225 2 2 1 1 4649 5394 166
5226 2 2 1 1 3466 5942 4226
5227 2 2 1 1 5839 5853 5083
5228 2 2 1 1 2255 4768 1796
5229 2 2 1 1 3596 5112 1758
5230 2 2 1 1 4173 5629 1315
5231 2 2 1 1 4074 5174 4493
5232 2 2 1 1 3762 4629 3764
5233 2 2 1 1 3550 4374 1596
5234 2 2 1 1 5415 5598 3458
5235 2 2 1 1 3556 4257 1136
5236 2 2 1 1 1041 4950 1042
5237 2 2 1 1 4450 4667 2605
5238 2 2 1 1 2650 5513 4967
5239 2 2 1 1 734 3866 3711
5240 2 2 1 1 4104 5315 1056
5241 2 2 1 1 3870 5432 2573
5242 2 2 1 1 3813 5531 5376
5243 2 2 1 1 4150 4803 843
5244 2 2 1 1 1018 4771 4732
5245 2 2 1 1 3599 4813 2707
5246 2 2 1 1 3922 5498 19
5247 2 2 1 1 3871 4788 186
5248 2 2 1 1 185 4860 3871
5249 2 2 1 1 2688 5510 2689
5250 2 2 1 1 1922 5684 1923
5251 2 2 1 1 3878 4181 2672
5252 2 2 1 1 453 5552 454
5253 2 2 1 1 4789 5652 3367
5254 2 2 1 1 2789 5293 4278
5255 2 2 1 1 5096 5951 3887
5256 2 2 1 1 2376 5558 2377
5257 2 2 1 1 3133 5202 2895
5258 2 2 1 1 2680 5028 4926
5259 2 2 1 1 806 5905 807
5260 2 2 1 1 848 5864 5757
5261 2 2 1 1 3705 4187 781
5262 2 2 1 1 4601 5052 687
5263 2 2 1 1 688 5052 3989
5264 2 2 1 1 3780 4657 2751
5265 2 2 1 1 451 5390 5109
5266 2 2 1 1 3521 4190 1519
5267 2 2 1 1 3730 5129 4029
5268 2 2 1 1 4526 5077 756
5269 2 2 1 1 3771 4060 1226
5270 2 2 1 1 4897 5657 3691
5271 2 2 1 1 5114 5460 3080
5272 2 2 1 1 3607 4962 2649
5273 2 2 1 1 1841 5631 3624
5274 2 2 1 1 3649 4195 2578
5275 2 2 1 1 1674 5563 1675
5276 2 2 1 1 2590 5922 4101
5277 2 2 1 1 1334 5468 4637
5278 2 2 1 1 2661 5154 3181
5279 2 2 1 1 3735 5949 3424
5280 2 2 1 1 1982 5601 5036
5281 2 2 1 1 4874 4974 4338
5282 2 2 1 1 3459 4198 2083
5283 2 2 1 1 1710 5830 1711
5284 2 2 1 1 5152 5464 3532
5285 2 2 1 1 140 5809 5505
5286 2 2 1 1 3357 4424 2004
5287 2 2 1 1 4605 5843 3960
5288 2 2 1 1 4070 5211 1846
5289 2 2 1 1 2452 5711 2453
5290 2 2 1 1 3440 3927 70
5291 2 2 1 1 5771 5930 513
5292 2 2 1 1 4189 4420 2773
5293 2 2 1 1 1034 4049 1035
5294 2 2 1 1 655 4942 143
5295 2 2 1 1 5151 5981 4256
5296 2 2 1 1 2640 4966 4171
5297 2 2 1 1 3996 4675 3516
5298 2 2 1 1 2927 5155 4488
5299 2 2 1 1 2682 5286 4403
5300 2 2 1 1 2607 4969 4450
5301 2 2 1 1 3615 5617 4051
5302 2 2 1 1 2410 4021 3621
5303 2 2 1 1 3834 5755 4694
5304 2 2 1 1 5233 5847 3723
5305 2 2 1 1 3702 4220 2384
5306 2 2 1 1 146 5562 147
5307 2 2 1 1 3385 4221 209
5308 2 2 1 1 142 5367 4465
5309 2 2 1 1 4797 5955 2540
5310 2 2 1 1 3414 5836 4664
5311 2 2 1 1 1700 5633 3817
5312 2 2 1 1 3438 4223 2915
5313 2 2 1 1 3476 5764 4561
5314 2 2 1 1 3774 5002 2111
5315 2 2 1 1 3502 5690 5529
5316 2 2 1 1 3598 5334 5262
5317 2 2 1 1 4098 4405 1678
5318 2 2 1 1 4685 5876 4726
5319 2 2 1 1 3791 4409 2157
5320 2 2 1 1 3982 5225 4586
5321 2 2 1 1 3682 4797 4401
5322 2 2 1 1 3525 4230 1104
5323 2 2 1 1 4557 5714 3589
5324 2 2 1 1 1808 4873 3901
5325 2 2 1 1 1555 5727 1556
5326 2 2 1 1 293 4575 294
5327 2 2 1 1 1422 5633 1423
5328 2 2 1 1 4625 5957 5956
5329 2 2 1 1 4273 5847 5233
5330 2 2 1 1 2340 5169 3484
5331 2 2 1 1 3271 5041 4778
5332 2 2 1 1 409 5760 410
5333 2 2 1 1 3560 5625 1717
5334 2 2 1 1 3543 5731 4796
5335 2 2 1 1 4052 5585 4423
5336 2 2 1 1 150 5543 5259
5337 2 2 1 1 941 5499 4023
5338 2 2 1 1 2282 5286 4926
5339 2 2 1 1 2779 5731 4545
5340 2 2 1 1 4364 5060 3600
5341 2 2 1 1 2024 5743 4548
5342 2 2 1 1 3354 4246 2197
5343 2 2 1 1 3945 5724 1499
5344 2 2 1 1 3662 5345 3116
5345 2 2 1 1 225 5793 226
5346 2 2 1 1 3749 4291 49
5347 2 2 1 1 3778 5211 4070
5348 2 2 1 1 1499 5721 3945
5349 2 2 1 1 4045 5149 2368
5350 2 2 1 1 5036 5601 3130
5351 2 2 1 1 4626 5971 3630
5352 2 2 1 1 4472 5988 2054
5353 2 2 1 1 395 4892 4152
5354 2 2 1 1 4069 5354 5187
5355 2 2 1 1 3718 5360 1599
5356 2 2 1 1 3708 4262 1044
5357 2 2 1 1 3687 5418 5417
5358 2 2 1 1 962 5778 3062
5359 2 2 1 1 3360 4015 1469
5360 2 2 1 1 1225 3858 3771
5361 2 2 1 1 3421 4383 1344
5362 2 2 1 1 3379 4417 2827
5363 2 2 1 1 4101 5362 2590
5364 2 2 1 1 4243 4695 2398
5365 2 2 1 1 3698 5012 3974
5366 2 2 1 1 4079 4909 1571
5367 2 2 1 1 4323 5893 4322
5368 2 2 1 1 844 4803 3909
5369 2 2 1 1 802 5350 801
5370 2 2 1 1 2062 4940 4560
5371 2 2 1 1 5529 5690 3772
5372 2 2 1 1 2326 5878 2327
5373 2 2 1 1 3853 4759 1897
5374 2 2 1 1 3117 5345 4552
5375 2 2 1 1 3500 4275 2581
5376 2 2 1 1 4853 4952 1386
5377 2 2 1 1 3401 4386 1040
5378 2 2 1 1 1850 5352 3792
5379 2 2 1 1 1326 3481 1327
5380 2 2 1 1 87 5283 1095
5381 2 2 1 1 4024 5356 4640
5382 2 2 1 1 1793 4543 3765
5383 2 2 1 1 966 5044 4901
5384 2 2 1 1 1457 5526 1458
5385 2 2 1 1 5345 5451 4552
5386 2 2 1 1 3449 5822 4809
5387 2 2 1 1 4957 5884 4124
5388 2 2 1 1 2355 5792 2356
5389 2 2 1 1 4362 5484 5470
5390 2 2 1 1 3773 4869 4448
5391 2 2 1 1 4079 4173 1314
5392 2 2 1 1 4042 5208 1742
5393 2 2 1 1 3073 4912 997
5394 2 2 1 1 4712 5515 3847
5395 2 2 1 1 1711 5823 1698
5396 2 2 1 1 5125 5203 3129
5397 2 2 1 1 860 5451 3533
5398 2 2 1 1 2883 4882 1491
5399 2 2 1 1 4261 5716 2008
5400 2 2 1 1 937 5039 4095
5401 2 2 1 1 3665 3841 2822
5402 2 2 1 1 5368 5443 3961
5403 2 2 1 1 3563 5149 4045
5404 2 2 1 1 3447 4846 2919
5405 2 2 1 1 3580 4413 538
5406 2 2 1 1 3363 4358 83
5407 2 2 1 1 4840 5023 970
5408 2 2 1 1 1806 4405 4098
5409 2 2 1 1 5589 5800 4606
5410 2 2 1 1 2071 5975 3148
5411 2 2 1 1 3832 5845 4525
5412 2 2 1 1 1273 5587 5243
5413 2 2 1 1 2830 4621 3455
5414 2 2 1 1 486 5892 5376
5415 2 2 1 1 3778 5824 5211
5416 2 2 1 1 3380 4293 2162
5417 2 2 1 1 3543 5147 2448
5418 2 2 1 1 1060 4916 1061
5419 2 2 1 1 4937 5232 3228
5420 2 2 1 1 5384 5961 4320
5421 2 2 1 1 2089 5240 3823
5422 2 2 1 1 1741 5673 4042
5423 2 2 1 1 80 4616 3345
5424 2 2 1 1 573 5081 2513
5425 2 2 1 1 3874 4871 372
5426 2 2 1 1 2141 5062 5029
5427 2 2 1 1 1399 5730 1400
5428 2 2 1 1 1035 4049 1239
5429 2 2 1 1 3546 3829 2506
5430 2 2 1 1 2092 5673 2093
5431 2 2 1 1 1869 4671 4503
5432 2 2 1 1 3893 5735 324
5433 2 2 1 1 2061 4940 2062
5434 2 2 1 1 3753 5841 3953
5435 2 2 1 1 4564 5174 2585
5436 2 2 1 1 3548 5892 5446
5437 2 2 1 1 547 5660 548
5438 2 2 1 1 4664 5435 1787
5439 2 2 1 1 762 4968 763
5440 2 2 1 1 1088 3995 3653
5441 2 2 1 1 59 4592 474
5442 2 2 1 1 3611 5952 3946
5443 2 2 1 1 595 4945 4515
5444 2 2 1 1 3605 5879 5098
5445 2 2 1 1 5116 5555 5548
5446 2 2 1 1 1981 5601 1982
5447 2 2 1 1 3112 5412 3485
5448 2 2 1 1 577 5521 576
5449 2 2 1 1 2433 5549 3451
5450 2 2 1 1 1042 5842 1043
5451 2 2 1 1 5041 5795 2556
5452 2 2 1 1 1561 5023 4840
5453 2 2 1 1 1651 5233 4077
5454 2 2 1 1 4376 4673 339
5455 2 2 1 1 4007 4969 4857
5456 2 2 1 1 3553 4704 1112
5457 2 2 1 1 4259 5773 3689
5458 2 2 1 1 1379 5703 1360
5459 2 2 1 1 4278 5293 2549
5460 2 2 1 1 2694 5225 3948
5461 2 2 1 1 3557 4317 1989
5462 2 2 1 1 3437 4463 1991
5463 2 2 1 1 375 5809 376
5464 2 2 1 1 3630 4319 2935
5465 2 2 1 1 912 5522 3728
5466 2 2 1 1 3861 5973 5381
5467 2 2 1 1 1039 5698 3401
5468 2 2 1 1 4096 5246 2631
5469 2 2 1 1 4144 5987 5965
5470 2 2 1 1 4057 4825 2181
5471 2 2 1 1 3491 5931 4709
5472 2 2 1 1 3027 5525 5327
5473 2 2 1 1 659 5222 660
5474 2 2 1 1 3413 5908 5025
5475 2 2 1 1 4228 5753 3441
5476 2 2 1 1 3456 4326 2599
5477 2 2 1 1 4208 4327 2601
5478 2 2 1 1 3517 4478 511
5479 2 2 1 1 3461 5507 318
5480 2 2 1 1 3397 5818 4941
5481 2 2 1 1 3943 4437 307
5482 2 2 1 1 5535 5893 4323
5483 2 2 1 1 495 5813 496
5484 2 2 1 1 546 5841 4775
5485 2 2 1 1 4779 5837 3875
5486 2 2 1 1 3940 5891 5294
5487 2 2 1 1 3656 4466 2394
5488 2 2 1 1 4586 5225 2693
5489 2 2 1 1 3356 4722 205
5490 2 2 1 1 312 4282 3731
5491 2 2 1 1 1144 5517 1145
5492 2 2 1 1 2597 4467 3947
5493 2 2 1 1 4913 5722 1662
5494 2 2 1 1 2542 4448 4401
5495 2 2 1 1 5267 5909 4374
5496 2 2 1 1 92 5281 3716
5497 2 2 1 1 2763 5371 2764
5498 2 2 1 1 5294 5891 1363
5499 2 2 1 1 3341 4517 2343
5500 2 2 1 1 3565 5739 4687
5501 2 2 1 1 1884 4568 3755
5502 2 2 1 1 3928 4336 2011
5503 2 2 1 1 4549 5759 4367
5504 2 2 1 1 763 4968 1191
5505 2 2 1 1 3899 5176 4672
5506 2 2 1 1 3493 4864 2888
5507 2 2 1 1 1391 5900 1392
5508 2 2 1 1 2446 5731 2447
5509 2 2 1 1 5079 5755 4022
5510 2 2 1 1 658 5110 659
5511 2 2 1 1 334 3536 3365
5512 2 2 1 1 5187 5354 3867
5513 2 2 1 1 3531 4873 4098
5514 2 2 1 1 3579 5356 419
5515 2 2 1 1 3451 4475 2434
5516 2 2 1 1 359 5941 4888
5517 2 2 1 1 2286 5781 5632
5518 2 2 1 1 3551 5918 5093
5519 2 2 1 1 3518 5521 4989
5520 2 2 1 1 3368 4345 411
5521 2 2 1 1 3358 4373 413
5522 2 2 1 1 4446 5032 2150
5523 2 2 1 1 4819 5493 1150
5524 2 2 1 1 3600 5466 4836
5525 2 2 1 1 3755 5183 4620
5526 2 2 1 1 3352 4350 1211
5527 2 2 1 1 3391 4472 2053
5528 2 2 1 1 41 5915 42
5529 2 2 1 1 1565 4833 4821
5530 2 2 1 1 3394 4354 1660
5531 2 2 1 1 2342 3484 3341
5532 2 2 1 1 4850 5196 1513
5533 2 2 1 1 532 4266 3820
5534 2 2 1 1 3900 5530 1447
5535 2 2 1 1 4075 5813 495
5536 2 2 1 1 1223 5950 4093
5537 2 2 1 1 398 5635 399
5538 2 2 1 1 4724 5574 107
5539 2 2 1 1 2631 5246 2632
5540 2 2 1 1 5095 5508 1768
5541 2 2 1 1 904 5017 4331
5542 2 2 1 1 3910 5258 2380
5543 2 2 1 1 3471 4368 774
5544 2 2 1 1 1180 5729 1181
5545 2 2 1 1 2636 5590 4155
5546 2 2 1 1 1392 5900 4305
5547 2 2 1 1 752 5755 753
5548 2 2 1 1 2571 5014 2572
5549 2 2 1 1 488 5531 3856
5550 2 2 1 1 1644 5124 1645
5551 2 2 1 1 3673 4449 1790
5552 2 2 1 1 620 5144 4735
5553 2 2 1 1 999 5769 1000
5554 2 2 1 1 4513 5664 2709
5555 2 2 1 1 1582 5061 1583
5556 2 2 1 1 3608 4415 1340
5557 2 2 1 1 3569 4771 3703
5558 2 2 1 1 457 5823 3895
5559 2 2 1 1 3566 4621 2831
5560 2 2 1 1 206 4722 3602
5561 2 2 1 1 4332 5988 3665
5562 2 2 1 1 4535 5717 3677
5563 2 2 1 1 3700 4671 1868
5564 2 2 1 1 97 3738 3477
5565 2 2 1 1 4307 5712 3866
5566 2 2 1 1 2234 4966 2639
5567 2 2 1 1 2472 5943 4446
5568 2 2 1 1 1323 4576 3376
5569 2 2 1 1 3668 4866 2230
5570 2 2 1 1 1257 3657 1258
5571 2 2 1 1 1253 3681 1254
5572 2 2 1 1 3390 4391 1747
5573 2 2 1 1 3696 4616 79
5574 2 2 1 1 3982 5781 2286
5575 2 2 1 1 5319 5601 1981
5576 2 2 1 1 690 4832 3913
5577 2 2 1 1 2233 4966 2234
5578 2 2 1 1 4096 4782 2715
5579 2 2 1 1 678 4729 4314
5580 2 2 1 1 3968 4049 3813
5581 2 2 1 1 1812 5315 5136
5582 2 2 1 1 2847 4769 3578
5583 2 2 1 1 3790 4913 3571
5584 2 2 1 1 2369 5149 4229
5585 2 2 1 1 4621 5880 3455
5586 2 2 1 1 5230 5654 5228
5587 2 2 1 1 3480 4526 755
5588 2 2 1 1 1048 5493 4819
5589 2 2 1 1 220 5785 4570
5590 2 2 1 1 5075 5552 3695
5591 2 2 1 1 1694 4339 3099
5592 2 2 1 1 4680 5038 3788
5593 2 2 1 1 5526 5917 3732
5594 2 2 1 1 3498 5907 5797
5595 2 2 1 1 2715 5922 4096
5596 2 2 1 1 3899 5520 5176
5597 2 2 1 1 1775 5323 3411
5598 2 2 1 1 4344 5066 886
5599 2 2 1 1 1080 4591 3632
5600 2 2 1 1 4094 5879 5052
5601 2 2 1 1 4353 5403 2202
5602 2 2 1 1 1770 5654 1771
5603 2 2 1 1 1961 5696 1962
5604 2 2 1 1 5155 5938 3416
5605 2 2 1 1 3457 5941 358
5606 2 2 1 1 1949 3826 1948
5607 2 2 1 1 2100 5378 4105
5608 2 2 1 1 5271 5378 2116
5609 2 2 1 1 1888 5881 4931
5610 2 2 1 1 3648 5966 4783
5611 2 2 1 1 353 4250 354
5612 2 2 1 1 4241 5971 4626
5613 2 2 1 1 2502 3956 2501
5614 2 2 1 1 4328 5564 4036
5615 2 2 1 1 3917 4992 2756
5616 2 2 1 1 4071 5608 3212
5617 2 2 1 1 3349 4542 1780
5618 2 2 1 1 238 5604 239
5619 2 2 1 1 4331 5017 3565
5620 2 2 1 1 4676 5433 1844
5621 2 2 1 1 5026 5906 3444
5622 2 2 1 1 5541 5873 3698
5623 2 2 1 1 709 5950 710
5624 2 2 1 1 2807 5781 4586
5625 2 2 1 1 2743 5936 4115
5626 2 2 1 1 1398 4599 4081
5627 2 2 1 1 3350 5069 1351
5628 2 2 1 1 3528 4444 1765
5629 2 2 1 1 907 4678 908
5630 2 2 1 1 4523 5910 3394
5631 2 2 1 1 1100 4578 1101
5632 2 2 1 1 4790 5159 3844
5633 2 2 1 1 2358 5706 2359
5634 2 2 1 1 1647 5924 1648
5635 2 2 1 1 1698 5939 1699
5636 2 2 1 1 3342 4193 2994
5637 2 2 1 1 2993 5341 3342
5638 2 2 1 1 1203 5538 5489
5639 2 2 1 1 5392 5754 3454
5640 2 2 1 1 352 5593 353
5641 2 2 1 1 397 396 272
5642 2 2 1 1 1542 3513 1543
5643 2 2 1 1 3895 5830 4792
5644 2 2 1 1 1021 4693 3852
5645 2 2 1 1 4858 5847 4273
5646 2 2 1 1 986 5544 3699
5647 2 2 1 1 2530 3719 2529
5648 2 2 1 1 545 5841 546
5649 2 2 1 1 267 5221 3839
5650 2 2 1 1 2101 4914 2102
5651 2 2 1 1 1841 3624 1842
5652 2 2 1 1 3440 5977 3927
5653 2 2 1 1 2927 5938 5155
5654 2 2 1 1 4683 4970 2937
5655 2 2 1 1 2938 4970 4452
5656 2 2 1 1 991 5515 992
5657 2 2 1 1 5766 5842 3655
5658 2 2 1 1 3396 3861 2891
5659 2 2 1 1 2301 4204 2302
5660 2 2 1 1 76 5086 77
5661 2 2 1 1 4920 5496 524
5662 2 2 1 1 4956 5023 1560
5663 2 2 1 1 3530 5847 4858
5664 2 2 1 1 1578 5707 704
5665 2 2 1 1 2547 4672 2548
5666 2 2 1 1 4038 4543 1792
5667 2 2 1 1 2558 4046 2559
5668 2 2 1 1 4004 5823 457
5669 2 2 1 1 3703 4771 3846
5670 2 2 1 1 1974 5655 1894
5671 2 2 1 1 2633 4493 2634
5672 2 2 1 1 3667 5508 5009
5673 2 2 1 1 4422 4780 978
5674 2 2 1 1 1983 5203 1984
5675 2 2 1 1 3094 3937 3095
5676 2 2 1 1 3095 4861 3096
5677 2 2 1 1 67 5741 68
5678 2 2 1 1 4747 5022 3814
5679 2 2 1 1 3936 4491 2476
5680 2 2 1 1 3523 5919 4321
5681 2 2 1 1 2356 5792 5117
5682 2 2 1 1 986 3699 987
5683 2 2 1 1 978 4780 979
5684 2 2 1 1 1843 4676 1844
5685 2 2 1 1 1842 4537 1843
5686 2 2 1 1 1845 4070 1846
5687 2 2 1 1 2529 4238 2528
5688 2 2 1 1 2528 5536 2526
5689 2 2 1 1 539 4324 540
5690 2 2 1 1 1888 4379 1889
5691 2 2 1 1 1896 3853 1897
5692 2 2 1 1 2304 3982 2286
5693 2 2 1 1 2303 3785 2304
5694 2 2 1 1 2302 3465 2303
5695 2 2 1 1 1258 3768 1259
5696 2 2 1 1 1267 3851 1252
5697 2 2 1 1 1259 3611 1260
5698 2 2 1 1 2305 4602 2306
5699 2 2 1 1 2307 4890 2308
5700 2 2 1 1 2318 3570 2305
5701 2 2 1 1 2308 5455 2309
5702 2 2 1 1 1789 3673 1790
5703 2 2 1 1 1781 3736 1782
5704 2 2 1 1 2562 3981 2563
5705 2 2 1 1 1614 5009 1615
5706 2 2 1 1 2409 4021 2410
5707 2 2 1 1 751 4694 752
5708 2 2 1 1 2328 4624 2329
5709 2 2 1 1 2327 3993 2328
5710 2 2 1 1 1877 3478 1878
5711 2 2 1 1 1876 4580 1877
5712 2 2 1 1 2115 5271 2116
5713 2 2 1 1 2100 4105 2101
5714 2 2 1 1 1883 4953 1872
5715 2 2 1 1 2799 4794 2800
5716 2 2 1 1 1284 3759 1285
5717 2 2 1 1 1297 4120 1284
5718 2 2 1 1 2797 5700 2798
5719 2 2 1 1 1445 5959 3929
5720 2 2 1 1 1224 3858 1225
5721 2 2 1 1 1266 4086 1267
5722 2 2 1 1 1260 3946 1261
5723 2 2 1 1 3827 5002 1249
5724 2 2 1 1 1442 4252 1431
5725 2 2 1 1 1441 3428 1442
5726 2 2 1 1 1432 3896 1433
5727 2 2 1 1 1439 3473 1440
5728 2 2 1 1 1440 4122 1441
5729 2 2 1 1 1438 3788 1439
5730 2 2 1 1 1402 4483 1403
5731 2 2 1 1 669 5050 813
5732 2 2 1 1 3463 4447 825
5733 2 2 1 1 2823 3665 2822
5734 2 2 1 1 1437 4680 1438
5735 2 2 1 1 1070 4174 1057
5736 2 2 1 1 1058 3567 1059
5737 2 2 1 1 1057 3581 1058
5738 2 2 1 1 2505 3546 2506
5739 2 2 1 1 1146 4723 1147
5740 2 2 1 1 654 5562 4454
5741 2 2 1 1 239 4742 240
5742 2 2 1 1 241 4124 225
5743 2 2 1 1 1967 3786 1968
5744 2 2 1 1 1955 5175 3730
5745 2 2 1 1 921 4533 919
5746 2 2 1 1 418 5227 3579
5747 2 2 1 1 2580 4453 3500
5748 2 2 1 1 98 4776 99
5749 2 2 1 1 3013 5935 4061
5750 2 2 1 1 2105 3542 2106
5751 2 2 1 1 4113 5704 5171
5752 2 2 1 1 2638 5104 2235
5753 2 2 1 1 258 4209 259
5754 2 2 1 1 2876 5738 2874
5755 2 2 1 1 934 3778 933
5756 2 2 1 1 4774 5790 2431
5757 2 2 1 1 652 3512 653
5758 2 2 1 1 850 5500 4160
5759 2 2 1 1 2632 4074 2633
5760 2 2 1 1 185 5794 4860
5761 2 2 1 1 4579 5416 4743
5762 2 2 1 1 119 4082 120
5763 2 2 1 1 1655 4605 3960
5764 2 2 1 1 3520 3639 490
5765 2 2 1 1 124 3648 125
5766 2 2 1 1 339 4673 340
5767 2 2 1 1 2500 4089 2499
5768 2 2 1 1 3371 4760 471
5769 2 2 1 1 121 3830 122
5770 2 2 1 1 120 3585 121
5771 2 2 1 1 123 4550 124
5772 2 2 1 1 1090 4408 1091
5773 2 2 1 1 3856 5728 5051
5774 2 2 1 1 1956 4739 1957
5775 2 2 1 1 3784 5471 502
5776 2 2 1 1 4545 5180 3195
5777 2 2 1 1 42 4263 29
5778 2 2 1 1 30 4132 31
5779 2 2 1 1 32 4515 33
5780 2 2 1 1 31 4085 32
5781 2 2 1 1 29 3514 30
5782 2 2 1 1 1126 3735 3424
5783 2 2 1 1 2642 4302 2643
5784 2 2 1 1 1376 3586 1377
5785 2 2 1 1 919 3676 920
5786 2 2 1 1 936 3364 935
5787 2 2 1 1 935 4200 934
5788 2 2 1 1 1155 3988 1156
5789 2 2 1 1 1010 4640 3425
5790 2 2 1 1 1944 4399 1943
5791 2 2 1 1 1942 4261 1941
5792 2 2 1 1 1940 4546 1939
5793 2 2 1 1 1947 3446 1945
5794 2 2 1 1 1948 4142 1947
5795 2 2 1 1 1154 3505 1155
5796 2 2 1 1 1169 4539 1154
5797 2 2 1 1 2390 5943 2391
5798 2 2 1 1 2501 3547 2500
5799 2 2 1 1 887 3687 888
5800 2 2 1 1 886 5066 887
5801 2 2 1 1 4642 5814 3379
5802 2 2 1 1 3381 5072 2317
5803 2 2 1 1 1767 5095 1768
5804 2 2 1 1 1775 3411 1776
5805 2 2 1 1 3846 5673 3703
5806 2 2 1 1 2724 4196 2725
5807 2 2 1 1 2723 3458 2724
5808 2 2 1 1 3986 5313 2423
5809 2 2 1 1 650 3900 651
5810 2 2 1 1 651 4218 652
5811 2 2 1 1 3978 4709 3884
5812 2 2 1 1 277 5640 5177
5813 2 2 1 1 2263 5369 3606
5814 2 2 1 1 3389 5039 939
5815 2 2 1 1 1459 3698 1460
5816 2 2 1 1 1460 3974 1461
5817 2 2 1 1 2184 4236 2185
5818 2 2 1 1 38 5091 39
5819 2 2 1 1 2541 4797 2540
5820 2 2 1 1 5295 5708 834
5821 2 2 1 1 3415 4568 1899
5822 2 2 1 1 2694 3948 2709
5823 2 2 1 1 2544 3773 2543
5824 2 2 1 1 1251 3373 1234
5825 2 2 1 1 2616 4480 2615
5826 2 2 1 1 1917 4069 1916
5827 2 2 1 1 2872 3723 2871
5828 2 2 1 1 918 3840 902
5829 2 2 1 1 2858 3623 2857
5830 2 2 1 1 3925 5029 3643
5831 2 2 1 1 699 5427 4530
5832 2 2 1 1 1378 3734 1379
5833 2 2 1 1 1377 4295 1378
5834 2 2 1 1 1577 5707 1578
5835 2 2 1 1 4094 4601 1114
5836 2 2 1 1 2695 4586 2693
5837 2 2 1 1 1089 3488 1090
5838 2 2 1 1 1088 3653 1089
5839 2 2 1 1 3677 4731 636
5840 2 2 1 1 3904 4904 4760
5841 2 2 1 1 2814 4810 2813
5842 2 2 1 1 3014 5553 5495
5843 2 2 1 1 706 3408 707
5844 2 2 1 1 705 4482 706
5845 2 2 1 1 707 5018 708
5846 2 2 1 1 3792 4497 1851
5847 2 2 1 1 5251 5802 3819
5848 2 2 1 1 520 3412 521
5849 2 2 1 1 519 4509 520
5850 2 2 1 1 522 3741 523
5851 2 2 1 1 517 3634 518
5852 2 2 1 1 518 4169 519
5853 2 2 1 1 4560 4940 2035
5854 2 2 1 1 1096 4816 1097
5855 2 2 1 1 3985 5897 4660
5856 2 2 1 1 1543 4619 1544
5857 2 2 1 1 1535 4157 1536
5858 2 2 1 1 1533 4107 1534
5859 2 2 1 1 1534 3561 1535
5860 2 2 1 1 1536 3404 1537
5861 2 2 1 1 2185 3406 2168
5862 2 2 1 1 2170 4784 2171
5863 2 2 1 1 2169 4596 2170
5864 2 2 1 1 612 4888 613
5865 2 2 1 1 613 4225 614
5866 2 2 1 1 614 4733 615
5867 2 2 1 1 615 4330 599
5868 2 2 1 1 850 4160 851
5869 2 2 1 1 852 4851 833
5870 2 2 1 1 851 3801 852
5871 2 2 1 1 2482 5590 2483
5872 2 2 1 1 327 3892 328
5873 2 2 1 1 329 3812 330
5874 2 2 1 1 330 4167 331
5875 2 2 1 1 325 3729 326
5876 2 2 1 1 328 4490 329
5877 2 2 1 1 331 4161 332
5878 2 2 1 1 332 3572 333
5879 2 2 1 1 5091 5405 3223
5880 2 2 1 1 1248 3827 1249
5881 2 2 1 1 1250 4933 1251
5882 2 2 1 1 2667 5437 2666
5883 2 2 1 1 4324 4686 540
5884 2 2 1 1 84 4705 85
5885 2 2 1 1 1563 3945 1547
5886 2 2 1 1 3758 4738 2690
5887 2 2 1 1 834 5708 835
5888 2 2 1 1 86 4660 73
5889 2 2 1 1 85 3985 86
5890 2 2 1 1 5068 5421 1518
5891 2 2 1 1 4070 5433 932
5892 2 2 1 1 2861 5049 2860
5893 2 2 1 1 3393 3880 627
5894 2 2 1 1 1952 4364 1953
5895 2 2 1 1 2462 3867 2463
5896 2 2 1 1 1805 4405 1806
5897 2 2 1 1 2855 3540 2856
5898 2 2 1 1 2107 3770 2108
5899 2 2 1 1 1598 3718 1599
5900 2 2 1 1 604 3697 605
5901 2 2 1 1 750 4919 751
5902 2 2 1 1 609 4906 610
5903 2 2 1 1 903 5017 904
5904 2 2 1 1 902 3686 903
5905 2 2 1 1 4580 5921 3478
5906 2 2 1 1 1692 5820 1693
5907 2 2 1 1 3785 5225 3982
5908 2 2 1 1 2226 5749 2227
5909 2 2 1 1 1047 5493 1048
5910 2 2 1 1 1903 3888 1902
5911 2 2 1 1 1915 4058 1914
5912 2 2 1 1 1916 5187 1915
5913 2 2 1 1 1902 4048 1900
5914 2 2 1 1 3321 5679 5678
5915 2 2 1 1 1270 3689 1271
5916 2 2 1 1 3796 4546 4382
5917 2 2 1 1 4342 5209 4722
5918 2 2 1 1 2577 5362 3649
5919 2 2 1 1 1894 5655 1895
5920 2 2 1 1 3847 5515 4062
5921 2 2 1 1 2675 3469 2674
5922 2 2 1 1 2607 4450 2605
5923 2 2 1 1 2708 3599 2707
5924 2 2 1 1 673 3614 674
5925 2 2 1 1 2639 4966 2640
5926 2 2 1 1 5558 5826 3378
5927 2 2 1 1 1135 3556 1136
5928 2 2 1 1 1152 3726 1153
5929 2 2 1 1 1134 3777 1135
5930 2 2 1 1 1153 3706 1134
5931 2 2 1 1 3376 4577 1324
5932 2 2 1 1 3442 4576 1322
5933 2 2 1 1 1327 4079 1314
5934 2 2 1 1 1318 4681 1319
5935 2 2 1 1 1316 4849 1317
5936 2 2 1 1 288 5496 289
5937 2 2 1 1 1172 3908 1173
5938 2 2 1 1 688 3989 689
5939 2 2 1 1 703 4601 687
5940 2 2 1 1 1076 5469 4088
5941 2 2 1 1 2592 3674 2593
5942 2 2 1 1 2593 4300 2594
5943 2 2 1 1 2596 4467 2597
5944 2 2 1 1 1601 4639 1602
5945 2 2 1 1 4851 5295 833
5946 2 2 1 1 3728 5964 4791
5947 2 2 1 1 699 4530 700
5948 2 2 1 1 4794 5796 3255
5949 2 2 1 1 2461 4645 2462
5950 2 2 1 1 2459 3899 2460
5951 2 2 1 1 5548 5555 3650
5952 2 2 1 1 1547 4976 1548
5953 2 2 1 1 1548 3709 1549
5954 2 2 1 1 1549 3515 1550
5955 2 2 1 1 5109 5390 467
5956 2 2 1 1 63 4153 64
5957 2 2 1 1 71 4440 72
5958 2 2 1 1 3862 5508 5095
5959 2 2 1 1 3632 4764 1081
5960 2 2 1 1 3470 4591 1079
5961 2 2 1 1 2490 4903 2491
5962 2 2 1 1 673 4826 3614
5963 2 2 1 1 2619 2629 2618
5964 2 2 1 1 2251 3545 2252
5965 2 2 1 1 2250 4176 2251
5966 2 2 1 1 2253 3857 2254
5967 2 2 1 1 2263 3606 2250
5968 2 2 1 1 2252 4177 2253
5969 2 2 1 1 1668 3685 1669
5970 2 2 1 1 452 5109 3695
5971 2 2 1 1 2623 3688 2622
5972 2 2 1 1 4093 5950 709
5973 2 2 1 1 1004 3605 1005
5974 2 2 1 1 2823 4332 3665
5975 2 2 1 1 15 3808 16
5976 2 2 1 1 16 3450 17
5977 2 2 1 1 17 4179 18
5978 2 2 1 1 18 3922 19
5979 2 2 1 1 27 5259 28
5980 2 2 1 1 185 3871 186
5981 2 2 1 1 2110 3774 2111
5982 2 2 1 1 2109 3661 2110
5983 2 2 1 1 5087 5798 889
5984 2 2 1 1 608 3893 609
5985 2 2 1 1 1785 4715 3414
5986 2 2 1 1 5080 5828 3751
5987 2 2 1 1 3670 4599 1397
5988 2 2 1 1 1269 4259 1270
5989 2 2 1 1 1268 3467 1269
5990 2 2 1 1 2673 3878 2672
5991 2 2 1 1 2671 4392 2670
5992 2 2 1 1 3920 5883 3747
5993 2 2 1 1 153 3622 154
5994 2 2 1 1 342 5086 76
5995 2 2 1 1 2201 4798 4353
5996 2 2 1 1 1093 5494 4978
5997 2 2 1 1 3400 4867 2437
5998 2 2 1 1 4379 4879 1889
5999 2 2 1 1 4423 5981 3704
6000 2 2 1 1 4097 5250 3766
6001 2 2 1 1 2249 4019 2232
6002 2 2 1 1 1663 4978 1664
6003 2 2 1 1 2236 5038 2237
6004 2 2 1 1 60 4904 61
6005 2 2 1 1 61 3904 62
6006 2 2 1 1 62 4237 63
6007 2 2 1 1 1218 5680 1219
6008 2 2 1 1 271 5635 3939
6009 2 2 1 1 1662 5722 1649
6010 2 2 1 1 2803 4696 3724
6011 2 2 1 1 4799 5190 2881
6012 2 2 1 1 4105 5378 4696
6013 2 2 1 1 1171 4728 1172
6014 2 2 1 1 1170 4377 1171
6015 2 2 1 1 784 3844 785
6016 2 2 1 1 782 4186 783
6017 2 2 1 1 785 3742 786
6018 2 2 1 1 783 3564 784
6019 2 2 1 1 794 3705 781
6020 2 2 1 1 2133 4083 2117
6021 2 2 1 1 2132 4859 2133
6022 2 2 1 1 286 4506 287
6023 2 2 1 1 285 4387 286
6024 2 2 1 1 284 5311 285
6025 2 2 1 1 287 4905 288
6026 2 2 1 1 748 4307 749
6027 2 2 1 1 747 3748 748
6028 2 2 1 1 741 3490 742
6029 2 2 1 1 4185 4756 4306
6030 2 2 1 1 4890 5223 2418
6031 2 2 1 1 2081 4298 2082
6032 2 2 1 1 3610 4715 1784
6033 2 2 1 1 478 4050 479
6034 2 2 1 1 501 3784 502
6035 2 2 1 1 516 5528 500
6036 2 2 1 1 3793 5578 5438
6037 2 2 1 1 2052 3391 2053
6038 2 2 1 1 5438 5578 1382
6039 2 2 1 1 1665 3847 1666
6040 2 2 1 1 1667 4494 1668
6041 2 2 1 1 1666 4062 1667
6042 2 2 1 1 1520 4781 1521
6043 2 2 1 1 1532 3521 1519
6044 2 2 1 1 1521 3672 1522
6045 2 2 1 1 696 4027 697
6046 2 2 1 1 697 4056 698
6047 2 2 1 1 4014 4755 4064
6048 2 2 1 1 2491 4903 3541
6049 2 2 1 1 2023 5743 2024
6050 2 2 1 1 3866 5394 3711
6051 2 2 1 1 3128 5400 4821
6052 2 2 1 1 462 3757 463
6053 2 2 1 1 5086 5127 77
6054 2 2 1 1 4024 4640 1009
6055 2 2 1 1 136 4043 137
6056 2 2 1 1 135 4194 136
6057 2 2 1 1 447 3410 448
6058 2 2 1 1 4585 5684 4824
6059 2 2 1 1 678 5911 679
6060 2 2 1 1 3990 5613 586
6061 2 2 1 1 5663 5816 3824
6062 2 2 1 1 99 5742 100
6063 2 2 1 1 1730 5642 3828
6064 2 2 1 1 3737 4649 165
6065 2 2 1 1 4144 5965 3476
6066 2 2 1 1 4836 5177 2037
6067 2 2 1 1 234 5126 235
6068 2 2 1 1 5495 5553 2961
6069 2 2 1 1 2577 3649 2578
6070 2 2 1 1 2588 4096 2589
6071 2 2 1 1 226 5793 4430
6072 2 2 1 1 3796 5431 4546
6073 2 2 1 1 1176 5569 1177
6074 2 2 1 1 2235 5104 2236
6075 2 2 1 1 3344 5986 325
6076 2 2 1 1 1568 3800 1569
6077 2 2 1 1 141 5367 142
6078 2 2 1 1 1791 4449 4038
6079 2 2 1 1 2216 3666 2217
6080 2 2 1 1 3832 4525 2761
6081 2 2 1 1 5177 5640 2038
6082 2 2 1 1 3414 4664 1786
6083 2 2 1 1 1501 4688 1500
6084 2 2 1 1 5281 5715 3716
6085 2 2 1 1 1697 4239 1683
6086 2 2 1 1 1204 4163 1205
6087 2 2 1 1 1358 5572 4279
6088 2 2 1 1 2123 4615 3343
6089 2 2 1 1 2082 3459 2083
6090 2 2 1 1 1729 4820 1712
6091 2 2 1 1 4280 5934 3601
6092 2 2 1 1 4196 4659 2725
6093 2 2 1 1 1476 3568 1477
6094 2 2 1 1 2515 3671 2516
6095 2 2 1 1 2940 4076 3651
6096 2 2 1 1 4660 5554 73
6097 2 2 1 1 2103 5750 4300
6098 2 2 1 1 4092 5348 1110
6099 2 2 1 1 446 4283 447
6100 2 2 1 1 444 4201 445
6101 2 2 1 1 445 3366 446
6102 2 2 1 1 3492 4927 4329
6103 2 2 1 1 4546 5431 1939
6104 2 2 1 1 2069 5963 1875
6105 2 2 1 1 222 4320 223
6106 2 2 1 1 3801 5972 4851
6107 2 2 1 1 3724 4695 2804
6108 2 2 1 1 3583 4696 2802
6109 2 2 1 1 3513 5352 4619
6110 2 2 1 1 5381 5973 3300
6111 2 2 1 1 1472 3403 1473
6112 2 2 1 1 1475 4232 1476
6113 2 2 1 1 1474 3933 1475
6114 2 2 1 1 1473 4203 1474
6115 2 2 1 1 2385 4831 2386
6116 2 2 1 1 856 5026 857
6117 2 2 1 1 855 4740 856
6118 2 2 1 1 854 3776 855
6119 2 2 1 1 749 4307 3866
6120 2 2 1 1 1204 5489 4163
6121 2 2 1 1 3857 4768 2254
6122 2 2 1 1 3571 4857 2609
6123 2 2 1 1 4564 4774 2430
6124 2 2 1 1 4568 5727 3755
6125 2 2 1 1 3090 5455 4679
6126 2 2 1 1 2201 4353 2202
6127 2 2 1 1 2217 4691 2200
6128 2 2 1 1 175 3506 176
6129 2 2 1 1 2313 4541 2908
6130 2 2 1 1 232 3468 233
6131 2 2 1 1 233 3660 234
6132 2 2 1 1 231 4710 232
6133 2 2 1 1 1340 4415 1341
6134 2 2 1 1 2372 3538 2373
6135 2 2 1 1 2790 4278 3809
6136 2 2 1 1 4057 5852 4825
6137 2 2 1 1 1686 4887 1687
6138 2 2 1 1 1683 4630 1684
6139 2 2 1 1 2927 4488 2928
6140 2 2 1 1 4560 5723 2062
6141 2 2 1 1 2321 3855 2322
6142 2 2 1 1 880 4025 3010
6143 2 2 1 1 3497 5551 5030
6144 2 2 1 1 3395 4786 1987
6145 2 2 1 1 548 5660 4666
6146 2 2 1 1 2060 5088 4547
6147 2 2 1 1 4917 5020 2291
6148 2 2 1 1 1198 4114 4064
6149 2 2 1 1 2996 5778 4718
6150 2 2 1 1 5082 5890 1685
6151 2 2 1 1 2266 5484 4182
6152 2 2 1 1 2880 5190 4898
6153 2 2 1 1 137 5160 138
6154 2 2 1 1 2594 5750 2595
6155 2 2 1 1 1734 4869 1735
6156 2 2 1 1 1450 4531 1451
6157 2 2 1 1 3632 5435 4664
6158 2 2 1 1 1201 3613 1202
6159 2 2 1 1 3790 5722 4913
6160 2 2 1 1 4083 5429 2117
6161 2 2 1 1 2043 5238 3552
6162 2 2 1 1 5136 5315 4104
6163 2 2 1 1 1444 5928 2006
6164 2 2 1 1 2516 3870 2517
6165 2 2 1 1 1875 5963 1876
6166 2 2 1 1 5274 5801 3472
6167 2 2 1 1 3852 5927 1022
6168 2 2 1 1 489 3856 3520
6169 2 2 1 1 1240 4049 3968
6170 2 2 1 1 3509 5095 1767
6171 2 2 1 1 4601 4730 1115
6172 2 2 1 1 3745 5944 4675
6173 2 2 1 1 2403 3702 2384
6174 2 2 1 1 2402 4658 2403
6175 2 2 1 1 4124 5793 225
6176 2 2 1 1 3120 5715 5281
6177 2 2 1 1 2477 3587 2478
6178 2 2 1 1 215 4575 216
6179 2 2 1 1 3594 5418 5066
6180 2 2 1 1 210 4724 211
6181 2 2 1 1 223 4785 224
6182 2 2 1 1 224 3385 209
6183 2 2 1 1 1113 4094 1114
6184 2 2 1 1 1732 4401 1733
6185 2 2 1 1 1733 4448 1734
6186 2 2 1 1 1731 3682 1732
6187 2 2 1 1 4926 5028 2283
6188 2 2 1 1 2637 5104 2638
6189 2 2 1 1 74 4915 75
6190 2 2 1 1 1680 4090 1681
6191 2 2 1 1 531 4266 532
6192 2 2 1 1 3877 5177 4836
6193 2 2 1 1 2916 3942 2917
6194 2 2 1 1 2918 3447 2919
6195 2 2 1 1 2914 3438 2915
6196 2 2 1 1 2917 4436 2918
6197 2 2 1 1 4305 5631 4770
6198 2 2 1 1 147 5803 148
6199 2 2 1 1 2930 5256 2931
6200 2 2 1 1 2940 3651 2941
6201 2 2 1 1 74 5554 4915
6202 2 2 1 1 2465 5255 4549
6203 2 2 1 1 703 4730 4601
6204 2 2 1 1 2584 4774 4564
6205 2 2 1 1 1813 5136 3646
6206 2 2 1 1 2903 4557 2904
6207 2 2 1 1 2902 3752 2903
6208 2 2 1 1 2912 3958 2899
6209 2 2 1 1 2900 3894 2901
6210 2 2 1 1 2901 4197 2902
6211 2 2 1 1 2899 3619 2900
6212 2 2 1 1 970 5023 969
6213 2 2 1 1 1105 5483 1106
6214 2 2 1 1 1525 5798 5087
6215 2 2 1 1 2154 3441 2155
6216 2 2 1 1 2166 3535 2167
6217 2 2 1 1 2165 4226 2166
6218 2 2 1 1 2167 4228 2154
6219 2 2 1 1 2155 4227 2156
6220 2 2 1 1 2156 3791 2157
6221 2 2 1 1 801 5350 1281
6222 2 2 1 1 1070 5525 4174
6223 2 2 1 1 1864 5797 1865
6224 2 2 1 1 2370 3448 2371
6225 2 2 1 1 2369 4229 2370
6226 2 2 1 1 2371 4310 2372
6227 2 2 1 1 1952 5060 4364
6228 2 2 1 1 4306 4756 788
6229 2 2 1 1 2424 5313 4903
6230 2 2 1 1 4224 5438 1381
6231 2 2 1 1 5470 5484 2264
6232 2 2 1 1 1115 4730 1116
6233 2 2 1 1 1116 4231 1117
6234 2 2 1 1 1117 3525 1104
6235 2 2 1 1 1517 5068 1518
6236 2 2 1 1 162 5161 163
6237 2 2 1 1 2032 5787 5321
6238 2 2 1 1 2444 5180 2445
6239 2 2 1 1 2072 5816 2073
6240 2 2 1 1 1508 5979 3487
6241 2 2 1 1 2460 5089 2461
6242 2 2 1 1 5107 5512 499
6243 2 2 1 1 4013 5284 3840
6244 2 2 1 1 2537 4504 2653
6245 2 2 1 1 1584 5292 1585
6246 2 2 1 1 3938 5592 3738
6247 2 2 1 1 103 5595 104
6248 2 2 1 1 2059 5812 4702
6249 2 2 1 1 807 5255 812
6250 2 2 1 1 812 4837 811
6251 2 2 1 1 3915 5741 1027
6252 2 2 1 1 1316 5629 4849
6253 2 2 1 1 3426 5984 4118
6254 2 2 1 1 1299 3418 1300
6255 2 2 1 1 724 5056 4497
6256 2 2 1 1 2928 4488 3499
6257 2 2 1 1 4019 5751 5467
6258 2 2 1 1 797 4106 795
6259 2 2 1 1 3466 4226 2165
6260 2 2 1 1 2984 5569 5231
6261 2 2 1 1 1400 5730 4017
6262 2 2 1 1 2196 3354 2197
6263 2 2 1 1 2195 4244 2196
6264 2 2 1 1 2198 4189 2199
6265 2 2 1 1 2662 5154 2661
6266 2 2 1 1 1700 3817 1701
6267 2 2 1 1 1701 3449 1702
6268 2 2 1 1 3773 5676 5437
6269 2 2 1 1 560 5819 561
6270 2 2 1 1 2187 3957 2188
6271 2 2 1 1 1872 5061 1873
6272 2 2 1 1 2598 3947 3456
6273 2 2 1 1 5769 5871 3669
6274 2 2 1 1 2905 3821 2906
6275 2 2 1 1 2749 4815 2750
6276 2 2 1 1 2745 4188 2746
6277 2 2 1 1 2018 3929 2005
6278 2 2 1 1 2016 3382 2017
6279 2 2 1 1 2017 4248 2018
6280 2 2 1 1 1412 4713 1413
6281 2 2 1 1 3881 5604 238
6282 2 2 1 1 5350 5546 1282
6283 2 2 1 1 3183 4468 4044
6284 2 2 1 1 2798 5796 2799
6285 2 2 1 1 5429 5618 2118
6286 2 2 1 1 967 5044 966
6287 2 2 1 1 968 3811 967
6288 2 2 1 1 1739 4392 3569
6289 2 2 1 1 5234 5548 3650
6290 2 2 1 1 1313 4385 1298
6291 2 2 1 1 1298 4529 1299
6292 2 2 1 1 1312 3842 1313
6293 2 2 1 1 1702 4809 1703
6294 2 2 1 1 3992 5331 3815
6295 2 2 1 1 1523 5756 1524
6296 2 2 1 1 405 4838 406
6297 2 2 1 1 1595 3550 1596
6298 2 2 1 1 2908 4541 2909
6299 2 2 1 1 1192 4968 4934
6300 2 2 1 1 4234 5512 3784
6301 2 2 1 1 2570 5691 5600
6302 2 2 1 1 4130 5711 3739
6303 2 2 1 1 3374 5967 1612
6304 2 2 1 1 8 5821 9
6305 2 2 1 1 3844 5159 3742
6306 2 2 1 1 300 5561 4143
6307 2 2 1 1 3613 5538 1202
6308 2 2 1 1 1032 5728 1033
6309 2 2 1 1 929 5832 928
6310 2 2 1 1 1073 4091 1074
6311 2 2 1 1 339 4505 4376
6312 2 2 1 1 1043 3708 1044
6313 2 2 1 1 4558 5546 3888
6314 2 2 1 1 4966 5467 4171
6315 2 2 1 1 3736 4653 1782
6316 2 2 1 1 27 5677 5259
6317 2 2 1 1 3848 5244 4581
6318 2 2 1 1 629 5501 630
6319 2 2 1 1 53 4473 54
6320 2 2 1 1 2362 4002 2363
6321 2 2 1 1 3888 5084 4558
6322 2 2 1 1 256 3799 257
6323 2 2 1 1 257 4967 242
6324 2 2 1 1 498 5107 499
6325 2 2 1 1 2613 5925 3530
6326 2 2 1 1 5327 5525 1069
6327 2 2 1 1 48 3749 49
6328 2 2 1 1 483 4274 484
6329 2 2 1 1 1071 3732 1072
6330 2 2 1 1 1072 4378 1073
6331 2 2 1 1 4623 5453 2475
6332 2 2 1 1 4920 5877 5496
6333 2 2 1 1 3485 5179 1622
6334 2 2 1 1 549 4419 550
6335 2 2 1 1 3987 5357 640
6336 2 2 1 1 3486 5025 4469
6337 2 2 1 1 2268 5458 3919
6338 2 2 1 1 4778 5041 2555
6339 2 2 1 1 52 3511 53
6340 2 2 1 1 51 3834 52
6341 2 2 1 1 50 4022 51
6342 2 2 1 1 3719 4238 2529
6343 2 2 1 1 2006 5928 2007
6344 2 2 1 1 4355 5347 3717
6345 2 2 1 1 5117 5926 2356
6346 2 2 1 1 325 5986 3729
6347 2 2 1 1 4105 4914 2101
6348 2 2 1 1 3624 4537 1842
6349 2 2 1 1 804 4247 803
6350 2 2 1 1 3529 5045 1411
6351 2 2 1 1 1276 4766 3433
6352 2 2 1 1 3577 4766 1275
6353 2 2 1 1 969 4956 968
6354 2 2 1 1 3492 4329 1642
6355 2 2 1 1 2302 4204 3465
6356 2 2 1 1 815 4638 4377
6357 2 2 1 1 526 5918 527
6358 2 2 1 1 2726 5608 2727
6359 2 2 1 1 2580 3500 2581
6360 2 2 1 1 2583 4774 2584
6361 2 2 1 1 2582 4031 2583
6362 2 2 1 1 2533 5442 2532
6363 2 2 1 1 3625 4799 1492
6364 2 2 1 1 4074 4493 2633
6365 2 2 1 1 4702 5812 2712
6366 2 2 1 1 5094 5821 3881
6367 2 2 1 1 1645 4486 1646
6368 2 2 1 1 1633 3714 1634
6369 2 2 1 1 1648 4429 1633
6370 2 2 1 1 15 5543 3808
6371 2 2 1 1 5259 5543 28
6372 2 2 1 1 5331 5489 3815
6373 2 2 1 1 4274 5033 1119
6374 2 2 1 1 406 4281 407
6375 2 2 1 1 408 4280 393
6376 2 2 1 1 393 3601 394
6377 2 2 1 1 407 3782 408
6378 2 2 1 1 1311 5090 1312
6379 2 2 1 1 3383 5116 1627
6380 2 2 1 1 2259 3565 2260
6381 2 2 1 1 2260 4687 2261
6382 2 2 1 1 2257 4632 2258
6383 2 2 1 1 2258 4331 2259
6384 2 2 1 1 2499 4654 2498
6385 2 2 1 1 296 3372 297
6386 2 2 1 1 5401 5882 3522
6387 2 2 1 1 4036 5950 1223
6388 2 2 1 1 2841 4643 2842
6389 2 2 1 1 2844 4948 2845
6390 2 2 1 1 2843 4741 2844
6391 2 2 1 1 2842 3769 2843
6392 2 2 1 1 1583 4953 1584
6393 2 2 1 1 1597 3810 1582
6394 2 2 1 1 1444 5959 1445
6395 2 2 1 1 4273 5233 1650
6396 2 2 1 1 4465 5367 656
6397 2 2 1 1 4503 4868 1870
6398 2 2 1 1 1183 5295 4851
6399 2 2 1 1 1845 5433 4070
6400 2 2 1 1 3604 4778 2554
6401 2 2 1 1 2785 4779 3875
6402 2 2 1 1 3359 4779 2784
6403 2 2 1 1 482 5033 483
6404 2 2 1 1 480 4234 481
6405 2 2 1 1 481 4431 482
6406 2 2 1 1 4613 5240 2088
6407 2 2 1 1 4591 5435 3632
6408 2 2 1 1 4614 5636 4102
6409 2 2 1 1 2327 5878 3993
6410 2 2 1 1 738 4397 739
6411 2 2 1 1 734 3711 735
6412 2 2 1 1 737 3462 738
6413 2 2 1 1 739 4789 740
6414 2 2 1 1 735 3432 736
6415 2 2 1 1 736 4286 737
6416 2 2 1 1 3687 5087 888
6417 2 2 1 1 2838 4877 2837
6418 2 2 1 1 4702 5088 2060
6419 2 2 1 1 4483 5924 3932
6420 2 2 1 1 4695 5378 5271
6421 2 2 1 1 1903 5084 3888
6422 2 2 1 1 2041 5012 2042
6423 2 2 1 1 371 3874 372
6424 2 2 1 1 2884 4882 2883
6425 2 2 1 1 1222 4036 1223
6426 2 2 1 1 3530 4858 2612
6427 2 2 1 1 646 4304 647
6428 2 2 1 1 919 4533 3676
6429 2 2 1 1 2306 5223 2307
6430 2 2 1 1 3519 5240 4613
6431 2 2 1 1 652 4218 3512
6432 2 2 1 1 2121 4412 2122
6433 2 2 1 1 3990 4165 3633
6434 2 2 1 1 639 3987 640
6435 2 2 1 1 1068 5327 1069
6436 2 2 1 1 2325 3635 2326
6437 2 2 1 1 42 5915 4263
6438 2 2 1 1 5332 5904 3436
6439 2 2 1 1 421 5379 1023
6440 2 2 1 1 2743 4115 2744
6441 2 2 1 1 934 4200 3778
6442 2 2 1 1 551 3744 552
6443 2 2 1 1 550 4292 551
6444 2 2 1 1 3488 4408 1090
6445 2 2 1 1 1229 5932 3863
6446 2 2 1 1 4821 5099 1752
6447 2 2 1 1 643 5859 644
6448 2 2 1 1 1198 4064 1199
6449 2 2 1 1 2882 4799 2881
6450 2 2 1 1 2697 4343 2696
6451 2 2 1 1 1191 4968 1192
6452 2 2 1 1 3734 5703 1379
6453 2 2 1 1 364 4570 365
6454 2 2 1 1 3386 5169 2339
6455 2 2 1 1 1220 3460 1221
6456 2 2 1 1 1219 4111 1220
6457 2 2 1 1 1221 4328 1222
6458 2 2 1 1 2003 3357 2004
6459 2 2 1 1 1618 3877 1619
6460 2 2 1 1 2159 3836 2160
6461 2 2 1 1 2161 3380 2162
6462 2 2 1 1 2160 4406 2161
6463 2 2 1 1 2158 4609 2159
6464 2 2 1 1 2163 4511 2164
6465 2 2 1 1 4537 4676 1843
6466 2 2 1 1 4238 5536 2528
6467 2 2 1 1 3785 3982 2304
6468 2 2 1 1 3465 3785 2303
6469 2 2 1 1 1259 3768 3611
6470 2 2 1 1 3570 4602 2305
6471 2 2 1 1 4890 5455 2308
6472 2 2 1 1 295 4360 296
6473 2 2 1 1 294 4553 295
6474 2 2 1 1 3185 5488 2628
6475 2 2 1 1 5267 5975 5909
6476 2 2 1 1 3897 5289 2027
6477 2 2 1 1 3993 4624 2328
6478 2 2 1 1 1877 4580 3478
6479 2 2 1 1 4614 5901 3986
6480 2 2 1 1 1055 4784 4104
6481 2 2 1 1 1200 4166 1187
6482 2 2 1 1 1187 3781 1188
6483 2 2 1 1 1188 3645 1189
6484 2 2 1 1 1199 4755 1200
6485 2 2 1 1 3392 4743 132
6486 2 2 1 1 698 5729 5427
6487 2 2 1 1 1284 4120 3759
6488 2 2 1 1 3586 4295 1377
6489 2 2 1 1 2362 4765 4002
6490 2 2 1 1 1394 4185 1395
6491 2 2 1 1 1395 4306 1380
6492 2 2 1 1 1393 4770 1394
6493 2 2 1 1 2033 5321 4848
6494 2 2 1 1 3627 5903 1575
6495 2 2 1 1 2006 5959 1444
6496 2 2 1 1 2049 3600 2050
6497 2 2 1 1 1894 4745 1974
6498 2 2 1 1 2097 3683 2098
6499 2 2 1 1 2098 4474 2099
6500 2 2 1 1 3473 4122 1440
6501 2 2 1 1 3428 4252 1442
6502 2 2 1 1 1439 3788 3473
6503 2 2 1 1 1441 4122 3428
6504 2 2 1 1 2261 4687 3983
6505 2 2 1 1 2744 3693 2729
6506 2 2 1 1 2731 4171 2732
6507 2 2 1 1 2729 3775 2730
6508 2 2 1 1 2730 4569 2731
6509 2 2 1 1 250 4729 251
6510 2 2 1 1 1057 4174 3581
6511 2 2 1 1 1058 3581 3567
6512 2 2 1 1 3474 3743 1478
6513 2 2 1 1 3813 4049 1034
6514 2 2 1 1 1809 4285 1794
6515 2 2 1 1 1808 3901 1809
6516 2 2 1 1 120 4082 3585
6517 2 2 1 1 902 3840 3686
6518 2 2 1 1 3800 5629 4173
6519 2 2 1 1 2611 4858 3790
6520 2 2 1 1 1415 5815 5133
6521 2 2 1 1 100 5283 87
6522 2 2 1 1 1455 5210 1456
6523 2 2 1 1 3633 4165 535
6524 2 2 1 1 1871 4868 4697
6525 2 2 1 1 2180 5829 4057
6526 2 2 1 1 3503 5084 1904
6527 2 2 1 1 2185 4236 3406
6528 2 2 1 1 2907 5848 2908
6529 2 2 1 1 124 4550 3648
6530 2 2 1 1 2389 5032 2390
6531 2 2 1 1 4154 5859 643
6532 2 2 1 1 2505 5732 3546
6533 2 2 1 1 4346 4723 1146
6534 2 2 1 1 1438 4680 3788
6535 2 2 1 1 3821 4982 2906
6536 2 2 1 1 1738 5537 4392
6537 2 2 1 1 1251 4933 3373
6538 2 2 1 1 3452 4685 4088
6539 2 2 1 1 311 4282 312
6540 2 2 1 1 5087 5662 1525
6541 2 2 1 1 751 4919 4694
6542 2 2 1 1 1343 3421 1344
6543 2 2 1 1 2040 5667 2041
6544 2 2 1 1 2050 4836 2037
6545 2 2 1 1 2016 5591 3382
6546 2 2 1 1 2690 4738 2691
6547 2 2 1 1 3505 3988 1155
6548 2 2 1 1 913 4791 914
6549 2 2 1 1 912 3728 913
6550 2 2 1 1 3930 5929 5582
6551 2 2 1 1 1796 4768 1797
6552 2 2 1 1 3981 5476 4972
6553 2 2 1 1 3585 3830 121
6554 2 2 1 1 2679 5028 2680
6555 2 2 1 1 4085 4515 32
6556 2 2 1 1 3514 4132 30
6557 2 2 1 1 29 4263 3514
6558 2 2 1 1 31 4132 4085
6559 2 2 1 1 255 5082 256
6560 2 2 1 1 3488 5769 4408
6561 2 2 1 1 1267 4086 3851
6562 2 2 1 1 3611 3946 1260
6563 2 2 1 1 3364 4200 935
6564 2 2 1 1 322 4249 323
6565 2 2 1 1 2778 4796 2779
6566 2 2 1 1 3721 5777 1965
6567 2 2 1 1 4411 5448 47
6568 2 2 1 1 1947 4142 3446
6569 2 2 1 1 1039 3401 1040
6570 2 2 1 1 5030 5551 370
6571 2 2 1 1 1154 4539 3505
6572 2 2 1 1 3945 4976 1547
6573 2 2 1 1 2628 5488 2676
6574 2 2 1 1 1558 4844 1559
6575 2 2 1 1 1557 3537 1558
6576 2 2 1 1 1556 4308 1557
6577 2 2 1 1 887 5066 3687
6578 2 2 1 1 2404 5445 3659
6579 2 2 1 1 2678 3779 2679
6580 2 2 1 1 2677 4375 2678
6581 2 2 1 1 2904 4557 3589
6582 2 2 1 1 1028 5096 1029
6583 2 2 1 1 3458 4196 2724
6584 2 2 1 1 3900 4218 651
6585 2 2 1 1 3893 4906 609
6586 2 2 1 1 3698 3974 1460
6587 2 2 1 1 2626 4468 3183
6588 2 2 1 1 2462 4645 3867
6589 2 2 1 1 2880 4898 2879
6590 2 2 1 1 4609 5369 3836
6591 2 2 1 1 3641 5250 385
6592 2 2 1 1 47 5309 4411
6593 2 2 1 1 780 4518 764
6594 2 2 1 1 768 3609 769
6595 2 2 1 1 1270 4259 3689
6596 2 2 1 1 1345 4092 1328
6597 2 2 1 1 1788 5435 4108
6598 2 2 1 1 1378 4295 3734
6599 2 2 1 1 3914 5741 67
6600 2 2 1 1 2799 5796 4794
6601 2 2 1 1 4056 5729 698
6602 2 2 1 1 1089 3653 3488
6603 2 2 1 1 4905 5496 288
6604 2 2 1 1 1988 3557 1989
6605 2 2 1 1 1990 3437 1991
6606 2 2 1 1 1172 4728 3908
6607 2 2 1 1 2754 4675 2755
6608 2 2 1 1 2752 4318 2753
6609 2 2 1 1 2753 3745 2754
6610 2 2 1 1 2934 3630 2935
6611 2 2 1 1 2936 4683 2937
6612 2 2 1 1 2938 4452 2939
6613 2 2 1 1 3433 5970 4958
6614 2 2 1 1 706 4482 3408
6615 2 2 1 1 3408 5018 707
6616 2 2 1 1 2393 4536 3656
6617 2 2 1 1 2144 4623 2145
6618 2 2 1 1 2810 5318 2287
6619 2 2 1 1 3481 4079 1327
6620 2 2 1 1 127 5782 3864
6621 2 2 1 1 3183 4044 3184
6622 2 2 1 1 2287 5632 2810
6623 2 2 1 1 2407 4937 2408
6624 2 2 1 1 1617 3999 1618
6625 2 2 1 1 1616 4006 1617
6626 2 2 1 1 2909 5133 2910
6627 2 2 1 1 520 4509 3412
6628 2 2 1 1 3634 4169 518
6629 2 2 1 1 4169 4509 519
6630 2 2 1 1 5228 5654 3667
6631 2 2 1 1 4768 5502 1797
6632 2 2 1 1 1025 3797 1026
6633 2 2 1 1 1026 3915 1027
6634 2 2 1 1 824 3559 3463
6635 2 2 1 1 85 4705 3985
6636 2 2 1 1 4666 5660 2971
6637 2 2 1 1 3081 5708 5295
6638 2 2 1 1 2256 5057 2257
6639 2 2 1 1 3561 4157 1535
6640 2 2 1 1 1534 4107 3561
6641 2 2 1 1 1536 4157 3404
6642 2 2 1 1 4596 4784 2170
6643 2 2 1 1 3901 5463 4285
6644 2 2 1 1 613 4888 4225
6645 2 2 1 1 615 4733 4330
6646 2 2 1 1 4225 4733 614
6647 2 2 1 1 851 4160 3801
6648 2 2 1 1 3801 4851 852
6649 2 2 1 1 3892 4490 328
6650 2 2 1 1 3812 4167 330
6651 2 2 1 1 331 4167 4161
6652 2 2 1 1 332 4161 3572
6653 2 2 1 1 329 4490 3812
6654 2 2 1 1 1095 5283 1096
6655 2 2 1 1 2245 5686 2246
6656 2 2 1 1 4602 5223 2306
6657 2 2 1 1 2307 5223 4890
6658 2 2 1 1 1317 5733 1318
6659 2 2 1 1 525 4905 4506
6660 2 2 1 1 3764 4023 760
6661 2 2 1 1 3341 5336 4517
6662 2 2 1 1 1524 5798 1525
6663 2 2 1 1 650 5530 3900
6664 2 2 1 1 4418 5976 2788
6665 2 2 1 1 2603 4749 2604
6666 2 2 1 1 2600 4208 2601
6667 2 2 1 1 2598 3456 2599
6668 2 2 1 1 2602 3582 2603
6669 2 2 1 1 510 3517 511
6670 2 2 1 1 509 4748 510
6671 2 2 1 1 508 4003 509
6672 2 2 1 1 2325 4929 3635
6673 2 2 1 1 2587 5246 2588
6674 2 2 1 1 4602 5445 2419
6675 2 2 1 1 3985 4660 86
6676 2 2 1 1 1799 5285 3527
6677 2 2 1 1 1210 5336 3352
6678 2 2 1 1 725 5893 726
6679 2 2 1 1 1970 3980 1971
6680 2 2 1 1 252 3501 253
6681 2 2 1 1 1716 3560 1717
6682 2 2 1 1 4619 5352 1849
6683 2 2 1 1 2975 5821 5094
6684 2 2 1 1 589 4459 4165
6685 2 2 1 1 306 3943 307
6686 2 2 1 1 2849 4700 2850
6687 2 2 1 1 1020 4693 1021
6688 2 2 1 1 2520 5600 4222
6689 2 2 1 1 3686 5017 903
6690 2 2 1 1 777 4311 778
6691 2 2 1 1 213 5595 4407
6692 2 2 1 1 1668 4494 3685
6693 2 2 1 1 772 4414 773
6694 2 2 1 1 63 4237 4153
6695 2 2 1 1 2393 3656 2394
6696 2 2 1 1 1915 5187 4058
6697 2 2 1 1 3888 4048 1902
6698 2 2 1 1 1056 5315 1041
6699 2 2 1 1 608 5735 3893
6700 2 2 1 1 4279 5572 3958
6701 2 2 1 1 1443 5928 1444
6702 2 2 1 1 875 3534 3439
6703 2 2 1 1 5823 5939 1698
6704 2 2 1 1 2236 5104 5038
6705 2 2 1 1 2405 4356 2406
6706 2 2 1 1 2404 3659 2405
6707 2 2 1 1 2406 5232 2407
6708 2 2 1 1 4403 5286 4188
6709 2 2 1 1 3923 4432 1855
6710 2 2 1 1 2710 5812 2058
6711 2 2 1 1 5308 5490 1243
6712 2 2 1 1 4115 5256 3693
6713 2 2 1 1 1890 4879 4823
6714 2 2 1 1 1153 3726 3706
6715 2 2 1 1 1135 3777 3556
6716 2 2 1 1 3706 3777 1134
6717 2 2 1 1 5120 5360 3718
6718 2 2 1 1 3657 3768 1258
6719 2 2 1 1 3845 5420 1591
6720 2 2 1 1 3674 4300 2593
6721 2 2 1 1 5009 5508 3862
6722 2 2 1 1 2082 4298 3459
6723 2 2 1 1 5525 5689 4174
6724 2 2 1 1 5759 5905 806
6725 2 2 1 1 5632 5781 2809
6726 2 2 1 1 4901 5044 3715
6727 2 2 1 1 976 3598 977
6728 2 2 1 1 2013 4335 2014
6729 2 2 1 1 2014 3664 2015
6730 2 2 1 1 2012 3576 2013
6731 2 2 1 1 2010 3928 2011
6732 2 2 1 1 2009 3935 2010
6733 2 2 1 1 2480 3807 2481
6734 2 2 1 1 2790 3809 2775
6735 2 2 1 1 2775 4874 2776
6736 2 2 1 1 2777 3595 2778
6737 2 2 1 1 2776 4338 2777
6738 2 2 1 1 1019 3475 1020
6739 2 2 1 1 1018 4732 1019
6740 2 2 1 1 1548 4976 3709
6741 2 2 1 1 1549 3709 3515
6742 2 2 1 1 1783 4653 3610
6743 2 2 1 1 1031 5051 1032
6744 2 2 1 1 1396 5045 3670
6745 2 2 1 1 258 5954 4209
6746 2 2 1 1 1305 5913 2225
6747 2 2 1 1 4054 5850 149
6748 2 2 1 1 1810 4950 1811
6749 2 2 1 1 2691 5653 2692
6750 2 2 1 1 3545 4177 2252
6751 2 2 1 1 2251 4176 3545
6752 2 2 1 1 3606 4176 2250
6753 2 2 1 1 2253 4177 3857
6754 2 2 1 1 3746 3984 1425
6755 2 2 1 1 1749 4118 1750
6756 2 2 1 1 788 4756 789
6757 2 2 1 1 1711 5830 5823
6758 2 2 1 1 3450 4179 17
6759 2 2 1 1 16 3808 3450
6760 2 2 1 1 18 4179 3922
6761 2 2 1 1 3661 3774 2110
6762 2 2 1 1 3397 4941 2218
6763 2 2 1 1 3660 5126 234
6764 2 2 1 1 4166 5483 3781
6765 2 2 1 1 437 5778 962
6766 2 2 1 1 3467 4259 1269
6767 2 2 1 1 447 4283 3410
6768 2 2 1 1 975 5334 976
6769 2 2 1 1 4300 5750 2594
6770 2 2 1 1 273 5954 258
6771 2 2 1 1 740 4789 3367
6772 2 2 1 1 3547 4089 2500
6773 2 2 1 1 412 3358 413
6774 2 2 1 1 410 3368 411
6775 2 2 1 1 1971 5060 1952
6776 2 2 1 1 3904 4237 62
6777 2 2 1 1 61 4904 3904
6778 2 2 1 1 3710 4957 4742
6779 2 2 1 1 5110 5809 375
6780 2 2 1 1 765 4348 766
6781 2 2 1 1 764 3409 765
6782 2 2 1 1 767 4469 768
6783 2 2 1 1 766 3486 767
6784 2 2 1 1 230 5607 231
6785 2 2 1 1 4847 5431 3796
6786 2 2 1 1 2222 4321 1308
6787 2 2 1 1 118 4349 101
6788 2 2 1 1 102 4407 103
6789 2 2 1 1 117 4500 118
6790 2 2 1 1 101 3588 102
6791 2 2 1 1 3666 4691 2217
6792 2 2 1 1 1997 5099 4833
6793 2 2 1 1 5066 5418 3687
6794 2 2 1 1 754 5079 3480
6795 2 2 1 1 25 4790 3873
6796 2 2 1 1 4664 4764 3632
6797 2 2 1 1 4659 5608 2726
6798 2 2 1 1 3880 4538 628
6799 2 2 1 1 4094 5052 4601
6800 2 2 1 1 1210 3352 1211
6801 2 2 1 1 4722 5209 3602
6802 2 2 1 1 3826 4142 1948
6803 2 2 1 1 5700 5796 2798
6804 2 2 1 1 2897 4855 2898
6805 2 2 1 1 4377 4728 1171
6806 2 2 1 1 1556 5727 4308
6807 2 2 1 1 785 3844 3742
6808 2 2 1 1 3564 3844 784
6809 2 2 1 1 783 4186 3564
6810 2 2 1 1 2133 4859 4083
6811 2 2 1 1 4387 4506 286
6812 2 2 1 1 285 5311 4387
6813 2 2 1 1 4506 4905 287
6814 2 2 1 1 3748 4307 748
6815 2 2 1 1 2461 5089 4645
6816 2 2 1 1 3899 5089 2460
6817 2 2 1 1 2501 3956 3547
6818 2 2 1 1 4967 5513 242
6819 2 2 1 1 3671 3870 2516
6820 2 2 1 1 2869 5929 2867
6821 2 2 1 1 1658 4523 1659
6822 2 2 1 1 1659 3394 1660
6823 2 2 1 1 1649 4273 1650
6824 2 2 1 1 1661 4913 1662
6825 2 2 1 1 4239 4630 1683
6826 2 2 1 1 1459 5541 3698
6827 2 2 1 1 1059 5987 1060
6828 2 2 1 1 4062 4494 1667
6829 2 2 1 1 3847 4062 1666
6830 2 2 1 1 65 3489 66
6831 2 2 1 1 1521 4781 3672
6832 2 2 1 1 1033 3813 1034
6833 2 2 1 1 5489 5538 3815
6834 2 2 1 1 4320 4785 223
6835 2 2 1 1 69 3440 70
6836 2 2 1 1 537 3580 538
6837 2 2 1 1 4027 4056 697
6838 2 2 1 1 1096 5283 4816
6839 2 2 1 1 944 4923 945
6840 2 2 1 1 2481 4155 2482
6841 2 2 1 1 705 5707 4482
6842 2 2 1 1 2426 5065 2427
6843 2 2 1 1 2428 3640 2429
6844 2 2 1 1 2429 4564 2430
6845 2 2 1 1 2427 4357 2428
6846 2 2 1 1 136 4194 4043
6847 2 2 1 1 3870 5014 2517
6848 2 2 1 1 3333 5248 4636
6849 2 2 1 1 2241 3848 2242
6850 2 2 1 1 2242 4581 2243
6851 2 2 1 1 4517 5336 1209
6852 2 2 1 1 3603 4850 1512
6853 2 2 1 1 2181 4825 2182
6854 2 2 1 1 4911 5792 3519
6855 2 2 1 1 533 4410 534
6856 2 2 1 1 2411 3760 2412
6857 2 2 1 1 4936 5221 266
6858 2 2 1 1 2867 5929 2866
6859 2 2 1 1 306 5697 3943
6860 2 2 1 1 4171 5467 2732
6861 2 2 1 1 4696 5378 3724
6862 2 2 1 1 1942 5716 4261
6863 2 2 1 1 248 3753 249
6864 2 2 1 1 249 4314 250
6865 2 2 1 1 251 3854 252
6866 2 2 1 1 4043 5160 137
6867 2 2 1 1 3889 4432 3923
6868 2 2 1 1 3513 4619 1543
6869 2 2 1 1 2372 4310 3538
6870 2 2 1 1 1664 5494 1665
6871 2 2 1 1 1476 4232 3568
6872 2 2 1 1 776 4498 777
6873 2 2 1 1 775 3434 776
6874 2 2 1 1 773 3471 774
6875 2 2 1 1 2314 4982 2315
6876 2 2 1 1 4978 5494 1664
6877 2 2 1 1 4970 5902 4452
6878 2 2 1 1 534 3633 535
6879 2 2 1 1 536 4459 537
6880 2 2 1 1 4849 5733 1317
6881 2 2 1 1 1318 5733 4681
6882 2 2 1 1 3690 5086 341
6883 2 2 1 1 2412 4979 2413
6884 2 2 1 1 4440 4592 72
6885 2 2 1 1 2320 5453 2321
6886 2 2 1 1 1023 5685 421
6887 2 2 1 1 3943 5697 606
6888 2 2 1 1 1309 5919 5476
6889 2 2 1 1 3692 5623 1371
6890 2 2 1 1 4069 5187 1916
6891 2 2 1 1 445 4201 3366
6892 2 2 1 1 3366 4283 446
6893 2 2 1 1 1257 3658 3657
6894 2 2 1 1 2219 4941 4753
6895 2 2 1 1 5321 5787 1390
6896 2 2 1 1 1491 4882 1489
6897 2 2 1 1 5564 5950 4036
6898 2 2 1 1 2193 3678 2194
6899 2 2 1 1 2192 4380 2193
6900 2 2 1 1 2191 3353 2192
6901 2 2 1 1 2190 4381 2191
6902 2 2 1 1 2189 3631 2190
6903 2 2 1 1 3798 5747 2278
6904 2 2 1 1 3933 4232 1475
6905 2 2 1 1 3403 4203 1473
6906 2 2 1 1 1474 4203 3933
6907 2 2 1 1 4632 5057 4285
6908 2 2 1 1 3710 4742 5
6909 2 2 1 1 891 3967 892
6910 2 2 1 1 1468 3360 1469
6911 2 2 1 1 4740 5026 856
6912 2 2 1 1 3776 4740 855
6913 2 2 1 1 3533 4981 861
6914 2 2 1 1 2604 4749 3375
6915 2 2 1 1 1261 4954 1262
6916 2 2 1 1 2570 5624 2571
6917 2 2 1 1 4586 5781 3982
6918 2 2 1 1 1757 3596 1758
6919 2 2 1 1 1043 5842 3708
6920 2 2 1 1 262 5983 263
6921 2 2 1 1 4383 5348 4092
6922 2 2 1 1 4852 4982 3821
6923 2 2 1 1 844 3909 845
6924 2 2 1 1 2422 3986 2423
6925 2 2 1 1 4448 4869 1734
6926 2 2 1 1 1448 5565 1449
6927 2 2 1 1 508 5846 4003
6928 2 2 1 1 480 5512 4234
6929 2 2 1 1 2352 5589 2353
6930 2 2 1 1 2365 4989 2366
6931 2 2 1 1 2433 3451 2434
6932 2 2 1 1 3612 4765 2361
6933 2 2 1 1 3468 3660 233
6934 2 2 1 1 232 4710 3468
6935 2 2 1 1 415 5284 4013
6936 2 2 1 1 2459 5520 3899
6937 2 2 1 1 2346 4736 3898
6938 2 2 1 1 1748 3426 1749
6939 2 2 1 1 1746 3390 1747
6940 2 2 1 1 1761 4389 1746
6941 2 2 1 1 955 3761 956
6942 2 2 1 1 2119 5292 2120
6943 2 2 1 1 1292 5106 4087
6944 2 2 1 1 4962 5154 2663
6945 2 2 1 1 645 5209 4342
6946 2 2 1 1 3876 5196 4850
6947 2 2 1 1 2164 4511 3466
6948 2 2 1 1 66 3914 67
6949 2 2 1 1 68 5123 69
6950 2 2 1 1 4392 5537 2670
6951 2 2 1 1 1256 3658 1257
6952 2 2 1 1 4023 5499 761
6953 2 2 1 1 969 5023 4956
6954 2 2 1 1 2853 5783 3679
6955 2 2 1 1 1066 4709 1067
6956 2 2 1 1 4020 4297 45
6957 2 2 1 1 4 3710 5
6958 2 2 1 1 1883 5596 4953
6959 2 2 1 1 2551 5605 2552
6960 2 2 1 1 2054 5988 2055
6961 2 2 1 1 1280 4895 799
6962 2 2 1 1 2489 4903 2490
6963 2 2 1 1 4570 5785 365
6964 2 2 1 1 4636 5248 2022
6965 2 2 1 1 2588 5246 4096
6966 2 2 1 1 1062 5340 1063
6967 2 2 1 1 606 5697 607
6968 2 2 1 1 3607 5242 4962
6969 2 2 1 1 1665 5494 3847
6970 2 2 1 1 524 5496 4905
6971 2 2 1 1 1290 5144 619
6972 2 2 1 1 3929 5959 2005
6973 2 2 1 1 1170 5765 4377
6974 2 2 1 1 2063 5723 3647
6975 2 2 1 1 1769 5508 3667
6976 2 2 1 1 243 5649 244
6977 2 2 1 1 2403 4658 3702
6978 2 2 1 1 1289 5144 1290
6979 2 2 1 1 224 4785 3385
6980 2 2 1 1 3989 5761 4832
6981 2 2 1 1 3682 4401 1732
6982 2 2 1 1 4401 4448 1733
6983 2 2 1 1 392 5110 375
6984 2 2 1 1 2435 3504 2420
6985 2 2 1 1 2421 4614 2422
6986 2 2 1 1 341 5086 342
6987 2 2 1 1 2918 4436 3447
6988 2 2 1 1 3942 4436 2917
6989 2 2 1 1 1882 5596 1883
6990 2 2 1 1 869 3626 870
6991 2 2 1 1 870 4061 871
6992 2 2 1 1 868 4068 869
6993 2 2 1 1 242 5513 243
6994 2 2 1 1 943 3554 944
6995 2 2 1 1 2746 5960 2747
6996 2 2 1 1 2207 3483 2208
6997 2 2 1 1 2906 4982 2907
6998 2 2 1 1 1467 4501 1468
6999 2 2 1 1 1466 3886 1467
7000 2 2 1 1 1465 5063 1466
7001 2 2 1 1 4962 5242 3182
7002 2 2 1 1 607 5735 608
7003 2 2 1 1 4545 5731 2446
7004 2 2 1 1 3894 4197 2901
7005 2 2 1 1 2899 3958 3619
7006 2 2 1 1 2902 4197 3752
7007 2 2 1 1 3752 4557 2903
7008 2 2 1 1 3619 3894 2900
7009 2 2 1 1 2942 4700 2929
7010 2 2 1 1 3441 4227 2155
7011 2 2 1 1 2166 4226 3535
7012 2 2 1 1 3535 4228 2167
7013 2 2 1 1 2156 4227 3791
7014 2 2 1 1 2154 4228 3441
7015 2 2 1 1 1049 4819 4113
7016 2 2 1 1 5036 5203 1983
7017 2 2 1 1 3448 4310 2371
7018 2 2 1 1 2370 4229 3448
7019 2 2 1 1 2290 4917 2291
7020 2 2 1 1 1923 3907 1924
7021 2 2 1 1 2186 5375 2187
7022 2 2 1 1 158 5309 4297
7023 2 2 1 1 1299 4529 3418
7024 2 2 1 1 2549 5293 2550
7025 2 2 1 1 668 5530 650
7026 2 2 1 1 3975 5881 1887
7027 2 2 1 1 1117 4231 3525
7028 2 2 1 1 1116 4730 4231
7029 2 2 1 1 1179 4892 3620
7030 2 2 1 1 4152 4892 1178
7031 2 2 1 1 2649 4962 2663
7032 2 2 1 1 862 4981 3443
7033 2 2 1 1 276 5640 277
7034 2 2 1 1 622 5853 4018
7035 2 2 1 1 2366 3722 2349
7036 2 2 1 1 2349 3828 2350
7037 2 2 1 1 2118 5618 2119
7038 2 2 1 1 1063 4267 1064
7039 2 2 1 1 1065 3491 1066
7040 2 2 1 1 1064 4460 1065
7041 2 2 1 1 2286 5632 2287
7042 2 2 1 1 406 4838 4281
7043 2 2 1 1 1281 5350 1282
7044 2 2 1 1 3969 4486 3756
7045 2 2 1 1 1933 5269 3405
7046 2 2 1 1 1823 3655 1810
7047 2 2 1 1 1822 4908 1823
7048 2 2 1 1 579 3865 578
7049 2 2 1 1 812 5255 4837
7050 2 2 1 1 1413 5946 1414
7051 2 2 1 1 1648 5924 4429
7052 2 2 1 1 980 4980 981
7053 2 2 1 1 2760 3832 2761
7054 2 2 1 1 365 5785 366
7055 2 2 1 1 1403 4483 3932
7056 2 2 1 1 1652 4077 3918
7057 2 2 1 1 231 5607 4710
7058 2 2 1 1 2774 3351 2759
7059 2 2 1 1 2759 4438 2760
7060 2 2 1 1 2773 4420 2774
7061 2 2 1 1 4108 5435 4591
7062 2 2 1 1 3815 5538 4556
7063 2 2 1 1 2656 5402 2655
7064 2 2 1 1 984 4589 985
7065 2 2 1 1 4679 4890 2417
7066 2 2 1 1 256 5082 3799
7067 2 2 1 1 2458 5520 2459
7068 2 2 1 1 1707 3704 1708
7069 2 2 1 1 1706 4423 1707
7070 2 2 1 1 1705 4052 1706
7071 2 2 1 1 988 5864 989
7072 2 2 1 1 1849 5352 1850
7073 2 2 1 1 1740 3703 1741
7074 2 2 1 1 1739 3569 1740
7075 2 2 1 1 4234 5528 4431
7076 2 2 1 1 2196 4244 3354
7077 2 2 1 1 366 5785 218
7078 2 2 1 1 1391 5787 4235
7079 2 2 1 1 1701 3817 3449
7080 2 2 1 1 3984 5552 1426
7081 2 2 1 1 1447 5530 1448
7082 2 2 1 1 3642 4235 2031
7083 2 2 1 1 470 3371 471
7084 2 2 1 1 469 4435 470
7085 2 2 1 1 468 4520 469
7086 2 2 1 1 204 3356 205
7087 2 2 1 1 1563 5724 3945
7088 2 2 1 1 3742 4224 786
7089 2 2 1 1 13 4191 14
7090 2 2 1 1 3 4556 4
7091 2 2 1 1 2 3815 3
7092 2 2 1 1 1 3992 2
7093 2 2 1 1 814 4638 815
7094 2 2 1 1 813 3766 814
7095 2 2 1 1 3420 4974 2330
7096 2 2 1 1 3382 4248 2017
7097 2 2 1 1 2018 4248 3929
7098 2 2 1 1 1656 3960 3429
7099 2 2 1 1 2085 5963 2069
7100 2 2 1 1 550 4419 4292
7101 2 2 1 1 4377 5765 816
7102 2 2 1 1 483 5033 4274
7103 2 2 1 1 983 3638 984
7104 2 2 1 1 982 4441 983
7105 2 2 1 1 981 3591 982
7106 2 2 1 1 5012 5667 3974
7107 2 2 1 1 5531 5728 3856
7108 2 2 1 1 1764 3528 1765
7109 2 2 1 1 1763 4442 1764
7110 2 2 1 1 1777 4445 1762
7111 2 2 1 1 1762 3970 1763
7112 2 2 1 1 2444 5387 5180
7113 2 2 1 1 21 3924 22
7114 2 2 1 1 20 4573 21
7115 2 2 1 1 24 4790 25
7116 2 2 1 1 22 3793 23
7117 2 2 1 1 2828 3379 2827
7118 2 2 1 1 3362 5851 2068
7119 2 2 1 1 2666 5437 5135
7120 2 2 1 1 3811 5044 967
7121 2 2 1 1 3842 4385 1313
7122 2 2 1 1 4385 4529 1298
7123 2 2 1 1 2136 5529 4703
7124 2 2 1 1 1708 5392 1709
7125 2 2 1 1 2357 5926 4495
7126 2 2 1 1 4235 5900 1391
7127 2 2 1 1 754 3480 755
7128 2 2 1 1 1753 4427 1754
7129 2 2 1 1 1755 3590 1756
7130 2 2 1 1 1754 3934 1755
7131 2 2 1 1 1756 4600 1757
7132 2 2 1 1 759 3764 760
7133 2 2 1 1 5032 5943 2390
7134 2 2 1 1 2993 3342 2994
7135 2 2 1 1 968 4956 3811
7136 2 2 1 1 1073 4378 4091
7137 2 2 1 1 807 5905 5255
7138 2 2 1 1 1458 5541 1459
7139 2 2 1 1 4903 5313 3541
7140 2 2 1 1 5356 5379 420
7141 2 2 1 1 1312 5090 3842
7142 2 2 1 1 82 3363 83
7143 2 2 1 1 2832 3566 2831
7144 2 2 1 1 5823 5830 3895
7145 2 2 1 1 3511 4473 53
7146 2 2 1 1 885 5875 4080
7147 2 2 1 1 4824 5623 3692
7148 2 2 1 1 1219 5680 4111
7149 2 2 1 1 3865 5955 4797
7150 2 2 1 1 56 5889 3636
7151 2 2 1 1 657 4109 658
7152 2 2 1 1 1230 4100 1231
7153 2 2 1 1 2039 5669 2040
7154 2 2 1 1 218 5785 219
7155 2 2 1 1 4003 5846 1727
7156 2 2 1 1 2728 3494 2713
7157 2 2 1 1 2727 4071 2728
7158 2 2 1 1 2713 4101 2714
7159 2 2 1 1 1834 4210 3944
7160 2 2 1 1 275 5669 276
7161 2 2 1 1 4899 5832 3335
7162 2 2 1 1 1226 4060 1227
7163 2 2 1 1 78 3696 79
7164 2 2 1 1 3799 4967 257
7165 2 2 1 1 2096 5391 2097
7166 2 2 1 1 1499 5724 1498
7167 2 2 1 1 3732 4378 1072
7168 2 2 1 1 3502 5529 2136
7169 2 2 1 1 1023 5379 1024
7170 2 2 1 1 4408 5769 999
7171 2 2 1 1 2517 5014 2518
7172 2 2 1 1 2907 4982 2314
7173 2 2 1 1 1713 5867 1714
7174 2 2 1 1 889 5798 890
7175 2 2 1 1 3472 5517 1144
7176 2 2 1 1 276 5669 2039
7177 2 2 1 1 356 5974 357
7178 2 2 1 1 757 4430 758
7179 2 2 1 1 756 5077 757
7180 2 2 1 1 758 3762 759
7181 2 2 1 1 51 4022 3834
7182 2 2 1 1 52 3834 3511
7183 2 2 1 1 216 4938 217
7184 2 2 1 1 4837 5080 811
7185 2 2 1 1 4515 4945 33
7186 2 2 1 1 3417 5974 356
7187 2 2 1 1 172 4462 155
7188 2 2 1 1 156 4411 157
7189 2 2 1 1 155 3618 156
7190 2 2 1 1 3377 5654 5230
7191 2 2 1 1 5437 5676 5135
7192 2 2 1 1 3449 4809 1702
7193 2 2 1 1 5667 5669 275
7194 2 2 1 1 1588 4355 1589
7195 2 2 1 1 1590 3845 1591
7196 2 2 1 1 1589 3717 1590
7197 2 2 1 1 1451 4531 1165
7198 2 2 1 1 3430 5272 2769
7199 2 2 1 1 296 4360 3372
7200 2 2 1 1 3602 5859 3575
7201 2 2 1 1 1973 5655 1974
7202 2 2 1 1 1387 4952 4034
7203 2 2 1 1 667 5565 668
7204 2 2 1 1 4512 4972 2765
7205 2 2 1 1 3695 5109 5075
7206 2 2 1 1 3703 5673 1741
7207 2 2 1 1 541 4830 542
7208 2 2 1 1 4191 5838 280
7209 2 2 1 1 2005 5959 2006
7210 2 2 1 1 3490 5349 742
7211 2 2 1 1 324 5735 305
7212 2 2 1 1 2801 4562 3583
7213 2 2 1 1 2520 4855 2521
7214 2 2 1 1 4031 4774 2583
7215 2 2 1 1 410 5760 3368
7216 2 2 1 1 714 4215 3146
7217 2 2 1 1 4760 4904 472
7218 2 2 1 1 3643 4929 2324
7219 2 2 1 1 1186 5765 1170
7220 2 2 1 1 38 5405 5091
7221 2 2 1 1 3181 5154 4962
7222 2 2 1 1 3130 5601 5319
7223 2 2 1 1 2041 5667 5012
7224 2 2 1 1 381 4144 382
7225 2 2 1 1 1633 4429 3714
7226 2 2 1 1 2210 3563 2211
7227 2 2 1 1 2209 4932 2210
7228 2 2 1 1 2208 4752 2209
7229 2 2 1 1 2211 4045 2212
7230 2 2 1 1 3177 5452 5402
7231 2 2 1 1 1007 3482 1008
7232 2 2 1 1 3636 5027 57
7233 2 2 1 1 2281 5960 4188
7234 2 2 1 1 1933 3405 1934
7235 2 2 1 1 1928 3926 1929
7236 2 2 1 1 5120 5269 1932
7237 2 2 1 1 3782 4280 408
7238 2 2 1 1 407 4281 3782
7239 2 2 1 1 393 4280 3601
7240 2 2 1 1 3570 5445 4602
7241 2 2 1 1 2288 5318 4051
7242 2 2 1 1 2259 4331 3565
7243 2 2 1 1 3565 4687 2260
7244 2 2 1 1 2258 4632 4331
7245 2 2 1 1 3603 5312 4798
7246 2 2 1 1 704 5707 705
7247 2 2 1 1 2842 4643 3769
7248 2 2 1 1 3769 4741 2843
7249 2 2 1 1 4741 4948 2844
7250 2 2 1 1 366 5888 367
7251 2 2 1 1 966 4901 965
7252 2 2 1 1 2187 5375 3957
7253 2 2 1 1 2800 4794 4562
7254 2 2 1 1 1618 3999 3877
7255 2 2 1 1 544 3953 545
7256 2 2 1 1 2740 4947 2741
7257 2 2 1 1 4019 5467 2232
7258 2 2 1 1 2807 5767 2808
7259 2 2 1 1 468 5390 4520
7260 2 2 1 1 1222 4328 4036
7261 2 2 1 1 1236 3979 1237
7262 2 2 1 1 2758 5570 4403
7263 2 2 1 1 4234 4431 481
7264 2 2 1 1 4431 5033 482
7265 2 2 1 1 1920 5623 1921
7266 2 2 1 1 1921 4824 1922
7267 2 2 1 1 631 5124 616
7268 2 2 1 1 3518 5081 574
7269 2 2 1 1 96 3738 97
7270 2 2 1 1 4397 4789 739
7271 2 2 1 1 3432 4286 736
7272 2 2 1 1 737 4286 3462
7273 2 2 1 1 3462 4397 738
7274 2 2 1 1 735 3711 3432
7275 2 2 1 1 2744 4115 3693
7276 2 2 1 1 4541 5133 2909
7277 2 2 1 1 2830 3455 2829
7278 2 2 1 1 2829 4642 2828
7279 2 2 1 1 1779 3349 1780
7280 2 2 1 1 1086 5526 1071
7281 2 2 1 1 92 3716 93
7282 2 2 1 1 3027 5689 5525
7283 2 2 1 1 1791 4038 1792
7284 2 2 1 1 2745 4403 4188
7285 2 2 1 1 58 5027 3398
7286 2 2 1 1 3504 5636 2420
7287 2 2 1 1 2421 5636 4614
7288 2 2 1 1 1623 5179 4772
7289 2 2 1 1 80 3345 81
7290 2 2 1 1 81 4628 82
7291 2 2 1 1 3816 5059 4055
7292 2 2 1 1 960 961 959
7293 2 2 1 1 3932 5924 3969
7294 2 2 1 1 2287 5318 2288
7295 2 2 1 1 2392 4536 2393
7296 2 2 1 1 4681 5733 1751
7297 2 2 1 1 1714 5647 1715
7298 2 2 1 1 4888 5941 4225
7299 2 2 1 1 871 5935 872
7300 2 2 1 1 2351 5642 1745
7301 2 2 1 1 4064 4755 1199
7302 2 2 1 1 4143 5561 179
7303 2 2 1 1 3946 4954 1261
7304 2 2 1 1 1826 4340 1824
7305 2 2 1 1 3018 4454 145
7306 2 2 1 1 357 5974 3457
7307 2 2 1 1 685 4097 686
7308 2 2 1 1 1493 3625 1492
7309 2 2 1 1 1893 4745 1894
7310 2 2 1 1 5133 5815 2910
7311 2 2 1 1 409 5927 5760
7312 2 2 1 1 1745 5642 1730
7313 2 2 1 1 551 4292 3744
7314 2 2 1 1 5543 5850 3808
7315 2 2 1 1 1448 5530 668
7316 2 2 1 1 1778 4551 1779
7317 2 2 1 1 1793 3765 1778
7318 2 2 1 1 2706 4719 2705
7319 2 2 1 1 616 4762 617
7320 2 2 1 1 3600 4836 2050
7321 2 2 1 1 3460 4328 1221
7322 2 2 1 1 1220 4111 3460
7323 2 2 1 1 890 5798 1524
7324 2 2 1 1 389 5594 390
7325 2 2 1 1 4000 5563 5005
7326 2 2 1 1 1227 4943 1228
7327 2 2 1 1 2195 5645 4244
7328 2 2 1 1 3836 4406 2160
7329 2 2 1 1 2161 4406 3380
7330 2 2 1 1 2159 4609 3836
7331 2 2 1 1 295 4553 4360
7332 2 2 1 1 1071 5526 3732
7333 2 2 1 1 4058 5656 1914
7334 2 2 1 1 1187 4166 3781
7335 2 2 1 1 1188 3781 3645
7336 2 2 1 1 1200 4755 4166
7337 2 2 1 1 1906 4508 1905
7338 2 2 1 1 1907 4123 1906
7339 2 2 1 1 1905 3503 1904
7340 2 2 1 1 3479 5794 184
7341 2 2 1 1 579 5955 3865
7342 2 2 1 1 255 5890 5082
7343 2 2 1 1 4165 4459 536
7344 2 2 1 1 2425 5675 2426
7345 2 2 1 1 1394 4770 4185
7346 2 2 1 1 4185 4306 1395
7347 2 2 1 1 1923 5684 3907
7348 2 2 1 1 5135 5676 3297
7349 2 2 1 1 2518 5624 2519
7350 2 2 1 1 4853 5332 4952
7351 2 2 1 1 3595 4796 2778
7352 2 2 1 1 3683 4474 2098
7353 2 2 1 1 2039 5640 276
7354 2 2 1 1 2257 5057 4632
7355 2 2 1 1 668 5565 1448
7356 2 2 1 1 3775 4569 2730
7357 2 2 1 1 3693 3775 2729
7358 2 2 1 1 2731 4569 4171
7359 2 2 1 1 810 5080 3751
7360 2 2 1 1 4050 5406 479
7361 2 2 1 1 5209 5859 3602
7362 2 2 1 1 3724 5378 4695
7363 2 2 1 1 208 4714 191
7364 2 2 1 1 206 3602 207
7365 2 2 1 1 207 3575 208
7366 2 2 1 1 3494 5362 4101
7367 2 2 1 1 95 3938 96
7368 2 2 1 1 93 4793 94
7369 2 2 1 1 3901 4285 1809
7370 2 2 1 1 2796 4807 2797
7371 2 2 1 1 390 5659 391
7372 2 2 1 1 1886 3975 1887
7373 2 2 1 1 1528 5540 4072
7374 2 2 1 1 3618 5448 4411
7375 2 2 1 1 671 4131 672
7376 2 2 1 1 2739 3516 2740
7377 2 2 1 1 2738 3996 2739
7378 2 2 1 1 2126 5458 4870
7379 2 2 1 1 3779 5028 2679
7380 2 2 1 1 2329 4624 3420
7381 2 2 1 1 5292 5596 2120
7382 2 2 1 1 764 4518 3409
7383 2 2 1 1 4407 5595 103
7384 2 2 1 1 1530 4954 1531
7385 2 2 1 1 768 4469 3609
7386 2 2 1 1 1419 5627 2415
7387 2 2 1 1 305 5697 306
7388 2 2 1 1 3296 5902 4970
7389 2 2 1 1 1414 5946 1347
7390 2 2 1 1 916 4995 917
7391 2 2 1 1 3728 4791 913
7392 2 2 1 1 1022 5927 5685
7393 2 2 1 1 3830 5338 122
7394 2 2 1 1 157 5309 158
7395 2 2 1 1 272 3939 397
7396 2 2 1 1 2750 4815 3780
7397 2 2 1 1 305 5735 607
7398 2 2 1 1 4403 5570 2683
7399 2 2 1 1 4738 5653 2691
7400 2 2 1 1 992 4712 993
7401 2 2 1 1 507 5846 508
7402 2 2 1 1 633 3747 634
7403 2 2 1 1 634 4535 635
7404 2 2 1 1 632 3920 633
7405 2 2 1 1 635 3677 636
7406 2 2 1 1 1898 3415 1899
7407 2 2 1 1 2670 5537 2669
7408 2 2 1 1 248 5841 3753
7409 2 2 1 1 1495 5291 1494
7410 2 2 1 1 1494 4661 1493
7411 2 2 1 1 1727 5846 1728
7412 2 2 1 1 426 5105 461
7413 2 2 1 1 890 5756 891
7414 2 2 1 1 3690 5127 5086
7415 2 2 1 1 4762 5124 1644
7416 2 2 1 1 3537 4844 1558
7417 2 2 1 1 1557 4308 3537
7418 2 2 1 1 2678 4375 3779
7419 2 2 1 1 661 4686 662
7420 2 2 1 1 1884 3755 1885
7421 2 2 1 1 1885 4620 1886
7422 2 2 1 1 3552 5129 2044
7423 2 2 1 1 3625 5190 4799
7424 2 2 1 1 3953 5594 389
7425 2 2 1 1 4155 5590 2482
7426 2 2 1 1 2316 3381 2317
7427 2 2 1 1 543 5659 390
7428 2 2 1 1 1861 4924 1862
7429 2 2 1 1 2705 3597 2704
7430 2 2 1 1 2704 4944 2703
7431 2 2 1 1 3743 5117 1479
7432 2 2 1 1 3981 4972 4512
7433 2 2 1 1 252 3854 3501
7434 2 2 1 1 1216 5779 1217
7435 2 2 1 1 1077 4726 1078
7436 2 2 1 1 2407 5232 4937
7437 2 2 1 1 3761 5499 956
7438 2 2 1 1 2315 4852 2316
7439 2 2 1 1 777 4498 4311
7440 2 2 1 1 4048 5546 5350
7441 2 2 1 1 773 4414 3471
7442 2 2 1 1 2518 5014 2571
7443 2 2 1 1 622 4018 623
7444 2 2 1 1 3980 5060 1971
7445 2 2 1 1 5505 5809 4109
7446 2 2 1 1 1703 3921 1704
7447 2 2 1 1 3745 4675 2754
7448 2 2 1 1 2753 4318 3745
7449 2 2 1 1 4297 5309 46
7450 2 2 1 1 3062 5778 4159
7451 2 2 1 1 382 3476 383
7452 2 2 1 1 383 4561 384
7453 2 2 1 1 384 3641 385
7454 2 2 1 1 4877 5046 3911
7455 2 2 1 1 2097 5391 3683
7456 2 2 1 1 1869 4503 1870
7457 2 2 1 1 1617 4006 3999
7458 2 2 1 1 542 5659 543
7459 2 2 1 1 3797 3915 1026
7460 2 2 1 1 686 5050 669
7461 2 2 1 1 2663 5154 2662
7462 2 2 1 1 391 5222 392
7463 2 2 1 1 1954 5175 1955
7464 2 2 1 1 4235 5787 2032
7465 2 2 1 1 3475 4693 1020
7466 2 2 1 1 2747 5960 2280
7467 2 2 1 1 3582 4749 2603
7468 2 2 1 1 4003 4748 509
7469 2 2 1 1 510 4748 3517
7470 2 2 1 1 1413 4713 1348
7471 2 2 1 1 2692 5933 2677
7472 2 2 1 1 3848 5829 5244
7473 2 2 1 1 2038 5640 2039
7474 2 2 1 1 1321 3442 1322
7475 2 2 1 1 1323 3376 1324
7476 2 2 1 1 1228 4943 173
7477 2 2 1 1 4633 5118 350
7478 2 2 1 1 2564 5371 2565
7479 2 2 1 1 4046 5656 2559
7480 2 2 1 1 2415 5627 2416
7481 2 2 1 1 3981 4512 2563
7482 2 2 1 1 4546 5210 1455
7483 2 2 1 1 4725 5269 5120
7484 2 2 1 1 3527 3822 1800
7485 2 2 1 1 626 3393 627
7486 2 2 1 1 5600 5624 2570
7487 2 2 1 1 1111 5348 3553
7488 2 2 1 1 3426 4118 1749
7489 2 2 1 1 1406 4907 1407
7490 2 2 1 1 3807 4155 2481
7491 2 2 1 1 679 3951 680
7492 2 2 1 1 1930 5360 1931
7493 2 2 1 1 1929 4484 1930
7494 2 2 1 1 1931 5120 1932
7495 2 2 1 1 4356 5232 2406
7496 2 2 1 1 3659 4356 2405
7497 2 2 1 1 2544 5676 3773
7498 2 2 1 1 2231 3397 2218
7499 2 2 1 1 2622 3882 2620
7500 2 2 1 1 1480 5117 4911
7501 2 2 1 1 2436 5443 3400
7502 2 2 1 1 4022 5755 3834
7503 2 2 1 1 1080 3632 1081
7504 2 2 1 1 1078 3470 1079
7505 2 2 1 1 976 5334 3598
7506 2 2 1 1 625 4747 626
7507 2 2 1 1 624 5022 625
7508 2 2 1 1 623 4299 624
7509 2 2 1 1 4314 5911 678
7510 2 2 1 1 3857 5502 4768
7511 2 2 1 1 1423 5633 4028
7512 2 2 1 1 2613 3530 2612
7513 2 2 1 1 3884 5212 720
7514 2 2 1 1 434 5282 435
7515 2 2 1 1 1002 4832 1003
7516 2 2 1 1 4031 5790 4774
7517 2 2 1 1 1273 5243 1274
7518 2 2 1 1 2571 5624 2518
7519 2 2 1 1 4992 5570 2757
7520 2 2 1 1 1278 3963 1279
7521 2 2 1 1 422 5927 409
7522 2 2 1 1 3688 3882 2622
7523 2 2 1 1 5760 5927 3852
7524 2 2 1 1 1502 4688 1501
7525 2 2 1 1 2010 3935 3928
7526 2 2 1 1 2014 4335 3664
7527 2 2 1 1 3576 4335 2013
7528 2 2 1 1 4824 5684 1922
7529 2 2 1 1 4376 5349 4673
7530 2 2 1 1 1396 3670 1397
7531 2 2 1 1 1398 4081 1399
7532 2 2 1 1 1334 4637 1335
7533 2 2 1 1 163 5161 4648
7534 2 2 1 1 1287 5695 3422
7535 2 2 1 1 3809 4874 2775
7536 2 2 1 1 2776 4874 4338
7537 2 2 1 1 2777 4338 3595
7538 2 2 1 1 1737 5537 1738
7539 2 2 1 1 1019 4732 3475
7540 2 2 1 1 2045 5129 3730
7541 2 2 1 1 2677 5933 4375
7542 2 2 1 1 857 5026 4470
7543 2 2 1 1 554 5641 555
7544 2 2 1 1 5600 5691 3767
7545 2 2 1 1 3863 5932 189
7546 2 2 1 1 2436 3400 2437
7547 2 2 1 1 3977 4745 1893
7548 2 2 1 1 1979 4017 3750
7549 2 2 1 1 2939 4452 4076
7550 2 2 1 1 1111 3553 1112
7551 2 2 1 1 1266 5365 4086
7552 2 2 1 1 5019 5562 654
7553 2 2 1 1 1890 4823 1891
7554 2 2 1 1 860 3533 861
7555 2 2 1 1 3554 4923 944
7556 2 2 1 1 2280 5960 2281
7557 2 2 1 1 3489 3914 66
7558 2 2 1 1 631 5968 4486
7559 2 2 1 1 2447 3543 2448
7560 2 2 1 1 3164 5653 4738
7561 2 2 1 1 4197 5403 3752
7562 2 2 1 1 5653 5933 2692
7563 2 2 1 1 69 5123 3440
7564 2 2 1 1 3706 4951 3777
7565 2 2 1 1 3548 5490 5308
7566 2 2 1 1 2009 5716 3935
7567 2 2 1 1 251 4729 3854
7568 2 2 1 1 4314 4729 250
7569 2 2 1 1 2470 4536 2392
7570 2 2 1 1 4848 5321 1389
7571 2 2 1 1 3486 4469 767
7572 2 2 1 1 766 4348 3486
7573 2 2 1 1 3409 4348 765
7574 2 2 1 1 3640 5174 4564
7575 2 2 1 1 118 4500 4349
7576 2 2 1 1 101 4349 3588
7577 2 2 1 1 3588 4407 102
7578 2 2 1 1 4679 5455 4890
7579 2 2 1 1 864 3713 865
7580 2 2 1 1 1891 3593 1892
7581 2 2 1 1 4943 5226 174
7582 2 2 1 1 537 4459 3580
7583 2 2 1 1 4375 5933 2248
7584 2 2 1 1 3336 5988 4332
7585 2 2 1 1 3457 5974 4213
7586 2 2 1 1 4528 4654 1505
7587 2 2 1 1 1528 4072 1529
7588 2 2 1 1 791 4461 792
7589 2 2 1 1 1659 4523 3394
7590 2 2 1 1 5417 5418 1131
7591 2 2 1 1 1338 3691 1339
7592 2 2 1 1 4163 5489 5331
7593 2 2 1 1 3873 5677 26
7594 2 2 1 1 2555 5041 2556
7595 2 2 1 1 3551 5059 528
7596 2 2 1 1 1010 3425 1011
7597 2 2 1 1 1024 4024 1009
7598 2 2 1 1 937 4095 938
7599 2 2 1 1 5215 5389 718
7600 2 2 1 1 3532 5464 1804
7601 2 2 1 1 4989 5521 3722
7602 2 2 1 1 2428 4357 3640
7603 2 2 1 1 3640 4564 2429
7604 2 2 1 1 2427 5065 4357
7605 2 2 1 1 958 5738 971
7606 2 2 1 1 3953 5841 545
7607 2 2 1 1 534 4410 3633
7608 2 2 1 1 3760 4979 2412
7609 2 2 1 1 2812 4051 2811
7610 2 2 1 1 2811 5318 2810
7611 2 2 1 1 3848 4581 2242
7612 2 2 1 1 4952 5332 3647
7613 2 2 1 1 5402 5452 2655
7614 2 2 1 1 1783 3610 1784
7615 2 2 1 1 1508 3487 1509
7616 2 2 1 1 163 4648 164
7617 2 2 1 1 164 3737 165
7618 2 2 1 1 2684 4992 2685
7619 2 2 1 1 2001 5768 5215
7620 2 2 1 1 3810 5061 1582
7621 2 2 1 1 4034 4848 1388
7622 2 2 1 1 150 5850 5543
7623 2 2 1 1 190 5932 1228
7624 2 2 1 1 638 5647 1714
7625 2 2 1 1 2813 3615 2812
7626 2 2 1 1 3753 4314 249
7627 2 2 1 1 3254 5700 4807
7628 2 2 1 1 2519 5624 5600
7629 2 2 1 1 1785 3414 1786
7630 2 2 1 1 3434 4498 776
7631 2 2 1 1 1449 4922 1450
7632 2 2 1 1 1757 4600 3596
7633 2 2 1 1 420 5379 421
7634 2 2 1 1 3753 5911 4314
7635 2 2 1 1 175 5226 3506
7636 2 2 1 1 4858 5722 3790
7637 2 2 1 1 4637 5522 1335
7638 2 2 1 1 644 5859 5209
7639 2 2 1 1 1854 5056 3923
7640 2 2 1 1 390 5594 543
7641 2 2 1 1 2426 5675 5065
7642 2 2 1 1 1468 4501 3360
7643 2 2 1 1 5457 5458 2125
7644 2 2 1 1 1348 5946 1413
7645 2 2 1 1 3699 5544 5339
7646 2 2 1 1 2847 3578 2848
7647 2 2 1 1 1423 4028 1424
7648 2 2 1 1 1424 3746 1425
7649 2 2 1 1 1163 4382 1164
7650 2 2 1 1 3664 5591 2015
7651 2 2 1 1 2787 4418 2788
7652 2 2 1 1 3995 5819 3653
7653 2 2 1 1 2796 5237 4807
7654 2 2 1 1 555 5641 4780
7655 2 2 1 1 3453 5365 1265
7656 2 2 1 1 3575 5859 5858
7657 2 2 1 1 1917 5940 4069
7658 2 2 1 1 4954 5737 1531
7659 2 2 1 1 2422 4614 3986
7660 2 2 1 1 3353 4380 2192
7661 2 2 1 1 3631 4381 2190
7662 2 2 1 1 2193 4380 3678
7663 2 2 1 1 2191 4381 3353
7664 2 2 1 1 2366 4989 3722
7665 2 2 1 1 1000 3669 1001
7666 2 2 1 1 1001 3913 1002
7667 2 2 1 1 4110 5204 314
7668 2 2 1 1 2621 5718 2624
7669 2 2 1 1 4497 5056 1852
7670 2 2 1 1 3855 5453 4623
7671 2 2 1 1 421 5685 422
7672 2 2 1 1 4061 5935 871
7673 2 2 1 1 2801 3583 2802
7674 2 2 1 1 2803 3724 2804
7675 2 2 1 1 2839 5046 2838
7676 2 2 1 1 1871 4697 1858
7677 2 2 1 1 1859 4088 1860
7678 2 2 1 1 1858 3452 1859
7679 2 2 1 1 4113 5171 1050
7680 2 2 1 1 1350 3350 1351
7681 2 2 1 1 1358 4279 1359
7682 2 2 1 1 660 5222 4830
7683 2 2 1 1 3823 5208 2090
7684 2 2 1 1 2611 3790 2610
7685 2 2 1 1 2610 3571 2609
7686 2 2 1 1 2929 4700 4170
7687 2 2 1 1 4 4556 3710
7688 2 2 1 1 1579 5389 1580
7689 2 2 1 1 619 5144 620
7690 2 2 1 1 2851 3574 2852
7691 2 2 1 1 1746 4389 3390
7692 2 2 1 1 1526 5662 3549
7693 2 2 1 1 3558 5176 2333
7694 2 2 1 1 3491 4709 1066
7695 2 2 1 1 721 5212 3889
7696 2 2 1 1 423 4901 424
7697 2 2 1 1 731 5324 732
7698 2 2 1 1 747 5207 3748
7699 2 2 1 1 4830 5222 391
7700 2 2 1 1 1015 5856 1016
7701 2 2 1 1 4028 5939 3746
7702 2 2 1 1 617 5106 618
7703 2 2 1 1 743 5349 4376
7704 2 2 1 1 4199 4700 2942
7705 2 2 1 1 1063 5340 4267
7706 2 2 1 1 2350 5642 2351
7707 2 2 1 1 1953 4364 2048
7708 2 2 1 1 897 5490 3548
7709 2 2 1 1 744 4505 745
7710 2 2 1 1 5067 5443 2456
7711 2 2 1 1 4395 5421 5068
7712 2 2 1 1 3483 4752 2208
7713 2 2 1 1 2043 3552 2044
7714 2 2 1 1 1709 3454 1710
7715 2 2 1 1 1263 4072 1264
7716 2 2 1 1 1984 5125 1985
7717 2 2 1 1 1986 3395 1987
7718 2 2 1 1 1985 4727 1986
7719 2 2 1 1 5110 5222 659
7720 2 2 1 1 3148 5975 3824
7721 2 2 1 1 4011 5220 1194
7722 2 2 1 1 3655 4950 1810
7723 2 2 1 1 2727 5608 4071
7724 2 2 1 1 1450 4922 4531
7725 2 2 1 1 4387 5918 4506
7726 2 2 1 1 3642 5900 4235
7727 2 2 1 1 2521 4855 4207
7728 2 2 1 1 1828 5861 1838
7729 2 2 1 1 1287 3422 1288
7730 2 2 1 1 4780 5641 979
7731 2 2 1 1 218 5888 366
7732 2 2 1 1 3626 4061 870
7733 2 2 1 1 869 4068 3626
7734 2 2 1 1 4586 5767 2807
7735 2 2 1 1 293 4938 4575
7736 2 2 1 1 3886 4501 1467
7737 2 2 1 1 1466 5063 3886
7738 2 2 1 1 3864 5251 128
7739 2 2 1 1 315 5204 3654
7740 2 2 1 1 1691 5413 1692
7741 2 2 1 1 1159 5497 1160
7742 2 2 1 1 1337 4897 1338
7743 2 2 1 1 1336 4290 1337
7744 2 2 1 1 269 3839 3402
7745 2 2 1 1 4222 4855 2520
7746 2 2 1 1 3678 5645 2194
7747 2 2 1 1 4870 5458 2268
7748 2 2 1 1 2091 5208 4042
7749 2 2 1 1 1108 4014 1109
7750 2 2 1 1 1912 5940 1917
7751 2 2 1 1 4060 5226 4943
7752 2 2 1 1 3584 5593 352
7753 2 2 1 1 1686 5890 4887
7754 2 2 1 1 4081 5730 1399
7755 2 2 1 1 1336 5522 4290
7756 2 2 1 1 543 5594 544
7757 2 2 1 1 3722 3828 2349
7758 2 2 1 1 4267 4460 1064
7759 2 2 1 1 1065 4460 3491
7760 2 2 1 1 2220 3523 2221
7761 2 2 1 1 2219 4753 2220
7762 2 2 1 1 2221 4321 2222
7763 2 2 1 1 425 5105 426
7764 2 2 1 1 424 3715 425
7765 2 2 1 1 5123 5741 3915
7766 2 2 1 1 981 4980 3591
7767 2 2 1 1 1823 4908 3655
7768 2 2 1 1 1478 3743 1479
7769 2 2 1 1 1998 4833 1999
7770 2 2 1 1 2760 4438 3832
7771 2 2 1 1 3638 4589 984
7772 2 2 1 1 1860 5469 1861
7773 2 2 1 1 4411 5309 157
7774 2 2 1 1 5685 5927 422
7775 2 2 1 1 3351 4438 2759
7776 2 2 1 1 2774 4420 3351
7777 2 2 1 1 1145 5517 4346
7778 2 2 1 1 940 3389 939
7779 2 2 1 1 4052 4423 1706
7780 2 2 1 1 1707 4423 3704
7781 2 2 1 1 1274 3577 1275
7782 2 2 1 1 1276 3433 1277
7783 2 2 1 1 1277 4958 1278
7784 2 2 1 1 12 5838 13
7785 2 2 1 1 4101 5922 2714
7786 2 2 1 1 56 3636 57
7787 2 2 1 1 2864 4005 2862
7788 2 2 1 1 2736 5404 2687
7789 2 2 1 1 1228 5932 1229
7790 2 2 1 1 5255 5905 4549
7791 2 2 1 1 3746 5939 4004
7792 2 2 1 1 1389 5321 1390
7793 2 2 1 1 3569 3703 1740
7794 2 2 1 1 317 3461 318
7795 2 2 1 1 2175 4723 4346
7796 2 2 1 1 2828 4642 3379
7797 2 2 1 1 1623 4772 1624
7798 2 2 1 1 1625 4773 1626
7799 2 2 1 1 1626 3383 1627
7800 2 2 1 1 1624 3419 1625
7801 2 2 1 1 1574 3627 1575
7802 2 2 1 1 2552 4777 2553
7803 2 2 1 1 2553 3604 2554
7804 2 2 1 1 469 4520 4435
7805 2 2 1 1 470 4435 3371
7806 2 2 1 1 2785 3875 2786
7807 2 2 1 1 2783 3359 2784
7808 2 2 1 1 2786 4930 2787
7809 2 2 1 1 3815 4556 3
7810 2 2 1 1 2 3992 3815
7811 2 2 1 1 1919 5894 1920
7812 2 2 1 1 3766 4638 814
7813 2 2 1 1 2455 5067 2456
7814 2 2 1 1 243 5513 2651
7815 2 2 1 1 198 3872 199
7816 2 2 1 1 3384 5277 374
7817 2 2 1 1 3591 4441 982
7818 2 2 1 1 983 4441 3638
7819 2 2 1 1 3970 4442 1763
7820 2 2 1 1 1764 4442 3528
7821 2 2 1 1 1762 4445 3970
7822 2 2 1 1 21 4573 3924
7823 2 2 1 1 22 3924 3793
7824 2 2 1 1 863 4975 864
7825 2 2 1 1 862 3443 863
7826 2 2 1 1 129 5251 3819
7827 2 2 1 1 1999 4833 1564
7828 2 2 1 1 302 5030 303
7829 2 2 1 1 1177 5569 4152
7830 2 2 1 1 3762 3764 759
7831 2 2 1 1 2093 3846 2094
7832 2 2 1 1 2447 5731 3543
7833 2 2 1 1 82 4628 3363
7834 2 2 1 1 44 4020 45
7835 2 2 1 1 1142 5274 1143
7836 2 2 1 1 1755 3934 3590
7837 2 2 1 1 3590 4600 1756
7838 2 2 1 1 1754 4427 3934
7839 2 2 1 1 1370 3692 1371
7840 2 2 1 1 4833 5099 4821
7841 2 2 1 1 1482 4613 1483
7842 2 2 1 1 4250 5207 746
7843 2 2 1 1 607 5697 305
7844 2 2 1 1 3704 5392 1708
7845 2 2 1 1 4953 5596 5292
7846 2 2 1 1 3888 5546 4048
7847 2 2 1 1 1728 5846 507
7848 2 2 1 1 112 4309 3369
7849 2 2 1 1 2895 5202 2896
7850 2 2 1 1 1581 5606 1564
7851 2 2 1 1 4580 5963 2085
7852 2 2 1 1 108 5574 3413
7853 2 2 1 1 4188 5960 2746
7854 2 2 1 1 1703 4809 3921
7855 2 2 1 1 3932 3969 1404
7856 2 2 1 1 2728 4071 3494
7857 2 2 1 1 3494 4101 2713
7858 2 2 1 1 3828 5642 2350
7859 2 2 1 1 4924 5469 1075
7860 2 2 1 1 313 4110 314
7861 2 2 1 1 2887 3493 2888
7862 2 2 1 1 2035 4940 2036
7863 2 2 1 1 1759 5203 5036
7864 2 2 1 1 884 5875 885
7865 2 2 1 1 641 5357 4154
7866 2 2 1 1 13 5838 4191
7867 2 2 1 1 2241 5829 3848
7868 2 2 1 1 1291 5106 1292
7869 2 2 1 1 757 5077 4430
7870 2 2 1 1 758 4430 3762
7871 2 2 1 1 679 5911 3951
7872 2 2 1 1 391 5659 4830
7873 2 2 1 1 4972 5476 3652
7874 2 2 1 1 155 4462 3618
7875 2 2 1 1 3618 4411 156
7876 2 2 1 1 2021 4636 2022
7877 2 2 1 1 1408 5501 4538
7878 2 2 1 1 355 5277 3417
7879 2 2 1 1 1975 3977 1976
7880 2 2 1 1 1589 4355 3717
7881 2 2 1 1 3717 3845 1590
7882 2 2 1 1 2838 5046 4877
7883 2 2 1 1 2089 3823 2090
7884 2 2 1 1 1000 5769 3669
7885 2 2 1 1 382 4144 3476
7886 2 2 1 1 1162 3796 1163
7887 2 2 1 1 4486 5124 631
7888 2 2 1 1 381 4916 4144
7889 2 2 1 1 2850 4199 2851
7890 2 2 1 1 2848 4170 2849
7891 2 2 1 1 4538 5501 629
7892 2 2 1 1 1976 3694 1977
7893 2 2 1 1 1977 4217 1978
7894 2 2 1 1 1978 4017 1979
7895 2 2 1 1 3926 4484 1929
7896 2 2 1 1 3416 5938 2926
7897 2 2 1 1 3645 4919 1189
7898 2 2 1 1 4575 4938 216
7899 2 2 1 1 127 3864 128
7900 2 2 1 1 4060 4943 1227
7901 2 2 1 1 2210 4932 3563
7902 2 2 1 1 4752 4932 2209
7903 2 2 1 1 3563 4045 2211
7904 2 2 1 1 1813 3646 1814
7905 2 2 1 1 5497 5861 1828
7906 2 2 1 1 2810 5632 2809
7907 2 2 1 1 2840 5046 2839
7908 2 2 1 1 4087 5106 4762
7909 2 2 1 1 298 5561 299
7910 2 2 1 1 1984 5203 5125
7911 2 2 1 1 1895 5655 4487
7912 2 2 1 1 732 3978 733
7913 2 2 1 1 721 3889 722
7914 2 2 1 1 722 3923 723
7915 2 2 1 1 733 3884 720
7916 2 2 1 1 3516 4947 2740
7917 2 2 1 1 3646 5368 1814
7918 2 2 1 1 948 4595 949
7919 2 2 1 1 1511 3603 1512
7920 2 2 1 1 2735 5404 2736
7921 2 2 1 1 4470 5026 3444
7922 2 2 1 1 5065 5675 2488
7923 2 2 1 1 4004 5939 5823
7924 2 2 1 1 367 5888 4938
7925 2 2 1 1 2493 3936 2476
7926 2 2 1 1 1352 3348 1353
7927 2 2 1 1 1356 4647 1357
7928 2 2 1 1 3766 5250 4638
7929 2 2 1 1 1129 4689 1130
7930 2 2 1 1 96 3938 3738
7931 2 2 1 1 1196 4684 1197
7932 2 2 1 1 1921 5623 4824
7933 2 2 1 1 2723 5415 3458
7934 2 2 1 1 3716 4793 93
7935 2 2 1 1 2865 4005 2864
7936 2 2 1 1 1193 4011 1194
7937 2 2 1 1 1779 4551 3349
7938 2 2 1 1 58 3398 43
7939 2 2 1 1 3455 4642 2829
7940 2 2 1 1 2736 5599 2737
7941 2 2 1 1 183 3479 184
7942 2 2 1 1 478 5523 4050
7943 2 2 1 1 1973 5734 4487
7944 2 2 1 1 3345 4628 81
7945 2 2 1 1 618 5106 1291
7946 2 2 1 1 3742 5438 4224
7947 2 2 1 1 2813 4810 3615
7948 2 2 1 1 3348 5385 1353
7949 2 2 1 1 3647 5332 2064
7950 2 2 1 1 4953 5292 1584
7951 2 2 1 1 616 5124 4762
7952 2 2 1 1 4097 5050 686
7953 2 2 1 1 335 3365 336
7954 2 2 1 1 1493 4661 3625
7955 2 2 1 1 1580 5768 1581
7956 2 2 1 1 131 3392 132
7957 2 2 1 1 4595 5401 949
7958 2 2 1 1 4547 5088 2019
7959 2 2 1 1 2346 3898 2347
7960 2 2 1 1 2705 4719 3597
7961 2 2 1 1 373 3384 374
7962 2 2 1 1 901 4998 4344
7963 2 2 1 1 3573 5237 2795
7964 2 2 1 1 3765 4551 1778
7965 2 2 1 1 4950 5842 1042
7966 2 2 1 1 1723 3940 1724
7967 2 2 1 1 965 4901 423
7968 2 2 1 1 68 5741 5123
7969 2 2 1 1 3979 5914 1237
7970 2 2 1 1 2768 3430 2769
7971 2 2 1 1 4762 5106 617
7972 2 2 1 1 1714 5867 638
7973 2 2 1 1 3592 5244 2178
7974 2 2 1 1 2040 5669 5667
7975 2 2 1 1 436 5778 437
7976 2 2 1 1 2175 4346 2176
7977 2 2 1 1 4689 5417 1130
7978 2 2 1 1 2314 5848 2907
7979 2 2 1 1 1359 3906 1346
7980 2 2 1 1 1348 4713 1349
7981 2 2 1 1 4123 4508 1906
7982 2 2 1 1 1905 4508 3503
7983 2 2 1 1 2651 5649 243
7984 2 2 1 1 1179 3620 1180
7985 2 2 1 1 1177 4152 1178
7986 2 2 1 1 2058 5812 2059
7987 2 2 1 1 2067 3362 2068
7988 2 2 1 1 4010 4528 1504
7989 2 2 1 1 2338 3386 2339
7990 2 2 1 1 1387 4034 1388
7991 2 2 1 1 1132 5418 3594
7992 2 2 1 1 1049 4113 1050
7993 2 2 1 1 2908 5848 2313
7994 2 2 1 1 3766 5050 4097
7995 2 2 1 1 3507 5415 2722
7996 2 2 1 1 207 3602 3575
7997 2 2 1 1 3575 4714 208
7998 2 2 1 1 544 5594 3953
7999 2 2 1 1 1886 4620 3975
8000 2 2 1 1 1540 3361 1541
8001 2 2 1 1 2065 5332 3436
8002 2 2 1 1 2685 3917 2686
8003 2 2 1 1 1572 3905 1573
8004 2 2 1 1 1571 4909 1572
8005 2 2 1 1 3635 5878 2326
8006 2 2 1 1 2284 4750 2285
8007 2 2 1 1 2552 5605 4777
8008 2 2 1 1 36 5405 37
8009 2 2 1 1 1481 3519 1482
8010 2 2 1 1 1480 4911 1481
8011 2 2 1 1 2651 5513 2650
8012 2 2 1 1 2739 3996 3516
8013 2 2 1 1 1920 5894 5623
8014 2 2 1 1 2045 3730 2046
8015 2 2 1 1 4096 5922 2589
8016 2 2 1 1 1693 4339 1694
8017 2 2 1 1 2093 5673 3846
8018 2 2 1 1 5283 5742 4816
8019 2 2 1 1 294 4575 4553
8020 2 2 1 1 392 5222 5110
8021 2 2 1 1 3898 5449 2347
8022 2 2 1 1 1060 5987 4916
8023 2 2 1 1 452 3695 453
8024 2 2 1 1 3919 5458 5457
8025 2 2 1 1 1940 5210 4546
8026 2 2 1 1 633 3920 3747
8027 2 2 1 1 3747 4535 634
8028 2 2 1 1 635 4535 3677
8029 2 2 1 1 4430 5793 3762
8030 2 2 1 1 5413 5820 1692
8031 2 2 1 1 4273 5722 4858
8032 2 2 1 1 4487 5655 1973
8033 2 2 1 1 24 5159 4790
8034 2 2 1 1 1494 5291 4661
8035 2 2 1 1 4346 5461 2176
8036 2 2 1 1 2765 4972 2766
8037 2 2 1 1 2322 3925 2323
8038 2 2 1 1 2323 3643 2324
8039 2 2 1 1 4486 5968 3756
8040 2 2 1 1 2379 3910 2380
8041 2 2 1 1 3755 4620 1885
8042 2 2 1 1 4506 5918 526
8043 2 2 1 1 2315 4982 4852
8044 2 2 1 1 1815 5368 3961
8045 2 2 1 1 1673 5005 1674
8046 2 2 1 1 2316 4852 3381
8047 2 2 1 1 2766 3652 2767
8048 2 2 1 1 2063 3647 2064
8049 2 2 1 1 2036 4547 2019
8050 2 2 1 1 3597 4944 2704
8051 2 2 1 1 1078 4726 3470
8052 2 2 1 1 810 3751 809
8053 2 2 1 1 4644 5119 3168
8054 2 2 1 1 301 3497 302
8055 2 2 1 1 2030 3642 2031
8056 2 2 1 1 1607 4703 1608
8057 2 2 1 1 1407 5501 1408
8058 2 2 1 1 4750 5470 2285
8059 2 2 1 1 3822 5338 1801
8060 2 2 1 1 2375 4492 2376
8061 2 2 1 1 2123 3343 2124
8062 2 2 1 1 1564 4833 1565
8063 2 2 1 1 4109 5809 5110
8064 2 2 1 1 2266 4182 2267
8065 2 2 1 1 4018 4299 623
8066 2 2 1 1 1861 5469 4924
8067 2 2 1 1 5117 5792 4911
8068 2 2 1 1 3946 5737 4954
8069 2 2 1 1 3343 5457 2124
8070 2 2 1 1 3476 4561 383
8071 2 2 1 1 384 4561 3641
8072 2 2 1 1 1143 3472 1144
8073 2 2 1 1 1524 5756 890
8074 2 2 1 1 1354 5385 3544
8075 2 2 1 1 2687 5599 2736
8076 2 2 1 1 1264 4072 3453
8077 2 2 1 1 2077 4216 2078
8078 2 2 1 1 2313 5848 2314
8079 2 2 1 1 1975 4745 3977
8080 2 2 1 1 842 4150 843
8081 2 2 1 1 1611 3374 1612
8082 2 2 1 1 4547 4940 2061
8083 2 2 1 1 950 5401 3522
8084 2 2 1 1 3620 5729 1180
8085 2 2 1 1 217 5888 218
8086 2 2 1 1 3713 5413 865
8087 2 2 1 1 2737 5599 3917
8088 2 2 1 1 3454 5830 1710
8089 2 2 1 1 1876 5963 4580
8090 2 2 1 1 2683 5570 2684
8091 2 2 1 1 729 3787 730
8092 2 2 1 1 626 4747 3393
8093 2 2 1 1 2095 5856 1015
8094 2 2 1 1 1931 5360 5120
8095 2 2 1 1 4484 5360 1930
8096 2 2 1 1 2135 3502 2136
8097 2 2 1 1 4072 5540 3453
8098 2 2 1 1 3824 5816 2072
8099 2 2 1 1 315 3654 316
8100 2 2 1 1 4299 5022 624
8101 2 2 1 1 625 5022 4747
8102 2 2 1 1 5339 5544 3559
8103 2 2 1 1 1817 5067 2455
8104 2 2 1 1 2491 3541 2492
8105 2 2 1 1 2091 4042 2092
8106 2 2 1 1 1262 5172 1263
8107 2 2 1 1 1404 3969 1405
8108 2 2 1 1 424 4901 3715
8109 2 2 1 1 2027 5289 2028
8110 2 2 1 1 3913 4832 1002
8111 2 2 1 1 630 5501 4907
8112 2 2 1 1 181 3754 182
8113 2 2 1 1 180 5121 181
8114 2 2 1 1 1274 5243 3577
8115 2 2 1 1 3855 3925 2322
8116 2 2 1 1 456 4004 457
8117 2 2 1 1 1278 4958 3963
8118 2 2 1 1 350 5118 351
8119 2 2 1 1 148 4054 149
8120 2 2 1 1 2229 3668 2230
8121 2 2 1 1 4703 5529 1608
8122 2 2 1 1 4042 5673 2092
8123 2 2 1 1 4446 5943 5032
8124 2 2 1 1 1891 4823 3593
8125 2 2 1 1 2348 5449 5234
8126 2 2 1 1 1641 3492 1642
8127 2 2 1 1 2321 5453 3855
8128 2 2 1 1 3695 5552 453
8129 2 2 1 1 1405 3756 1406
8130 2 2 1 1 2277 3798 2278
8131 2 2 1 1 1964 3721 1965
8132 2 2 1 1 129 3819 130
8133 2 2 1 1 2047 5175 1954
8134 2 2 1 1 2046 5175 2047
8135 2 2 1 1 2177 5461 3592
8136 2 2 1 1 723 5056 724
8137 2 2 1 1 4938 5888 217
8138 2 2 1 1 1526 3549 1527
8139 2 2 1 1 1803 3532 1804
8140 2 2 1 1 3548 5446 898
8141 2 2 1 1 3924 5578 3793
8142 2 2 1 1 5562 5803 147
8143 2 2 1 1 4492 5558 2376
8144 2 2 1 1 351 3584 352
8145 2 2 1 1 4428 4623 2475
8146 2 2 1 1 1693 5820 4339
8147 2 2 1 1 4089 4654 2499
8148 2 2 1 1 3667 5654 1770
8149 2 2 1 1 5005 5563 1674
8150 2 2 1 1 1264 3453 1265
8151 2 2 1 1 527 3551 528
8152 2 2 1 1 2225 3629 2226
8153 2 2 1 1 864 4975 3713
8154 2 2 1 1 4285 5057 1794
8155 2 2 1 1 3720 5426 2720
8156 2 2 1 1 2627 5718 2621
8157 2 2 1 1 4109 5110 658
8158 2 2 1 1 2721 5426 3507
8159 2 2 1 1 1372 5894 1919
8160 2 2 1 1 559 4313 560
8161 2 2 1 1 4993 5375 2186
8162 2 2 1 1 1960 3387 1961
8163 2 2 1 1 1338 4897 3691
8164 2 2 1 1 2898 4222 2885
8165 2 2 1 1 2896 4207 2897
8166 2 2 1 1 2885 3767 2886
8167 2 2 1 1 435 4718 436
8168 2 2 1 1 355 3417 356
8169 2 2 1 1 1863 3498 1864
8170 2 2 1 1 4051 5318 2811
8171 2 2 1 1 3549 5540 1527
8172 2 2 1 1 164 4648 3737
8173 2 2 1 1 4024 5379 5356
8174 2 2 1 1 1368 3739 1369
8175 2 2 1 1 587 3990 586
8176 2 2 1 1 3615 4051 2812
8177 2 2 1 1 2574 5432 3427
8178 2 2 1 1 1581 5768 2001
8179 2 2 1 1 4170 4700 2849
8180 2 2 1 1 2850 4700 4199
8181 2 2 1 1 2771 5375 4993
8182 2 2 1 1 1217 5779 4923
8183 2 2 1 1 2332 3558 2333
8184 2 2 1 1 1867 3700 1868
8185 2 2 1 1 5324 5327 1068
8186 2 2 1 1 930 3991 929
8187 2 2 1 1 563 4080 564
8188 2 2 1 1 2337 5555 5456
8189 2 2 1 1 3650 5555 2336
8190 2 2 1 1 1424 4028 3746
8191 2 2 1 1 3655 5842 4950
8192 2 2 1 1 2028 3524 2029
8193 2 2 1 1 1511 5312 3603
8194 2 2 1 1 3669 3913 1001
8195 2 2 1 1 1649 5722 4273
8196 2 2 1 1 4080 5875 564
8197 2 2 1 1 2787 4930 4418
8198 2 2 1 1 3578 4170 2848
8199 2 2 1 1 732 5324 3978
8200 2 2 1 1 632 5320 3920
8201 2 2 1 1 3452 4088 1859
8202 2 2 1 1 1858 4697 3452
8203 2 2 1 1 3796 4382 1163
8204 2 2 1 1 4907 5968 630
8205 2 2 1 1 1609 5529 3772
8206 2 2 1 1 4395 5068 2296
8207 2 2 1 1 2610 3790 3571
8208 2 2 1 1 822 5339 3559
8209 2 2 1 1 2065 3436 2066
8210 2 2 1 1 4088 5469 1860
8211 2 2 1 1 1359 4279 3906
8212 2 2 1 1 100 5742 5283
8213 2 2 1 1 2357 4495 2358
8214 2 2 1 1 2075 5462 3355
8215 2 2 1 1 3388 5462 2074
8216 2 2 1 1 2686 5599 2687
8217 2 2 1 1 4222 5600 3767
8218 2 2 1 1 1855 4432 1856
8219 2 2 1 1 1800 3822 1801
8220 2 2 1 1 2851 4199 3574
8221 2 2 1 1 5215 5768 5389
8222 2 2 1 1 353 5593 4250
8223 2 2 1 1 4017 5730 3750
8224 2 2 1 1 442 5282 2997
8225 2 2 1 1 4807 5700 2797
8226 2 2 1 1 2624 5718 3184
8227 2 2 1 1 1985 5125 4727
8228 2 2 1 1 1986 4727 3395
8229 2 2 1 1 2377 5558 3378
8230 2 2 1 1 731 5327 5324
8231 2 2 1 1 1815 3961 1816
8232 2 2 1 1 454 5552 3984
8233 2 2 1 1 900 4998 901
8234 2 2 1 1 1675 5563 3531
8235 2 2 1 1 2712 5812 2710
8236 2 2 1 1 5389 5768 1580
8237 2 2 1 1 1354 3544 1355
8238 2 2 1 1 2134 4644 2135
8239 2 2 1 1 2153 5119 2134
8240 2 2 1 1 1816 5067 1817
8241 2 2 1 1 4290 4897 1337
8242 2 2 1 1 897 3548 898
8243 2 2 1 1 2360 3612 2361
8244 2 2 1 1 6 5604 7
8245 2 2 1 1 4830 5659 542
8246 2 2 1 1 1996 5099 1997
8247 2 2 1 1 950 3522 951
8248 2 2 1 1 1709 5392 3454
8249 2 2 1 1 1645 5124 4486
8250 2 2 1 1 2821 4554 2820
8251 2 2 1 1 4718 5778 436
8252 2 2 1 1 4549 5905 5759
8253 2 2 1 1 1851 4497 1852
8254 2 2 1 1 3523 4321 2221
8255 2 2 1 1 2220 4753 3523
8256 2 2 1 1 3715 5105 425
8257 2 2 1 1 1132 3594 1133
8258 2 2 1 1 2344 4517 2345
8259 2 2 1 1 3423 5523 477
8260 2 2 1 1 3387 5696 1961
8261 2 2 1 1 3890 5405 36
8262 2 2 1 1 2695 5767 4586
8263 2 2 1 1 1126 3424 1127
8264 2 2 1 1 215 5441 4575
8265 2 2 1 1 527 5918 3551
8266 2 2 1 1 2996 4718 442
8267 2 2 1 1 244 5649 4504
8268 2 2 1 1 2869 2867 2868
8269 2 2 1 1 3433 4958 1277
8270 2 2 1 1 5858 5859 4154
8271 2 2 1 1 2337 5456 2338
8272 2 2 1 1 2348 5234 2335
8273 2 2 1 1 2335 3650 2336
8274 2 2 1 1 2794 3573 2795
8275 2 2 1 1 3419 4773 1625
8276 2 2 1 1 1624 4772 3419
8277 2 2 1 1 1626 4773 3383
8278 2 2 1 1 1721 3445 1722
8279 2 2 1 1 2340 3484 2341
8280 2 2 1 1 2553 4777 3604
8281 2 2 1 1 2177 3592 2178
8282 2 2 1 1 3875 4930 2786
8283 2 2 1 1 4916 5987 4144
8284 2 2 1 1 1510 5312 1511
8285 2 2 1 1 3756 4907 1406
8286 2 2 1 1 3443 4975 863
8287 2 2 1 1 5427 5729 3620
8288 2 2 1 1 2466 4367 2467
8289 2 2 1 1 4495 5706 2358
8290 2 2 1 1 2889 3396 2890
8291 2 2 1 1 1347 5946 1348
8292 2 2 1 1 3629 5749 2226
8293 2 2 1 1 4250 4505 354
8294 2 2 1 1 4454 5562 146
8295 2 2 1 1 575 3518 574
8296 2 2 1 1 2719 3720 2720
8297 2 2 1 1 148 5803 4054
8298 2 2 1 1 2925 3416 2926
8299 2 2 1 1 2574 3427 2575
8300 2 2 1 1 3497 5030 302
8301 2 2 1 1 3519 4613 1482
8302 2 2 1 1 1530 5172 4954
8303 2 2 1 1 3923 5056 723
8304 2 2 1 1 1143 5274 3472
8305 2 2 1 1 874 3534 875
8306 2 2 1 1 4923 5779 945
8307 2 2 1 1 4207 4855 2897
8308 2 2 1 1 2898 4855 4222
8309 2 2 1 1 492 4499 493
8310 2 2 1 1 2721 3507 2722
8311 2 2 1 1 418 3579 419
8312 2 2 1 1 2653 4504 2652
8313 2 2 1 1 1159 5861 5497
8314 2 2 1 1 1609 3772 1610
8315 2 2 1 1 489 3520 490
8316 2 2 1 1 179 5561 180
8317 2 2 1 1 3813 5728 5531
8318 2 2 1 1 1655 3960 1656
8319 2 2 1 1 4476 5371 2763
8320 2 2 1 1 1976 3977 3694
8321 2 2 1 1 415 4013 416
8322 2 2 1 1 37 5405 38
8323 2 2 1 1 2896 5202 4207
8324 2 2 1 1 2036 4940 4547
8325 2 2 1 1 3498 5797 1864
8326 2 2 1 1 3961 5443 5067
8327 2 2 1 1 1962 5696 3495
8328 2 2 1 1 2684 5570 4992
8329 2 2 1 1 1978 4217 4017
8330 2 2 1 1 3694 4217 1977
8331 2 2 1 1 4313 5819 560
8332 2 2 1 1 2685 4992 3917
8333 2 2 1 1 824 3463 825
8334 2 2 1 1 401 3370 402
8335 2 2 1 1 2377 3378 2378
8336 2 2 1 1 733 3978 3884
8337 2 2 1 1 3889 3923 722
8338 2 2 1 1 2073 5816 3388
8339 2 2 1 1 454 3984 455
8340 2 2 1 1 1304 5913 1305
8341 2 2 1 1 1675 3531 1676
8342 2 2 1 1 1529 5172 1530
8343 2 2 1 1 4954 5172 1262
8344 2 2 1 1 839 5509 840
8345 2 2 1 1 840 3526 841
8346 2 2 1 1 3991 5832 929
8347 2 2 1 1 3961 5067 1816
8348 2 2 1 1 1241 3968 1242
8349 2 2 1 1 399 5635 3435
8350 2 2 1 1 3939 5635 398
8351 2 2 1 1 1652 3918 1653
8352 2 2 1 1 2000 5606 1581
8353 2 2 1 1 173 4943 174
8354 2 2 1 1 2275 3843 2276
8355 2 2 1 1 442 4718 435
8356 2 2 1 1 3713 5820 5413
8357 2 2 1 1 743 4376 744
8358 2 2 1 1 961 4159 959
8359 2 2 1 1 745 4250 746
8360 2 2 1 1 2227 5749 3399
8361 2 2 1 1 4922 5565 667
8362 2 2 1 1 108 3413 109
8363 2 2 1 1 1572 4909 3905
8364 2 2 1 1 1481 4911 3519
8365 2 2 1 1 2565 4476 2566
8366 2 2 1 1 2073 3388 2074
8367 2 2 1 1 2075 3355 2076
8368 2 2 1 1 1024 5379 4024
8369 2 2 1 1 1962 3495 1963
8370 2 2 1 1 3756 5968 4907
8371 2 2 1 1 5121 5561 298
8372 2 2 1 1 2145 4428 2146
8373 2 2 1 1 2323 3925 3643
8374 2 2 1 1 2766 4972 3652
8375 2 2 1 1 3730 5175 2046
8376 2 2 1 1 2338 5456 3386
8377 2 2 1 1 3917 5599 2686
8378 2 2 1 1 2295 4395 2296
8379 2 2 1 1 727 3340 728
8380 2 2 1 1 2652 5649 2651
8381 2 2 1 1 1033 5728 3813
8382 2 2 1 1 476 3423 477
8383 2 2 1 1 813 5050 3766
8384 2 2 1 1 4010 5687 2496
8385 2 2 1 1 1865 5797 3347
8386 2 2 1 1 1449 5565 4922
8387 2 2 1 1 1564 5606 1999
8388 2 2 1 1 2145 4623 4428
8389 2 2 1 1 561 5819 3995
8390 2 2 1 1 111 4309 112
8391 2 2 1 1 928 5832 4899
8392 2 2 1 1 4907 5501 1407
8393 2 2 1 1 145 4454 146
8394 2 2 1 1 589 4165 588
8395 2 2 1 1 2227 3399 2228
8396 2 2 1 1 4250 5593 5207
8397 2 2 1 1 2498 4654 4528
8398 2 2 1 1 3223 5405 3890
8399 2 2 1 1 4575 5441 4553
8400 2 2 1 1 1639 3444 1640
8401 2 2 1 1 1638 4470 1639
8402 2 2 1 1 1405 3969 3756
8403 2 2 1 1 181 5121 3754
8404 2 2 1 1 3881 5821 8
8405 2 2 1 1 180 5561 5121
8406 2 2 1 1 351 5118 3584
8407 2 2 1 1 2028 5289 3524
8408 2 2 1 1 2135 4644 3502
8409 2 2 1 1 397 3939 398
8410 2 2 1 1 399 3435 400
8411 2 2 1 1 2923 3679 2924
8412 2 2 1 1 1865 3347 1866
8413 2 2 1 1 2885 4222 3767
8414 2 2 1 1 1255 3658 1256
8415 2 2 1 1 928 4899 927
8416 2 2 1 1 561 3995 562
8417 2 2 1 1 1836 4210 1835
8418 2 2 1 1 1772 3377 1773
8419 2 2 1 1 641 4154 642
8420 2 2 1 1 1485 3930 1486
8421 2 2 1 1 2567 3407 2568
8422 2 2 1 1 268 3839 269
8423 2 2 1 1 189 5932 190
8424 2 2 1 1 4346 5517 5461
8425 2 2 1 1 4376 4505 744
8426 2 2 1 1 745 4505 4250
8427 2 2 1 1 7 3881 8
8428 2 2 1 1 2134 5119 4644
8429 2 2 1 1 2510 3949 2509
8430 2 2 1 1 2497 4010 2496
8431 2 2 1 1 2498 4528 2497
8432 2 2 1 1 5019 5803 5562
8433 2 2 1 1 2335 5234 3650
8434 2 2 1 1 2225 5913 3629
8435 2 2 1 1 7 5604 3881
8436 2 2 1 1 879 4025 880
8437 2 2 1 1 1538 3346 1539
8438 2 2 1 1 2997 5282 434
8439 2 2 1 1 2565 5371 4476
8440 2 2 1 1 35 3890 36
8441 2 2 1 1 1999 5606 2000
8442 2 2 1 1 4504 5649 2652
8443 2 2 1 1 2469 4536 2470
8444 2 2 1 1 840 5509 3526
8445 2 2 1 1 2342 3341 2343
8446 2 2 1 1 435 5282 442
8447 2 2 1 1 2891 3861 2892
8448 2 2 1 1 1124 3735 1125
8449 2 2 1 1 1239 4049 1240
8450 2 2 1 1 822 3559 823
8451 2 2 1 1 1639 4470 3444
8452 2 2 1 1 337 3344 338
8453 2 2 1 1 876 3439 877
8454 2 2 1 1 1834 3944 1833
8455 2 2 1 1 1263 5172 4072
8456 2 2 1 1 4072 5172 1529
8457 2 2 1 1 2497 4528 4010
8458 2 2 1 1 43 4020 44
8459 2 2 1 1 64 3973 65
8460 2 2 1 1 90 89 1682
8461 2 2 1 1 134 5592 119
8462 2 2 1 1 130 3392 131
8463 2 2 1 1 142 4465 143
8464 2 2 1 1 143 4942 144
8465 2 2 1 1 182 3479 183
8466 2 2 1 1 184 5794 185
8467 2 2 1 1 3078 5983 262
8468 2 2 1 1 271 3939 272
8469 2 2 1 1 396 5954 273
8470 2 2 1 1 280 5838 281
8471 2 2 1 1 283 2968 2967
8472 2 2 1 1 369 368 291
8473 2 2 1 1 312 3731 313
8474 2 2 1 1 316 3461 317
8475 2 2 1 1 3016 362 3017
8476 2 2 1 1 376 4701 377
8477 2 2 1 1 377 5160 378
8478 2 2 1 1 2986 5954 396
8479 2 2 1 1 400 3370 401
8480 2 2 1 1 404 5545 405
8481 2 2 1 1 419 5356 420
8482 2 2 1 1 963 437 962
8483 2 2 1 1 2991 437 963
8484 2 2 1 1 438 2991 3064
8485 2 2 1 1 3063 2992 438
8486 2 2 1 1 3063 438 3064
8487 2 2 1 1 461 5105 462
8488 2 2 1 1 475 3423 476
8489 2 2 1 1 530 4341 531
8490 2 2 1 1 3010 4025 549
8491 2 2 1 1 562 4080 563
8492 2 2 1 1 564 5875 565
8493 2 2 1 1 566 565 884
8494 2 2 1 1 883 566 884
8495 2 2 1 1 3008 566 883
8496 2 2 1 1 3010 567 881
8497 2 2 1 1 3044 567 3009
8498 2 2 1 1 2538 5955 568
8499 2 2 1 1 2512 571 572
8500 2 2 1 1 578 4516 577
8501 2 2 1 1 581 2534 582
8502 2 2 1 1 583 5442 581
8503 2 2 1 1 2533 2534 581
8504 2 2 1 1 588 3990 587
8505 2 2 1 1 3222 4945 598
8506 2 2 1 1 637 5647 638
8507 2 2 1 1 638 5867 639
8508 2 2 1 1 654 4454 3018
8509 2 2 1 1 3018 4942 655
8510 2 2 1 1 1167 666 3020
8511 2 2 1 1 693 4881 694
8512 2 2 1 1 716 715 3146
8513 2 2 1 1 716 2002 717
8514 2 2 1 1 3146 2002 716
8515 2 2 1 1 728 3787 729
8516 2 2 1 1 1281 1280 800
8517 2 2 1 1 804 805 1910
8518 2 2 1 1 1910 4247 804
8519 2 2 1 1 809 5940 1912
8520 2 2 1 1 816 5765 817
8521 2 2 1 1 826 3814 827
8522 2 2 1 1 837 4881 3039
8523 2 2 1 1 3039 4811 838
8524 2 2 1 1 841 4150 842
8525 2 2 1 1 843 4803 844
8526 2 2 1 1 848 5757 849
8527 2 2 1 1 867 1689 853
8528 2 2 1 1 865 5413 866
8529 2 2 1 1 866 1691 1690
8530 2 2 1 1 3042 4330 874
8531 2 2 1 1 3010 881 3043
8532 2 2 1 1 883 882 3008
8533 2 2 1 1 899 4998 900
8534 2 2 1 1 906 5463 907
8535 2 2 1 1 3050 5477 921
8536 2 2 1 1 924 3322 923
8537 2 2 1 1 926 3335 925
8538 2 2 1 1 927 4899 926
8539 2 2 1 1 926 4899 3335
8540 2 2 1 1 939 5039 937
8541 2 2 1 1 3064 2991 963
8542 2 2 1 1 964 2992 3063
8543 2 2 1 1 971 2877 3065
8544 2 2 1 1 971 5738 2877
8545 2 2 1 1 995 3074 1092
8546 2 2 1 1 997 4912 998
8547 2 2 1 1 1003 5761 1004
8548 2 2 1 1 1052 3155 1053
8549 2 2 1 1 3155 2172 1053
8550 2 2 1 1 1061 5314 1062
8551 2 2 1 1 1074 4924 1075
8552 2 2 1 1 1091 4912 3073
8553 2 2 1 1 1101 4128 1102
8554 2 2 1 1 1141 5370 1142
8555 2 2 1 1 1156 4210 1157
8556 2 2 1 1 1165 4531 1166
8557 2 2 1 1 1174 5983 3078
8558 2 2 1 1 1195 4684 1196
8559 2 2 1 1 1231 4451 1232
8560 2 2 1 1 1237 5914 1238
8561 2 2 1 1 1279 4895 1280
8562 2 2 1 1 1294 3118 1643
8563 2 2 1 1 1306 2224 1307
8564 2 2 1 1 2225 2224 1306
8565 2 2 1 1 1308 1307 2224
8566 2 2 1 1 1308 5919 1309
8567 2 2 1 1 2223 1308 2224
8568 2 2 1 1 1320 3442 1321
8569 2 2 1 1 1325 3481 1326
8570 2 2 1 1 1349 3350 1350
8571 2 2 1 1 1351 5069 1352
8572 2 2 1 1 1355 4647 1356
8573 2 2 1 1 1357 5572 1358
8574 2 2 1 1 1361 3124 1362
8575 2 2 1 1 1369 3692 1370
8576 2 2 1 1 1371 5894 1372
8577 2 2 1 1 1918 1373 1372
8578 2 2 1 1 1417 2311 1418
8579 2 2 1 1 2311 2310 1418
8580 2 2 1 1 2978 1464 2979
8581 2 2 1 1 1477 3474 1478
8582 2 2 1 1 1483 2087 1484
8583 2 2 1 1 2866 5929 1485
8584 2 2 1 1 1487 4480 2616
8585 2 2 1 1 1490 1489 2875
8586 2 2 1 1 2875 1489 2884
8587 2 2 1 1 1496 1497 3102
8588 2 2 1 1 1500 5721 1499
8589 2 2 1 1 2620 4688 1502
8590 2 2 1 1 1525 5662 1526
8591 2 2 1 1 1531 5737 1532
8592 2 2 1 1 1848 1546 1545
8593 2 2 1 1 3137 1546 1848
8594 2 2 1 1 1695 1553 1696
8595 2 2 1 1 3099 1553 1695
8596 2 2 1 1 3103 5724 1563
8597 2 2 1 1 1573 3627 1574
8598 2 2 1 1 1615 3862 1598
8599 2 2 1 1 1603 5062 1604
8600 2 2 1 1 2139 1606 1605
8601 2 2 1 1 1610 3374 1611
8602 2 2 1 1 1640 3492 1641
8603 2 2 1 1 1642 4329 1643
8604 2 2 1 1 3118 4087 1644
8605 2 2 1 1 1720 3445 1721
8606 2 2 1 1 1722 3940 1723
8607 2 2 1 1 1750 4681 1751
8608 2 2 1 1 1771 3377 1772
8609 2 2 1 1 1802 3532 1803
8610 2 2 1 1 1812 5136 1813
8611 2 2 1 1 1819 4130 1820
8612 2 2 1 1 1829 1830 3223
8613 2 2 1 1 1830 5091 3223
8614 2 2 1 1 1848 4619 1849
8615 2 2 1 1 1850 3792 1851
8616 2 2 1 1 1856 4461 1857
8617 2 2 1 1 1866 3700 1867
8618 2 2 1 1 1868 4671 1869
8619 2 2 1 1 1955 5740 1956
8620 2 2 1 1 1963 3721 1964
8621 2 2 1 1 1995 4427 1996
8622 2 2 1 1 2001 5215 2002
8623 2 2 1 1 3146 4215 2003
8624 2 2 1 1 2020 4636 2021
8625 2 2 1 1 2029 3642 2030
8626 2 2 1 1 2042 5238 2043
8627 2 2 1 1 2048 4364 2049
8628 2 2 1 1 2057 3336 2711
8629 2 2 1 1 2062 5723 2063
8630 2 2 1 1 2066 3362 2067
8631 2 2 1 1 2076 4216 2077
8632 2 2 1 1 2094 5856 2095
8633 2 2 1 1 2102 4467 3149
8634 2 2 1 1 2401 2113 3153
8635 2 2 1 1 2399 2114 2400
8636 2 2 1 1 2120 5596 3154
8637 2 2 1 1 2474 2148 2147
8638 2 2 1 1 2180 4057 2181
8639 2 2 1 1 2213 4716 2214
8640 2 2 1 1 2228 3668 2229
8641 2 2 1 1 2230 4866 2231
8642 2 2 1 1 2237 4680 2238
8643 2 2 1 1 2248 5653 3164
8644 2 2 1 1 2274 3843 2275
8645 2 2 1 1 2276 3798 2277
8646 2 2 1 1 2278 5747 2279
8647 2 2 1 1 2748 2280 2279
8648 2 2 1 1 2291 5020 2292
8649 2 2 1 1 2296 5068 2297
8650 2 2 1 1 2331 3558 2332
8651 2 2 1 1 2339 5169 2340
8652 2 2 1 1 2345 4736 2346
8653 2 2 1 1 2356 5926 2357
8654 2 2 1 1 2359 3612 2360
8655 2 2 1 1 2383 4716 2367
8656 2 2 1 1 2378 3910 2379
8657 2 2 1 1 3168 5119 2388
8658 2 2 1 1 2395 4192 2396
8659 2 2 1 1 2791 2397 2396
8660 2 2 1 1 2474 4428 2475
8661 2 2 1 1 2488 5675 2489
8662 2 2 1 1 2492 3936 2493
8663 2 2 1 1 2523 3298 2524
8664 2 2 1 1 2524 3299 2525
8665 2 2 1 1 3298 3299 2524
8666 2 2 1 1 2548 4278 2549
8667 2 2 1 1 2605 4667 2606
8668 2 2 1 1 3186 5590 2636
8669 2 2 1 1 2648 3607 2649
8670 2 2 1 1 2655 5452 2654
8671 2 2 1 1 3224 2656 2659
8672 2 2 1 1 2699 3246 2698
8673 2 2 1 1 2701 3250 2700
8674 2 2 1 1 2709 5664 2708
8675 2 2 1 1 2767 3430 2768
8676 2 2 1 1 2771 4993 2772
8677 2 2 1 1 2779 4545 3195
8678 2 2 1 1 2809 5781 2807
8679 2 2 1 1 2816 4343 3246
8680 2 2 1 1 3336 4332 2819
8681 2 2 1 1 2824 5679 2825
8682 2 2 1 1 2834 5040 2833
8683 2 2 1 1 2846 4769 2847
8684 2 2 1 1 2852 5783 2853
8685 2 2 1 1 2883 5239 2882
8686 2 2 1 1 2886 3493 2887
8687 2 2 1 1 2888 4864 2889
8688 2 2 1 1 2894 3133 2895
8689 2 2 1 1 2894 3134 3133
8690 2 2 1 1 2924 3416 2925
8691 2 2 1 1 2926 5938 2927
8692 2 2 1 1 3223 3890 3222
8693 2 2 1 1 5 4742 6
8694 2 2 1 1 10 9 2975
8695 2 2 1 1 11 10 2975
8696 2 2 1 1 12 11 281
8697 2 2 1 1 281 11 2975
8698 2 2 1 1 39 1832 40
8699 2 2 1 1 1831 1832 39
8700 2 2 1 1 1832 1833 40
8701 2 2 1 1 70 3927 71
8702 2 2 1 1 83 4358 84
8703 2 2 1 1 1094 87 1095
8704 2 2 1 1 1682 89 1663
8705 2 2 1 1 1682 5281 91
8706 2 2 1 1 104 2957 105
8707 2 2 1 1 105 212 106
8708 2 2 1 1 2957 212 105
8709 2 2 1 1 161 403 162
8710 2 2 1 1 170 228 171
8711 2 2 1 1 229 228 170
8712 2 2 1 1 2951 229 170
8713 2 2 1 1 171 228 172
8714 2 2 1 1 3002 192 191
8715 2 2 1 1 504 193 192
8716 2 2 1 1 504 192 3002
8717 2 2 1 1 503 193 504
8718 2 2 1 1 497 195 2954
8719 2 2 1 1 3001 195 497
8720 2 2 1 1 197 196 3001
8721 2 2 1 1 198 197 496
8722 2 2 1 1 496 197 3001
8723 2 2 1 1 230 229 2951
8724 2 2 1 1 259 3079 260
8725 2 2 1 1 260 3078 261
8726 2 2 1 1 260 3079 3078
8727 2 2 1 1 1461 274 1462
8728 2 2 1 1 1462 274 2979
8729 2 2 1 1 2976 2968 283
8730 2 2 1 1 297 5121 298
8731 2 2 1 1 303 369 304
8732 2 2 1 1 370 369 303
8733 2 2 1 1 333 3536 334
8734 2 2 1 1 359 4888 360
8735 2 2 1 1 361 360 611
8736 2 2 1 1 362 361 3017
8737 2 2 1 1 3017 361 611
8738 2 2 1 1 364 363 3015
8739 2 2 1 1 3015 363 3016
8740 2 2 1 1 386 4097 2981
8741 2 2 1 1 683 387 684
8742 2 2 1 1 2982 387 683
8743 2 2 1 1 684 387 2981
8744 2 2 1 1 2983 3951 388
8745 2 2 1 1 423 2992 964
8746 2 2 1 1 428 427 460
8747 2 2 1 1 460 427 461
8748 2 2 1 1 433 432 3236
8749 2 2 1 1 434 433 443
8750 2 2 1 1 443 433 3236
8751 2 2 1 1 2997 434 443
8752 2 2 1 1 974 439 2995
8753 2 2 1 1 498 497 2953
8754 2 2 1 1 514 1123 1122
8755 2 2 1 1 3006 1123 514
8756 2 2 1 1 515 1120 516
8757 2 2 1 1 515 1121 1120
8758 2 2 1 1 569 579 580
8759 2 2 1 1 2525 570 571
8760 2 2 1 1 2525 3299 570
8761 2 2 1 1 2511 571 2512
8762 2 2 1 1 2525 571 2511
8763 2 2 1 1 584 2531 583
8764 2 2 1 1 2531 2532 583
8765 2 2 1 1 596 597 595
8766 2 2 1 1 3041 601 600
8767 2 2 1 1 3041 600 3042
8768 2 2 1 1 602 601 873
8769 2 2 1 1 873 601 3041
8770 2 2 1 1 872 602 873
8771 2 2 1 1 3020 665 1169
8772 2 2 1 1 1166 666 1167
8773 2 2 1 1 682 681 2982
8774 2 2 1 1 2982 681 2983
8775 2 2 1 1 2982 683 682
8776 2 2 1 1 2981 685 684
8777 2 2 1 1 837 695 694
8778 2 2 1 1 696 695 836
8779 2 2 1 1 836 695 837
8780 2 2 1 1 717 2002 718
8781 2 2 1 1 1579 1578 719
8782 2 2 1 1 726 3340 727
8783 2 2 1 1 1839 790 789
8784 2 2 1 1 1857 790 1839
8785 2 2 1 1 3331 796 795
8786 2 2 1 1 801 1281 800
8787 2 2 1 1 825 4447 826
8788 2 2 1 1 838 5000 839
8789 2 2 1 1 975 990 847
8790 2 2 1 1 847 5334 975
8791 2 2 1 1 990 989 847
8792 2 2 1 1 853 1688 854
8793 2 2 1 1 1689 1688 853
8794 2 2 1 1 1636 859 1637
8795 2 2 1 1 3043 880 3010
8796 2 2 1 1 3008 882 3009
8797 2 2 1 1 892 1246 893
8798 2 2 1 1 893 1246 894
8799 2 2 1 1 894 1245 895
8800 2 2 1 1 894 1246 1245
8801 2 2 1 1 895 1244 896
8802 2 2 1 1 896 1244 1243
8803 2 2 1 1 914 3056 915
8804 2 2 1 1 915 953 916
8805 2 2 1 1 915 3056 954
8806 2 2 1 1 3323 3050 922
8807 2 2 1 1 3323 922 3322
8808 2 2 1 1 3087 1215 946
8809 2 2 1 1 3087 946 3054
8810 2 2 1 1 948 3055 3086
8811 2 2 1 1 957 2874 958
8812 2 2 1 1 3068 974 2995
8813 2 2 1 1 987 4212 988
8814 2 2 1 1 993 3075 994
8815 2 2 1 1 994 3074 995
8816 2 2 1 1 994 3075 3074
8817 2 2 1 1 996 1092 997
8818 2 2 1 1 1092 3073 997
8819 2 2 1 1 1014 2096 1015
8820 2 2 1 1 2096 2095 1015
8821 2 2 1 1 1053 2172 1054
8822 2 2 1 1 3075 3847 1093
8823 2 2 1 1 1106 4166 1107
8824 2 2 1 1 1112 4704 1113
8825 2 2 1 1 3006 3735 1123
8826 2 2 1 1 1137 4355 1138
8827 2 2 1 1 1138 1587 1139
8828 2 2 1 1 1138 1588 1587
8829 2 2 1 1 1139 3107 1140
8830 2 2 1 1 1139 1586 3107
8831 2 2 1 1 1140 3107 1141
8832 2 2 1 1 3107 3106 1141
8833 2 2 1 1 2174 1148 1147
8834 2 2 1 1 1836 1837 1157
8835 2 2 1 1 1164 1452 1165
8836 2 2 1 1 1453 1452 1164
8837 2 2 1 1 1168 3020 1169
8838 2 2 1 1 3054 1216 3087
8839 2 2 1 1 1306 1305 2225
8840 2 2 1 1 1414 1347 1346
8841 2 2 1 1 3125 3124 1361
8842 2 2 1 1 1362 3124 3088
8843 2 2 1 1 1821 1367 1366
8844 2 2 1 1 1820 1368 1367
8845 2 2 1 1 3143 1373 1918
8846 2 2 1 1 1421 1420 2413
8847 2 2 1 1 2413 1420 2414
8848 2 2 1 1 1435 3161 1436
8849 2 2 1 1 3161 2238 1436
8850 2 2 1 1 1463 1462 2979
8851 2 2 1 1 1464 1463 2979
8852 2 2 1 1 1469 4015 1470
8853 2 2 1 1 1484 2087 2086
8854 2 2 1 1 2617 1487 2616
8855 2 2 1 1 3103 1497 1498
8856 2 2 1 1 3102 1497 3103
8857 2 2 1 1 1509 4798 1510
8858 2 2 1 1 1516 1515 2298
8859 2 2 1 1 2298 1515 2299
8860 2 2 1 1 1551 1697 1552
8861 2 2 1 1 3121 1553 1552
8862 2 2 1 1 1552 1697 3121
8863 2 2 1 1 1696 1553 3121
8864 2 2 1 1 1602 5029 1603
8865 2 2 1 1 2138 1607 1606
8866 2 2 1 1 2138 1606 2139
8867 2 2 1 1 2137 1607 2138
8868 2 2 1 1 1676 4098 1677
8869 2 2 1 1 1695 1694 3099
8870 2 2 1 1 3124 1725 3088
8871 2 2 1 1 3298 4340 1826
8872 2 2 1 1 1847 4107 3137
8873 2 2 1 1 1862 4091 1863
8874 2 2 1 1 3154 1881 1880
8875 2 2 1 1 3154 1880 2121
8876 2 2 1 1 3309 1907 1908
8877 2 2 1 1 1909 3309 1908
8878 2 2 1 1 1936 1938 3221
8879 2 2 1 1 3218 1944 1937
8880 2 2 1 1 1950 3300 1949
8881 2 2 1 1 3300 3826 1949
8882 2 2 1 1 2055 3336 2056
8883 2 2 1 1 2056 3336 2057
8884 2 2 1 1 2106 4758 2107
8885 2 2 1 1 2243 2131 2130
8886 2 2 1 1 2243 2130 2244
8887 2 2 1 1 2473 2149 2148
8888 2 2 1 1 2473 2148 2474
8889 2 2 1 1 2472 2149 2473
8890 2 2 1 1 2151 2388 2152
8891 2 2 1 1 2151 2389 2388
8892 2 2 1 1 2152 2388 2153
8893 2 2 1 1 3164 4738 2249
8894 2 2 1 1 2747 2280 2748
8895 2 2 1 1 2292 3240 2293
8896 2 2 1 1 2293 3241 2294
8897 2 2 1 1 2293 3240 3241
8898 2 2 1 1 2294 3241 2295
8899 2 2 1 1 2791 2396 2792
8900 2 2 1 1 2453 4130 2454
8901 2 2 1 1 3186 2485 2484
8902 2 2 1 1 2635 2486 2485
8903 2 2 1 1 2635 2485 3186
8904 2 2 1 1 2560 4645 2545
8905 2 2 1 1 3201 2551 2550
8906 2 2 1 1 2619 2606 3185
8907 2 2 1 1 3185 2629 2619
8908 2 2 1 1 2625 2660 2661
8909 2 2 1 1 2625 2661 3181
8910 2 2 1 1 2634 4507 2635
8911 2 2 1 1 2657 2658 2656
8912 2 2 1 1 2656 2658 2659
8913 2 2 1 1 2817 2808 2696
8914 2 2 1 1 2703 3250 2702
8915 2 2 1 1 3249 3250 2703
8916 2 2 1 1 3339 2818 3208
8917 2 2 1 1 2827 4417 2826
8918 2 2 1 1 2833 5040 2832
8919 2 2 1 1 2922 2853 2923
8920 2 2 1 1 2921 2854 2922
8921 2 2 1 1 2877 5738 2876
8922 2 2 1 1 2878 2879 3065
8923 2 2 1 1 3065 2879 3066
8924 2 2 2 2 5 5992 4
8925 2 2 2 2 5989 5990 12
8926 2 2 2 2 5990 5991 11
8927 2 2 2 2 2 5992 1
8928 2 2 2 2 5990 5992 5
8929 2 2 2 2 1 5989 14
8930 2 2 2 2 4 5992 3
8931 2 2 2 2 13 5989 12
8932 2 2 2 2 5989 5992 5990
8933 2 2 2 2 8 5991 7
8934 2 2 2 2 3 5992 2
8935 2 2 2 2 1 5992 5989
8936 2 2 2 2 6 5991 5990
8937 2 2 2 2 9 5991 8
8938 2 2 2 2 14 5989 13
8939 2 2 2 2 10 5991 9
8940 2 2 2 2 7 5991 6
8941 2 2 2 2 11 5991 10
8942 2 2 2 2 6 5990 5
8943 2 2 2 2 12 5990 11
8944 2 2 2 3 26 5995 5994
8945 2 2 2 3 5993 5996 18
8946 2 2 2 3 19 5993 18
8947 2 2 2 3 26 5994 25
8948 2 2 2 3 5994 5995 5993
8949 2 2 2 3 5993 5997 5994
8950 2 2 2 3 20 5993 19
8951 2 2 2 3 27 5995 26
8952 2 2 2 3 15 5995 28
8953 2 2 2 3 5995 5996 5993
8954 2 2 2 3 23 5997 22
8955 2 2 2 3 21 5997 20
8956 2 2 2 3 24 5994 23
8957 2 2 2 3 17 5996 16
8958 2 2 2 3 22 5997 21
8959 2 2 2 3 28 5995 27
8960 2 2 2 3 20 5997 5993
8961 2 2 2 3 15 5996 5995
8962 2 2 2 3 5994 5997 23
8963 2 2 2 3 25 5994 24
8964 2 2 2 3 16 5996 15
8965 2 2 2 3 18 5996 17
8966 2 2 2 4 35 6001 34
8967 2 2 2 4 29 6002 42
8968 2 2 2 4 41 6002 40
8969 2 2 2 4 30 6000 29
8970 2 2 2 4 32 6000 31
8971 2 2 2 4 33 6001 32
8972 2 2 2 4 40 5998 39
8973 2 2 2 4 42 6002 41
8974 2 2 2 4 40 6002 5998
8975 2 2 2 4 32 6001 6000
8976 2 2 2 4 6000 6002 29
8977 2 2 2 4 5998 6002 6001
8978 2 2 2 4 5999 6001 35
8979 2 2 2 4 39 5998 38
8980 2 2 2 4 31 6000 30
8981 2 2 2 4 34 6001 33
8982 2 2 2 4 6001 6002 6000
8983 2 2 2 4 5998 6001 5999
8984 2 2 2 4 38 5999 37
8985 2 2 2 4 5998 5999 38
8986 2 2 2 4 36 5999 35
8987 2 2 2 4 37 5999 36
8988 2 2 2 5 48 6003 47
8989 2 2 2 5 45 6007 44
8990 2 2 2 5 46 6004 45
8991 2 2 2 5 6003 6004 47
8992 2 2 2 5 55 6006 54
8993 2 2 2 5 56 6009 55
8994 2 2 2 5 6003 6009 6004
8995 2 2 2 5 6006 6009 6003
8996 2 2 2 5 44 6007 43
8997 2 2 2 5 51 6008 50
8998 2 2 2 5 49 6008 48
8999 2 2 2 5 54 6006 6005
9000 2 2 2 5 52 6005 51
9001 2 2 2 5 6004 6007 45
9002 2 2 2 5 54 6005 53
9003 2 2 2 5 50 6008 49
9004 2 2 2 5 6003 6008 6006
9005 2 2 2 5 6006 6008 6005
9006 2 2 2 5 48 6008 6003
9007 2 2 2 5 6007 6009 56
9008 2 2 2 5 6005 6008 51
9009 2 2 2 5 55 6009 6006
9010 2 2 2 5 53 6005 52
9011 2 2 2 5 6004 6009 6007
9012 2 2 2 5 43 6007 58
9013 2 2 2 5 57 6007 56
9014 2 2 2 5 58 6007 57
9015 2 2 2 5 47 6004 46
9016 2 2 2 6 59 6014 72
9017 2 2 2 6 6012 6015 64
9018 2 2 2 6 6014 6015 6012
9019 2 2 2 6 62 6010 61
9020 2 2 2 6 60 6010 59
9021 2 2 2 6 67 6016 66
9022 2 2 2 6 72 6014 71
9023 2 2 2 6 68 6011 67
9024 2 2 2 6 6013 6014 6012
9025 2 2 2 6 6010 6014 59
9026 2 2 2 6 70 6013 6011
9027 2 2 2 6 70 6011 69
9028 2 2 2 6 6010 6015 6014
9029 2 2 2 6 71 6014 6013
9030 2 2 2 6 64 6015 63
9031 2 2 2 6 66 6016 65
9032 2 2 2 6 61 6010 60
9033 2 2 2 6 65 6016 6012
9034 2 2 2 6 62 6015 6010
9035 2 2 2 6 6011 6016 67
9036 2 2 2 6 6012 6016 6013
9037 2 2 2 6 6013 6016 6011
9038 2 2 2 6 69 6011 68
9039 2 2 2 6 63 6015 62
9040 2 2 2 6 65 6012 64
9041 2 2 2 6 71 6013 70
9042 2 2 2 7 78 6019 77
9043 2 2 2 7 77 6017 76
9044 2 2 2 7 73 6021 86
9045 2 2 2 7 77 6019 6017
9046 2 2 2 7 6019 6021 6017
9047 2 2 2 7 6017 6021 73
9048 2 2 2 7 6020 6021 6019
9049 2 2 2 7 86 6021 85
9050 2 2 2 7 76 6017 75
9051 2 2 2 7 74 6017 73
9052 2 2 2 7 80 6022 79
9053 2 2 2 7 81 6018 80
9054 2 2 2 7 83 6020 6018
9055 2 2 2 7 83 6018 82
9056 2 2 2 7 85 6021 84
9057 2 2 2 7 75 6017 74
9058 2 2 2 7 79 6022 78
9059 2 2 2 7 6019 6022 6020
9060 2 2 2 7 6020 6022 6018
9061 2 2 2 7 84 6021 6020
9062 2 2 2 7 6018 6022 80
9063 2 2 2 7 78 6022 6019
9064 2 2 2 7 82 6018 81
9065 2 2 2 7 84 6020 83
9066 2 2 2 8 99 6024 98
9067 2 2 2 8 98 6025 97
9068 2 2 2 8 92 6023 91
9069 2 2 2 8 6024 6025 98
9070 2 2 2 8 6024 6027 6025
9071 2 2 2 8 6025 6027 6023
9072 2 2 2 8 100 6024 99
9073 2 2 2 8 89 6027 88
9074 2 2 2 8 91 6027 90
9075 2 2 2 8 88 6024 87
9076 2 2 2 8 95 6028 94
9077 2 2 2 8 6023 6027 91
9078 2 2 2 8 88 6027 6024
9079 2 2 2 8 6023 6026 6025
9080 2 2 2 8 87 6024 100
9081 2 2 2 8 90 6027 89
9082 2 2 2 8 6026 6028 6025
9083 2 2 2 8 93 6026 92
9084 2 2 2 8 94 6026 93
9085 2 2 2 8 6025 6028 97
9086 2 2 2 8 92 6026 6023
9087 2 2 2 8 97 6028 96
9088 2 2 2 8 96 6028 95
9089 2 2 2 8 94 6028 6026
9090 2 2 2 9 115 6031 114
9091 2 2 2 9 107 6033 106
9092 2 2 2 9 108 6033 107
9093 2 2 2 9 101 6035 118
9094 2 2 2 9 115 6034 6031
9095 2 2 2 9 6033 6034 106
9096 2 2 2 9 106 6034 105
9097 2 2 2 9 113 6037 112
9098 2 2 2 9 116 6032 115
9099 2 2 2 9 6032 6034 115
9100 2 2 2 9 105 6036 104
9101 2 2 2 9 6031 6034 6033
9102 2 2 2 9 6030 6035 101
9103 2 2 2 9 118 6035 117
9104 2 2 2 9 116 6035 6032
9105 2 2 2 9 102 6030 101
9106 2 2 2 9 104 6036 6030
9107 2 2 2 9 6034 6036 105
9108 2 2 2 9 104 6030 103
9109 2 2 2 9 6030 6036 6035
9110 2 2 2 9 6032 6036 6034
9111 2 2 2 9 6035 6036 6032
9112 2 2 2 9 114 6031 113
9113 2 2 2 9 6029 6033 108
9114 2 2 2 9 117 6035 116
9115 2 2 2 9 103 6030 102
9116 2 2 2 9 6031 6037 113
9117 2 2 2 9 109 6029 108
9118 2 2 2 9 6029 6037 6033
9119 2 2 2 9 112 6037 6029
9120 2 2 2 9 6033 6037 6031
9121 2 2 2 9 110 6029 109
9122 2 2 2 9 112 6029 111
9123 2 2 2 9 111 6029 110
9124 2 2 2 10 126 6042 125
9125 2 2 2 10 127 6040 126
9126 2 2 2 10 132 6044 6040
9127 2 2 2 10 132 6040 6039
9128 2 2 2 10 122 6043 121
9129 2 2 2 10 120 6043 119
9130 2 2 2 10 125 6042 6041
9131 2 2 2 10 123 6041 122
9132 2 2 2 10 6039 6040 127
9133 2 2 2 10 125 6041 124
9134 2 2 2 10 121 6043 120
9135 2 2 2 10 6038 6044 134
9136 2 2 2 10 132 6039 131
9137 2 2 2 10 6042 6044 6038
9138 2 2 2 10 128 6039 127
9139 2 2 2 10 119 6043 6038
9140 2 2 2 10 6038 6043 6042
9141 2 2 2 10 6042 6043 6041
9142 2 2 2 10 6040 6044 6042
9143 2 2 2 10 6040 6042 126
9144 2 2 2 10 6041 6043 122
9145 2 2 2 10 134 6044 133
9146 2 2 2 10 124 6041 123
9147 2 2 2 10 129 6039 128
9148 2 2 2 10 131 6039 130
9149 2 2 2 10 130 6039 129
9150 2 2 2 10 119 6038 134
9151 2 2 2 10 133 6044 132
9152 2 2 2 11 136 6049 135
9153 2 2 2 11 151 6051 150
9154 2 2 2 11 153 6048 152
9155 2 2 2 11 6047 6051 151
9156 2 2 2 11 151 6054 6047
9157 2 2 2 11 144 6050 143
9158 2 2 2 11 150 6050 149
9159 2 2 2 11 140 6053 139
9160 2 2 2 11 143 6051 142
9161 2 2 2 11 141 6052 140
9162 2 2 2 11 6045 6049 136
9163 2 2 2 11 6046 6050 144
9164 2 2 2 11 150 6051 6050
9165 2 2 2 11 135 6049 154
9166 2 2 2 11 152 6054 151
9167 2 2 2 11 6052 6054 6048
9168 2 2 2 11 137 6045 136
9169 2 2 2 11 6048 6054 152
9170 2 2 2 11 6048 6053 6052
9171 2 2 2 11 153 6049 6048
9172 2 2 2 11 139 6045 138
9173 2 2 2 11 139 6053 6045
9174 2 2 2 11 6052 6053 140
9175 2 2 2 11 149 6050 6046
9176 2 2 2 11 6045 6053 6049
9177 2 2 2 11 6049 6053 6048
9178 2 2 2 11 6047 6052 141
9179 2 2 2 11 142 6051 6047
9180 2 2 2 11 6050 6051 143
9181 2 2 2 11 6047 6054 6052
9182 2 2 2 11 154 6049 153
9183 2 2 2 11 138 6045 137
9184 2 2 2 11 142 6047 141
9185 2 2 2 11 145 6046 144
9186 2 2 2 11 149 6046 148
9187 2 2 2 11 146 6046 145
9188 2 2 2 11 148 6046 147
9189 2 2 2 11 147 6046 146
9190 2 2 2 12 158 6056 157
9191 2 2 2 12 158 6058 6056
9192 2 2 2 12 159 6058 158
9193 2 2 2 12 168 6057 167
9194 2 2 2 12 157 6056 156
9195 2 2 2 12 170 6058 2951
9196 2 2 2 12 6056 6058 170
9197 2 2 2 12 167 6057 6055
9198 2 2 2 12 171 6056 170
9199 2 2 2 12 164 6063 163
9200 2 2 2 12 160 6062 159
9201 2 2 2 12 2950 6060 169
9202 2 2 2 12 2951 6062 2950
9203 2 2 2 12 161 6057 2949
9204 2 2 2 12 2950 6061 6060
9205 2 2 2 12 2950 6062 6061
9206 2 2 2 12 2949 6059 2948
9207 2 2 2 12 169 6059 168
9208 2 2 2 12 2948 6060 2947
9209 2 2 2 12 2947 6061 160
9210 2 2 2 12 6061 6062 160
9211 2 2 2 12 6059 6060 2948
9212 2 2 2 12 159 6062 6058
9213 2 2 2 12 6060 6061 2947
9214 2 2 2 12 169 6060 6059
9215 2 2 2 12 168 6059 6057
9216 2 2 2 12 6057 6059 2949
9217 2 2 2 12 6058 6062 2951
9218 2 2 2 12 172 6056 171
9219 2 2 2 12 156 6056 155
9220 2 2 2 12 6057 6063 6055
9221 2 2 2 12 163 6063 162
9222 2 2 2 12 165 6055 164
9223 2 2 2 12 6055 6063 164
9224 2 2 2 12 161 6063 6057
9225 2 2 2 12 167 6055 166
9226 2 2 2 12 155 6056 172
9227 2 2 2 12 162 6063 161
9228 2 2 2 12 166 6055 165
9229 2 2 2 13 188 6069 187
9230 2 2 2 13 176 6064 175
9231 2 2 2 13 187 6069 186
9232 2 2 2 13 177 6064 176
9233 2 2 2 13 175 6066 174
9234 2 2 2 13 179 6068 178
9235 2 2 2 13 6064 6066 175
9236 2 2 2 13 173 6066 190
9237 2 2 2 13 174 6066 173
9238 2 2 2 13 180 6065 179
9239 2 2 2 13 6066 6069 188
9240 2 2 2 13 6064 6069 6066
9241 2 2 2 13 190 6066 189
9242 2 2 2 13 6064 6071 6069
9243 2 2 2 13 189 6066 188
9244 2 2 2 13 6069 6071 6067
9245 2 2 2 13 181 6065 180
9246 2 2 2 13 6065 6068 179
9247 2 2 2 13 6067 6071 6068
9248 2 2 2 13 6068 6070 6067
9249 2 2 2 13 178 6071 177
9250 2 2 2 13 6065 6070 6068
9251 2 2 2 13 184 6070 6065
9252 2 2 2 13 186 6067 185
9253 2 2 2 13 177 6071 6064
9254 2 2 2 13 186 6069 6067
9255 2 2 2 13 182 6065 181
9256 2 2 2 13 6068 6071 178
9257 2 2 2 13 6067 6070 185
9258 2 2 2 13 184 6065 183
9259 2 2 2 13 183 6065 182
9260 2 2 2 13 185 6070 184
9261 2 2 2 14 205 6073 204
9262 2 2 2 14 193 6075 192
9263 2 2 2 14 196 6072 195
9264 2 2 2 14 192 6075 6073
9265 2 2 2 14 2955 6074 201
9266 2 2 2 14 204 6075 203
9267 2 2 2 14 6073 6075 204
9268 2 2 2 14 206 6073 205
9269 2 2 2 14 194 6077 2952
9270 2 2 2 14 197 6072 196
9271 2 2 2 14 2952 6079 193
9272 2 2 2 14 202 6077 2956
9273 2 2 2 14 192 6073 191
9274 2 2 2 14 201 6074 6072
9275 2 2 2 14 193 6079 6075
9276 2 2 2 14 2956 6078 2955
9277 2 2 2 14 195 6074 2954
9278 2 2 2 14 2956 6077 6076
9279 2 2 2 14 6072 6074 195
9280 2 2 2 14 203 6079 202
9281 2 2 2 14 2954 6078 2953
9282 2 2 2 14 2953 6076 194
9283 2 2 2 14 6076 6077 194
9284 2 2 2 14 201 6072 200
9285 2 2 2 14 6075 6079 203
9286 2 2 2 14 6076 6078 2956
9287 2 2 2 14 202 6079 6077
9288 2 2 2 14 6077 6079 2952
9289 2 2 2 14 2953 6078 6076
9290 2 2 2 14 2955 6078 6074
9291 2 2 2 14 207 6073 206
9292 2 2 2 14 191 6073 208
9293 2 2 2 14 6074 6078 2954
9294 2 2 2 14 200 6072 199
9295 2 2 2 14 198 6072 197
9296 2 2 2 14 208 6073 207
9297 2 2 2 14 199 6072 198
9298 2 2 2 15 209 6087 224
9299 2 2 2 15 2961 6083 220
9300 2 2 2 15 220 6081 219
9301 2 2 2 15 222 6082 221
9302 2 2 2 15 2957 6089 212
9303 2 2 2 15 221 6088 2963
9304 2 2 2 15 220 6083 6081
9305 2 2 2 15 2963 6086 2962
9306 2 2 2 15 219 6081 218
9307 2 2 2 15 6084 6086 2963
9308 2 2 2 15 213 6088 2957
9309 2 2 2 15 215 6081 214
9310 2 2 2 15 2963 6088 6084
9311 2 2 2 15 214 6083 2960
9312 2 2 2 15 2962 6085 2961
9313 2 2 2 15 2958 6084 213
9314 2 2 2 15 2960 6085 2959
9315 2 2 2 15 2959 6086 2958
9316 2 2 2 15 6080 6087 209
9317 2 2 2 15 2957 6088 6082
9318 2 2 2 15 6081 6083 214
9319 2 2 2 15 6082 6088 221
9320 2 2 2 15 222 6087 6082
9321 2 2 2 15 224 6087 223
9322 2 2 2 15 6084 6088 213
9323 2 2 2 15 210 6080 209
9324 2 2 2 15 2962 6086 6085
9325 2 2 2 15 2958 6086 6084
9326 2 2 2 15 6085 6086 2959
9327 2 2 2 15 6082 6089 2957
9328 2 2 2 15 2961 6085 6083
9329 2 2 2 15 212 6080 211
9330 2 2 2 15 6083 6085 2960
9331 2 2 2 15 212 6089 6080
9332 2 2 2 15 6080 6089 6087
9333 2 2 2 15 6087 6089 6082
9334 2 2 2 15 218 6081 217
9335 2 2 2 15 216 6081 215
9336 2 2 2 15 223 6087 222
9337 2 2 2 15 211 6080 210
9338 2 2 2 15 217 6081 216
9339 2 2 2 16 2966 6097 235
9340 2 2 2 16 2964 6098 226
9341 2 2 2 16 238 6091 237
9342 2 2 2 16 233 6097 232
9343 2 2 2 16 6091 6092 237
9344 2 2 2 16 6092 6098 2964
9345 2 2 2 16 229 6093 228
9346 2 2 2 16 237 6092 236
9347 2 2 2 16 2964 6094 6092
9348 2 2 2 16 6093 6097 2966
9349 2 2 2 16 2966 6096 6093
9350 2 2 2 16 227 6094 2964
9351 2 2 2 16 227 6095 6094
9352 2 2 2 16 2965 6095 227
9353 2 2 2 16 2965 6096 6095
9354 2 2 2 16 228 6096 2965
9355 2 2 2 16 236 6094 2968
9356 2 2 2 16 6094 6095 2968
9357 2 2 2 16 2968 6095 2967
9358 2 2 2 16 6095 6096 2967
9359 2 2 2 16 6093 6096 228
9360 2 2 2 16 2967 6096 2966
9361 2 2 2 16 6092 6094 236
9362 2 2 2 16 6091 6098 6092
9363 2 2 2 16 232 6097 6090
9364 2 2 2 16 225 6098 241
9365 2 2 2 16 239 6091 238
9366 2 2 2 16 241 6091 240
9367 2 2 2 16 234 6097 233
9368 2 2 2 16 232 6090 231
9369 2 2 2 16 6090 6093 229
9370 2 2 2 16 230 6090 229
9371 2 2 2 16 241 6098 6091
9372 2 2 2 16 6090 6097 6093
9373 2 2 2 16 226 6098 225
9374 2 2 2 16 240 6091 239
9375 2 2 2 16 235 6097 234
9376 2 2 2 16 231 6090 230
9377 2 2 2 17 247 6102 2971
9378 2 2 2 17 255 6108 254
9379 2 2 2 17 245 6099 244
9380 2 2 2 17 2969 6101 245
9381 2 2 2 17 2972 6102 253
9382 2 2 2 17 6100 6102 247
9383 2 2 2 17 245 6101 6099
9384 2 2 2 17 2970 6103 2969
9385 2 2 2 17 2970 6104 6103
9386 2 2 2 17 246 6104 2970
9387 2 2 2 17 246 6105 6104
9388 2 2 2 17 6102 6105 2971
9389 2 2 2 17 2971 6105 246
9390 2 2 2 17 254 6103 2974
9391 2 2 2 17 6103 6104 2974
9392 2 2 2 17 2974 6104 2973
9393 2 2 2 17 6104 6105 2973
9394 2 2 2 17 2973 6105 2972
9395 2 2 2 17 6103 6108 6101
9396 2 2 2 17 254 6108 6103
9397 2 2 2 17 2972 6105 6102
9398 2 2 2 17 2969 6103 6101
9399 2 2 2 17 257 6107 256
9400 2 2 2 17 6102 6106 253
9401 2 2 2 17 251 6106 250
9402 2 2 2 17 242 6099 257
9403 2 2 2 17 244 6099 243
9404 2 2 2 17 6101 6107 6099
9405 2 2 2 17 250 6100 249
9406 2 2 2 17 6100 6106 6102
9407 2 2 2 17 256 6107 255
9408 2 2 2 17 248 6100 247
9409 2 2 2 17 253 6106 252
9410 2 2 2 17 6099 6107 257
9411 2 2 2 17 252 6106 251
9412 2 2 2 17 250 6106 6100
9413 2 2 2 17 6107 6108 255
9414 2 2 2 17 243 6099 242
9415 2 2 2 17 6101 6108 6107
9416 2 2 2 17 249 6100 248
9417 2 2 2 18 260 6109 259
9418 2 2 2 18 259 6113 258
9419 2 2 2 18 6110 6111 271
9420 2 2 2 18 271 6114 6110
9421 2 2 2 18 270 6111 269
9422 2 2 2 18 6109 6113 259
9423 2 2 2 18 265 6111 264
9424 2 2 2 18 264 6110 263
9425 2 2 2 18 263 6110 6109
9426 2 2 2 18 6110 6113 6109
9427 2 2 2 18 264 6111 6110
9428 2 2 2 18 258 6113 273
9429 2 2 2 18 261 6109 260
9430 2 2 2 18 263 6109 262
9431 2 2 2 18 6110 6114 6113
9432 2 2 2 18 265 6112 6111
9433 2 2 2 18 273 6113 272
9434 2 2 2 18 262 6109 261
9435 2 2 2 18 6113 6114 272
9436 2 2 2 18 6111 6112 269
9437 2 2 2 18 268 6112 267
9438 2 2 2 18 267 6112 266
9439 2 2 2 18 269 6112 268
9440 2 2 2 18 266 6112 265
9441 2 2 2 18 271 6111 270
9442 2 2 2 18 272 6114 271
9443 2 2 2 19 283 6123 2976
9444 2 2 2 19 275 6115 274
9445 2 2 2 19 289 6116 288
9446 2 2 2 19 289 6118 6116
9447 2 2 2 19 281 6117 280
9448 2 2 2 19 6117 6119 2979
9449 2 2 2 19 290 6118 289
9450 2 2 2 19 274 6124 2979
9451 2 2 2 19 2979 6119 2978
9452 2 2 2 19 2978 6120 2977
9453 2 2 2 19 6119 6120 2978
9454 2 2 2 19 2976 6123 6118
9455 2 2 2 19 2977 6121 290
9456 2 2 2 19 6117 6122 280
9457 2 2 2 19 6120 6121 2977
9458 2 2 2 19 6118 6121 2976
9459 2 2 2 19 2976 6121 282
9460 2 2 2 19 6115 6124 274
9461 2 2 2 19 2975 6119 281
9462 2 2 2 19 282 6120 2975
9463 2 2 2 19 2975 6120 6119
9464 2 2 2 19 6117 6124 6122
9465 2 2 2 19 6122 6124 6115
9466 2 2 2 19 2979 6124 6117
9467 2 2 2 19 281 6119 6117
9468 2 2 2 19 285 6123 284
9469 2 2 2 19 282 6121 6120
9470 2 2 2 19 6118 6123 6116
9471 2 2 2 19 290 6121 6118
9472 2 2 2 19 276 6115 275
9473 2 2 2 19 278 6115 277
9474 2 2 2 19 286 6116 285
9475 2 2 2 19 288 6116 287
9476 2 2 2 19 284 6123 283
9477 2 2 2 19 6116 6123 285
9478 2 2 2 19 280 6122 279
9479 2 2 2 19 277 6115 276
9480 2 2 2 19 287 6116 286
9481 2 2 2 19 278 6122 6115
9482 2 2 2 19 279 6122 278
9483 2 2 2 20 293 6128 292
9484 2 2 2 20 297 6126 296
9485 2 2 2 20 299 6125 298
9486 2 2 2 20 297 6127 6126
9487 2 2 2 20 300 6125 299
9488 2 2 2 20 6125 6127 298
9489 2 2 2 20 6126 6128 293
9490 2 2 2 20 292 6128 291
9491 2 2 2 20 294 6126 293
9492 2 2 2 20 296 6126 295
9493 2 2 2 20 6127 6128 6126
9494 2 2 2 20 6125 6129 6127
9495 2 2 2 20 291 6128 304
9496 2 2 2 20 295 6126 294
9497 2 2 2 20 6127 6129 6128
9498 2 2 2 20 303 6129 6125
9499 2 2 2 20 6128 6129 304
9500 2 2 2 20 301 6125 300
9501 2 2 2 20 303 6125 302
9502 2 2 2 20 302 6125 301
9503 2 2 2 20 298 6127 297
9504 2 2 2 20 304 6129 303
9505 2 2 2 21 305 6136 324
9506 2 2 2 21 310 6135 309
9507 2 2 2 21 320 6134 319
9508 2 2 2 21 311 6134 310
9509 2 2 2 21 322 6133 321
9510 2 2 2 21 319 6132 318
9511 2 2 2 21 6135 6139 309
9512 2 2 2 21 309 6139 308
9513 2 2 2 21 314 6131 313
9514 2 2 2 21 320 6135 6134
9515 2 2 2 21 6133 6139 6135
9516 2 2 2 21 6134 6138 319
9517 2 2 2 21 321 6135 320
9518 2 2 2 21 6134 6135 310
9519 2 2 2 21 315 6131 314
9520 2 2 2 21 319 6138 6132
9521 2 2 2 21 6133 6135 321
9522 2 2 2 21 6130 6136 305
9523 2 2 2 21 311 6138 6134
9524 2 2 2 21 324 6136 323
9525 2 2 2 21 308 6139 6130
9526 2 2 2 21 322 6136 6133
9527 2 2 2 21 318 6132 6131
9528 2 2 2 21 6130 6139 6136
9529 2 2 2 21 6136 6139 6133
9530 2 2 2 21 306 6130 305
9531 2 2 2 21 6131 6137 313
9532 2 2 2 21 308 6130 307
9533 2 2 2 21 312 6138 311
9534 2 2 2 21 6137 6138 312
9535 2 2 2 21 6132 6137 6131
9536 2 2 2 21 323 6136 322
9537 2 2 2 21 307 6130 306
9538 2 2 2 21 316 6131 315
9539 2 2 2 21 6132 6138 6137
9540 2 2 2 21 318 6131 317
9541 2 2 2 21 317 6131 316
9542 2 2 2 21 313 6137 312
9543 2 2 2 22 333 6142 332
9544 2 2 2 22 337 6140 336
9545 2 2 2 22 6141 6142 333
9546 2 2 2 22 329 6143 328
9547 2 2 2 22 327 6143 326
9548 2 2 2 22 338 6140 337
9549 2 2 2 22 336 6141 335
9550 2 2 2 22 330 6142 329
9551 2 2 2 22 332 6142 331
9552 2 2 2 22 326 6140 325
9553 2 2 2 22 6141 6143 6142
9554 2 2 2 22 328 6143 327
9555 2 2 2 22 6140 6143 6141
9556 2 2 2 22 326 6143 6140
9557 2 2 2 22 334 6141 333
9558 2 2 2 22 6140 6141 336
9559 2 2 2 22 6142 6143 329
9560 2 2 2 22 325 6140 338
9561 2 2 2 22 331 6142 330
9562 2 2 2 22 335 6141 334
9563 2 2 2 23 349 6144 348
9564 2 2 2 23 340 6148 339
9565 2 2 2 23 341 6147 340
9566 2 2 2 23 348 6144 347
9567 2 2 2 23 339 6148 354
9568 2 2 2 23 349 6150 6144
9569 2 2 2 23 6144 6148 6147
9570 2 2 2 23 6144 6150 6148
9571 2 2 2 23 350 6150 349
9572 2 2 2 23 6147 6148 340
9573 2 2 2 23 351 6145 350
9574 2 2 2 23 6147 6149 6144
9575 2 2 2 23 345 6149 344
9576 2 2 2 23 6146 6149 6147
9577 2 2 2 23 6146 6147 341
9578 2 2 2 23 344 6146 343
9579 2 2 2 23 342 6146 341
9580 2 2 2 23 347 6149 346
9581 2 2 2 23 6144 6149 347
9582 2 2 2 23 346 6149 345
9583 2 2 2 23 344 6149 6146
9584 2 2 2 23 343 6146 342
9585 2 2 2 23 354 6148 6145
9586 2 2 2 23 6145 6150 350
9587 2 2 2 23 352 6145 351
9588 2 2 2 23 354 6145 353
9589 2 2 2 23 6148 6150 6145
9590 2 2 2 23 353 6145 352
9591 2 2 2 24 373 6157 372
9592 2 2 2 24 365 6158 364
9593 2 2 2 24 362 6154 361
9594 2 2 2 24 369 6162 368
9595 2 2 2 24 360 6155 359
9596 2 2 2 24 371 6161 370
9597 2 2 2 24 370 6156 369
9598 2 2 2 24 6156 6162 369
9599 2 2 2 24 6154 6162 6156
9600 2 2 2 24 361 6156 360
9601 2 2 2 24 6154 6156 361
9602 2 2 2 24 370 6161 6156
9603 2 2 2 24 360 6156 6155
9604 2 2 2 24 6156 6161 6155
9605 2 2 2 24 6151 6158 365
9606 2 2 2 24 364 6158 363
9607 2 2 2 24 362 6158 6154
9608 2 2 2 24 366 6151 365
9609 2 2 2 24 368 6162 6151
9610 2 2 2 24 6151 6162 6158
9611 2 2 2 24 6158 6162 6154
9612 2 2 2 24 359 6159 358
9613 2 2 2 24 6155 6159 359
9614 2 2 2 24 374 6152 373
9615 2 2 2 24 368 6151 367
9616 2 2 2 24 6159 6160 358
9617 2 2 2 24 6153 6161 371
9618 2 2 2 24 6155 6161 6153
9619 2 2 2 24 372 6157 6153
9620 2 2 2 24 6152 6157 373
9621 2 2 2 24 363 6158 362
9622 2 2 2 24 372 6153 371
9623 2 2 2 24 367 6151 366
9624 2 2 2 24 6153 6159 6155
9625 2 2 2 24 6157 6160 6159
9626 2 2 2 24 6157 6159 6153
9627 2 2 2 24 355 6152 374
9628 2 2 2 24 357 6160 6152
9629 2 2 2 24 357 6152 356
9630 2 2 2 24 6152 6160 6157
9631 2 2 2 24 356 6152 355
9632 2 2 2 24 358 6160 357
9633 2 2 2 25 2980 6170 379
9634 2 2 2 25 382 6163 381
9635 2 2 2 25 377 6164 376
9636 2 2 2 25 2981 6167 386
9637 2 2 2 25 392 6164 391
9638 2 2 2 25 391 6169 390
9639 2 2 2 25 379 6170 6165
9640 2 2 2 25 388 6166 2983
9641 2 2 2 25 381 6167 380
9642 2 2 2 25 377 6166 6164
9643 2 2 2 25 383 6163 382
9644 2 2 2 25 378 6171 377
9645 2 2 2 25 386 6167 6163
9646 2 2 2 25 380 6168 2980
9647 2 2 2 25 387 6168 2981
9648 2 2 2 25 6164 6169 391
9649 2 2 2 25 2982 6170 387
9650 2 2 2 25 6168 6170 2980
9651 2 2 2 25 2982 6172 6170
9652 2 2 2 25 6163 6167 381
9653 2 2 2 25 2981 6168 6167
9654 2 2 2 25 6170 6172 6165
9655 2 2 2 25 6167 6168 380
9656 2 2 2 25 387 6170 6168
9657 2 2 2 25 377 6171 6166
9658 2 2 2 25 6166 6172 2983
9659 2 2 2 25 6171 6172 6166
9660 2 2 2 25 2983 6172 2982
9661 2 2 2 25 6166 6169 6164
9662 2 2 2 25 388 6169 6166
9663 2 2 2 25 390 6169 389
9664 2 2 2 25 375 6164 392
9665 2 2 2 25 6165 6171 378
9666 2 2 2 25 384 6163 383
9667 2 2 2 25 6165 6172 6171
9668 2 2 2 25 379 6165 378
9669 2 2 2 25 389 6169 388
9670 2 2 2 25 376 6164 375
9671 2 2 2 25 386 6163 385
9672 2 2 2 25 385 6163 384
9673 2 2 2 26 405 6179 404
9674 2 2 2 26 395 6173 394
9675 2 2 2 26 396 6175 2986
9676 2 2 2 26 2984 6176 395
9677 2 2 2 26 404 6177 403
9678 2 2 2 26 395 6176 6173
9679 2 2 2 26 404 6179 6176
9680 2 2 2 26 2985 6177 2984
9681 2 2 2 26 2986 6178 2985
9682 2 2 2 26 2987 6175 402
9683 2 2 2 26 2986 6180 6178
9684 2 2 2 26 407 6179 406
9685 2 2 2 26 6176 6177 404
9686 2 2 2 26 6177 6178 403
9687 2 2 2 26 2984 6177 6176
9688 2 2 2 26 403 6178 2988
9689 2 2 2 26 2985 6178 6177
9690 2 2 2 26 394 6173 393
9691 2 2 2 26 408 6173 407
9692 2 2 2 26 2988 6180 2987
9693 2 2 2 26 6176 6179 6173
9694 2 2 2 26 406 6179 405
9695 2 2 2 26 397 6174 396
9696 2 2 2 26 398 6174 397
9697 2 2 2 26 6178 6180 2988
9698 2 2 2 26 6173 6179 407
9699 2 2 2 26 402 6175 6174
9700 2 2 2 26 2987 6180 6175
9701 2 2 2 26 6174 6175 396
9702 2 2 2 26 393 6173 408
9703 2 2 2 26 6175 6180 2986
9704 2 2 2 26 402 6174 401
9705 2 2 2 26 401 6174 400
9706 2 2 2 26 399 6174 398
9707 2 2 2 26 400 6174 399
9708 2 2 2 27 414 6181 413
9709 2 2 2 27 421 6184 420
9710 2 2 2 27 422 6184 421
9711 2 2 2 27 410 6184 409
9712 2 2 2 27 414 6183 6181
9713 2 2 2 27 420 6184 6183
9714 2 2 2 27 411 6181 410
9715 2 2 2 27 413 6181 412
9716 2 2 2 27 409 6184 422
9717 2 2 2 27 414 6185 6183
9718 2 2 2 27 6183 6186 420
9719 2 2 2 27 6181 6184 410
9720 2 2 2 27 412 6181 411
9721 2 2 2 27 6182 6185 415
9722 2 2 2 27 416 6182 415
9723 2 2 2 27 6183 6184 6181
9724 2 2 2 27 419 6186 6182
9725 2 2 2 27 6182 6186 6185
9726 2 2 2 27 6185 6186 6183
9727 2 2 2 27 417 6182 416
9728 2 2 2 27 419 6182 418
9729 2 2 2 27 418 6182 417
9730 2 2 2 27 415 6185 414
9731 2 2 2 27 420 6186 419
9732 2 2 2 28 425 6187 424
9733 2 2 2 28 424 6187 423
9734 2 2 2 28 423 6190 2992
9735 2 2 2 28 2991 6189 437
9736 2 2 2 28 431 6189 2990
9737 2 2 2 28 430 6190 429
9738 2 2 2 28 6187 6190 423
9739 2 2 2 28 432 6188 431
9740 2 2 2 28 426 6187 425
9741 2 2 2 28 2991 6192 2990
9742 2 2 2 28 2990 6189 2991
9743 2 2 2 28 433 6188 432
9744 2 2 2 28 2989 6191 430
9745 2 2 2 28 2990 6192 2989
9746 2 2 2 28 2989 6192 6191
9747 2 2 2 28 438 6192 2991
9748 2 2 2 28 2992 6191 438
9749 2 2 2 28 6191 6192 438
9750 2 2 2 28 6188 6189 431
9751 2 2 2 28 429 6190 6187
9752 2 2 2 28 430 6191 6190
9753 2 2 2 28 6190 6191 2992
9754 2 2 2 28 437 6189 6188
9755 2 2 2 28 437 6188 436
9756 2 2 2 28 427 6187 426
9757 2 2 2 28 436 6188 435
9758 2 2 2 28 434 6188 433
9759 2 2 2 28 429 6187 428
9760 2 2 2 28 428 6187 427
9761 2 2 2 28 435 6188 434
9762 2 2 2 29 439 6193 2995
9763 2 2 2 29 2995 6193 2994
9764 2 2 2 29 2993 6193 440
9765 2 2 2 29 2994 6193 2993
9766 2 2 2 29 440 6193 439
9767 2 2 2 30 443 441 2996
9768 2 2 2 30 443 442 2997
9769 2 2 2 30 2996 442 443
9770 2 2 2 31 459 6197 458
9771 2 2 2 31 463 6194 462
9772 2 2 2 31 6196 6201 449
9773 2 2 2 31 2999 6198 459
9774 2 2 2 31 462 6196 461
9775 2 2 2 31 6194 6196 462
9776 2 2 2 31 452 6197 451
9777 2 2 2 31 459 6198 6197
9778 2 2 2 31 449 6200 6196
9779 2 2 2 31 461 6200 460
9780 2 2 2 31 6198 6199 450
9781 2 2 2 31 451 6198 450
9782 2 2 2 31 460 6200 6199
9783 2 2 2 31 2998 6200 449
9784 2 2 2 31 460 6199 2999
9785 2 2 2 31 450 6199 2998
9786 2 2 2 31 6199 6200 2998
9787 2 2 2 31 2999 6199 6198
9788 2 2 2 31 6196 6200 461
9789 2 2 2 31 6197 6198 451
9790 2 2 2 31 6194 6201 6196
9791 2 2 2 31 447 6201 446
9792 2 2 2 31 444 6194 463
9793 2 2 2 31 446 6194 445
9794 2 2 2 31 452 6202 6197
9795 2 2 2 31 6195 6202 452
9796 2 2 2 31 6197 6202 458
9797 2 2 2 31 446 6201 6194
9798 2 2 2 31 448 6201 447
9799 2 2 2 31 445 6194 444
9800 2 2 2 31 457 6195 456
9801 2 2 2 31 453 6195 452
9802 2 2 2 31 457 6202 6195
9803 2 2 2 31 456 6195 455
9804 2 2 2 31 454 6195 453
9805 2 2 2 31 455 6195 454
9806 2 2 2 31 458 6202 457
9807 2 2 2 31 449 6201 448
9808 2 2 2 32 475 6206 474
9809 2 2 2 32 471 6207 470
9810 2 2 2 32 467 6207 466
9811 2 2 2 32 476 6204 475
9812 2 2 2 32 466 6205 465
9813 2 2 2 32 477 6204 476
9814 2 2 2 32 472 6203 471
9815 2 2 2 32 6204 6206 475
9816 2 2 2 32 6206 6208 6203
9817 2 2 2 32 6203 6208 6205
9818 2 2 2 32 464 6208 479
9819 2 2 2 32 478 6204 477
9820 2 2 2 32 473 6206 472
9821 2 2 2 32 466 6207 6205
9822 2 2 2 32 6203 6207 471
9823 2 2 2 32 472 6206 6203
9824 2 2 2 32 470 6207 469
9825 2 2 2 32 468 6207 467
9826 2 2 2 32 6205 6207 6203
9827 2 2 2 32 6204 6208 6206
9828 2 2 2 32 465 6208 464
9829 2 2 2 32 474 6206 473
9830 2 2 2 32 479 6204 478
9831 2 2 2 32 479 6208 6204
9832 2 2 2 32 469 6207 468
9833 2 2 2 32 6205 6208 465
9834 2 2 2 33 3001 6214 496
9835 2 2 2 33 489 6210 488
9836 2 2 2 33 487 6219 486
9837 2 2 2 33 499 6209 498
9838 2 2 2 33 3000 6213 484
9839 2 2 2 33 498 6218 497
9840 2 2 2 33 495 6211 494
9841 2 2 2 33 497 6215 3001
9842 2 2 2 33 497 6218 6215
9843 2 2 2 33 6214 6216 496
9844 2 2 2 33 6209 6218 498
9845 2 2 2 33 3001 6215 6214
9846 2 2 2 33 494 6210 493
9847 2 2 2 33 6215 6218 6213
9848 2 2 2 33 485 6215 3000
9849 2 2 2 33 486 6214 485
9850 2 2 2 33 6211 6216 486
9851 2 2 2 33 486 6219 6211
9852 2 2 2 33 6214 6215 485
9853 2 2 2 33 6213 6217 484
9854 2 2 2 33 486 6216 6214
9855 2 2 2 33 3000 6215 6213
9856 2 2 2 33 6213 6218 6209
9857 2 2 2 33 6209 6217 6213
9858 2 2 2 33 496 6216 495
9859 2 2 2 33 482 6209 481
9860 2 2 2 33 480 6209 499
9861 2 2 2 33 495 6216 6211
9862 2 2 2 33 494 6219 6210
9863 2 2 2 33 6211 6219 494
9864 2 2 2 33 6210 6212 493
9865 2 2 2 33 6210 6219 488
9866 2 2 2 33 484 6217 483
9867 2 2 2 33 481 6209 480
9868 2 2 2 33 488 6219 487
9869 2 2 2 33 489 6212 6210
9870 2 2 2 33 482 6217 6209
9871 2 2 2 33 492 6212 491
9872 2 2 2 33 483 6217 482
9873 2 2 2 33 491 6212 490
9874 2 2 2 33 493 6212 492
9875 2 2 2 33 490 6212 489
9876 2 2 2 34 3004 6223 512
9877 2 2 2 34 500 6227 516
9878 2 2 2 34 6223 6228 512
9879 2 2 2 34 512 6228 6221
9880 2 2 2 34 506 6223 505
9881 2 2 2 34 504 6229 503
9882 2 2 2 34 514 6222 3006
9883 2 2 2 34 512 6221 511
9884 2 2 2 34 6224 6229 504
9885 2 2 2 34 6222 6229 6224
9886 2 2 2 34 3002 6224 504
9887 2 2 2 34 3003 6225 3002
9888 2 2 2 34 3002 6225 6224
9889 2 2 2 34 3004 6226 6223
9890 2 2 2 34 3005 6226 3004
9891 2 2 2 34 3006 6224 513
9892 2 2 2 34 513 6225 3005
9893 2 2 2 34 505 6226 3003
9894 2 2 2 34 6224 6225 513
9895 2 2 2 34 6222 6224 3006
9896 2 2 2 34 3003 6226 6225
9897 2 2 2 34 6225 6226 3005
9898 2 2 2 34 6223 6226 505
9899 2 2 2 34 6220 6227 500
9900 2 2 2 34 6220 6229 6227
9901 2 2 2 34 6227 6229 6222
9902 2 2 2 34 516 6227 515
9903 2 2 2 34 508 6228 507
9904 2 2 2 34 506 6228 6223
9905 2 2 2 34 514 6227 6222
9906 2 2 2 34 501 6220 500
9907 2 2 2 34 503 6229 6220
9908 2 2 2 34 503 6220 502
9909 2 2 2 34 509 6221 508
9910 2 2 2 34 511 6221 510
9911 2 2 2 34 507 6228 506
9912 2 2 2 34 515 6227 514
9913 2 2 2 34 502 6220 501
9914 2 2 2 34 6221 6228 508
9915 2 2 2 34 510 6221 509
9916 2 2 2 35 517 6230 532
9917 2 2 2 35 6230 6231 532
9918 2 2 2 35 531 6231 530
9919 2 2 2 35 525 6236 524
9920 2 2 2 35 524 6234 523
9921 2 2 2 35 6230 6234 6231
9922 2 2 2 35 530 6233 529
9923 2 2 2 35 518 6235 517
9924 2 2 2 35 520 6235 519
9925 2 2 2 35 523 6234 6232
9926 2 2 2 35 529 6233 528
9927 2 2 2 35 6234 6236 6231
9928 2 2 2 35 521 6232 520
9929 2 2 2 35 523 6232 522
9930 2 2 2 35 519 6235 518
9931 2 2 2 35 6231 6233 530
9932 2 2 2 35 6234 6235 6232
9933 2 2 2 35 6230 6235 6234
9934 2 2 2 35 517 6235 6230
9935 2 2 2 35 6232 6235 520
9936 2 2 2 35 524 6236 6234
9937 2 2 2 35 6233 6236 525
9938 2 2 2 35 522 6232 521
9939 2 2 2 35 6231 6236 6233
9940 2 2 2 35 528 6233 527
9941 2 2 2 35 526 6233 525
9942 2 2 2 35 527 6233 526
9943 2 2 2 35 532 6231 531
9944 2 2 2 36 539 6238 538
9945 2 2 2 36 533 6242 548
9946 2 2 2 36 547 6243 546
9947 2 2 2 36 6237 6238 540
9948 2 2 2 36 541 6237 540
9949 2 2 2 36 6237 6239 6238
9950 2 2 2 36 6237 6243 6239
9951 2 2 2 36 6239 6242 6238
9952 2 2 2 36 543 6245 542
9953 2 2 2 36 536 6240 535
9954 2 2 2 36 6242 6244 6238
9955 2 2 2 36 6238 6244 538
9956 2 2 2 36 534 6240 533
9957 2 2 2 36 6240 6244 6242
9958 2 2 2 36 544 6241 543
9959 2 2 2 36 546 6241 545
9960 2 2 2 36 542 6245 541
9961 2 2 2 36 548 6239 547
9962 2 2 2 36 546 6243 6241
9963 2 2 2 36 6237 6245 6243
9964 2 2 2 36 6240 6242 533
9965 2 2 2 36 548 6242 6239
9966 2 2 2 36 538 6244 537
9967 2 2 2 36 6243 6245 6241
9968 2 2 2 36 535 6240 534
9969 2 2 2 36 6241 6245 543
9970 2 2 2 36 545 6241 544
9971 2 2 2 36 6239 6243 547
9972 2 2 2 36 541 6245 6237
9973 2 2 2 36 536 6244 6240
9974 2 2 2 36 537 6244 536
9975 2 2 2 36 540 6238 539
9976 2 2 2 37 549 6248 3010
9977 2 2 2 37 6246 6248 549
9978 2 2 2 37 559 6251 3007
9979 2 2 2 37 556 6248 555
9980 2 2 2 37 3010 6250 567
9981 2 2 2 37 558 6254 557
9982 2 2 2 37 557 6254 6252
9983 2 2 2 37 557 6250 556
9984 2 2 2 37 3007 6249 558
9985 2 2 2 37 3008 6249 566
9986 2 2 2 37 6250 6252 567
9987 2 2 2 37 553 6253 552
9988 2 2 2 37 6248 6250 3010
9989 2 2 2 37 6248 6253 555
9990 2 2 2 37 557 6252 6250
9991 2 2 2 37 3009 6254 3008
9992 2 2 2 37 567 6252 3009
9993 2 2 2 37 556 6250 6248
9994 2 2 2 37 552 6246 551
9995 2 2 2 37 564 6251 6247
9996 2 2 2 37 6249 6254 558
9997 2 2 2 37 6246 6253 6248
9998 2 2 2 37 550 6246 549
9999 2 2 2 37 555 6253 554
10000 2 2 2 37 6252 6254 3009
10001 2 2 2 37 6247 6251 559
10002 2 2 2 37 3008 6254 6249
10003 2 2 2 37 554 6253 553
10004 2 2 2 37 552 6253 6246
10005 2 2 2 37 3007 6255 6249
10006 2 2 2 37 551 6246 550
10007 2 2 2 37 565 6255 6251
10008 2 2 2 37 566 6255 565
10009 2 2 2 37 6249 6255 566
10010 2 2 2 37 6251 6255 3007
10011 2 2 2 37 564 6247 563
10012 2 2 2 37 560 6247 559
10013 2 2 2 37 561 6247 560
10014 2 2 2 37 563 6247 562
10015 2 2 2 37 562 6247 561
10016 2 2 2 37 565 6251 564
10017 2 2 2 38 3011 6259 570
10018 2 2 2 38 580 6257 3011
10019 2 2 2 38 576 6256 577
10020 2 2 2 38 6257 6259 3011
10021 2 2 2 38 575 6256 576
10022 2 2 2 38 6256 6260 577
10023 2 2 2 38 6258 6259 6257
10024 2 2 2 38 6257 6260 6258
10025 2 2 2 38 579 6257 580
10026 2 2 2 38 572 6258 6256
10027 2 2 2 38 6258 6260 6256
10028 2 2 2 38 571 6259 6258
10029 2 2 2 38 578 6260 6257
10030 2 2 2 38 570 6259 571
10031 2 2 2 38 578 6257 579
10032 2 2 2 38 574 6256 575
10033 2 2 2 38 572 6256 573
10034 2 2 2 38 573 6256 574
10035 2 2 2 38 580 3011 568
10036 2 2 2 38 571 6258 572
10037 2 2 2 38 577 6260 578
10038 2 2 2 38 569 580 568
10039 2 2 2 39 593 6266 594
10040 2 2 2 39 584 6269 585
10041 2 2 2 39 591 6263 592
10042 2 2 2 39 585 6263 586
10043 2 2 2 39 594 6266 6262
10044 2 2 2 39 3012 6268 582
10045 2 2 2 39 6266 6268 6262
10046 2 2 2 39 596 6262 3012
10047 2 2 2 39 592 6267 593
10048 2 2 2 39 582 6268 581
10049 2 2 2 39 6261 6268 6266
10050 2 2 2 39 593 6267 6266
10051 2 2 2 39 6266 6267 6264
10052 2 2 2 39 594 6262 595
10053 2 2 2 39 6263 6267 592
10054 2 2 2 39 585 6269 6263
10055 2 2 2 39 6263 6265 586
10056 2 2 2 39 591 6265 6263
10057 2 2 2 39 6263 6269 6267
10058 2 2 2 39 6261 6264 583
10059 2 2 2 39 6261 6266 6264
10060 2 2 2 39 6262 6268 3012
10061 2 2 2 39 581 6268 6261
10062 2 2 2 39 6267 6269 6264
10063 2 2 2 39 583 6264 584
10064 2 2 2 39 6264 6269 584
10065 2 2 2 39 595 6262 596
10066 2 2 2 39 586 6265 587
10067 2 2 2 39 590 6265 591
10068 2 2 2 39 587 6265 588
10069 2 2 2 39 589 6265 590
10070 2 2 2 39 588 6265 589
10071 2 2 2 39 581 6261 583
10072 2 2 2 39 597 596 598
10073 2 2 2 39 598 596 3012
10074 2 2 2 42 3014 6276 610
10075 2 2 2 42 608 6276 607
10076 2 2 2 42 600 6271 599
10077 2 2 2 42 601 6274 6272
10078 2 2 2 42 604 6273 603
10079 2 2 2 42 611 6272 3017
10080 2 2 2 42 6272 6279 601
10081 2 2 2 42 602 6274 601
10082 2 2 2 42 602 6275 6274
10083 2 2 2 42 3013 6275 602
10084 2 2 2 42 6273 6276 3014
10085 2 2 2 42 601 6279 600
10086 2 2 2 42 603 6277 3013
10087 2 2 2 42 600 6279 6271
10088 2 2 2 42 3013 6277 6275
10089 2 2 2 42 3014 6277 6273
10090 2 2 2 42 6270 6273 604
10091 2 2 2 42 3017 6274 3016
10092 2 2 2 42 3015 6277 3014
10093 2 2 2 42 6274 6275 3016
10094 2 2 2 42 3016 6275 3015
10095 2 2 2 42 6272 6274 3017
10096 2 2 2 42 613 6278 612
10097 2 2 2 42 607 6276 6270
10098 2 2 2 42 6275 6277 3015
10099 2 2 2 42 6273 6277 603
10100 2 2 2 42 6270 6276 6273
10101 2 2 2 42 609 6276 608
10102 2 2 2 42 611 6278 6272
10103 2 2 2 42 614 6271 613
10104 2 2 2 42 599 6271 615
10105 2 2 2 42 607 6270 606
10106 2 2 2 42 6271 6279 6278
10107 2 2 2 42 605 6270 604
10108 2 2 2 42 612 6278 611
10109 2 2 2 42 6278 6279 6272
10110 2 2 2 42 6271 6278 613
10111 2 2 2 42 615 6271 614
10112 2 2 2 42 610 6276 609
10113 2 2 2 42 606 6270 605
10114 2 2 2 43 628 6281 627
10115 2 2 2 43 616 6280 631
10116 2 2 2 43 617 6284 616
10117 2 2 2 43 631 6280 630
10118 2 2 2 43 625 6286 624
10119 2 2 2 43 622 6283 621
10120 2 2 2 43 628 6282 6281
10121 2 2 2 43 621 6285 620
10122 2 2 2 43 616 6284 6280
10123 2 2 2 43 630 6282 629
10124 2 2 2 43 6282 6283 6281
10125 2 2 2 43 6280 6282 630
10126 2 2 2 43 6280 6285 6282
10127 2 2 2 43 6282 6285 6283
10128 2 2 2 43 620 6285 6284
10129 2 2 2 43 618 6284 617
10130 2 2 2 43 6283 6286 6281
10131 2 2 2 43 624 6286 623
10132 2 2 2 43 626 6281 625
10133 2 2 2 43 620 6284 619
10134 2 2 2 43 6284 6285 6280
10135 2 2 2 43 6281 6286 625
10136 2 2 2 43 629 6282 628
10137 2 2 2 43 622 6286 6283
10138 2 2 2 43 6283 6285 621
10139 2 2 2 43 619 6284 618
10140 2 2 2 43 623 6286 622
10141 2 2 2 43 627 6281 626
10142 2 2 2 44 6289 6290 648
10143 2 2 2 44 6289 6294 6290
10144 2 2 2 44 641 6291 640
10145 2 2 2 44 649 6289 648
10146 2 2 2 44 638 6293 637
10147 2 2 2 44 634 6292 633
10148 2 2 2 44 639 6294 638
10149 2 2 2 44 6290 6291 646
10150 2 2 2 44 6290 6294 6288
10151 2 2 2 44 645 6291 641
10152 2 2 2 44 637 6293 6287
10153 2 2 2 44 6293 6294 6289
10154 2 2 2 44 6287 6293 6292
10155 2 2 2 44 633 6292 632
10156 2 2 2 44 6292 6293 6289
10157 2 2 2 44 649 6292 6289
10158 2 2 2 44 635 6287 634
10159 2 2 2 44 6287 6292 634
10160 2 2 2 44 637 6287 636
10161 2 2 2 44 638 6294 6293
10162 2 2 2 44 6288 6291 6290
10163 2 2 2 44 647 6290 646
10164 2 2 2 44 640 6288 639
10165 2 2 2 44 6288 6294 639
10166 2 2 2 44 640 6291 6288
10167 2 2 2 44 632 6292 649
10168 2 2 2 44 636 6287 635
10169 2 2 2 44 642 643 641
10170 2 2 2 44 641 643 645
10171 2 2 2 44 643 644 645
10172 2 2 2 44 646 6291 645
10173 2 2 2 44 648 6290 647
10174 2 2 2 45 650 6300 668
10175 2 2 2 45 658 6296 657
10176 2 2 2 45 657 6297 656
10177 2 2 2 45 666 6298 3020
10178 2 2 2 45 664 6297 663
10179 2 2 2 45 654 6303 653
10180 2 2 2 45 664 6301 6297
10181 2 2 2 45 659 6296 658
10182 2 2 2 45 3020 6302 665
10183 2 2 2 45 6297 6301 656
10184 2 2 2 45 665 6299 3019
10185 2 2 2 45 3019 6301 664
10186 2 2 2 45 665 6302 6299
10187 2 2 2 45 6299 6301 3019
10188 2 2 2 45 6302 6303 654
10189 2 2 2 45 6296 6297 657
10190 2 2 2 45 6298 6303 6302
10191 2 2 2 45 3018 6302 654
10192 2 2 2 45 655 6299 3018
10193 2 2 2 45 663 6296 662
10194 2 2 2 45 656 6301 655
10195 2 2 2 45 655 6301 6299
10196 2 2 2 45 6299 6302 3018
10197 2 2 2 45 663 6297 6296
10198 2 2 2 45 6295 6300 650
10199 2 2 2 45 6298 6302 3020
10200 2 2 2 45 668 6300 667
10201 2 2 2 45 651 6295 650
10202 2 2 2 45 666 6300 6298
10203 2 2 2 45 6295 6303 6300
10204 2 2 2 45 653 6295 652
10205 2 2 2 45 653 6303 6295
10206 2 2 2 45 6300 6303 6298
10207 2 2 2 45 662 6296 661
10208 2 2 2 45 660 6296 659
10209 2 2 2 45 667 6300 666
10210 2 2 2 45 652 6295 651
10211 2 2 2 45 661 6296 660
10212 2 2 2 46 681 6309 680
10213 2 2 2 46 682 6305 681
10214 2 2 2 46 6307 6308 675
10215 2 2 2 46 6306 6308 6307
10216 2 2 2 46 673 6308 6304
10217 2 2 2 46 684 6306 683
10218 2 2 2 46 680 6309 679
10219 2 2 2 46 685 6310 684
10220 2 2 2 46 675 6311 6307
10221 2 2 2 46 676 6311 675
10222 2 2 2 46 670 6312 669
10223 2 2 2 46 683 6307 682
10224 2 2 2 46 6308 6310 6304
10225 2 2 2 46 6305 6309 681
10226 2 2 2 46 6306 6307 683
10227 2 2 2 46 669 6312 686
10228 2 2 2 46 6309 6311 676
10229 2 2 2 46 6310 6312 6304
10230 2 2 2 46 682 6307 6305
10231 2 2 2 46 671 6304 670
10232 2 2 2 46 685 6312 6310
10233 2 2 2 46 684 6310 6306
10234 2 2 2 46 679 6309 678
10235 2 2 2 46 6306 6310 6308
10236 2 2 2 46 674 6308 673
10237 2 2 2 46 6305 6311 6309
10238 2 2 2 46 6304 6312 670
10239 2 2 2 46 686 6312 685
10240 2 2 2 46 677 6309 676
10241 2 2 2 46 6307 6311 6305
10242 2 2 2 46 672 6304 671
10243 2 2 2 46 678 6309 677
10244 2 2 2 46 675 6308 674
10245 2 2 2 46 673 6304 672
10246 2 2 2 47 688 6317 687
10247 2 2 2 47 694 6321 693
10248 2 2 2 47 702 6317 3025
10249 2 2 2 47 700 6313 699
10250 2 2 2 47 6315 6318 693
10251 2 2 2 47 700 6315 6313
10252 2 2 2 47 6318 6319 692
10253 2 2 2 47 692 6319 3022
10254 2 2 2 47 693 6318 692
10255 2 2 2 47 3023 6315 700
10256 2 2 2 47 3021 6316 691
10257 2 2 2 47 3025 6317 6316
10258 2 2 2 47 3022 6320 3021
10259 2 2 2 47 693 6321 6315
10260 2 2 2 47 6319 6320 3022
10261 2 2 2 47 691 6316 6314
10262 2 2 2 47 3025 6320 701
10263 2 2 2 47 6316 6320 3025
10264 2 2 2 47 3024 6318 3023
10265 2 2 2 47 701 6319 3024
10266 2 2 2 47 3024 6319 6318
10267 2 2 2 47 3023 6318 6315
10268 2 2 2 47 6316 6317 6314
10269 2 2 2 47 6315 6321 6313
10270 2 2 2 47 6314 6317 688
10271 2 2 2 47 696 6321 695
10272 2 2 2 47 3021 6320 6316
10273 2 2 2 47 687 6317 703
10274 2 2 2 47 701 6320 6319
10275 2 2 2 47 689 6314 688
10276 2 2 2 47 699 6313 698
10277 2 2 2 47 697 6313 696
10278 2 2 2 47 691 6314 690
10279 2 2 2 47 695 6321 694
10280 2 2 2 47 6313 6321 696
10281 2 2 2 47 703 6317 702
10282 2 2 2 47 690 6314 689
10283 2 2 2 47 698 6313 697
10284 2 2 2 48 719 6328 718
10285 2 2 2 48 718 6325 717
10286 2 2 2 48 711 6324 710
10287 2 2 2 48 712 6325 711
10288 2 2 2 48 6324 6327 710
10289 2 2 2 48 705 6326 704
10290 2 2 2 48 717 6325 6322
10291 2 2 2 48 708 6323 707
10292 2 2 2 48 706 6323 705
10293 2 2 2 48 6326 6327 6324
10294 2 2 2 48 6322 6325 712
10295 2 2 2 48 704 6326 719
10296 2 2 2 48 711 6325 6324
10297 2 2 2 48 718 6328 6325
10298 2 2 2 48 6323 6326 705
10299 2 2 2 48 6325 6328 6324
10300 2 2 2 48 6323 6327 6326
10301 2 2 2 48 710 6327 709
10302 2 2 2 48 6326 6328 719
10303 2 2 2 48 707 6323 706
10304 2 2 2 48 717 6322 716
10305 2 2 2 48 713 6322 712
10306 2 2 2 48 6324 6328 6326
10307 2 2 2 48 708 6327 6323
10308 2 2 2 48 709 6327 708
10309 2 2 2 48 716 6322 715
10310 2 2 2 48 714 6322 713
10311 2 2 2 48 715 6322 714
10312 2 2 2 49 3027 6332 730
10313 2 2 2 49 731 6331 3027
10314 2 2 2 49 725 6332 3026
10315 2 2 2 49 3026 6331 724
10316 2 2 2 49 721 6333 720
10317 2 2 2 49 3027 6331 3026
10318 2 2 2 49 3026 6332 3027
10319 2 2 2 49 724 6331 6329
10320 2 2 2 49 720 6333 733
10321 2 2 2 49 731 6333 6331
10322 2 2 2 49 6330 6332 725
10323 2 2 2 49 730 6332 6330
10324 2 2 2 49 733 6333 732
10325 2 2 2 49 722 6329 721
10326 2 2 2 49 732 6333 731
10327 2 2 2 49 6331 6333 6329
10328 2 2 2 49 726 6330 725
10329 2 2 2 49 730 6330 729
10330 2 2 2 49 6329 6333 721
10331 2 2 2 49 724 6329 723
10332 2 2 2 49 723 6329 722
10333 2 2 2 49 729 6330 728
10334 2 2 2 49 727 6330 726
10335 2 2 2 49 728 6330 727
10336 2 2 2 50 6336 6337 734
10337 2 2 2 50 743 6335 742
10338 2 2 2 50 742 6334 741
10339 2 2 2 50 742 6335 6334
10340 2 2 2 50 745 6335 744
10341 2 2 2 50 741 6334 740
10342 2 2 2 50 744 6335 743
10343 2 2 2 50 6334 6337 6336
10344 2 2 2 50 6336 6338 6334
10345 2 2 2 50 746 6335 745
10346 2 2 2 50 6335 6337 6334
10347 2 2 2 50 738 6338 737
10348 2 2 2 50 747 6335 746
10349 2 2 2 50 748 6337 747
10350 2 2 2 50 737 6336 736
10351 2 2 2 50 735 6336 734
10352 2 2 2 50 740 6338 739
10353 2 2 2 50 6334 6338 740
10354 2 2 2 50 747 6337 6335
10355 2 2 2 50 739 6338 738
10356 2 2 2 50 737 6338 6336
10357 2 2 2 50 749 6337 748
10358 2 2 2 50 736 6336 735
10359 2 2 2 50 734 6337 749
10360 2 2 2 51 754 6342 753
10361 2 2 2 51 761 6339 760
10362 2 2 2 51 750 6343 763
10363 2 2 2 51 762 6343 761
10364 2 2 2 51 753 6341 752
10365 2 2 2 51 751 6341 750
10366 2 2 2 51 6342 6344 6339
10367 2 2 2 51 763 6343 762
10368 2 2 2 51 6340 6344 6342
10369 2 2 2 51 758 6344 757
10370 2 2 2 51 6340 6342 754
10371 2 2 2 51 6339 6343 6342
10372 2 2 2 51 757 6340 756
10373 2 2 2 51 6341 6343 750
10374 2 2 2 51 761 6343 6339
10375 2 2 2 51 6339 6344 760
10376 2 2 2 51 755 6340 754
10377 2 2 2 51 753 6342 6341
10378 2 2 2 51 760 6344 759
10379 2 2 2 51 6342 6343 6341
10380 2 2 2 51 752 6341 751
10381 2 2 2 51 759 6344 758
10382 2 2 2 51 757 6344 6340
10383 2 2 2 51 756 6340 755
10384 2 2 2 52 780 6347 3032
10385 2 2 2 52 772 6348 3029
10386 2 2 2 52 6345 6347 780
10387 2 2 2 52 6346 6348 772
10388 2 2 2 52 3030 6348 778
10389 2 2 2 52 770 6347 769
10390 2 2 2 52 764 6345 780
10391 2 2 2 52 3032 6350 3031
10392 2 2 2 52 6347 6350 3032
10393 2 2 2 52 3031 6349 779
10394 2 2 2 52 3031 6350 6349
10395 2 2 2 52 6347 6353 769
10396 2 2 2 52 3029 6352 3028
10397 2 2 2 52 6348 6352 3029
10398 2 2 2 52 779 6352 3030
10399 2 2 2 52 3028 6349 771
10400 2 2 2 52 771 6350 770
10401 2 2 2 52 6348 6351 778
10402 2 2 2 52 6349 6350 771
10403 2 2 2 52 770 6350 6347
10404 2 2 2 52 6345 6353 6347
10405 2 2 2 52 6349 6352 779
10406 2 2 2 52 6346 6351 6348
10407 2 2 2 52 3030 6352 6348
10408 2 2 2 52 776 6351 775
10409 2 2 2 52 3028 6352 6349
10410 2 2 2 52 765 6345 764
10411 2 2 2 52 767 6345 766
10412 2 2 2 52 775 6346 774
10413 2 2 2 52 773 6346 772
10414 2 2 2 52 778 6351 777
10415 2 2 2 52 777 6351 776
10416 2 2 2 52 775 6351 6346
10417 2 2 2 52 769 6353 768
10418 2 2 2 52 766 6345 765
10419 2 2 2 52 774 6346 773
10420 2 2 2 52 767 6353 6345
10421 2 2 2 52 768 6353 767
10422 2 2 2 53 794 6355 793
10423 2 2 2 53 791 6357 790
10424 2 2 2 53 792 6356 791
10425 2 2 2 53 6354 6358 786
10426 2 2 2 53 6356 6357 791
10427 2 2 2 53 6355 6356 793
10428 2 2 2 53 6354 6356 6355
10429 2 2 2 53 793 6356 792
10430 2 2 2 53 787 6354 786
10431 2 2 2 53 6355 6358 6354
10432 2 2 2 53 783 6355 782
10433 2 2 2 53 781 6355 794
10434 2 2 2 53 790 6357 789
10435 2 2 2 53 788 6357 787
10436 2 2 2 53 6354 6357 6356
10437 2 2 2 53 785 6358 784
10438 2 2 2 53 782 6355 781
10439 2 2 2 53 783 6358 6355
10440 2 2 2 53 787 6357 6354
10441 2 2 2 53 789 6357 788
10442 2 2 2 53 784 6358 783
10443 2 2 2 53 786 6358 785
10444 2 2 2 54 805 6359 3033
10445 2 2 2 54 804 6359 805
10446 2 2 2 54 797 6360 798
10447 2 2 2 54 3033 6361 796
10448 2 2 2 54 6359 6360 3033
10449 2 2 2 54 798 6360 799
10450 2 2 2 54 795 6361 797
10451 2 2 2 54 6359 6362 6360
10452 2 2 2 54 803 6359 804
10453 2 2 2 54 796 6361 795
10454 2 2 2 54 801 6359 802
10455 2 2 2 54 797 6361 6360
10456 2 2 2 54 6360 6362 799
10457 2 2 2 54 6360 6361 3033
10458 2 2 2 54 799 6362 800
10459 2 2 2 54 802 6359 803
10460 2 2 2 54 801 6362 6359
10461 2 2 2 54 800 6362 801
10462 2 2 2 55 3034 812 811
10463 2 2 2 55 808 806 807
10464 2 2 2 55 3034 810 809
10465 2 2 2 55 3034 811 810
10466 2 2 2 55 808 807 3034
10467 2 2 2 55 3034 807 812
10468 2 2 2 56 827 6366 826
10469 2 2 2 56 820 6364 819
10470 2 2 2 56 830 6367 829
10471 2 2 2 56 817 6367 816
10472 2 2 2 56 830 6370 6367
10473 2 2 2 56 813 6370 832
10474 2 2 2 56 829 6368 828
10475 2 2 2 56 826 6366 819
10476 2 2 2 56 819 6364 826
10477 2 2 2 56 819 6366 818
10478 2 2 2 56 818 6369 3035
10479 2 2 2 56 3035 6368 817
10480 2 2 2 56 3036 6366 827
10481 2 2 2 56 818 6371 6369
10482 2 2 2 56 816 6367 6363
10483 2 2 2 56 6368 6369 828
10484 2 2 2 56 828 6369 3037
10485 2 2 2 56 6367 6368 829
10486 2 2 2 56 817 6368 6367
10487 2 2 2 56 3035 6369 6368
10488 2 2 2 56 3037 6371 3036
10489 2 2 2 56 832 6370 831
10490 2 2 2 56 814 6363 813
10491 2 2 2 56 6363 6370 813
10492 2 2 2 56 6369 6371 3037
10493 2 2 2 56 6367 6370 6363
10494 2 2 2 56 816 6363 815
10495 2 2 2 56 6366 6371 818
10496 2 2 2 56 3036 6371 6366
10497 2 2 2 56 831 6370 830
10498 2 2 2 56 815 6363 814
10499 2 2 2 56 6364 6365 825
10500 2 2 2 56 820 6365 6364
10501 2 2 2 56 825 6365 824
10502 2 2 2 56 821 6365 820
10503 2 2 2 56 824 6365 823
10504 2 2 2 56 822 6365 821
10505 2 2 2 56 823 6365 822
10506 2 2 2 56 826 6364 825
10507 2 2 2 57 852 6379 851
10508 2 2 2 57 845 6376 6375
10509 2 2 2 57 846 6376 845
10510 2 2 2 57 849 6374 848
10511 2 2 2 57 3038 6380 835
10512 2 2 2 57 848 6377 847
10513 2 2 2 57 838 6375 3039
10514 2 2 2 57 6374 6377 848
10515 2 2 2 57 847 6378 846
10516 2 2 2 57 836 6377 3038
10517 2 2 2 57 6374 6380 6377
10518 2 2 2 57 6377 6378 847
10519 2 2 2 57 3039 6376 837
10520 2 2 2 57 6375 6376 3039
10521 2 2 2 57 837 6378 836
10522 2 2 2 57 6377 6380 3038
10523 2 2 2 57 836 6378 6377
10524 2 2 2 57 6372 6379 852
10525 2 2 2 57 6376 6378 837
10526 2 2 2 57 846 6378 6376
10527 2 2 2 57 835 6380 6372
10528 2 2 2 57 851 6379 850
10529 2 2 2 57 833 6372 852
10530 2 2 2 57 843 6375 6373
10531 2 2 2 57 849 6379 6374
10532 2 2 2 57 6372 6380 6374
10533 2 2 2 57 835 6372 834
10534 2 2 2 57 6374 6379 6372
10535 2 2 2 57 839 6373 838
10536 2 2 2 57 6373 6375 838
10537 2 2 2 57 840 6373 839
10538 2 2 2 57 850 6379 849
10539 2 2 2 57 834 6372 833
10540 2 2 2 57 841 6373 840
10541 2 2 2 57 843 6373 842
10542 2 2 2 57 842 6373 841
10543 2 2 2 57 844 6375 843
10544 2 2 2 57 845 6375 844
10545 2 2 2 58 860 6385 3040
10546 2 2 2 58 865 6382 864
10547 2 2 2 58 3040 6387 859
10548 2 2 2 58 864 6382 863
10549 2 2 2 58 3040 6385 6384
10550 2 2 2 58 6382 6385 860
10551 2 2 2 58 856 6386 855
10552 2 2 2 58 854 6386 853
10553 2 2 2 58 6384 6387 3040
10554 2 2 2 58 859 6387 6381
10555 2 2 2 58 857 6381 856
10556 2 2 2 58 859 6381 858
10557 2 2 2 58 865 6385 6382
10558 2 2 2 58 855 6386 854
10559 2 2 2 58 6381 6387 6386
10560 2 2 2 58 6386 6387 6383
10561 2 2 2 58 853 6386 6383
10562 2 2 2 58 6381 6386 856
10563 2 2 2 58 6383 6384 867
10564 2 2 2 58 6384 6385 866
10565 2 2 2 58 6383 6387 6384
10566 2 2 2 58 858 6381 857
10567 2 2 2 58 863 6382 862
10568 2 2 2 58 867 6384 866
10569 2 2 2 58 861 6382 860
10570 2 2 2 58 862 6382 861
10571 2 2 2 58 853 6383 867
10572 2 2 2 58 866 6385 865
10573 2 2 2 59 3041 6392 882
10574 2 2 2 59 882 6391 3041
10575 2 2 2 59 884 6390 883
10576 2 2 2 59 874 6394 3042
10577 2 2 2 59 873 6390 872
10578 2 2 2 59 883 6391 882
10579 2 2 2 59 872 6388 871
10580 2 2 2 59 884 6393 6390
10581 2 2 2 59 872 6390 6388
10582 2 2 2 59 3043 6389 880
10583 2 2 2 59 6389 6394 874
10584 2 2 2 59 3043 6394 6389
10585 2 2 2 59 3042 6392 3041
10586 2 2 2 59 3041 6391 873
10587 2 2 2 59 6390 6391 883
10588 2 2 2 59 873 6391 6390
10589 2 2 2 59 868 6393 885
10590 2 2 2 59 871 6388 870
10591 2 2 2 59 869 6388 868
10592 2 2 2 59 3044 6392 881
10593 2 2 2 59 6390 6393 6388
10594 2 2 2 59 881 6394 3043
10595 2 2 2 59 885 6393 884
10596 2 2 2 59 876 6389 875
10597 2 2 2 59 6388 6393 868
10598 2 2 2 59 870 6388 869
10599 2 2 2 59 877 6389 876
10600 2 2 2 59 6392 6394 881
10601 2 2 2 59 3042 6394 6392
10602 2 2 2 59 875 6389 874
10603 2 2 2 59 878 6389 877
10604 2 2 2 59 879 6389 878
10605 2 2 2 59 880 6389 879
10606 2 2 2 59 882 6392 3044
10607 2 2 2 60 886 6398 901
10608 2 2 2 60 896 6395 895
10609 2 2 2 60 890 6396 889
10610 2 2 2 60 895 6397 894
10611 2 2 2 60 6398 6400 901
10612 2 2 2 60 889 6396 888
10613 2 2 2 60 891 6399 890
10614 2 2 2 60 894 6399 893
10615 2 2 2 60 6395 6397 895
10616 2 2 2 60 6395 6398 6397
10617 2 2 2 60 897 6395 896
10618 2 2 2 60 6397 6398 6396
10619 2 2 2 60 892 6399 891
10620 2 2 2 60 888 6398 887
10621 2 2 2 60 893 6399 892
10622 2 2 2 60 6396 6398 888
10623 2 2 2 60 890 6399 6396
10624 2 2 2 60 6395 6400 6398
10625 2 2 2 60 898 6400 897
10626 2 2 2 60 6397 6399 894
10627 2 2 2 60 6396 6399 6397
10628 2 2 2 60 887 6398 886
10629 2 2 2 60 897 6400 6395
10630 2 2 2 60 899 6400 898
10631 2 2 2 60 901 6400 900
10632 2 2 2 60 900 6400 899
10633 2 2 2 61 903 6402 902
10634 2 2 2 61 911 6408 3045
10635 2 2 2 61 914 6408 913
10636 2 2 2 61 910 6406 909
10637 2 2 2 61 910 6407 6406
10638 2 2 2 61 3046 6405 917
10639 2 2 2 61 6402 6409 902
10640 2 2 2 61 3045 6407 910
10641 2 2 2 61 6405 6407 3045
10642 2 2 2 61 909 6410 908
10643 2 2 2 61 918 6409 3049
10644 2 2 2 61 3045 6408 6405
10645 2 2 2 61 917 6405 6401
10646 2 2 2 61 6403 6411 6409
10647 2 2 2 61 3048 6406 3047
10648 2 2 2 61 6406 6407 3047
10649 2 2 2 61 3047 6407 3046
10650 2 2 2 61 3046 6407 6405
10651 2 2 2 61 3048 6411 6406
10652 2 2 2 61 6406 6411 6410
10653 2 2 2 61 6403 6409 6404
10654 2 2 2 61 3049 6411 3048
10655 2 2 2 61 6409 6411 3049
10656 2 2 2 61 6405 6408 6401
10657 2 2 2 61 904 6402 903
10658 2 2 2 61 6401 6408 914
10659 2 2 2 61 913 6408 912
10660 2 2 2 61 906 6402 905
10661 2 2 2 61 915 6401 914
10662 2 2 2 61 6406 6410 909
10663 2 2 2 61 906 6404 6402
10664 2 2 2 61 908 6410 6403
10665 2 2 2 61 917 6401 916
10666 2 2 2 61 6404 6409 6402
10667 2 2 2 61 6403 6404 907
10668 2 2 2 61 6410 6411 6403
10669 2 2 2 61 908 6403 907
10670 2 2 2 61 905 6402 904
10671 2 2 2 61 912 6408 911
10672 2 2 2 61 916 6401 915
10673 2 2 2 61 907 6404 906
10674 2 2 2 61 902 6409 918
10675 2 2 2 62 6414 6417 923
10676 2 2 2 62 3052 6417 6414
10677 2 2 2 62 936 6416 920
10678 2 2 2 62 921 6416 3050
10679 2 2 2 62 931 6417 3052
10680 2 2 2 62 3050 6419 922
10681 2 2 2 62 3050 6416 6415
10682 2 2 2 62 932 6415 933
10683 2 2 2 62 6414 6418 3052
10684 2 2 2 62 930 6420 931
10685 2 2 2 62 6415 6419 3050
10686 2 2 2 62 933 6415 6412
10687 2 2 2 62 3051 6420 925
10688 2 2 2 62 6412 6416 936
10689 2 2 2 62 3052 6418 932
10690 2 2 2 62 6415 6416 6412
10691 2 2 2 62 6418 6419 6415
10692 2 2 2 62 920 6416 919
10693 2 2 2 62 935 6412 936
10694 2 2 2 62 933 6412 934
10695 2 2 2 62 924 6417 3051
10696 2 2 2 62 932 6418 6415
10697 2 2 2 62 925 6420 6413
10698 2 2 2 62 6414 6419 6418
10699 2 2 2 62 919 6416 921
10700 2 2 2 62 931 6420 6417
10701 2 2 2 62 934 6412 935
10702 2 2 2 62 922 6419 6414
10703 2 2 2 62 922 6414 923
10704 2 2 2 62 6417 6420 3051
10705 2 2 2 62 929 6413 930
10706 2 2 2 62 6413 6420 930
10707 2 2 2 62 926 6413 927
10708 2 2 2 62 925 6413 926
10709 2 2 2 62 928 6413 929
10710 2 2 2 62 927 6413 928
10711 2 2 2 62 923 6417 924
10712 2 2 2 63 3053 937 938
10713 2 2 2 63 939 937 3053
10714 2 2 2 63 3053 940 939
10715 2 2 2 64 955 6426 3060
10716 2 2 2 64 948 6423 3055
10717 2 2 2 64 3054 6424 945
10718 2 2 2 64 945 6421 944
10719 2 2 2 64 3056 6423 954
10720 2 2 2 64 945 6424 6421
10721 2 2 2 64 946 6427 3054
10722 2 2 2 64 3057 6429 6428
10723 2 2 2 64 954 6422 953
10724 2 2 2 64 6425 6427 946
10725 2 2 2 64 3058 6429 3057
10726 2 2 2 64 6428 6429 947
10727 2 2 2 64 3060 6427 3059
10728 2 2 2 64 3060 6426 6424
10729 2 2 2 64 3055 6428 947
10730 2 2 2 64 947 6429 946
10731 2 2 2 64 3059 6425 3058
10732 2 2 2 64 953 6422 952
10733 2 2 2 64 3057 6428 3056
10734 2 2 2 64 941 6426 956
10735 2 2 2 64 6424 6427 3060
10736 2 2 2 64 3056 6428 6423
10737 2 2 2 64 954 6423 6422
10738 2 2 2 64 6424 6426 6421
10739 2 2 2 64 944 6421 943
10740 2 2 2 64 942 6421 941
10741 2 2 2 64 6423 6428 3055
10742 2 2 2 64 6422 6423 948
10743 2 2 2 64 3059 6427 6425
10744 2 2 2 64 946 6429 6425
10745 2 2 2 64 3054 6427 6424
10746 2 2 2 64 956 6426 955
10747 2 2 2 64 6425 6429 3058
10748 2 2 2 64 949 6422 948
10749 2 2 2 64 6421 6426 941
10750 2 2 2 64 943 6421 942
10751 2 2 2 64 952 6422 951
10752 2 2 2 64 950 6422 949
10753 2 2 2 64 951 6422 950
10754 2 2 2 65 970 6438 3067
10755 2 2 2 65 963 6432 3064
10756 2 2 2 65 964 6430 965
10757 2 2 2 65 6432 6437 3064
10758 2 2 2 65 3062 6432 962
10759 2 2 2 65 3063 6434 964
10760 2 2 2 65 6434 6435 3067
10761 2 2 2 65 964 6434 6430
10762 2 2 2 65 3067 6435 3066
10763 2 2 2 65 3067 6438 6434
10764 2 2 2 65 3065 6436 971
10765 2 2 2 65 3064 6437 6435
10766 2 2 2 65 3061 6433 960
10767 2 2 2 65 6436 6437 6432
10768 2 2 2 65 3064 6435 3063
10769 2 2 2 65 3062 6433 6432
10770 2 2 2 65 3063 6435 6434
10771 2 2 2 65 960 6433 961
10772 2 2 2 65 3066 6437 3065
10773 2 2 2 65 6433 6436 6432
10774 2 2 2 65 6431 6433 3061
10775 2 2 2 65 6435 6437 3066
10776 2 2 2 65 3065 6437 6436
10777 2 2 2 65 968 6438 969
10778 2 2 2 65 6434 6438 6430
10779 2 2 2 65 971 6436 6431
10780 2 2 2 65 957 6431 3061
10781 2 2 2 65 965 6430 966
10782 2 2 2 65 967 6430 968
10783 2 2 2 65 6431 6436 6433
10784 2 2 2 65 961 6433 3062
10785 2 2 2 65 969 6438 970
10786 2 2 2 65 6430 6438 968
10787 2 2 2 65 966 6430 967
10788 2 2 2 65 962 6432 963
10789 2 2 2 65 971 6431 958
10790 2 2 2 65 958 6431 957
10791 2 2 2 65 3061 960 959
10792 2 2 2 66 3072 6439 972
10793 2 2 2 66 972 6439 3071
10794 2 2 2 66 974 6439 3072
10795 2 2 2 66 3068 6439 974
10796 2 2 2 66 3071 6439 3070
10797 2 2 2 66 3069 6439 3068
10798 2 2 2 66 3070 6439 3069
10799 2 2 2 66 3072 972 973
10800 2 2 2 69 988 6441 987
10801 2 2 2 69 978 6445 977
10802 2 2 2 69 980 6447 979
10803 2 2 2 69 986 6440 985
10804 2 2 2 69 990 6448 989
10805 2 2 2 69 6442 6446 6445
10806 2 2 2 69 6445 6446 6441
10807 2 2 2 69 987 6446 986
10808 2 2 2 69 984 6449 983
10809 2 2 2 69 975 6443 990
10810 2 2 2 69 6446 6447 6440
10811 2 2 2 69 977 6443 976
10812 2 2 2 69 6442 6447 6446
10813 2 2 2 69 983 6444 982
10814 2 2 2 69 981 6444 980
10815 2 2 2 69 989 6448 988
10816 2 2 2 69 6447 6449 6440
10817 2 2 2 69 6444 6447 980
10818 2 2 2 69 6444 6449 6447
10819 2 2 2 69 979 6442 978
10820 2 2 2 69 977 6445 6443
10821 2 2 2 69 6441 6448 6445
10822 2 2 2 69 985 6449 984
10823 2 2 2 69 6441 6446 987
10824 2 2 2 69 6442 6445 978
10825 2 2 2 69 986 6446 6440
10826 2 2 2 69 6443 6448 990
10827 2 2 2 69 976 6443 975
10828 2 2 2 69 988 6448 6441
10829 2 2 2 69 983 6449 6444
10830 2 2 2 69 982 6444 981
10831 2 2 2 69 6445 6448 6443
10832 2 2 2 69 979 6447 6442
10833 2 2 2 69 6440 6449 985
10834 2 2 2 70 995 6456 994
10835 2 2 2 70 1004 6454 1003
10836 2 2 2 70 6452 6457 1006
10837 2 2 2 70 1006 6453 6452
10838 2 2 2 70 1007 6453 1006
10839 2 2 2 70 997 6452 996
10840 2 2 2 70 994 6450 993
10841 2 2 2 70 998 6458 997
10842 2 2 2 70 1008 6450 1007
10843 2 2 2 70 6453 6455 6452
10844 2 2 2 70 1003 6451 1002
10845 2 2 2 70 999 6451 998
10846 2 2 2 70 6450 6453 1007
10847 2 2 2 70 6451 6458 998
10848 2 2 2 70 6452 6458 6457
10849 2 2 2 70 1003 6454 6451
10850 2 2 2 70 994 6456 6450
10851 2 2 2 70 6452 6455 996
10852 2 2 2 70 997 6458 6452
10853 2 2 2 70 991 6450 1008
10854 2 2 2 70 993 6450 992
10855 2 2 2 70 6457 6458 6454
10856 2 2 2 70 6450 6456 6453
10857 2 2 2 70 6454 6458 6451
10858 2 2 2 70 1002 6451 1001
10859 2 2 2 70 1000 6451 999
10860 2 2 2 70 996 6455 995
10861 2 2 2 70 1005 6457 1004
10862 2 2 2 70 6455 6456 995
10863 2 2 2 70 1004 6457 6454
10864 2 2 2 70 6453 6456 6455
10865 2 2 2 70 992 6450 991
10866 2 2 2 70 1001 6451 1000
10867 2 2 2 70 1006 6457 1005
10868 2 2 2 71 1024 6460 1023
10869 2 2 2 71 1015 6459 1014
10870 2 2 2 71 1013 6465 1012
10871 2 2 2 71 1023 6461 1022
10872 2 2 2 71 1022 6463 1021
10873 2 2 2 71 1009 6460 1024
10874 2 2 2 71 1012 6465 6460
10875 2 2 2 71 6460 6461 1023
10876 2 2 2 71 1021 6463 6462
10877 2 2 2 71 1018 6464 1017
10878 2 2 2 71 1016 6464 1015
10879 2 2 2 71 6461 6463 1022
10880 2 2 2 71 1019 6462 1018
10881 2 2 2 71 6459 6464 6463
10882 2 2 2 71 6463 6464 6462
10883 2 2 2 71 1021 6462 1020
10884 2 2 2 71 6460 6465 6461
10885 2 2 2 71 6463 6465 6459
10886 2 2 2 71 1017 6464 1016
10887 2 2 2 71 6461 6465 6463
10888 2 2 2 71 1015 6464 6459
10889 2 2 2 71 6459 6465 1014
10890 2 2 2 71 1010 6460 1009
10891 2 2 2 71 1014 6465 1013
10892 2 2 2 71 1012 6460 1011
10893 2 2 2 71 6462 6464 1018
10894 2 2 2 71 1020 6462 1019
10895 2 2 2 71 1011 6460 1010
10896 2 2 2 72 1029 6466 1028
10897 2 2 2 72 1034 6470 1033
10898 2 2 2 72 1039 6468 1038
10899 2 2 2 72 1031 6469 1030
10900 2 2 2 72 1030 6471 1029
10901 2 2 2 72 1038 6472 1037
10902 2 2 2 72 1029 6471 6466
10903 2 2 2 72 1025 6473 1040
10904 2 2 2 72 6467 6470 1034
10905 2 2 2 72 1026 6466 1025
10906 2 2 2 72 1028 6466 1027
10907 2 2 2 72 1033 6470 1032
10908 2 2 2 72 1037 6472 6467
10909 2 2 2 72 1035 6467 1034
10910 2 2 2 72 6467 6472 6470
10911 2 2 2 72 1039 6473 6468
10912 2 2 2 72 1031 6470 6469
10913 2 2 2 72 1037 6467 1036
10914 2 2 2 72 6471 6473 6466
10915 2 2 2 72 6470 6472 6469
10916 2 2 2 72 1040 6473 1039
10917 2 2 2 72 6469 6471 1030
10918 2 2 2 72 6468 6472 1038
10919 2 2 2 72 6468 6471 6469
10920 2 2 2 72 6469 6472 6468
10921 2 2 2 72 6468 6473 6471
10922 2 2 2 72 6466 6473 1025
10923 2 2 2 72 1027 6466 1026
10924 2 2 2 72 1032 6470 1031
10925 2 2 2 72 1036 6467 1035
10926 2 2 2 73 1047 6479 1046
10927 2 2 2 73 1056 6474 1055
10928 2 2 2 73 6475 6476 1049
10929 2 2 2 73 1049 6481 6475
10930 2 2 2 73 1054 6475 1053
10931 2 2 2 73 6478 6479 6474
10932 2 2 2 73 1041 6478 1056
10933 2 2 2 73 1043 6478 1042
10934 2 2 2 73 6477 6479 6478
10935 2 2 2 73 6479 6480 6474
10936 2 2 2 73 6476 6480 6479
10937 2 2 2 73 1053 6481 1052
10938 2 2 2 73 1046 6477 1045
10939 2 2 2 73 1044 6477 1043
10940 2 2 2 73 1046 6479 6477
10941 2 2 2 73 1042 6478 1041
10942 2 2 2 73 1055 6480 1054
10943 2 2 2 73 6475 6480 6476
10944 2 2 2 73 1056 6478 6474
10945 2 2 2 73 6477 6478 1043
10946 2 2 2 73 1048 6476 1047
10947 2 2 2 73 1045 6477 1044
10948 2 2 2 73 6475 6481 1053
10949 2 2 2 73 6474 6480 1055
10950 2 2 2 73 1052 6481 1051
10951 2 2 2 73 1054 6480 6475
10952 2 2 2 73 6476 6479 1047
10953 2 2 2 73 1050 6481 1049
10954 2 2 2 73 1051 6481 1050
10955 2 2 2 73 1049 6476 1048
10956 2 2 2 74 1057 6483 1070
10957 2 2 2 74 1061 6483 1060
10958 2 2 2 74 1068 6482 1067
10959 2 2 2 74 1062 6485 1061
10960 2 2 2 74 1061 6485 6483
10961 2 2 2 74 6483 6486 1070
10962 2 2 2 74 6485 6486 6483
10963 2 2 2 74 6482 6486 6485
10964 2 2 2 74 1070 6486 1069
10965 2 2 2 74 1060 6483 1059
10966 2 2 2 74 1058 6483 1057
10967 2 2 2 74 1065 6484 1064
10968 2 2 2 74 6482 6485 6484
10969 2 2 2 74 6484 6487 6482
10970 2 2 2 74 6482 6487 1067
10971 2 2 2 74 1063 6484 1062
10972 2 2 2 74 6484 6485 1062
10973 2 2 2 74 1059 6483 1058
10974 2 2 2 74 1069 6486 1068
10975 2 2 2 74 1067 6487 1066
10976 2 2 2 74 1068 6486 6482
10977 2 2 2 74 1064 6484 1063
10978 2 2 2 74 1065 6487 6484
10979 2 2 2 74 1066 6487 1065
10980 2 2 2 75 1078 6491 1077
10981 2 2 2 75 1075 6488 1074
10982 2 2 2 75 1076 6489 6488
10983 2 2 2 75 1077 6489 1076
10984 2 2 2 75 1072 6494 1071
10985 2 2 2 75 1079 6491 1078
10986 2 2 2 75 1084 6492 1083
10987 2 2 2 75 6489 6493 6488
10988 2 2 2 75 6488 6493 6492
10989 2 2 2 75 1083 6493 1082
10990 2 2 2 75 1073 6494 1072
10991 2 2 2 75 6490 6492 1084
10992 2 2 2 75 1077 6491 6489
10993 2 2 2 75 1071 6494 6490
10994 2 2 2 75 1071 6490 1086
10995 2 2 2 75 1085 6490 1084
10996 2 2 2 75 1074 6494 1073
10997 2 2 2 75 1082 6493 6491
10998 2 2 2 75 6490 6494 6492
10999 2 2 2 75 1080 6491 1079
11000 2 2 2 75 6492 6494 6488
11001 2 2 2 75 6492 6493 1083
11002 2 2 2 75 6491 6493 6489
11003 2 2 2 75 1082 6491 1081
11004 2 2 2 75 1086 6490 1085
11005 2 2 2 75 6488 6494 1074
11006 2 2 2 75 1081 6491 1080
11007 2 2 2 75 1076 6488 1075
11008 2 2 2 76 1092 6498 3073
11009 2 2 2 76 3073 6497 1091
11010 2 2 2 76 1100 6498 3077
11011 2 2 2 76 1092 6500 6498
11012 2 2 2 76 1093 6506 3075
11013 2 2 2 76 1099 6502 1098
11014 2 2 2 76 3073 6498 6497
11015 2 2 2 76 1091 6497 6495
11016 2 2 2 76 6498 6503 6497
11017 2 2 2 76 3077 6500 3076
11018 2 2 2 76 3074 6500 1092
11019 2 2 2 76 3074 6501 6500
11020 2 2 2 76 6500 6501 3076
11021 2 2 2 76 3075 6501 3074
11022 2 2 2 76 3076 6501 1099
11023 2 2 2 76 6501 6506 6502
11024 2 2 2 76 3075 6506 6501
11025 2 2 2 76 6498 6500 3077
11026 2 2 2 76 6501 6502 1099
11027 2 2 2 76 1088 6504 1087
11028 2 2 2 76 6497 6499 6495
11029 2 2 2 76 1097 6505 1096
11030 2 2 2 76 6499 6504 6495
11031 2 2 2 76 1103 6504 1102
11032 2 2 2 76 1100 6503 6498
11033 2 2 2 76 6502 6505 1098
11034 2 2 2 76 1089 6495 1088
11035 2 2 2 76 1096 6496 1095
11036 2 2 2 76 1101 6503 1100
11037 2 2 2 76 1091 6495 1090
11038 2 2 2 76 1094 6496 1093
11039 2 2 2 76 1087 6504 1103
11040 2 2 2 76 1102 6504 6499
11041 2 2 2 76 6496 6506 1093
11042 2 2 2 76 6499 6503 1101
11043 2 2 2 76 6495 6504 1088
11044 2 2 2 76 1096 6505 6496
11045 2 2 2 76 1098 6505 1097
11046 2 2 2 76 6502 6506 6496
11047 2 2 2 76 1090 6495 1089
11048 2 2 2 76 1095 6496 1094
11049 2 2 2 76 6496 6505 6502
11050 2 2 2 76 6497 6503 6499
11051 2 2 2 76 1102 6499 1101
11052 2 2 2 77 1107 6510 1106
11053 2 2 2 77 1104 6511 1117
11054 2 2 2 77 1114 6507 1113
11055 2 2 2 77 6507 6509 1113
11056 2 2 2 77 1108 6508 1107
11057 2 2 2 77 1112 6508 1111
11058 2 2 2 77 1117 6511 6507
11059 2 2 2 77 1112 6509 6508
11060 2 2 2 77 1105 6511 1104
11061 2 2 2 77 1115 6507 1114
11062 2 2 2 77 1117 6507 1116
11063 2 2 2 77 6507 6511 6509
11064 2 2 2 77 6508 6510 1107
11065 2 2 2 77 6509 6511 6510
11066 2 2 2 77 6509 6510 6508
11067 2 2 2 77 1111 6508 1110
11068 2 2 2 77 1109 6508 1108
11069 2 2 2 77 1106 6511 1105
11070 2 2 2 77 1116 6507 1115
11071 2 2 2 77 6510 6511 1106
11072 2 2 2 77 1110 6508 1109
11073 2 2 2 77 1113 6509 1112
11074 2 2 2 78 1128 6514 1127
11075 2 2 2 78 1121 6514 1120
11076 2 2 2 78 1120 6513 1119
11077 2 2 2 78 1129 6513 1128
11078 2 2 2 78 1119 6512 1118
11079 2 2 2 78 1128 6513 1120
11080 2 2 2 78 1118 6512 1133
11081 2 2 2 78 1120 6514 1128
11082 2 2 2 78 1119 6513 6512
11083 2 2 2 78 6512 6513 1129
11084 2 2 2 78 1130 6512 1129
11085 2 2 2 78 6514 6515 1127
11086 2 2 2 78 1121 6515 6514
11087 2 2 2 78 1126 6515 1125
11088 2 2 2 78 1123 6515 1122
11089 2 2 2 78 1124 6515 1123
11090 2 2 2 78 1125 6515 1124
11091 2 2 2 78 1133 6512 1132
11092 2 2 2 78 1131 6512 1130
11093 2 2 2 78 1132 6512 1131
11094 2 2 2 78 1127 6515 1126
11095 2 2 2 78 1122 6515 1121
11096 2 2 2 79 1134 6521 1153
11097 2 2 2 79 1140 6520 1139
11098 2 2 2 79 1151 6518 1150
11099 2 2 2 79 1149 6520 1148
11100 2 2 2 79 1138 6524 1137
11101 2 2 2 79 1148 6519 1147
11102 2 2 2 79 1139 6522 1138
11103 2 2 2 79 6522 6524 1138
11104 2 2 2 79 6520 6525 1148
11105 2 2 2 79 6518 6524 6522
11106 2 2 2 79 1147 6517 1146
11107 2 2 2 79 1150 6522 1149
11108 2 2 2 79 1149 6522 6520
11109 2 2 2 79 1148 6525 6519
11110 2 2 2 79 6516 6521 1134
11111 2 2 2 79 6519 6523 1147
11112 2 2 2 79 1147 6523 6517
11113 2 2 2 79 1146 6517 1145
11114 2 2 2 79 6520 6522 1139
11115 2 2 2 79 1153 6521 1152
11116 2 2 2 79 1135 6516 1134
11117 2 2 2 79 6518 6522 1150
11118 2 2 2 79 1140 6525 6520
11119 2 2 2 79 6516 6524 6521
11120 2 2 2 79 1151 6521 6518
11121 2 2 2 79 1137 6516 1136
11122 2 2 2 79 1137 6524 6516
11123 2 2 2 79 6521 6524 6518
11124 2 2 2 79 6523 6525 1141
11125 2 2 2 79 1141 6525 1140
11126 2 2 2 79 1152 6521 1151
11127 2 2 2 79 1136 6516 1135
11128 2 2 2 79 1145 6517 1144
11129 2 2 2 79 6517 6523 1142
11130 2 2 2 79 1143 6517 1142
11131 2 2 2 79 6519 6525 6523
11132 2 2 2 79 1144 6517 1143
11133 2 2 2 79 1142 6523 1141
11134 2 2 2 80 1159 6531 1158
11135 2 2 2 80 1165 6528 1164
11136 2 2 2 80 1166 6530 1165
11137 2 2 2 80 6526 6532 1156
11138 2 2 2 80 6528 6531 1164
11139 2 2 2 80 1164 6531 6527
11140 2 2 2 80 1160 6527 1159
11141 2 2 2 80 6529 6532 6526
11142 2 2 2 80 6529 6530 1166
11143 2 2 2 80 6526 6530 6529
11144 2 2 2 80 1169 6529 1168
11145 2 2 2 80 1167 6529 1166
11146 2 2 2 80 1164 6527 1163
11147 2 2 2 80 1158 6533 1157
11148 2 2 2 80 1165 6530 6528
11149 2 2 2 80 1155 6532 1154
11150 2 2 2 80 6527 6531 1159
11151 2 2 2 80 1168 6529 1167
11152 2 2 2 80 6526 6533 6530
11153 2 2 2 80 1157 6533 6526
11154 2 2 2 80 6530 6533 6528
11155 2 2 2 80 6531 6533 1158
11156 2 2 2 80 1163 6527 1162
11157 2 2 2 80 1161 6527 1160
11158 2 2 2 80 1169 6532 6529
11159 2 2 2 80 1154 6532 1169
11160 2 2 2 80 6528 6533 6531
11161 2 2 2 80 1162 6527 1161
11162 2 2 2 80 1157 6526 1156
11163 2 2 2 80 1156 6532 1155
11164 2 2 2 81 1170 6539 1186
11165 2 2 2 81 1174 6542 1173
11166 2 2 2 81 1184 6537 3082
11167 2 2 2 81 1176 6536 1175
11168 2 2 2 81 3080 6536 1182
11169 2 2 2 81 1177 6535 1176
11170 2 2 2 81 3082 6538 1183
11171 2 2 2 81 6538 6540 1183
11172 2 2 2 81 3078 6538 1174
11173 2 2 2 81 3078 6540 6538
11174 2 2 2 81 1183 6540 3081
11175 2 2 2 81 3079 6540 3078
11176 2 2 2 81 6540 6541 3081
11177 2 2 2 81 6537 6542 6538
11178 2 2 2 81 6538 6542 1174
11179 2 2 2 81 1178 6535 1177
11180 2 2 2 81 3079 6541 6540
11181 2 2 2 81 6536 6541 1175
11182 2 2 2 81 3081 6541 3080
11183 2 2 2 81 1175 6541 3079
11184 2 2 2 81 6537 6538 3082
11185 2 2 2 81 6534 6539 1170
11186 2 2 2 81 3080 6541 6536
11187 2 2 2 81 6535 6536 1176
11188 2 2 2 81 1182 6536 6535
11189 2 2 2 81 1186 6539 1185
11190 2 2 2 81 1184 6539 6537
11191 2 2 2 81 1171 6534 1170
11192 2 2 2 81 1173 6542 6534
11193 2 2 2 81 6534 6542 6537
11194 2 2 2 81 6537 6539 6534
11195 2 2 2 81 1173 6534 1172
11196 2 2 2 81 1182 6535 1181
11197 2 2 2 81 1185 6539 1184
11198 2 2 2 81 1172 6534 1171
11199 2 2 2 81 1181 6535 1180
11200 2 2 2 81 1179 6535 1178
11201 2 2 2 81 1180 6535 1179
11202 2 2 2 82 1198 6544 1197
11203 2 2 2 82 1189 6543 1188
11204 2 2 2 82 1192 6548 6543
11205 2 2 2 82 6543 6547 1188
11206 2 2 2 82 6544 6545 6543
11207 2 2 2 82 6543 6548 6544
11208 2 2 2 82 1200 6545 1199
11209 2 2 2 82 1190 6543 1189
11210 2 2 2 82 1192 6543 1191
11211 2 2 2 82 1197 6546 1196
11212 2 2 2 82 1188 6547 1187
11213 2 2 2 82 6545 6547 6543
11214 2 2 2 82 6544 6546 1197
11215 2 2 2 82 1198 6545 6544
11216 2 2 2 82 1199 6545 1198
11217 2 2 2 82 1191 6543 1190
11218 2 2 2 82 1196 6546 1195
11219 2 2 2 82 1200 6547 6545
11220 2 2 2 82 1187 6547 1200
11221 2 2 2 82 6546 6548 1193
11222 2 2 2 82 1194 6546 1193
11223 2 2 2 82 6544 6548 6546
11224 2 2 2 82 1195 6546 1194
11225 2 2 2 82 1193 6548 1192
11226 2 2 2 83 1207 6552 3085
11227 2 2 2 83 1216 6554 3087
11228 2 2 2 83 1202 6554 1201
11229 2 2 2 83 6550 6552 1207
11230 2 2 2 83 3086 6552 1213
11231 2 2 2 83 1206 6551 1205
11232 2 2 2 83 3087 6554 6551
11233 2 2 2 83 6551 6553 3087
11234 2 2 2 83 6553 6555 1215
11235 2 2 2 83 3087 6553 1215
11236 2 2 2 83 1215 6555 1214
11237 2 2 2 83 3085 6556 3084
11238 2 2 2 83 6552 6556 3085
11239 2 2 2 83 3083 6553 1206
11240 2 2 2 83 1214 6556 3086
11241 2 2 2 83 3083 6555 6553
11242 2 2 2 83 3084 6555 3083
11243 2 2 2 83 1205 6551 6549
11244 2 2 2 83 1206 6553 6551
11245 2 2 2 83 6555 6556 1214
11246 2 2 2 83 6552 6557 1213
11247 2 2 2 83 3086 6556 6552
11248 2 2 2 83 6549 6554 1202
11249 2 2 2 83 3084 6556 6555
11250 2 2 2 83 1211 6557 1210
11251 2 2 2 83 1201 6554 1217
11252 2 2 2 83 6550 6557 6552
11253 2 2 2 83 1203 6549 1202
11254 2 2 2 83 6551 6554 6549
11255 2 2 2 83 1205 6549 1204
11256 2 2 2 83 1210 6550 1209
11257 2 2 2 83 1208 6550 1207
11258 2 2 2 83 1213 6557 1212
11259 2 2 2 83 1212 6557 1211
11260 2 2 2 83 1210 6557 6550
11261 2 2 2 83 1217 6554 1216
11262 2 2 2 83 1204 6549 1203
11263 2 2 2 83 1209 6550 1208
11264 2 2 2 84 1224 6560 1223
11265 2 2 2 84 1218 6558 1233
11266 2 2 2 84 1232 6564 1231
11267 2 2 2 84 1226 6559 1225
11268 2 2 2 84 1219 6563 1218
11269 2 2 2 84 1223 6563 1222
11270 2 2 2 84 1233 6561 1232
11271 2 2 2 84 6560 6563 1223
11272 2 2 2 84 1218 6563 6558
11273 2 2 2 84 1220 6563 1219
11274 2 2 2 84 1222 6563 1221
11275 2 2 2 84 1228 6566 1227
11276 2 2 2 84 1225 6565 1224
11277 2 2 2 84 6558 6561 1233
11278 2 2 2 84 6558 6563 6560
11279 2 2 2 84 6560 6561 6558
11280 2 2 2 84 1229 6562 1228
11281 2 2 2 84 6561 6564 1232
11282 2 2 2 84 1231 6562 1230
11283 2 2 2 84 1231 6564 6562
11284 2 2 2 84 6559 6564 6561
11285 2 2 2 84 6560 6565 6561
11286 2 2 2 84 1227 6566 1226
11287 2 2 2 84 1224 6565 6560
11288 2 2 2 84 6561 6565 6559
11289 2 2 2 84 6559 6566 6564
11290 2 2 2 84 1221 6563 1220
11291 2 2 2 84 6559 6565 1225
11292 2 2 2 84 6564 6566 6562
11293 2 2 2 84 6562 6566 1228
11294 2 2 2 84 1230 6562 1229
11295 2 2 2 84 1226 6566 6559
11296 2 2 2 85 1250 6573 1249
11297 2 2 2 85 1245 6571 6569
11298 2 2 2 85 6571 6573 1235
11299 2 2 2 85 6569 6571 1235
11300 2 2 2 85 1244 6572 1243
11301 2 2 2 85 1236 6569 1235
11302 2 2 2 85 1243 6568 1242
11303 2 2 2 85 6569 6572 1244
11304 2 2 2 85 1249 6573 6567
11305 2 2 2 85 1251 6573 1250
11306 2 2 2 85 1249 6567 1248
11307 2 2 2 85 1247 6567 1246
11308 2 2 2 85 6567 6571 1246
11309 2 2 2 85 1236 6572 6569
11310 2 2 2 85 1237 6572 1236
11311 2 2 2 85 6567 6573 6571
11312 2 2 2 85 1238 6570 6568
11313 2 2 2 85 6568 6572 1237
11314 2 2 2 85 1234 6573 1251
11315 2 2 2 85 1248 6567 1247
11316 2 2 2 85 6568 6570 1242
11317 2 2 2 85 1243 6572 6568
11318 2 2 2 85 1241 6570 1240
11319 2 2 2 85 1240 6570 1239
11320 2 2 2 85 1242 6570 1241
11321 2 2 2 85 1239 6570 1238
11322 2 2 2 85 1238 6568 1237
11323 2 2 2 85 1235 6573 1234
11324 2 2 2 85 1245 6569 1244
11325 2 2 2 85 1246 6571 1245
11326 2 2 2 86 1260 6575 6574
11327 2 2 2 86 1261 6575 1260
11328 2 2 2 86 1256 6574 1255
11329 2 2 2 86 6575 6576 6574
11330 2 2 2 86 1267 6576 1266
11331 2 2 2 86 1263 6575 1262
11332 2 2 2 86 6574 6577 1255
11333 2 2 2 86 1259 6574 1258
11334 2 2 2 86 1264 6578 1263
11335 2 2 2 86 1257 6574 1256
11336 2 2 2 86 6575 6578 6576
11337 2 2 2 86 6576 6578 1266
11338 2 2 2 86 6576 6577 6574
11339 2 2 2 86 1254 6577 1253
11340 2 2 2 86 1258 6574 1257
11341 2 2 2 86 1266 6578 1265
11342 2 2 2 86 1252 6576 1267
11343 2 2 2 86 1262 6575 1261
11344 2 2 2 86 1265 6578 1264
11345 2 2 2 86 1253 6577 1252
11346 2 2 2 86 1263 6578 6575
11347 2 2 2 86 1252 6577 6576
11348 2 2 2 86 1255 6577 1254
11349 2 2 2 86 1260 6574 1259
11350 2 2 2 87 1273 6581 1272
11351 2 2 2 87 1272 6584 1271
11352 2 2 2 87 1281 6582 1280
11353 2 2 2 87 1274 6580 1273
11354 2 2 2 87 1280 6581 1279
11355 2 2 2 87 6580 6581 1273
11356 2 2 2 87 1275 6580 1274
11357 2 2 2 87 1279 6581 6580
11358 2 2 2 87 1268 6583 1283
11359 2 2 2 87 6581 6584 1272
11360 2 2 2 87 6582 6584 6581
11361 2 2 2 87 1282 6583 1281
11362 2 2 2 87 1281 6583 6582
11363 2 2 2 87 1279 6580 1278
11364 2 2 2 87 1269 6579 1268
11365 2 2 2 87 1280 6582 6581
11366 2 2 2 87 1271 6579 1270
11367 2 2 2 87 1271 6584 6579
11368 2 2 2 87 1283 6583 1282
11369 2 2 2 87 6579 6584 6582
11370 2 2 2 87 6582 6583 6579
11371 2 2 2 87 6579 6583 1268
11372 2 2 2 87 1270 6579 1269
11373 2 2 2 87 1276 6580 1275
11374 2 2 2 87 1278 6580 1277
11375 2 2 2 87 1277 6580 1276
11376 2 2 2 88 1292 6588 1291
11377 2 2 2 88 1286 6587 1285
11378 2 2 2 88 1287 6587 1286
11379 2 2 2 88 1293 6585 1292
11380 2 2 2 88 1291 6588 1290
11381 2 2 2 88 1294 6589 1293
11382 2 2 2 88 1296 6589 1295
11383 2 2 2 88 1285 6587 6586
11384 2 2 2 88 1285 6586 1284
11385 2 2 2 88 1297 6586 1296
11386 2 2 2 88 6585 6588 1292
11387 2 2 2 88 1295 6589 1294
11388 2 2 2 88 6586 6589 1296
11389 2 2 2 88 6587 6589 6586
11390 2 2 2 88 6585 6589 6587
11391 2 2 2 88 1293 6589 6585
11392 2 2 2 88 6587 6588 6585
11393 2 2 2 88 1284 6586 1297
11394 2 2 2 88 1287 6588 6587
11395 2 2 2 88 1290 6588 1289
11396 2 2 2 88 1288 6588 1287
11397 2 2 2 88 1289 6588 1288
11398 2 2 2 89 1301 6591 1300
11399 2 2 2 89 1300 6590 1299
11400 2 2 2 89 1309 6591 1308
11401 2 2 2 89 1300 6591 6590
11402 2 2 2 89 1308 6592 1307
11403 2 2 2 89 1302 6592 1301
11404 2 2 2 89 1301 6592 6591
11405 2 2 2 89 1312 6594 1311
11406 2 2 2 89 6591 6592 1308
11407 2 2 2 89 1310 6594 1309
11408 2 2 2 89 1309 6594 6591
11409 2 2 2 89 1299 6590 1298
11410 2 2 2 89 1313 6590 1312
11411 2 2 2 89 1311 6594 1310
11412 2 2 2 89 6591 6594 6590
11413 2 2 2 89 6590 6594 1312
11414 2 2 2 89 6592 6593 1307
11415 2 2 2 89 1304 6593 1303
11416 2 2 2 89 1302 6593 6592
11417 2 2 2 89 1298 6590 1313
11418 2 2 2 89 1305 6593 1304
11419 2 2 2 89 1306 6593 1305
11420 2 2 2 89 1303 6593 1302
11421 2 2 2 89 1307 6593 1306
11422 2 2 2 90 1327 6597 1326
11423 2 2 2 90 6595 6598 1319
11424 2 2 2 90 1320 6595 1319
11425 2 2 2 90 6596 6597 1327
11426 2 2 2 90 6595 6597 6596
11427 2 2 2 90 1316 6596 1315
11428 2 2 2 90 1314 6596 1327
11429 2 2 2 90 6596 6598 6595
11430 2 2 2 90 1322 6599 1321
11431 2 2 2 90 1324 6599 1323
11432 2 2 2 90 1318 6598 1317
11433 2 2 2 90 6595 6599 6597
11434 2 2 2 90 1325 6597 1324
11435 2 2 2 90 1321 6595 1320
11436 2 2 2 90 1323 6599 1322
11437 2 2 2 90 1315 6596 1314
11438 2 2 2 90 1316 6598 6596
11439 2 2 2 90 1317 6598 1316
11440 2 2 2 90 1326 6597 1325
11441 2 2 2 90 6597 6599 1324
11442 2 2 2 90 1321 6599 6595
11443 2 2 2 90 1319 6598 1318
11444 2 2 2 91 1340 6604 1339
11445 2 2 2 91 1343 6605 1342
11446 2 2 2 91 1342 6606 6602
11447 2 2 2 91 1328 6605 1345
11448 2 2 2 91 6603 6606 1342
11449 2 2 2 91 1335 6601 1334
11450 2 2 2 91 1342 6605 6603
11451 2 2 2 91 1332 6603 1331
11452 2 2 2 91 1334 6607 1333
11453 2 2 2 91 1336 6601 1335
11454 2 2 2 91 6601 6607 1334
11455 2 2 2 91 1331 6603 6600
11456 2 2 2 91 1333 6606 1332
11457 2 2 2 91 6603 6605 6600
11458 2 2 2 91 6600 6605 1328
11459 2 2 2 91 1345 6605 1344
11460 2 2 2 91 1329 6600 1328
11461 2 2 2 91 6606 6607 6602
11462 2 2 2 91 1332 6606 6603
11463 2 2 2 91 1333 6607 6606
11464 2 2 2 91 1331 6600 1330
11465 2 2 2 91 6604 6607 6601
11466 2 2 2 91 1337 6601 1336
11467 2 2 2 91 1341 6602 1340
11468 2 2 2 91 6602 6607 6604
11469 2 2 2 91 6602 6604 1340
11470 2 2 2 91 1344 6605 1343
11471 2 2 2 91 1330 6600 1329
11472 2 2 2 91 1339 6604 6601
11473 2 2 2 91 1339 6601 1338
11474 2 2 2 91 1338 6601 1337
11475 2 2 2 91 1342 6602 1341
11476 2 2 2 92 1359 6608 1358
11477 2 2 2 92 1351 6608 1350
11478 2 2 2 92 6608 6610 1358
11479 2 2 2 92 1350 6608 1349
11480 2 2 2 92 1346 6608 1359
11481 2 2 2 92 1351 6610 6608
11482 2 2 2 92 1357 6610 6609
11483 2 2 2 92 6609 6610 1352
11484 2 2 2 92 1357 6609 1356
11485 2 2 2 92 1353 6609 1352
11486 2 2 2 92 1349 6608 1348
11487 2 2 2 92 1347 6608 1346
11488 2 2 2 92 1356 6609 1355
11489 2 2 2 92 1354 6609 1353
11490 2 2 2 92 1348 6608 1347
11491 2 2 2 92 1355 6609 1354
11492 2 2 2 92 1352 6610 1351
11493 2 2 2 92 1358 6610 1357
11494 2 2 2 93 1377 6612 1376
11495 2 2 2 93 3088 6614 1362
11496 2 2 2 93 1365 6613 1364
11497 2 2 2 93 1372 6613 1371
11498 2 2 2 93 1376 6619 1375
11499 2 2 2 93 6612 6619 1376
11500 2 2 2 93 1375 6615 1374
11501 2 2 2 93 1375 6619 6615
11502 2 2 2 93 1374 6616 1373
11503 2 2 2 93 6615 6616 1374
11504 2 2 2 93 1363 6615 3088
11505 2 2 2 93 6615 6619 6614
11506 2 2 2 93 1364 6617 3089
11507 2 2 2 93 3089 6616 1363
11508 2 2 2 93 1363 6616 6615
11509 2 2 2 93 6613 6617 1364
11510 2 2 2 93 3088 6615 6614
11511 2 2 2 93 6614 6618 1362
11512 2 2 2 93 1371 6611 1370
11513 2 2 2 93 1373 6617 1372
11514 2 2 2 93 1372 6617 6613
11515 2 2 2 93 1371 6613 6611
11516 2 2 2 93 6614 6619 6612
11517 2 2 2 93 6616 6617 1373
11518 2 2 2 93 3089 6617 6616
11519 2 2 2 93 6611 6613 1365
11520 2 2 2 93 1370 6611 1369
11521 2 2 2 93 1378 6612 1377
11522 2 2 2 93 1360 6612 1379
11523 2 2 2 93 6612 6618 6614
11524 2 2 2 93 1366 6611 1365
11525 2 2 2 93 1362 6618 1361
11526 2 2 2 93 1379 6612 1378
11527 2 2 2 93 1360 6618 6612
11528 2 2 2 93 1361 6618 1360
11529 2 2 2 93 1367 6611 1366
11530 2 2 2 93 1369 6611 1368
11531 2 2 2 93 1368 6611 1367
11532 2 2 2 94 1391 6627 1390
11533 2 2 2 94 1393 6620 1392
11534 2 2 2 94 1385 6622 1384
11535 2 2 2 94 1386 6621 1385
11536 2 2 2 94 1384 6624 1383
11537 2 2 2 94 1387 6621 1386
11538 2 2 2 94 1394 6626 1393
11539 2 2 2 94 1380 6626 1395
11540 2 2 2 94 1383 6624 6623
11541 2 2 2 94 6621 6622 1385
11542 2 2 2 94 1383 6623 1382
11543 2 2 2 94 1381 6623 1380
11544 2 2 2 94 1392 6625 1391
11545 2 2 2 94 6620 6626 6624
11546 2 2 2 94 6624 6626 6623
11547 2 2 2 94 1395 6626 1394
11548 2 2 2 94 6622 6624 1384
11549 2 2 2 94 1393 6626 6620
11550 2 2 2 94 6623 6626 1380
11551 2 2 2 94 6624 6625 6620
11552 2 2 2 94 1382 6623 1381
11553 2 2 2 94 1388 6621 1387
11554 2 2 2 94 1390 6627 6621
11555 2 2 2 94 6620 6625 1392
11556 2 2 2 94 6625 6627 1391
11557 2 2 2 94 6622 6625 6624
11558 2 2 2 94 6621 6627 6622
11559 2 2 2 94 1390 6621 1389
11560 2 2 2 94 1389 6621 1388
11561 2 2 2 94 6622 6627 6625
11562 2 2 2 95 1403 6628 1402
11563 2 2 2 95 6628 6629 1402
11564 2 2 2 95 1407 6633 1406
11565 2 2 2 95 1410 6630 1409
11566 2 2 2 95 1400 6634 1399
11567 2 2 2 95 6628 6630 6629
11568 2 2 2 95 1408 6631 1407
11569 2 2 2 95 1411 6630 1410
11570 2 2 2 95 6628 6631 6630
11571 2 2 2 95 1409 6631 1408
11572 2 2 2 95 1401 6629 1400
11573 2 2 2 95 6630 6631 1409
11574 2 2 2 95 1404 6628 1403
11575 2 2 2 95 6631 6633 1407
11576 2 2 2 95 6629 6634 1400
11577 2 2 2 95 1397 6632 1396
11578 2 2 2 95 6630 6632 6629
11579 2 2 2 95 1406 6633 1405
11580 2 2 2 95 1399 6634 1398
11581 2 2 2 95 6632 6634 6629
11582 2 2 2 95 1396 6632 1411
11583 2 2 2 95 1411 6632 6630
11584 2 2 2 95 6628 6633 6631
11585 2 2 2 95 1398 6634 1397
11586 2 2 2 95 1397 6634 6632
11587 2 2 2 95 1404 6633 6628
11588 2 2 2 95 1405 6633 1404
11589 2 2 2 95 1402 6629 1401
11590 2 2 2 96 1414 6641 1413
11591 2 2 2 96 1418 6640 6638
11592 2 2 2 96 3090 6640 1418
11593 2 2 2 96 1422 6639 1421
11594 2 2 2 96 3091 6642 1428
11595 2 2 2 96 3091 6645 6642
11596 2 2 2 96 1430 6638 3092
11597 2 2 2 96 6642 6645 6637
11598 2 2 2 96 1428 6639 1427
11599 2 2 2 96 1421 6642 1420
11600 2 2 2 96 1418 6644 1417
11601 2 2 2 96 1419 6643 3090
11602 2 2 2 96 6636 6639 1422
11603 2 2 2 96 1428 6642 6639
11604 2 2 2 96 3092 6640 1429
11605 2 2 2 96 6638 6640 3092
11606 2 2 2 96 1423 6636 1422
11607 2 2 2 96 1427 6636 1426
11608 2 2 2 96 1427 6639 6636
11609 2 2 2 96 6638 6644 1418
11610 2 2 2 96 6640 6645 1429
11611 2 2 2 96 6635 6641 1414
11612 2 2 2 96 1429 6645 3091
11613 2 2 2 96 1430 6641 6638
11614 2 2 2 96 1413 6641 1412
11615 2 2 2 96 1415 6635 1414
11616 2 2 2 96 6643 6645 6640
11617 2 2 2 96 1417 6635 1416
11618 2 2 2 96 3090 6643 6640
11619 2 2 2 96 6639 6642 1421
11620 2 2 2 96 1417 6644 6635
11621 2 2 2 96 1420 6642 6637
11622 2 2 2 96 6637 6643 1419
11623 2 2 2 96 6635 6644 6641
11624 2 2 2 96 6641 6644 6638
11625 2 2 2 96 6637 6645 6643
11626 2 2 2 96 1424 6636 1423
11627 2 2 2 96 1426 6636 1425
11628 2 2 2 96 1420 6637 1419
11629 2 2 2 96 1412 6641 1430
11630 2 2 2 96 1416 6635 1415
11631 2 2 2 96 1425 6636 1424
11632 2 2 2 97 1433 6646 1432
11633 2 2 2 97 1439 6647 1438
11634 2 2 2 97 6646 6648 1432
11635 2 2 2 97 6647 6649 1438
11636 2 2 2 97 1434 6646 1433
11637 2 2 2 97 1440 6647 1439
11638 2 2 2 97 1436 6646 1435
11639 2 2 2 97 1442 6647 1441
11640 2 2 2 97 6647 6648 6646
11641 2 2 2 97 6646 6649 6647
11642 2 2 2 97 1432 6648 1431
11643 2 2 2 97 1438 6649 1437
11644 2 2 2 97 1435 6646 1434
11645 2 2 2 97 1441 6647 1440
11646 2 2 2 97 1436 6649 6646
11647 2 2 2 97 1442 6648 6647
11648 2 2 2 97 1431 6648 1442
11649 2 2 2 97 1437 6649 1436
11650 2 2 2 98 1452 6652 1451
11651 2 2 2 98 1450 6650 1449
11652 2 2 2 98 6650 6653 1447
11653 2 2 2 98 1455 6652 1454
11654 2 2 2 98 1451 6652 6650
11655 2 2 2 98 1448 6650 1447
11656 2 2 2 98 1444 6651 1443
11657 2 2 2 98 1456 6651 1455
11658 2 2 2 98 6651 6653 6650
11659 2 2 2 98 1453 6652 1452
11660 2 2 2 98 6650 6652 6651
11661 2 2 2 98 6651 6652 1455
11662 2 2 2 98 1446 6653 1445
11663 2 2 2 98 1443 6651 1456
11664 2 2 2 98 1449 6650 1448
11665 2 2 2 98 1444 6653 6651
11666 2 2 2 98 1454 6652 1453
11667 2 2 2 98 1445 6653 1444
11668 2 2 2 98 1447 6653 1446
11669 2 2 2 98 1451 6650 1450
11670 2 2 2 99 1459 6658 1458
11671 2 2 2 99 1463 6655 1462
11672 2 2 2 99 1463 6657 6655
11673 2 2 2 99 6655 6658 1459
11674 2 2 2 99 6657 6658 6655
11675 2 2 2 99 6654 6658 6657
11676 2 2 2 99 1458 6658 1457
11677 2 2 2 99 1460 6655 1459
11678 2 2 2 99 1462 6655 1461
11679 2 2 2 99 1467 6656 1466
11680 2 2 2 99 6654 6657 6656
11681 2 2 2 99 1465 6656 1464
11682 2 2 2 99 6654 6659 1469
11683 2 2 2 99 6656 6657 1464
11684 2 2 2 99 6656 6659 6654
11685 2 2 2 99 1457 6658 1470
11686 2 2 2 99 1461 6655 1460
11687 2 2 2 99 1470 6658 6654
11688 2 2 2 99 1469 6659 1468
11689 2 2 2 99 1466 6656 1465
11690 2 2 2 99 1467 6659 6656
11691 2 2 2 99 1468 6659 1467
11692 2 2 2 99 1464 6657 1463
11693 2 2 2 99 1470 6654 1469
11694 2 2 2 100 1474 6660 1473
11695 2 2 2 100 1475 6662 1474
11696 2 2 2 100 1484 6661 1483
11697 2 2 2 100 1483 6663 1482
11698 2 2 2 100 1474 6662 6660
11699 2 2 2 100 1482 6663 1481
11700 2 2 2 100 1476 6662 1475
11701 2 2 2 100 1473 6660 1472
11702 2 2 2 100 1471 6660 1484
11703 2 2 2 100 6660 6662 6661
11704 2 2 2 100 6663 6664 1478
11705 2 2 2 100 6660 6661 1484
11706 2 2 2 100 6662 6664 6661
11707 2 2 2 100 6661 6663 1483
11708 2 2 2 100 6661 6664 6663
11709 2 2 2 100 1477 6662 1476
11710 2 2 2 100 1472 6660 1471
11711 2 2 2 100 1481 6663 1480
11712 2 2 2 100 1479 6663 1478
11713 2 2 2 100 1477 6664 6662
11714 2 2 2 100 1480 6663 1479
11715 2 2 2 100 1478 6664 1477
11716 2 2 2 101 3093 6665 1487
11717 2 2 2 101 3095 6665 3094
11718 2 2 2 101 1487 6665 3096
11719 2 2 2 101 3094 6666 1488
11720 2 2 2 101 3096 6665 3095
11721 2 2 2 101 1488 6666 3093
11722 2 2 2 101 6665 6666 3094
11723 2 2 2 101 3093 6666 6665
11724 2 2 2 101 1488 1485 1486
11725 2 2 2 101 3093 1485 1488
11726 2 2 2 102 1499 6667 1500
11727 2 2 2 102 3097 6670 6668
11728 2 2 2 102 1489 6669 1491
11729 2 2 2 102 3097 6671 6670
11730 2 2 2 102 1492 6668 1493
11731 2 2 2 102 1491 6671 3097
11732 2 2 2 102 1496 6668 1497
11733 2 2 2 102 6668 6670 1497
11734 2 2 2 102 3098 6669 1490
11735 2 2 2 102 1490 6669 1489
11736 2 2 2 102 6669 6671 1491
11737 2 2 2 102 1501 6672 3098
11738 2 2 2 102 6667 6671 6669
11739 2 2 2 102 1500 6672 1501
11740 2 2 2 102 6671 6673 6670
11741 2 2 2 102 6667 6673 6671
11742 2 2 2 102 6669 6672 6667
11743 2 2 2 102 1493 6668 1494
11744 2 2 2 102 1495 6668 1496
11745 2 2 2 102 1498 6673 1499
11746 2 2 2 102 1499 6673 6667
11747 2 2 2 102 6670 6673 1498
11748 2 2 2 102 3098 6672 6669
11749 2 2 2 102 6667 6672 1500
11750 2 2 2 102 1494 6668 1495
11751 2 2 2 102 1497 6670 1498
11752 2 2 2 102 1502 1501 3098
11753 2 2 2 102 3097 6668 1492
11754 2 2 2 105 1508 6676 1507
11755 2 2 2 105 1515 6676 1514
11756 2 2 2 105 1507 6679 1506
11757 2 2 2 105 1516 6677 1515
11758 2 2 2 105 1514 6675 1513
11759 2 2 2 105 6676 6679 1507
11760 2 2 2 105 1513 6675 1512
11761 2 2 2 105 1514 6676 6675
11762 2 2 2 105 6677 6679 6676
11763 2 2 2 105 1503 6678 1518
11764 2 2 2 105 6675 6676 1508
11765 2 2 2 105 1517 6678 1516
11766 2 2 2 105 1516 6678 6677
11767 2 2 2 105 1515 6677 6676
11768 2 2 2 105 1504 6674 1503
11769 2 2 2 105 1506 6674 1505
11770 2 2 2 105 1509 6675 1508
11771 2 2 2 105 1518 6678 1517
11772 2 2 2 105 1506 6679 6674
11773 2 2 2 105 6674 6679 6677
11774 2 2 2 105 6677 6678 6674
11775 2 2 2 105 6674 6678 1503
11776 2 2 2 105 1505 6674 1504
11777 2 2 2 105 1512 6675 1511
11778 2 2 2 105 1510 6675 1509
11779 2 2 2 105 1511 6675 1510
11780 2 2 2 106 1521 6680 1520
11781 2 2 2 106 1525 6682 1524
11782 2 2 2 106 1526 6682 1525
11783 2 2 2 106 1521 6683 6680
11784 2 2 2 106 6682 6683 1524
11785 2 2 2 106 1527 6681 1526
11786 2 2 2 106 1520 6680 1519
11787 2 2 2 106 1524 6683 1523
11788 2 2 2 106 1522 6683 1521
11789 2 2 2 106 1528 6681 1527
11790 2 2 2 106 6681 6682 1526
11791 2 2 2 106 6680 6683 6682
11792 2 2 2 106 6682 6684 6680
11793 2 2 2 106 1523 6683 1522
11794 2 2 2 106 1519 6680 1532
11795 2 2 2 106 6681 6684 6682
11796 2 2 2 106 1531 6684 6681
11797 2 2 2 106 1529 6681 1528
11798 2 2 2 106 6680 6684 1532
11799 2 2 2 106 1531 6681 1530
11800 2 2 2 106 1530 6681 1529
11801 2 2 2 106 1532 6684 1531
11802 2 2 2 107 1536 6686 1535
11803 2 2 2 107 1546 6686 1545
11804 2 2 2 107 1543 6687 1542
11805 2 2 2 107 1536 6688 6686
11806 2 2 2 107 6686 6687 1545
11807 2 2 2 107 1533 6686 1546
11808 2 2 2 107 1535 6686 1534
11809 2 2 2 107 1545 6687 1544
11810 2 2 2 107 1537 6688 1536
11811 2 2 2 107 1539 6688 1538
11812 2 2 2 107 6686 6688 6687
11813 2 2 2 107 1542 6685 1541
11814 2 2 2 107 1542 6687 6685
11815 2 2 2 107 6687 6688 6685
11816 2 2 2 107 1540 6685 1539
11817 2 2 2 107 1538 6688 1537
11818 2 2 2 107 1544 6687 1543
11819 2 2 2 107 1534 6686 1533
11820 2 2 2 107 6685 6688 1539
11821 2 2 2 107 1541 6685 1540
11822 2 2 2 108 1547 6689 1563
11823 2 2 2 108 1555 6699 1554
11824 2 2 2 108 1553 6691 1552
11825 2 2 2 108 6691 6693 3103
11826 2 2 2 108 3101 6692 1561
11827 2 2 2 108 3103 6693 3102
11828 2 2 2 108 3102 6694 1562
11829 2 2 2 108 6693 6694 3102
11830 2 2 2 108 1563 6698 3103
11831 2 2 2 108 1562 6695 3101
11832 2 2 2 108 6694 6695 1562
11833 2 2 2 108 1554 6695 3100
11834 2 2 2 108 3099 6693 1553
11835 2 2 2 108 3100 6694 3099
11836 2 2 2 108 6689 6698 1563
11837 2 2 2 108 3099 6694 6693
11838 2 2 2 108 6692 6695 1554
11839 2 2 2 108 6692 6696 1561
11840 2 2 2 108 3103 6698 6691
11841 2 2 2 108 1553 6693 6691
11842 2 2 2 108 3100 6695 6694
11843 2 2 2 108 1559 6696 1558
11844 2 2 2 108 1551 6697 1550
11845 2 2 2 108 3101 6695 6692
11846 2 2 2 108 6691 6697 1552
11847 2 2 2 108 1550 6689 1549
11848 2 2 2 108 1548 6689 1547
11849 2 2 2 108 1554 6699 6692
11850 2 2 2 108 6692 6699 6696
11851 2 2 2 108 1558 6690 1557
11852 2 2 2 108 6696 6699 6690
11853 2 2 2 108 6697 6698 6689
11854 2 2 2 108 6690 6699 1555
11855 2 2 2 108 6691 6698 6697
11856 2 2 2 108 1556 6690 1555
11857 2 2 2 108 1561 6696 1560
11858 2 2 2 108 1550 6697 6689
11859 2 2 2 108 1560 6696 1559
11860 2 2 2 108 1558 6696 6690
11861 2 2 2 108 1552 6697 1551
11862 2 2 2 108 1549 6689 1548
11863 2 2 2 108 1557 6690 1556
11864 2 2 2 109 1579 6704 1578
11865 2 2 2 109 1576 6703 1575
11866 2 2 2 109 1580 6701 1579
11867 2 2 2 109 1571 6700 1570
11868 2 2 2 109 1567 6708 1566
11869 2 2 2 109 1577 6702 1576
11870 2 2 2 109 1568 6706 1567
11871 2 2 2 109 1581 6701 1580
11872 2 2 2 109 1572 6700 1571
11873 2 2 2 109 1575 6703 6700
11874 2 2 2 109 6702 6703 1576
11875 2 2 2 109 6700 6703 1570
11876 2 2 2 109 6701 6704 1579
11877 2 2 2 109 1578 6705 1577
11878 2 2 2 109 6703 6707 1569
11879 2 2 2 109 1577 6705 6702
11880 2 2 2 109 1566 6708 6701
11881 2 2 2 109 6702 6707 6703
11882 2 2 2 109 6705 6708 6706
11883 2 2 2 109 6704 6705 1578
11884 2 2 2 109 1568 6707 6706
11885 2 2 2 109 6706 6707 6702
11886 2 2 2 109 1569 6707 1568
11887 2 2 2 109 6706 6708 1567
11888 2 2 2 109 1564 6701 1581
11889 2 2 2 109 6704 6708 6705
11890 2 2 2 109 6705 6706 6702
11891 2 2 2 109 1573 6700 1572
11892 2 2 2 109 6701 6708 6704
11893 2 2 2 109 1566 6701 1565
11894 2 2 2 109 1575 6700 1574
11895 2 2 2 109 1565 6701 1564
11896 2 2 2 109 1574 6700 1573
11897 2 2 2 109 1570 6703 1569
11898 2 2 2 110 1592 6709 1591
11899 2 2 2 110 3104 6717 1585
11900 2 2 2 110 1593 6711 1592
11901 2 2 2 110 1582 6716 1597
11902 2 2 2 110 1595 6712 1594
11903 2 2 2 110 1586 6711 3107
11904 2 2 2 110 1591 6709 1590
11905 2 2 2 110 1592 6711 6709
11906 2 2 2 110 1587 6709 1586
11907 2 2 2 110 1593 6715 6711
11908 2 2 2 110 3105 6713 3104
11909 2 2 2 110 3105 6714 6713
11910 2 2 2 110 3106 6714 3105
11911 2 2 2 110 1594 6713 3109
11912 2 2 2 110 6709 6711 1586
11913 2 2 2 110 3106 6715 6714
11914 2 2 2 110 6713 6714 3109
11915 2 2 2 110 6711 6715 3107
11916 2 2 2 110 3107 6715 3106
11917 2 2 2 110 3109 6714 3108
11918 2 2 2 110 6712 6717 6713
11919 2 2 2 110 6714 6715 3108
11920 2 2 2 110 6713 6717 3104
11921 2 2 2 110 3108 6715 1593
11922 2 2 2 110 6712 6713 1594
11923 2 2 2 110 1595 6716 6712
11924 2 2 2 110 6710 6716 1582
11925 2 2 2 110 1597 6716 1596
11926 2 2 2 110 1585 6717 6710
11927 2 2 2 110 1583 6710 1582
11928 2 2 2 110 6710 6717 6712
11929 2 2 2 110 6712 6716 6710
11930 2 2 2 110 1585 6710 1584
11931 2 2 2 110 1588 6709 1587
11932 2 2 2 110 1590 6709 1589
11933 2 2 2 110 1596 6716 1595
11934 2 2 2 110 1584 6710 1583
11935 2 2 2 110 1589 6709 1588
11936 2 2 2 111 1603 6723 1602
11937 2 2 2 111 1599 6723 1598
11938 2 2 2 111 1613 6724 1612
11939 2 2 2 111 1607 6724 1606
11940 2 2 2 111 1606 6720 1605
11941 2 2 2 111 1614 6726 1613
11942 2 2 2 111 1598 6723 6718
11943 2 2 2 111 6721 6723 1603
11944 2 2 2 111 1612 6724 6719
11945 2 2 2 111 6721 6725 6718
11946 2 2 2 111 1600 6723 1599
11947 2 2 2 111 1602 6723 1601
11948 2 2 2 111 6718 6725 6722
11949 2 2 2 111 6719 6724 1607
11950 2 2 2 111 1605 6725 1604
11951 2 2 2 111 6718 6723 6721
11952 2 2 2 111 1606 6724 6720
11953 2 2 2 111 6720 6725 1605
11954 2 2 2 111 1604 6725 6721
11955 2 2 2 111 6718 6722 1615
11956 2 2 2 111 1613 6726 6724
11957 2 2 2 111 6724 6726 6720
11958 2 2 2 111 6722 6725 6720
11959 2 2 2 111 1615 6722 1614
11960 2 2 2 111 6720 6726 6722
11961 2 2 2 111 6722 6726 1614
11962 2 2 2 111 1601 6723 1600
11963 2 2 2 111 1612 6719 1611
11964 2 2 2 111 1608 6719 1607
11965 2 2 2 111 1609 6719 1608
11966 2 2 2 111 1611 6719 1610
11967 2 2 2 111 1610 6719 1609
11968 2 2 2 111 1598 6718 1615
11969 2 2 2 111 1604 6721 1603
11970 2 2 2 112 1620 6729 1619
11971 2 2 2 112 1627 6728 1626
11972 2 2 2 112 1628 6728 1627
11973 2 2 2 112 6729 6735 1619
11974 2 2 2 112 1630 6729 3115
11975 2 2 2 112 1629 6730 1628
11976 2 2 2 112 1631 6727 1630
11977 2 2 2 112 6727 6729 1630
11978 2 2 2 112 1621 6732 3110
11979 2 2 2 112 1622 6730 3112
11980 2 2 2 112 3114 6732 3113
11981 2 2 2 112 1626 6728 1625
11982 2 2 2 112 3115 6734 3114
11983 2 2 2 112 3114 6734 6732
11984 2 2 2 112 3113 6733 1629
11985 2 2 2 112 6731 6733 3113
11986 2 2 2 112 3110 6734 1620
11987 2 2 2 112 3113 6732 6731
11988 2 2 2 112 1628 6730 6728
11989 2 2 2 112 6732 6734 3110
11990 2 2 2 112 1620 6734 6729
11991 2 2 2 112 6727 6735 6729
11992 2 2 2 112 3112 6733 3111
11993 2 2 2 112 3111 6731 1621
11994 2 2 2 112 6731 6732 1621
11995 2 2 2 112 6729 6734 3115
11996 2 2 2 112 1617 6727 1616
11997 2 2 2 112 1632 6727 1631
11998 2 2 2 112 6730 6733 3112
11999 2 2 2 112 1629 6733 6730
12000 2 2 2 112 3111 6733 6731
12001 2 2 2 112 6728 6730 1622
12002 2 2 2 112 1625 6728 1624
12003 2 2 2 112 1623 6728 1622
12004 2 2 2 112 1619 6735 1618
12005 2 2 2 112 1616 6727 1632
12006 2 2 2 112 1617 6735 6727
12007 2 2 2 112 1618 6735 1617
12008 2 2 2 112 1624 6728 1623
12009 2 2 2 113 3117 6739 3116
12010 2 2 2 113 1645 6736 1644
12011 2 2 2 113 1644 6739 3118
12012 2 2 2 113 1643 6740 1642
12013 2 2 2 113 6738 6739 3117
12014 2 2 2 113 6736 6739 1644
12015 2 2 2 113 3116 6741 1634
12016 2 2 2 113 3118 6738 1643
12017 2 2 2 113 3118 6739 6738
12018 2 2 2 113 6739 6741 3116
12019 2 2 2 113 1635 6738 3117
12020 2 2 2 113 6737 6740 1637
12021 2 2 2 113 6738 6742 1643
12022 2 2 2 113 1648 6736 1647
12023 2 2 2 113 1646 6736 1645
12024 2 2 2 113 1633 6741 1648
12025 2 2 2 113 6736 6741 6739
12026 2 2 2 113 1638 6737 1637
12027 2 2 2 113 1639 6737 1638
12028 2 2 2 113 1642 6740 6737
12029 2 2 2 113 1648 6741 6736
12030 2 2 2 113 1643 6742 6740
12031 2 2 2 113 6740 6742 1636
12032 2 2 2 113 1647 6736 1646
12033 2 2 2 113 1634 6741 1633
12034 2 2 2 113 1635 6742 6738
12035 2 2 2 113 1636 6742 1635
12036 2 2 2 113 1640 6737 1639
12037 2 2 2 113 1642 6737 1641
12038 2 2 2 113 1641 6737 1640
12039 2 2 2 113 1637 6740 1636
12040 2 2 2 114 1651 6743 1650
12041 2 2 2 114 1658 6746 1657
12042 2 2 2 114 6745 6747 1656
12043 2 2 2 114 1661 6746 1660
12044 2 2 2 114 1659 6746 1658
12045 2 2 2 114 1651 6745 6743
12046 2 2 2 114 1656 6747 6744
12047 2 2 2 114 1657 6746 6745
12048 2 2 2 114 1662 6743 1661
12049 2 2 2 114 1650 6743 1649
12050 2 2 2 114 1660 6746 1659
12051 2 2 2 114 1651 6747 6745
12052 2 2 2 114 6743 6746 1661
12053 2 2 2 114 1649 6743 1662
12054 2 2 2 114 1653 6744 1652
12055 2 2 2 114 6744 6747 1652
12056 2 2 2 114 6745 6746 6743
12057 2 2 2 114 1654 6744 1653
12058 2 2 2 114 1656 6744 1655
12059 2 2 2 114 1655 6744 1654
12060 2 2 2 114 1652 6747 1651
12061 2 2 2 114 1657 6745 1656
12062 2 2 2 115 1663 6754 1682
12063 2 2 2 115 1669 6748 1668
12064 2 2 2 115 1672 6756 3119
12065 2 2 2 115 1669 6751 6748
12066 2 2 2 115 6751 6752 1682
12067 2 2 2 115 1682 6752 3120
12068 2 2 2 115 1680 6756 1679
12069 2 2 2 115 1670 6751 1669
12070 2 2 2 115 1679 6753 1678
12071 2 2 2 115 3119 6756 6750
12072 2 2 2 115 3120 6755 1681
12073 2 2 2 115 1682 6754 6751
12074 2 2 2 115 1673 6753 1672
12075 2 2 2 115 6750 6757 3119
12076 2 2 2 115 1671 6752 1670
12077 2 2 2 115 6753 6756 1672
12078 2 2 2 115 1665 6754 1664
12079 2 2 2 115 1670 6752 6751
12080 2 2 2 115 6751 6754 6748
12081 2 2 2 115 1671 6757 6752
12082 2 2 2 115 1678 6753 6749
12083 2 2 2 115 6752 6757 6755
12084 2 2 2 115 3119 6757 1671
12085 2 2 2 115 1668 6748 1667
12086 2 2 2 115 1666 6748 1665
12087 2 2 2 115 1674 6749 1673
12088 2 2 2 115 6749 6753 1673
12089 2 2 2 115 6752 6755 3120
12090 2 2 2 115 1664 6754 1663
12091 2 2 2 115 1675 6749 1674
12092 2 2 2 115 1679 6756 6753
12093 2 2 2 115 1681 6755 6750
12094 2 2 2 115 6748 6754 1665
12095 2 2 2 115 6750 6756 1680
12096 2 2 2 115 6755 6757 6750
12097 2 2 2 115 1667 6748 1666
12098 2 2 2 115 1681 6750 1680
12099 2 2 2 115 1676 6749 1675
12100 2 2 2 115 1678 6749 1677
12101 2 2 2 115 1677 6749 1676
12102 2 2 2 116 1683 6758 1697
12103 2 2 2 116 3121 6761 1696
12104 2 2 2 116 1697 6760 3121
12105 2 2 2 116 6758 6760 1697
12106 2 2 2 116 1692 6759 1691
12107 2 2 2 116 6760 6761 3121
12108 2 2 2 116 6760 6763 6761
12109 2 2 2 116 6761 6763 1690
12110 2 2 2 116 1693 6759 1692
12111 2 2 2 116 1687 6764 1686
12112 2 2 2 116 1686 6758 1685
12113 2 2 2 116 1684 6758 1683
12114 2 2 2 116 1696 6761 6759
12115 2 2 2 116 6759 6761 1691
12116 2 2 2 116 6758 6764 6760
12117 2 2 2 116 1690 6763 1689
12118 2 2 2 116 1686 6764 6758
12119 2 2 2 116 6760 6764 6762
12120 2 2 2 116 1688 6764 1687
12121 2 2 2 116 1685 6758 1684
12122 2 2 2 116 1694 6759 1693
12123 2 2 2 116 6762 6764 1688
12124 2 2 2 116 1689 6763 6762
12125 2 2 2 116 1696 6759 1695
12126 2 2 2 116 1695 6759 1694
12127 2 2 2 116 6762 6763 6760
12128 2 2 2 116 1689 6762 1688
12129 2 2 2 116 1691 6761 1690
12130 2 2 2 117 1698 6767 1711
12131 2 2 2 117 1702 6767 1701
12132 2 2 2 117 1705 6765 1704
12133 2 2 2 117 1711 6767 6766
12134 2 2 2 117 1711 6766 1710
12135 2 2 2 117 6765 6767 1702
12136 2 2 2 117 1706 6768 1705
12137 2 2 2 117 1708 6768 1707
12138 2 2 2 117 1701 6767 1700
12139 2 2 2 117 1699 6767 1698
12140 2 2 2 117 6767 6768 6766
12141 2 2 2 117 1703 6765 1702
12142 2 2 2 117 6765 6768 6767
12143 2 2 2 117 1709 6766 1708
12144 2 2 2 117 1707 6768 1706
12145 2 2 2 117 1705 6768 6765
12146 2 2 2 117 1700 6767 1699
12147 2 2 2 117 6766 6768 1708
12148 2 2 2 117 1704 6765 1703
12149 2 2 2 117 1710 6766 1709
12150 2 2 2 118 1713 6773 1712
12151 2 2 2 118 3122 6773 1715
12152 2 2 2 118 3125 6777 3124
12153 2 2 2 118 1727 6771 1726
12154 2 2 2 118 1716 6777 3123
12155 2 2 2 118 3124 6777 6772
12156 2 2 2 118 1718 6775 1717
12157 2 2 2 118 1725 6776 1724
12158 2 2 2 118 1719 6776 1718
12159 2 2 2 118 6771 6773 3122
12160 2 2 2 118 3122 6774 6771
12161 2 2 2 118 3123 6774 3122
12162 2 2 2 118 3124 6775 1725
12163 2 2 2 118 6774 6777 3125
12164 2 2 2 118 6769 6771 1727
12165 2 2 2 118 1726 6774 3125
12166 2 2 2 118 6772 6775 3124
12167 2 2 2 118 1712 6773 6769
12168 2 2 2 118 6771 6774 1726
12169 2 2 2 118 1714 6773 1713
12170 2 2 2 118 6775 6776 1725
12171 2 2 2 118 6769 6773 6771
12172 2 2 2 118 1712 6769 1729
12173 2 2 2 118 3123 6777 6774
12174 2 2 2 118 1728 6769 1727
12175 2 2 2 118 1718 6776 6775
12176 2 2 2 118 6770 6776 1719
12177 2 2 2 118 1717 6775 6772
12178 2 2 2 118 1724 6776 6770
12179 2 2 2 118 6772 6777 1716
12180 2 2 2 118 1720 6770 1719
12181 2 2 2 118 1724 6770 1723
12182 2 2 2 118 1715 6773 1714
12183 2 2 2 118 1729 6769 1728
12184 2 2 2 118 1717 6772 1716
12185 2 2 2 118 1721 6770 1720
12186 2 2 2 118 1723 6770 1722
12187 2 2 2 118 1722 6770 1721
12188 2 2 2 119 1730 6778 1745
12189 2 2 2 119 1745 6781 1744
12190 2 2 2 119 1738 6779 1737
12191 2 2 2 119 1744 6784 1743
12192 2 2 2 119 1737 6780 1736
12193 2 2 2 119 1736 6783 1735
12194 2 2 2 119 6778 6781 1745
12195 2 2 2 119 6779 6780 1737
12196 2 2 2 119 1735 6783 6782
12197 2 2 2 119 6784 6785 1743
12198 2 2 2 119 6783 6784 6781
12199 2 2 2 119 6780 6784 6783
12200 2 2 2 119 1733 6778 1732
12201 2 2 2 119 1731 6778 1730
12202 2 2 2 119 6781 6784 1744
12203 2 2 2 119 6780 6785 6784
12204 2 2 2 119 6779 6785 6780
12205 2 2 2 119 6782 6783 6781
12206 2 2 2 119 1739 6779 1738
12207 2 2 2 119 1741 6779 1740
12208 2 2 2 119 6778 6782 6781
12209 2 2 2 119 6780 6783 1736
12210 2 2 2 119 1735 6782 1734
12211 2 2 2 119 1732 6778 1731
12212 2 2 2 119 1733 6782 6778
12213 2 2 2 119 1743 6785 1742
12214 2 2 2 119 1740 6779 1739
12215 2 2 2 119 1734 6782 1733
12216 2 2 2 119 1741 6785 6779
12217 2 2 2 119 1742 6785 1741
12218 2 2 2 120 1751 6788 1750
12219 2 2 2 120 3129 6789 1758
12220 2 2 2 120 6788 6793 1750
12221 2 2 2 120 6789 6794 1758
12222 2 2 2 120 1750 6793 6786
12223 2 2 2 120 1760 6788 3131
12224 2 2 2 120 1752 6789 3128
12225 2 2 2 120 1758 6794 6787
12226 2 2 2 120 1750 6786 1749
12227 2 2 2 120 1758 6787 1757
12228 2 2 2 120 1751 6790 6788
12229 2 2 2 120 3126 6790 1751
12230 2 2 2 120 3126 6791 6790
12231 2 2 2 120 3127 6791 3126
12232 2 2 2 120 1759 6792 3129
12233 2 2 2 120 3129 6792 6789
12234 2 2 2 120 6788 6790 3131
12235 2 2 2 120 3128 6792 3127
12236 2 2 2 120 3131 6790 3130
12237 2 2 2 120 6790 6791 3130
12238 2 2 2 120 3130 6791 1759
12239 2 2 2 120 6789 6792 3128
12240 2 2 2 120 1760 6793 6788
12241 2 2 2 120 1746 6793 1761
12242 2 2 2 120 1752 6794 6789
12243 2 2 2 120 1754 6794 1753
12244 2 2 2 120 3127 6792 6791
12245 2 2 2 120 6791 6792 1759
12246 2 2 2 120 1749 6786 1748
12247 2 2 2 120 1747 6786 1746
12248 2 2 2 120 1757 6787 1756
12249 2 2 2 120 1755 6787 1754
12250 2 2 2 120 1761 6793 1760
12251 2 2 2 120 1753 6794 1752
12252 2 2 2 120 6786 6793 1746
12253 2 2 2 120 1748 6786 1747
12254 2 2 2 120 6787 6794 1754
12255 2 2 2 120 1756 6787 1755
12256 2 2 2 121 1772 6795 1771
12257 2 2 2 121 1771 6795 1770
12258 2 2 2 121 1773 6795 1772
12259 2 2 2 121 1777 6796 1776
12260 2 2 2 121 6797 6798 1767
12261 2 2 2 121 6796 6798 6797
12262 2 2 2 121 1775 6801 1774
12263 2 2 2 121 1769 6797 1768
12264 2 2 2 121 6797 6801 6796
12265 2 2 2 121 1762 6800 1777
12266 2 2 2 121 1764 6800 1763
12267 2 2 2 121 1770 6799 1769
12268 2 2 2 121 6796 6800 6798
12269 2 2 2 121 1765 6798 1764
12270 2 2 2 121 1776 6801 1775
12271 2 2 2 121 1763 6800 1762
12272 2 2 2 121 6799 6801 6797
12273 2 2 2 121 1774 6795 1773
12274 2 2 2 121 1768 6797 1767
12275 2 2 2 121 6795 6799 1770
12276 2 2 2 121 1774 6801 6795
12277 2 2 2 121 1769 6799 6797
12278 2 2 2 121 1777 6800 6796
12279 2 2 2 121 6795 6801 6799
12280 2 2 2 121 6798 6800 1764
12281 2 2 2 121 1766 6798 1765
12282 2 2 2 121 6796 6801 1776
12283 2 2 2 121 1767 6798 1766
12284 2 2 2 122 1784 6803 1783
12285 2 2 2 122 1790 6804 1789
12286 2 2 2 122 1781 6805 1780
12287 2 2 2 122 1789 6804 1788
12288 2 2 2 122 1791 6802 1790
12289 2 2 2 122 1785 6807 1784
12290 2 2 2 122 1783 6803 1782
12291 2 2 2 122 6802 6804 1790
12292 2 2 2 122 6802 6808 6804
12293 2 2 2 122 1784 6807 6803
12294 2 2 2 122 6805 6808 6802
12295 2 2 2 122 1778 6809 1793
12296 2 2 2 122 1782 6808 1781
12297 2 2 2 122 6804 6808 6803
12298 2 2 2 122 6802 6806 6805
12299 2 2 2 122 6804 6807 1788
12300 2 2 2 122 6803 6807 6804
12301 2 2 2 122 6806 6809 6805
12302 2 2 2 122 1786 6807 1785
12303 2 2 2 122 1788 6807 1787
12304 2 2 2 122 6805 6809 1780
12305 2 2 2 122 1792 6806 1791
12306 2 2 2 122 1780 6809 1779
12307 2 2 2 122 1793 6806 1792
12308 2 2 2 122 1791 6806 6802
12309 2 2 2 122 1781 6808 6805
12310 2 2 2 122 6803 6808 1782
12311 2 2 2 122 1793 6809 6806
12312 2 2 2 122 1779 6809 1778
12313 2 2 2 122 1787 6807 1786
12314 2 2 2 123 1800 6812 1799
12315 2 2 2 123 1799 6813 1798
12316 2 2 2 123 1806 6811 1805
12317 2 2 2 123 6811 6813 1799
12318 2 2 2 123 1798 6813 1797
12319 2 2 2 123 1807 6810 1806
12320 2 2 2 123 1805 6811 1804
12321 2 2 2 123 1799 6812 6811
12322 2 2 2 123 6810 6811 1806
12323 2 2 2 123 6810 6813 6811
12324 2 2 2 123 1808 6815 1807
12325 2 2 2 123 1794 6815 1809
12326 2 2 2 123 6810 6815 6813
12327 2 2 2 123 6813 6815 6814
12328 2 2 2 123 6813 6814 1797
12329 2 2 2 123 1797 6814 1796
12330 2 2 2 123 1795 6814 1794
12331 2 2 2 123 1809 6815 1808
12332 2 2 2 123 1804 6812 1803
12333 2 2 2 123 6811 6812 1804
12334 2 2 2 123 1807 6815 6810
12335 2 2 2 123 6814 6815 1794
12336 2 2 2 123 1796 6814 1795
12337 2 2 2 123 1803 6812 1802
12338 2 2 2 123 1801 6812 1800
12339 2 2 2 123 1802 6812 1801
12340 2 2 2 124 1812 6816 1811
12341 2 2 2 124 6817 6818 1813
12342 2 2 2 124 6818 6819 1813
12343 2 2 2 124 1814 6817 1813
12344 2 2 2 124 1812 6819 6816
12345 2 2 2 124 1819 6818 6817
12346 2 2 2 124 1815 6817 1814
12347 2 2 2 124 1822 6820 1821
12348 2 2 2 124 1823 6816 1822
12349 2 2 2 124 1811 6816 1810
12350 2 2 2 124 6819 6820 6816
12351 2 2 2 124 6818 6820 6819
12352 2 2 2 124 1819 6817 1818
12353 2 2 2 124 1820 6820 6818
12354 2 2 2 124 1821 6820 1820
12355 2 2 2 124 6816 6820 1822
12356 2 2 2 124 1810 6816 1823
12357 2 2 2 124 1816 6817 1815
12358 2 2 2 124 1818 6817 1817
12359 2 2 2 124 1817 6817 1816
12360 2 2 2 124 1813 6819 1812
12361 2 2 2 124 1820 6818 1819
12362 2 2 2 125 3135 6822 1825
12363 2 2 2 125 3132 6821 1824
12364 2 2 2 125 3133 6821 3132
12365 2 2 2 125 3134 6822 3133
12366 2 2 2 125 1824 6821 3135
12367 2 2 2 125 3133 6822 6821
12368 2 2 2 125 1825 6822 3134
12369 2 2 2 125 6821 6822 3135
12370 2 2 2 125 1826 1824 3135
12371 2 2 2 126 1831 6823 1832
12372 2 2 2 126 1836 6824 1837
12373 2 2 2 126 1830 6826 1831
12374 2 2 2 126 6823 6825 1837
12375 2 2 2 126 1837 6824 6823
12376 2 2 2 126 1829 6826 1830
12377 2 2 2 126 1828 6825 3136
12378 2 2 2 126 1837 6825 1838
12379 2 2 2 126 1831 6826 6823
12380 2 2 2 126 1838 6825 1828
12381 2 2 2 126 6823 6826 6825
12382 2 2 2 126 6825 6826 3136
12383 2 2 2 126 6823 6824 1832
12384 2 2 2 126 1834 6824 1835
12385 2 2 2 126 1833 6824 1834
12386 2 2 2 126 1835 6824 1836
12387 2 2 2 126 1832 6824 1833
12388 2 2 2 126 3136 6826 1829
12389 2 2 2 126 3136 1827 1828
12390 2 2 2 129 1847 6827 1846
12391 2 2 2 129 1841 6830 1840
12392 2 2 2 129 1849 6831 1848
12393 2 2 2 129 3137 6835 1847
12394 2 2 2 129 1857 6828 1856
12395 2 2 2 129 1840 6832 1839
12396 2 2 2 129 1847 6835 6827
12397 2 2 2 129 3137 6832 6830
12398 2 2 2 129 6830 6835 3137
12399 2 2 2 129 1839 6831 1857
12400 2 2 2 129 1848 6832 3137
12401 2 2 2 129 1839 6832 6831
12402 2 2 2 129 1843 6833 1842
12403 2 2 2 129 6830 6832 1840
12404 2 2 2 129 1846 6827 1845
12405 2 2 2 129 1844 6827 1843
12406 2 2 2 129 1841 6833 6830
12407 2 2 2 129 1849 6834 6831
12408 2 2 2 129 6831 6832 1848
12409 2 2 2 129 6831 6834 1857
12410 2 2 2 129 1842 6833 1841
12411 2 2 2 129 6827 6835 6833
12412 2 2 2 129 6827 6833 1843
12413 2 2 2 129 6833 6835 6830
12414 2 2 2 129 1857 6834 6828
12415 2 2 2 129 1845 6827 1844
12416 2 2 2 129 6828 6834 1850
12417 2 2 2 129 6828 6829 1856
12418 2 2 2 129 1856 6829 1855
12419 2 2 2 129 1855 6829 1854
12420 2 2 2 129 1851 6829 6828
12421 2 2 2 129 1850 6834 1849
12422 2 2 2 129 1854 6829 1853
12423 2 2 2 129 1852 6829 1851
12424 2 2 2 129 1853 6829 1852
12425 2 2 2 129 1851 6828 1850
12426 2 2 2 130 1870 6836 1869
12427 2 2 2 130 6836 6837 1869
12428 2 2 2 130 6837 6838 1868
12429 2 2 2 130 1860 6839 1859
12430 2 2 2 130 1863 6838 6837
12431 2 2 2 130 6837 6839 1862
12432 2 2 2 130 1871 6836 1870
12433 2 2 2 130 1859 6836 1858
12434 2 2 2 130 6836 6839 6837
12435 2 2 2 130 1862 6839 1861
12436 2 2 2 130 1861 6839 1860
12437 2 2 2 130 1868 6838 1867
12438 2 2 2 130 1864 6838 1863
12439 2 2 2 130 1859 6839 6836
12440 2 2 2 130 1858 6836 1871
12441 2 2 2 130 1867 6838 1866
12442 2 2 2 130 1865 6838 1864
12443 2 2 2 130 1866 6838 1865
12444 2 2 2 130 1863 6837 1862
12445 2 2 2 130 1869 6837 1868
12446 2 2 2 131 1875 6842 1874
12447 2 2 2 131 1881 6843 1880
12448 2 2 2 131 1877 6842 1876
12449 2 2 2 131 1883 6843 1882
12450 2 2 2 131 1872 6840 1883
12451 2 2 2 131 1878 6841 1877
12452 2 2 2 131 1874 6840 1873
12453 2 2 2 131 1880 6841 1879
12454 2 2 2 131 1876 6842 1875
12455 2 2 2 131 1882 6843 1881
12456 2 2 2 131 1874 6842 6840
12457 2 2 2 131 1880 6843 6841
12458 2 2 2 131 6841 6842 1877
12459 2 2 2 131 6840 6843 1883
12460 2 2 2 131 1873 6840 1872
12461 2 2 2 131 1879 6841 1878
12462 2 2 2 131 6842 6843 6840
12463 2 2 2 131 6841 6843 6842
12464 2 2 2 132 1889 6845 1888
12465 2 2 2 132 6846 6847 1898
12466 2 2 2 132 1896 6849 1895
12467 2 2 2 132 1888 6845 1887
12468 2 2 2 132 1890 6844 1889
12469 2 2 2 132 6844 6845 1889
12470 2 2 2 132 6845 6847 6846
12471 2 2 2 132 6844 6847 6845
12472 2 2 2 132 6844 6849 6847
12473 2 2 2 132 6846 6850 6845
12474 2 2 2 132 1892 6851 1891
12475 2 2 2 132 6845 6850 1887
12476 2 2 2 132 6844 6851 6849
12477 2 2 2 132 1885 6846 1884
12478 2 2 2 132 1899 6846 1898
12479 2 2 2 132 1895 6849 6848
12480 2 2 2 132 1893 6848 1892
12481 2 2 2 132 6849 6851 6848
12482 2 2 2 132 1897 6847 1896
12483 2 2 2 132 1895 6848 1894
12484 2 2 2 132 1891 6851 1890
12485 2 2 2 132 1887 6850 1886
12486 2 2 2 132 1884 6846 1899
12487 2 2 2 132 1894 6848 1893
12488 2 2 2 132 6848 6851 1892
12489 2 2 2 132 1890 6851 6844
12490 2 2 2 132 6847 6849 1896
12491 2 2 2 132 1886 6850 1885
12492 2 2 2 132 1885 6850 6846
12493 2 2 2 132 1898 6847 1897
12494 2 2 2 133 1907 6852 1908
12495 2 2 2 133 1903 6854 1904
12496 2 2 2 133 1908 6852 1909
12497 2 2 2 133 3138 6853 1910
12498 2 2 2 133 1909 6852 3138
12499 2 2 2 133 1904 6854 6852
12500 2 2 2 133 1900 6853 1902
12501 2 2 2 133 6852 6854 3138
12502 2 2 2 133 1906 6852 1907
12503 2 2 2 133 1904 6852 1905
12504 2 2 2 133 1902 6854 1903
12505 2 2 2 133 1901 6853 1900
12506 2 2 2 133 6853 6854 1902
12507 2 2 2 133 1910 6853 1901
12508 2 2 2 133 3138 6854 6853
12509 2 2 2 133 1905 6852 1906
12510 2 2 2 134 1912 6855 3139
12511 2 2 2 134 1917 6855 1912
12512 2 2 2 134 1916 6855 1917
12513 2 2 2 134 1914 6855 1915
12514 2 2 2 134 3139 6855 1914
12515 2 2 2 134 1915 6855 1916
12516 2 2 2 134 1913 1911 3139
12517 2 2 2 134 1913 3139 1914
12518 2 2 2 135 1934 6857 1933
12519 2 2 2 135 1928 6859 1927
12520 2 2 2 135 1918 6861 3143
12521 2 2 2 135 6857 6859 1928
12522 2 2 2 135 1925 6858 1924
12523 2 2 2 135 3141 6859 1934
12524 2 2 2 135 1933 6857 1932
12525 2 2 2 135 1934 6859 6857
12526 2 2 2 135 1921 6861 1920
12527 2 2 2 135 3143 6860 1935
12528 2 2 2 135 6860 6862 1935
12529 2 2 2 135 1935 6862 3142
12530 2 2 2 135 6858 6860 3143
12531 2 2 2 135 1927 6863 1926
12532 2 2 2 135 6859 6863 1927
12533 2 2 2 135 3143 6861 6858
12534 2 2 2 135 1929 6857 1928
12535 2 2 2 135 1924 6858 6856
12536 2 2 2 135 3140 6860 1925
12537 2 2 2 135 1926 6862 3140
12538 2 2 2 135 3140 6862 6860
12539 2 2 2 135 3142 6863 3141
12540 2 2 2 135 3141 6863 6859
12541 2 2 2 135 1925 6860 6858
12542 2 2 2 135 6858 6861 6856
12543 2 2 2 135 1920 6861 1919
12544 2 2 2 135 6862 6863 3142
12545 2 2 2 135 1926 6863 6862
12546 2 2 2 135 1922 6856 1921
12547 2 2 2 135 6856 6861 1921
12548 2 2 2 135 1930 6857 1929
12549 2 2 2 135 1932 6857 1931
12550 2 2 2 135 1924 6856 1923
12551 2 2 2 135 1919 6861 1918
12552 2 2 2 135 1923 6856 1922
12553 2 2 2 135 1931 6857 1930
12554 2 2 2 136 1937 6866 3144
12555 2 2 2 136 3144 6865 1936
12556 2 2 2 136 1943 6866 1944
12557 2 2 2 136 1942 6864 1943
12558 2 2 2 136 1940 6864 1941
12559 2 2 2 136 1939 6865 1940
12560 2 2 2 136 1936 6865 1938
12561 2 2 2 136 1940 6865 6864
12562 2 2 2 136 1944 6866 1937
12563 2 2 2 136 6864 6865 3144
12564 2 2 2 136 6864 6866 1943
12565 2 2 2 136 3144 6866 6864
12566 2 2 2 136 1938 6865 1939
12567 2 2 2 136 1941 6864 1942
12568 2 2 2 137 1947 3145 1948
12569 2 2 2 137 1947 1945 3145
12570 2 2 2 137 1949 3145 1950
12571 2 2 2 137 3145 1945 1946
12572 2 2 2 137 3145 1946 1951
12573 2 2 2 137 1948 3145 1949
12574 2 2 2 138 1959 6871 1958
12575 2 2 2 138 1955 6867 1954
12576 2 2 2 138 1971 6867 1970
12577 2 2 2 138 1958 6869 1957
12578 2 2 2 138 1960 6873 1959
12579 2 2 2 138 1967 6871 1966
12580 2 2 2 138 1966 6873 1965
12581 2 2 2 138 1969 6875 1968
12582 2 2 2 138 1970 6876 1969
12583 2 2 2 138 1958 6871 6869
12584 2 2 2 138 1959 6873 6871
12585 2 2 2 138 6867 6876 1970
12586 2 2 2 138 1955 6870 6867
12587 2 2 2 138 6875 6876 6872
12588 2 2 2 138 6868 6873 1960
12589 2 2 2 138 6871 6874 6869
12590 2 2 2 138 6869 6872 1957
12591 2 2 2 138 1965 6873 6868
12592 2 2 2 138 1967 6874 6871
12593 2 2 2 138 6872 6876 6870
12594 2 2 2 138 1954 6867 1953
12595 2 2 2 138 1952 6867 1971
12596 2 2 2 138 1969 6876 6875
12597 2 2 2 138 1968 6875 6874
12598 2 2 2 138 6871 6873 1966
12599 2 2 2 138 6870 6876 6867
12600 2 2 2 138 6869 6875 6872
12601 2 2 2 138 1956 6872 6870
12602 2 2 2 138 1968 6874 1967
12603 2 2 2 138 1957 6872 1956
12604 2 2 2 138 6874 6875 6869
12605 2 2 2 138 1961 6868 1960
12606 2 2 2 138 1953 6867 1952
12607 2 2 2 138 1965 6868 1964
12608 2 2 2 138 1962 6868 1961
12609 2 2 2 138 1964 6868 1963
12610 2 2 2 138 1963 6868 1962
12611 2 2 2 138 1956 6870 1955
12612 2 2 2 139 1975 6879 1974
12613 2 2 2 139 1980 6878 1979
12614 2 2 2 139 1984 6880 1983
12615 2 2 2 139 6878 6879 1975
12616 2 2 2 139 1973 6882 1972
12617 2 2 2 139 1983 6877 1982
12618 2 2 2 139 1985 6880 1984
12619 2 2 2 139 1982 6881 1981
12620 2 2 2 139 1976 6878 1975
12621 2 2 2 139 1980 6881 6878
12622 2 2 2 139 1983 6880 6877
12623 2 2 2 139 6878 6881 6879
12624 2 2 2 139 1981 6881 1980
12625 2 2 2 139 6877 6882 6879
12626 2 2 2 139 6879 6881 6877
12627 2 2 2 139 6880 6882 6877
12628 2 2 2 139 6877 6881 1982
12629 2 2 2 139 1974 6879 1973
12630 2 2 2 139 1986 6880 1985
12631 2 2 2 139 1972 6880 1987
12632 2 2 2 139 1972 6882 6880
12633 2 2 2 139 1977 6878 1976
12634 2 2 2 139 1979 6878 1978
12635 2 2 2 139 1987 6880 1986
12636 2 2 2 139 1978 6878 1977
12637 2 2 2 139 6879 6882 1973
12638 2 2 2 140 2003 6885 3146
12639 2 2 2 140 1993 6885 1992
12640 2 2 2 140 1994 6887 1993
12641 2 2 2 140 2004 6883 2003
12642 2 2 2 140 2002 6886 2001
12643 2 2 2 140 6883 6885 2003
12644 2 2 2 140 3146 6887 2002
12645 2 2 2 140 6885 6887 3146
12646 2 2 2 140 6885 6888 1992
12647 2 2 2 140 1993 6887 6885
12648 2 2 2 140 1994 6889 6887
12649 2 2 2 140 6884 6886 1996
12650 2 2 2 140 1990 6883 1989
12651 2 2 2 140 1988 6883 2004
12652 2 2 2 140 6883 6888 6885
12653 2 2 2 140 6887 6889 2002
12654 2 2 2 140 2001 6886 6884
12655 2 2 2 140 6886 6889 1995
12656 2 2 2 140 1992 6888 1991
12657 2 2 2 140 1989 6883 1988
12658 2 2 2 140 2002 6889 6886
12659 2 2 2 140 1995 6889 1994
12660 2 2 2 140 1990 6888 6883
12661 2 2 2 140 1991 6888 1990
12662 2 2 2 140 1997 6884 1996
12663 2 2 2 140 2001 6884 2000
12664 2 2 2 140 1998 6884 1997
12665 2 2 2 140 2000 6884 1999
12666 2 2 2 140 1999 6884 1998
12667 2 2 2 140 1996 6886 1995
12668 2 2 2 141 2007 6893 2006
12669 2 2 2 141 2008 6890 2007
12670 2 2 2 141 6890 6893 2007
12671 2 2 2 141 2016 6891 2015
12672 2 2 2 141 6891 6892 2015
12673 2 2 2 141 6890 6894 6891
12674 2 2 2 141 6891 6894 6892
12675 2 2 2 141 2010 6894 2009
12676 2 2 2 141 2012 6894 2011
12677 2 2 2 141 2018 6891 2017
12678 2 2 2 141 6891 6893 6890
12679 2 2 2 141 2013 6892 2012
12680 2 2 2 141 2015 6892 2014
12681 2 2 2 141 2011 6894 2010
12682 2 2 2 141 2009 6890 2008
12683 2 2 2 141 2006 6893 2005
12684 2 2 2 141 2017 6891 2016
12685 2 2 2 141 6892 6894 2012
12686 2 2 2 141 2014 6892 2013
12687 2 2 2 141 2009 6894 6890
12688 2 2 2 141 2018 6893 6891
12689 2 2 2 141 2005 6893 2018
12690 2 2 2 142 2025 6895 2024
12691 2 2 2 142 6895 6898 2024
12692 2 2 2 142 2023 6898 2022
12693 2 2 2 142 2033 6899 6897
12694 2 2 2 142 2026 6902 6895
12695 2 2 2 142 2032 6897 2031
12696 2 2 2 142 2036 6896 2035
12697 2 2 2 142 2034 6899 2033
12698 2 2 2 142 2027 6902 2026
12699 2 2 2 142 6897 6899 6895
12700 2 2 2 142 6895 6899 6898
12701 2 2 2 142 2035 6901 2034
12702 2 2 2 142 6895 6902 6897
12703 2 2 2 142 2019 6896 2036
12704 2 2 2 142 6896 6901 2035
12705 2 2 2 142 6899 6901 6898
12706 2 2 2 142 2031 6900 2030
12707 2 2 2 142 6897 6900 2031
12708 2 2 2 142 2034 6901 6899
12709 2 2 2 142 2022 6898 6896
12710 2 2 2 142 6898 6901 6896
12711 2 2 2 142 2020 6896 2019
12712 2 2 2 142 2030 6900 2029
12713 2 2 2 142 2022 6896 2021
12714 2 2 2 142 2028 6900 2027
12715 2 2 2 142 6897 6902 6900
12716 2 2 2 142 6900 6902 2027
12717 2 2 2 142 2021 6896 2020
12718 2 2 2 142 2029 6900 2028
12719 2 2 2 142 2024 6898 2023
12720 2 2 2 142 2026 6895 2025
12721 2 2 2 142 2033 6897 2032
12722 2 2 2 143 2049 6905 6903
12723 2 2 2 143 2049 6906 6905
12724 2 2 2 143 2044 6903 2043
12725 2 2 2 143 2045 6903 2044
12726 2 2 2 143 6903 6905 2043
12727 2 2 2 143 2037 6906 2050
12728 2 2 2 143 2041 6907 2040
12729 2 2 2 143 2040 6904 2039
12730 2 2 2 143 2038 6904 2037
12731 2 2 2 143 2050 6906 2049
12732 2 2 2 143 2040 6907 6904
12733 2 2 2 143 6904 6906 2037
12734 2 2 2 143 6905 6907 2042
12735 2 2 2 143 2042 6907 2041
12736 2 2 2 143 2039 6904 2038
12737 2 2 2 143 2046 6903 2045
12738 2 2 2 143 6906 6907 6905
12739 2 2 2 143 2048 6903 2047
12740 2 2 2 143 6904 6907 6906
12741 2 2 2 143 2047 6903 2046
12742 2 2 2 143 2043 6905 2042
12743 2 2 2 143 2049 6903 2048
12744 2 2 2 144 2063 6915 2062
12745 2 2 2 144 2054 6912 2053
12746 2 2 2 144 2060 6917 2059
12747 2 2 2 144 2055 6908 2054
12748 2 2 2 144 2051 6911 2068
12749 2 2 2 144 2061 6910 2060
12750 2 2 2 144 2052 6914 2051
12751 2 2 2 144 2056 6908 2055
12752 2 2 2 144 2068 6911 6909
12753 2 2 2 144 6908 6912 2054
12754 2 2 2 144 2053 6916 2052
12755 2 2 2 144 2064 6909 2063
12756 2 2 2 144 2059 6917 6908
12757 2 2 2 144 6911 6914 6913
12758 2 2 2 144 6913 6914 6910
12759 2 2 2 144 2068 6909 2067
12760 2 2 2 144 6916 6917 6910
12761 2 2 2 144 2061 6913 6910
12762 2 2 2 144 2051 6914 6911
12763 2 2 2 144 6909 6915 2063
12764 2 2 2 144 6910 6917 2060
12765 2 2 2 144 2052 6916 6914
12766 2 2 2 144 6911 6915 6909
12767 2 2 2 144 6912 6916 2053
12768 2 2 2 144 2062 6913 2061
12769 2 2 2 144 6912 6917 6916
12770 2 2 2 144 6914 6916 6910
12771 2 2 2 144 2057 6908 2056
12772 2 2 2 144 6908 6917 6912
12773 2 2 2 144 2067 6909 2066
12774 2 2 2 144 2065 6909 2064
12775 2 2 2 144 2062 6915 6913
12776 2 2 2 144 2059 6908 2058
12777 2 2 2 144 6913 6915 6911
12778 2 2 2 144 2058 6908 2057
12779 2 2 2 144 2066 6909 2065
12780 2 2 2 145 2084 6923 2083
12781 2 2 2 145 3147 6925 2070
12782 2 2 2 145 2071 6922 3147
12783 2 2 2 145 2079 6920 2078
12784 2 2 2 145 2081 6921 2080
12785 2 2 2 145 2080 6922 2079
12786 2 2 2 145 3147 6922 6921
12787 2 2 2 145 6918 6923 2084
12788 2 2 2 145 2071 6924 6922
12789 2 2 2 145 2079 6924 6920
12790 2 2 2 145 2083 6923 2082
12791 2 2 2 145 2085 6918 2084
12792 2 2 2 145 2081 6923 6921
12793 2 2 2 145 6921 6925 3147
12794 2 2 2 145 6921 6922 2080
12795 2 2 2 145 2070 6918 2069
12796 2 2 2 145 6918 6925 6923
12797 2 2 2 145 6923 6925 6921
12798 2 2 2 145 2078 6919 2077
12799 2 2 2 145 2070 6925 6918
12800 2 2 2 145 2072 6920 3148
12801 2 2 2 145 3148 6924 2071
12802 2 2 2 145 2077 6919 2076
12803 2 2 2 145 6922 6924 2079
12804 2 2 2 145 2073 6919 2072
12805 2 2 2 145 2082 6923 2081
12806 2 2 2 145 2069 6918 2085
12807 2 2 2 145 2078 6920 6919
12808 2 2 2 145 6919 6920 2072
12809 2 2 2 145 6920 6924 3148
12810 2 2 2 145 2074 6919 2073
12811 2 2 2 145 2076 6919 2075
12812 2 2 2 145 2075 6919 2074
12813 2 2 2 146 2097 6926 2096
12814 2 2 2 146 6926 6928 2096
12815 2 2 2 146 2090 6927 2089
12816 2 2 2 146 2091 6927 2090
12817 2 2 2 146 6929 6930 2088
12818 2 2 2 146 2086 6926 2099
12819 2 2 2 146 2098 6926 2097
12820 2 2 2 146 6926 6930 6928
12821 2 2 2 146 6928 6930 6929
12822 2 2 2 146 6927 6929 2089
12823 2 2 2 146 2094 6928 6927
12824 2 2 2 146 2088 6930 2087
12825 2 2 2 146 2099 6926 2098
12826 2 2 2 146 6928 6929 6927
12827 2 2 2 146 2092 6927 2091
12828 2 2 2 146 2086 6930 6926
12829 2 2 2 146 2087 6930 2086
12830 2 2 2 146 2094 6927 2093
12831 2 2 2 146 2093 6927 2092
12832 2 2 2 146 2089 6929 2088
12833 2 2 2 146 2095 6928 2094
12834 2 2 2 146 2096 6928 2095
12835 2 2 2 147 2109 6931 2108
12836 2 2 2 147 3150 6935 6931
12837 2 2 2 147 2116 6936 2115
12838 2 2 2 147 6933 6935 3150
12839 2 2 2 147 3150 6941 6933
12840 2 2 2 147 3149 6938 6934
12841 2 2 2 147 2104 6937 2103
12842 2 2 2 147 6937 6938 2103
12843 2 2 2 147 2103 6938 3149
12844 2 2 2 147 2113 6934 3153
12845 2 2 2 147 6931 6935 2108
12846 2 2 2 147 3149 6940 2102
12847 2 2 2 147 2105 6939 2104
12848 2 2 2 147 3152 6937 3151
12849 2 2 2 147 3153 6938 3152
12850 2 2 2 147 3152 6938 6937
12851 2 2 2 147 6932 6936 2116
12852 2 2 2 147 6934 6938 3153
12853 2 2 2 147 6937 6941 3151
12854 2 2 2 147 6934 6940 3149
12855 2 2 2 147 6939 6941 6937
12856 2 2 2 147 2115 6936 2114
12857 2 2 2 147 3151 6941 3150
12858 2 2 2 147 2100 6932 2116
12859 2 2 2 147 2113 6936 6934
12860 2 2 2 147 2110 6931 2109
12861 2 2 2 147 2102 6932 2101
12862 2 2 2 147 2112 6931 2111
12863 2 2 2 147 2104 6939 6937
12864 2 2 2 147 2102 6940 6932
12865 2 2 2 147 6932 6940 6936
12866 2 2 2 147 6936 6940 6934
12867 2 2 2 147 6933 6939 2105
12868 2 2 2 147 2106 6935 6933
12869 2 2 2 147 6933 6941 6939
12870 2 2 2 147 2114 6936 2113
12871 2 2 2 147 2101 6932 2100
12872 2 2 2 147 2106 6933 2105
12873 2 2 2 147 2111 6931 2110
12874 2 2 2 147 2107 6935 2106
12875 2 2 2 147 2108 6935 2107
12876 2 2 2 147 3150 6931 2112
12877 2 2 2 148 2129 6947 2128
12878 2 2 2 148 2117 6946 2133
12879 2 2 2 148 2131 6945 2130
12880 2 2 2 148 2121 6950 3154
12881 2 2 2 148 3154 6948 2120
12882 2 2 2 148 6944 6947 2129
12883 2 2 2 148 2129 6949 6944
12884 2 2 2 148 6942 6946 2117
12885 2 2 2 148 2124 6943 2123
12886 2 2 2 148 2130 6949 2129
12887 2 2 2 148 6948 6950 6945
12888 2 2 2 148 2128 6947 6943
12889 2 2 2 148 2133 6946 2132
12890 2 2 2 148 2118 6942 2117
12891 2 2 2 148 6945 6950 6949
12892 2 2 2 148 3154 6950 6948
12893 2 2 2 148 2120 6942 2119
12894 2 2 2 148 2125 6943 2124
12895 2 2 2 148 2131 6946 6945
12896 2 2 2 148 2120 6948 6942
12897 2 2 2 148 6945 6949 2130
12898 2 2 2 148 6942 6948 6946
12899 2 2 2 148 6946 6948 6945
12900 2 2 2 148 6943 6947 2123
12901 2 2 2 148 6949 6950 6944
12902 2 2 2 148 2132 6946 2131
12903 2 2 2 148 2119 6942 2118
12904 2 2 2 148 6944 6950 2121
12905 2 2 2 148 2122 6944 2121
12906 2 2 2 148 2122 6947 6944
12907 2 2 2 148 2126 6943 2125
12908 2 2 2 148 2128 6943 2127
12909 2 2 2 148 2127 6943 2126
12910 2 2 2 148 2123 6947 2122
12911 2 2 2 149 2141 6954 2140
12912 2 2 2 149 2152 6957 2151
12913 2 2 2 149 2142 6956 2141
12914 2 2 2 149 2148 6956 2147
12915 2 2 2 149 2150 6960 2149
12916 2 2 2 149 2137 6957 6952
12917 2 2 2 149 2137 6958 6957
12918 2 2 2 149 2141 6956 6954
12919 2 2 2 149 2149 6954 2148
12920 2 2 2 149 6954 6959 2140
12921 2 2 2 149 6953 6956 2142
12922 2 2 2 149 2147 6956 6953
12923 2 2 2 149 6954 6956 2148
12924 2 2 2 149 2149 6960 6954
12925 2 2 2 149 6951 6960 6955
12926 2 2 2 149 6955 6958 6951
12927 2 2 2 149 2140 6959 2139
12928 2 2 2 149 2147 6953 2146
12929 2 2 2 149 6954 6960 6959
12930 2 2 2 149 6959 6960 6951
12931 2 2 2 149 2146 6953 2145
12932 2 2 2 149 2153 6952 2152
12933 2 2 2 149 6955 6960 2150
12934 2 2 2 149 2139 6959 6951
12935 2 2 2 149 6957 6958 6955
12936 2 2 2 149 6952 6957 2152
12937 2 2 2 149 2151 6955 2150
12938 2 2 2 149 2138 6958 2137
12939 2 2 2 149 6951 6958 2138
12940 2 2 2 149 2151 6957 6955
12941 2 2 2 149 2134 6952 2153
12942 2 2 2 149 2136 6952 2135
12943 2 2 2 149 2145 6953 2144
12944 2 2 2 149 2135 6952 2134
12945 2 2 2 149 2143 6953 2142
12946 2 2 2 149 2144 6953 2143
12947 2 2 2 149 2139 6951 2138
12948 2 2 2 149 2137 6952 2136
12949 2 2 2 150 2164 6966 2163
12950 2 2 2 150 2158 6964 2157
12951 2 2 2 150 2165 6961 2164
12952 2 2 2 150 6961 6966 2164
12953 2 2 2 150 2154 6965 2167
12954 2 2 2 150 2166 6965 2165
12955 2 2 2 150 6961 6964 6962
12956 2 2 2 150 2157 6963 2156
12957 2 2 2 150 2155 6963 2154
12958 2 2 2 150 6962 6966 6961
12959 2 2 2 150 2161 6962 2160
12960 2 2 2 150 2159 6962 2158
12961 2 2 2 150 2167 6965 2166
12962 2 2 2 150 6961 6965 6964
12963 2 2 2 150 6963 6965 2154
12964 2 2 2 150 6964 6965 6963
12965 2 2 2 150 2163 6966 2162
12966 2 2 2 150 6962 6964 2158
12967 2 2 2 150 2157 6964 6963
12968 2 2 2 150 2165 6965 6961
12969 2 2 2 150 2156 6963 2155
12970 2 2 2 150 2160 6962 2159
12971 2 2 2 150 2161 6966 6962
12972 2 2 2 150 2162 6966 2161
12973 2 2 2 151 2172 6967 2171
12974 2 2 2 151 2182 6971 6970
12975 2 2 2 151 2184 6974 2183
12976 2 2 2 151 3156 6971 2182
12977 2 2 2 151 2172 6969 6967
12978 2 2 2 151 3155 6969 2172
12979 2 2 2 151 2175 6970 2174
12980 2 2 2 151 2183 6974 6972
12981 2 2 2 151 2183 6972 3156
12982 2 2 2 151 6972 6974 6969
12983 2 2 2 151 2174 6971 2173
12984 2 2 2 151 6970 6971 2174
12985 2 2 2 151 2173 6972 3155
12986 2 2 2 151 6971 6972 2173
12987 2 2 2 151 2168 6973 2185
12988 2 2 2 151 2180 6970 6968
12989 2 2 2 151 3156 6972 6971
12990 2 2 2 151 2176 6968 2175
12991 2 2 2 151 2169 6967 2168
12992 2 2 2 151 2171 6967 2170
12993 2 2 2 151 3155 6972 6969
12994 2 2 2 151 6969 6973 6967
12995 2 2 2 151 6968 6970 2175
12996 2 2 2 151 2177 6968 2176
12997 2 2 2 151 2185 6973 2184
12998 2 2 2 151 6969 6974 6973
12999 2 2 2 151 6967 6973 2168
13000 2 2 2 151 2170 6967 2169
13001 2 2 2 151 6973 6974 2184
13002 2 2 2 151 2178 6968 2177
13003 2 2 2 151 2180 6968 2179
13004 2 2 2 151 2179 6968 2178
13005 2 2 2 151 2181 6970 2180
13006 2 2 2 151 2182 6970 2181
13007 2 2 2 152 2194 6975 2193
13008 2 2 2 152 2196 6975 2195
13009 2 2 2 152 2197 6978 2196
13010 2 2 2 152 2199 6978 2198
13011 2 2 2 152 2188 6977 6976
13012 2 2 2 152 6976 6977 6975
13013 2 2 2 152 2188 6976 2187
13014 2 2 2 152 2186 6976 2199
13015 2 2 2 152 2189 6977 2188
13016 2 2 2 152 6975 6978 6976
13017 2 2 2 152 2198 6978 2197
13018 2 2 2 152 6975 6979 2193
13019 2 2 2 152 2191 6977 2190
13020 2 2 2 152 2196 6978 6975
13021 2 2 2 152 6977 6979 6975
13022 2 2 2 152 6976 6978 2199
13023 2 2 2 152 2195 6975 2194
13024 2 2 2 152 2193 6979 2192
13025 2 2 2 152 2187 6976 2186
13026 2 2 2 152 2190 6977 2189
13027 2 2 2 152 2191 6979 6977
13028 2 2 2 152 2192 6979 2191
13029 2 2 2 153 2213 6980 2212
13030 2 2 2 153 2214 6982 2213
13031 2 2 2 153 2217 6981 2216
13032 2 2 2 153 2207 6982 3158
13033 2 2 2 153 3157 6983 2204
13034 2 2 2 153 2212 6980 2211
13035 2 2 2 153 2216 6988 2215
13036 2 2 2 153 2213 6982 6980
13037 2 2 2 153 2215 6984 3160
13038 2 2 2 153 6981 6988 2216
13039 2 2 2 153 2214 6985 6982
13040 2 2 2 153 3160 6986 3159
13041 2 2 2 153 2215 6988 6984
13042 2 2 2 153 2205 6984 3157
13043 2 2 2 153 2208 6980 2207
13044 2 2 2 153 6984 6986 3160
13045 2 2 2 153 2206 6986 2205
13046 2 2 2 153 6984 6988 6983
13047 2 2 2 153 3158 6985 2206
13048 2 2 2 153 2205 6986 6984
13049 2 2 2 153 3159 6985 2214
13050 2 2 2 153 3159 6986 6985
13051 2 2 2 153 6982 6985 3158
13052 2 2 2 153 6980 6982 2207
13053 2 2 2 153 6985 6986 2206
13054 2 2 2 153 3157 6984 6983
13055 2 2 2 153 6983 6987 2204
13056 2 2 2 153 6983 6988 6981
13057 2 2 2 153 6981 6987 6983
13058 2 2 2 153 2202 6981 2201
13059 2 2 2 153 2200 6981 2217
13060 2 2 2 153 2211 6980 2210
13061 2 2 2 153 2209 6980 2208
13062 2 2 2 153 2204 6987 2203
13063 2 2 2 153 2201 6981 2200
13064 2 2 2 153 2202 6987 6981
13065 2 2 2 153 2210 6980 2209
13066 2 2 2 153 2203 6987 2202
13067 2 2 2 154 2221 6990 2220
13068 2 2 2 154 6989 6991 2225
13069 2 2 2 154 2230 6989 2229
13070 2 2 2 154 6991 6992 2224
13071 2 2 2 154 2230 6991 6989
13072 2 2 2 154 6990 6991 2231
13073 2 2 2 154 2229 6989 2228
13074 2 2 2 154 2220 6990 2219
13075 2 2 2 154 2222 6992 2221
13076 2 2 2 154 2221 6992 6990
13077 2 2 2 154 6990 6992 6991
13078 2 2 2 154 2224 6992 2223
13079 2 2 2 154 2218 6990 2231
13080 2 2 2 154 2219 6990 2218
13081 2 2 2 154 2223 6992 2222
13082 2 2 2 154 2228 6989 2227
13083 2 2 2 154 2226 6989 2225
13084 2 2 2 154 2227 6989 2226
13085 2 2 2 154 2231 6991 2230
13086 2 2 2 154 2225 6991 2224
13087 2 2 2 155 2247 6995 2246
13088 2 2 2 155 2235 6994 2234
13089 2 2 2 155 2234 6999 2233
13090 2 2 2 155 6995 7001 2246
13091 2 2 2 155 2246 7001 6993
13092 2 2 2 155 2238 6996 6994
13093 2 2 2 155 2238 6997 6996
13094 2 2 2 155 2240 6995 3162
13095 2 2 2 155 2249 6996 3164
13096 2 2 2 155 2246 6993 2245
13097 2 2 2 155 3161 6997 2238
13098 2 2 2 155 2239 6998 3161
13099 2 2 2 155 3161 6998 6997
13100 2 2 2 155 2247 7000 6995
13101 2 2 2 155 6994 6999 2234
13102 2 2 2 155 3164 6997 2248
13103 2 2 2 155 3163 7000 2247
13104 2 2 2 155 2248 6998 3163
13105 2 2 2 155 3162 7000 2239
13106 2 2 2 155 6997 6998 2248
13107 2 2 2 155 2239 7000 6998
13108 2 2 2 155 6996 6997 3164
13109 2 2 2 155 6998 7000 3163
13110 2 2 2 155 6995 7000 3162
13111 2 2 2 155 2233 6999 2232
13112 2 2 2 155 2236 6994 2235
13113 2 2 2 155 2240 7001 6995
13114 2 2 2 155 2242 7001 2241
13115 2 2 2 155 2249 6999 6996
13116 2 2 2 155 2245 6993 2244
13117 2 2 2 155 2243 6993 2242
13118 2 2 2 155 6996 6999 6994
13119 2 2 2 155 2241 7001 2240
13120 2 2 2 155 2232 6999 2249
13121 2 2 2 155 2237 6994 2236
13122 2 2 2 155 6993 7001 2242
13123 2 2 2 155 2244 6993 2243
13124 2 2 2 155 2238 6994 2237
13125 2 2 2 156 2255 7005 2254
13126 2 2 2 156 2262 7002 2261
13127 2 2 2 156 2251 7007 2250
13128 2 2 2 156 2263 7007 2262
13129 2 2 2 156 2259 7006 2258
13130 2 2 2 156 2254 7004 2253
13131 2 2 2 156 2252 7004 2251
13132 2 2 2 156 2256 7003 2255
13133 2 2 2 156 2258 7003 2257
13134 2 2 2 156 2254 7005 7004
13135 2 2 2 156 2250 7007 2263
13136 2 2 2 156 2261 7006 2260
13137 2 2 2 156 7002 7006 2261
13138 2 2 2 156 7002 7007 7005
13139 2 2 2 156 7005 7007 7004
13140 2 2 2 156 7005 7006 7002
13141 2 2 2 156 7003 7005 2255
13142 2 2 2 156 7004 7007 2251
13143 2 2 2 156 2260 7006 2259
13144 2 2 2 156 2258 7006 7003
13145 2 2 2 156 2262 7007 7002
13146 2 2 2 156 2253 7004 2252
13147 2 2 2 156 7003 7006 7005
13148 2 2 2 156 2257 7003 2256
13149 2 2 2 157 2272 7011 2271
13150 2 2 2 157 2283 7012 2282
13151 2 2 2 157 2268 7009 2267
13152 2 2 2 157 2282 7010 2281
13153 2 2 2 157 2280 7011 2279
13154 2 2 2 157 2269 7012 2268
13155 2 2 2 157 2273 7014 2272
13156 2 2 2 157 2279 7014 2278
13157 2 2 2 157 2284 7017 2283
13158 2 2 2 157 2271 7016 2270
13159 2 2 2 157 2282 7012 7010
13160 2 2 2 157 7011 7016 2271
13161 2 2 2 157 7013 7016 7011
13162 2 2 2 157 2272 7014 7011
13163 2 2 2 157 7012 7015 7010
13164 2 2 2 157 2264 7009 2285
13165 2 2 2 157 2283 7017 7012
13166 2 2 2 157 2268 7017 7009
13167 2 2 2 157 2285 7009 2284
13168 2 2 2 157 7010 7013 2281
13169 2 2 2 157 2278 7014 7008
13170 2 2 2 157 7012 7017 2268
13171 2 2 2 157 7008 7014 2273
13172 2 2 2 157 2280 7013 7011
13173 2 2 2 157 2269 7015 7012
13174 2 2 2 157 7009 7017 2284
13175 2 2 2 157 2265 7009 2264
13176 2 2 2 157 7011 7014 2279
13177 2 2 2 157 2270 7016 7015
13178 2 2 2 157 7010 7016 7013
13179 2 2 2 157 2281 7013 2280
13180 2 2 2 157 2270 7015 2269
13181 2 2 2 157 7015 7016 7010
13182 2 2 2 157 2278 7008 2277
13183 2 2 2 157 2274 7008 2273
13184 2 2 2 157 2266 7009 2265
13185 2 2 2 157 2275 7008 2274
13186 2 2 2 157 2277 7008 2276
13187 2 2 2 157 2267 7009 2266
13188 2 2 2 157 2276 7008 2275
13189 2 2 2 158 2292 7020 2291
13190 2 2 2 158 2290 7022 2289
13191 2 2 2 158 2298 7019 2297
13192 2 2 2 158 2286 7024 2304
13193 2 2 2 158 7019 7022 2290
13194 2 2 2 158 7019 7020 2297
13195 2 2 2 158 3165 7021 2288
13196 2 2 2 158 2299 7022 2298
13197 2 2 2 158 2301 7025 2300
13198 2 2 2 158 2291 7020 7019
13199 2 2 2 158 2289 7023 3165
13200 2 2 2 158 2298 7022 7019
13201 2 2 2 158 7022 7023 2289
13202 2 2 2 158 2300 7023 2299
13203 2 2 2 158 2287 7024 2286
13204 2 2 2 158 2300 7025 7023
13205 2 2 2 158 7023 7025 7021
13206 2 2 2 158 2304 7024 7018
13207 2 2 2 158 2299 7023 7022
13208 2 2 2 158 3165 7023 7021
13209 2 2 2 158 2304 7018 2303
13210 2 2 2 158 7018 7025 2301
13211 2 2 2 158 2302 7018 2301
13212 2 2 2 158 2288 7024 2287
13213 2 2 2 158 7021 7024 2288
13214 2 2 2 158 7024 7025 7018
13215 2 2 2 158 7021 7025 7024
13216 2 2 2 158 2303 7018 2302
13217 2 2 2 158 2291 7019 2290
13218 2 2 2 158 2294 7020 2293
13219 2 2 2 158 2295 7020 2294
13220 2 2 2 158 2293 7020 2292
13221 2 2 2 158 2296 7020 2295
13222 2 2 2 158 2297 7020 2296
13223 2 2 2 159 2307 7027 2306
13224 2 2 2 159 2316 7031 2315
13225 2 2 2 159 2317 7026 2316
13226 2 2 2 159 2313 7029 2312
13227 2 2 2 159 2318 7026 2317
13228 2 2 2 159 7027 7028 2306
13229 2 2 2 159 7028 7030 7029
13230 2 2 2 159 2306 7028 2305
13231 2 2 2 159 2308 7027 2307
13232 2 2 2 159 2310 7027 2309
13233 2 2 2 159 7027 7030 7028
13234 2 2 2 159 7026 7031 2316
13235 2 2 2 159 7029 7030 2312
13236 2 2 2 159 7028 7029 7026
13237 2 2 2 159 2312 7030 2311
13238 2 2 2 159 2309 7027 2308
13239 2 2 2 159 2305 7028 2318
13240 2 2 2 159 2310 7030 7027
13241 2 2 2 159 2315 7031 2314
13242 2 2 2 159 2311 7030 2310
13243 2 2 2 159 7029 7031 7026
13244 2 2 2 159 2318 7028 7026
13245 2 2 2 159 2313 7031 7029
13246 2 2 2 159 2314 7031 2313
13247 2 2 2 160 2319 7034 2334
13248 2 2 2 160 2324 7033 2323
13249 2 2 2 160 2327 7035 2326
13250 2 2 2 160 2329 7035 2328
13251 2 2 2 160 2323 7037 2322
13252 2 2 2 160 2331 7036 2330
13253 2 2 2 160 2321 7034 2320
13254 2 2 2 160 7034 7036 2334
13255 2 2 2 160 2328 7035 2327
13256 2 2 2 160 2332 7036 2331
13257 2 2 2 160 2325 7033 2324
13258 2 2 2 160 2330 7032 2329
13259 2 2 2 160 2322 7037 2321
13260 2 2 2 160 7035 7036 7034
13261 2 2 2 160 2333 7036 2332
13262 2 2 2 160 7032 7036 7035
13263 2 2 2 160 2326 7035 7033
13264 2 2 2 160 7032 7035 2329
13265 2 2 2 160 2334 7036 2333
13266 2 2 2 160 2321 7037 7034
13267 2 2 2 160 2320 7034 2319
13268 2 2 2 160 7033 7037 2323
13269 2 2 2 160 7034 7037 7035
13270 2 2 2 160 2326 7033 2325
13271 2 2 2 160 7035 7037 7033
13272 2 2 2 160 2330 7036 7032
13273 2 2 2 161 2348 7038 2347
13274 2 2 2 161 2347 7038 2346
13275 2 2 2 161 2335 7038 2348
13276 2 2 2 161 7038 7039 2346
13277 2 2 2 161 2340 7040 7039
13278 2 2 2 161 2339 7039 7038
13279 2 2 2 161 2339 7038 2338
13280 2 2 2 161 2342 7040 2341
13281 2 2 2 161 7039 7040 2345
13282 2 2 2 161 2343 7040 2342
13283 2 2 2 161 2344 7040 2343
13284 2 2 2 161 2338 7038 2337
13285 2 2 2 161 2336 7038 2335
13286 2 2 2 161 2341 7040 2340
13287 2 2 2 161 2345 7040 2344
13288 2 2 2 161 2337 7038 2336
13289 2 2 2 161 2340 7039 2339
13290 2 2 2 161 2346 7039 2345
13291 2 2 2 162 2362 7049 2361
13292 2 2 2 162 2357 7046 2356
13293 2 2 2 162 2364 7045 7042
13294 2 2 2 162 7044 7045 2364
13295 2 2 2 162 2366 7041 2365
13296 2 2 2 162 2365 7044 2364
13297 2 2 2 162 2354 7048 2353
13298 2 2 2 162 2355 7045 2354
13299 2 2 2 162 7041 7044 2365
13300 2 2 2 162 7048 7050 2353
13301 2 2 2 162 7044 7050 7048
13302 2 2 2 162 7041 7050 7044
13303 2 2 2 162 2349 7041 2366
13304 2 2 2 162 2351 7041 2350
13305 2 2 2 162 7044 7048 7045
13306 2 2 2 162 2355 7047 7045
13307 2 2 2 162 7045 7047 7042
13308 2 2 2 162 2356 7047 2355
13309 2 2 2 162 7045 7048 2354
13310 2 2 2 162 2361 7043 2360
13311 2 2 2 162 2363 7042 2362
13312 2 2 2 162 2353 7050 2352
13313 2 2 2 162 7046 7047 2356
13314 2 2 2 162 2350 7041 2349
13315 2 2 2 162 7042 7047 7046
13316 2 2 2 162 7043 7046 2357
13317 2 2 2 162 7042 7049 2362
13318 2 2 2 162 2361 7049 7043
13319 2 2 2 162 7046 7049 7042
13320 2 2 2 162 2351 7050 7041
13321 2 2 2 162 2352 7050 2351
13322 2 2 2 162 2360 7043 2359
13323 2 2 2 162 7043 7049 7046
13324 2 2 2 162 2358 7043 2357
13325 2 2 2 162 2359 7043 2358
13326 2 2 2 162 2364 7042 2363
13327 2 2 2 163 2369 7051 2368
13328 2 2 2 163 2373 7051 2372
13329 2 2 2 163 2374 7053 2373
13330 2 2 2 163 2373 7053 7051
13331 2 2 2 163 7051 7055 2368
13332 2 2 2 163 2382 7054 2381
13333 2 2 2 163 2381 7056 2380
13334 2 2 2 163 2375 7056 3166
13335 2 2 2 163 3166 7054 2374
13336 2 2 2 163 7053 7055 7051
13337 2 2 2 163 7054 7057 2374
13338 2 2 2 163 2374 7057 7053
13339 2 2 2 163 3166 7056 7054
13340 2 2 2 163 2372 7051 2371
13341 2 2 2 163 2370 7051 2369
13342 2 2 2 163 7054 7056 2381
13343 2 2 2 163 2382 7057 7054
13344 2 2 2 163 7052 7056 2375
13345 2 2 2 163 7055 7057 2383
13346 2 2 2 163 2380 7056 7052
13347 2 2 2 163 2383 7057 2382
13348 2 2 2 163 2371 7051 2370
13349 2 2 2 163 2376 7052 2375
13350 2 2 2 163 2380 7052 2379
13351 2 2 2 163 7053 7057 7055
13352 2 2 2 163 2377 7052 2376
13353 2 2 2 163 2379 7052 2378
13354 2 2 2 163 2378 7052 2377
13355 2 2 2 163 2368 7055 2367
13356 2 2 2 163 2367 7055 2383
13357 2 2 2 164 2396 7067 2395
13358 2 2 2 164 2386 7059 2385
13359 2 2 2 164 2400 7060 2399
13360 2 2 2 164 2389 7061 2388
13361 2 2 2 164 7058 7061 2389
13362 2 2 2 164 2398 7062 2397
13363 2 2 2 164 2397 7063 2396
13364 2 2 2 164 2390 7058 2389
13365 2 2 2 164 2396 7063 7061
13366 2 2 2 164 7062 7063 2397
13367 2 2 2 164 2387 7066 2386
13368 2 2 2 164 2399 7064 2398
13369 2 2 2 164 7061 7067 2396
13370 2 2 2 164 2398 7064 7062
13371 2 2 2 164 3167 7064 2387
13372 2 2 2 164 2387 7064 7060
13373 2 2 2 164 3168 7062 3167
13374 2 2 2 164 3168 7063 7062
13375 2 2 2 164 2388 7063 3168
13376 2 2 2 164 2386 7066 7059
13377 2 2 2 164 7061 7063 2388
13378 2 2 2 164 2402 7065 2401
13379 2 2 2 164 7060 7066 2387
13380 2 2 2 164 7058 7067 7061
13381 2 2 2 164 7060 7064 2399
13382 2 2 2 164 7062 7064 3167
13383 2 2 2 164 2400 7065 7060
13384 2 2 2 164 2385 7059 2384
13385 2 2 2 164 2403 7059 2402
13386 2 2 2 164 2394 7067 2393
13387 2 2 2 164 2393 7058 2392
13388 2 2 2 164 2391 7058 2390
13389 2 2 2 164 2401 7065 2400
13390 2 2 2 164 7059 7066 7065
13391 2 2 2 164 7059 7065 2402
13392 2 2 2 164 7065 7066 7060
13393 2 2 2 164 2384 7059 2403
13394 2 2 2 164 2393 7067 7058
13395 2 2 2 164 2395 7067 2394
13396 2 2 2 164 2392 7058 2391
13397 2 2 2 165 2409 7069 2408
13398 2 2 2 165 2419 7071 2418
13399 2 2 2 165 2411 7070 2410
13400 2 2 2 165 2417 7068 2416
13401 2 2 2 165 2404 7072 2419
13402 2 2 2 165 2408 7072 2407
13403 2 2 2 165 2416 7073 2415
13404 2 2 2 165 2412 7073 2411
13405 2 2 2 165 7069 7072 2408
13406 2 2 2 165 2419 7072 7071
13407 2 2 2 165 2411 7073 7070
13408 2 2 2 165 7068 7073 2416
13409 2 2 2 165 2410 7075 2409
13410 2 2 2 165 7069 7075 7071
13411 2 2 2 165 7071 7075 7074
13412 2 2 2 165 7068 7075 7070
13413 2 2 2 165 2407 7072 2406
13414 2 2 2 165 2405 7072 2404
13415 2 2 2 165 7074 7075 7068
13416 2 2 2 165 2413 7073 2412
13417 2 2 2 165 2415 7073 2414
13418 2 2 2 165 7071 7072 7069
13419 2 2 2 165 7070 7073 7068
13420 2 2 2 165 2409 7075 7069
13421 2 2 2 165 2418 7074 2417
13422 2 2 2 165 7071 7074 2418
13423 2 2 2 165 7070 7075 2410
13424 2 2 2 165 2406 7072 2405
13425 2 2 2 165 2417 7074 7068
13426 2 2 2 165 2414 7073 2413
13427 2 2 2 166 2420 7081 2435
13428 2 2 2 166 2432 7078 2431
13429 2 2 2 166 2424 7079 2423
13430 2 2 2 166 2425 7082 2424
13431 2 2 2 166 2433 7083 2432
13432 2 2 2 166 2423 7079 7077
13433 2 2 2 166 2429 7080 2428
13434 2 2 2 166 7078 7080 2431
13435 2 2 2 166 7076 7082 2425
13436 2 2 2 166 7078 7082 7080
13437 2 2 2 166 7080 7082 7076
13438 2 2 2 166 7077 7081 2420
13439 2 2 2 166 2428 7076 2427
13440 2 2 2 166 2435 7081 2434
13441 2 2 2 166 2421 7077 2420
13442 2 2 2 166 7079 7081 7077
13443 2 2 2 166 2426 7076 2425
13444 2 2 2 166 2431 7080 2430
13445 2 2 2 166 2423 7077 2422
13446 2 2 2 166 7079 7083 7081
13447 2 2 2 166 7078 7083 7079
13448 2 2 2 166 2432 7083 7078
13449 2 2 2 166 7079 7082 7078
13450 2 2 2 166 2424 7082 7079
13451 2 2 2 166 2430 7080 2429
13452 2 2 2 166 2428 7080 7076
13453 2 2 2 166 2427 7076 2426
13454 2 2 2 166 2434 7081 2433
13455 2 2 2 166 7081 7083 2433
13456 2 2 2 166 2422 7077 2421
13457 2 2 2 167 3169 7092 2442
13458 2 2 2 167 2455 7084 2454
13459 2 2 2 167 2443 7088 3169
13460 2 2 2 167 2442 7092 7086
13461 2 2 2 167 2448 7085 2447
13462 2 2 2 167 2449 7088 2448
13463 2 2 2 167 2439 7093 2438
13464 2 2 2 167 2452 7091 2451
13465 2 2 2 167 2441 7090 2440
13466 2 2 2 167 2456 7084 2455
13467 2 2 2 167 2447 7085 2446
13468 2 2 2 167 7085 7088 2443
13469 2 2 2 167 2448 7088 7085
13470 2 2 2 167 7088 7092 3169
13471 2 2 2 167 2450 7092 2449
13472 2 2 2 167 7084 7089 2454
13473 2 2 2 167 7090 7094 7091
13474 2 2 2 167 2451 7094 2450
13475 2 2 2 167 2440 7095 2439
13476 2 2 2 167 7093 7095 7087
13477 2 2 2 167 2450 7094 7092
13478 2 2 2 167 7091 7094 2451
13479 2 2 2 167 7092 7094 7086
13480 2 2 2 167 7091 7095 7090
13481 2 2 2 167 2449 7092 7088
13482 2 2 2 167 2439 7095 7093
13483 2 2 2 167 7090 7095 2440
13484 2 2 2 167 7086 7090 2441
13485 2 2 2 167 7087 7091 2452
13486 2 2 2 167 2438 7093 7084
13487 2 2 2 167 7089 7093 7087
13488 2 2 2 167 2436 7084 2456
13489 2 2 2 167 7086 7094 7090
13490 2 2 2 167 7087 7095 7091
13491 2 2 2 167 2453 7089 7087
13492 2 2 2 167 2442 7086 2441
13493 2 2 2 167 2446 7085 2445
13494 2 2 2 167 7084 7093 7089
13495 2 2 2 167 2453 7087 2452
13496 2 2 2 167 2438 7084 2437
13497 2 2 2 167 2444 7085 2443
13498 2 2 2 167 2437 7084 2436
13499 2 2 2 167 2445 7085 2444
13500 2 2 2 167 2454 7089 2453
13501 2 2 2 168 2471 2467 2469
13502 2 2 2 168 3170 7103 2463
13503 2 2 2 168 2475 7097 2474
13504 2 2 2 168 2466 7098 2465
13505 2 2 2 168 2472 7098 2471
13506 2 2 2 168 2474 7099 2473
13507 2 2 2 168 7097 7099 2474
13508 2 2 2 168 7098 7102 2465
13509 2 2 2 168 7097 7103 7099
13510 2 2 2 168 2464 7099 3170
13511 2 2 2 168 2472 7102 7098
13512 2 2 2 168 2465 7102 2464
13513 2 2 2 168 2471 7098 2466
13514 2 2 2 168 2458 7101 2457
13515 2 2 2 168 7099 7103 3170
13516 2 2 2 168 2473 7102 2472
13517 2 2 2 168 2462 7100 2461
13518 2 2 2 168 2475 7101 7097
13519 2 2 2 168 2461 7096 2460
13520 2 2 2 168 2459 7096 2458
13521 2 2 2 168 2464 7102 7099
13522 2 2 2 168 7099 7102 2473
13523 2 2 2 168 2457 7101 2475
13524 2 2 2 168 7097 7101 7100
13525 2 2 2 168 7100 7103 7097
13526 2 2 2 168 2461 7100 7096
13527 2 2 2 168 7096 7101 2458
13528 2 2 2 168 2463 7103 7100
13529 2 2 2 168 2463 7100 2462
13530 2 2 2 168 2460 7096 2459
13531 2 2 2 168 7100 7101 7096
13532 2 2 2 168 2466 2467 2471
13533 2 2 2 168 2467 2468 2469
13534 2 2 2 168 2470 2471 2469
13535 2 2 2 169 2480 7109 2479
13536 2 2 2 169 2477 7108 2476
13537 2 2 2 169 2479 7110 7106
13538 2 2 2 169 7107 7110 2479
13539 2 2 2 169 2483 7109 2482
13540 2 2 2 169 2479 7109 7107
13541 2 2 2 169 2487 7107 2486
13542 2 2 2 169 2489 7111 2488
13543 2 2 2 169 2486 7107 7104
13544 2 2 2 169 2488 7110 2487
13545 2 2 2 169 7105 7111 2489
13546 2 2 2 169 7107 7109 7104
13547 2 2 2 169 7104 7109 2483
13548 2 2 2 169 2476 7105 2493
13549 2 2 2 169 2482 7109 2481
13550 2 2 2 169 2487 7110 7107
13551 2 2 2 169 2484 7104 2483
13552 2 2 2 169 2490 7105 2489
13553 2 2 2 169 7110 7111 7106
13554 2 2 2 169 2488 7111 7110
13555 2 2 2 169 2486 7104 2485
13556 2 2 2 169 2476 7108 7105
13557 2 2 2 169 7108 7111 7105
13558 2 2 2 169 2478 7106 2477
13559 2 2 2 169 7106 7111 7108
13560 2 2 2 169 2481 7109 2480
13561 2 2 2 169 2485 7104 2484
13562 2 2 2 169 7106 7108 2477
13563 2 2 2 169 2493 7105 2492
13564 2 2 2 169 2491 7105 2490
13565 2 2 2 169 2492 7105 2491
13566 2 2 2 169 2479 7106 2478
13567 2 2 2 170 3171 7112 2495
13568 2 2 2 170 2498 7113 2499
13569 2 2 2 170 2503 7114 3171
13570 2 2 2 170 2497 7112 2498
13571 2 2 2 170 3171 7113 7112
13572 2 2 2 170 2500 7113 2501
13573 2 2 2 170 2502 7114 2503
13574 2 2 2 170 2501 7114 2502
13575 2 2 2 170 7112 7113 2498
13576 2 2 2 170 2496 7112 2497
13577 2 2 2 170 2499 7113 2500
13578 2 2 2 170 3171 7114 7113
13579 2 2 2 170 7113 7114 2501
13580 2 2 2 170 2495 7112 2494
13581 2 2 2 170 2494 7112 2496
13582 2 2 2 170 3171 2504 2503
13583 2 2 2 171 2505 7116 2507
13584 2 2 2 171 2507 7116 3172
13585 2 2 2 171 3172 7115 2508
13586 2 2 2 171 2508 7115 3174
13587 2 2 2 171 2506 7116 2505
13588 2 2 2 171 3173 7115 2509
13589 2 2 2 171 3174 7115 3173
13590 2 2 2 171 2510 7116 2506
13591 2 2 2 171 7115 7116 2509
13592 2 2 2 171 2509 7116 2510
13593 2 2 2 171 3172 7116 7115
13594 2 2 2 174 2525 7121 2524
13595 2 2 2 174 2516 7117 2515
13596 2 2 2 174 7119 7122 3175
13597 2 2 2 174 2522 7120 3175
13598 2 2 2 174 2515 7119 2514
13599 2 2 2 174 2514 7123 2513
13600 2 2 2 174 7117 7119 2515
13601 2 2 2 174 3175 7120 7119
13602 2 2 2 174 7120 7123 7119
13603 2 2 2 174 7118 7121 2525
13604 2 2 2 174 2513 7123 7118
13605 2 2 2 174 2524 7121 2523
13606 2 2 2 174 2511 7118 2525
13607 2 2 2 174 2522 7121 7120
13608 2 2 2 174 7119 7123 2514
13609 2 2 2 174 2520 7122 2519
13610 2 2 2 174 2517 7117 2516
13611 2 2 2 174 2519 7117 2518
13612 2 2 2 174 7117 7122 7119
13613 2 2 2 174 7118 7123 7120
13614 2 2 2 174 2513 7118 2512
13615 2 2 2 174 7120 7121 7118
13616 2 2 2 174 2519 7122 7117
13617 2 2 2 174 2523 7121 2522
13618 2 2 2 174 2512 7118 2511
13619 2 2 2 174 2521 7122 2520
13620 2 2 2 174 2518 7117 2517
13621 2 2 2 174 3175 7122 2521
13622 2 2 2 175 3177 7127 2536
13623 2 2 2 175 2529 7124 2530
13624 2 2 2 175 7125 7127 3177
13625 2 2 2 175 7124 7125 2530
13626 2 2 2 175 2530 7125 2531
13627 2 2 2 175 2531 7126 2532
13628 2 2 2 175 2532 7126 3176
13629 2 2 2 175 3177 7128 7125
13630 2 2 2 175 3176 7128 2535
13631 2 2 2 175 7124 7127 7125
13632 2 2 2 175 2527 7124 2526
13633 2 2 2 175 2537 7127 2527
13634 2 2 2 175 2528 7124 2529
13635 2 2 2 175 2535 7128 3177
13636 2 2 2 175 7125 7126 2531
13637 2 2 2 175 7125 7128 7126
13638 2 2 2 175 7126 7128 3176
13639 2 2 2 175 2527 7127 7124
13640 2 2 2 175 2536 7127 2537
13641 2 2 2 175 2526 7124 2528
13642 2 2 2 175 2533 2532 3176
13643 2 2 2 175 2534 2533 3176
13644 2 2 2 176 3178 7129 2538
13645 2 2 2 176 2539 7130 3178
13646 2 2 2 176 2544 7130 2539
13647 2 2 2 176 2541 7129 2542
13648 2 2 2 176 2542 7130 2543
13649 2 2 2 176 2538 7129 2540
13650 2 2 2 176 7129 7130 2542
13651 2 2 2 176 2540 7129 2541
13652 2 2 2 176 3178 7130 7129
13653 2 2 2 176 2543 7130 2544
13654 2 2 2 177 2545 7136 2560
13655 2 2 2 177 2557 7134 2556
13656 2 2 2 177 2558 7133 2557
13657 2 2 2 177 7133 7134 2557
13658 2 2 2 177 7131 7136 2545
13659 2 2 2 177 2556 7134 7132
13660 2 2 2 177 2552 7132 2551
13661 2 2 2 177 2556 7132 2555
13662 2 2 2 177 2560 7136 2559
13663 2 2 2 177 2546 7131 2545
13664 2 2 2 177 7133 7137 7134
13665 2 2 2 177 2548 7131 2547
13666 2 2 2 177 7132 7134 2551
13667 2 2 2 177 2558 7136 7133
13668 2 2 2 177 2548 7135 7131
13669 2 2 2 177 7135 7136 7131
13670 2 2 2 177 7133 7136 7135
13671 2 2 2 177 7134 7137 2550
13672 2 2 2 177 2549 7137 7135
13673 2 2 2 177 2559 7136 2558
13674 2 2 2 177 2547 7131 2546
13675 2 2 2 177 2553 7132 2552
13676 2 2 2 177 2555 7132 2554
13677 2 2 2 177 2550 7137 2549
13678 2 2 2 177 7135 7137 7133
13679 2 2 2 177 2554 7132 2553
13680 2 2 2 177 2549 7135 2548
13681 2 2 2 177 2551 7134 2550
13682 2 2 2 178 2567 7138 2566
13683 2 2 2 178 2568 7142 2567
13684 2 2 2 178 2572 7143 2571
13685 2 2 2 178 2566 7138 2565
13686 2 2 2 178 2561 7139 2576
13687 2 2 2 178 2563 7141 2562
13688 2 2 2 178 2570 7142 2569
13689 2 2 2 178 2564 7138 2563
13690 2 2 2 178 7138 7141 2563
13691 2 2 2 178 2575 7139 2574
13692 2 2 2 178 2569 7142 2568
13693 2 2 2 178 7141 7142 7140
13694 2 2 2 178 2567 7142 7138
13695 2 2 2 178 7138 7142 7141
13696 2 2 2 178 7140 7143 7141
13697 2 2 2 178 2574 7143 2573
13698 2 2 2 178 2571 7140 2570
13699 2 2 2 178 2562 7141 2561
13700 2 2 2 178 2573 7143 2572
13701 2 2 2 178 7140 7142 2570
13702 2 2 2 178 2571 7143 7140
13703 2 2 2 178 2561 7141 7139
13704 2 2 2 178 7141 7143 7139
13705 2 2 2 178 2565 7138 2564
13706 2 2 2 178 2576 7139 2575
13707 2 2 2 178 7139 7143 2574
13708 2 2 2 179 2579 7148 2578
13709 2 2 2 179 2587 7147 2586
13710 2 2 2 179 2580 7144 2579
13711 2 2 2 179 7144 7148 2579
13712 2 2 2 179 2581 7149 2580
13713 2 2 2 179 2583 7149 2582
13714 2 2 2 179 7147 7148 7144
13715 2 2 2 179 7145 7148 7147
13716 2 2 2 179 2588 7145 2587
13717 2 2 2 179 2590 7145 2589
13718 2 2 2 179 2584 7146 2583
13719 2 2 2 179 2586 7146 2585
13720 2 2 2 179 2586 7147 7146
13721 2 2 2 179 2582 7149 2581
13722 2 2 2 179 7145 7147 2587
13723 2 2 2 179 2578 7148 2577
13724 2 2 2 179 7144 7149 7147
13725 2 2 2 179 2580 7149 7144
13726 2 2 2 179 7147 7149 7146
13727 2 2 2 179 7146 7149 2583
13728 2 2 2 179 2589 7145 2588
13729 2 2 2 179 2585 7146 2584
13730 2 2 2 179 2590 7148 7145
13731 2 2 2 179 2577 7148 2590
13732 2 2 2 180 2591 7153 2604
13733 2 2 2 180 2598 7150 2597
13734 2 2 2 180 7150 7154 2597
13735 2 2 2 180 7151 7154 7150
13736 2 2 2 180 7150 7153 7151
13737 2 2 2 180 2601 7155 2600
13738 2 2 2 180 2599 7155 2598
13739 2 2 2 180 2594 7151 2593
13740 2 2 2 180 2592 7151 2591
13741 2 2 2 180 2604 7152 2603
13742 2 2 2 180 2602 7152 2601
13743 2 2 2 180 2604 7153 7152
13744 2 2 2 180 7150 7155 7153
13745 2 2 2 180 2600 7155 2599
13746 2 2 2 180 7153 7155 7152
13747 2 2 2 180 2596 7154 2595
13748 2 2 2 180 7151 7153 2591
13749 2 2 2 180 2598 7155 7150
13750 2 2 2 180 2593 7151 2592
13751 2 2 2 180 7152 7155 2601
13752 2 2 2 180 2594 7154 7151
13753 2 2 2 180 2603 7152 2602
13754 2 2 2 180 2595 7154 2594
13755 2 2 2 180 2597 7154 2596
13756 2 2 2 181 3179 7159 7157
13757 2 2 2 181 2613 7158 2614
13758 2 2 2 181 2614 7161 2615
13759 2 2 2 181 7159 7161 7157
13760 2 2 2 181 7157 7160 3179
13761 2 2 2 181 2608 7156 2609
13762 2 2 2 181 2612 7156 2613
13763 2 2 2 181 7156 7158 2613
13764 2 2 2 181 2615 7161 7159
13765 2 2 2 181 2617 7159 3179
13766 2 2 2 181 3179 7160 2618
13767 2 2 2 181 7157 7162 2605
13768 2 2 2 181 7161 7162 7157
13769 2 2 2 181 2608 7163 7156
13770 2 2 2 181 2605 7162 2607
13771 2 2 2 181 7156 7163 7158
13772 2 2 2 181 7158 7162 7161
13773 2 2 2 181 2606 7160 7157
13774 2 2 2 181 7158 7161 2614
13775 2 2 2 181 2619 7160 2606
13776 2 2 2 181 2615 7159 2616
13777 2 2 2 181 2609 7156 2610
13778 2 2 2 181 2611 7156 2612
13779 2 2 2 181 7158 7163 7162
13780 2 2 2 181 2610 7156 2611
13781 2 2 2 181 7162 7163 2607
13782 2 2 2 181 2618 7160 2619
13783 2 2 2 181 2616 7159 2617
13784 2 2 2 181 2606 7157 2605
13785 2 2 2 181 2607 7163 2608
13786 2 2 2 182 2622 2620 3180
13787 2 2 2 182 3180 2621 2624
13788 2 2 2 182 2622 3180 2623
13789 2 2 2 182 2623 3180 2624
13790 2 2 2 183 2625 7164 2627
13791 2 2 2 183 3182 7164 3181
13792 2 2 2 183 3181 7164 2625
13793 2 2 2 183 2626 7164 3182
13794 2 2 2 183 3183 7164 2626
13795 2 2 2 183 3184 7164 3183
13796 2 2 2 183 2627 7164 3184
13797 2 2 2 184 2628 2629 3185
13798 2 2 2 185 2647 7166 2646
13799 2 2 2 185 2638 7165 2637
13800 2 2 2 185 2635 7167 2634
13801 2 2 2 185 2644 7168 2643
13802 2 2 2 185 2637 7175 3187
13803 2 2 2 185 2646 7174 3189
13804 2 2 2 185 3189 7174 7169
13805 2 2 2 185 7169 7174 7167
13806 2 2 2 185 7169 7170 2645
13807 2 2 2 185 3189 7169 2645
13808 2 2 2 185 2645 7170 3188
13809 2 2 2 185 3188 7171 2644
13810 2 2 2 185 7166 7174 2646
13811 2 2 2 185 7165 7175 2637
13812 2 2 2 185 7170 7171 3188
13813 2 2 2 185 3187 7175 7171
13814 2 2 2 185 3186 7169 2635
13815 2 2 2 185 3187 7171 2636
13816 2 2 2 185 7171 7175 7168
13817 2 2 2 185 3186 7170 7169
13818 2 2 2 185 2636 7170 3186
13819 2 2 2 185 7167 7172 2634
13820 2 2 2 185 7168 7173 2643
13821 2 2 2 185 2636 7171 7170
13822 2 2 2 185 2635 7169 7167
13823 2 2 2 185 7167 7174 7166
13824 2 2 2 185 2644 7171 7168
13825 2 2 2 185 7166 7172 7167
13826 2 2 2 185 7168 7175 7165
13827 2 2 2 185 7165 7173 7168
13828 2 2 2 185 2632 7166 2631
13829 2 2 2 185 2630 7166 2647
13830 2 2 2 185 2641 7165 2640
13831 2 2 2 185 2639 7165 2638
13832 2 2 2 185 2634 7172 2633
13833 2 2 2 185 2643 7173 2642
13834 2 2 2 185 2631 7166 2630
13835 2 2 2 185 2640 7165 2639
13836 2 2 2 185 2632 7172 7166
13837 2 2 2 185 2641 7173 7165
13838 2 2 2 185 2633 7172 2632
13839 2 2 2 185 2642 7173 2641
13840 2 2 2 186 2657 7178 3190
13841 2 2 2 186 3190 7180 2662
13842 2 2 2 186 2653 7177 2654
13843 2 2 2 186 2662 7180 2663
13844 2 2 2 186 2656 7176 2657
13845 2 2 2 186 2663 7180 2649
13846 2 2 2 186 2652 7177 2653
13847 2 2 2 186 7177 7179 2654
13848 2 2 2 186 7179 7181 2654
13849 2 2 2 186 2649 7180 7179
13850 2 2 2 186 7179 7180 7176
13851 2 2 2 186 7176 7181 7179
13852 2 2 2 186 2648 7179 7177
13853 2 2 2 186 2655 7176 2656
13854 2 2 2 186 7178 7180 3190
13855 2 2 2 186 2655 7181 7176
13856 2 2 2 186 2651 7177 2652
13857 2 2 2 186 7176 7178 2657
13858 2 2 2 186 2648 7177 2650
13859 2 2 2 186 7176 7180 7178
13860 2 2 2 186 2650 7177 2651
13861 2 2 2 186 2649 7179 2648
13862 2 2 2 186 2654 7181 2655
13863 2 2 2 186 2658 2657 2659
13864 2 2 2 186 2659 2657 3190
13865 2 2 2 186 2660 3190 2661
13866 2 2 2 186 2661 3190 2662
13867 2 2 2 187 2667 7183 2668
13868 2 2 2 187 2674 7182 2675
13869 2 2 2 187 3192 7183 2666
13870 2 2 2 187 7183 7187 2668
13871 2 2 2 187 2668 7184 2669
13872 2 2 2 187 3193 7185 2676
13873 2 2 2 187 2668 7187 7184
13874 2 2 2 187 2675 7190 3194
13875 2 2 2 187 7182 7190 2675
13876 2 2 2 187 7184 7189 2669
13877 2 2 2 187 7185 7187 7183
13878 2 2 2 187 7184 7190 7182
13879 2 2 2 187 3194 7187 3193
13880 2 2 2 187 7182 7189 7184
13881 2 2 2 187 3192 7186 7183
13882 2 2 2 187 3193 7187 7185
13883 2 2 2 187 3194 7190 7187
13884 2 2 2 187 7187 7190 7184
13885 2 2 2 187 7183 7186 7185
13886 2 2 2 187 2665 7188 3191
13887 2 2 2 187 2671 7182 2672
13888 2 2 2 187 2673 7182 2674
13889 2 2 2 187 7185 7188 2676
13890 2 2 2 187 3191 7186 2664
13891 2 2 2 187 2664 7186 3192
13892 2 2 2 187 2669 7189 2670
13893 2 2 2 187 3191 7188 7186
13894 2 2 2 187 2666 7183 2667
13895 2 2 2 187 2672 7182 2673
13896 2 2 2 187 7186 7188 7185
13897 2 2 2 187 2671 7189 7182
13898 2 2 2 187 2676 7188 2665
13899 2 2 2 187 2670 7189 2671
13900 2 2 2 190 2682 7195 2681
13901 2 2 2 190 2681 7191 2680
13902 2 2 2 190 2684 7192 2683
13903 2 2 2 190 2683 7195 2682
13904 2 2 2 190 2678 7196 2677
13905 2 2 2 190 2688 7192 2687
13906 2 2 2 190 2681 7195 7191
13907 2 2 2 190 2685 7192 2684
13908 2 2 2 190 7193 7197 7191
13909 2 2 2 190 7191 7195 7193
13910 2 2 2 190 2679 7196 2678
13911 2 2 2 190 7191 7197 7196
13912 2 2 2 190 7194 7197 2690
13913 2 2 2 190 2688 7193 7192
13914 2 2 2 190 7196 7197 7194
13915 2 2 2 190 2677 7194 2692
13916 2 2 2 190 2677 7196 7194
13917 2 2 2 190 2680 7196 2679
13918 2 2 2 190 7192 7195 2683
13919 2 2 2 190 2691 7194 2690
13920 2 2 2 190 7193 7195 7192
13921 2 2 2 190 2689 7193 2688
13922 2 2 2 190 2692 7194 2691
13923 2 2 2 190 7191 7196 2680
13924 2 2 2 190 2686 7192 2685
13925 2 2 2 190 2689 7197 7193
13926 2 2 2 190 2687 7192 2686
13927 2 2 2 190 2690 7197 2689
13928 2 2 2 191 2709 7204 2694
13929 2 2 2 191 2706 7202 2707
13930 2 2 2 191 2700 7200 7199
13931 2 2 2 191 2698 7205 2699
13932 2 2 2 191 7198 7204 2709
13933 2 2 2 191 7200 7202 7199
13934 2 2 2 191 7198 7205 7201
13935 2 2 2 191 7203 7205 7198
13936 2 2 2 191 2695 7201 2696
13937 2 2 2 191 2697 7201 2698
13938 2 2 2 191 7201 7204 7198
13939 2 2 2 191 7200 7205 7203
13940 2 2 2 191 7200 7203 7202
13941 2 2 2 191 7201 7205 2698
13942 2 2 2 191 2703 7206 2704
13943 2 2 2 191 2694 7204 2693
13944 2 2 2 191 2705 7206 2706
13945 2 2 2 191 2702 7199 2703
13946 2 2 2 191 2699 7200 2700
13947 2 2 2 191 2708 7203 7198
13948 2 2 2 191 2704 7206 2705
13949 2 2 2 191 2696 7201 2697
13950 2 2 2 191 2707 7203 2708
13951 2 2 2 191 7202 7203 2707
13952 2 2 2 191 2695 7204 7201
13953 2 2 2 191 2706 7206 7202
13954 2 2 2 191 2693 7204 2695
13955 2 2 2 191 2699 7205 7200
13956 2 2 2 191 7202 7206 7199
13957 2 2 2 191 2701 7199 2702
13958 2 2 2 191 7199 7206 2703
13959 2 2 2 191 2700 7199 2701
13960 2 2 2 191 2708 7198 2709
13961 2 2 2 192 2710 2711 2712
13962 2 2 2 193 2725 7209 2724
13963 2 2 2 193 2724 7209 7208
13964 2 2 2 193 2727 7211 2726
13965 2 2 2 193 2715 7211 2714
13966 2 2 2 193 2721 7208 2720
13967 2 2 2 193 2720 7212 2719
13968 2 2 2 193 7209 7210 7208
13969 2 2 2 193 2726 7209 2725
13970 2 2 2 193 2716 7207 2715
13971 2 2 2 193 7207 7210 7209
13972 2 2 2 193 2722 7208 2721
13973 2 2 2 193 2717 7210 2716
13974 2 2 2 193 2726 7211 7209
13975 2 2 2 193 2719 7212 2718
13976 2 2 2 193 7207 7211 2715
13977 2 2 2 193 2714 7211 2713
13978 2 2 2 193 2728 7211 2727
13979 2 2 2 193 7210 7212 7208
13980 2 2 2 193 2723 7208 2722
13981 2 2 2 193 2716 7210 7207
13982 2 2 2 193 7209 7211 7207
13983 2 2 2 193 2718 7210 2717
13984 2 2 2 193 7208 7212 2720
13985 2 2 2 193 2713 7211 2728
13986 2 2 2 193 2718 7212 7210
13987 2 2 2 193 2724 7208 2723
13988 2 2 2 194 2733 7214 2732
13989 2 2 2 194 2743 7216 2742
13990 2 2 2 194 2735 7215 2734
13991 2 2 2 194 2741 7213 2740
13992 2 2 2 194 2734 7217 2733
13993 2 2 2 194 2742 7219 2741
13994 2 2 2 194 2741 7219 7213
13995 2 2 2 194 2733 7217 7214
13996 2 2 2 194 2729 7218 2744
13997 2 2 2 194 2730 7214 2729
13998 2 2 2 194 2732 7214 2731
13999 2 2 2 194 2737 7220 2736
14000 2 2 2 194 7219 7220 7213
14001 2 2 2 194 2743 7218 7216
14002 2 2 2 194 2744 7218 2743
14003 2 2 2 194 7217 7218 7214
14004 2 2 2 194 2735 7220 7215
14005 2 2 2 194 2738 7213 2737
14006 2 2 2 194 2740 7213 2739
14007 2 2 2 194 7215 7220 7219
14008 2 2 2 194 7215 7217 2734
14009 2 2 2 194 7216 7217 7215
14010 2 2 2 194 7216 7218 7217
14011 2 2 2 194 7214 7218 2729
14012 2 2 2 194 7216 7219 2742
14013 2 2 2 194 7215 7219 7216
14014 2 2 2 194 2736 7220 2735
14015 2 2 2 194 2731 7214 2730
14016 2 2 2 194 7213 7220 2737
14017 2 2 2 194 2739 7213 2738
14018 2 2 2 195 2750 7221 2749
14019 2 2 2 195 7221 7224 2749
14020 2 2 2 195 2752 7226 2751
14021 2 2 2 195 2754 7226 2753
14022 2 2 2 195 2758 7225 2757
14023 2 2 2 195 2745 7222 2758
14024 2 2 2 195 2747 7222 2746
14025 2 2 2 195 7222 7224 7221
14026 2 2 2 195 7221 7225 7222
14027 2 2 2 195 2755 7223 2754
14028 2 2 2 195 2757 7223 2756
14029 2 2 2 195 2751 7221 2750
14030 2 2 2 195 2753 7226 2752
14031 2 2 2 195 7221 7226 7225
14032 2 2 2 195 2749 7224 2748
14033 2 2 2 195 2757 7225 7223
14034 2 2 2 195 7225 7226 7223
14035 2 2 2 195 7223 7226 2754
14036 2 2 2 195 2746 7222 2745
14037 2 2 2 195 2756 7223 2755
14038 2 2 2 195 7222 7225 2758
14039 2 2 2 195 2751 7226 7221
14040 2 2 2 195 2747 7224 7222
14041 2 2 2 195 2748 7224 2747
14042 2 2 2 196 2771 7231 2770
14043 2 2 2 196 2762 7230 2761
14044 2 2 2 196 2772 7227 2771
14045 2 2 2 196 7227 7231 2771
14046 2 2 2 196 2770 7231 2769
14047 2 2 2 196 7229 7231 7227
14048 2 2 2 196 7227 7230 7229
14049 2 2 2 196 2766 7228 2765
14050 2 2 2 196 2765 7233 2764
14051 2 2 2 196 2763 7229 2762
14052 2 2 2 196 2759 7232 2774
14053 2 2 2 196 2760 7234 2759
14054 2 2 2 196 7229 7230 2762
14055 2 2 2 196 2761 7234 2760
14056 2 2 2 196 2773 7232 2772
14057 2 2 2 196 7227 7234 7230
14058 2 2 2 196 2764 7229 2763
14059 2 2 2 196 7229 7233 7231
14060 2 2 2 196 2759 7234 7232
14061 2 2 2 196 2772 7232 7227
14062 2 2 2 196 2767 7228 2766
14063 2 2 2 196 2774 7232 2773
14064 2 2 2 196 2769 7231 7228
14065 2 2 2 196 7228 7233 2765
14066 2 2 2 196 7232 7234 7227
14067 2 2 2 196 2769 7228 2768
14068 2 2 2 196 7230 7234 2761
14069 2 2 2 196 2764 7233 7229
14070 2 2 2 196 7231 7233 7228
14071 2 2 2 196 2768 7228 2767
14072 2 2 2 197 2789 7239 3201
14073 2 2 2 197 2776 7239 2775
14074 2 2 2 197 2788 7235 2787
14075 2 2 2 197 3195 7238 2779
14076 2 2 2 197 3197 7237 2788
14077 2 2 2 197 2782 7237 3196
14078 2 2 2 197 2780 7243 3195
14079 2 2 2 197 2787 7235 2786
14080 2 2 2 197 2781 7241 2780
14081 2 2 2 197 7240 7243 2780
14082 2 2 2 197 2780 7241 7240
14083 2 2 2 197 3201 7239 7238
14084 2 2 2 197 2788 7237 7235
14085 2 2 2 197 2779 7238 7236
14086 2 2 2 197 3201 7243 3200
14087 2 2 2 197 3196 7242 2781
14088 2 2 2 197 3200 7240 3199
14089 2 2 2 197 3199 7241 3198
14090 2 2 2 197 3198 7242 3197
14091 2 2 2 197 2783 7235 2782
14092 2 2 2 197 7235 7237 2782
14093 2 2 2 197 7238 7243 3201
14094 2 2 2 197 3197 7242 7237
14095 2 2 2 197 2781 7242 7241
14096 2 2 2 197 7240 7241 3199
14097 2 2 2 197 7236 7239 2776
14098 2 2 2 197 7241 7242 3198
14099 2 2 2 197 2775 7239 2790
14100 2 2 2 197 2777 7236 2776
14101 2 2 2 197 7237 7242 3196
14102 2 2 2 197 7238 7239 7236
14103 2 2 2 197 3195 7243 7238
14104 2 2 2 197 3200 7243 7240
14105 2 2 2 197 2779 7236 2778
14106 2 2 2 197 2784 7235 2783
14107 2 2 2 197 2786 7235 2785
14108 2 2 2 197 2790 7239 2789
14109 2 2 2 197 2778 7236 2777
14110 2 2 2 197 2785 7235 2784
14111 2 2 2 198 2798 7248 2797
14112 2 2 2 198 7244 7245 2791
14113 2 2 2 198 2801 7247 2800
14114 2 2 2 198 2805 7245 2804
14115 2 2 2 198 2804 7247 2803
14116 2 2 2 198 7244 7246 7245
14117 2 2 2 198 2792 7244 2791
14118 2 2 2 198 2794 7248 2793
14119 2 2 2 198 7246 7248 2798
14120 2 2 2 198 2795 7248 2794
14121 2 2 2 198 2799 7246 2798
14122 2 2 2 198 2806 7245 2805
14123 2 2 2 198 2800 7247 7246
14124 2 2 2 198 7244 7248 7246
14125 2 2 2 198 2796 7248 2795
14126 2 2 2 198 7246 7247 7245
14127 2 2 2 198 7245 7247 2804
14128 2 2 2 198 2793 7244 2792
14129 2 2 2 198 2797 7248 2796
14130 2 2 2 198 2800 7246 2799
14131 2 2 2 198 2803 7247 2802
14132 2 2 2 198 2793 7248 7244
14133 2 2 2 198 2802 7247 2801
14134 2 2 2 198 2791 7245 2806
14135 2 2 2 199 2807 7250 2809
14136 2 2 2 199 3203 7252 3202
14137 2 2 2 199 3202 7251 2816
14138 2 2 2 199 2812 7252 2813
14139 2 2 2 199 3202 7252 7250
14140 2 2 2 199 2808 7251 2807
14141 2 2 2 199 2813 7252 2814
14142 2 2 2 199 2807 7251 7250
14143 2 2 2 199 2814 7252 3203
14144 2 2 2 199 2809 7250 7249
14145 2 2 2 199 7250 7251 3202
14146 2 2 2 199 2811 7249 2812
14147 2 2 2 199 2817 7251 2808
14148 2 2 2 199 7249 7252 2812
14149 2 2 2 199 2809 7249 2810
14150 2 2 2 199 2816 7251 2817
14151 2 2 2 199 7250 7252 7249
14152 2 2 2 199 2810 7249 2811
14153 2 2 2 199 2814 3203 2815
14154 2 2 2 200 3205 7254 3204
14155 2 2 2 200 2822 7254 3205
14156 2 2 2 200 7253 7254 2820
14157 2 2 2 200 3204 7255 2818
14158 2 2 2 200 3208 7255 3207
14159 2 2 2 200 3207 7253 3206
14160 2 2 2 200 3206 7253 2820
14161 2 2 2 200 3204 7254 7253
14162 2 2 2 200 2821 7254 2822
14163 2 2 2 200 3207 7255 7253
14164 2 2 2 200 2818 7255 3208
14165 2 2 2 200 7253 7255 3204
14166 2 2 2 200 2820 7254 2821
14167 2 2 2 200 3205 2819 2823
14168 2 2 2 200 2822 3205 2823
14169 2 2 2 203 2831 7257 2832
14170 2 2 2 203 2830 7256 2831
14171 2 2 2 203 2833 7257 3209
14172 2 2 2 203 3209 7258 2826
14173 2 2 2 203 7256 7257 2831
14174 2 2 2 203 2827 7258 7256
14175 2 2 2 203 2829 7256 2830
14176 2 2 2 203 7257 7258 3209
14177 2 2 2 203 7256 7258 7257
14178 2 2 2 203 2827 7256 2828
14179 2 2 2 203 2828 7256 2829
14180 2 2 2 203 2826 7258 2827
14181 2 2 2 203 2832 7257 2833
14182 2 2 2 203 3209 2824 2825
14183 2 2 2 203 2826 2824 3209
14184 2 2 2 203 3209 2834 2833
14185 2 2 2 204 2836 7259 3210
14186 2 2 2 204 3213 7259 3212
14187 2 2 2 204 3210 7260 2837
14188 2 2 2 204 2840 7261 3213
14189 2 2 2 204 3211 7259 2836
14190 2 2 2 204 3213 7261 7259
14191 2 2 2 204 3212 7259 3211
14192 2 2 2 204 7259 7261 3210
14193 2 2 2 204 2839 7261 2840
14194 2 2 2 204 3210 7261 7260
14195 2 2 2 204 2837 7260 2838
14196 2 2 2 204 7260 7261 2839
14197 2 2 2 204 2838 7260 2839
14198 2 2 2 204 3210 2835 2836
14199 2 2 2 206 2848 7263 2847
14200 2 2 2 206 2849 7263 2848
14201 2 2 2 206 7263 7264 2847
14202 2 2 2 206 2841 7266 2854
14203 2 2 2 206 2842 7262 2841
14204 2 2 2 206 2844 7262 2843
14205 2 2 2 206 7264 7267 2846
14206 2 2 2 206 2854 7266 2853
14207 2 2 2 206 7266 7267 7264
14208 2 2 2 206 7263 7265 7264
14209 2 2 2 206 7262 7266 2841
14210 2 2 2 206 2846 7267 2845
14211 2 2 2 206 7262 7267 7266
14212 2 2 2 206 2853 7266 7265
14213 2 2 2 206 2843 7262 2842
14214 2 2 2 206 2850 7263 2849
14215 2 2 2 206 2852 7265 7263
14216 2 2 2 206 7265 7266 7264
14217 2 2 2 206 2844 7267 7262
14218 2 2 2 206 2852 7263 2851
14219 2 2 2 206 2845 7267 2844
14220 2 2 2 206 2851 7263 2850
14221 2 2 2 206 2847 7264 2846
14222 2 2 2 206 2853 7265 2852
14223 2 2 2 207 2871 7269 2872
14224 2 2 2 207 2858 7274 2859
14225 2 2 2 207 2871 7270 7269
14226 2 2 2 207 7270 7271 2859
14227 2 2 2 207 2863 7276 3215
14228 2 2 2 207 2859 7271 3214
14229 2 2 2 207 3216 7270 2871
14230 2 2 2 207 2869 7272 2870
14231 2 2 2 207 3214 7275 2860
14232 2 2 2 207 2859 7274 7270
14233 2 2 2 207 3215 7273 2868
14234 2 2 2 207 2870 7271 3216
14235 2 2 2 207 7270 7274 7269
14236 2 2 2 207 3216 7271 7270
14237 2 2 2 207 2855 7274 2857
14238 2 2 2 207 2870 7272 7271
14239 2 2 2 207 2868 7273 2869
14240 2 2 2 207 2872 7269 2873
14241 2 2 2 207 2856 7269 2855
14242 2 2 2 207 7272 7275 7271
14243 2 2 2 207 7271 7275 3214
14244 2 2 2 207 2857 7274 2858
14245 2 2 2 207 2869 7273 7272
14246 2 2 2 207 2860 7275 7268
14247 2 2 2 207 3215 7276 7273
14248 2 2 2 207 2861 7276 2862
14249 2 2 2 207 7269 7274 2855
14250 2 2 2 207 7268 7275 7272
14251 2 2 2 207 7272 7273 7268
14252 2 2 2 207 2860 7268 2861
14253 2 2 2 207 2873 7269 2856
14254 2 2 2 207 2862 7276 2863
14255 2 2 2 207 7273 7276 7268
14256 2 2 2 207 7268 7276 2861
14257 2 2 2 207 2863 2865 2864
14258 2 2 2 207 2863 3215 2865
14259 2 2 2 207 2866 2868 2867
14260 2 2 2 207 2866 3215 2868
14261 2 2 2 208 2883 7278 3217
14262 2 2 2 208 3217 7279 2876
14263 2 2 2 208 7278 7279 3217
14264 2 2 2 208 2880 7280 2881
14265 2 2 2 208 2879 7277 2880
14266 2 2 2 208 2877 7277 2878
14267 2 2 2 208 2877 7279 7277
14268 2 2 2 208 2881 7280 2882
14269 2 2 2 208 7277 7280 2880
14270 2 2 2 208 2882 7280 7278
14271 2 2 2 208 2878 7277 2879
14272 2 2 2 208 7278 7280 7279
14273 2 2 2 208 7279 7280 7277
14274 2 2 2 208 2876 7279 2877
14275 2 2 2 208 2882 7278 2883
14276 2 2 2 208 2876 2874 3217
14277 2 2 2 208 3217 2875 2884
14278 2 2 2 208 2883 3217 2884
14279 2 2 2 211 2888 7281 2887
14280 2 2 2 211 2896 7281 2895
14281 2 2 2 211 2887 7281 2886
14282 2 2 2 211 2897 7281 2896
14283 2 2 2 211 2888 7282 7281
14284 2 2 2 211 7281 7282 2895
14285 2 2 2 211 2889 7283 7282
14286 2 2 2 211 7282 7283 2894
14287 2 2 2 211 2886 7281 2885
14288 2 2 2 211 2898 7281 2897
14289 2 2 2 211 2893 7283 2892
14290 2 2 2 211 2892 7283 2891
14291 2 2 2 211 2891 7283 2890
14292 2 2 2 211 2885 7281 2898
14293 2 2 2 211 2894 7283 2893
14294 2 2 2 211 2890 7283 2889
14295 2 2 2 211 2889 7282 2888
14296 2 2 2 211 2895 7282 2894
14297 2 2 2 212 2909 7288 2908
14298 2 2 2 212 2905 7287 2904
14299 2 2 2 212 2912 7284 2911
14300 2 2 2 212 2910 7288 2909
14301 2 2 2 212 2901 7289 2900
14302 2 2 2 212 2899 7289 2912
14303 2 2 2 212 2908 7288 7285
14304 2 2 2 212 2902 7286 2901
14305 2 2 2 212 2904 7286 2903
14306 2 2 2 212 2911 7288 2910
14307 2 2 2 212 2906 7285 2905
14308 2 2 2 212 2908 7285 2907
14309 2 2 2 212 2900 7289 2899
14310 2 2 2 212 2904 7287 7286
14311 2 2 2 212 7284 7289 7287
14312 2 2 2 212 7287 7289 7286
14313 2 2 2 212 7286 7289 2901
14314 2 2 2 212 7285 7287 2905
14315 2 2 2 212 2912 7289 7284
14316 2 2 2 212 7287 7288 7284
14317 2 2 2 212 2903 7286 2902
14318 2 2 2 212 2907 7285 2906
14319 2 2 2 212 7284 7288 2911
14320 2 2 2 212 7285 7288 7287
14321 2 2 2 213 2921 7290 2920
14322 2 2 2 213 2917 7292 2916
14323 2 2 2 213 2927 7297 2926
14324 2 2 2 213 2920 7290 2919
14325 2 2 2 213 2913 7295 2928
14326 2 2 2 213 2922 7296 2921
14327 2 2 2 213 2921 7296 7290
14328 2 2 2 213 2917 7294 7292
14329 2 2 2 213 2918 7294 2917
14330 2 2 2 213 2916 7292 2915
14331 2 2 2 213 2914 7292 2913
14332 2 2 2 213 7290 7296 7293
14333 2 2 2 213 7290 7295 7294
14334 2 2 2 213 7293 7295 7290
14335 2 2 2 213 7294 7295 7292
14336 2 2 2 213 7292 7295 2913
14337 2 2 2 213 2928 7293 2927
14338 2 2 2 213 2915 7292 2914
14339 2 2 2 213 2919 7294 2918
14340 2 2 2 213 7296 7297 7293
14341 2 2 2 213 2923 7291 2922
14342 2 2 2 213 7290 7294 2919
14343 2 2 2 213 2928 7295 7293
14344 2 2 2 213 7291 7296 2922
14345 2 2 2 213 2926 7297 7291
14346 2 2 2 213 7293 7297 2927
14347 2 2 2 213 7291 7297 7296
14348 2 2 2 213 2924 7291 2923
14349 2 2 2 213 2926 7291 2925
14350 2 2 2 213 2925 7291 2924
14351 2 2 2 214 2932 7298 2931
14352 2 2 2 214 2940 7301 2939
14353 2 2 2 214 7298 7302 2931
14354 2 2 2 214 2934 7303 2933
14355 2 2 2 214 2936 7303 2935
14356 2 2 2 214 2933 7298 2932
14357 2 2 2 214 2929 7299 2942
14358 2 2 2 214 2941 7299 2940
14359 2 2 2 214 7299 7302 7298
14360 2 2 2 214 7298 7301 7299
14361 2 2 2 214 2939 7300 2938
14362 2 2 2 214 2937 7300 2936
14363 2 2 2 214 2935 7303 2934
14364 2 2 2 214 2931 7302 2930
14365 2 2 2 214 7298 7303 7301
14366 2 2 2 214 2939 7301 7300
14367 2 2 2 214 7301 7303 7300
14368 2 2 2 214 7300 7303 2936
14369 2 2 2 214 2942 7299 2941
14370 2 2 2 214 7299 7301 2940
14371 2 2 2 214 2933 7303 7298
14372 2 2 2 214 2938 7300 2937
14373 2 2 2 214 2929 7302 7299
14374 2 2 2 214 2930 7302 2929
$EndElements
