$MeshFormat
2.2 0 8
$EndMeshFormat
$PhysicalNames
2
2 1 "matrix"
2 2 "inclusions"
$EndPhysicalNames
$Nodes
7723
1 0.04348871476194486 0.2955624185748235 0
2 0.0415098315881791 0.2881771260280865 0
3 0.04348871476194485 0.2807918334813495 0
4 0.05574801117561295 0.2675724474370619 0
5 0.06192080871980572 0.2613996498928691 0
6 0.07531565114684084 0.2490310991274984 0
7 0.09096124321995856 0.2398057551713582 0
8 0.09740877213332697 0.2380781450058449 0
9 0.1038563010466954 0.2398057551713582 0
10 0.1085762197945504 0.2445256739192133 0
11 0.1103038299600638 0.2509732028325817 0
12 0.1085762197945504 0.2574207317459501 0
13 0.09765784670305599 0.2713732946837135 0
14 0.08495800277956952 0.2844368439526329 0
15 0.07878520523537676 0.2906096414968257 0
16 0.06366570922838997 0.3009688279477946 0
17 0.05628041668165301 0.3029477111215604 0
18 0.04889512413491606 0.3009688279477946 0
19 0.1656176997236416 0.3119357585716099 0
20 0.1573932495320044 0.3097320237845708 0
21 0.1513725341274063 0.3037113083799727 0
22 0.1491687993403672 0.2954868581883355 0
23 0.1523547841754873 0.2767210299808616 0
24 0.1546297361801043 0.2682307935148504 0
25 0.1662709262911677 0.2315389518236774 0
26 0.1743887706134126 0.2148120835741881 0
27 0.1784032338087929 0.2107976203788077 0
28 0.1838870925162402 0.2093282248667408 0
29 0.1893709512236874 0.2107976203788077 0
30 0.1933854144190678 0.214812083574188 0
31 0.1948548099311346 0.2202959422816353 0
32 0.193887040430289 0.2389386673053407 0
33 0.1917532828004085 0.2582166490372637 0
34 0.182066600106916 0.2954868581883355 0
35 0.1798628653198768 0.3037113083799727 0
36 0.1738421499152788 0.3097320237845708 0
37 0.5975429243303363 0.02190997401293148 0
38 0.6057971100317232 0.01969827162006834 0
39 0.6140512957331101 0.02190997401293147 0
40 0.6200937790416339 0.02795245732145522 0
41 0.6261860050991284 0.04444424013229561 0
42 0.6283952445266993 0.05268923392207493 0
43 0.6313109821900574 0.06803645577709706 0
44 0.6297936245168251 0.07369931170685481 0
45 0.6256481262602998 0.07784480996338017 0
46 0.619985270330542 0.07936216763661255 0
47 0.6143224144007842 0.07784480996338017 0
48 0.6101769161442588 0.07369931170685481 0
49 0.5976245087951531 0.06093422771185423 0
50 0.5915004410218125 0.04446082872422902 0
51 0.5892887386289494 0.03620664302284212 0
52 0.5915004410218125 0.02795245732145523 0
53 0.5384411780838155 0.4279646623580949 0
54 0.536179397140952 0.4364057437524527 0
55 0.5300000966894577 0.442585044203947 0
56 0.5215590152951 0.4448468251468105 0
57 0.5131179339007422 0.442585044203947 0
58 0.4983043712372092 0.4365278686668156 0
59 0.4935574653271024 0.4317809627567089 0
60 0.4918199771746288 0.4252965686941285 0
61 0.4935574653271024 0.4188121746315481 0
62 0.4983043712372092 0.4140652687214413 0
63 0.5047887652997896 0.4123277805689677 0
64 0.5215590152951 0.4110824995693794 0
65 0.5300000966894577 0.4133442805122429 0
66 0.536179397140952 0.4195235809637372 0
67 0.8455115832704515 0.5476945529023701 0
68 0.8539316450717994 0.5499507016622615 0
69 0.860095558113256 0.556114614703718 0
70 0.8623517068731473 0.5645346765050659 0
71 0.860095558113256 0.5729547383064139 0
72 0.8539316450717994 0.5791186513478704 0
73 0.836197931531992 0.5884209502788379 0
74 0.7816432330017555 0.613450625274149 0
75 0.7633906875869075 0.6215971717930114 0
76 0.7551819854747179 0.6237966868948802 0
77 0.7469732833625283 0.6215971717930114 0
78 0.7409640963522076 0.6155879847826907 0
79 0.7387645812503388 0.6073792826705011 0
80 0.7409640963522076 0.5991705805583115 0
81 0.7469732833625283 0.5931613935479908 0
82 0.7829237728769444 0.5758306764974293 0
83 0.8370915214691036 0.5499507016622615 0
84 0.6119664453078886 0.2975037099674771 0
85 0.603467563463094 0.2952264414405969 0
86 0.5972459501451798 0.2890048281226826 0
87 0.5949686816182995 0.2805059462778881 0
88 0.5972459501451798 0.2720070644330935 0
89 0.603467563463094 0.2657854511151792 0
90 0.6119664453078886 0.263508182588299 0
91 0.6253059933110765 0.2599961025193875 0
92 0.6317278113654617 0.2617168234809997 0
93 0.636428908458235 0.2664179205737728 0
94 0.6381496294198471 0.2728397386281581 0
95 0.636428908458235 0.2792615566825434 0
96 0.6266869404705974 0.2890048281226826 0
97 0.6204653271526831 0.2952264414405969 0
98 0.4115565038393772 0.5297172026117065 0
99 0.4138280573957395 0.5212396493272488 0
100 0.420034057123835 0.5150336495991532 0
101 0.4285116104082928 0.5127620960427909 0
102 0.4369891636927505 0.5150336495991532 0
103 0.4431951634208461 0.5212396493272488 0
104 0.4454667169772084 0.5297172026117065 0
105 0.4431951634208461 0.5381947558961643 0
106 0.4369891636927506 0.5444007556242598 0
107 0.4276035881947952 0.5477164198037486 0
108 0.4234810358704886 0.5488210543698017 0
109 0.419358483546182 0.5477164198037486 0
110 0.4163405657879284 0.5446985020454951 0
111 0.4138280573957395 0.5381947558961643 0
112 0.5714358031954387 0.3212835309679878 0
113 0.5695841578250482 0.3281939655678848 0
114 0.5645253685955417 0.3332527547973912 0
115 0.5576149339956448 0.3351044001677818 0
116 0.5507044993957478 0.3332527547973912 0
117 0.5358018307493613 0.3277365164699948 0
118 0.5232289974253523 0.3175652902662657 0
119 0.5184597719675683 0.3127960648084817 0
120 0.5167141142936439 0.3062811816767733 0
121 0.5184597719675683 0.2997662985450649 0
122 0.5232289974253523 0.294997073087281 0
123 0.5297438805570607 0.2932514154133566 0
124 0.5442936545670668 0.2960445985333941 0
125 0.5527854783847723 0.2983199758676157 0
126 0.5645253685955417 0.3093143071385843 0
127 0.5695841578250482 0.3143730963680908 0
128 0.3747368427343829 0.4443105351402937 0
129 0.3724970917552057 0.4359516706897021 0
130 0.3747368427343829 0.4275928062391106 0
131 0.3808559562057972 0.4214736927676963 0
132 0.3892148206563888 0.419233941788519 0
133 0.4089879514868418 0.4185335128309101 0
134 0.4283624466846923 0.419837415622482 0
135 0.447208828596511 0.4221384998851386 0
136 0.4666297081502465 0.425632627126861 0
137 0.4713936646297675 0.4269091254183257 0
138 0.4748811228178239 0.4303965836063821 0
139 0.4761576211092886 0.4351605400859031 0
140 0.4748811228178239 0.4399244965654242 0
141 0.4713936646297675 0.4434119547534806 0
142 0.4666297081502465 0.4446884530449453 0
143 0.447208828596511 0.4496091846945983 0
144 0.4283624466846923 0.4527952451129545 0
145 0.3892148206563888 0.4526693995908853 0
146 0.3808559562057973 0.450429648611708 0
147 0.7235991281637447 0.5227868897115319 0
148 0.7251076213943491 0.5171571163320426 0
149 0.7292289015432339 0.5130358361831578 0
150 0.7348586749227232 0.5115273429525534 0
151 0.7404884483022124 0.5130358361831578 0
152 0.7782422158048193 0.5235614435649032 0
153 0.7813929113313582 0.5267121390914421 0
154 0.7825461459336615 0.5310160692202842 0
155 0.7813929113313582 0.5353199993491263 0
156 0.7782422158048193 0.5384706948756652 0
157 0.7739382856759772 0.5396239294779684 0
158 0.7348586749227232 0.5340464364705103 0
159 0.7292289015432339 0.5325379432399059 0
160 0.7251076213943491 0.5284166630910211 0
161 0.05586740271760265 0.2397993846890544 0
162 0.05763982125120897 0.2464141407087499 0
163 0.04967252688514081 0.2215941328582648 0
164 0.04327087410775435 0.2033859775614679 0
165 0.03415486075614976 0.1873928609018288 0
166 0.02235930136746105 0.1719050883944359 0
167 0.01768183712532797 0.1672276241523029 0
168 0.01129230214528087 0.1655155534143888 0
169 0.004902767165233766 0.1672276241523029 0
170 0.0002253029231006967 0.1719050883944359 0
171 -9.80118763926896e-17 0.1727459303505423 0
172 9.835068957159132e-17 0.1838433163984253 0
173 0.0002253029231007019 0.1846841583545301 0
174 0.007027929967609411 0.2030546016948809 0
175 0.01382603621714097 0.2203859626438584 0
176 0.02154838345949343 0.23783161463579 0
177 0.03295321570603328 0.2530288967284454 0
178 0.03779555319212247 0.2578712342145346 0
179 0.04441030921181797 0.2596436527481409 0
180 0.05102506523151347 0.2578712342145346 0
181 0.05586740271760265 0.2530288967284454 0
182 1 0.1727459303505409 0
183 1 0.1838433163984245 0
184 0.9985132321851866 0.178294623374483 0
185 0.3214222996430349 0.1817957587713896 0
186 0.3194569453949293 0.1891305606801913 0
187 0.3140874977342333 0.1945000083408873 0
188 0.3067526958254316 0.1964653625889929 0
189 0.29941789391663 0.1945000083408873 0
190 0.2893385170244637 0.1849093514986871 0
191 0.2832223867651642 0.1787932212393877 0
192 0.2791537713561259 0.1636134434560768 0
193 0.2778477292239835 0.1587392278620957 0
194 0.2791537713561259 0.1538650122681146 0
195 0.2827219448179646 0.1502968388062759 0
196 0.2875961604119457 0.1489907966741335 0
197 0.2924703760059268 0.1502968388062759 0
198 0.3060480956385792 0.1559675123659727 0
199 0.3121642258978786 0.1620836426252721 0
200 0.3194569453949293 0.1744609568625879 0
201 0.5239648555937806 0.2125444640215348 0
202 0.5220571588274719 0.2054248427642358 0
203 0.5239648555937806 0.1983052215069368 0
204 0.5291767800847709 0.1930932970159465 0
205 0.5484595746607833 0.1871223383206698 0
206 0.5543709143155857 0.1855383996339795 0
207 0.5733578253708554 0.1815704641272359 0
208 0.5920374368024063 0.1781937849371433 0
209 0.5952049739935769 0.179042523969513 0
210 0.5975237721523777 0.1813613221283139 0
211 0.5983725111847474 0.1845288593194845 0
212 0.5975237721523777 0.1876963965106551 0
213 0.5952049739935769 0.190015194669456 0
214 0.5782394352748075 0.1997888803115162 0
215 0.5434160225993689 0.217756388512525 0
216 0.5362964013420699 0.2196640852788338 0
217 0.5291767800847709 0.2177563885125251 0
218 0.2656110852946337 0.2806013735956922 0
219 0.2676130217053959 0.2731300451972055 0
220 0.2730824136931204 0.267660653209481 0
221 0.2805537420916071 0.2656587167987188 0
222 0.2962041159714025 0.2654048294553364 0
223 0.3046167103274267 0.2676589773192837 0
224 0.3184352042274591 0.273892669852076 0
225 0.3227839308593365 0.2782413964839535 0
226 0.3243756752807176 0.2841818675372121 0
227 0.3227839308593366 0.2901223385904707 0
228 0.3184352042274591 0.2944710652223481 0
229 0.3124947331742005 0.2960628096437292 0
230 0.2962041159714025 0.2990552068794329 0
231 0.2805537420916071 0.2955440303926656 0
232 0.2730824136931204 0.2935420939819034 0
233 0.2676130217053959 0.2880727019941789 0
234 0.5382214284441682 0.5515955804986754 0
235 0.5461902107650214 0.5494603517111434 0
236 0.5660723693549335 0.5521135227964853 0
237 0.5857154933690695 0.5561620621206118 0
238 0.60533968609695 0.5602394233722996 0
239 0.6248997965381737 0.5646068825233358 0
240 0.6443843845179863 0.5692980549367768 0
241 0.6517829452332248 0.5712804933055775 0
242 0.6571990675796626 0.5766966156520152 0
243 0.6591815059484634 0.5840951763672538 0
244 0.6571990675796626 0.5914937370824924 0
245 0.6517829452332249 0.5969098594289302 0
246 0.6443843845179863 0.5988922977977309 0
247 0.5461902107650214 0.5813354809945561 0
248 0.5382214284441682 0.5792002522070241 0
249 0.532387874910847 0.5733666986737029 0
250 0.530252646123315 0.5653979163528497 0
251 0.532387874910847 0.5574291340319966 0
252 0.6576479561151846 0.6110728692339967 0
253 0.6599193954106003 0.6025957423771967 0
254 0.6661250829719845 0.5963900548158125 0
255 0.6746022098287845 0.5941186155203968 0
256 0.6830793366855845 0.5963900548158125 0
257 0.6892850242469687 0.6025957423771967 0
258 0.6940113802282215 0.613798265064794 0
259 0.6956181323417389 0.6197947455876093 0
260 0.6940113802282215 0.6257912261104246 0
261 0.6896216518189235 0.6301809545197226 0
262 0.6836251712961082 0.6317877066332399 0
263 0.6776286907732929 0.6301809545197226 0
264 0.6661250829719845 0.6257556836521809 0
265 0.6599193954106003 0.6195499960907968 0
266 0.05975496766833226 0.1704964853546597 0
267 0.04345907540636502 0.161858270970551 0
268 0.0391691029835948 0.1575682985477808 0
269 0.03759886409532622 0.151708087236742 0
270 0.0391691029835948 0.1458478759257032 0
271 0.04345907540636501 0.141557903502933 0
272 0.04931928671740381 0.1399876646146644 0
273 0.06754070901507826 0.1414397030740139 0
274 0.08546233293140598 0.1437473989289252 0
275 0.09396217726169181 0.1460249253530156 0
276 0.1117595288215069 0.1515414841299409 0
277 0.1278763981268661 0.15879013567578 0
278 0.1322307081870852 0.163144445735999 0
279 0.1338244962850795 0.1690925438942124 0
280 0.1322307081870852 0.1750406420524258 0
281 0.1278763981268662 0.1793949521126448 0
282 0.1219282999686528 0.1809887402106391 0
283 0.1037599078517084 0.1813964760305222 0
284 0.08546233293140598 0.1777467762500686 0
285 0.07696248860112014 0.1754692498259783 0
286 0.7423421802887281 0.2645814941749259 0
287 0.7401076983738624 0.2729206942097985 0
288 0.7340029802538555 0.2790254123298054 0
289 0.7256637802189829 0.2812598942446711 0
290 0.7173245801841104 0.2790254123298054 0
291 0.6997091251163908 0.2723417870153818 0
292 0.6834046648408479 0.2640611854130978 0
293 0.6795463762371563 0.2602028968094061 0
294 0.6781341445930732 0.2549323765616314 0
295 0.6795463762371563 0.2496618563138566 0
296 0.6834046648408479 0.245803567710165 0
297 0.6886751850886227 0.2443913360660818 0
298 0.7071775201788647 0.2444693571912326 0
299 0.7256637802189829 0.2479030941051807 0
300 0.7340029802538555 0.2501375760200464 0
301 0.7401076983738624 0.2562422941400533 0
302 0.2143121625952059 0.2863303370204117 0
303 0.2067419628405901 0.2843019081096201 0
304 0.2012001919967659 0.278760137265796 0
305 0.1991717630859743 0.2711899375111801 0
306 0.2012001919967659 0.2636197377565644 0
307 0.2067419628405901 0.2580779669127402 0
308 0.2192012430595938 0.2490044955209841 0
309 0.2366277613961553 0.2443085742657925 0
310 0.2427523980293134 0.2426674828260037 0
311 0.2488770346624716 0.2443085742657925 0
312 0.2533605798558409 0.2487921194591618 0
313 0.2550016712956297 0.25491675609232 0
314 0.2533605798558409 0.2610413927254781 0
315 0.2488770346624716 0.2655249379188474 0
316 0.2358881731605892 0.2779071062782585 0
317 0.2218823623498217 0.2843019081096201 0
318 0.4824220276102771 0.3693970969397887 0
319 0.4846986769375646 0.3609005259793344 0
320 0.4909185985707314 0.3546806043461675 0
321 0.4994151695311858 0.35240395501888 0
322 0.5079117404916401 0.3546806043461675 0
323 0.5237492590152074 0.3656009516835471 0
324 0.5297692694199229 0.3716209620882626 0
325 0.5424774400959258 0.38446796062862 0
326 0.5534448049125222 0.397158240260214 0
327 0.5544409479079487 0.4008758965307494 0
328 0.5534448049125222 0.4045935528012848 0
329 0.5507232916374133 0.4073150660763938 0
330 0.5470056353668779 0.4083112090718203 0
331 0.5305336093382197 0.4051552823379709 0
332 0.5236378354351028 0.4033075652894431 0
333 0.5073022847274314 0.3940879467807541 0
334 0.4909185985707314 0.38411358953341 0
335 0.4846986769375646 0.3778936679002431 0
336 0.582807307745969 0.2990217458858322 0
337 0.5902230506224834 0.2970347035707933 0
338 0.5976387934989977 0.2990217458858322 0
339 0.6132500267799704 0.3058270442741637 0
340 0.6194657031416023 0.3120427206357956 0
341 0.6288820817237325 0.3235725966944931 0
342 0.6306176428141693 0.330049798863643 0
343 0.6288820817237325 0.3365270010327929 0
344 0.6241404406450195 0.3412686421115059 0
345 0.6176632384758696 0.3430042032019427 0
346 0.6111860363067196 0.3412686421115059 0
347 0.5962684831565873 0.3352399406208107 0
348 0.582807307745969 0.324710632761812 0
349 0.5773786071844935 0.3192819322003365 0
350 0.5753915648694546 0.3118661893238221 0
351 0.5773786071844935 0.3044504464473077 0
352 0.5207131470589648 0.5070803368052433 0
353 0.5130439813211237 0.5050253900391684 0
354 0.5074297623493577 0.4994111710674023 0
355 0.5053748155832827 0.4917420053295612 0
356 0.5074297623493577 0.4840728395917202 0
357 0.5151823988192208 0.4705877561621266 0
358 0.5177843318800838 0.4679858231012636 0
359 0.5213386385401693 0.4670334495020412 0
360 0.5248929452002546 0.4679858231012636 0
361 0.5274948782611176 0.4705877561621266 0
362 0.5339965317685719 0.4840728395917202 0
363 0.5360514785346469 0.4917420053295612 0
364 0.5339965317685719 0.4994111710674023 0
365 0.5283823127968058 0.5050253900391684 0
366 0.8074705955904153 0.6501337322085867 0
367 0.8096786074758269 0.6418933196685148 0
368 0.8157110081304871 0.6358609190138546 0
369 0.823951420670559 0.6336529071284429 0
370 0.837991779984217 0.636580865151297 0
371 0.8454931791868541 0.638590859009747 0
372 0.8509845845310411 0.644082264353934 0
373 0.8529945783894911 0.651583663556571 0
374 0.8509845845310411 0.6590850627592081 0
375 0.8454931791868541 0.6645764681033951 0
376 0.837991779984217 0.6665864619618451 0
377 0.823951420670559 0.6666145572887305 0
378 0.8157110081304871 0.6644065454033189 0
379 0.8096786074758269 0.6583741447486586 0
380 0.2760354004033098 0.1814718401275902 0
381 0.2738980676493544 0.1894484745580326 0
382 0.2680587659728673 0.1952877762345197 0
383 0.2600821315424249 0.197425108988475 0
384 0.2521054971119824 0.1952877762345197 0
385 0.2206448490666536 0.1737518945140439 0
386 0.2058474037200669 0.1606164002788255 0
387 0.2003824712587085 0.1551514678174671 0
388 0.1888635808784634 0.1412023373437609 0
389 0.1874028249302692 0.1357507219276415 0
390 0.1888635808784634 0.1302991065115221 0
391 0.1928544403463886 0.1263082470435969 0
392 0.198306055762508 0.1248474910954026 0
393 0.2037576711786275 0.1263082470435969 0
394 0.2207778768644305 0.134756062211745 0
395 0.2535822134587648 0.1549637944284643 0
396 0.2680587659728673 0.1676559040206606 0
397 0.2738980676493544 0.1734952056971477 0
398 0.3800276226656297 0.2406172322716059 0
399 0.3780771704120712 0.2478964191796236 0
400 0.372748435757612 0.2532251538340828 0
401 0.3654692488495942 0.2551756060876414 0
402 0.3581900619415764 0.2532251538340828 0
403 0.344475553981427 0.2445762644353067 0
404 0.3382608965796485 0.2383616070335283 0
405 0.3291907477009527 0.2253669990347387 0
406 0.3273911759718671 0.2186509059099265 0
407 0.3291907477009527 0.2119348127851143 0
408 0.3341072690966793 0.2070182913893877 0
409 0.3408233622214915 0.205218719660302 0
410 0.3475394553463037 0.2070182913893877 0
411 0.3614543137547196 0.2151681898584571 0
412 0.3676689711564981 0.2213828472602355 0
413 0.3780771704120712 0.2333380453635881 0
414 0.1063771574576665 0.4451022251290774 0
415 0.006586838533446438 0.4606864577700414 0
416 0.1148509844199623 0.4428316700377291 0
417 0.1210542562909099 0.4366283981667815 0
418 0.1233248113822581 0.4281545712044857 0
419 0.1210542562909099 0.4196807442421899 0
420 0.1148509844199623 0.4134774723712423 0
421 0.1063771574576665 0.411206917279894 0
422 0.08650718163166721 0.4100420760200304 0
423 0.06661838260060923 0.4093207735034332 0
424 0.02674539907661891 0.4080180931574669 0
425 0.01892206612835519 0.410114348903074 0
426 0.01319498892569853 0.4158414261057306 0
427 2.168404344971009e-18 0.430874804739995 0
428 1.821459649775647e-17 0.4589215197043303 0
429 1 0.4308748047399949 0
430 1 0.4589215197043301 0
431 0.9935909068357445 0.4381768437779268 0
432 0.99158042920537 0.445680048441965 0
433 0.9935909068357445 0.4531832531060032 0
434 0.9990836338694082 0.4586759801396669 0
435 0.2243659922016051 0.336635990971295 0
436 0.2264592025253217 0.3288240236922569 0
437 0.2321779594806432 0.3231052667369354 0
438 0.2399899267596813 0.3210120564132187 0
439 0.2478018940387195 0.3231052667369353 0
440 0.253520650994041 0.3288240236922569 0
441 0.2632452783401686 0.3428636992849488 0
442 0.2683591578774802 0.3596532363423697 0
443 0.2700830137988817 0.3660867542259685 0
444 0.2683591578774802 0.3725202721095673 0
445 0.2636494959152829 0.3772299340717646 0
446 0.2572159780316841 0.3789537899931661 0
447 0.2507824601480853 0.3772299340717646 0
448 0.246072798185888 0.3725202721095673 0
449 0.2340620105391866 0.3597126668056787 0
450 0.2264592025253217 0.3444479582503332 0
451 0.6342729824672964 0.1240541365055669 0
452 0.6260070327299992 0.1218392819487819 0
453 0.6160731834330312 0.1132531211268665 0
454 0.6135130920812594 0.1106930297750947 0
455 0.6125760336105022 0.1071958799525657 0
456 0.6135130920812594 0.1036987301300366 0
457 0.6160731834330312 0.1011386387782649 0
458 0.6260070327299992 0.09320519211316364 0
459 0.6342729824672964 0.09099033755637864 0
460 0.6492035917078642 0.09136679077577385 0
461 0.6568669891319718 0.09342019192684223 0
462 0.6624769854050111 0.09903018819988145 0
463 0.6645303865560794 0.1066935856239891 0
464 0.6624769854050111 0.1143569830480967 0
465 0.6568669891319718 0.1199669793211359 0
466 0.6492035917078642 0.1220203804722043 0
467 0.6503396832181494 0.5536404317546562 0
468 0.6526168938635741 0.5451417659263941 0
469 0.6588383490464115 0.5389203107435568 0
470 0.6673370148746736 0.536643100098132 0
471 0.6872677233324063 0.5380463817430698 0
472 0.7467439782355144 0.5430499854666092 0
473 0.7664853948432055 0.5466180703498416 0
474 0.773765115629986 0.5485686656557833 0
475 0.7790942411108244 0.5538977911366219 0
476 0.7810448364167663 0.5611775119234023 0
477 0.7790942411108244 0.5684572327101827 0
478 0.773765115629986 0.5737863581910211 0
479 0.7664853948432055 0.575736953496963 0
480 0.7069496068798414 0.5737914073282576 0
481 0.6673370148746736 0.5706377634111803 0
482 0.6588383490464115 0.5683605527657555 0
483 0.6526168938635742 0.5621390975829182 0
484 0.1415728786260416 0.7516464725067376 0
485 0.1401001469413089 0.7571427819800762 0
486 0.1360765691527029 0.7611663597686823 0
487 0.1305802596793642 0.7626390914534149 0
488 0.1250839502060255 0.7611663597686823 0
489 0.1210603724174195 0.7571427819800762 0
490 0.1132246812850071 0.7387582493889312 0
491 0.1122053334529392 0.7349539914890686 0
492 0.1132246812850071 0.731149733589206 0
493 0.1160095913528018 0.7283648235214113 0
494 0.1198138492526644 0.7273454756893434 0
495 0.123618107152527 0.7283648235214113 0
496 0.1264030172203217 0.731149733589206 0
497 0.1401001469413089 0.7461501630333989 0
498 0.6398128384114735 0.2558678348428619 0
499 0.6313885513944265 0.2536105539398361 0
500 0.6252215452804053 0.2474435478258149 0
501 0.6229642643773796 0.2390192608087679 0
502 0.6252215452804053 0.230594973791721 0
503 0.6313885513944265 0.2244279676776997 0
504 0.6468945824272001 0.2188321216629361 0
505 0.6544767150481666 0.2168004953502425 0
506 0.6620588476691331 0.2188321216629361 0
507 0.6676093539774061 0.224382627971209 0
508 0.6696409802900997 0.2319647605921755 0
509 0.6676093539774061 0.239546893213142 0
510 0.6620588476691331 0.2450973995214149 0
511 0.6482371254285205 0.2536105539398361 0
512 0.5473290133977453 0.3700719163332538 0
513 0.5415204992156641 0.3642634021511726 0
514 0.5344607649036883 0.3542361988895603 0
515 0.5336490427052376 0.3512068104033106 0
516 0.5344607649036883 0.348177421917061 0
517 0.5366784311914873 0.3459597556292622 0
518 0.5473290133977453 0.3425857321071611 0
519 0.5552635913287105 0.3404596683582772 0
520 0.5631981692596756 0.3425857321071611 0
521 0.5801820836895119 0.3476283535982449 0
522 0.5939727075073766 0.355748295053782 0
523 0.5984748496097239 0.3602504371561293 0
524 0.6001227479906305 0.3664004776393832 0
525 0.5984748496097239 0.3725505181226371 0
526 0.5939727075073766 0.3770526602249845 0
527 0.5878226670241227 0.3787005586058911 0
528 0.5717524888908168 0.3790880296741932 0
529 0.5633228940921217 0.3768293265553613 0
530 0.47887963386271 0.6192853204518822 0
531 0.4766049856321816 0.6277744232175609 0
532 0.4703905310970312 0.6339888777527113 0
533 0.4619014283313525 0.6362635259832397 0
534 0.4534123255656738 0.6339888777527113 0
535 0.4161640577134962 0.6207189504447906 0
536 0.3799892610360586 0.6049628488198163 0
537 0.3626295384809148 0.5963421998101908 0
538 0.3583338752852244 0.5920465366145004 0
539 0.3567615534294998 0.5861785515630854 0
540 0.3583338752852244 0.5803105665116705 0
541 0.3626295384809147 0.57601490331598 0
542 0.3684975235323297 0.5744425814602556 0
543 0.387104586707881 0.5784080919001758 0
544 0.3942199123797034 0.5803146376678251 0
545 0.4515408512328535 0.5979077024168366 0
546 0.4703905310970312 0.6045817631510532 0
547 0.4766049856321815 0.6107962176862035 0
548 0.4397123273044152 0.6483349598918348 0
549 0.4374795726525346 0.6566677136934891 0
550 0.4313795735027609 0.6627677128432627 0
551 0.4230468197011066 0.6650004674951434 0
552 0.4147140658994523 0.6627677128432627 0
553 0.377824524631603 0.6484371422224586 0
554 0.3601472012243455 0.639763116241053 0
555 0.3251375412751216 0.6222493906970005 0
556 0.3215596720204302 0.618671521442309 0
557 0.3202500809817937 0.6137840611489811 0
558 0.3215596720204301 0.6088966008556532 0
559 0.3251375412751216 0.6053187316009617 0
560 0.3300250015684495 0.6040091405623254 0
561 0.3489223629143636 0.6070437534773866 0
562 0.3552668405747187 0.608743751142876 0
563 0.4124852031596222 0.6274618098159283 0
564 0.4313795735027608 0.6339022069404068 0
565 0.4374795726525346 0.6400022060901804 0
566 0.6557314994951117 0.7397686882991331 0
567 0.6536768996179585 0.7321008171683728 0
568 0.6539188262345804 0.7133713755696953 0
569 0.6554535566304258 0.7076436837564799 0
570 0.6596465180477957 0.70345072233911 0
571 0.6653742098610111 0.7019159919432646 0
572 0.6711019016742266 0.70345072233911 0
573 0.6752948630915965 0.7076436837564799 0
574 0.6822937842638465 0.7244329460376125 0
575 0.6843483841409996 0.7321008171683728 0
576 0.6822937842638466 0.7397686882991331 0
577 0.6766805130102393 0.7453819595527402 0
578 0.6690126418794791 0.7474365594298934 0
579 0.6613447707487188 0.7453819595527402 0
580 0.1167702059219226 0.138292817484364 0
581 0.1114811342167379 0.1368756149922494 0
582 0.1076092650036678 0.1330037457791793 0
583 0.1061920625115532 0.1277146740739946 0
584 0.1085659013740418 0.1077328175366287 0
585 0.1097926630927611 0.1031544804735876 0
586 0.1131442384370829 0.09980290512926583 0
587 0.117722575500124 0.09857614341054648 0
588 0.1223009125631651 0.09980290512926582 0
589 0.1256524879074869 0.1031544804735876 0
590 0.1268792496262063 0.1077328175366287 0
591 0.1273483493322919 0.1277146740739946 0
592 0.1259311468401774 0.1330037457791793 0
593 0.1220592776271072 0.1368756149922494 0
594 0.5989659039284931 0.117478601072195 0
595 0.6074455405296465 0.1197507128515834 0
596 0.6136530653514114 0.1259582376733483 0
597 0.6159251771307999 0.1344378742745017 0
598 0.6136530653514114 0.142917510875655 0
599 0.6074455405296465 0.1491250356974199 0
600 0.5989659039284931 0.1513971474768084 0
601 0.5592187741292968 0.1538296970725275 0
602 0.5195487967681374 0.155454871346994 0
603 0.4997068628992689 0.1554224262878653 0
604 0.4921733351241902 0.1534038236043755 0
605 0.4866584100326014 0.1478888985127866 0
606 0.4846398073491116 0.140355370737708 0
607 0.4866584100326014 0.1328218429626294 0
608 0.4921733351241902 0.1273069178710405 0
609 0.4997068628992689 0.1252883151875507 0
610 0.5392785573666152 0.1206501248534376 0
611 0.4298280239688218 0.4644599996248351 0
612 0.4380976863733091 0.4666758489877955 0
613 0.4441514994148361 0.4727296620293224 0
614 0.4463673487777965 0.4809993244338098 0
615 0.4441514994148361 0.4892689868382971 0
616 0.4380976863733091 0.4953227998798241 0
617 0.4298280239688218 0.4975386492427845 0
618 0.41915270301902 0.4951891982378319 0
619 0.412446370138742 0.4933922417583871 0
620 0.4075369937379087 0.4884828653575539 0
621 0.405740037258464 0.4817765324772759 0
622 0.4075369937379087 0.4750701995969979 0
623 0.412446370138742 0.4701608231961647 0
624 0.4215583615643345 0.4666758489877955 0
625 0.6975043228449329 0.3969008774271464 0
626 0.6952362304826897 0.4053655133592972 0
627 0.6890396869127822 0.4115620569292048 0
628 0.6805750509806313 0.4138301492914481 0
629 0.6721104150484805 0.4115620569292048 0
630 0.6659138714785729 0.4053655133592973 0
631 0.6300275835089992 0.3119943705053829 0
632 0.6278584584399506 0.3038990855397221 0
633 0.6300275835089992 0.2958038005740612 0
634 0.6359537434056114 0.2898776406774489 0
635 0.6440490283712723 0.2877085156084003 0
636 0.6521443133369332 0.2898776406774489 0
637 0.6580704732335454 0.2958038005740612 0
638 0.6660700410387381 0.3141509320039487 0
639 0.6810293173492686 0.3510665902491715 0
640 0.6884500875554013 0.3696850858153319 0
641 0.6952362304826897 0.3884362414949956 0
642 0.1331901421168411 0.5750285678498674 0
643 0.135234996788278 0.5826600693777644 0
644 0.1331901421168411 0.5902915709056613 0
645 0.1276034952603811 0.5958782177621214 0
646 0.1199719937324841 0.5979230724335582 0
647 0.1018677970082541 0.5994259520313733 0
648 0.09632878935803138 0.5979417794046263 0
649 0.09227395433455565 0.5938869443811506 0
650 0.09078978170780867 0.5883479367309279 0
651 0.09227395433455565 0.5828089290807051 0
652 0.09632878935803137 0.5787540940572294 0
653 0.1123404922045872 0.5694419209934074 0
654 0.1199719937324841 0.5673970663219705 0
655 0.127603495260381 0.5694419209934074 0
656 0.250538484200637 0.5081431954858012 0
657 0.2489790025004537 0.5023231305472431 0
658 0.250538484200637 0.496503065608685 0
659 0.2547990674390118 0.4922424823703102 0
660 0.26061913237757 0.4906830006701268 0
661 0.2746074197132109 0.4883399222144843 0
662 0.2831046445625772 0.4906167467507777 0
663 0.2969224208898092 0.4966300313097827 0
664 0.3019460060608815 0.501653616480855 0
665 0.3037847658515688 0.5085159614426146 0
666 0.3019460060608815 0.5153783064043741 0
667 0.2969224208898092 0.5204018915754465 0
668 0.2900600759280497 0.5222406513661336 0
669 0.2746074197132109 0.5223288216119494 0
670 0.2661101948638446 0.5200519970756561 0
671 0.2547990674390118 0.5124037787241761 0
672 0.4825749346346684 0.698187595617034 0
673 0.4837837339706565 0.6936762950789707 0
674 0.4870862351727318 0.6903737938768955 0
675 0.4915975357107951 0.6891649945409073 0
676 0.4961088362488585 0.6903737938768955 0
677 0.4994113374509337 0.6936762950789707 0
678 0.5081387283445375 0.7116015504647254 0
679 0.5089694402037447 0.7147018093297364 0
680 0.5081387283445375 0.7178020681947473 0
681 0.5058691813387337 0.7200716152005512 0
682 0.5027689224737227 0.7209023270597583 0
683 0.4996686636087118 0.7200716152005512 0
684 0.4973991166029079 0.7178020681947473 0
685 0.4837837339706565 0.7026988961550974 0
686 0.9094610177563683 0.4306813439920679 0
687 0.9076673865902858 0.4373752666339272 0
688 0.902767095114509 0.4422755581097038 0
689 0.8960731724726498 0.4440691892757864 0
690 0.8784372119906871 0.4422399555003573 0
691 0.8701401113899875 0.44001675409488 0
692 0.8518104403862009 0.434821412547258 0
693 0.8351355467733291 0.4288895102010191 0
694 0.8219240683099588 0.4162079209069826 0
695 0.8196575928737604 0.4139414454707841 0
696 0.8188280052870583 0.4108453824478836 0
697 0.8196575928737604 0.4077493194249831 0
698 0.8219240683099588 0.4054828439887846 0
699 0.8250201313328593 0.4046532564020826 0
700 0.8424113246152123 0.4017359376305273 0
701 0.8602623253615869 0.4032785483993896 0
702 0.8687142103369728 0.405543224153065 0
703 0.8867343125913868 0.4112747545030358 0
704 0.902767095114509 0.419087129874432 0
705 0.9076673865902857 0.4239874213502087 0
706 0.3515857152264797 0.7018304831949298 0
707 0.3599435335243609 0.6995910125315266 0
708 0.3683013518222421 0.7018304831949298 0
709 0.3744196994567199 0.7079488308294076 0
710 0.3766591701201232 0.7163066491272888 0
711 0.380607595208885 0.7345798164419921 0
712 0.3834238330449254 0.7535051226695832 0
713 0.3850590105340093 0.7723632075375299 0
714 0.3833902923479343 0.778590948591476 0
715 0.3788312694800631 0.7831499714593472 0
716 0.3726035284261169 0.7848186896454222 0
717 0.3663757873721707 0.7831499714593472 0
718 0.3618167645042996 0.778590948591476 0
719 0.3548155794151197 0.7611706811265544 0
720 0.3494234653281247 0.7429355788602091 0
721 0.3471845455360171 0.7345798164419921 0
722 0.3432278969285986 0.7163066491272888 0
723 0.3454673675920019 0.7079488308294076 0
724 0.170052230194285 0.3573073658605826 0
725 0.1784704338733296 0.3595630167381034 0
726 0.1846329866748536 0.3657255695396273 0
727 0.1868886375523743 0.374143773218672 0
728 0.1846329866748536 0.3825619768977166 0
729 0.179478995221604 0.4017252564988282 0
730 0.1685363142423356 0.4400907535650748 0
731 0.1572096394885241 0.4781006674422087 0
732 0.1513188025699723 0.4839915043607605 0
733 0.1432717696896792 0.4861477003225018 0
734 0.1352247368093861 0.4839915043607606 0
735 0.1293338998908342 0.4781006674422087 0
736 0.127177703929093 0.4700536345619156 0
737 0.1412300135473673 0.4121465158870546 0
738 0.1435017911553436 0.4036681264305897 0
739 0.1554714737137163 0.3657255695396273 0
740 0.1616340265152403 0.3595630167381034 0
741 0.2122638188823706 0.2084694030188382 0
742 0.2145404095718275 0.1999730508977469 0
743 0.220760171003462 0.1937532894661124 0
744 0.2292565231245534 0.1914766987766555 0
745 0.2377528752456448 0.1937532894661124 0
746 0.2550626174857163 0.2032990047657499 0
747 0.2883067765181102 0.2243496177601143 0
748 0.3041317010344938 0.2360300397118646 0
749 0.3189210206191567 0.249969898814697 0
750 0.322040283817137 0.2530891620126774 0
751 0.3231820133886877 0.2573501547822084 0
752 0.322040283817137 0.2616111475517394 0
753 0.3189210206191567 0.2647304107497198 0
754 0.3146600278496257 0.2658721403212705 0
755 0.3103990350800946 0.2647304107497198 0
756 0.273527627377844 0.2499478549636934 0
757 0.2552865672668571 0.2417066366597152 0
758 0.220760171003462 0.2231855165715641 0
759 0.2145404095718275 0.2169657551399296 0
760 0.4799659089133592 0.2808341743642765 0
761 0.4777169165219345 0.2892275282349089 0
762 0.4715725550427267 0.2953718897141168 0
763 0.4631792011720942 0.2976208821055414 0
764 0.4547858473014618 0.2953718897141168 0
765 0.4397370698905069 0.2832855901260978 0
766 0.425394958259085 0.2696760137810211 0
767 0.4210794979734073 0.2653605534953433 0
768 0.4098318807714481 0.2515252299936098 0
769 0.4090230942361268 0.2485067975513131 0
770 0.4098318807714481 0.2454883651090164 0
771 0.4120415266784235 0.2432787192020409 0
772 0.4150599591207202 0.2424699326667197 0
773 0.418078391563017 0.2432787192020409 0
774 0.4371850150176024 0.2492550364511482 0
775 0.454906863947507 0.2570107360790174 0
776 0.4715725550427267 0.2662964590144362 0
777 0.4777169165219345 0.272440820493644 0
778 0.6779424194288435 0.5118205556594447 0
779 0.6802114179492671 0.5033525378989249 0
780 0.6864104371893633 0.4971535186588287 0
781 0.6948784549498832 0.4948845201384049 0
782 0.7033464727104031 0.4971535186588287 0
783 0.7116159388045725 0.5053428117547172 0
784 0.7158393636443849 0.5095662365945296 0
785 0.7173852444267306 0.5153355422166876 0
786 0.7158393636443851 0.5211048478388456 0
787 0.7116159388045725 0.5253282726786581 0
788 0.7058466331824146 0.5268741534610036 0
789 0.6948784549498832 0.5287565911804845 0
790 0.6864104371893633 0.5264875926600607 0
791 0.6802114179492672 0.5202885734199646 0
792 0.3973077056635066 0.5474538154090772 0
793 0.3951959103329012 0.5553351428780836 0
794 0.3894263781945003 0.5611046750164844 0
795 0.3815450507254939 0.5632164703470899 0
796 0.3736637232564876 0.5611046750164844 0
797 0.3613333937059918 0.5561674977990816 0
798 0.3555644910666331 0.5503985951597229 0
799 0.3534529261486687 0.5425181276023998 0
800 0.3555644910666331 0.5346376600450767 0
801 0.3613333937059918 0.528868757405718 0
802 0.3692138612633148 0.5267571924877537 0
803 0.3770943288206379 0.528868757405718 0
804 0.3894263781945003 0.53380295580167 0
805 0.3951959103329011 0.5395724879400708 0
806 0.8456244245573777 0.4884802653400909 0
807 0.8541051706448221 0.490752674405435 0
808 0.8603135076669223 0.4969610114275352 0
809 0.8625859167322664 0.5054417575149796 0
810 0.8603135076669223 0.5139225036024239 0
811 0.849389815763788 0.527140145388711 0
812 0.8444220448188745 0.5321079163336245 0
813 0.8376359435079404 0.5339262466996451 0
814 0.8308498421970062 0.5321079163336245 0
815 0.8258820712520927 0.527140145388711 0
816 0.8240637408860721 0.5203540440777769 0
817 0.8258820712520927 0.5135679427668427 0
818 0.8309353414478332 0.4969610114275352 0
819 0.8371436784699334 0.4907526744054351 0
820 0.2190411532459406 0.543995322348963 0
821 0.226535051283324 0.5419873384216849 0
822 0.2340289493207074 0.543995322348963 0
823 0.2395148634308127 0.5494812364590682 0
824 0.2502341537543045 0.563779896516539 0
825 0.2516244986711591 0.5689687343862857 0
826 0.2502341537543045 0.5741575722560324 0
827 0.2464356608014125 0.5779560652089243 0
828 0.2412468229316658 0.579346410125779 0
829 0.2360579850619192 0.5779560652089243 0
830 0.2190411532459406 0.5699549466439403 0
831 0.2135552391358353 0.5644690325338351 0
832 0.2115472552085573 0.5569751344964516 0
833 0.2135552391358353 0.5494812364590683 0
834 0.7236723202356264 0.6886297542711223 0
835 0.7214964636659708 0.6805093470031847 0
836 0.7236723202356264 0.6723889397352472 0
837 0.7288010494943103 0.6549957652040442 0
838 0.7382146045029351 0.6395623098332081 0
839 0.7407296064612843 0.6370473078748589 0
840 0.744165163026957 0.6361267532675354 0
841 0.7476007195926296 0.6370473078748589 0
842 0.7501157215509789 0.6395623098332081 0
843 0.7510362761583024 0.6429978663988808 0
844 0.7538796296269173 0.6617155504978954 0
845 0.753978092737721 0.6805093470031847 0
846 0.7518022361680653 0.6886297542711223 0
847 0.7458576854697835 0.6945743049694041 0
848 0.7377372782018459 0.6967501615390598 0
849 0.7296168709339084 0.6945743049694041 0
850 0.1762058435659539 0.1356008979813159 0
851 0.1784571287826344 0.1440028087922962 0
852 0.1762058435659539 0.1524047196032763 0
853 0.1700552179716542 0.1585553451975761 0
854 0.1528340251616773 0.1634678014608093 0
855 0.1463624899938568 0.1652018440828164 0
856 0.1398909548260364 0.1634678014608093 0
857 0.1351534622802231 0.158730308914996 0
858 0.133419419658216 0.1522587737471755 0
859 0.1351534622802231 0.1457872385793551 0
860 0.1398909548260364 0.1410497460335417 0
861 0.1532513963496938 0.1294502723870162 0
862 0.161653307160674 0.1271989871703358 0
863 0.1700552179716542 0.1294502723870162 0
864 0.6594075810181117 0.1333797033370429 0
865 0.6662958761154683 0.1352254164456069 0
866 0.6713384581042608 0.1402679984343995 0
867 0.6731841712128248 0.1471562935317561 0
868 0.6713384581042608 0.1540445886291127 0
869 0.6662958761154683 0.1590871706179053 0
870 0.6594075810181117 0.1609328837264692 0
871 0.6212200415242463 0.1687700842372396 0
872 0.6023748899707169 0.1713391976988617 0
873 0.59902819285792 0.1704424529101763 0
874 0.5965782405338085 0.1679925005860648 0
875 0.595681495745123 0.1646458034732679 0
876 0.5965782405338085 0.161299106360471 0
877 0.59902819285792 0.1588491540363595 0
878 0.6160440009354979 0.1494528377779923 0
879 0.6525192859207551 0.1352254164456069 0
880 0.2207391373785535 0.3039641394458744 0
881 0.2229171472485708 0.3120925829401654 0
882 0.2207391373785535 0.3202210264344564 0
883 0.2104319184040791 0.3334955195327352 0
884 0.2044058046831949 0.3395216332536193 0
885 0.1919849814794296 0.3488368138855167 0
886 0.1865404143870322 0.3502956812410616 0
887 0.1810958472946349 0.3488368138855167 0
888 0.1771101475577825 0.3448511141486644 0
889 0.1756512802022376 0.339406547056267 0
890 0.1771101475577825 0.3339619799638697 0
891 0.1819160421046674 0.3170318706750918 0
892 0.1925813831414242 0.3039641394458744 0
893 0.1985318167656978 0.2980137058216007 0
894 0.2066602602599888 0.2958356959515835 0
895 0.2147887037542798 0.2980137058216007 0
896 0.4191745994932182 0.3232667912168942 0
897 0.4169248509095023 0.3148706151982101 0
898 0.4191745994932182 0.3064744391795261 0
899 0.4253210269281863 0.300328011744558 0
900 0.4337172029468703 0.2980782631608421 0
901 0.4515617234439556 0.301121673161687 0
902 0.4583050807934905 0.3029285503177693 0
903 0.463241560986943 0.3078650305112218 0
904 0.4650484381430253 0.3146083878607567 0
905 0.463241560986943 0.3213517452102916 0
906 0.4583050807934905 0.3262882254037441 0
907 0.4515617234439556 0.3280951025598265 0
908 0.4337172029468703 0.3316629672355782 0
909 0.4253210269281863 0.3294132186518622 0
910 0.7088680377406646 0.3481090124644315 0
911 0.7167888041569682 0.3459866494997474 0
912 0.7247095705732718 0.3481090124644315 0
913 0.7305079740248912 0.353907415916051 0
914 0.7326303369895752 0.3618281823323545 0
915 0.7305079740248912 0.369748948748658 0
916 0.7247095705732718 0.3755473522002775 0
917 0.7167888041569682 0.3776697151649615 0
918 0.7106820055586229 0.3789754325170261 0
919 0.7037499829870421 0.3771180026670567 0
920 0.6986753902654305 0.3720434099454452 0
921 0.6968179604154611 0.3651113873738643 0
922 0.6986753902654305 0.3581793648022834 0
923 0.7037499829870421 0.3531047720806719 0
924 0.120508832457147 0.3841898123611025 0
925 0.06049749827910472 0.3842899793852926 0
926 0.05199758155207494 0.3820124335625532 0
927 0.01185404742295857 0.3618499292885491 0
928 0.005658234892179656 0.3556541167577702 0
929 0.00339041010882862 0.3471904794436402 0
930 0.005658234892179651 0.3387268421295103 0
931 0.01185404742295855 0.3325310295987314 0
932 0.0203176847370885 0.3302632048153804 0
933 0.04028572269814923 0.3293740647379811 0
934 0.120508832457147 0.3501901718089026 0
935 0.129008742595197 0.3524677158661302 0
936 0.1352311086760193 0.3586900819469525 0
937 0.137508652733247 0.3671899920850025 0
938 0.1352311086760193 0.3756899022230525 0
939 0.129008742595197 0.3819122683038749 0
940 0.4439585143263555 0.5812530745102817 0
941 0.4365026350763018 0.5792552776863659 0
942 0.4310445526501641 0.5737971952602281 0
943 0.4290467558262482 0.5663413160101745 0
944 0.4310445526501641 0.5588854367601208 0
945 0.4365026350763018 0.553427354333983 0
946 0.4558874905408509 0.5481151850406455 0
947 0.4621212875934083 0.5464448441546332 0
948 0.4808003629753994 0.5436874759665719 0
949 0.4852614885202327 0.5448828309536438 0
950 0.4885272590779939 0.5481486015114051 0
951 0.4897226140650659 0.5526097270562383 0
952 0.4885272590779939 0.5570708526010716 0
953 0.4852614885202327 0.5603366231588329 0
954 0.4514143935764091 0.5792552776863659 0
955 0.2982203700179769 0.6303231806657533 0
956 0.2959695197326584 0.6387234682907926 0
957 0.2898200823929376 0.6448729056305135 0
958 0.2814197947678984 0.6471237559158318 0
959 0.2216845308276393 0.6439746625825334 0
960 0.1819646995523869 0.639241366593866 0
961 0.1753470749045392 0.6374681794136628 0
962 0.1705026374368946 0.6326237419460182 0
963 0.1687294502566915 0.6260061172981706 0
964 0.1705026374368946 0.6193884926503229 0
965 0.1753470749045392 0.6145440551826783 0
966 0.1819646995523869 0.6127708680024752 0
967 0.2019097980320996 0.611863510548262 0
968 0.2416348569986047 0.6119872523224469 0
969 0.2814197947678984 0.6135226054156748 0
970 0.2898200823929376 0.6157734557009932 0
971 0.2959695197326584 0.621922893040714 0
972 0.4842036574964923 0.8033882272682012 0
973 0.4770064831558014 0.8014597502158272 0
974 0.4717377858674846 0.7961910529275104 0
975 0.4698093088151105 0.7889938785868195 0
976 0.4717377858674846 0.7817967042461286 0
977 0.4770064831558014 0.7765280069578118 0
978 0.5065809079272032 0.751134901292405 0
979 0.5228255600879239 0.7402044063879942 0
980 0.5270412161953805 0.7390748247384339 0
981 0.531256872302837 0.7402044063879942 0
982 0.5343429467607332 0.7432904808458904 0
983 0.5354725284102936 0.747506136953347 0
984 0.5343429467607332 0.7517217930608036 0
985 0.4966695291255 0.7961910529275104 0
986 0.4914008318371832 0.8014597502158272 0
987 0.2004138332486458 0.1658522121796499 0
988 0.2025804624373192 0.1739381823929409 0
989 0.2004138332486458 0.1820241526062319 0
990 0.1944944922240282 0.1879434936308494 0
991 0.1771520611834815 0.1974458852497854 0
992 0.1595190814985658 0.2065034092771288 0
993 0.1411408228341115 0.2141843081886017 0
994 0.1226311786420616 0.2216337544976395 0
995 0.1190066326672874 0.2226049486645097 0
996 0.1153820866925132 0.2216337544976395 0
997 0.1127287348846093 0.2189804026897355 0
998 0.1117575407177391 0.2153558567149614 0
999 0.1127287348846093 0.2117313107401872 0
1000 0.1153820866925132 0.2090779589322833 0
1001 0.1299727088912027 0.1948405674147654 0
1002 0.1458789492844637 0.1828780072603469 0
1003 0.1620306023026714 0.1712547501836586 0
1004 0.1783225517974462 0.1599328711550324 0
1005 0.1864085220107372 0.1577662419663589 0
1006 0.1944944922240282 0.1599328711550324 0
1007 0.01743757100243222 0.2996706382217423 0
1008 0.008971462947440237 0.2974021514053726 0
1009 0.002773841708817972 0.2912045301667503 0
1010 0.0005053548924482433 0.2827384221117583 0
1011 0.002773841708817967 0.2742723140567663 0
1012 0.008971462947440226 0.2680746928181441 0
1013 0.01743757100243222 0.2658062060017743 0
1014 0.02076193757575681 0.265322632724382 0
1015 0.02562732342776832 0.2666263089342943 0
1016 0.02918903306986754 0.2701880185763935 0
1017 0.03210130029604647 0.2742723140567663 0
1018 0.0343697871124162 0.2827384221117583 0
1019 0.03210130029604648 0.2912045301667503 0
1020 0.02590367905742422 0.2974021514053726 0
1021 0.02237252653187079 0.157790083300752 0
1022 0.01476473087005133 0.1598285860045175 0
1023 0.02794181948992473 0.1522207903426981 0
1024 0.04043367936730974 0.1368552987400738 0
1025 0.05079347543323505 0.120105446816447 0
1026 0.06017037808984986 0.1030707266673381 0
1027 0.06135525674688408 0.09864869931848244 0
1028 0.06017037808984986 0.09422667196962677 0
1029 0.0569332293980284 0.09098952327780532 0
1030 0.05251120204917274 0.0898046446207711 0
1031 0.04808917470031707 0.09098952327780532 0
1032 0.03375699357277997 0.1030689649559919 0
1033 0.02919208201640357 0.1076338765123683 0
1034 0.001587642250177934 0.1370051990190591 0
1035 -3.908819882353365e-16 0.1429303605609692 0
1036 4.672911363412524e-17 0.1462956288007914 0
1037 0.001587642250177939 0.1522207903426981 0
1038 0.007156935208231877 0.157790083300752 0
1039 1 0.1429303605609654 0
1040 1 0.1462956288007906 0
1041 0.9995491395464124 0.1446129946808786 0
1042 0.4435968206633298 0.2200132349864187 0
1043 0.4452005840451078 0.214027908562305 0
1044 0.4495821470874435 0.2096463455199692 0
1045 0.4555674735115572 0.2080425821381913 0
1046 0.4615527999356709 0.2096463455199692 0
1047 0.4780050039418868 0.2187864238409511 0
1048 0.4925172601098097 0.2289945467964486 0
1049 0.5065427948980763 0.241897583234977 0
1050 0.5122748208084239 0.2476296091453246 0
1051 0.5226005807067065 0.2615177924481714 0
1052 0.5240528685035254 0.2669378042931121 0
1053 0.5226005807067065 0.2723578161380529 0
1054 0.5186328566585846 0.2763255401861747 0
1055 0.5132128448136438 0.2777778279829938 0
1056 0.507792832968703 0.2763255401861748 0
1057 0.4908826088807054 0.2690218210730431 0
1058 0.4755358037605527 0.2584072919798749 0
1059 0.4624428274381085 0.2457409042218498 0
1060 0.4567466754995483 0.2400447522832897 0
1061 0.4452005840451078 0.2259985614105324 0
1062 0.6745846338480609 0.2982568402280345 0
1063 0.6767512581816636 0.2901708881341143 0
1064 0.6826705859419812 0.2842515603737968 0
1065 0.6907565380359013 0.2820849360401941 0
1066 0.6988424901298215 0.2842515603737968 0
1067 0.71635347088807 0.2922879428704848 0
1068 0.7499711186807181 0.3111182029271924 0
1069 0.7643273790130026 0.3242568073992525 0
1070 0.7679928219219484 0.3279222503081983 0
1071 0.7693344671427441 0.3329293384379398 0
1072 0.7679928219219484 0.3379364265676813 0
1073 0.7643273790130026 0.3416018694766271 0
1074 0.7593202908832611 0.3429435146974228 0
1075 0.7425688618414499 0.3387438015420157 0
1076 0.7351666050021817 0.336760372799766 0
1077 0.7163789055030265 0.3308747152480325 0
1078 0.6993606248258059 0.3217204156155231 0
1079 0.6826705859419812 0.3122621200822722 0
1080 0.6767512581816636 0.3063427923219547 0
1081 0.1838580054366007 0.5970519336357297 0
1082 0.189159401857926 0.4973649308957814 0
1083 0.1904601216651929 0.4925105784886503 0
1084 0.1940137542650572 0.488956945888786 0
1085 0.1988681066721883 0.4876562260815191 0
1086 0.2037224590793195 0.488956945888786 0
1087 0.2072760916791837 0.4925105784886502 0
1088 0.2085768114864506 0.4973649308957814 0
1089 0.2064014475978656 0.5373329375685062 0
1090 0.2017391477263833 0.5771793983291317 0
1091 0.1982016084942021 0.5970519336357297 0
1092 0.1972407692802429 0.6006378344001301 0
1093 0.1946157077298017 0.6032628959505713 0
1094 0.1910298069654014 0.6042237351645304 0
1095 0.187443906201001 0.6032628959505713 0
1096 0.1848188446505599 0.6006378344001301 0
1097 0.6323756013645542 0.4613763490466296 0
1098 0.6346430048955654 0.4698384142256243 0
1099 0.6323756013645542 0.478300479404619 0
1100 0.6269502530226936 0.4961690875938837 0
1101 0.6176396841844748 0.5125543677462129 0
1102 0.6125472806994972 0.5176467712311905 0
1103 0.6055909281726972 0.5195107202730127 0
1104 0.5986345756458973 0.5176467712311905 0
1105 0.5935421721609196 0.5125543677462129 0
1106 0.5916782231190975 0.5055980152194129 0
1107 0.6007947441795867 0.4698384142256243 0
1108 0.6030621477105979 0.4613763490466296 0
1109 0.6092568093585813 0.4551816873986461 0
1110 0.617718874537576 0.4529142838676349 0
1111 0.6261809397165706 0.4551816873986461 0
1112 0.8456677443852982 0.3669209932035577 0
1113 0.8534188798483886 0.3648440827157984 0
1114 0.8627180942684596 0.3657645278963459 0
1115 0.8701985858538619 0.3677689195756423 0
1116 0.875674685759968 0.3732450194817483 0
1117 0.8776790774392643 0.3807255110671506 0
1118 0.875674685759968 0.388206002652553 0
1119 0.870198585853862 0.393682102558659 0
1120 0.8627180942684596 0.3956864942379554 0
1121 0.8534188798483886 0.3958486245681597 0
1122 0.8456677443852982 0.3937717140804005 0
1123 0.8399935194099672 0.3880974891050694 0
1124 0.837916608922208 0.3803463536419791 0
1125 0.8399935194099672 0.3725952181788887 0
1126 0.3212360934173223 0.5495258458506733 0
1127 0.3235109260380944 0.5580156367701097 0
1128 0.3212360934173223 0.566505427689546 0
1129 0.315021135118658 0.5727203859882103 0
1130 0.3065313441992217 0.5749952186089823 0
1131 0.2878033153906919 0.5733766101878441 0
1132 0.268762406307138 0.5702023006537846 0
1133 0.2627992147997096 0.5686044683050571 0
1134 0.2584338556410088 0.5642391091463562 0
1135 0.2568360232922812 0.5582759176389278 0
1136 0.2584338556410088 0.5523127261314994 0
1137 0.2627992147997096 0.5479473669727986 0
1138 0.268762406307138 0.546349534624071 0
1139 0.2878033153906919 0.5423233704561645 0
1140 0.3065313441992217 0.5410360549312371 0
1141 0.315021135118658 0.5433108875520091 0
1142 0.4752727788245397 0.6670240883201699 0
1143 0.4758435203316366 0.6865629547171883 0
1144 0.4733736136196569 0.7056148260975277 0
1145 0.4691516563074178 0.7246024324326401 0
1146 0.4676475276178934 0.730215917123067 0
1147 0.4635381716169909 0.7343252731239696 0
1148 0.457924686926564 0.735829401813494 0
1149 0.452311202236137 0.7343252731239696 0
1150 0.4482018462352345 0.730215917123067 0
1151 0.4466977175457101 0.7246024324326401 0
1152 0.4427455104412488 0.7056148260975277 0
1153 0.4414190743195374 0.6670240883201699 0
1154 0.4436868425152667 0.6585606621939193 0
1155 0.4498825004457879 0.6523650042633981 0
1156 0.4583459265720385 0.6500972360676688 0
1157 0.4668093526982891 0.6523650042633981 0
1158 0.4730050106288104 0.6585606621939193 0
1159 0.2181334115179153 0.4140417867276352 0
1160 0.2230602272212979 0.4153619230166136 0
1161 0.2266669066357021 0.4189686024310178 0
1162 0.2279870429246804 0.4238954181344003 0
1163 0.2266669066357021 0.4288222338377829 0
1164 0.2194399226802044 0.4425480980798506 0
1165 0.2134262533001649 0.4485617674598901 0
1166 0.1998659586445407 0.4576723635015689 0
1167 0.1918122544953384 0.4598303470244268 0
1168 0.1796409378883115 0.4628312889653978 0
1169 0.1756951581465486 0.4617740204700813 0
1170 0.1728066469001022 0.4588855092236349 0
1171 0.1717493784047857 0.454939729481872 0
1172 0.1728066469001021 0.4509939497401091 0
1173 0.1778628297197917 0.4356692345768199 0
1174 0.1837585503461361 0.4297735139504755 0
1175 0.1969966030139758 0.4201047784136219 0
1176 0.2132065958145327 0.4153619230166136 0
1177 0.2409245511834688 0.3872270395026204 0
1178 0.2486050976002937 0.3851690432928024 0
1179 0.2562856440171187 0.3872270395026204 0
1180 0.2739316718535594 0.3938774053271803 0
1181 0.289452419796346 0.4042599686131113 0
1182 0.3047310289104278 0.4160852384747051 0
1183 0.3097201821043865 0.4210743916686638 0
1184 0.3115463389167475 0.4278897016749835 0
1185 0.3097201821043865 0.4347050116813033 0
1186 0.3047310289104278 0.4396941648752619 0
1187 0.2979157189041081 0.441520321687623 0
1188 0.2911004088977883 0.4396941648752619 0
1189 0.2732586585562102 0.4323083858466662 0
1190 0.2569667084307118 0.4232615839241 0
1191 0.2409245511834688 0.4138332327502842 0
1192 0.2353020009764618 0.4082106825432772 0
1193 0.2332440047666439 0.4005301361264523 0
1194 0.2353020009764618 0.3928495897096274 0
1195 0.399328376654446 0.3549203608092075 0
1196 0.4015362451592905 0.3466804833726967 0
1197 0.4075682540909568 0.3406484744410305 0
1198 0.4091952143451948 0.3392014190517953 0
1199 0.4150993008184837 0.337619423849234 0
1200 0.4210033872917727 0.3392014190517953 0
1201 0.4240480089639782 0.3406484744410305 0
1202 0.4300800178956445 0.3466804833726967 0
1203 0.4322878864004889 0.3549203608092075 0
1204 0.4300800178956445 0.3631602382457182 0
1205 0.4240480089639782 0.3691922471773845 0
1206 0.4158081315274675 0.3714001156822289 0
1207 0.4075682540909568 0.3691922471773845 0
1208 0.4015362451592905 0.3631602382457182 0
1209 0.0253441294232005 0.7097307048041752 0
1210 0.01852691906396607 0.7079040387937853 0
1211 0.0135363747151216 0.7029134944449408 0
1212 0.01170970870473165 0.6960962840857063 0
1213 0.01353637471512159 0.6892790737264719 0
1214 0.02288855956403819 0.6746704403404133 0
1215 0.02905491934022004 0.6685040805642315 0
1216 0.04222505384430499 0.6584612865465117 0
1217 0.05995257947133995 0.6532221858429293 0
1218 0.0644180997176497 0.6520256532991457 0
1219 0.06888361996395943 0.6532221858429292 0
1220 0.07215260766648565 0.6564911735454555 0
1221 0.07334914021026917 0.6609566937917652 0
1222 0.07215260766648565 0.665422214038075 0
1223 0.06336797457136426 0.679604207273571 0
1224 0.05206808732267974 0.6915172485466912 0
1225 0.04590172754649789 0.697683608322873 0
1226 0.03216133978243493 0.7079040387937853 0
1227 0.3609141633792047 0.4039438088280857 0
1228 0.3587388981089715 0.4120620093365364 0
1229 0.3527959628707541 0.4180049445747537 0
1230 0.3446777623623035 0.420180209844987 0
1231 0.3365595618538528 0.4180049445747537 0
1232 0.3306166266156355 0.4120620093365364 0
1233 0.3032600577832313 0.3835865006721805 0
1234 0.2904579828227629 0.3684587607814093 0
1235 0.2672509079941306 0.3373268328578846 0
1236 0.2654028809753537 0.3304299021300492 0
1237 0.2672509079941306 0.3235329714022138 0
1238 0.2722998117031892 0.3184840676931552 0
1239 0.2791967424310247 0.3166360406743783 0
1240 0.2860936731588601 0.3184840676931552 0
1241 0.3001299386851501 0.3318225042007313 0
1242 0.3057390119708524 0.3374315774864336 0
1243 0.3469305865550112 0.3801344032460246 0
1244 0.3587388981089715 0.3958256083196351 0
1245 0.5650890741307597 0.6128803691497532 0
1246 0.5583936891063895 0.6146743921600486 0
1247 0.5516983040820195 0.6128803691497532 0
1248 0.5350624500680606 0.6071790558779452 0
1249 0.53209624682515 0.6042128526350345 0
1250 0.531010541085457 0.6001609436524309 0
1251 0.53209624682515 0.5961090346698272 0
1252 0.5350624500680606 0.5931428314269166 0
1253 0.5391143590506643 0.5920571256872236 0
1254 0.5583936891063895 0.5878928520625681 0
1255 0.5650890741307596 0.5896868750728635 0
1256 0.5699904361448344 0.5945882370869382 0
1257 0.5717844591551298 0.6012836221113084 0
1258 0.5699904361448344 0.6079790071356784 0
1259 0.5382329783016795 0.6665401590006553 0
1260 0.5333811658810228 0.6652401197807131 0
1261 0.5298293926803083 0.6616883465799985 0
1262 0.528529353460366 0.6568365341593418 0
1263 0.5298293926803083 0.6519847217386852 0
1264 0.5414974292878404 0.6394196943212672 0
1265 0.546897631319431 0.6340194922896766 0
1266 0.5618387895863862 0.6227797835869996 0
1267 0.5785134278811226 0.6134560087985027 0
1268 0.5950295568310829 0.6044225155505443 0
1269 0.6023299402772206 0.6024663837017141 0
1270 0.6182721681053968 0.5985421930728364 0
1271 0.6226009204439219 0.5997020787661786 0
1272 0.6257697870891049 0.6028709454113617 0
1273 0.6269296727824472 0.6071996977498868 0
1274 0.6257697870891049 0.6115284500884119 0
1275 0.614974575320666 0.6243675340401273 0
1276 0.6096303237233583 0.629711785637435 0
1277 0.5952421499989697 0.6424310054523149 0
1278 0.5787114555520122 0.652004098298602 0
1279 0.5616512576408731 0.6595735226742999 0
1280 0.5430847907223362 0.6652401197807131 0
1281 0.1846078874999858 0.003546026639749567 0
1282 0.1830529260336318 -8.890457814381136e-18 0
1283 0.1870120936976336 0.005950232837397318 0
1284 0.1857967433104884 0.007165583224542493 0
1285 0.1838548589658055 0.01441279426132153 0
1286 0.1857967433104884 0.02166000529810057 0
1287 0.1926216615809565 0.04039864960859724 0
1288 0.2095746311917097 0.076623919893928 0
1289 0.2145515118400556 0.08160080054227392 0
1290 0.2213500572372993 0.0834224652911717 0
1291 0.228148602634543 0.08160080054227392 0
1292 0.2331254832828889 0.076623919893928 0
1293 0.2349471480317867 0.0698253744966843 0
1294 0.2331254832828889 0.0630268290994406 0
1295 0.2109018187682388 0.007165583224542482 0
1296 0.209229760454834 0.005493524911137698 0
1297 0.2111772587262221 0.003546026639749567 0
1298 0.2121274137006823 2.602085213965211e-18 0
1299 0.1745007005457033 0.9774576476844101 0
1300 0.1765945050995444 0.9696434627083558 0
1301 0.1765945050995444 0.9852718326604645 0
1302 0.183052926033632 1 0
1303 0.2121274137006823 1 0
1304 0.2132324067427706 0.9958761098249163 0
1305 0.2111772587262221 0.9882061930100829 0
1306 0.2036636358960794 0.9696434627083558 0
1307 0.1979432554738663 0.9639230822861427 0
1308 0.1901290704978119 0.9618292777323014 0
1309 0.1823148855217576 0.9639230822861427 0
1310 0.3212338281381611 0.1132709940456102 0
1311 0.3191069387037088 0.1053333346141526 0
1312 0.3212338281381611 0.09739567518269494 0
1313 0.3270445981351664 0.09158490518568965 0
1314 0.3632425779034191 0.0748206157208077 0
1315 0.3822138066954348 0.0680727164912819 0
1316 0.401379066316343 0.06182392702591923 0
1317 0.40564561681917 0.06068070826422012 0
1318 0.409912167321997 0.06182392702591923 0
1319 0.413035499063125 0.06494725876704717 0
1320 0.4141787178248241 0.06921380926987422 0
1321 0.413035499063125 0.07348035977270127 0
1322 0.409912167321997 0.07660369151382922 0
1323 0.3945980565166804 0.08952286639530513 0
1324 0.3603477550629813 0.1095854871534022 0
1325 0.3429199169980817 0.1190817640426155 0
1326 0.334982257566624 0.1212086534770679 0
1327 0.3270445981351664 0.1190817640426155 0
1328 0.4738500339815355 0.01905534522219474 0
1329 0.4720618775387803 0.01238185452595041 0
1330 0.4787353682350245 0.02394067947568378 0
1331 0.4942710799139522 0.03643534954861347 0
1332 0.5590895879815716 0.08330314029455622 0
1333 0.5653666662939052 0.08498507835917293 0
1334 0.5716437446062388 0.08330314029455622 0
1335 0.5762388848539557 0.07870800004683931 0
1336 0.5779208229185724 0.07243092173450569 0
1337 0.5762388848539557 0.06615384342217207 0
1338 0.5716437446062388 0.06155870317445515 0
1339 0.5242637602186391 0.02465726843709662 0
1340 0.4920823496275132 0.0008230295762170266 0
1341 0.4890107614329398 4.499439015814843e-17 0
1342 0.4818069564295993 -1.05384451165591e-16 0
1343 0.4787353682350245 0.0008230295762170353 0
1344 0.4738500339815355 0.005708363829706084 0
1345 0.4890107614329393 1 0
1346 0.4818069564295995 0.9999999999999999 0
1347 0.4854088589312689 0.9990348731334617 0
1348 0.6862832801909184 0.1440039946639258 0
1349 0.6946555801475108 0.1417606436517657 0
1350 0.7030278801041032 0.1440039946639257 0
1351 0.7189267199666203 0.1510329985445099 0
1352 0.7238575792432921 0.1559638578211817 0
1353 0.7256623990010401 0.1626995368556015 0
1354 0.7238575792432921 0.1694352158900212 0
1355 0.7189267199666203 0.174366075166693 0
1356 0.7121910409322005 0.176170894924441 0
1357 0.6946555801475108 0.1752498434781352 0
1358 0.6862832801909184 0.1730064924659752 0
1359 0.6801543312464862 0.1668775435215429 0
1360 0.6779109802343261 0.1585052435649505 0
1361 0.6801543312464862 0.1501329436083581 0
1362 0.5397618436533863 0.2499855467580357 0
1363 0.533340216704827 0.2482648770030753 0
1364 0.5286392595112281 0.2435639198094764 0
1365 0.5269185897562677 0.2371422928609171 0
1366 0.5286392595112281 0.2307206659123578 0
1367 0.533340216704827 0.2260197087187589 0
1368 0.5397618436533863 0.2242990389637985 0
1369 0.5591842594368842 0.2220950074280168 0
1370 0.5645222212017545 0.223525309972142 0
1371 0.5684298804224996 0.2274329691928871 0
1372 0.5698601829666249 0.2327709309577575 0
1373 0.5684298804224996 0.2381088927226278 0
1374 0.5645222212017545 0.2420165519433729 0
1375 0.5461834706019456 0.2482648770030753 0
1376 0.1149029393678785 0.6504598727733452 0
1377 0.1233107292660272 0.6482070122600057 0
1378 0.1631354740383407 0.6493668316191092 0
1379 0.1830251511426598 0.6500690117773518 0
1380 0.2226487114017551 0.6543800315449024 0
1381 0.2285447107645357 0.6559598598127339 0
1382 0.2328608818594848 0.6602760309076829 0
1383 0.2344407101273163 0.6661720302704636 0
1384 0.2328608818594848 0.6720680296332441 0
1385 0.2285447107645357 0.6763842007281933 0
1386 0.2226487114017551 0.6779640289960247 0
1387 0.2027939327060998 0.6803363183577508 0
1388 0.1631354740383407 0.6813863737721118 0
1389 0.1431185019246244 0.6816382441168557 0
1390 0.1233107292660272 0.6818381718526008 0
1391 0.1149029393678785 0.6795853113392613 0
1392 0.1087480099830692 0.6734303819544519 0
1393 0.1064951494697297 0.6650225920563032 0
1394 0.1087480099830692 0.6566148021581545 0
1395 0.3956037009527907 0.7665032700033879 0
1396 0.3934863163343519 0.7586010830282095 0
1397 0.3956037009527907 0.7506988960530311 0
1398 0.4072595956035518 0.7388441057928208 0
1399 0.413390240636624 0.7327134607597486 0
1400 0.4276597039836663 0.7255786931130579 0
1401 0.4334015101154213 0.7240401807969581 0
1402 0.4391433162471764 0.7255786931130579 0
1403 0.4433466100628316 0.7297819869287131 0
1404 0.4448851223789315 0.7355237930604682 0
1405 0.4433466100628316 0.7412655991922232 0
1406 0.4362701193832192 0.7555933395063439 0
1407 0.430139474350147 0.761723984539416 0
1408 0.4171928772598872 0.7722880723601275 0
1409 0.4092906902847088 0.7744054569785663 0
1410 0.4013885033095304 0.7722880723601275 0
1411 0.7750961248988892 0.2247498538732159 0
1412 0.7728346080818321 0.2331899495366441 0
1413 0.7666560292354609 0.2393685283830153 0
1414 0.7582159335720328 0.2416300452000723 0
1415 0.7497758379086046 0.2393685283830153 0
1416 0.6958231036314947 0.2153246465345319 0
1417 0.6785287286009235 0.2062420050750008 0
1418 0.662378159237597 0.1953740325882682 0
1419 0.6584560353142626 0.1914519086649338 0
1420 0.6570204383215315 0.1860941877488682 0
1421 0.6584560353142626 0.1807364668328026 0
1422 0.662378159237597 0.1768143429094681 0
1423 0.6677358801536626 0.175378745916737 0
1424 0.6855918764095651 0.1798819785917815 0
1425 0.6926550242182067 0.1817745433431286 0
1426 0.7115876261354063 0.1880196926006942 0
1427 0.7488268907140192 0.2016179030436609 0
1428 0.7666560292354609 0.2101311793634164 0
1429 0.7728346080818321 0.2163097582097877 0
1430 0.2913856168949748 0.7417975165201295 0
1431 0.2933738017952024 0.7343775094576389 0
1432 0.2988056239574654 0.7289456872953759 0
1433 0.306225631019956 0.7269575023951483 0
1434 0.3136456380824466 0.7289456872953759 0
1435 0.3190774602447096 0.7343775094576389 0
1436 0.325763966542181 0.7515463796636684 0
1437 0.3316600879777566 0.769603988729433 0
1438 0.3367850918437119 0.7882478724347207 0
1439 0.3387594504663596 0.7956162791268037 0
1440 0.3427537165776223 0.8136408268767142 0
1441 0.3412296445071129 0.8193287412782521 0
1442 0.3370658021760845 0.8234925836092805 0
1443 0.3313778877745466 0.8250166556797899 0
1444 0.3256899733730088 0.8234925836092805 0
1445 0.3215261310419804 0.8193287412782521 0
1446 0.3112601823206754 0.8029846858188866 0
1447 0.302658177186196 0.7863482497319541 0
1448 0.2966213505584862 0.7683718768467446 0
1449 0.2943671613672574 0.7599591282552065 0
1450 0.2823679013314874 0.1239219913375009 0
1451 0.2842857825405649 0.116764361222342 0
1452 0.2895255314466463 0.1115246123162605 0
1453 0.2966831615618053 0.109606731107183 0
1454 0.3038407916769643 0.1115246123162605 0
1455 0.364817225381545 0.1634712846588813 0
1456 0.3797266707076419 0.1767825945449751 0
1457 0.3847919505597272 0.1818478743970604 0
1458 0.3866459716628679 0.1887671753522864 0
1459 0.3847919505597272 0.1956864763075124 0
1460 0.3797266707076419 0.2007517561595977 0
1461 0.3728073697524159 0.2026057772627384 0
1462 0.3658880687971899 0.2007517561595977 0
1463 0.3047155710518861 0.1492400454864614 0
1464 0.2895255314466463 0.1363193703587414 0
1465 0.2842857825405649 0.1310796214526599 0
1466 0.4423517012234781 0.1704947651690107 0
1467 0.4445414390418154 0.1623225523757208 0
1468 0.450523914016768 0.1563400774007682 0
1469 0.4586961268100579 0.1541503395824309 0
1470 0.4668683396033478 0.1563400774007682 0
1471 0.4845165681440656 0.1623980589841794 0
1472 0.5001990326497353 0.171146631982214 0
1473 0.5055066063263324 0.1764542056588111 0
1474 0.5074493131244244 0.1837044861335003 0
1475 0.5055066063263324 0.1909547666081895 0
1476 0.5001990326497353 0.1962623402847866 0
1477 0.4929487521750461 0.1982050470828787 0
1478 0.4760610374566622 0.1939545291145265 0
1479 0.4676055067692589 0.1916888764952602 0
1480 0.450523914016768 0.1846494529372532 0
1481 0.4445414390418154 0.1786669779623006 0
1482 0.4013693058470708 0.5248151029554489 0
1483 0.3930732756807869 0.5270380175388888 0
1484 0.384777245514503 0.5248151029554489 0
1485 0.3473955734892478 0.5106366673945174 0
1486 0.3287673320999202 0.503241385882789 0
1487 0.2919354245670667 0.4878474250993735 0
1488 0.2860216849851228 0.4819336855174297 0
1489 0.2838571060667658 0.4738553670171288 0
1490 0.2860216849851228 0.4657770485168279 0
1491 0.2919354245670666 0.4598633089348841 0
1492 0.3000137430673675 0.4576987300165271 0
1493 0.3080920615676683 0.4598633089348841 0
1494 0.3828522724307769 0.4884742406615833 0
1495 0.4013693058470708 0.4960768114571932 0
1496 0.4074424214299147 0.5021499270400371 0
1497 0.4096653360133546 0.510445957206321 0
1498 0.4074424214299147 0.5187419873726049 0
1499 0.6603747706843703 0.6356795211637232 0
1500 0.6682470308132769 0.633570155419575 0
1501 0.6761192909421833 0.6356795211637232 0
1502 0.6904381993499336 0.6457462144776395 0
1503 0.6966329342426115 0.6519409493703174 0
1504 0.7069435897505466 0.6644557554197018 0
1505 0.7087462543790828 0.671183391402406 0
1506 0.7069435897505466 0.6779110273851102 0
1507 0.7020186183963785 0.6828359987392784 0
1508 0.6952909824136743 0.6846386633678145 0
1509 0.6885633464309701 0.6828359987392784 0
1510 0.6735138688837177 0.6750600147292113 0
1511 0.6603747706843704 0.6629498301910526 0
1512 0.6546118762996121 0.6571869358062943 0
1513 0.6525025105554639 0.6493146756773879 0
1514 0.6546118762996121 0.6414424155484815 0
1515 0.4209622112990641 0.1820433151104588 0
1516 0.4126479764948087 0.1842711076119417 0
1517 0.4043337416905532 0.1820433151104588 0
1518 0.3878927183444378 0.1735071674914693 0
1519 0.3735492445036502 0.1616994860696961 0
1520 0.3684464851199394 0.1565967266859855 0
1521 0.359322042172663 0.1432832512222613 0
1522 0.3585392865387592 0.1403619674266217 0
1523 0.3593220421726629 0.137440683630982 0
1524 0.3614605703343989 0.1353021554692461 0
1525 0.3643818541300385 0.1345193998353423 0
1526 0.3805197434511984 0.1356852298433408 0
1527 0.3874902423987466 0.1375529694071783 0
1528 0.4046438889051391 0.1444932889940826 0
1529 0.4209622112990641 0.1532419608964029 0
1530 0.4270486536018366 0.1593284031991754 0
1531 0.4292764461033196 0.1676426380034308 0
1532 0.4270486536018366 0.1759568728076863 0
1533 0.6294327122432197 0.4170402635993272 0
1534 0.6316914111007252 0.4086106847041189 0
1535 0.6378622911384281 0.4024398046664162 0
1536 0.6462918700336363 0.4001811058089107 0
1537 0.6547214489288445 0.4024398046664162 0
1538 0.6608923289665474 0.4086106847041189 0
1539 0.6631510278240529 0.4170402635993272 0
1540 0.6608923289665474 0.4254698424945355 0
1541 0.6547214489288445 0.4316407225322383 0
1542 0.6462918700336363 0.4338994213897437 0
1543 0.6378622911384281 0.4316407225322383 0
1544 0.6316914111007252 0.4254698424945355 0
1545 0.1944050371707192 0.8283177349946117 0
1546 0.1893660094187605 0.8269675315778363 0
1547 0.1856771850835771 0.823278707242653 0
1548 0.1843269816668018 0.8182396794906942 0
1549 0.1856771850835771 0.8132006517387355 0
1550 0.1946698354114289 0.7977445817088912 0
1551 0.2002621050235568 0.7921523120967634 0
1552 0.213056907450664 0.7795192825384594 0
1553 0.2268616735834814 0.7673807530308527 0
1554 0.2441331135608357 0.7626309238437528 0
1555 0.2481006077775762 0.7615678369724019 0
1556 0.2520681019943167 0.7626309238437528 0
1557 0.2549725093397064 0.7655353311891424 0
1558 0.2560355962110571 0.7695028254058829 0
1559 0.2549725093397064 0.7734703196226234 0
1560 0.2481129473525933 0.7886320267999647 0
1561 0.23625887274588 0.8027212478336754 0
1562 0.230041924882212 0.8089381956973434 0
1563 0.2155404697335135 0.8186152160309758 0
1564 0.199444064922678 0.8269675315778363 0
1565 0.08537568169432902 0.6472500976547654 0
1566 0.076934158017413 0.6449881982026475 0
1567 0.07075453379261484 0.6388085739778493 0
1568 0.06849263434049699 0.6303670503009333 0
1569 0.07075453379261483 0.6219255266240173 0
1570 0.07693415801741299 0.6157459023992191 0
1571 0.08537568169432902 0.6134840029471013 0
1572 0.104507822441866 0.6139203479712836 0
1573 0.1227736292309402 0.6174179586092376 0
1574 0.1277300915947096 0.6187460386969249 0
1575 0.1313584738707918 0.6223744209730071 0
1576 0.1326865539584791 0.6273308833367766 0
1577 0.1313584738707918 0.632287345700546 0
1578 0.1277300915947096 0.6359157279766282 0
1579 0.112265859802534 0.6428737375683142 0
1580 0.104507822441866 0.6449524974139558 0
1581 0.3646629599713116 0.4605885182636822 0
1582 0.3634355391058246 0.46516931529595 0
1583 0.3600821629390439 0.4685226914627307 0
1584 0.3555013659067761 0.4697501123282177 0
1585 0.3509205688745083 0.4685226914627307 0
1586 0.3475671927077276 0.46516931529595 0
1587 0.3348496165068745 0.4498430800911365 0
1588 0.3337300734060037 0.4456648883574236 0
1589 0.3348496165068745 0.4414866966237107 0
1590 0.3379082651397167 0.4384280479908685 0
1591 0.3420864568734296 0.4373085048899977 0
1592 0.3462646486071425 0.4384280479908685 0
1593 0.3493232972399847 0.4414866966237107 0
1594 0.3634355391058246 0.4560077212314144 0
1595 0.7491498540522672 0.4870141867256501 0
1596 0.7419771020564406 0.4850922536208596 0
1597 0.7367262831654044 0.4798414347298234 0
1598 0.734804350060614 0.4726686827339968 0
1599 0.7367262831654044 0.4654959307381702 0
1600 0.7419771020564405 0.4602451118471341 0
1601 0.7491498540522672 0.4583231787423436 0
1602 0.8080278777304035 0.4475317023305011 0
1603 0.8473409291111905 0.4405060378498372 0
1604 0.8539919455661648 0.4422881723377936 0
1605 0.8588608275331826 0.4471570543048114 0
1606 0.8606429620211391 0.4538080707597857 0
1607 0.8588608275331826 0.46045908721476 0
1608 0.8539919455661648 0.4653279691817778 0
1609 0.8473409291111905 0.4671101036697342 0
1610 0.7885088984035376 0.4798493560971339 0
1611 0.006457995574134262 0.7902708314902891 0
1612 0.0149245628573461 0.7880022216240887 0
1613 0.0002600381571228102 0.7964687889073006 0
1614 1.734723475976807e-17 0.7969251528835615 0
1615 -4.336808689942018e-19 0.8329286560277011 0
1616 0.003989179520094283 0.8339975534585731 0
1617 0.01128642131866141 0.8320422634116724 0
1618 0.01662837307032785 0.826700311660006 0
1619 0.02958908755756939 0.8134019234737242 0
1620 0.03185769742376976 0.8049353561905124 0
1621 0.02958908755756938 0.7964687889073006 0
1622 0.02339113014055792 0.7902708314902891 0
1623 0.9913499859698607 0.8121058280628717 0
1624 1 0.7969251528835612 0
1625 0.98939469592296 0.8194030698614388 0
1626 0.99120871674383 0.8261730877309146 0
1627 0.9991732484313953 0.833347876819952 0
1628 0.9991440338543575 0.8326993005902278 0
1629 1 0.8329286560277012 0
1630 0.04410851734816031 0.7154151833512936 0
1631 0.04638608257306825 0.7069151942143851 0
1632 0.05260850648506883 0.7006927703023845 0
1633 0.06110849562197737 0.6984152050774766 0
1634 0.0696084847588859 0.7006927703023845 0
1635 0.0848910866478727 0.7114615189422795 0
1636 0.09975176510820027 0.723797903474374 0
1637 0.1043284419073398 0.7283745802735135 0
1638 0.1060036218807357 0.7346264370460489 0
1639 0.1043284419073398 0.7408782938185843 0
1640 0.09975176510820029 0.7454549706177238 0
1641 0.09349990833566488 0.7471301505911198 0
1642 0.08724805156312947 0.7454549706177238 0
1643 0.06909749329302706 0.7388168250669545 0
1644 0.05260850648506884 0.7301375964002027 0
1645 0.04638608257306826 0.7239151724882021 0
1646 0.2758518814296202 0.7320252727828955 0
1647 0.2686253555719186 0.7300889310152417 0
1648 0.2633351714818708 0.724798746925194 0
1649 0.261398829714217 0.7175722210674924 0
1650 0.2661094392475551 0.6991987627614435 0
1651 0.2670642143544367 0.6956354935527596 0
1652 0.2696727084562392 0.693026999450957 0
1653 0.2732359776649232 0.6920722243440754 0
1654 0.2767992468736073 0.693026999450957 0
1655 0.2794077409754098 0.6956354935527596 0
1656 0.2883685913773696 0.7103456952097909 0
1657 0.2903049331450234 0.7175722210674924 0
1658 0.2883685913773696 0.724798746925194 0
1659 0.2830784072873218 0.7300889310152417 0
1660 0.03408832953434069 0.05253911209374126 0
1661 0.03634016324761358 0.06094306992187216 0
1662 0.0345305617386103 0.07399606807159938 0
1663 0.03272042568615505 0.08075158778797455 0
1664 0.02777504202223513 0.08569697145189448 0
1665 0.02101952230585995 0.08750710750434973 0
1666 0.01426400258948478 0.08569697145189448 0
1667 0.009318618925564856 0.08075158778797456 0
1668 0.00497616564836291 0.06934702775000305 0
1669 0.002724331935090023 0.06094306992187216 0
1670 0.004976165648362903 0.05253911209374128 0
1671 0.008162703017060891 0.04378701093378977 0
1672 0.01113606591973364 0.04081364803111702 0
1673 0.01519775517945486 0.03972532167406855 0
1674 0.01925944443917607 0.04081364803111701 0
1675 0.02793620541948268 0.04638698797888326 0
1676 0.3988357372184929 0.09991839698439438 0
1677 0.4071095081430895 0.09770144674678863 0
1678 0.415383279067686 0.09991839698439436 0
1679 0.4214400997546768 0.1059752176713852 0
1680 0.4264971255185136 0.1142045899791617 0
1681 0.4282619678463202 0.1207910712138841 0
1682 0.4264971255185136 0.1273775524486065 0
1683 0.4216754866115978 0.1321991913555223 0
1684 0.4150890053768754 0.1339640336833289 0
1685 0.408502524142153 0.1321991913555223 0
1686 0.398835737218493 0.1285795802075691 0
1687 0.3927789165315022 0.1225227595205783 0
1688 0.3905619662938964 0.1142489885959817 0
1689 0.3927789165315022 0.1059752176713852 0
1690 0.3777988930802956 0.3774283169496796 0
1691 0.3711145786411481 0.3756372602937543 0
1692 0.3662213208579259 0.3707440025105321 0
1693 0.3644302642020006 0.3640596880713847 0
1694 0.3601222124735933 0.3451177608706519 0
1695 0.3586545771809227 0.3260064236711665 0
1696 0.3579896604318993 0.3069008919489602 0
1697 0.3606504540067155 0.2881311631790538 0
1698 0.3624239740261073 0.2815122963584431 0
1699 0.3672693208273262 0.2766669495572242 0
1700 0.3738881876479369 0.2748934295378324 0
1701 0.3805070544685475 0.2766669495572242 0
1702 0.3853524012697664 0.2815122963584431 0
1703 0.3871259212891582 0.2881311631790538 0
1704 0.3906348225997821 0.3069008919489602 0
1705 0.3926527962179157 0.3260064236711665 0
1706 0.3925179551766232 0.3451177608706519 0
1707 0.3911675219585905 0.3640596880713847 0
1708 0.3893764653026652 0.3707440025105321 0
1709 0.384483207519443 0.3756372602937543 0
1710 0.3992739981451994 0.2251386375024743 0
1711 0.3970948828715048 0.2170060685854968 0
1712 0.3992739981451994 0.2088734996685193 0
1713 0.4052274517884824 0.2029200460252363 0
1714 0.4133600207054599 0.2007409307515417 0
1715 0.4300566395424452 0.2048704552878476 0
1716 0.4348441905965538 0.2061532757265188 0
1717 0.4383489212119912 0.2096580063419562 0
1718 0.4396317416506624 0.2144455573960647 0
1719 0.4383489212119912 0.2192331084501733 0
1720 0.4348441905965538 0.2227378390656107 0
1721 0.4214925896224374 0.2310920911457572 0
1722 0.4133600207054599 0.2332712064194518 0
1723 0.4052274517884824 0.2310920911457572 0
1724 0.877950993145627 0.65604878389803 0
1725 0.8697627532443972 0.6538547516290631 0
1726 0.8637685456121342 0.6478605439968002 0
1727 0.8615745133431674 0.6396723040955704 0
1728 0.8637685456121342 0.6314840641943407 0
1729 0.8697627532443972 0.6254898565620777 0
1730 0.881595608784972 0.6185356861928349 0
1731 0.889136620825593 0.6165150781064371 0
1732 0.8966776328662139 0.6185356861928349 0
1733 0.9021980368204372 0.6240560901470582 0
1734 0.904218644906835 0.6315971021876792 0
1735 0.9021980368204372 0.6391381142283001 0
1736 0.8966776328662139 0.6446585181825234 0
1737 0.8861392330468567 0.6538547516290631 0
1738 0.2510677063331579 0.8123266547806769 0
1739 0.2591899725576715 0.8145030094562459 0
1740 0.265135884106616 0.8204489210051904 0
1741 0.267312238782185 0.828571187229704 0
1742 0.265135884106616 0.8366934534542175 0
1743 0.2591899725576715 0.8426393650031622 0
1744 0.2510677063331579 0.8448157196787311 0
1745 0.2343760220741322 0.8483590684993811 0
1746 0.2178006352667246 0.84775898041238 0
1747 0.2121339575930513 0.8462405987059517 0
1748 0.2079856616258062 0.8420923027387066 0
1749 0.206467279919378 0.8364256250650333 0
1750 0.2079856616258062 0.8307589473913599 0
1751 0.2121339575930513 0.8266106514241148 0
1752 0.2261104953064307 0.8175117026509984 0
1753 0.2343760220741322 0.815296961428575 0
1754 0.6095555743510327 0.3847731310463734 0
1755 0.6179519199834547 0.3870229250779534 0
1756 0.6240984715842967 0.3931694766787954 0
1757 0.6263482656158768 0.4015658223112174 0
1758 0.6240984715842967 0.4099621679436394 0
1759 0.6179519199834547 0.4161087195444814 0
1760 0.6095555743510327 0.4183585135760614 0
1761 0.6011592287186107 0.4161087195444814 0
1762 0.5950126771177687 0.4099621679436394 0
1763 0.5927628830861886 0.4015658223112174 0
1764 0.5950126771177687 0.3931694766787954 0
1765 0.5966644532946356 0.3890469246416966 0
1766 0.5987569214782941 0.3869544564580381 0
1767 0.6016152861737823 0.3861885599462084 0
1768 0.2454789246910037 0.1247781494810381 0
1769 0.2373298689078015 0.1269616823972233 0
1770 0.2193504353720839 0.1229605789964072 0
1771 0.2108834726931019 0.1206918631842295 0
1772 0.1927292475544348 0.114293604322525 0
1773 0.1766653383797123 0.1072262874286187 0
1774 0.1724088302774524 0.1029697793263588 0
1775 0.170850840180611 0.09715528112725749 0
1776 0.1724088302774524 0.0913407829281562 0
1777 0.1766653383797123 0.08708427482589631 0
1778 0.1824798365788136 0.08552628472905489 0
1779 0.2007117690378252 0.08450242857400184 0
1780 0.2193504353720839 0.08909272828047889 0
1781 0.227817398051066 0.09136144409265658 0
1782 0.2454789246910037 0.09654899218059963 0
1783 0.2514444475580208 0.1025145150476166 0
1784 0.253627980474206 0.1106635708308189 0
1785 0.2514444475580208 0.1188126266140211 0
1786 0.2607871727458545 0.09627792164303195 0
1787 0.2529219166385782 0.09417043262082329 0
1788 0.2471641495535105 0.08841266553575559 0
1789 0.2450566605313018 0.08054740942847924 0
1790 0.2471641495535105 0.0726821533212029 0
1791 0.2529219166385782 0.0669243862361352 0
1792 0.2607871727458545 0.06481689721392653 0
1793 0.2786359419336514 0.06188625480756425 0
1794 0.2956333026952277 0.06216262275867317 0
1795 0.302554639478983 0.06401718936042423 0
1796 0.3076214096609873 0.06908395954242853 0
1797 0.3094759762627384 0.0760052963261839 0
1798 0.3076214096609873 0.08292663310993927 0
1799 0.302554639478983 0.08799340329194355 0
1800 0.2871184267813967 0.09354331923378294 0
1801 0.2786359419336514 0.09581619419854553 0
1802 0.8217812502270445 0.3563873128460349 0
1803 0.8135927590299616 0.3585814124495225 0
1804 0.8054042678328788 0.3563873128460349 0
1805 0.7994098762392837 0.3503929212524397 0
1806 0.792951145904443 0.3367312802615955 0
1807 0.7908558051219442 0.3289113620021388 0
1808 0.792951145904443 0.3210914437426822 0
1809 0.7986757233814008 0.3153668662657243 0
1810 0.8064956416408575 0.3132715254832255 0
1811 0.8143155599003141 0.3153668662657243 0
1812 0.820040137377272 0.3210914437426822 0
1813 0.8277756418206396 0.3340159388582741 0
1814 0.8299697414241273 0.3422044300553569 0
1815 0.8277756418206396 0.3503929212524397 0
1816 0.6548612795875509 0.4653637467043106 0
1817 0.6529091307406004 0.4580782280235544 0
1818 0.6548612795875509 0.4507927093427981 0
1819 0.6601946494213567 0.4454593395089923 0
1820 0.667480168102113 0.4435071906620418 0
1821 0.6828958461706683 0.4437261214360966 0
1822 0.6913438760921234 0.4459897642311844 0
1823 0.7024707523410542 0.4545849797608946 0
1824 0.7062789561406986 0.4583931835605389 0
1825 0.7076728554741568 0.4635952866936415 0
1826 0.7062789561406986 0.4687973898267441 0
1827 0.7024707523410542 0.4726055936263884 0
1828 0.6972686492079516 0.4739994929598466 0
1829 0.6828958461706683 0.4775182411219172 0
1830 0.6744478162492131 0.4752545983268294 0
1831 0.6601946494213567 0.4706971165381164 0
1832 0.1367653329158795 0.8472071413507652 0
1833 0.1388536144116037 0.8394135687082165 0
1834 0.1445589055584283 0.8337082775613919 0
1835 0.1523524782009771 0.8316199960656676 0
1836 0.1675295267047133 0.8352902671042336 0
1837 0.175842325304258 0.8375176747758242 0
1838 0.1819277162322121 0.8436030657037783 0
1839 0.1894527279377925 0.8518932405492002 0
1840 0.1905953125525276 0.8561574243833381 0
1841 0.1894527279377925 0.8604216082174759 0
1842 0.1863311287183897 0.8635432074368786 0
1843 0.1820669448842519 0.8646857920516138 0
1844 0.1675295267047133 0.8685414615024124 0
1845 0.1592167281051686 0.8663140538308218 0
1846 0.1445589055584283 0.8607060051401386 0
1847 0.1388536144116037 0.855000713993314 0
1848 0.5947582629034169 0.01402182796243599 0
1849 0.5887671223365648 0.02001296852928819 0
1850 0.5969511725485284 0.00583777775047237 0
1851 0.5953869447146969 -1.582935171828836e-17 0
1852 0.5129647263345957 -2.602085213965211e-18 0
1853 0.5118191725674841 0.004275264861661961 0
1854 0.5131307390195166 0.00917009749814965 0
1855 0.5167140052039718 0.01275336368260496 0
1856 0.5216088378404595 0.01406493013463733 0
1857 0.5413298428998365 0.01873933857415261 0
1858 0.5609445970414776 0.0212298380557387 0
1859 0.5805830721246011 0.0222058781743996 0
1860 0.5947582629034169 0.9976537275385088 0
1861 0.5953869447146969 1 0
1862 0.5887671223365647 0.9916625869716565 0
1863 0.5805830721246011 0.9894696773265451 0
1864 0.5609445970414776 0.9911392166783292 0
1865 0.5216088378404595 0.9944855995886865 0
1866 0.5167140052039718 0.995797166040719 0
1867 0.5131307390195166 0.9993804322251743 0
1868 0.5129647263345957 1 0
1869 0.887054619637872 0.5627216524368126 0
1870 0.8785653145438516 0.5604469499925685 0
1871 0.8723507118940753 0.5542323473427923 0
1872 0.8679278422737872 0.5489372036265247 0
1873 0.8665654428596626 0.5438526597928098 0
1874 0.8679278422737872 0.538768115959095 0
1875 0.8716499866933773 0.5350459715395048 0
1876 0.8785653145438516 0.5310391345049751 0
1877 0.887054619637872 0.528764432060731 0
1878 0.8955439247318925 0.5310391345049751 0
1879 0.9017585273816687 0.5372537371547513 0
1880 0.9040332298259128 0.5457430422487718 0
1881 0.9017585273816687 0.5542323473427923 0
1882 0.8955439247318925 0.5604469499925685 0
1883 0.4626537829972374 0.3675845884674914 0
1884 0.4541829497770508 0.3653148355469237 0
1885 0.447981869477432 0.3591137552473048 0
1886 0.4457121165568643 0.3506429220271182 0
1887 0.447981869477432 0.3421720888069316 0
1888 0.4541829497770508 0.3359710085073128 0
1889 0.4626537829972374 0.3337012555867451 0
1890 0.471124616217424 0.3359710085073128 0
1891 0.4776271321870398 0.3401810804668476 0
1892 0.481456593373331 0.3440105416531388 0
1893 0.4828582734503201 0.349241682916419 0
1894 0.481456593373331 0.3544728241796993 0
1895 0.4773256965170429 0.3591137552473048 0
1896 0.471124616217424 0.3653148355469237 0
1897 0.09881372315177941 0.4978642787621136 0
1898 0.1047888309567418 0.4994653040731422 0
1899 0.1091629134506756 0.5038393865670759 0
1900 0.1107639387617041 0.5098144943720383 0
1901 0.1091629134506756 0.5157896021770007 0
1902 0.1047888309567418 0.5201636846709344 0
1903 0.09009260350591046 0.5313745542159369 0
1904 0.0745366338675154 0.5416298288389734 0
1905 0.05802093185796491 0.5484045027385441 0
1906 0.05080671464348782 0.550337546415186 0
1907 0.03400568033091365 0.549506900425147 0
1908 0.03090816309748654 0.5486769231839088 0
1909 0.0286406231052977 0.5464093831917199 0
1910 0.02781064586405942 0.5433118659582928 0
1911 0.0286406231052977 0.5402143487248657 0
1912 0.03831132389117548 0.5286948947717547 0
1913 0.04359249742901073 0.5234137212339195 0
1914 0.05756172797388222 0.5122284293775003 0
1915 0.0739713308635814 0.5034516909167528 0
1916 0.08203196718474594 0.5012918499240158 0
1917 0.1450506824200823 0.5221853995999052 0
1918 0.147269060118022 0.5139063013208164 0
1919 0.1533297806991711 0.5078455807396673 0
1920 0.1616088789782599 0.5056272030417276 0
1921 0.1698879772573487 0.5078455807396673 0
1922 0.1759486978384977 0.5139063013208164 0
1923 0.1781670755364375 0.5221853995999052 0
1924 0.1759486978384977 0.530464497878994 0
1925 0.1708830902381912 0.5384023336339953 0
1926 0.1661147334699694 0.543170690402217 0
1927 0.159601036990271 0.5449160301136937 0
1928 0.1530873405105727 0.543170690402217 0
1929 0.1483189837423509 0.5384023336339953 0
1930 0.1465736440308743 0.5318886371542969 0
1931 0.5577848302573142 0.7865677281709265 0
1932 0.551012806225199 0.784753169800397 0
1933 0.5460553405636132 0.7797957041388113 0
1934 0.5442407821930837 0.773023680106696 0
1935 0.5460553405636132 0.7662516560745808 0
1936 0.5564814973585744 0.7515775075580587 0
1937 0.5625410551884752 0.745517949728158 0
1938 0.5891831254987596 0.7199317909425867 0
1939 0.6048589309573527 0.712139050872852 0
1940 0.6088816040214095 0.7110611788739236 0
1941 0.6129042770854662 0.712139050872852 0
1942 0.6158490781505945 0.7150838519379803 0
1943 0.6169269501495229 0.7191065250020371 0
1944 0.6158490781505945 0.7231291980660939 0
1945 0.6094902820369931 0.7402389474808202 0
1946 0.5988961662844128 0.7558563253789338 0
1947 0.5927699590679478 0.7619825325953987 0
1948 0.5790960750511659 0.7741920852506502 0
1949 0.5645568542894295 0.784753169800397 0
1950 0.1439655631684185 0.02030176656615614 0
1951 0.1462399768458412 0.02878999396772691 0
1952 0.1377517494442704 0.01408795284200799 0
1953 0.120851299647776 0.004463662438168852 0
1954 0.1093438499010632 1.387778780781446e-17 0
1955 0.08484203408448396 4.553649124439119e-18 0
1956 0.0821344556507322 0.002707578433751778 0
1957 0.08015123729175062 0.01010905011197438 0
1958 0.0821344556507322 0.017510521790197 0
1959 0.08755270896997323 0.02292877510943803 0
1960 0.1207752946411289 0.04349203509344583 0
1961 0.1292635220426996 0.04576644877086844 0
1962 0.1377517494442704 0.04349203509344582 0
1963 0.1439655631684185 0.03727822136929768 0
1964 0.1023556523264184 0.9972893251145107 0
1965 0.1093438499010629 1 0
1966 0.09495418064819584 0.9953061067555292 0
1967 0.08755270896997323 0.9972893251145107 0
1968 0.08484203408448424 1 0
1969 0.98024294967454 1 0
1970 0.9538796551838936 1 0
1971 0.981591591434652 0.9949668004300523 0
1972 0.9797778672427875 0.9881978895950967 0
1973 0.9748226805996965 0.9832427029520058 0
1974 0.9557959706880825 0.9772115113685271 0
1975 0.9511442705538169 0.9759650920741189 0
1976 0.9464925704195513 0.9772115113685271 0
1977 0.9430872895796938 0.9806167922083846 0
1978 0.9418408702852855 0.9852684923426502 0
1979 0.9430872895796938 0.9899201924769159 0
1980 0.9464925704195513 0.9933254733167733 0
1981 0.9748226805996966 0.006690897908098625 0
1982 0.968053769764741 0.008504622099963388 0
1983 0.9797778672427875 0.001735711265007822 0
1984 0.98024294967454 8.673617379884035e-18 0
1985 0.9538796551838931 -1.561251128379126e-16 0
1986 0.9612848589297854 0.006690897908098625 0
1987 0.7586765667884575 0.1350549277192502 0
1988 0.7614060044132609 0.1162364320044934 0
1989 0.7622261464532705 0.1131756202417544 0
1990 0.7644668161759999 0.110934950519025 0
1991 0.7675276279387389 0.1101148084790155 0
1992 0.7705884397014778 0.110934950519025 0
1993 0.7728291094242072 0.1131756202417544 0
1994 0.7826394662422979 0.1286340881622855 0
1995 0.7901980916368559 0.1448865209739526 0
1996 0.7953409469613925 0.1637320108082874 0
1997 0.7976126633994334 0.1722101719754455 0
1998 0.8022172967219319 0.1901257950017398 0
1999 0.8039182770987061 0.2086396693178518 0
2000 0.802100195731016 0.2154248413543656 0
2001 0.7971331050621924 0.2203919320231893 0
2002 0.7903479330256785 0.2222100133908794 0
2003 0.7835627609891647 0.2203919320231893 0
2004 0.778595670320341 0.2154248413543656 0
2005 0.7718889728811217 0.1982522448826745 0
2006 0.7659717351688421 0.1806883331426036 0
2007 0.7637000187308012 0.1722101719754455 0
2008 0.7596820322374692 0.1530632744461984 0
2009 0.6231042071692873 0.9073134825177688 0
2010 0.6211161483093265 0.91473301919158 0
2011 0.615684670495476 0.9201644970054305 0
2012 0.6082651338216648 0.9221525558653912 0
2013 0.6008455971478536 0.9201644970054305 0
2014 0.5954141193340031 0.91473301919158 0
2015 0.5835049569536597 0.9016875944102281 0
2016 0.5776978038023822 0.886332518771399 0
2017 0.5758791404469269 0.8795451747269759 0
2018 0.5776978038023822 0.8727578306825529 0
2019 0.5826664844913499 0.8677891499935851 0
2020 0.589453828535773 0.8659704866381298 0
2021 0.596241172580196 0.8677891499935851 0
2022 0.6012098532691638 0.8727578306825529 0
2023 0.6129467851631423 0.8846893469680486 0
2024 0.6211161483093265 0.8998939458439575 0
2025 0.7126719241438125 0.6966724242525298 0
2026 0.7184974214312554 0.7024979215399727 0
2027 0.7206297014281369 0.710455698824297 0
2028 0.7251533719959532 0.7276470933241671 0
2029 0.7211216344191077 0.7440641115882488 0
2030 0.7195182531176918 0.7500480120690388 0
2031 0.7151377339383176 0.754428531248413 0
2032 0.7091538334575276 0.7560319125498289 0
2033 0.7031699329767376 0.754428531248413 0
2034 0.6987894137973634 0.7500480120690388 0
2035 0.6937221419057615 0.7360690660439507 0
2036 0.6914654811168185 0.7276470933241671 0
2037 0.6887985922908395 0.710455698824297 0
2038 0.690930872287721 0.7024979215399727 0
2039 0.6967563695751638 0.6966724242525298 0
2040 0.7047141468594882 0.6945401442556484 0
2041 0.1466497850634201 0.9022231401513859 0
2042 0.1389153251858561 0.9001506978733018 0
2043 0.1326223954935876 0.8938786492158579 0
2044 0.1271861622891005 0.8884424160113709 0
2045 0.1251963628353618 0.881016383353145 0
2046 0.1271861622891005 0.8735903506949192 0
2047 0.1326223954935876 0.8681541174904321 0
2048 0.1400484281518134 0.8661643180366935 0
2049 0.1474744608100391 0.8681541174904321 0
2050 0.154384244940984 0.8733577429192145 0
2051 0.1600462625404637 0.8790197605186942 0
2052 0.1621187048185479 0.8867542203962582 0
2053 0.1600462625404637 0.8944886802738221 0
2054 0.154384244940984 0.9001506978733018 0
2055 0.4667662679124199 0.0702022224092816 0
2056 0.4593069288448632 0.07220094628850333 0
2057 0.4550905951746468 0.07133919260984786 0
2058 0.4477301110783024 0.06936695684033024 0
2059 0.4423418627514755 0.06397870851350339 0
2060 0.4403696269819579 0.0566182244171589 0
2061 0.4423418627514755 0.04925774032081442 0
2062 0.4477301110783024 0.04386949199398756 0
2063 0.4550905951746468 0.04189725622446993 0
2064 0.4593069288448632 0.04236359001827666 0
2065 0.4667662679124199 0.0443623138974984 0
2066 0.4722268831007548 0.04982292908583333 0
2067 0.4742256069799766 0.05728226815339 0
2068 0.4722268831007548 0.06474160722094667 0
2069 0.4120404200421078 0.394102820690054 0
2070 0.4143110026415115 0.3856288910662978 0
2071 0.4205143496658641 0.3794255440419452 0
2072 0.4289882792896203 0.3771549614425416 0
2073 0.4374622089133765 0.3794255440419452 0
2074 0.4436655559377291 0.3856288910662978 0
2075 0.4459361385371328 0.394102820690054 0
2076 0.4436655559377291 0.4025767503138102 0
2077 0.4374622089133765 0.4087800973381628 0
2078 0.4289882792896203 0.4110506799375664 0
2079 0.4218955707920192 0.4100523199604733 0
2080 0.4183242816868591 0.4090953959288076 0
2081 0.4157099166133648 0.4064810308553133 0
2082 0.4143110026415115 0.4025767503138102 0
2083 0.5068014425583542 0.8493177707779472 0
2084 0.5045928074403789 0.8575605092536119 0
2085 0.4985587040826895 0.8635946126113013 0
2086 0.4903159656070248 0.8658032477292766 0
2087 0.4820732271313601 0.8635946126113013 0
2088 0.4760391237736707 0.8575605092536119 0
2089 0.4642429873143102 0.8451269015380783 0
2090 0.4620541528893929 0.8369580602549312 0
2091 0.4629301309783254 0.8249921548197068 0
2092 0.4637423875577714 0.821960771996432 0
2093 0.4659615138016001 0.8197416457526033 0
2094 0.4689928966248749 0.8189293891731573 0
2095 0.4783918354556872 0.820620377688637 0
2096 0.4865606767388343 0.8228092121135543 0
2097 0.4925406835970642 0.8287892189717841 0
2098 0.5045928074403789 0.8410750323022825 0
2099 0.1313514448888978 0.07241220336427508 0
2100 0.129075897672486 0.08090466119094579 0
2101 0.1228589870622271 0.08712157180120471 0
2102 0.1143665292355564 0.0893971190176165 0
2103 0.1058740714088857 0.08712157180120472 0
2104 0.09965716079862677 0.08090466119094579 0
2105 0.0926606999749226 0.06874218265439612 0
2106 0.09092052467780912 0.06224776003149232 0
2107 0.0926606999749226 0.05575333740858852 0
2108 0.09741494730071291 0.05099909008279822 0
2109 0.1039093699236167 0.04925891478568473 0
2110 0.1104037925465205 0.05099909008279821 0
2111 0.1228589870622271 0.05770283492734543 0
2112 0.129075897672486 0.06391974553760436 0
2113 0.02036232440404943 0.8763574404402414 0
2114 0.0142838828351314 0.8824358820091595 0
2115 0.02837589173396191 0.8673199826851988 0
2116 0.02958637263906029 0.8628024064457797 0
2117 0.02837589173396191 0.8582848302063605 0
2118 0.02506879639964116 0.8549777348720398 0
2119 0.02055122016022204 0.8537672539669414 0
2120 0.005980577236570025 0.8514475236445573 0
2121 -3.252606517456513e-18 0.8530500144853682 0
2122 -1.465841337200402e-16 0.8868718580931254 0
2123 0.00328755309677208 0.8839391523953462 0
2124 0.005980577236570029 0.8846607460388027 0
2125 1 0.8530500144853681 0
2126 0.9999999999999998 0.8868718580931254 0
2127 0.9976772716380087 0.8536723876742006 0
2128 0.9929018554091146 0.8584478039030948 0
2129 0.09634413156182059 0.8398168077251238 0
2130 0.08826151313436507 0.8376510766447582 0
2131 0.08234462578727517 0.8317341892976683 0
2132 0.08017889470690955 0.8236515708702128 0
2133 0.08234462578727517 0.8155689524427573 0
2134 0.08826151313436506 0.8096520650956673 0
2135 0.1044592662886704 0.7986176500059381 0
2136 0.1218726503928991 0.7889851610886481 0
2137 0.139309296690662 0.7796191045503671 0
2138 0.1747144663523564 0.7618883219074744 0
2139 0.1821799768533057 0.7598879443976588 0
2140 0.189645487354255 0.7618883219074744 0
2141 0.1951106203453889 0.7673534548986082 0
2142 0.1971109978552044 0.7748189653995575 0
2143 0.1951106203453889 0.7822844759005069 0
2144 0.189645487354255 0.7877496088916407 0
2145 0.1728007253468496 0.798337743632778 0
2146 0.1560544012794343 0.8086224764761756 0
2147 0.1388667285084123 0.8184197678125112 0
2148 0.1044267499892761 0.8376510766447582 0
2149 0.7725149010611707 0.7108351080905655 0
2150 0.7747882729081541 0.7023507688531271 0
2151 0.7809992402986092 0.696139801462672 0
2152 0.7894835795360476 0.6938664296156886 0
2153 0.7979679187734861 0.696139801462672 0
2154 0.8041788861639412 0.7023507688531271 0
2155 0.8064522580109246 0.7108351080905655 0
2156 0.8041788861639412 0.7193194473280039 0
2157 0.7979679187734861 0.725530414718459 0
2158 0.7894835795360476 0.7278037865654424 0
2159 0.7809992402986092 0.725530414718459 0
2160 0.7747882729081541 0.7193194473280039 0
2161 0.4819793787768946 0.1239762140180646 0
2162 0.4798236506352005 0.1320215009701726 0
2163 0.4739340918247865 0.1379110597805866 0
2164 0.4658888048726785 0.1400667879222806 0
2165 0.4578435179205705 0.1379110597805866 0
2166 0.4519539591101565 0.1320215009701726 0
2167 0.4391544487819939 0.1188367776783539 0
2168 0.4275163343880412 0.1047511673961895 0
2169 0.4213702277870392 0.087942621872727 0
2170 0.4203093579026997 0.08398340156415213 0
2171 0.4213702277870392 0.08002418125557725 0
2172 0.4242685782112746 0.07712583083134192 0
2173 0.4282277985198494 0.07606496094700238 0
2174 0.4321870188284243 0.07712583083134192 0
2175 0.4481569273756694 0.08411057440856123 0
2176 0.4622745630298788 0.09571666343046896 0
2177 0.4684695789715149 0.101911679372105 0
2178 0.4798236506352005 0.1159309270659566 0
2179 0.8031130976918613 0.9985748177971597 0
2180 0.7991418885138069 1 0
2181 0.8213870199712585 0.9909762926132455 0
2182 0.8384191112522424 0.9812414219383518 0
2183 0.8426164693922649 0.9770440637983294 0
2184 0.8441528091002944 0.9713103659502773 0
2185 0.8426164693922649 0.9655766681022252 0
2186 0.8384191112522424 0.9613793099622028 0
2187 0.8326854134041903 0.9598429702541732 0
2188 0.8269517155561382 0.9613793099622028 0
2189 0.7624055286460739 0.9787900417901587 0
2190 0.7435022498346334 0.9850245517209397 0
2191 0.7384560892659167 0.9900707122896564 0
2192 0.7175620920445289 1 0
2193 0.7991418885138069 1.029992063861229e-17 0
2194 0.7602141129283259 0.01397034768835015 0
2195 0.7175620920445289 1.309716224362489e-16 0
2196 0.7478678105691376 0.01514009616166949 0
2197 0.7518581813814796 0.01620931279833737 0
2198 0.2144245622147121 0.7622025748627912 0
2199 0.2075048324515297 0.7603484388609049 0
2200 0.2024392386902337 0.7552828450996089 0
2201 0.2005851026883474 0.7483631153364265 0
2202 0.2024392386902337 0.7414433855732442 0
2203 0.2143410226060514 0.725310454856705 0
2204 0.2395767084304777 0.6939884861793157 0
2205 0.2533808842873599 0.6790648219830575 0
2206 0.2561813265883169 0.6762643796821005 0
2207 0.2600068019132568 0.6752393466581177 0
2208 0.2638322772381966 0.6762643796821005 0
2209 0.2666327195391536 0.6790648219830575 0
2210 0.2676577525631364 0.6828902973079973 0
2211 0.2666327195391536 0.6867157726329371 0
2212 0.2367950818392124 0.7382743119993703 0
2213 0.2264098857391904 0.7552828450996089 0
2214 0.2213442919778944 0.7603484388609049 0
2215 0.9454896900858104 0.03451103604605248 0
2216 0.9477237606808039 0.02617337107784101 0
2217 0.9538273550540218 0.02006977670462305 0
2218 0.9621650200222334 0.01783570610962952 0
2219 0.9705026849904448 0.02006977670462304 0
2220 0.9802602523299823 0.02656280028035937 0
2221 0.9851889471333778 0.03149149508375496 0
2222 0.986992974638921 0.03822421739269368 0
2223 0.9851889471333778 0.0449569397016324 0
2224 0.9802602523299823 0.04988563450502798 0
2225 0.9735275300210435 0.05168966201057112 0
2226 0.9621650200222334 0.05118636598247543 0
2227 0.9538273550540219 0.04895229538748191 0
2228 0.947723760680804 0.04284870101426396 0
2229 0.04876485329156743 0.8383461135824691 0
2230 0.0416587885074696 0.8364420492622069 0
2231 0.036456788043634 0.8312400487983712 0
2232 0.03455272372337174 0.8241339840142734 0
2233 0.036456788043634 0.8170279192301756 0
2234 0.04415794683771548 0.8045588389131167 0
2235 0.05033857246217163 0.7983782132886605 0
2236 0.06365822636417136 0.7919518002200516 0
2237 0.06926509462865058 0.7904494443965168 0
2238 0.07487196289312978 0.7919518002200516 0
2239 0.07897647533407409 0.796056312660996 0
2240 0.080478831157609 0.8016631809254752 0
2241 0.07897647533407409 0.8072700491899544 0
2242 0.07340498131520409 0.821444622141693 0
2243 0.06722435569074794 0.8276252477661492 0
2244 0.05587091807566528 0.8364420492622068 0
2245 0.9296700616278144 0.6027028453118768 0
2246 0.9381412258016978 0.6004330037125332 0
2247 0.9466123899755812 0.6027028453118767 0
2248 0.952813712550121 0.6089041678864167 0
2249 0.9550835541494647 0.6173753320603 0
2250 0.9528137125501212 0.6258464962341834 0
2251 0.9466123899755812 0.6320478188087234 0
2252 0.932550772675817 0.6397468969883108 0
2253 0.9252304182752443 0.6417083800382539 0
2254 0.9179100638746717 0.6397468969883108 0
2255 0.9125511925240422 0.6343880256376813 0
2256 0.910589709474099 0.6270676712371086 0
2257 0.9125511925240422 0.6197473168365359 0
2258 0.9179100638746717 0.6143884454859064 0
2259 0.8729151866222029 0.6743671265812815 0
2260 0.8746960596084793 0.6677208181146708 0
2261 0.8795614950888135 0.6628553826343365 0
2262 0.8862078035554243 0.6610745096480601 0
2263 0.9018171027665464 0.6643981751329929 0
2264 0.9102752464083455 0.6666645278912794 0
2265 0.9249993229723661 0.6761422416756343 0
2266 0.9384554952231891 0.6891806097278171 0
2267 0.9421353661331605 0.6928604806377887 0
2268 0.9434822923688575 0.697887277783457 0
2269 0.9421353661331606 0.7029140749291254 0
2270 0.9384554952231891 0.7065939458390968 0
2271 0.9334286980775207 0.7079408720747938 0
2272 0.9171650139738275 0.7053802809003742 0
2273 0.909330704975289 0.7032810841309599 0
2274 0.8933589591247473 0.6959643969419028 0
2275 0.8795614950888135 0.6858788705282265 0
2276 0.8746960596084793 0.6810134350478922 0
2277 0.6599822076029507 0.7838010529842083 0
2278 0.6622491380716098 0.7753407532979465 0
2279 0.6684425072892125 0.7691473840803438 0
2280 0.6769028069754743 0.7668804536116847 0
2281 0.6853631066617362 0.7691473840803438 0
2282 0.7622404955705214 0.7911209427238476 0
2283 0.7810065599991316 0.7981060982852718 0
2284 0.7871129154416086 0.8042124537277487 0
2285 0.7893479966580925 0.8125538903867097 0
2286 0.7871129154416087 0.8208953270456706 0
2287 0.7810065599991317 0.8270016824881475 0
2288 0.7726651233401708 0.8292367637046314 0
2289 0.7643236866812099 0.8270016824881475 0
2290 0.7066064449440825 0.8105002923075734 0
2291 0.6874056447188134 0.8048849120834295 0
2292 0.6684425072892125 0.7984547218880729 0
2293 0.6622491380716098 0.7922613526704702 0
2294 0.9149041451981453 0.2545847944073409 0
2295 0.906452536748753 0.2568493960660997 0
2296 0.8980009282993607 0.2545847944073409 0
2297 0.8918139215087273 0.2483977876167074 0
2298 0.8822062692303424 0.2321484349434075 0
2299 0.87316426860827 0.2157635221843023 0
2300 0.8712859305555222 0.2087534691376574 0
2301 0.8684528060010226 0.1932612226038663 0
2302 0.8693125393041702 0.1900526542355607 0
2303 0.8716613743693282 0.1877038191704026 0
2304 0.8748699427376339 0.186844085867255 0
2305 0.8780785111059395 0.1877038191704026 0
2306 0.8923160896954567 0.1966117010971155 0
2307 0.8974478046893538 0.2017434160910125 0
2308 0.9108972787103796 0.215583672896786 0
2309 0.9210911519887788 0.2314945707179229 0
2310 0.9233557536475375 0.2399461791673152 0
2311 0.9210911519887788 0.2483977876167074 0
2312 0.06028818971277502 0.4862727126379374 0
2313 0.02748128042706739 0.5149008659609802 0
2314 0.01910972443318659 0.5171440176289325 0
2315 0.0107381684393058 0.5149008659609802 0
2316 0.004609764113377296 0.5087724616350517 0
2317 0.00236661244542501 0.5004009056411709 0
2318 0.004609764113377289 0.4920293496472901 0
2319 0.0234122480573365 0.4676945076533999 0
2320 0.02946306125663901 0.4616436944540974 0
2321 0.03772862580044045 0.4594289431095985 0
2322 0.04599419034424188 0.4616436944540974 0
2323 0.06028818971277501 0.4671612286162847 0
2324 0.06432692150134416 0.4711999604048538 0
2325 0.06580519993503223 0.476716970627111 0
2326 0.06432692150134417 0.4822339808493682 0
2327 0.908170156257461 0.4983862957929986 0
2328 0.9063643464983606 0.5051256695627649 0
2329 0.9014307824876946 0.5100592335734309 0
2330 0.8946914087179283 0.5118650433325312 0
2331 0.887952034948162 0.5100592335734309 0
2332 0.8750422922483994 0.5038396192215001 0
2333 0.8688406639759527 0.4976379909490535 0
2334 0.8634597386859911 0.4844214889395217 0
2335 0.8619835303277026 0.478912204343831 0
2336 0.8634597386859911 0.4734029197481403 0
2337 0.8674928149233934 0.4693698435107382 0
2338 0.873002099519084 0.4678936351524496 0
2339 0.8785113841147747 0.4693698435107382 0
2340 0.8919854557783793 0.474493199146627 0
2341 0.8981870840508259 0.4806948274190737 0
2342 0.9063643464983606 0.4916469220232322 0
2343 0.2645049219934065 0.01751993645907246 0
2344 0.2667084970590652 0.02574379056240282 0
2345 0.2645049219934065 0.03396764466573318 0
2346 0.2584846429557349 0.03998792370340479 0
2347 0.2502607888524045 0.04219149876906354 0
2348 0.2411372151257153 0.04212959682178911 0
2349 0.234524514336072 0.04035772898541554 0
2350 0.2296836813828023 0.03551689603214579 0
2351 0.2279118135464287 0.02890419524250246 0
2352 0.2296836813828022 0.02229149445285914 0
2353 0.234524514336072 0.0174506614995894 0
2354 0.2420369347490742 0.01149965742140086 0
2355 0.2502607888524045 0.009296082355742114 0
2356 0.2584846429557349 0.01149965742140085 0
2357 0.8553270281202402 0.6169576099765902 0
2358 0.848000691178616 0.6149945239096036 0
2359 0.8426374403039782 0.6096312730349659 0
2360 0.8406743542369917 0.6023049360933417 0
2361 0.8426374403039782 0.5949785991517175 0
2362 0.848000691178616 0.5896153482770797 0
2363 0.864789547078905 0.5824880801772395 0
2364 0.8823057847097192 0.5764060163955957 0
2365 0.890545193129758 0.5741982735633362 0
2366 0.9083687792196978 0.5727829102382397 0
2367 0.9149462839024028 0.5745453473061823 0
2368 0.9197613515171651 0.5793604149209446 0
2369 0.9215237885851078 0.5859379196036496 0
2370 0.9197613515171651 0.5925154242863546 0
2371 0.9149462839024028 0.5973304919011169 0
2372 0.8987846015497968 0.6049481644112318 0
2373 0.8816147206053192 0.6116301355711516 0
2374 0.8732021338421121 0.6138842814006098 0
2375 0.0331213108459586 0.8912292011921095 0
2376 0.03538055808783151 0.8827975756985799 0
2377 0.04155293633948817 0.8766251974469232 0
2378 0.04998456183301775 0.8743659502050504 0
2379 0.05841618732654731 0.8766251974469232 0
2380 0.06458856557820397 0.8827975756985799 0
2381 0.0668478128200769 0.8912292011921095 0
2382 0.06458856557820399 0.8996608266856391 0
2383 0.05841618732654733 0.9058332049372957 0
2384 0.04998456183301775 0.9080924521791686 0
2385 0.04155293633948818 0.9058332049372957 0
2386 0.03538055808783152 0.8996608266856391 0
2387 0.1462561999643847 0.068940675010621 0
2388 0.1440151133776965 0.06057682600493946 0
2389 0.1462561999643847 0.05221297699925793 0
2390 0.152378962383378 0.04609021458026462 0
2391 0.1607428113890595 0.0438491279935764 0
2392 0.1691066603947411 0.0460902145802646 0
2393 0.1752294228137344 0.05221297699925792 0
2394 0.1774705094004226 0.06057682600493946 0
2395 0.1752294228137344 0.06894067501062098 0
2396 0.1691066603947411 0.0750634374296143 0
2397 0.1607428113890595 0.07730452401630253 0
2398 0.152378962383378 0.07506343742961431 0
2399 0.8443107592054564 0.1552730832940391 0
2400 0.8420730148256383 0.1469217075742063 0
2401 0.8443107592054564 0.1385703318543735 0
2402 0.8504243905454711 0.1324567005143588 0
2403 0.8665458104626519 0.1213671156569694 0
2404 0.884001653423785 0.1123553733697078 0
2405 0.9016559954366069 0.1044207540681033 0
2406 0.9205861046567646 0.09813970325790342 0
2407 0.9264626090806856 0.09656509864319586 0
2408 0.9435500430396273 0.09209115463709727 0
2409 0.9468597023228082 0.09297797516924776 0
2410 0.9492825410738386 0.09540081392027817 0
2411 0.9501693616059891 0.09871047320345908 0
2412 0.9492825410738386 0.10202013248664 0
2413 0.9468597023228082 0.1044429712376704 0
2414 0.9323391135046065 0.1184965117241722 0
2415 0.900543434519454 0.1410065786750888 0
2416 0.8671271419851367 0.1613867146340538 0
2417 0.8587757662653039 0.1636244590138719 0
2418 0.8504243905454711 0.1613867146340538 0
2419 0.9569764513372309 0.3148082589908994 0
2420 0.9653886676401889 0.3125542124259659 0
2421 0.973800883943147 0.3148082589908994 0
2422 0.9799590536811715 0.3209664287289239 0
2423 0.9822131002461051 0.329378645031882 0
2424 0.9799590536811715 0.3377908613348401 0
2425 0.973800883943147 0.3439490310728646 0
2426 0.9666982039001948 0.346151187694651 0
2427 0.9612299461978415 0.3476164029300018 0
2428 0.9557616884954883 0.346151187694651 0
2429 0.9517586460284858 0.3421481452276486 0
2430 0.9502934307931349 0.3366798875252953 0
2431 0.9485642350342728 0.329378645031882 0
2432 0.9508182815992063 0.3209664287289239 0
2433 0.1991786218324519 0.7308726930822906 0
2434 0.1970243173233842 0.7389126669651062 0
2435 0.1911386479496364 0.744798336338854 0
2436 0.1830986740668209 0.7469526408479217 0
2437 0.1750587001840054 0.744798336338854 0
2438 0.1569084690157991 0.7367624431430956 0
2439 0.1039861239353934 0.709244751897543 0
2440 0.08671511861729125 0.6992581149930764 0
2441 0.08242304947684007 0.6949660458526252 0
2442 0.08085204313663569 0.6891029703719697 0
2443 0.08242304947684007 0.6832398948913141 0
2444 0.08671511861729124 0.6789478257508629 0
2445 0.09257819409794681 0.6773768194106585 0
2446 0.09844126957860236 0.6789478257508629 0
2447 0.1357792889163285 0.6937333848652478 0
2448 0.1543711742189081 0.7012000590786663 0
2449 0.1911386479496364 0.7169470498257273 0
2450 0.1970243173233842 0.7228327191994751 0
2451 0.841476670751571 0.09984879131147913 0
2452 0.8435384093253286 0.1075433044206672 0
2453 0.841476670751571 0.1152378175298552 0
2454 0.8313332872975073 0.1265794456762842 0
2455 0.8252442138619296 0.1326685191118619 0
2456 0.8105189854105123 0.1371004921474474 0
2457 0.8059075535550284 0.1383361215890754 0
2458 0.8012961216995446 0.1371004921474474 0
2459 0.7979203192856889 0.1337246897335916 0
2460 0.7966846898440608 0.1291132578781078 0
2461 0.7979203192856889 0.124501826022624 0
2462 0.8025194824293357 0.109943787679268 0
2463 0.8086085558649134 0.1038547142436903 0
2464 0.8204548699977645 0.09421601677604871 0
2465 0.8281493831069525 0.09215427820229108 0
2466 0.8358438962161405 0.09421601677604871 0
2467 0.7135707254487992 0.9138674109868713 0
2468 0.716209452270018 0.8965639810983482 0
2469 0.720977766371049 0.8780791372093257 0
2470 0.7229938034457682 0.8705551844165311 0
2471 0.7326410190574819 0.8573383993445655 0
2472 0.7349239388707458 0.8550554795313016 0
2473 0.7380424653304671 0.8542198728848441 0
2474 0.7411609917901885 0.8550554795313016 0
2475 0.7434439116034524 0.8573383993445655 0
2476 0.7490575404675083 0.8705551844165311 0
2477 0.7510735775422275 0.8780791372093257 0
2478 0.750027843829516 0.8965639810983482 0
2479 0.7477624411525943 0.9050185789882227 0
2480 0.743087969581027 0.921776532714894 0
2481 0.7372980906328673 0.9275664116630536 0
2482 0.7293889689048446 0.9296856544429167 0
2483 0.7214798471768219 0.9275664116630536 0
2484 0.7156899682286623 0.921776532714894 0
2485 0.2780843857337753 0.8259609857951531 0
2486 0.272272218707757 0.8106492034555329 0
2487 0.270107876145112 0.8025717670467581 0
2488 0.2674464918899936 0.7870341129670173 0
2489 0.2688357030630481 0.7818495062867356 0
2490 0.2726310985702754 0.7780541107795083 0
2491 0.2778157052505572 0.7766648996064537 0
2492 0.283000311930839 0.7780541107795083 0
2493 0.2943401853714364 0.7885812367918535 0
2494 0.3002532792175663 0.7944943306379834 0
2495 0.3064620476260879 0.8095771350626542 0
2496 0.3086570674124305 0.8177690604289036 0
2497 0.3064731421154679 0.833376773303705 0
2498 0.3052506758431828 0.8379390795424122 0
2499 0.3019108358767607 0.8412789195088343 0
2500 0.2973485296380535 0.8425013857811193 0
2501 0.2927862233993463 0.8412789195088343 0
2502 0.2894463834329242 0.8379390795424122 0
2503 0.6316141050314068 0.7921773240440533 0
2504 0.6376778257515174 0.7982410447641638 0
2505 0.6427647414720814 0.8160193173999151 0
2506 0.6450143159232615 0.8244148435471282 0
2507 0.6438873293024525 0.8421878026798187 0
2508 0.6420829390051758 0.8489218789459401 0
2509 0.6371532530363312 0.8538515649147846 0
2510 0.6304191767702099 0.8556559552120614 0
2511 0.6236851005040885 0.8538515649147846 0
2512 0.6187554145352441 0.8489218789459401 0
2513 0.613681785785589 0.8328103696943414 0
2514 0.6114322113344088 0.8244148435471282 0
2515 0.6067645153960314 0.806524241309289 0
2516 0.608983991221046 0.7982410447641639 0
2517 0.6150477119411565 0.7921773240440533 0
2518 0.6233309084862817 0.7899578482190387 0
2519 0.7022813358270662 0.9459091301163831 0
2520 0.7106142465956008 0.9481419268274126 0
2521 0.716714360653106 0.9542420408849178 0
2522 0.7189471573641355 0.9625749516534524 0
2523 0.716714360653106 0.970907862421987 0
2524 0.7106142465956008 0.9770079764794922 0
2525 0.7022813358270662 0.9792407731905217 0
2526 0.683639139972071 0.9811936265698972 0
2527 0.6651421974859717 0.9803972027804981 0
2528 0.6467887212302861 0.9755628519542838 0
2529 0.6431937606524912 0.974599585170642 0
2530 0.6405620668583382 0.971967891376489 0
2531 0.6395988000746964 0.9683729307986941 0
2532 0.6405620668583382 0.9647779702208993 0
2533 0.6431937606524912 0.9621462764267462 0
2534 0.657918169218674 0.9534367622516292 0
2535 0.6651421974859717 0.9515010897113072 0
2536 0.683639139972071 0.9475995210717193 0
2537 0.05162183230911438 0.7630880780723199 0
2538 0.053897746605191 0.7715819058589503 0
2539 0.04286256720195131 0.7458040814197893 0
2540 0.03101655820282908 0.7303833274801119 0
2541 0.01893938853475162 0.7148834034312618 0
2542 0.01507969617372681 0.711023711070237 0
2543 0.009807258357774204 0.7096109656153092 0
2544 0.004534820541821587 0.711023711070237 0
2545 0.0006751281807967913 0.7148834034312618 0
2546 -7.399679827213568e-17 0.7174030161036176 0
2547 3.78386558197441e-17 0.7229086663908122 0
2548 0.0006751281807967947 0.7254282790631671 0
2549 0.006575030898035303 0.7444946498489402 0
2550 0.02219834975474638 0.7800757336455806 0
2551 0.02841626324530007 0.7862936471361343 0
2552 0.03691009103193038 0.7885695614322109 0
2553 0.04540391881856069 0.7862936471361343 0
2554 0.05162183230911439 0.7800757336455806 0
2555 1 0.7174030161036166 0
2556 0.9999999999999999 0.7229086663908109 0
2557 0.999262382725869 0.7201558412472144 0
2558 0.529088809604092 0.8990068810312978 0
2559 0.5269645621281598 0.8910790815232688 0
2560 0.529088809604092 0.8831512820152397 0
2561 0.5375727874379762 0.8650301225721727 0
2562 0.546149502322662 0.8469536188285059 0
2563 0.5720306980909775 0.7928230759975502 0
2564 0.5778027836318305 0.7870509904566972 0
2565 0.5856875991134525 0.7849382605159283 0
2566 0.5935724145950745 0.7870509904566972 0
2567 0.5993445001359274 0.7928230759975502 0
2568 0.6014572300766964 0.8007078914791722 0
2569 0.5993445001359274 0.8085927069607942 0
2570 0.5825005376482655 0.8449018358008873 0
2571 0.5565515126843437 0.8990068810312978 0
2572 0.5507479606522468 0.9048104330633946 0
2573 0.5428201611442178 0.9069346805393268 0
2574 0.5348923616361888 0.9048104330633946 0
2575 0.7915948665723491 0.07831969349163825 0
2576 0.7893174880688798 0.08681898577465127 0
2577 0.7830955742893362 0.09304089955419488 0
2578 0.7745962820063231 0.0953182780576643 0
2579 0.7660969897233101 0.09304089955419488 0
2580 0.7503182435574305 0.08178710081461435 0
2581 0.7357283724726859 0.06888500232822317 0
2582 0.7305706027881058 0.06372723264364316 0
2583 0.7179944508338201 0.05062960476353764 0
2584 0.7166204642148221 0.04550181689251728 0
2585 0.7179944508338201 0.04037402902149693 0
2586 0.7217482520858425 0.03662022776947458 0
2587 0.7268760399568628 0.03524624115047657 0
2588 0.7320038278278831 0.03662022776947457 0
2589 0.7498196613046969 0.04447817412705207 0
2590 0.7666828289121999 0.05344280753535626 0
2591 0.7830955742893362 0.06359848742908163 0
2592 0.7893174880688798 0.06982040120862523 0
2593 0.6398890404979339 0.6736422717518434 0
2594 0.6476689791106605 0.6757269000202871 0
2595 0.6533642894549432 0.68142221036457 0
2596 0.655448917723387 0.6892021489772965 0
2597 0.6533642894549432 0.696982087590023 0
2598 0.6476689791106605 0.7026773979343057 0
2599 0.6320403073385747 0.7116503955534088 0
2600 0.6266178991469437 0.7131033254493883 0
2601 0.6211954909553126 0.7116503955534088 0
2602 0.6172260126596609 0.7076809172577572 0
2603 0.6157730827636815 0.7022585090661261 0
2604 0.6172260126596609 0.696836100874495 0
2605 0.6264137915409246 0.68142221036457 0
2606 0.6321091018852074 0.6757269000202872 0
2607 0.8510896681184871 0.1833990014995533 0
2608 0.8488545675994099 0.1917405101967733 0
2609 0.8427481594212672 0.1978469183749159 0
2610 0.8344066507240473 0.2000820188939932 0
2611 0.8260651420268273 0.1978469183749159 0
2612 0.8199587338486848 0.1917405101967733 0
2613 0.8162504033245425 0.1799523568719026 0
2614 0.8144373064850411 0.1731857873478408 0
2615 0.8162504033245425 0.166419217823779 0
2616 0.8212038760091028 0.1614657451392186 0
2617 0.8279704455331647 0.1596526482997172 0
2618 0.8347370150572265 0.1614657451392186 0
2619 0.8427481594212672 0.1689510846241908 0
2620 0.8488545675994098 0.1750574928023334 0
2621 0.9310502448310016 0.2746220124515401 0
2622 0.9395279697132516 0.272350412915688 0
2623 0.9480056945955014 0.2746220124515401 0
2624 0.9542118199418993 0.2808281377979379 0
2625 0.9564834194777514 0.2893058626801878 0
2626 0.9542118199418993 0.2977835875624377 0
2627 0.9480056945955014 0.3039897129088355 0
2628 0.9395279697132516 0.3062613124446876 0
2629 0.9310502448310017 0.3039897129088355 0
2630 0.9248441194846039 0.2977835875624377 0
2631 0.9225725199487518 0.2893058626801878 0
2632 0.9248441194846039 0.2808281377979379 0
2633 0.9193101239979901 0.5642560183205441 0
2634 0.9171316556159264 0.5561258636359998 0
2635 0.9193101239979901 0.5479957089514556 0
2636 0.9475980528252663 0.5195481571798911 0
2637 0.9525354793108953 0.5146107306942621 0
2638 0.9824056031074555 0.4914704804606611 0
2639 0.9854534739812304 0.4906538059213987 0
2640 0.9885013448550053 0.4914704804606611 0
2641 0.9907325411895178 0.4937016767951736 0
2642 0.9915492157287802 0.4967495476689485 0
2643 0.9907325411895178 0.4997974185427234 0
2644 0.9822471923886945 0.5176043180659166 0
2645 0.9607549912093156 0.5496383230678967 0
2646 0.9474738059720395 0.5642560183205441 0
2647 0.941522119669559 0.5702077046230245 0
2648 0.9333919649850148 0.5723861730050882 0
2649 0.9252618103004705 0.5702077046230245 0
2650 0.9089902538552761 0.8174100733978259 0
2651 0.9071596006994624 0.8242421639863586 0
2652 0.9021581632667434 0.8292436014190777 0
2653 0.8953260726782106 0.8310742545748914 0
2654 0.8756191453440528 0.826730622539525 0
2655 0.8696422494966712 0.8251291181239742 0
2656 0.8524151898939 0.8179743726402499 0
2657 0.8496153675652971 0.815174550311647 0
2658 0.8485905614669456 0.8113499218846927 0
2659 0.8496153675652971 0.8075252934577384 0
2660 0.8524151898939 0.8047254711291355 0
2661 0.8562398183208543 0.803700665030784 0
2662 0.8756191453440528 0.8028230391499986 0
2663 0.8953260726782106 0.8037458922207604 0
2664 0.9021581632667434 0.8055765453765741 0
2665 0.9071596006994624 0.8105779828092932 0
2666 5.591772704593989e-17 0.2483937276940041 0
2667 -1.58944038486375e-16 0.2220425960155116 0
2668 0.0001639695800896845 0.2482297581139146 0
2669 0.001291748457840542 0.2440208300424456 0
2670 0.01399215733251256 0.2329063602908285 0
2671 0.9785451065538132 0.2180923227782884 0
2672 0.9935831735431664 0.2264887856559548 0
2673 0.9616384563897448 0.2112534081768349 0
2674 0.9539694802729928 0.2091985122195777 0
2675 0.9383888499363701 0.2052774140266384 0
2676 0.9336464973087801 0.2065481235834248 0
2677 0.9301748542379766 0.2100197666542283 0
2678 0.9289041446811903 0.2147621192818182 0
2679 0.9301748542379766 0.2195044719094081 0
2680 0.9406864239967461 0.2322054405698336 0
2681 0.9463005041562408 0.2378195207293284 0
2682 0.9615451221678902 0.2475371594625845 0
2683 0.9789189227365056 0.2539223512588143 0
2684 0.9866951495858478 0.2560059849632567 0
2685 0.99447137643519 0.2539223512588143 0
2686 1 0.2483937276940043 0
2687 0.9999999999999998 0.2220425960155116 0
2688 0.07872766565465637 0.03835543421510977 0
2689 0.0746046832078051 0.04247841666196105 0
2690 0.08023678196956127 0.0327233354533536 0
2691 0.07872766565465637 0.02709123669159742 0
2692 0.05921460391824282 -3.035766082959412e-18 0
2693 0.03494682478972861 -1.761828530288945e-19 0
2694 0.03492931202282252 6.535853587463914e-05 0
2695 0.03639367982703141 0.005530453582150292 0
2696 0.05921750323744147 0.03835543421510977 0
2697 0.06334048568429275 0.04247841666196105 0
2698 0.06897258444604892 0.04398753297686594 0
2699 0.05532532440371622 0.994600263489599 0
2700 0.05921460391824292 1 0
2701 0.05132459716164946 0.9905995362475323 0
2702 0.04689438986485642 0.9894124657800542 0
2703 0.04747236502398965 0.9888344906209209 0
2704 0.04895820032156933 0.9832892777986743 0
2705 0.04747236502398965 0.9777440649764276 0
2706 0.03677448311999325 0.9609229162678173 0
2707 0.02500609047481277 0.9447487407265887 0
2708 0.02061437274304184 0.9403570229948177 0
2709 0.01461517475519219 0.938749542738739 0
2710 0.008615976767342538 0.9403570229948177 0
2711 0.00422425903557162 0.9447487407265887 0
2712 0.002616778779492891 0.9507479387144383 0
2713 0.004224259035571623 0.9567471367022879 0
2714 0.01607572247181129 0.9728733512999369 0
2715 0.02826318433016263 0.9888344906209209 0
2716 0.03232256185482954 0.9928938681455878 0
2717 0.03687914294711722 0.9941148003695132 0
2718 0.03639367982703141 0.994600263489599 0
2719 0.03494682478972864 1 0
2720 0.2215271173795383 0.8833539198576154 0
2721 0.2193789944144147 0.8753370158108684 0
2722 0.2215271173795383 0.8673201117641215 0
2723 0.2273958984611615 0.8614513306824982 0
2724 0.2438892924648027 0.8525003733098344 0
2725 0.2502607452572074 0.8507931476794965 0
2726 0.2566321980496121 0.8525003733098344 0
2727 0.261296425211679 0.8571646004719012 0
2728 0.2630036508420169 0.8635360532643059 0
2729 0.261296425211679 0.8699075060567106 0
2730 0.2492984876362786 0.8833539198576154 0
2731 0.2434297065546553 0.8892227009392386 0
2732 0.2354128025079084 0.8913708239043622 0
2733 0.2273958984611616 0.8892227009392386 0
2734 0.9419784953897806 0.1778558891647137 0
2735 0.9401740790971269 0.1845900624469023 0
2736 0.935244322107592 0.1895198194364372 0
2737 0.9285101488254034 0.1913242357290909 0
2738 0.9217759755432148 0.1895198194364372 0
2739 0.9106098902063667 0.1812770869040786 0
2740 0.90440491759754 0.1750721142952519 0
2741 0.9021337399929228 0.166595964081808 0
2742 0.9011616007205894 0.1547991544447059 0
2743 0.9025572219894402 0.1495906249612306 0
2744 0.9063701302040647 0.1457777167466062 0
2745 0.9115786596875399 0.1443820954777553 0
2746 0.9167871891710152 0.1457777167466062 0
2747 0.9275621906332544 0.1519148412595374 0
2748 0.9337671632420811 0.1581198138683641 0
2749 0.9401740790971269 0.1711217158825251 0
2750 0.407049617200492 0.7991474125510198 0
2751 0.4144084252212965 0.80111919921745 0
2752 0.4197954465756707 0.8065062205718243 0
2753 0.421767233242101 0.8138650285926288 0
2754 0.4197954465756707 0.8212238366134332 0
2755 0.411059437640163 0.833421054019669 0
2756 0.4049003939124538 0.8395800977473782 0
2757 0.3931693315098872 0.8479269241346112 0
2758 0.3875686911817097 0.8494276111876435 0
2759 0.3819680508535322 0.8479269241346112 0
2760 0.377868097578387 0.8438269708594661 0
2761 0.3763674105253547 0.8382263305312886 0
2762 0.3796601633272441 0.8250076438245991 0
2763 0.3819145297946048 0.8165942336295292 0
2764 0.388073573522314 0.8104351899018201 0
2765 0.3996908091796876 0.80111919921745 0
2766 -1.214306433183765e-17 0.4038313376268751 0
2767 1.474514954580286e-17 0.3739740908123388 0
2768 0.007711329579165317 0.4058975821601827 0
2769 0.01620876354945317 0.4036207015901073 0
2770 0.02342865949628132 0.4016233295467221 0
2771 0.02722620989701359 0.3978257791459899 0
2772 0.02861620981583337 0.3926382288264378 0
2773 0.02722620989701358 0.3874506785068858 0
2774 0.0224293169496656 0.3804052802493192 0
2775 0.01620876354945316 0.3741847268491068 0
2776 0.007711329579165312 0.3719078462790313 0
2777 0.992993342208665 0.3974001481898949 0
2778 0.9907164616385896 0.388902714219607 0
2779 0.9992138956088774 0.4036207015901073 0
2780 1 0.4038313376268752 0
2781 1 0.3739740908123389 0
2782 0.9992138956088774 0.3741847268491068 0
2783 0.992993342208665 0.3804052802493192 0
2784 0.9824814411402829 0.4573507674431174 0
2785 0.9846008718798007 0.4652605906461211 0
2786 0.9824814411402829 0.4731704138491247 0
2787 0.976691048676797 0.4789608063126106 0
2788 0.9306928036067306 0.5152277848375316 0
2789 0.9146634202944203 0.5258437270530003 0
2790 0.9110757743335249 0.526805033890951 0
2791 0.9074881283726296 0.5258437270530003 0
2792 0.904861789249685 0.5232173879300557 0
2793 0.9039004824117343 0.5196297419691603 0
2794 0.904861789249685 0.516042096008265 0
2795 0.9157818549244309 0.5003168361552319 0
2796 0.9287141296234378 0.4857167298288805 0
2797 0.9419898330791674 0.4713271321812734 0
2798 0.9550810098073039 0.4573507674431174 0
2799 0.9608714022707898 0.4515603749796316 0
2800 0.9687812254737934 0.4494409442401138 0
2801 0.976691048676797 0.4515603749796316 0
2802 0.3257866185874528 0.9048122897104992 0
2803 0.3340036244012038 0.9026105496385027 0
2804 0.3422206302149547 0.9048122897104992 0
2805 0.3610103972357613 0.9117588177450099 0
2806 0.4158655514711002 0.9350700658357713 0
2807 0.4339676184952714 0.9433243660780609 0
2808 0.4391344813851059 0.9484912289678954 0
2809 0.4410256844606564 0.9555492949332804 0
2810 0.4391344813851059 0.9626073608986655 0
2811 0.4339676184952714 0.9677742237885 0
2812 0.4269095525298864 0.9696654268640506 0
2813 0.4198514865645013 0.9677742237885 0
2814 0.3817579648559545 0.9550970094645914 0
2815 0.3257866185874528 0.9332768328215101 0
2816 0.3197713528456983 0.9272615670797556 0
2817 0.3175696127737019 0.9190445612660046 0
2818 0.3197713528456983 0.9108275554522537 0
2819 0.4874909806380788 0.9690438218186984 0
2820 0.4897606832808146 0.9605731762379351 0
2821 0.4965717502462116 0.9528581559564656 0
2822 0.5006075666904811 0.9488223395121961 0
2823 0.5061205944783642 0.9473451281685825 0
2824 0.5116336222662473 0.9488223395121961 0
2825 0.5156694387105168 0.9528581559564656 0
2826 0.5191038603183961 0.9605731762379351 0
2827 0.5213735629611319 0.9690438218186984 0
2828 0.5191038603183961 0.9775144673994617 0
2829 0.5129029173803686 0.9837154103374891 0
2830 0.5044322717996054 0.985985112980225 0
2831 0.4959616262188421 0.9837154103374891 0
2832 0.4897606832808146 0.9775144673994617 0
2833 1 0.5426230439675888 0
2834 1 0.5758898217170073 0
2835 0.9914263239474216 0.5379671647443184 0
2836 0.9849441525089273 0.5362302721421737 0
2837 0.978461981070433 0.5379671647443184 0
2838 0.9737167022340834 0.5427124435806681 0
2839 0.9719798096319386 0.5491946150191623 0
2840 0.9737167022340834 0.5556767864576566 0
2841 0.9814961810573521 0.568404290679695 0
2842 0.9877179882472954 0.5746260978696383 0
2843 0.9962171349262067 0.5769034373586062 0
2844 0.0109380887950612 0.5514059973218725 0
2845 0.01321542828402911 0.5599051440007837 0
2846 0.004716281605117834 0.5451841901319292 0
2847 -2.081668171172169e-17 0.5426230439675885 0
2848 -1.040834085586084e-17 0.5758898217170074 0
2849 0.004716281605117834 0.5746260978696383 0
2850 0.0109380887950612 0.568404290679695 0
2851 0.5262940312031966 0.9462955272581669 0
2852 0.5243554610552139 0.9390606849718588 0
2853 0.531590303341522 0.9515917993964923 0
2854 0.5840329917125228 0.9807500947158337 0
2855 0.6015767477654673 0.9903565731894819 0
2856 0.6193568450556484 0.9995391793967066 0
2857 0.6210766509603127 0.9999999999999998 0
2858 0.6320545272284606 1 0
2859 0.6337743331331267 0.9995391793967066 0
2860 0.6390515000282431 0.9942620125015902 0
2861 0.6409830771718659 0.987053268462851 0
2862 0.6390515000282431 0.9798445244241119 0
2863 0.6337743331331267 0.9745673575289955 0
2864 0.564116633270565 0.9352277244085406 0
2865 0.5460599879141382 0.9265295705472253 0
2866 0.5388251456278301 0.9245910003992426 0
2867 0.531590303341522 0.9265295705472253 0
2868 0.5262940312031966 0.9318258426855507 0
2869 0.6265655890943875 0.001470756540329354 0
2870 0.6210766509603158 2.350550309948574e-16 0
2871 0.6320545272284613 -4.263625043299246e-17 0
2872 0.9660230948568527 0.5672902571817863 0
2873 0.972428442508436 0.5690065649122685 0
2874 0.9771174824295369 0.5736956048333695 0
2875 0.9788337901600191 0.5801009524849527 0
2876 0.9771174824295369 0.586506300136536 0
2877 0.972428442508436 0.591195340057637 0
2878 0.9660230948568527 0.5929116477881192 0
2879 0.9472078030801367 0.5953927079725063 0
2880 0.9425317374367745 0.5941397599596125 0
2881 0.9391086198063062 0.5907166423291442 0
2882 0.9378556717934124 0.586040576685782 0
2883 0.9391086198063062 0.5813645110424198 0
2884 0.9425317374367745 0.5779413934119515 0
2885 0.9596177472052694 0.5690065649122685 0
2886 0.3509658618777037 0.8375444182180857 0
2887 0.3579642192415474 0.8394196224220719 0
2888 0.3630873724014049 0.8445427755819294 0
2889 0.3649625766053912 0.8515411329457732 0
2890 0.3630873724014049 0.858539490309617 0
2891 0.3579642192415474 0.8636626434694744 0
2892 0.3398932575755184 0.872344414130652 0
2893 0.3217687338113235 0.8808007141695235 0
2894 0.2844062286858128 0.8956126392514625 0
2895 0.2654359101413802 0.9025547655635995 0
2896 0.2613234524971136 0.9036566952682878 0
2897 0.257210994852847 0.9025547655635995 0
2898 0.2542004669132689 0.8995442376240212 0
2899 0.2530985372085804 0.8954317799797546 0
2900 0.2542004669132689 0.8913193223354881 0
2901 0.257210994852847 0.8883087943959098 0
2902 0.2730891569727282 0.8760108960514996 0
2903 0.3256445671976435 0.847664958454855 0
2904 0.3439675045138599 0.839419622422072 0
2905 0.7988246173165278 0.9194459228685704 0
2906 0.8071900329007221 0.9216874292187061 0
2907 0.8133139421347808 0.9278113384527648 0
2908 0.8155554484849165 0.9361767540369591 0
2909 0.8133139421347808 0.9445421696211534 0
2910 0.8066123197585913 0.9540705784022782 0
2911 0.8017882812448881 0.9588946169159813 0
2912 0.795198522086335 0.9606603375608312 0
2913 0.7886087629277819 0.9588946169159813 0
2914 0.7837847244140788 0.9540705784022782 0
2915 0.7820190037692288 0.9474808192437251 0
2916 0.7820937861481391 0.9361767540369591 0
2917 0.7843352924982747 0.9278113384527648 0
2918 0.7904592017323334 0.9216874292187061 0
2919 0.4126716199629858 0.8766303628513938 0
2920 0.4046441011218034 0.8744793956606735 0
2921 0.3987675494713414 0.8686028440102114 0
2922 0.3966165822806209 0.8605753251690289 0
2923 0.3987675494713413 0.8525478063278464 0
2924 0.4046441011218033 0.8466712546773844 0
2925 0.4126716199629858 0.844520287486664 0
2926 0.4285196565617096 0.840518611490512 0
2927 0.4431267650128094 0.8442566800855453 0
2928 0.4469388931251996 0.8452781367347042 0
2929 0.4497295645884309 0.8480688081979355 0
2930 0.4507510212375899 0.8518809363103258 0
2931 0.4497295645884309 0.8556930644227161 0
2932 0.4427482369988527 0.8651632357272244 0
2933 0.4367345313072805 0.8711769414187966 0
2934 0.4285196565617096 0.8733781104727952 0
2935 0.8149753880396428 0.8743511391795997 0
2936 0.8233638113843306 0.8765988104405792 0
2937 0.8295045634680388 0.8827395625242874 0
2938 0.8317522347290183 0.8911279858689752 0
2939 0.8295045634680388 0.899516409213663 0
2940 0.8233638113843306 0.9056571612973713 0
2941 0.8149753880396428 0.9079048325583507 0
2942 0.7961375862791445 0.9099344358048627 0
2943 0.7777437201860243 0.910273704461761 0
2944 0.772284113731455 0.9088108073212674 0
2945 0.7682874044173793 0.9048140980071917 0
2946 0.7668245072768857 0.8993544915526224 0
2947 0.7682874044173793 0.893894885098053 0
2948 0.772284113731455 0.8898981757839773 0
2949 0.7885386964854345 0.8815749930136201 0
2950 0.8065869646949549 0.8765988104405792 0
2951 0.9318289219661009 0.06667785420620304 0
2952 0.9338999492996566 0.07440703343889685 0
2953 0.9318289219661009 0.08213621267159064 0
2954 0.9261707700669628 0.08779436457072874 0
2955 0.9116335704098375 0.09352260138790831 0
2956 0.9032977550752515 0.0957561763750656 0
2957 0.8890930135355526 0.0927298008115908 0
2958 0.8847159735824888 0.09155697649092859 0
2959 0.8815117579500872 0.088352760858527 0
2960 0.8803389336294251 0.08397572090546321 0
2961 0.8815117579500872 0.07959868095239941 0
2962 0.8888596993932367 0.07074873037130758 0
2963 0.8949619397406654 0.06464649002387887 0
2964 0.9032977550752515 0.06241291503672157 0
2965 0.918441590834269 0.05894867497350924 0
2966 0.9261707700669628 0.06101970230706494 0
2967 0.9640549487154244 0.6206100916775206 0
2968 0.9679090236769258 0.6167560167160192 0
2969 0.9626442593714254 0.6258748559830211 0
2970 0.9640549487154244 0.6311396202885216 0
2971 0.9679090236769258 0.6349936952500229 0
2972 0.9731737879824263 0.6364043845940219 0
2973 0.9784385522879268 0.6349936952500229 0
2974 0.9949252775815827 0.6240410897440091 0
2975 0.9994561432243454 0.6195102241012463 0
2976 0.9999999999999998 0.6174805229824643 0
2977 1 0.5893669231766836 0
2978 0.9909488911023069 0.6015353337742717 0
2979 0.9887360000124348 0.6009423913938026 0
2980 0.9825467224432869 0.6026008033201878 0
2981 -3.089976191583688e-17 0.6174805229824629 0
2982 1.387778780781446e-16 0.5893669231766836 0
2983 0.0002595479087674578 0.6165118769999449 0
2984 0.02006013825427591 0.6028883098411736 0
2985 0.5186092729847527 0.8942926474055268 0
2986 0.5163373612457824 0.9027715374456763 0
2987 0.5101303829446033 0.9089785157468554 0
2988 0.5016514929044539 0.9112504274858256 0
2989 0.4931726028643045 0.9089785157468554 0
2990 0.4820179634746309 0.9020444546549479 0
2991 0.4773521994196519 0.8973786905999689 0
2992 0.4756444112474653 0.8910051383728033 0
2993 0.4773521994196519 0.8846315861456376 0
2994 0.4820179634746309 0.8799658220906587 0
2995 0.4883915157017965 0.878258033918472 0
2996 0.5016514929044539 0.877334867325228 0
2997 0.5101303829446033 0.8796067790641983 0
2998 0.5163373612457824 0.8858137573653774 0
2999 0.8194535259369858 0.7614561432985386 0
3000 0.8114677617498944 0.7593163642336621 0
3001 0.8056217766276795 0.7534703791114472 0
3002 0.803481997562803 0.7454846149243558 0
3003 0.8056217766276795 0.7374988507372644 0
3004 0.8114677617498944 0.7316528656150495 0
3005 0.8242552042589658 0.7280098580401885 0
3006 0.8319889834734367 0.7259375981452303 0
3007 0.8397227626879077 0.7280098580401884 0
3008 0.8453842820074204 0.7336713773597012 0
3009 0.8474565419023786 0.7414051565741722 0
3010 0.8453842820074204 0.7491389357886431 0
3011 0.8397227626879077 0.7548004551081559 0
3012 0.8274392901240772 0.7593163642336621 0
3013 0.2798234375384822 0.9408471459763577 0
3014 0.2714707963953281 0.9386090625273826 0
3015 0.2653562387011492 0.9324945048332036 0
3016 0.26094757943606 0.926458471740642 0
3017 0.2593333728518207 0.920434170754349 0
3018 0.26094757943606 0.9144098697680559 0
3019 0.2653576738381137 0.9099997753660022 0
3020 0.2713819748244067 0.9083855687817629 0
3021 0.2798234375384822 0.9074365814037415 0
3022 0.2881760786816362 0.9096746648527165 0
3023 0.2942906363758152 0.9157892225468955 0
3024 0.2965287198247903 0.9241418636900496 0
3025 0.2942906363758152 0.9324945048332036 0
3026 0.2881760786816362 0.9386090625273826 0
3027 0.3472280737482231 0.9571102550429701 0
3028 0.3551635958594671 0.954983938301743 0
3029 0.3740249002175459 0.958972293802099 0
3030 0.3801098994806464 0.9606027644405908 0
3031 0.3845644281052552 0.9650572930651996 0
3032 0.386194898743747 0.9711422923283001 0
3033 0.3845644281052552 0.9772272915914005 0
3034 0.3801098994806464 0.9816818202160094 0
3035 0.3740249002175459 0.9833122908545011 0
3036 0.3551635958594671 0.9867260267467189 0
3037 0.3472280737482231 0.9845997100054918 0
3038 0.3414188683782062 0.978790504635475 0
3039 0.3392925516369791 0.970854982524231 0
3040 0.3414188683782062 0.962919460412987 0
3041 0.8691933072149618 0.3143811141194462 0
3042 0.876986723143845 0.3122928746150221 0
3043 0.8847801390727281 0.3143811141194462 0
3044 0.8998565002516411 0.3232994304825724 0
3045 0.9128649223602496 0.3348829467069809 0
3046 0.9178212152711692 0.3398392396179005 0
3047 0.9196353443851626 0.3466096616428134 0
3048 0.9178212152711693 0.3533800836677263 0
3049 0.9128649223602496 0.3583363765786459 0
3050 0.9060945003353368 0.3601505056926392 0
3051 0.8993240783104239 0.3583363765786459 0
3052 0.8829140646884578 0.3526445896819677 0
3053 0.8691933072149618 0.3413782988261306 0
3054 0.8634881307905028 0.3356731224016715 0
3055 0.8613998912860787 0.3278797064727884 0
3056 0.8634881307905028 0.3200862905439053 0
3057 0.8629164498245624 0.7583955056457237 0
3058 0.8714126693958892 0.7606720608185782 0
3059 0.8776323337943617 0.7668917252170506 0
3060 0.8799088889672162 0.7753879447883775 0
3061 0.8776323337943617 0.7838841643597043 0
3062 0.8714126693958892 0.7901038287581768 0
3063 0.8629164498245624 0.7923803839310313 0
3064 0.8458359200792689 0.7964757568211296 0
3065 0.8283691443869132 0.7928967366219161 0
3066 0.8241984828261537 0.7917792112248071 0
3067 0.8211453466625032 0.7887260750611566 0
3068 0.8200278212653942 0.784555413500397 0
3069 0.8211453466625032 0.7803847519396375 0
3070 0.8241984828261537 0.777331615775987 0
3071 0.8380859055305749 0.7675523087660058 0
3072 0.8544202302532355 0.7606720608185782 0
3073 0.1277181849269429 0.9488627355375727 0
3074 0.1299590178821089 0.9404998330976184 0
3075 0.1360810873668972 0.9343777636128302 0
3076 0.1444439898068514 0.9321369306576641 0
3077 0.1528068922468057 0.9343777636128302 0
3078 0.158928961731594 0.9404998330976184 0
3079 0.16116979468676 0.9488627355375727 0
3080 0.158928961731594 0.957225637977527 0
3081 0.1531799798862481 0.9659482735722045 0
3082 0.148495989116789 0.9706322643416636 0
3083 0.1420975387346159 0.9723467239543775 0
3084 0.1356990883524429 0.9706322643416636 0
3085 0.1310150975829838 0.9659482735722045 0
3086 0.1293006379702699 0.9595498231900315 0
3087 0.07815341764071994 0.932683723436461 0
3088 0.07609037774201129 0.9403830931564834 0
3089 0.07045404792069751 0.9460194229777972 0
3090 0.06275467820067508 0.9480824628765059 0
3091 0.05505530848065265 0.9460194229777972 0
3092 0.04912294959312959 0.9419660233739795 0
3093 0.04377416425891825 0.9366172380397683 0
3094 0.04181637294720725 0.9293106613938459 0
3095 0.04377416425891824 0.9220040847479236 0
3096 0.04912294959312957 0.9166552994137123 0
3097 0.05642952623905191 0.9146975081020012 0
3098 0.06373610288497424 0.9166552994137122 0
3099 0.0704540479206975 0.9193480238951248 0
3100 0.07609037774201129 0.9249843537164386 0
3101 0.9680559715612782 0.07187770099313714 0
3102 0.9733116078902121 0.07328594450318664 0
3103 0.9771590007090964 0.07713333732207099 0
3104 0.9785672442191459 0.08238897365100484 0
3105 0.9746456150936259 0.1221061733036611 0
3106 0.9653928116022629 0.1816332564319636 0
3107 0.9640911021439845 0.1864913022669515 0
3108 0.960534765767275 0.1900476386436611 0
3109 0.9556767199322871 0.1913493481019395 0
3110 0.9508186740972991 0.1900476386436611 0
3111 0.9472623377205897 0.1864913022669515 0
3112 0.9459606282623113 0.1816332564319636 0
3113 0.9520501838136451 0.1221061733036611 0
3114 0.9575446989034105 0.08238897365100484 0
3115 0.95895294241346 0.07713333732207099 0
3116 0.9628003352323443 0.07328594450318664 0
3117 0.3178725589845067 0.9892512222032048 0
3118 0.3199203580187784 0.9968937122427971 0
3119 0.3048152142252801 0.9757446574355068 0
3120 0.2986682637031274 0.969597706913354 0
3121 0.2831907509875932 0.9579780856571214 0
3122 0.2512485233783094 0.9378460976605575 0
3123 0.2451304822640234 0.9362067734847241 0
3124 0.2390124411497373 0.9378460976605575 0
3125 0.2345337242112846 0.9423248145990102 0
3126 0.2328944000354513 0.9484428557132962 0
3127 0.2345337242112846 0.9545608968275823 0
3128 0.2460566825783385 0.9691039776539949 0
3129 0.2516996935944513 0.9747469886701078 0
3130 0.266284385349927 0.9872607699128957 0
3131 0.2833897884649207 1 0
3132 0.3190880307227771 1 0
3133 0.28338978846492 -5.204170427930421e-17 0
3134 0.3190880307227772 -1.517883041479706e-18 0
3135 0.2969928879000014 0.01013089328771 0
3136 0.3046353779395938 0.01217869232198177 0
3137 0.3122778679791861 0.01013089328771 0
3138 0.3178725589845067 0.004536202282389379 0
3139 0.6848820173453636 0.9061915555025447 0
3140 0.6828136375952639 0.9139108538192632 0
3141 0.6708124302183358 0.9265282420480964 0
3142 0.6682169416751601 0.9291237305912721 0
3143 0.6646714383899505 0.9300737453333059 0
3144 0.6611259351047408 0.9291237305912721 0
3145 0.6585304465615651 0.9265282420480964 0
3146 0.6575804318195313 0.9229827387628867 0
3147 0.6540048240784895 0.9061915555025447 0
3148 0.6560732038285891 0.8984722571858262 0
3149 0.6617241223952081 0.8928213386192073 0
3150 0.6694434207119265 0.8907529588691077 0
3151 0.677162719028645 0.8928213386192073 0
3152 0.6828136375952639 0.8984722571858262 0
3153 0.2256330259460229 0.9397343081507109 0
3154 0.2173472072770278 0.9419544865716989 0
3155 0.2090613886080328 0.9397343081507109 0
3156 0.2029957483600257 0.9336686679027038 0
3157 0.2007755699390377 0.9253828492337087 0
3158 0.1997320502535332 0.9151789850449198 0
3159 0.2015279611143726 0.9084765544664024 0
3160 0.2064344808320506 0.9035700347487244 0
3161 0.2131369114105679 0.9017741238878851 0
3162 0.2198393419890853 0.9035700347487244 0
3163 0.2247458617067633 0.9084765544664024 0
3164 0.23169866619403 0.9170970305647137 0
3165 0.233918844615018 0.9253828492337087 0
3166 0.23169866619403 0.9336686679027038 0
3167 0.8282286154690778 0.855855936745852 0
3168 0.8303666901609763 0.8478765333653093 0
3169 0.8362080188496205 0.8420352046766651 0
3170 0.8441874222301632 0.8398971299847666 0
3171 0.8521668256107059 0.8420352046766651 0
3172 0.8650679493368143 0.8488447111314573 0
3173 0.8709174055060267 0.8546941673006696 0
3174 0.8765659047253151 0.8669935476933004 0
3175 0.8773549421374552 0.8699382754044799 0
3176 0.8765659047253151 0.8728830031156594 0
3177 0.8744102144262756 0.8750386934146989 0
3178 0.8714654867150962 0.875827730826839 0
3179 0.8570774436113467 0.8786656844770725 0
3180 0.8490869378858791 0.8765246349208172 0
3181 0.8362080188496205 0.8696766688150389 0
3182 0.8303666901609763 0.8638353401263947 0
3183 0.8959289772927076 0.7670526028550599 0
3184 0.8903272002237091 0.7655516112132426 0
3185 0.8862264147965281 0.7614508257860615 0
3186 0.8847254231547107 0.755849048717063 0
3187 0.8862264147965281 0.7502472716480646 0
3188 0.8903272002237091 0.7461464862208835 0
3189 0.9063617219079732 0.7366098599351005 0
3190 0.922572385737378 0.7273535122336424 0
3191 0.9409468077192394 0.7213839647278655 0
3192 0.9492979093399115 0.7191462937926962 0
3193 0.9675689761917839 0.7160688384149605 0
3194 0.9849925401376872 0.7147672242924493 0
3195 0.9894204701199001 0.7159536845553248 0
3196 0.9926619398392376 0.7191951542746623 0
3197 0.9938484001021131 0.7236230842568752 0
3198 0.9926619398392376 0.728051014239088 0
3199 0.9894204701199001 0.7312924839584255 0
3200 0.9748849851445777 0.7433725555354155 0
3201 0.9576490109605836 0.7503130293402152 0
3202 0.939511621163732 0.7566931286334581 0
3203 0.9215912162558122 0.7629881179191408 0
3204 0.9139764690818927 0.7650284832749596 0
3205 0.9388825050157242 0.8312971732088543 0
3206 0.9324410258459142 0.8295711840672418 0
3207 0.9277255358177167 0.8248556940390444 0
3208 0.9259995466761042 0.8184142148692343 0
3209 0.9277255358177167 0.8119727356994242 0
3210 0.9326745296061151 0.8005909402648003 0
3211 0.9388431688726687 0.7944223009982466 0
3212 0.9517995369440255 0.7896069261890517 0
3213 0.9566362493841342 0.7883109329967031 0
3214 0.9614729618242428 0.7896069261890517 0
3215 0.9650136810720027 0.7931476454368116 0
3216 0.9663096742643513 0.7979843578769202 0
3217 0.9641227227073523 0.8090174582096948 0
3218 0.9618648440290115 0.8174439761545894 0
3219 0.9556962047624579 0.8236126154211431 0
3220 0.9453239841855343 0.8295711840672418 0
3221 0.8120165838251739 0.8134229392977133 0
3222 0.820098550504672 0.8155884957427399 0
3223 0.8260149607391433 0.8215049059772113 0
3224 0.82818051718417 0.8295868726567093 0
3225 0.8260149607391433 0.8376688393362073 0
3226 0.820098550504672 0.8435852495706786 0
3227 0.8098531912381693 0.8498015049054061 0
3228 0.8024392156027366 0.8517880736896243 0
3229 0.7950252399673038 0.8498015049054061 0
3230 0.7895978331160892 0.8443740980541915 0
3231 0.787611264331871 0.8369601224187587 0
3232 0.7895978331160892 0.8295461467833259 0
3233 0.7950252399673038 0.8241187399321114 0
3234 0.8039346171456759 0.8155884957427399 0
3235 0.9246599505526294 0.8816556626245778 0
3236 0.9223824575242754 0.8901553823202788 0
3237 0.9161602308569285 0.8963776089876256 0
3238 0.9076605111612276 0.8986551020159796 0
3239 0.8991607914655267 0.8963776089876256 0
3240 0.8929385647981798 0.8901553823202788 0
3241 0.8855454529512978 0.8729573539762049 0
3242 0.8834342456987907 0.8650782212445401 0
3243 0.8796052669837076 0.8477592379626514 0
3244 0.881214892872644 0.8417520323639623 0
3245 0.8856124725823966 0.8373544526542097 0
3246 0.8916196781810857 0.8357448267652733 0
3247 0.8976268837797747 0.8373544526542097 0
3248 0.9020244634895274 0.8417520323639623 0
3249 0.9128395693729423 0.8571990885128754 0
3250 0.9223824575242754 0.8731559429288769 0
3251 0 0 0
3252 0 1 0
3253 1 1 0
3254 1 0 0
3255 0.160450331235636 0.2498848726692639 0
3256 0.1869099414536622 0.2768517536127996 0
3257 0.8180130320219132 0.5967641752772749 0
3258 0.7998281325118344 0.605107400275712 0
3259 0.7649485281197363 0.58449603502271 0
3260 0.8009796890743308 0.56720401821904 0
3261 0.8190356052717171 0.5585773599406507 0
3262 0.4087886336705405 0.4527323223519199 0
3263 0.7593653320535159 0.5182986398740306 0
3264 0.7543984802993502 0.5368351829742394 0
3265 0.5608277289370882 0.2087726344120206 0
3266 0.6247455497673933 0.5953809344370959 0
3267 0.6051067150168004 0.591869571076461 0
3268 0.5854678802662072 0.588358207715826 0
3269 0.5658290455156142 0.5848468443551911 0
3270 0.2363751730893181 0.1845198353742818 0
3271 0.2371800451615976 0.1448599283201046 0
3272 0.08974543763696309 0.4476995972359047 0
3273 0.07311371781625969 0.4502969693427321 0
3274 0.05648199799555635 0.4528943414495594 0
3275 0.03985027817485302 0.4554917135563867 0
3276 0.02321855835414972 0.458089085663214 0
3277 0.04668189083861407 0.40866943333045 0
3278 0 0.4448981622221626 0
3279 1 0.4448981622221626 0
3280 0.7070931416334423 0.5397142496509163 0
3281 0.7269185599344784 0.5413821175587628 0
3282 0.7466401321887509 0.5750884381073945 0
3283 0.7267948695342962 0.5744399227178261 0
3284 0.6871433108772574 0.5722145853697189 0
3285 0.1332515820808153 0.7386499483113025 0
3286 0.434788191639585 0.627353914098751 0
3287 0.3980766593747774 0.6128408996323035 0
3288 0.4133268919974201 0.5861789925841623 0
3289 0.4324338716151368 0.5920433475004994 0
3290 0.3962692952655277 0.6556024275328607 0
3291 0.3426423712497336 0.6310062534690267 0
3292 0.3695714312209446 0.6134232658111392 0
3293 0.3838760218671705 0.6181027804794021 0
3294 0.3981806125133964 0.6227822951476653 0
3295 0.5790923390288949 0.1526134222746679 0
3296 0.5393837854487171 0.1546422842097607 0
3297 0.5194927101329421 0.1229692200204941 0
3298 0.5591743395539078 0.11959295025969 0
3299 0.5790701217412005 0.1185357756659425 0
3300 0.6587366138846582 0.3866912847885144 0
3301 0.6515593562907435 0.3680170562177316 0
3302 0.6443820986968287 0.3493428276469486 0
3303 0.637204841102914 0.3306685990761656 0
3304 0.6735496791940034 0.3326087611265601 0
3305 0.4905914252867822 0.7102504821749224 0
3306 0.1740076547319699 0.4209080050319514 0
3307 0.1628729768654299 0.4590957105036417 0
3308 0.1318618071351844 0.4507512616702953 0
3309 0.1365459103412759 0.4314488887786749 0
3310 0.14948663243453 0.3846968479851085 0
3311 0.2716846970019133 0.2138243112629321 0
3312 0.3115263608268252 0.2429999692632808 0
3313 0.2919633312289693 0.2573391328567066 0
3314 0.2380233691351596 0.2324460766156397 0
3315 0.6403138112711789 0.1648514839818544 0
3316 0.6342816434281265 0.1423391271117996 0
3317 0.1005050543977996 0.3842232013691659 0
3318 0.08050127633845218 0.3842565903772293 0
3319 0.03861640350903614 0.3752915988045518 0
3320 0.02523522546599739 0.3685707640465505 0
3321 0.05633034464994878 0.3335372861521654 0
3322 0.07237496660174833 0.3377005075663497 0
3323 0.0884195885535479 0.341863728980534 0
3324 0.1044642105053474 0.3460269503947183 0
3325 0.4683379410483209 0.5697959504225995 0
3326 0.2615080401211454 0.6460740581380657 0
3327 0.2415962854743923 0.6450243603602995 0
3328 0.2018246151900131 0.6416080145881997 0
3329 0.2217723275153522 0.6119253814353545 0
3330 0.2615273258832515 0.6127549288690608 0
3331 0.4917936955415024 0.7638314541251083 0
3332 0.5217851408823222 0.7665448796830392 0
3333 0.509227335003911 0.7813679663052748 0
3334 0.122677397791858 0.2019592631735244 0
3335 0.01078912217225312 0.1272147581834955 0
3336 0.01999060209432834 0.1174243173479319 0
3337 0.7331622947843941 0.3017030728988386 0
3338 0.1849182847208658 0.5771145330877401 0
3339 0.1859785640051308 0.5571771325397504 0
3340 0.1870388432893959 0.5372397319917608 0
3341 0.188099122573661 0.5173023314437711 0
3342 0.2074891295421581 0.5173489342321438 0
3343 0.2040702976621245 0.5572561679488189 0
3344 0.5962364836493421 0.4877182147225186 0
3345 0.442082292380393 0.6863194572088488 0
3346 0.3169383421994333 0.3978242550043584 0
3347 0.2788544454084468 0.352892796819647 0
3348 0.3194695368322387 0.3516658527396306 0
3349 0.333200061693625 0.3659001279928277 0
3350 0.2010981463863331 0.05851128475126263 0
3351 0.2183097069397889 0.02578599851617522 0
3352 0.2257175951113389 0.04440641380780797 0
3353 0.1975901698671571 0 0
3354 0.1975901698671571 1 0
3355 0.3451435880192927 0.08320276045324869 0
3356 0.3774729057898308 0.09955417677435369 0
3357 0.5428849609646668 0.07158619260807053 0
3358 0.5266803339477619 0.05986924492158484 0
3359 0.5104757069308571 0.04815229723509915 0
3360 0.5400570883478391 0.03695774668288283 0
3361 0.5558504164770389 0.04925822492866904 0
3362 0.5081730549230762 0.01274014900665682 0
3363 0.143223101652184 0.6487869219395574 0
3364 0.2028369312722075 0.6522245216611271 0
3365 0.1829647033722203 0.6808613460649313 0
3366 0.731791593149568 0.2313539011001875 0
3367 0.7138073483905314 0.2233392738173597 0
3368 0.7302072584247128 0.1948187978221775 0
3369 0.3190849001031094 0.1245112804019157 0
3370 0.3343290085292546 0.1374979484875709 0
3371 0.3495731169553998 0.1504846165732261 0
3372 0.3505949443608639 0.1878738284913136 0
3373 0.335301819924538 0.1749959008230295 0
3374 0.3200086954882121 0.1621179731547454 0
3375 0.3660864095018753 0.5177258851749831 0
3376 0.3103513783334935 0.4955444054910813 0
3377 0.3267821142834454 0.4670160418665589 0
3378 0.3454721669992226 0.4741687747982337 0
3379 0.3641622197149997 0.4813215077299086 0
3380 0.3563794181729046 0.4487472089275625 0
3381 0.7687758619449793 0.4547260199383961 0
3382 0.7884018698376914 0.4511288611344486 0
3383 0.8276844034207971 0.4440188700901691 0
3384 0.8277302522086395 0.4713565211455341 0
3385 0.8081195753060886 0.475602938621334 0
3386 0.7688293762279024 0.483431771411392 0
3387 0 0.8149269044556312 0
3388 0.9963202922538825 0.8390944210418286 0
3389 0.9900179867041556 0.8402957012766922 0
3390 0.9852511785604356 0.8360015576407903 0
3391 0.9857902036196993 0.8296084690734171 0
3392 1 0.8149269044556312 0
3393 0.5294491700106159 0 0
3394 0.5459336136866361 0 0
3395 0.5624180573626563 0 0
3396 0.5789025010386766 0 0
3397 0.531469340370148 0.01640213435439497 0
3398 0.5412767174409686 0.9928124081335079 0
3399 0.5789025010386766 1 0
3400 0.5624180573626563 1 0
3401 0.5459336136866361 1 0
3402 0.5294491700106159 1 0
3403 0.5758620903436173 0.7327248703353724 0
3404 0.09709294199277359 0 0
3405 0.1041640018055511 0.03321040510144193 0
3406 0.09709294199277363 1 0
3407 0.9670613024292165 1 0
3408 0.9670613024292165 0 0
3409 0 0.8699609362892469 0
3410 1 0.8699609362892469 0
3411 0.9857785964460956 0.8884161213508877 0
3412 0.9763160363185014 0.877687979671923 0
3413 0.9796240702056571 0.8637707249191459 0
3414 0.1570118815215092 0.7707537132289207 0
3415 0.1216467392488442 0.8280354222286348 0
3416 0.77854207537359 0.9744373588331697 0
3417 0.7946786221011061 0.9700846758761807 0
3418 0.8108151688286221 0.9657319929191918 0
3419 0.7260596301757299 0.990933146295546 0
3420 0.7828259292199512 1 0
3421 0.7665099699260957 1 0
3422 0.75019401063224 1 0
3423 0.7338780513383845 1 0
3424 0.7861659633186465 0.0046567825627834 0
3425 0.7731900381234862 0.009313565125566784 0
3426 0.7338780513383845 0 0
3427 0.75019401063224 0 0
3428 0.7665099699260957 0 0
3429 0.7828259292199512 0 0
3430 0.7339020620742553 0.02327722846585724 0
3431 0.7194426549846542 0.01605361442748617 0
3432 0.2227529178808602 0.7148697986309086 0
3433 0.2311648131556689 0.7044291424051122 0
3434 0.2464787963589188 0.6865266540811866 0
3435 0.2566868403058399 0.7039019524217481 0
3436 0.2467409610725261 0.7210881322105592 0
3437 0.7045824538889325 0.7746407737412198 0
3438 0.7238018011161288 0.7801341634020957 0
3439 0.7430211483433251 0.7856275530629716 0
3440 0.7450846061021674 0.8215012190946228 0
3441 0.725845525523125 0.8160007557010981 0
3442 0.04935255328420579 0.495815430412285 0
3443 0.0384169168556366 0.5053581481866326 0
3444 0.01401100608535692 0.479861928650345 0
3445 0.9395994079137073 0.1114697414809213 0
3446 0.9164412740120302 0.1297515451996305 0
3447 0.8838352882522953 0.1511966466545713 0
3448 0.1392676873223305 0.7275898793945781 0
3449 0.121626905628862 0.7184173156460605 0
3450 0.1171102792474654 0.6863406053080554 0
3451 0.1727549110842722 0.7090735544521968 0
3452 0.01438669032639083 0.7622851917472604 0
3453 0.5547765675787671 0.8289101045515207 0
3454 0.5634036328348724 0.8108665902745354 0
3455 0.5909225188920965 0.8267472713808408 0
3456 0.5738508626602916 0.8629368508776908 0
3457 0.5652011876723176 0.8809718659544942 0
3458 0.9334540884116282 0.5337719330656733 0
3459 0.9674705412091754 0.5030406055774617 0
3460 0.971501091799005 0.5336213205669067 0
3461 0 0.2352181618547577 0
3462 0.01016340865609459 0.24134484095152 0
3463 0.009655577999366335 0.224049133847869 0
3464 1 0.2352181618547577 0
3465 0.06897113478644962 0.01354561834579872 0
3466 0.0470807143539857 0 0
3467 0.04780559153223644 0.02194294389863003 0
3468 0.04708071435398575 1 0
3469 0 0.388902714219607 0
3470 1 0.388902714219607 0
3471 0.9613583003201082 0.4910497991542509 0
3472 0.9460255519634194 0.5031387919958913 0
3473 0.379295448647541 0.9195292337752637 0
3474 0.3975805000593207 0.9272996498055176 0
3475 0.4008047257102278 0.9614356166265456 0
3476 0.3631008494331206 0.947823617250231 0
3477 0.3444437340102867 0.9405502250358705 0
3478 1 0.559256432842298 0
3479 0 0.559256432842298 0
3480 0.5665520955888559 0.97103066294272 0
3481 0.549071199465189 0.9613112311696062 0
3482 0.5815310582362054 0.9450626326886543 0
3483 0.5989454832018458 0.954897540968768 0
3484 0.6163599081674863 0.9647324492488818 0
3485 0.3030874812485682 0.888206676710493 0
3486 0.2749210694135965 0.899083702407531 0
3487 0.2906076270477 0.8665622501859515 0
3488 0.3081260971226717 0.8571136043204032 0
3489 1 0.6034237230795733 0
3490 0.9937687959632217 0.5941824319569089 0
3491 0.9752278730601063 0.6096784100181035 0
3492 0 0.6034237230795733 0
3493 0.01374145964924683 0.6149056406612871 0
3494 0.01362618262281459 0.5907924733249245 0
3495 0.9766064296563859 0.102247573477333 0
3496 0.9723324142207851 0.1369879440857368 0
3497 0.9700192133479444 0.1518697148678124 0
3498 0.9677060124751036 0.166751485649888 0
3499 0.9479904801127559 0.1617908953891962 0
3500 0.9500203319632006 0.1419485343464287 0
3501 0.9547974413585278 0.102247573477333 0
3502 0.2672196371829513 0.9479120916588395 0
3503 0.2748370869074238 0.993630384956448 0
3504 0.3012389095938486 1 0
3505 0.3012389095938486 0 0
3506 0 0.125064065490848 0
3507 0 0.1071977704207269 0
3508 0 0.08933147535060582 0
3509 0 0.07146518028048465 0
3510 0 0.05359888521036349 0
3511 0 0.03573259014024233 0
3512 0 0.01786629507012116 0
3513 0 0.1595207795756668 0
3514 0 0.2029429562069685 0
3515 0 0.356034038938291 0
3516 0 0.3380939870642432 0
3517 0 0.3201539351901953 0
3518 0 0.3022138833161475 0
3519 0 0.2842738314420997 0
3520 0 0.2663337795680518 0
3521 0 0.417353071183435 0
3522 0 0.5258827391149369 0
3523 0 0.5091424342622852 0
3524 0 0.4924021294096337 0
3525 0 0.4756618245569819 0
3526 0 0.6974185174793868 0
3527 0 0.6774340188551558 0
3528 0 0.6574495202309248 0
3529 0 0.6374650216066939 0
3530 0 0.7784210312603741 0
3531 0 0.7599169096371868 0
3532 0 0.7414127880139996 0
3533 0 0.9811453096821876 0
3534 0 0.9622906193643752 0
3535 0 0.9434359290465627 0
3536 0 0.9245812387287503 0
3537 0 0.9057265484109379 0
3538 0.01747341239486433 1 0
3539 0.07202831900136342 1 0
3540 0.1646256570004896 1 0
3541 0.1461983879673474 1 0
3542 0.1277711189342053 1 0
3543 0.2655741947738606 1 0
3544 0.2477586010828012 1 0
3545 0.2299430073917418 1 0
3546 0.4637270757955079 1 0
3547 0.4456471951614165 1 0
3548 0.4275673145273252 1 0
3549 0.4094874338932339 1 0
3550 0.3914075532591426 1 0
3551 0.3733276726250512 1 0
3552 0.3552477919909599 1 0
3553 0.3371679113568685 1 0
3554 0.5009877438837678 1 0
3555 0.6082317978375064 1 0
3556 0.7004605790813153 1 0
3557 0.6833590661181018 1 0
3558 0.6662575531548882 1 0
3559 0.6491560401916748 1 0
3560 0.9345374343501324 1 0
3561 0.9151952135163717 1 0
3562 0.8958529926826109 1 0
3563 0.8765107718488502 1 0
3564 0.8571685510150894 1 0
3565 0.8378263301813286 1 0
3566 0.8184841093475677 1 0
3567 1 0.9057265484109379 0
3568 1 0.9245812387287503 0
3569 1 0.9434359290465627 0
3570 1 0.9622906193643752 0
3571 1 0.9811453096821876 0
3572 1 0.7414127880139996 0
3573 1 0.7599169096371868 0
3574 1 0.7784210312603741 0
3575 1 0.6374650216066939 0
3576 1 0.6574495202309248 0
3577 1 0.6774340188551558 0
3578 1 0.6974185174793868 0
3579 1 0.4756618245569819 0
3580 1 0.4924021294096337 0
3581 1 0.5091424342622852 0
3582 1 0.5258827391149369 0
3583 1 0.417353071183435 0
3584 1 0.2663337795680518 0
3585 1 0.2842738314420997 0
3586 1 0.3022138833161475 0
3587 1 0.3201539351901953 0
3588 1 0.3380939870642432 0
3589 1 0.356034038938291 0
3590 1 0.2029429562069685 0
3591 1 0.1595207795756668 0
3592 1 0.01786629507012116 0
3593 1 0.03573259014024233 0
3594 1 0.05359888521036349 0
3595 1 0.07146518028048465 0
3596 1 0.08933147535060582 0
3597 1 0.1071977704207269 0
3598 1 0.125064065490848 0
3599 0.8184841093475677 0 0
3600 0.8378263301813286 0 0
3601 0.8571685510150894 0 0
3602 0.8765107718488502 0 0
3603 0.8958529926826109 0 0
3604 0.9151952135163717 0 0
3605 0.9345374343501324 0 0
3606 0.6491560401916748 0 0
3607 0.6662575531548882 0 0
3608 0.6833590661181018 0 0
3609 0.7004605790813153 0 0
3610 0.6082317978375064 0 0
3611 0.5009877438837678 0 0
3612 0.3371679113568685 0 0
3613 0.3552477919909599 0 0
3614 0.3733276726250512 0 0
3615 0.3914075532591426 0 0
3616 0.4094874338932339 0 0
3617 0.4275673145273252 0 0
3618 0.4456471951614165 0 0
3619 0.4637270757955079 0 0
3620 0.2299430073917418 0 0
3621 0.2477586010828012 0 0
3622 0.2655741947738606 0 0
3623 0.1277711189342053 0 0
3624 0.1461983879673474 0 0
3625 0.1646256570004896 0 0
3626 0.07202831900136338 0 0
3627 0.01747341239486436 0 0
3628 0.8136543602899428 0.4078026303230374 0
3629 0.939657466009021 0.9722577451633974 0
3630 0.8126694792577986 0.3055224332777062 0
3631 0.9012223191200232 0.9071091147777782 0
3632 0.9596247368855243 0.3549645685063032 0
3633 0.5153339923582594 0.7119261522120707 0
3634 0.7630573697139593 0.3488871527285439 0
3635 0.5251662599018886 0.5943610996608422 0
3636 0.9838819698957296 0.3956344097998339 0
3637 0.7104926464730026 0.05275784758310842 0
3638 0.9092459935318944 0.4142245852244038 0
3639 0.5220809331647187 0.6583789254480781 0
3640 0.1065266344839532 0.2103806357979352 0
3641 0.673464608776802 0.8820866241261736 0
3642 0.945740600224481 0.6830407662619054 0
3643 0.2726569377910447 0.6787693371943776 0
3644 0.3397245508952157 0.7003798380363163 0
3645 0.3120464760791121 0.06025123919209141 0
3646 0.6720848346672033 0.1003614820079329 0
3647 0.7502052493653562 0.2704694030234405 0
3648 0.7431386539950562 0.4502955170454634 0
3649 0.8071619661731133 0.2249429700782195 0
3650 0.2542893474504923 0.4829929416441042 0
3651 0.483677004724287 0.9119172179264381 0
3652 0.4341531583785286 0.8830967521377063 0
3653 0.8310903969083165 0.9114732666934878 0
3654 0.8695977319513348 0.3068506595879584 0
3655 0.5367621550629332 0.4744295465570069 0
3656 0.7223680675297413 0.3826502767083518 0
3657 0.8736495492304625 0.07989334843498186 0
3658 0.5774754889957097 0.2314431443212649 0
3659 0.08177388171003885 0.5839385070373267 0
3660 0.5278199816761084 0.6105959664961145 0
3661 0.4314520388917208 0.8059287987764179 0
3662 0.8527651841895061 0.9685750304115386 0
3663 0.4862690611910234 0.3369157939104429 0
3664 0.1234342772382248 0.8976193602797392 0
3665 0.5465489478308722 0.4337879355388828 0
3666 0.4944699406945582 0.5508600527554504 0
3667 0.4974517707986261 0.4981250024363862 0
3668 0.5390954069737169 0.7369061112501001 0
3669 0.7144818587465708 0.1399277208177236 0
3670 0.471168090416074 0.4514297971518073 0
3671 0.7965085969005301 0.7519776131318041 0
3672 0.8378644280829368 0.9538702328075949 0
3673 0.06457194202377858 0.08927856899508502 0
3674 0.8384372233199895 0.7187695533139969 0
3675 0.9255037679275329 0.8994874133901551 0
3676 0.1246166472008107 0.9642338139594905 0
3677 0.4163235109805147 0.7214701085346754 0
3678 0.7715942606817363 0.7288673195917671 0
3679 0.6260015941490413 0.9242948597915319 0
3680 0.2583761528942796 0.7602471812641048 0
3681 0.8338157209151614 0.08237240208413138 0
3682 0.8450622113339117 0.6733914682605874 0
3683 0.1195061413196504 0.8751079482341768 0
3684 0.8160968826489553 0.5129511533464548 0
3685 0.6555476641920266 0.0838455871094157 0
3686 0.08626883656729201 0.9250784378567445 0
3687 0.1872167102956477 0.867491180288791 0
3688 0.522860436612453 0.5721872227730517 0
3689 0.13920502628411 0.5382577631447201 0
3690 0.701341523037148 0.442577065056229 0
3691 0.4490033301580649 0.9488054401117163 0
3692 0.2253570541872945 0.3951643757932461 0
3693 0.3289626823839495 0.2624517850318847 0
3694 0.4875483454979694 0.6262251388436713 0
3695 0.9500432975471306 0.4485789644922545 0
3696 0.4649465292569788 0.01628246208388173 0
3697 0.6336614486888406 0.7790053028097264 0
3698 0.5441366482834339 0.4979304722905608 0
3699 0.6359112427847289 0.8611676328759699 0
3700 0.7778948133819186 0.2432405135130187 0
3701 0.8557147331686683 0.736759468973571 0
3702 0.07404461090621339 0.7848742341045953 0
3703 0.1670167588248788 0.612864333972392 0
3704 0.139840610471069 0.6233006499154453 0
3705 0.8136217169329493 0.7896985661992939 0
3706 0.4675979024304743 0.4176681152364211 0
3707 0.6075554820429137 0.08394811130429408 0
3708 0.6375030324377746 0.04381575553431033 0
3709 0.9528355430315778 0.9687127319443041 0
3710 0.8448905898632011 0.2084596376245957 0
3711 0.6449282538126052 0.9506486989871575 0
3712 0.1330484740360275 0.1031700811127706 0
3713 0.7024059200470507 0.6274207990855387 0
3714 0.7878965896708158 0.3131314540387418 0
3715 0.8854292170073993 0.06063908929871242 0
3716 0.1413865768212462 0.3025140045589882 0
3717 0.7023717511249453 0.6035112725777199 0
3718 0.1654335343674496 0.9034718001511866 0
3719 0.9446434898786024 0.8372053709654522 0
3720 0.5440664787256289 0.6732776406225754 0
3721 0.9015076837341666 0.2680439055744346 0
3722 0.5071476980687573 0.8283960409750761 0
3723 0.08844772656309841 0.848864914494962 0
3724 0.7522167204683694 0.8614128262929335 0
3725 0.8642884921002845 0.8864645730993883 0
3726 0.03565602073889229 0.8584501123940886 0
3727 0.2107132562974839 0.4591706493039159 0
3728 0.4178565419028041 0.05896861426459238 0
3729 0.214308142016254 0.4909219440771117 0
3730 0.7123246361621179 0.4729489891990515 0
3731 0.0197292390792565 0.03368327754223821 0
3732 0.3301960344093396 0.2785166130034001 0
3733 0.7483281474393277 0.9302182136553607 0
3734 0.461754162176978 0.743188466272158 0
3735 0.5325341477653376 0.2730727298353322 0
3736 0.2976460277685651 0.02038912915147595 0
3737 0.02094042936543827 0.9316948552555214 0
3738 0.5591223376364209 0.2540717195001942 0
3739 0.7921077495220474 0.05752890146231426 0
3740 0.8509840280280374 0.1003442469394089 0
3741 0.4604221869394652 0.78371316884596 0
3742 0.600046152859803 0.4526762818636199 0
3743 0.4814209356260835 0.2994016401398343 0
3744 0.06724711702774905 0.6120511496576551 0
3745 0.2755481930137385 0.1455818673986419 0
3746 0.301449176092795 0.6495615025568409 0
3747 0.4743252501142236 0.07388413825155532 0
3748 0.1908839897545143 0.9206373015553418 0
3749 0.06982112867188117 0.9560597090876704 0
3750 0.8760467766644343 0.2472326027859822 0
3751 0.8221247294535139 0.4000395955258371 0
3752 0.317046443822726 0.3021680902275892 0
3753 0.4536289456396176 0.5236905929973444 0
3754 0.5795483396688946 0.4069775289240483 0
3755 0.495031966850522 0.7229884848271382 0
3756 0.4824251335350526 0.6009948724978625 0
3757 0.971711586638091 0.3522534203215844 0
3758 0.07008072817955213 0.1005430451866469 0
3759 0.3653826028700501 0.7929703285265151 0
3760 0.5275877366505278 0.5131747956079687 0
3761 0.09105927176122275 0.292897927848762 0
3762 0.9245916372960822 0.3515659545537331 0
3763 0.5794220929511986 0.08597848731909824 0
3764 0.04100610999167276 0.5594509625064953 0
3765 0.153580536723102 0.5520318859953178 0
3766 0.2466959189733881 0.516238145364038 0
3767 0.04216679040434346 0.06840278004650269 0
3768 0.3501897212645869 0.5803772839649994 0
3769 0.5921703237423035 0.2620379991703624 0
3770 0.7254858310636639 0.07273953676386691 0
3771 0.3978537866222361 0.05401427508876216 0
3772 0.1956905955949179 0.863282231539962 0
3773 0.4543354972531923 0.8627271931207252 0
3774 0.6219322359407961 0.5202462127886784 0
3775 0.5064901368839547 0.7236049323041596 0
3776 0.514458327279965 0.3205304012143788 0
3777 0.1193347241755681 0.255984687753454 0
3778 0.5047443727371008 0.9399973599065036 0
3779 0.7197169544532935 0.5028164594362945 0
3780 0.1678160197810202 0.3321347377731069 0
3781 0.3314268563431608 0.434608642811754 0
3782 0.6338733375753437 0.6668611168541478 0
3783 0.2474965682912533 0.3154568359095808 0
3784 0.1159093857664489 0.5052889071977569 0
3785 0.6193608101311427 0.2210704755026306 0
3786 0.6730045885705741 0.1303213263673957 0
3787 0.08887116763498804 0.4918774957269917 0
3788 0.09792549940461803 0.7528222960918044 0
3789 0.3708518091923775 0.4639192198031404 0
3790 0.3808110992938251 0.3851103904502382 0
3791 0.645153309844777 0.6422687997912232 0
3792 0.2027531105588654 0.3506655349015154 0
3793 0.3686853293242109 0.8676485120412017 0
3794 0.2857631463804683 0.8461861880973013 0
3795 0.1022470622896534 0.1024981638107785 0
3796 0.2902578703412803 0.6991104323374706 0
3797 0.05736475132470209 0.9887631131907947 0
3798 0.3144433404244336 0.6083244509746989 0
3799 0.7182749978667784 0.4592079376619616 0
3800 0.7297500661420764 0.7497812074818339 0
3801 0.745489330782551 0.8530100603522038 0
3802 0.8300656097086991 0.3238682033302387 0
3803 0.9793797435019392 0.265149637165907 0
3804 0.9037823323925795 0.4694723496286708 0
3805 0.4906910062639625 0.4101410553173214 0
3806 0.9094757077399089 0.05112404003332682 0
3807 0.3578218768765123 0.8303303856447397 0
3808 0.7953843833844533 0.3590504365785944 0
3809 0.6505066377257558 0.8479647520927286 0
3810 0.6643607401816346 0.4797951864260492 0
3811 0.912577067595455 0.3669651405474397 0
3812 0.1040290533562824 0.489062753567198 0
3813 0.9118166823903666 0.2951430201240452 0
3814 0.3250875555518823 0.5394545491298719 0
3815 0.5005750392329845 0.4470054461104385 0
3816 0.2527911996243798 0.9050565749622332 0
3817 0.5233470978159548 0.7337194994721572 0
3818 0.3871204515879443 0.2746337957424941 0
3819 0.6729135344735686 0.2816737741797447 0
3820 0.07388100998952113 0.05272566161569814 0
3821 0.5419060881745392 0.7891093349906232 0
3822 0.3868968016436147 0.2461948220520407 0
3823 0.4652547051649856 0.8136304431636399 0
3824 0.9314831623898138 0.8742657669645582 0
3825 0.5284746605072453 0.4648509650514147 0
3826 0.6055766095918391 0.3623050885340043 0
3827 0.7334798000955193 0.1667639962709677 0
3828 0.05487904365151181 0.8497917346099164 0
3829 0.212909003200232 0.8834653756320439 0
3830 0.9041056656532793 0.776617063099559 0
3831 0.3187730271474796 0.01340038142341204 0
3832 0.4857823754017667 0.9540809645994586 0
3833 0.9724598142428973 0.1856571923516284 0
3834 0.1503281850388338 0.08546987836374059 0
3835 0.1829410819662503 0.9551124451014921 0
3836 0.2754829240330643 0.1298106799952858 0
3837 0.7901131499263265 0.5346904047701431 0
3838 0.4403913821622336 0.03943718191259848 0
3839 0.310146720576121 0.9657977732808312 0
3840 0.514860667700362 0.2103328412563523 0
3841 0.1114671014207881 0.2253069848227157 0
3842 0.4682236689274766 0.896287757409034 0
3843 0.008641157540440925 0.2592445964708965 0
3844 0.7663445023391204 0.9097581568199208 0
3845 0.8144373064850408 0.1596526482997175 0
3846 0.9419843964301672 0.3356663907402014 0
3847 0.08932899970812891 0.6714393064150718 0
3848 0.6325762717808205 0.7202363494623079 0
3849 0.6151454917239193 0.6851507306617682 0
3850 0.4285580939011715 0.1358464563935937 0
3851 0.02292645842237279 0.5399437072871948 0
3852 0.2510070211518289 0.6764718830717733 0
3853 0.1765077809417748 0.4666328303944344 0
3854 0.4128500967140978 0.5485892786687968 0
3855 0.1952313489131883 0.4809033066720302 0
3856 0.9239373602428748 0.05113600929997564 0
3857 0.8043500513337114 0.6678828292405523 0
3858 0.4013166386226371 0.6721995255618244 0
3859 0.7291762819218943 0.8526987093957218 0
3860 0.07685029680971239 0.185136551728718 0
3861 0.8778108869948809 0.1813057123028806 0
3862 0.6074239572034812 0.7007630854231193 0
3863 0.4071580660903863 0.3999446883946919 0
3864 0.3973412523040942 0.8800031780224798 0
3865 0.764556212760218 0.6505188940597706 0
3866 0.4147506619581985 0.2950736024064872 0
3867 0.2330777892690686 0.4412563332425128 0
3868 0.1775170419795465 0.01999477589393178 0
3869 0.7752281262298474 0.4379729362311702 0
3870 0.06134013191951287 0.7647085722097766 0
3871 0.3125553853135126 0.584053060079578 0
3872 0.8711875475161663 0.6898431880598312 0
3873 0.6614121761327074 0.5297883644222193 0
3874 0.9441289238006796 0.6444299016818194 0
3875 0.5588531998568761 0.397119072911178 0
3876 0.9697750076875427 0.7880373291236282 0
3877 0.4524211618193235 0.4870531374753367 0
3878 0.4808763578147001 0.1043619757223185 0
3879 0.7452899779523787 0.9722301918238637 0
3880 0.3104093247372427 0.7187976509643684 0
3881 0.6278508251850868 0.008491343512754213 0
3882 0.6635174104722761 0.2557417126222358 0
3883 0.06984393172360137 0.4726782388385418 0
3884 0.6466401981639915 0.2099915180693706 0
3885 0.1837112243685251 0.4947831518438361 0
3886 0.3544412307570577 0.4377409933734555 0
3887 0.3200489935788515 0.21439197980727 0
3888 0.9782288929860355 0.832218531274505 0
3889 0.8466507442435094 0.01590035316958177 0
3890 0.4712570856028272 0.3224362979800461 0
3891 0.8286900170144846 0.8121032243115082 0
3892 0.07486497523634594 0.8827306575615057 0
3893 0.6021279960412179 0.7690597662441863 0
3894 0.9093828755780993 0.44497276955819 0
3895 0.9103992511587364 0.8029716817857142 0
3896 0.4834385351847058 0.536690367470921 0
3897 0.4876235999315222 0.683439536389827 0
3898 0.3657701186776431 0.6911283285321164 0
3899 0.5174674878883891 0.1777757969979665 0
3900 0.9234615871112282 0.8313345172490889 0
3901 0.8882312516090203 0.3862017002278156 0
3902 0.4470979447003464 0.8392809203756384 0
3903 0.6935863957036803 0.01593002414119432 0
3904 0.5883945092375058 0.3958957320030654 0
3905 0.2339978646723297 0.9668220245770982 0
3906 0.9435071262517609 0.06756087205803651 0
3907 0.9714197225498408 0.3061147770254272 0
3908 0.7456475873801975 0.7055925686891018 0
3909 0.5752790244520382 0.2955399661437366 0
3910 0.7137363092042929 0.8713605207148276 0
3911 0.02400615235518599 0.8481145115190549 0
3912 0.08857063258509601 0.0375653309780416 0
3913 0.6536768996179585 0.7474365594298933 0
3914 0.3803245550894511 0.4111307672743127 0
3915 0.3592643177686278 0.2744099027791237 0
3916 0.2638692161701464 0.5754676065534066 0
3917 0.1273238827190843 0.3421074805429319 0
3918 0.044310222765648 0.05464554098948587 0
3919 0.6613134346134005 0.9329020195726743 0
3920 0.4746488739716589 0.8778574024976131 0
3921 0.8513203020222455 0.3356356526514429 0
3922 0.97425297368599 0.4420201639485002 0
3923 0.5271165298566041 0.548688206198488 0
3924 0.5891725228601077 0.5232989276685579 0
3925 0.2861793422442881 0.05047939114108463 0
3926 0.6483568748968912 0.6184414656741005 0
3927 0.7418001037566998 0.3673170398693991 0
3928 0.1043681337965726 0.5351573747025534 0
3929 0.04748720141692675 0.64377149728229 0
3930 0.8468239450673001 0.3577044101475713 0
3931 0.646198226211671 0.9019489973880344 0
3932 0.1378415661544122 0.4925795399713773 0
3933 0.314761323430812 0.9367065274391178 0
3934 0.1302452953327322 0.8531427145962782 0
3935 0.4291495984674886 0.7745041667387134 0
3936 0.819899591096398 0.3656346683608378 0
3937 0.124687351979609 0.9305024984753494 0
3938 0.06582292720936367 0.8375389603924248 0
3939 0.867607374249237 0.7460920065121912 0
3940 0.9844602921073338 0.6684851452504585 0
3941 0.9365342680503548 0.02859388019977915 0
3942 0.2838571060667658 0.4576987300165271 0
3943 0.479645079297345 0.4386479982739595 0
3944 0.5116248926765363 0.9188333542315728 0
3945 0.3330470457772156 0.1998793987244021 0
3946 0.02576344878622805 0.8977979023264751 0
3947 0.7054913501483663 0.9219795004079951 0
3948 0.4356367391785765 0.1986093784255999 0
3949 0.8504560385301883 0.8867102368417072 0
3950 0.2567419602953405 0.5437860686513674 0
3951 0.1991071978741097 0.8370456865200879 0
3952 0.4850591511127067 0.6609613296611319 0
3953 0.7760020706371107 0.3368175189356896 0
3954 0.3881185957127492 0.7865177990838487 0
3955 0.1776756108271002 0.00849985305052553 0
3956 0.1714384235587446 0.586394561765275 0
3957 0.4595145168046279 0.8224524306013162 0
3958 0.5074441272127591 0.2845765655975708 0
3959 0.4528990059374038 0.3863547173895585 0
3960 0.970106109014928 0.8952013669966483 0
3961 0.5879313442713003 0.4768753890120111 0
3962 0.07814221860696663 0.6052548670695731 0
3963 0.3462559418117907 0.5513702130932586 0
3964 0.142675575610843 0.911527297367135 0
3965 0.2727287760967369 0.0197235115247314 0
3966 0.7817478314046331 0.6851040583771365 0
3967 0.7966868179154977 0.01356587213800708 0
3968 0.7062892974171378 0.4027788407987078 0
3969 0.7868361025113458 0.8540223670993299 0
3970 0.9060915763111527 0.9833515276435794 0
3971 0.939986817433323 0.9573578272545522 0
3972 0.8543789071742336 0.6672548929493506 0
3973 0.6898732901266724 0.436561204357981 0
3974 0.6550558700888387 0.8169563613120641 0
3975 0.155968069294828 0.9750170429539337 0
3976 0.4336193994572022 0.06280835359479853 0
3977 0.6038598656592933 0.1819141751119841 0
3978 0.3639170507607059 0.01566335489954157 0
3979 0.6225001866480815 0.3524001819903886 0
3980 0.7272117630736297 0.1464093487004595 0
3981 0.9780140808674578 0.05704297344806525 0
3982 0.3842132603477421 0.7099110305123701 0
3983 0.4560666497495798 0.8531031452910451 0
3984 0.6023081683834161 0.1916999123600744 0
3985 0.1036338818131494 0.9901060583394351 0
3986 0.1983024831638155 0.9002602538517048 0
3987 0.4944116500633769 0.5612757785921196 0
3988 0.4275226381118792 0.9259369567011939 0
3989 0.7977820533259057 0.08532027963612443 0
3990 0.7983648385319215 0.6418919977518216 0
3991 0.31462761309607 0.4452670173473698 0
3992 0.4437618082926372 0.9711284172351031 0
3993 0.5054059337562579 0.4739382763358359 0
3994 0.1962061554130807 0.2080688360042593 0
3995 0.8292859347367978 0.6267442753883797 0
3996 0.8892698735547022 0.4645239256771611 0
3997 0.2699114911880275 0.1037758016922473 0
3998 0.8660089655945071 0.5328352597053536 0
3999 0.08286685370859587 0.06394834117296144 0
4000 0.8462499484090042 0.8213979569959945 0
4001 0.5301155572285648 0.6393043848312574 0
4002 0.316816008596267 0.6259574564582563 0
4003 0.2629969674393224 0.7752281682435225 0
4004 0.06365362224878435 0.2265870710551244 0
4005 0.6124172971130364 0.245639776788034 0
4006 0.5815920596892331 0.04079241410753864 0
4007 0.16476349172265 0.1019044479593771 0
4008 0.9405812098611637 0.3239339594614407 0
4009 0.6903528308253754 0.8224270127087403 0
4010 0.9225679128755371 0.1977737580627974 0
4011 0.6680187198471987 0.5047875387878256 0
4012 0.9732184328863431 0.8046404861856982 0
4013 0.6156408002542654 0.8574304713301472 0
4014 0.7411916899768558 0.3562188750298944 0
4015 0.05652729456744027 0.5589155885005866 0
4016 0.8199158111690286 0.1416431725481116 0
4017 0.03838279615888412 0.3035079375091642 0
4018 0.7849338927608994 0.3233379005802177 0
4019 0.5717324057444791 0.7150928291530672 0
4020 0.4643896008592766 0.07704297274498029 0
4021 0.3244321557010812 0.2470113968701533 0
4022 0.3999638228983574 0.7933335094561538 0
4023 0.5197936915412407 0.2337763490601343 0
4024 0.0227956214477254 0.3081890665288906 0
4025 0.5133354257951576 0.4532838087763254 0
4026 0.2900368864076997 0.1964672490414712 0
4027 0.8510896681184874 0.200082018893993 0
4028 0.557554049991151 0.537586216350121 0
4029 0.412097927597465 0.3319977445939157 0
4030 0.03827779938114251 0.04515758297407868 0
4031 0.6546406224187857 0.4752001133871243 0
4032 0.3792506210180833 0.2677816723525282 0
4033 0.6423416099171868 0.08340084765151023 0
4034 0.7771949652555257 0.952304857757428 0
4035 0.4798814677698851 0.9763690102259909 0
4036 0.9193618119421778 0.6484099182132188 0
4037 0.6768148191273158 0.4339677187570031 0
4038 0.7394454848718213 0.5033223533477341 0
4039 0.7300031218987506 0.6016895198021747 0
4040 0.5533625638061612 0.2888191721637032 0
4041 0.5022423220797438 0.6875428092480854 0
4042 0.7551075008101753 0.6963463165557406 0
4043 0.7645711188408725 0.6301350791508166 0
4044 0.6035151207435276 0.7851650429006909 0
4045 0.1010081258044243 0.5636751120163777 0
4046 0.9907493312432294 0.1718186080077387 0
4047 0.415094982830071 0.7802629977094948 0
4048 0.1122747981680635 0.4509597326002019 0
4049 0.371319267714552 0.8555657694087562 0
4050 0.3783625045596253 0.2113051035084919 0
4051 0.7716899118056909 0.6933128448335519 0
4052 0.142569615515364 0.575120475008869 0
4053 0.2399844848630253 0.9193172089857023 0
4054 0.9564248557920083 0.0596051557427732 0
4055 0.1965328277426597 0.9540344962860718 0
4056 0.8129511226437898 0.7048356075782218 0
4057 0.9898357417710992 0.4065684140653303 0
4058 0.9836713592042861 0.9340085838876566 0
4059 0.09178294202266735 0.2296596891396894 0
4060 0.4229112212506237 0.5632275101727865 0
4061 0.8177913906344989 0.8087533911876246 0
4062 0.7923590566174001 0.1112286724378801 0
4063 0.8147495668901636 0.7709983104055057 0
4064 0.1953471592869779 0.3817855073818757 0
4065 0.6049755498197212 0.3725318162512952 0
4066 0.3441089351106494 0.6505048361685966 0
4067 0.6371616406498298 0.3924943451966436 0
4068 0.8170058242486642 0.4188596895320785 0
4069 0.2507014577703405 0.9274578498379384 0
4070 0.3037847658515689 0.5222406513661335 0
4071 0.2428225830784341 0.05284763616255217 0
4072 0.6294327122432198 0.4338994213897439 0
4073 0.1620258180934728 0.9315304548605876 0
4074 0.6334705375105121 0.4510718131437966 0
4075 0.6475856666211777 0.2793103386578891 0
4076 0.7508462667543634 0.2574100825957844 0
4077 0.3919686803770286 0.975328202397578 0
4078 0.9513331324907204 0.7827153225631384 0
4079 0.6437468435958853 0.2655790865087769 0
4080 0.9338999492996566 0.0589486749735092 0
4081 0.7152682385843824 0.03357264809264249 0
4082 0.7448749993330057 0.1248955956758876 0
4083 0.5122749730219758 0.7992708452042563 0
4084 0.6831318638546511 0.2383614646755317 0
4085 0.5203779315701503 0.3510798357640367 0
4086 0.208677360097483 0.9607573268666446 0
4087 0.4488679482301433 0.2012775519010698 0
4088 0.9126395435393871 0.2630364028567331 0
4089 0.2340749826980745 0.9090191968082479 0
4090 0.9342521258175568 0.2629263887714836 0
4091 0.02738217967688927 0.5907230516979074 0
4092 0.5149474297432404 0.8405232892686804 0
4093 0.6537294834349496 0.9276385958940435 0
4094 0.6561762302620568 0.1725721154625929 0
4095 0.2592184340624583 0.2859101798821938 0
4096 0.3460992392995093 0.2965498108872631 0
4097 0.4814387146128376 0.3871760540599278 0
4098 0.6426053986569852 0.5452003419403351 0
4099 0.8785022531702182 0.5131658123094185 0
4100 0.115275390994483 0.7631096110617857 0
4101 0.9324442607839636 0.590079683195578 0
4102 0.7501479168997607 0.09671846290922304 0
4103 0.8894685004993087 0.7312834816139857 0
4104 0.9816501456636095 0.5943877608484437 0
4105 0.1371343055162359 0.2892977388470738 0
4106 0.2161789202053516 0.8555234013952697 0
4107 0.7265250059402117 0.9547276247232654 0
4108 0.5275428192222882 0.5820655145024497 0
4109 0.2909599385275148 0.6043499080743808 0
4110 0.7645243875275995 0.106348435308851 0
4111 0.6430750929538739 0.79032554325799 0
4112 0.2447184192620789 0.4980625473088682 0
4113 0.4422205989232785 0.153248383655169 0
4114 0.7387645812503387 0.6237966868948803 0
4115 0.274612621597677 0.3122618814654796 0
4116 0.5209574301569478 0.9112892830317911 0
4117 0.4773257058542447 0.6490664512760286 0
4118 0.3218497073818421 0.3356304776100913 0
4119 0.1996917372428696 0.7142796299062413 0
4120 0.8819745478765044 0.8846805141798607 0
4121 0.9901490494955665 0.85124965983524 0
4122 0.3472249602579557 0.06397850985253928 0
4123 0.07771096183251336 0.4938240420174233 0
4124 0.4826596452708901 0.431958250682601 0
4125 0.2256304409898403 0.9539066956305202 0
4126 0.2653711559160541 0.6707870352262699 0
4127 0.1345948885553762 0.4050411271547251 0
4128 0.2679904893493014 0.8465335578100338 0
4129 0.5170427272816066 0.2823206421132225 0
4130 0.397083400598232 0.5638299734025171 0
4131 0.9472558114956492 0.7017360836569745 0
4132 0.9587272546054076 0.1980778956890854 0
4133 0.3372937076812396 0.7271565118885768 0
4134 0.3822218158200913 0.1217100277758516 0
4135 0.3315708308867988 0.9783187102043445 0
4136 0.9123478690326916 0.8311383892361313 0
4137 0.9883000081321052 0.3701831836847804 0
4138 0.03060323170414775 0.6140169537562186 0
4139 0.2817857622424106 0.7688987647383012 0
4140 0.1619356535420569 0.486175869388582 0
4141 0.2116712560412826 0.5891985564688849 0
4142 0.617048696841438 0.09074557959166596 0
4143 0.9754353349927212 0.7041010946024937 0
4144 0.3253777620044774 0.2061848466885199 0
4145 0.5736832878554949 0.6716682026287114 0
4146 0.9315504928309324 0.2505012133432519 0
4147 0.5378131842030434 0.6185020908383145 0
4148 0.7694762895938332 0.02100941257094202 0
4149 0.03487067370467672 0.2690919288622345 0
4150 0.6577067966732815 0.01481034466929165 0
4151 0.7573882369561287 0.7717298049505036 0
4152 0.8868614167003595 0.01615289323299451 0
4153 0.7206310673381537 0.9455145302018816 0
4154 0.1025211824932822 0.3288565912152396 0
4155 0.3449868487655097 0.8282107858978947 0
4156 0.263182056362758 0.2609369629330766 0
4157 0.4779910169665371 0.03840450842154164 0
4158 0.8681820526394681 0.3574112881494258 0
4159 0.2416602924355477 0.6623314865658785 0
4160 0.5277310550030078 0.08028497484133401 0
4161 0.2330637998745266 0.2902562732491304 0
4162 0.8095846210509587 0.8577732542353319 0
4163 0.1923933173362284 0.07545141403916111 0
4164 0.912143341492562 0.1908842654025272 0
4165 0.6180262558826639 0.6325346370421463 0
4166 0.1294091892133975 0.1477869020559006 0
4167 0.714531278843143 0.9294597024528447 0
4168 0.1418548787692208 0.2744987940000354 0
4169 0.9138844257925607 0.3206419705878721 0
4170 0.4069474230867234 0.240470491440373 0
4171 0.3298440005852702 0.07377096417766132 0
4172 0.5862760970109947 0.2903085090257088 0
4173 0.5080934900197569 0.1112774828492031 0
4174 0.1528417064236125 0.3544610323664905 0
4175 0.01092798917899102 0.8396625485255793 0
4176 0.3272064006062466 0.4223924792532922 0
4177 0.02848790361767722 0.5302670854718258 0
4178 0.9424677254035225 0.1937413248041941 0
4179 0.9897809992346487 0.428235268130703 0
4180 0.1264903148110808 0.5618746208532647 0
4181 0.1134650020069488 0.40306012388968 0
4182 0.1077507985176806 0.7521483484405478 0
4183 0.5935373905871095 0.3859724707832645 0
4184 0.5737024837007664 0.2444814695820269 0
4185 0.1374022780506556 0.600749199344486 0
4186 0.1639406260593962 0.6316028124959131 0
4187 0.7455846252719273 0.02727473171382988 0
4188 0.4868580833491677 0.9855079693274891 0
4189 0.1901800978861172 0.8343866715140587 0
4190 0.364441147469167 0.428249599215845 0
4191 0.2945794156342815 0.5296136823464561 0
4192 0.9681556429156285 0.05897224371103804 0
4193 0.02810555098340184 0.6556721638138416 0
4194 0.7569755614250337 0.1796791880576161 0
4195 0.9647270514172299 0.8640896309337872 0
4196 0.8426605337369708 0.6298148223833075 0
4197 0.3855193028396861 0.2352448364967604 0
4198 0.7004172086582963 0.3459203803045606 0
4199 0.5609457024780335 0.907298033515655 0
4200 0.9279463834734681 0.7899601570138985 0
4201 0.5056617589485437 0.5338532565911003 0
4202 0.6616471119471274 0.7557867705554524 0
4203 0.06348407148842472 0.3090349336101046 0
4204 0.2395116073753355 0.5846625786696193 0
4205 0.8385469587892236 0.3632155449631983 0
4206 0.9657385331681305 0.2810500024916037 0
4207 0.8179190200158986 0.6276205064737826 0
4208 0.8260419096453664 0.929258836397181 0
4209 0.5351428194802472 0.2536748280366746 0
4210 0.1734451731083145 0.8300455982251732 0
4211 0.3954820551703543 0.1964514446350406 0
4212 0.09777109285620089 0.65855125342444 0
4213 0.2196774395199192 0.5361031628356758 0
4214 0.3682550202779711 0.2699044845752318 0
4215 0.8005118775528947 0.1004490580373226 0
4216 0.1267375632461156 0.6098073837179659 0
4217 0.2705616973395724 0.7373154568729433 0
4218 0.510363813385961 0.3020875456810216 0
4219 0.760506730237703 0.90370524976592 0
4220 0.634233422995313 0.9589342386157202 0
4221 0.6013689571468602 0.3497412039345963 0
4222 0.691862296767332 0.9346458641994881 0
4223 0.3113802240019003 0.9133093153722347 0
4224 0.3464292387019601 0.7892847848920271 0
4225 0.329752292847394 0.5655703172012386 0
4226 0.4039596041474815 0.727822353369888 0
4227 0.8220778703352205 0.537484040797351 0
4228 0.7647964583664362 0.8858299606372859 0
4229 0.8729280837723217 0.9015780308768251 0
4230 0.8641997128123637 0.1904021431123353 0
4231 0.3989379098122023 0.01602822234786538 0
4232 0.100402256262594 0.1321004529669642 0
4233 0.6341194221408933 0.1831461532786513 0
4234 0.9170965834972106 0.8228290983918272 0
4235 0.7917757574541933 0.7963409650314135 0
4236 0.6074878392545073 0.1104448924184427 0
4237 0.02777414230650638 0.9375889711631253 0
4238 0.1832274086321901 0.1219089421930465 0
4239 0.08020860516692324 0.6745672598601506 0
4240 0.7845375801329835 0.2297450064702517 0
4241 0.5599009546970494 0.09261311333623889 0
4242 0.8513495967544659 0.5354476856179861 0
4243 0.1677807224180276 0.8810922027967782 0
4244 0.6912451073344058 0.9000034246242142 0
4245 0.8678821895075235 0.4613752030327161 0
4246 0.2826113469043232 0.6897473337237889 0
4247 0.2046596430351135 0.600729409398411 0
4248 0.4523194631903957 0.7403109011092226 0
4249 0.9338227661997796 0.1338463084648833 0
4250 0.6843483841409996 0.7474365594298934 0
4251 0.5168452343364817 0.2002129182732456 0
4252 0.2232402268514786 0.4527987699809768 0
4253 0.1746439299329984 0.9621401372228477 0
4254 0.02598985160830231 0.2586998507687781 0
4255 0.213842653279132 0.4054462788968249 0
4256 0.5346911931025866 0.1818480192417995 0
4257 0.3107195408603647 0.1024309510794221 0
4258 0.8044877324812529 0.396917210669304 0
4259 0.746759292205319 0.6294646583040633 0
4260 0.4187374777542311 0.07492109099997402 0
4261 0.6941626083558948 0.7557836197829908 0
4262 0.9173512113444509 0.8125428406362134 0
4263 0.4889008993982686 0.7429288274329603 0
4264 0.6725763806430375 0.250119355688359 0
4265 0.6688877132911795 0.6958063373744581 0
4266 0.7680621696179024 0.8372998915763857 0
4267 0.8573290653445749 0.1764167101223068 0
4268 0.807787224438222 0.1496711350810585 0
4269 0.7754819439489039 0.1082821159943287 0
4270 0.9848200104725173 0.5843463974021447 0
4271 0.01960611343006691 0.5547260787302666 0
4272 0.6029681995551063 0.4269892158353177 0
4273 0.592794860768731 0.7770647796605918 0
4274 0.3276769116493283 0.946965879581251 0
4275 0.6060294659578546 0.8471341855366337 0
4276 0.6030570517593636 0.9289370772796173 0
4277 0.1358330326717379 0.9812319965175709 0
4278 0.8642682906809191 0.8356706524525228 0
4279 0.04059469447602465 0.0793912488233538 0
4280 0.5912771738632608 0.7054432402072193 0
4281 0.4584731096210914 0.03614985586055341 0
4282 0.7017886864258618 0.1326466135159911 0
4283 0.7135391277514292 0.1219303034716014 0
4284 0.3164490086436032 0.08109187857413469 0
4285 0.8140609812522025 0.7183668613631378 0
4286 0.9158396586559046 0.5339192386063707 0
4287 0.4214367503666234 0.9759740706663484 0
4288 0.6271188424696039 0.8871258460764471 0
4289 0.08137976698240668 0.1290962034450337 0
4290 0.4914488185253263 0.1169011944694167 0
4291 0.6991574089525748 0.4886766260073236 0
4292 0.2975224139971649 0.3167502407177568 0
4293 0.3962776593345331 0.4771778985077106 0
4294 0.9639657965136512 0.6064654500261156 0
4295 0.28424022837672 0.309255167907397 0
4296 0.2981823938448951 0.9414315846175019 0
4297 0.2692150390364566 0.5270978886863223 0
4298 0.5448920311519667 0.4219736559709533 0
4299 0.1361805538516735 0.230394667056826 0
4300 0.08109663516656046 0.9938582757650385 0
4301 0.2994584728406968 0.6855983832909374 0
4302 0.4175251172829288 0.2750965399688681 0
4303 0.3137157900064758 0.2327854182610967 0
4304 0.3004917913239388 0.203920580002088 0
4305 0.149129465427967 0.4922299677088727 0
4306 0.7107670009353166 0.6532563984037589 0
4307 0.900094839910631 0.5221593191868631 0
4308 0.5422712204062136 0.7510076641576539 0
4309 0.9860166188241747 0.1460247798252921 0
4310 0.3712227999868185 0.8190623740712312 0
4311 0.5073170338038259 0.3436082506958993 0
4312 0.3386920279385851 0.4283403965153387 0
4313 0.6800769321443813 0.7002412950115696 0
4314 0.9022037913277416 0.1831675519958844 0
4315 0.2575110531338453 0.8053667957413301 0
4316 0.8549193953851508 0.4734214076373331 0
4317 0.01405459854794799 0.09412194703644616 0
4318 0.7342860606908841 0.9816590546328894 0
4319 0.9457340950596493 0.2661442875692902 0
4320 0.8544182181960289 0.7499010319114737 0
4321 0.9750034043088694 0.4276831356946057 0
4322 0.5345806537340335 0.9159263143645211 0
4323 0.6636334250861706 0.1239316100013412 0
4324 0.9805202311277813 0.0171633912435788 0
4325 0.232187043130062 0.3721354663746532 0
4326 0.4880600257211944 0.8112468524878846 0
4327 0.2428217360828462 0.4289670951179049 0
4328 0.2473231546520182 0.4482003541746013 0
4329 0.8171066571664436 0.9531720564174612 0
4330 0.2536279804742056 0.1269616823972237 0
4331 0.1415484561636552 0.1294647683276474 0
4332 0.4270459080782089 0.7121027061200277 0
4333 0.03684211465893433 0.1650375712515869 0
4334 0.06984940389993949 0.9103709792719656 0
4335 0.2994205366945392 0.09978724132623473 0
4336 0.3727908951553612 0.4197597986869821 0
4337 0.1398049265422258 0.07698393754296368 0
4338 0.4136469269140967 0.08815418076204495 0
4339 0.3561026276593561 0.8961482924949821 0
4340 0.3866459716628678 0.2026057772627384 0
4341 0.6711915120457828 0.4209422489712416 0
4342 0.7757543278773925 0.9289904180606454 0
4343 0.1261832528972915 0.2978489742685317 0
4344 0.8817916081863403 0.7425926221596741 0
4345 0.1769817462331644 0.6053915985125574 0
4346 0.6282443369463071 0.381690770445988 0
4347 0.01053141458198581 0.308530315705918 0
4348 0.7051821199143491 0.3901303474871323 0
4349 0.2580029710996148 0.2721314148371214 0
4350 0.2280865935145007 0.6848948617977697 0
4351 0.814618680661818 0.2002851626192957 0
4352 0.7972006111964025 0.7370232501920402 0
4353 0.9778644039480688 0.6436543836998128 0
4354 0.6612664469462101 0.2089613194835762 0
4355 0.861117309979969 0.21344004533898 0
4356 0.8473378870898632 0.2270211107021172 0
4357 0.3451870511460755 0.2555075199925675 0
4358 0.316782271710122 0.8267030067027992 0
4359 0.1367465026717875 0.5147978375076042 0
4360 0.7656260757681601 0.3084250652798476 0
4361 0.7837802944694308 0.2945557438900549 0
4362 0.993303943728614 0.4881423212145348 0
4363 0.2363782474996463 0.6809021381634535 0
4364 0.4209006391798015 0.1408456991518756 0
4365 0.2841014877969065 0.7520888807602902 0
4366 0.111183588111939 0.7245326779678357 0
4367 0.1514927870109827 0.1206705545834358 0
4368 0.3660781241485332 0.8381403940640697 0
4369 0.2506073473478861 0.5515438005839347 0
4370 0.03306534713509907 0.3887058568795564 0
4371 0.03481687273788192 0.08872513124421499 0
4372 0.2276976627295003 0.9007935998756504 0
4373 0.6477694577592609 0.6666025330652805 0
4374 0.3115543470319473 0.925059827007759 0
4375 0.8092557361010672 0.1782585545765966 0
4376 0.6453068915768212 0.4654926582200747 0
4377 0.2122638188823706 0.1914766987766556 0
4378 0.7924514407225244 0.2439395463330866 0
4379 0.9242838433585908 0.9866894887918316 0
4380 0.6759849366405331 0.2425763163655383 0
4381 0.5936915731006432 0.8587261968576968 0
4382 0.5835172908861026 0.2780550929066951 0
4383 0.945334051639013 0.7089970446658033 0
4384 0.9160849560644546 0.9095072726077964 0
4385 0.904761424297277 0.9222894925353228 0
4386 0.9357758144366759 0.9123967649874966 0
4387 0.02357412417956695 0.5649909413614707 0
4388 0.7868067788596188 0.3452427881390903 0
4389 0.9792461906858924 0.382439749239063 0
4390 0.693383432690324 0.5918203495386801 0
4391 0.761571107292822 0.7184353686768779 0
4392 0.808878206038295 0.6923689381971166 0
4393 0.8245577417061519 0.6905850311200548 0
4394 0.4959435572533064 0.9231653414381538 0
4395 0.9120588031993694 0.2805242353858965 0
4396 0.9562504977799533 0.2727217590369412 0
4397 0.4460476586030047 0.5122517918437649 0
4398 0.4569309211559188 0.400390114248508 0
4399 0.7823500802004624 0.4983171944850117 0
4400 0.7853556847238488 0.5187043928626516 0
4401 0.4772520243397042 0.9629979230435946 0
4402 0.7022000849483971 0.4156949159261283 0
4403 0.7187176193713309 0.4109199413006005 0
4404 0.7609633143623196 0.8944901493915136 0
4405 0.05971438169960197 0.6233432217206868 0
4406 0.5432091632939328 0.4469488355035044 0
4407 0.5625048871518279 0.4412234723970276 0
4408 0.7659796486549707 0.2516550220124153 0
4409 0.8315010220578242 0.606193997232322 0
4410 0.07789940775698811 0.8988859663343354 0
4411 0.06747962309519984 0.8723637577942703 0
4412 0.03282145758753718 0.9095175352801481 0
4413 0.6107878321243131 0.2327991805335536 0
4414 0.4649726175073304 0.5858722033771679 0
4415 0.5993128879190793 0.5394168263617684 0
4416 0.4996687767497571 0.2070774549597056 0
4417 0.2153019585289382 0.3418033126896174 0
4418 0.05745570499630948 0.866269995514796 0
4419 0.1910964552213748 0.3561583307189365 0
4420 0.5900805374465811 0.4199363651580232 0
4421 0.1104524609455188 0.2021370812061171 0
4422 0.9409324607834921 0.08133994970392655 0
4423 0.2209033236865285 0.01397038883339347 0
4424 0.1716702355928393 0.941848674105948 0
4425 0.1183543623931002 0.9406179705050443 0
4426 0.06639541884196237 0.5922980033277994 0
4427 0.3513076054857941 0.6890942466593435 0
4428 0.333396206655386 0.6855059446297636 0
4429 0.8904466374905052 0.7722810210251738 0
4430 0.2569712121204685 0.3221379898241032 0
4431 0.5176607214729677 0.6458883167696983 0
4432 0.8292095613842596 0.2114904116454104 0
4433 0.7832956753616637 0.7407916486669771 0
4434 0.7474862961230042 0.2837795958284636 0
4435 0.9366043519407928 0.8878631876561627 0
4436 0.1524537905699894 0.02257618024357899 0
4437 0.7118251711523808 0.686897036192845 0
4438 0.7324123191391863 0.4911620553036437 0
4439 0.3235109260380943 0.5749952186089824 0
4440 0.4540813930543007 0.4752909132326533 0
4441 0.4697416698950122 0.4809993244338098 0
4442 0.8720536594588739 0.4500455969146977 0
4443 0.5066820305833902 0.8690477061039406 0
4444 0.2605860330752505 0.7837205390081763 0
4445 0.8074705955904156 0.6336529071284429 0
4446 0.7986134025511631 0.6564369304267185 0
4447 0.2784492182271059 0.03146423269277276 0
4448 0.008111487457538646 0.2494554136624318 0
4449 0.2250866083692068 0.4082462550764382 0
4450 0.9645530417959968 0.396509790202728 0
4451 0.516996552993563 0.8573118586051214 0
4452 0.8957463011984723 0.655787285051703 0
4453 0.7279447034832676 0.6164984791812526 0
4454 0.8036332284659854 0.07205670313082435 0
4455 0.806215071650997 0.04867729464134807 0
4456 0.7956515791319307 0.808440173170631 0
4457 0.8066737564280347 0.3664367264363769 0
4458 0.3350427759785271 0.8321641840124516 0
4459 0.5810687221720404 0.6008802370074922 0
4460 0.05088872143804773 0.9642027538412929 0
4461 0.243095530020528 0.9777081412279178 0
4462 0.7812180278889493 0.7834929459604671 0
4463 0.8870461853597855 0.2626443048136737 0
4464 0.8682359325720161 0.2634241451657494 0
4465 0.6148724509033365 0.777317686632553 0
4466 0.9787812780127498 0.8468233823041995 0
4467 0.5312929305307067 0.9753423943870944 0
4468 0.2733949249638714 0.8574922244686395 0
4469 0.378197394598605 0.6978153810901289 0
4470 0.6493074906391554 0.5347087512068183 0
4471 0.7305740654802286 0.704450899480206 0
4472 0.4898723262641363 0.6099326394170743 0
4473 0.7574542506452364 0.7378853622959537 0
4474 0.1175582900674756 0.4785320843650112 0
4475 0.2764687703287788 0.4681775731126849 0
4476 0.3347506703590511 0.7145877005904908 0
4477 0.6743815508196793 0.7558198282580142 0
4478 0.9123081031180763 0.7136185830635476 0
4479 0.2184957075532719 0.8949261888559127 0
4480 0.4078862586038125 0.8833786627261566 0
4481 0.3855281847368029 0.8703241097703507 0
4482 0.5217525158420836 0.8275911677205356 0
4483 0.9595104655711459 0.6379815597454519 0
4484 0.8701639060569253 0.5711740620623004 0
4485 0.8031685940923139 0.763895137041358 0
4486 0.5217367464830392 0.5602996974614767 0
4487 0.692467526129478 0.3549380806552933 0
4488 0.4457121165568643 0.3675845884674914 0
4489 0.3277487648818955 0.965120401139163 0
4490 0.2990580178681289 0.7215343740002801 0
4491 0.7371181904195934 0.3804431246006724 0
4492 0.7552089293871003 0.376579577108462 0
4493 0.7516863989333618 0.3941894762675928 0
4494 0.7709192062695442 0.3876322928583435 0
4495 0.7973418641851098 0.683825718502722 0
4496 0.2908041407614365 0.6580009250517408 0
4497 0.1474371691195064 0.3133619627083418 0
4498 0.3545207793313659 0.5615886698929181 0
4499 0.3419467423532097 0.5367808464462993 0
4500 0.5266882067950008 0.2506235019538818 0
4501 0.4390378575974855 0.7640578421857609 0
4502 0.5813851822411257 0.9155813826511487 0
4503 0.2588307387959955 0.9080909005853892 0
4504 0.2373622008676116 0.3136199604046699 0
4505 0.79933556167686 0.3053457438143387 0
4506 0.8064956416408574 0.2902264399305789 0
4507 0.8259880916811886 0.2943298925989919 0
4508 0.8182293481035214 0.2738604313104964 0
4509 0.2674965696117492 0.05254422164119743 0
4510 0.02554962505715563 0.09618665130167414 0
4511 0.6412689286602543 0.4907586506155747 0
4512 0.8499531648585636 0.3221381564697342 0
4513 0.8591620771228554 0.3111511805181028 0
4514 0.8605383006082835 0.2958906041392619 0
4515 0.4561624578543629 0.5383202289861937 0
4516 0.4862194011505342 0.2900102486126599 0
4517 0.1476553938075336 0.7570812193373012 0
4518 0.6159793996849755 0.01034227373679059 0
4519 0.9335328972786403 0.19931778188671 0
4520 0.3983642725890009 0.3381824554492352 0
4521 0.7894198327610018 0.5543520764165553 0
4522 0.1677709584033689 0.8927721807973306 0
4523 0.1537916673703125 0.9101829592206873 0
4524 0.04458429537231073 0.2687016245378402 0
4525 0.8507423570416714 0.7212668597361587 0
4526 0.1583435038915433 0.321103544317078 0
4527 0.7353413141145021 0.9407970996162621 0
4528 0.6878362464118075 0.8858246160762979 0
4529 0.6824459391417805 0.8681706033364109 0
4530 0.6627749462752794 0.8846454226726184 0
4531 0.01589942019873392 0.5778340661415658 0
4532 0.08069093310084779 0.9512577647799745 0
4533 0.0890782722158433 0.9391877859316244 0
4534 0.8078745124563913 0.1661613608446751 0
4535 0.8196284486411334 0.08313212438227913 0
4536 0.8449179962669723 0.08957879448900002 0
4537 0.8473205375217008 0.07433789093457632 0
4538 0.8340731834357773 0.1531965031154376 0
4539 0.7934584716909092 0.275976039919854 0
4540 0.472930344779088 0.37432663194853 0
4541 0.2152923972860322 0.7041506730306377 0
4542 0.514965504061911 0.5184421987740634 0
4543 0.5440370601420442 0.486104042157724 0
4544 0.560929481900692 0.4917905316609277 0
4545 0.4940129536144626 0.4859943623325074 0
4546 0.5018332644191044 0.5095005088453006 0
4547 0.539029402727834 0.5108630381852648 0
4548 0.666446448409112 0.08938340030171049 0
4549 0.6682849174963703 0.07506163215375028 0
4550 0.6720962905911619 0.1149583215929803 0
4551 0.2353771498218209 0.08371533441512019 0
4552 0.02800354123762239 0.8285369189026804 0
4553 0.4058370730177553 0.3878994736657014 0
4554 0.1396789021341022 0.561983001732603 0
4555 0.1465711336232994 0.5884095593563259 0
4556 0.8326065550736624 0.1395906062671318 0
4557 0.8443948918636617 0.8065753369748608 0
4558 0.5683832505629467 0.8945034793389667 0
4559 0.6082035586858586 0.442029454807191 0
4560 0.8403563949434749 0.8974828109504642 0
4561 0.9856868609312859 0.4818251597079151 0
4562 0.2570639884433966 0.5724303989543015 0
4563 0.7820717415594634 0.5454720239457327 0
4564 0.7095411594060366 0.9872666295337871 0
4565 0.9847372066714022 0.3461551929893704 0
4566 0.6279053424981645 0.7645445412375877 0
4567 0.07802420095530282 0.3073232381180159 0
4568 0.8827282731469007 0.3008461481875083 0
4569 0.2354654781868898 0.04855364097540105 0
4570 0.2829556791600216 0.1417968417137198 0
4571 0.1020765255729212 0.8482829688798934 0
4572 0.649135754271116 0.8877180041950736 0
4573 0.2267390162826057 0.4686943988583118 0
4574 0.5120222489036169 0.4050443765930258 0
4575 0.5476289747518354 0.9154242550050273 0
4576 0.5350562044560885 0.7204807464751403 0
4577 0.2348160556495242 0.5293297196752839 0
4578 0.515777960663815 0.9320260681899302 0
4579 0.9607946445425327 0.4389620004595052 0
4580 0.9439173958362883 0.4350425849337346 0
4581 0.2347419107682532 0.420370440566568 0
4582 0.8847064391451596 0.3732302692549079 0
4583 0.4055782204356085 0.4666107450232931 0
4584 0.3640515837801186 0.5684240103485897 0
4585 0.09504706884205966 0.956466250313169 0
4586 0.2643424439405577 0.2971459234887093 0
4587 0.4820903133486756 0.06367333881655973 0
4588 0.4919559145741439 0.07613216885295865 0
4589 0.4826319548318557 0.05106967889778191 0
4590 0.3109907302033891 0.02025848115797035 0
4591 0.3249037488635022 0.02797768213942542 0
4592 0.4795541142094337 0.7169522672052047 0
4593 0.1274067580477225 0.488634312387176 0
4594 0.6220677301484546 0.6720433668797534 0
4595 0.4026707783634735 0.2489029888268494 0
4596 0.1178883895944438 0.8862727296022722 0
4597 0.2088875525812368 0.2279041190010463 0
4598 0.6283998597015631 0.9127409063115215 0
4599 0.6140875654099801 0.9305631536091017 0
4600 0.7995847280226394 0.8584310085569029 0
4601 0.5326160747253893 0.7017201515656101 0
4602 0.7674067708620373 0.6751104706020812 0
4603 0.3243579568949759 0.5964915077307422 0
4604 0.6001268970752914 0.3808605161189716 0
4605 0.09582517767350235 0.863556580204194 0
4606 0.3561647594543441 0.1226489054319788 0
4607 0.5193034035325927 0.8761964185878267 0
4608 0.9297041580222768 0.5794685748171207 0
4609 0.3032466948385109 0.4493047555493749 0
4610 0.432875719345703 0.05083224610491993 0
4611 0.4312900348982397 0.8207252000002649 0
4612 0.4230590180052067 0.7945593234393529 0
4613 0.4734155391027013 0.0898934619955567 0
4614 0.4638593679144136 0.5090597883180623 0
4615 0.8243872123269256 0.2308728912260945 0
4616 0.8405005040768173 0.2473442520053213 0
4617 0.1277713656073194 0.7269964751344135 0
4618 0.1396690057068538 0.3490286126131811 0
4619 0.0916835251607393 0.2106549968269372 0
4620 0.3917112515149532 0.1837018955002012 0
4621 0.5384394495810915 0.5390298318228358 0
4622 0.421502284139084 0.5052445628076043 0
4623 0.1999610963592191 0.2885310175829086 0
4624 0.8858915361448076 0.7943385491107775 0
4625 0.4275305715442157 0.2917817924758015 0
4626 0.06164718576934491 0.4977610582136032 0
4627 0.495522481761507 0.5944743995948396 0
4628 0.4169573268391472 0.6745564613463748 0
4629 0.3724526372458424 0.3983740191536546 0
4630 0.4068014847808633 0.6872557498073733 0
4631 0.08807436642442151 0.7969998307842514 0
4632 0.4063116503515575 0.541761128747732 0
4633 0.4227148849300982 0.03853411696852138 0
4634 0.8903134059627016 0.5185990974877597 0
4635 0.6527820655806117 0.7777778414559661 0
4636 0.2103692529338969 0.8688981463320818 0
4637 0.2580991859314301 0.736782093205111 0
4638 0.6713585792853775 0.814647868506993 0
4639 0.4603251921086811 0.7951675347924664 0
4640 0.7136060493674257 0.7636548029433129 0
4641 0.01176066645645346 0.8907489084040311 0
4642 0.09795530477076597 0.4751491760387377 0
4643 0.4756323244723806 0.8107079869132898 0
4644 0.1903816867068391 0.2005789201487765 0
4645 0.03256625044144296 0.9243561145048874 0
4646 0.7268262201204184 0.4790722709247199 0
4647 0.1700254777399167 0.08300524083656824 0
4648 0.9209161534363187 0.7739748955507382 0
4649 0.9309411763500172 0.6506268011499129 0
4650 0.9838546955644298 0.312032501707512 0
4651 0.6429338628555136 0.7397869836116195 0
4652 0.6874608909048074 0.1066935856239885 0
4653 0.1758825135536298 0.8131492297426941 0
4654 0.1172652208959009 0.5568928014445739 0
4655 0.5201428938850396 0.2424388760107852 0
4656 0.3921931684417346 0.7767496108392972 0
4657 0.1189338701237509 0.9860477775929467 0
4658 0.6897889414087348 0.6919433158518782 0
4659 0.6420667098793521 0.1306929459384477 0
4660 0.4603873215084934 0.2012186976881016 0
4661 0.0793441943516191 0.08866845200752216 0
4662 0.8607286588457544 0.6569371444319003 0
4663 0.292357160086593 0.4501195031639927 0
4664 0.3055131213753637 0.6365419306767514 0
4665 0.766413791962995 0.4070198666114921 0
4666 0.371984255727699 0.4537984171959931 0
4667 0.3397002553400969 0.892013545207554 0
4668 0.8237946311484032 0.3110748915612526 0
4669 0.2629812308834363 0.1161986688486947 0
4670 0.3789713372408683 0.8078965356598558 0
4671 0.7486445241995626 0.4133609592966525 0
4672 0.6791680423792227 0.2264105532746973 0
4673 0.09346681460254164 0.7794267283885039 0
4674 0.2154583453135983 0.9756713337365401 0
4675 0.4494285068973845 0.9617360669109746 0
4676 0.3634279067137993 0.6745432634175632 0
4677 0.8392864305318949 0.8794217495904247 0
4678 0.3421857707892981 0.3144119024304959 0
4679 0.9579504781996674 0.6557186481211299 0
4680 0.7146811325560785 0.6658806321896882 0
4681 0.2063998802967665 0.769315732153118 0
4682 0.5821959652258305 0.0554348536419908 0
4683 0.2921677118259411 0.7781048603194215 0
4684 0.5971167985456969 0.103672035794376 0
4685 0.6744575419251243 0.8342476147879043 0
4686 0.9712137794564124 0.7602978346225027 0
4687 0.990546988520022 0.4595400292247134 0
4688 0.8417554517630824 0.1256938261048524 0
4689 0.2811420655196681 0.7373154568729433 0
4690 0.4771022977827855 0.929836456676113 0
4691 0.6077142172515325 0.6704663117936598 0
4692 0.7191749414134727 0.6385367692678563 0
4693 0.5192596665815501 0.9471331762635213 0
4694 0.8536024956374835 0.632961958601082 0
4695 0.05027228706543008 0.3140879996505522 0
4696 0.1932759230552098 0.752994003323876 0
4697 0.6332159499035215 0.6119368754430022 0
4698 0.831905533321502 0.5411234252848061 0
4699 0.9031774667493762 0.5281562802470694 0
4700 0.9736403458409904 0.5995399020097678 0
4701 0.688679435709787 0.4886855008983088 0
4702 0.3406952767815938 0.5971683680538764 0
4703 0.7601423496448837 0.8708434001847423 0
4704 0.1371923536121875 0.05442989205785365 0
4705 0.788437466302187 0.04010113718686681 0
4706 0.108232289109208 0.8971948018649794 0
4707 0.02319488957953292 0.8849098574045111 0
4708 0.9217381774809219 0.968296879617258 0
4709 0.9002516867296679 0.9672285495181884 0
4710 0.9246046620720159 0.9475529102774747 0
4711 0.9535199753258783 0.01065124186764921 0
4712 0.2202811424540007 0.9891404272315638 0
4713 0.8373094704007203 0.8333154812515688 0
4714 0.9602719020872472 0.9531965559435491 0
4715 0.6751266707117635 0.9397244090640092 0
4716 0.1654727067648353 0.9829113776461691 0
4717 0.4525950305315872 0.1458057872839426 0
4718 0.1158048874486956 0.5251408833264286 0
4719 0.4769044589048782 0.7293341227345926 0
4720 0.4724555918510389 0.7565420573383286 0
4721 0.3133529442578595 0.5149117291289974 0
4722 0.4080971866759908 0.1935681199482822 0
4723 0.1525067673994392 0.03665344986081143 0
4724 0.6427928387716184 0.7141187243721595 0
4725 0.4216027631352351 0.1927937909563707 0
4726 0.3277783289266036 0.4501864464880808 0
4727 0.8732867521413308 0.8438127609307271 0
4728 0.6519126922945923 0.441491122121108 0
4729 0.7359138162723858 0.8453536739519056 0
4730 0.702383413813348 0.6419952181069473 0
4731 0.1233594297861189 0.2345765684734936 0
4732 0.02382166071528979 0.6281079049454814 0
4733 0.818579271391642 0.85263234385425 0
4734 0.5338505259175453 0.780154550651684 0
4735 0.5524736984148391 0.7958378425555928 0
4736 0.929081988185361 0.3423059844210586 0
4737 0.9254984492697241 0.3636433597906581 0
4738 0.9184427930437548 0.3803233308761422 0
4739 0.9389908361653283 0.3783745804554559 0
4740 0.9342615712947648 0.3946860614912316 0
4741 0.5823440823005387 0.493697437908771 0
4742 0.5715698855627185 0.5052228489372687 0
4743 0.5274387682719158 0.9628792496682734 0
4744 0.3657116787960011 0.4713519504943732 0
4745 0.7302483673206532 0.1798146036262982 0
4746 0.1411203676594914 0.170665825003586 0
4747 0.9111799693134461 0.562077549938481 0
4748 0.4538401733721214 0.8456709869575225 0
4749 0.4300146359657953 0.673871290735128 0
4750 0.5497101145373595 0.6227682587776587 0
4751 0.1918195645580784 0.9093674939124513 0
4752 0.9156824263788309 0.4382015595235834 0
4753 0.3271694352653614 0.9880056025137816 0
4754 0.676461671709724 0.5285732309554878 0
4755 0.1146474754316626 0.2694643432648363 0
4756 0.8998786050930694 0.3066150373342752 0
4757 0.655932313861294 0.6737904173375523 0
4758 0.5584259345585521 0.4587444433560574 0
4759 0.7229283258186603 0.5118940125852919 0
4760 0.3954772122320385 0.9091955104937367 0
4761 0.6556414129431762 0.8347151842137835 0
4762 0.2415404455760894 0.7559457249575364 0
4763 0.6837947817897971 0.2757844270570626 0
4764 0.1936548685158422 0.6068487967149716 0
4765 0.4368577300501397 0.01830020498471219 0
4766 0.8216793577189753 0.9423006632710176 0
4767 0.155892538760928 0.6219047558298123 0
4768 0.2033331113620205 0.2140002868364654 0
4769 0.7177557462420175 0.5275351835353138 0
4770 0.5042239728120108 0.6242813552266929 0
4771 0.6486113163115352 0.5214612552991764 0
4772 0.01760359738752382 0.6636112482324774 0
4773 0.4086492477318809 0.3073680086069381 0
4774 0.985786358612517 0.9791225915042447 0
4775 0.1668005194750522 0.03579066322582081 0
4776 0.2984881329826474 0.9057322444130543 0
4777 0.7331308120250994 0.4572919731653726 0
4778 0.7282252451334799 0.4435017657307614 0
4779 0.3988644838946234 0.3707685649784066 0
4780 0.9196860332275458 0.03400306821658383 0
4781 0.243624740863738 0.06515544446601468 0
4782 0.6928157280087688 0.8422899748005711 0
4783 0.8383621995857454 0.2777443863316632 0
4784 0.1443772083437088 0.5471065318888461 0
4785 0.1643301809972616 0.5531001243473603 0
4786 0.512230315899342 0.4651722731860299 0
4787 0.8164862848349023 0.6748927502752916 0
4788 0.3623799917494727 0.3789881299687967 0
4789 0.009091512264041923 0.5370680314569352 0
4790 0.9298976428163138 0.2302037074369326 0
4791 0.09889378594894627 0.6707946965019647 0
4792 0.1315229107082876 0.1384753882161736 0
4793 0.3013393914969714 0.05393012274268966 0
4794 0.3457619658173569 0.138690383611117 0
4795 0.4741959824189148 0.1461188923978289 0
4796 0.8457826219433838 0.98583665418777 0
4797 0.4997457023819425 0.8064119666167352 0
4798 0.315941270948638 0.6508516064595411 0
4799 0.5600127565012412 0.7311490640191098 0
4800 0.5398431201469392 0.8027157199879832 0
4801 0.9553245593952686 0.601275363797007 0
4802 0.4650627049577329 0.7712793118276858 0
4803 0.8172748582233923 0.9167306968931961 0
4804 0.8419592311622379 0.9252835367168744 0
4805 0.9368403666130535 0.04254642120069252 0
4806 0.9333685035932895 0.8409693318637574 0
4807 0.4008306608576307 0.4866859088781091 0
4808 0.8955861133716165 0.1729822678947643 0
4809 0.4335369441565994 0.975511509362982 0
4810 0.7210530862330978 0.8393925661043629 0
4811 0.5329112479960918 0.3628259823351574 0
4812 0.6126426497886363 0.5300936802526661 0
4813 0.296116012786343 0.5863501259316585 0
4814 0.1473341733782062 0.9813380695789644 0
4815 0.3867768105953133 0.2227068190789876 0
4816 0.4507209448480311 0.7535068702500289 0
4817 0.8571038118629246 0.3472699054909686 0
4818 0.4354911142440853 0.5046684788831406 0
4819 0.05534988174729039 0.7877400429760462 0
4820 0.8790408307811501 0.3976523222558086 0
4821 0.4733828451111988 0.9055041432104565 0
4822 0.4606862475420315 0.9086808344824039 0
4823 0.4657773287419268 0.8839849094247295 0
4824 0.7497948341874952 0.1114849442393021 0
4825 0.7327541486667462 0.1006460820231188 0
4826 0.2853386280715047 0.1061875629410018 0
4827 0.1872406054785816 0.4674713854359244 0
4828 0.1261941852618109 0.8653006036869008 0
4829 0.3540916249102525 0.5997874779618783 0
4830 0.3154672717338629 0.9000405828178295 0
4831 0.1057085311999433 0.9291320654385811 0
4832 0.8157300808508975 0.5277089931991781 0
4833 0.02973886105009682 0.8759660738306513 0
4834 0.6223495147029523 0.7180418922112151 0
4835 0.6328039325572726 0.02959816898765383 0
4836 0.6255253768636102 0.08501843843655665 0
4837 0.04192739990055183 0.8474764411945522 0
4838 0.4447003307620108 0.9351999955100858 0
4839 0.6262042595494444 0.8628105070960767 0
4840 0.7270145499000721 0.4677809640705454 0
4841 0.9428670981716276 0.9357326708284111 0
4842 0.3878925814069878 0.891169104889177 0
4843 0.6633153741266503 0.434639740721023 0
4844 0.9285789697097329 0.8590250324942881 0
4845 0.6869594646820092 0.1297829496267835 0
4846 0.1256364058973011 0.9734493354550289 0
4847 0.4832371820591922 0.2041611354527318 0
4848 0.7361439654773236 0.1559026313736594 0
4849 0.3011497898575648 0.613021040791576 0
4850 0.07543302834446852 0.6941215339351823 0
4851 0.5854177780634605 0.07740827242265969 0
4852 0.2427975549418917 0.5412020813218669 0
4853 0.4220112888367085 0.5740895178005568 0
4854 0.482512905971308 0.8722919609793738 0
4855 0.647164472273834 0.8590443814947937 0
4856 0.9003027846491123 0.3708985142897838 0
4857 0.3716644142610221 0.8456814710751277 0
4858 0.8310975666172207 0.6744393721906099 0
4859 0.3767919041021646 0.7945135080230465 0
4860 0.8367518706661631 0.3352577401831416 0
4861 0.2227072105323962 0.2367016389951107 0
4862 0.8518338759445938 0.1150903744319535 0
4863 0.8624651310713094 0.6810430444065665 0
4864 0.4319109535753573 0.2328962562538458 0
4865 0.9199455851457919 0.4239800354421658 0
4866 0.6666571218059563 0.5858365593017371 0
4867 0.9329712037580453 0.4506508281450641 0
4868 0.983226448792636 0.0672184964196515 0
4869 0.4792724334325932 0.6948850944149587 0
4870 0.05274038273521553 0.5751505614116477 0
4871 0.1924368150669921 0.7014911967286523 0
4872 0.6055296062912005 0.2568541378760872 0
4873 0.5062912612511817 0.3122986550531114 0
4874 0.8611011519335676 0.4672260717209109 0
4875 0.6762620191987697 0.4957256746873536 0
4876 0.365416503674606 0.4435437351106095 0
4877 0.6880148997054061 0.6361774350425379 0
4878 0.9651173150545991 0.8430246454876814 0
4879 0.443505841895121 0.7908622994484569 0
4880 0.006409255775216394 0.3646199336780014 0
4881 0.2196028356685151 0.3576596780840502 0
4882 0.8205317308533459 0.8658551711717022 0
4883 0.3131673320220405 0.8368854975482826 0
4884 0.900939475140113 0.4532973769948909 0
4885 0.5556560591220832 0.3860225647347207 0
4886 0.8432265965953173 0.7050187226467189 0
4887 0.5742279052038207 0.6936092209398392 0
4888 0.6597424097163216 0.6961703263048735 0
4889 0.3909403451573644 0.9868853865269029 0
4890 0.1784266815711329 0.07776942381999596 0
4891 0.7196767308979947 0.9793262405316382 0
4892 0.5232260114045163 0.953555180796809 0
4893 0.04203486312702615 0.9445952040843989 0
4894 0.1365250679812919 0.3906074873743425 0
4895 0.5486204899060364 0.176319130144599 0
4896 0.8135659822293064 0.2152759910402063 0
4897 0.5469213331180287 0.08930836246674823 0
4898 0.0973816135822147 0.08939711901761621 0
4899 0.7373332166815598 0.5883472930998789 0
4900 0.7777668079254345 0.7624642306246454 0
4901 0.7744771413491003 0.3694202458947701 0
4902 0.6315120010219837 0.9017683042806166 0
4903 0.9894311634579913 0.9886865182423163 0
4904 0.4270318938337674 0.5542709447374722 0
4905 0.9045589177148471 0.616089234266185 0
4906 0.8645594536444723 0.9799850213225169 0
4907 0.8656614893031411 0.9600565635201892 0
4908 0.8623047025738027 0.5488112081472434 0
4909 0.3574522523200997 0.2060473465904339 0
4910 0.8957489264844463 0.05278636462650471 0
4911 0.8832505655291063 0.04436179486300729 0
4912 0.8709277038313507 0.05560427410942703 0
4913 0.8658105790278112 0.0373300504811418 0
4914 0.8500794211221563 0.05081294037985412 0
4915 0.7589940331493076 0.02612881105746051 0
4916 0.1878347381467909 0.6067578924443682 0
4917 0.9003079692647256 0.7954123518389151 0
4918 0.5559408436449514 0.7005544570477484 0
4919 0.8307018843492274 0.3864948582205329 0
4920 0.2400743961426958 0.929979907850889 0
4921 0.1496452868804321 0.1706936455982435 0
4922 0.4555472882626662 0.07664100352067937 0
4923 0.3398946080192639 0.7411533726334405 0
4924 0.9189623469679797 0.6034546538498921 0
4925 0.3346907613674752 0.288879303535451 0
4926 0.7613289419852906 0.4966134310707629 0
4927 0.8998249905045945 0.4047673444699526 0
4928 0.5288526919108159 0.1034274018223928 0
4929 0.4457627130079993 0.641660434010545 0
4930 0.6686204831314922 0.2928819820084883 0
4931 0.7796624868604386 0.8410354308685345 0
4932 0.8988346950749404 0.5679609294900794 0
4933 0.6025593031837246 0.01176082151162883 0
4934 0.1817799095182507 0.5057425248912057 0
4935 0.6128718555503665 0.7070861344071839 0
4936 0.8247853542615911 0.7673309484959399 0
4937 0.5922330943886878 0.9247831125442213 0
4938 0.4188151385187583 0.8889346398596709 0
4939 0.433697500374367 0.8983871047193118 0
4940 0.4393651907241896 0.07111903864998825 0
4941 0.5786861754771014 0.2106501564148156 0
4942 0.5730318424215411 0.3356640484494601 0
4943 0.6314951289440508 0.2100138465274824 0
4944 0.1734557064265096 0.5493984705083557 0
4945 0.9091337483405888 0.6429989560990661 0
4946 0.03714050243387779 0.519238370149848 0
4947 0.7441338783277045 0.2477109569284542 0
4948 0.4195899122266306 0.3327579045036797 0
4949 0.1982626241114733 0.3665848209503973 0
4950 0.9757790905499424 0.2052746761258578 0
4951 0.9733119734604867 0.9680914267546391 0
4952 0.5736634810541505 0.4541951309749949 0
4953 0.3520698935957307 0.2833114449819755 0
4954 0.1707742604956557 0.3209833191808879 0
4955 0.2690267886000833 0.1550051654373867 0
4956 0.4429894500100623 0.3370149305026673 0
4957 0.05478537378278447 0.9787562207804277 0
4958 0.8019455834037692 0.4156035440370341 0
4959 0.3974703777222978 0.2812122583240148 0
4960 0.136829963044435 0.9241037244514606 0
4961 0.7685915738485114 0.2777801561523719 0
4962 0.6481122981822138 0.8041932883115297 0
4963 0.5892108412895254 0.4616055091830593 0
4964 0.1313788073486833 0.4201977319717022 0
4965 0.3056679712808702 0.7014927756606336 0
4966 0.8894490412708775 0.8992188493683431 0
4967 0.7372117914400684 0.3469727862369714 0
4968 0.9241689474034496 0.3285352145747015 0
4969 0.8266691421073443 0.4848027557162559 0
4970 0.8160291318711516 0.4958180850035249 0
4971 0.3650464414315245 0.0549361584566424 0
4972 0.3509687682387233 0.04394230194257298 0
4973 0.3295223832049015 0.05251320313110747 0
4974 0.05383566126903838 0.393585396759521 0
4975 0.01482765553842369 0.4668648759263473 0
4976 0.623993133144106 0.7351096583600504 0
4977 0.03123070078119189 0.02343135870331725 0
4978 0.07981415356907168 0.7000999968051096 0
4979 0.7264834452552531 0.9685300011809032 0
4980 0.9337889609873737 0.08798535604530783 0
4981 0.911067861415776 0.4796063143268118 0
4982 0.5520803872856442 0.743231659342616 0
4983 0.6537730055430719 0.9863036163006007 0
4984 0.1745300275460382 0.351533568223123 0
4985 0.1636595470263324 0.3510653224757314 0
4986 0.01534355545542898 0.3208721514069333 0
4987 0.2074332588492177 0.8947194735008861 0
4988 0.5095767269527076 0.6612143301680541 0
4989 0.09518363237524047 0.605429948943969 0
4990 0.848350167240313 0.9556456121141534 0
4991 0.8628118773882334 0.9428705397502618 0
4992 0.8796202523151968 0.9467969731774298 0
4993 0.8775932867096603 0.9280957025782631 0
4994 0.6915357294518265 0.9141947488232078 0
4995 0.1044253259130715 0.1415443131666534 0
4996 0.3174932090727688 0.06878609015726789 0
4997 0.1300511047953642 0.8407193196191048 0
4998 0.9530532620328145 0.9021369656231474 0
4999 0.639816345061909 0.05856252073273682 0
5000 0.6518439077983484 0.04715956047472158 0
5001 0.1844961612227756 0.05414391753778169 0
5002 0.870823244852944 0.7282062041231692 0
5003 0.005984250697871007 0.2134629131690352 0
5004 0.1212958011650659 0.7247901327642891 0
5005 0.8212506961564183 0.06541880549286344 0
5006 0.8274996910243217 0.04818619876247204 0
5007 0.8164431160521641 0.03142321378402013 0
5008 0.1081402057515435 0.2875868934490274 0
5009 0.5737959874909152 0.4243006770102711 0
5010 0.3200615938428381 0.4326797608981081 0
5011 0.2736715154325654 0.5967366030949602 0
5012 0.2497584746879435 0.5977003691027497 0
5013 0.214767404941187 0.4755956962954351 0
5014 0.4290467558262482 0.5812530745102817 0
5015 0.7971512530572337 0.2301925630041218 0
5016 0.3090633442988542 0.3264299021516337 0
5017 0.9919216694423163 0.04315291219608991 0
5018 0.4866371285084239 0.469944938328864 0
5019 0.5711651479843863 0.09207159309758139 0
5020 0.4060467032494253 0.3217673617092828 0
5021 0.4855034446818302 0.5099758589086271 0
5022 0.9887699456710033 0.7078754329013345 0
5023 0.822288736409206 0.2527222431253822 0
5024 0.2420464996032616 0.810016586262023 0
5025 0.8786467074678735 0.8341557643730994 0
5026 0.3198872541366606 0.9770397277961387 0
5027 0.6259316676366389 0.6226224558796201 0
5028 0.06334048568429396 0.05374261418547055 0
5029 0.08591248346000235 0.04934729326602583 0
5030 0.1367653329158796 0.8316199960656676 0
5031 0.4675913128580625 0.6426759823489506 0
5032 0.1507346609323316 0.923919459190067 0
5033 0.3806917425967917 0.4601152044041691 0
5034 0.04965454153139526 0.6080227912281526 0
5035 0.9597819834814684 0.3051270894900253 0
5036 0.1150424043676711 0.6083556899440294 0
5037 0.4394942722002111 0.3610622465358382 0
5038 0.6532600772064777 0.6305014910381999 0
5039 0.2767279930080142 0.116109844339512 0
5040 0.7145608219566143 0.6757950623180802 0
5041 0.3330260332623569 0.5527373395220129 0
5042 0.841319370523723 0.5400417547501155 0
5043 0.08364859469667796 0.7863963134578917 0
5044 0.9446878184577652 0.3144248854061061 0
5045 0.500529454217929 0.405541053908189 0
5046 0.6192329580459185 0.4279937774795157 0
5047 0.2716179859576277 0.3804019589750702 0
5048 0.31643147761793 0.4126475617950192 0
5049 0.3500820496105828 0.3573621062534574 0
5050 0.2387019913926701 0.5081106129487086 0
5051 0.7803602323128385 0.9611494177814617 0
5052 0.8909148238648061 0.1615820205625173 0
5053 0.1828500513178502 0.1318060523145799 0
5054 0.4383388764163852 0.3451962266162462 0
5055 0.4697941134325647 0.5353068530702476 0
5056 0.4484966607520763 0.8768959548678348 0
5057 0.07937832940521883 0.6527494737547811 0
5058 0.7823863220032417 0.9198852540803981 0
5059 0.3319729403092296 0.1880946517256694 0
5060 0.5445114187844888 0.2564164975558235 0
5061 0.01063880558094449 0.7780373300360621 0
5062 0.4170911518916292 0.9080974158230233 0
5063 0.4309819181578196 0.3397465741788555 0
5064 0.7789309764349388 0.6374777017927268 0
5065 0.9619385018572949 0.5610567826949832 0
5066 0.3917318463399581 0.8539699867232365 0
5067 0.6937650768198977 0.03406833404392001 0
5068 0.6928326624061857 0.05188569399430759 0
5069 0.6783757244834436 0.04133212243479673 0
5070 0.3507938166993534 0.5249681078536534 0
5071 0.7571489511699572 0.9166680899197803 0
5072 0.08286888776250911 0.594350653485373 0
5073 0.2463112711623673 0.4885032531989605 0
5074 0.1200747219763222 0.0943377334717711 0
5075 0.8032630467403491 0.5435814349885661 0
5076 0.3503523621886624 0.8024127316434428 0
5077 0.5912844339364985 0.2215149244533994 0
5078 0.5378443172462074 0.2849573235282802 0
5079 0.07536094194585791 0.4822339808493683 0
5080 0.719043434432789 0.5336218016548888 0
5081 0.1902056508421126 0.1531670018379039 0
5082 0.4620037078348053 0.9750126703995888 0
5083 0.2347362796148993 0.7603100617329377 0
5084 0.956727461095379 0.07031538014171812 0
5085 0.1426417143162854 0.7660842629912656 0
5086 0.1481626572391899 0.7469098341853012 0
5087 0.7250449693947546 0.7599552475254758 0
5088 0.3236175377219995 0.724793306486943 0
5089 0.05917535011402447 0.6413904858996773 0
5090 0.4161686094571981 0.07952781764471312 0
5091 0.5398077316947238 0.4135397289900967 0
5092 0.3940954822501385 0.738437257463193 0
5093 0.3801902031235312 0.2563586517040278 0
5094 0.704623709192708 0.6157638604870233 0
5095 0.5108758523294405 0.1676845417546576 0
5096 0.11552433962901 0.4956376454891062 0
5097 0.07364940056924213 0.6834961836353913 0
5098 0.3279026945204181 0.299328774049238 0
5099 0.9452345179837885 0.3512969996170076 0
5100 0.4682021884328308 0.0282191134563945 0
5101 0.1319637563959531 0.2462884886308516 0
5102 0.5388014940250699 0.3706500447072933 0
5103 0.0305033034832069 0.7153505838027383 0
5104 0.06184731024545215 0.2070842733912629 0
5105 0.4356103565146724 0.3707845711406057 0
5106 0.4091634992580256 0.3775525459782342 0
5107 0.854156386708679 0.4835104867334729 0
5108 0.5109768034846796 0.991481914780814 0
5109 0.435564424137681 0.1779492731125138 0
5110 0.277943366484822 0.4797691065990727 0
5111 0.6619566971712423 0.6842460171861107 0
5112 0.04163705334225565 0.9144097818438559 0
5113 0.6873274512879789 0.4233019399000126 0
5114 0.5244331706865251 0.2781600733049013 0
5115 0.253275856544196 0.9876660355498863 0
5116 0.4704824809635639 0.3092751202067686 0
5117 0.2240180858708535 0.5818590531110158 0
5118 0.2773587633382663 0.3721148027414943 0
5119 0.8250606546856993 0.7155482815267977 0
5120 0.5995983389267769 0.1768199343637697 0
5121 0.4189942892873192 0.8332598649671508 0
5122 0.1202800670848978 0.5146366616349749 0
5123 0.4949992526583535 0.9929303715671912 0
5124 0.435819064452645 0.1606419681797675 0
5125 0.4250862753238874 0.3351849526328552 0
5126 0.3689886233244484 0.1263120616762062 0
5127 0.4946802991819702 0.8721979169860424 0
5128 0.08768276319179308 0.7575239725341296 0
5129 0.1418567888914912 0.7379423316286049 0
5130 0.6168177028206515 0.3691845951988133 0
5131 0.5941259658107343 0.6842395955788 0
5132 0.2988519530164669 0.849837678932068 0
5133 0.5776710237982788 0.537812999747233 0
5134 0.4131509701877543 0.2379866721719437 0
5135 0.8068804965518859 0.9151406634687373 0
5136 0.6199532425349621 0.6585653832401445 0
5137 0.9896544172112609 0.5294211235168363 0
5138 0.6487552263222081 0.1816407648069018 0
5139 0.0100199037732408 0.9323287470557058 0
5140 0.87763070572846 0.8586312935502903 0
5141 0.650060018864509 0.6052769321136602 0
5142 0.4943248939379024 0.6434143497040737 0
5143 0.8862783425922904 0.4525725493947825 0
5144 0.7921687781945558 0.3785768741571395 0
5145 0.4417303245714969 0.2076882891247834 0
5146 0.06910461458194711 0.5731196337297828 0
5147 0.2756220879642117 0.8369807419881369 0
5148 0.9246603777888095 0.7137195560174977 0
5149 0.9902403937089099 0.2148108829287538 0
5150 0.6824984165787059 0.0876790240874174 0
5151 0.7024045743667605 0.0930155651325324 0
5152 0.8710803855202798 0.6609625209955983 0
5153 0.483088207878824 0.4165748197188934 0
5154 0.7727408821696081 0.321187551749903 0
5155 0.6748367574057071 0.2689705680380577 0
5156 0.9594282139285578 0.3789561510005869 0
5157 0.6010707128772835 0.5259933851574391 0
5158 0.8704279731555667 0.5623696887310775 0
5159 0.2484332201632004 0.8919533771684507 0
5160 0.5370909927872518 0.7647840372890762 0
5161 0.6714963915489124 0.164113245138756 0
5162 0.09872658425472991 0.1166958434256091 0
5163 0.8876500875537662 0.9828670108232302 0
5164 0.4478455772733213 0.498248845798716 0
5165 0.8845382336551173 0.7162447681526407 0
5166 0.1629444163098869 0.8250313630955803 0
5167 0.08037528965118035 0.9145132364244811 0
5168 0.2807065410388555 0.5304230895599502 0
5169 0.06593813626060968 0.2392405903936536 0
5170 0.8092029810499428 0.09161575885479134 0
5171 0.4358552912626508 0.1291936506458169 0
5172 0.3555196964931693 0.5725265670327994 0
5173 0.6637688656113088 0.1686570937345902 0
5174 0.7541755171497794 0.9440255936195512 0
5175 0.672096725120325 0.2596667098384679 0
5176 0.3424367047122682 0.3362550054227995 0
5177 0.9704207980275358 0.5625763923591405 0
5178 0.3139430988392735 0.5303545918802028 0
5179 0.1662408420523321 0.1145088046686273 0
5180 0.3833454217759124 0.8579197483478327 0
5181 0.6257831516099998 0.9435908188396158 0
5182 0.7069464930423669 0.06913541062328155 0
5183 0.4070114743914872 0.2639271592749184 0
5184 0.08720055537832083 0.07887712148125692 0
5185 0.04454406164890168 0.174833579818428 0
5186 0.8751750294633964 0.2814685882624771 0
5187 0.3705493496865926 0.3852272875226264 0
5188 0.9877685041646783 0.02318258410258695 0
5189 0.327345300774788 0.8960555363087819 0
5190 0.4919199959902355 0.3453803705483623 0
5191 0.3875012851994636 0.569401494972122 0
5192 0.6150455096506593 0.7556185966673913 0
5193 0.3044609422697736 0.2195974365458458 0
5194 0.5875592056917209 0.4403695134036881 0
5195 0.67870040446043 0.5851696546595877 0
5196 0.07884328648981076 0.8400292581699073 0
5197 0.1346507094533389 0.1821378727595967 0
5198 0.249958074523441 0.9146936539699807 0
5199 0.948153797957852 0.8497891360462677 0
5200 0.5934952345810042 0.243550807591962 0
5201 0.09604768310207862 0.3092474307625689 0
5202 0.5629635425131114 0.7923508973631086 0
5203 0.2194596418076994 0.3321959746640721 0
5204 0.7707801798507592 0.9430696758475765 0
5205 0.03856358933870968 0.7957537321777868 0
5206 0.157092551835196 0.5684912784274161 0
5207 0.4442487903712271 0.2367736603751938 0
5208 0.9821975654256537 0.9049139850017502 0
5209 0.260071700431786 0.2512600660215933 0
5210 0.06621967129990858 0.7840577272846631 0
5211 0.9189485635386399 0.3067938280698859 0
5212 0.2554229916240509 0.5831449030786708 0
5213 0.9228911675887775 0.802294129011666 0
5214 0.09037619492697074 0.5500017282552373 0
5215 0.8301773355007376 0.3725539993607344 0
5216 0.03689327818587101 0.3963593294338332 0
5217 0.6399469397315249 0.5566802344799159 0
5218 0.4789104873430994 0.6366014795330185 0
5219 0.667602153917798 0.5191292184935001 0
5220 0.2014956968079504 0.8514668119397804 0
5221 0.8803957014589031 0.760477999320428 0
5222 0.9309242479378057 0.3154114158345619 0
5223 0.1694914565299032 0.4959770540260013 0
5224 0.8670429559031733 0.2298289302436664 0
5225 0.5844851478468044 0.8610018059491624 0
5226 0.8387471003765636 0.3486712974959231 0
5227 0.4470776000103048 0.4641479409486307 0
5228 0.9764216133179631 0.8222243492284054 0
5229 0.8338047560305398 0.5977325316066988 0
5230 0.9859740847018563 0.194621856721432 0
5231 0.6784873823345122 0.1402775843721031 0
5232 0.1632400316112027 0.09031038174286993 0
5233 0.6589265574225724 0.7673728136557048 0
5234 0.3133968782322595 0.2046659631155248 0
5235 0.8499753076539844 0.9765502271340865 0
5236 0.09599428701499579 0.04407620684279845 0
5237 0.8003562644368084 0.506882698671397 0
5238 0.8419406012211879 0.4799191735211223 0
5239 0.3770606255336291 0.5691662206741196 0
5240 0.2583573795204743 0.9329783655612797 0
5241 0.7219313394670859 0.02737367853202644 0
5242 0.9363851036464372 0.715019312764485 0
5243 0.2738654376213915 0.6861984147282038 0
5244 0.9081150505603049 0.6549652539410583 0
5245 0.1405208677613007 0.3291312803595768 0
5246 0.1224189642145748 0.3255326772801564 0
5247 0.6420259316806092 0.6558382170845858 0
5248 0.8861225944033635 0.09817364310070981 0
5249 0.9864352330942949 0.05264264024680515 0
5250 0.9837139814669337 0.4482231145059657 0
5251 0.3246174680093148 0.8319878143345765 0
5252 0.4147529925816991 0.4100523199604733 0
5253 0.1874825279749281 0.9420569572672768 0
5254 0.3072578589809842 0.03474708505780344 0
5255 0.3580088425949987 0.3702576660100391 0
5256 0.8783912643435406 0.3644744047850492 0
5257 0.8608307348017337 0.6241218658762082 0
5258 0.3141824826371155 0.1113868532059949 0
5259 0.8891928947882138 0.18502306866369 0
5260 0.6539495971240377 0.1275361725859632 0
5261 0.255761319671056 0.5253007866579694 0
5262 0.4383141082137547 0.7168349887269513 0
5263 0.1999454058697029 0.7619210321971146 0
5264 0.1379493226763131 0.06621054658637615 0
5265 0.557933328739368 0.6830875281301364 0
5266 0.8928342023749118 0.1006871495450355 0
5267 0.1173069650120531 0.2450711277692399 0
5268 0.971981373328384 0.491130422876246 0
5269 0.2239378690018425 0.8532731952473822 0
5270 0.1375972076945315 0.1161361368039527 0
5271 0.730042905738825 0.5061348345877953 0
5272 0.2156151734424459 0.3788021653829151 0
5273 0.4031143235991073 0.03598309919267279 0
5274 0.3840967696930005 0.04629086242492453 0
5275 0.1081463423114426 0.09514653386403221 0
5276 0.9888842962014535 0.00942923612025881 0
5277 0.3700337873089352 0.03335275667257953 0
5278 0.7499398198962175 0.3490747410302933 0
5279 0.4718668019276747 0.7394224440041793 0
5280 0.6043579736237816 0.8627344670281885 0
5281 0.06612858265711419 0.4633493734520521 0
5282 0.5252562767307127 0.2233447298630241 0
5283 0.177946533516785 0.04342702344808103 0
5284 0.7433535340071442 0.7233627426663403 0
5285 0.7429335056538588 0.756466014471376 0
5286 0.09128159977079425 0.8846855906179777 0
5287 0.8662075761496287 0.01851125099364748 0
5288 0.8281552197644484 0.01675085460764497 0
5289 0.9067567256457478 0.01665967073427799 0
5290 0.01186935971345648 0.6779140135266436 0
5291 0.5071150169421933 0.2229885573928954 0
5292 0.7183874570499141 0.06203396240841191 0
5293 0.7856589305177983 0.6680477322594652 0
5294 0.4977477018872259 0.818374020681598 0
5295 0.3549181751101398 0.8797734113568441 0
5296 0.0685202203036801 0.6460635400989536 0
5297 0.2596456400311237 0.1046840779798467 0
5298 0.3994888373743656 0.5327844825992528 0
5299 0.2204146424680652 0.2941564802649583 0
5300 0.4653479957907753 0.2558380531405031 0
5301 0.240208084729067 0.07487836773394613 0
5302 0.5177950954497643 0.1891971920821779 0
5303 0.7859064474716493 0.4002273862678943 0
5304 0.9370437241565585 0.1503877108975103 0
5305 0.1412713985983332 0.632287345700547 0
5306 0.6316792631453577 0.3457756902202704 0
5307 0.2789966067073568 0.1997242100196935 0
5308 0.2819213108262248 0.1884690577474771 0
5309 0.1820006292370606 0.1515936075104058 0
5310 0.759801103302197 0.1925459106316245 0
5311 0.9588062958482801 0.6270472867394981 0
5312 0.6807073852023051 0.9266962984944275 0
5313 0.8040913622029219 0.2594736632800194 0
5314 0.1752095620252911 0.7531145667081045 0
5315 0.6649161537480605 0.8533421486688219 0
5316 0.05778866283779421 0.7491012935870669 0
5317 0.9827971879372206 0.9518510860887172 0
5318 0.3673606373903371 0.2090946572627937 0
5319 0.3266300652213134 0.236308203723006 0
5320 0.7163636194688678 0.591328208113308 0
5321 0.01594784175147107 0.915153893569844 0
5322 0.19841615731862 0.6046684894024692 0
5323 0.9847313227083674 0.8007281032188491 0
5324 0.987486223049284 0.6387381797584794 0
5325 0.9816790341776331 0.2937858270734931 0
5326 0.1241075674595058 0.7697995830118469 0
5327 0.338946227908964 0.9871860212865123 0
5328 0.2070448856702697 0.245402931311579 0
5329 0.5112585396598569 0.6989953769833812 0
5330 0.5198919191354828 0.6815771649628645 0
5331 0.9106620037209829 0.5514168274659689 0
5332 0.3282137669305115 0.6379744346479957 0
5333 0.3279649129334281 0.664213761954676 0
5334 0.04336818249214575 0.6283048651915932 0
5335 0.6326011152387607 0.5141999557793406 0
5336 0.5952230751747445 0.5968522863458717 0
5337 0.3508587794060941 0.8176258010269816 0
5338 0.6618426118510334 0.5771253334995884 0
5339 0.5382862140266382 0.6302711051688638 0
5340 0.865397854344633 0.6681363495377121 0
5341 0.07463651186655196 0.8303373081063425 0
5342 0.1127820473018118 0.234779330601337 0
5343 0.2664328216599479 0.454276378840116 0
5344 0.2731248731652344 0.662370522754171 0
5345 0.6269443340181859 0.1314342319326997 0
5346 0.6248354815942805 0.5451965981414734 0
5347 0.9500081173746464 0.1979486889141827 0
5348 0.3820224490792931 0.6682364612863099 0
5349 0.1442128341458117 0.5035511409547154 0
5350 0.9237179079346409 0.2202905120630163 0
5351 0.5247209128920298 0.6670592143527848 0
5352 0.9661648688032505 0.8268586299616214 0
5353 0.2204826467552013 0.5032896280632176 0
5354 0.6697689924998151 0.3036554433058387 0
5355 0.1354204707016627 0.8614114121572929 0
5356 0.9263665608126604 0.01618205421004504 0
5357 0.1444064453316569 0.3708216546588775 0
5358 0.01948456605972504 0.249889056069345 0
5359 0.93655409329617 0.989519415970683 0
5360 0.3435969249730546 0.01536406152337855 0
5361 0.4170411065377116 0.01743142496635763 0
5362 0.3810806259847501 0.01575682294500269 0
5363 0.1621030185922406 0.753044062121293 0
5364 0.5820032116233724 0.3860291325572223 0
5365 0.5862569628570251 0.0675566448811884 0
5366 0.4436780171881419 0.2935105822403936 0
5367 0.3657354376364654 0.9913243695775911 0
5368 0.1177911773971564 0.9137148981114939 0
5369 0.9237935103997901 0.661839397016625 0
5370 0.9407343744819308 0.667180969971475 0
5371 0.7023628771973113 0.7629208019764534 0
5372 0.2696264290832305 0.3500936617691869 0
5373 0.7101774634930247 0.4501971438191881 0
5374 0.1037961344767259 0.2311017179051135 0
5375 0.5817307877281719 0.1683767278015316 0
5376 0.8845772486876033 0.7670406941980756 0
5377 0.7951517479201986 0.4340764965220158 0
5378 0.8464062797350336 0.7564129584785713 0
5379 0.3475222165899339 0.7753845557094523 0
5380 0.612518788498337 0.3529839858285419 0
5381 0.936077773085019 0.4156268966640415 0
5382 0.6091852753096665 0.09879334276130242 0
5383 0.6223805504945986 0.01962320255996675 0
5384 0.5106316368127538 0.06974099516888554 0
5385 0.8771380109459116 0.0695901186932863 0
5386 0.9829469840089319 0.689297883433003 0
5387 0.9626766625545847 0.6759431095689695 0
5388 0.7449630240834418 0.4335535787261862 0
5389 0.136251133568294 0.09069508285518457 0
5390 0.03194668988627769 0.8396043029025835 0
5391 0.8653716346484243 0.7078659693906005 0
5392 0.1340308473577579 0.771068858977718 0
5393 0.9651936683608363 0.935104433215238 0
5394 0.1250205332276048 0.1880414414295842 0
5395 0.2423438091128905 0.3795425315263029 0
5396 0.7111078645622706 0.3406266271302137 0
5397 0.2471006645389111 0.1354270131995045 0
5398 0.6430539434780299 0.1948592575572777 0
5399 0.436081746827836 0.4596486892240513 0
5400 0.05959210538024318 0.1885308319604281 0
5401 0.3054594776929589 0.6664987892594224 0
5402 0.7208303499595438 0.3404714754284383 0
5403 0.7942144696689224 0.8163193252555725 0
5404 0.9680280597873865 0.6445341232985073 0
5405 0.3116404853207447 0.5047734196852675 0
5406 0.0867349466843319 0.5732150864070045 0
5407 0.08947229096107956 0.9868312745286804 0
5408 0.01765884715978294 0.1065256670172497 0
5409 0.190434750746604 0.2958670734267813 0
5410 0.4770092908722538 0.9885252388887926 0
5411 0.9742358558956173 0.7947285424551774 0
5412 0.6382057121097986 0.07243426472320003 0
5413 0.4607455781535301 0.9403992412936142 0
5414 0.5833504692518322 0.03019208375307825 0
5415 0.3588547420735568 0.4731034884949984 0
5416 0.6747092986675181 0.01496092738732957 0
5417 0.6336612358891438 0.3635787018280597 0
5418 0.4308879162536494 0.1490630595208964 0
5419 0.7166574605913414 0.8585886272161687 0
5420 0.5234708786293419 0.9227384055084318 0
5421 0.8418208065728595 0.3072191017052468 0
5422 0.07721418393861135 0.2343712563878408 0
5423 0.6186384556756687 0.1203248186122313 0
5424 0.01461319445738807 0.9896905594218843 0
5425 0.521255732453399 0.9858672824724928 0
5426 0.06784950589157984 0.07207649655258491 0
5427 0.05290002913524672 0.07728211477649122 0
5428 0.2644298759120469 0.9388597535557897 0
5429 0.4001254644495376 0.7140863431979989 0
5430 0.0527788593609233 0.04583838613874236 0
5431 0.5764445879766974 0.327606636716505 0
5432 0.02982590060948487 0.3191331930035397 0
5433 0.1077206994520796 0.972601886746298 0
5434 0.4410076831092808 0.1890997709950489 0
5435 0.3791404526335002 0.9901358327631075 0
5436 0.2065502569384428 0.4832902756157357 0
5437 0.934314651709105 0.9804915613564682 0
5438 0.603975240202783 0.8311530503790567 0
5439 0.1006689735227713 0.4570136809349201 0
5440 0.3605218339177505 0.1322475582728895 0
5441 0.7477868098156781 0.1692987529372711 0
5442 0.07029165685574268 0.8556787654757088 0
5443 0.6951613964694379 0.2325603238617622 0
5444 0.4939541549715566 0.1618247690050359 0
5445 0.863229085493473 0.2011877798173664 0
5446 0.07137975469845009 0.9850585308955737 0
5447 0.1999758587805585 0.4681598993133874 0
5448 0.8651654625952137 0.1051698300307373 0
5449 0.5496387110954637 0.2706851129969287 0
5450 0.9378490387276951 0.7812794093188361 0
5451 0.877832924791208 0.4609634589470908 0
5452 0.5280960547358169 0.4528859882445321 0
5453 0.9577696848241514 0.882846247329296 0
5454 0.9420848923789753 0.01694505400998958 0
5455 0.08416156847695538 0.3246942748367416 0
5456 0.5710194661446173 0.3051544930724969 0
5457 0.7338567259061126 0.2892849955805508 0
5458 0.3895916678003956 0.6846958801881136 0
5459 0.708451355100571 0.04056493746447387 0
5460 0.08183098429619057 0.464060145241751 0
5461 0.2164174631047037 0.7677533562892253 0
5462 0.5127692402246109 0.6059949597778316 0
5463 0.04321842861572944 0.7325600444470766 0
5464 0.1196278602525242 0.05027928569624351 0
5465 0.9723069232031708 0.01326546371356352 0
5466 0.3987812208043087 0.4098454520513181 0
5467 0.6538048918004979 0.1985345545511226 0
5468 0.800360206996367 0.7801459375467954 0
5469 0.9174613090368546 0.4890428246976265 0
5470 0.4078742155548691 0.9743429329428765 0
5471 0.09600021953863702 0.1943914086462485 0
5472 0.1232160011733682 0.5373072875912902 0
5473 0.764900505034144 0.7045500022220748 0
5474 0.1859841227251691 0.4158313160230196 0
5475 0.9648857521327872 0.2955278577205292 0
5476 0.4574100248625043 0.3751378980061797 0
5477 0.2662277223389459 0.4800426553890451 0
5478 0.4865185707127342 0.3143343015253264 0
5479 0.9877733258619547 0.0792399903688642 0
5480 0.0449252900414302 0.864377583742278 0
5481 0.6138017145099728 0.204311677112511 0
5482 0.5125658122552197 0.5850608768596961 0
5483 0.2443440725470011 0.8996762161368821 0
5484 0.7001780969249672 0.6894223510609609 0
5485 0.007305767914866201 0.6898714560179858 0
5486 0.3641941751670079 0.605657473529677 0
5487 0.3563131620378461 0.7869655534703768 0
5488 0.3050243058945789 0.6243754214535501 0
5489 0.1837351493499481 0.8020363631429479 0
5490 0.5107547692109965 0.09025226059314789 0
5491 0.7081566358492127 0.5321446528534128 0
5492 0.1790600937396867 0.9127995728310265 0
5493 0.1827276941662105 0.3553521633910615 0
5494 0.02678360595127149 0.1632266086058996 0
5495 0.9514776208670312 0.6930510834977552 0
5496 0.4505944713924618 0.8076723304459539 0
5497 0.4559615011340522 0.6420178274177363 0
5498 0.9637458069241062 0.2621679889120615 0
5499 0.2560376793894237 0.4672318878133031 0
5500 0.9220062266721101 0.9278813923629732 0
5501 0.2427234933395209 0.6720180732415029 0
5502 0.8798437985389487 0.5678861071969485 0
5503 0.8971631389502861 0.03499566048371311 0
5504 0.3585721668794265 0.2629950342947726 0
5505 0.2973458520783647 0.955241227249958 0
5506 0.09840791247998737 0.3982624511528188 0
5507 0.7752839773424635 0.8757230834056421 0
5508 0.7762570177963783 0.328670270716783 0
5509 0.9947065613709628 0.4959130024440008 0
5510 0.7809866410968346 0.4198461458043234 0
5511 0.9642587475759283 0.7794646968292845 0
5512 0.3318478240318777 0.5224074085256371 0
5513 0.2608667943329247 0.7942204916888052 0
5514 0.7336366125242453 0.3983234164492593 0
5515 0.2041950480633403 0.2017793496476523 0
5516 0.1374578775274518 0.6143271816507054 0
5517 0.08821244469387679 0.6019112602272497 0
5518 0.5136486129637152 0.9423974595020987 0
5519 0.7718603002595718 0.509966742381149 0
5520 0.6740757538673983 0.2166922123336585 0
5521 0.8508587517285171 0.8308185940073974 0
5522 0.9457983113231929 0.2525917816011572 0
5523 0.9685115070842343 0.1944680435839105 0
5524 0.3937622942604358 0.3800230892515249 0
5525 0.05198105752293897 0.98604852772767 0
5526 0.3492856837539013 0.590066740785379 0
5527 0.8800416857756108 0.6997024935085197 0
5528 0.07045576295269329 0.555200055694332 0
5529 0.4694861986665779 0.005119465207926777 0
5530 0.835334339381804 0.8037815121160001 0
5531 0.8367838180487019 0.6176446880680297 0
5532 0.7603367871812825 0.6865648671835644 0
5533 0.1658697184129198 0.968232576819176 0
5534 0.08308628792889794 0.9682443329182361 0
5535 0.7135159714726391 0.4309747861148255 0
5536 0.5554346654705115 0.5088426243939389 0
5537 0.8285603470310217 0.9515259781050318 0
5538 0.4829239492609507 0.5734054743634958 0
5539 0.4686381538172677 0.8688654338569127 0
5540 0.2359286758893701 0.6533706112148048 0
5541 0.313207199629178 0.6173556587115618 0
5542 0.7045252988918258 0.9052469208114468 0
5543 0.2096707991090137 0.9487236333462242 0
5544 0.8298768742080345 0.8730212171114045 0
5545 0.1501111404582783 0.01178688794186039 0
5546 0.7283726179134556 0.1314794025283998 0
5547 0.03097340416714728 0.3808092486165245 0
5548 0.3886965177545814 0.7223446751751085 0
5549 0.7341562100891361 0.6328444094849284 0
5550 0.7196246483594964 0.6944947810695881 0
5551 0.9527880906983419 0.9199683151928131 0
5552 0.1964760566795297 0.8811084059886335 0
5553 0.9830069793549676 0.1606167236018853 0
5554 0.9863770062077801 0.1315503494146344 0
5555 0.1846376035953072 0.4840888717912064 0
5556 0.8343198889243464 0.395798808494075 0
5557 0.3927328456255003 0.9665342933340375 0
5558 0.533735117420203 0.674153308282726 0
5559 0.9568210811384672 0.5034380402676329 0
5560 0.3889010935834851 0.7995656612339594 0
5561 0.4018231765464981 0.1363665031741319 0
5562 0.9453705689485508 0.05341035339612626 0
5563 0.1998352739108762 0.941675470350184 0
5564 0.8032873909022807 0.7302049657181634 0
5565 0.8996443141982712 0.5154772765663127 0
5566 0.6386417987026384 0.4416082505511263 0
5567 0.6246275762047306 0.4440547885894677 0
5568 0.08109686949148059 0.1132607886969554 0
5569 0.8010692568214755 0.1420003974926421 0
5570 0.4103877639936084 0.7919051724952462 0
5571 0.3237797295440537 0.317232044390502 0
5572 0.9417912328921523 0.9946215300043139 0
5573 0.2537712021066419 0.05492400117032775 0
5574 0.79503802042587 0.1399827910072677 0
5575 0.591182561423544 0.1681015846316954 0
5576 0.6459517170131955 0.991105574003786 0
5577 0.2770226726491676 0.3638412701821777 0
5578 0.7524761110391562 0.5833660226549875 0
5579 0.9247207538791407 0.4687136634810508 0
5580 0.6394935292177439 0.9340782053684772 0
5581 0.6424792471279435 0.9155652778136685 0
5582 0.9548299578308684 0.8341115874848009 0
5583 0.4667584936936325 0.804138183076448 0
5584 0.2103533438451574 0.1828596439600222 0
5585 0.1687294502566917 0.6392413665938661 0
5586 0.6194285120964811 0.3028818541924903 0
5587 0.9154821033497416 0.1402313043728849 0
5588 0.3997262062602635 0.2957371848930908 0
5589 0.8659097491472725 0.5558332898427369 0
5590 0.4825231848995095 0.687592794482235 0
5591 0.4027507178062269 0.7830085925980061 0
5592 0.6541538739998143 0.791125122004982 0
5593 0.8555858651059727 0.9014860415595741 0
5594 0.9875548602745784 0.7438326979418075 0
5595 0.9580437065177345 0.4178987984997032 0
5596 0.07957930555561588 0.664389214148017 0
5597 0.2309584689561346 0.488582998390316 0
5598 0.01958136263428856 0.8372798531809498 0
5599 0.3351859424934209 0.460924813278601 0
5600 0.8585451396111344 0.9231339613517717 0
5601 0.1924326873476364 0.8436790952453811 0
5602 0.9161616355130298 0.8433636026788724 0
5603 0.9218662236681131 0.209239903023356 0
5604 0.8000500278886162 0.5244832559936032 0
5605 0.341900841011326 0.7550747909036722 0
5606 0.8225706288777139 0.1521246369643419 0
5607 0.3263288041162972 0.2700854482432097 0
5608 0.7637782637487183 0.9603150340186919 0
5609 0.8971879015524786 0.708631840761963 0
5610 0.06959200002377441 0.3962989632091013 0
5611 0.2714741276303644 0.01031729322140151 0
5612 0.07594015244272295 0.007412983142915941 0
5613 0.7561434221291816 0.4466091992241157 0
5614 0.450573083406802 0.4103107154044081 0
5615 0.4767150452108221 0.4025057624319996 0
5616 0.4050123946937675 0.5550850285429513 0
5617 0.8368194275155822 0.03223120484934849 0
5618 0.4711414752785275 0.2032426680185901 0
5619 0.8516263898352054 0.1690872922393513 0
5620 0.3626194029191335 0.6570747240481539 0
5621 0.2733448063475161 0.1636274295068301 0
5622 0.7206322025559186 0.1826380128280607 0
5623 0.1366315988193806 0.6399420878949681 0
5624 0.9225338961383129 0.2583317329029217 0
5625 0.07427787706348021 0.7525522500562138 0
5626 0.9222877303455258 0.2701873875213504 0
5627 0.7517714574360705 0.8370636638451356 0
5628 0.3825518426950458 0.1092241126463399 0
5629 0.7649330743330032 0.8538013404531134 0
5630 0.3029771001086419 0.3997879664596257 0
5631 0.4638644823816042 0.8574766366120747 0
5632 0.2059943340922907 0.3936928638879619 0
5633 0.1129243499277716 0.1430512014565267 0
5634 0.5423140776682298 0.3387296929293202 0
5635 0.4939512222977708 0.09474958797028832 0
5636 0.2645401551550545 0.3835380255739603 0
5637 0.5833444672794794 0.3359866129053486 0
5638 0.8600919204056192 0.5248621251293504 0
5639 0.6172550793487951 0.1880448765951549 0
5640 0.2001254727476646 0.2528511904646976 0
5641 0.3471374949696984 0.6701561294796827 0
5642 0.7200772874862992 0.2366256428471593 0
5643 0.9487295199230706 0.4026844860701644 0
5644 0.520788046641411 0.5355336161385719 0
5645 0.2051581053192852 0.7248437631317909 0
5646 0.1165474497506807 0.8445958643144096 0
5647 0.8418183437515963 0.1619166030008226 0
5648 0.06464317998442415 0.115582027906269 0
5649 0.1479176860708056 0.8247064078760336 0
5650 0.6024877971922494 0.8194864227154218 0
5651 0.8079219951486541 0.240357312841154 0
5652 0.8623978391806668 0.08788363590718579 0
5653 0.8797021776590821 0.8740916265740156 0
5654 0.02932018333034103 0.03699175990770676 0
5655 0.9874205172532854 0.113567198181474 0
5656 0.02899662905249673 0.5546433891998361 0
5657 0.6479073030688014 0.03005496768806537 0
5658 0.8134044869126632 0.780778549887948 0
5659 0.6987127117322957 0.8640975886929461 0
5660 0.3450599549468016 0.1980580661758914 0
5661 0.707966972404511 0.885135332162823 0
5662 0.5088597145180552 0.7369851484878251 0
5663 0.009687714285272875 0.1166853156920504 0
5664 0.1093891333275921 0.7307274840731345 0
5665 0.06173259313970114 0.1296662743340654 0
5666 0.3359861740947808 0.2468509869201748 0
5667 0.98806825944132 0.3233456757723903 0
5668 0.6095217672477398 0.6432406630780477 0
5669 0.479409389613034 0.4954886720166142 0
5670 0.6123205026279819 0.1164265093342318 0
5671 0.9897624252019704 0.183612930668384 0
5672 0.2841624414975275 0.01316065392320453 0
5673 0.5729874078769798 0.262024294230119 0
5674 0.3191167375552602 0.2244671784596488 0
5675 0.8361055496442378 0.822788920978789 0
5676 0.9880507431368817 0.2753038055050757 0
5677 0.7832289957529992 0.02206776323781812 0
5678 0.3467507201728965 0.9917023516077446 0
5679 0.6445642300083247 0.4523027672433124 0
5680 0.9897194025319718 0.2633431116922211 0
5681 0.2688271137913212 0.5376040150869491 0
5682 0.1584958614097196 0.2207759376855632 0
5683 0.6839026296120385 0.3241506569818896 0
5684 0.009177596952720191 0.6271606386738175 0
5685 0.9895774692036134 0.3341954443038213 0
5686 0.8598715501542904 0.5391558954718689 0
5687 0.2276277318950775 0.317580711747848 0
5688 0.3092174565958243 0.8453150643820755 0
5689 0.7637676953084644 0.7538674122018911 0
5690 0.9677621605920337 0.5556285799197679 0
5691 0.1672400364273884 0.4717390173730781 0
5692 0.03412188121667137 0.1537053255703806 0
5693 0.2850266672213901 0.9481245360337875 0
5694 0.5080292332510898 0.5499876429172146 0
5695 0.8750916727067266 0.08712278340083718 0
5696 0.521288330690485 0.3318776053477782 0
5697 0.5316937054332608 0.3429495424408144 0
5698 0.03788295424947896 0.2751192246099898 0
5699 0.4991879296307459 0.3290108464328069 0
5700 0.1145558348183452 0.09522417006993483 0
5701 0.06753056857166029 0.3224047965509362 0
5702 0.03116349183575184 0.8511513221814465 0
5703 0.6459169025782004 0.7235614938380449 0
5704 0.1503702690918568 0.1028581710112448 0
5705 0.3303273656295534 0.2531521042765316 0
5706 0.6948814868917026 0.6350701780365728 0
5707 0.2632668123518552 0.3136590931767242 0
5708 0.6587962698683347 0.4890141507981635 0
5709 0.01535967296698904 0.5464727556533211 0
5710 0.761837796276664 0.4257603136034693 0
5711 0.633219384024307 0.530158113629784 0
5712 0.4171083213045491 0.4615298167746036 0
5713 0.9045653460221545 0.3882983769697909 0
5714 0.4422948809801289 0.9146620656838431 0
5715 0.7623911546754951 0.2924389232923558 0
5716 0.6644897416618085 0.03216395473913614 0
5717 0.6689736578352251 0.05542813499324811 0
5718 0.970413612590494 0.9157602980099639 0
5719 0.9507799660513843 0.7684870215650994 0
5720 0.514016542889701 0.2924088203042599 0
5721 0.9245232079203966 0.1419849044901755 0
5722 0.8594857437169183 0.248796296429214 0
5723 0.8496678314286863 0.2634375563063793 0
5724 0.736309629834309 0.08292797154202763 0
5725 0.7194888448314476 0.08733146262236957 0
5726 0.8323798385391561 0.9916108737478735 0
5727 0.178660980359545 0.5425364333105712 0
5728 0.9868940525619205 0.0932372569816402 0
5729 0.9060638030163533 0.8365704156704508 0
5730 0.7323521494508229 0.4233773859037897 0
5731 0.1149923573278459 0.3384513305987774 0
5732 0.6388775358198447 0.9747530607883883 0
5733 0.9839682528795286 0.8238906135039459 0
5734 0.4215253300400844 0.4136932823436205 0
5735 0.9391242998693852 0.5959563727855036 0
5736 0.7366277271438961 0.7398677553046533 0
5737 0.6938764050238773 0.9889630520510063 0
5738 0.2223083015614566 0.1857923486373377 0
5739 0.4893334686434985 0.4402581979234765 0
5740 0.2477220532518565 0.2999956783792821 0
5741 0.4254393686111129 0.6897164795966622 0
5742 0.5093648060263961 0.5677731686654921 0
5743 0.495408916648548 0.2818307040879105 0
5744 0.008060856002712558 0.7017489903333758 0
5745 0.03977915360594342 0.710122188686527 0
5746 0.5532114854829709 0.979083472091109 0
5747 0.5226660873376334 0.6253062172459853 0
5748 0.5489951615454901 0.1060251074698013 0
5749 0.9174805789468534 0.4031295187339612 0
5750 0.2973444514583192 0.7114755248733393 0
5751 0.2782332028964892 0.4451656055843468 0
5752 0.4788586442022076 0.4247328612292601 0
5753 0.8957444660552936 0.2850407485260444 0
5754 0.8124601701316088 0.1880724758532616 0
5755 0.9400686927119998 0.16309413564355 0
5756 0.2742742429518226 0.5808796915833875 0
5757 0.7460812283853249 0.4951354439815457 0
5758 0.1450284014960831 0.04495604759951144 0
5759 0.5340018292154199 0.5889165467257371 0
5760 0.2341508349464125 0.009261675063909902 0
5761 0.2722783570075992 0.8667017860054214 0
5762 0.9854122529132894 0.7680680990782602 0
5763 0.1561086795113033 0.6042915986330791 0
5764 0.9919786825632155 0.03160834899758153 0
5765 0.492534702750593 0.5408753872810448 0
5766 0.5419300368275484 0.6867968086344565 0
5767 0.4407061524177486 0.1402885451702904 0
5768 0.5716411359117863 0.04745788971623699 0
5769 0.4823483315684517 0.6765429475037334 0
5770 0.01565543490730914 0.8461239887896039 0
5771 0.4548555921352973 0.01056509638243436 0
5772 0.2023881021943161 0.7796181536176811 0
5773 0.562037509978434 0.9217749637519652 0
5774 0.01486259364781534 0.6457624314567261 0
5775 0.04693688704556181 0.5911150673182679 0
5776 0.05442167821343108 0.461085164936987 0
5777 0.9891494525652487 0.4718295087097602 0
5778 0.4500809359181017 0.03792192154312285 0
5779 0.7709405662739457 0.03679692927881184 0
5780 0.5293577248738104 0.8444102254864941 0
5781 0.4106016504975694 0.5682303575142205 0
5782 0.374490271450299 0.9024373366992282 0
5783 0.8151762582148172 0.3809505618186804 0
5784 0.7874776429603303 0.965045281393525 0
5785 0.9729656400655492 0.3673330071110415 0
5786 0.2143351727901817 0.6894974722776153 0
5787 0.9846537824562593 0.4383364290832777 0
5788 0.8771607905880314 0.09571823119113387 0
5789 0.2635192610902882 0.7659455629452959 0
5790 0.644505219797386 0.4781007444418634 0
5791 0.645314032272947 0.9820296382538152 0
5792 0.287049274344483 0.3843242741983793 0
5793 0.6588669289829931 0.9426848676880636 0
5794 0.4119869075749219 0.1401851128758907 0
5795 0.1257185089414863 0.393970686328767 0
5796 0.1778686311427839 0.2049308119842478 0
5797 0.7799446889023969 0.05035039923618645 0
5798 0.145999135225202 0.2564640750164222 0
5799 0.450610044831099 0.8935051370005024 0
5800 0.9513589376973703 0.07767607600673598 0
5801 0.2292722896855449 0.3055523315951861 0
5802 0.5952684657201033 0.6594232177597212 0
5803 0.7138879702359509 0.4899174461444606 0
5804 0.6771312498883709 0.6883554964820844 0
5805 0.8897219643240373 0.915498613680588 0
5806 0.7428609505679783 0.1399319638906272 0
5807 0.4473087342127466 0.9850046569628852 0
5808 0.1848523731217712 0.06589892352729371 0
5809 0.07489505433635651 0.7736157039244658 0
5810 0.8574422303245208 0.6468424208953534 0
5811 0.7878915839607623 0.5271212523876249 0
5812 0.8809848555998298 0.1696835868506379 0
5813 0.6598953778195111 0.8029397857823519 0
5814 0.1803818743570138 0.8941960620905128 0
5815 0.6345026686055113 0.603114622006504 0
5816 0.3406221196996084 0.2699232395709907 0
5817 0.01432426580701218 0.5268432289206532 0
5818 0.5713634795535631 0.4715468718901609 0
5819 0.4096763830959517 0.053040659367521 0
5820 0.7966339112669032 0.6236607119592378 0
5821 0.5183037442390346 0.7240952706208548 0
5822 0.1511597058113408 0.2368409355642197 0
5823 0.8558705107566917 0.2790076772541127 0
5824 0.1178899768940517 0.9552562697685046 0
5825 0.8059953971059947 0.8045019266308281 0
5826 0.3702300749728926 0.8301534256271856 0
5827 0.2471287443519195 0.2819542650908056 0
5828 0.3961875094946418 0.2356786695061776 0
5829 0.4927948195260338 0.945045408792016 0
5830 0.9143834392495334 0.7888454088522573 0
5831 0.1238206777147426 0.4094372368460716 0
5832 0.1826982573184842 0.8303830695139376 0
5833 0.6450352071689138 0.7604487090167797 0
5834 0.307697092057679 0.3080410891954627 0
5835 0.7946599902664019 0.8695362675591789 0
5836 0.7207384397744079 0.5184894381592353 0
5837 0.6326312386891695 0.08056466833964676 0
5838 0.3444951770760452 0.1293982997739886 0
5839 0.0123310201026392 0.03413703252717526 0
5840 0.2319549386721039 0.3842868613815609 0
5841 0.9415663606789879 0.1255734538640133 0
5842 0.5672333866544763 0.1050894206191521 0
5843 0.6175920225425281 0.2545270998110506 0
5844 0.5488693558765183 0.5239086954547544 0
5845 0.5311115883134903 0.7323153014028516 0
5846 0.9336444319846176 0.7686457296482618 0
5847 0.5924657919220893 0.2034298894817874 0
5848 0.02574184318083694 0.9949234333209059 0
5849 0.1824727815051984 0.1379415144617757 0
5850 0.6524344985570241 0.06931805460865703 0
5851 0.9925047859218483 0.5838850575527963 0
5852 0.1303694216816298 0.2638370858578942 0
5853 0.1051724639639023 0.9435121800875059 0
5854 0.6836368904952229 0.7586691111460921 0
5855 0.2704581948640913 0.6724389043571618 0
5856 0.01432477275313471 0.02267795434756803 0
5857 0.4534796946774614 0.2474438570918337 0
5858 0.7414776334488016 0.9565131346963249 0
5859 0.4405672012701033 0.5867174204906165 0
5860 0.972943793073013 0.06577939266386157 0
5861 0.275074114774353 0.260151126041156 0
5862 0.3138515795011896 0.9520542792596406 0
5863 0.7115388854017991 0.1063659862928942 0
5864 0.3270790136869252 0.4416489087544078 0
5865 0.7805330789043364 0.2616183196672187 0
5866 0.6855143529627354 0.0697644146844576 0
5867 0.2608393803797039 0.4386965672479559 0
5868 0.5627807354376529 0.1694878333122927 0
5869 0.8377190924011355 0.06107945167866013 0
5870 0.6547616849477367 0.7018468747810356 0
5871 0.7718100836859292 0.9168146782336533 0
5872 0.5513854513445577 0.02951569866665438 0
5873 0.878693198540268 0.7526551681959999 0
5874 0.4900680488755647 0.3975798954676235 0
5875 0.06831940153339344 0.490265192669988 0
5876 0.8218932293681627 0.7990300804191418 0
5877 0.8897155052191492 0.7829868490370845 0
5878 0.21104396268679 0.5724662230929862 0
5879 0.7313155335060275 0.7168347413194011 0
5880 0.2623947940197946 0.1412917004760845 0
5881 0.178365862664101 0.8744768233294125 0
5882 0.708779485174742 0.02524312132210965 0
5883 0.566238999442201 0.2823827478586807 0
5884 0.8157912654601915 0.4342209995331981 0
5885 0.4396917100772612 0.2262754434236292 0
5886 0.4304182665335656 0.185615185690662 0
5887 0.3175353335056966 0.4230318365480274 0
5888 0.6754521977447067 0.3155284509704107 0
5889 0.6284130578806427 0.6407775302089516 0
5890 0.7567152985251249 0.8887408070841185 0
5891 0.1618541913023038 0.8733354768036772 0
5892 0.4262586936684125 0.4606212649394501 0
5893 0.1688298451998916 0.3430546585447579 0
5894 0.6163815991648671 0.7111507295169868 0
5895 0.4489632318704807 0.7748014601522204 0
5896 0.8927139197078366 0.9334852666211189 0
5897 0.9083378395010669 0.9390853807332793 0
5898 0.7590056526358575 0.6390213691928929 0
5899 0.3913038494002864 0.3960468400344917 0
5900 0.4227599796984218 0.0691717157982531 0
5901 0.8601750935364734 0.4906567304910037 0
5902 0.4984604461096878 0.2971185601252119 0
5903 0.5524746945996807 0.4124970612121354 0
5904 0.707458599030829 0.8288454431775159 0
5905 0.6145386394393549 0.8724110776511845 0
5906 0.285162989460435 0.9035079664657012 0
5907 0.5698432195228996 0.5218741164541422 0
5908 0.8413450089072871 0.687545999045257 0
5909 0.4536784747267889 0.1935868700033467 0
5910 0.4830611317157794 0.1546624199841624 0
5911 0.7996181208824953 0.4909368336111531 0
5912 0.9572862800198549 0.7071304417907711 0
5913 0.4676101052641162 0.4641822058232896 0
5914 0.1214771267949774 0.4461486579468199 0
5915 0.05738346857699805 0.08519952333486702 0
5916 0.5381513493613108 0.8292880085993679 0
5917 0.3155338679283815 0.6854258689678342 0
5918 0.4586357272920885 0.9244116603944926 0
5919 0.7216894432803709 0.9352340056443235 0
5920 0.0246973938828976 0.01041534039302339 0
5921 0.04543206190709426 0.03522068780142024 0
5922 0.3660654656169646 0.4130749924385957 0
5923 0.2272077596919254 0.9452726321330474 0
5924 0.8108957487320967 0.01483560966637254 0
5925 0.477461721901572 0.365450860931453 0
5926 0.04606466206660009 0.5122179960167088 0
5927 0.1936133684795944 0.9318296881165913 0
5928 0.7538049305529327 0.6333580988729053 0
5929 0.275193527539632 0.9453884459015464 0
5930 0.7342408928908357 0.242183283230674 0
5931 0.979262399674978 0.009656940050101481 0
5932 0.5257724539426429 0.6030651644444507 0
5933 0.6742403545630679 0.4843322253764369 0
5934 0.9946184591012854 0.733729376660726 0
5935 0.8665470207213397 0.7972519792174977 0
5936 0.4048204792228713 0.09038011648047239 0
5937 0.3073876598733346 0.5977596657806397 0
5938 0.1945367022846534 0.1206311319371596 0
5939 0.1451281919503278 0.2840011052540766 0
5940 0.8222358568050082 0.5048245481360895 0
5941 0.8172844792023886 0.6140654239478535 0
5942 0.4500689906325638 0.5879696726670022 0
5943 0.8592961204500018 0.8273981843060361 0
5944 0.6248770281321091 0.2538943260240223 0
5945 0.6374730576670699 0.872801356966635 0
5946 0.2267825508138525 0.5969159485817401 0
5947 0.7002574110331814 0.1194838877062517 0
5948 0.1020599246293966 0.7641190708634429 0
5949 0.5288702630334564 0.168478381738396 0
5950 0.7367886449705845 0.7710653833597665 0
5951 0.0332571937776911 0.6422422658163327 0
5952 0.1733109034018434 0.6937236174876776 0
5953 0.3262003150834544 0.1763583198641584 0
5954 0.1054796429350656 0.2189804026897357 0
5955 0.4749717860622282 0.5203940040337389 0
5956 0.9641846766116084 0.06663930295928577 0
5957 0.5703408967972304 0.03022760377973105 0
5958 0.7852248721592079 0.6508746512581005 0
5959 0.3382112011257012 0.9539025877904643 0
5960 0.2520050175929466 0.7542434334332455 0
5961 0.5538105414512668 0.476009081281152 0
5962 0.3350504319793143 0.3503758035185445 0
5963 0.7759807786184139 0.6252846719021121 0
5964 0.06533212194762816 0.9682757268057065 0
5965 0.5580107150229796 0.4250607652160331 0
5966 0.5648433620943125 0.4146594948970483 0
5967 0.4085490721280255 0.5236284855667522 0
5968 0.1155677149126187 0.461229746873986 0
5969 0.1135605603660723 0.8608023089999424 0
5970 0.1276071198822148 0.4355549182897933 0
5971 0.5511292190976338 0.7176165451306588 0
5972 0.2561091090994768 0.6681904736065452 0
5973 0.910670962843753 0.2018764419548476 0
5974 0.2101280749238438 0.2908782835824182 0
5975 0.9206446182902215 0.573662080533126 0
5976 0.3490570338397772 0.4297503852007495 0
5977 0.659624990307706 0.8725440773515039 0
5978 0.7091834060209929 0.9378135955055602 0
5979 0.5224075181329528 0.8998542076035825 0
5980 0.9762873687629812 0.4084705023791003 0
5981 0.03551537996567211 0.8099810094518822 0
5982 0.4127424679907109 0.516365310876332 0
5983 0.5110265787527902 0.8154434739158143 0
5984 0.8714554922357742 0.5258605759384519 0
5985 0.752509414478571 0.5070448600059152 0
5986 0.9458112982206421 0.8700983530941069 0
5987 0.1922264571175771 0.3932821261773206 0
5988 0.3495053020836533 0.9502184450147535 0
5989 0.7851783147893687 0.332297151777204 0
5990 0.5939964953579325 0.08799754595063314 0
5991 0.6087611468241572 0.9436110693247681 0
5992 0.2835548602051471 0.6749528262949754 0
5993 0.1324109730162594 0.5263163528513172 0
5994 0.340711210151136 0.03251578273380074 0
5995 0.1245145878554819 0.2813310338400389 0
5996 0.3227160606985308 0.7058031276090564 0
5997 0.08785035819696763 0.03070381666677446 0
5998 0.5972111077077584 0.07460603747939992 0
5999 0.9937145475451109 0.1514141812969027 0
6000 0.4621060122638384 0.9562573236492474 0
6001 0.5546695624394852 0.6699477550762046 0
6002 0.9634558136552707 0.01212660624156436 0
6003 0.7923314857935797 0.0960548972788941 0
6004 0.03458985063794007 0.5765441084062257 0
6005 0.7447972084535215 0.1866326780842303 0
6006 0.976362499458735 0.1752150949795282 0
6007 0.0132319227569947 0.3682995799920281 0
6008 0.1966686914677672 0.744442710483237 0
6009 0.9425828887611241 0.4587634186364246 0
6010 0.2891334856475883 0.7317762490462847 0
6011 0.8635855103053747 0.06968703474321858 0
6012 0.9863849688366448 0.9182631062163856 0
6013 0.09635726806949613 0.9105767701888432 0
6014 0.6660658320446423 0.4117418464473145 0
6015 0.5274321539299445 0.7942058699060843 0
6016 0.8424258974890004 0.8150513508158957 0
6017 0.807653903821324 0.8670909418572157 0
6018 0.3777541848117582 0.4747026522634388 0
6019 0.9104544578435687 0.6081462973084784 0
6020 0.3036790606815333 0.9305339586461701 0
6021 0.4588103752978571 0.4546125381738146 0
6022 0.08068843985520735 0.8675557830259977 0
6023 0.4953427677353731 0.05753397141998312 0
6024 0.006256373976833873 0.7696651156702208 0
6025 0.1777865358683 0.8228446394541189 0
6026 0.06260395718574335 0.9094435636821228 0
6027 0.3225584648891105 0.1976015278350691 0
6028 0.6418726367321365 0.3784944316953874 0
6029 0.09652002719471037 0.2835286490187158 0
6030 0.9276705086665036 0.2038550105867654 0
6031 0.6308135932040839 0.7503445515254316 0
6032 0.8824652215488699 0.9649148110318524 0
6033 0.8339741817202958 0.2632676667644446 0
6034 0.9495717119609715 0.3666003105743484 0
6035 0.9938968244724132 0.4649815754969289 0
6036 0.7629995345288575 0.9299644448894279 0
6037 0.8407265572350273 0.9404861700642357 0
6038 0.1554120224839184 0.9888003897062413 0
6039 0.4863284167983483 0.3529384934911454 0
6040 0.6366209906450964 0.2606384438692495 0
6041 0.3884935027633336 0.029492894089102 0
6042 0.8783625973248883 0.029881791679296 0
6043 0.6375971064815369 0.2173503609045271 0
6044 0.4848247459503888 0.4543880070518576 0
6045 0.4787565175163682 0.4460653501621582 0
6046 0.273349710341923 0.3035680317354799 0
6047 0.07718492916526232 0.01513388201649668 0
6048 0.4969056552130586 0.6772061589249434 0
6049 0.1559543565415078 0.3399970269214175 0
6050 0.1213254163713977 0.1447149509105996 0
6051 0.4424572235188783 0.6538100101775967 0
6052 0.4801063452795903 0.3278355904556057 0
6053 0.1324178228531495 0.3137322987294364 0
6054 0.1146215185519867 0.3104674776174934 0
6055 0.7828422976019769 0.1176631747083542 0
6056 0.1061549360803254 0.8768066141229516 0
6057 0.1334501907495031 0.7315917217039536 0
6058 0.03627726437249579 0.2951708327368394 0
6059 0.1105199740506623 0.392013318429043 0
6060 0.9835428883014294 0.3583917686090136 0
6061 0.5823820230085955 0.1006863918459585 0
6062 0.7082648397306808 0.01078628357097683 0
6063 0.1266977861855872 0.09638030914063078 0
6064 0.4115461651227679 0.7041353157442317 0
6065 0.3372893594585481 0.5813777729877065 0
6066 0.9482547306367578 0.08697915718138177 0
6067 0.03497256209048832 0.8675902260908199 0
6068 0.5244062235333273 0.287075681179868 0
6069 0.2710229390064569 0.04168868276883858 0
6070 0.4858488672789305 0.9943330754861557 0
6071 0.11301768513371 0.1889272529063344 0
6072 0.6213696441728044 0.1401163163945296 0
6073 0.9362648547951605 0.2405446404746365 0
6074 0.4235398933554956 0.8805099663303917 0
6075 0.7073395171192666 0.8466428399983129 0
6076 0.2707011818325833 0.8214075743713951 0
6077 0.9100243983839655 0.9543355129340003 0
6078 0.3028855644998806 0.9187265595293861 0
6079 0.9819970904733442 0.57623466865396 0
6080 0.8493768367164334 0.6236399666612206 0
6081 0.4196464437265305 0.5548868424287445 0
6082 0.8690948432636315 0.177170903884218 0
6083 0.6521847662861482 0.9153554252159409 0
6084 0.2929522508473313 0.03719906398235295 0
6085 0.264465950019402 0.9065375411130083 0
6086 0.5783628950535132 0.9303373231349273 0
6087 0.5274908813147562 0.8126168022966848 0
6088 0.4663873427597625 0.3876485296807839 0
6089 0.2165549472344297 0.005775514873510856 0
6090 0.3284586059734441 0.006259588770706592 0
6091 0.9826304552543921 0.7866247078355906 0
6092 0.0204006751196304 0.162018225515868 0
6093 0.4040839324928868 0.8934630853023739 0
6094 0.5613467507905103 0.4040513792795767 0
6095 0.09394033699686077 0.1392169753205179 0
6096 0.6685307471134155 0.9325333303988355 0
6097 0.6824939718575942 0.0273541784990734 0
6098 0.8294879796351011 0.3594759573798614 0
6099 0.2393953594781106 0.4607959066304289 0
6100 0.2686988288009378 0.7516046037615294 0
6101 0.8811782171100835 0.5234858104602672 0
6102 0.3655966309657763 0.8057468798251788 0
6103 0.9707596460717673 0.8156501789325006 0
6104 0.3528131540906099 0.1372621435935818 0
6105 0.986311894625469 0.4174533848503421 0
6106 0.8681868093204064 0.3991685383209755 0
6107 0.2529781819923 0.3820644458831934 0
6108 0.5911145280218507 0.3449263623833285 0
6109 0.5701313728306278 0.9828649192353969 0
6110 0.9010813048639639 0.1929782009225036 0
6111 0.167668894047606 0.9555170347879591 0
6112 0.2120388931746289 0.5429591322568579 0
6113 0.7821086535295403 0.8327560292526797 0
6114 0.02132622206267715 0.4058441182993426 0
6115 0.01270715145703605 0.4096265114344114 0
6116 0.9490130164884136 0.38918145472289 0
6117 0.6385514250570252 0.01465400391681887 0
6118 0.1102069357279162 0.777342967403361 0
6119 0.9086392066647175 0.5322098710055502 0
6120 0.0383587230426416 0.7190372911617746 0
6121 0.8889974495836217 0.3635252628176515 0
6122 0.1442962776581645 0.3608528678912334 0
6123 0.5917513601779936 0.1607547065792574 0
6124 0.05689542237788692 0.9545507638616463 0
6125 0.3121490802302579 0.0918872411071513 0
6126 0.1566180115538617 0.4985678026432611 0
6127 0.9662049324284068 0.6928964497342489 0
6128 0.7165994106004919 0.6079554987128598 0
6129 0.1728689519239515 0.5652793501126496 0
6130 0.01308410015783834 0.7067894734473139 0
6131 0.571289990715303 0.7862340437736807 0
6132 0.8003178694009903 0.02844514844240548 0
6133 0.1744403699789237 0.6430773511995712 0
6134 0.3915158154072046 0.2627159068966962 0
6135 0.01814104947088752 0.2589737196691047 0
6136 0.5319801803955448 0.262044176273435 0
6137 0.06562146145980352 0.992636220966081 0
6138 0.2332453856998618 0.9856109241649275 0
6139 0.4287440211057591 0.2805085136491013 0
6140 0.4796138837027513 0.1377012928481371 0
6141 0.4759638512446098 0.9481028863423406 0
6142 0.8681024603103578 0.5130066910286103 0
6143 0.7349429989096872 0.8311131266451587 0
6144 0.6879215238131292 0.737527177415339 0
6145 0.420308277675513 0.9877384696777726 0
6146 0.2114472360670197 0.7166908639112567 0
6147 0.9100404583745294 0.541423070905478 0
6148 0.2343092669796601 0.4284295292689703 0
6149 0.3906060371674775 0.2098247854565458 0
6150 0.3943600140482836 0.4637990610437769 0
6151 0.573537654828442 0.220556523127755 0
6152 0.1644276905322372 0.01491644326522579 0
6153 0.7763307048530735 0.3542290961370144 0
6154 0.7724107863970229 0.3446559579585901 0
6155 0.7027173055335476 0.4797416363629242 0
6156 0.1084201614353492 0.650132024225625 0
6157 0.522645262119635 0.8858882633435372 0
6158 0.8570417771021428 0.694779549507165 0
6159 0.9070254056479758 0.6370305495381816 0
6160 0.5734475332686088 0.3167011872150593 0
6161 0.7249024879502958 0.8618191266861448 0
6162 0.8745746092609437 0.88266096721158 0
6163 0.6344777471689982 0.9667059855159525 0
6164 0.4454598781204251 0.3774860350186797 0
6165 0.370676995674439 0.2615884577650666 0
6166 0.5085369196937067 0.1990595778721606 0
6167 0.2212614517428898 0.521919165887256 0
6168 0.3544012402052967 0.02783200800504759 0
6169 0.6943409592376422 0.07989860363192225 0
6170 0.7168732646464696 0.3952412372248263 0
6171 0.7311135929697232 0.0296870537487578 0
6172 0.6374580966110008 0.971273445201704 0
6173 0.1317054456070452 0.5505703344425497 0
6174 0.9075130894607317 0.6220295622166599 0
6175 0.1282744933571558 0.5021608635918159 0
6176 0.4387143805700502 0.6614431144773789 0
6177 0.5493809042357859 0.815246132712466 0
6178 0.3150139717250943 0.04588386645262349 0
6179 0.2473604806039865 0.6549981979771187 0
6180 0.1312572929409682 0.9068446173684047 0
6181 0.4109106273011822 0.9213307510290436 0
6182 0.9172813777577529 0.4527408187778055 0
6183 0.4921086479605678 0.2164016236885465 0
6184 0.6121797017651214 0.1772353739258296 0
6185 0.9817945974366841 0.813984481202826 0
6186 0.4632636660833589 0.4943755263513473 0
6187 0.6596789730136134 0.2849472321040496 0
6188 0.4865633051336914 0.1272118129721314 0
6189 0.8435749378330151 0.2917573631522123 0
6190 0.03346124602338524 0.1756854584715129 0
6191 0.7161094946655264 0.6240505129126497 0
6192 0.5701096816602726 0.3915015958299207 0
6193 0.3757185706839281 0.6827778189763067 0
6194 0.6279450576843484 0.1960751622142154 0
6195 0.6388334631164297 0.628505089389005 0
6196 0.7301457688756552 0.116133719038534 0
6197 0.6603266295163842 0.2686874969861323 0
6198 0.674808309636495 0.9904673856729191 0
6199 0.6816648715225476 0.8530671912763825 0
6200 0.4905408618862079 0.5251207561636535 0
6201 0.1651254792402396 0.9182435214406479 0
6202 0.4999954590926596 0.4605053194206724 0
6203 0.460143293016667 0.08499649036627888 0
6204 0.07660904149645287 0.2002016252963442 0
6205 0.5195539045758861 0.4617235933597298 0
6206 0.4653561757917636 0.3026122945710836 0
6207 0.6941437291149058 0.4817242994700641 0
6208 0.3288897967823588 0.7404425262005774 0
6209 0.868642833316744 0.5049815146785358 0
6210 0.3224932120734417 0.4566515255830989 0
6211 0.03492739564245406 0.601353234768344 0
6212 0.00726073574757391 0.1625652070376026 0
6213 0.9361729340268636 0.6780734474400536 0
6214 0.5408092409957195 0.5854799689258767 0
6215 0.6055401165248033 0.2166252294167764 0
6216 0.17942477561345 0.03192571873676348 0
6217 0.1816230410254697 0.3091279616232864 0
6218 0.03168781123925019 0.7910717193765717 0
6219 0.7562889155217104 0.3606823159469115 0
6220 0.2895391475207093 0.2100105980125482 0
6221 0.07713177085211792 0.2180931520161999 0
6222 0.3712695282812994 0.8845834612086306 0
6223 0.1054371578773465 0.5497600859114835 0
6224 0.08865175913125933 0.1009280515333195 0
6225 0.2408300334044868 0.006011482968210524 0
6226 0.6575750919108335 0.5972858837601009 0
6227 0.377721364180877 0.2221832038028258 0
6228 0.06055405303622896 0.776963280983247 0
6229 0.06645371426668834 0.1795748882260405 0
6230 0.6491212509809393 0.5050742653382092 0
6231 0.3941017442446359 0.6999871554890404 0
6232 0.2261071667475967 0.08611688429244285 0
6233 0.740914970606607 0.6318559631652533 0
6234 0.6518799529374747 0.1905313221736744 0
6235 0.006848376885333352 0.5817018764459639 0
6236 0.08362716236754897 0.806230815687621 0
6237 0.1533735096909294 0.6382604816591368 0
6238 0.8302333890583771 0.8419019035740662 0
6239 0.480956656596623 0.5882810850512533 0
6240 0.7918044467607189 0.7683951728610141 0
6241 0.7891102895034543 0.9162453492868596 0
6242 0.006909626661828705 0.4679923998947365 0
6243 0.1982471087520403 0.4064920775591701 0
6244 0.1703747922796571 0.4642412169675875 0
6245 0.4065491343909768 0.4939514947444834 0
6246 0.6884544976281484 0.3384008141554997 0
6247 0.2256911370353723 0.6953921271380901 0
6248 0.5282435586302423 0.3532113613443251 0
6249 0.4961368159461605 0.5782211294358859 0
6250 0.9373453361388296 0.5761781097444729 0
6251 0.4333603373554114 0.9876582778739428 0
6252 0.9867211945095228 0.6515157642032658 0
6253 0.5830250175877136 0.5103742856557276 0
6254 0.5893837118059966 0.1100932010946181 0
6255 0.6988516641745671 0.4298219822710353 0
6256 0.135975457547291 0.1653286193650643 0
6257 0.9286150589264794 0.4370046441952078 0
6258 0.4497527271807008 0.02447147965351637 0
6259 0.5835190191235327 0.2531985527485745 0
6260 0.8526114222363037 0.03064198042425093 0
6261 0.02488889174872799 0.5485314269776917 0
6262 0.3433926808168053 0.5684439681626383 0
6263 0.4041150527193428 0.3351278109438908 0
6264 0.2031803377430355 0.1907099981252398 0
6265 0.7625171979747301 0.2646446166223068 0
6266 0.4405644752737107 0.6353815277785189 0
6267 0.4312318774456175 0.07125797996427685 0
6268 0.7487489443229807 0.2977916426345414 0
6269 0.542304897761821 0.46193031550161 0
6270 0.9035497226660318 0.7229797187742069 0
6271 0.9436254318998091 0.7874515260506805 0
6272 0.4119064352007304 0.8376953260552155 0
6273 0.5310174187155952 0.2216962280932855 0
6274 0.04177369030095779 0.3853470891417732 0
6275 0.1797071009381843 0.9275568823903332 0
6276 0.8453011601978699 0.9122139874351338 0
6277 0.8955688863644339 0.9509744156693115 0
6278 0.03703489111651637 0.934604428891344 0
6279 0.5638684834708886 0.2965884437074696 0
6280 0.009403722442940965 0.009260815805333666 0
6281 0.4457125449156544 0.8257792429595907 0
6282 0.594333720796267 0.9389453760026238 0
6283 0.5329153479656221 0.5252563455222238 0
6284 0.6641283510606292 0.8251417572051862 0
6285 0.5504717637815334 0.3384454803530341 0
6286 0.4707147049011707 0.9170249120070479 0
6287 0.9729501818510939 0.6566418623570239 0
6288 0.2422885237865224 0.4761335644225708 0
6289 0.6917888144026297 0.7453728869482426 0
6290 0.100094850645838 0.2473012661135993 0
6291 0.04854788903750575 0.2898748494095408 0
6292 0.0666811676132327 0.2721218277252571 0
6293 0.0665732469967838 0.2878178722687948 0
6294 0.08297791270739957 0.2690975720848806 0
6295 0.05646134821536213 0.281960394287177 0
6296 0.07599510706647247 0.2808167515056782 0
6297 0.09515434497268654 0.2590505468190217 0
6298 0.07453404922307513 0.2606009555198882 0
6299 0.05673728904910179 0.294089747163777 0
6300 0.08648604142757738 0.2521455818848609 0
6301 0.1595969843190435 0.3015075735929336 0
6302 0.1853939940266162 0.2156992682409435 0
6303 0.1723844153068438 0.2830234634164562 0
6304 0.1694560588389424 0.2628384204794816 0
6305 0.1595407486475154 0.2876581303216755 0
6306 0.1775475542117369 0.2450781439912106 0
6307 0.1704159233341594 0.2990078737507935 0
6308 0.1824601834668933 0.2281054980398052 0
6309 0.1616731486297786 0.275694367542665 0
6310 0.6118814176398965 0.03840926305055797 0
6311 0.6215026280037744 0.0736993117068548 0
6312 0.610731750142013 0.05894066668587562 0
6313 0.5975429243303363 0.03399494062997901 0
6314 0.6219159274853731 0.06207541329661413 0
6315 0.6078182418511727 0.02731248010798725 0
6316 0.6045858190709303 0.0479555688831579 0
6317 0.6172826939940067 0.0507523976617627 0
6318 0.524746131621026 0.4222995940065123 0
6319 0.4993962005487692 0.4234388235643621 0
6320 0.5114344292255134 0.4298921820868688 0
6321 0.5250683117080867 0.4352255851083762 0
6322 0.5123849083980396 0.419808175959218 0
6323 0.8539316450717994 0.5667908252649573 0
6324 0.752982470372849 0.6155879847826906 0
6325 0.8315650601029857 0.5638612840346767 0
6326 0.7655805066503737 0.6052580192095617 0
6327 0.8208519174630395 0.5767760173641642 0
6328 0.8005814939311658 0.5860459312734309 0
6329 0.782584277848635 0.5950314479254988 0
6330 0.8461964327193955 0.5586937519731144 0
6331 0.7501682232086059 0.6029487543677795 0
6332 0.8408387078022549 0.5743422212324307 0
6333 0.6279942942685215 0.2769008487034867 0
6334 0.602708473954134 0.2825798173838595 0
6335 0.6148487910888709 0.2845967221865995 0
6336 0.620366644366801 0.2683246260010027 0
6337 0.6084339780543281 0.2728003106180056 0
6338 0.6299955468649905 0.2676993433178013 0
6339 0.4307014828190956 0.5398322128218614 0
6340 0.4263849761235951 0.5201579571575524 0
6341 0.4223056106801973 0.5313800952270774 0
6342 0.4354626110192198 0.5279365032343949 0
6343 0.4228324251506894 0.5432883433171327 0
6344 0.5293231451315988 0.3006642123759417 0
6345 0.5609699469122925 0.3268613481110568 0
6346 0.5495112641097202 0.3188200707302206 0
6347 0.541911631782185 0.3064849382409413 0
6348 0.5353412578551662 0.3160758625464089 0
6349 0.554010393521729 0.3101039064409137 0
6350 0.5616728223599617 0.3167927099594757 0
6351 0.5271410803520979 0.3099192312826078 0
6352 0.3822004224097892 0.4323055766574022 0
6353 0.4696071664789747 0.4351605400859031 0
6354 0.4555502098429485 0.4354504390408511 0
6355 0.3995506990102153 0.4315678452666332 0
6356 0.415584763746709 0.4366664899438863 0
6357 0.437046254025344 0.4360828790499851 0
6358 0.3875971484368922 0.4428347940469277 0
6359 0.4001472131041491 0.4432941702400505 0
6360 0.7320540170759711 0.522035383906449 0
6361 0.7773029166473235 0.532077774417107 0
6362 0.7460081814971703 0.5257743909941605 0
6363 0.7662205087227107 0.5299024237455265 0
6364 0.01301572884467281 0.1722667940519528 0
6365 0.04283285938731451 0.2513478836967363 0
6366 0.01554223696915496 0.1862219215582657 0
6367 0.04076684825552034 0.2361402580634239 0
6368 0.02435329845135755 0.2043446659213986 0
6369 0.03136173117067761 0.2211757226579285 0
6370 0.006888139808110306 0.1782946233744837 0
6371 0.05043832074014198 0.2467245480457175 0
6372 0.3014931995388415 0.1852395394253782 0
6373 0.2860737159685565 0.15621900306146 0
6374 0.2909375598565249 0.1652123797419575 0
6375 0.3066538486837458 0.1750877073480547 0
6376 0.3127604903164494 0.1852399848596403 0
6377 0.2934743818096752 0.1753909852170668 0
6378 0.3016584849357268 0.16522394128649 0
6379 0.2954376464810629 0.1585839350524312 0
6380 0.2866970249468725 0.1707525074136222 0
6381 0.5349540594536294 0.2122484064449994 0
6382 0.5941459625265573 0.1842209726712843 0
6383 0.5460116919895708 0.2027289513135902 0
6384 0.5613621206893397 0.1951469653933375 0
6385 0.5300215669238341 0.2040575305112072 0
6386 0.5849108430123496 0.1877133864393747 0
6387 0.5478762163480101 0.1927259903355047 0
6388 0.292795078176716 0.2746021398767514 0
6389 0.3162551863797736 0.2852663822824472 0
6390 0.3024467799733337 0.2872010068327993 0
6391 0.2755819994420071 0.2864976785236441 0
6392 0.3082860324363459 0.277957904096989 0
6393 0.289052156671292 0.2873667051923695 0
6394 0.2777556424392532 0.2765024731991232 0
6395 0.5403566572317002 0.5712314698861709 0
6396 0.6498005068644241 0.5895112987136917 0
6397 0.5568209411160769 0.5699840212165863 0
6398 0.6317319807393595 0.5792749358920863 0
6399 0.5443288754208661 0.5596017137848439 0
6400 0.5777187860710803 0.5719537318114547 0
6401 0.5956507516954089 0.5744160787278748 0
6402 0.6471120554955805 0.5801318093215208 0
6403 0.6145619704433853 0.5778400246013945 0
6404 0.6395548954769488 0.5886382552324251 0
6405 0.6826127567266288 0.6135882057504704 0
6406 0.6676986368377498 0.6140711515440116 0
6407 0.6793324128757278 0.6237908037698886 0
6408 0.6747603489583287 0.6028213667429854 0
6409 0.6892012857032437 0.6211573668004849 0
6410 0.08700847918778644 0.1553383034693959 0
6411 0.1250419917858971 0.1685908969237366 0
6412 0.0469744416699233 0.1497132952462785 0
6413 0.07309306249551664 0.1630746716669194 0
6414 0.0954405486135813 0.1684069492918964 0
6415 0.0835933823658821 0.1680071901008517 0
6416 0.1097453041462664 0.1678650370258779 0
6417 0.06105212528818638 0.1561712711185761 0
6418 0.09958320760616657 0.1578353398540253 0
6419 0.07483134178359474 0.1519542696515661 0
6420 0.6841423718901627 0.2539921021045156 0
6421 0.7348531879664379 0.2674714511487697 0
6422 0.7138448946286259 0.2661516904915883 0
6423 0.6976050765281849 0.2578846797383976 0
6424 0.7272905141242895 0.2588278456724356 0
6425 0.7254966562293836 0.2719602843695126 0
6426 0.7147253587309798 0.2540541067267658 0
6427 0.2122837336844143 0.278760137265796 0
6428 0.2448642634757381 0.2532627628791675 0
6429 0.234654953077512 0.2640798587303981 0
6430 0.219962300779496 0.2612254772509497 0
6431 0.2240458235491126 0.2723558504359927 0
6432 0.2092294239904456 0.2691413206284313 0
6433 0.2310621043576991 0.2543762337294584 0
6434 0.5109102952008635 0.3670834118337792 0
6435 0.5422102374021179 0.398960989754207 0
6436 0.5273607616336159 0.3853045912583509 0
6437 0.4907634647261678 0.3721863050975148 0
6438 0.5172993596823353 0.3772683813162787 0
6439 0.5030503350647806 0.3770749974700261 0
6440 0.4971385202038984 0.3609005259793343 0
6441 0.550211620356567 0.4028691590824449 0
6442 0.5289203614387356 0.3952140560082243 0
6443 0.6048960148907315 0.3123775132711561 0
6444 0.6249194770907642 0.33208012279154 0
6445 0.6076430162137348 0.3285650563734189 0
6446 0.5830031063884324 0.3145550446682269 0
6447 0.5939489599337433 0.3201230761737154 0
6448 0.6176292988414772 0.3240024878697874 0
6449 0.5895397540798777 0.3059865077196658 0
6450 0.6171969179289308 0.3350315257432835 0
6451 0.5142182366160237 0.4954918436221558 0
6452 0.5214830917815481 0.4714517962055444 0
6453 0.5207131470589648 0.485259263660284 0
6454 0.5268673408003642 0.4954404071593622 0
6455 0.5236494487773625 0.4781144827807656 0
6456 0.5176915697572908 0.4778972276800881 0
6457 0.8335762239354936 0.6551555400220099 0
6458 0.8178196439582903 0.6437070030992758 0
6459 0.8434831853284041 0.646092258212384 0
6460 0.8294323766874847 0.6441188863745876 0
6461 0.819535396899736 0.6545497559794098 0
6462 0.8440872552259169 0.6571799091025688 0
6463 0.2640945386815914 0.188114865456949 0
6464 0.1949735108800569 0.1328714402507067 0
6465 0.2057346832945054 0.1391587387724198 0
6466 0.2515733081245064 0.1715124032642162 0
6467 0.2215698547498588 0.1578072702702674 0
6468 0.2368209072751165 0.1645691876952297 0
6469 0.2637783145279996 0.1775310920384051 0
6470 0.2088573180077524 0.1512380619561985 0
6471 0.2535853663070796 0.1833931944736744 0
6472 0.1997623128638973 0.1439244092281106 0
6473 0.3665396452949322 0.2338894543216993 0
6474 0.3412461030945346 0.2275728378152896 0
6475 0.3524201396720924 0.237558788371272 0
6476 0.3532536384492637 0.2223321133615059 0
6477 0.3378428124477557 0.2156391214182065 0
6478 0.3676389035133583 0.2459411154142868 0
6479 0.10908838794464 0.4351281754198313 0
6480 0.02485919461874907 0.4166253481837612 0
6481 0.01161092123932265 0.4411720976192798 0
6482 0.04612310404122008 0.4399151131986099 0
6483 0.07918018749901781 0.4345947914159641 0
6484 0.0960919345165009 0.4243731281407112 0
6485 0.1125804293286141 0.4219512993335381 0
6486 0.06265295740159244 0.4376619445139232 0
6487 0.02797013459424612 0.4414304169304546 0
6488 0.008283263625383765 0.4527534645958056 0
6489 0.0538665342099149 0.4244180234560691 0
6490 0.03654544470653932 0.42715523322294 0
6491 0.01903011401409261 0.4288498878003602 0
6492 0.06976504866856031 0.423207521781884 0
6493 0.2346857559036252 0.3324603693972898 0
6494 0.2554921221102827 0.3725202721095673 0
6495 0.2486080770360203 0.3416294895363659 0
6496 0.2491375093280698 0.3589263516362147 0
6497 0.2442816915316593 0.3283705413490853 0
6498 0.2383383837135185 0.3480570592267547 0
6499 0.2619578257634815 0.3657687976816388 0
6500 0.2586243234368933 0.3534447632760194 0
6501 0.6380753870234507 0.1025231553261774 0
6502 0.6250701483516765 0.1022181222703724 0
6503 0.6175199207442725 0.1071732504580607 0
6504 0.6545271400326077 0.1135977297744568 0
6505 0.6420320228075824 0.113703025837642 0
6506 0.6265014439091903 0.112039680631073 0
6507 0.653310394010001 0.1025867833218523 0
6508 0.7725212949604408 0.5647712456917521 0
6509 0.6611155596918362 0.5598618869374935 0
6510 0.7543099183819143 0.5575857952762309 0
6511 0.6770814471872253 0.5576383576900348 0
6512 0.6971563615241138 0.5565467715495702 0
6513 0.7167956445391113 0.557371495216952 0
6514 0.6649423816020394 0.5471274621276196 0
6515 0.7363671838023442 0.5581529590572959 0
6516 0.7679133297121605 0.5558483864425637 0
6517 0.7615740140172944 0.5658061638029809 0
6518 0.1323444342390986 0.7534490191017486 0
6519 0.1184716578885211 0.733178005487743 0
6520 0.1241259575218639 0.7420546229765013 0
6521 0.6496624692123969 0.241628531619179 0
6522 0.6310705279031662 0.236306163797968 0
6523 0.6558149255290211 0.2241105222341278 0
6524 0.6444589111081892 0.2323143638066169 0
6525 0.6381603941035037 0.2451862669227892 0
6526 0.6595506916805217 0.2341492998511236 0
6527 0.5574186263604349 0.3622195750072075 0
6528 0.5918522936338912 0.3677539349487954 0
6529 0.5428543297588126 0.3521640557506003 0
6530 0.574793377399041 0.3683406870558555 0
6531 0.5558471971967824 0.3490194712724112 0
6532 0.569019453075316 0.3541020643040599 0
6533 0.5819639830610274 0.3587146669921475 0
6534 0.464176076561881 0.6277744232175609 0
6535 0.3633165970092349 0.5842956535589005 0
6536 0.4503622283087226 0.6183952518537033 0
6537 0.3877019276983713 0.5880326483101408 0
6538 0.375203820646914 0.586886451117544 0
6539 0.4669370417610802 0.6152164431421143 0
6540 0.4323063580405964 0.609975708355175 0
6541 0.4138503680528567 0.6031105833128976 0
6542 0.3978608367565313 0.5959067683878576 0
6543 0.3257361511240353 0.6124048170541918 0
6544 0.4266623287991981 0.6526287455442144 0
6545 0.4107264929937479 0.6478939208882616 0
6546 0.3583122302991268 0.6230644768207459 0
6547 0.3373358324788123 0.6151089112286182 0
6548 0.3869757386101857 0.6328306767039026 0
6549 0.3727845246422294 0.6292702430464502 0
6550 0.4200739491045249 0.6396806733044015 0
6551 0.3492936570387485 0.6172196883708754 0
6552 0.402939107748137 0.6369673359307948 0
6553 0.6709361635714293 0.7407470691930156 0
6554 0.6628872583224642 0.7231468839583067 0
6555 0.6645207694106362 0.7099112328658761 0
6556 0.6719245176443259 0.7191462984574695 0
6557 0.6743896749222227 0.7307243004167306 0
6558 0.6631610444463175 0.7353116197647165 0
6559 0.1178149287865062 0.1047354277032514 0
6560 0.11698160540558 0.1314259698889639 0
6561 0.1180370630089349 0.1178962080148813 0
6562 0.6049435663718513 0.1279648979691362 0
6563 0.4938854486099795 0.1429810920346551 0
6564 0.5871910603119456 0.1412696801336164 0
6565 0.511106083012454 0.1369800523588417 0
6566 0.5490262481185176 0.1374038832932026 0
6567 0.5717468301589298 0.1356393205825325 0
6568 0.5296393634745639 0.1380167393471218 0
6569 0.602511320264699 0.1390488545436026 0
6570 0.5901096249468276 0.1281480426653715 0
6571 0.4936510548487996 0.1328218429626294 0
6572 0.5087075713204515 0.1485288482360896 0
6573 0.4270339913010743 0.4860564458600821 0
6574 0.4320438733317822 0.4727296620293224 0
6575 0.4158625052672486 0.476850382391946 0
6576 0.4386409831022724 0.4828511468451097 0
6577 0.4146287667870763 0.4869579443471795 0
6578 0.678306958618388 0.4053655133592973 0
6579 0.6439417100258293 0.2960071854604215 0
6580 0.6796639261423663 0.3834683927817216 0
6581 0.6466680729041073 0.3168714353999793 0
6582 0.6864850474167686 0.3977172106501187 0
6583 0.6701902981912495 0.3666097738424974 0
6584 0.6627518430620055 0.3498325768160906 0
6585 0.6558003086499391 0.3313504518136346 0
6586 0.6386922989765417 0.3054531010345759 0
6587 0.6728460529154026 0.3949216676196122 0
6588 0.6506885192357523 0.3056572908945973 0
6589 0.123485363730562 0.5765921814302184 0
6590 0.1088885559846758 0.5815903230025383 0
6591 0.0986405680367289 0.5893551808653962 0
6592 0.1226782099744487 0.588145846163783 0
6593 0.1104094249473183 0.5912880748993298 0
6594 0.267657356961929 0.5112857988660473 0
6595 0.2880165849091924 0.5023111361595826 0
6596 0.2822929240949134 0.5151299985944615 0
6597 0.2736689636474479 0.4999814176053699 0
6598 0.2581812985792387 0.5016407583768312 0
6599 0.2949955405421852 0.5122330802890669 0
6600 0.490532668333802 0.6969943374725293 0
6601 0.5038511279343789 0.7159374930622359 0
6602 0.4983207339922237 0.7077103710746885 0
6603 0.9011289632782411 0.4296048643725699 0
6604 0.8641899671638271 0.426077339390894 0
6605 0.8351105763228092 0.4132509094490346 0
6606 0.8899518073066891 0.4351402586059439 0
6607 0.8510906272799912 0.4162281259673125 0
6608 0.8775694364906832 0.4314972756642621 0
6609 0.8762265253853659 0.4186026002539052 0
6610 0.8895703073248703 0.4239178607614311 0
6611 0.899517684952475 0.4376930273995862 0
6612 0.3562772783377533 0.7084777934712456 0
6613 0.3744252379926233 0.7777973302399809 0
6614 0.367378938497454 0.727747915597166 0
6615 0.3667295805141747 0.7456952762794057 0
6616 0.3557634063598943 0.7225788744611343 0
6617 0.3710450010008586 0.7648537610740883 0
6618 0.3585576388209448 0.7360102448650671 0
6619 0.3664666407656978 0.714148424446862 0
6620 0.1771181827344826 0.3711043106813648 0
6621 0.1454077852066588 0.4767796654712404 0
6622 0.1523962649965864 0.4097650306953549 0
6623 0.1683013603524746 0.3878726683291964 0
6624 0.1499002942796923 0.448388346355005 0
6625 0.141093945784471 0.463211154691886 0
6626 0.1555123614684302 0.4244273435517752 0
6627 0.1558817188228243 0.3971439502284151 0
6628 0.1655409284392435 0.3696324714636305 0
6629 0.1356476143240886 0.4744273253056023 0
6630 0.1659700781397838 0.4082438645493109 0
6631 0.1523751410373596 0.4659940048119658 0
6632 0.2219019715280917 0.2075167824114654 0
6633 0.3167950054266807 0.2588584365892918 0
6634 0.2383406671197049 0.2075609808315954 0
6635 0.2887977664731218 0.2421943572151179 0
6636 0.2517659297735947 0.22162105198556 0
6637 0.3048814744829763 0.2523439819281875 0
6638 0.2706608044568636 0.2319853302660263 0
6639 0.2290274420235889 0.1984934230526459 0
6640 0.2335255149584896 0.2199890640496101 0
6641 0.4674438038043261 0.287938654338424 0
6642 0.4207179918677202 0.2541648302983131 0
6643 0.4135121035727006 0.2469589420032934 0
6644 0.4575546474048463 0.2700050028771847 0
6645 0.4416709451268245 0.2668852712706317 0
6646 0.4292096816489279 0.2610683410592915 0
6647 0.4676771859549435 0.2763361895814272 0
6648 0.4529901098002335 0.2822114001839372 0
6649 0.697560158607776 0.5201046065226541 0
6650 0.6926599196419601 0.5026690704325281 0
6651 0.7102801916842303 0.5110971094456611 0
6652 0.6886794357097871 0.5134815778586934 0
6653 0.702723967447059 0.5060519767750419 0
6654 0.7075247166094296 0.5186147662830054 0
6655 0.3775022764068658 0.538723168468815 0
6656 0.3599318990238705 0.5447930226351801 0
6657 0.382990428503192 0.5561779053916254 0
6658 0.3722307814671035 0.5482159718983073 0
6659 0.3873145828638949 0.5459078739318873 0
6660 0.3675530045363453 0.5358377900495098 0
6661 0.8356413708591901 0.5074652815235768 0
6662 0.8404959049175341 0.5270717374135446 0
6663 0.8547846240601593 0.5035312078385674 0
6664 0.8462827424159912 0.5146788073269617 0
6665 0.8439609056659658 0.4992334204928793 0
6666 0.8316183590367291 0.5214038576040745 0
6667 0.2206819872600359 0.5505970896676102 0
6668 0.2433456432953656 0.5711372843868596 0
6669 0.2314231374376371 0.5656410159712922 0
6670 0.2399177162662457 0.5603465297882418 0
6671 0.2304752180135463 0.5517827803650737 0
6672 0.2211206650502588 0.5599033332797005 0
6673 0.7313070730577006 0.6832062100395752 0
6674 0.7449151888324816 0.6408866472361442 0
6675 0.7399465624872948 0.6698932460201641 0
6676 0.7434381546870685 0.685593837307085 0
6677 0.742798885183707 0.6516752308650561 0
6678 0.1593174656071958 0.1535545781007377 0
6679 0.1400518842953177 0.1502427471578572 0
6680 0.1634833755507973 0.1369492873929557 0
6681 0.1513455436893265 0.1420254009955182 0
6682 0.1706208125073649 0.1468446061780263 0
6683 0.1464222608362334 0.1566700688819349 0
6684 0.6000888131855744 0.1650900334340374 0
6685 0.662700283390372 0.1419728262190001 0
6686 0.6487491115941999 0.1505236875329359 0
6687 0.6635474258985268 0.1521796991379385 0
6688 0.6112320957596636 0.1616553399535586 0
6689 0.6286366360840268 0.1564307325368608 0
6690 0.2076267964549941 0.3182550164303699 0
6691 0.1833404938301893 0.3435183188042438 0
6692 0.1896471193595912 0.3271447983853624 0
6693 0.2044822503899715 0.3039641394458744 0
6694 0.1929054264825516 0.3379577657562286 0
6695 0.2001457727917559 0.3290809346726155 0
6696 0.2152155287674872 0.3094184350863902 0
6697 0.1953893947844413 0.3165700088700329 0
6698 0.4410945324721799 0.3221521308632884 0
6699 0.4558222390000578 0.3088526428720819 0
6700 0.4276008184873527 0.3080221862471711 0
6701 0.4418540595078728 0.3099364891840807 0
6702 0.4292177057794385 0.319370112365642 0
6703 0.4550363755637887 0.3191324864016133 0
6704 0.7170285861444489 0.3691925040043859 0
6705 0.7101410121270321 0.3574198749348785 0
6706 0.7051100468233525 0.3682914251778486 0
6707 0.7231877511487256 0.3580275125572153 0
6708 0.05483257665732463 0.3723262343880371 0
6709 0.1267311985379694 0.3734123581658249 0
6710 0.01408799014567071 0.3454441936697551 0
6711 0.03884119017512434 0.3592884132451259 0
6712 0.1097267712804307 0.3587443510943011 0
6713 0.07679182207138514 0.3536771684778177 0
6714 0.03033060777571348 0.3439116091307018 0
6715 0.05987763350636036 0.3527217018513874 0
6716 0.02406981219709289 0.3558129818761365 0
6717 0.09143061728332993 0.3679261574103164 0
6718 0.124172037102038 0.3620175921151694 0
6719 0.1109289085941361 0.3729921378280979 0
6720 0.04513309976105924 0.3437666150234723 0
6721 0.07065523735599283 0.3691996386483468 0
6722 0.09416660193880823 0.3536476712715375 0
6723 0.437492780577236 0.5640129192364486 0
6724 0.484396916071097 0.5514353287044723 0
6725 0.4539126988985461 0.5639468040588863 0
6726 0.4706864887043524 0.5549263925232184 0
6727 0.4423875958508354 0.5735867580730961 0
6728 0.4474120279425819 0.5553507991723003 0
6729 0.4580039987359479 0.5537568049899367 0
6730 0.1771103549884467 0.6259087667365845 0
6731 0.2885552690686098 0.6343959428723117 0
6732 0.1928998776624609 0.6261744796227173 0
6733 0.2697702501553081 0.623540199612845 0
6734 0.254224147787648 0.6294415739222978 0
6735 0.2324063325968662 0.6283801303752024 0
6736 0.2120829136374052 0.6273210298587115 0
6737 0.2830675315369824 0.6241737433260325 0
6738 0.2724970833559505 0.6363819210795609 0
6739 0.4780781537390457 0.7946151883501344 0
6740 0.5293005327595641 0.7450397983384291 0
6741 0.4921465070625788 0.7804137418708743 0
6742 0.5202513739092683 0.7535198334167735 0
6743 0.5069641600544643 0.7661354627822459 0
6744 0.4868379627471441 0.7934004306479985 0
6745 0.4792693668978608 0.7859579917766278 0
6746 0.1906224018025668 0.1682348645526977 0
6747 0.1165715147053767 0.2168664739837889 0
6748 0.1247292849261873 0.2097603876984339 0
6749 0.1824211252582154 0.1818165945115104 0
6750 0.1466081378487072 0.1980950324944966 0
6751 0.1639342143770895 0.186998275759951 0
6752 0.1946704949590533 0.1784770108788572 0
6753 0.1747135411431524 0.1723479349599953 0
6754 0.02552883835718685 0.274123205720451 0
6755 0.01026392026704869 0.2871452776513284 0
6756 0.01467794238328091 0.2724393478950645 0
6757 0.02197454463517167 0.2872753957444978 0
6758 0.005489445103174378 0.1448575451249665 0
6759 0.05113123036055288 0.1001313410009683 0
6760 0.03277805436486302 0.1206147792777969 0
6761 0.0242438247957115 0.1364538181229926 0
6762 0.01456438459925211 0.14995427477787 0
6763 0.01253560236766675 0.1386350947078681 0
6764 0.0395303671495669 0.1103108817127145 0
6765 0.4530028832585637 0.2169918921014711 0
6766 0.5161835964810744 0.2694175942099428 0
6767 0.4659266899810424 0.235896657438895 0
6768 0.5040816256452627 0.2616901678966888 0
6769 0.4911771070463165 0.2472497773315696 0
6770 0.457428736146224 0.2278939938637284 0
6771 0.4753564030821537 0.2449562118449827 0
6772 0.5044373482643766 0.2506558000461473 0
6773 0.5119155943811688 0.258182192749255 0
6774 0.4659887135098613 0.2227146034635085 0
6775 0.479348645146988 0.2322959017257675 0
6776 0.7643273790130026 0.3342709836587355 0
6777 0.6838603215732078 0.2973717915797344 0
6778 0.7415462088631433 0.3293494297455706 0
6779 0.7000618503480187 0.2970774663114884 0
6780 0.7139511277112108 0.31108115351691 0
6781 0.7536768730490963 0.3301137899950316 0
6782 0.6906475291306441 0.2887208346114334 0
6783 0.7307761344516336 0.3215876799695555 0
6784 0.6952868421214985 0.3093691664772476 0
6785 0.1988681066721883 0.4940224059214406 0
6786 0.1910298069654014 0.5991956878563633 0
6787 0.1988681066721883 0.5068581107435703 0
6788 0.1910298069654014 0.5874364397135147 0
6789 0.193661181996614 0.5674265442450838 0
6790 0.1952760051403635 0.5475562670547531 0
6791 0.6206514105332221 0.4605136148455707 0
6792 0.5998550922746562 0.5104879456118394 0
6793 0.6195416206437896 0.4816539753779657 0
6794 0.6117170620006821 0.4983510689156682 0
6795 0.6117964148286598 0.468187439129264 0
6796 0.6252306089383909 0.4699783786716122 0
6797 0.6064933198384191 0.4824097378756074 0
6798 0.6086217954814217 0.5094013622705513 0
6799 0.6009041025626334 0.4984747536800941 0
6800 0.8581887576301354 0.3883343820855306 0
6801 0.8525469299339141 0.3731352215047442 0
6802 0.8673077323444656 0.3759050155261273 0
6803 0.8457178466152484 0.3827133964327687 0
6804 0.870340091975778 0.3850353503539916 0
6805 0.3111154456935716 0.5638356846074362 0
6806 0.2646419491851562 0.558446187697501 0
6807 0.2819478007385249 0.5586770579991799 0
6808 0.2987105973679757 0.5540541344572908 0
6809 0.3126875903058073 0.5516297073614593 0
6810 0.2978577468334462 0.5661974781479476 0
6811 0.4578112516694205 0.7283332487616444 0
6812 0.4555388079039945 0.660198974075764 0
6813 0.4581462279032524 0.7139111702436619 0
6814 0.463794101900887 0.674181220546614 0
6815 0.4580268286268396 0.6926551031007081 0
6816 0.4668840103913042 0.6624659898799731 0
6817 0.4507152595541196 0.676301743120336 0
6818 0.1978587500463133 0.4475991206198498 0
6819 0.1770126723753004 0.4557945928362047 0
6820 0.2130631881252608 0.4343188415890377 0
6821 0.1826662921903741 0.44518916502834 0
6822 0.1969531213930084 0.4337483183995938 0
6823 0.2195199529388853 0.4220344024436674 0
6824 0.2073753446359906 0.4255044907962376 0
6825 0.1857981813991275 0.4542489028948438 0
6826 0.3004923839122937 0.4332033501203113 0
6827 0.2465471013904757 0.3928495897096274 0
6828 0.2886487833491013 0.4265944346116672 0
6829 0.2599385326129133 0.4017628218097081 0
6830 0.2728511752733527 0.414368525668539 0
6831 0.2433624340867961 0.4032731509829776 0
6832 0.3015069609813212 0.4239058120949795 0
6833 0.2927886934500624 0.4156191475842442 0
6834 0.2540858707127911 0.4117501890856202 0
6835 0.4200901682970241 0.3447114695134689 0
6836 0.4119061273134438 0.3621258053618358 0
6837 0.4108204783922467 0.3478055086413067 0
6838 0.4218401404591337 0.3565366327311848 0
6839 0.02421723649691446 0.6888654770629581 0
6840 0.06691389258984111 0.6582515831005595 0
6841 0.04257816352635888 0.6728751507158005 0
6842 0.04340988078276867 0.687101262659959 0
6843 0.02351746341281055 0.7029134944449408 0
6844 0.03414848273144225 0.6953122691345478 0
6845 0.05748859343269828 0.6664209753436168 0
6846 0.03328368291507219 0.6788992039152655 0
6847 0.05178253992717397 0.6795037689079276 0
6848 0.01730343160893997 0.6960135647530036 0
6849 0.343862098075422 0.4112463353756978 0
6850 0.282089623676442 0.3260452439647737 0
6851 0.2956358907851487 0.3415451513640478 0
6852 0.3350450086370989 0.3972602473894574 0
6853 0.3222773901523695 0.3806244691227324 0
6854 0.3124010202708606 0.3669007867938541 0
6855 0.2818201528211627 0.3383554445447672 0
6856 0.3004263146817184 0.353149154330837 0
6857 0.3506206976005208 0.4023514041303349 0
6858 0.2726857141940682 0.3290290770988073 0
6859 0.5638251726705923 0.6003008970547602 0
6860 0.5374656757556525 0.5996610783811395 0
6861 0.5505572074521574 0.5983231836729973 0
6862 0.5436959093394725 0.6045109217704587 0
6863 0.5590530999936455 0.6090583115204231 0
6864 0.6031309190517564 0.6099350425023372 0
6865 0.5368027224494107 0.6577149848805074 0
6866 0.6207835515336202 0.6054000912297616 0
6867 0.5525096195804781 0.6408957944327123 0
6868 0.5759815698389994 0.6332636933799894 0
6869 0.5924418272365533 0.6256044292517252 0
6870 0.614358070205383 0.61305568752143 0
6871 0.6044503333744967 0.6197183629130746 0
6872 0.5628780188532855 0.6457059671102539 0
6873 0.5499279580103404 0.6535510984727508 0
6874 0.6117749298346754 0.6058798796056158 0
6875 0.5592158073492883 0.6345470999721589 0
6876 0.5898809256688797 0.6146243056173503 0
6877 0.1937334763481884 0.0159604798645068 0
6878 0.219660011836415 0.07501194336300811 0
6879 0.217932354716138 0.06085901540345202 0
6880 0.2082126534198929 0.03978599325690715 0
6881 0.2055367270588472 0.02008378789632037 0
6882 0.2278231806307768 0.07115798046646449 0
6883 0.2043695119280576 0.01202583175131892 0
6884 0.193700399030305 0.008220425535553112 0
6885 0.1965087082073394 0.02822798679280407 0
6886 0.1840406800264346 0.9768213566752101 0
6887 0.1993825493087033 0.9821783219818985 0
6888 0.2062311754700612 0.9936417880573654 0
6889 0.1927153543867405 0.9696979635916791 0
6890 0.1877157584931062 0.9890764121016085 0
6891 0.3335021958154579 0.1128632344738427 0
6892 0.4078259386415389 0.0679549998788095 0
6893 0.3954837073499561 0.07455990376290225 0
6894 0.3409325611851805 0.09831063823974462 0
6895 0.3589520586656119 0.09393318724092684 0
6896 0.3271756583526393 0.1031264636236225 0
6897 0.3775881175772808 0.08339191969014792 0
6898 0.3479288974860537 0.1076965188060522 0
6899 0.4850608198276251 0.003870702466080303 0
6900 0.5693403216509076 0.07438165440441123 0
6901 0.4922419398610153 0.01727387913306599 0
6902 0.4793000122375861 0.01370513744211355 0
6903 0.5565730588068611 0.06491617667769954 0
6904 0.5086355382648916 0.02893723288950488 0
6905 0.5246804311930384 0.04093349214904202 0
6906 0.5407607821803375 0.05308665023575537 0
6907 0.7062988600053323 0.1674363921597888 0
6908 0.690843374698826 0.1516626497109172 0
6909 0.7177346128197772 0.1614865876244518 0
6910 0.7071377309223906 0.1550986076891934 0
6911 0.6918977339208272 0.1639766817986433 0
6912 0.7158017625934445 0.1697790331530792 0
6913 0.5373565363228017 0.2418628387892005 0
6914 0.5636495291539964 0.2312943565859778 0
6915 0.5495303108538241 0.2346485992740322 0
6916 0.5360543156060001 0.2327075242047835 0
6917 0.1161873202360059 0.6609098512960337 0
6918 0.2267365118472194 0.6661718271451306 0
6919 0.2115060360078793 0.6660930583890164 0
6920 0.1348111712370675 0.6712559303687277 0
6921 0.1504428314361904 0.6648754650031695 0
6922 0.1723458419076652 0.6653401084776395 0
6923 0.1922338093110126 0.6657238403616439 0
6924 0.121661520907897 0.6711775214411124 0
6925 0.1323089875493969 0.6586060872377866 0
6926 0.4101229316439338 0.7529628217377832 0
6927 0.4264877494633706 0.7388781435305745 0
6928 0.4257654919259354 0.751974385882481 0
6929 0.4110244878919377 0.7664913456745825 0
6930 0.4365857568156423 0.7333016227858853 0
6931 0.4012049401808891 0.7612575814761869 0
6932 0.4336911455301998 0.7442026181795016 0
6933 0.4188490526143682 0.7610881220388781 0
6934 0.4166052018546831 0.7430745835406816 0
6935 0.7604774503890898 0.2331899495366441 0
6936 0.6658941989204036 0.1849474472872614 0
6937 0.6867909765102558 0.1893973868638743 0
6938 0.7473391862875611 0.2229364671972632 0
6939 0.7634378425269549 0.2203035801086617 0
6940 0.7296107985810617 0.21321983178487 0
6941 0.7121559846075928 0.2051992711285025 0
6942 0.6962569072839799 0.1976595909242887 0
6943 0.6756368506326065 0.1919340972138071 0
6944 0.3007405976992393 0.7495872757599131 0
6945 0.3328437170284484 0.8168327211912864 0
6946 0.326423327431284 0.8077483425697749 0
6947 0.3151378377102126 0.7652633957365176 0
6948 0.322254837495238 0.7822157374895733 0
6949 0.3082332456201715 0.7363910787606799 0
6950 0.3292636093068287 0.7955856186020211 0
6951 0.3026386573288709 0.7636592507441617 0
6952 0.3340087641621086 0.80588475767332 0
6953 0.3071099274452006 0.7741233143608778 0
6954 0.2902351688116556 0.1264569117407172 0
6955 0.3791254152471639 0.1886763831569926 0
6956 0.3033609142666411 0.1302263462442969 0
6957 0.366235401196425 0.1832091171039655 0
6958 0.2946552250507129 0.1176839291578434 0
6959 0.320184909171058 0.1451511732476232 0
6960 0.3347880710918021 0.1562691812652567 0
6961 0.350218429818429 0.1693839881526121 0
6962 0.3741646073982198 0.1975404974106531 0
6963 0.4551865139782829 0.1662040107810568 0
6964 0.4982384139852585 0.1893067585750371 0
6965 0.4718562818813511 0.1705446782715771 0
6966 0.48667543554953 0.17695840497509 0
6967 0.4607359133297905 0.1789783527964566 0
6968 0.4747964391512497 0.1827981291199621 0
6969 0.4872486790147087 0.1873408893166502 0
6970 0.4975529134416649 0.1808185627735504 0
6971 0.3995906505180615 0.5109552593575785 0
6972 0.2919354245670666 0.4760199459354858 0
6973 0.3808686502512443 0.5090478962460957 0
6974 0.31279125160657 0.4755792207381715 0
6975 0.3470068395116951 0.4922109195276282 0
6976 0.3291271702222966 0.4847255876812963 0
6977 0.2992684148820339 0.4684927182565111 0
6978 0.3651652025405974 0.4994237100039067 0
6979 0.3939808784924147 0.5205404365912613 0
6980 0.3901110484015318 0.5004992875377198 0
6981 0.3033518775831249 0.4836190594671645 0
6982 0.6763049330796173 0.6478412350331962 0
6983 0.6971867030807759 0.6649915183491518 0
6984 0.6610119514730698 0.6514748464754845 0
6985 0.6977546455017326 0.6763780292556667 0
6986 0.6871717978948654 0.6561471763053365 0
6987 0.6739850576793902 0.6606204515901515 0
6988 0.6857489616521228 0.6700125331970654 0
6989 0.6661116422153549 0.6409479491340305 0
6990 0.4193758991644459 0.1681792207448415 0
6991 0.3767185756891137 0.1539630397577874 0
6992 0.3641668142477303 0.1395594276601939 0
6993 0.4016302485473547 0.1675254267312936 0
6994 0.3920861914982331 0.152418128368627 0
6995 0.4133718300207924 0.1776845967059002 0
6996 0.4086963642511831 0.1565275560106751 0
6997 0.3816246217794685 0.1455027656811513 0
6998 0.3858364198907105 0.1619444439710304 0
6999 0.3703630158712256 0.1463925858938264 0
7000 0.6453296182244439 0.4246441424556185 0
7001 0.6468512972242457 0.4096929415408423 0
7002 0.6366005192078864 0.4175493380912115 0
7003 0.6558681281112196 0.4166044910496733 0
7004 0.1925456716888501 0.820445136874736 0
7005 0.2502824784120157 0.7674191311262992 0
7006 0.215327695751429 0.7958888613464676 0
7007 0.2336216236082858 0.7884710089728976 0
7008 0.1966642241950435 0.8094820764489652 0
7009 0.242997390976153 0.774667360566065 0
7010 0.2276395334437971 0.8003188563952605 0
7011 0.2040669101955506 0.803828415686627 0
7012 0.2016522681471271 0.8158676753238281 0
7013 0.07973779618260494 0.6283760222605254 0
7014 0.1253696332378964 0.6270562957360951 0
7015 0.09183334158421703 0.6377315474588885 0
7016 0.1125077444624832 0.6256769865530776 0
7017 0.09728286161809797 0.6260232150593609 0
7018 0.1175216224881422 0.6336946261998808 0
7019 0.1059865420662234 0.6351587683755796 0
7020 0.3403603997572885 0.4427398185220603 0
7021 0.3567619059155769 0.4649586413132156 0
7022 0.3479112340627559 0.4499939143563658 0
7023 0.3561197083226835 0.4575775532313651 0
7024 0.8514707136601196 0.4496773873355634 0
7025 0.7440561749840178 0.4690838264691374 0
7026 0.7599084277624012 0.4681669292993144 0
7027 0.8384042145499645 0.4560001309963453 0
7028 0.7808963979944283 0.4655172776095843 0
7029 0.798339333059685 0.4634268128524214 0
7030 0.8180509427125964 0.4596561626727175 0
7031 0.8517852654069602 0.4587304581929944 0
7032 0.747742901370812 0.4779195016250329 0
7033 0.007384708296658114 0.7973955016298244 0
7034 0.01350882967125197 0.8132157974396537 0
7035 0.006651204220134631 0.8274826257096279 0
7036 0.02146358621496038 0.8005272029650562 0
7037 0.994014280382552 0.834368099536683 0
7038 0.9955257708002545 0.8225020870915575 0
7039 0.05616790646001399 0.7097732314029809 0
7040 0.09742396514341758 0.7365991626907599 0
7041 0.08248484785083084 0.7275325658515621 0
7042 0.06320601426502231 0.723834278623156 0
7043 0.07217378200507209 0.7133062781590415 0
7044 0.2742893828769049 0.7226691394592284 0
7045 0.2719999146967519 0.6970030312555728 0
7046 0.2725253430597779 0.7072722780605011 0
7047 0.2819467508478286 0.7115550202665099 0
7048 0.02870393458188041 0.06653635794696894 0
7049 0.0140584657736937 0.04899180396645431 0
7050 0.01487777568879362 0.0771772512789327 0
7051 0.01488048928435968 0.06369237500747287 0
7052 0.02408728058792339 0.05638803692530056 0
7053 0.02484685465898484 0.07680443587177758 0
7054 0.02010783027994614 0.04646115971516473 0
7055 0.4182075249924707 0.1141109745392551 0
7056 0.3991688515990182 0.1171802450175732 0
7057 0.4122685902578265 0.1254507410529548 0
7058 0.4081490634455954 0.1082788295835164 0
7059 0.4215706389317073 0.1222777835364087 0
7060 0.3729056352970734 0.3689529458546069 0
7061 0.3698966969912039 0.2842181205151306 0
7062 0.3744153062053774 0.2966688710866041 0
7063 0.3776026617056829 0.3554762740924623 0
7064 0.3756877345982547 0.3168290077584899 0
7065 0.3769098890308938 0.3356746450653241 0
7066 0.3822223974772918 0.3687164146287367 0
7067 0.3784591699473295 0.2843097586384439 0
7068 0.4068646416213049 0.2151181815295327 0
7069 0.4326137616451029 0.213606214455522 0
7070 0.4202457320686739 0.2118193085309176 0
7071 0.4155391359791544 0.2251386375024743 0
7072 0.4249470819823845 0.2208788181400564 0
7073 0.8790424656934047 0.6308121470831904 0
7074 0.8751432804799415 0.6492628875967567 0
7075 0.8969295994793578 0.6347010950361167 0
7076 0.8848970575859995 0.6408314976751551 0
7077 0.8711367373673112 0.6379161858862702 0
7078 0.8906158086070206 0.6260766982334559 0
7079 0.2408882498307361 0.8231965177253516 0
7080 0.2142519935460813 0.837208456179412 0
7081 0.2564315891035768 0.8354810400038604 0
7082 0.2278027203354626 0.8279086303035462 0
7083 0.2417688157430905 0.8347953628610039 0
7084 0.2551917738485638 0.8242107931308446 0
7085 0.226395006840272 0.8395880859375905 0
7086 0.6047159475437642 0.3908426514717957 0
7087 0.6118053683826128 0.4099621679436394 0
7088 0.6023101297026555 0.4030756949524435 0
7089 0.6157021259518747 0.3999188587735356 0
7090 0.2294937802666813 0.1169749594449341 0
7091 0.1776707508642181 0.0953378976526523 0
7092 0.2071189316883844 0.106233530694469 0
7093 0.219687263607786 0.09915270889437248 0
7094 0.245595331628093 0.1084220439484587 0
7095 0.2326839505934148 0.1052998787222216 0
7096 0.2191148038411112 0.1124750621083731 0
7097 0.1922222859025533 0.09820477096184597 0
7098 0.2080482066267448 0.09472293700121877 0
7099 0.2398915334789604 0.1176656068081238 0
7100 0.2696765133242491 0.08766826021498478 0
7101 0.3027687941026526 0.07846596717840541 0
7102 0.2556661430709138 0.07399087395910968 0
7103 0.2869551160646004 0.07306454844572914 0
7104 0.2698836535466011 0.07620885854180615 0
7105 0.2925421501928681 0.08313070113036444 0
7106 0.2808278315486393 0.08558173478493454 0
7107 0.2565721947014372 0.08476238747289655 0
7108 0.2975121789724492 0.07130364787470234 0
7109 0.8122847964370469 0.3308708333450971 0
7110 0.8106905316984259 0.3508330313916299 0
7111 0.7986757233814008 0.32681602121964 0
7112 0.8047623018501657 0.3400764761841861 0
7113 0.8195871506235567 0.3438106224419766 0
7114 0.8084145970197154 0.3204639260536822 0
7115 0.6691928691505948 0.46396164750943 0
7116 0.6902156664980972 0.4552356535365061 0
7117 0.6755133094738064 0.4517691423968688 0
7118 0.6873664170292593 0.4683126636943137 0
7119 0.6621446694376533 0.4541331434497137 0
7120 0.7000028756466213 0.4644405304573592 0
7121 0.1567677789267575 0.8427771761377273 0
7122 0.1846621738123489 0.8587286770343371 0
7123 0.1659480148604101 0.8563707037763488 0
7124 0.1715102556721667 0.8445870760141969 0
7125 0.1461132965902958 0.852127251884828 0
7126 0.1438371204017975 0.8433128620205429 0
7127 0.1545209448082121 0.8556590381539729 0
7128 0.177865181860995 0.8529364435154074 0
7129 0.1756143684245438 0.8602526155760239 0
7130 0.5191178377414967 0.006964370671282373 0
7131 0.5886443412475972 0.009120439417863731 0
7132 0.5706182937767597 0.01067250862576767 0
7133 0.5527632291851424 0.0106762924961791 0
7134 0.5280573923271329 0.00902834073278979 0
7135 0.5384801338995446 0.008793072925368422 0
7136 0.8853735437684255 0.540827208294459 0
7137 0.8739000876618829 0.5436512113558997 0
7138 0.8906399757992671 0.5531355087235255 0
7139 0.8955897455213323 0.5438116434570519 0
7140 0.8813140422175624 0.5525024796910095 0
7141 0.4688085729942001 0.3428147703984306 0
7142 0.4564527026976186 0.3568440023267371 0
7143 0.4671932888383729 0.3551824278682537 0
7144 0.4564527026976186 0.3444418417274994 0
7145 0.4766751643905197 0.3492881546757277 0
7146 0.04931442534402269 0.5304785528246668 0
7147 0.09161615058408792 0.5079267027396729 0
7148 0.03299951523154479 0.5430296628561766 0
7149 0.0724830304543215 0.5191352836060786 0
7150 0.06187850308820241 0.5342899026625554 0
7151 0.1026924122182509 0.5092599743674996 0
7152 0.0825088951040675 0.5102043737529077 0
7153 0.05210969880250164 0.5404814097824266 0
7154 0.04274332598561348 0.543359424001763 0
7155 0.09180606010110415 0.5181696046905622 0
7156 0.1657091855311169 0.52710717386507 0
7157 0.1555481583971108 0.5161246790187561 0
7158 0.153450128816046 0.5316031676347882 0
7159 0.1678116622564619 0.5154660562643237 0
7160 0.1614742525926945 0.5380616810086636 0
7161 0.5506833267302584 0.7742057660048708 0
7162 0.6110076647685743 0.7171853133914627 0
7163 0.5782713113424305 0.7603230897832299 0
7164 0.5942710587734268 0.7413168926830829 0
7165 0.5575490058751118 0.7641176178981888 0
7166 0.6041100233642835 0.7256568655728164 0
7167 0.5880250756149985 0.7531185386947554 0
7168 0.565904721697455 0.7559356799268998 0
7169 0.5767139929230803 0.7471558515835321 0
7170 0.5666128310308708 0.7722951288418055 0
7171 0.5591131791778411 0.7779811457682818 0
7172 0.1377517494442704 0.02651558029030431 0
7173 0.107116714010063 0.009134218192483494 0
7174 0.09096748803862877 0.007957198101001874 0
7175 0.1191854938388064 0.02090896164693811 0
7176 0.1275510534835922 0.03580909819510601 0
7177 0.100703418212704 0.02042208489686314 0
7178 0.9478077720721039 0.983922968689364 0
7179 0.9554280468349234 0.9905020108057975 0
7180 0.9755742656242623 0.9929516896378119 0
7181 0.9657364532352363 0.9887815829528285 0
7182 0.7921660143933686 0.2154248413543656 0
7183 0.7745330018192648 0.173761929021139 0
7184 0.7819370564228932 0.1593624993614466 0
7185 0.7885011428499707 0.1823655055222704 0
7186 0.7875849622905909 0.1702864233377178 0
7187 0.7876726825447088 0.1995970672418714 0
7188 0.7731072746240896 0.1441495906487625 0
7189 0.7692276512318403 0.1250710465030501 0
7190 0.7668959707626851 0.1142347755011597 0
7191 0.7699388133157413 0.1607735829493851 0
7192 0.7770806400297972 0.1869396562711993 0
7193 0.5837962430730448 0.8762942624990638 0
7194 0.6143968706731735 0.9115095317641376 0
7195 0.5915085207333131 0.8890644032199575 0
7196 0.6060972412563669 0.8989054177537668 0
7197 0.6008732492582542 0.8833686950657643 0
7198 0.6033741000313332 0.911735243078765 0
7199 0.5952256379549372 0.9029464368922838 0
7200 0.5938471445749575 0.8758741380165089 0
7201 0.6975849252149722 0.7178952347697035 0
7202 0.7119153562844132 0.7475589711748074 0
7203 0.7123694413623132 0.7342557207384912 0
7204 0.7113162093567016 0.7050321048169066 0
7205 0.7036036880294257 0.7423304498056861 0
7206 0.7016133588401804 0.7296721443134093 0
7207 0.7002956862051277 0.7064528631631709 0
7208 0.7098518134861979 0.7187729799928779 0
7209 0.1435021468895642 0.8916935839008554 0
7210 0.1390425740591278 0.8732713540265683 0
7211 0.1513363810925258 0.8809250184967421 0
7212 0.1530062542242509 0.8927058901820609 0
7213 0.1349986051837634 0.8830349188897849 0
7214 0.4572317136668257 0.04772777609917955 0
7215 0.4572317136668257 0.06616388710146796 0
7216 0.4502179087359481 0.05653329119507629 0
7217 0.4646116556344907 0.05710453689533423 0
7218 0.425503165184781 0.4055282751646225 0
7219 0.4287261850637612 0.385786033398723 0
7220 0.419580672514383 0.396782856656 0
7221 0.4356564966373824 0.3968399238610359 0
7222 0.4917129329018026 0.8414019978127886 0
7223 0.4687350545176813 0.8314321272475409 0
7224 0.4681256364893234 0.8229460777796795 0
7225 0.4772268462370656 0.845104067349334 0
7226 0.4877812047802289 0.8564723231378697 0
7227 0.483041855165172 0.831501571065454 0
7228 0.4982476267522795 0.851388725625601 0
7229 0.1053828520668969 0.07015289853288154 0
7230 0.1220388453464961 0.07330331476156403 0
7231 0.1131544559392631 0.0620015854875392 0
7232 0.09731646018962331 0.06119393837155429 0
7233 0.1116964076531148 0.08133352285090288 0
7234 0.1050878026741747 0.0578497891331068 0
7235 0.01944183679420307 0.863361809835853 0
7236 0.004590950741554798 0.8784163971911861 0
7237 0.006635394041714872 0.8619850702027823 0
7238 0.0131522570581775 0.8576404144125335 0
7239 0.9891034263965615 0.8741925707045706 0
7240 0.08905048901873178 0.8212479173813418 0
7241 0.1894125393564606 0.7750094270643451 0
7242 0.1692573573811531 0.775884170126561 0
7243 0.1059251947581276 0.8228632662334805 0
7244 0.1189641988764764 0.8095100018366053 0
7245 0.1385025678221461 0.7991383025198669 0
7246 0.1586904198581227 0.7885867414668231 0
7247 0.09439211737493272 0.8318273889878551 0
7248 0.1805177560437725 0.7703849775227676 0
7249 0.1009836177870004 0.8112658770680443 0
7250 0.1772967116479265 0.7851532605414563 0
7251 0.782856937366072 0.7036141003147011 0
7252 0.7967922725473621 0.7152690748820026 0
7253 0.7927027383714983 0.7044370044854539 0
7254 0.784936835842081 0.7153818517845322 0
7255 0.4625807222274288 0.1317686217830165 0
7256 0.4261954940151113 0.08189396997080223 0
7257 0.4540855959532881 0.1171470056993821 0
7258 0.4468206863142167 0.1014804886725572 0
7259 0.4672239363374538 0.113599931262612 0
7260 0.433707781451417 0.08955077552536318 0
7261 0.4583674034638053 0.1062248633568353 0
7262 0.471350146627179 0.1246221800828273 0
7263 0.8362618610580016 0.9692455029346068 0
7264 0.7968105576839963 0.9923801894879467 0
7265 0.8242337891143751 0.9761899135090918 0
7266 0.7559587030494478 0.9895132030509521 0
7267 0.772592277548603 0.9875025585544646 0
7268 0.8057642449239542 0.9823160899793318 0
7269 0.7449193306219644 0.9928845146006746 0
7270 0.7893114590764598 0.9822747476525066 0
7271 0.7545818966573258 0.009662493499454292 0
7272 0.7364727016062182 0.01163595020423503 0
7273 0.2140738907323485 0.7547619912369722 0
7274 0.2613533406441544 0.6809784931250095 0
7275 0.2181855228319793 0.741738352515088 0
7276 0.2440267714178562 0.705414455615521 0
7277 0.2283090820863815 0.7268061656505206 0
7278 0.2550768143192682 0.6918202600427934 0
7279 0.2345989091226586 0.7145215389025243 0
7280 0.2056506964496435 0.7497204370939499 0
7281 0.9690576932249415 0.04216483163074481 0
7282 0.9564235815990531 0.0277516292000978 0
7283 0.9680523376184119 0.03048459515139012 0
7284 0.9785661168037547 0.0394325219695218 0
7285 0.9576968788322464 0.03897917723603953 0
7286 0.05589909673370709 0.8211242479134923 0
7287 0.06135073642782661 0.8021226229354979 0
7288 0.04659519053954732 0.8158333050481573 0
7289 0.06571616987923182 0.8125861976561485 0
7290 0.07166174650234591 0.7992564260255864 0
7291 0.04425502464351237 0.8280772203072591 0
7292 0.05369237579667566 0.8085345606010973 0
7293 0.9312445314370988 0.6144924227545254 0
7294 0.9238959824487673 0.634985825201406 0
7295 0.9341162860520761 0.6276230969004034 0
7296 0.9446797253114677 0.6161781479586202 0
7297 0.9190425266415672 0.6248027457033176 0
7298 0.9377584544010176 0.6997424131719329 0
7299 0.8844078105563864 0.6700435432325786 0
7300 0.909412486971913 0.6885052364804589 0
7301 0.9233119177672031 0.6905920456683967 0
7302 0.9079030255579077 0.6755340198286479 0
7303 0.8935962570782838 0.6808326358169938 0
7304 0.9268418678894806 0.6999833182572011 0
7305 0.9172876605169595 0.6977667119900909 0
7306 0.8826460575828713 0.6779288725538345 0
7307 0.6738162045235814 0.7767184790134307 0
7308 0.7810065599991316 0.8103188091702258 0
7309 0.7582768021652228 0.8117553013962052 0
7310 0.6889097644935787 0.7843421210383835 0
7311 0.773269434281564 0.8184613868660333 0
7312 0.7273907609032781 0.797788437302304 0
7313 0.7081504184842746 0.7921845218540329 0
7314 0.672368946038156 0.7883349139215267 0
7315 0.7450656617103363 0.8019514516878415 0
7316 0.7694658129197794 0.8040887882411846 0
7317 0.9068177387261296 0.2480291234194274 0
7318 0.8738507375429827 0.1920233881503297 0
7319 0.8806929022825427 0.211184997614392 0
7320 0.8992071376895873 0.2348733539237057 0
7321 0.8953079891372149 0.2172778044077521 0
7322 0.8814217861579067 0.1981922115544034 0
7323 0.9136847882051697 0.2382951429370339 0
7324 0.8886003936401409 0.2055579862505977 0
7325 0.8751408325079953 0.2006830578121298 0
7326 0.9087542765873634 0.2273691757767786 0
7327 0.05061228612751425 0.4709539661931272 0
7328 0.0131341294493872 0.4968261950038351 0
7329 0.02722649445939312 0.4811965061575287 0
7330 0.03626678883235589 0.4683526149918991 0
7331 0.02666764444862812 0.5012488142404478 0
7332 0.04862219448819267 0.4839411673098426 0
7333 0.03694717670828271 0.4924342470209987 0
7334 0.0591814147112825 0.4769257123769322 0
7335 0.01695678521849207 0.5089655367383712 0
7336 0.8729604782102375 0.4892805131022465 0
7337 0.8935876448946406 0.4905131451627573 0
7338 0.8844920740263431 0.5007330404855125 0
7339 0.8839110858985982 0.4835155206589061 0
7340 0.8705976087957216 0.4770207461208215 0
7341 0.8978815992911189 0.5022985729383324 0
7342 0.2481321557855322 0.03178155865912298 0
7343 0.2524643639180633 0.01751993645907243 0
7344 0.2381608993116111 0.02339518867955597 0
7345 0.2591332506175348 0.02775346508480145 0
7346 0.2365917132480269 0.03368086073675531 0
7347 0.8600004478291671 0.6076829390814353 0
7348 0.9108297249969097 0.5903653111838432 0
7349 0.88655942951981 0.5961338078615672 0
7350 0.8998079723383299 0.5824408004045403 0
7351 0.8488662211313114 0.6020022692109835 0
7352 0.8736765811226241 0.6029100882665224 0
7353 0.8871498526002424 0.5834435121256425 0
7354 0.8601124828878323 0.5948082649287408 0
7355 0.8765308833035947 0.5880386624031729 0
7356 0.9125396500932689 0.5809054506095667 0
7357 0.05224380907489071 0.8996608266856391 0
7358 0.04772531459114479 0.8827975756985799 0
7359 0.0430802038731171 0.8930792183317202 0
7360 0.05678435126316925 0.8894072031055987 0
7361 0.1561436811342819 0.06663325603206126 0
7362 0.1648685273642416 0.05454100639957775 0
7363 0.1691876143411625 0.06495317207875755 0
7364 0.152162747214215 0.05620636862305282 0
7365 0.9468597023228082 0.0978236526713086 0
7366 0.8565380218854859 0.1552730832940391 0
7367 0.9263926303270406 0.1063213368774863 0
7368 0.8649803442675491 0.135293751319209 0
7369 0.8814992910184503 0.1332839904340789 0
7370 0.902335745641054 0.1206534742906005 0
7371 0.8533906664881497 0.1446989107532762 0
7372 0.9382873491677796 0.1014523259246133 0
7373 0.9192035447784657 0.1167978385251205 0
7374 0.8688100541730767 0.1474978593933007 0
7375 0.913530423170729 0.1081359854978662 0
7376 0.9673647960589324 0.3345593163575467 0
7377 0.9631346210752554 0.3209664287289239 0
7378 0.9565599267107247 0.3302127240653604 0
7379 0.9744052514476305 0.326411656528836 0
7380 0.9585238054549717 0.3405026930707364 0
7381 0.1852529785758887 0.7389126669651062 0
7382 0.08892144329081486 0.6869917443091126 0
7383 0.1023568859095192 0.6938883681070971 0
7384 0.172228103342267 0.7290132637149812 0
7385 0.1878002710616121 0.7266520877435548 0
7386 0.1559006018366429 0.7190097871546706 0
7387 0.1386105018333772 0.7103583135289675 0
7388 0.1199116642451576 0.7019971232254952 0
7389 0.8297339213838661 0.114536355764128 0
7390 0.8100885235827395 0.1186657052829625 0
7391 0.8036187772039327 0.1318223935495832 0
7392 0.8204086149761851 0.1081645144694766 0
7393 0.8222951043720707 0.1219218505531068 0
7394 0.8326353045636724 0.1032396369062493 0
7395 0.814353120886237 0.1284357921289924 0
7396 0.7381462766522111 0.9113671680188418 0
7397 0.7376619786949231 0.8580915010999219 0
7398 0.7414401933021584 0.8856414857309749 0
7399 0.735256827673191 0.8651461256142126 0
7400 0.7245404756163177 0.9183419386554256 0
7401 0.7412197433736875 0.897705092595847 0
7402 0.7296661686244047 0.8903099042864079 0
7403 0.7416926348659347 0.8721989581338229 0
7404 0.7313986208261281 0.8768298803524833 0
7405 0.2932324532159916 0.80618664480422 0
7406 0.3003349072378707 0.8254520925358902 0
7407 0.2839274813280657 0.7884266067592928 0
7408 0.2978685716389792 0.8357966874869742 0
7409 0.2808826881062833 0.8042875197784189 0
7410 0.2751821107389261 0.7937058650531033 0
7411 0.2755484146816722 0.7833984588902313 0
7412 0.284861889628122 0.8150337189107068 0
7413 0.2906054856303704 0.8262874983392529 0
7414 0.2897449255660628 0.7965805178027636 0
7415 0.2981114422518169 0.8164271098300165 0
7416 0.6307898981107541 0.8109320417429084 0
7417 0.6339840495094192 0.8329336980303383 0
7418 0.6281097458060666 0.8490711437898346 0
7419 0.6219478688167331 0.8258160417355753 0
7420 0.6184091852638389 0.813185642619813 0
7421 0.6215772676502541 0.8001795639384354 0
7422 0.6253046211986844 0.8388436400416899 0
7423 0.6355848557118469 0.8221348710421019 0
7424 0.6350869896430216 0.844301621400401 0
7425 0.7083814498845714 0.9564748375959472 0
7426 0.655816998789576 0.9643553629412834 0
7427 0.6442451678737453 0.9688261241270054 0
7428 0.6919379110401542 0.9687527262864766 0
7429 0.676908254746371 0.9614859261811149 0
7430 0.7060902580974413 0.9672117376146292 0
7431 0.6941626751074785 0.9563913340721895 0
7432 0.01172887027389407 0.7161192096748592 0
7433 0.04377795411533182 0.7753231384636006 0
7434 0.01418385872628122 0.7284269066925146 0
7435 0.03528197231763548 0.7610477569794079 0
7436 0.02399106329694793 0.7460117429539213 0
7437 0.03016188679855582 0.7755991715673658 0
7438 0.005104987162693569 0.7196560763182317 0
7439 0.5348923616361888 0.893203328999201 0
7440 0.5935724145950744 0.798595161538403 0
7441 0.5834196050626513 0.8112072984998263 0
7442 0.5450762161200977 0.8802022805902682 0
7443 0.5642650207163287 0.8450352655190098 0
7444 0.5553525961549456 0.863521667390357 0
7445 0.5732146471221635 0.8279447276711034 0
7446 0.547168823077943 0.8957057004630539 0
7447 0.5813555925605618 0.796076052534234 0
7448 0.7763864444290322 0.08617306756652557 0
7449 0.7242033807840523 0.04315300475650139 0
7450 0.7351503905255384 0.04846485740537958 0
7451 0.770201508273495 0.06965964650300119 0
7452 0.7522600396434782 0.06310167804129699 0
7453 0.7833188949503287 0.07573171366225386 0
7454 0.7295102735579224 0.05315955236545901 0
7455 0.7630217029445603 0.08017789880532455 0
7456 0.7393436752162015 0.05878310376465055 0
7457 0.6383257666432689 0.6836035903362639 0
7458 0.6230303172734549 0.7054516206427168 0
7459 0.6351549772078199 0.6978042251109343 0
7460 0.6476689791106605 0.6912867772457403 0
7461 0.6274120061976519 0.6926000410052299 0
7462 0.8284192723034102 0.1829602746838433 0
7463 0.8310446754323988 0.1687236446036254 0
7464 0.8427481594212672 0.1811639009804761 0
7465 0.8372069919160382 0.1919400902508196 0
7466 0.8217674609185343 0.1720437436299631 0
7467 0.9417995692491037 0.2808281377979379 0
7468 0.9372563701773995 0.2977835875624378 0
7469 0.9325858626050163 0.2874457306867658 0
7470 0.9463649365697958 0.2911378224280772 0
7471 0.9266384590763637 0.5603888519012996 0
7472 0.9566114971752289 0.5230850042709152 0
7473 0.9447680599062291 0.5484553767955893 0
7474 0.9793074088156777 0.5028956128345012 0
7475 0.9376439912666568 0.5603722440857163 0
7476 0.9873121802761645 0.4948908413740144 0
7477 0.9524479635544455 0.5346866858244788 0
7478 0.9323629445317736 0.5501968229599469 0
7479 0.9664170121525759 0.5152179131277209 0
7480 0.8536042619589358 0.8103914743908163 0
7481 0.8992354066804576 0.821415388822208 0
7482 0.8856125558969754 0.8152195559128183 0
7483 0.8637212408954589 0.8129712145969261 0
7484 0.8989175534634533 0.8121588594576522 0
7485 0.8744170288466572 0.8171790732553843 0
7486 0.006468285405964799 0.231574575623106 0
7487 0.004522712013854927 0.2383240687330666 0
7488 0.9485445842359463 0.2297196103628341 0
7489 0.9888047714273726 0.2483267471618996 0
7490 0.9352976008326195 0.2128400398288399 0
7491 0.9742922456834049 0.2388548204675343 0
7492 0.9657161343663598 0.2252066268749091 0
7493 0.9414808820119474 0.2212613787385982 0
7494 0.9550792254310463 0.2203948391397722 0
7495 0.9886364871051824 0.2368481586109196 0
7496 0.9448490585128199 0.2134146178016649 0
7497 0.9581139382555606 0.2350231318894381 0
7498 0.07062734157543568 0.03628488457113468 0
7499 0.06254240077618922 0.02466988508541923 0
7500 0.05314765913611427 0.01046466973176573 0
7501 0.01274321224992078 0.9469674545040939 0
7502 0.0447459698050994 0.9870294064540688 0
7503 0.03913620506565518 0.9957358784261935 0
7504 0.03296491175743346 0.9767474954394216 0
7505 0.03503515413892845 0.9879240122059024 0
7506 0.0479522461699726 0.9940696287886758 0
7507 0.02202878640834077 0.959283490434473 0
7508 0.2285896280873867 0.8815985705344701 0
7509 0.2538179903675062 0.8608754725867792 0
7510 0.2403425794128465 0.8665412727288768 0
7511 0.2391880644206469 0.8795534980025138 0
7512 0.2487887094097914 0.8720463338464992 0
7513 0.2294037136959991 0.8719669665872248 0
7514 0.9232464444993389 0.1774384831204646 0
7515 0.9107159286176184 0.1614789842422575 0
7516 0.9244485155799735 0.1652206268871622 0
7517 0.9339688841442919 0.1767977460346779 0
7518 0.9127342165888629 0.1719742053460101 0
7519 0.912112221534959 0.1528078745211575 0
7520 0.9304866423694946 0.1848650277006684 0
7521 0.4002309123521185 0.8149648627543551 0
7522 0.3865630357897366 0.8321961820249801 0
7523 0.3980591392595809 0.8313132730195947 0
7524 0.4121983950496879 0.8177668740341963 0
7525 0.3890835590075998 0.821751897525813 0
7526 0.4088956009298255 0.8067706280577159 0
7527 0.3859376795283126 0.841549173698885 0
7528 0.02099251027571393 0.3948634096708553 0
7529 0.01469889625961836 0.3863324402983403 0
7530 0.010225795767413 0.3982868297880614 0
7531 0.007723797877647366 0.3790603636916848 0
7532 0.9753619611605411 0.4658919917482807 0
7533 0.9599486600718753 0.473069697367841 0
7534 0.9092388024564567 0.5215117697926474 0
7535 0.9661225512435168 0.4581456917931027 0
7536 0.9447722981077478 0.4874524127836035 0
7537 0.9176393306867003 0.5132257566700267 0
7538 0.9306043281520778 0.5008463853785275 0
7539 0.4294322763391314 0.9610530150275705 0
7540 0.3300456925630654 0.9124959315934882 0
7541 0.345252365552065 0.9204554330109825 0
7542 0.4157979725810897 0.9535944486097027 0
7543 0.3637828977185665 0.9296362151616436 0
7544 0.3806099162391822 0.9373087678424826 0
7545 0.3981418367205902 0.9444668815976488 0
7546 0.3296001442572109 0.9234480414099975 0
7547 0.4306919586809874 0.9517668887821794 0
7548 0.4991856785549476 0.965205215186987 0
7549 0.5107412425347457 0.9735604827579432 0
7550 0.5074542192249888 0.9562556241610964 0
7551 0.4979287471711724 0.9758374184134674 0
7552 0.9812711185067912 0.5455848609217537 0
7553 0.9871737995272177 0.5571226817971312 0
7554 0.9936893949212117 0.5676293890875398 0
7555 0.9919742483962861 0.548510836854618 0
7556 0.006634647913211555 0.5649146307385491 0
7557 0.6331706393523087 0.9853234523014288 0
7558 0.5377522950524556 0.9326090568432606 0
7559 0.6189129707059665 0.9829242910738911 0
7560 0.546848603011779 0.9434294325794568 0
7561 0.628224140047083 0.9941646249145317 0
7562 0.5650522316271408 0.953148385502825 0
7563 0.5825430919317567 0.9629256122494395 0
7564 0.6003951989141743 0.972764426907716 0
7565 0.5321891208112273 0.940802057289131 0
7566 0.9693925792783947 0.5789539634137179 0
7567 0.9547596078845161 0.583944995302469 0
7568 0.943300542463461 0.5870772266719836 0
7569 0.2590343536573124 0.8964084861008934 0
7570 0.3564390259940811 0.8532282219746833 0
7571 0.3419208416058246 0.8552519580307016 0
7572 0.2702104317560305 0.8887988894090226 0
7573 0.2882132928850054 0.881369945898469 0
7574 0.324205388152029 0.8643673288147533 0
7575 0.3523908042724036 0.8449011031082573 0
7576 0.3060014367112163 0.8730700866832656 0
7577 0.7926943826196798 0.942552283192353 0
7578 0.8063810359542588 0.9348505404437217 0
7579 0.8011612411451451 0.9501333859660858 0
7580 0.7945683355957051 0.9291730996331116 0
7581 0.7905777728270416 0.9522986702135424 0
7582 0.4202698604429875 0.8670276768994529 0
7583 0.4434762634681292 0.8530951639921374 0
7584 0.4074021564605251 0.8537655802705066 0
7585 0.4327367408145465 0.8617856988076393 0
7586 0.4213669874865208 0.8542119045703345 0
7587 0.408369685581545 0.8648772595504699 0
7588 0.4338452826687431 0.8507736117892337 0
7589 0.8184467219598152 0.8852236549600182 0
7590 0.7731848350116838 0.9008611250516732 0
7591 0.8054613724450732 0.8978854078315617 0
7592 0.8205840153376531 0.8978859086216567 0
7593 0.7869347047045964 0.8981298435423065 0
7594 0.80011172500828 0.8867378175263131 0
7595 0.9126904759094913 0.07234299192128181 0
7596 0.887210810357176 0.08436479991076891 0
7597 0.9085600614372527 0.08452244981818072 0
7598 0.921052484941526 0.08071294751148178 0
7599 0.901028297518804 0.07520194996730863 0
7600 0.9240140321696677 0.06901820072640628 0
7601 0.8977271434878047 0.08765414170316882 0
7602 0.9708660691092321 0.6209684013504793 0
7603 0.9898740109123951 0.6062534219653081 0
7604 0.9931795431653287 0.6177644896849924 0
7605 0.9830009837215856 0.6239765646361896 0
7606 0.9961794217663821 0.5971271029968593 0
7607 0.9714410892664209 0.6297644596217542 0
7608 0.9847658266605406 0.6120547379249562 0
7609 0.009537465687020921 0.6057044047813807 0
7610 0.4939237344292771 0.8983797934870761 0
7611 0.5092833001084176 0.8923086384730906 0
7612 0.4984376202028079 0.8854359162039822 0
7613 0.4822345324834899 0.8938051187771644 0
7614 0.5068943896964663 0.9027474267899823 0
7615 0.4872452951282987 0.8867273849558285 0
7616 0.8218037269500473 0.740518563911406 0
7617 0.8399819160552071 0.7437409861414177 0
7618 0.8176435766714563 0.7532479942589928 0
7619 0.8303399853371592 0.7486231471026039 0
7620 0.8335059830030335 0.7357436372546593 0
7621 0.8115658562866935 0.7436869021521377 0
7622 0.2763255674851486 0.915380076159226 0
7623 0.2812742304734429 0.9331729766284522 0
7624 0.27104590978241 0.9264952075131285 0
7625 0.2859646579418762 0.922476082658174 0
7626 0.2664770939505742 0.9173661628690238 0
7627 0.3766313984426753 0.9711754028541829 0
7628 0.3487058270843758 0.97497755868642 0
7629 0.3636736199444645 0.9651817656552589 0
7630 0.3625471816279425 0.9757590747622795 0
7631 0.3531698793828261 0.9641127589614027 0
7632 0.8748984836394209 0.3200862905439053 0
7633 0.9123535970624544 0.3441442801205241 0
7634 0.8832657097868055 0.3382282137125482 0
7635 0.8995628144703235 0.3382535555382343 0
7636 0.8719279983001256 0.3299820086677378 0
7637 0.9067109563073842 0.352216232836931 0
7638 0.8867179160522497 0.3269654191277351 0
7639 0.8936947489708618 0.348064537085757 0
7640 0.8689821185816535 0.7786238122323599 0
7641 0.8518331294330161 0.774083282303455 0
7642 0.8254957496126424 0.7856025473471159 0
7643 0.8645328218804531 0.7665564078392909 0
7644 0.8380372817431532 0.7829008718979604 0
7645 0.8524426403335026 0.7863638556501137 0
7646 0.1487454877927707 0.9547165822793013 0
7647 0.1385801186334548 0.9435431510419049 0
7648 0.1363444607910732 0.958212377703167 0
7649 0.1505660592916397 0.9427406660527845 0
7650 0.1440937574456567 0.9654147476987296 0
7651 0.06311161139700734 0.925260323445659 0
7652 0.05601724426944653 0.9376552876653994 0
7653 0.05057800470909701 0.9260286289726157 0
7654 0.06895310784465271 0.9364383810392493 0
7655 0.9556767199322871 0.1850369923055634 0
7656 0.9680559715612782 0.07860892739767765 0
7657 0.957031767027074 0.172449261982885 0
7658 0.9678108616014884 0.09090844346418256 0
7659 0.9635930094134253 0.1140146564062859 0
7660 0.9624337247093165 0.1300266569282882 0
7661 0.9591214331128826 0.1563010587266943 0
7662 0.9627854234708259 0.1434267817909921 0
7663 0.2406517653255706 0.9439641387748435 0
7664 0.2959027691181344 0.9785101520204997 0
7665 0.2647082224001824 0.9743417230331172 0
7666 0.2788703584060067 0.9826618158724244 0
7667 0.2487050195598407 0.9543367580681802 0
7668 0.3054953725015502 0.9881519359530867 0
7669 0.2570705937242185 0.9643663598099707 0
7670 0.3133130689247887 0.9945685319511472 0
7671 0.2906296098407627 0.9905827364916283 0
7672 0.2848330590584436 0.9705795112329145 0
7673 0.2698177012022432 0.9614931030886705 0
7674 0.3086842721866523 0.006162780196631856 0
7675 0.6646012433017033 0.9242262814186836 0
7676 0.6760709329114206 0.902258010390772 0
7677 0.6629894397301422 0.9135251618348399 0
7678 0.6721902744710033 0.9157184342475666 0
7679 0.6648321295428179 0.9026013413731052 0
7680 0.2202413139872078 0.9188988353731241 0
7681 0.2112645066333127 0.9305481355208506 0
7682 0.206926953889611 0.9144803423112473 0
7683 0.2233505941087699 0.9316978804587995 0
7684 0.215220810635881 0.908461654256018 0
7685 0.848376097156625 0.8652021883209852 0
7686 0.8629638490268082 0.8706172698060194 0
7687 0.8725192677837649 0.8706625035313347 0
7688 0.8427584394787138 0.8468394067944094 0
7689 0.8539982609830392 0.8563284144626545 0
7690 0.8383460935415191 0.857421116050699 0
7691 0.8678336699714172 0.8626166154383847 0
7692 0.8924611398471524 0.756505337385699 0
7693 0.9882849642610124 0.7230850450397602 0
7694 0.9459804933269176 0.7287507685127659 0
7695 0.9152293155936899 0.7552838422926275 0
7696 0.977508471156279 0.7258156970061613 0
7697 0.9038826607691851 0.7582175420170575 0
7698 0.9347166563109859 0.7334706445372912 0
7699 0.9597997519225673 0.7294243499373954 0
7700 0.9281038915659202 0.7509487420779102 0
7701 0.9447693773615409 0.7427726036154448 0
7702 0.9046205769768042 0.7489152342515568 0
7703 0.9194614235191158 0.7407283376579727 0
7704 0.9463115270928975 0.8189135062248492 0
7705 0.9578286092692739 0.7961919351071349 0
7706 0.9522616317598043 0.8078977886266056 0
7707 0.9399074946507225 0.8068417684844224 0
7708 0.9375151529367556 0.8252372619308246 0
7709 0.9341974654986521 0.8177058635412998 0
7710 0.948128088299299 0.7989921438810923 0
7711 0.8064840221510493 0.8246462005784841 0
7712 0.8009324637815985 0.8443077966405471 0
7713 0.8155971806563447 0.8357758506935177 0
7714 0.7978351195886209 0.8342469935858481 0
7715 0.8175745579972737 0.8239451295698035 0
7716 0.897268908693815 0.8780741269937582 0
7717 0.8902801870719541 0.8441685919773682 0
7718 0.8991111715736098 0.8559032233269056 0
7719 0.9165776940276106 0.8836879068179104 0
7720 0.9080538868119336 0.8710089431564054 0
7721 0.9053931829204178 0.8889344641743336 0
7722 0.8892820658680209 0.8558768658275339 0
7723 0.8937826219329112 0.8664831224208914 0
$EndNodes
$Elements
15202
1 2 2 1 1 1853 3362 3611
2 2 2 1 1 3803 5676 4206
3 2 2 1 1 2028 5736 2029
4 2 2 1 1 1499 264 1500
5 2 2 1 1 1113 4817 4158
6 2 2 1 1 689 5143 690
7 2 2 1 1 3458 2788 2636
8 2 2 1 1 178 4149 1015
9 2 2 1 1 831 5878 3343
10 2 2 1 1 3697 5833 4635
11 2 2 1 1 905 3890 1889
12 2 2 1 1 3140 5312 3141
13 2 2 1 1 1015 4254 178
14 2 2 1 1 1089 6112 3343
15 2 2 1 1 4678 5098 4096
16 2 2 1 1 4993 5600 4229
17 2 2 1 1 2814 5557 3031
18 2 2 1 1 633 632 97
19 2 2 1 1 3004 4285 3005
20 2 2 1 1 1350 3669 1351
21 2 2 1 1 599 877 600
22 2 2 1 1 3930 4817 1113
23 2 2 1 1 4514 5186 4568
24 2 2 1 1 1477 4847 1478
25 2 2 1 1 977 4720 3331
26 2 2 1 1 2409 6066 2410
27 2 2 1 1 680 3775 681
28 2 2 1 1 5384 5490 4588
29 2 2 1 1 3668 5971 4799
30 2 2 1 1 4889 5470 3549
31 2 2 1 1 3542 4277 3541
32 2 2 1 1 4195 4878 4466
33 2 2 1 1 4544 5818 4741
34 2 2 1 1 1262 4431 1263
35 2 2 1 1 1526 4134 1527
36 2 2 1 1 289 1067 290
37 2 2 1 1 2370 4101 2245
38 2 2 1 1 1208 1707 1195
39 2 2 1 1 2479 5071 2480
40 2 2 1 1 1213 5290 1214
41 2 2 1 1 601 4895 3296
42 2 2 1 1 4799 4982 3668
43 2 2 1 1 2081 5252 2082
44 2 2 1 1 4633 4765 3838
45 2 2 1 1 1074 5278 1075
46 2 2 1 1 4151 4900 4462
47 2 2 1 1 2410 6066 3114
48 2 2 1 1 1591 5976 1592
49 2 2 1 1 4555 5206 3956
50 2 2 1 1 1655 3796 1656
51 2 2 1 1 545 4414 546
52 2 2 1 1 2097 3722 2098
53 2 2 1 1 917 3656 918
54 2 2 1 1 1343 5529 3619
55 2 2 1 1 699 5556 700
56 2 2 1 1 3935 4879 4612
57 2 2 1 1 1633 1632 1224
58 2 2 1 1 2574 5979 2558
59 2 2 1 1 2363 4484 2364
60 2 2 1 1 3535 5139 2710
61 2 2 1 1 4619 5471 3640
62 2 2 1 1 3449 4366 2439
63 2 2 1 1 1263 4001 1264
64 2 2 1 1 1916 3787 1897
65 2 2 1 1 4714 5393 5317
66 2 2 1 1 87 4382 88
67 2 2 1 1 2564 1948 2565
68 2 2 1 1 3866 4959 4302
69 2 2 1 1 135 5614 3706
70 2 2 1 1 2533 3711 2534
71 2 2 1 1 2202 5645 2203
72 2 2 1 1 959 5540 1381
73 2 2 1 1 1712 4211 1713
74 2 2 1 1 5762 6091 5511
75 2 2 1 1 211 3984 212
76 2 2 1 1 4886 5119 4393
77 2 2 1 1 4841 5500 4386
78 2 2 1 1 4206 5498 3803
79 2 2 1 1 2550 1622 1612
80 2 2 1 1 4428 5996 5917
81 2 2 1 1 1989 4110 1990
82 2 2 1 1 1948 6131 1949
83 2 2 1 1 4195 5199 4878
84 2 2 1 1 1579 1377 1376
85 2 2 1 1 1527 5561 1528
86 2 2 1 1 601 5868 4895
87 2 2 1 1 1404 1150 1149
88 2 2 1 1 114 520 115
89 2 2 1 1 1527 4134 1687
90 2 2 1 1 4109 5011 4813
91 2 2 1 1 5011 5756 4813
92 2 2 1 1 3644 5996 4428
93 2 2 1 1 1889 3890 1890
94 2 2 1 1 1757 1535 1534
95 2 2 1 1 1648 4637 3436
96 2 2 1 1 3629 4708 3971
97 2 2 1 1 2644 3581 3582
98 2 2 1 1 2132 2242 2133
99 2 2 1 1 2869 4518 2870
100 2 2 1 1 4514 4568 3654
101 2 2 1 1 2232 4552 1619
102 2 2 1 1 4686 5762 5511
103 2 2 1 1 2726 1744 1743
104 2 2 1 1 2214 2213 1553
105 2 2 1 1 4576 5971 3668
106 2 2 1 1 219 4156 220
107 2 2 1 1 756 5209 757
108 2 2 1 1 3735 5449 5078
109 2 2 1 1 1758 1533 1759
110 2 2 1 1 4145 5802 5131
111 2 2 1 1 4679 5387 5370
112 2 2 1 1 878 6072 3316
113 2 2 1 1 1331 4157 1330
114 2 2 1 1 63 4574 64
115 2 2 1 1 2516 2568 2567
116 2 2 1 1 2496 4358 2497
117 2 2 1 1 679 3633 680
118 2 2 1 1 2279 4477 2280
119 2 2 1 1 2433 2202 2434
120 2 2 1 1 2123 2124 2122
121 2 2 1 1 2577 4269 2578
122 2 2 1 1 5317 5393 4058
123 2 2 1 1 802 801 3375
124 2 2 1 1 1906 3764 1907
125 2 2 1 1 2087 5539 2088
126 2 2 1 1 3935 4612 4047
127 2 2 1 1 4506 4539 4508
128 2 2 1 1 2305 5259 2306
129 2 2 1 1 4865 5749 5381
130 2 2 1 1 3284 5195 481
131 2 2 1 1 5286 6013 4410
132 2 2 1 1 1274 5027 1275
133 2 2 1 1 4096 5098 4925
134 2 2 1 1 1993 6055 1994
135 2 2 1 1 4415 5346 238
136 2 2 1 1 1312 6125 1313
137 2 2 1 1 410 4909 411
138 2 2 1 1 3069 4063 3070
139 2 2 1 1 1947 4273 1948
140 2 2 1 1 132 5466 133
141 2 2 1 1 5009 5194 4407
142 2 2 1 1 1405 4816 1406
143 2 2 1 1 3640 5471 4421
144 2 2 1 1 4195 4466 3413
145 2 2 1 1 4566 5833 3697
146 2 2 1 1 1396 712 1397
147 2 2 1 1 4774 4951 3570
148 2 2 1 1 1389 1388 2448
149 2 2 1 1 837 4692 838
150 2 2 1 1 520 519 115
151 2 2 1 1 165 5400 164
152 2 2 1 1 2570 5438 4275
153 2 2 1 1 5507 5629 3969
154 2 2 1 1 221 5861 3313
155 2 2 1 1 4275 4381 2570
156 2 2 1 1 2512 4275 2513
157 2 2 1 1 782 5803 783
158 2 2 1 1 2551 1622 2550
159 2 2 1 1 4706 6013 5286
160 2 2 1 1 4559 5194 4272
161 2 2 1 1 3865 5293 4602
162 2 2 1 1 1825 3799 3730
163 2 2 1 1 3256 5409 34
164 2 2 1 1 1782 4551 1788
165 2 2 1 1 46 4142 47
166 2 2 1 1 2662 4624 2663
167 2 2 1 1 4539 5313 4508
168 2 2 1 1 4433 5689 4473
169 2 2 1 1 1470 5910 1471
170 2 2 1 1 4710 5500 4841
171 2 2 1 1 3865 5958 5293
172 2 2 1 1 4870 5146 4426
173 2 2 1 1 1679 2168 1680
174 2 2 1 1 4871 5786 4541
175 2 2 1 1 4151 4462 2282
176 2 2 1 1 480 5320 4390
177 2 2 1 1 3373 5953 3374
178 2 2 1 1 1889 1888 906
179 2 2 1 1 4685 5315 4761
180 2 2 1 1 3721 5753 4463
181 2 2 1 1 4588 5635 4613
182 2 2 1 1 1042 1718 1043
183 2 2 1 1 3629 5437 4708
184 2 2 1 1 5370 5387 3642
185 2 2 1 1 5122 5993 4718
186 2 2 1 1 3701 5002 3939
187 2 2 1 1 1964 3985 1965
188 2 2 1 1 4426 5146 3659
189 2 2 1 1 890 4954 891
190 2 2 1 1 5470 6145 3549
191 2 2 1 1 2807 4838 2808
192 2 2 1 1 2271 5148 2272
193 2 2 1 1 4806 5199 4844
194 2 2 1 1 4636 5552 3772
195 2 2 1 1 1922 3341 1923
196 2 2 1 1 5008 6054 5201
197 2 2 1 1 4678 5571 5098
198 2 2 1 1 4140 5691 5555
199 2 2 1 1 2181 5726 3566
200 2 2 1 1 5130 5380 3979
201 2 2 1 1 2018 3456 2019
202 2 2 1 1 5131 5802 4691
203 2 2 1 1 4435 4998 4386
204 2 2 1 1 309 3314 310
205 2 2 1 1 4206 5676 5325
206 2 2 1 1 1407 3935 1408
207 2 2 1 1 3064 5530 3065
208 2 2 1 1 968 5946 5012
209 2 2 1 1 3826 5380 5130
210 2 2 1 1 4708 4710 3971
211 2 2 1 1 2079 5734 2080
212 2 2 1 1 2165 4717 2166
213 2 2 1 1 1228 5922 1229
214 2 2 1 1 736 5968 3308
215 2 2 1 1 324 5102 325
216 2 2 1 1 4951 5317 3570
217 2 2 1 1 4718 5993 5472
218 2 2 1 1 3939 5002 4344
219 2 2 1 1 4332 5741 1152
220 2 2 1 1 4425 4831 3937
221 2 2 1 1 3658 4184 1372
222 2 2 1 1 4535 5170 4454
223 2 2 1 1 4476 5996 3644
224 2 2 1 1 3864 6093 4842
225 2 2 1 1 695 4068 696
226 2 2 1 1 3979 5417 5130
227 2 2 1 1 2233 5981 2234
228 2 2 1 1 1828 6207 1829
229 2 2 1 1 4918 5971 4601
230 2 2 1 1 4454 5170 3989
231 2 2 1 1 2402 4862 2403
232 2 2 1 1 1387 4871 3365
233 2 2 1 1 2302 4230 2303
234 2 2 1 1 2560 4607 2561
235 2 2 1 1 536 5486 537
236 2 2 1 1 1397 5092 1398
237 2 2 1 1 397 191 380
238 2 2 1 1 6094 6192 3754
239 2 2 1 1 4588 4613 3747
240 2 2 1 1 5330 6048 4988
241 2 2 1 1 4641 5321 3537
242 2 2 1 1 1721 4864 773
243 2 2 1 1 1387 5786 4871
244 2 2 1 1 4881 5272 4949
245 2 2 1 1 618 4622 1496
246 2 2 1 1 1735 4945 1736
247 2 2 1 1 4463 5753 5186
248 2 2 1 1 1636 4366 1637
249 2 2 1 1 1042 1719 1718
250 2 2 1 1 2725 1744 2726
251 2 2 1 1 1288 4163 3350
252 2 2 1 1 1525 5126 1526
253 2 2 1 1 2722 4106 2723
254 2 2 1 1 3952 5142 4988
255 2 2 1 1 3735 6136 5449
256 2 2 1 1 1551 2144 2143
257 2 2 1 1 4140 5555 5223
258 2 2 1 1 3969 5835 5507
259 2 2 1 1 2926 3902 2927
260 2 2 1 1 4454 5005 4535
261 2 2 1 1 4431 5142 4770
262 2 2 1 1 1493 6210 3377
263 2 2 1 1 2015 4502 4199
264 2 2 1 1 5012 5946 4204
265 2 2 1 1 3455 5438 2570
266 2 2 1 1 346 4221 347
267 2 2 1 1 1995 4268 1996
268 2 2 1 1 390 4238 391
269 2 2 1 1 1002 4921 1003
270 2 2 1 1 1361 1360 868
271 2 2 1 1 2212 4762 2213
272 2 2 1 1 1991 4269 1992
273 2 2 1 1 697 3751 698
274 2 2 1 1 2406 2954 2407
275 2 2 1 1 1195 1706 1196
276 2 2 1 1 4842 6093 4760
277 2 2 1 1 1066 1065 291
278 2 2 1 1 2262 1724 1737
279 2 2 1 1 5917 5996 4965
280 2 2 1 1 1552 5461 1553
281 2 2 1 1 3705 5825 5468
282 2 2 1 1 2782 4137 3589
283 2 2 1 1 4359 5993 5122
284 2 2 1 1 4066 5333 5332
285 2 2 1 1 1246 1245 1266
286 2 2 1 1 4770 5747 4431
287 2 2 1 1 291 4763 292
288 2 2 1 1 1160 4449 1161
289 2 2 1 1 4450 5980 5595
290 2 2 1 1 3518 1009 1008
291 2 2 1 1 1970 5572 1980
292 2 2 1 1 4343 6054 5008
293 2 2 1 1 4229 5805 4993
294 2 2 1 1 3834 5704 5389
295 2 2 1 1 4765 6258 3838
296 2 2 1 1 1499 5038 264
297 2 2 1 1 2956 5266 2957
298 2 2 1 1 4355 4356 3710
299 2 2 1 1 5062 5714 3988
300 2 2 1 1 3866 5588 4959
301 2 2 1 1 2436 4696 2139
302 2 2 1 1 1151 5262 1152
303 2 2 1 1 42 4999 43
304 2 2 1 1 5332 5333 4798
305 2 2 1 1 5406 5528 5214
306 2 2 1 1 1786 1783 1787
307 2 2 1 1 5005 5869 3681
308 2 2 1 1 3124 3125 3166
309 2 2 1 1 5659 5661 4528
310 2 2 1 1 891 6217 892
311 2 2 1 1 2569 5650 3455
312 2 2 1 1 2675 5347 2674
313 2 2 1 1 4360 4361 3714
314 2 2 1 1 4118 5571 5176
315 2 2 1 1 2695 5920 2694
316 2 2 1 1 5511 6091 3876
317 2 2 1 1 4495 4787 4392
318 2 2 1 1 3706 5614 4398
319 2 2 1 1 125 6279 126
320 2 2 1 1 4756 5211 4169
321 2 2 1 1 1839 5220 1840
322 2 2 1 1 3857 4787 4495
323 2 2 1 1 4601 5971 4576
324 2 2 1 1 337 86 338
325 2 2 1 1 2485 6076 2486
326 2 2 1 1 2774 2775 3320
327 2 2 1 1 3675 4435 4386
328 2 2 1 1 2674 4132 2673
329 2 2 1 1 5176 5571 4678
330 2 2 1 1 5468 5825 4235
331 2 2 1 1 1448 4139 1449
332 2 2 1 1 4831 5368 3937
333 2 2 1 1 3475 5557 2814
334 2 2 1 1 1165 3727 1166
335 2 2 1 1 4212 5057 1565
336 2 2 1 1 1799 4335 1800
337 2 2 1 1 827 5212 4204
338 2 2 1 1 3066 5876 3067
339 2 2 1 1 3020 3486 3021
340 2 2 1 1 2795 2328 2327
341 2 2 1 1 867 1361 868
342 2 2 1 1 3697 4635 4111
343 2 2 1 1 4418 5480 3828
344 2 2 1 1 3512 5856 3511
345 2 2 1 1 645 4216 646
346 2 2 1 1 2369 4101 2370
347 2 2 1 1 4229 5600 5593
348 2 2 1 1 2635 4286 3458
349 2 2 1 1 264 5038 265
350 2 2 1 1 1710 4815 1711
351 2 2 1 1 4988 5351 5330
352 2 2 1 1 1778 4163 1779
353 2 2 1 1 3052 4158 3053
354 2 2 1 1 1451 4826 1452
355 2 2 1 1 3166 3125 3153
356 2 2 1 1 2346 5573 2347
357 2 2 1 1 2247 2880 2879
358 2 2 1 1 1536 4067 3300
359 2 2 1 1 1779 4163 1288
360 2 2 1 1 1528 5794 1529
361 2 2 1 1 4633 5361 4765
362 2 2 1 1 987 1006 387
363 2 2 1 1 632 631 340
364 2 2 1 1 769 4595 770
365 2 2 1 1 4761 5315 3809
366 2 2 1 1 5814 5881 5552
367 2 2 1 1 1175 6243 1176
368 2 2 1 1 3828 5480 4837
369 2 2 1 1 5182 5725 5151
370 2 2 1 1 314 4349 315
371 2 2 1 1 2139 4696 2140
372 2 2 1 1 3960 5718 4998
373 2 2 1 1 5966 6094 3754
374 2 2 1 1 2361 73 2362
375 2 2 1 1 4027 4355 3710
376 2 2 1 1 480 4390 3284
377 2 2 1 1 2439 4366 1636
378 2 2 1 1 3946 5321 4641
379 2 2 1 1 5219 6230 4011
380 2 2 1 1 94 4075 95
381 2 2 1 1 3485 4776 2894
382 2 2 1 1 510 3882 511
383 2 2 1 1 5099 6034 4737
384 2 2 1 1 640 921 920
385 2 2 1 1 3742 5194 4559
386 2 2 1 1 193 4955 194
387 2 2 1 1 3799 4778 4777
388 2 2 1 1 3080 5533 3081
389 2 2 1 1 4425 5853 4831
390 2 2 1 1 5373 5535 4778
391 2 2 1 1 4199 4558 2015
392 2 2 1 1 342 3303 343
393 2 2 1 1 1319 5900 1320
394 2 2 1 1 3813 5211 4756
395 2 2 1 1 2095 4326 2096
396 2 2 1 1 2261 1724 2262
397 2 2 1 1 2371 6019 2372
398 2 2 1 1 1324 5628 4134
399 2 2 1 1 3318 5506 422
400 2 2 1 1 3639 5351 4988
401 2 2 1 1 1503 4306 1504
402 2 2 1 1 4361 4539 4506
403 2 2 1 1 2490 5789 4139
404 2 2 1 1 422 5610 3318
405 2 2 1 1 4577 5261 4852
406 2 2 1 1 2416 6082 2417
407 2 2 1 1 1469 4717 2164
408 2 2 1 1 1756 4067 1757
409 2 2 1 1 402 4357 403
410 2 2 1 1 1998 4351 1999
411 2 2 1 1 1243 4788 1244
412 2 2 1 1 4134 5126 1324
413 2 2 1 1 4939 5714 5062
414 2 2 1 1 476 4521 3260
415 2 2 1 1 5490 5635 4588
416 2 2 1 1 3370 4794 3371
417 2 2 1 1 958 5344 3326
418 2 2 1 1 2164 4795 1469
419 2 2 1 1 2473 3801 2474
420 2 2 1 1 5064 5820 3990
421 2 2 1 1 2694 5920 3627
422 2 2 1 1 3459 5268 2638
423 2 2 1 1 2300 5445 2301
424 2 2 1 1 1428 5310 2005
425 2 2 1 1 2873 2841 2874
426 2 2 1 1 2313 4177 2314
427 2 2 1 1 4914 6011 4537
428 2 2 1 1 4119 4871 4541
429 2 2 1 1 4361 4506 4505
430 2 2 1 1 3369 1310 1327
431 2 2 1 1 2502 5147 2485
432 2 2 1 1 4407 5194 4952
433 2 2 1 1 1544 5046 1533
434 2 2 1 1 3508 4317 3507
435 2 2 1 1 2250 5311 2251
436 2 2 1 1 5273 5361 4633
437 2 2 1 1 4585 5824 5433
438 2 2 1 1 481 5195 4866
439 2 2 1 1 5595 5643 4450
440 2 2 1 1 4395 5753 3721
441 2 2 1 1 356 3993 357
442 2 2 1 1 2550 5061 3452
443 2 2 1 1 3481 4743 2853
444 2 2 1 1 2005 5310 2006
445 2 2 1 1 4243 5881 5814
446 2 2 1 1 452 5423 453
447 2 2 1 1 65 64 331
448 2 2 1 1 682 3755 683
449 2 2 1 1 4003 5789 2490
450 2 2 1 1 527 5364 528
451 2 2 1 1 5185 5400 165
452 2 2 1 1 3772 5552 3687
453 2 2 1 1 3388 4121 3389
454 2 2 1 1 3649 4896 4615
455 2 2 1 1 5627 5629 3801
456 2 2 1 1 3571 4774 3570
457 2 2 1 1 4971 5274 1315
458 2 2 1 1 3261 5075 4227
459 2 2 1 1 639 4487 640
460 2 2 1 1 4426 5775 4870
461 2 2 1 1 4386 5551 4841
462 2 2 1 1 2251 3874 2252
463 2 2 1 1 2516 4044 2517
464 2 2 1 1 2350 2349 3352
465 2 2 1 1 57 3815 58
466 2 2 1 1 4495 5293 3857
467 2 2 1 1 5288 5617 5007
468 2 2 1 1 5313 5865 4378
469 2 2 1 1 1399 3677 1400
470 2 2 1 1 5381 5749 4740
471 2 2 1 1 3405 5997 1959
472 2 2 1 1 4433 4473 3678
473 2 2 1 1 2567 4044 2516
474 2 2 1 1 4480 6093 3864
475 2 2 1 1 2303 6082 2304
476 2 2 1 1 1551 5772 1552
477 2 2 1 1 3956 5763 4555
478 2 2 1 1 2472 4729 2473
479 2 2 1 1 4011 6230 5708
480 2 2 1 1 5407 5534 5433
481 2 2 1 1 3638 5749 4865
482 2 2 1 1 471 790 789
483 2 2 1 1 166 6190 165
484 2 2 1 1 4345 5763 3956
485 2 2 1 1 2795 5469 2796
486 2 2 1 1 4615 4896 4432
487 2 2 1 1 3418 4329 2188
488 2 2 1 1 5401 5992 4496
489 2 2 1 1 1720 4864 1721
490 2 2 1 1 2555 2557 3196
491 2 2 1 1 2064 4281 2065
492 2 2 1 1 4160 5490 5384
493 2 2 1 1 1644 5316 2539
494 2 2 1 1 5353 5597 5050
495 2 2 1 1 1414 4408 4076
496 2 2 1 1 2892 4667 2893
497 2 2 1 1 1971 4903 3253
498 2 2 1 1 2262 4452 2263
499 2 2 1 1 1643 5316 1644
500 2 2 1 1 1572 5036 1573
501 2 2 1 1 5682 5822 993
502 2 2 1 1 110 4632 111
503 2 2 1 1 4900 5689 4433
504 2 2 1 1 3372 5059 3373
505 2 2 1 1 3527 5485 3526
506 2 2 1 1 4679 5370 3874
507 2 2 1 1 4263 4719 3755
508 2 2 1 1 4481 6222 3793
509 2 2 1 1 2459 5574 1994
510 2 2 1 1 5449 6136 5060
511 2 2 1 1 3719 5199 4806
512 2 2 1 1 3297 4928 610
513 2 2 1 1 3446 5587 2415
514 2 2 1 1 4415 5133 3924
515 2 2 1 1 5151 6169 5182
516 2 2 1 1 1033 4510 1032
517 2 2 1 1 155 4563 156
518 2 2 1 1 2903 4458 2904
519 2 2 1 1 2487 5513 2488
520 2 2 1 1 3071 5378 3072
521 2 2 1 1 4591 6090 5360
522 2 2 1 1 1315 5274 3771
523 2 2 1 1 2249 4294 2968
524 2 2 1 1 3414 5363 2138
525 2 2 1 1 3299 6254 594
526 2 2 1 1 4812 5346 4415
527 2 2 1 1 2882 4608 2883
528 2 2 1 1 1205 2071 1206
529 2 2 1 1 5028 5427 3767
530 2 2 1 1 4041 6048 5330
531 2 2 1 1 490 1638 491
532 2 2 1 1 1056 5743 1057
533 2 2 1 1 3812 4642 4474
534 2 2 1 1 3481 5746 4467
535 2 2 1 1 1550 2144 1551
536 2 2 1 1 5594 5762 4686
537 2 2 1 1 2426 3757 2427
538 2 2 1 1 2094 4643 2095
539 2 2 1 1 4394 4578 3778
540 2 2 1 1 3804 6182 5579
541 2 2 1 1 3573 5762 5594
542 2 2 1 1 3356 5628 1324
543 2 2 1 1 1040 5999 1041
544 2 2 1 1 2072 2071 1205
545 2 2 1 1 1911 4177 1912
546 2 2 1 1 1500 263 1501
547 2 2 1 1 404 5319 405
548 2 2 1 1 3770 5725 5182
549 2 2 1 1 4958 5884 5377
550 2 2 1 1 1895 1894 319
551 2 2 1 1 2670 176 3462
552 2 2 1 1 4171 4996 4973
553 2 2 1 1 3808 5144 4901
554 2 2 1 1 4842 6222 4481
555 2 2 1 1 4068 5884 4958
556 2 2 1 1 5136 5802 5668
557 2 2 1 1 4691 5802 5136
558 2 2 1 1 4852 5261 3950
559 2 2 1 1 5007 5617 5006
560 2 2 1 1 3766 5261 4577
561 2 2 1 1 3477 4274 2815
562 2 2 1 1 4710 4841 3971
563 2 2 1 1 906 1888 907
564 2 2 1 1 1705 4520 1706
565 2 2 1 1 2429 3846 2430
566 2 2 1 1 3999 5426 3820
567 2 2 1 1 3755 5662 4263
568 2 2 1 1 1984 5276 1983
569 2 2 1 1 1120 701 1121
570 2 2 1 1 2644 5137 2836
571 2 2 1 1 1417 4354 1418
572 2 2 1 1 4301 5992 5401
573 2 2 1 1 3999 5029 2106
574 2 2 1 1 2316 3523 2317
575 2 2 1 1 2486 4315 2487
576 2 2 1 1 3681 5869 4537
577 2 2 1 1 2282 4462 2283
578 2 2 1 1 3374 5953 200
579 2 2 1 1 2577 6003 4269
580 2 2 1 1 2414 4249 3446
581 2 2 1 1 2190 3879 2189
582 2 2 1 1 2492 4683 2493
583 2 2 1 1 1772 4238 1773
584 2 2 1 1 1090 4141 1091
585 2 2 1 1 3653 4804 4208
586 2 2 1 1 3342 6167 1089
587 2 2 1 1 1739 4315 2486
588 2 2 1 1 4705 5779 5677
589 2 2 1 1 270 1024 271
590 2 2 1 1 4817 5226 3921
591 2 2 1 1 5224 5722 4356
592 2 2 1 1 2743 2415 2744
593 2 2 1 1 2573 4322 2574
594 2 2 1 1 2164 4717 2165
595 2 2 1 1 4771 6230 5219
596 2 2 1 1 1590 4312 1591
597 2 2 1 1 1223 5097 1633
598 2 2 1 1 3918 5028 3767
599 2 2 1 1 932 5432 933
600 2 2 1 1 1486 5512 4721
601 2 2 1 1 2898 5483 2899
602 2 2 1 1 4897 4928 4160
603 2 2 1 1 4521 5075 3260
604 2 2 1 1 2813 5470 3475
605 2 2 1 1 4125 4674 4086
606 2 2 1 1 2841 5177 2840
607 2 2 1 1 3542 4657 4277
608 2 2 1 1 884 3792 885
609 2 2 1 1 1152 5741 3345
610 2 2 1 1 1163 3867 1164
611 2 2 1 1 4145 5131 4887
612 2 2 1 1 5008 5201 3761
613 2 2 1 1 3312 4021 749
614 2 2 1 1 870 4094 3315
615 2 2 1 1 1854 1855 3362
616 2 2 1 1 1283 1284 1281
617 2 2 1 1 3799 5373 4778
618 2 2 1 1 1089 6167 4213
619 2 2 1 1 2265 6213 2266
620 2 2 1 1 3305 4592 685
621 2 2 1 1 4542 6200 4546
622 2 2 1 1 773 4864 774
623 2 2 1 1 2122 4641 3537
624 2 2 1 1 3944 4578 4394
625 2 2 1 1 2120 5770 2119
626 2 2 1 1 4441 5018 4545
627 2 2 1 1 2092 3957 2093
628 2 2 1 1 938 4894 939
629 2 2 1 1 5330 5766 4601
630 2 2 1 1 1257 4459 1258
631 2 2 1 1 4615 5651 3649
632 2 2 1 1 4514 5823 5186
633 2 2 1 1 1764 4183 1765
634 2 2 1 1 738 4894 3310
635 2 2 1 1 3714 5154 4360
636 2 2 1 1 5558 5766 5330
637 2 2 1 1 3908 5473 4391
638 2 2 1 1 3260 5075 3261
639 2 2 1 1 3567 5208 3411
640 2 2 1 1 4652 4845 4550
641 2 2 1 1 3447 5812 2416
642 2 2 1 1 1961 4704 2111
643 2 2 1 1 4290 5635 4173
644 2 2 1 1 1896 4540 1883
645 2 2 1 1 508 4380 509
646 2 2 1 1 4467 4743 3481
647 2 2 1 1 3633 4601 4576
648 2 2 1 1 4325 5272 4881
649 2 2 1 1 4895 5949 3296
650 2 2 1 1 4848 5806 2008
651 2 2 1 1 1865 5425 3398
652 2 2 1 1 3310 5357 739
653 2 2 1 1 206 5868 207
654 2 2 1 1 5472 6173 4654
655 2 2 1 1 1757 4067 1535
656 2 2 1 1 1835 5166 1836
657 2 2 1 1 4762 5083 2213
658 2 2 1 1 4016 4268 2456
659 2 2 1 1 5151 5863 4652
660 2 2 1 1 5144 5303 4494
661 2 2 1 1 3728 4633 4610
662 2 2 1 1 5863 5947 4652
663 2 2 1 1 92 91 499
664 2 2 1 1 3930 5226 4817
665 2 2 1 1 5397 5880 395
666 2 2 1 1 5441 6005 4745
667 2 2 1 1 59 4124 60
668 2 2 1 1 4268 5569 2457
669 2 2 1 1 3728 5819 4633
670 2 2 1 1 3746 5401 4496
671 2 2 1 1 4654 6223 5472
672 2 2 1 1 967 4247 3329
673 2 2 1 1 4879 5496 3661
674 2 2 1 1 3804 5579 4981
675 2 2 1 1 4042 5473 3908
676 2 2 1 1 2588 4187 2589
677 2 2 1 1 605 4795 606
678 2 2 1 1 1564 3951 1545
679 2 2 1 1 2707 4893 2706
680 2 2 1 1 825 824 1134
681 2 2 1 1 2924 2756 2925
682 2 2 1 1 179 4149 178
683 2 2 1 1 3471 5559 3472
684 2 2 1 1 67 4242 68
685 2 2 1 1 2341 4981 2342
686 2 2 1 1 2561 4607 4451
687 2 2 1 1 4173 4928 3297
688 2 2 1 1 3820 5426 5028
689 2 2 1 1 3436 4637 2212
690 2 2 1 1 3874 5370 4649
691 2 2 1 1 3118 4753 3553
692 2 2 1 1 5344 5972 3326
693 2 2 1 1 3531 6024 3530
694 2 2 1 1 3807 5337 4310
695 2 2 1 1 4737 6034 4739
696 2 2 1 1 4093 5793 5580
697 2 2 1 1 5872 5957 3361
698 2 2 1 1 361 3655 362
699 2 2 1 1 2964 3806 2965
700 2 2 1 1 3345 4749 1153
701 2 2 1 1 2455 4016 2456
702 2 2 1 1 1134 824 1135
703 2 2 1 1 4356 4615 4432
704 2 2 1 1 3827 5441 4745
705 2 2 1 1 1139 4191 1140
706 2 2 1 1 685 4592 1144
707 2 2 1 1 758 4597 759
708 2 2 1 1 4798 5401 3746
709 2 2 1 1 4741 5818 3961
710 2 2 1 1 5360 5994 4591
711 2 2 1 1 858 857 277
712 2 2 1 1 4100 4182 489
713 2 2 1 1 1161 4449 1192
714 2 2 1 1 3334 5394 1001
715 2 2 1 1 2940 4803 2941
716 2 2 1 1 1403 1150 1404
717 2 2 1 1 4289 5162 4232
718 2 2 1 1 1049 4655 1050
719 2 2 1 1 1533 5046 1759
720 2 2 1 1 3995 5941 5531
721 2 2 1 1 3878 5635 4290
722 2 2 1 1 452 5345 596
723 2 2 1 1 668 5168 669
724 2 2 1 1 3690 5535 5373
725 2 2 1 1 2607 4230 2608
726 2 2 1 1 1019 1018 2
727 2 2 1 1 1820 4037 1821
728 2 2 1 1 2727 4468 2728
729 2 2 1 1 4734 6015 3333
730 2 2 1 1 4780 5356 3941
731 2 2 1 1 4585 5853 5824
732 2 2 1 1 4201 6200 4542
733 2 2 1 1 2759 4857 2760
734 2 2 1 1 2541 5103 2540
735 2 2 1 1 5580 5793 3711
736 2 2 1 1 3511 5856 5839
737 2 2 1 1 3343 5878 1090
738 2 2 1 1 4671 5730 5514
739 2 2 1 1 3761 6029 5008
740 2 2 1 1 4390 5320 3717
741 2 2 1 1 922 4487 4198
742 2 2 1 1 4611 6281 2926
743 2 2 1 1 4591 5994 4973
744 2 2 1 1 3332 4734 3333
745 2 2 1 1 2876 4104 2877
746 2 2 1 1 1378 6133 1379
747 2 2 1 1 5555 5691 3853
748 2 2 1 1 3451 4871 2449
749 2 2 1 1 2192 4564 3419
750 2 2 1 1 1843 5881 1844
751 2 2 1 1 2517 4465 2518
752 2 2 1 1 4651 4976 3848
753 2 2 1 1 4207 5941 3995
754 2 2 1 1 1862 1863 2854
755 2 2 1 1 2461 4062 2462
756 2 2 1 1 96 633 97
757 2 2 1 1 4356 5722 4616
758 2 2 1 1 1511 4373 1512
759 2 2 1 1 1344 5529 1343
760 2 2 1 1 1416 5443 4672
761 2 2 1 1 3458 4286 2789
762 2 2 1 1 338 86 85
763 2 2 1 1 2134 4631 2135
764 2 2 1 1 4266 5629 5627
765 2 2 1 1 3653 4803 2940
766 2 2 1 1 142 6021 143
767 2 2 1 1 3176 5653 3177
768 2 2 1 1 4884 6182 3804
769 2 2 1 1 4912 6011 4914
770 2 2 1 1 4414 6239 546
771 2 2 1 1 922 4198 923
772 2 2 1 1 2771 5216 424
773 2 2 1 1 3905 4674 4125
774 2 2 1 1 4059 6221 4619
775 2 2 1 1 4231 5361 5273
776 2 2 1 1 5068 5866 5717
777 2 2 1 1 5422 6221 4059
778 2 2 1 1 3924 5157 4415
779 2 2 1 1 158 3281 159
780 2 2 1 1 3262 6150 145
781 2 2 1 1 4537 5869 4914
782 2 2 1 1 4391 5284 3908
783 2 2 1 1 3313 5861 756
784 2 2 1 1 1593 3886 3380
785 2 2 1 1 711 5092 712
786 2 2 1 1 1429 2004 1411
787 2 2 1 1 2650 4234 2651
788 2 2 1 1 5208 5718 3960
789 2 2 1 1 1271 3266 1272
790 2 2 1 1 4839 5945 5905
791 2 2 1 1 5531 5941 4409
792 2 2 1 1 4277 4814 3541
793 2 2 1 1 3359 6023 1331
794 2 2 1 1 546 6239 3756
795 2 2 1 1 3828 5442 4418
796 2 2 1 1 3208 4262 3209
797 2 2 1 1 2204 4363 3434
798 2 2 1 1 4227 4698 3261
799 2 2 1 1 3271 5397 395
800 2 2 1 1 3647 4961 4434
801 2 2 1 1 4714 5317 4951
802 2 2 1 1 3091 6124 4893
803 2 2 1 1 1437 5379 1438
804 2 2 1 1 4673 5809 5128
805 2 2 1 1 238 5346 239
806 2 2 1 1 834 4437 835
807 2 2 1 1 3327 5540 959
808 2 2 1 1 4578 5518 3778
809 2 2 1 1 4917 5877 3830
810 2 2 1 1 1881 4747 1882
811 2 2 1 1 1039 5554 3598
812 2 2 1 1 5337 6102 4310
813 2 2 1 1 2251 4483 3874
814 2 2 1 1 3762 5099 4737
815 2 2 1 1 4540 5476 1883
816 2 2 1 1 3070 4936 3071
817 2 2 1 1 993 5822 4299
818 2 2 1 1 3901 4927 4820
819 2 2 1 1 332 4574 333
820 2 2 1 1 1038 3513 1037
821 2 2 1 1 4721 5512 5178
822 2 2 1 1 1081 4345 3956
823 2 2 1 1 702 4820 703
824 2 2 1 1 5905 5945 4288
825 2 2 1 1 4667 5189 2893
826 2 2 1 1 3123 4069 3122
827 2 2 1 1 4289 5568 5162
828 2 2 1 1 3043 4756 3044
829 2 2 1 1 3754 6192 3904
830 2 2 1 1 3389 4466 3390
831 2 2 1 1 2726 4128 2727
832 2 2 1 1 3798 4603 558
833 2 2 1 1 1427 5310 1428
834 2 2 1 1 2015 4558 2016
835 2 2 1 1 929 3516 930
836 2 2 1 1 1958 1959 2691
837 2 2 1 1 4344 5002 4103
838 2 2 1 1 3878 4290 2178
839 2 2 1 1 5068 5717 5069
840 2 2 1 1 3901 5713 4927
841 2 2 1 1 5595 5980 4321
842 2 2 1 1 230 4295 231
843 2 2 1 1 3546 5807 5082
844 2 2 1 1 2004 2003 1411
845 2 2 1 1 2029 5736 3800
846 2 2 1 1 4901 6153 3808
847 2 2 1 1 4541 6146 4119
848 2 2 1 1 4802 5895 4816
849 2 2 1 1 596 5345 597
850 2 2 1 1 483 241 240
851 2 2 1 1 3484 6163 2863
852 2 2 1 1 5433 5534 4585
853 2 2 1 1 4535 5005 3681
854 2 2 1 1 3097 2384 2383
855 2 2 1 1 4887 5265 4145
856 2 2 1 1 2463 5170 2464
857 2 2 1 1 2715 5424 2714
858 2 2 1 1 5514 5730 4403
859 2 2 1 1 3434 3852 2205
860 2 2 1 1 276 6050 277
861 2 2 1 1 634 633 96
862 2 2 1 1 5212 5756 5011
863 2 2 1 1 3848 5703 4651
864 2 2 1 1 2158 4433 2159
865 2 2 1 1 4052 5206 4555
866 2 2 1 1 1453 4335 1454
867 2 2 1 1 1192 4581 1161
868 2 2 1 1 3190 5242 3191
869 2 2 1 1 4901 5144 4494
870 2 2 1 1 984 5160 3332
871 2 2 1 1 2352 4423 2353
872 2 2 1 1 602 5095 603
873 2 2 1 1 5286 6056 4706
874 2 2 1 1 603 5095 1472
875 2 2 1 1 2639 4561 2640
876 2 2 1 1 4692 4730 3713
877 2 2 1 1 1496 4622 1497
878 2 2 1 1 2333 5901 2334
879 2 2 1 1 1472 5444 603
880 2 2 1 1 3543 5115 3130
881 2 2 1 1 3834 5389 4337
882 2 2 1 1 1415 5930 3366
883 2 2 1 1 1639 1638 490
884 2 2 1 1 2235 4819 2236
885 2 2 1 1 1097 4376 1098
886 2 2 1 1 4311 5696 4085
887 2 2 1 1 1138 5681 1139
888 2 2 1 1 5383 6117 4835
889 2 2 1 1 4653 5166 2146
890 2 2 1 1 4572 4902 4288
891 2 2 1 1 167 168 1022
892 2 2 1 1 1159 4449 1160
893 2 2 1 1 3268 4459 1256
894 2 2 1 1 2453 4688 2454
895 2 2 1 1 2321 3275 2322
896 2 2 1 1 4171 4973 4122
897 2 2 1 1 3242 3175 3174
898 2 2 1 1 4117 5142 3952
899 2 2 1 1 2837 2838 3460
900 2 2 1 1 4973 4996 3645
901 2 2 1 1 5362 6041 5277
902 2 2 1 1 4393 5119 4056
903 2 2 1 1 4399 5237 4400
904 2 2 1 1 4756 5753 3813
905 2 2 1 1 1331 6023 4589
906 2 2 1 1 1837 5832 1838
907 2 2 1 1 2104 5184 2105
908 2 2 1 1 3647 6265 4961
909 2 2 1 1 4105 5995 4168
910 2 2 1 1 4332 6064 5741
911 2 2 1 1 4730 5706 3713
912 2 2 1 1 3254 5276 1984
913 2 2 1 1 3096 2384 3097
914 2 2 1 1 4198 6246 1078
915 2 2 1 1 4741 4742 4544
916 2 2 1 1 1304 4712 3545
917 2 2 1 1 1078 5396 4198
918 2 2 1 1 1558 4003 1559
919 2 2 1 1 479 5578 3282
920 2 2 1 1 308 4861 309
921 2 2 1 1 3659 5072 4426
922 2 2 1 1 918 4348 919
923 2 2 1 1 3978 5362 5277
924 2 2 1 1 4991 6037 5600
925 2 2 1 1 3606 6117 2871
926 2 2 1 1 1469 4795 1470
927 2 2 1 1 1510 4757 1511
928 2 2 1 1 105 4515 946
929 2 2 1 1 3840 5291 4416
930 2 2 1 1 162 5169 6
931 2 2 1 1 4802 4816 4720
932 2 2 1 1 4961 5715 4434
933 2 2 1 1 2578 4110 2579
934 2 2 1 1 2198 4681 2199
935 2 2 1 1 4168 5995 5852
936 2 2 1 1 2804 4339 2805
937 2 2 1 1 3173 5140 3174
938 2 2 1 1 3931 4902 4572
939 2 2 1 1 4820 4927 703
940 2 2 1 1 3867 6099 4252
941 2 2 1 1 4529 5659 4528
942 2 2 1 1 4311 5699 5696
943 2 2 1 1 4328 6099 3867
944 2 2 1 1 4378 5865 3700
945 2 2 1 1 1584 5415 3378
946 2 2 1 1 2891 5295 2892
947 2 2 1 1 2281 5371 3437
948 2 2 1 1 235 4028 236
949 2 2 1 1 1357 1424 1358
950 2 2 1 1 2902 5761 3487
951 2 2 1 1 3941 4805 4780
952 2 2 1 1 4344 5873 3939
953 2 2 1 1 3590 5230 183
954 2 2 1 1 2291 4638 2292
955 2 2 1 1 3375 5070 1485
956 2 2 1 1 3671 4900 4433
957 2 2 1 1 1416 5520 1417
958 2 2 1 1 511 4079 498
959 2 2 1 1 3692 5632 5272
960 2 2 1 1 3543 3130 3503
961 2 2 1 1 333 5874 334
962 2 2 1 1 4539 5865 5313
963 2 2 1 1 4302 4625 3866
964 2 2 1 1 3386 4926 1595
965 2 2 1 1 237 5133 4415
966 2 2 1 1 1805 4388 1806
967 2 2 1 1 2754 5121 2755
968 2 2 1 1 3467 4977 2695
969 2 2 1 1 1994 6055 2461
970 2 2 1 1 993 4299 994
971 2 2 1 1 466 4659 451
972 2 2 1 1 1081 3956 3338
973 2 2 1 1 3723 6022 5442
974 2 2 1 1 1313 4171 3355
975 2 2 1 1 3178 3725 3179
976 2 2 1 1 2706 4460 2705
977 2 2 1 1 1939 4280 3862
978 2 2 1 1 609 4173 3297
979 2 2 1 1 2437 5363 2438
980 2 2 1 1 4602 5293 3966
981 2 2 1 1 1830 3810 1831
982 2 2 1 1 1462 4909 3372
983 2 2 1 1 1864 6109 1863
984 2 2 1 1 2806 3988 2807
985 2 2 1 1 4545 5669 4441
986 2 2 1 1 5002 5165 4103
987 2 2 1 1 3330 5011 969
988 2 2 1 1 3902 6281 2090
989 2 2 1 1 4255 5632 3692
990 2 2 1 1 1666 4317 3508
991 2 2 1 1 5128 5948 4673
992 2 2 1 1 482 241 483
993 2 2 1 1 3921 5226 4860
994 2 2 1 1 2307 5973 2308
995 2 2 1 1 2475 3724 2476
996 2 2 1 1 511 6197 4079
997 2 2 1 1 4731 5342 995
998 2 2 1 1 4407 5965 5009
999 2 2 1 1 3121 5505 3120
1000 2 2 1 1 4973 6178 4591
1001 2 2 1 1 3713 6191 4692
1002 2 2 1 1 2124 4641 2122
1003 2 2 1 1 4672 5520 1416
1004 2 2 1 1 928 3515 929
1005 2 2 1 1 1048 5291 1049
1006 2 2 1 1 1057 5743 760
1007 2 2 1 1 4455 6132 5007
1008 2 2 1 1 88 4382 3769
1009 2 2 1 1 4705 6132 4455
1010 2 2 1 1 1095 4345 1096
1011 2 2 1 1 5717 5850 5000
1012 2 2 1 1 2319 3276 2320
1013 2 2 1 1 924 6059 3317
1014 2 2 1 1 1812 3802 1813
1015 2 2 1 1 1985 4711 3605
1016 2 2 1 1 4837 5480 3726
1017 2 2 1 1 3265 6151 1370
1018 2 2 1 1 1222 5097 1223
1019 2 2 1 1 2539 5463 1644
1020 2 2 1 1 1400 4332 1401
1021 2 2 1 1 5613 5710 3869
1022 2 2 1 1 3357 4897 4160
1023 2 2 1 1 3232 2287 2286
1024 2 2 1 1 4614 5669 5021
1025 2 2 1 1 552 3858 3290
1026 2 2 1 1 3211 6271 3212
1027 2 2 1 1 1242 4118 3348
1028 2 2 1 1 3960 5453 3412
1029 2 2 1 1 2900 2730 2901
1030 2 2 1 1 1025 5665 272
1031 2 2 1 1 4576 5821 3633
1032 2 2 1 1 3380 4876 1594
1033 2 2 1 1 2929 4748 2930
1034 2 2 1 1 4451 5780 2561
1035 2 2 1 1 3412 5453 4195
1036 2 2 1 1 1332 4897 3357
1037 2 2 1 1 2866 4575 2865
1038 2 2 1 1 2099 4337 2100
1039 2 2 1 1 2926 6281 3902
1040 2 2 1 1 801 5070 3375
1041 2 2 1 1 4413 5200 5077
1042 2 2 1 1 5181 5580 3711
1043 2 2 1 1 235 4621 4028
1044 2 2 1 1 331 64 332
1045 2 2 1 1 2007 5441 2008
1046 2 2 1 1 1181 5792 5630
1047 2 2 1 1 4637 5960 2212
1048 2 2 1 1 1216 3929 1217
1049 2 2 1 1 2764 5560 2765
1050 2 2 1 1 111 4632 98
1051 2 2 1 1 918 6170 4348
1052 2 2 1 1 3413 4121 2128
1053 2 2 1 1 1179 5636 1180
1054 2 2 1 1 2156 4285 3004
1055 2 2 1 1 4051 4602 3966
1056 2 2 1 1 2539 5316 2537
1057 2 2 1 1 4979 5858 3879
1058 2 2 1 1 3494 4531 4091
1059 2 2 1 1 1452 4826 1453
1060 2 2 1 1 3316 4659 879
1061 2 2 1 1 1987 4082 1988
1062 2 2 1 1 4844 5602 4806
1063 2 2 1 1 4872 5200 4005
1064 2 2 1 1 1693 5049 1694
1065 2 2 1 1 2256 1734 1733
1066 2 2 1 1 1068 4360 1069
1067 2 2 1 1 201 5282 3840
1068 2 2 1 1 269 5692 270
1069 2 2 1 1 4475 5499 5343
1070 2 2 1 1 2166 5767 5171
1071 2 2 1 1 806 5238 5107
1072 2 2 1 1 1279 6001 1280
1073 2 2 1 1 180 4524 179
1074 2 2 1 1 3291 5332 555
1075 2 2 1 1 1483 804 1484
1076 2 2 1 1 808 2333 809
1077 2 2 1 1 1077 5396 1078
1078 2 2 1 1 5785 6034 3632
1079 2 2 1 1 123 5078 124
1080 2 2 1 1 385 5584 988
1081 2 2 1 1 3612 6090 3134
1082 2 2 1 1 459 4033 460
1083 2 2 1 1 2111 4704 2112
1084 2 2 1 1 747 5193 748
1085 2 2 1 1 3377 5599 3378
1086 2 2 1 1 2090 6281 3957
1087 2 2 1 1 4706 6056 4596
1088 2 2 1 1 3736 6084 4447
1089 2 2 1 1 4243 5814 4522
1090 2 2 1 1 3656 6170 918
1091 2 2 1 1 4760 5782 4842
1092 2 2 1 1 3415 5646 2148
1093 2 2 1 1 4601 5766 4918
1094 2 2 1 1 2478 4219 2479
1095 2 2 1 1 4447 5672 3736
1096 2 2 1 1 2363 72 71
1097 2 2 1 1 871 6184 872
1098 2 2 1 1 239 5346 5217
1099 2 2 1 1 3333 4083 985
1100 2 2 1 1 5600 6037 4804
1101 2 2 1 1 5291 6183 4416
1102 2 2 1 1 5477 5499 4475
1103 2 2 1 1 4969 4970 3385
1104 2 2 1 1 3232 2286 3233
1105 2 2 1 1 4528 5661 4244
1106 2 2 1 1 5261 5681 3950
1107 2 2 1 1 3325 4414 954
1108 2 2 1 1 796 4584 797
1109 2 2 1 1 2008 5441 4848
1110 2 2 1 1 2579 4102 2580
1111 2 2 1 1 3528 5290 3527
1112 2 2 1 1 3384 4969 3385
1113 2 2 1 1 5082 5410 3546
1114 2 2 1 1 5904 6075 4782
1115 2 2 1 1 2255 1734 2256
1116 2 2 1 1 4139 4365 1449
1117 2 2 1 1 991 5796 992
1118 2 2 1 1 4392 4787 4393
1119 2 2 1 1 2245 4924 2370
1120 2 2 1 1 3846 5099 4736
1121 2 2 1 1 2904 4155 2886
1122 2 2 1 1 3540 4716 1301
1123 2 2 1 1 3990 5820 4445
1124 2 2 1 1 4835 6117 5657
1125 2 2 1 1 836 4680 837
1126 2 2 1 1 4963 5194 3742
1127 2 2 1 1 4612 5570 4047
1128 2 2 1 1 1377 5623 3363
1129 2 2 1 1 4952 5194 4963
1130 2 2 1 1 1877 4634 1878
1131 2 2 1 1 4019 4887 4280
1132 2 2 1 1 5913 6044 5018
1133 2 2 1 1 5620 5641 4066
1134 2 2 1 1 995 5342 3841
1135 2 2 1 1 4502 5773 4199
1136 2 2 1 1 3662 4907 4906
1137 2 2 1 1 3454 6177 4735
1138 2 2 1 1 4208 4803 3653
1139 2 2 1 1 3645 6178 4973
1140 2 2 1 1 3882 6197 511
1141 2 2 1 1 5289 5356 4780
1142 2 2 1 1 163 4004 161
1143 2 2 1 1 4222 4994 3947
1144 2 2 1 1 2892 5295 4667
1145 2 2 1 1 1945 5192 1946
1146 2 2 1 1 4394 5829 4690
1147 2 2 1 1 3195 5022 2555
1148 2 2 1 1 4642 5968 4474
1149 2 2 1 1 5677 6132 4705
1150 2 2 1 1 4005 5200 4413
1151 2 2 1 1 4550 4845 3786
1152 2 2 1 1 4318 4979 3879
1153 2 2 1 1 4780 4805 3856
1154 2 2 1 1 3484 5181 4220
1155 2 2 1 1 182 4046 3591
1156 2 2 1 1 3487 5132 3488
1157 2 2 1 1 788 5491 789
1158 2 2 1 1 5201 5455 4567
1159 2 2 1 1 5407 5433 3985
1160 2 2 1 1 4772 5290 3528
1161 2 2 1 1 4009 5904 4782
1162 2 2 1 1 2654 5025 2655
1163 2 2 1 1 4388 5989 1806
1164 2 2 1 1 912 5402 1076
1165 2 2 1 1 2468 5661 2469
1166 2 2 1 1 5021 5955 4614
1167 2 2 1 1 4814 6038 3541
1168 2 2 1 1 1076 4967 912
1169 2 2 1 1 2742 5052 3447
1170 2 2 1 1 3550 4889 3549
1171 2 2 1 1 3303 5306 343
1172 2 2 1 1 2454 4556 2455
1173 2 2 1 1 3830 5830 4917
1174 2 2 1 1 4467 5746 3398
1175 2 2 1 1 3589 4565 3588
1176 2 2 1 1 315 5827 316
1177 2 2 1 1 5034 5334 4138
1178 2 2 1 1 843 3865 844
1179 2 2 1 1 2248 4294 2249
1180 2 2 1 1 5050 5597 4112
1181 2 2 1 1 2561 5780 2562
1182 2 2 1 1 2145 4653 2146
1183 2 2 1 1 1758 1534 1533
1184 2 2 1 1 4258 5303 5144
1185 2 2 1 1 4244 5661 5542
1186 2 2 1 1 3576 6252 3575
1187 2 2 1 1 74 5963 75
1188 2 2 1 1 4871 5952 3365
1189 2 2 1 1 3595 4868 3594
1190 2 2 1 1 3849 5131 4691
1191 2 2 1 1 4810 5904 3441
1192 2 2 1 1 3270 5738 385
1193 2 2 1 1 4247 5946 3329
1194 2 2 1 1 5146 5528 5406
1195 2 2 1 1 4881 4949 3792
1196 2 2 1 1 2977 5851 2843
1197 2 2 1 1 239 5217 240
1198 2 2 1 1 2297 3750 2298
1199 2 2 1 1 3349 5049 1243
1200 2 2 1 1 1696 4096 1697
1201 2 2 1 1 5006 5617 4914
1202 2 2 1 1 1486 5405 3376
1203 2 2 1 1 1757 1534 1758
1204 2 2 1 1 4393 5908 4886
1205 2 2 1 1 12 4755 13
1206 2 2 1 1 1100 5335 1101
1207 2 2 1 1 5708 5790 4031
1208 2 2 1 1 728 5987 729
1209 2 2 1 1 3044 4756 4169
1210 2 2 1 1 4563 5075 4521
1211 2 2 1 1 4526 6049 5245
1212 2 2 1 1 3794 5132 3487
1213 2 2 1 1 933 4695 3321
1214 2 2 1 1 3200 5594 4686
1215 2 2 1 1 3670 6044 5913
1216 2 2 1 1 1451 5039 4826
1217 2 2 1 1 4831 6013 5368
1218 2 2 1 1 4654 6173 4180
1219 2 2 1 1 2555 5022 3578
1220 2 2 1 1 2741 5052 2742
1221 2 2 1 1 1176 6243 4255
1222 2 2 1 1 2854 6109 3480
1223 2 2 1 1 386 987 387
1224 2 2 1 1 4438 5271 3779
1225 2 2 1 1 3061 4624 3062
1226 2 2 1 1 6018 6150 4293
1227 2 2 1 1 4577 5050 3766
1228 2 2 1 1 4511 5790 5708
1229 2 2 1 1 3837 5075 4563
1230 2 2 1 1 3518 4347 3517
1231 2 2 1 1 4076 4947 1414
1232 2 2 1 1 5000 5850 4999
1233 2 2 1 1 4513 5421 4514
1234 2 2 1 1 422 5506 421
1235 2 2 1 1 4804 6037 4208
1236 2 2 1 1 3753 5955 5055
1237 2 2 1 1 1890 6052 1891
1238 2 2 1 1 5471 6071 4421
1239 2 2 1 1 5630 5792 1233
1240 2 2 1 1 1130 4813 1131
1241 2 2 1 1 2673 4950 2671
1242 2 2 1 1 5455 5701 4567
1243 2 2 1 1 207 5375 208
1244 2 2 1 1 876 6123 877
1245 2 2 1 1 844 4602 845
1246 2 2 1 1 4971 5277 5274
1247 2 2 1 1 2174 4940 2175
1248 2 2 1 1 3441 6143 4810
1249 2 2 1 1 4138 6211 5034
1250 2 2 1 1 3072 4320 3057
1251 2 2 1 1 5022 5386 3578
1252 2 2 1 1 977 4802 4720
1253 2 2 1 1 600 6123 3295
1254 2 2 1 1 718 5379 719
1255 2 2 1 1 395 4955 396
1256 2 2 1 1 3779 5803 4438
1257 2 2 1 1 2893 4830 3485
1258 2 2 1 1 3361 5957 5768
1259 2 2 1 1 1605 4442 1606
1260 2 2 1 1 3620 6089 1298
1261 2 2 1 1 1609 5238 3384
1262 2 2 1 1 2696 5921 3467
1263 2 2 1 1 1913 5926 1914
1264 2 2 1 1 4788 5187 1244
1265 2 2 1 1 5077 5200 3658
1266 2 2 1 1 3599 5924 2193
1267 2 2 1 1 266 5185 267
1268 2 2 1 1 2981 5684 3529
1269 2 2 1 1 2635 6147 4286
1270 2 2 1 1 5516 5763 4767
1271 2 2 1 1 3641 5977 4529
1272 2 2 1 1 1689 5628 3356
1273 2 2 1 1 5016 5834 5571
1274 2 2 1 1 2144 5489 2145
1275 2 2 1 1 2536 4222 2519
1276 2 2 1 1 1232 5048 3346
1277 2 2 1 1 4474 5096 3812
1278 2 2 1 1 2298 5224 2299
1279 2 2 1 1 4315 5024 1560
1280 2 2 1 1 5400 6204 5104
1281 2 2 1 1 3484 5991 5181
1282 2 2 1 1 5325 5475 4206
1283 2 2 1 1 994 4731 995
1284 2 2 1 1 1088 5353 3342
1285 2 2 1 1 1792 4509 1793
1286 2 2 1 1 1749 3951 1564
1287 2 2 1 1 4742 5536 4544
1288 2 2 1 1 1494 6018 4293
1289 2 2 1 1 1669 3510 1670
1290 2 2 1 1 1435 6208 1436
1291 2 2 1 1 1099 4511 1100
1292 2 2 1 1 596 5423 452
1293 2 2 1 1 4220 5181 3711
1294 2 2 1 1 1209 2541 1210
1295 2 2 1 1 31 4597 32
1296 2 2 1 1 4508 5313 5023
1297 2 2 1 1 1921 5223 4934
1298 2 2 1 1 3188 4103 3189
1299 2 2 1 1 2109 5236 3405
1300 2 2 1 1 3292 536 3293
1301 2 2 1 1 660 5477 661
1302 2 2 1 1 4627 5462 4472
1303 2 2 1 1 1190 4327 1191
1304 2 2 1 1 73 5229 3257
1305 2 2 1 1 151 5985 3263
1306 2 2 1 1 1024 272 271
1307 2 2 1 1 3249 4844 3250
1308 2 2 1 1 3372 5660 5059
1309 2 2 1 1 4051 5532 4602
1310 2 2 1 1 5389 5704 3712
1311 2 2 1 1 3939 4320 3701
1312 2 2 1 1 4813 5937 4109
1313 2 2 1 1 3559 4983 3558
1314 2 2 1 1 5716 5717 5000
1315 2 2 1 1 5069 5717 5716
1316 2 2 1 1 4906 5163 3563
1317 2 2 1 1 1859 5957 1858
1318 2 2 1 1 3483 5991 3484
1319 2 2 1 1 1642 5625 1643
1320 2 2 1 1 116 5634 117
1321 2 2 1 1 204 5302 4256
1322 2 2 1 1 382 5307 3311
1323 2 2 1 1 1386 5786 1387
1324 2 2 1 1 3318 5610 925
1325 2 2 1 1 4398 5615 3706
1326 2 2 1 1 3263 5519 152
1327 2 2 1 1 3454 5202 2563
1328 2 2 1 1 86 4172 87
1329 2 2 1 1 3629 3709 1976
1330 2 2 1 1 4272 5046 4559
1331 2 2 1 1 3709 4951 1974
1332 2 2 1 1 4544 5961 5818
1333 2 2 1 1 482 242 241
1334 2 2 1 1 3526 5744 2544
1335 2 2 1 1 1858 5872 1857
1336 2 2 1 1 2339 3996 2340
1337 2 2 1 1 3566 5726 3565
1338 2 2 1 1 3302 5306 3303
1339 2 2 1 1 5122 6175 4359
1340 2 2 1 1 2865 5773 2864
1341 2 2 1 1 5368 6013 4706
1342 2 2 1 1 283 5471 284
1343 2 2 1 1 3899 5949 4256
1344 2 2 1 1 1181 5630 1182
1345 2 2 1 1 1902 3928 1903
1346 2 2 1 1 3737 5321 4645
1347 2 2 1 1 3904 6192 5364
1348 2 2 1 1 3295 5868 601
1349 2 2 1 1 1494 4807 1495
1350 2 2 1 1 3703 5763 4345
1351 2 2 1 1 1937 4799 3403
1352 2 2 1 1 3104 5728 3495
1353 2 2 1 1 4577 6167 5050
1354 2 2 1 1 3587 4650 3586
1355 2 2 1 1 4973 5994 4972
1356 2 2 1 1 1046 5618 1047
1357 2 2 1 1 1736 4452 1737
1358 2 2 1 1 4735 6177 4800
1359 2 2 1 1 1106 4741 3344
1360 2 2 1 1 3344 3961 1107
1361 2 2 1 1 1348 4845 1349
1362 2 2 1 1 2289 5627 3440
1363 2 2 1 1 4664 5332 4798
1364 2 2 1 1 1501 263 262
1365 2 2 1 1 1523 5440 1524
1366 2 2 1 1 1225 1632 1631
1367 2 2 1 1 424 5216 3277
1368 2 2 1 1 4045 5406 5214
1369 2 2 1 1 1623 5323 1624
1370 2 2 1 1 2570 5225 3456
1371 2 2 1 1 3361 5768 1338
1372 2 2 1 1 104 4515 105
1373 2 2 1 1 1965 4657 3542
1374 2 2 1 1 4356 4432 3710
1375 2 2 1 1 2107 5029 2108
1376 2 2 1 1 1188 5751 1189
1377 2 2 1 1 544 5781 3288
1378 2 2 1 1 1601 5613 3381
1379 2 2 1 1 3485 4830 4776
1380 2 2 1 1 3547 5807 3546
1381 2 2 1 1 1287 6216 1286
1382 2 2 1 1 4988 6048 3952
1383 2 2 1 1 4714 4951 3709
1384 2 2 1 1 1282 3955 3625
1385 2 2 1 1 1769 5397 3271
1386 2 2 1 1 1423 5161 1359
1387 2 2 1 1 3171 4278 3172
1388 2 2 1 1 3180 4677 3181
1389 2 2 1 1 2014 4502 2015
1390 2 2 1 1 4639 4879 3741
1391 2 2 1 1 1224 1632 1225
1392 2 2 1 1 1324 4606 1325
1393 2 2 1 1 4361 4961 4539
1394 2 2 1 1 5320 6128 3717
1395 2 2 1 1 1729 5257 2374
1396 2 2 1 1 4173 5490 4928
1397 2 2 1 1 3536 5139 3535
1398 2 2 1 1 4439 6065 4603
1399 2 2 1 1 2331 4099 2332
1400 2 2 1 1 6 5422 7
1401 2 2 1 1 4692 5549 838
1402 2 2 1 1 38 4518 39
1403 2 2 1 1 3247 2653 2652
1404 2 2 1 1 3658 5200 4184
1405 2 2 1 1 3564 4906 3563
1406 2 2 1 1 5217 5346 4098
1407 2 2 1 1 2157 4352 2158
1408 2 2 1 1 1914 4626 1915
1409 2 2 1 1 2057 4922 2058
1410 2 2 1 1 4002 5332 4664
1411 2 2 1 1 3563 5163 3562
1412 2 2 1 1 1131 5756 1132
1413 2 2 1 1 1944 4976 1945
1414 2 2 1 1 5655 5728 3597
1415 2 2 1 1 1997 4375 1998
1416 2 2 1 1 5012 5212 5011
1417 2 2 1 1 2243 3938 2244
1418 2 2 1 1 1338 4682 1337
1419 2 2 1 1 4316 5238 1609
1420 2 2 1 1 4605 6022 3723
1421 2 2 1 1 3583 4057 2779
1422 2 2 1 1 978 5662 979
1423 2 2 1 1 3192 5912 3193
1424 2 2 1 1 520 4942 521
1425 2 2 1 1 1989 4824 4110
1426 2 2 1 1 3661 5496 4611
1427 2 2 1 1 2797 6009 2798
1428 2 2 1 1 5077 6215 4413
1429 2 2 1 1 2308 5350 2309
1430 2 2 1 1 4988 5142 4431
1431 2 2 1 1 3916 5756 5212
1432 2 2 1 1 4736 5099 3762
1433 2 2 1 1 4886 5391 4525
1434 2 2 1 1 2037 4313 2038
1435 2 2 1 1 4531 6004 4091
1436 2 2 1 1 164 5400 5104
1437 2 2 1 1 4208 6037 4766
1438 2 2 1 1 5426 5427 5028
1439 2 2 1 1 4915 5779 2589
1440 2 2 1 1 4281 5100 2065
1441 2 2 1 1 3918 5430 5028
1442 2 2 1 1 3499 5304 3500
1443 2 2 1 1 4143 5386 5022
1444 2 2 1 1 4141 5946 4247
1445 2 2 1 1 213 5847 214
1446 2 2 1 1 3729 5597 5353
1447 2 2 1 1 2527 4983 2528
1448 2 2 1 1 4675 6000 5082
1449 2 2 1 1 28 4644 29
1450 2 2 1 1 3829 5552 4636
1451 2 2 1 1 37 52 1849
1452 2 2 1 1 4082 6196 4824
1453 2 2 1 1 4439 4603 3871
1454 2 2 1 1 4256 5302 3899
1455 2 2 1 1 3546 5410 1346
1456 2 2 1 1 4863 5908 3682
1457 2 2 1 1 4306 4692 837
1458 2 2 1 1 2580 5724 2581
1459 2 2 1 1 2589 5779 2590
1460 2 2 1 1 684 3755 3305
1461 2 2 1 1 273 4289 274
1462 2 2 1 1 3502 5929 3121
1463 2 2 1 1 3182 4882 3167
1464 2 2 1 1 4280 5131 3862
1465 2 2 1 1 178 4254 177
1466 2 2 1 1 4154 6054 5246
1467 2 2 1 1 3277 4974 423
1468 2 2 1 1 4910 5503 3806
1469 2 2 1 1 4906 5235 3662
1470 2 2 1 1 4428 5917 5333
1471 2 2 1 1 1236 4430 1237
1472 2 2 1 1 719 5605 720
1473 2 2 1 1 5427 5915 1030
1474 2 2 1 1 2 1018 3
1475 2 2 1 1 5133 5907 3924
1476 2 2 1 1 4776 5906 2894
1477 2 2 1 1 1314 4971 1315
1478 2 2 1 1 789 5491 3280
1479 2 2 1 1 2194 4915 2197
1480 2 2 1 1 428 6242 3525
1481 2 2 1 1 3562 5163 3970
1482 2 2 1 1 4436 6152 4775
1483 2 2 1 1 4856 5713 3901
1484 2 2 1 1 2925 5121 2926
1485 2 2 1 1 3970 5163 4709
1486 2 2 1 1 1773 5179 1774
1487 2 2 1 1 3487 4468 3794
1488 2 2 1 1 144 5712 3262
1489 2 2 1 1 1848 37 1849
1490 2 2 1 1 3199 5594 3200
1491 2 2 1 1 2590 5797 2591
1492 2 2 1 1 4899 5320 3283
1493 2 2 1 1 953 5538 3325
1494 2 2 1 1 4918 5265 4887
1495 2 2 1 1 4275 5280 4381
1496 2 2 1 1 285 6229 266
1497 2 2 1 1 4009 4685 4638
1498 2 2 1 1 3575 6252 5324
1499 2 2 1 1 1026 5648 1025
1500 2 2 1 1 3248 5602 3249
1501 2 2 1 1 3813 5753 4395
1502 2 2 1 1 4310 5826 3807
1503 2 2 1 1 3880 5750 4965
1504 2 2 1 1 4526 5245 4497
1505 2 2 1 1 4907 6032 4906
1506 2 2 1 1 1703 5588 1704
1507 2 2 1 1 4945 5244 1736
1508 2 2 1 1 4775 6152 3868
1509 2 2 1 1 919 4348 641
1510 2 2 1 1 1464 4570 1465
1511 2 2 1 1 1244 5187 4629
1512 2 2 1 1 4330 4669 3836
1513 2 2 1 1 4582 4856 3901
1514 2 2 1 1 369 3995 370
1515 2 2 1 1 4361 4505 3714
1516 2 2 1 1 4018 5154 3714
1517 2 2 1 1 2036 575 574
1518 2 2 1 1 2429 5099 3846
1519 2 2 1 1 4356 4616 4615
1520 2 2 1 1 5150 5151 4652
1521 2 2 1 1 298 5642 299
1522 2 2 1 1 5694 5742 3987
1523 2 2 1 1 2500 5132 3794
1524 2 2 1 1 512 4885 325
1525 2 2 1 1 3310 4894 938
1526 2 2 1 1 1276 5668 1277
1527 2 2 1 1 1730 2374 2373
1528 2 2 1 1 3806 5503 4780
1529 2 2 1 1 3974 5813 4638
1530 2 2 1 1 1578 5623 1377
1531 2 2 1 1 703 4927 704
1532 2 2 1 1 5673 5883 5449
1533 2 2 1 1 2683 5498 2682
1534 2 2 1 1 5136 5247 3782
1535 2 2 1 1 3581 5509 3580
1536 2 2 1 1 2574 4322 4116
1537 2 2 1 1 763 902 764
1538 2 2 1 1 448 4325 449
1539 2 2 1 1 5375 5868 3295
1540 2 2 1 1 1078 5683 1079
1541 2 2 1 1 3004 5564 2156
1542 2 2 1 1 3500 5841 3113
1543 2 2 1 1 4612 4879 3661
1544 2 2 1 1 5333 5917 5401
1545 2 2 1 1 2535 4715 2536
1546 2 2 1 1 3679 5580 5181
1547 2 2 1 1 3444 4975 2319
1548 2 2 1 1 1289 1290 1780
1549 2 2 1 1 864 4323 865
1550 2 2 1 1 24 5798 3255
1551 2 2 1 1 3378 5599 1586
1552 2 2 1 1 3836 5880 4330
1553 2 2 1 1 13 6029 14
1554 2 2 1 1 4928 5748 610
1555 2 2 1 1 4675 5082 3992
1556 2 2 1 1 2948 5507 2949
1557 2 2 1 1 4639 5496 4879
1558 2 2 1 1 2008 5806 1987
1559 2 2 1 1 3605 5454 5356
1560 2 2 1 1 4720 4816 3734
1561 2 2 1 1 4906 6032 5163
1562 2 2 1 1 2197 4187 2196
1563 2 2 1 1 3988 6181 5062
1564 2 2 1 1 758 4861 4597
1565 2 2 1 1 5348 5620 553
1566 2 2 1 1 1921 4934 1922
1567 2 2 1 1 2136 5392 2137
1568 2 2 1 1 1686 5561 1527
1569 2 2 1 1 3561 4379 3560
1570 2 2 1 1 2949 5835 2950
1571 2 2 1 1 1822 3690 1823
1572 2 2 1 1 3544 6138 5115
1573 2 2 1 1 2687 5149 3590
1574 2 2 1 1 4638 6284 3974
1575 2 2 1 1 3765 5206 4554
1576 2 2 1 1 5381 6257 4865
1577 2 2 1 1 5945 5977 4572
1578 2 2 1 1 2196 4187 3430
1579 2 2 1 1 5972 6179 3326
1580 2 2 1 1 1550 5489 2144
1581 2 2 1 1 3556 4564 2192
1582 2 2 1 1 5844 5907 4028
1583 2 2 1 1 4879 5895 3741
1584 2 2 1 1 4473 5689 5285
1585 2 2 1 1 2404 5266 2405
1586 2 2 1 1 1521 6104 1522
1587 2 2 1 1 5136 5889 5247
1588 2 2 1 1 3925 6069 4447
1589 2 2 1 1 4396 5498 4206
1590 2 2 1 1 4777 4840 3799
1591 2 2 1 1 4614 5955 3753
1592 2 2 1 1 82 478 477
1593 2 2 1 1 4302 6139 4625
1594 2 2 1 1 2077 5614 135
1595 2 2 1 1 5079 5460 4642
1596 2 2 1 1 2525 5737 2526
1597 2 2 1 1 1015 4149 1016
1598 2 2 1 1 5462 5747 4770
1599 2 2 1 1 298 5443 3367
1600 2 2 1 1 1258 4459 1267
1601 2 2 1 1 4627 5482 5462
1602 2 2 1 1 710 5548 711
1603 2 2 1 1 3545 6138 3544
1604 2 2 1 1 4613 5635 3878
1605 2 2 1 1 5608 5858 5174
1606 2 2 1 1 236 5133 237
1607 2 2 1 1 4914 5869 5006
1608 2 2 1 1 3202 5846 3203
1609 2 2 1 1 3237 4384 3238
1610 2 2 1 1 2845 4387 2850
1611 2 2 1 1 3801 5629 3724
1612 2 2 1 1 2778 4389 2783
1613 2 2 1 1 3367 5642 298
1614 2 2 1 1 2592 4454 2575
1615 2 2 1 1 2682 5522 2681
1616 2 2 1 1 3235 4435 3236
1617 2 2 1 1 5326 5392 2136
1618 2 2 1 1 547 4472 530
1619 2 2 1 1 2160 4391 2149
1620 2 2 1 1 297 5443 298
1621 2 2 1 1 2023 4288 2024
1622 2 2 1 1 1229 5922 4190
1623 2 2 1 1 32 5640 33
1624 2 2 1 1 2988 4394 2989
1625 2 2 1 1 2631 4395 2632
1626 2 2 1 1 4154 5455 5201
1627 2 2 1 1 2075 4398 2076
1628 2 2 1 1 2995 5127 2996
1629 2 2 1 1 2819 4401 2820
1630 2 2 1 1 2264 5369 2265
1631 2 2 1 1 3437 4640 3438
1632 2 2 1 1 626 4402 627
1633 2 2 1 1 1938 4280 1939
1634 2 2 1 1 4990 4991 4907
1635 2 2 1 1 509 4264 510
1636 2 2 1 1 3308 5970 3309
1637 2 2 1 1 3625 5545 3624
1638 2 2 1 1 5009 5966 3754
1639 2 2 1 1 54 4406 55
1640 2 2 1 1 4688 4862 2402
1641 2 2 1 1 1413 4408 1414
1642 2 2 1 1 691 4442 1605
1643 2 2 1 1 2381 4410 2382
1644 2 2 1 1 4580 6257 5381
1645 2 2 1 1 4249 5841 3500
1646 2 2 1 1 95 4075 635
1647 2 2 1 1 501 4413 502
1648 2 2 1 1 3193 4143 3194
1649 2 2 1 1 3666 5694 3987
1650 2 2 1 1 2136 6118 5326
1651 2 2 1 1 5078 5449 4040
1652 2 2 1 1 4117 5218 5142
1653 2 2 1 1 3078 4424 3079
1654 2 2 1 1 3320 6007 927
1655 2 2 1 1 706 4427 707
1656 2 2 1 1 2435 4696 2436
1657 2 2 1 1 5156 6034 5785
1658 2 2 1 1 3044 4169 3045
1659 2 2 1 1 4887 5131 4280
1660 2 2 1 1 4019 4918 4887
1661 2 2 1 1 2610 4432 2611
1662 2 2 1 1 287 4434 288
1663 2 2 1 1 4465 5192 4566
1664 2 2 1 1 3935 5895 4879
1665 2 2 1 1 4939 5799 5714
1666 2 2 1 1 4911 5503 4910
1667 2 2 1 1 3679 5181 4599
1668 2 2 1 1 3674 5119 4886
1669 2 2 1 1 3289 5859 545
1670 2 2 1 1 2178 4290 2161
1671 2 2 1 1 5393 5718 4058
1672 2 2 1 1 4158 4817 3053
1673 2 2 1 1 4585 5534 4532
1674 2 2 1 1 3963 6262 5041
1675 2 2 1 1 528 6192 529
1676 2 2 1 1 4441 5913 5018
1677 2 2 1 1 675 6048 4041
1678 2 2 1 1 1904 5528 1905
1679 2 2 1 1 3897 6048 675
1680 2 2 1 1 4502 6086 5773
1681 2 2 1 1 5013 5597 3729
1682 2 2 1 1 5536 5907 5844
1683 2 2 1 1 5049 5255 1243
1684 2 2 1 1 3339 5727 3340
1685 2 2 1 1 4472 5462 4770
1686 2 2 1 1 2926 5121 4611
1687 2 2 1 1 2083 4451 2084
1688 2 2 1 1 3573 5594 3572
1689 2 2 1 1 143 5399 144
1690 2 2 1 1 2344 4447 2345
1691 2 2 1 1 78 4453 79
1692 2 2 1 1 282 6071 283
1693 2 2 1 1 5285 5736 4473
1694 2 2 1 1 2557 2556 3197
1695 2 2 1 1 5008 5995 4343
1696 2 2 1 1 3315 5138 4233
1697 2 2 1 1 4546 6200 5021
1698 2 2 1 1 2438 5129 3448
1699 2 2 1 1 573 4313 2037
1700 2 2 1 1 4309 5554 1039
1701 2 2 1 1 5829 6141 4690
1702 2 2 1 1 4483 4679 3874
1703 2 2 1 1 3910 5661 5659
1704 2 2 1 1 1140 4191 4070
1705 2 2 1 1 2297 4463 3750
1706 2 2 1 1 450 4417 435
1707 2 2 1 1 3544 5115 3543
1708 2 2 1 1 4494 5303 4665
1709 2 2 1 1 5199 5986 4844
1710 2 2 1 1 2048 1846 2049
1711 2 2 1 1 272 5665 273
1712 2 2 1 1 5714 5799 4822
1713 2 2 1 1 3528 5774 4772
1714 2 2 1 1 4013 5280 4275
1715 2 2 1 1 5182 5866 5068
1716 2 2 1 1 4703 5629 5507
1717 2 2 1 1 3331 4720 4263
1718 2 2 1 1 3810 5708 4031
1719 2 2 1 1 1730 2373 1731
1720 2 2 1 1 2921 4481 2922
1721 2 2 1 1 25 5682 26
1722 2 2 1 1 2738 4164 2739
1723 2 2 1 1 2212 5960 4762
1724 2 2 1 1 1539 4341 1540
1725 2 2 1 1 4676 5620 5348
1726 2 2 1 1 2027 5879 2028
1727 2 2 1 1 4212 5596 5057
1728 2 2 1 1 2342 5469 2327
1729 2 2 1 1 4824 6196 4825
1730 2 2 1 1 4319 5522 5498
1731 2 2 1 1 2477 4703 4228
1732 2 2 1 1 1012 1011 3520
1733 2 2 1 1 1752 1562 1753
1734 2 2 1 1 4261 5371 2281
1735 2 2 1 1 217 5282 201
1736 2 2 1 1 2273 5609 2274
1737 2 2 1 1 3860 6204 5400
1738 2 2 1 1 1559 4444 1560
1739 2 2 1 1 5059 5660 3945
1740 2 2 1 1 2723 5269 1745
1741 2 2 1 1 4019 4280 1938
1742 2 2 1 1 3554 5108 1867
1743 2 2 1 1 3039 4489 3040
1744 2 2 1 1 4834 4976 1944
1745 2 2 1 1 693 5884 4068
1746 2 2 1 1 915 4491 916
1747 2 2 1 1 4009 4782 4685
1748 2 2 1 1 3933 5862 4296
1749 2 2 1 1 2799 4579 2800
1750 2 2 1 1 3991 6210 1493
1751 2 2 1 1 2481 4527 2482
1752 2 2 1 1 4529 5977 5315
1753 2 2 1 1 1049 5291 4023
1754 2 2 1 1 2712 3535 2711
1755 2 2 1 1 4616 5023 4615
1756 2 2 1 1 799 4499 800
1757 2 2 1 1 5064 5963 5820
1758 2 2 1 1 966 4916 4764
1759 2 2 1 1 849 4471 2026
1760 2 2 1 1 2467 5542 2468
1761 2 2 1 1 289 5457 1067
1762 2 2 1 1 1606 4245 1607
1763 2 2 1 1 4 4524 180
1764 2 2 1 1 4816 5895 4501
1765 2 2 1 1 3102 4868 3103
1766 2 2 1 1 4972 5277 4971
1767 2 2 1 1 5696 5697 4085
1768 2 2 1 1 5343 5499 4328
1769 2 2 1 1 1988 4824 1989
1770 2 2 1 1 449 4881 450
1771 2 2 1 1 4382 5673 3769
1772 2 2 1 1 5789 6100 4139
1773 2 2 1 1 4473 5284 4391
1774 2 2 1 1 4222 5312 4994
1775 2 2 1 1 4943 5398 3884
1776 2 2 1 1 48 5998 49
1777 2 2 1 1 4139 6100 4365
1778 2 2 1 1 376 4858 377
1779 2 2 1 1 3055 4512 3056
1780 2 2 1 1 4650 5325 3586
1781 2 2 1 1 4232 6095 4289
1782 2 2 1 1 5046 5567 4559
1783 2 2 1 1 992 5682 993
1784 2 2 1 1 4991 4992 4907
1785 2 2 1 1 1793 3925 1794
1786 2 2 1 1 90 5843 91
1787 2 2 1 1 731 5691 4140
1788 2 2 1 1 3666 3987 951
1789 2 2 1 1 4672 5443 4084
1790 2 2 1 1 3007 4525 3008
1791 2 2 1 1 3621 6225 3620
1792 2 2 1 1 3704 5516 4767
1793 2 2 1 1 6087 6177 5916
1794 2 2 1 1 3862 5131 3849
1795 2 2 1 1 3151 4528 3152
1796 2 2 1 1 4532 5534 3749
1797 2 2 1 1 5600 6276 5593
1798 2 2 1 1 3148 4572 3149
1799 2 2 1 1 3087 4533 3088
1800 2 2 1 1 3259 5578 479
1801 2 2 1 1 4281 6258 5100
1802 2 2 1 1 4126 5972 5344
1803 2 2 1 1 2026 5550 849
1804 2 2 1 1 4382 5883 5673
1805 2 2 1 1 2245 5735 2246
1806 2 2 1 1 352 4542 353
1807 2 2 1 1 364 4547 365
1808 2 2 1 1 355 4545 356
1809 2 2 1 1 4292 5834 5016
1810 2 2 1 1 5820 5941 4207
1811 2 2 1 1 4619 5954 4059
1812 2 2 1 1 3926 6195 4697
1813 2 2 1 1 4088 4395 3721
1814 2 2 1 1 5329 5330 4601
1815 2 2 1 1 4319 5498 4396
1816 2 2 1 1 643 4555 644
1817 2 2 1 1 655 4554 642
1818 2 2 1 1 4652 5947 4845
1819 2 2 1 1 4146 5522 4090
1820 2 2 1 1 4070 5178 1140
1821 2 2 1 1 4825 5724 4102
1822 2 2 1 1 1567 5089 1568
1823 2 2 1 1 2274 5527 2275
1824 2 2 1 1 4525 5391 5002
1825 2 2 1 1 4685 6199 5315
1826 2 2 1 1 5246 5731 4154
1827 2 2 1 1 4297 5681 5261
1828 2 2 1 1 1710 5828 4815
1829 2 2 1 1 4633 5819 5273
1830 2 2 1 1 1023 5494 1021
1831 2 2 1 1 4991 4993 4992
1832 2 2 1 1 4855 5977 5945
1833 2 2 1 1 4796 4906 3564
1834 2 2 1 1 3790 5899 4629
1835 2 2 1 1 4565 5685 3588
1836 2 2 1 1 5237 5604 4400
1837 2 2 1 1 3671 6240 4900
1838 2 2 1 1 237 4415 238
1839 2 2 1 1 325 4885 326
1840 2 2 1 1 5089 5334 4405
1841 2 2 1 1 4862 5448 2403
1842 2 2 1 1 4457 5783 5144
1843 2 2 1 1 4648 5450 4200
1844 2 2 1 1 4067 6028 3300
1845 2 2 1 1 3300 6028 3301
1846 2 2 1 1 726 4949 727
1847 2 2 1 1 2290 4009 2291
1848 2 2 1 1 1610 4399 3386
1849 2 2 1 1 4679 6287 5387
1850 2 2 1 1 5206 6129 3956
1851 2 2 1 1 3780 6049 4526
1852 2 2 1 1 3357 4160 3358
1853 2 2 1 1 821 4577 822
1854 2 2 1 1 3439 4151 2282
1855 2 2 1 1 4122 4973 4972
1856 2 2 1 1 3577 3940 3576
1857 2 2 1 1 2189 5608 3416
1858 2 2 1 1 4323 4550 3786
1859 2 2 1 1 745 744 3270
1860 2 2 1 1 4665 4671 4493
1861 2 2 1 1 5388 5710 5613
1862 2 2 1 1 4631 4673 2135
1863 2 2 1 1 2066 4589 2067
1864 2 2 1 1 3522 4789 2847
1865 2 2 1 1 3381 3869 3382
1866 2 2 1 1 5481 6215 5847
1867 2 2 1 1 4122 4972 4971
1868 2 2 1 1 3355 4122 1314
1869 2 2 1 1 5313 5651 5023
1870 2 2 1 1 4863 6158 5908
1871 2 2 1 1 4122 4971 1314
1872 2 2 1 1 3799 4840 3730
1873 2 2 1 1 440 4430 1236
1874 2 2 1 1 4445 5820 4207
1875 2 2 1 1 4629 5187 3790
1876 2 2 1 1 2296 4463 2297
1877 2 2 1 1 4965 5996 3880
1878 2 2 1 1 3369 5258 1310
1879 2 2 1 1 17 4695 18
1880 2 2 1 1 3252 5424 3538
1881 2 2 1 1 1203 5054 1886
1882 2 2 1 1 4455 5007 5006
1883 2 2 1 1 3473 4760 3474
1884 2 2 1 1 4657 5433 4846
1885 2 2 1 1 4992 6277 6032
1886 2 2 1 1 4492 4901 4494
1887 2 2 1 1 4494 4665 4493
1888 2 2 1 1 1182 5048 1183
1889 2 2 1 1 2753 4611 2754
1890 2 2 1 1 4912 4914 4913
1891 2 2 1 1 5707 5740 4586
1892 2 2 1 1 1465 4570 3836
1893 2 2 1 1 4780 5503 5289
1894 2 2 1 1 189 4026 190
1895 2 2 1 1 4508 4783 4507
1896 2 2 1 1 3660 5747 5462
1897 2 2 1 1 4157 5100 1330
1898 2 2 1 1 3970 4709 4708
1899 2 2 1 1 1426 5622 3368
1900 2 2 1 1 3383 5884 693
1901 2 2 1 1 2761 5826 2762
1902 2 2 1 1 157 474 473
1903 2 2 1 1 4173 5635 5490
1904 2 2 1 1 4200 5830 4648
1905 2 2 1 1 3820 5029 3999
1906 2 2 1 1 3062 4624 2662
1907 2 2 1 1 5144 5783 4258
1908 2 2 1 1 862 5179 863
1909 2 2 1 1 5616 6081 5781
1910 2 2 1 1 3771 5274 5273
1911 2 2 1 1 1234 5577 3347
1912 2 2 1 1 3673 3758 1028
1913 2 2 1 1 6032 6277 4709
1914 2 2 1 1 5468 5658 3705
1915 2 2 1 1 2915 5204 2916
1916 2 2 1 1 5677 5779 4148
1917 2 2 1 1 670 5261 671
1918 2 2 1 1 1107 4963 1108
1919 2 2 1 1 2733 4479 2720
1920 2 2 1 1 1647 4637 1648
1921 2 2 1 1 5075 5604 4832
1922 2 2 1 1 347 5637 348
1923 2 2 1 1 4228 5890 2477
1924 2 2 1 1 3893 5192 4465
1925 2 2 1 1 4958 5303 4258
1926 2 2 1 1 1313 4284 4171
1927 2 2 1 1 1597 4646 1598
1928 2 2 1 1 2996 4443 2997
1929 2 2 1 1 1886 5037 1203
1930 2 2 1 1 4554 5206 4052
1931 2 2 1 1 4638 5813 2292
1932 2 2 1 1 2065 5100 4157
1933 2 2 1 1 176 5358 3462
1934 2 2 1 1 3290 5348 553
1935 2 2 1 1 3814 5512 4499
1936 2 2 1 1 3495 5728 5655
1937 2 2 1 1 4998 5453 3960
1938 2 2 1 1 49 4682 50
1939 2 2 1 1 4629 5899 3914
1940 2 2 1 1 581 4995 582
1941 2 2 1 1 5068 5069 5067
1942 2 2 1 1 3637 5182 5068
1943 2 2 1 1 4378 5651 5313
1944 2 2 1 1 3533 5424 3252
1945 2 2 1 1 3315 4233 871
1946 2 2 1 1 4695 5701 3321
1947 2 2 1 1 277 857 278
1948 2 2 1 1 3333 6015 4083
1949 2 2 1 1 5781 6081 4060
1950 2 2 1 1 4463 5186 4464
1951 2 2 1 1 554 4066 3291
1952 2 2 1 1 1631 5745 1225
1953 2 2 1 1 1633 5097 4850
1954 2 2 1 1 5082 5807 3992
1955 2 2 1 1 5201 6054 4154
1956 2 2 1 1 3971 4841 4714
1957 2 2 1 1 5546 6196 4082
1958 2 2 1 1 1102 4812 1103
1959 2 2 1 1 164 5104 163
1960 2 2 1 1 2042 6180 2043
1961 2 2 1 1 968 5012 3330
1962 2 2 1 1 414 5439 3272
1963 2 2 1 1 4405 5334 5034
1964 2 2 1 1 5718 6012 4058
1965 2 2 1 1 3646 5150 4652
1966 2 2 1 1 3847 5596 4212
1967 2 2 1 1 5100 6258 3696
1968 2 2 1 1 309 4861 3314
1969 2 2 1 1 562 5486 3292
1970 2 2 1 1 3728 4610 3976
1971 2 2 1 1 3331 4263 978
1972 2 2 1 1 4435 5453 4998
1973 2 2 1 1 4455 5006 5005
1974 2 2 1 1 4739 4740 4738
1975 2 2 1 1 3869 5510 5377
1976 2 2 1 1 4407 4952 4758
1977 2 2 1 1 4925 5816 4953
1978 2 2 1 1 3051 6121 3052
1979 2 2 1 1 2808 4838 3691
1980 2 2 1 1 4492 4494 4493
1981 2 2 1 1 3282 4899 3283
1982 2 2 1 1 4109 5937 4849
1983 2 2 1 1 647 5036 1572
1984 2 2 1 1 4387 6004 4531
1985 2 2 1 1 1065 4763 291
1986 2 2 1 1 3580 4362 3579
1987 2 2 1 1 4939 5062 4938
1988 2 2 1 1 4071 4781 1294
1989 2 2 1 1 3133 5611 3622
1990 2 2 1 1 4912 4913 4911
1991 2 2 1 1 1996 4534 1997
1992 2 2 1 1 4653 6025 5166
1993 2 2 1 1 4591 6178 5254
1994 2 2 1 1 1388 5952 2448
1995 2 2 1 1 3730 4840 4646
1996 2 2 1 1 3317 5506 3318
1997 2 2 1 1 4506 4508 4507
1998 2 2 1 1 3723 5442 5196
1999 2 2 1 1 1019 6058 1020
2000 2 2 1 1 1487 662 1488
2001 2 2 1 1 3398 5425 4467
2002 2 2 1 1 3367 5443 1416
2003 2 2 1 1 5023 6033 4508
2004 2 2 1 1 2732 4372 2733
2005 2 2 1 1 2026 4471 2027
2006 2 2 1 1 1933 4734 1934
2007 2 2 1 1 3048 4737 3049
2008 2 2 1 1 4671 5514 4493
2009 2 2 1 1 4269 6003 4062
2010 2 2 1 1 3601 3889 3600
2011 2 2 1 1 3562 3970 3561
2012 2 2 1 1 3604 5289 3603
2013 2 2 1 1 3603 4152 3602
2014 2 2 1 1 3600 5288 3599
2015 2 2 1 1 3602 5287 3601
2016 2 2 1 1 2508 4855 2509
2017 2 2 1 1 3970 4708 4379
2018 2 2 1 1 3787 5079 4642
2019 2 2 1 1 1352 4848 1353
2020 2 2 1 1 1354 4745 1355
2021 2 2 1 1 5182 6169 5866
2022 2 2 1 1 5062 6181 4760
2023 2 2 1 1 705 4865 686
2024 2 2 1 1 4420 5194 5009
2025 2 2 1 1 4066 5641 5333
2026 2 2 1 1 3879 5858 5608
2027 2 2 1 1 4409 5941 3257
2028 2 2 1 1 1215 4193 1216
2029 2 2 1 1 270 5692 1023
2030 2 2 1 1 4649 5370 5369
2031 2 2 1 1 4160 5384 3358
2032 2 2 1 1 1096 4345 1081
2033 2 2 1 1 2276 4863 2259
2034 2 2 1 1 1696 4678 4096
2035 2 2 1 1 963 4767 964
2036 2 2 1 1 3578 5386 3577
2037 2 2 1 1 4897 5748 4928
2038 2 2 1 1 3869 5377 3382
2039 2 2 1 1 3777 5267 5101
2040 2 2 1 1 1402 1151 1403
2041 2 2 1 1 4868 5249 3594
2042 2 2 1 1 4138 5334 4732
2043 2 2 1 1 4567 5701 4203
2044 2 2 1 1 5462 5482 3635
2045 2 2 1 1 5387 5495 3642
2046 2 2 1 1 3042 4568 3043
2047 2 2 1 1 4317 5408 3507
2048 2 2 1 1 933 5432 4695
2049 2 2 1 1 1694 5176 1695
2050 2 2 1 1 4773 5020 1704
2051 2 2 1 1 3283 5320 480
2052 2 2 1 1 1695 4678 1696
2053 2 2 1 1 2016 4558 3457
2054 2 2 1 1 119 4873 120
2055 2 2 1 1 4512 5421 4513
2056 2 2 1 1 3684 5604 5237
2057 2 2 1 1 3135 5672 3133
2058 2 2 1 1 863 5053 850
2059 2 2 1 1 1480 5909 5434
2060 2 2 1 1 1294 4569 4071
2061 2 2 1 1 3905 6138 4674
2062 2 2 1 1 3565 4796 3564
2063 2 2 1 1 98 5298 1482
2064 2 2 1 1 2992 4823 2993
2065 2 2 1 1 5277 6041 5274
2066 2 2 1 1 3537 5321 3536
2067 2 2 1 1 591 4792 592
2068 2 2 1 1 5049 5176 1694
2069 2 2 1 1 729 5474 3306
2070 2 2 1 1 4239 5097 1222
2071 2 2 1 1 4645 5321 4412
2072 2 2 1 1 3985 4657 1965
2073 2 2 1 1 3802 5421 4512
2074 2 2 1 1 5549 6191 4453
2075 2 2 1 1 3381 5613 3869
2076 2 2 1 1 3673 5426 4661
2077 2 2 1 1 957 4496 958
2078 2 2 1 1 715 4859 716
2079 2 2 1 1 1695 5176 4678
2080 2 2 1 1 1736 5244 4452
2081 2 2 1 1 304 4623 3256
2082 2 2 1 1 2579 4110 4102
2083 2 2 1 1 3684 5237 4970
2084 2 2 1 1 3708 5657 5000
2085 2 2 1 1 1704 5020 1705
2086 2 2 1 1 5511 5719 4686
2087 2 2 1 1 4194 6005 5441
2088 2 2 1 1 3360 5872 3361
2089 2 2 1 1 3869 5710 5510
2090 2 2 1 1 4854 5539 2087
2091 2 2 1 1 1493 4609 3991
2092 2 2 1 1 3751 5783 4919
2093 2 2 1 1 938 5357 3310
2094 2 2 1 1 4970 5911 3385
2095 2 2 1 1 3033 4889 3034
2096 2 2 1 1 1857 5872 3360
2097 2 2 1 1 3495 5655 3105
2098 2 2 1 1 4573 5597 5013
2099 2 2 1 1 4046 5553 3591
2100 2 2 1 1 515 6248 516
2101 2 2 1 1 4426 5072 3962
2102 2 2 1 1 3569 4058 3568
2103 2 2 1 1 3570 5317 3569
2104 2 2 1 1 5552 5881 3687
2105 2 2 1 1 1903 5214 1904
2106 2 2 1 1 5064 5958 3865
2107 2 2 1 1 4227 5075 4832
2108 2 2 1 1 2515 5650 2569
2109 2 2 1 1 196 4570 1464
2110 2 2 1 1 226 4925 227
2111 2 2 1 1 4943 6194 5398
2112 2 2 1 1 3045 4968 3046
2113 2 2 1 1 4185 5763 5516
2114 2 2 1 1 4390 5195 3284
2115 2 2 1 1 5386 5387 3940
2116 2 2 1 1 1219 5057 1220
2117 2 2 1 1 896 5020 897
2118 2 2 1 1 2476 4703 2477
2119 2 2 1 1 3772 5220 4636
2120 2 2 1 1 4770 5142 3694
2121 2 2 1 1 1994 5574 1995
2122 2 2 1 1 3443 4946 2313
2123 2 2 1 1 5178 5512 3814
2124 2 2 1 1 4263 5662 978
2125 2 2 1 1 5496 6281 4611
2126 2 2 1 1 4145 6001 1279
2127 2 2 1 1 5462 5932 3660
2128 2 2 1 1 4676 5641 5620
2129 2 2 1 1 4152 5287 3602
2130 2 2 1 1 3603 5289 4152
2131 2 2 1 1 3889 5288 3600
2132 2 2 1 1 3601 5287 3889
2133 2 2 1 1 5439 5968 4642
2134 2 2 1 1 2938 4677 4560
2135 2 2 1 1 5272 5840 3692
2136 2 2 1 1 4761 6284 4685
2137 2 2 1 1 4812 5711 5346
2138 2 2 1 1 3403 4019 1938
2139 2 2 1 1 3351 4423 2352
2140 2 2 1 1 4998 5718 5551
2141 2 2 1 1 1278 4145 1279
2142 2 2 1 1 423 5610 422
2143 2 2 1 1 3755 4719 4592
2144 2 2 1 1 1743 4128 2726
2145 2 2 1 1 4220 6163 3484
2146 2 2 1 1 2671 5149 2672
2147 2 2 1 1 3652 5799 4939
2148 2 2 1 1 2871 6117 3881
2149 2 2 1 1 3947 5978 4222
2150 2 2 1 1 5041 6262 4225
2151 2 2 1 1 2515 2568 2516
2152 2 2 1 1 3783 5740 5707
2153 2 2 1 1 16 4567 4203
2154 2 2 1 1 4651 5703 567
2155 2 2 1 1 2419 5044 2627
2156 2 2 1 1 4928 5490 4160
2157 2 2 1 1 1869 4932 2365
2158 2 2 1 1 2627 5035 2419
2159 2 2 1 1 4355 5224 4356
2160 2 2 1 1 3200 4686 3201
2161 2 2 1 1 4399 5911 5237
2162 2 2 1 1 1594 4666 1581
2163 2 2 1 1 3831 6090 4591
2164 2 2 1 1 4151 5950 5285
2165 2 2 1 1 5696 5699 3776
2166 2 2 1 1 3605 5356 3604
2167 2 2 1 1 4544 5536 3698
2168 2 2 1 1 3382 5377 1602
2169 2 2 1 1 5289 5503 4152
2170 2 2 1 1 4473 5736 5284
2171 2 2 1 1 3718 5814 5492
2172 2 2 1 1 3379 6018 1494
2173 2 2 1 1 1509 5804 1510
2174 2 2 1 1 229 5834 230
2175 2 2 1 1 1067 5457 3337
2176 2 2 1 1 4998 5551 4386
2177 2 2 1 1 638 5888 3304
2178 2 2 1 1 3358 5384 3359
2179 2 2 1 1 4360 5715 4361
2180 2 2 1 1 4793 6084 5254
2181 2 2 1 1 4950 5230 5149
2182 2 2 1 1 4721 5405 1486
2183 2 2 1 1 1787 1783 1782
2184 2 2 1 1 5070 5512 1485
2185 2 2 1 1 1324 5126 4606
2186 2 2 1 1 5668 5802 1277
2187 2 2 1 1 5223 5555 3885
2188 2 2 1 1 4151 5689 4900
2189 2 2 1 1 5088 5996 4476
2190 2 2 1 1 617 4622 618
2191 2 2 1 1 4133 5088 4476
2192 2 2 1 1 2893 5189 4830
2193 2 2 1 1 117 5696 118
2194 2 2 1 1 2090 4748 3902
2195 2 2 1 1 3288 5014 3289
2196 2 2 1 1 3577 5386 3940
2197 2 2 1 1 4360 6268 5715
2198 2 2 1 1 598 878 599
2199 2 2 1 1 2493 1447 2494
2200 2 2 1 1 4009 4638 2291
2201 2 2 1 1 873 5120 209
2202 2 2 1 1 5101 5852 3777
2203 2 2 1 1 1041 5999 4309
2204 2 2 1 1 1586 1585 3378
2205 2 2 1 1 4691 5136 4594
2206 2 2 1 1 4288 5945 4572
2207 2 2 1 1 3903 5882 5067
2208 2 2 1 1 3775 5662 3755
2209 2 2 1 1 5659 6199 4782
2210 2 2 1 1 4509 6069 3925
2211 2 2 1 1 3690 6255 5535
2212 2 2 1 1 4463 4464 3750
2213 2 2 1 1 3604 5356 5289
2214 2 2 1 1 5067 6097 3903
2215 2 2 1 1 837 4680 4306
2216 2 2 1 1 4229 5593 3725
2217 2 2 1 1 4941 5847 5077
2218 2 2 1 1 2932 5056 2933
2219 2 2 1 1 5673 6259 3769
2220 2 2 1 1 4795 5910 1470
2221 2 2 1 1 1492 4609 1493
2222 2 2 1 1 3517 4986 931
2223 2 2 1 1 2367 4747 2633
2224 2 2 1 1 2937 4677 2938
2225 2 2 1 1 3990 5958 5064
2226 2 2 1 1 3971 4714 3709
2227 2 2 1 1 5377 5510 4958
2228 2 2 1 1 2427 3757 3632
2229 2 2 1 1 4692 6191 5549
2230 2 2 1 1 4015 5146 4870
2231 2 2 1 1 3329 5946 968
2232 2 2 1 1 1180 5792 1181
2233 2 2 1 1 5847 6215 5077
2234 2 2 1 1 3679 5581 5580
2235 2 2 1 1 4841 5393 4714
2236 2 2 1 1 5098 5571 3752
2237 2 2 1 1 517 5634 518
2238 2 2 1 1 5498 5522 2682
2239 2 2 1 1 4410 6013 5167
2240 2 2 1 1 602 5949 5095
2241 2 2 1 1 4292 4295 230
2242 2 2 1 1 4017 4024 1020
2243 2 2 1 1 3881 6117 5383
2244 2 2 1 1 1610 5911 4399
2245 2 2 1 1 4640 5087 3438
2246 2 2 1 1 5186 5823 4464
2247 2 2 1 1 2186 4990 2185
2248 2 2 1 1 1216 5951 3929
2249 2 2 1 1 2382 4410 4334
2250 2 2 1 1 3273 5281 3274
2251 2 2 1 1 3113 5841 3445
2252 2 2 1 1 4507 5421 4668
2253 2 2 1 1 4190 5976 1229
2254 2 2 1 1 5214 5528 1904
2255 2 2 1 1 2540 6120 1645
2256 2 2 1 1 1716 5145 1717
2257 2 2 1 1 892 6217 35
2258 2 2 1 1 1326 5838 3370
2259 2 2 1 1 4086 5543 4125
2260 2 2 1 1 4738 5713 4856
2261 2 2 1 1 2198 5461 4681
2262 2 2 1 1 3507 5663 3506
2263 2 2 1 1 4193 5951 1216
2264 2 2 1 1 1068 6268 4360
2265 2 2 1 1 5699 6052 5478
2266 2 2 1 1 4451 4607 4443
2267 2 2 1 1 5285 5689 4151
2268 2 2 1 1 1841 3772 3687
2269 2 2 1 1 5245 6053 4497
2270 2 2 1 1 1882 4932 1869
2271 2 2 1 1 3617 5361 3616
2272 2 2 1 1 3615 5362 3614
2273 2 2 1 1 3613 5360 3612
2274 2 2 1 1 3616 4231 3615
2275 2 2 1 1 3614 3978 3613
2276 2 2 1 1 3618 4765 3617
2277 2 2 1 1 5204 5608 5174
2278 2 2 1 1 5303 5510 4665
2279 2 2 1 1 5368 6180 4960
2280 2 2 1 1 3324 5731 934
2281 2 2 1 1 3301 5417 3302
2282 2 2 1 1 308 5328 4861
2283 2 2 1 1 1787 1782 1788
2284 2 2 1 1 3726 5702 4837
2285 2 2 1 1 5907 6253 3924
2286 2 2 1 1 2022 5905 2023
2287 2 2 1 1 3308 5968 5914
2288 2 2 1 1 3739 4705 4455
2289 2 2 1 1 4455 5005 4454
2290 2 2 1 1 5717 5866 4549
2291 2 2 1 1 1411 4240 1412
2292 2 2 1 1 4737 4739 4738
2293 2 2 1 1 5101 5267 4731
2294 2 2 1 1 4450 5156 4389
2295 2 2 1 1 3579 6035 430
2296 2 2 1 1 5333 5401 4798
2297 2 2 1 1 4407 4758 4406
2298 2 2 1 1 2989 3651 2990
2299 2 2 1 1 26 5682 992
2300 2 2 1 1 3764 6004 4387
2301 2 2 1 1 5232 5704 3834
2302 2 2 1 1 4357 5816 5705
2303 2 2 1 1 566 4651 567
2304 2 2 1 1 5265 6001 4145
2305 2 2 1 1 4132 5523 2673
2306 2 2 1 1 3063 5935 2661
2307 2 2 1 1 3695 4867 4580
2308 2 2 1 1 3487 5761 4468
2309 2 2 1 1 4492 4493 4491
2310 2 2 1 1 3757 5785 3632
2311 2 2 1 1 3958 5902 5743
2312 2 2 1 1 3778 5829 4394
2313 2 2 1 1 3586 5325 3585
2314 2 2 1 1 5095 5949 3899
2315 2 2 1 1 4870 6004 3764
2316 2 2 1 1 4268 4534 1996
2317 2 2 1 1 3625 6152 5545
2318 2 2 1 1 35 5409 892
2319 2 2 1 1 4202 4477 2279
2320 2 2 1 1 4901 6219 6153
2321 2 2 1 1 5002 5391 5165
2322 2 2 1 1 4256 5949 4895
2323 2 2 1 1 2193 5924 3967
2324 2 2 1 1 4161 5827 5740
2325 2 2 1 1 4400 5519 4399
2326 2 2 1 1 4900 6240 4462
2327 2 2 1 1 1412 4240 3700
2328 2 2 1 1 3744 5034 4426
2329 2 2 1 1 3917 5246 5245
2330 2 2 1 1 3769 5200 4872
2331 2 2 1 1 3652 4939 4938
2332 2 2 1 1 4233 5639 871
2333 2 2 1 1 4974 5610 423
2334 2 2 1 1 234 4621 235
2335 2 2 1 1 3569 5317 4058
2336 2 2 1 1 3929 5334 5089
2337 2 2 1 1 214 4941 3265
2338 2 2 1 1 2403 5448 2404
2339 2 2 1 1 3966 5293 4495
2340 2 2 1 1 3715 4912 4911
2341 2 2 1 1 1529 5794 4364
2342 2 2 1 1 4090 5624 4146
2343 2 2 1 1 554 5620 4066
2344 2 2 1 1 4100 5948 4182
2345 2 2 1 1 4023 4655 1049
2346 2 2 1 1 4504 5801 5740
2347 2 2 1 1 5382 5990 3707
2348 2 2 1 1 4661 6224 3758
2349 2 2 1 1 5050 6167 5353
2350 2 2 1 1 2673 5523 4950
2351 2 2 1 1 2666 4448 3843
2352 2 2 1 1 4301 4965 3796
2353 2 2 1 1 3619 5771 3618
2354 2 2 1 1 4735 5202 3454
2355 2 2 1 1 4325 5840 5272
2356 2 2 1 1 1661 3767 1662
2357 2 2 1 1 1278 5802 4145
2358 2 2 1 1 4504 5740 3783
2359 2 2 1 1 4767 5305 3704
2360 2 2 1 1 1657 4490 1658
2361 2 2 1 1 5312 6096 3141
2362 2 2 1 1 3769 6259 5200
2363 2 2 1 1 4800 6177 6087
2364 2 2 1 1 1738 5024 4315
2365 2 2 1 1 5176 5962 4118
2366 2 2 1 1 4732 5951 5774
2367 2 2 1 1 307 5328 308
2368 2 2 1 1 30 4768 31
2369 2 2 1 1 5534 5964 3749
2370 2 2 1 1 5299 5801 880
2371 2 2 1 1 3441 5904 2290
2372 2 2 1 1 5082 6000 4401
2373 2 2 1 1 5165 6270 4103
2374 2 2 1 1 3635 5932 5462
2375 2 2 1 1 4341 4843 1540
2376 2 2 1 1 4399 4926 3386
2377 2 2 1 1 316 4161 317
2378 2 2 1 1 5510 5710 4665
2379 2 2 1 1 4027 5445 4355
2380 2 2 1 1 4258 5783 3751
2381 2 2 1 1 4631 5043 4673
2382 2 2 1 1 2706 4893 4460
2383 2 2 1 1 3473 5782 4760
2384 2 2 1 1 1645 5463 2540
2385 2 2 1 1 3837 5604 5075
2386 2 2 1 1 4506 4507 3630
2387 2 2 1 1 4522 5814 3718
2388 2 2 1 1 3893 4273 1947
2389 2 2 1 1 4549 5150 4548
2390 2 2 1 1 4338 5936 1322
2391 2 2 1 1 5334 5951 4732
2392 2 2 1 1 2688 5029 2689
2393 2 2 1 1 2698 5028 2697
2394 2 2 1 1 5284 5736 2028
2395 2 2 1 1 3668 5845 4576
2396 2 2 1 1 3355 4171 4122
2397 2 2 1 1 4330 5880 5397
2398 2 2 1 1 4637 6100 5960
2399 2 2 1 1 4039 5320 4899
2400 2 2 1 1 3858 5458 5348
2401 2 2 1 1 5115 6138 4461
2402 2 2 1 1 3759 6102 5076
2403 2 2 1 1 5007 5924 5288
2404 2 2 1 1 5149 5230 3590
2405 2 2 1 1 4591 5254 4590
2406 2 2 1 1 3302 5417 5306
2407 2 2 1 1 3876 6091 5411
2408 2 2 1 1 5076 5487 3759
2409 2 2 1 1 1658 4490 1432
2410 2 2 1 1 3624 5545 1952
2411 2 2 1 1 1677 4338 1678
2412 2 2 1 1 4509 5573 2346
2413 2 2 1 1 4499 5512 5070
2414 2 2 1 1 1754 5130 1755
2415 2 2 1 1 3439 5950 4151
2416 2 2 1 1 3758 6224 5568
2417 2 2 1 1 4661 5426 5184
2418 2 2 1 1 2257 6019 2258
2419 2 2 1 1 3668 4308 982
2420 2 2 1 1 2655 5025 4278
2421 2 2 1 1 2643 5509 3581
2422 2 2 1 1 2873 5177 2841
2423 2 2 1 1 656 5050 657
2424 2 2 1 1 5705 5816 3693
2425 2 2 1 1 2238 5043 2239
2426 2 2 1 1 5254 6084 3736
2427 2 2 1 1 3907 5475 5325
2428 2 2 1 1 4947 5930 1415
2429 2 2 1 1 4195 5986 5199
2430 2 2 1 1 3857 5293 4446
2431 2 2 1 1 2835 5137 3582
2432 2 2 1 1 2448 5952 3451
2433 2 2 1 1 6015 6087 4083
2434 2 2 1 1 3553 5678 3552
2435 2 2 1 1 3663 6052 5699
2436 2 2 1 1 3750 5722 5224
2437 2 2 1 1 4530 5977 3641
2438 2 2 1 1 1174 5474 1175
2439 2 2 1 1 5067 5459 5068
2440 2 2 1 1 4990 6037 4991
2441 2 2 1 1 4289 6095 274
2442 2 2 1 1 4959 5183 4302
2443 2 2 1 1 4918 5766 5265
2444 2 2 1 1 5472 6223 3928
2445 2 2 1 1 4926 5757 1595
2446 2 2 1 1 4760 6093 5062
2447 2 2 1 1 4598 5581 3679
2448 2 2 1 1 1517 4722 4211
2449 2 2 1 1 3005 5119 3006
2450 2 2 1 1 2541 2542 1210
2451 2 2 1 1 3339 6129 4944
2452 2 2 1 1 4034 5608 5204
2453 2 2 1 1 1620 5205 2234
2454 2 2 1 1 2175 4940 2058
2455 2 2 1 1 1621 5205 1620
2456 2 2 1 1 1518 1457 1456
2457 2 2 1 1 774 5857 775
2458 2 2 1 1 4893 6124 4460
2459 2 2 1 1 3451 5952 4871
2460 2 2 1 1 3912 5997 3405
2461 2 2 1 1 4603 5937 3871
2462 2 2 1 1 3326 6179 3327
2463 2 2 1 1 5503 6042 4152
2464 2 2 1 1 4296 5862 5505
2465 2 2 1 1 4738 4856 3811
2466 2 2 1 1 4976 5192 1945
2467 2 2 1 1 5609 6270 5165
2468 2 2 1 1 4760 6181 3474
2469 2 2 1 1 3558 4983 2527
2470 2 2 1 1 3582 5137 2644
2471 2 2 1 1 6163 6172 2863
2472 2 2 1 1 5720 5902 3958
2473 2 2 1 1 4695 5432 4017
2474 2 2 1 1 3892 6022 5286
2475 2 2 1 1 4767 6237 5305
2476 2 2 1 1 4835 5657 3708
2477 2 2 1 1 450 4881 4417
2478 2 2 1 1 5068 5459 3637
2479 2 2 1 1 4895 5868 206
2480 2 2 1 1 4657 4846 4277
2481 2 2 1 1 4949 5272 4064
2482 2 2 1 1 4776 4830 4223
2483 2 2 1 1 5043 5809 4673
2484 2 2 1 1 2746 5721 2747
2485 2 2 1 1 1485 5512 1486
2486 2 2 1 1 2139 5314 2436
2487 2 2 1 1 3822 5828 4595
2488 2 2 1 1 3633 5329 4601
2489 2 2 1 1 4091 6004 5775
2490 2 2 1 1 4240 4378 3700
2491 2 2 1 1 4825 5725 5724
2492 2 2 1 1 1425 1424 1357
2493 2 2 1 1 2366 4747 2367
2494 2 2 1 1 3608 5416 3607
2495 2 2 1 1 3607 4150 3606
2496 2 2 1 1 3609 3903 3608
2497 2 2 1 1 3664 5368 4706
2498 2 2 1 1 3970 4379 3561
2499 2 2 1 1 4732 5774 5684
2500 2 2 1 1 3628 4958 4258
2501 2 2 1 1 457 4142 458
2502 2 2 1 1 3700 5865 4408
2503 2 2 1 1 5049 5962 5176
2504 2 2 1 1 4050 6227 412
2505 2 2 1 1 2030 5087 2031
2506 2 2 1 1 2111 5464 1961
2507 2 2 1 1 4361 5715 4961
2508 2 2 1 1 4019 5971 4918
2509 2 2 1 1 5450 5846 5719
2510 2 2 1 1 4116 5979 2574
2511 2 2 1 1 230 5834 4292
2512 2 2 1 1 1788 4551 1789
2513 2 2 1 1 1531 5124 1466
2514 2 2 1 1 521 6108 522
2515 2 2 1 1 316 5827 4161
2516 2 2 1 1 4066 5332 3291
2517 2 2 1 1 5617 6260 4914
2518 2 2 1 1 258 5094 259
2519 2 2 1 1 2325 5079 2326
2520 2 2 1 1 4667 5295 4339
2521 2 2 1 1 4873 5699 5478
2522 2 2 1 1 283 6071 5471
2523 2 2 1 1 1624 6091 3574
2524 2 2 1 1 1466 5109 1531
2525 2 2 1 1 1898 5096 1899
2526 2 2 1 1 2815 4274 3933
2527 2 2 1 1 4686 5719 3201
2528 2 2 1 1 5346 5711 4098
2529 2 2 1 1 4241 5842 5748
2530 2 2 1 1 2317 3524 2318
2531 2 2 1 1 3881 4518 2869
2532 2 2 1 1 1960 5464 2110
2533 2 2 1 1 3937 5368 4960
2534 2 2 1 1 3919 5793 4093
2535 2 2 1 1 4111 4962 2504
2536 2 2 1 1 4077 5470 4889
2537 2 2 1 1 3738 5673 5449
2538 2 2 1 1 3050 4856 3051
2539 2 2 1 1 3706 5615 5153
2540 2 2 1 1 5130 5417 4346
2541 2 2 1 1 4623 5409 3256
2542 2 2 1 1 4072 5567 5046
2543 2 2 1 1 6153 6219 3634
2544 2 2 1 1 4579 5595 4321
2545 2 2 1 1 485 5085 486
2546 2 2 1 1 4752 6257 6182
2547 2 2 1 1 1338 5768 4682
2548 2 2 1 1 3585 5676 3584
2549 2 2 1 1 5021 5669 3667
2550 2 2 1 1 3416 5784 3417
2551 2 2 1 1 4630 5458 3858
2552 2 2 1 1 3640 5954 4619
2553 2 2 1 1 3914 5922 4629
2554 2 2 1 1 4778 5388 3648
2555 2 2 1 1 5146 5406 3659
2556 2 2 1 1 3719 5582 5199
2557 2 2 1 1 4708 6077 4710
2558 2 2 1 1 1167 4827 1168
2559 2 2 1 1 3099 5167 3100
2560 2 2 1 1 5270 5704 4367
2561 2 2 1 1 5450 5719 4078
2562 2 2 1 1 3740 5652 5448
2563 2 2 1 1 3988 4838 2807
2564 2 2 1 1 4094 5138 3315
2565 2 2 1 1 4944 6129 4785
2566 2 2 1 1 4736 4968 3846
2567 2 2 1 1 4272 5194 4420
2568 2 2 1 1 4279 5427 1031
2569 2 2 1 1 1474 5302 1475
2570 2 2 1 1 3552 5367 3551
2571 2 2 1 1 3865 5898 5064
2572 2 2 1 1 1140 5178 1141
2573 2 2 1 1 2910 4329 3418
2574 2 2 1 1 4755 5008 13
2575 2 2 1 1 4782 6199 4685
2576 2 2 1 1 4958 5510 5303
2577 2 2 1 1 5823 6189 4783
2578 2 2 1 1 4841 5551 5393
2579 2 2 1 1 4168 5939 4105
2580 2 2 1 1 4669 5039 3836
2581 2 2 1 1 4970 5940 3684
2582 2 2 1 1 4296 6020 3933
2583 2 2 1 1 4252 6099 4573
2584 2 2 1 1 5200 6259 4184
2585 2 2 1 1 3219 5582 3220
2586 2 2 1 1 2428 5099 2429
2587 2 2 1 1 3416 5608 5051
2588 2 2 1 1 4711 5454 3605
2589 2 2 1 1 1033 5408 4510
2590 2 2 1 1 4959 6134 5183
2591 2 2 1 1 4493 5514 4491
2592 2 2 1 1 3568 6012 3567
2593 2 2 1 1 2556 5934 3198
2594 2 2 1 1 4457 5144 3808
2595 2 2 1 1 2768 6115 3521
2596 2 2 1 1 2375 4707 2376
2597 2 2 1 1 5006 5869 5005
2598 2 2 1 1 5286 6022 4605
2599 2 2 1 1 3639 4431 1262
2600 2 2 1 1 5416 6097 5716
2601 2 2 1 1 4083 6087 5983
2602 2 2 1 1 5377 5884 1602
2603 2 2 1 1 5199 5582 4878
2604 2 2 1 1 1100 6230 5335
2605 2 2 1 1 2327 5469 2795
2606 2 2 1 1 3753 5055 4515
2607 2 2 1 1 3266 5815 1272
2608 2 2 1 1 2135 6118 2136
2609 2 2 1 1 3272 5460 3273
2610 2 2 1 1 4511 6230 1100
2611 2 2 1 1 4966 5805 4229
2612 2 2 1 1 4846 5433 3676
2613 2 2 1 1 3117 5026 4753
2614 2 2 1 1 5186 5753 4568
2615 2 2 1 1 5246 6054 6053
2616 2 2 1 1 5421 6189 4514
2617 2 2 1 1 3323 4154 3324
2618 2 2 1 1 3322 5455 3323
2619 2 2 1 1 4729 6143 5627
2620 2 2 1 1 1568 5089 4405
2621 2 2 1 1 852 1004 853
2622 2 2 1 1 3934 5969 5646
2623 2 2 1 1 5639 6184 871
2624 2 2 1 1 3589 6060 4565
2625 2 2 1 1 6053 6054 4343
2626 2 2 1 1 3405 5236 3912
2627 2 2 1 1 2370 4924 2371
2628 2 2 1 1 4580 5595 4579
2629 2 2 1 1 900 4625 765
2630 2 2 1 1 3500 5304 4249
2631 2 2 1 1 5306 5417 3979
2632 2 2 1 1 5333 5641 4428
2633 2 2 1 1 4343 5995 4105
2634 2 2 1 1 3722 5983 4482
2635 2 2 1 1 688 4884 689
2636 2 2 1 1 791 5219 778
2637 2 2 1 1 2796 5579 2797
2638 2 2 1 1 4861 5328 4597
2639 2 2 1 1 2562 5916 3453
2640 2 2 1 1 4167 5978 3947
2641 2 2 1 1 4765 5361 3617
2642 2 2 1 1 3616 5361 4231
2643 2 2 1 1 3978 5360 3613
2644 2 2 1 1 3614 5362 3978
2645 2 2 1 1 4231 5362 3615
2646 2 2 1 1 5684 5774 3529
2647 2 2 1 1 3985 5433 4657
2648 2 2 1 1 2312 4626 3442
2649 2 2 1 1 4384 5500 4385
2650 2 2 1 1 976 4802 977
2651 2 2 1 1 4913 6260 5287
2652 2 2 1 1 1454 4335 4257
2653 2 2 1 1 1608 4316 1609
2654 2 2 1 1 2628 5222 2629
2655 2 2 1 1 4976 6031 5192
2656 2 2 1 1 4397 5164 4614
2657 2 2 1 1 1863 6109 2854
2658 2 2 1 1 3536 5321 5139
2659 2 2 1 1 3740 5448 4862
2660 2 2 1 1 4337 5389 2100
2661 2 2 1 1 1436 5605 1437
2662 2 2 1 1 4289 5665 5648
2663 2 2 1 1 3837 5811 5604
2664 2 2 1 1 4886 6158 5391
2665 2 2 1 1 3530 5061 1611
2666 2 2 1 1 4838 5413 3691
2667 2 2 1 1 5416 5716 4150
2668 2 2 1 1 4673 6118 2135
2669 2 2 1 1 4028 5907 5133
2670 2 2 1 1 3597 5728 3596
2671 2 2 1 1 4991 5600 4993
2672 2 2 1 1 1920 5223 1921
2673 2 2 1 1 1914 5926 3442
2674 2 2 1 1 4133 4476 722
2675 2 2 1 1 4293 4807 1494
2676 2 2 1 1 4822 5799 3842
2677 2 2 1 1 3698 5536 4547
2678 2 2 1 1 5015 5651 4378
2679 2 2 1 1 1678 4338 2169
2680 2 2 1 1 1497 4622 100
2681 2 2 1 1 163 5104 4004
2682 2 2 1 1 3189 6270 3190
2683 2 2 1 1 819 5238 806
2684 2 2 1 1 3868 6216 4775
2685 2 2 1 1 5164 6186 4614
2686 2 2 1 1 4130 5781 544
2687 2 2 1 1 4810 6075 5904
2688 2 2 1 1 3686 6013 4831
2689 2 2 1 1 3984 5639 5481
2690 2 2 1 1 3662 4990 4907
2691 2 2 1 1 1445 4358 2496
2692 2 2 1 1 3859 5419 4810
2693 2 2 1 1 4925 4953 4096
2694 2 2 1 1 3976 5900 3728
2695 2 2 1 1 6064 6231 4630
2696 2 2 1 1 4486 5742 5694
2697 2 2 1 1 5604 5811 4400
2698 2 2 1 1 4501 5895 3935
2699 2 2 1 1 5481 5847 3984
2700 2 2 1 1 4447 6084 3925
2701 2 2 1 1 262 4877 1501
2702 2 2 1 1 5417 6028 4346
2703 2 2 1 1 4529 6199 5659
2704 2 2 1 1 1566 5057 1219
2705 2 2 1 1 4394 4690 3651
2706 2 2 1 1 2288 4931 4266
2707 2 2 1 1 4177 5817 2314
2708 2 2 1 1 2638 5268 2787
2709 2 2 1 1 513 4811 514
2710 2 2 1 1 4325 4881 449
2711 2 2 1 1 553 5620 554
2712 2 2 1 1 1219 5296 1566
2713 2 2 1 1 5056 5799 3652
2714 2 2 1 1 5914 5968 4048
2715 2 2 1 1 1217 5089 1218
2716 2 2 1 1 3922 4579 4321
2717 2 2 1 1 5433 5824 3676
2718 2 2 1 1 2646 5065 2885
2719 2 2 1 1 4327 4328 3867
2720 2 2 1 1 4742 6253 5907
2721 2 2 1 1 4600 5835 3969
2722 2 2 1 1 4289 5648 5568
2723 2 2 1 1 3350 5808 5001
2724 2 2 1 1 5740 5801 4161
2725 2 2 1 1 3780 4954 890
2726 2 2 1 1 3928 5214 1903
2727 2 2 1 1 3925 6084 4793
2728 2 2 1 1 5184 5426 3999
2729 2 2 1 1 1220 5057 1221
2730 2 2 1 1 2217 4711 2218
2731 2 2 1 1 3168 4733 3226
2732 2 2 1 1 5056 5539 4823
2733 2 2 1 1 4853 5781 4060
2734 2 2 1 1 2146 5649 2147
2735 2 2 1 1 5023 5651 4615
2736 2 2 1 1 1437 5605 5379
2737 2 2 1 1 5033 6150 6018
2738 2 2 1 1 4498 6262 3963
2739 2 2 1 1 4549 5850 5717
2740 2 2 1 1 4752 6182 3894
2741 2 2 1 1 1602 5884 3383
2742 2 2 1 1 3480 5746 3481
2743 2 2 1 1 3593 5764 3592
2744 2 2 1 1 5833 6031 4651
2745 2 2 1 1 2830 5108 3554
2746 2 2 1 1 5272 5632 4064
2747 2 2 1 1 3594 5017 3593
2748 2 2 1 1 5774 5951 4193
2749 2 2 1 1 4828 5969 3934
2750 2 2 1 1 3190 6270 4478
2751 2 2 1 1 4739 6034 5156
2752 2 2 1 1 4179 5787 4321
2753 2 2 1 1 5453 5986 4195
2754 2 2 1 1 5384 6023 3359
2755 2 2 1 1 5156 6116 4739
2756 2 2 1 1 5708 5933 4875
2757 2 2 1 1 1838 5601 1839
2758 2 2 1 1 5571 5834 3752
2759 2 2 1 1 5282 5291 3840
2760 2 2 1 1 765 5366 900
2761 2 2 1 1 5507 5835 2949
2762 2 2 1 1 4616 6033 5023
2763 2 2 1 1 3705 5876 5825
2764 2 2 1 1 3774 5711 4812
2765 2 2 1 1 4771 5219 3873
2766 2 2 1 1 2190 4318 3879
2767 2 2 1 1 4992 6032 4907
2768 2 2 1 1 3747 4613 4020
2769 2 2 1 1 3839 5862 4489
2770 2 2 1 1 4306 4730 4692
2771 2 2 1 1 4163 5808 3350
2772 2 2 1 1 4386 5500 4384
2773 2 2 1 1 3931 5581 4902
2774 2 2 1 1 4684 5990 5382
2775 2 2 1 1 4740 5749 4738
2776 2 2 1 1 3554 5123 2830
2777 2 2 1 1 3312 5319 4021
2778 2 2 1 1 2461 6055 4062
2779 2 2 1 1 4545 5018 3993
2780 2 2 1 1 3653 6276 4804
2781 2 2 1 1 1512 5247 1513
2782 2 2 1 1 4799 5971 4019
2783 2 2 1 1 25 5822 5682
2784 2 2 1 1 4436 4775 4723
2785 2 2 1 1 4218 5902 5720
2786 2 2 1 1 4844 5986 3824
2787 2 2 1 1 3253 4903 3571
2788 2 2 1 1 4465 4566 3697
2789 2 2 1 1 5387 6287 3940
2790 2 2 1 1 4977 5921 5654
2791 2 2 1 1 187 5234 188
2792 2 2 1 1 5163 6032 4709
2793 2 2 1 1 5182 5292 3770
2794 2 2 1 1 3498 6006 3106
2795 2 2 1 1 3350 5001 1287
2796 2 2 1 1 3334 6071 5394
2797 2 2 1 1 3923 5694 5644
2798 2 2 1 1 4710 5897 5500
2799 2 2 1 1 3835 6111 4424
2800 2 2 1 1 2058 4922 2175
2801 2 2 1 1 4866 5338 481
2802 2 2 1 1 4153 4527 4107
2803 2 2 1 1 5413 5918 4690
2804 2 2 1 1 4590 5254 3736
2805 2 2 1 1 2540 5463 2539
2806 2 2 1 1 2527 6198 3558
2807 2 2 1 1 4825 5863 5725
2808 2 2 1 1 3224 4713 3225
2809 2 2 1 1 4492 6219 4901
2810 2 2 1 1 2722 4636 4106
2811 2 2 1 1 4867 6009 5579
2812 2 2 1 1 4431 5747 4001
2813 2 2 1 1 2411 3501 2412
2814 2 2 1 1 4028 5133 236
2815 2 2 1 1 5429 6064 3677
2816 2 2 1 1 4211 4620 1517
2817 2 2 1 1 3938 5442 3828
2818 2 2 1 1 4384 4385 3631
2819 2 2 1 1 5064 5898 4043
2820 2 2 1 1 2758 5180 2759
2821 2 2 1 1 4339 5782 2805
2822 2 2 1 1 1560 5513 4315
2823 2 2 1 1 3345 5741 4749
2824 2 2 1 1 4062 6055 4269
2825 2 2 1 1 4636 5220 4106
2826 2 2 1 1 34 5409 35
2827 2 2 1 1 4960 6180 3964
2828 2 2 1 1 4044 4465 2517
2829 2 2 1 1 4782 6075 5659
2830 2 2 1 1 3153 5923 3154
2831 2 2 1 1 3442 5926 3443
2832 2 2 1 1 4512 4860 3802
2833 2 2 1 1 1313 6125 4284
2834 2 2 1 1 4303 5319 3312
2835 2 2 1 1 5775 6211 4091
2836 2 2 1 1 3725 5593 3949
2837 2 2 1 1 3017 5198 3018
2838 2 2 1 1 3233 5403 3234
2839 2 2 1 1 5246 6053 5245
2840 2 2 1 1 5265 5766 3720
2841 2 2 1 1 2147 5030 3415
2842 2 2 1 1 4222 5978 2519
2843 2 2 1 1 4007 5704 5232
2844 2 2 1 1 4508 6033 4783
2845 2 2 1 1 3871 4813 1130
2846 2 2 1 1 3201 5719 3202
2847 2 2 1 1 3722 4092 2098
2848 2 2 1 1 5153 5615 3805
2849 2 2 1 1 429 4179 3583
2850 2 2 1 1 4665 5710 4671
2851 2 2 1 1 4848 5441 3827
2852 2 2 1 1 4619 6204 5471
2853 2 2 1 1 1182 5630 5048
2854 2 2 1 1 2564 6131 1948
2855 2 2 1 1 3390 4466 3888
2856 2 2 1 1 5287 6260 3889
2857 2 2 1 1 5381 5595 4580
2858 2 2 1 1 4740 5643 5381
2859 2 2 1 1 4614 6186 5669
2860 2 2 1 1 4472 4770 3694
2861 2 2 1 1 412 5318 4050
2862 2 2 1 1 4405 5034 3744
2863 2 2 1 1 3865 4602 844
2864 2 2 1 1 4339 6222 5782
2865 2 2 1 1 3889 5617 5288
2866 2 2 1 1 3722 4482 4092
2867 2 2 1 1 4899 5578 81
2868 2 2 1 1 292 5155 293
2869 2 2 1 1 3810 5933 5708
2870 2 2 1 1 4914 6260 4913
2871 2 2 1 1 3639 4988 4431
2872 2 2 1 1 4283 5546 3669
2873 2 2 1 1 592 4792 593
2874 2 2 1 1 3858 5348 3290
2875 2 2 1 1 5499 6099 4328
2876 2 2 1 1 5326 6118 4100
2877 2 2 1 1 4708 5437 4379
2878 2 2 1 1 3635 5482 4108
2879 2 2 1 1 3325 5538 4414
2880 2 2 1 1 1702 4959 1703
2881 2 2 1 1 4618 6049 4174
2882 2 2 1 1 1611 5061 1612
2883 2 2 1 1 4527 5858 4107
2884 2 2 1 1 3209 5213 3210
2885 2 2 1 1 4403 5535 4402
2886 2 2 1 1 3793 5295 2891
2887 2 2 1 1 4427 4676 3898
2888 2 2 1 1 1516 4722 1517
2889 2 2 1 1 2023 5905 4288
2890 2 2 1 1 388 5309 851
2891 2 2 1 1 4187 4915 2589
2892 2 2 1 1 4697 5141 3926
2893 2 2 1 1 311 757 312
2894 2 2 1 1 1892 5190 1893
2895 2 2 1 1 3311 6220 747
2896 2 2 1 1 2903 5251 4458
2897 2 2 1 1 4849 5937 3798
2898 2 2 1 1 4412 5321 3946
2899 2 2 1 1 610 5748 3298
2900 2 2 1 1 2787 4561 2638
2901 2 2 1 1 1281 3955 1282
2902 2 2 1 1 5553 5999 3591
2903 2 2 1 1 4720 5279 4263
2904 2 2 1 1 5387 6127 5495
2905 2 2 1 1 2315 5817 3522
2906 2 2 1 1 3363 6237 1378
2907 2 2 1 1 5668 5889 5136
2908 2 2 1 1 4424 5253 3835
2909 2 2 1 1 4185 4216 645
2910 2 2 1 1 1251 5759 1252
2911 2 2 1 1 4450 6116 5156
2912 2 2 1 1 4542 5644 4201
2913 2 2 1 1 3011 5378 3071
2914 2 2 1 1 2396 4647 2397
2915 2 2 1 1 2096 5294 2097
2916 2 2 1 1 3330 5012 5011
2917 2 2 1 1 3398 5746 1864
2918 2 2 1 1 1704 5588 4773
2919 2 2 1 1 2659 4557 3064
2920 2 2 1 1 4717 5767 2166
2921 2 2 1 1 5723 5823 4783
2922 2 2 1 1 4435 5986 5453
2923 2 2 1 1 1747 5220 1748
2924 2 2 1 1 1712 6149 4211
2925 2 2 1 1 3567 6012 5208
2926 2 2 1 1 4621 5844 4028
2927 2 2 1 1 3442 4626 1914
2928 2 2 1 1 4554 4784 3765
2929 2 2 1 1 3972 4863 3682
2930 2 2 1 1 5536 5844 4547
2931 2 2 1 1 4564 4891 3419
2932 2 2 1 1 4428 5641 4427
2933 2 2 1 1 4911 6042 5503
2934 2 2 1 1 5639 6194 5481
2935 2 2 1 1 2480 5071 3733
2936 2 2 1 1 4572 5977 4530
2937 2 2 1 1 4628 4630 3858
2938 2 2 1 1 3529 5774 3528
2939 2 2 1 1 1417 5520 4354
2940 2 2 1 1 3488 5688 2903
2941 2 2 1 1 5356 5454 3941
2942 2 2 1 1 3921 4860 4512
2943 2 2 1 1 4883 5251 2903
2944 2 2 1 1 4165 5889 5668
2945 2 2 1 1 877 6123 600
2946 2 2 1 1 4517 5363 3414
2947 2 2 1 1 4611 5121 2754
2948 2 2 1 1 4221 6108 347
2949 2 2 1 1 5625 5809 3870
2950 2 2 1 1 2040 4437 2025
2951 2 2 1 1 3610 4933 1850
2952 2 2 1 1 4464 5722 3750
2953 2 2 1 1 5400 6229 3860
2954 2 2 1 1 1767 4604 1754
2955 2 2 1 1 4328 5867 5343
2956 2 2 1 1 4102 5724 2580
2957 2 2 1 1 1858 5957 5872
2958 2 2 1 1 337 4172 86
2959 2 2 1 1 4778 5730 5388
2960 2 2 1 1 1331 4589 4157
2961 2 2 1 1 826 5212 827
2962 2 2 1 1 1478 5618 1479
2963 2 2 1 1 2772 5216 2771
2964 2 2 1 1 5335 5711 3774
2965 2 2 1 1 5245 6049 4618
2966 2 2 1 1 2668 4448 2666
2967 2 2 1 1 4321 5787 3922
2968 2 2 1 1 4766 6037 5537
2969 2 2 1 1 3794 5147 2502
2970 2 2 1 1 2805 5782 3473
2971 2 2 1 1 4594 5136 3782
2972 2 2 1 1 2115 4833 2113
2973 2 2 1 1 3111 2735 3112
2974 2 2 1 1 2134 6236 4631
2975 2 2 1 1 381 5307 382
2976 2 2 1 1 2235 5205 2553
2977 2 2 1 1 3893 4465 4044
2978 2 2 1 1 4385 5896 5805
2979 2 2 1 1 4327 5867 4328
2980 2 2 1 1 4961 5865 4539
2981 2 2 1 1 4884 5143 689
2982 2 2 1 1 5500 5897 4385
2983 2 2 1 1 4427 5641 4676
2984 2 2 1 1 4172 4382 87
2985 2 2 1 1 3511 5839 1672
2986 2 2 1 1 1909 6261 1910
2987 2 2 1 1 3167 4733 3168
2988 2 2 1 1 969 5011 4109
2989 2 2 1 1 4771 5711 5335
2990 2 2 1 1 2553 4819 2235
2991 2 2 1 1 383 746 384
2992 2 2 1 1 4301 5917 4965
2993 2 2 1 1 5237 5911 4970
2994 2 2 1 1 4965 5750 3796
2995 2 2 1 1 744 5738 3270
2996 2 2 1 1 2486 6076 1740
2997 2 2 1 1 3133 5672 5611
2998 2 2 1 1 4072 5046 1544
2999 2 2 1 1 5751 5867 1189
3000 2 2 1 1 257 3717 258
3001 2 2 1 1 5627 6143 3440
3002 2 2 1 1 3846 4968 4008
3003 2 2 1 1 4514 6189 5823
3004 2 2 1 1 2159 4433 3678
3005 2 2 1 1 2612 5754 2613
3006 2 2 1 1 1756 4346 4067
3007 2 2 1 1 1139 5681 5168
3008 2 2 1 1 1715 4725 3948
3009 2 2 1 1 4387 5656 3764
3010 2 2 1 1 4322 4575 2866
3011 2 2 1 1 639 6246 4487
3012 2 2 1 1 594 4236 595
3013 2 2 1 1 3712 6063 5389
3014 2 2 1 1 5748 5842 3298
3015 2 2 1 1 3642 6213 5370
3016 2 2 1 1 5287 6042 4913
3017 2 2 1 1 5388 5730 4671
3018 2 2 1 1 1508 4658 1509
3019 2 2 1 1 4389 5785 4137
3020 2 2 1 1 4690 6141 5413
3021 2 2 1 1 4054 5084 3906
3022 2 2 1 1 5912 6127 4143
3023 2 2 1 1 4663 5751 1188
3024 2 2 1 1 4628 5741 4630
3025 2 2 1 1 544 5191 4130
3026 2 2 1 1 5343 5867 5751
3027 2 2 1 1 5740 5827 4095
3028 2 2 1 1 3480 6109 5746
3029 2 2 1 1 5360 6090 3612
3030 2 2 1 1 5579 6009 2797
3031 2 2 1 1 3808 6153 4388
3032 2 2 1 1 3793 6222 5295
3033 2 2 1 1 3493 5684 2981
3034 2 2 1 1 1438 5379 4224
3035 2 2 1 1 4981 5579 2796
3036 2 2 1 1 3036 5367 3552
3037 2 2 1 1 4642 5460 5439
3038 2 2 1 1 5722 5723 4616
3039 2 2 1 1 3949 5593 4560
3040 2 2 1 1 1078 6246 5683
3041 2 2 1 1 4972 6168 5277
3042 2 2 1 1 4385 5805 3631
3043 2 2 1 1 5419 6075 4810
3044 2 2 1 1 1144 4869 672
3045 2 2 1 1 4038 5271 4438
3046 2 2 1 1 5254 6178 4793
3047 2 2 1 1 5746 6109 1864
3048 2 2 1 1 3258 5820 74
3049 2 2 1 1 3497 5553 3498
3050 2 2 1 1 3105 5554 3496
3051 2 2 1 1 3496 4309 3497
3052 2 2 1 1 5179 5704 4007
3053 2 2 1 1 5273 6041 4231
3054 2 2 1 1 5538 6239 4414
3055 2 2 1 1 806 5107 807
3056 2 2 1 1 3957 6281 5496
3057 2 2 1 1 2586 5241 2587
3058 2 2 1 1 3141 6096 3142
3059 2 2 1 1 3737 4645 4237
3060 2 2 1 1 356 4545 3993
3061 2 2 1 1 5196 5442 3938
3062 2 2 1 1 5034 5775 4426
3063 2 2 1 1 4715 5312 4222
3064 2 2 1 1 5546 5806 3980
3065 2 2 1 1 3346 5630 1233
3066 2 2 1 1 3403 4799 4019
3067 2 2 1 1 6204 6221 5104
3068 2 2 1 1 2642 5509 2643
3069 2 2 1 1 3255 5822 25
3070 2 2 1 1 568 4724 2598
3071 2 2 1 1 1233 5792 1234
3072 2 2 1 1 4016 5606 4268
3073 2 2 1 1 2928 4748 2929
3074 2 2 1 1 4226 5548 5429
3075 2 2 1 1 1240 4295 4292
3076 2 2 1 1 325 5102 512
3077 2 2 1 1 2989 4394 3651
3078 2 2 1 1 3574 5762 3573
3079 2 2 1 1 4831 5853 4533
3080 2 2 1 1 1272 5815 1273
3081 2 2 1 1 863 5179 4238
3082 2 2 1 1 1277 5802 1278
3083 2 2 1 1 6201 6275 4073
3084 2 2 1 1 4668 5421 3802
3085 2 2 1 1 5007 6132 5924
3086 2 2 1 1 4952 5818 4758
3087 2 2 1 1 4046 6006 5553
3088 2 2 1 1 4507 4668 3630
3089 2 2 1 1 3336 5408 1033
3090 2 2 1 1 4603 6065 4702
3091 2 2 1 1 5156 5785 4389
3092 2 2 1 1 2536 4715 4222
3093 2 2 1 1 1935 5160 4308
3094 2 2 1 1 4487 6246 4198
3095 2 2 1 1 4825 6196 5863
3096 2 2 1 1 2279 5233 4202
3097 2 2 1 1 3883 5460 5079
3098 2 2 1 1 3587 5667 4650
3099 2 2 1 1 3890 6052 1890
3100 2 2 1 1 4729 5627 3801
3101 2 2 1 1 4186 6237 4767
3102 2 2 1 1 3304 6246 639
3103 2 2 1 1 3913 5833 4651
3104 2 2 1 1 1235 5372 441
3105 2 2 1 1 2138 5363 5314
3106 2 2 1 1 4086 4674 1306
3107 2 2 1 1 3903 5416 3608
3108 2 2 1 1 3607 5416 4150
3109 2 2 1 1 5233 5833 4202
3110 2 2 1 1 5723 6033 4616
3111 2 2 1 1 4156 4349 314
3112 2 2 1 1 4697 6195 5027
3113 2 2 1 1 3751 5556 699
3114 2 2 1 1 893 4623 894
3115 2 2 1 1 4483 5404 4679
3116 2 2 1 1 3830 5877 4429
3117 2 2 1 1 5773 6086 2864
3118 2 2 1 1 543 5191 544
3119 2 2 1 1 5871 6036 5071
3120 2 2 1 1 4017 5432 4024
3121 2 2 1 1 5167 6013 3686
3122 2 2 1 1 4739 6116 4740
3123 2 2 1 1 4088 5626 4395
3124 2 2 1 1 4671 5710 5388
3125 2 2 1 1 4540 6088 5476
3126 2 2 1 1 4331 4367 861
3127 2 2 1 1 3298 5842 3299
3128 2 2 1 1 3057 4320 3939
3129 2 2 1 1 4125 5543 3154
3130 2 2 1 1 3964 5032 4960
3131 2 2 1 1 3862 4935 1940
3132 2 2 1 1 3028 5988 3476
3133 2 2 1 1 5315 6199 4529
3134 2 2 1 1 4082 5806 5546
3135 2 2 1 1 3838 6258 5778
3136 2 2 1 1 2843 5851 2842
3137 2 2 1 1 5259 5812 4808
3138 2 2 1 1 1402 5262 1151
3139 2 2 1 1 508 4672 4084
3140 2 2 1 1 3909 5883 4382
3141 2 2 1 1 5820 5963 74
3142 2 2 1 1 3909 4382 4172
3143 2 2 1 1 2847 4789 2846
3144 2 2 1 1 4120 4966 4229
3145 2 2 1 1 3371 6104 1521
3146 2 2 1 1 2143 5772 1551
3147 2 2 1 1 2573 4575 4322
3148 2 2 1 1 1641 5128 1642
3149 2 2 1 1 3800 5736 5285
3150 2 2 1 1 2287 6113 2288
3151 2 2 1 1 748 5193 4303
3152 2 2 1 1 1191 4581 1192
3153 2 2 1 1 4202 5833 3913
3154 2 2 1 1 2820 4401 3832
3155 2 2 1 1 4395 5626 2632
3156 2 2 1 1 1048 6183 5291
3157 2 2 1 1 4347 4986 3517
3158 2 2 1 1 1146 5279 1147
3159 2 2 1 1 419 4964 418
3160 2 2 1 1 3732 5816 4925
3161 2 2 1 1 3861 5812 5259
3162 2 2 1 1 5181 5991 4599
3163 2 2 1 1 2401 4688 2402
3164 2 2 1 1 5429 6231 6064
3165 2 2 1 1 3425 4148 2194
3166 2 2 1 1 2518 4465 3697
3167 2 2 1 1 5214 6223 4045
3168 2 2 1 1 3720 6001 5265
3169 2 2 1 1 2667 5003 3463
3170 2 2 1 1 5087 5950 3438
3171 2 2 1 1 346 5380 4221
3172 2 2 1 1 4548 5150 3646
3173 2 2 1 1 3258 5941 5820
3174 2 2 1 1 3745 5880 3836
3175 2 2 1 1 4605 6056 5286
3176 2 2 1 1 4491 5514 3656
3177 2 2 1 1 2417 6082 4267
3178 2 2 1 1 4399 5519 4926
3179 2 2 1 1 5401 5917 4301
3180 2 2 1 1 3520 3843 1012
3181 2 2 1 1 3521 6115 426
3182 2 2 1 1 5174 5858 4527
3183 2 2 1 1 4367 5704 5179
3184 2 2 1 1 4553 5899 5524
3185 2 2 1 1 3366 5642 3367
3186 2 2 1 1 1202 5054 1203
3187 2 2 1 1 5166 5649 2146
3188 2 2 1 1 4219 5071 2479
3189 2 2 1 1 912 4967 913
3190 2 2 1 1 4084 4380 508
3191 2 2 1 1 265 5038 3926
3192 2 2 1 1 3649 5651 5015
3193 2 2 1 1 4523 5032 3964
3194 2 2 1 1 4090 5522 4319
3195 2 2 1 1 5325 5676 3585
3196 2 2 1 1 4211 4722 1713
3197 2 2 1 1 5027 5889 4165
3198 2 2 1 1 5027 6195 5889
3199 2 2 1 1 5724 5725 3770
3200 2 2 1 1 4993 5896 4992
3201 2 2 1 1 5055 5955 3896
3202 2 2 1 1 5230 5671 183
3203 2 2 1 1 5386 6127 5387
3204 2 2 1 1 5481 6194 4943
3205 2 2 1 1 3618 5771 4765
3206 2 2 1 1 3863 5899 4553
3207 2 2 1 1 1410 4656 1395
3208 2 2 1 1 5955 6200 3896
3209 2 2 1 1 5148 5242 3190
3210 2 2 1 1 4308 5160 984
3211 2 2 1 1 4263 5279 4719
3212 2 2 1 1 1819 4843 1820
3213 2 2 1 1 4542 6283 5644
3214 2 2 1 1 5924 6132 3967
3215 2 2 1 1 208 5575 874
3216 2 2 1 1 3123 4920 4069
3217 2 2 1 1 1967 5407 1966
3218 2 2 1 1 4785 6129 5206
3219 2 2 1 1 5809 6228 3870
3220 2 2 1 1 3385 5911 1610
3221 2 2 1 1 6182 6257 4867
3222 2 2 1 1 4525 5002 3701
3223 2 2 1 1 2931 3773 2932
3224 2 2 1 1 2290 5904 4009
3225 2 2 1 1 1430 6010 1431
3226 2 2 1 1 4783 6189 4507
3227 2 2 1 1 3667 5669 4545
3228 2 2 1 1 2806 6181 3988
3229 2 2 1 1 5210 6228 5809
3230 2 2 1 1 4182 5948 3788
3231 2 2 1 1 5316 5625 3870
3232 2 2 1 1 219 4349 4156
3233 2 2 1 1 1097 5679 4376
3234 2 2 1 1 2281 5854 4261
3235 2 2 1 1 3873 4754 470
3236 2 2 1 1 4963 5818 4952
3237 2 2 1 1 3321 5701 3322
3238 2 2 1 1 5812 6082 2416
3239 2 2 1 1 5716 6097 5069
3240 2 2 1 1 926 6274 3319
3241 2 2 1 1 3588 5685 3587
3242 2 2 1 1 4994 5312 3140
3243 2 2 1 1 2346 6069 4509
3244 2 2 1 1 31 4768 4597
3245 2 2 1 1 4533 4585 4532
3246 2 2 1 1 214 5847 4941
3247 2 2 1 1 1793 4509 3925
3248 2 2 1 1 5805 5896 4993
3249 2 2 1 1 5535 5730 4778
3250 2 2 1 1 266 5400 5185
3251 2 2 1 1 3584 5680 2685
3252 2 2 1 1 1606 4442 4245
3253 2 2 1 1 5743 5902 4516
3254 2 2 1 1 4482 5780 4092
3255 2 2 1 1 2454 4688 4556
3256 2 2 1 1 5379 5605 719
3257 2 2 1 1 1674 5654 1675
3258 2 2 1 1 4037 5113 3973
3259 2 2 1 1 5069 6097 5067
3260 2 2 1 1 4537 5652 4536
3261 2 2 1 1 3731 5856 4977
3262 2 2 1 1 4595 6134 3822
3263 2 2 1 1 3306 5474 1174
3264 2 2 1 1 3806 4780 3856
3265 2 2 1 1 5446 5534 5407
3266 2 2 1 1 2736 4519 2737
3267 2 2 1 1 4977 5654 3731
3268 2 2 1 1 4321 6105 4179
3269 2 2 1 1 4813 5756 1131
3270 2 2 1 1 4464 5723 5722
3271 2 2 1 1 3755 4592 3305
3272 2 2 1 1 5215 5783 3936
3273 2 2 1 1 5385 6011 4912
3274 2 2 1 1 3699 5945 4839
3275 2 2 1 1 3842 5799 4823
3276 2 2 1 1 4299 5822 5101
3277 2 2 1 1 4470 5711 4771
3278 2 2 1 1 3069 5658 4063
3279 2 2 1 1 3250 4844 3824
3280 2 2 1 1 4424 6111 3079
3281 2 2 1 1 4114 5549 4453
3282 2 2 1 1 3849 4691 4594
3283 2 2 1 1 2259 5340 2260
3284 2 2 1 1 1153 4749 550
3285 2 2 1 1 3467 5921 4977
3286 2 2 1 1 3273 5460 5281
3287 2 2 1 1 4555 5763 4185
3288 2 2 1 1 3257 5941 3258
3289 2 2 1 1 4987 5552 3829
3290 2 2 1 1 4156 5861 220
3291 2 2 1 1 1187 4663 1188
3292 2 2 1 1 4350 4363 2204
3293 2 2 1 1 4944 5727 3339
3294 2 2 1 1 2251 5311 4483
3295 2 2 1 1 3257 5229 4409
3296 2 2 1 1 4107 5858 4979
3297 2 2 1 1 1519 1455 1520
3298 2 2 1 1 5142 5218 3694
3299 2 2 1 1 4909 5660 3372
3300 2 2 1 1 4648 5846 5450
3301 2 2 1 1 2783 4389 4137
3302 2 2 1 1 4549 5866 5150
3303 2 2 1 1 3240 4966 4120
3304 2 2 1 1 4283 5947 5863
3305 2 2 1 1 2943 6241 5058
3306 2 2 1 1 458 4836 459
3307 2 2 1 1 3438 5950 3439
3308 2 2 1 1 4352 4433 2158
3309 2 2 1 1 2814 3030 3029
3310 2 2 1 1 4024 5432 4986
3311 2 2 1 1 6187 6197 3819
3312 2 2 1 1 2526 5737 3557
3313 2 2 1 1 3663 5699 5190
3314 2 2 1 1 2608 4230 4027
3315 2 2 1 1 2137 5085 3414
3316 2 2 1 1 5780 5916 2562
3317 2 2 1 1 3856 4805 4080
3318 2 2 1 1 3855 5447 5436
3319 2 2 1 1 1541 4728 1542
3320 2 2 1 1 4414 5942 954
3321 2 2 1 1 3927 6219 4492
3322 2 2 1 1 1189 5867 1190
3323 2 2 1 1 3961 5818 4963
3324 2 2 1 1 4118 5962 3348
3325 2 2 1 1 3274 5776 2322
3326 2 2 1 1 3551 5435 3550
3327 2 2 1 1 4212 4791 3847
3328 2 2 1 1 3296 5949 602
3329 2 2 1 1 3956 6129 3338
3330 2 2 1 1 1367 216 1368
3331 2 2 1 1 4044 4273 3893
3332 2 2 1 1 3412 4195 3413
3333 2 2 1 1 3411 3960 3412
3334 2 2 1 1 4024 4986 4347
3335 2 2 1 1 4041 5330 5329
3336 2 2 1 1 3664 6180 5368
3337 2 2 1 1 3419 4318 2191
3338 2 2 1 1 3793 5180 4481
3339 2 2 1 1 3365 5952 1388
3340 2 2 1 1 4387 4531 2850
3341 2 2 1 1 4074 5679 1097
3342 2 2 1 1 1020 6058 4017
3343 2 2 1 1 4919 5783 5215
3344 2 2 1 1 4827 5555 3853
3345 2 2 1 1 1266 4750 1246
3346 2 2 1 1 2274 5609 5527
3347 2 2 1 1 4490 5750 3880
3348 2 2 1 1 4772 5774 4193
3349 2 2 1 1 4226 5429 3677
3350 2 2 1 1 4150 5716 5657
3351 2 2 1 1 3986 5814 5552
3352 2 2 1 1 372 4694 1727
3353 2 2 1 1 4153 5919 4527
3354 2 2 1 1 4237 4893 2707
3355 2 2 1 1 5381 5643 5595
3356 2 2 1 1 3787 4642 3812
3357 2 2 1 1 1401 5262 1402
3358 2 2 1 1 4496 5344 958
3359 2 2 1 1 3557 6198 2526
3360 2 2 1 1 4462 5468 4235
3361 2 2 1 1 3368 6005 1427
3362 2 2 1 1 5339 5747 4147
3363 2 2 1 1 1576 5305 1577
3364 2 2 1 1 3071 4936 3012
3365 2 2 1 1 4602 5532 845
3366 2 2 1 1 5644 5694 4201
3367 2 2 1 1 3596 5479 3595
3368 2 2 1 1 1572 4989 647
3369 2 2 1 1 3717 6128 5094
3370 2 2 1 1 2870 4518 3610
3371 2 2 1 1 4466 4878 3888
3372 2 2 1 1 2691 6047 1958
3373 2 2 1 1 3348 5962 3349
3374 2 2 1 1 5101 5822 5798
3375 2 2 1 1 4152 6042 5287
3376 2 2 1 1 1885 5037 1886
3377 2 2 1 1 4299 4731 994
3378 2 2 1 1 371 4694 372
3379 2 2 1 1 3629 3971 3709
3380 2 2 1 1 4204 5212 5012
3381 2 2 1 1 3753 4515 104
3382 2 2 1 1 3292 5486 536
3383 2 2 1 1 3947 5542 2467
3384 2 2 1 1 760 5743 4516
3385 2 2 1 1 4443 4607 2997
3386 2 2 1 1 5076 6102 5337
3387 2 2 1 1 2399 4538 2400
3388 2 2 1 1 925 5610 4974
3389 2 2 1 1 3323 5455 4154
3390 2 2 1 1 2309 4790 2310
3391 2 2 1 1 4462 6240 5468
3392 2 2 1 1 4624 5877 4917
3393 2 2 1 1 4489 5026 3839
3394 2 2 1 1 5139 5321 3737
3395 2 2 1 1 3794 4468 4128
3396 2 2 1 1 718 5487 5379
3397 2 2 1 1 1391 1390 3450
3398 2 2 1 1 4285 5119 3005
3399 2 2 1 1 4685 6284 4638
3400 2 2 1 1 5150 6169 5151
3401 2 2 1 1 4235 5825 4456
3402 2 2 1 1 4015 4870 3764
3403 2 2 1 1 144 5892 5712
3404 2 2 1 1 4630 6231 5458
3405 2 2 1 1 2230 5390 2231
3406 2 2 1 1 3482 6282 3483
3407 2 2 1 1 1337 5365 1336
3408 2 2 1 1 1403 1151 1150
3409 2 2 1 1 4593 6175 5096
3410 2 2 1 1 3172 4727 3173
3411 2 2 1 1 4438 5803 4646
3412 2 2 1 1 4526 4954 3780
3413 2 2 1 1 810 6142 5638
3414 2 2 1 1 40 5383 4835
3415 2 2 1 1 3818 6134 4959
3416 2 2 1 1 2720 4479 3829
3417 2 2 1 1 3953 5989 4388
3418 2 2 1 1 5369 5370 2265
3419 2 2 1 1 4147 5747 3660
3420 2 2 1 1 605 5910 4795
3421 2 2 1 1 4499 5041 3814
3422 2 2 1 1 5439 5460 3272
3423 2 2 1 1 4482 6087 5916
3424 2 2 1 1 5482 5742 3688
3425 2 2 1 1 322 4311 4085
3426 2 2 1 1 3238 4384 3631
3427 2 2 1 1 3591 5999 1040
3428 2 2 1 1 3929 5951 5334
3429 2 2 1 1 4143 6127 5386
3430 2 2 1 1 4142 5382 3707
3431 2 2 1 1 5107 5238 4316
3432 2 2 1 1 2515 2569 2568
3433 2 2 1 1 5652 5788 5448
3434 2 2 1 1 5293 5958 4446
3435 2 2 1 1 3715 5385 4912
3436 2 2 1 1 3411 5208 3960
3437 2 2 1 1 1346 6070 1347
3438 2 2 1 1 4460 4957 2705
3439 2 2 1 1 5551 5718 5393
3440 2 2 1 1 2390 4723 2391
3441 2 2 1 1 4391 5473 2149
3442 2 2 1 1 5288 5924 3599
3443 2 2 1 1 3743 5478 5116
3444 2 2 1 1 2095 4643 4326
3445 2 2 1 1 4282 4283 3669
3446 2 2 1 1 4403 5730 5535
3447 2 2 1 1 2571 4558 4199
3448 2 2 1 1 4416 4847 1477
3449 2 2 1 1 3112 2735 2734
3450 2 2 1 1 1246 4750 1247
3451 2 2 1 1 2804 4667 4339
3452 2 2 1 1 4268 5606 3845
3453 2 2 1 1 4398 5614 2076
3454 2 2 1 1 5643 6116 4450
3455 2 2 1 1 5542 5661 2468
3456 2 2 1 1 3249 5602 4844
3457 2 2 1 1 5273 5819 3771
3458 2 2 1 1 552 4628 3858
3459 2 2 1 1 1526 5126 4134
3460 2 2 1 1 5274 6041 5273
3461 2 2 1 1 4381 5225 2570
3462 2 2 1 1 4351 4896 1999
3463 2 2 1 1 5795 6059 924
3464 2 2 1 1 3236 4435 3675
3465 2 2 1 1 1480 5434 1481
3466 2 2 1 1 4011 5708 4875
3467 2 2 1 1 609 4290 4173
3468 2 2 1 1 1922 4934 3341
3469 2 2 1 1 4438 5757 4038
3470 2 2 1 1 4402 5113 627
3471 2 2 1 1 3677 6064 4332
3472 2 2 1 1 4718 5472 3928
3473 2 2 1 1 5694 5765 4201
3474 2 2 1 1 1962 4704 1961
3475 2 2 1 1 510 4264 3882
3476 2 2 1 1 2372 4905 1732
3477 2 2 1 1 1948 4273 2565
3478 2 2 1 1 2672 5149 2687
3479 2 2 1 1 3226 4733 3227
3480 2 2 1 1 5580 5581 4093
3481 2 2 1 1 4931 5629 4266
3482 2 2 1 1 2618 4538 2399
3483 2 2 1 1 3414 5085 4517
3484 2 2 1 1 1775 5232 1776
3485 2 2 1 1 4823 5799 5056
3486 2 2 1 1 4408 6265 4076
3487 2 2 1 1 2848 6235 2982
3488 2 2 1 1 4804 6276 5600
3489 2 2 1 1 2575 4454 3989
3490 2 2 1 1 243 4866 244
3491 2 2 1 1 3134 6090 3138
3492 2 2 1 1 5495 6127 5912
3493 2 2 1 1 2864 6086 3482
3494 2 2 1 1 4738 5749 5713
3495 2 2 1 1 4709 6077 4708
3496 2 2 1 1 3906 5562 4054
3497 2 2 1 1 2961 5385 2962
3498 2 2 1 1 4913 6042 4911
3499 2 2 1 1 4406 5452 55
3500 2 2 1 1 783 5803 3779
3501 2 2 1 1 2662 5935 3062
3502 2 2 1 1 5719 5846 3202
3503 2 2 1 1 4282 5947 4283
3504 2 2 1 1 3277 5216 4974
3505 2 2 1 1 4489 5862 4274
3506 2 2 1 1 4331 5270 4367
3507 2 2 1 1 3961 4963 1107
3508 2 2 1 1 5478 5902 4873
3509 2 2 1 1 3844 5871 5071
3510 2 2 1 1 5323 6091 1624
3511 2 2 1 1 4341 5113 4037
3512 2 2 1 1 502 4413 3785
3513 2 2 1 1 4128 4468 2727
3514 2 2 1 1 3781 5010 4176
3515 2 2 1 1 4824 4825 4102
3516 2 2 1 1 902 901 764
3517 2 2 1 1 3243 5140 3173
3518 2 2 1 1 2925 6272 5121
3519 2 2 1 1 3320 5547 2774
3520 2 2 1 1 2537 5316 3870
3521 2 2 1 1 530 4472 3694
3522 2 2 1 1 4043 5963 5064
3523 2 2 1 1 421 5506 4181
3524 2 2 1 1 3963 5041 4499
3525 2 2 1 1 3750 5224 2298
3526 2 2 1 1 5062 6093 4938
3527 2 2 1 1 279 4746 280
3528 2 2 1 1 3338 6129 3339
3529 2 2 1 1 3996 4884 3804
3530 2 2 1 1 4651 6031 4976
3531 2 2 1 1 4950 5149 2671
3532 2 2 1 1 3907 5325 4650
3533 2 2 1 1 3109 5347 3110
3534 2 2 1 1 3440 6143 3441
3535 2 2 1 1 3424 5677 3425
3536 2 2 1 1 2193 3967 3424
3537 2 2 1 1 5852 5995 4755
3538 2 2 1 1 101 4818 102
3539 2 2 1 1 4533 5853 4585
3540 2 2 1 1 4252 4573 3727
3541 2 2 1 1 5785 6060 4137
3542 2 2 1 1 5324 6252 4353
3543 2 2 1 1 3734 5279 4720
3544 2 2 1 1 5153 5752 3706
3545 2 2 1 1 5126 5440 4606
3546 2 2 1 1 2399 5647 2618
3547 2 2 1 1 203 5302 204
3548 2 2 1 1 4421 6071 3334
3549 2 2 1 1 2197 4915 4187
3550 2 2 1 1 3833 5671 5230
3551 2 2 1 1 3453 6177 3454
3552 2 2 1 1 5449 5883 4040
3553 2 2 1 1 3673 4661 3758
3554 2 2 1 1 5436 5447 5013
3555 2 2 1 1 4246 5992 4301
3556 2 2 1 1 5775 6004 4870
3557 2 2 1 1 4486 5694 3923
3558 2 2 1 1 4106 5269 2723
3559 2 2 1 1 1395 4656 713
3560 2 2 1 1 3494 4091 2984
3561 2 2 1 1 2288 6113 4931
3562 2 2 1 1 3167 4882 4733
3563 2 2 1 1 4800 6015 3821
3564 2 2 1 1 1406 4816 4501
3565 2 2 1 1 1737 4452 2262
3566 2 2 1 1 4822 5918 5714
3567 2 2 1 1 5714 5918 4838
3568 2 2 1 1 3474 6181 2806
3569 2 2 1 1 4556 4688 2401
3570 2 2 1 1 1190 5867 4327
3571 2 2 1 1 647 4989 648
3572 2 2 1 1 3319 5547 3320
3573 2 2 1 1 5244 5369 2264
3574 2 2 1 1 3940 6252 3576
3575 2 2 1 1 3626 5612 3465
3576 2 2 1 1 2699 6137 2700
3577 2 2 1 1 3836 4570 3745
3578 2 2 1 1 3729 5436 5013
3579 2 2 1 1 5657 5716 5000
3580 2 2 1 1 3598 5655 3597
3581 2 2 1 1 94 4079 4075
3582 2 2 1 1 3819 6197 5155
3583 2 2 1 1 2028 5879 5284
3584 2 2 1 1 707 4427 3898
3585 2 2 1 1 3658 6151 5077
3586 2 2 1 1 3349 5962 5049
3587 2 2 1 1 1156 5031 1157
3588 2 2 1 1 3548 6251 3547
3589 2 2 1 1 711 5548 5092
3590 2 2 1 1 3738 5449 5060
3591 2 2 1 1 5568 6224 5162
3592 2 2 1 1 5314 5363 2437
3593 2 2 1 1 5277 6168 3978
3594 2 2 1 1 4015 5528 5146
3595 2 2 1 1 4168 5852 5798
3596 2 2 1 1 4238 5053 863
3597 2 2 1 1 2376 4833 2377
3598 2 2 1 1 3716 4343 4105
3599 2 2 1 1 2729 5761 2902
3600 2 2 1 1 5842 6061 3299
3601 2 2 1 1 2784 5250 433
3602 2 2 1 1 3692 4449 4255
3603 2 2 1 1 4098 5711 4470
3604 2 2 1 1 3193 5912 4143
3605 2 2 1 1 3263 5985 5519
3606 2 2 1 1 4832 5604 3684
3607 2 2 1 1 47 4142 3707
3608 2 2 1 1 3693 5816 5607
3609 2 2 1 1 2455 4556 4016
3610 2 2 1 1 2732 5483 4372
3611 2 2 1 1 4568 4756 3043
3612 2 2 1 1 529 6192 4885
3613 2 2 1 1 2611 4432 4351
3614 2 2 1 1 2219 4324 2220
3615 2 2 1 1 5798 5822 3255
3616 2 2 1 1 4434 5457 288
3617 2 2 1 1 2714 5424 3533
3618 2 2 1 1 2984 4138 3493
3619 2 2 1 1 451 5345 452
3620 2 2 1 1 4478 5148 3190
3621 2 2 1 1 4308 4982 1936
3622 2 2 1 1 4183 5364 527
3623 2 2 1 1 2247 4801 2248
3624 2 2 1 1 4231 6041 5362
3625 2 2 1 1 3637 5292 5182
3626 2 2 1 1 4977 5920 2695
3627 2 2 1 1 4787 4858 4393
3628 2 2 1 1 4507 6189 5421
3629 2 2 1 1 2382 6026 2383
3630 2 2 1 1 4597 4768 759
3631 2 2 1 1 3086 5824 3073
3632 2 2 1 1 244 4866 254
3633 2 2 1 1 1943 4834 1944
3634 2 2 1 1 4299 5101 4731
3635 2 2 1 1 5492 5814 4751
3636 2 2 1 1 5579 6182 4867
3637 2 2 1 1 277 6050 4166
3638 2 2 1 1 1294 4781 1293
3639 2 2 1 1 471 4754 790
3640 2 2 1 1 3761 5201 4567
3641 2 2 1 1 4137 6060 3589
3642 2 2 1 1 3944 5420 4578
3643 2 2 1 1 3879 5608 2189
3644 2 2 1 1 4178 5347 2675
3645 2 2 1 1 5016 5571 4118
3646 2 2 1 1 4416 6166 3840
3647 2 2 1 1 3833 6006 5671
3648 2 2 1 1 3886 4876 3380
3649 2 2 1 1 5519 5985 4926
3650 2 2 1 1 5284 5879 3908
3651 2 2 1 1 1482 5967 98
3652 2 2 1 1 2731 5483 2732
3653 2 2 1 1 2588 6171 4187
3654 2 2 1 1 5410 6070 1346
3655 2 2 1 1 4629 5922 1227
3656 2 2 1 1 4128 5147 3794
3657 2 2 1 1 2414 5841 4249
3658 2 2 1 1 823 4852 4369
3659 2 2 1 1 3655 6269 5961
3660 2 2 1 1 5616 5781 4130
3661 2 2 1 1 2909 4329 2910
3662 2 2 1 1 3928 6223 5214
3663 2 2 1 1 3980 5806 4848
3664 2 2 1 1 5077 6151 4941
3665 2 2 1 1 5741 6064 4630
3666 2 2 1 1 3471 5268 3459
3667 2 2 1 1 5348 6193 4676
3668 2 2 1 1 4838 5918 5413
3669 2 2 1 1 5798 5852 5101
3670 2 2 1 1 1946 5192 3893
3671 2 2 1 1 3756 4627 4472
3672 2 2 1 1 3419 4891 4318
3673 2 2 1 1 3739 4455 4454
3674 2 2 1 1 3147 5581 3931
3675 2 2 1 1 4159 6179 5972
3676 2 2 1 1 4432 4896 4351
3677 2 2 1 1 5458 6193 5348
3678 2 2 1 1 4902 5581 4598
3679 2 2 1 1 433 4687 2784
3680 2 2 1 1 5088 6208 1435
3681 2 2 1 1 4737 4738 3811
3682 2 2 1 1 3080 6111 5533
3683 2 2 1 1 4986 5432 932
3684 2 2 1 1 3665 5965 4407
3685 2 2 1 1 3675 4386 4384
3686 2 2 1 1 3322 5701 5455
3687 2 2 1 1 3636 4450 4389
3688 2 2 1 1 895 5299 880
3689 2 2 1 1 3432 4541 3433
3690 2 2 1 1 5695 5788 5652
3691 2 2 1 1 3678 4473 4391
3692 2 2 1 1 5391 6158 3872
3693 2 2 1 1 3173 4727 3243
3694 2 2 1 1 4039 6128 5320
3695 2 2 1 1 4035 5082 4401
3696 2 2 1 1 3968 4403 4402
3697 2 2 1 1 5078 5114 3735
3698 2 2 1 1 4138 4732 3493
3699 2 2 1 1 3665 4407 4406
3700 2 2 1 1 3892 5286 4410
3701 2 2 1 1 5344 5855 4126
3702 2 2 1 1 3785 5481 4943
3703 2 2 1 1 4927 5749 3638
3704 2 2 1 1 5104 6221 4004
3705 2 2 1 1 2849 6235 2848
3706 2 2 1 1 4595 5828 4170
3707 2 2 1 1 4858 5908 4393
3708 2 2 1 1 773 5134 1721
3709 2 2 1 1 3541 6038 3540
3710 2 2 1 1 3666 5765 5694
3711 2 2 1 1 2544 5744 2543
3712 2 2 1 1 2493 4683 1447
3713 2 2 1 1 4241 5748 4897
3714 2 2 1 1 3644 4428 4427
3715 2 2 1 1 3739 5797 4705
3716 2 2 1 1 4740 6116 5643
3717 2 2 1 1 4937 6282 6086
3718 2 2 1 1 3685 5850 4549
3719 2 2 1 1 2675 4519 4178
3720 2 2 1 1 100 5982 1497
3721 2 2 1 1 4014 6219 3927
3722 2 2 1 1 2365 5502 1869
3723 2 2 1 1 5713 5749 4927
3724 2 2 1 1 1392 4791 1393
3725 2 2 1 1 1998 5754 4351
3726 2 2 1 1 1101 5335 3774
3727 2 2 1 1 3743 5902 5478
3728 2 2 1 1 741 5515 742
3729 2 2 1 1 3696 6258 5771
3730 2 2 1 1 3609 6062 3903
3731 2 2 1 1 594 4684 4236
3732 2 2 1 1 2886 4155 3807
3733 2 2 1 1 3884 6043 4943
3734 2 2 1 1 4023 5291 5282
3735 2 2 1 1 2972 5404 2971
3736 2 2 1 1 5514 6170 3656
3737 2 2 1 1 5141 5815 246
3738 2 2 1 1 555 5332 4002
3739 2 2 1 1 3708 5000 4999
3740 2 2 1 1 3725 6162 4229
3741 2 2 1 1 3337 6268 1068
3742 2 2 1 1 4464 5823 5723
3743 2 2 1 1 2084 4451 4443
3744 2 2 1 1 3669 5546 3980
3745 2 2 1 1 1835 5649 5166
3746 2 2 1 1 2796 5469 4981
3747 2 2 1 1 3499 5755 5304
3748 2 2 1 1 3650 6288 5499
3749 2 2 1 1 4588 6023 5384
3750 2 2 1 1 152 5519 4400
3751 2 2 1 1 4058 6012 3568
3752 2 2 1 1 3216 4012 3217
3753 2 2 1 1 3695 4580 4579
3754 2 2 1 1 3575 5324 2974
3755 2 2 1 1 5092 5548 4226
3756 2 2 1 1 4796 5235 4906
3757 2 2 1 1 3864 4842 4481
3758 2 2 1 1 4447 6069 2345
3759 2 2 1 1 4573 5013 3727
3760 2 2 1 1 1725 4662 1726
3761 2 2 1 1 990 6264 4644
3762 2 2 1 1 4627 6249 5482
3763 2 2 1 1 5479 5728 3104
3764 2 2 1 1 3733 5174 4527
3765 2 2 1 1 3695 6009 4867
3766 2 2 1 1 3712 5704 5270
3767 2 2 1 1 834 5550 4437
3768 2 2 1 1 4417 4881 3792
3769 2 2 1 1 3927 4492 4491
3770 2 2 1 1 1242 5016 4118
3771 2 2 1 1 79 4453 4039
3772 2 2 1 1 3824 5986 4435
3773 2 2 1 1 1085 5436 1086
3774 2 2 1 1 4146 6073 5522
3775 2 2 1 1 4806 5602 3900
3776 2 2 1 1 5671 6006 4046
3777 2 2 1 1 4274 5862 3933
3778 2 2 1 1 5918 6286 4690
3779 2 2 1 1 4469 6193 5458
3780 2 2 1 1 1234 5792 5118
3781 2 2 1 1 3335 5663 3336
3782 2 2 1 1 2234 5981 1620
3783 2 2 1 1 3955 6152 3625
3784 2 2 1 1 3785 6215 5481
3785 2 2 1 1 3301 6028 5417
3786 2 2 1 1 3674 4886 4525
3787 2 2 1 1 3641 4529 4528
3788 2 2 1 1 4867 6257 4580
3789 2 2 1 1 2700 6137 3539
3790 2 2 1 1 4758 6269 4406
3791 2 2 1 1 3686 4831 4533
3792 2 2 1 1 651 5406 652
3793 2 2 1 1 3917 5731 5246
3794 2 2 1 1 117 5697 5696
3795 2 2 1 1 3557 5737 3556
3796 2 2 1 1 4994 5542 3947
3797 2 2 1 1 4342 6036 5871
3798 2 2 1 1 4747 4932 1882
3799 2 2 1 1 2299 5224 4355
3800 2 2 1 1 4606 5838 1325
3801 2 2 1 1 3246 2653 3247
3802 2 2 1 1 4554 6173 4784
3803 2 2 1 1 4805 5562 4080
3804 2 2 1 1 4278 5943 2655
3805 2 2 1 1 1839 5601 5220
3806 2 2 1 1 2759 5180 4049
3807 2 2 1 1 5210 5809 3702
3808 2 2 1 1 3170 5521 3171
3809 2 2 1 1 411 5318 412
3810 2 2 1 1 3215 5411 3216
3811 2 2 1 1 545 5942 4414
3812 2 2 1 1 1623 6185 5323
3813 2 2 1 1 3269 1255 1254
3814 2 2 1 1 4923 5605 1436
3815 2 2 1 1 4470 4771 3873
3816 2 2 1 1 3539 4300 1968
3817 2 2 1 1 5193 5234 3887
3818 2 2 1 1 5175 6197 3882
3819 2 2 1 1 3952 6048 5769
3820 2 2 1 1 3344 4741 3961
3821 2 2 1 1 5413 6000 3691
3822 2 2 1 1 5725 5863 5151
3823 2 2 1 1 5388 5613 3648
3824 2 2 1 1 4934 5223 3885
3825 2 2 1 1 4255 6243 5632
3826 2 2 1 1 5466 5899 3863
3827 2 2 1 1 3683 6056 5969
3828 2 2 1 1 3340 5727 1924
3829 2 2 1 1 4440 5913 4441
3830 2 2 1 1 5683 5888 1079
3831 2 2 1 1 3951 4189 1545
3832 2 2 1 1 5458 6231 4469
3833 2 2 1 1 4938 6074 3652
3834 2 2 1 1 5029 5236 2108
3835 2 2 1 1 5047 5792 1180
3836 2 2 1 1 4705 5797 5779
3837 2 2 1 1 4217 6100 4637
3838 2 2 1 1 5113 6255 3973
3839 2 2 1 1 401 5504 402
3840 2 2 1 1 3744 4426 3962
3841 2 2 1 1 4203 5701 4695
3842 2 2 1 1 273 5665 4289
3843 2 2 1 1 3917 5245 4618
3844 2 2 1 1 2442 5097 2443
3845 2 2 1 1 3887 5674 5193
3846 2 2 1 1 5824 5853 4425
3847 2 2 1 1 4392 4393 4056
3848 2 2 1 1 5795 5831 4181
3849 2 2 1 1 2735 4178 2736
3850 2 2 1 1 4229 6162 4120
3851 2 2 1 1 3997 5039 4669
3852 2 2 1 1 3430 5241 3431
3853 2 2 1 1 2648 4608 2649
3854 2 2 1 1 4397 4614 3753
3855 2 2 1 1 5448 5788 2404
3856 2 2 1 1 3640 4421 999
3857 2 2 1 1 3587 5685 5667
3858 2 2 1 1 4575 5773 2865
3859 2 2 1 1 5008 6029 13
3860 2 2 1 1 3832 6141 5829
3861 2 2 1 1 2697 5430 2696
3862 2 2 1 1 328 6094 5903
3863 2 2 1 1 3549 6145 3548
3864 2 2 1 1 4855 5945 3699
3865 2 2 1 1 4961 6265 5865
3866 2 2 1 1 5865 6265 4408
3867 2 2 1 1 430 6035 434
3868 2 2 1 1 4418 5442 4411
3869 2 2 1 1 1299 5533 1300
3870 2 2 1 1 5615 5874 3805
3871 2 2 1 1 5211 5222 4169
3872 2 2 1 1 2227 5562 2228
3873 2 2 1 1 2032 5371 2033
3874 2 2 1 1 1110 5567 1111
3875 2 2 1 1 4083 4797 985
3876 2 2 1 1 1542 5566 1543
3877 2 2 1 1 3743 5116 762
3878 2 2 1 1 3952 5769 1142
3879 2 2 1 1 415 6242 428
3880 2 2 1 1 4664 4798 3746
3881 2 2 1 1 3809 5315 4855
3882 2 2 1 1 753 5607 224
3883 2 2 1 1 1978 5437 1977
3884 2 2 1 1 4420 5009 3754
3885 2 2 1 1 4312 5976 1591
3886 2 2 1 1 2526 6198 2527
3887 2 2 1 1 4742 5907 5536
3888 2 2 1 1 4240 5015 4378
3889 2 2 1 1 3969 5629 4931
3890 2 2 1 1 4242 5686 68
3891 2 2 1 1 4388 6154 3953
3892 2 2 1 1 3622 5611 2356
3893 2 2 1 1 4049 4857 2759
3894 2 2 1 1 4327 4581 1191
3895 2 2 1 1 2584 5459 2585
3896 2 2 1 1 4560 4677 3949
3897 2 2 1 1 3715 4911 4910
3898 2 2 1 1 5285 5950 5087
3899 2 2 1 1 493 5004 494
3900 2 2 1 1 3903 6062 5882
3901 2 2 1 1 395 5880 4955
3902 2 2 1 1 5429 5548 3982
3903 2 2 1 1 4065 5130 1754
3904 2 2 1 1 1270 3266 1271
3905 2 2 1 1 2225 4192 2226
3906 2 2 1 1 4004 6221 5422
3907 2 2 1 1 5076 5337 1440
3908 2 2 1 1 4968 5222 4008
3909 2 2 1 1 266 6229 5400
3910 2 2 1 1 3895 5830 5213
3911 2 2 1 1 5492 6275 6201
3912 2 2 1 1 1562 5024 1753
3913 2 2 1 1 4184 5673 3738
3914 2 2 1 1 4216 5036 646
3915 2 2 1 1 5193 6220 4304
3916 2 2 1 1 4440 4441 3877
3917 2 2 1 1 3636 5980 4450
3918 2 2 1 1 662 5110 1488
3919 2 2 1 1 6061 6254 3299
3920 2 2 1 1 1727 5810 372
3921 2 2 1 1 2358 5531 2359
3922 2 2 1 1 207 5868 5375
3923 2 2 1 1 3191 5242 3192
3924 2 2 1 1 2674 5347 4132
3925 2 2 1 1 4957 5964 5446
3926 2 2 1 1 4354 5467 1418
3927 2 2 1 1 4489 5959 3040
3928 2 2 1 1 4826 5039 3997
3929 2 2 1 1 4571 4605 3723
3930 2 2 1 1 704 4927 3638
3931 2 2 1 1 5018 6202 3993
3932 2 2 1 1 3996 5143 4884
3933 2 2 1 1 1047 6183 1048
3934 2 2 1 1 4246 4301 3796
3935 2 2 1 1 4481 5180 2922
3936 2 2 1 1 3413 4466 4121
3937 2 2 1 1 5527 5609 5165
3938 2 2 1 1 4697 5815 5141
3939 2 2 1 1 4154 5731 3324
3940 2 2 1 1 3823 4643 2094
3941 2 2 1 1 4878 5352 3888
3942 2 2 1 1 2591 5797 3739
3943 2 2 1 1 4571 5969 4605
3944 2 2 1 1 3251 6280 3512
3945 2 2 1 1 3688 5742 4486
3946 2 2 1 1 4295 6046 231
3947 2 2 1 1 4690 6286 3651
3948 2 2 1 1 4810 6143 4729
3949 2 2 1 1 3935 4047 1408
3950 2 2 1 1 2638 4561 2639
3951 2 2 1 1 4566 6031 5833
3952 2 2 1 1 5315 5977 4855
3953 2 2 1 1 5652 6011 3657
3954 2 2 1 1 1099 5790 4511
3955 2 2 1 1 4646 5803 3730
3956 2 2 1 1 5038 6195 3926
3957 2 2 1 1 4121 4466 3389
3958 2 2 1 1 4755 5995 5008
3959 2 2 1 1 3459 5559 3471
3960 2 2 1 1 5782 6222 4842
3961 2 2 1 1 5818 5961 4758
3962 2 2 1 1 5294 5983 3722
3963 2 2 1 1 4379 5359 3560
3964 2 2 1 1 5659 6075 5419
3965 2 2 1 1 1383 5501 1384
3966 2 2 1 1 4527 5919 2482
3967 2 2 1 1 4475 5343 3942
3968 2 2 1 1 4406 6269 5452
3969 2 2 1 1 5391 5527 5165
3970 2 2 1 1 5505 5862 3839
3971 2 2 1 1 2578 4269 4110
3972 2 2 1 1 4461 6138 3905
3973 2 2 1 1 4753 5026 4135
3974 2 2 1 1 1708 5524 1709
3975 2 2 1 1 6239 6249 4627
3976 2 2 1 1 4536 5652 3740
3977 2 2 1 1 4674 6138 4712
3978 2 2 1 1 5192 6031 4566
3979 2 2 1 1 4827 5447 3855
3980 2 2 1 1 3914 5466 132
3981 2 2 1 1 3463 5003 175
3982 2 2 1 1 3650 5499 5477
3983 2 2 1 1 4676 6193 3898
3984 2 2 1 1 3773 5539 5056
3985 2 2 1 1 2195 6062 3609
3986 2 2 1 1 4659 5345 451
3987 2 2 1 1 4543 5961 4544
3988 2 2 1 1 506 5520 507
3989 2 2 1 1 5434 5909 4087
3990 2 2 1 1 3872 5527 5391
3991 2 2 1 1 5446 5964 5534
3992 2 2 1 1 729 6243 5474
3993 2 2 1 1 3974 4761 2506
3994 2 2 1 1 3736 5672 3135
3995 2 2 1 1 4063 5468 4485
3996 2 2 1 1 4726 6210 3991
3997 2 2 1 1 4363 5501 3434
3998 2 2 1 1 4437 5550 2025
3999 2 2 1 1 5155 6197 5175
4000 2 2 1 1 661 5110 662
4001 2 2 1 1 4997 5646 3415
4002 2 2 1 1 4062 6003 4215
4003 2 2 1 1 4108 5482 3688
4004 2 2 1 1 5615 6088 4097
4005 2 2 1 1 4398 6088 5615
4006 2 2 1 1 4159 5972 5501
4007 2 2 1 1 4332 5262 1401
4008 2 2 1 1 5117 5878 830
4009 2 2 1 1 4035 5410 5082
4010 2 2 1 1 1409 5591 1410
4011 2 2 1 1 5961 6269 4758
4012 2 2 1 1 3592 5276 3254
4013 2 2 1 1 4062 4215 2462
4014 2 2 1 1 2311 5624 2294
4015 2 2 1 1 8 5374 9
4016 2 2 1 1 3848 4976 4834
4017 2 2 1 1 4287 6251 6145
4018 2 2 1 1 4365 6100 4689
4019 2 2 1 1 4181 6059 5795
4020 2 2 1 1 2632 5626 2621
4021 2 2 1 1 1418 5467 1419
4022 2 2 1 1 3954 5591 4022
4023 2 2 1 1 4632 5298 98
4024 2 2 1 1 1838 5832 4189
4025 2 2 1 1 3851 5817 4177
4026 2 2 1 1 1594 4876 4666
4027 2 2 1 1 2750 5570 2751
4028 2 2 1 1 5227 6021 5913
4029 2 2 1 1 776 5300 1058
4030 2 2 1 1 4789 5817 3851
4031 2 2 1 1 1791 5573 1792
4032 2 2 1 1 3988 5714 4838
4033 2 2 1 1 3716 6053 4343
4034 2 2 1 1 526 4183 527
4035 2 2 1 1 1604 1603 692
4036 2 2 1 1 4029 5020 896
4037 2 2 1 1 1511 4757 4373
4038 2 2 1 1 71 4484 2363
4039 2 2 1 1 5492 6201 3718
4040 2 2 1 1 1432 6010 1658
4041 2 2 1 1 1866 5425 1865
4042 2 2 1 1 4586 6046 5707
4043 2 2 1 1 3965 5672 4447
4044 2 2 1 1 3957 5496 3823
4045 2 2 1 1 3472 5559 2637
4046 2 2 1 1 4583 6150 3262
4047 2 2 1 1 2204 6247 4350
4048 2 2 1 1 4815 6149 1711
4049 2 2 1 1 4505 4506 3630
4050 2 2 1 1 5442 6022 4411
4051 2 2 1 1 1693 5255 5049
4052 2 2 1 1 3806 3856 2965
4053 2 2 1 1 916 4491 3656
4054 2 2 1 1 1106 6253 4741
4055 2 2 1 1 3733 6036 5174
4056 2 2 1 1 5227 5913 4440
4057 2 2 1 1 3760 6283 4542
4058 2 2 1 1 4004 5169 161
4059 2 2 1 1 4513 4514 3654
4060 2 2 1 1 4091 6211 2984
4061 2 2 1 1 2267 5495 2268
4062 2 2 1 1 1561 5024 1562
4063 2 2 1 1 5307 6220 3311
4064 2 2 1 1 1155 5497 1156
4065 2 2 1 1 1453 4826 4335
4066 2 2 1 1 1956 5612 3626
4067 2 2 1 1 2967 5311 2249
4068 2 2 1 1 1345 5123 3554
4069 2 2 1 1 486 5392 487
4070 2 2 1 1 4859 6102 3759
4071 2 2 1 1 4635 5833 5233
4072 2 2 1 1 5398 5467 3884
4073 2 2 1 1 3800 5285 5087
4074 2 2 1 1 5138 5398 4233
4075 2 2 1 1 4360 5154 1069
4076 2 2 1 1 2984 6211 4138
4077 2 2 1 1 3724 5629 4703
4078 2 2 1 1 3673 5915 5426
4079 2 2 1 1 2607 4267 4230
4080 2 2 1 1 1196 4520 1197
4081 2 2 1 1 4959 5588 1703
4082 2 2 1 1 320 5190 321
4083 2 2 1 1 5243 5992 4246
4084 2 2 1 1 1436 6208 4923
4085 2 2 1 1 4403 6170 5514
4086 2 2 1 1 3681 4537 4536
4087 2 2 1 1 792 5616 793
4088 2 2 1 1 5538 6249 6239
4089 2 2 1 1 4411 6022 3892
4090 2 2 1 1 1510 5111 4757
4091 2 2 1 1 4082 4824 1988
4092 2 2 1 1 538 5526 539
4093 2 2 1 1 4096 4953 1697
4094 2 2 1 1 3103 5479 3104
4095 2 2 1 1 648 5517 649
4096 2 2 1 1 4587 6023 4588
4097 2 2 1 1 4022 5560 3954
4098 2 2 1 1 4543 4544 3698
4099 2 2 1 1 4546 5021 3667
4100 2 2 1 1 277 4166 858
4101 2 2 1 1 3685 4549 4548
4102 2 2 1 1 3646 4652 4550
4103 2 2 1 1 2213 5083 1553
4104 2 2 1 1 3689 6173 5472
4105 2 2 1 1 4169 4968 3045
4106 2 2 1 1 973 5583 974
4107 2 2 1 1 4453 6191 6128
4108 2 2 1 1 6128 6191 5094
4109 2 2 1 1 3854 4632 110
4110 2 2 1 1 4364 5418 1529
4111 2 2 1 1 3720 5766 5558
4112 2 2 1 1 4499 5070 800
4113 2 2 1 1 5128 5809 5625
4114 2 2 1 1 4790 6073 2310
4115 2 2 1 1 3982 6231 5429
4116 2 2 1 1 5522 6073 2681
4117 2 2 1 1 3332 5160 4734
4118 2 2 1 1 4073 6275 4424
4119 2 2 1 1 3968 6170 4403
4120 2 2 1 1 216 215 1368
4121 2 2 1 1 1070 5508 1071
4122 2 2 1 1 267 5185 4333
4123 2 2 1 1 3120 5505 3839
4124 2 2 1 1 3627 6280 3251
4125 2 2 1 1 1867 5108 1866
4126 2 2 1 1 548 4929 1155
4127 2 2 1 1 2446 4791 1392
4128 2 2 1 1 4402 6255 5113
4129 2 2 1 1 3188 4344 4103
4130 2 2 1 1 4294 4801 2878
4131 2 2 1 1 5768 5957 4006
4132 2 2 1 1 7 5422 4059
4133 2 2 1 1 5504 5816 4357
4134 2 2 1 1 3815 6202 6044
4135 2 2 1 1 4013 4275 2512
4136 2 2 1 1 3668 4982 4308
4137 2 2 1 1 4568 5753 4756
4138 2 2 1 1 2979 4104 3490
4139 2 2 1 1 3163 4089 3164
4140 2 2 1 1 4471 5879 2027
4141 2 2 1 1 3904 4183 1764
4142 2 2 1 1 3105 5655 5554
4143 2 2 1 1 1032 4510 4371
4144 2 2 1 1 5208 6012 5718
4145 2 2 1 1 3121 5929 5693
4146 2 2 1 1 2851 4693 2852
4147 2 2 1 1 3756 6239 4627
4148 2 2 1 1 3558 6198 3557
4149 2 2 1 1 4587 4588 3747
4150 2 2 1 1 3831 4591 4590
4151 2 2 1 1 2633 5975 2367
4152 2 2 1 1 1653 5243 1654
4153 2 2 1 1 4800 6087 6015
4154 2 2 1 1 2879 4801 2247
4155 2 2 1 1 3213 5511 3214
4156 2 2 1 1 2760 4857 2761
4157 2 2 1 1 1404 4248 1405
4158 2 2 1 1 3664 4706 4596
4159 2 2 1 1 5426 5915 5427
4160 2 2 1 1 5207 5885 1061
4161 2 2 1 1 3948 5434 4087
4162 2 2 1 1 5370 6213 2265
4163 2 2 1 1 1574 5516 1575
4164 2 2 1 1 5597 6288 5073
4165 2 2 1 1 4777 4778 3648
4166 2 2 1 1 2800 4579 3922
4167 2 2 1 1 1878 4634 4307
4168 2 2 1 1 3871 5937 4813
4169 2 2 1 1 5715 6268 4434
4170 2 2 1 1 2767 4880 2776
4171 2 2 1 1 2313 4946 4177
4172 2 2 1 1 1792 5573 4509
4173 2 2 1 1 3067 5876 3705
4174 2 2 1 1 3859 4810 4729
4175 2 2 1 1 5908 6158 4886
4176 2 2 1 1 3596 5728 5479
4177 2 2 1 1 5452 6269 3825
4178 2 2 1 1 4610 4633 3838
4179 2 2 1 1 436 5203 882
4180 2 2 1 1 4926 5985 5757
4181 2 2 1 1 3288 5781 4853
4182 2 2 1 1 3748 5492 4751
4183 2 2 1 1 4746 5197 280
4184 2 2 1 1 2432 5044 2419
4185 2 2 1 1 5230 5523 3833
4186 2 2 1 1 3539 5446 4300
4187 2 2 1 1 1721 5134 1722
4188 2 2 1 1 5593 6276 4560
4189 2 2 1 1 2651 4234 4136
4190 2 2 1 1 2626 5035 2627
4191 2 2 1 1 3923 5644 4621
4192 2 2 1 1 4512 4513 3056
4193 2 2 1 1 5213 5830 4200
4194 2 2 1 1 3304 5888 5683
4195 2 2 1 1 5863 6196 4283
4196 2 2 1 1 2830 5123 2831
4197 2 2 1 1 5375 5575 208
4198 2 2 1 1 4224 5487 5076
4199 2 2 1 1 4783 6033 5723
4200 2 2 1 1 4309 5553 3497
4201 2 2 1 1 3496 5554 4309
4202 2 2 1 1 5128 5625 1642
4203 2 2 1 1 1987 5806 4082
4204 2 2 1 1 585 5275 586
4205 2 2 1 1 1349 4845 4282
4206 2 2 1 1 3107 5523 3108
4207 2 2 1 1 4962 5813 3974
4208 2 2 1 1 4225 6262 6065
4209 2 2 1 1 5482 6249 5742
4210 2 2 1 1 2616 5606 2617
4211 2 2 1 1 4238 5179 1773
4212 2 2 1 1 1374 4184 3738
4213 2 2 1 1 5771 6258 4765
4214 2 2 1 1 5408 5663 3507
4215 2 2 1 1 3948 5145 1716
4216 2 2 1 1 1149 4248 1404
4217 2 2 1 1 3223 5675 3224
4218 2 2 1 1 3798 5541 4849
4219 2 2 1 1 1072 6154 1073
4220 2 2 1 1 2188 5537 2187
4221 2 2 1 1 4786 6202 4025
4222 2 2 1 1 1937 4982 4799
4223 2 2 1 1 3798 5937 4603
4224 2 2 1 1 4365 4689 1430
4225 2 2 1 1 340 5586 632
4226 2 2 1 1 5190 5699 4311
4227 2 2 1 1 4482 5916 5780
4228 2 2 1 1 4376 5790 1098
4229 2 2 1 1 591 5270 4331
4230 2 2 1 1 413 4815 4197
4231 2 2 1 1 5033 6018 3789
4232 2 2 1 1 882 5687 436
4233 2 2 1 1 1961 5464 1960
4234 2 2 1 1 3919 4093 3144
4235 2 2 1 1 3643 5992 5243
4236 2 2 1 1 3776 5699 4873
4237 2 2 1 1 4639 5583 5496
4238 2 2 1 1 5825 5876 4061
4239 2 2 1 1 1209 5103 2541
4240 2 2 1 1 4716 6038 3975
4241 2 2 1 1 1152 5262 4332
4242 2 2 1 1 2348 4569 2349
4243 2 2 1 1 64 4574 332
4244 2 2 1 1 3008 4525 3701
4245 2 2 1 1 5162 6224 3795
4246 2 2 1 1 4349 5827 315
4247 2 2 1 1 5496 5583 3823
4248 2 2 1 1 4068 4958 3628
4249 2 2 1 1 4385 5897 5896
4250 2 2 1 1 2878 4700 4294
4251 2 2 1 1 556 5541 557
4252 2 2 1 1 52 5414 1849
4253 2 2 1 1 4773 5588 3866
4254 2 2 1 1 4573 6288 5597
4255 2 2 1 1 3152 4528 4244
4256 2 2 1 1 4681 5461 1552
4257 2 2 1 1 4423 5760 2353
4258 2 2 1 1 284 5471 3860
4259 2 2 1 1 2171 4260 2172
4260 2 2 1 1 3628 4258 3751
4261 2 2 1 1 4225 6065 4439
4262 2 2 1 1 5644 6283 4621
4263 2 2 1 1 5807 6251 4809
4264 2 2 1 1 2618 5647 2619
4265 2 2 1 1 3815 6044 5739
4266 2 2 1 1 5052 5812 3447
4267 2 2 1 1 3506 5663 3335
4268 2 2 1 1 4169 5222 4968
4269 2 2 1 1 4441 6186 3877
4270 2 2 1 1 3783 5707 4430
4271 2 2 1 1 4593 5096 4474
4272 2 2 1 1 1086 5436 1087
4273 2 2 1 1 5304 5755 2748
4274 2 2 1 1 4033 5850 3685
4275 2 2 1 1 4419 4949 726
4276 2 2 1 1 623 5712 624
4277 2 2 1 1 4336 5922 3914
4278 2 2 1 1 3088 4533 4532
4279 2 2 1 1 3908 5879 4471
4280 2 2 1 1 3910 5659 5419
4281 2 2 1 1 5568 5648 3758
4282 2 2 1 1 3431 6062 2195
4283 2 2 1 1 3991 5864 4726
4284 2 2 1 1 3915 5816 5504
4285 2 2 1 1 762 6206 763
4286 2 2 1 1 3757 6060 5785
4287 2 2 1 1 4230 6082 2303
4288 2 2 1 1 4100 6118 5948
4289 2 2 1 1 4051 5473 4042
4290 2 2 1 1 1879 6147 1880
4291 2 2 1 1 1887 4956 1888
4292 2 2 1 1 5472 5993 3689
4293 2 2 1 1 4537 6011 5652
4294 2 2 1 1 4178 4519 2736
4295 2 2 1 1 4434 6268 5457
4296 2 2 1 1 843 5898 3865
4297 2 2 1 1 2338 5451 2339
4298 2 2 1 1 1083 5555 1084
4299 2 2 1 1 5343 5751 3942
4300 2 2 1 1 5001 5808 2394
4301 2 2 1 1 3992 5807 4809
4302 2 2 1 1 4042 5532 4051
4303 2 2 1 1 4410 5167 4334
4304 2 2 1 1 4523 6201 5032
4305 2 2 1 1 3149 4572 4530
4306 2 2 1 1 5034 6211 5775
4307 2 2 1 1 3282 5578 4899
4308 2 2 1 1 5247 5889 3791
4309 2 2 1 1 1259 5558 1260
4310 2 2 1 1 1348 5231 4845
4311 2 2 1 1 1774 5179 4007
4312 2 2 1 1 4542 4546 353
4313 2 2 1 1 365 4547 3760
4314 2 2 1 1 4362 4561 3579
4315 2 2 1 1 4326 5294 2096
4316 2 2 1 1 4735 4800 3821
4317 2 2 1 1 5412 5850 4033
4318 2 2 1 1 3978 6168 5360
4319 2 2 1 1 2749 5755 3499
4320 2 2 1 1 1466 5124 1467
4321 2 2 1 1 4045 6223 4654
4322 2 2 1 1 3837 4563 155
4323 2 2 1 1 747 6220 5193
4324 2 2 1 1 5859 5942 545
4325 2 2 1 1 3748 6275 5492
4326 2 2 1 1 4304 5234 5193
4327 2 2 1 1 5116 5478 3890
4328 2 2 1 1 4749 5741 4628
4329 2 2 1 1 359 6205 3825
4330 2 2 1 1 1817 5679 1818
4331 2 2 1 1 4141 4247 1091
4332 2 2 1 1 2082 5252 3863
4333 2 2 1 1 2453 4862 4688
4334 2 2 1 1 3986 5552 4987
4335 2 2 1 1 4413 6215 3785
4336 2 2 1 1 1448 4683 4139
4337 2 2 1 1 1008 4347 3518
4338 2 2 1 1 4170 5828 1723
4339 2 2 1 1 1725 5152 4662
4340 2 2 1 1 4576 5845 5821
4341 2 2 1 1 4059 5954 5374
4342 2 2 1 1 4150 6117 3606
4343 2 2 1 1 5118 5792 5047
4344 2 2 1 1 4689 6100 4217
4345 2 2 1 1 1031 4371 4279
4346 2 2 1 1 4596 6056 3683
4347 2 2 1 1 5916 6177 3453
4348 2 2 1 1 3932 6175 4593
4349 2 2 1 1 1902 4718 3928
4350 2 2 1 1 2247 5735 2880
4351 2 2 1 1 3433 6247 2204
4352 2 2 1 1 642 4554 4052
4353 2 2 1 1 644 4555 4185
4354 2 2 1 1 114 4942 520
4355 2 2 1 1 4845 5947 4282
4356 2 2 1 1 5328 5640 32
4357 2 2 1 1 4815 5828 4197
4358 2 2 1 1 1531 5109 1532
4359 2 2 1 1 1204 5105 1205
4360 2 2 1 1 3552 5678 3036
4361 2 2 1 1 3905 4125 3127
4362 2 2 1 1 6086 6282 3482
4363 2 2 1 1 4626 5875 1915
4364 2 2 1 1 5276 5931 1983
4365 2 2 1 1 3525 6242 3444
4366 2 2 1 1 280 5197 281
4367 2 2 1 1 4809 6251 4287
4368 2 2 1 1 1205 5105 2072
4369 2 2 1 1 1766 4604 1767
4370 2 2 1 1 75 5963 4043
4371 2 2 1 1 23 5939 4168
4372 2 2 1 1 5468 6240 4485
4373 2 2 1 1 4785 5206 3765
4374 2 2 1 1 436 5687 437
4375 2 2 1 1 3877 6186 5164
4376 2 2 1 1 3855 5555 4827
4377 2 2 1 1 397 5621 192
4378 2 2 1 1 3914 5899 5466
4379 2 2 1 1 4648 5830 3830
4380 2 2 1 1 5983 6087 4482
4381 2 2 1 1 3692 5840 1194
4382 2 2 1 1 4236 5382 455
4383 2 2 1 1 4228 5507 2948
4384 2 2 1 1 3444 6242 4975
4385 2 2 1 1 4287 6145 5470
4386 2 2 1 1 3702 5809 5043
4387 2 2 1 1 3781 5864 5010
4388 2 2 1 1 4288 4902 2024
4389 2 2 1 1 4670 6102 4859
4390 2 2 1 1 4415 5157 4812
4391 2 2 1 1 67 5042 4242
4392 2 2 1 1 5051 5608 4034
4393 2 2 1 1 4025 6202 3815
4394 2 2 1 1 4232 5162 583
4395 2 2 1 1 4957 5446 3797
4396 2 2 1 1 5476 6088 3959
4397 2 2 1 1 4184 6259 5673
4398 2 2 1 1 5278 6219 4014
4399 2 2 1 1 1108 4963 3742
4400 2 2 1 1 4358 5251 4883
4401 2 2 1 1 37 4933 38
4402 2 2 1 1 4460 5964 4957
4403 2 2 1 1 4283 6196 5546
4404 2 2 1 1 5844 6283 4547
4405 2 2 1 1 4821 4822 3842
4406 2 2 1 1 5990 6061 3763
4407 2 2 1 1 179 4524 4149
4408 2 2 1 1 3540 6038 4716
4409 2 2 1 1 5430 5921 2696
4410 2 2 1 1 4049 5180 3793
4411 2 2 1 1 5969 6056 4605
4412 2 2 1 1 3368 5622 4745
4413 2 2 1 1 2922 5180 5066
4414 2 2 1 1 1677 5936 4338
4415 2 2 1 1 5045 5874 333
4416 2 2 1 1 3434 5501 3852
4417 2 2 1 1 5535 6255 4402
4418 2 2 1 1 5657 6117 4150
4419 2 2 1 1 4703 5507 4228
4420 2 2 1 1 4373 5247 1512
4421 2 2 1 1 5096 6175 3784
4422 2 2 1 1 1643 5625 5316
4423 2 2 1 1 4929 6266 534
4424 2 2 1 1 5457 6268 3337
4425 2 2 1 1 4821 6286 4822
4426 2 2 1 1 405 5674 406
4427 2 2 1 1 5013 5447 3727
4428 2 2 1 1 2438 5363 5086
4429 2 2 1 1 2583 5292 3637
4430 2 2 1 1 174 5003 3514
4431 2 2 1 1 4262 5213 3209
4432 2 2 1 1 4110 4824 4102
4433 2 2 1 1 402 5504 4357
4434 2 2 1 1 2719 5848 2716
4435 2 2 1 1 3154 5923 4125
4436 2 2 1 1 632 5586 97
4437 2 2 1 1 4950 5523 5230
4438 2 2 1 1 1237 5707 1238
4439 2 2 1 1 4468 5761 2728
4440 2 2 1 1 2678 5603 2677
4441 2 2 1 1 727 4949 4064
4442 2 2 1 1 1558 5789 4003
4443 2 2 1 1 4037 4843 4341
4444 2 2 1 1 1263 4431 4001
4445 2 2 1 1 4658 5804 1509
4446 2 2 1 1 1098 5790 1099
4447 2 2 1 1 869 5173 870
4448 2 2 1 1 2784 4687 2785
4449 2 2 1 1 2969 5311 2967
4450 2 2 1 1 2473 4729 3801
4451 2 2 1 1 4577 4852 822
4452 2 2 1 1 1801 4826 3997
4453 2 2 1 1 3147 6083 5581
4454 2 2 1 1 4856 6121 3051
4455 2 2 1 1 4664 5488 4002
4456 2 2 1 1 2936 5544 2937
4457 2 2 1 1 1930 5993 1917
4458 2 2 1 1 4045 4654 653
4459 2 2 1 1 2846 5709 2844
4460 2 2 1 1 4715 6096 5312
4461 2 2 1 1 1707 4779 1708
4462 2 2 1 1 4767 5763 3703
4463 2 2 1 1 652 5406 4045
4464 2 2 1 1 4619 6221 6204
4465 2 2 1 1 1888 4956 907
4466 2 2 1 1 3977 5639 3984
4467 2 2 1 1 1208 4779 1707
4468 2 2 1 1 5529 5771 3619
4469 2 2 1 1 870 5173 4094
4470 2 2 1 1 4097 5874 5615
4471 2 2 1 1 5964 6124 3749
4472 2 2 1 1 3226 6238 3168
4473 2 2 1 1 4001 5747 5339
4474 2 2 1 1 680 5821 3775
4475 2 2 1 1 5524 5899 3790
4476 2 2 1 1 3925 4793 1794
4477 2 2 1 1 1222 5596 4239
4478 2 2 1 1 5634 5697 117
4479 2 2 1 1 4891 4979 4318
4480 2 2 1 1 4036 5369 5244
4481 2 2 1 1 3821 6015 4734
4482 2 2 1 1 442 5372 3347
4483 2 2 1 1 1754 4604 4065
4484 2 2 1 1 3810 4031 1831
4485 2 2 1 1 868 5161 869
4486 2 2 1 1 4257 5258 1454
4487 2 2 1 1 5994 6168 4972
4488 2 2 1 1 3571 4903 4774
4489 2 2 1 1 121 5720 122
4490 2 2 1 1 5117 5946 4141
4491 2 2 1 1 59 5739 4124
4492 2 2 1 1 2067 4589 4587
4493 2 2 1 1 948 5055 3896
4494 2 2 1 1 5071 6036 3733
4495 2 2 1 1 752 5607 753
4496 2 2 1 1 3657 6011 5385
4497 2 2 1 1 3728 5900 1319
4498 2 2 1 1 3725 3949 3179
4499 2 2 1 1 939 5795 924
4500 2 2 1 1 797 4584 4498
4501 2 2 1 1 1848 4933 37
4502 2 2 1 1 5084 5800 3906
4503 2 2 1 1 4092 5780 4451
4504 2 2 1 1 4087 5145 3948
4505 2 2 1 1 5539 5631 2088
4506 2 2 1 1 369 4207 3995
4507 2 2 1 1 4238 5938 391
4508 2 2 1 1 5252 5734 133
4509 2 2 1 1 4586 5740 4095
4510 2 2 1 1 2775 6007 3320
4511 2 2 1 1 4684 6061 5990
4512 2 2 1 1 4710 6077 5897
4513 2 2 1 1 2314 5817 2315
4514 2 2 1 1 1915 5875 4123
4515 2 2 1 1 1515 4725 1516
4516 2 2 1 1 865 4323 3786
4517 2 2 1 1 4112 5597 5073
4518 2 2 1 1 4999 5850 5412
4519 2 2 1 1 2248 4801 4294
4520 2 2 1 1 4255 4449 1159
4521 2 2 1 1 1577 5623 1578
4522 2 2 1 1 432 5787 431
4523 2 2 1 1 5019 6061 5842
4524 2 2 1 1 5960 6100 3680
4525 2 2 1 1 2140 5263 2141
4526 2 2 1 1 2404 5788 5248
4527 2 2 1 1 3787 3812 1897
4528 2 2 1 1 4953 5816 3915
4529 2 2 1 1 4635 5592 4111
4530 2 2 1 1 3347 5577 442
4531 2 2 1 1 5697 6248 4085
4532 2 2 1 1 4732 5684 3493
4533 2 2 1 1 5742 6249 3987
4534 2 2 1 1 2823 5518 2824
4535 2 2 1 1 1050 4655 4500
4536 2 2 1 1 720 5605 4923
4537 2 2 1 1 4795 6140 606
4538 2 2 1 1 420 5831 419
4539 2 2 1 1 409 5660 410
4540 2 2 1 1 3491 4700 2980
4541 2 2 1 1 4063 5658 5468
4542 2 2 1 1 3547 6251 5807
4543 2 2 1 1 3683 5969 4828
4544 2 2 1 1 3920 5539 4854
4545 2 2 1 1 3903 6097 5416
4546 2 2 1 1 4331 4792 591
4547 2 2 1 1 4233 6194 5639
4548 2 2 1 1 3867 6148 4327
4549 2 2 1 1 1155 6051 548
4550 2 2 1 1 2820 3832 2821
4551 2 2 1 1 4460 6124 5964
4552 2 2 1 1 3929 5089 1217
4553 2 2 1 1 194 4955 3745
4554 2 2 1 1 6252 6287 4353
4555 2 2 1 1 4346 6028 4067
4556 2 2 1 1 4564 5737 2525
4557 2 2 1 1 3670 6045 6044
4558 2 2 1 1 4141 5878 5117
4559 2 2 1 1 4485 6240 3671
4560 2 2 1 1 5669 6186 4441
4561 2 2 1 1 4613 6203 4020
4562 2 2 1 1 2464 5170 4535
4563 2 2 1 1 3437 5371 4640
4564 2 2 1 1 5654 5921 4030
4565 2 2 1 1 3889 6260 5617
4566 2 2 1 1 3727 5447 1166
4567 2 2 1 1 4383 5912 3192
4568 2 2 1 1 4624 4917 2663
4569 2 2 1 1 4111 5592 4962
4570 2 2 1 1 3655 5961 4543
4571 2 2 1 1 3234 5825 3221
4572 2 2 1 1 38 4933 4518
4573 2 2 1 1 4999 5412 43
4574 2 2 1 1 2080 5734 5252
4575 2 2 1 1 490 4182 1639
4576 2 2 1 1 3583 6105 4057
4577 2 2 1 1 4133 6208 5088
4578 2 2 1 1 1905 5528 4015
4579 2 2 1 1 5010 5887 4176
4580 2 2 1 1 4484 5502 2364
4581 2 2 1 1 4478 5609 2273
4582 2 2 1 1 2418 5619 2619
4583 2 2 1 1 4104 4270 3490
4584 2 2 1 1 1786 5297 1783
4585 2 2 1 1 5093 6134 4032
4586 2 2 1 1 3851 5709 4789
4587 2 2 1 1 4161 5801 5299
4588 2 2 1 1 4089 5483 5198
4589 2 2 1 1 2203 6146 3432
4590 2 2 1 1 3900 5602 4136
4591 2 2 1 1 4656 5591 3954
4592 2 2 1 1 2070 5106 2071
4593 2 2 1 1 3556 5737 4564
4594 2 2 1 1 2071 5106 1206
4595 2 2 1 1 4190 4876 3886
4596 2 2 1 1 3826 5130 4065
4597 2 2 1 1 4179 6105 3583
4598 2 2 1 1 1873 5686 1874
4599 2 2 1 1 1849 5414 1859
4600 2 2 1 1 3734 4816 4248
4601 2 2 1 1 3669 3980 1351
4602 2 2 1 1 945 4904 107
4603 2 2 1 1 897 5020 4773
4604 2 2 1 1 2003 4240 1411
4605 2 2 1 1 5537 6037 3672
4606 2 2 1 1 5554 5655 3598
4607 2 2 1 1 183 5671 184
4608 2 2 1 1 3677 4332 1400
4609 2 2 1 1 5478 6052 3890
4610 2 2 1 1 1360 5161 868
4611 2 2 1 1 4143 5022 3194
4612 2 2 1 1 594 6254 4684
4613 2 2 1 1 390 5053 4238
4614 2 2 1 1 4851 5998 5990
4615 2 2 1 1 4030 5921 5430
4616 2 2 1 1 1215 4772 4193
4617 2 2 1 1 5073 6288 3650
4618 2 2 1 1 4459 5336 1268
4619 2 2 1 1 1612 5061 2550
4620 2 2 1 1 3565 5726 4796
4621 2 2 1 1 5803 6155 3730
4622 2 2 1 1 3849 4594 2605
4623 2 2 1 1 756 5861 4156
4624 2 2 1 1 4853 5014 3288
4625 2 2 1 1 2423 5685 2424
4626 2 2 1 1 1427 6005 5310
4627 2 2 1 1 690 5143 4442
4628 2 2 1 1 4898 6224 4661
4629 2 2 1 1 4582 6121 4856
4630 2 2 1 1 5779 5797 2590
4631 2 2 1 1 4603 4702 560
4632 2 2 1 1 4116 5420 3944
4633 2 2 1 1 3788 5948 5128
4634 2 2 1 1 133 5466 5252
4635 2 2 1 1 4723 4775 2391
4636 2 2 1 1 413 6227 4815
4637 2 2 1 1 5061 6024 3452
4638 2 2 1 1 3068 5658 3069
4639 2 2 1 1 5545 6152 4436
4640 2 2 1 1 4306 4680 1504
4641 2 2 1 1 4168 5798 24
4642 2 2 1 1 2839 5690 2645
4643 2 2 1 1 5319 5674 405
4644 2 2 1 1 979 5662 3817
4645 2 2 1 1 4063 4936 3070
4646 2 2 1 1 4955 5880 3745
4647 2 2 1 1 2596 5111 4888
4648 2 2 1 1 4919 5556 3751
4649 2 2 1 1 3936 5783 4457
4650 2 2 1 1 5138 6234 5398
4651 2 2 1 1 140 6045 141
4652 2 2 1 1 1685 5561 1686
4653 2 2 1 1 3060 5877 3061
4654 2 2 1 1 5866 6169 5150
4655 2 2 1 1 224 5607 225
4656 2 2 1 1 5553 6006 3498
4657 2 2 1 1 18 4695 4017
4658 2 2 1 1 3592 5764 5188
4659 2 2 1 1 2973 5324 4353
4660 2 2 1 1 5357 6122 739
4661 2 2 1 1 4127 4894 738
4662 2 2 1 1 901 5366 764
4663 2 2 1 1 911 5402 912
4664 2 2 1 1 3845 4534 4268
4665 2 2 1 1 2280 5854 2281
4666 2 2 1 1 2340 3996 3804
4667 2 2 1 1 3574 6091 5762
4668 2 2 1 1 2903 5688 4883
4669 2 2 1 1 5310 6005 4194
4670 2 2 1 1 909 4948 896
4671 2 2 1 1 5174 6036 5204
4672 2 2 1 1 2498 5688 2499
4673 2 2 1 1 1399 4226 3677
4674 2 2 1 1 3870 6228 2538
4675 2 2 1 1 4248 4816 1405
4676 2 2 1 1 4291 5803 782
4677 2 2 1 1 4174 6049 4985
4678 2 2 1 1 4547 6283 3760
4679 2 2 1 1 4674 4712 1305
4680 2 2 1 1 4682 5768 4006
4681 2 2 1 1 3631 5805 4966
4682 2 2 1 1 5216 6274 4974
4683 2 2 1 1 3835 5253 4055
4684 2 2 1 1 6000 6141 4401
4685 2 2 1 1 3456 5225 2019
4686 2 2 1 1 3875 6192 6094
4687 2 2 1 1 5708 6230 4511
4688 2 2 1 1 1518 4620 1457
4689 2 2 1 1 5021 6200 5955
4690 2 2 1 1 3950 5681 1137
4691 2 2 1 1 1170 6244 3307
4692 2 2 1 1 1532 5886 1515
4693 2 2 1 1 1587 5599 4726
4694 2 2 1 1 3682 5908 4858
4695 2 2 1 1 5351 5558 5330
4696 2 2 1 1 4444 5513 1560
4697 2 2 1 1 3248 5729 5602
4698 2 2 1 1 4401 6141 3832
4699 2 2 1 1 4358 4883 2497
4700 2 2 1 1 1214 5290 4772
4701 2 2 1 1 3483 6282 5991
4702 2 2 1 1 4189 5601 1838
4703 2 2 1 1 3850 5767 5418
4704 2 2 1 1 2118 5702 2117
4705 2 2 1 1 3157 3748 3158
4706 2 2 1 1 4078 5719 5511
4707 2 2 1 1 1090 5878 4141
4708 2 2 1 1 5889 6195 3791
4709 2 2 1 1 1243 5255 4788
4710 2 2 1 1 3595 5479 4868
4711 2 2 1 1 2006 5310 4194
4712 2 2 1 1 1325 5838 1326
4713 2 2 1 1 3634 5278 1074
4714 2 2 1 1 1510 5804 5111
4715 2 2 1 1 6145 6251 3548
4716 2 2 1 1 5379 5487 4224
4717 2 2 1 1 2860 5576 3559
4718 2 2 1 1 4329 5537 2188
4719 2 2 1 1 1000 4421 3334
4720 2 2 1 1 5683 6246 3304
4721 2 2 1 1 3777 5852 4755
4722 2 2 1 1 4148 5779 4915
4723 2 2 1 1 1141 5178 3814
4724 2 2 1 1 1878 4699 1879
4725 2 2 1 1 5302 6166 1475
4726 2 2 1 1 3452 6024 3531
4727 2 2 1 1 3741 5895 4802
4728 2 2 1 1 4104 4700 2877
4729 2 2 1 1 5248 5266 2404
4730 2 2 1 1 3280 5491 5080
4731 2 2 1 1 1799 6125 4335
4732 2 2 1 1 750 5705 751
4733 2 2 1 1 4040 6279 125
4734 2 2 1 1 4847 6183 1047
4735 2 2 1 1 5632 5987 4064
4736 2 2 1 1 5253 5563 4055
4737 2 2 1 1 4446 5958 3990
4738 2 2 1 1 4453 6128 4039
4739 2 2 1 1 725 5493 726
4740 2 2 1 1 3486 5906 3021
4741 2 2 1 1 2581 5724 3770
4742 2 2 1 1 4646 4840 1598
4743 2 2 1 1 4863 5340 2259
4744 2 2 1 1 5611 5672 3965
4745 2 2 1 1 4496 5992 5344
4746 2 2 1 1 2933 5056 3652
4747 2 2 1 1 1003 4921 854
4748 2 2 1 1 4083 5983 4797
4749 2 2 1 1 4753 5327 3553
4750 2 2 1 1 4745 6005 3368
4751 2 2 1 1 3671 4433 4352
4752 2 2 1 1 189 4304 4026
4753 2 2 1 1 3377 6210 5599
4754 2 2 1 1 2968 4294 3491
4755 2 2 1 1 83 5042 67
4756 2 2 1 1 1580 6156 4212
4757 2 2 1 1 4077 5557 5470
4758 2 2 1 1 550 6176 1153
4759 2 2 1 1 3967 6132 5677
4760 2 2 1 1 4796 5726 2182
4761 2 2 1 1 4864 5207 774
4762 2 2 1 1 2877 4700 2878
4763 2 2 1 1 4518 5383 39
4764 2 2 1 1 5470 5557 3475
4765 2 2 1 1 2310 6073 4146
4766 2 2 1 1 50 4682 4006
4767 2 2 1 1 1722 5134 1723
4768 2 2 1 1 4135 5327 4753
4769 2 2 1 1 2765 5560 4022
4770 2 2 1 1 2014 4937 4502
4771 2 2 1 1 1047 5618 4847
4772 2 2 1 1 4721 5178 4070
4773 2 2 1 1 4823 5539 3920
4774 2 2 1 1 1906 4015 3764
4775 2 2 1 1 2097 5294 3722
4776 2 2 1 1 4941 6151 3265
4777 2 2 1 1 3285 5129 497
4778 2 2 1 1 5642 5930 299
4779 2 2 1 1 4597 5328 32
4780 2 2 1 1 3989 5170 4215
4781 2 2 1 1 5166 6025 4210
4782 2 2 1 1 1322 5090 4338
4783 2 2 1 1 5446 6137 3797
4784 2 2 1 1 240 5217 483
4785 2 2 1 1 123 6068 5078
4786 2 2 1 1 2275 5527 3872
4787 2 2 1 1 4156 5209 756
4788 2 2 1 1 4254 5358 177
4789 2 2 1 1 5882 6062 3431
4790 2 2 1 1 3539 6137 5446
4791 2 2 1 1 3967 5677 3424
4792 2 2 1 1 1829 5933 1830
4793 2 2 1 1 5188 5276 3592
4794 2 2 1 1 4964 5970 418
4795 2 2 1 1 5607 5816 3732
4796 2 2 1 1 5110 5477 4475
4797 2 2 1 1 949 5765 950
4798 2 2 1 1 598 6072 878
4799 2 2 1 1 4055 5563 5543
4800 2 2 1 1 4733 4882 4162
4801 2 2 1 1 4079 6197 4075
4802 2 2 1 1 3156 5927 3157
4803 2 2 1 1 5116 6206 762
4804 2 2 1 1 4350 5786 1386
4805 2 2 1 1 2478 4404 4219
4806 2 2 1 1 4728 4843 1819
4807 2 2 1 1 3975 5533 4716
4808 2 2 1 1 4839 5905 4013
4809 2 2 1 1 4516 5902 3743
4810 2 2 1 1 4089 5198 4053
4811 2 2 1 1 4709 6277 6077
4812 2 2 1 1 3443 5926 4946
4813 2 2 1 1 4284 4996 4171
4814 2 2 1 1 4013 5905 5280
4815 2 2 1 1 4424 6275 5253
4816 2 2 1 1 2364 5502 2365
4817 2 2 1 1 2347 5573 4071
4818 2 2 1 1 4298 5965 3665
4819 2 2 1 1 5353 6167 3342
4820 2 2 1 1 1840 5220 3772
4821 2 2 1 1 3830 4429 3183
4822 2 2 1 1 4030 5430 3918
4823 2 2 1 1 4556 5606 4016
4824 2 2 1 1 4274 5959 4489
4825 2 2 1 1 4124 5752 60
4826 2 2 1 1 737 4964 4127
4827 2 2 1 1 1983 5931 1981
4828 2 2 1 1 5778 6258 4281
4829 2 2 1 1 2482 5919 2483
4830 2 2 1 1 5111 5804 4265
4831 2 2 1 1 3620 5760 4423
4832 2 2 1 1 4981 5469 2342
4833 2 2 1 1 5207 5857 774
4834 2 2 1 1 3559 5576 4983
4835 2 2 1 1 4423 6089 3620
4836 2 2 1 1 4176 4312 3781
4837 2 2 1 1 6065 6262 3768
4838 2 2 1 1 3796 5750 1656
4839 2 2 1 1 3657 5695 5652
4840 2 2 1 1 808 5901 2333
4841 2 2 1 1 3494 6235 4531
4842 2 2 1 1 3203 5846 4648
4843 2 2 1 1 891 4954 36
4844 2 2 1 1 3881 5383 4518
4845 2 2 1 1 3096 5112 2384
4846 2 2 1 1 252 5141 253
4847 2 2 1 1 448 5395 4325
4848 2 2 1 1 4108 5759 3635
4849 2 2 1 1 1635 4978 2440
4850 2 2 1 1 5980 6105 4321
4851 2 2 1 1 3711 5793 2534
4852 2 2 1 1 5072 5517 3962
4853 2 2 1 1 2176 6203 4613
4854 2 2 1 1 2876 4270 4104
4855 2 2 1 1 4270 5851 3490
4856 2 2 1 1 4754 5219 791
4857 2 2 1 1 778 5219 4011
4858 2 2 1 1 2629 5222 5211
4859 2 2 1 1 5044 5222 2628
4860 2 2 1 1 1875 5984 1876
4861 2 2 1 1 4937 6086 4502
4862 2 2 1 1 1755 5130 4346
4863 2 2 1 1 126 6279 5456
4864 2 2 1 1 6099 6288 4573
4865 2 2 1 1 5281 5776 3274
4866 2 2 1 1 2384 5112 2385
4867 2 2 1 1 4278 5025 4727
4868 2 2 1 1 840 4259 841
4869 2 2 1 1 543 5239 5191
4870 2 2 1 1 5172 6262 4498
4871 2 2 1 1 4682 5365 1337
4872 2 2 1 1 1213 5485 5290
4873 2 2 1 1 5914 5970 3308
4874 2 2 1 1 5281 5460 3883
4875 2 2 1 1 3129 5115 4461
4876 2 2 1 1 5295 6222 4339
4877 2 2 1 1 5599 6210 4726
4878 2 2 1 1 4645 6278 4237
4879 2 2 1 1 4969 5238 819
4880 2 2 1 1 5169 5422 6
4881 2 2 1 1 3268 5336 4459
4882 2 2 1 1 1183 5887 1184
4883 2 2 1 1 5078 6068 5114
4884 2 2 1 1 4538 4556 2400
4885 2 2 1 1 2650 4262 4234
4886 2 2 1 1 4808 5812 5052
4887 2 2 1 1 3880 5996 5088
4888 2 2 1 1 3822 6134 5093
4889 2 2 1 1 5835 6017 2950
4890 2 2 1 1 410 5660 4909
4891 2 2 1 1 4006 5957 5414
4892 2 2 1 1 4194 5441 2007
4893 2 2 1 1 5948 6118 4673
4894 2 2 1 1 3808 4388 1805
4895 2 2 1 1 1137 5681 1138
4896 2 2 1 1 1356 5622 1426
4897 2 2 1 1 2323 5776 5281
4898 2 2 1 1 1479 5618 4660
4899 2 2 1 1 4261 6289 2034
4900 2 2 1 1 4197 5828 3822
4901 2 2 1 1 4712 6138 3545
4902 2 2 1 1 4234 4262 3208
4903 2 2 1 1 2904 4458 4155
4904 2 2 1 1 2958 5788 2959
4905 2 2 1 1 3977 6184 5639
4906 2 2 1 1 5304 5721 4249
4907 2 2 1 1 4641 4707 3946
4908 2 2 1 1 4175 5770 2120
4909 2 2 1 1 5349 6175 3932
4910 2 2 1 1 2167 5171 1681
4911 2 2 1 1 2553 5205 2552
4912 2 2 1 1 2821 5829 2822
4913 2 2 1 1 3724 4703 2476
4914 2 2 1 1 4253 6111 3835
4915 2 2 1 1 4267 5619 2417
4916 2 2 1 1 4064 5987 728
4917 2 2 1 1 4127 5831 5795
4918 2 2 1 1 1920 6126 5223
4919 2 2 1 1 3784 6175 5122
4920 2 2 1 1 4873 5902 4218
4921 2 2 1 1 44 5837 45
4922 2 2 1 1 3081 5533 3975
4923 2 2 1 1 4205 5226 3930
4924 2 2 1 1 3052 5256 4158
4925 2 2 1 1 2283 4462 4235
4926 2 2 1 1 6044 6202 5018
4927 2 2 1 1 4266 5627 2289
4928 2 2 1 1 4135 5026 4489
4929 2 2 1 1 1023 5692 5494
4930 2 2 1 1 3696 5529 1329
4931 2 2 1 1 4822 6286 5918
4932 2 2 1 1 5241 5882 3431
4933 2 2 1 1 1822 3973 3690
4934 2 2 1 1 4917 5830 3895
4935 2 2 1 1 4055 5543 4086
4936 2 2 1 1 4215 6003 3989
4937 2 2 1 1 4041 5329 677
4938 2 2 1 1 5001 5283 1287
4939 2 2 1 1 5646 5969 4571
4940 2 2 1 1 1907 5656 1908
4941 2 2 1 1 4443 5127 2085
4942 2 2 1 1 2554 4819 2553
4943 2 2 1 1 4661 5184 4898
4944 2 2 1 1 3775 5821 5662
4945 2 2 1 1 2089 5631 3983
4946 2 2 1 1 5495 5912 4131
4947 2 2 1 1 4538 5606 4556
4948 2 2 1 1 4176 5048 1232
4949 2 2 1 1 5413 6141 6000
4950 2 2 1 1 851 5849 388
4951 2 2 1 1 5019 5842 4241
4952 2 2 1 1 2485 5147 1741
4953 2 2 1 1 1134 4562 825
4954 2 2 1 1 2177 4613 3878
4955 2 2 1 1 3792 4949 4419
4956 2 2 1 1 4728 5566 1542
4957 2 2 1 1 156 4563 157
4958 2 2 1 1 1557 5789 1558
4959 2 2 1 1 4589 6023 4587
4960 2 2 1 1 4075 6197 6187
4961 2 2 1 1 5335 6230 4771
4962 2 2 1 1 3815 5739 58
4963 2 2 1 1 3898 6193 4469
4964 2 2 1 1 3934 5646 4997
4965 2 2 1 1 5707 6046 4115
4966 2 2 1 1 4204 5946 5117
4967 2 2 1 1 748 4303 3312
4968 2 2 1 1 2469 5661 3910
4969 2 2 1 1 3128 4461 3905
4970 2 2 1 1 3867 4252 1164
4971 2 2 1 1 3040 5959 3027
4972 2 2 1 1 2996 5127 4443
4973 2 2 1 1 1350 4282 3669
4974 2 2 1 1 4751 5814 3986
4975 2 2 1 1 3204 4648 3830
4976 2 2 1 1 4882 6017 4162
4977 2 2 1 1 4036 5244 4945
4978 2 2 1 1 1229 5976 1230
4979 2 2 1 1 2449 4871 4119
4980 2 2 1 1 2982 6235 3494
4981 2 2 1 1 5897 6277 5896
4982 2 2 1 1 3756 4472 547
4983 2 2 1 1 4249 5721 3446
4984 2 2 1 1 4606 6104 5838
4985 2 2 1 1 4621 6283 5844
4986 2 2 1 1 3886 5976 4190
4987 2 2 1 1 1986 4711 1985
4988 2 2 1 1 2366 4932 4747
4989 2 2 1 1 2519 5978 2520
4990 2 2 1 1 4797 5983 5294
4991 2 2 1 1 3633 5821 680
4992 2 2 1 1 2148 5646 4571
4993 2 2 1 1 4763 5155 292
4994 2 2 1 1 3384 5238 4969
4995 2 2 1 1 5081 5309 388
4996 2 2 1 1 1133 4562 1134
4997 2 2 1 1 4515 5055 947
4998 2 2 1 1 1139 5168 4191
4999 2 2 1 1 4315 5513 2487
5000 2 2 1 1 1778 4890 4163
5001 2 2 1 1 1891 6052 3663
5002 2 2 1 1 1541 4843 4728
5003 2 2 1 1 4059 5374 8
5004 2 2 1 1 4477 5854 2280
5005 2 2 1 1 5623 6237 3363
5006 2 2 1 1 1834 5649 1835
5007 2 2 1 1 1265 5339 4750
5008 2 2 1 1 2576 6003 2577
5009 2 2 1 1 4224 5076 1439
5010 2 2 1 1 2619 5647 2418
5011 2 2 1 1 3761 4567 15
5012 2 2 1 1 3739 4454 2592
5013 2 2 1 1 36 6217 891
5014 2 2 1 1 2157 5564 4352
5015 2 2 1 1 4725 5886 3948
5016 2 2 1 1 3974 6284 4761
5017 2 2 1 1 721 4923 4133
5018 2 2 1 1 5305 6237 5623
5019 2 2 1 1 153 5811 154
5020 2 2 1 1 3888 5352 5228
5021 2 2 1 1 5323 6185 4012
5022 2 2 1 1 824 4369 1135
5023 2 2 1 1 3445 5841 2414
5024 2 2 1 1 3716 4105 22
5025 2 2 1 1 5662 5821 3817
5026 2 2 1 1 2156 5564 2157
5027 2 2 1 1 1269 5336 3267
5028 2 2 1 1 5360 6168 5994
5029 2 2 1 1 3982 5548 710
5030 2 2 1 1 3186 5873 3187
5031 2 2 1 1 5506 6059 4181
5032 2 2 1 1 1741 6076 2485
5033 2 2 1 1 3873 5219 4754
5034 2 2 1 1 4101 5735 2245
5035 2 2 1 1 4357 5666 403
5036 2 2 1 1 3171 5521 4278
5037 2 2 1 1 5896 6277 4992
5038 2 2 1 1 334 5874 4097
5039 2 2 1 1 597 6072 598
5040 2 2 1 1 5048 5630 3346
5041 2 2 1 1 243 5338 4866
5042 2 2 1 1 3977 3984 211
5043 2 2 1 1 4353 6287 5404
5044 2 2 1 1 1132 5756 3916
5045 2 2 1 1 3824 4435 3235
5046 2 2 1 1 5259 6110 2306
5047 2 2 1 1 5648 5665 1025
5048 2 2 1 1 6153 6154 4388
5049 2 2 1 1 3462 5358 4448
5050 2 2 1 1 5786 6247 4541
5051 2 2 1 1 1317 5819 1318
5052 2 2 1 1 4815 6227 4050
5053 2 2 1 1 3972 5340 4863
5054 2 2 1 1 4357 5705 5666
5055 2 2 1 1 2894 5906 3486
5056 2 2 1 1 3031 5557 3032
5057 2 2 1 1 2596 4888 2597
5058 2 2 1 1 496 6057 3285
5059 2 2 1 1 3061 5877 4624
5060 2 2 1 1 4724 5703 3848
5061 2 2 1 1 2715 5848 5424
5062 2 2 1 1 4190 5922 4336
5063 2 2 1 1 3046 4968 4736
5064 2 2 1 1 3024 6020 3025
5065 2 2 1 1 3983 4748 2089
5066 2 2 1 1 4292 5016 1241
5067 2 2 1 1 1410 5591 4656
5068 2 2 1 1 4469 6231 3982
5069 2 2 1 1 4812 5157 1103
5070 2 2 1 1 4165 5668 1276
5071 2 2 1 1 5987 6243 729
5072 2 2 1 1 4734 5160 1934
5073 2 2 1 1 5676 5680 3584
5074 2 2 1 1 4050 6149 4815
5075 2 2 1 1 4069 4920 4053
5076 2 2 1 1 4079 6040 498
5077 2 2 1 1 260 5706 261
5078 2 2 1 1 4057 5980 3636
5079 2 2 1 1 4148 4915 2194
5080 2 2 1 1 5067 5882 5459
5081 2 2 1 1 5168 5681 4297
5082 2 2 1 1 669 5168 4297
5083 2 2 1 1 3839 5026 3119
5084 2 2 1 1 2286 5403 3233
5085 2 2 1 1 3872 6158 4863
5086 2 2 1 1 3675 4384 3237
5087 2 2 1 1 4271 4387 2845
5088 2 2 1 1 3636 4389 2778
5089 2 2 1 1 617 4818 4622
5090 2 2 1 1 2950 6017 2935
5091 2 2 1 1 3678 4391 2160
5092 2 2 1 1 818 4970 4969
5093 2 2 1 1 3415 5030 4997
5094 2 2 1 1 3944 4394 2988
5095 2 2 1 1 3813 4395 2631
5096 2 2 1 1 3959 4398 2075
5097 2 2 1 1 4048 5439 414
5098 2 2 1 1 4035 4401 2819
5099 2 2 1 1 46 4836 4142
5100 2 2 1 1 3026 5693 3013
5101 2 2 1 1 3632 6034 5099
5102 2 2 1 1 3968 4402 626
5103 2 2 1 1 3936 6098 5215
5104 2 2 1 1 2326 5875 2312
5105 2 2 1 1 3648 5613 1601
5106 2 2 1 1 3721 4463 2296
5107 2 2 1 1 5653 6162 3177
5108 2 2 1 1 3665 4406 54
5109 2 2 1 1 3700 4408 1413
5110 2 2 1 1 2309 5350 4790
5111 2 2 1 1 4479 4987 3829
5112 2 2 1 1 3550 5435 4889
5113 2 2 1 1 4287 5470 2813
5114 2 2 1 1 3892 4410 2381
5115 2 2 1 1 3049 4737 3811
5116 2 2 1 1 4200 5450 3211
5117 2 2 1 1 4005 4413 501
5118 2 2 1 1 3785 4943 503
5119 2 2 1 1 5398 6194 4233
5120 2 2 1 1 4745 5622 1355
5121 2 2 1 1 888 5893 889
5122 2 2 1 1 4622 4818 101
5123 2 2 1 1 137 5752 138
5124 2 2 1 1 3746 4496 957
5125 2 2 1 1 4004 5422 5169
5126 2 2 1 1 321 5190 4311
5127 2 2 1 1 3942 5751 4663
5128 2 2 1 1 4898 5184 2104
5129 2 2 1 1 3803 5498 2683
5130 2 2 1 1 2246 5735 2247
5131 2 2 1 1 4608 6250 2883
5132 2 2 1 1 582 4995 4232
5133 2 2 1 1 4073 4424 3078
5134 2 2 1 1 5193 5674 4303
5135 2 2 1 1 3644 4427 706
5136 2 2 1 1 3795 6224 4898
5137 2 2 1 1 2369 4608 4101
5138 2 2 1 1 3710 4432 2610
5139 2 2 1 1 4300 5446 5407
5140 2 2 1 1 3647 4434 287
5141 2 2 1 1 2798 6009 3695
5142 2 2 1 1 143 6021 5227
5143 2 2 1 1 980 5845 981
5144 2 2 1 1 3912 5236 5029
5145 2 2 1 1 2353 5760 2354
5146 2 2 1 1 3006 5119 3674
5147 2 2 1 1 3425 5677 4148
5148 2 2 1 1 2 6058 1019
5149 2 2 1 1 640 4487 921
5150 2 2 1 1 3695 4579 2799
5151 2 2 1 1 4161 5299 317
5152 2 2 1 1 2145 5489 4653
5153 2 2 1 1 2900 5159 2730
5154 2 2 1 1 4032 6134 3818
5155 2 2 1 1 537 4829 538
5156 2 2 1 1 2349 4569 3352
5157 2 2 1 1 1973 4951 4774
5158 2 2 1 1 4792 6050 593
5159 2 2 1 1 3635 5759 1251
5160 2 2 1 1 4793 6178 3645
5161 2 2 1 1 896 4948 4029
5162 2 2 1 1 1431 6010 1432
5163 2 2 1 1 2218 6002 2219
5164 2 2 1 1 5344 5992 5855
5165 2 2 1 1 431 4179 429
5166 2 2 1 1 4956 5063 908
5167 2 2 1 1 3773 5056 2932
5168 2 2 1 1 4092 4451 2083
5169 2 2 1 1 4205 6098 5226
5170 2 2 1 1 1060 5857 5207
5171 2 2 1 1 5903 5966 5965
5172 2 2 1 1 4123 5079 3787
5173 2 2 1 1 2394 5808 2395
5174 2 2 1 1 4185 5516 4216
5175 2 2 1 1 3910 5419 2470
5176 2 2 1 1 3965 4447 2344
5177 2 2 1 1 4256 4895 205
5178 2 2 1 1 307 5640 5328
5179 2 2 1 1 3708 4999 42
5180 2 2 1 1 1876 6101 1877
5181 2 2 1 1 3850 5418 4364
5182 2 2 1 1 3712 5270 590
5183 2 2 1 1 4114 4453 78
5184 2 2 1 1 1588 5864 1589
5185 2 2 1 1 4560 6276 3653
5186 2 2 1 1 4351 5754 2612
5187 2 2 1 1 1592 5976 3886
5188 2 2 1 1 3620 6225 5760
5189 2 2 1 1 4366 5004 493
5190 2 2 1 1 4322 5420 4116
5191 2 2 1 1 4416 6183 4847
5192 2 2 1 1 4213 6167 4577
5193 2 2 1 1 4565 6060 3757
5194 2 2 1 1 1165 4252 3727
5195 2 2 1 1 3512 6280 5856
5196 2 2 1 1 4868 5479 3103
5197 2 2 1 1 1496 6245 619
5198 2 2 1 1 5855 5992 3643
5199 2 2 1 1 1997 4534 4375
5200 2 2 1 1 4930 5354 637
5201 2 2 1 1 5920 6280 3627
5202 2 2 1 1 5903 5965 4298
5203 2 2 1 1 4313 4658 2038
5204 2 2 1 1 2954 4980 2407
5205 2 2 1 1 5048 5887 1183
5206 2 2 1 1 4103 6270 3189
5207 2 2 1 1 2244 3938 3828
5208 2 2 1 1 2505 4962 3974
5209 2 2 1 1 4744 6018 3379
5210 2 2 1 1 2535 5793 4715
5211 2 2 1 1 4136 4234 3900
5212 2 2 1 1 1323 5936 1676
5213 2 2 1 1 1821 4037 3973
5214 2 2 1 1 5028 5430 2697
5215 2 2 1 1 3023 6078 3024
5216 2 2 1 1 2319 4975 3276
5217 2 2 1 1 3946 4707 2375
5218 2 2 1 1 2208 5855 2209
5219 2 2 1 1 4701 5933 1829
5220 2 2 1 1 2099 5264 4337
5221 2 2 1 1 433 5250 432
5222 2 2 1 1 3490 5851 2977
5223 2 2 1 1 4241 4897 1332
5224 2 2 1 1 5103 6120 2540
5225 2 2 1 1 2271 5242 5148
5226 2 2 1 1 419 5831 4964
5227 2 2 1 1 5474 6243 1175
5228 2 2 1 1 5991 6282 4276
5229 2 2 1 1 41 4835 3708
5230 2 2 1 1 3733 4527 2481
5231 2 2 1 1 595 5670 596
5232 2 2 1 1 2142 5772 2143
5233 2 2 1 1 331 5091 65
5234 2 2 1 1 2937 5544 4677
5235 2 2 1 1 3864 4481 2921
5236 2 2 1 1 2919 4938 4480
5237 2 2 1 1 2085 5127 2086
5238 2 2 1 1 4561 5777 3579
5239 2 2 1 1 5459 5882 4081
5240 2 2 1 1 186 6027 187
5241 2 2 1 1 2043 6180 3664
5242 2 2 1 1 3217 6103 3218
5243 2 2 1 1 934 5731 3917
5244 2 2 1 1 964 4767 3703
5245 2 2 1 1 5283 6216 1287
5246 2 2 1 1 3316 5345 4659
5247 2 2 1 1 1353 4848 3827
5248 2 2 1 1 724 4984 725
5249 2 2 1 1 3802 4860 1813
5250 2 2 1 1 3923 4621 234
5251 2 2 1 1 4025 6205 4786
5252 2 2 1 1 5204 6036 4342
5253 2 2 1 1 3111 4178 2735
5254 2 2 1 1 2509 4855 3699
5255 2 2 1 1 1082 4934 3885
5256 2 2 1 1 4942 5637 521
5257 2 2 1 1 4135 4489 3039
5258 2 2 1 1 872 6184 3977
5259 2 2 1 1 2507 4761 3809
5260 2 2 1 1 4174 6122 4618
5261 2 2 1 1 3994 4768 30
5262 2 2 1 1 3446 5721 5587
5263 2 2 1 1 4478 6270 5609
5264 2 2 1 1 3125 5923 3153
5265 2 2 1 1 3927 4491 915
5266 2 2 1 1 5757 5985 4038
5267 2 2 1 1 1924 5727 1925
5268 2 2 1 1 5530 5876 3065
5269 2 2 1 1 3781 4312 1590
5270 2 2 1 1 3804 4981 2341
5271 2 2 1 1 936 6122 937
5272 2 2 1 1 1513 5247 3791
5273 2 2 1 1 1661 3918 3767
5274 2 2 1 1 14 6029 3761
5275 2 2 1 1 3931 4572 3148
5276 2 2 1 1 1815 6098 1802
5277 2 2 1 1 5856 6280 5920
5278 2 2 1 1 3963 4499 799
5279 2 2 1 1 696 4068 3628
5280 2 2 1 1 2307 6110 5973
5281 2 2 1 1 4213 6112 1089
5282 2 2 1 1 4057 6105 5980
5283 2 2 1 1 231 6046 232
5284 2 2 1 1 3165 4920 3166
5285 2 2 1 1 483 5217 467
5286 2 2 1 1 5394 6071 282
5287 2 2 1 1 2241 6236 2133
5288 2 2 1 1 3940 6287 6252
5289 2 2 1 1 33 5640 306
5290 2 2 1 1 5893 6049 3780
5291 2 2 1 1 5471 6204 3860
5292 2 2 1 1 4894 5795 939
5293 2 2 1 1 2619 5619 2620
5294 2 2 1 1 4048 5968 5439
5295 2 2 1 1 5342 5374 3841
5296 2 2 1 1 5585 6133 1378
5297 2 2 1 1 686 4865 4752
5298 2 2 1 1 4139 4683 2492
5299 2 2 1 1 4203 4695 17
5300 2 2 1 1 3012 4936 2999
5301 2 2 1 1 5118 5577 1234
5302 2 2 1 1 3921 4512 3055
5303 2 2 1 1 3654 4568 3042
5304 2 2 1 1 5364 6192 528
5305 2 2 1 1 4702 4829 561
5306 2 2 1 1 2285 5403 2286
5307 2 2 1 1 2942 5135 2905
5308 2 2 1 1 1481 5434 5109
5309 2 2 1 1 3628 3751 697
5310 2 2 1 1 3336 5663 5408
5311 2 2 1 1 4296 5693 3026
5312 2 2 1 1 1919 6126 1920
5313 2 2 1 1 1248 4147 3660
5314 2 2 1 1 2395 4890 2396
5315 2 2 1 1 3674 4525 3007
5316 2 2 1 1 3641 4528 3151
5317 2 2 1 1 3686 4533 3087
5318 2 2 1 1 3072 5378 4320
5319 2 2 1 1 3987 6249 5538
5320 2 2 1 1 5990 5998 3707
5321 2 2 1 1 6077 6277 5897
5322 2 2 1 1 381 5308 5307
5323 2 2 1 1 5494 6190 166
5324 2 2 1 1 4789 5709 2846
5325 2 2 1 1 2669 4448 2668
5326 2 2 1 1 3225 6238 3226
5327 2 2 1 1 3477 5959 4274
5328 2 2 1 1 254 6226 244
5329 2 2 1 1 3868 6152 3955
5330 2 2 1 1 4302 5183 767
5331 2 2 1 1 3432 6146 4541
5332 2 2 1 1 2172 5900 2173
5333 2 2 1 1 3667 4545 355
5334 2 2 1 1 3698 4547 364
5335 2 2 1 1 3760 4542 352
5336 2 2 1 1 3913 4651 566
5337 2 2 1 1 4905 6019 2257
5338 2 2 1 1 509 4380 4264
5339 2 2 1 1 3680 6100 5789
5340 2 2 1 1 5404 6287 4679
5341 2 2 1 1 5883 6279 4040
5342 2 2 1 1 2930 4748 3983
5343 2 2 1 1 5765 6200 4201
5344 2 2 1 1 4101 4608 2882
5345 2 2 1 1 2073 6164 2074
5346 2 2 1 1 3773 5631 5539
5347 2 2 1 1 4649 5369 4036
5348 2 2 1 1 4052 4555 643
5349 2 2 1 1 4180 4554 655
5350 2 2 1 1 5089 5296 1218
5351 2 2 1 1 5183 6134 4595
5352 2 2 1 1 3959 6088 4398
5353 2 2 1 1 4768 5515 741
5354 2 2 1 1 742 5515 4377
5355 2 2 1 1 2652 5729 3247
5356 2 2 1 1 4541 6247 3433
5357 2 2 1 1 3894 6182 4884
5358 2 2 1 1 3262 5712 4583
5359 2 2 1 1 3090 6124 3091
5360 2 2 1 1 4304 6220 4026
5361 2 2 1 1 3738 5060 1375
5362 2 2 1 1 4367 5179 862
5363 2 2 1 1 3874 4649 2252
5364 2 2 1 1 4442 5451 4245
5365 2 2 1 1 4474 5968 736
5366 2 2 1 1 4938 6093 4480
5367 2 2 1 1 3860 6229 285
5368 2 2 1 1 3855 5436 1085
5369 2 2 1 1 4069 5240 3122
5370 2 2 1 1 3100 5167 3686
5371 2 2 1 1 1180 5636 5047
5372 2 2 1 1 3777 4755 12
5373 2 2 1 1 404 5666 5319
5374 2 2 1 1 3317 6059 5506
5375 2 2 1 1 4110 4269 1991
5376 2 2 1 1 3774 4812 1102
5377 2 2 1 1 4334 6026 2382
5378 2 2 1 1 2249 5311 2250
5379 2 2 1 1 682 3775 3755
5380 2 2 1 1 3729 5353 1088
5381 2 2 1 1 4372 4479 2733
5382 2 2 1 1 4005 5843 4872
5383 2 2 1 1 4276 6282 4937
5384 2 2 1 1 165 6190 5185
5385 2 2 1 1 5965 5966 5009
5386 2 2 1 1 2681 6073 2680
5387 2 2 1 1 4599 5991 4276
5388 2 2 1 1 5693 5929 3013
5389 2 2 1 1 5121 6272 2755
5390 2 2 1 1 5499 6288 6099
5391 2 2 1 1 772 5134 773
5392 2 2 1 1 4188 5410 4035
5393 2 2 1 1 2604 3862 3849
5394 2 2 1 1 584 5162 3795
5395 2 2 1 1 4704 5264 2112
5396 2 2 1 1 2036 6144 575
5397 2 2 1 1 4097 6088 4540
5398 2 2 1 1 4213 4577 821
5399 2 2 1 1 4702 6065 5526
5400 2 2 1 1 4851 5990 3763
5401 2 2 1 1 3376 5405 664
5402 2 2 1 1 4437 5040 835
5403 2 2 1 1 69 5589 70
5404 2 2 1 1 187 6027 5234
5405 2 2 1 1 2105 5184 3999
5406 2 2 1 1 4297 5261 670
5407 2 2 1 1 1218 5296 1219
5408 2 2 1 1 5086 5129 2438
5409 2 2 1 1 4157 4589 2066
5410 2 2 1 1 2488 5513 4444
5411 2 2 1 1 4865 6257 4752
5412 2 2 1 1 4833 6067 2377
5413 2 2 1 1 3079 6111 3080
5414 2 2 1 1 157 4563 474
5415 2 2 1 1 4056 5119 4285
5416 2 2 1 1 1407 4501 3935
5417 2 2 1 1 3634 6219 5278
5418 2 2 1 1 768 5183 4595
5419 2 2 1 1 2825 4892 2826
5420 2 2 1 1 1194 5840 1177
5421 2 2 1 1 97 5586 84
5422 2 2 1 1 348 5637 5431
5423 2 2 1 1 5450 6271 3211
5424 2 2 1 1 4497 6053 3716
5425 2 2 1 1 5603 5973 4010
5426 2 2 1 1 120 4873 4218
5427 2 2 1 1 4417 5203 435
5428 2 2 1 1 4553 5524 5106
5429 2 2 1 1 4007 5232 1775
5430 2 2 1 1 68 4908 69
5431 2 2 1 1 4677 5544 3181
5432 2 2 1 1 2333 6209 809
5433 2 2 1 1 1249 5932 1250
5434 2 2 1 1 4291 6155 5803
5435 2 2 1 1 954 5942 940
5436 2 2 1 1 3462 4448 2669
5437 2 2 1 1 4369 4852 3950
5438 2 2 1 1 4350 6247 5786
5439 2 2 1 1 3661 4611 2753
5440 2 2 1 1 2347 4071 2348
5441 2 2 1 1 517 5697 5634
5442 2 2 1 1 385 5738 5584
5443 2 2 1 1 4084 5443 297
5444 2 2 1 1 4584 5172 4498
5445 2 2 1 1 4559 5567 1110
5446 2 2 1 1 1111 5567 4074
5447 2 2 1 1 84 5586 339
5448 2 2 1 1 1284 3955 1281
5449 2 2 1 1 4105 5939 22
5450 2 2 1 1 1844 5881 4243
5451 2 2 1 1 4348 6170 3968
5452 2 2 1 1 4974 6274 926
5453 2 2 1 1 5414 5957 1859
5454 2 2 1 1 2993 4823 3920
5455 2 2 1 1 5638 6142 5984
5456 2 2 1 1 5171 5767 3850
5457 2 2 1 1 3975 6038 4814
5458 2 2 1 1 2058 4940 2059
5459 2 2 1 1 3983 5631 3773
5460 2 2 1 1 4669 5297 3997
5461 2 2 1 1 3758 5648 1026
5462 2 2 1 1 3987 5538 953
5463 2 2 1 1 1706 4520 1196
5464 2 2 1 1 1543 5566 4072
5465 2 2 1 1 3809 4855 2508
5466 2 2 1 1 102 4818 4397
5467 2 2 1 1 3696 5771 5529
5468 2 2 1 1 5480 6067 3726
5469 2 2 1 1 4078 6271 5450
5470 2 2 1 1 2634 5331 2635
5471 2 2 1 1 29 4644 3994
5472 2 2 1 1 3638 4865 705
5473 2 2 1 1 5856 5920 4977
5474 2 2 1 1 4888 5111 4265
5475 2 2 1 1 1870 5158 1871
5476 2 2 1 1 4217 4637 1647
5477 2 2 1 1 4644 6264 5515
5478 2 2 1 1 193 5621 4955
5479 2 2 1 1 4790 5350 2679
5480 2 2 1 1 5418 5767 4113
5481 2 2 1 1 842 5898 843
5482 2 2 1 1 4187 6171 3430
5483 2 2 1 1 4324 5276 5188
5484 2 2 1 1 1812 4668 3802
5485 2 2 1 1 1916 4123 3787
5486 2 2 1 1 3980 4848 1352
5487 2 2 1 1 4500 6136 1051
5488 2 2 1 1 512 5102 513
5489 2 2 1 1 3672 6037 4990
5490 2 2 1 1 3741 4802 976
5491 2 2 1 1 118 5696 3776
5492 2 2 1 1 326 4885 3875
5493 2 2 1 1 1378 6237 5585
5494 2 2 1 1 4438 4646 1597
5495 2 2 1 1 770 4595 4170
5496 2 2 1 1 4946 5926 1913
5497 2 2 1 1 5821 5845 3817
5498 2 2 1 1 122 6068 123
5499 2 2 1 1 2559 5979 2985
5500 2 2 1 1 702 6106 4820
5501 2 2 1 1 841 5928 842
5502 2 2 1 1 4155 5337 3807
5503 2 2 1 1 2680 6073 4790
5504 2 2 1 1 5051 5784 3416
5505 2 2 1 1 2621 5626 4090
5506 2 2 1 1 5290 5485 3527
5507 2 2 1 1 5300 5857 1059
5508 2 2 1 1 5769 6048 3897
5509 2 2 1 1 60 5752 5153
5510 2 2 1 1 5839 5856 3731
5511 2 2 1 1 5108 5425 1866
5512 2 2 1 1 3449 5004 4366
5513 2 2 1 1 3691 6000 4675
5514 2 2 1 1 5086 5363 4517
5515 2 2 1 1 4803 5135 2941
5516 2 2 1 1 4452 5244 2263
5517 2 2 1 1 4054 5562 2227
5518 2 2 1 1 2228 5562 4805
5519 2 2 1 1 3973 6255 3690
5520 2 2 1 1 4310 6102 4670
5521 2 2 1 1 4146 5624 2311
5522 2 2 1 1 2294 5624 4088
5523 2 2 1 1 4003 4444 1559
5524 2 2 1 1 3872 4863 2276
5525 2 2 1 1 2783 4137 2782
5526 2 2 1 1 2779 4057 2777
5527 2 2 1 1 5252 5466 3863
5528 2 2 1 1 2357 6080 2358
5529 2 2 1 1 2558 5979 2559
5530 2 2 1 1 1515 5886 4725
5531 2 2 1 1 323 4811 324
5532 2 2 1 1 2112 5264 2099
5533 2 2 1 1 4557 5530 3064
5534 2 2 1 1 3764 5656 1907
5535 2 2 1 1 57 4025 3815
5536 2 2 1 1 4278 4727 3172
5537 2 2 1 1 2082 3863 2069
5538 2 2 1 1 4697 5027 1274
5539 2 2 1 1 2599 4724 3848
5540 2 2 1 1 1012 3843 1013
5541 2 2 1 1 4204 5117 829
5542 2 2 1 1 3791 6195 5038
5543 2 2 1 1 5913 6021 3670
5544 2 2 1 1 4647 5232 2397
5545 2 2 1 1 4275 5438 2513
5546 2 2 1 1 3816 5483 2898
5547 2 2 1 1 1555 5960 1556
5548 2 2 1 1 1247 4750 4147
5549 2 2 1 1 1310 5258 1311
5550 2 2 1 1 4359 6175 5349
5551 2 2 1 1 5094 6191 3713
5552 2 2 1 1 4180 6173 4554
5553 2 2 1 1 4335 4826 1800
5554 2 2 1 1 1820 4843 4037
5555 2 2 1 1 2035 6144 2036
5556 2 2 1 1 1475 6166 1476
5557 2 2 1 1 2850 4531 2849
5558 2 2 1 1 997 5954 998
5559 2 2 1 1 893 5409 4623
5560 2 2 1 1 188 5234 4304
5561 2 2 1 1 3770 5292 2582
5562 2 2 1 1 818 5940 4970
5563 2 2 1 1 4828 5355 2047
5564 2 2 1 1 3984 5847 213
5565 2 2 1 1 835 5040 836
5566 2 2 1 1 4518 4933 3610
5567 2 2 1 1 3166 4920 3124
5568 2 2 1 1 4412 5112 4645
5569 2 2 1 1 1503 4730 4306
5570 2 2 1 1 1547 6025 1548
5571 2 2 1 1 2899 5483 5159
5572 2 2 1 1 716 4859 3759
5573 2 2 1 1 4592 4719 1145
5574 2 2 1 1 4081 5882 5241
5575 2 2 1 1 2450 5645 2433
5576 2 2 1 1 3065 5876 3066
5577 2 2 1 1 2206 5972 2207
5578 2 2 1 1 3776 4873 119
5579 2 2 1 1 737 4127 738
5580 2 2 1 1 2272 5148 4478
5581 2 2 1 1 1516 4725 4722
5582 2 2 1 1 1763 3904 1764
5583 2 2 1 1 4230 5445 4027
5584 2 2 1 1 2086 4854 2087
5585 2 2 1 1 4305 5349 3932
5586 2 2 1 1 5227 5399 143
5587 2 2 1 1 4264 5175 3882
5588 2 2 1 1 3768 6262 5172
5589 2 2 1 1 849 5550 834
5590 2 2 1 1 5059 5953 3373
5591 2 2 1 1 460 4033 3685
5592 2 2 1 1 4188 6070 5410
5593 2 2 1 1 2408 4980 4422
5594 2 2 1 1 2994 4854 2995
5595 2 2 1 1 593 6050 580
5596 2 2 1 1 3763 6061 5019
5597 2 2 1 1 5505 5693 4296
5598 2 2 1 1 3909 6279 5883
5599 2 2 1 1 23 4168 24
5600 2 2 1 1 4923 6208 4133
5601 2 2 1 1 3945 6027 5059
5602 2 2 1 1 3718 6201 4523
5603 2 2 1 1 3821 4734 1933
5604 2 2 1 1 4510 5408 4317
5605 2 2 1 1 3811 4856 3050
5606 2 2 1 1 3762 4737 3048
5607 2 2 1 1 5592 5813 4962
5608 2 2 1 1 1581 4666 3789
5609 2 2 1 1 4085 6248 323
5610 2 2 1 1 925 4974 926
5611 2 2 1 1 1652 5243 1653
5612 2 2 1 1 469 3873 470
5613 2 2 1 1 2006 4194 2007
5614 2 2 1 1 1625 6185 1623
5615 2 2 1 1 5198 5483 3816
5616 2 2 1 1 4010 4164 2738
5617 2 2 1 1 546 3756 547
5618 2 2 1 1 4290 6188 2161
5619 2 2 1 1 4600 6017 5835
5620 2 2 1 1 1087 5436 3729
5621 2 2 1 1 3827 4745 1354
5622 2 2 1 1 2591 3739 2592
5623 2 2 1 1 5365 5998 4851
5624 2 2 1 1 1508 5484 4658
5625 2 2 1 1 4191 5168 668
5626 2 2 1 1 2478 5890 4404
5627 2 2 1 1 2537 3870 2538
5628 2 2 1 1 321 4311 322
5629 2 2 1 1 5106 5524 4779
5630 2 2 1 1 334 4097 335
5631 2 2 1 1 927 4880 928
5632 2 2 1 1 1952 5545 1950
5633 2 2 1 1 2656 5943 5521
5634 2 2 1 1 284 3860 285
5635 2 2 1 1 421 4181 420
5636 2 2 1 1 3192 5242 4383
5637 2 2 1 1 3239 4966 3240
5638 2 2 1 1 5032 6201 4073
5639 2 2 1 1 4943 6043 503
5640 2 2 1 1 4889 5435 3034
5641 2 2 1 1 1644 5463 1645
5642 2 2 1 1 4711 6002 2218
5643 2 2 1 1 931 4986 932
5644 2 2 1 1 3250 3824 3235
5645 2 2 1 1 641 4348 625
5646 2 2 1 1 766 6139 4302
5647 2 2 1 1 2756 6272 2925
5648 2 2 1 1 2292 5813 2293
5649 2 2 1 1 499 6040 92
5650 2 2 1 1 1129 3871 1130
5651 2 2 1 1 323 6248 4811
5652 2 2 1 1 4340 6149 4050
5653 2 2 1 1 4653 5489 1549
5654 2 2 1 1 3894 4884 688
5655 2 2 1 1 1005 5081 1006
5656 2 2 1 1 1158 3952 1142
5657 2 2 1 1 2114 4641 2124
5658 2 2 1 1 796 5239 4584
5659 2 2 1 1 937 5357 938
5660 2 2 1 1 934 3917 935
5661 2 2 1 1 935 4618 936
5662 2 2 1 1 3238 3631 3239
5663 2 2 1 1 3236 3675 3237
5664 2 2 1 1 795 5239 796
5665 2 2 1 1 2575 3989 2576
5666 2 2 1 1 2844 4271 2845
5667 2 2 1 1 89 4872 90
5668 2 2 1 1 88 3769 89
5669 2 2 1 1 467 4098 468
5670 2 2 1 1 468 4470 469
5671 2 2 1 1 2777 3636 2778
5672 2 2 1 1 669 4297 670
5673 2 2 1 1 335 4540 318
5674 2 2 1 1 743 5738 744
5675 2 2 1 1 742 4377 743
5676 2 2 1 1 759 4768 741
5677 2 2 1 1 3057 3939 3058
5678 2 2 1 1 2100 5389 2101
5679 2 2 1 1 2103 4898 2104
5680 2 2 1 1 124 4040 125
5681 2 2 1 1 4026 6220 5307
5682 2 2 1 1 1128 4439 1129
5683 2 2 1 1 1141 3814 1126
5684 2 2 1 1 1126 5041 1127
5685 2 2 1 1 1127 4225 1128
5686 2 2 1 1 5020 6263 1705
5687 2 2 1 1 403 5666 404
5688 2 2 1 1 531 5218 532
5689 2 2 1 1 530 3694 531
5690 2 2 1 1 532 5031 533
5691 2 2 1 1 377 4858 4787
5692 2 2 1 1 1951 4723 1963
5693 2 2 1 1 1950 4436 1951
5694 2 2 1 1 4244 5542 4994
5695 2 2 1 1 1800 4826 1801
5696 2 2 1 1 2176 4613 2177
5697 2 2 1 1 4038 5985 151
5698 2 2 1 1 2150 4051 2151
5699 2 2 1 1 2153 4392 2154
5700 2 2 1 1 2159 3678 2160
5701 2 2 1 1 2151 3966 2152
5702 2 2 1 1 2154 4056 2155
5703 2 2 1 1 2149 5473 2150
5704 2 2 1 1 2152 4495 2153
5705 2 2 1 1 2155 4285 2156
5706 2 2 1 1 809 6142 810
5707 2 2 1 1 818 4969 819
5708 2 2 1 1 3120 3839 3119
5709 2 2 1 1 2306 6110 2307
5710 2 2 1 1 1002 5197 4746
5711 2 2 1 1 2987 3944 2988
5712 2 2 1 1 2986 4116 2987
5713 2 2 1 1 2997 4607 2998
5714 2 2 1 1 3792 4419 885
5715 2 2 1 1 2916 5204 4342
5716 2 2 1 1 2623 4396 2624
5717 2 2 1 1 2629 5211 2630
5718 2 2 1 1 2624 4206 2625
5719 2 2 1 1 2630 3813 2631
5720 2 2 1 1 2625 5475 2626
5721 2 2 1 1 2627 5044 2628
5722 2 2 1 1 2621 4090 2622
5723 2 2 1 1 2622 4319 2623
5724 2 2 1 1 103 3753 104
5725 2 2 1 1 100 4622 101
5726 2 2 1 1 102 4397 103
5727 2 2 1 1 255 5195 256
5728 2 2 1 1 265 3926 252
5729 2 2 1 1 254 4866 255
5730 2 2 1 1 256 4390 257
5731 2 2 1 1 2740 4808 2741
5732 2 2 1 1 2739 4314 2740
5733 2 2 1 1 2747 5304 2748
5734 2 2 1 1 3825 6205 5452
5735 2 2 1 1 1570 3962 1571
5736 2 2 1 1 2074 3959 2075
5737 2 2 1 1 2076 5614 2077
5738 2 2 1 1 2069 4553 2070
5739 2 2 1 1 2072 5105 2073
5740 2 2 1 1 416 4048 414
5741 2 2 1 1 417 5914 416
5742 2 2 1 1 739 4174 740
5743 2 2 1 1 727 4064 728
5744 2 2 1 1 2340 3804 2341
5745 2 2 1 1 1883 5476 1884
5746 2 2 1 1 1886 5054 1887
5747 2 2 1 1 1884 4488 1885
5748 2 2 1 1 2832 4035 2819
5749 2 2 1 1 2831 4188 2832
5750 2 2 1 1 2827 4467 2828
5751 2 2 1 1 3818 4959 1702
5752 2 2 1 1 4808 5052 2741
5753 2 2 1 1 4186 4767 963
5754 2 2 1 1 779 4875 780
5755 2 2 1 1 778 4011 779
5756 2 2 1 1 780 4701 781
5757 2 2 1 1 781 4291 782
5758 2 2 1 1 790 4754 791
5759 2 2 1 1 1020 4024 1007
5760 2 2 1 1 1007 4347 1008
5761 2 2 1 1 14 3761 15
5762 2 2 1 1 627 5113 628
5763 2 2 1 1 625 3968 626
5764 2 2 1 1 628 4341 629
5765 2 2 1 1 2304 6082 3861
5766 2 2 1 1 1157 4117 1158
5767 2 2 1 1 3859 6161 5419
5768 2 2 1 1 3911 5598 5390
5769 2 2 1 1 4181 5831 420
5770 2 2 1 1 2826 4743 2827
5771 2 2 1 1 1502 4730 1503
5772 2 2 1 1 1111 4074 1097
5773 2 2 1 1 1109 4559 1110
5774 2 2 1 1 1108 3742 1109
5775 2 2 1 1 2293 5592 2277
5776 2 2 1 1 2277 4635 2278
5777 2 2 1 1 2278 5233 2279
5778 2 2 1 1 2263 5244 2264
5779 2 2 1 1 969 4109 970
5780 2 2 1 1 3210 5213 4200
5781 2 2 1 1 4076 6265 3647
5782 2 2 1 1 2294 4088 2295
5783 2 2 1 1 2310 4146 2311
5784 2 2 1 1 2295 3721 2296
5785 2 2 1 1 4707 4833 2376
5786 2 2 1 1 4245 5451 2338
5787 2 2 1 1 1393 4791 4212
5788 2 2 1 1 1821 3973 1822
5789 2 2 1 1 2985 6157 2559
5790 2 2 1 1 3891 5876 5530
5791 2 2 1 1 1227 5922 1228
5792 2 2 1 1 5526 6065 3768
5793 2 2 1 1 2234 5205 2235
5794 2 2 1 1 3958 5743 1056
5795 2 2 1 1 1569 3744 1570
5796 2 2 1 1 1568 4405 1569
5797 2 2 1 1 53 3665 54
5798 2 2 1 1 56 4025 57
5799 2 2 1 1 66 4298 53
5800 2 2 1 1 55 5452 56
5801 2 2 1 1 1412 3700 1413
5802 2 2 1 1 884 4417 3792
5803 2 2 1 1 1275 5027 4165
5804 2 2 1 1 4335 6125 4257
5805 2 2 1 1 5530 6016 3891
5806 2 2 1 1 4713 5521 3170
5807 2 2 1 1 720 4923 721
5808 2 2 1 1 2386 3946 2375
5809 2 2 1 1 2380 3892 2381
5810 2 2 1 1 2378 4418 2379
5811 2 2 1 1 2377 5480 2378
5812 2 2 1 1 2379 4411 2380
5813 2 2 1 1 2385 4412 2386
5814 2 2 1 1 400 6165 401
5815 2 2 1 1 1201 5063 1202
5816 2 2 1 1 1543 4072 1544
5817 2 2 1 1 1540 4843 1541
5818 2 2 1 1 1535 4067 1536
5819 2 2 1 1 3652 6074 2934
5820 2 2 1 1 65 5091 66
5821 2 2 1 1 3949 4677 3180
5822 2 2 1 1 1728 5257 1729
5823 2 2 1 1 1946 3893 1947
5824 2 2 1 1 3513 6212 169
5825 2 2 1 1 3210 4200 3211
5826 2 2 1 1 3218 5352 3219
5827 2 2 1 1 2505 3974 2506
5828 2 2 1 1 500 4005 501
5829 2 2 1 1 502 3785 503
5830 2 2 1 1 4847 5618 1478
5831 2 2 1 1 1214 4772 1215
5832 2 2 1 1 3018 5198 4503
5833 2 2 1 1 70 4484 71
5834 2 2 1 1 3035 5435 5367
5835 2 2 1 1 2529 5791 2862
5836 2 2 1 1 63 5045 4574
5837 2 2 1 1 740 4985 724
5838 2 2 1 1 5419 6161 2470
5839 2 2 1 1 5060 6136 4209
5840 2 2 1 1 2513 5438 2514
5841 2 2 1 1 3295 6123 5375
5842 2 2 1 1 131 3914 132
5843 2 2 1 1 2762 4310 2763
5844 2 2 1 1 2763 4670 2764
5845 2 2 1 1 2421 4650 2422
5846 2 2 1 1 2420 3907 2421
5847 2 2 1 1 2422 5667 2423
5848 2 2 1 1 2419 5035 2420
5849 2 2 1 1 257 4390 3717
5850 2 2 1 1 2677 6030 2676
5851 2 2 1 1 145 5033 146
5852 2 2 1 1 504 6043 3884
5853 2 2 1 1 899 4625 900
5854 2 2 1 1 3309 5970 4964
5855 2 2 1 1 1393 4212 1394
5856 2 2 1 1 2283 4235 2284
5857 2 2 1 1 1777 4890 1778
5858 2 2 1 1 2288 4266 2289
5859 2 2 1 1 861 4367 862
5860 2 2 1 1 1675 4030 1660
5861 2 2 1 1 1660 3918 1661
5862 2 2 1 1 971 5488 955
5863 2 2 1 1 956 3746 957
5864 2 2 1 1 970 4849 971
5865 2 2 1 1 955 4664 956
5866 2 2 1 1 1761 4420 1762
5867 2 2 1 1 1762 3754 1763
5868 2 2 1 1 1759 5046 1760
5869 2 2 1 1 1755 4346 1756
5870 2 2 1 1 1760 4272 1761
5871 2 2 1 1 897 4773 898
5872 2 2 1 1 898 3866 899
5873 2 2 1 1 1607 4874 1608
5874 2 2 1 1 2424 4565 2425
5875 2 2 1 1 2431 4008 2432
5876 2 2 1 1 4660 5909 1479
5877 2 2 1 1 760 4516 761
5878 2 2 1 1 761 3743 762
5879 2 2 1 1 551 4628 552
5880 2 2 1 1 4071 5573 4781
5881 2 2 1 1 4071 4569 2348
5882 2 2 1 1 4237 6278 4893
5883 2 2 1 1 4625 6139 765
5884 2 2 1 1 2935 4882 2936
5885 2 2 1 1 2938 4560 2939
5886 2 2 1 1 2939 3653 2940
5887 2 2 1 1 722 4476 723
5888 2 2 1 1 709 3982 710
5889 2 2 1 1 5411 6091 5323
5890 2 2 1 1 989 6264 990
5891 2 2 1 1 1398 4226 1399
5892 2 2 1 1 1406 4501 1407
5893 2 2 1 1 1156 5497 5031
5894 2 2 1 1 1349 4282 1350
5895 2 2 1 1 3904 5364 4183
5896 2 2 1 1 299 5930 300
5897 2 2 1 1 2919 6074 4938
5898 2 2 1 1 2905 5135 2906
5899 2 2 1 1 2916 4342 2917
5900 2 2 1 1 2908 4766 2909
5901 2 2 1 1 2907 4208 2908
5902 2 2 1 1 2906 4803 2907
5903 2 2 1 1 2917 5058 2918
5904 2 2 1 1 5057 5596 1221
5905 2 2 1 1 2524 4564 2525
5906 2 2 1 1 2393 5001 2394
5907 2 2 1 1 2388 4704 2389
5908 2 2 1 1 2387 5264 2388
5909 2 2 1 1 2397 3834 2398
5910 2 2 1 1 2398 4337 2387
5911 2 2 1 1 2392 5283 2393
5912 2 2 1 1 2391 4775 2392
5913 2 2 1 1 5424 5848 3538
5914 2 2 1 1 4781 5573 1791
5915 2 2 1 1 3076 5032 3077
5916 2 2 1 1 3073 4425 3074
5917 2 2 1 1 3077 4073 3078
5918 2 2 1 1 3075 4960 3076
5919 2 2 1 1 3074 3937 3075
5920 2 2 1 1 2657 6016 2658
5921 2 2 1 1 3859 4729 2472
5922 2 2 1 1 864 5260 4323
5923 2 2 1 1 146 4666 128
5924 2 2 1 1 130 4336 131
5925 2 2 1 1 129 4190 130
5926 2 2 1 1 128 4876 129
5927 2 2 1 1 723 3644 706
5928 2 2 1 1 707 3898 708
5929 2 2 1 1 708 4469 709
5930 2 2 1 1 690 4442 691
5931 2 2 1 1 3025 4296 3026
5932 2 2 1 1 3022 4776 3023
5933 2 2 1 1 2656 5521 4000
5934 2 2 1 1 2400 4556 2401
5935 2 2 1 1 3981 5249 4868
5936 2 2 1 1 3036 5678 3037
5937 2 2 1 1 4223 6078 4776
5938 2 2 1 1 2608 4027 2609
5939 2 2 1 1 2620 4267 2607
5940 2 2 1 1 2611 4351 2612
5941 2 2 1 1 2609 3710 2610
5942 2 2 1 1 2284 4456 2285
5943 2 2 1 1 1529 5418 1530
5944 2 2 1 1 1075 5278 4967
5945 2 2 1 1 4000 5521 4713
5946 2 2 1 1 2598 5870 569
5947 2 2 1 1 286 3647 287
5948 2 2 1 1 300 4947 301
5949 2 2 1 1 301 4076 286
5950 2 2 1 1 288 5457 289
5951 2 2 1 1 2226 4054 2227
5952 2 2 1 1 2216 5454 2217
5953 2 2 1 1 2215 3941 2216
5954 2 2 1 1 2228 4805 2215
5955 2 2 1 1 3842 4823 2992
5956 2 2 1 1 2963 4910 2964
5957 2 2 1 1 2962 3715 2963
5958 2 2 1 1 4080 5562 3906
5959 2 2 1 1 4001 5339 1264
5960 2 2 1 1 3014 5428 3015
5961 2 2 1 1 2520 4153 2521
5962 2 2 1 1 2522 4979 2523
5963 2 2 1 1 2523 4891 2524
5964 2 2 1 1 2521 4107 2522
5965 2 2 1 1 550 4749 551
5966 2 2 1 1 565 4929 548
5967 2 2 1 1 1936 4982 1937
5968 2 2 1 1 4034 5204 2915
5969 2 2 1 1 190 5308 191
5970 2 2 1 1 2462 4215 2463
5971 2 2 1 1 4552 5598 1618
5972 2 2 1 1 4334 5167 3099
5973 2 2 1 1 1530 5124 1531
5974 2 2 1 1 1836 4210 1837
5975 2 2 1 1 2503 4111 2504
5976 2 2 1 1 588 6063 589
5977 2 2 1 1 4236 5670 595
5978 2 2 1 1 678 5329 3633
5979 2 2 1 1 2113 4707 2114
5980 2 2 1 1 2828 5425 2829
5981 2 2 1 1 3059 5376 3060
5982 2 2 1 1 339 5586 340
5983 2 2 1 1 2803 4667 2804
5984 2 2 1 1 4983 5791 2528
5985 2 2 1 1 2815 3933 2816
5986 2 2 1 1 3717 5094 258
5987 2 2 1 1 75 4043 76
5988 2 2 1 1 80 4899 81
5989 2 2 1 1 3164 4053 3165
5990 2 2 1 1 3155 5563 3156
5991 2 2 1 1 3154 5543 3155
5992 2 2 1 1 2774 5547 2773
5993 2 2 1 1 2518 3697 2503
5994 2 2 1 1 3896 6200 5765
5995 2 2 1 1 1095 4916 4345
5996 2 2 1 1 1917 4359 1918
5997 2 2 1 1 1918 5349 1919
5998 2 2 1 1 76 4259 77
5999 2 2 1 1 757 5209 312
6000 2 2 1 1 1798 6125 1799
6001 2 2 1 1 1687 4134 1688
6002 2 2 1 1 1688 5628 1689
6003 2 2 1 1 2101 5074 2102
6004 2 2 1 1 21 3716 22
6005 2 2 1 1 3788 5128 1641
6006 2 2 1 1 616 4818 617
6007 2 2 1 1 613 4440 614
6008 2 2 1 1 611 5399 612
6009 2 2 1 1 612 5227 613
6010 2 2 1 1 615 5164 616
6011 2 2 1 1 614 3877 615
6012 2 2 1 1 3020 6085 2895
6013 2 2 1 1 39 5383 40
6014 2 2 1 1 50 4006 51
6015 2 2 1 1 1379 6133 960
6016 2 2 1 1 3121 5693 5505
6017 2 2 1 1 4713 5675 4000
6018 2 2 1 1 3954 4859 715
6019 2 2 1 1 1398 5092 4226
6020 2 2 1 1 4456 5825 3234
6021 2 2 1 1 41 3708 42
6022 2 2 1 1 5927 6275 3748
6023 2 2 1 1 894 5974 895
6024 2 2 1 1 2098 4092 2083
6025 2 2 1 1 3093 6278 3094
6026 2 2 1 1 2084 4443 2085
6027 2 2 1 1 379 4446 366
6028 2 2 1 1 377 4787 378
6029 2 2 1 1 366 3990 367
6030 2 2 1 1 368 4207 369
6031 2 2 1 1 367 4445 368
6032 2 2 1 1 378 3857 379
6033 2 2 1 1 3803 5680 5676
6034 2 2 1 1 1207 4779 1208
6035 2 2 1 1 1203 5037 1204
6036 2 2 1 1 1206 5106 1207
6037 2 2 1 1 3216 5411 4012
6038 2 2 1 1 1746 5269 4106
6039 2 2 1 1 4713 6238 3225
6040 2 2 1 1 4324 5931 5276
6041 2 2 1 1 3281 5080 159
6042 2 2 1 1 883 4417 884
6043 2 2 1 1 4666 5033 3789
6044 2 2 1 1 4053 5198 4069
6045 2 2 1 1 1995 5569 4268
6046 2 2 1 1 19 4526 20
6047 2 2 1 1 36 4954 19
6048 2 2 1 1 20 4497 21
6049 2 2 1 1 2356 5611 2343
6050 2 2 1 1 2345 6069 2346
6051 2 2 1 1 2343 3965 2344
6052 2 2 1 1 5143 5451 4442
6053 2 2 1 1 6044 6045 5739
6054 2 2 1 1 4716 5533 1299
6055 2 2 1 1 1300 5533 4253
6056 2 2 1 1 2802 5189 2803
6057 2 2 1 1 2818 4830 2802
6058 2 2 1 1 2816 4374 2817
6059 2 2 1 1 2817 4223 2818
6060 2 2 1 1 2933 3652 2934
6061 2 2 1 1 1164 4252 1165
6062 2 2 1 1 3778 5518 2823
6063 2 2 1 1 2116 6067 2115
6064 2 2 1 1 77 4114 78
6065 2 2 1 1 79 4039 80
6066 2 2 1 1 4684 5382 4236
6067 2 2 1 1 3891 5675 3223
6068 2 2 1 1 1783 5297 1784
6069 2 2 1 1 51 5414 52
6070 2 2 1 1 145 6150 5033
6071 2 2 1 1 5155 5175 293
6072 2 2 1 1 4047 5591 1409
6073 2 2 1 1 1231 4176 1232
6074 2 2 1 1 4925 5098 227
6075 2 2 1 1 1244 4629 1227
6076 2 2 1 1 4684 6254 6061
6077 2 2 1 1 5667 5685 2423
6078 2 2 1 1 1850 4933 1848
6079 2 2 1 1 1802 3936 1803
6080 2 2 1 1 1813 4860 1814
6081 2 2 1 1 1814 5226 1815
6082 2 2 1 1 1804 3808 1805
6083 2 2 1 1 1803 4457 1804
6084 2 2 1 1 1727 4694 1728
6085 2 2 1 1 636 6187 637
6086 2 2 1 1 1768 5397 1769
6087 2 2 1 1 4985 6049 5893
6088 2 2 1 1 4077 4889 3033
6089 2 2 1 1 4818 5164 4397
6090 2 2 1 1 5085 5392 486
6091 2 2 1 1 319 5925 1895
6092 2 2 1 1 860 4792 4331
6093 2 2 1 1 5984 6142 4099
6094 2 2 1 1 4784 6173 3689
6095 2 2 1 1 3655 4543 362
6096 2 2 1 1 4010 5973 4164
6097 2 2 1 1 1467 4113 1468
6098 2 2 1 1 1481 5109 1466
6099 2 2 1 1 1468 4717 1469
6100 2 2 1 1 845 5532 846
6101 2 2 1 1 3058 5221 3059
6102 2 2 1 1 2148 4571 2129
6103 2 2 1 1 4574 5045 333
6104 2 2 1 1 4741 6253 4742
6105 2 2 1 1 3993 6202 4786
6106 2 2 1 1 4221 5380 3826
6107 2 2 1 1 28 5796 4644
6108 2 2 1 1 191 5308 380
6109 2 2 1 1 5584 5738 4377
6110 2 2 1 1 2761 4857 4368
6111 2 2 1 1 1785 4330 1768
6112 2 2 1 1 1784 4669 1785
6113 2 2 1 1 3199 5934 5594
6114 2 2 1 1 3713 5706 260
6115 2 2 1 1 3752 5834 229
6116 2 2 1 1 1370 6151 1371
6117 2 2 1 1 1713 4722 1714
6118 2 2 1 1 735 4474 736
6119 2 2 1 1 731 4140 732
6120 2 2 1 1 2449 4119 2450
6121 2 2 1 1 804 5298 805
6122 2 2 1 1 4670 5560 2764
6123 2 2 1 1 435 5203 436
6124 2 2 1 1 1723 5828 1710
6125 2 2 1 1 2633 4747 2634
6126 2 2 1 1 880 5801 881
6127 2 2 1 1 4196 4694 371
6128 2 2 1 1 1738 4315 1739
6129 2 2 1 1 5280 5905 2022
6130 2 2 1 1 2133 6236 2134
6131 2 2 1 1 1915 4123 1916
6132 2 2 1 1 3682 4858 376
6133 2 2 1 1 1741 5147 1742
6134 2 2 1 1 1742 4128 1743
6135 2 2 1 1 846 4042 847
6136 2 2 1 1 848 4471 849
6137 2 2 1 1 847 3908 848
6138 2 2 1 1 2998 6157 2985
6139 2 2 1 1 4864 5885 5207
6140 2 2 1 1 1230 4312 1231
6141 2 2 1 1 3244 5025 3245
6142 2 2 1 1 793 5616 4130
6143 2 2 1 1 4632 5616 792
6144 2 2 1 1 431 5787 4179
6145 2 2 1 1 4127 5795 4894
6146 2 2 1 1 812 5042 813
6147 2 2 1 1 3732 4925 226
6148 2 2 1 1 522 6108 4221
6149 2 2 1 1 108 6081 109
6150 2 2 1 1 3327 6179 5540
6151 2 2 1 1 3116 5956 3101
6152 2 2 1 1 1959 5997 2691
6153 2 2 1 1 396 5621 397
6154 2 2 1 1 635 4075 636
6155 2 2 1 1 4257 6125 1312
6156 2 2 1 1 1523 6104 5440
6157 2 2 1 1 988 5584 989
6158 2 2 1 1 1063 3819 1064
6159 2 2 1 1 1064 4763 1065
6160 2 2 1 1 1062 4930 1063
6161 2 2 1 1 1080 5354 1062
6162 2 2 1 1 4215 5170 2463
6163 2 2 1 1 5253 6275 5927
6164 2 2 1 1 2424 5685 4565
6165 2 2 1 1 1880 5331 1881
6166 2 2 1 1 4929 5497 1155
6167 2 2 1 1 147 4769 786
6168 2 2 1 1 2130 5196 2131
6169 2 2 1 1 2129 3723 2130
6170 2 2 1 1 4261 5854 4250
6171 2 2 1 1 3222 3891 3223
6172 2 2 1 1 3221 4061 3222
6173 2 2 1 1 811 5638 4242
6174 2 2 1 1 3024 6078 6020
6175 2 2 1 1 3767 5427 4279
6176 2 2 1 1 1488 5110 1489
6177 2 2 1 1 1491 4663 1492
6178 2 2 1 1 1489 4475 1490
6179 2 2 1 1 1490 3942 1491
6180 2 2 1 1 892 5409 893
6181 2 2 1 1 4314 5259 4808
6182 2 2 1 1 4658 5484 2039
6183 2 2 1 1 3924 6253 1105
6184 2 2 1 1 5508 5989 3953
6185 2 2 1 1 1830 5933 3810
6186 2 2 1 1 3670 6021 142
6187 2 2 1 1 4327 6148 4581
6188 2 2 1 1 1166 5447 1167
6189 2 2 1 1 1359 5161 1360
6190 2 2 1 1 2093 3957 3823
6191 2 2 1 1 5185 6190 4333
6192 2 2 1 1 733 3932 734
6193 2 2 1 1 734 4593 735
6194 2 2 1 1 732 4305 733
6195 2 2 1 1 2312 5875 4626
6196 2 2 1 1 2163 4795 2164
6197 2 2 1 1 3224 5675 4713
6198 2 2 1 1 2571 4199 2572
6199 2 2 1 1 1051 6136 1052
6200 2 2 1 1 5327 5678 3553
6201 2 2 1 1 160 4769 147
6202 2 2 1 1 2919 4480 2920
6203 2 2 1 1 2920 3864 2921
6204 2 2 1 1 2138 5314 2139
6205 2 2 1 1 1280 6001 3720
6206 2 2 1 1 3027 5988 3028
6207 2 2 1 1 2721 4636 2722
6208 2 2 1 1 2720 3829 2721
6209 2 2 1 1 4355 5445 2300
6210 2 2 1 1 3911 5770 5598
6211 2 2 1 1 2361 5229 73
6212 2 2 1 1 3989 6003 2576
6213 2 2 1 1 4210 5832 1837
6214 2 2 1 1 5010 5864 3991
6215 2 2 1 1 2786 4561 2787
6216 2 2 1 1 5215 6098 4205
6217 2 2 1 1 4845 5231 3786
6218 2 2 1 1 4836 5837 459
6219 2 2 1 1 3073 5824 4425
6220 2 2 1 1 4750 5339 4147
6221 2 2 1 1 1995 5574 5569
6222 2 2 1 1 4199 5773 4575
6223 2 2 1 1 2798 3695 2799
6224 2 2 1 1 3179 3949 3180
6225 2 2 1 1 4794 6104 3371
6226 2 2 1 1 784 4759 785
6227 2 2 1 1 2999 4063 3000
6228 2 2 1 1 3002 4352 3003
6229 2 2 1 1 3001 3671 3002
6230 2 2 1 1 3000 4485 3001
6231 2 2 1 1 3169 4713 3170
6232 2 2 1 1 4885 6192 3875
6233 2 2 1 1 2520 5978 4153
6234 2 2 1 1 4372 5483 4089
6235 2 2 1 1 1241 5016 1242
6236 2 2 1 1 1017 5698 1018
6237 2 2 1 1 2358 6080 5531
6238 2 2 1 1 4430 5707 1237
6239 2 2 1 1 249 3688 250
6240 2 2 1 1 251 3923 234
6241 2 2 1 1 248 4108 249
6242 2 2 1 1 250 4486 251
6243 2 2 1 1 5079 5875 2326
6244 2 2 1 1 327 6094 328
6245 2 2 1 1 2038 4658 2039
6246 2 2 1 1 380 5308 381
6247 2 2 1 1 2089 4748 2090
6248 2 2 1 1 4698 5042 83
6249 2 2 1 1 1806 5989 1807
6250 2 2 1 1 2935 6017 4882
6251 2 2 1 1 3417 5784 2912
6252 2 2 1 1 1733 6174 2256
6253 2 2 1 1 2649 5975 2633
6254 2 2 1 1 4010 6030 5603
6255 2 2 1 1 1307 4086 1306
6256 2 2 1 1 3102 5860 4868
6257 2 2 1 1 4313 5804 4658
6258 2 2 1 1 4113 5767 4717
6259 2 2 1 1 1311 4257 1312
6260 2 2 1 1 2484 3947 2467
6261 2 2 1 1 3651 6286 4821
6262 2 2 1 1 3037 5327 3038
6263 2 2 1 1 3038 4135 3039
6264 2 2 1 1 2480 3733 2481
6265 2 2 1 1 3129 4461 3128
6266 2 2 1 1 3477 5988 5959
6267 2 2 1 1 2572 4575 2573
6268 2 2 1 1 3964 6180 2042
6269 2 2 1 1 914 3927 915
6270 2 2 1 1 913 4014 914
6271 2 2 1 1 330 5903 5091
6272 2 2 1 1 5563 5927 3156
6273 2 2 1 1 4837 5390 2230
6274 2 2 1 1 2231 5390 4552
6275 2 2 1 1 1505 5040 1506
6276 2 2 1 1 1827 6155 1828
6277 2 2 1 1 1408 4047 1409
6278 2 2 1 1 2785 5777 2786
6279 2 2 1 1 2800 3922 2801
6280 2 2 1 1 2483 4167 2484
6281 2 2 1 1 2243 5341 3938
6282 2 2 1 1 3221 5825 4061
6283 2 2 1 1 5358 6135 4448
6284 2 2 1 1 274 6095 275
6285 2 2 1 1 507 5520 4672
6286 2 2 1 1 4354 5520 506
6287 2 2 1 1 4422 6066 2408
6288 2 2 1 1 1162 6148 1163
6289 2 2 1 1 916 3656 917
6290 2 2 1 1 910 5396 911
6291 2 2 1 1 1001 5394 5197
6292 2 2 1 1 2131 5341 2132
6293 2 2 1 1 4898 5275 3795
6294 2 2 1 1 159 5080 160
6295 2 2 1 1 2566 4044 2567
6296 2 2 1 1 2565 4273 2566
6297 2 2 1 1 805 4632 792
6298 2 2 1 1 793 4130 794
6299 2 2 1 1 794 5191 795
6300 2 2 1 1 800 5070 801
6301 2 2 1 1 797 4498 798
6302 2 2 1 1 798 3963 799
6303 2 2 1 1 3164 4089 4053
6304 2 2 1 1 2272 4478 2273
6305 2 2 1 1 568 5703 4724
6306 2 2 1 1 498 6040 499
6307 2 2 1 1 3906 5800 4422
6308 2 2 1 1 1513 3791 1514
6309 2 2 1 1 1514 5038 1499
6310 2 2 1 1 3825 6269 3655
6311 2 2 1 1 2905 6241 2942
6312 2 2 1 1 2640 4561 4362
6313 2 2 1 1 1361 5231 1348
6314 2 2 1 1 2405 5266 2956
6315 2 2 1 1 4054 5956 5084
6316 2 2 1 1 2747 5721 5304
6317 2 2 1 1 1790 4781 1791
6318 2 2 1 1 3062 5935 3063
6319 2 2 1 1 5352 5582 3219
6320 2 2 1 1 318 5925 319
6321 2 2 1 1 5196 5341 2131
6322 2 2 1 1 1622 6218 1621
6323 2 2 1 1 1419 6234 1420
6324 2 2 1 1 4448 6135 3843
6325 2 2 1 1 2684 3803 2683
6326 2 2 1 1 5533 6111 4253
6327 2 2 1 1 481 5338 482
6328 2 2 1 1 1869 5502 1870
6329 2 2 1 1 937 6122 5357
6330 2 2 1 1 4618 6122 936
6331 2 2 1 1 3053 4817 3054
6332 2 2 1 1 466 5260 4659
6333 2 2 1 1 2964 4910 3806
6334 2 2 1 1 3203 4648 3204
6335 2 2 1 1 439 4430 440
6336 2 2 1 1 2790 6119 2791
6337 2 2 1 1 467 5217 4098
6338 2 2 1 1 2730 5159 2731
6339 2 2 1 1 2605 4594 2606
6340 2 2 1 1 2185 4990 3662
6341 2 2 1 1 3672 4990 2186
6342 2 2 1 1 4746 4921 1002
6343 2 2 1 1 3800 5087 2030
6344 2 2 1 1 4243 5891 1844
6345 2 2 1 1 3025 6020 4296
6346 2 2 1 1 1811 4668 1812
6347 2 2 1 1 1807 4018 1808
6348 2 2 1 1 1809 4505 1810
6349 2 2 1 1 1808 3714 1809
6350 2 2 1 1 1810 3630 1811
6351 2 2 1 1 1308 4055 1307
6352 2 2 1 1 1300 4253 1309
6353 2 2 1 1 1309 3835 1308
6354 2 2 1 1 1301 4716 1299
6355 2 2 1 1 3366 5930 5642
6356 2 2 1 1 437 4504 438
6357 2 2 1 1 438 3783 439
6358 2 2 1 1 1829 6207 4701
6359 2 2 1 1 1286 6216 3868
6360 2 2 1 1 726 5493 4419
6361 2 2 1 1 469 4470 3873
6362 2 2 1 1 4689 6010 1430
6363 2 2 1 1 4368 5826 2761
6364 2 2 1 1 1836 5166 4210
6365 2 2 1 1 3234 5403 4456
6366 2 2 1 1 418 5970 417
6367 2 2 1 1 3684 5940 817
6368 2 2 1 1 3812 5096 1898
6369 2 2 1 1 1552 5772 4681
6370 2 2 1 1 1832 4997 1833
6371 2 2 1 1 1847 3934 1832
6372 2 2 1 1 1833 5030 1834
6373 2 2 1 1 3041 3654 3042
6374 2 2 1 1 3056 4513 3041
6375 2 2 1 1 3054 3921 3055
6376 2 2 1 1 4267 6082 4230
6377 2 2 1 1 1178 5395 447
6378 2 2 1 1 3218 6103 5352
6379 2 2 1 1 4074 5567 5566
6380 2 2 1 1 4429 5877 3060
6381 2 2 1 1 2606 3782 2593
6382 2 2 1 1 2595 5111 2596
6383 2 2 1 1 2594 4757 2595
6384 2 2 1 1 2593 4373 2594
6385 2 2 1 1 5566 5567 4072
6386 2 2 1 1 3707 5998 48
6387 2 2 1 1 3807 5826 4368
6388 2 2 1 1 2538 6228 2554
6389 2 2 1 1 2074 6164 3959
6390 2 2 1 1 5105 6164 2073
6391 2 2 1 1 2909 4766 4329
6392 2 2 1 1 2801 5250 2784
6393 2 2 1 1 875 6123 876
6394 2 2 1 1 2685 5680 2684
6395 2 2 1 1 2293 5813 5592
6396 2 2 1 1 786 5836 147
6397 2 2 1 1 625 4348 3968
6398 2 2 1 1 3139 4994 3140
6399 2 2 1 1 2031 5087 4640
6400 2 2 1 1 401 6165 5504
6401 2 2 1 1 1950 5545 4436
6402 2 2 1 1 3147 3931 3148
6403 2 2 1 1 259 5094 3713
6404 2 2 1 1 1112 3930 1113
6405 2 2 1 1 1124 5215 1125
6406 2 2 1 1 1125 4205 1112
6407 2 2 1 1 1123 4919 1124
6408 2 2 1 1 1522 6104 1523
6409 2 2 1 1 1059 5857 1060
6410 2 2 1 1 4097 4540 335
6411 2 2 1 1 5632 6243 5987
6412 2 2 1 1 2390 5758 4723
6413 2 2 1 1 1877 6101 4634
6414 2 2 1 1 3766 5050 656
6415 2 2 1 1 661 5477 5110
6416 2 2 1 1 3634 6154 6153
6417 2 2 1 1 5585 6237 4186
6418 2 2 1 1 4776 6078 3023
6419 2 2 1 1 2053 3718 2054
6420 2 2 1 1 2041 3964 2042
6421 2 2 1 1 2054 4523 2041
6422 2 2 1 1 2051 4243 2052
6423 2 2 1 1 2052 4522 2053
6424 2 2 1 1 3006 3674 3007
6425 2 2 1 1 3008 3701 3009
6426 2 2 1 1 3009 4320 3010
6427 2 2 1 1 657 5050 4112
6428 2 2 1 1 1158 4117 3952
6429 2 2 1 1 2951 3906 2952
6430 2 2 1 1 2965 3856 2966
6431 2 2 1 1 2966 4080 2951
6432 2 2 1 1 2953 4980 2954
6433 2 2 1 1 2952 4422 2953
6434 2 2 1 1 1724 5152 1725
6435 2 2 1 1 4309 5999 5553
6436 2 2 1 1 5152 5340 4662
6437 2 2 1 1 3938 5341 5196
6438 2 2 1 1 1899 5096 3784
6439 2 2 1 1 580 5633 581
6440 2 2 1 1 653 4654 654
6441 2 2 1 1 3149 4530 3150
6442 2 2 1 1 3150 3641 3151
6443 2 2 1 1 3152 4244 3139
6444 2 2 1 1 2359 5531 4409
6445 2 2 1 1 3631 4966 3239
6446 2 2 1 1 3895 5213 4262
6447 2 2 1 1 124 5078 4040
6448 2 2 1 1 4211 6149 4340
6449 2 2 1 1 1079 5888 1080
6450 2 2 1 1 4251 5302 203
6451 2 2 1 1 1129 4439 3871
6452 2 2 1 1 442 5577 443
6453 2 2 1 1 4174 4985 740
6454 2 2 1 1 3088 4532 3089
6455 2 2 1 1 3089 3749 3090
6456 2 2 1 1 3100 3686 3087
6457 2 2 1 1 1438 4224 1439
6458 2 2 1 1 2397 5232 3834
6459 2 2 1 1 608 4290 609
6460 2 2 1 1 2466 4536 2451
6461 2 2 1 1 2451 3740 2452
6462 2 2 1 1 2452 4862 2453
6463 2 2 1 1 2465 3681 2466
6464 2 2 1 1 2464 4535 2465
6465 2 2 1 1 3010 5378 3011
6466 2 2 1 1 4053 4920 3165
6467 2 2 1 1 603 5444 604
6468 2 2 1 1 2737 4519 4010
6469 2 2 1 1 4250 6289 4261
6470 2 2 1 1 2469 3910 2470
6471 2 2 1 1 3977 5120 872
6472 2 2 1 1 1772 5938 4238
6473 2 2 1 1 1573 5036 4216
6474 2 2 1 1 4164 4314 2739
6475 2 2 1 1 4109 4849 970
6476 2 2 1 1 1193 3692 1194
6477 2 2 1 1 1192 4449 1193
6478 2 2 1 1 4012 5411 5323
6479 2 2 1 1 3744 3962 1570
6480 2 2 1 1 1075 4967 1076
6481 2 2 1 1 3136 3736 3135
6482 2 2 1 1 354 3667 355
6483 2 2 1 1 362 4543 363
6484 2 2 1 1 365 3760 352
6485 2 2 1 1 363 3698 364
6486 2 2 1 1 353 4546 354
6487 2 2 1 1 2301 5445 4230
6488 2 2 1 1 579 3913 566
6489 2 2 1 1 577 4477 578
6490 2 2 1 1 576 4250 577
6491 2 2 1 1 578 4202 579
6492 2 2 1 1 3954 5560 4859
6493 2 2 1 1 2751 5570 4612
6494 2 2 1 1 4022 5570 2750
6495 2 2 1 1 2922 5066 2923
6496 2 2 1 1 4099 6101 5984
6497 2 2 1 1 462 3646 463
6498 2 2 1 1 460 3685 461
6499 2 2 1 1 464 4323 465
6500 2 2 1 1 463 4550 464
6501 2 2 1 1 461 4548 462
6502 2 2 1 1 1013 6135 1014
6503 2 2 1 1 3138 3831 3137
6504 2 2 1 1 908 5125 909
6505 2 2 1 1 4303 5674 5319
6506 2 2 1 1 3530 6024 5061
6507 2 2 1 1 5739 6045 3943
6508 2 2 1 1 1230 5976 4312
6509 2 2 1 1 3242 5653 3175
6510 2 2 1 1 3137 4590 3136
6511 2 2 1 1 3917 4618 935
6512 2 2 1 1 3899 5302 1474
6513 2 2 1 1 3769 4872 89
6514 2 2 1 1 4098 4470 468
6515 2 2 1 1 4377 5738 743
6516 2 2 1 1 4723 5758 1963
6517 2 2 1 1 5959 5988 3027
6518 2 2 1 1 1163 6148 3867
6519 2 2 1 1 5319 5666 4021
6520 2 2 1 1 642 4052 643
6521 2 2 1 1 654 4180 655
6522 2 2 1 1 644 4185 645
6523 2 2 1 1 2436 5314 2437
6524 2 2 1 1 1525 5440 5126
6525 2 2 1 1 1127 5041 4225
6526 2 2 1 1 3814 5041 1126
6527 2 2 1 1 4225 4439 1128
6528 2 2 1 1 532 5218 5031
6529 2 2 1 1 3694 5218 531
6530 2 2 1 1 1305 4712 1304
6531 2 2 1 1 5267 5342 4731
6532 2 2 1 1 4436 4723 1951
6533 2 2 1 1 131 4336 3914
6534 2 2 1 1 4235 4456 2284
6535 2 2 1 1 4056 4285 2155
6536 2 2 1 1 2151 4051 3966
6537 2 2 1 1 2153 4495 4392
6538 2 2 1 1 3966 4495 2152
6539 2 2 1 1 2154 4392 4056
6540 2 2 1 1 2150 5473 4051
6541 2 2 1 1 607 6140 2162
6542 2 2 1 1 2551 6218 1622
6543 2 2 1 1 3117 4753 3118
6544 2 2 1 1 2987 4116 3944
6545 2 2 1 1 4206 5475 2625
6546 2 2 1 1 4090 4319 2622
6547 2 2 1 1 4319 4396 2623
6548 2 2 1 1 2624 4396 4206
6549 2 2 1 1 2630 5211 3813
6550 2 2 1 1 103 4397 3753
6551 2 2 1 1 830 5878 831
6552 2 2 1 1 4866 5195 255
6553 2 2 1 1 256 5195 4390
6554 2 2 1 1 2689 5029 3820
6555 2 2 1 1 3912 5029 2688
6556 2 2 1 1 3820 5028 2698
6557 2 2 1 1 2258 6019 4924
6558 2 2 1 1 4314 4808 2740
6559 2 2 1 1 146 5033 4666
6560 2 2 1 1 2260 5340 5152
6561 2 2 1 1 1881 5331 4747
6562 2 2 1 1 2408 6066 2409
6563 2 2 1 1 5396 5402 911
6564 2 2 1 1 416 5914 4048
6565 2 2 1 1 2355 6225 3621
6566 2 2 1 1 504 3884 505
6567 2 2 1 1 1884 5476 4488
6568 2 2 1 1 2832 4188 4035
6569 2 2 1 1 4011 4875 779
6570 2 2 1 1 781 4701 4291
6571 2 2 1 1 780 4875 4701
6572 2 2 1 1 1264 5339 1265
6573 2 2 1 1 4024 4347 1007
6574 2 2 1 1 1154 6051 1155
6575 2 2 1 1 551 4749 4628
6576 2 2 1 1 628 5113 4341
6577 2 2 1 1 1720 5885 4864
6578 2 2 1 1 867 5231 1361
6579 2 2 1 1 5349 6126 1919
6580 2 2 1 1 3742 4559 1109
6581 2 2 1 1 2277 5592 4635
6582 2 2 1 1 4635 5233 2278
6583 2 2 1 1 5440 6104 4606
6584 2 2 1 1 2418 5647 2399
6585 2 2 1 1 245 5141 246
6586 2 2 1 1 883 5203 4417
6587 2 2 1 1 505 4354 506
6588 2 2 1 1 507 4672 508
6589 2 2 1 1 533 5497 534
6590 2 2 1 1 434 4687 433
6591 2 2 1 1 2295 4088 3721
6592 2 2 1 1 2217 5454 4711
6593 2 2 1 1 822 4852 823
6594 2 2 1 1 5777 6035 3579
6595 2 2 1 1 1711 6149 1712
6596 2 2 1 1 4989 5517 648
6597 2 2 1 1 317 5299 302
6598 2 2 1 1 303 4623 304
6599 2 2 1 1 5305 5623 1577
6600 2 2 1 1 2242 5341 2243
6601 2 2 1 1 3052 6121 5256
6602 2 2 1 1 1569 4405 3744
6603 2 2 1 1 2827 4743 4467
6604 2 2 1 1 53 4298 3665
6605 2 2 1 1 56 5452 4025
6606 2 2 1 1 5223 6126 4140
6607 2 2 1 1 1553 5461 2214
6608 2 2 1 1 4722 4725 1714
6609 2 2 1 1 4659 5260 879
6610 2 2 1 1 2239 5043 4631
6611 2 2 1 1 3702 5043 2238
6612 2 2 1 1 1621 6218 5205
6613 2 2 1 1 4467 5425 2828
6614 2 2 1 1 606 6140 607
6615 2 2 1 1 2378 5480 4418
6616 2 2 1 1 2379 4418 4411
6617 2 2 1 1 2386 4412 3946
6618 2 2 1 1 2380 4411 3892
6619 2 2 1 1 3805 5874 5045
6620 2 2 1 1 3866 4625 899
6621 2 2 1 1 1275 4165 1276
6622 2 2 1 1 723 4476 3644
6623 2 2 1 1 709 4469 3982
6624 2 2 1 1 1732 4905 1733
6625 2 2 1 1 5240 5428 3122
6626 2 2 1 1 5540 6179 4159
6627 2 2 1 1 2483 5919 4167
6628 2 2 1 1 300 5930 4947
6629 2 2 1 1 1434 5088 1435
6630 2 2 1 1 4310 4670 2763
6631 2 2 1 1 1802 6098 3936
6632 2 2 1 1 5226 6098 1815
6633 2 2 1 1 1177 5395 1178
6634 2 2 1 1 4829 5526 538
6635 2 2 1 1 2420 5035 3907
6636 2 2 1 1 4650 5667 2422
6637 2 2 1 1 3907 4650 2421
6638 2 2 1 1 2769 6115 2768
6639 2 2 1 1 2552 6218 2551
6640 2 2 1 1 3138 6090 3831
6641 2 2 1 1 548 6051 549
6642 2 2 1 1 2255 6159 1734
6643 2 2 1 1 2524 4891 4564
6644 2 2 1 1 1567 5296 5089
6645 2 2 1 1 4696 5263 2140
6646 2 2 1 1 1660 4030 3918
6647 2 2 1 1 5367 5435 3551
6648 2 2 1 1 4849 5541 5488
6649 2 2 1 1 1268 5336 1269
6650 2 2 1 1 955 5488 4664
6651 2 2 1 1 4849 5488 971
6652 2 2 1 1 956 4664 3746
6653 2 2 1 1 5438 5650 2514
6654 2 2 1 1 2383 6026 3097
6655 2 2 1 1 4272 4420 1761
6656 2 2 1 1 1760 5046 4272
6657 2 2 1 1 1762 4420 3754
6658 2 2 1 1 898 4773 3866
6659 2 2 1 1 349 6160 350
6660 2 2 1 1 2829 5108 2830
6661 2 2 1 1 66 5091 4298
6662 2 2 1 1 4964 5831 4127
6663 2 2 1 1 761 4516 3743
6664 2 2 1 1 373 4662 374
6665 2 2 1 1 370 4196 371
6666 2 2 1 1 374 3972 375
6667 2 2 1 1 375 3682 376
6668 2 2 1 1 4781 5301 1293
6669 2 2 1 1 2534 5793 2535
6670 2 2 1 1 2013 4937 2014
6671 2 2 1 1 16 4203 17
6672 2 2 1 1 3795 5275 585
6673 2 2 1 1 3861 6082 5812
6674 2 2 1 1 4177 4946 1912
6675 2 2 1 1 2939 4560 3653
6676 2 2 1 1 820 4213 821
6677 2 2 1 1 1645 6120 1630
6678 2 2 1 1 306 5640 307
6679 2 2 1 1 4120 5653 3241
6680 2 2 1 1 358 6205 359
6681 2 2 1 1 4162 6017 4600
6682 2 2 1 1 1004 5309 1005
6683 2 2 1 1 2024 4902 2009
6684 2 2 1 1 1530 5418 5124
6685 2 2 1 1 4032 6165 5093
6686 2 2 1 1 2803 5189 4667
6687 2 2 1 1 2055 4020 2056
6688 2 2 1 1 3933 4374 2816
6689 2 2 1 1 1117 3901 1118
6690 2 2 1 1 1115 5256 1116
6691 2 2 1 1 1116 4582 1117
6692 2 2 1 1 1118 4820 1119
6693 2 2 1 1 1114 4158 1115
6694 2 2 1 1 2581 3770 2582
6695 2 2 1 1 91 5944 499
6696 2 2 1 1 220 5861 221
6697 2 2 1 1 549 6176 550
6698 2 2 1 1 233 4095 218
6699 2 2 1 1 218 4349 219
6700 2 2 1 1 232 4586 233
6701 2 2 1 1 775 5857 5300
6702 2 2 1 1 4643 5583 973
6703 2 2 1 1 974 5583 4639
6704 2 2 1 1 4039 4899 80
6705 2 2 1 1 2907 4803 4208
6706 2 2 1 1 4342 5058 2917
6707 2 2 1 1 4208 4766 2908
6708 2 2 1 1 2906 5135 4803
6709 2 2 1 1 2141 4681 2142
6710 2 2 1 1 1957 5612 1956
6711 2 2 1 1 1538 6014 1539
6712 2 2 1 1 5467 6234 1419
6713 2 2 1 1 4337 5264 2387
6714 2 2 1 1 4775 5283 2392
6715 2 2 1 1 2393 5283 5001
6716 2 2 1 1 3834 4337 2398
6717 2 2 1 1 2388 5264 4704
6718 2 2 1 1 3937 4960 3075
6719 2 2 1 1 3077 5032 4073
6720 2 2 1 1 3074 4425 3937
6721 2 2 1 1 4960 5032 3076
6722 2 2 1 1 2065 4157 2066
6723 2 2 1 1 2068 3747 2055
6724 2 2 1 1 2067 4587 2068
6725 2 2 1 1 1461 5318 1462
6726 2 2 1 1 1169 6244 1170
6727 2 2 1 1 1286 3868 1285
6728 2 2 1 1 129 4876 4190
6729 2 2 1 1 4666 4876 128
6730 2 2 1 1 4190 4336 130
6731 2 2 1 1 942 4853 943
6732 2 2 1 1 941 5014 942
6733 2 2 1 1 940 5859 941
6734 2 2 1 1 943 4060 944
6735 2 2 1 1 3898 4469 708
6736 2 2 1 1 2308 5973 5603
6737 2 2 1 1 1894 6039 319
6738 2 2 1 1 1565 5057 1566
6739 2 2 1 1 4069 5198 3017
6740 2 2 1 1 2331 4634 4099
6741 2 2 1 1 2372 6019 4905
6742 2 2 1 1 3697 4111 2503
6743 2 2 1 1 417 5970 5914
6744 2 2 1 1 3177 6162 3178
6745 2 2 1 1 1006 5081 387
6746 2 2 1 1 2609 4027 3710
6747 2 2 1 1 286 4076 3647
6748 2 2 1 1 301 4947 4076
6749 2 2 1 1 1618 5598 1617
6750 2 2 1 1 3232 6113 2287
6751 2 2 1 1 3941 5454 2216
6752 2 2 1 1 2215 4805 3941
6753 2 2 1 1 3715 4910 2963
6754 2 2 1 1 4119 5645 2450
6755 2 2 1 1 2044 4596 2045
6756 2 2 1 1 2046 4828 2047
6757 2 2 1 1 2043 3664 2044
6758 2 2 1 1 2045 3683 2046
6759 2 2 1 1 1895 5925 1896
6760 2 2 1 1 2523 4979 4891
6761 2 2 1 1 2521 4153 4107
6762 2 2 1 1 4107 4979 2522
6763 2 2 1 1 1942 4834 1943
6764 2 2 1 1 1432 4490 1433
6765 2 2 1 1 1433 3880 1434
6766 2 2 1 1 2010 3679 2011
6767 2 2 1 1 2011 4599 2012
6768 2 2 1 1 2009 4598 2010
6769 2 2 1 1 2012 4276 2013
6770 2 2 1 1 1905 4015 1906
6771 2 2 1 1 3959 6164 5476
6772 2 2 1 1 3659 5406 651
6773 2 2 1 1 351 3909 336
6774 2 2 1 1 336 4172 337
6775 2 2 1 1 21 4497 3716
6776 2 2 1 1 3789 6018 4744
6777 2 2 1 1 127 5456 350
6778 2 2 1 1 3228 4600 3229
6779 2 2 1 1 3229 3969 3230
6780 2 2 1 1 3227 4162 3228
6781 2 2 1 1 3230 4931 3231
6782 2 2 1 1 1846 5355 1847
6783 2 2 1 1 4061 5876 3891
6784 2 2 1 1 2986 5979 4116
6785 2 2 1 1 2980 4700 4104
6786 2 2 1 1 2161 6188 2162
6787 2 2 1 1 3455 5650 5438
6788 2 2 1 1 1917 5993 4359
6789 2 2 1 1 1482 5298 1483
6790 2 2 1 1 4623 5974 894
6791 2 2 1 1 99 5982 100
6792 2 2 1 1 1595 5757 1596
6793 2 2 1 1 1600 3648 1601
6794 2 2 1 1 1153 6176 1154
6795 2 2 1 1 1966 3985 1964
6796 2 2 1 1 3888 5733 3391
6797 2 2 1 1 4779 5524 1708
6798 2 2 1 1 1483 5298 804
6799 2 2 1 1 985 4797 986
6800 2 2 1 1 18 4017 1
6801 2 2 1 1 5584 6264 989
6802 2 2 1 1 2648 6250 4608
6803 2 2 1 1 1962 5758 4704
6804 2 2 1 1 4955 5621 396
6805 2 2 1 1 866 5231 867
6806 2 2 1 1 2777 4057 3636
6807 2 2 1 1 1818 5679 4728
6808 2 2 1 1 4376 5679 1817
6809 2 2 1 1 2062 5778 2063
6810 2 2 1 1 3883 5079 2325
6811 2 2 1 1 3926 5141 252
6812 2 2 1 1 839 6233 840
6813 2 2 1 1 4212 6156 1394
6814 2 2 1 1 5352 6103 5228
6815 2 2 1 1 2103 5275 4898
6816 2 2 1 1 2601 4834 1942
6817 2 2 1 1 1472 5095 1473
6818 2 2 1 1 5543 5563 3155
6819 2 2 1 1 1320 5900 4260
6820 2 2 1 1 2059 3976 2060
6821 2 2 1 1 2060 4610 2061
6822 2 2 1 1 2061 3838 2062
6823 2 2 1 1 2765 4022 2750
6824 2 2 1 1 2751 4612 2752
6825 2 2 1 1 2752 3661 2753
6826 2 2 1 1 3844 5071 4219
6827 2 2 1 1 465 5260 466
6828 2 2 1 1 4359 5349 1918
6829 2 2 1 1 68 5686 4908
6830 2 2 1 1 2252 4649 2253
6831 2 2 1 1 1231 4312 4176
6832 2 2 1 1 4134 5628 1688
6833 2 2 1 1 1295 6089 4423
6834 2 2 1 1 3863 4553 2069
6835 2 2 1 1 4075 6187 636
6836 2 2 1 1 5031 5497 533
6837 2 2 1 1 616 5164 4818
6838 2 2 1 1 613 5227 4440
6839 2 2 1 1 3877 5164 615
6840 2 2 1 1 612 5399 5227
6841 2 2 1 1 614 4440 3877
6842 2 2 1 1 2115 6067 4833
6843 2 2 1 1 4333 5692 268
6844 2 2 1 1 4924 6019 2371
6845 2 2 1 1 4644 5515 3994
6846 2 2 1 1 1476 4416 1477
6847 2 2 1 1 5161 5173 869
6848 2 2 1 1 1870 5502 5158
6849 2 2 1 1 185 5059 186
6850 2 2 1 1 200 5953 185
6851 2 2 1 1 188 4304 189
6852 2 2 1 1 49 5998 5365
6853 2 2 1 1 1912 4946 1913
6854 2 2 1 1 2829 5425 5108
6855 2 2 1 1 4517 5085 485
6856 2 2 1 1 2266 6213 3642
6857 2 2 1 1 2360 5229 2361
6858 2 2 1 1 2359 4409 2360
6859 2 2 1 1 518 6285 519
6860 2 2 1 1 4006 5414 51
6861 2 2 1 1 2533 4220 3711
6862 2 2 1 1 2253 4036 2254
6863 2 2 1 1 2254 4945 2255
6864 2 2 1 1 5030 5649 1834
6865 2 2 1 1 2999 4936 4063
6866 2 2 1 1 1655 4246 3796
6867 2 2 1 1 519 6285 115
6868 2 2 1 1 5084 5956 3116
6869 2 2 1 1 4095 5827 4349
6870 2 2 1 1 1656 5750 1657
6871 2 2 1 1 2812 4287 2813
6872 2 2 1 1 1966 5407 3985
6873 2 2 1 1 1617 4175 1616
6874 2 2 1 1 2417 5619 2418
6875 2 2 1 1 3094 4645 3095
6876 2 2 1 1 3095 5112 3096
6877 2 2 1 1 2129 4571 3723
6878 2 2 1 1 3594 5249 5017
6879 2 2 1 1 1717 5145 1718
6880 2 2 1 1 3990 4445 367
6881 2 2 1 1 3857 4446 379
6882 2 2 1 1 378 4787 3857
6883 2 2 1 1 366 4446 3990
6884 2 2 1 1 368 4445 4207
6885 2 2 1 1 413 4197 398
6886 2 2 1 1 1207 5106 4779
6887 2 2 1 1 2842 5851 4270
6888 2 2 1 1 836 5040 4680
6889 2 2 1 1 2458 5574 2459
6890 2 2 1 1 4694 5257 1728
6891 2 2 1 1 1022 6212 1038
6892 2 2 1 1 1005 5309 5081
6893 2 2 1 1 5058 6241 2918
6894 2 2 1 1 1571 5517 4989
6895 2 2 1 1 1285 3955 1284
6896 2 2 1 1 3220 5582 3719
6897 2 2 1 1 928 4880 3515
6898 2 2 1 1 4330 5397 1768
6899 2 2 1 1 3092 4893 3093
6900 2 2 1 1 1831 4031 1816
6901 2 2 1 1 1818 4728 1819
6902 2 2 1 1 1816 4376 1817
6903 2 2 1 1 19 4954 4526
6904 2 2 1 1 20 4526 4497
6905 2 2 1 1 2343 5611 3965
6906 2 2 1 1 1539 6014 4341
6907 2 2 1 1 474 4563 475
6908 2 2 1 1 475 4521 476
6909 2 2 1 1 846 5532 4042
6910 2 2 1 1 1705 6263 4520
6911 2 2 1 1 398 3822 399
6912 2 2 1 1 399 5093 400
6913 2 2 1 1 735 4593 4474
6914 2 2 1 1 5521 5943 4278
6915 2 2 1 1 4223 4830 2818
6916 2 2 1 1 4830 5189 2802
6917 2 2 1 1 2817 4374 4223
6918 2 2 1 1 4140 4305 732
6919 2 2 1 1 3948 5886 5434
6920 2 2 1 1 3632 5099 2428
6921 2 2 1 1 3782 5247 4373
6922 2 2 1 1 3181 5544 3182
6923 2 2 1 1 5257 6080 2357
6924 2 2 1 1 1723 5134 4170
6925 2 2 1 1 2299 4355 2300
6926 2 2 1 1 700 5556 1122
6927 2 2 1 1 98 5967 99
6928 2 2 1 1 2890 3793 2891
6929 2 2 1 1 319 6039 320
6930 2 2 1 1 4018 5508 5154
6931 2 2 1 1 3003 5564 3004
6932 2 2 1 1 1473 3899 1474
6933 2 2 1 1 3997 5297 1786
6934 2 2 1 1 3754 3904 1763
6935 2 2 1 1 2162 6188 607
6936 2 2 1 1 5602 5729 4136
6937 2 2 1 1 5494 5692 4333
6938 2 2 1 1 5159 5483 2731
6939 2 2 1 1 4008 5222 5044
6940 2 2 1 1 3934 5355 4828
6941 2 2 1 1 4341 6014 629
6942 2 2 1 1 4860 5226 1814
6943 2 2 1 1 3936 4457 1803
6944 2 2 1 1 1804 4457 3808
6945 2 2 1 1 1498 5967 1482
6946 2 2 1 1 2867 4322 2866
6947 2 2 1 1 2868 5420 2867
6948 2 2 1 1 2852 4578 2868
6949 2 2 1 1 1963 5758 1962
6950 2 2 1 1 1659 4689 1646
6951 2 2 1 1 1646 4217 1647
6952 2 2 1 1 3060 5376 4429
6953 2 2 1 1 4113 4717 1468
6954 2 2 1 1 1018 5698 3
6955 2 2 1 1 4704 5758 2389
6956 2 2 1 1 1336 5365 4851
6957 2 2 1 1 3037 5678 5327
6958 2 2 1 1 2861 5576 2860
6959 2 2 1 1 1784 5297 4669
6960 2 2 1 1 1676 5936 1677
6961 2 2 1 1 5390 5598 4552
6962 2 2 1 1 986 4326 972
6963 2 2 1 1 972 4643 973
6964 2 2 1 1 975 3741 976
6965 2 2 1 1 974 4639 975
6966 2 2 1 1 4775 6216 5283
6967 2 2 1 1 565 6266 4929
6968 2 2 1 1 1122 5556 1123
6969 2 2 1 1 3022 5906 4776
6970 2 2 1 1 2173 6267 2174
6971 2 2 1 1 4854 5127 2995
6972 2 2 1 1 2163 6140 4795
6973 2 2 1 1 5594 5934 3572
6974 2 2 1 1 4012 6185 6103
6975 2 2 1 1 4930 6187 3819
6976 2 2 1 1 1492 4663 4609
6977 2 2 1 1 2430 3846 2431
6978 2 2 1 1 1785 4669 4330
6979 2 2 1 1 3650 5477 660
6980 2 2 1 1 1657 5750 4490
6981 2 2 1 1 739 6122 4174
6982 2 2 1 1 1599 4777 1600
6983 2 2 1 1 1596 4438 1597
6984 2 2 1 1 1598 4840 1599
6985 2 2 1 1 4106 5220 1747
6986 2 2 1 1 168 6212 1022
6987 2 2 1 1 1105 6253 1106
6988 2 2 1 1 2191 4318 2190
6989 2 2 1 1 3015 5240 3016
6990 2 2 1 1 2025 5550 2026
6991 2 2 1 1 5066 5180 2758
6992 2 2 1 1 3861 5259 2305
6993 2 2 1 1 1101 3774 1102
6994 2 2 1 1 1465 3836 1450
6995 2 2 1 1 1450 5039 1451
6996 2 2 1 1 1718 5145 1043
6997 2 2 1 1 1630 5745 1631
6998 2 2 1 1 2039 5484 2040
6999 2 2 1 1 2270 5242 2271
7000 2 2 1 1 4199 4575 2572
7001 2 2 1 1 1742 5147 4128
7002 2 2 1 1 1845 5891 2050
7003 2 2 1 1 3908 4471 848
7004 2 2 1 1 847 4042 3908
7005 2 2 1 1 126 5456 127
7006 2 2 1 1 4293 6150 4583
7007 2 2 1 1 253 6226 254
7008 2 2 1 1 5035 5475 3907
7009 2 2 1 1 1239 4295 1240
7010 2 2 1 1 2755 6272 2756
7011 2 2 1 1 1080 5888 5354
7012 2 2 1 1 2114 4707 4641
7013 2 2 1 1 482 5338 242
7014 2 2 1 1 2137 5392 5085
7015 2 2 1 1 1311 5258 4257
7016 2 2 1 1 5712 5892 624
7017 2 2 1 1 2853 4892 2851
7018 2 2 1 1 4153 5978 5919
7019 2 2 1 1 49 5365 4682
7020 2 2 1 1 2425 3757 2426
7021 2 2 1 1 4483 5311 2970
7022 2 2 1 1 201 3840 202
7023 2 2 1 1 202 4251 203
7024 2 2 1 1 2389 5758 2390
7025 2 2 1 1 946 4515 947
7026 2 2 1 1 1709 5524 3790
7027 2 2 1 1 4878 5582 5352
7028 2 2 1 1 1063 4930 3819
7029 2 2 1 1 3819 4763 1064
7030 2 2 1 1 1062 5354 4930
7031 2 2 1 1 5031 5218 4117
7032 2 2 1 1 3891 6016 5675
7033 2 2 1 1 3227 4733 4162
7034 2 2 1 1 2663 4917 2664
7035 2 2 1 1 2244 3828 2229
7036 2 2 1 1 2229 4837 2230
7037 2 2 1 1 2231 4552 2232
7038 2 2 1 1 2199 5263 2200
7039 2 2 1 1 5452 6205 4025
7040 2 2 1 1 2434 6008 2435
7041 2 2 1 1 3723 5196 2130
7042 2 2 1 1 3222 4061 3891
7043 2 2 1 1 872 5120 873
7044 2 2 1 1 1489 5110 4475
7045 2 2 1 1 3942 4663 1491
7046 2 2 1 1 1490 4475 3942
7047 2 2 1 1 2102 5275 2103
7048 2 2 1 1 1726 5810 1727
7049 2 2 1 1 2786 5777 4561
7050 2 2 1 1 4375 5754 1998
7051 2 2 1 1 1748 5220 3951
7052 2 2 1 1 3854 5616 4632
7053 2 2 1 1 1293 5301 1292
7054 2 2 1 1 3021 5906 3022
7055 2 2 1 1 3995 4196 370
7056 2 2 1 1 2147 5649 5030
7057 2 2 1 1 833 6112 820
7058 2 2 1 1 5720 6068 122
7059 2 2 1 1 4342 5871 5058
7060 2 2 1 1 1887 5054 4956
7061 2 2 1 1 5488 5541 4002
7062 2 2 1 1 1973 4774 1972
7063 2 2 1 1 940 5942 5859
7064 2 2 1 1 2842 6079 2841
7065 2 2 1 1 1789 5301 1790
7066 2 2 1 1 733 4305 3932
7067 2 2 1 1 3932 4593 734
7068 2 2 1 1 2811 4809 2812
7069 2 2 1 1 2810 3992 2811
7070 2 2 1 1 2809 4675 2810
7071 2 2 1 1 2808 3691 2809
7072 2 2 1 1 3058 5873 5221
7073 2 2 1 1 4719 5279 1146
7074 2 2 1 1 604 5910 605
7075 2 2 1 1 350 5456 351
7076 2 2 1 1 944 4904 945
7077 2 2 1 1 5919 5978 4167
7078 2 2 1 1 4333 6190 5494
7079 2 2 1 1 447 6107 1178
7080 2 2 1 1 724 4985 4984
7081 2 2 1 1 3933 6020 4374
7082 2 2 1 1 5581 6083 4093
7083 2 2 1 1 513 5102 4811
7084 2 2 1 1 2920 4480 3864
7085 2 2 1 1 4269 6055 1993
7086 2 2 1 1 1497 5982 1498
7087 2 2 1 1 1794 4793 1795
7088 2 2 1 1 4055 4086 1307
7089 2 2 1 1 406 5674 3887
7090 2 2 1 1 5191 5239 795
7091 2 2 1 1 3829 4636 2721
7092 2 2 1 1 3823 5583 4643
7093 2 2 1 1 1423 5173 5161
7094 2 2 1 1 3845 5606 2616
7095 2 2 1 1 2617 5606 4538
7096 2 2 1 1 1986 6002 4711
7097 2 2 1 1 205 4895 206
7098 2 2 1 1 3319 6274 5547
7099 2 2 1 1 1376 6156 1579
7100 2 2 1 1 1566 5296 1567
7101 2 2 1 1 3174 5140 3242
7102 2 2 1 1 2626 5475 5035
7103 2 2 1 1 1999 4896 2000
7104 2 2 1 1 2888 4857 2889
7105 2 2 1 1 2887 4368 2888
7106 2 2 1 1 2886 3807 2887
7107 2 2 1 1 2889 4049 2890
7108 2 2 1 1 1684 5794 1685
7109 2 2 1 1 1330 5100 1328
7110 2 2 1 1 3098 4334 3099
7111 2 2 1 1 4314 6110 5259
7112 2 2 1 1 4063 4485 3000
7113 2 2 1 1 3671 4352 3002
7114 2 2 1 1 3001 4485 3671
7115 2 2 1 1 4743 4892 2853
7116 2 2 1 1 787 5491 788
7117 2 2 1 1 1692 5255 1693
7118 2 2 1 1 225 5607 3732
7119 2 2 1 1 4811 6248 514
7120 2 2 1 1 249 4108 3688
7121 2 2 1 1 251 4486 3923
7122 2 2 1 1 3688 4486 250
7123 2 2 1 1 1212 5485 1213
7124 2 2 1 1 4142 4836 458
7125 2 2 1 1 2050 5891 2051
7126 2 2 1 1 1120 6106 701
7127 2 2 1 1 1934 5160 1935
7128 2 2 1 1 1197 6263 1198
7129 2 2 1 1 1104 3924 1105
7130 2 2 1 1 1103 5157 1104
7131 2 2 1 1 1949 5202 1931
7132 2 2 1 1 4829 5486 562
7133 2 2 1 1 2484 4167 3947
7134 2 2 1 1 4811 5102 324
7135 2 2 1 1 3945 5660 409
7136 2 2 1 1 851 5309 852
7137 2 2 1 1 4583 5712 623
7138 2 2 1 1 4660 5618 1046
7139 2 2 1 1 965 4345 966
7140 2 2 1 1 1226 5103 1209
7141 2 2 1 1 1238 5707 4115
7142 2 2 1 1 3840 6166 4251
7143 2 2 1 1 3994 5515 4768
7144 2 2 1 1 816 3684 817
7145 2 2 1 1 2033 5371 4261
7146 2 2 1 1 1502 5706 4730
7147 2 2 1 1 921 4487 922
7148 2 2 1 1 3651 4821 2990
7149 2 2 1 1 516 6248 5697
7150 2 2 1 1 5638 5686 4242
7151 2 2 1 1 811 4242 812
7152 2 2 1 1 881 5801 5687
7153 2 2 1 1 1795 3645 1796
7154 2 2 1 1 1796 4996 1797
7155 2 2 1 1 1797 4284 1798
7156 2 2 1 1 879 5260 864
7157 2 2 1 1 2200 4696 2201
7158 2 2 1 1 2214 5461 2198
7159 2 2 1 1 3038 5327 4135
7160 2 2 1 1 1460 4050 1461
7161 2 2 1 1 1457 4620 1458
7162 2 2 1 1 1459 4340 1460
7163 2 2 1 1 1458 4211 1459
7164 2 2 1 1 2132 5341 2242
7165 2 2 1 1 2507 3809 2508
7166 2 2 1 1 1022 6092 167
7167 2 2 1 1 881 5687 882
7168 2 2 1 1 4872 5843 90
7169 2 2 1 1 112 5431 113
7170 2 2 1 1 667 4191 668
7171 2 2 1 1 113 4942 114
7172 2 2 1 1 923 4198 910
7173 2 2 1 1 134 5734 2078
7174 2 2 1 1 3169 6238 4713
7175 2 2 1 1 2021 5280 2022
7176 2 2 1 1 2776 6007 2775
7177 2 2 1 1 1355 5622 1356
7178 2 2 1 1 5080 5491 4769
7179 2 2 1 1 5431 5637 4942
7180 2 2 1 1 161 5169 162
7181 2 2 1 1 914 4014 3927
7182 2 2 1 1 3749 6124 3090
7183 2 2 1 1 5345 6072 597
7184 2 2 1 1 1238 4115 1239
7185 2 2 1 1 3106 6006 3833
7186 2 2 1 1 2872 5177 2873
7187 2 2 1 1 1351 3980 1352
7188 2 2 1 1 3951 5601 4189
7189 2 2 1 1 232 6046 4586
7190 2 2 1 1 2762 5826 4310
7191 2 2 1 1 2560 6157 4607
7192 2 2 1 1 865 3786 866
7193 2 2 1 1 1697 4953 1698
7194 2 2 1 1 704 3638 705
7195 2 2 1 1 5973 6110 4164
7196 2 2 1 1 2078 5734 2079
7197 2 2 1 1 4681 5772 2142
7198 2 2 1 1 5109 5886 1532
7199 2 2 1 1 1147 5279 3734
7200 2 2 1 1 5220 5601 3951
7201 2 2 1 1 701 6106 702
7202 2 2 1 1 4584 5239 542
7203 2 2 1 1 3522 5817 4789
7204 2 2 1 1 4609 4663 1187
7205 2 2 1 1 5793 6096 4715
7206 2 2 1 1 500 5843 4005
7207 2 2 1 1 2511 4013 2512
7208 2 2 1 1 5132 5688 3488
7209 2 2 1 1 664 5405 665
7210 2 2 1 1 666 4070 667
7211 2 2 1 1 665 4721 666
7212 2 2 1 1 5903 6094 5966
7213 2 2 1 1 1296 1297 1295
7214 2 2 1 1 4819 5210 2236
7215 2 2 1 1 4693 5518 2852
7216 2 2 1 1 2566 4273 4044
7217 2 2 1 1 4557 6016 5530
7218 2 2 1 1 2684 5680 3803
7219 2 2 1 1 4130 5191 794
7220 2 2 1 1 798 4498 3963
7221 2 2 1 1 3922 5250 2801
7222 2 2 1 1 4305 6126 5349
7223 2 2 1 1 5234 6027 4144
7224 2 2 1 1 514 6248 515
7225 2 2 1 1 4090 5626 5624
7226 2 2 1 1 3054 4817 3921
7227 2 2 1 1 4797 5294 4326
7228 2 2 1 1 2606 4594 3782
7229 2 2 1 1 3791 5038 1514
7230 2 2 1 1 766 4302 767
7231 2 2 1 1 2086 5127 4854
7232 2 2 1 1 5624 5626 4088
7233 2 2 1 1 1675 5654 4030
7234 2 2 1 1 2651 4136 2652
7235 2 2 1 1 2664 3895 2665
7236 2 2 1 1 2665 4262 2650
7237 2 2 1 1 1504 4680 1505
7238 2 2 1 1 5501 5972 3852
7239 2 2 1 1 3962 5517 1571
7240 2 2 1 1 2187 5537 3672
7241 2 2 1 1 115 6285 116
7242 2 2 1 1 3783 4430 439
7243 2 2 1 1 3851 4177 1911
7244 2 2 1 1 2226 4192 4054
7245 2 2 1 1 1211 5744 1212
7246 2 2 1 1 1184 5010 1185
7247 2 2 1 1 1185 3991 1186
7248 2 2 1 1 1186 4609 1187
7249 2 2 1 1 561 4829 562
7250 2 2 1 1 4352 5564 3003
7251 2 2 1 1 5190 6039 1893
7252 2 2 1 1 1908 6261 1909
7253 2 2 1 1 537 5486 4829
7254 2 2 1 1 5838 6104 4794
7255 2 2 1 1 2275 3872 2276
7256 2 2 1 1 5093 6165 400
7257 2 2 1 1 2261 5152 1724
7258 2 2 1 1 1292 4551 1291
7259 2 2 1 1 3663 5190 1892
7260 2 2 1 1 913 4967 4014
7261 2 2 1 1 3939 5873 3058
7262 2 2 1 1 5645 6146 2203
7263 2 2 1 1 1740 6076 1741
7264 2 2 1 1 3887 5234 4144
7265 2 2 1 1 2020 4381 2021
7266 2 2 1 1 2019 5225 2020
7267 2 2 1 1 815 4832 816
7268 2 2 1 1 813 4698 814
7269 2 2 1 1 814 4227 815
7270 2 2 1 1 2002 4240 2003
7271 2 2 1 1 2001 5015 2002
7272 2 2 1 1 2000 3649 2001
7273 2 2 1 1 3998 5686 5638
7274 2 2 1 1 1394 6156 1376
7275 2 2 1 1 4008 5044 2432
7276 2 2 1 1 4877 5706 1502
7277 2 2 1 1 4176 5887 5048
7278 2 2 1 1 3714 4505 1809
7279 2 2 1 1 1810 4505 3630
7280 2 2 1 1 3630 4668 1811
7281 2 2 1 1 1808 4018 3714
7282 2 2 1 1 1931 4735 1932
7283 2 2 1 1 1932 3821 1933
7284 2 2 1 1 3049 3811 3050
7285 2 2 1 1 3047 3762 3048
7286 2 2 1 1 3046 4736 3047
7287 2 2 1 1 1309 4253 3835
7288 2 2 1 1 3835 4055 1308
7289 2 2 1 1 1654 5243 4246
7290 2 2 1 1 438 4504 3783
7291 2 2 1 1 2617 4538 2618
7292 2 2 1 1 2615 3845 2616
7293 2 2 1 1 2613 4375 2614
7294 2 2 1 1 2614 4534 2615
7295 2 2 1 1 5241 6171 2587
7296 2 2 1 1 6119 6147 1879
7297 2 2 1 1 1375 5060 1362
7298 2 2 1 1 1665 4317 1666
7299 2 2 1 1 1664 4510 1665
7300 2 2 1 1 1662 4279 1663
7301 2 2 1 1 1663 4371 1664
7302 2 2 1 1 5059 6027 186
7303 2 2 1 1 2330 4634 2331
7304 2 2 1 1 5256 6121 4582
7305 2 2 1 1 2862 5732 2529
7306 2 2 1 1 3902 4748 2928
7307 2 2 1 1 608 6188 4290
7308 2 2 1 1 4967 5278 4014
7309 2 2 1 1 4997 5030 1833
7310 2 2 1 1 3934 4997 1832
7311 2 2 1 1 3041 4513 3654
7312 2 2 1 1 903 5116 904
7313 2 2 1 1 904 3890 905
7314 2 2 1 1 4244 4994 3139
7315 2 2 1 1 4859 5560 4670
7316 2 2 1 1 2885 5065 2872
7317 2 2 1 1 5760 6225 2354
7318 2 2 1 1 1353 3827 1354
7319 2 2 1 1 2162 6140 2163
7320 2 2 1 1 2737 4010 2738
7321 2 2 1 1 2509 3699 2510
7322 2 2 1 1 2510 4839 2511
7323 2 2 1 1 2221 5764 2222
7324 2 2 1 1 2220 5188 2221
7325 2 2 1 1 2222 5017 2223
7326 2 2 1 1 2224 3981 2225
7327 2 2 1 1 2223 5249 2224
7328 2 2 1 1 624 5892 611
7329 2 2 1 1 4373 4757 2594
7330 2 2 1 1 3782 4373 2593
7331 2 2 1 1 4757 5111 2595
7332 2 2 1 1 1506 4437 1507
7333 2 2 1 1 5331 6147 2635
7334 2 2 1 1 499 5944 500
7335 2 2 1 1 654 4654 4180
7336 2 2 1 1 1910 6261 3851
7337 2 2 1 1 4562 5212 826
7338 2 2 1 1 406 3887 407
7339 2 2 1 1 408 3945 409
7340 2 2 1 1 407 4144 408
7341 2 2 1 1 4370 5216 2772
7342 2 2 1 1 1896 5925 4540
7343 2 2 1 1 807 5901 808
7344 2 2 1 1 620 4807 621
7345 2 2 1 1 622 4583 623
7346 2 2 1 1 621 4293 622
7347 2 2 1 1 854 4921 855
7348 2 2 1 1 3159 3986 3160
7349 2 2 1 1 3162 4372 3163
7350 2 2 1 1 3160 4987 3161
7351 2 2 1 1 3161 4479 3162
7352 2 2 1 1 3158 4751 3159
7353 2 2 1 1 4284 6125 1798
7354 2 2 1 1 446 5636 1179
7355 2 2 1 1 7 4059 8
7356 2 2 1 1 2985 5979 2986
7357 2 2 1 1 5637 6108 521
7358 2 2 1 1 1844 5891 1845
7359 2 2 1 1 687 3894 688
7360 2 2 1 1 686 4752 687
7361 2 2 1 1 184 5671 4046
7362 2 2 1 1 1125 5215 4205
7363 2 2 1 1 4919 5215 1124
7364 2 2 1 1 1112 4205 3930
7365 2 2 1 1 4553 5106 2070
7366 2 2 1 1 859 4792 860
7367 2 2 1 1 4769 5491 787
7368 2 2 1 1 1972 4903 1971
7369 2 2 1 1 1333 4241 1332
7370 2 2 1 1 275 6095 4995
7371 2 2 1 1 1691 4788 1692
7372 2 2 1 1 1690 5187 1691
7373 2 2 1 1 1709 3790 1690
7374 2 2 1 1 671 5261 3766
7375 2 2 1 1 1328 3696 1329
7376 2 2 1 1 11 3777 12
7377 2 2 1 1 3718 4523 2054
7378 2 2 1 1 4243 4522 2052
7379 2 2 1 1 2053 4522 3718
7380 2 2 1 1 2041 4523 3964
7381 2 2 1 1 3701 4320 3009
7382 2 2 1 1 4922 6203 2175
7383 2 2 1 1 2951 4080 3906
7384 2 2 1 1 3856 4080 2966
7385 2 2 1 1 3906 4422 2952
7386 2 2 1 1 4422 4980 2953
7387 2 2 1 1 2770 6114 2769
7388 2 2 1 1 3819 5155 4763
7389 2 2 1 1 4320 5378 3010
7390 2 2 1 1 2308 5603 5350
7391 2 2 1 1 5205 6218 2552
7392 2 2 1 1 3150 4530 3641
7393 2 2 1 1 2170 5090 2171
7394 2 2 1 1 62 5045 63
7395 2 2 1 1 4031 5790 4376
7396 2 2 1 1 2059 4940 3976
7397 2 2 1 1 2260 5152 2261
7398 2 2 1 1 5587 5721 2746
7399 2 2 1 1 118 3776 119
7400 2 2 1 1 3976 6267 5900
7401 2 2 1 1 2647 6250 2648
7402 2 2 1 1 2332 6209 2333
7403 2 2 1 1 3157 5927 3748
7404 2 2 1 1 3430 6171 5241
7405 2 2 1 1 1077 5402 5396
7406 2 2 1 1 1168 4827 3853
7407 2 2 1 1 4099 6142 2332
7408 2 2 1 1 2728 5761 2729
7409 2 2 1 1 361 3825 3655
7410 2 2 1 1 3089 4532 3749
7411 2 2 1 1 1143 5769 5590
7412 2 2 1 1 2862 5791 2861
7413 2 2 1 1 3136 4590 3736
7414 2 2 1 1 5307 5308 4026
7415 2 2 1 1 35 6217 36
7416 2 2 1 1 3740 4862 2452
7417 2 2 1 1 3681 4536 2466
7418 2 2 1 1 2465 4535 3681
7419 2 2 1 1 2451 4536 3740
7420 2 2 1 1 3981 4192 2225
7421 2 2 1 1 500 5944 5843
7422 2 2 1 1 5444 5910 604
7423 2 2 1 1 1700 4032 1701
7424 2 2 1 1 1698 3915 1699
7425 2 2 1 1 1701 3818 1702
7426 2 2 1 1 1699 4214 1700
7427 2 2 1 1 1476 6166 4416
7428 2 2 1 1 961 5585 962
7429 2 2 1 1 962 4186 963
7430 2 2 1 1 964 3703 965
7431 2 2 1 1 4192 5956 4054
7432 2 2 1 1 4728 5679 5566
7433 2 2 1 1 1193 4449 3692
7434 2 2 1 1 5570 5591 4047
7435 2 2 1 1 58 5739 59
7436 2 2 1 1 1958 6047 1957
7437 2 2 1 1 345 5380 346
7438 2 2 1 1 4300 5407 1967
7439 2 2 1 1 2211 5243 1652
7440 2 2 1 1 447 5395 448
7441 2 2 1 1 4081 5241 2586
7442 2 2 1 1 4265 5804 4313
7443 2 2 1 1 534 5497 4929
7444 2 2 1 1 5054 5063 4956
7445 2 2 1 1 363 4543 3698
7446 2 2 1 1 354 4546 3667
7447 2 2 1 1 3767 4279 1662
7448 2 2 1 1 1507 5484 1508
7449 2 2 1 1 579 4202 3913
7450 2 2 1 1 4250 4477 577
7451 2 2 1 1 578 4477 4202
7452 2 2 1 1 2914 4034 2915
7453 2 2 1 1 2913 5051 2914
7454 2 2 1 1 3993 4786 357
7455 2 2 1 1 4644 5796 991
7456 2 2 1 1 1681 5171 1682
7457 2 2 1 1 1682 3850 1683
7458 2 2 1 1 1683 4364 1684
7459 2 2 1 1 3685 4548 461
7460 2 2 1 1 3646 4550 463
7461 2 2 1 1 464 4550 4323
7462 2 2 1 1 462 4548 3646
7463 2 2 1 1 4218 5720 121
7464 2 2 1 1 4251 6166 5302
7465 2 2 1 1 242 5338 243
7466 2 2 1 1 2368 4608 2369
7467 2 2 1 1 713 4656 714
7468 2 2 1 1 2918 6241 2905
7469 2 2 1 1 717 5487 718
7470 2 2 1 1 2396 4890 4647
7471 2 2 1 1 2443 5097 4239
7472 2 2 1 1 4850 5097 2442
7473 2 2 1 1 4868 5860 3981
7474 2 2 1 1 1123 5556 4919
7475 2 2 1 1 348 5431 349
7476 2 2 1 1 4026 5308 190
7477 2 2 1 1 2840 5690 2839
7478 2 2 1 1 3779 5271 4759
7479 2 2 1 1 347 6108 5637
7480 2 2 1 1 805 5298 4632
7481 2 2 1 1 4345 4916 966
7482 2 2 1 1 5124 5418 4113
7483 2 2 1 1 1184 5887 5010
7484 2 2 1 1 3884 4354 505
7485 2 2 1 1 4890 5808 4163
7486 2 2 1 1 850 5849 851
7487 2 2 1 1 2528 5791 2529
7488 2 2 1 1 3854 6081 5616
7489 2 2 1 1 2844 5709 4271
7490 2 2 1 1 2105 3999 2106
7491 2 2 1 1 3846 4008 2431
7492 2 2 1 1 2852 5518 4578
7493 2 2 1 1 120 4218 121
7494 2 2 1 1 1579 6156 1580
7495 2 2 1 1 1929 3689 1930
7496 2 2 1 1 1928 4784 1929
7497 2 2 1 1 1927 3765 1928
7498 2 2 1 1 1926 4785 1927
7499 2 2 1 1 1925 4944 1926
7500 2 2 1 1 1038 6212 3513
7501 2 2 1 1 4323 5260 465
7502 2 2 1 1 245 6226 5141
7503 2 2 1 1 2923 5066 2757
7504 2 2 1 1 1384 5501 4363
7505 2 2 1 1 4159 5501 1383
7506 2 2 1 1 1620 5981 1619
7507 2 2 1 1 1790 5301 4781
7508 2 2 1 1 1880 6147 5331
7509 2 2 1 1 2108 5236 2109
7510 2 2 1 1 1871 5589 1872
7511 2 2 1 1 3013 5929 3014
7512 2 2 1 1 1157 5031 4117
7513 2 2 1 1 497 5129 5086
7514 2 2 1 1 3880 5088 1434
7515 2 2 1 1 61 3805 62
7516 2 2 1 1 60 5153 61
7517 2 2 1 1 3034 5435 3035
7518 2 2 1 1 2836 5137 2835
7519 2 2 1 1 1298 6089 1297
7520 2 2 1 1 4662 5810 1726
7521 2 2 1 1 1981 5465 1982
7522 2 2 1 1 2708 4237 2707
7523 2 2 1 1 4022 5591 5570
7524 2 2 1 1 344 3979 345
7525 2 2 1 1 343 5306 344
7526 2 2 1 1 2354 6225 2355
7527 2 2 1 1 858 4166 859
7528 2 2 1 1 855 4746 856
7529 2 2 1 1 1981 5931 5465
7530 2 2 1 1 637 6187 4930
7531 2 2 1 1 3127 4125 3126
7532 2 2 1 1 4353 5404 2972
7533 2 2 1 1 2047 5355 2048
7534 2 2 1 1 2048 5355 1846
7535 2 2 1 1 2128 4121 2127
7536 2 2 1 1 349 5431 112
7537 2 2 1 1 3797 6137 2699
7538 2 2 1 1 3919 6096 5793
7539 2 2 1 1 9 5342 10
7540 2 2 1 1 10 5267 11
7541 2 2 1 1 372 5810 373
7542 2 2 1 1 2554 6228 4819
7543 2 2 1 1 4239 5596 3847
7544 2 2 1 1 4931 6113 3231
7545 2 2 1 1 3220 3719 3205
7546 2 2 1 1 3206 3900 3207
7547 2 2 1 1 3207 4234 3208
7548 2 2 1 1 3205 4806 3206
7549 2 2 1 1 5197 5394 281
7550 2 2 1 1 1179 6107 446
7551 2 2 1 1 4276 4937 2013
7552 2 2 1 1 445 5636 446
7553 2 2 1 1 443 5118 444
7554 2 2 1 1 444 5047 445
7555 2 2 1 1 2425 4565 3757
7556 2 2 1 1 5456 6279 3909
7557 2 2 1 1 576 6144 4250
7558 2 2 1 1 93 4079 94
7559 2 2 1 1 1363 4500 1364
7560 2 2 1 1 1364 4655 1365
7561 2 2 1 1 1366 5282 1367
7562 2 2 1 1 1362 4209 1363
7563 2 2 1 1 1365 4023 1366
7564 2 2 1 1 895 5974 5299
7565 2 2 1 1 3094 6278 4645
7566 2 2 1 1 3307 6244 5691
7567 2 2 1 1 4379 5437 5359
7568 2 2 1 1 4837 5702 5390
7569 2 2 1 1 1273 5815 4697
7570 2 2 1 1 2009 4902 4598
7571 2 2 1 1 3370 5838 4794
7572 2 2 1 1 2385 5112 4412
7573 2 2 1 1 2875 4270 2876
7574 2 2 1 1 1385 4350 1386
7575 2 2 1 1 1132 3916 1133
7576 2 2 1 1 539 5526 3768
7577 2 2 1 1 1495 6245 1496
7578 2 2 1 1 3082 4814 3083
7579 2 2 1 1 3085 3676 3086
7580 2 2 1 1 3081 3975 3082
7581 2 2 1 1 3083 4277 3084
7582 2 2 1 1 3084 4846 3085
7583 2 2 1 1 581 5633 4995
7584 2 2 1 1 4640 5371 2032
7585 2 2 1 1 3019 6085 3020
7586 2 2 1 1 374 4662 3972
7587 2 2 1 1 375 3972 3682
7588 2 2 1 1 4850 4978 1634
7589 2 2 1 1 4893 6278 3093
7590 2 2 1 1 2445 4791 2446
7591 2 2 1 1 1329 5529 1344
7592 2 2 1 1 1045 4660 1046
7593 2 2 1 1 5389 6063 2101
7594 2 2 1 1 2440 4978 2441
7595 2 2 1 1 2990 4821 2991
7596 2 2 1 1 2991 3842 2992
7597 2 2 1 1 2993 3920 2994
7598 2 2 1 1 2101 6063 5074
7599 2 2 1 1 3748 4751 3158
7600 2 2 1 1 1117 4582 3901
7601 2 2 1 1 4158 5256 1115
7602 2 2 1 1 1116 5256 4582
7603 2 2 1 1 3901 4820 1118
7604 2 2 1 1 4694 6080 5257
7605 2 2 1 1 4551 5301 1789
7606 2 2 1 1 4909 5318 411
7607 2 2 1 1 967 5322 4247
7608 2 2 1 1 425 6115 2769
7609 2 2 1 1 4245 4874 1607
7610 2 2 1 1 1021 6092 1022
7611 2 2 1 1 4875 5933 4701
7612 2 2 1 1 4131 5912 4383
7613 2 2 1 1 4119 6146 5645
7614 2 2 1 1 233 4586 4095
7615 2 2 1 1 4095 4349 218
7616 2 2 1 1 1596 5757 4438
7617 2 2 1 1 1600 4777 3648
7618 2 2 1 1 5250 5787 432
7619 2 2 1 1 5984 6101 1876
7620 2 2 1 1 1901 4718 1902
7621 2 2 1 1 3831 4590 3137
7622 2 2 1 1 4702 5526 4829
7623 2 2 1 1 2645 5690 5065
7624 2 2 1 1 2068 4587 3747
7625 2 2 1 1 943 4853 4060
7626 2 2 1 1 942 5014 4853
7627 2 2 1 1 941 5859 5014
7628 2 2 1 1 5253 5927 5563
7629 2 2 1 1 986 4797 4326
7630 2 2 1 1 852 5309 1004
7631 2 2 1 1 5733 6185 1625
7632 2 2 1 1 167 5494 166
7633 2 2 1 1 216 6273 217
7634 2 2 1 1 1554 5083 4762
7635 2 2 1 1 522 4221 523
7636 2 2 1 1 3243 4727 3244
7637 2 2 1 1 3448 6057 4617
7638 2 2 1 1 4124 5739 3943
7639 2 2 1 1 2377 6067 5480
7640 2 2 1 1 2113 4833 4707
7641 2 2 1 1 4012 6103 3217
7642 2 2 1 1 2475 3801 3724
7643 2 2 1 1 541 4584 542
7644 2 2 1 1 5354 5888 638
7645 2 2 1 1 281 5394 282
7646 2 2 1 1 3683 4828 2046
7647 2 2 1 1 3664 4596 2044
7648 2 2 1 1 2045 4596 3683
7649 2 2 1 1 4370 6274 5216
7650 2 2 1 1 3690 5373 1823
7651 2 2 1 1 1433 4490 3880
7652 2 2 1 1 2010 4598 3679
7653 2 2 1 1 3679 4599 2011
7654 2 2 1 1 2012 4599 4276
7655 2 2 1 1 3981 5860 4192
7656 2 2 1 1 3909 4172 336
7657 2 2 1 1 4162 4600 3228
7658 2 2 1 1 3969 4931 3230
7659 2 2 1 1 3229 4600 3969
7660 2 2 1 1 2841 6079 2874
7661 2 2 1 1 820 6112 4213
7662 2 2 1 1 564 6266 565
7663 2 2 1 1 459 5837 4033
7664 2 2 1 1 3868 3955 1285
7665 2 2 1 1 1473 5095 3899
7666 2 2 1 1 5141 6226 253
7667 2 2 1 1 1335 3763 1334
7668 2 2 1 1 1336 4851 1335
7669 2 2 1 1 1334 5019 1333
7670 2 2 1 1 3704 5305 1576
7671 2 2 1 1 5037 5105 1204
7672 2 2 1 1 4029 6263 5020
7673 2 2 1 1 5299 5974 302
7674 2 2 1 1 303 5974 4623
7675 2 2 1 1 4324 5188 2220
7676 2 2 1 1 4144 6027 3945
7677 2 2 1 1 6155 6207 1828
7678 2 2 1 1 5434 5886 5109
7679 2 2 1 1 2912 5784 2913
7680 2 2 1 1 267 4333 268
7681 2 2 1 1 2040 5484 4437
7682 2 2 1 1 1897 3812 1898
7683 2 2 1 1 2183 4796 2182
7684 2 2 1 1 1639 4182 1640
7685 2 2 1 1 1640 3788 1641
7686 2 2 1 1 5359 5572 3560
7687 2 2 1 1 2812 4809 4287
7688 2 2 1 1 2029 3800 2030
7689 2 2 1 1 2971 5404 4483
7690 2 2 1 1 4608 5975 2649
7691 2 2 1 1 4198 5396 910
7692 2 2 1 1 3168 6238 3169
7693 2 2 1 1 2962 5385 3715
7694 2 2 1 1 1167 5447 4827
7695 2 2 1 1 3995 5531 4196
7696 2 2 1 1 2253 4649 4036
7697 2 2 1 1 714 3954 715
7698 2 2 1 1 716 3759 717
7699 2 2 1 1 3976 4610 2060
7700 2 2 1 1 2061 4610 3838
7701 2 2 1 1 2752 4612 3661
7702 2 2 1 1 4488 5037 1885
7703 2 2 1 1 629 6014 630
7704 2 2 1 1 5515 6264 4377
7705 2 2 1 1 1780 6232 1781
7706 2 2 1 1 2395 5808 4890
7707 2 2 1 1 1617 5598 4175
7708 2 2 1 1 4270 6079 2842
7709 2 2 1 1 4050 5318 1461
7710 2 2 1 1 3390 3888 3391
7711 2 2 1 1 185 5953 5059
7712 2 2 1 1 1608 4874 4316
7713 2 2 1 1 4766 5537 4329
7714 2 2 1 1 302 5974 303
7715 2 2 1 1 1444 4358 1445
7716 2 2 1 1 373 5810 4662
7717 2 2 1 1 4701 6207 4291
7718 2 2 1 1 228 3752 229
7719 2 2 1 1 4409 5229 2360
7720 2 2 1 1 2890 4049 3793
7721 2 2 1 1 3637 5459 2584
7722 2 2 1 1 4036 4945 2254
7723 2 2 1 1 3706 5752 137
7724 2 2 1 1 4140 6126 4305
7725 2 2 1 1 150 4038 151
7726 2 2 1 1 398 4197 3822
7727 2 2 1 1 5091 5903 4298
7728 2 2 1 1 607 6188 608
7729 2 2 1 1 4820 6106 1119
7730 2 2 1 1 4645 5112 3095
7731 2 2 1 1 3 5698 4524
7732 2 2 1 1 649 5517 5072
7733 2 2 1 1 320 6039 5190
7734 2 2 1 1 3731 5654 1674
7735 2 2 1 1 1145 4719 1146
7736 2 2 1 1 107 4904 108
7737 2 2 1 1 524 4065 525
7738 2 2 1 1 525 4604 526
7739 2 2 1 1 523 3826 524
7740 2 2 1 1 487 5392 5326
7741 2 2 1 1 2831 5123 4188
7742 2 2 1 1 1847 5355 3934
7743 2 2 1 1 2705 4957 2704
7744 2 2 1 1 4031 4376 1816
7745 2 2 1 1 572 4313 573
7746 2 2 1 1 3747 4020 2055
7747 2 2 1 1 475 4563 4521
7748 2 2 1 1 3822 5093 399
7749 2 2 1 1 2896 4503 2897
7750 2 2 1 1 4531 6235 2849
7751 2 2 1 1 1440 5337 1441
7752 2 2 1 1 1119 6106 1120
7753 2 2 1 1 312 5209 313
7754 2 2 1 1 313 4156 314
7755 2 2 1 1 351 5456 3909
7756 2 2 1 1 3124 4920 3123
7757 2 2 1 1 2980 4104 2979
7758 2 2 1 1 2033 4261 2034
7759 2 2 1 1 1462 5318 4909
7760 2 2 1 1 3786 5231 866
7761 2 2 1 1 3884 5467 4354
7762 2 2 1 1 488 4100 489
7763 2 2 1 1 247 6214 248
7764 2 2 1 1 575 6144 576
7765 2 2 1 1 5014 5859 3289
7766 2 2 1 1 3110 5347 4178
7767 2 2 1 1 4132 5347 3109
7768 2 2 1 1 5531 6080 4196
7769 2 2 1 1 1210 6130 1211
7770 2 2 1 1 4242 5042 812
7771 2 2 1 1 1619 5981 2233
7772 2 2 1 1 1467 5124 4113
7773 2 2 1 1 3032 4077 3033
7774 2 2 1 1 2867 5420 4322
7775 2 2 1 1 4578 5420 2868
7776 2 2 1 1 3187 4344 3188
7777 2 2 1 1 1646 4689 4217
7778 2 2 1 1 3657 5385 2961
7779 2 2 1 1 113 5431 4942
7780 2 2 1 1 47 3707 48
7781 2 2 1 1 4017 6058 1
7782 2 2 1 1 388 5849 389
7783 2 2 1 1 3676 5824 3086
7784 2 2 1 1 3097 6026 3098
7785 2 2 1 1 3876 5411 3215
7786 2 2 1 1 4975 6242 415
7787 2 2 1 1 4093 6083 3146
7788 2 2 1 1 2119 5770 3911
7789 2 2 1 1 4995 6095 4232
7790 2 2 1 1 3183 4429 3184
7791 2 2 1 1 4326 4643 972
7792 2 2 1 1 975 4639 3741
7793 2 2 1 1 3642 5495 2267
7794 2 2 1 1 4662 5340 3972
7795 2 2 1 1 2330 5565 4634
7796 2 2 1 1 4115 4295 1239
7797 2 2 1 1 3178 6162 3725
7798 2 2 1 1 1 6058 2
7799 2 2 1 1 3838 5778 2062
7800 2 2 1 1 3016 4069 3017
7801 2 2 1 1 2563 6131 2564
7802 2 2 1 1 5154 5508 1070
7803 2 2 1 1 2585 5459 4081
7804 2 2 1 1 391 5938 392
7805 2 2 1 1 1599 4840 4777
7806 2 2 1 1 426 6115 425
7807 2 2 1 1 77 4259 4114
7808 2 2 1 1 2710 5139 2709
7809 2 2 1 1 2709 3737 2708
7810 2 2 1 1 2664 4917 3895
7811 2 2 1 1 886 5493 887
7812 2 2 1 1 261 4877 262
7813 2 2 1 1 259 3713 260
7814 2 2 1 1 4271 5656 4387
7815 2 2 1 1 2559 6157 2560
7816 2 2 1 1 3836 5039 1450
7817 2 2 1 1 5158 5502 4484
7818 2 2 1 1 1044 4087 1045
7819 2 2 1 1 2031 4640 2032
7820 2 2 1 1 596 5670 5423
7821 2 2 1 1 582 4232 583
7822 2 2 1 1 1899 3784 1900
7823 2 2 1 1 1900 5122 1901
7824 2 2 1 1 856 6256 857
7825 2 2 1 1 1746 4106 1747
7826 2 2 1 1 1136 3950 1137
7827 2 2 1 1 1135 4369 1136
7828 2 2 1 1 673 5590 674
7829 2 2 1 1 5612 6047 3465
7830 2 2 1 1 2219 6002 5465
7831 2 2 1 1 5603 6030 2677
7832 2 2 1 1 2943 5871 2944
7833 2 2 1 1 2471 6161 3859
7834 2 2 1 1 70 5589 5158
7835 2 2 1 1 3840 4251 202
7836 2 2 1 1 4747 5331 2634
7837 2 2 1 1 1373 4184 1374
7838 2 2 1 1 3114 5800 3115
7839 2 2 1 1 4680 5040 1505
7840 2 2 1 1 2947 4228 2948
7841 2 2 1 1 2613 5754 4375
7842 2 2 1 1 2716 5848 2715
7843 2 2 1 1 227 5098 228
7844 2 2 1 1 225 3732 226
7845 2 2 1 1 4699 6119 1879
7846 2 2 1 1 813 5042 4698
7847 2 2 1 1 659 3650 660
7848 2 2 1 1 3828 4837 2229
7849 2 2 1 1 1734 6159 1735
7850 2 2 1 1 4617 5004 3449
7851 2 2 1 1 2973 4353 2972
7852 2 2 1 1 5395 5840 4325
7853 2 2 1 1 127 6160 112
7854 2 2 1 1 1055 3958 1056
7855 2 2 1 1 4364 5794 1684
7856 2 2 1 1 4216 5516 1574
7857 2 2 1 1 2597 5870 2598
7858 2 2 1 1 671 3766 656
7859 2 2 1 1 3231 6113 3232
7860 2 2 1 1 1659 6010 4689
7861 2 2 1 1 43 5412 44
7862 2 2 1 1 425 6114 424
7863 2 2 1 1 1382 4159 1383
7864 2 2 1 1 1381 5540 1382
7865 2 2 1 1 1384 4363 1385
7866 2 2 1 1 2599 3848 2600
7867 2 2 1 1 4880 6007 2776
7868 2 2 1 1 244 6226 245
7869 2 2 1 1 2603 3862 2604
7870 2 2 1 1 4727 5025 3244
7871 2 2 1 1 5547 6274 4370
7872 2 2 1 1 5598 5770 4175
7873 2 2 1 1 1226 5745 5103
7874 2 2 1 1 2861 5791 5576
7875 2 2 1 1 1795 4793 3645
7876 2 2 1 1 160 5080 4769
7877 2 2 1 1 1422 5173 1423
7878 2 2 1 1 4377 6264 5584
7879 2 2 1 1 3691 4675 2809
7880 2 2 1 1 2810 4675 3992
7881 2 2 1 1 3992 4809 2811
7882 2 2 1 1 889 3780 890
7883 2 2 1 1 1471 5910 5444
7884 2 2 1 1 2871 3881 2869
7885 2 2 1 1 2339 5451 3996
7886 2 2 1 1 540 5172 541
7887 2 2 1 1 539 3768 540
7888 2 2 1 1 1957 6047 5612
7889 2 2 1 1 3241 5653 3242
7890 2 2 1 1 3032 5557 4077
7891 2 2 1 1 3316 6072 5345
7892 2 2 1 1 2444 3847 2445
7893 2 2 1 1 2443 4239 2444
7894 2 2 1 1 2441 4850 2442
7895 2 2 1 1 1073 6154 3634
7896 2 2 1 1 1328 5100 3696
7897 2 2 1 1 2000 4896 3649
7898 2 2 1 1 6020 6078 4374
7899 2 2 1 1 4002 5541 556
7900 2 2 1 1 4774 4903 1972
7901 2 2 1 1 857 6256 278
7902 2 2 1 1 4681 5263 2199
7903 2 2 1 1 1658 6010 1659
7904 2 2 1 1 1367 6273 216
7905 2 2 1 1 2268 5495 4131
7906 2 2 1 1 1781 6232 4551
7907 2 2 1 1 1506 5040 4437
7908 2 2 1 1 3885 5555 1083
7909 2 2 1 1 4788 5255 1692
7910 2 2 1 1 4294 4700 3491
7911 2 2 1 1 296 4084 297
7912 2 2 1 1 658 5073 659
7913 2 2 1 1 657 4112 658
7914 2 2 1 1 3379 5415 4744
7915 2 2 1 1 5633 6050 276
7916 2 2 1 1 443 5577 5118
7917 2 2 1 1 1774 4007 1775
7918 2 2 1 1 1776 4647 1777
7919 2 2 1 1 2884 6250 2647
7920 2 2 1 1 3703 4345 965
7921 2 2 1 1 4368 4857 2888
7922 2 2 1 1 3807 4368 2887
7923 2 2 1 1 2889 4857 4049
7924 2 2 1 1 1198 4029 1199
7925 2 2 1 1 4196 6080 4694
7926 2 2 1 1 1931 5202 4735
7927 2 2 1 1 1212 5744 5485
7928 2 2 1 1 4647 4890 1777
7929 2 2 1 1 3720 5558 1259
7930 2 2 1 1 2236 5210 2237
7931 2 2 1 1 3187 5873 4344
7932 2 2 1 1 2256 6174 2257
7933 2 2 1 1 1199 4948 1200
7934 2 2 1 1 828 4204 829
7935 2 2 1 1 4164 6110 4314
7936 2 2 1 1 1071 5508 3953
7937 2 2 1 1 4291 6207 6155
7938 2 2 1 1 3996 5451 5143
7939 2 2 1 1 4166 6050 4792
7940 2 2 1 1 2851 4892 4693
7941 2 2 1 1 816 4832 3684
7942 2 2 1 1 2200 5263 4696
7943 2 2 1 1 4254 6135 5358
7944 2 2 1 1 783 3779 784
7945 2 2 1 1 786 4769 787
7946 2 2 1 1 2757 5066 2758
7947 2 2 1 1 4520 6263 1197
7948 2 2 1 1 1626 5733 1625
7949 2 2 1 1 1104 5157 3924
7950 2 2 1 1 3779 4759 784
7951 2 2 1 1 2323 5281 2324
7952 2 2 1 1 4488 6164 5105
7953 2 2 1 1 4033 5837 5412
7954 2 2 1 1 2587 6171 2588
7955 2 2 1 1 1942 5894 2601
7956 2 2 1 1 3920 4854 2994
7957 2 2 1 1 2051 5891 4243
7958 2 2 1 1 5412 5837 44
7959 2 2 1 1 4087 5909 4660
7960 2 2 1 1 3687 5881 1843
7961 2 2 1 1 4307 4699 1878
7962 2 2 1 1 5017 5764 3593
7963 2 2 1 1 3182 5544 4882
7964 2 2 1 1 2184 5235 2183
7965 2 2 1 1 2187 3672 2186
7966 2 2 1 1 2185 3662 2184
7967 2 2 1 1 4381 5280 2021
7968 2 2 1 1 99 5967 1498
7969 2 2 1 1 1698 4953 3915
7970 2 2 1 1 1291 6232 1290
7971 2 2 1 1 1977 5437 3629
7972 2 2 1 1 5359 5437 1978
7973 2 2 1 1 570 4888 571
7974 2 2 1 1 571 4265 572
7975 2 2 1 1 4070 4191 667
7976 2 2 1 1 1797 4996 4284
7977 2 2 1 1 3645 4996 1796
7978 2 2 1 1 1043 5145 1044
7979 2 2 1 1 1982 6002 1986
7980 2 2 1 1 4211 4340 1459
7981 2 2 1 1 1460 4340 4050
7982 2 2 1 1 1458 4620 4211
7983 2 2 1 1 1575 5516 3704
7984 2 2 1 1 1069 5154 1070
7985 2 2 1 1 3832 5829 2821
7986 2 2 1 1 885 4419 886
7987 2 2 1 1 4123 5875 5079
7988 2 2 1 1 5666 5705 4021
7989 2 2 1 1 3953 6154 1072
7990 2 2 1 1 1202 5063 5054
7991 2 2 1 1 4043 5928 76
7992 2 2 1 1 5058 5871 2943
7993 2 2 1 1 4115 6046 4295
7994 2 2 1 1 3833 5523 3107
7995 2 2 1 1 1200 5125 1201
7996 2 2 1 1 4209 6136 4500
7997 2 2 1 1 4078 5511 3213
7998 2 2 1 1 4503 5198 3816
7999 2 2 1 1 2583 3637 2584
8000 2 2 1 1 2511 4839 4013
8001 2 2 1 1 1443 5251 1444
8002 2 2 1 1 1441 4155 1442
8003 2 2 1 1 1442 4458 1443
8004 2 2 1 1 3018 4503 3019
8005 2 2 1 1 2334 5107 2335
8006 2 2 1 1 1498 5982 99
8007 2 2 1 1 2266 3642 2267
8008 2 2 1 1 1087 3729 1088
8009 2 2 1 1 842 5928 5898
8010 2 2 1 1 1748 3951 1749
8011 2 2 1 1 1082 3885 1083
8012 2 2 1 1 45 4836 46
8013 2 2 1 1 1292 5301 4551
8014 2 2 1 1 248 5759 4108
8015 2 2 1 1 665 5405 4721
8016 2 2 1 1 666 4721 4070
8017 2 2 1 1 2329 5565 2330
8018 2 2 1 1 5065 5177 2872
8019 2 2 1 1 3163 4372 4089
8020 2 2 1 1 3214 5511 3876
8021 2 2 1 1 555 4002 556
8022 2 2 1 1 184 4046 182
8023 2 2 1 1 1178 6107 1179
8024 2 2 1 1 5375 6123 5575
8025 2 2 1 1 3851 6261 5709
8026 2 2 1 1 45 5837 4836
8027 2 2 1 1 4456 5403 2285
8028 2 2 1 1 2690 3912 2688
8029 2 2 1 1 2689 3820 2698
8030 2 2 1 1 149 5271 150
8031 2 2 1 1 148 4759 149
8032 2 2 1 1 3108 5523 4132
8033 2 2 1 1 4250 5854 4477
8034 2 2 1 1 619 6245 620
8035 2 2 1 1 2367 5975 2368
8036 2 2 1 1 3895 4262 2665
8037 2 2 1 1 2931 3983 3773
8038 2 2 1 1 4634 5565 4307
8039 2 2 1 1 1148 4248 1149
8040 2 2 1 1 1147 3734 1148
8041 2 2 1 1 2826 4892 4743
8042 2 2 1 1 557 5541 3798
8043 2 2 1 1 1280 3720 1259
8044 2 2 1 1 559 4603 560
8045 2 2 1 1 141 3670 142
8046 2 2 1 1 1573 4216 1574
8047 2 2 1 1 3991 4609 1186
8048 2 2 1 1 1185 5010 3991
8049 2 2 1 1 2237 3702 2238
8050 2 2 1 1 2239 4631 2240
8051 2 2 1 1 5476 6164 4488
8052 2 2 1 1 1548 4653 1549
8053 2 2 1 1 3185 5221 3186
8054 2 2 1 1 3184 5376 3185
8055 2 2 1 1 3916 4562 1133
8056 2 2 1 1 889 5893 3780
8057 2 2 1 1 136 3706 137
8058 2 2 1 1 1362 5060 4209
8059 2 2 1 1 2020 5225 4381
8060 2 2 1 1 4540 5925 318
8061 2 2 1 1 814 4698 4227
8062 2 2 1 1 4227 4832 815
8063 2 2 1 1 3212 6271 4078
8064 2 2 1 1 3649 5015 2001
8065 2 2 1 1 2002 5015 4240
8066 2 2 1 1 3689 5993 1930
8067 2 2 1 1 1084 5555 3855
8068 2 2 1 1 4687 6035 2785
8069 2 2 1 1 1932 4735 3821
8070 2 2 1 1 3047 4736 3762
8071 2 2 1 1 5843 5944 91
8072 2 2 1 1 141 6045 3670
8073 2 2 1 1 763 6206 902
8074 2 2 1 1 1260 5558 5351
8075 2 2 1 1 4375 4534 2614
8076 2 2 1 1 2615 4534 3845
8077 2 2 1 1 927 6007 4880
8078 2 2 1 1 76 5928 4259
8079 2 2 1 1 4120 6162 5653
8080 2 2 1 1 2822 5829 3778
8081 2 2 1 1 5129 6057 3448
8082 2 2 1 1 4371 4510 1664
8083 2 2 1 1 4279 4371 1663
8084 2 2 1 1 1665 4510 4317
8085 2 2 1 1 650 3659 651
8086 2 2 1 1 649 5072 650
8087 2 2 1 1 5656 6261 1908
8088 2 2 1 1 2603 4935 3862
8089 2 2 1 1 2488 4444 2489
8090 2 2 1 1 5221 5873 3186
8091 2 2 1 1 4374 6078 4223
8092 2 2 1 1 5374 5954 3841
8093 2 2 1 1 904 5116 3890
8094 2 2 1 1 1975 3709 1974
8095 2 2 1 1 1073 3634 1074
8096 2 2 1 1 5350 5603 2678
8097 2 2 1 1 3699 4839 2510
8098 2 2 1 1 2324 3883 2325
8099 2 2 1 1 2222 5764 5017
8100 2 2 1 1 2224 5249 3981
8101 2 2 1 1 5188 5764 2221
8102 2 2 1 1 5017 5249 2223
8103 2 2 1 1 2824 4693 2825
8104 2 2 1 1 2822 3778 2823
8105 2 2 1 1 2491 4139 2492
8106 2 2 1 1 855 4921 4746
8107 2 2 1 1 2335 4316 2336
8108 2 2 1 1 2336 4874 2337
8109 2 2 1 1 2337 4245 2338
8110 2 2 1 1 424 6114 2770
8111 2 2 1 1 1333 5019 4241
8112 2 2 1 1 3391 5733 1626
8113 2 2 1 1 408 4144 3945
8114 2 2 1 1 3887 4144 407
8115 2 2 1 1 484 4517 485
8116 2 2 1 1 487 5326 488
8117 2 2 1 1 497 5086 484
8118 2 2 1 1 1949 6131 5202
8119 2 2 1 1 584 3795 585
8120 2 2 1 1 4166 4792 859
8121 2 2 1 1 3126 5923 3125
8122 2 2 1 1 92 6040 93
8123 2 2 1 1 4293 4583 622
8124 2 2 1 1 621 4807 4293
8125 2 2 1 1 27 5796 28
8126 2 2 1 1 29 3994 30
8127 2 2 1 1 3159 4751 3986
8128 2 2 1 1 3161 4987 4479
8129 2 2 1 1 3986 4987 3160
8130 2 2 1 1 3162 4479 4372
8131 2 2 1 1 589 3712 590
8132 2 2 1 1 4908 5686 1873
8133 2 2 1 1 192 5621 193
8134 2 2 1 1 4437 5484 1507
8135 2 2 1 1 5504 6165 4214
8136 2 2 1 1 3142 6096 3143
8137 2 2 1 1 687 4752 3894
8138 2 2 1 1 11 5267 3777
8139 2 2 1 1 5709 6261 4271
8140 2 2 1 1 611 5892 5399
8141 2 2 1 1 2427 3632 2428
8142 2 2 1 1 5202 6131 2563
8143 2 2 1 1 1874 5686 3998
8144 2 2 1 1 4551 6232 1291
8145 2 2 1 1 1691 5187 4788
8146 2 2 1 1 3790 5187 1690
8147 2 2 1 1 2946 4404 2947
8148 2 2 1 1 2945 4219 2946
8149 2 2 1 1 2944 3844 2945
8150 2 2 1 1 2970 5311 2969
8151 2 2 1 1 2620 5619 4267
8152 2 2 1 1 903 6206 5116
8153 2 2 1 1 1638 5664 491
8154 2 2 1 1 389 5053 390
8155 2 2 1 1 2957 5266 5248
8156 2 2 1 1 887 4984 888
8157 2 2 1 1 2874 6079 2875
8158 2 2 1 1 3805 5045 62
8159 2 2 1 1 3285 6057 5129
8160 2 2 1 1 526 4604 4183
8161 2 2 1 1 1176 4255 1159
8162 2 2 1 1 5691 6244 3853
8163 2 2 1 1 676 4041 677
8164 2 2 1 1 1321 5090 1322
8165 2 2 1 1 3247 5729 3248
8166 2 2 1 1 580 6050 5633
8167 2 2 1 1 2600 4834 2601
8168 2 2 1 1 3915 5504 4214
8169 2 2 1 1 1052 3735 1053
8170 2 2 1 1 1054 4129 1055
8171 2 2 1 1 1053 5114 1054
8172 2 2 1 1 1823 5373 1824
8173 2 2 1 1 1154 6176 549
8174 2 2 1 1 4260 5900 2172
8175 2 2 1 1 5800 6066 4422
8176 2 2 1 1 2769 6114 425
8177 2 2 1 1 1700 4214 4032
8178 2 2 1 1 1701 4032 3818
8179 2 2 1 1 3915 4214 1699
8180 2 2 1 1 962 5585 4186
8181 2 2 1 1 3979 5380 345
8182 2 2 1 1 1052 6136 3735
8183 2 2 1 1 4984 5893 888
8184 2 2 1 1 549 6051 1154
8185 2 2 1 1 5399 5892 144
8186 2 2 1 1 5566 5679 4074
8187 2 2 1 1 1940 4935 1941
8188 2 2 1 1 248 6214 5759
8189 2 2 1 1 714 4656 3954
8190 2 2 1 1 1715 3948 1716
8191 2 2 1 1 902 6206 903
8192 2 2 1 1 2914 5051 4034
8193 2 2 1 1 1420 5138 1421
8194 2 2 1 1 1421 4094 1422
8195 2 2 1 1 1682 5171 3850
8196 2 2 1 1 3850 4364 1683
8197 2 2 1 1 3759 5487 717
8198 2 2 1 1 2691 5997 2690
8199 2 2 1 1 2701 3797 2699
8200 2 2 1 1 952 3987 953
8201 2 2 1 1 1925 5727 4944
8202 2 2 1 1 1371 3658 1372
8203 2 2 1 1 116 6285 5634
8204 2 2 1 1 2171 5090 4260
8205 2 2 1 1 4634 6101 4099
8206 2 2 1 1 1027 3758 1026
8207 2 2 1 1 6142 6209 2332
8208 2 2 1 1 1637 5664 1638
8209 2 2 1 1 620 6245 4807
8210 2 2 1 1 2745 5587 2746
8211 2 2 1 1 268 5692 269
8212 2 2 1 1 4819 6228 5210
8213 2 2 1 1 1316 3771 1317
8214 2 2 1 1 948 3896 949
8215 2 2 1 1 4693 4892 2825
8216 2 2 1 1 5063 5125 908
8217 2 2 1 1 3922 5787 5250
8218 2 2 1 1 2913 5784 5051
8219 2 2 1 1 5634 6285 518
8220 2 2 1 1 446 6107 447
8221 2 2 1 1 3765 4784 1928
8222 2 2 1 1 1927 4785 3765
8223 2 2 1 1 1929 4784 3689
8224 2 2 1 1 1926 4944 4785
8225 2 2 1 1 2435 6008 4696
8226 2 2 1 1 5744 6130 2543
8227 2 2 1 1 3198 5934 3199
8228 2 2 1 1 294 4264 295
8229 2 2 1 1 295 4380 296
8230 2 2 1 1 293 5175 294
8231 2 2 1 1 2679 5350 2678
8232 2 2 1 1 2971 4483 2970
8233 2 2 1 1 152 4400 153
8234 2 2 1 1 2863 5732 2862
8235 2 2 1 1 1524 5440 1525
8236 2 2 1 1 569 5870 570
8237 2 2 1 1 3115 5084 3116
8238 2 2 1 1 3101 5860 3102
8239 2 2 1 1 3737 4237 2708
8240 2 2 1 1 3943 6045 140
8241 2 2 1 1 3014 5929 5428
8242 2 2 1 1 61 5153 3805
8243 2 2 1 1 344 5306 3979
8244 2 2 1 1 5485 5744 3526
8245 2 2 1 1 4883 5688 2498
8246 2 2 1 1 1891 3663 1892
8247 2 2 1 1 2676 4519 2675
8248 2 2 1 1 3106 3833 3107
8249 2 2 1 1 3286 6266 564
8250 2 2 1 1 70 5158 4484
8251 2 2 1 1 5900 6267 2173
8252 2 2 1 1 1587 4726 1588
8253 2 2 1 1 1290 6232 1780
8254 2 2 1 1 4488 5105 5037
8255 2 2 1 1 3896 5765 949
8256 2 2 1 1 10 5342 5267
8257 2 2 1 1 979 3817 980
8258 2 2 1 1 1826 3730 1827
8259 2 2 1 1 1824 3799 1825
8260 2 2 1 1 3719 4806 3205
8261 2 2 1 1 3900 4234 3207
8262 2 2 1 1 3206 4806 3900
8263 2 2 1 1 2201 6008 2202
8264 2 2 1 1 4607 6157 2998
8265 2 2 1 1 444 5118 5047
8266 2 2 1 1 5047 5636 445
8267 2 2 1 1 983 4308 984
8268 2 2 1 1 825 4562 826
8269 2 2 1 1 2773 4370 2772
8270 2 2 1 1 2368 5975 4608
8271 2 2 1 1 2489 4003 2490
8272 2 2 1 1 1345 6070 5123
8273 2 2 1 1 4500 4655 1364
8274 2 2 1 1 1365 4655 4023
8275 2 2 1 1 4209 4500 1363
8276 2 2 1 1 4023 5282 1366
8277 2 2 1 1 5590 5769 3897
8278 2 2 1 1 1347 6070 1345
8279 2 2 1 1 2704 5525 2703
8280 2 2 1 1 3114 6066 5800
8281 2 2 1 1 457 5382 4142
8282 2 2 1 1 961 6133 5585
8283 2 2 1 1 3998 5984 1875
8284 2 2 1 1 4183 4604 1766
8285 2 2 1 1 1385 4363 4350
8286 2 2 1 1 5638 5984 3998
8287 2 2 1 1 1042 5885 1719
8288 2 2 1 1 4277 4846 3084
8289 2 2 1 1 3975 4814 3082
8290 2 2 1 1 3085 4846 3676
8291 2 2 1 1 3083 4814 4277
8292 2 2 1 1 3911 5702 2118
8293 2 2 1 1 5428 5929 3502
8294 2 2 1 1 2897 4503 3816
8295 2 2 1 1 4125 5923 3126
8296 2 2 1 1 3847 4791 2445
8297 2 2 1 1 4087 4660 1045
8298 2 2 1 1 2501 3794 2502
8299 2 2 1 1 169 6212 168
8300 2 2 1 1 3194 5022 3195
8301 2 2 1 1 3015 5428 5240
8302 2 2 1 1 2441 4978 4850
8303 2 2 1 1 2991 4821 3842
8304 2 2 1 1 2785 6035 5777
8305 2 2 1 1 2585 4081 2586
8306 2 2 1 1 3580 5509 4362
8307 2 2 1 1 6103 6185 5228
8308 2 2 1 1 2499 5688 5132
8309 2 2 1 1 4984 5493 725
8310 2 2 1 1 586 5700 587
8311 2 2 1 1 3212 4078 3213
8312 2 2 1 1 1548 6025 4653
8313 2 2 1 1 1901 5122 4718
8314 2 2 1 1 112 6160 349
8315 2 2 1 1 3730 6155 1827
8316 2 2 1 1 1685 5794 5561
8317 2 2 1 1 1221 5596 1222
8318 2 2 1 1 1874 3998 1875
8319 2 2 1 1 1872 4908 1873
8320 2 2 1 1 523 4221 3826
8321 2 2 1 1 4807 6245 1495
8322 2 2 1 1 3916 5212 4562
8323 2 2 1 1 4957 5525 2704
8324 2 2 1 1 2497 4883 2498
8325 2 2 1 1 3693 5607 752
8326 2 2 1 1 2117 5702 3726
8327 2 2 1 1 541 5172 4584
8328 2 2 1 1 4214 6165 4032
8329 2 2 1 1 4400 5811 153
8330 2 2 1 1 3771 5819 1317
8331 2 2 1 1 4519 6030 4010
8332 2 2 1 1 1545 4189 1546
8333 2 2 1 1 1546 5832 1547
8334 2 2 1 1 4985 5893 4984
8335 2 2 1 1 3763 5019 1334
8336 2 2 1 1 1335 4851 3763
8337 2 2 1 1 2269 4383 2270
8338 2 2 1 1 2268 4131 2269
8339 2 2 1 1 93 6040 4079
8340 2 2 1 1 5687 5801 4504
8341 2 2 1 1 1776 5232 4647
8342 2 2 1 1 630 6014 1538
8343 2 2 1 1 2875 6079 4270
8344 2 2 1 1 1071 3953 1072
8345 2 2 1 1 1640 4182 3788
8346 2 2 1 1 1273 4697 1274
8347 2 2 1 1 4114 6233 5549
8348 2 2 1 1 2183 5235 4796
8349 2 2 1 1 4259 5928 841
8350 2 2 1 1 771 5134 772
8351 2 2 1 1 2457 5569 2458
8352 2 2 1 1 785 5836 786
8353 2 2 1 1 4581 6148 1162
8354 2 2 1 1 5398 6234 5467
8355 2 2 1 1 278 6256 279
8356 2 2 1 1 1575 3704 1576
8357 2 2 1 1 950 5765 3666
8358 2 2 1 1 2602 4935 2603
8359 2 2 1 1 1177 5840 5395
8360 2 2 1 1 2119 3911 2118
8361 2 2 1 1 2240 6236 2241
8362 2 2 1 1 4524 5698 4149
8363 2 2 1 1 5248 5788 2958
8364 2 2 1 1 3817 5845 980
8365 2 2 1 1 4020 6203 4922
8366 2 2 1 1 228 5098 3752
8367 2 2 1 1 5228 5733 3888
8368 2 2 1 1 1161 4581 1162
8369 2 2 1 1 1444 5251 4358
8370 2 2 1 1 3705 5658 3068
8371 2 2 1 1 4882 5544 2936
8372 2 2 1 1 4726 5864 1588
8373 2 2 1 1 4021 5705 750
8374 2 2 1 1 5158 5589 1871
8375 2 2 1 1 150 5271 4038
8376 2 2 1 1 350 6160 127
8377 2 2 1 1 751 5705 3693
8378 2 2 1 1 3826 4065 524
8379 2 2 1 1 4065 4604 525
8380 2 2 1 1 1248 3660 1249
8381 2 2 1 1 1211 6130 5744
8382 2 2 1 1 2202 6008 2434
8383 2 2 1 1 557 3798 558
8384 2 2 1 1 2174 6267 4940
8385 2 2 1 1 1091 4247 1092
8386 2 2 1 1 1371 6151 3658
8387 2 2 1 1 589 6063 3712
8388 2 2 1 1 1554 4762 1555
8389 2 2 1 1 195 4570 196
8390 2 2 1 1 194 3745 195
8391 2 2 1 1 2219 5465 4324
8392 2 2 1 1 313 5209 4156
8393 2 2 1 1 2169 4338 2170
8394 2 2 1 1 4265 4313 572
8395 2 2 1 1 2656 4000 2657
8396 2 2 1 1 3108 4132 3109
8397 2 2 1 1 3110 4178 3111
8398 2 2 1 1 4995 5633 276
8399 2 2 1 1 4404 5890 4228
8400 2 2 1 1 453 5670 454
8401 2 2 1 1 1084 3855 1085
8402 2 2 1 1 1441 5337 4155
8403 2 2 1 1 1261 3639 1262
8404 2 2 1 1 1260 5351 1261
8405 2 2 1 1 1893 6039 1894
8406 2 2 1 1 2959 5788 5695
8407 2 2 1 1 1016 4149 1017
8408 2 2 1 1 5177 5690 2840
8409 2 2 1 1 2641 5509 2642
8410 2 2 1 1 5832 6025 1547
8411 2 2 1 1 3214 3876 3215
8412 2 2 1 1 2773 5547 4370
8413 2 2 1 1 9 5374 5342
8414 2 2 1 1 488 5326 4100
8415 2 2 1 1 3016 5240 4069
8416 2 2 1 1 2957 5248 2958
8417 2 2 1 1 4696 6008 2201
8418 2 2 1 1 1420 6234 5138
8419 2 2 1 1 147 5836 148
8420 2 2 1 1 4383 5242 2270
8421 2 2 1 1 960 6133 961
8422 2 2 1 1 1842 3687 1843
8423 2 2 1 1 5423 5670 453
8424 2 2 1 1 5390 5702 3911
8425 2 2 1 1 2789 4286 2790
8426 2 2 1 1 2794 5565 2329
8427 2 2 1 1 139 3943 140
8428 2 2 1 1 138 4124 139
8429 2 2 1 1 4129 6068 5720
8430 2 2 1 1 840 6233 4259
8431 2 2 1 1 4429 5376 3184
8432 2 2 1 1 5465 6002 1982
8433 2 2 1 1 154 5811 3837
8434 2 2 1 1 2709 5139 3737
8435 2 2 1 1 1014 4254 1015
8436 2 2 1 1 3784 5122 1900
8437 2 2 1 1 5576 5791 4983
8438 2 2 1 1 2881 5735 4101
8439 2 2 1 1 4908 5589 69
8440 2 2 1 1 1136 4369 3950
8441 2 2 1 1 2542 6130 1210
8442 2 2 1 1 1318 5819 3728
8443 2 2 1 1 1061 5885 1042
8444 2 2 1 1 2676 6030 4519
8445 2 2 1 1 4764 5322 967
8446 2 2 1 1 2035 6289 6144
8447 2 2 1 1 2881 4101 2882
8448 2 2 1 1 1980 5572 1979
8449 2 2 1 1 4904 6081 108
8450 2 2 1 1 659 5073 3650
8451 2 2 1 1 2257 6174 4905
8452 2 2 1 1 2944 5871 3844
8453 2 2 1 1 1977 3629 1976
8454 2 2 1 1 1979 5359 1978
8455 2 2 1 1 2947 4404 4228
8456 2 2 1 1 4149 5698 1017
8457 2 2 1 1 1044 5145 4087
8458 2 2 1 1 3115 5800 5084
8459 2 2 1 1 1382 5540 4159
8460 2 2 1 1 3726 6067 2116
8461 2 2 1 1 1297 6089 1295
8462 2 2 1 1 1055 4129 3958
8463 2 2 1 1 981 5845 3668
8464 2 2 1 1 3768 5172 540
8465 2 2 1 1 1719 5885 1720
8466 2 2 1 1 2444 4239 3847
8467 2 2 1 1 4940 6267 3976
8468 2 2 1 1 3680 5789 1557
8469 2 2 1 1 3660 5932 1249
8470 2 2 1 1 3848 4834 2600
8471 2 2 1 1 326 3875 327
8472 2 2 1 1 329 5903 330
8473 2 2 1 1 1581 3789 1582
8474 2 2 1 1 1583 5415 1584
8475 2 2 1 1 1582 4744 1583
8476 2 2 1 1 587 5074 588
8477 2 2 1 1 1589 5864 3781
8478 2 2 1 1 678 3633 679
8479 2 2 1 1 4094 5173 1422
8480 2 2 1 1 212 3984 213
8481 2 2 1 1 5860 5956 4192
8482 2 2 1 1 2499 5132 2500
8483 2 2 1 1 4112 5073 658
8484 2 2 1 1 838 5549 839
8485 2 2 1 1 2960 3657 2961
8486 2 2 1 1 2532 4220 2533
8487 2 2 1 1 6144 6289 4250
8488 2 2 1 1 809 6209 6142
8489 2 2 1 1 5465 5931 4324
8490 2 2 1 1 1654 4246 1655
8491 2 2 1 1 4419 5493 886
8492 2 2 1 1 2210 5243 2211
8493 2 2 1 1 2543 6130 2542
8494 2 2 1 1 3145 4093 3146
8495 2 2 1 1 1735 6159 4945
8496 2 2 1 1 2117 3726 2116
8497 2 2 1 1 2237 5210 3702
8498 2 2 1 1 4762 5960 1555
8499 2 2 1 1 674 3897 675
8500 2 2 1 1 672 4869 673
8501 2 2 1 1 296 4380 4084
8502 2 2 1 1 3175 5653 3176
8503 2 2 1 1 5675 6016 4000
8504 2 2 1 1 2793 5565 2794
8505 2 2 1 1 5107 5901 807
8506 2 2 1 1 2927 3902 2928
8507 2 2 1 1 2324 5281 3883
8508 2 2 1 1 3662 5235 2184
8509 2 2 1 1 2690 5997 3912
8510 2 2 1 1 5745 6120 5103
8511 2 2 1 1 5074 6063 588
8512 2 2 1 1 571 4888 4265
8513 2 2 1 1 950 3666 951
8514 2 2 1 1 5074 5700 2102
8515 2 2 1 1 4260 5090 1321
8516 2 2 1 1 5228 6185 5733
8517 2 2 1 1 3797 5525 4957
8518 2 2 1 1 5065 5690 5177
8519 2 2 1 1 3843 6135 1013
8520 2 2 1 1 4155 4458 1442
8521 2 2 1 1 4458 5251 1443
8522 2 2 1 1 4060 4904 944
8523 2 2 1 1 1029 3673 1028
8524 2 2 1 1 1030 5915 1029
8525 2 2 1 1 5221 5376 3059
8526 2 2 1 1 1201 5125 5063
8527 2 2 1 1 437 5687 4504
8528 2 2 1 1 4210 6025 5832
8529 2 2 1 1 2601 5894 2602
8530 2 2 1 1 2141 5263 4681
8531 2 2 1 1 2335 5107 4316
8532 2 2 1 1 4000 6016 2657
8533 2 2 1 1 694 4068 695
8534 2 2 1 1 4020 4922 2056
8535 2 2 1 1 2209 5855 3643
8536 2 2 1 1 4126 5855 2208
8537 2 2 1 1 5561 5794 1528
8538 2 2 1 1 2959 5695 2960
8539 2 2 1 1 1252 5759 1253
8540 2 2 1 1 570 5870 4888
8541 2 2 1 1 4759 5271 149
8542 2 2 1 1 1250 5932 3635
8543 2 2 1 1 1992 4269 1993
8544 2 2 1 1 749 4021 750
8545 2 2 1 1 3734 4248 1148
8546 2 2 1 1 357 4786 358
8547 2 2 1 1 3185 5376 5221
8548 2 2 1 1 3098 6026 4334
8549 2 2 1 1 4029 4948 1199
8550 2 2 1 1 4129 5720 3958
8551 2 2 1 1 887 5493 4984
8552 2 2 1 1 4888 5870 2597
8553 2 2 1 1 1168 3853 1169
8554 2 2 1 1 4259 6233 4114
8555 2 2 1 1 698 3751 699
8556 2 2 1 1 1143 5590 4869
8557 2 2 1 1 154 3837 155
8558 2 2 1 1 4631 6236 2240
8559 2 2 1 1 1872 5589 4908
8560 2 2 1 1 360 3825 361
8561 2 2 1 1 1592 3886 1593
8562 2 2 1 1 768 4595 769
8563 2 2 1 1 650 5072 3659
8564 2 2 1 1 4759 5836 785
8565 2 2 1 1 2304 3861 2305
8566 2 2 1 1 2883 6250 2884
8567 2 2 1 1 1318 3728 1319
8568 2 2 1 1 1320 4260 1321
8569 2 2 1 1 1840 3772 1841
8570 2 2 1 1 751 3693 752
8571 2 2 1 1 1556 5960 3680
8572 2 2 1 1 4316 4874 2336
8573 2 2 1 1 2337 4874 4245
8574 2 2 1 1 148 5836 4759
8575 2 2 1 1 484 5086 4517
8576 2 2 1 1 2880 5735 2881
8577 2 2 1 1 2489 4444 4003
8578 2 2 1 1 981 3668 982
8579 2 2 1 1 1673 3731 1674
8580 2 2 1 1 3844 4219 2945
8581 2 2 1 1 4219 4404 2946
8582 2 2 1 1 3852 5972 2206
8583 2 2 1 1 1589 3781 1590
8584 2 2 1 1 4286 6119 2790
8585 2 2 1 1 2334 5901 5107
8586 2 2 1 1 3067 3705 3068
8587 2 2 1 1 2471 3859 2472
8588 2 2 1 1 434 6035 4687
8589 2 2 1 1 1968 4300 1967
8590 2 2 1 1 3735 5114 1053
8591 2 2 1 1 1054 5114 4129
8592 2 2 1 1 2207 5972 4126
8593 2 2 1 1 2056 4922 2057
8594 2 2 1 1 4338 5090 2170
8595 2 2 1 1 109 6081 3854
8596 2 2 1 1 2301 4230 2302
8597 2 2 1 1 5053 5849 850
8598 2 2 1 1 4286 6147 6119
8599 2 2 1 1 2930 3983 2931
8600 2 2 1 1 3875 6094 327
8601 2 2 1 1 2530 6172 2531
8602 2 2 1 1 138 5752 4124
8603 2 2 1 1 1824 5373 3799
8604 2 2 1 1 109 3854 110
8605 2 2 1 1 2897 3816 2898
8606 2 2 1 1 2899 5159 2900
8607 2 2 1 1 5123 6070 4188
8608 2 2 1 1 279 6256 4746
8609 2 2 1 1 1421 5138 4094
8610 2 2 1 1 2063 4281 2064
8611 2 2 1 1 4366 5664 1637
8612 2 2 1 1 2658 6016 4557
8613 2 2 1 1 998 5954 3640
8614 2 2 1 1 3841 5954 997
8615 2 2 1 1 2703 5525 2701
8616 2 2 1 1 1672 5839 1673
8617 2 2 1 1 4271 6261 5656
8618 2 2 1 1 5569 5574 2458
8619 2 2 1 1 1250 3635 1251
8620 2 2 1 1 2063 5778 4281
8621 2 2 1 1 261 5706 4877
8622 2 2 1 1 1198 6263 4029
8623 2 2 1 1 4264 4380 295
8624 2 2 1 1 294 5175 4264
8625 2 2 1 1 456 5382 457
8626 2 2 1 1 2205 3852 2206
8627 2 2 1 1 1910 3851 1911
8628 2 2 1 1 495 4617 496
8629 2 2 1 1 1807 5989 4018
8630 2 2 1 1 1556 3680 1557
8631 2 2 1 1 1014 6135 4254
8632 2 2 1 1 3853 6244 1169
8633 2 2 1 1 491 5664 492
8634 2 2 1 1 4617 6057 496
8635 2 2 1 1 4018 5989 5508
8636 2 2 1 1 2474 3801 2475
8637 2 2 1 1 4905 6174 1733
8638 2 2 1 1 4136 5729 2652
8639 2 2 1 1 2824 5518 4693
8640 2 2 1 1 5549 6233 839
8641 2 2 1 1 1630 6120 5745
8642 2 2 1 1 4307 5565 2793
8643 2 2 1 1 5275 5700 586
8644 2 2 1 1 4786 6205 358
8645 2 2 1 1 909 5125 4948
8646 2 2 1 1 2207 4126 2208
8647 2 2 1 1 2209 3643 2210
8648 2 2 1 1 2658 4557 2659
8649 2 2 1 1 2791 6119 4699
8650 2 2 1 1 4189 5832 1546
8651 2 2 1 1 492 4366 493
8652 2 2 1 1 4131 4383 2269
8653 2 2 1 1 4945 6159 2255
8654 2 2 1 1 389 5849 5053
8655 2 2 1 1 5114 6068 4129
8656 2 2 1 1 495 5004 4617
8657 2 2 1 1 167 6092 5494
8658 2 2 1 1 674 5590 3897
8659 2 2 1 1 4869 5590 673
8660 2 2 1 1 1941 5894 1942
8661 2 2 1 1 5575 6123 875
8662 2 2 1 1 5898 5928 4043
8663 2 2 1 1 2895 6085 2896
8664 2 2 1 1 4746 6256 856
8665 2 2 1 1 3745 4570 195
8666 2 2 1 1 494 5004 495
8667 2 2 1 1 1261 5351 3639
8668 2 2 1 1 998 3640 999
8669 2 2 1 1 996 3841 997
8670 2 2 1 1 2091 3957 2092
8671 2 2 1 1 2529 5732 2530
8672 2 2 1 1 2531 6163 2532
8673 2 2 1 1 5494 6092 1021
8674 2 2 1 1 2791 4699 2792
8675 2 2 1 1 2792 4307 2793
8676 2 2 1 1 1094 4916 1095
8677 2 2 1 1 1093 4764 1094
8678 2 2 1 1 1092 5322 1093
8679 2 2 1 1 2080 5252 2081
8680 2 2 1 1 5759 6214 1253
8681 2 2 1 1 139 4124 3943
8682 2 2 1 1 3143 3919 3144
8683 2 2 1 1 516 5697 517
8684 2 2 1 1 587 5700 5074
8685 2 2 1 1 454 4236 455
8686 2 2 1 1 4247 5322 1092
8687 2 2 1 1 1979 5572 5359
8688 2 2 1 1 683 3755 684
8689 2 2 1 1 2102 5700 5275
8690 2 2 1 1 3789 4744 1582
8691 2 2 1 1 4744 5415 1583
8692 2 2 1 1 3643 5243 2210
8693 2 2 1 1 4060 6081 4904
8694 2 2 1 1 874 5575 875
8695 2 2 1 1 2093 3823 2094
8696 2 2 1 1 3143 6096 3919
8697 2 2 1 1 2960 5695 3657
8698 2 2 1 1 217 6273 5282
8699 2 2 1 1 4948 5125 1200
8700 2 2 1 1 5282 6273 1367
8701 2 2 1 1 1029 5915 3673
8702 2 2 1 1 2532 6163 4220
8703 2 2 1 1 209 5120 210
8704 2 2 1 1 210 3977 211
8705 2 2 1 1 2701 5525 3797
8706 2 2 1 1 681 3775 682
8707 2 2 1 1 696 3628 697
8708 2 2 1 1 454 5670 4236
8709 2 2 1 1 3101 5956 5860
8710 2 2 1 1 1990 4110 1991
8711 2 2 1 1 2640 4362 2641
8712 2 2 1 1 770 4170 771
8713 2 2 1 1 1673 5839 3731
8714 2 2 1 1 4170 5134 771
8715 2 2 1 1 1765 4183 1766
8716 2 2 1 1 4935 5894 1941
8717 2 2 1 1 492 5664 4366
8718 2 2 1 1 5732 6172 2530
8719 2 2 1 1 2531 6172 6163
8720 2 2 1 1 2602 5894 4935
8721 2 2 1 1 2863 6172 5732
8722 2 2 1 1 4362 5509 2641
8723 2 2 1 1 2792 4699 4307
8724 2 2 1 1 1093 5322 4764
8725 2 2 1 1 4764 4916 1094
8726 2 2 1 1 4503 6085 3019
8727 2 2 1 1 2896 6085 4503
8728 2 2 1 1 210 5120 3977
8729 2 2 1 1 1629 1627 1628
8730 2 2 1 1 3 4524 4
8731 2 2 1 1 22 5939 23
8732 2 2 1 1 40 4835 41
8733 2 2 1 1 2362 73 72
8734 2 2 1 1 81 5578 3259
8735 2 2 1 1 339 85 84
8736 2 2 1 1 338 85 339
8737 2 2 1 1 133 5734 134
8738 2 2 1 1 135 3706 136
8739 2 2 1 1 157 473 3264
8740 2 2 1 1 158 472 3281
8741 2 2 1 1 3513 169 170
8742 2 2 1 1 170 171 3513
8743 2 2 1 1 3514 172 173
8744 2 2 1 1 175 5003 174
8745 2 2 1 1 175 176 2670
8746 2 2 1 1 177 5358 176
8747 2 2 1 1 397 192 191
8748 2 2 1 1 3374 199 198
8749 2 2 1 1 3374 198 1463
8750 2 2 1 1 204 4256 205
8751 2 2 1 1 1368 215 1369
8752 2 2 1 1 223 222 755
8753 2 2 1 1 754 223 755
8754 2 2 1 1 246 5815 3266
8755 2 2 1 1 3269 1254 247
8756 2 2 1 1 1254 6214 247
8757 2 2 1 1 270 1023 1024
8758 2 2 1 1 275 4995 276
8759 2 2 1 1 322 4085 323
8760 2 2 1 1 328 5903 329
8761 2 2 1 1 330 5091 331
8762 2 2 1 1 631 3303 341
8763 2 2 1 1 359 3825 360
8764 2 2 1 1 384 746 745
8765 2 2 1 1 387 5081 388
8766 2 2 1 1 392 5938 1771
8767 2 2 1 1 412 6227 413
8768 2 2 1 1 3276 4975 415
8769 2 2 1 1 441 5372 442
8770 2 2 1 1 455 5382 456
8771 2 2 1 1 470 4754 471
8772 2 2 1 1 3259 479 478
8773 2 2 1 1 503 6043 504
8774 2 2 1 1 534 6266 3286
8775 2 2 1 1 542 5239 543
8776 2 2 1 1 558 4603 559
8777 2 2 1 1 560 4702 561
8778 2 2 1 1 567 5703 568
8779 2 2 1 1 583 5162 584
8780 2 2 1 1 590 5270 591
8781 2 2 1 1 878 877 599
8782 2 2 1 1 637 5354 638
8783 2 2 1 1 652 4045 653
8784 2 2 1 1 675 4041 676
8785 2 2 1 1 677 5329 678
8786 2 2 1 1 693 4068 694
8787 2 2 1 1 721 4133 722
8788 2 2 1 1 3307 5691 731
8789 2 2 1 1 3309 4964 737
8790 2 2 1 1 3314 4861 758
8791 2 2 1 1 764 5366 765
8792 2 2 1 1 765 6139 766
8793 2 2 1 1 775 5300 776
8794 2 2 1 1 803 802 3375
8795 2 2 1 1 810 5638 811
8796 2 2 1 1 817 5940 818
8797 2 2 1 1 823 4369 824
8798 2 2 1 1 827 4204 828
8799 2 2 1 1 829 5117 830
8800 2 2 1 1 853 1004 1003
8801 2 2 1 1 860 4331 861
8802 2 2 1 1 882 5203 883
8803 2 2 1 1 900 5366 901
8804 2 2 1 1 907 4956 908
8805 2 2 1 1 3515 3516 929
8806 2 2 1 1 951 3987 952
8807 2 2 1 1 966 4764 967
8808 2 2 1 1 982 4308 983
8809 2 2 1 1 990 4644 991
8810 2 2 1 1 995 3841 996
8811 2 2 1 1 999 4421 1000
8812 2 2 1 1 1001 5197 1002
8813 2 2 1 1 3519 1010 1009
8814 2 2 1 1 3519 1009 3518
8815 2 2 1 1 3520 1011 1010
8816 2 2 1 1 3520 1010 3519
8817 2 2 1 1 1028 3758 1027
8818 2 2 1 1 1034 1035 3506
8819 2 2 1 1 1037 3513 1036
8820 2 2 1 1 1058 5300 1059
8821 2 2 1 1 1060 5207 1061
8822 2 2 1 1 1076 5402 1077
8823 2 2 1 1 3341 4934 1082
8824 2 2 1 1 1113 4158 1114
8825 2 2 1 1 1142 5769 1143
8826 2 2 1 1 1143 4869 1144
8827 2 2 1 1 1144 4592 1145
8828 2 2 1 1 1225 5745 1226
8829 2 2 1 1 3347 5372 1235
8830 2 2 1 1 1240 4292 1241
8831 2 2 1 1 1266 1245 1267
8832 2 2 1 1 1247 4147 1248
8833 2 2 1 1 1253 6214 1254
8834 2 2 1 1 3268 1256 3269
8835 2 2 1 1 1265 4750 1266
8836 2 2 1 1 1267 4459 1268
8837 2 2 1 1 3267 3266 1270
8838 2 2 1 1 3352 4569 1294
8839 2 2 1 1 1306 4674 1305
8840 2 2 1 1 1315 3771 1316
8841 2 2 1 1 1322 5936 1323
8842 2 2 1 1 3362 1855 1339
8843 2 2 1 1 1340 1341 3611
8844 2 2 1 1 1342 1343 3619
8845 2 2 1 1 1372 4184 1373
8846 2 2 1 1 1374 3738 1375
8847 2 2 1 1 3450 1390 2447
8848 2 2 1 1 1449 4365 1430
8849 2 2 1 1 2494 1447 1446
8850 2 2 1 1 1447 4683 1448
8851 2 2 1 1 1454 5258 3369
8852 2 2 1 1 1519 1456 1455
8853 2 2 1 1 1518 1456 1519
8854 2 2 1 1 1471 5444 1472
8855 2 2 1 1 1479 5909 1480
8856 2 2 1 1 1501 4877 1502
8857 2 2 1 1 1517 4620 1518
8858 2 2 1 1 1549 5489 1550
8859 2 2 1 1 1553 5083 1554
8860 2 2 1 1 1752 1563 1562
8861 2 2 1 1 1571 4989 1572
8862 2 2 1 1 1586 5599 1587
8863 2 2 1 1 1613 3530 1611
8864 2 2 1 1 3388 1627 1629
8865 2 2 1 1 1634 4978 1635
8866 2 2 1 1 1650 3435 1651
8867 2 2 1 1 3435 2211 1651
8868 2 2 1 1 3509 3510 1669
8869 2 2 1 1 1680 2168 2167
8870 2 2 1 1 1731 2373 2372
8871 2 2 1 1 1753 5024 1738
8872 2 2 1 1 1745 5269 1746
8873 2 2 1 1 2723 1745 2724
8874 2 2 1 1 1801 3997 1786
8875 2 2 1 1 1825 3730 1826
8876 2 2 1 1 1841 3687 1842
8877 2 2 1 1 2049 1846 1845
8878 2 2 1 1 1954 3623 1953
8879 2 2 1 1 1956 3626 1955
8880 2 2 1 1 3560 5572 1970
8881 2 2 1 1 1976 3709 1975
8882 2 2 1 1 2034 6289 2035
8883 2 2 1 1 2088 5631 2089
8884 2 2 1 1 2090 3957 2091
8885 2 2 1 1 2110 5464 2111
8886 2 2 1 1 2133 2242 2241
8887 2 2 1 1 2175 6203 2176
8888 2 2 1 1 2177 3878 2178
8889 2 2 1 1 2180 2179 3566
8890 2 2 1 1 2182 5726 2181
8891 2 2 1 1 2433 5645 2202
8892 2 2 1 1 2258 4924 2245
8893 2 2 1 1 2317 3523 3524
8894 2 2 1 1 2320 3275 2321
8895 2 2 1 1 2320 3276 3275
8896 2 2 1 1 2322 5776 2323
8897 2 2 1 1 2794 2328 2795
8898 2 2 1 1 2350 3352 3351
8899 2 2 1 1 2374 5257 2357
8900 2 2 1 1 2365 4932 2366
8901 2 2 1 1 2407 4980 2408
8902 2 2 1 1 2470 6161 2471
8903 2 2 1 1 2477 5890 2478
8904 2 2 1 1 2490 4139 2491
8905 2 2 1 1 2500 3794 2501
8906 2 2 1 1 2504 4962 2505
8907 2 2 1 1 2506 4761 2507
8908 2 2 1 1 2548 3532 2547
8909 2 2 1 1 2549 3532 2548
8910 2 2 1 1 3572 5934 2556
8911 2 2 1 1 3457 4558 2571
8912 2 2 1 1 2582 5292 2583
8913 2 2 1 1 2598 4724 2599
8914 2 2 1 1 2604 3849 2605
8915 2 2 1 1 2637 5559 3459
8916 2 2 1 1 2645 5065 2646
8917 2 2 1 1 3460 2838 2645
8918 2 2 1 1 3245 5025 2653
8919 2 2 1 1 2655 5943 2656
8920 2 2 1 1 2661 5935 2662
8921 2 2 1 1 3514 5003 2667
8922 2 2 1 1 2680 4790 2679
8923 2 2 1 1 3465 6047 2691
8924 2 2 1 1 2702 2703 2701
8925 2 2 1 1 2713 3534 2712
8926 2 2 1 1 3534 3535 2712
8927 2 2 1 1 2717 2718 2716
8928 2 2 1 1 3538 5848 2719
8929 2 2 1 1 2734 3499 3112
8930 2 2 1 1 2748 5755 2749
8931 2 2 1 1 2924 2757 2756
8932 2 2 1 1 3515 4880 2767
8933 2 2 1 1 2782 3589 2781
8934 2 2 1 1 2787 5268 3471
8935 2 2 1 1 2814 3029 3476
8936 2 2 1 1 2856 3555 2855
8937 2 2 1 1 2857 3555 2856
8938 2 2 1 1 2858 2859 3559
8939 2 2 1 1 2859 2860 3559
8940 2 2 1 1 2878 4801 2879
8941 2 2 1 1 2934 6074 2919
8942 2 2 1 1 2941 5135 2942
8943 2 2 1 1 2942 6241 2943
8944 2 2 1 1 2974 5324 2973
8945 2 2 1 1 2974 2975 3575
8946 2 2 1 1 2975 2976 3575
8947 2 2 1 1 3035 5367 3036
8948 2 2 1 1 3091 4893 3092
8949 2 2 1 1 3119 5026 3117
8950 2 2 1 1 3122 5428 3502
8951 2 2 1 1 3128 3905 3127
8952 2 2 1 1 3130 5115 3129
8953 2 2 1 1 3503 3131 3543
8954 2 2 1 1 3144 4093 3145
8955 2 2 1 1 3146 6083 3147
8956 2 2 1 1 3204 3830 3183
8957 2 2 1 1 3240 4120 3241
8958 2 2 1 1 3242 5140 3243
8959 2 2 1 1 3267 5336 3268
8960 2 2 1 1 3280 5080 3281
8961 2 2 1 1 3378 5415 3379
8962 2 2 1 1 3448 4617 3449
8963 2 2 1 1 3476 5988 3477
8964 2 2 1 1 4 180 5
8965 2 2 1 1 5 181 6
8966 2 2 1 1 180 181 5
8967 2 2 1 1 6 181 162
8968 2 2 1 1 15 4567 16
8969 2 2 1 1 26 992 27
8970 2 2 1 1 992 5796 27
8971 2 2 1 1 305 33 306
8972 2 2 1 1 3256 33 305
8973 2 2 1 1 2362 72 2363
8974 2 2 1 1 82 477 476
8975 2 2 1 1 82 476 3260
8976 2 2 1 1 3259 478 82
8977 2 2 1 1 3261 4698 83
8978 2 2 1 1 95 634 96
8979 2 2 1 1 635 634 95
8980 2 2 1 1 946 106 105
8981 2 2 1 1 945 107 106
8982 2 2 1 1 945 106 946
8983 2 2 1 1 135 134 2077
8984 2 2 1 1 2077 134 2078
8985 2 2 1 1 3264 472 158
8986 2 2 1 1 174 3514 173
8987 2 2 1 1 3463 175 2670
8988 2 2 1 1 1464 197 196
8989 2 2 1 1 198 197 1463
8990 2 2 1 1 1463 197 1464
8991 2 2 1 1 200 199 3374
8992 2 2 1 1 208 873 209
8993 2 2 1 1 874 873 208
8994 2 2 1 1 1369 215 3265
8995 2 2 1 1 222 221 3313
8996 2 2 1 1 755 222 3313
8997 2 2 1 1 224 223 754
8998 2 2 1 1 753 224 754
8999 2 2 1 1 1500 264 263
9000 2 2 1 1 1025 272 1024
9001 2 2 1 1 290 1066 291
9002 2 2 1 1 1067 1066 290
9003 2 2 1 1 304 3256 305
9004 2 2 1 1 310 757 311
9005 2 2 1 1 3314 757 310
9006 2 2 1 1 340 631 341
9007 2 2 1 1 341 3303 342
9008 2 2 1 1 3311 383 382
9009 2 2 1 1 3311 746 383
9010 2 2 1 1 384 745 3270
9011 2 2 1 1 385 988 386
9012 2 2 1 1 988 987 386
9013 2 2 1 1 392 1771 393
9014 2 2 1 1 393 1771 394
9015 2 2 1 1 1770 1769 394
9016 2 2 1 1 394 1769 3271
9017 2 2 1 1 394 1771 1770
9018 2 2 1 1 2770 2771 424
9019 2 2 1 1 426 427 3521
9020 2 2 1 1 440 1236 441
9021 2 2 1 1 1236 1235 441
9022 2 2 1 1 471 789 3280
9023 2 2 1 1 3264 473 472
9024 2 2 1 1 489 4182 490
9025 2 2 1 1 529 4885 512
9026 2 2 1 1 563 535 564
9027 2 2 1 1 3294 535 563
9028 2 2 1 1 564 535 3286
9029 2 2 1 1 3287 535 3294
9030 2 2 1 1 3293 536 3287
9031 2 2 1 1 568 2598 569
9032 2 2 1 1 2037 574 573
9033 2 2 1 1 2036 574 2037
9034 2 2 1 1 618 1496 619
9035 2 2 1 1 1538 1537 630
9036 2 2 1 1 630 1537 3300
9037 2 2 1 1 641 640 920
9038 2 2 1 1 919 641 920
9039 2 2 1 1 646 5036 647
9040 2 2 1 1 663 662 1487
9041 2 2 1 1 664 663 3376
9042 2 2 1 1 3376 663 1487
9043 2 2 1 1 685 1144 672
9044 2 2 1 1 691 1604 692
9045 2 2 1 1 1605 1604 691
9046 2 2 1 1 692 1603 693
9047 2 2 1 1 693 1603 3383
9048 2 2 1 1 701 700 1121
9049 2 2 1 1 1121 700 1122
9050 2 2 1 1 1396 713 712
9051 2 2 1 1 712 5092 1397
9052 2 2 1 1 1395 713 1396
9053 2 2 1 1 1172 730 1173
9054 2 2 1 1 1172 3307 730
9055 2 2 1 1 730 3306 1173
9056 2 2 1 1 1057 760 777
9057 2 2 1 1 767 5183 768
9058 2 2 1 1 777 776 1058
9059 2 2 1 1 777 1058 1057
9060 2 2 1 1 804 803 1484
9061 2 2 1 1 1484 803 3375
9062 2 2 1 1 832 831 3343
9063 2 2 1 1 833 832 3343
9064 2 2 1 1 3343 6112 833
9065 2 2 1 1 854 853 1003
9066 2 2 1 1 905 1889 906
9067 2 2 1 1 930 3516 931
9068 2 2 1 1 931 3516 3517
9069 2 2 1 1 947 5055 948
9070 2 2 1 1 1381 1380 959
9071 2 2 1 1 959 1380 3364
9072 2 2 1 1 3364 3328 959
9073 2 2 1 1 960 3328 1379
9074 2 2 1 1 1031 5427 1030
9075 2 2 1 1 1032 4371 1031
9076 2 2 1 1 1034 3506 3335
9077 2 2 1 1 1041 4309 1039
9078 2 2 1 1 1050 4500 1051
9079 2 2 1 1 1170 3307 1171
9080 2 2 1 1 1171 3307 1172
9081 2 2 1 1 1173 3306 1174
9082 2 2 1 1 1707 1706 1195
9083 2 2 1 1 1223 1633 1224
9084 2 2 1 1 1267 1245 1258
9085 2 2 1 1 3269 1256 1255
9086 2 2 1 1 1256 4459 1257
9087 2 2 1 1 1269 3267 1270
9088 2 2 1 1 1288 1289 1779
9089 2 2 1 1 1779 1289 1780
9090 2 2 1 1 1295 4423 3351
9091 2 2 1 1 1301 1302 3540
9092 2 2 1 1 1303 1304 3545
9093 2 2 1 1 1689 1323 1676
9094 2 2 1 1 3356 1323 1689
9095 2 2 1 1 1327 1326 3370
9096 2 2 1 1 3369 1327 3370
9097 2 2 1 1 1339 1855 1856
9098 2 2 1 1 1339 1856 3397
9099 2 2 1 1 1339 1857 3360
9100 2 2 1 1 3397 1857 1339
9101 2 2 1 1 3611 3362 1340
9102 2 2 1 1 1356 1425 1357
9103 2 2 1 1 1426 1425 1356
9104 2 2 1 1 1358 1424 1359
9105 2 2 1 1 1424 1423 1359
9106 2 2 1 1 1370 1369 3265
9107 2 2 1 1 1578 1377 1579
9108 2 2 1 1 1379 3328 3364
9109 2 2 1 1 1390 1389 2447
9110 2 2 1 1 2447 1389 2448
9111 2 2 1 1 1392 1391 2446
9112 2 2 1 1 2446 1391 3450
9113 2 2 1 1 1414 4947 1415
9114 2 2 1 1 1428 2004 1429
9115 2 2 1 1 2005 2004 1428
9116 2 2 1 1 1439 5076 1440
9117 2 2 1 1 2496 1446 1445
9118 2 2 1 1 2494 1446 2495
9119 2 2 1 1 2495 1446 2496
9120 2 2 1 1 1520 1455 3371
9121 2 2 1 1 1520 3371 1521
9122 2 2 1 1 1686 1527 1687
9123 2 2 1 1 1537 1536 3300
9124 2 2 1 1 1560 5024 1561
9125 2 2 1 1 1751 1564 1563
9126 2 2 1 1 1751 1563 1752
9127 2 2 1 1 1749 1564 1750
9128 2 2 1 1 1750 1564 1751
9129 2 2 1 1 1580 4212 1565
9130 2 2 1 1 1585 1584 3378
9131 2 2 1 1 1614 3530 1613
9132 2 2 1 1 1616 2121 1615
9133 2 2 1 1 1616 2120 2121
9134 2 2 1 1 1616 4175 2120
9135 2 2 1 1 1619 4552 1618
9136 2 2 1 1 2232 1619 2233
9137 2 2 1 1 3388 1629 2125
9138 2 2 1 1 1633 4850 1634
9139 2 2 1 1 1635 2439 1636
9140 2 2 1 1 2440 2439 1635
9141 2 2 1 1 1648 3436 1649
9142 2 2 1 1 1649 3435 1650
9143 2 2 1 1 3436 3435 1649
9144 2 2 1 1 1651 2211 1652
9145 2 2 1 1 3508 1667 1666
9146 2 2 1 1 1668 1667 3509
9147 2 2 1 1 3509 1667 3508
9148 2 2 1 1 1668 3509 1669
9149 2 2 1 1 1670 3510 1671
9150 2 2 1 1 1671 3511 1672
9151 2 2 1 1 3510 3511 1671
9152 2 2 1 1 1678 2168 1679
9153 2 2 1 1 2169 2168 1678
9154 2 2 1 1 1680 2167 1681
9155 2 2 1 1 1714 4725 1715
9156 2 2 1 1 1729 2374 1730
9157 2 2 1 1 1731 2372 1732
9158 2 2 1 1 1740 1739 2486
9159 2 2 1 1 2724 1745 1744
9160 2 2 1 1 2724 1744 2725
9161 2 2 1 1 1771 5938 1772
9162 2 2 1 1 1781 4551 1782
9163 2 2 1 1 2049 1845 2050
9164 2 2 1 1 1850 1851 3610
9165 2 2 1 1 3611 1852 1853
9166 2 2 1 1 1854 3362 1853
9167 2 2 1 1 1860 2855 1861
9168 2 2 1 1 1860 1862 2855
9169 2 2 1 1 2855 3555 1861
9170 2 2 1 1 2855 1862 2854
9171 2 2 1 1 1868 3554 1867
9172 2 2 1 1 1923 3340 1924
9173 2 2 1 1 1923 3341 3340
9174 2 2 1 1 1935 4308 1936
9175 2 2 1 1 1939 3862 1940
9176 2 2 1 1 3623 1952 1953
9177 2 2 1 1 3624 1952 3623
9178 2 2 1 1 3405 1960 2110
9179 2 2 1 1 1969 1971 3253
9180 2 2 1 1 1974 4951 1973
9181 2 2 1 1 2459 1994 2460
9182 2 2 1 1 2460 1994 2461
9183 2 2 1 1 2016 3457 2017
9184 2 2 1 1 2017 3457 2018
9185 2 2 1 1 3457 3456 2018
9186 2 2 1 1 2106 5029 2107
9187 2 2 1 1 3405 2110 2109
9188 2 2 1 1 3388 2125 2127
9189 2 2 1 1 2126 3567 3411
9190 2 2 1 1 2127 4121 3388
9191 2 2 1 1 2166 5171 2167
9192 2 2 1 1 2179 2181 3566
9193 2 2 1 1 2249 2968 2967
9194 2 2 1 1 2315 3523 2316
9195 2 2 1 1 3522 3523 2315
9196 2 2 1 1 2318 3525 3444
9197 2 2 1 1 3524 3525 2318
9198 2 2 1 1 3275 3274 2322
9199 2 2 1 1 2794 2329 2328
9200 2 2 1 1 3351 2351 2350
9201 2 2 1 1 2352 2351 3351
9202 2 2 1 1 2355 3621 2356
9203 2 2 1 1 2356 3621 3622
9204 2 2 1 1 2405 2955 2406
9205 2 2 1 1 2956 2955 2405
9206 2 2 1 1 2955 2954 2406
9207 2 2 1 1 2410 3501 2411
9208 2 2 1 1 3114 3501 2410
9209 2 2 1 1 2412 3501 2413
9210 2 2 1 1 3113 3445 2413
9211 2 2 1 1 2413 3501 3113
9212 2 2 1 1 2743 3447 2415
9213 2 2 1 1 2744 2415 2745
9214 2 2 1 1 2415 5587 2745
9215 2 2 1 1 2456 4268 2457
9216 2 2 1 1 2514 5650 2515
9217 2 2 1 1 2545 3526 2544
9218 2 2 1 1 2546 3526 2545
9219 2 2 1 1 3452 3531 2549
9220 2 2 1 1 3531 3532 2549
9221 2 2 1 1 3195 2555 3196
9222 2 2 1 1 3197 2556 3198
9223 2 2 1 1 3196 2557 3197
9224 2 2 1 1 2636 3472 2637
9225 2 2 1 1 2788 3472 2636
9226 2 2 1 1 2643 3581 2644
9227 2 2 1 1 2644 2836 3460
9228 2 2 1 1 2645 2838 2839
9229 2 2 1 1 2884 2647 2646
9230 2 2 1 1 2884 2646 2885
9231 2 2 1 1 2653 5025 2654
9232 2 2 1 1 3245 2653 3246
9233 2 2 1 1 2659 3064 2660
9234 2 2 1 1 2660 3064 2661
9235 2 2 1 1 2661 3064 3063
9236 2 2 1 1 2666 3843 3520
9237 2 2 1 1 2686 3584 2685
9238 2 2 1 1 2692 3626 3465
9239 2 2 1 1 3627 2693 2694
9240 2 2 1 1 2711 3535 2710
9241 2 2 1 1 2714 3534 2713
9242 2 2 1 1 3533 3534 2714
9243 2 2 1 1 2718 2719 2716
9244 2 2 1 1 2901 2730 2729
9245 2 2 1 1 2901 2729 2902
9246 2 2 1 1 2749 3499 2734
9247 2 2 1 1 2742 3447 2743
9248 2 2 1 1 2923 2757 2924
9249 2 2 1 1 2768 3521 2766
9250 2 2 1 1 2780 3583 2779
9251 2 2 1 1 2789 2788 3458
9252 2 2 1 1 2814 3031 3030
9253 2 2 1 1 3582 2833 2835
9254 2 2 1 1 2834 2977 2843
9255 2 2 1 1 3460 2836 2837
9256 2 2 1 1 3020 2895 3486
9257 2 2 1 1 2910 3418 2911
9258 2 2 1 1 2911 3417 2912
9259 2 2 1 1 3418 3417 2911
9260 2 2 1 1 2978 2979 3490
9261 2 2 1 1 2981 2983 3493
9262 2 2 1 1 3071 3012 3011
9263 2 2 1 1 3029 3028 3476
9264 2 2 1 1 3132 3118 3553
9265 2 2 1 1 3293 3287 3294
9266 2 2 2 2 12 6290 11
9267 2 2 2 2 7 6300 6
9268 2 2 2 2 14 6294 13
9269 2 2 2 2 11 6290 10
9270 2 2 2 2 13 6297 12
9271 2 2 2 2 6 6298 5
9272 2 2 2 2 12 6297 6290
9273 2 2 2 2 6298 6300 6294
9274 2 2 2 2 6294 6300 6297
9275 2 2 2 2 18 6299 17
9276 2 2 2 2 6292 6296 6293
9277 2 2 2 2 6293 6295 6292
9278 2 2 2 2 6294 6296 6292
9279 2 2 2 2 6292 6298 6294
9280 2 2 2 2 14 6296 6294
9281 2 2 2 2 6294 6297 13
9282 2 2 2 2 1 6291 18
9283 2 2 2 2 3 6291 2
9284 2 2 2 2 6 6300 6298
9285 2 2 2 2 6290 6300 7
9286 2 2 2 2 10 6290 9
9287 2 2 2 2 17 6299 16
9288 2 2 2 2 5 6298 6292
9289 2 2 2 2 3 6295 6291
9290 2 2 2 2 6292 6295 4
9291 2 2 2 2 15 6296 14
9292 2 2 2 2 5 6292 4
9293 2 2 2 2 6293 6296 15
9294 2 2 2 2 8 6290 7
9295 2 2 2 2 6293 6299 6295
9296 2 2 2 2 6291 6299 18
9297 2 2 2 2 16 6299 6293
9298 2 2 2 2 6297 6300 6290
9299 2 2 2 2 2 6291 1
9300 2 2 2 2 6295 6299 6291
9301 2 2 2 2 9 6290 8
9302 2 2 2 2 4 6295 3
9303 2 2 2 2 16 6293 15
9304 2 2 2 3 19 6307 36
9305 2 2 2 3 3256 6304 33
9306 2 2 2 3 26 6308 25
9307 2 2 2 3 34 6303 3256
9308 2 2 2 3 3255 6304 24
9309 2 2 2 3 6304 6306 33
9310 2 2 2 3 32 6308 31
9311 2 2 2 3 6303 6304 3256
9312 2 2 2 3 33 6306 32
9313 2 2 2 3 25 6306 3255
9314 2 2 2 3 6301 6307 19
9315 2 2 2 3 3255 6306 6304
9316 2 2 2 3 6302 6308 26
9317 2 2 2 3 25 6308 6306
9318 2 2 2 3 6303 6309 6304
9319 2 2 2 3 36 6307 35
9320 2 2 2 3 6306 6308 32
9321 2 2 2 3 20 6301 19
9322 2 2 2 3 27 6302 26
9323 2 2 2 3 31 6302 30
9324 2 2 2 3 34 6307 6303
9325 2 2 2 3 6304 6309 24
9326 2 2 2 3 22 6301 21
9327 2 2 2 3 31 6308 6302
9328 2 2 2 3 6303 6307 6305
9329 2 2 2 3 22 6305 6301
9330 2 2 2 3 6305 6307 6301
9331 2 2 2 3 23 6309 6305
9332 2 2 2 3 24 6309 23
9333 2 2 2 3 35 6307 34
9334 2 2 2 3 21 6301 20
9335 2 2 2 3 6305 6309 6303
9336 2 2 2 3 30 6302 29
9337 2 2 2 3 28 6302 27
9338 2 2 2 3 29 6302 28
9339 2 2 2 3 23 6305 22
9340 2 2 2 4 40 6315 39
9341 2 2 2 4 43 6314 42
9342 2 2 2 4 49 6312 48
9343 2 2 2 4 50 6316 49
9344 2 2 2 4 6310 6315 40
9345 2 2 2 4 6312 6314 48
9346 2 2 2 4 48 6314 6311
9347 2 2 2 4 44 6311 43
9348 2 2 2 4 48 6311 47
9349 2 2 2 4 6313 6316 50
9350 2 2 2 4 37 6313 52
9351 2 2 2 4 51 6313 50
9352 2 2 2 4 6313 6315 6310
9353 2 2 2 4 6310 6316 6313
9354 2 2 2 4 42 6317 41
9355 2 2 2 4 49 6316 6312
9356 2 2 2 4 39 6315 38
9357 2 2 2 4 6311 6314 43
9358 2 2 2 4 41 6317 6310
9359 2 2 2 4 52 6313 51
9360 2 2 2 4 47 6311 46
9361 2 2 2 4 45 6311 44
9362 2 2 2 4 6314 6317 42
9363 2 2 2 4 6310 6317 6316
9364 2 2 2 4 37 6315 6313
9365 2 2 2 4 6316 6317 6312
9366 2 2 2 4 38 6315 37
9367 2 2 2 4 46 6311 45
9368 2 2 2 4 6312 6317 6314
9369 2 2 2 4 41 6310 40
9370 2 2 2 5 54 6321 53
9371 2 2 2 5 53 6318 66
9372 2 2 2 5 58 6320 57
9373 2 2 2 5 53 6321 6318
9374 2 2 2 5 59 6319 58
9375 2 2 2 5 63 6319 62
9376 2 2 2 5 63 6322 6319
9377 2 2 2 5 6320 6321 57
9378 2 2 2 5 55 6321 54
9379 2 2 2 5 66 6318 65
9380 2 2 2 5 57 6321 56
9381 2 2 2 5 6318 6321 6320
9382 2 2 2 5 6319 6320 58
9383 2 2 2 5 6320 6322 6318
9384 2 2 2 5 62 6319 61
9385 2 2 2 5 60 6319 59
9386 2 2 2 5 6319 6322 6320
9387 2 2 2 5 56 6321 55
9388 2 2 2 5 65 6318 64
9389 2 2 2 5 6318 6322 64
9390 2 2 2 5 61 6319 60
9391 2 2 2 5 64 6322 63
9392 2 2 2 6 3259 6331 81
9393 2 2 2 6 69 6330 68
9394 2 2 2 6 79 6331 78
9395 2 2 2 6 83 6325 3261
9396 2 2 2 6 75 6326 74
9397 2 2 2 6 6326 6331 3259
9398 2 2 2 6 73 6332 72
9399 2 2 2 6 6327 6332 73
9400 2 2 2 6 3259 6329 6326
9401 2 2 2 6 6325 6332 6327
9402 2 2 2 6 3257 6327 73
9403 2 2 2 6 3257 6328 6327
9404 2 2 2 6 3258 6328 3257
9405 2 2 2 6 3258 6329 6328
9406 2 2 2 6 74 6329 3258
9407 2 2 2 6 3261 6327 3260
9408 2 2 2 6 6327 6328 3260
9409 2 2 2 6 3260 6328 82
9410 2 2 2 6 6328 6329 82
9411 2 2 2 6 82 6329 3259
9412 2 2 2 6 6326 6329 74
9413 2 2 2 6 6325 6327 3261
9414 2 2 2 6 6323 6330 69
9415 2 2 2 6 78 6331 6324
9416 2 2 2 6 6323 6332 6330
9417 2 2 2 6 6330 6332 6325
9418 2 2 2 6 68 6330 67
9419 2 2 2 6 80 6331 79
9420 2 2 2 6 70 6323 69
9421 2 2 2 6 83 6330 6325
9422 2 2 2 6 72 6332 6323
9423 2 2 2 6 78 6324 77
9424 2 2 2 6 72 6323 71
9425 2 2 2 6 6324 6326 75
9426 2 2 2 6 76 6324 75
9427 2 2 2 6 6324 6331 6326
9428 2 2 2 6 67 6330 83
9429 2 2 2 6 71 6323 70
9430 2 2 2 6 81 6331 80
9431 2 2 2 6 77 6324 76
9432 2 2 2 7 85 6335 84
9433 2 2 2 7 94 6338 93
9434 2 2 2 7 95 6333 94
9435 2 2 2 7 91 6336 90
9436 2 2 2 7 96 6333 95
9437 2 2 2 7 6334 6335 85
9438 2 2 2 7 6335 6337 6336
9439 2 2 2 7 86 6334 85
9440 2 2 2 7 84 6335 97
9441 2 2 2 7 88 6334 87
9442 2 2 2 7 6333 6338 94
9443 2 2 2 7 6334 6337 6335
9444 2 2 2 7 6336 6337 90
9445 2 2 2 7 6335 6336 6333
9446 2 2 2 7 90 6337 89
9447 2 2 2 7 87 6334 86
9448 2 2 2 7 97 6335 96
9449 2 2 2 7 88 6337 6334
9450 2 2 2 7 93 6338 92
9451 2 2 2 7 89 6337 88
9452 2 2 2 7 96 6335 6333
9453 2 2 2 7 6336 6338 6333
9454 2 2 2 7 91 6338 6336
9455 2 2 2 7 92 6338 91
9456 2 2 2 8 6339 6342 105
9457 2 2 2 8 111 6343 110
9458 2 2 2 8 106 6339 105
9459 2 2 2 8 99 6341 98
9460 2 2 2 8 98 6341 111
9461 2 2 2 8 102 6340 101
9462 2 2 2 8 100 6340 99
9463 2 2 2 8 6341 6342 6339
9464 2 2 2 8 107 6339 106
9465 2 2 2 8 6340 6341 99
9466 2 2 2 8 104 6342 103
9467 2 2 2 8 6340 6342 6341
9468 2 2 2 8 6341 6343 111
9469 2 2 2 8 101 6340 100
9470 2 2 2 8 110 6343 109
9471 2 2 2 8 102 6342 6340
9472 2 2 2 8 103 6342 102
9473 2 2 2 8 6339 6343 6341
9474 2 2 2 8 109 6343 108
9475 2 2 2 8 108 6343 107
9476 2 2 2 8 107 6343 6339
9477 2 2 2 8 105 6342 104
9478 2 2 2 9 124 6347 6344
9479 2 2 2 9 116 6345 115
9480 2 2 2 9 117 6346 116
9481 2 2 2 9 118 6348 117
9482 2 2 2 9 6347 6351 6344
9483 2 2 2 9 6348 6351 6347
9484 2 2 2 9 116 6346 6345
9485 2 2 2 9 112 6350 127
9486 2 2 2 9 120 6351 119
9487 2 2 2 9 115 6345 114
9488 2 2 2 9 113 6345 112
9489 2 2 2 9 6349 6350 6346
9490 2 2 2 9 6346 6348 6347
9491 2 2 2 9 6347 6349 6346
9492 2 2 2 9 121 6344 120
9493 2 2 2 9 6346 6350 6345
9494 2 2 2 9 123 6344 122
9495 2 2 2 9 127 6350 126
9496 2 2 2 9 125 6347 124
9497 2 2 2 9 118 6351 6348
9498 2 2 2 9 117 6348 6346
9499 2 2 2 9 119 6351 118
9500 2 2 2 9 126 6350 6349
9501 2 2 2 9 6345 6350 112
9502 2 2 2 9 114 6345 113
9503 2 2 2 9 6344 6351 120
9504 2 2 2 9 122 6344 121
9505 2 2 2 9 125 6349 6347
9506 2 2 2 9 126 6349 125
9507 2 2 2 9 124 6344 123
9508 2 2 2 10 132 6352 131
9509 2 2 2 10 145 6359 3262
9510 2 2 2 10 143 6354 142
9511 2 2 2 10 133 6355 132
9512 2 2 2 10 141 6353 140
9513 2 2 2 10 136 6354 135
9514 2 2 2 10 132 6355 6352
9515 2 2 2 10 142 6353 141
9516 2 2 2 10 134 6356 133
9517 2 2 2 10 3262 6356 144
9518 2 2 2 10 144 6357 143
9519 2 2 2 10 6356 6359 6355
9520 2 2 2 10 133 6356 6355
9521 2 2 2 10 3262 6359 6356
9522 2 2 2 10 6356 6357 144
9523 2 2 2 10 135 6357 134
9524 2 2 2 10 134 6357 6356
9525 2 2 2 10 128 6358 146
9526 2 2 2 10 143 6357 6354
9527 2 2 2 10 142 6354 6353
9528 2 2 2 10 6354 6357 135
9529 2 2 2 10 140 6353 139
9530 2 2 2 10 129 6352 128
9531 2 2 2 10 131 6352 130
9532 2 2 2 10 6353 6354 136
9533 2 2 2 10 6355 6358 6352
9534 2 2 2 10 146 6358 145
9535 2 2 2 10 6352 6358 128
9536 2 2 2 10 6355 6359 6358
9537 2 2 2 10 6358 6359 145
9538 2 2 2 10 130 6352 129
9539 2 2 2 10 139 6353 138
9540 2 2 2 10 137 6353 136
9541 2 2 2 10 138 6353 137
9542 2 2 2 11 160 6360 159
9543 2 2 2 11 159 6360 158
9544 2 2 2 11 3264 6363 157
9545 2 2 2 11 158 6362 3264
9546 2 2 2 11 3263 6362 151
9547 2 2 2 11 152 6363 3263
9548 2 2 2 11 147 6360 160
9549 2 2 2 11 6360 6362 158
9550 2 2 2 11 151 6362 6360
9551 2 2 2 11 3264 6362 3263
9552 2 2 2 11 3263 6363 3264
9553 2 2 2 11 151 6360 150
9554 2 2 2 11 6361 6363 152
9555 2 2 2 11 157 6363 6361
9556 2 2 2 11 148 6360 147
9557 2 2 2 11 150 6360 149
9558 2 2 2 11 153 6361 152
9559 2 2 2 11 157 6361 156
9560 2 2 2 11 156 6361 155
9561 2 2 2 11 154 6361 153
9562 2 2 2 11 149 6360 148
9563 2 2 2 11 155 6361 154
9564 2 2 2 12 176 6367 177
9565 2 2 2 12 165 6366 166
9566 2 2 2 12 173 6366 174
9567 2 2 2 12 163 6369 164
9568 2 2 2 12 161 6367 163
9569 2 2 2 12 177 6367 6365
9570 2 2 2 12 164 6368 165
9571 2 2 2 12 164 6369 6368
9572 2 2 2 12 180 6371 181
9573 2 2 2 12 165 6368 6366
9574 2 2 2 12 166 6366 6364
9575 2 2 2 12 169 6370 170
9576 2 2 2 12 174 6368 175
9577 2 2 2 12 171 6370 172
9578 2 2 2 12 175 6369 176
9579 2 2 2 12 176 6369 6367
9580 2 2 2 12 6366 6368 174
9581 2 2 2 12 170 6370 171
9582 2 2 2 12 6368 6369 175
9583 2 2 2 12 6367 6369 163
9584 2 2 2 12 173 6370 6366
9585 2 2 2 12 161 6371 6367
9586 2 2 2 12 6367 6371 6365
9587 2 2 2 12 6366 6370 6364
9588 2 2 2 12 181 6371 162
9589 2 2 2 12 179 6365 180
9590 2 2 2 12 172 6370 173
9591 2 2 2 12 6365 6371 180
9592 2 2 2 12 168 6364 169
9593 2 2 2 12 177 6365 178
9594 2 2 2 12 166 6364 167
9595 2 2 2 12 6364 6370 169
9596 2 2 2 12 162 6371 161
9597 2 2 2 12 178 6365 179
9598 2 2 2 12 167 6364 168
9599 2 2 2 13 182 183 184
9600 2 2 2 14 185 6376 200
9601 2 2 2 14 198 6379 197
9602 2 2 2 14 189 6372 188
9603 2 2 2 14 200 6375 199
9604 2 2 2 14 190 6372 189
9605 2 2 2 14 193 6373 192
9606 2 2 2 14 200 6376 6375
9607 2 2 2 14 194 6373 193
9608 2 2 2 14 6373 6374 192
9609 2 2 2 14 6372 6377 6375
9610 2 2 2 14 6377 6378 6375
9611 2 2 2 14 6372 6376 188
9612 2 2 2 14 188 6376 187
9613 2 2 2 14 186 6376 185
9614 2 2 2 14 6375 6376 6372
9615 2 2 2 14 6374 6380 192
9616 2 2 2 14 199 6378 198
9617 2 2 2 14 6374 6378 6377
9618 2 2 2 14 191 6377 190
9619 2 2 2 14 187 6376 186
9620 2 2 2 14 197 6379 6373
9621 2 2 2 14 190 6377 6372
9622 2 2 2 14 195 6373 194
9623 2 2 2 14 6375 6378 199
9624 2 2 2 14 6373 6379 6374
9625 2 2 2 14 197 6373 196
9626 2 2 2 14 6378 6379 198
9627 2 2 2 14 191 6380 6377
9628 2 2 2 14 196 6373 195
9629 2 2 2 14 6374 6379 6378
9630 2 2 2 14 6377 6380 6374
9631 2 2 2 14 192 6380 191
9632 2 2 2 15 214 6386 213
9633 2 2 2 15 207 6384 206
9634 2 2 2 15 215 6383 3265
9635 2 2 2 15 204 6387 6383
9636 2 2 2 15 6383 6385 204
9637 2 2 2 15 208 6386 207
9638 2 2 2 15 6384 6387 206
9639 2 2 2 15 3265 6384 214
9640 2 2 2 15 214 6384 207
9641 2 2 2 15 207 6386 214
9642 2 2 2 15 6381 6383 215
9643 2 2 2 15 6383 6384 3265
9644 2 2 2 15 6383 6387 6384
9645 2 2 2 15 202 6385 201
9646 2 2 2 15 201 6381 217
9647 2 2 2 15 206 6387 205
9648 2 2 2 15 6381 6385 6383
9649 2 2 2 15 216 6381 215
9650 2 2 2 15 6382 6386 208
9651 2 2 2 15 204 6385 203
9652 2 2 2 15 203 6385 202
9653 2 2 2 15 213 6386 6382
9654 2 2 2 15 201 6385 6381
9655 2 2 2 15 217 6381 216
9656 2 2 2 15 209 6382 208
9657 2 2 2 15 213 6382 212
9658 2 2 2 15 212 6382 211
9659 2 2 2 15 210 6382 209
9660 2 2 2 15 211 6382 210
9661 2 2 2 15 205 6387 204
9662 2 2 2 16 229 6389 228
9663 2 2 2 16 222 6388 221
9664 2 2 2 16 223 6392 6388
9665 2 2 2 16 224 6392 223
9666 2 2 2 16 219 6394 218
9667 2 2 2 16 230 6390 229
9668 2 2 2 16 228 6389 227
9669 2 2 2 16 231 6393 230
9670 2 2 2 16 229 6390 6389
9671 2 2 2 16 6388 6392 6390
9672 2 2 2 16 6390 6393 6388
9673 2 2 2 16 220 6394 219
9674 2 2 2 16 6391 6393 231
9675 2 2 2 16 218 6394 6391
9676 2 2 2 16 218 6391 233
9677 2 2 2 16 232 6391 231
9678 2 2 2 16 221 6394 220
9679 2 2 2 16 6391 6394 6393
9680 2 2 2 16 6393 6394 6388
9681 2 2 2 16 6390 6392 6389
9682 2 2 2 16 227 6389 226
9683 2 2 2 16 230 6393 6390
9684 2 2 2 16 225 6389 224
9685 2 2 2 16 6389 6392 224
9686 2 2 2 16 233 6391 232
9687 2 2 2 16 6388 6394 221
9688 2 2 2 16 226 6389 225
9689 2 2 2 16 223 6388 222
9690 2 2 2 17 236 6399 235
9691 2 2 2 17 251 6399 250
9692 2 2 2 17 3266 6404 246
9693 2 2 2 17 243 6402 242
9694 2 2 2 17 240 6398 239
9695 2 2 2 17 247 6397 3269
9696 2 2 2 17 236 6400 6397
9697 2 2 2 17 237 6400 236
9698 2 2 2 17 237 6401 6400
9699 2 2 2 17 238 6401 237
9700 2 2 2 17 6397 6399 236
9701 2 2 2 17 3267 6403 3266
9702 2 2 2 17 6395 6397 247
9703 2 2 2 17 239 6403 238
9704 2 2 2 17 3269 6400 3268
9705 2 2 2 17 6400 6401 3268
9706 2 2 2 17 3268 6401 3267
9707 2 2 2 17 3266 6403 6398
9708 2 2 2 17 6397 6400 3269
9709 2 2 2 17 238 6403 6401
9710 2 2 2 17 250 6399 6395
9711 2 2 2 17 240 6402 6398
9712 2 2 2 17 6401 6403 3267
9713 2 2 2 17 6395 6399 6397
9714 2 2 2 17 234 6399 251
9715 2 2 2 17 6398 6403 239
9716 2 2 2 17 250 6395 249
9717 2 2 2 17 242 6402 241
9718 2 2 2 17 6396 6402 243
9719 2 2 2 17 244 6396 243
9720 2 2 2 17 248 6395 247
9721 2 2 2 17 246 6404 6396
9722 2 2 2 17 246 6396 245
9723 2 2 2 17 6398 6404 3266
9724 2 2 2 17 6402 6404 6398
9725 2 2 2 17 6396 6404 6402
9726 2 2 2 17 235 6399 234
9727 2 2 2 17 249 6395 248
9728 2 2 2 17 241 6402 240
9729 2 2 2 17 245 6396 244
9730 2 2 2 18 254 6408 253
9731 2 2 2 18 6406 6407 264
9732 2 2 2 18 6405 6407 6406
9733 2 2 2 18 255 6408 254
9734 2 2 2 18 257 6408 256
9735 2 2 2 18 6406 6408 6405
9736 2 2 2 18 258 6405 257
9737 2 2 2 18 253 6408 6406
9738 2 2 2 18 265 6406 264
9739 2 2 2 18 253 6406 252
9740 2 2 2 18 256 6408 255
9741 2 2 2 18 261 6409 260
9742 2 2 2 18 259 6409 258
9743 2 2 2 18 6405 6409 6407
9744 2 2 2 18 6405 6408 257
9745 2 2 2 18 262 6407 261
9746 2 2 2 18 252 6406 265
9747 2 2 2 18 260 6409 259
9748 2 2 2 18 258 6409 6405
9749 2 2 2 18 263 6407 262
9750 2 2 2 18 6407 6409 261
9751 2 2 2 18 264 6407 263
9752 2 2 2 19 282 6411 281
9753 2 2 2 19 281 6411 280
9754 2 2 2 19 268 6412 267
9755 2 2 2 19 269 6412 268
9756 2 2 2 19 273 6412 272
9757 2 2 2 19 277 6411 276
9758 2 2 2 19 284 6414 283
9759 2 2 2 19 276 6418 275
9760 2 2 2 19 266 6413 285
9761 2 2 2 19 267 6417 266
9762 2 2 2 19 283 6416 282
9763 2 2 2 19 274 6419 273
9764 2 2 2 19 273 6419 6417
9765 2 2 2 19 273 6417 6412
9766 2 2 2 19 280 6411 279
9767 2 2 2 19 6411 6416 276
9768 2 2 2 19 270 6412 269
9769 2 2 2 19 6416 6418 276
9770 2 2 2 19 6417 6419 6413
9771 2 2 2 19 282 6416 6411
9772 2 2 2 19 6412 6417 267
9773 2 2 2 19 6410 6415 6413
9774 2 2 2 19 6414 6415 6410
9775 2 2 2 19 6414 6418 6416
9776 2 2 2 19 6413 6419 6410
9777 2 2 2 19 284 6415 6414
9778 2 2 2 19 6413 6415 285
9779 2 2 2 19 6410 6418 6414
9780 2 2 2 19 6414 6416 283
9781 2 2 2 19 266 6417 6413
9782 2 2 2 19 279 6411 278
9783 2 2 2 19 271 6412 270
9784 2 2 2 19 275 6418 6410
9785 2 2 2 19 275 6410 274
9786 2 2 2 19 285 6415 284
9787 2 2 2 19 6410 6419 274
9788 2 2 2 19 278 6411 277
9789 2 2 2 19 272 6412 271
9790 2 2 2 20 298 6423 297
9791 2 2 2 20 299 6426 298
9792 2 2 2 20 291 6422 290
9793 2 2 2 20 293 6420 292
9794 2 2 2 20 292 6423 291
9795 2 2 2 20 6422 6425 290
9796 2 2 2 20 294 6420 293
9797 2 2 2 20 301 6424 300
9798 2 2 2 20 298 6426 6423
9799 2 2 2 20 297 6423 6420
9800 2 2 2 20 6423 6426 6422
9801 2 2 2 20 288 6421 287
9802 2 2 2 20 286 6421 301
9803 2 2 2 20 6424 6425 6422
9804 2 2 2 20 6420 6423 292
9805 2 2 2 20 291 6423 6422
9806 2 2 2 20 300 6424 299
9807 2 2 2 20 6421 6424 301
9808 2 2 2 20 6421 6425 6424
9809 2 2 2 20 6424 6426 299
9810 2 2 2 20 290 6425 289
9811 2 2 2 20 6422 6426 6424
9812 2 2 2 20 287 6421 286
9813 2 2 2 20 288 6425 6421
9814 2 2 2 20 295 6420 294
9815 2 2 2 20 289 6425 288
9816 2 2 2 20 297 6420 296
9817 2 2 2 20 296 6420 295
9818 2 2 2 21 315 6428 314
9819 2 2 2 21 309 6433 308
9820 2 2 2 21 305 6432 304
9821 2 2 2 21 316 6429 315
9822 2 2 2 21 314 6428 313
9823 2 2 2 21 315 6429 6428
9824 2 2 2 21 308 6430 307
9825 2 2 2 21 317 6431 316
9826 2 2 2 21 6428 6433 309
9827 2 2 2 21 310 6428 309
9828 2 2 2 21 306 6432 305
9829 2 2 2 21 6429 6433 6428
9830 2 2 2 21 302 6427 317
9831 2 2 2 21 304 6427 303
9832 2 2 2 21 304 6432 6427
9833 2 2 2 21 307 6432 306
9834 2 2 2 21 6427 6431 317
9835 2 2 2 21 6429 6431 6430
9836 2 2 2 21 6430 6433 6429
9837 2 2 2 21 313 6428 312
9838 2 2 2 21 311 6428 310
9839 2 2 2 21 316 6431 6429
9840 2 2 2 21 6430 6432 307
9841 2 2 2 21 6427 6432 6431
9842 2 2 2 21 308 6433 6430
9843 2 2 2 21 6431 6432 6430
9844 2 2 2 21 303 6427 302
9845 2 2 2 21 312 6428 311
9846 2 2 2 22 333 6442 332
9847 2 2 2 22 331 6435 330
9848 2 2 2 22 333 6438 6436
9849 2 2 2 22 333 6439 6438
9850 2 2 2 22 325 6436 324
9851 2 2 2 22 334 6439 333
9852 2 2 2 22 326 6435 325
9853 2 2 2 22 6436 6442 333
9854 2 2 2 22 6439 6440 6434
9855 2 2 2 22 6437 6440 6439
9856 2 2 2 22 6437 6439 334
9857 2 2 2 22 320 6440 319
9858 2 2 2 22 319 6437 318
9859 2 2 2 22 335 6437 334
9860 2 2 2 22 322 6440 321
9861 2 2 2 22 6435 6442 325
9862 2 2 2 22 325 6442 6436
9863 2 2 2 22 6434 6440 322
9864 2 2 2 22 6436 6438 324
9865 2 2 2 22 319 6440 6437
9866 2 2 2 22 326 6441 6435
9867 2 2 2 22 6438 6439 6434
9868 2 2 2 22 323 6438 6434
9869 2 2 2 22 321 6440 320
9870 2 2 2 22 318 6437 335
9871 2 2 2 22 324 6438 323
9872 2 2 2 22 331 6442 6435
9873 2 2 2 22 332 6442 331
9874 2 2 2 22 6435 6441 330
9875 2 2 2 22 330 6441 329
9876 2 2 2 22 329 6441 328
9877 2 2 2 22 327 6441 326
9878 2 2 2 22 328 6441 327
9879 2 2 2 22 323 6434 322
9880 2 2 2 23 339 6443 338
9881 2 2 2 23 340 6448 6443
9882 2 2 2 23 341 6448 340
9883 2 2 2 23 348 6447 347
9884 2 2 2 23 347 6445 346
9885 2 2 2 23 6443 6448 6445
9886 2 2 2 23 6445 6447 6443
9887 2 2 2 23 336 6449 351
9888 2 2 2 23 6446 6447 348
9889 2 2 2 23 6445 6450 346
9890 2 2 2 23 351 6446 350
9891 2 2 2 23 6447 6449 6443
9892 2 2 2 23 349 6446 348
9893 2 2 2 23 6446 6449 6447
9894 2 2 2 23 338 6449 337
9895 2 2 2 23 6443 6449 338
9896 2 2 2 23 344 6444 343
9897 2 2 2 23 342 6444 341
9898 2 2 2 23 347 6447 6445
9899 2 2 2 23 6448 6450 6445
9900 2 2 2 23 337 6449 336
9901 2 2 2 23 6444 6450 6448
9902 2 2 2 23 351 6449 6446
9903 2 2 2 23 6444 6448 341
9904 2 2 2 23 350 6446 349
9905 2 2 2 23 346 6450 345
9906 2 2 2 23 343 6444 342
9907 2 2 2 23 345 6450 344
9908 2 2 2 23 344 6450 6444
9909 2 2 2 23 340 6443 339
9910 2 2 2 24 356 6451 355
9911 2 2 2 24 363 6454 362
9912 2 2 2 24 356 6453 6451
9913 2 2 2 24 352 6454 365
9914 2 2 2 24 364 6454 363
9915 2 2 2 24 362 6454 6453
9916 2 2 2 24 355 6451 354
9917 2 2 2 24 353 6451 352
9918 2 2 2 24 365 6454 364
9919 2 2 2 24 356 6456 6453
9920 2 2 2 24 6453 6455 362
9921 2 2 2 24 6451 6454 352
9922 2 2 2 24 354 6451 353
9923 2 2 2 24 6452 6456 357
9924 2 2 2 24 358 6452 357
9925 2 2 2 24 6453 6454 6451
9926 2 2 2 24 6455 6456 6452
9927 2 2 2 24 361 6455 6452
9928 2 2 2 24 6453 6456 6455
9929 2 2 2 24 359 6452 358
9930 2 2 2 24 361 6452 360
9931 2 2 2 24 360 6452 359
9932 2 2 2 24 357 6456 356
9933 2 2 2 24 362 6455 361
9934 2 2 2 25 376 6462 375
9935 2 2 2 25 370 6460 369
9936 2 2 2 25 377 6457 376
9937 2 2 2 25 6457 6462 376
9938 2 2 2 25 378 6461 377
9939 2 2 2 25 366 6461 379
9940 2 2 2 25 6457 6460 6459
9941 2 2 2 25 369 6458 368
9942 2 2 2 25 367 6458 366
9943 2 2 2 25 379 6461 378
9944 2 2 2 25 373 6459 372
9945 2 2 2 25 371 6459 370
9946 2 2 2 25 6459 6462 6457
9947 2 2 2 25 6459 6460 370
9948 2 2 2 25 6457 6461 6460
9949 2 2 2 25 6458 6461 366
9950 2 2 2 25 377 6461 6457
9951 2 2 2 25 369 6460 6458
9952 2 2 2 25 375 6462 374
9953 2 2 2 25 6460 6461 6458
9954 2 2 2 25 368 6458 367
9955 2 2 2 25 372 6459 371
9956 2 2 2 25 373 6462 6459
9957 2 2 2 25 374 6462 373
9958 2 2 2 26 384 6463 383
9959 2 2 2 26 385 6468 3270
9960 2 2 2 26 3271 6467 394
9961 2 2 2 26 386 6467 385
9962 2 2 2 26 396 6466 395
9963 2 2 2 26 3270 6468 6466
9964 2 2 2 26 394 6465 393
9965 2 2 2 26 6467 6470 394
9966 2 2 2 26 3270 6471 384
9967 2 2 2 26 6466 6471 3270
9968 2 2 2 26 394 6470 6465
9969 2 2 2 26 384 6471 6463
9970 2 2 2 26 6467 6468 385
9971 2 2 2 26 3271 6468 6467
9972 2 2 2 26 395 6468 3271
9973 2 2 2 26 380 6469 397
9974 2 2 2 26 393 6465 6464
9975 2 2 2 26 389 6464 388
9976 2 2 2 26 6466 6468 395
9977 2 2 2 26 393 6464 392
9978 2 2 2 26 386 6470 6467
9979 2 2 2 26 396 6469 6466
9980 2 2 2 26 381 6463 380
9981 2 2 2 26 383 6463 382
9982 2 2 2 26 6463 6471 6469
9983 2 2 2 26 397 6469 396
9984 2 2 2 26 6464 6472 388
9985 2 2 2 26 6469 6471 6466
9986 2 2 2 26 6463 6469 380
9987 2 2 2 26 6465 6472 6464
9988 2 2 2 26 387 6472 6470
9989 2 2 2 26 382 6463 381
9990 2 2 2 26 387 6470 386
9991 2 2 2 26 390 6464 389
9992 2 2 2 26 392 6464 391
9993 2 2 2 26 6470 6472 6465
9994 2 2 2 26 391 6464 390
9995 2 2 2 26 388 6472 387
9996 2 2 2 27 6473 6476 412
9997 2 2 2 27 398 6473 413
9998 2 2 2 27 6474 6475 404
9999 2 2 2 27 403 6475 402
10000 2 2 2 27 411 6476 410
10001 2 2 2 27 413 6473 412
10002 2 2 2 27 405 6474 404
10003 2 2 2 27 6475 6476 6473
10004 2 2 2 27 399 6478 398
10005 2 2 2 27 6474 6476 6475
10006 2 2 2 27 406 6477 405
10007 2 2 2 27 410 6477 409
10008 2 2 2 27 398 6478 6473
10009 2 2 2 27 6476 6477 410
10010 2 2 2 27 405 6477 6474
10011 2 2 2 27 400 6478 399
10012 2 2 2 27 402 6478 401
10013 2 2 2 27 6473 6478 6475
10014 2 2 2 27 409 6477 408
10015 2 2 2 27 407 6477 406
10016 2 2 2 27 6474 6477 6476
10017 2 2 2 27 6475 6478 402
10018 2 2 2 27 401 6478 400
10019 2 2 2 27 408 6477 407
10020 2 2 2 27 404 6475 403
10021 2 2 2 27 412 6476 411
10022 2 2 2 28 417 6479 418
10023 2 2 2 28 3272 6484 6479
10024 2 2 2 28 6487 6491 6490
10025 2 2 2 28 6490 6491 6480
10026 2 2 2 28 6481 6491 6487
10027 2 2 2 28 6483 6484 3272
10028 2 2 2 28 6483 6492 422
10029 2 2 2 28 422 6484 6483
10030 2 2 2 28 415 6488 3276
10031 2 2 2 28 421 6484 422
10032 2 2 2 28 3276 6488 6481
10033 2 2 2 28 6481 6487 3276
10034 2 2 2 28 3277 6490 6480
10035 2 2 2 28 422 6492 423
10036 2 2 2 28 423 6489 3277
10037 2 2 2 28 3273 6483 3272
10038 2 2 2 28 3274 6486 3273
10039 2 2 2 28 3276 6487 3275
10040 2 2 2 28 3275 6482 3274
10041 2 2 2 28 6479 6485 418
10042 2 2 2 28 421 6485 6484
10043 2 2 2 28 6480 6491 426
10044 2 2 2 28 6489 6490 3277
10045 2 2 2 28 3278 6488 428
10046 2 2 2 28 423 6492 6489
10047 2 2 2 28 3275 6487 6482
10048 2 2 2 28 6482 6486 3274
10049 2 2 2 28 3273 6486 6483
10050 2 2 2 28 427 6481 3278
10051 2 2 2 28 416 6479 417
10052 2 2 2 28 418 6485 419
10053 2 2 2 28 6484 6485 6479
10054 2 2 2 28 6482 6489 6486
10055 2 2 2 28 420 6485 421
10056 2 2 2 28 6487 6490 6482
10057 2 2 2 28 6489 6492 6486
10058 2 2 2 28 6482 6490 6489
10059 2 2 2 28 425 6480 426
10060 2 2 2 28 6486 6492 6483
10061 2 2 2 28 6481 6488 3278
10062 2 2 2 28 428 6488 415
10063 2 2 2 28 419 6485 420
10064 2 2 2 28 414 6479 416
10065 2 2 2 28 427 6491 6481
10066 2 2 2 28 424 6480 425
10067 2 2 2 28 3272 6479 414
10068 2 2 2 28 426 6491 427
10069 2 2 2 28 3277 6480 424
10070 2 2 2 29 432 3279 433
10071 2 2 2 29 431 3279 432
10072 2 2 2 29 431 429 3279
10073 2 2 2 29 433 3279 434
10074 2 2 2 29 3279 430 434
10075 2 2 2 30 435 6493 450
10076 2 2 2 30 449 6496 448
10077 2 2 2 30 442 6500 441
10078 2 2 2 30 441 6495 440
10079 2 2 2 30 445 6499 444
10080 2 2 2 30 450 6498 449
10081 2 2 2 30 6493 6498 450
10082 2 2 2 30 6495 6497 440
10083 2 2 2 30 448 6496 6494
10084 2 2 2 30 6495 6498 6493
10085 2 2 2 30 438 6493 437
10086 2 2 2 30 436 6493 435
10087 2 2 2 30 6493 6497 6495
10088 2 2 2 30 444 6499 443
10089 2 2 2 30 446 6494 445
10090 2 2 2 30 6496 6498 6495
10091 2 2 2 30 6495 6500 6496
10092 2 2 2 30 6496 6499 6494
10093 2 2 2 30 449 6498 6496
10094 2 2 2 30 6494 6499 445
10095 2 2 2 30 441 6500 6495
10096 2 2 2 30 440 6497 439
10097 2 2 2 30 448 6494 447
10098 2 2 2 30 6496 6500 6499
10099 2 2 2 30 437 6493 436
10100 2 2 2 30 6499 6500 442
10101 2 2 2 30 438 6497 6493
10102 2 2 2 30 443 6499 442
10103 2 2 2 30 439 6497 438
10104 2 2 2 30 447 6494 446
10105 2 2 2 31 459 6502 458
10106 2 2 2 31 451 6505 466
10107 2 2 2 31 452 6506 451
10108 2 2 2 31 460 6501 459
10109 2 2 2 31 453 6506 452
10110 2 2 2 31 458 6502 457
10111 2 2 2 31 6505 6506 6501
10112 2 2 2 31 6501 6506 6502
10113 2 2 2 31 6501 6502 459
10114 2 2 2 31 463 6507 462
10115 2 2 2 31 461 6507 460
10116 2 2 2 31 451 6506 6505
10117 2 2 2 31 6501 6507 6505
10118 2 2 2 31 464 6504 463
10119 2 2 2 31 466 6504 465
10120 2 2 2 31 6505 6507 6504
10121 2 2 2 31 466 6505 6504
10122 2 2 2 31 462 6507 461
10123 2 2 2 31 460 6507 6501
10124 2 2 2 31 6504 6507 463
10125 2 2 2 31 454 6503 453
10126 2 2 2 31 465 6504 464
10127 2 2 2 31 455 6503 454
10128 2 2 2 31 6503 6506 453
10129 2 2 2 31 456 6503 455
10130 2 2 2 31 6502 6503 457
10131 2 2 2 31 6502 6506 6503
10132 2 2 2 31 457 6503 456
10133 2 2 2 32 468 6514 467
10134 2 2 2 32 471 6512 6511
10135 2 2 2 32 3282 6517 479
10136 2 2 2 32 6511 6514 471
10137 2 2 2 32 473 6510 472
10138 2 2 2 32 481 6511 3284
10139 2 2 2 32 479 6508 478
10140 2 2 2 32 6511 6512 3284
10141 2 2 2 32 3280 6512 471
10142 2 2 2 32 3281 6513 3280
10143 2 2 2 32 3280 6513 6512
10144 2 2 2 32 3283 6515 3282
10145 2 2 2 32 3284 6512 480
10146 2 2 2 32 480 6513 3283
10147 2 2 2 32 472 6515 3281
10148 2 2 2 32 3282 6515 6510
10149 2 2 2 32 6512 6513 480
10150 2 2 2 32 3281 6515 6513
10151 2 2 2 32 479 6517 6508
10152 2 2 2 32 6513 6515 3283
10153 2 2 2 32 467 6514 6509
10154 2 2 2 32 6510 6515 472
10155 2 2 2 32 6510 6517 3282
10156 2 2 2 32 469 6514 468
10157 2 2 2 32 467 6509 483
10158 2 2 2 32 473 6516 6510
10159 2 2 2 32 475 6516 474
10160 2 2 2 32 482 6509 481
10161 2 2 2 32 6509 6511 481
10162 2 2 2 32 6508 6517 6516
10163 2 2 2 32 478 6508 477
10164 2 2 2 32 476 6508 475
10165 2 2 2 32 6509 6514 6511
10166 2 2 2 32 6516 6517 6510
10167 2 2 2 32 474 6516 473
10168 2 2 2 32 470 6514 469
10169 2 2 2 32 483 6509 482
10170 2 2 2 32 6508 6516 475
10171 2 2 2 32 477 6508 476
10172 2 2 2 32 471 6514 470
10173 2 2 2 33 488 6518 487
10174 2 2 2 33 489 6518 488
10175 2 2 2 33 497 6518 3285
10176 2 2 2 33 3285 6520 496
10177 2 2 2 33 487 6518 486
10178 2 2 2 33 492 6519 491
10179 2 2 2 33 489 6520 6518
10180 2 2 2 33 496 6520 6519
10181 2 2 2 33 6518 6520 3285
10182 2 2 2 33 491 6519 490
10183 2 2 2 33 6519 6520 490
10184 2 2 2 33 493 6519 492
10185 2 2 2 33 486 6518 485
10186 2 2 2 33 484 6518 497
10187 2 2 2 33 485 6518 484
10188 2 2 2 33 494 6519 493
10189 2 2 2 33 496 6519 495
10190 2 2 2 33 495 6519 494
10191 2 2 2 33 490 6520 489
10192 2 2 2 34 504 6524 503
10193 2 2 2 34 511 6521 510
10194 2 2 2 34 508 6526 507
10195 2 2 2 34 500 6525 499
10196 2 2 2 34 498 6525 511
10197 2 2 2 34 509 6526 508
10198 2 2 2 34 501 6522 500
10199 2 2 2 34 503 6522 502
10200 2 2 2 34 6523 6524 504
10201 2 2 2 34 499 6525 498
10202 2 2 2 34 6521 6525 6524
10203 2 2 2 34 507 6523 506
10204 2 2 2 34 507 6526 6523
10205 2 2 2 34 6524 6526 6521
10206 2 2 2 34 505 6523 504
10207 2 2 2 34 510 6526 509
10208 2 2 2 34 6523 6526 6524
10209 2 2 2 34 511 6525 6521
10210 2 2 2 34 503 6524 6522
10211 2 2 2 34 6522 6525 500
10212 2 2 2 34 6524 6525 6522
10213 2 2 2 34 502 6522 501
10214 2 2 2 34 506 6523 505
10215 2 2 2 34 6521 6526 510
10216 2 2 2 35 512 6527 529
10217 2 2 2 35 527 6528 526
10218 2 2 2 35 513 6529 6527
10219 2 2 2 35 6527 6530 529
10220 2 2 2 35 528 6530 527
10221 2 2 2 35 514 6529 513
10222 2 2 2 35 521 6532 520
10223 2 2 2 35 516 6529 515
10224 2 2 2 35 526 6528 525
10225 2 2 2 35 6527 6532 6530
10226 2 2 2 35 522 6533 521
10227 2 2 2 35 6529 6531 6527
10228 2 2 2 35 515 6529 514
10229 2 2 2 35 527 6530 6528
10230 2 2 2 35 6532 6533 6530
10231 2 2 2 35 517 6529 516
10232 2 2 2 35 518 6529 517
10233 2 2 2 35 519 6531 518
10234 2 2 2 35 6531 6532 6527
10235 2 2 2 35 518 6531 6529
10236 2 2 2 35 520 6532 6531
10237 2 2 2 35 6528 6533 522
10238 2 2 2 35 525 6528 524
10239 2 2 2 35 521 6533 6532
10240 2 2 2 35 6530 6533 6528
10241 2 2 2 35 523 6528 522
10242 2 2 2 35 520 6531 519
10243 2 2 2 35 524 6528 523
10244 2 2 2 35 529 6530 528
10245 2 2 2 35 513 6527 512
10246 2 2 2 36 531 6539 530
10247 2 2 2 36 537 6538 536
10248 2 2 2 36 546 6539 545
10249 2 2 2 36 536 6542 3287
10250 2 2 2 36 6537 6542 536
10251 2 2 2 36 542 6535 541
10252 2 2 2 36 6536 6540 545
10253 2 2 2 36 3286 6536 534
10254 2 2 2 36 545 6540 3289
10255 2 2 2 36 545 6539 6536
10256 2 2 2 36 3288 6542 544
10257 2 2 2 36 3289 6541 3288
10258 2 2 2 36 6540 6541 3289
10259 2 2 2 36 541 6535 540
10260 2 2 2 36 534 6536 6534
10261 2 2 2 36 3287 6542 6541
10262 2 2 2 36 6535 6538 537
10263 2 2 2 36 535 6540 3286
10264 2 2 2 36 536 6538 6537
10265 2 2 2 36 6534 6539 531
10266 2 2 2 36 3287 6541 535
10267 2 2 2 36 3286 6540 6536
10268 2 2 2 36 535 6541 6540
10269 2 2 2 36 6536 6539 6534
10270 2 2 2 36 530 6539 547
10271 2 2 2 36 532 6534 531
10272 2 2 2 36 534 6534 533
10273 2 2 2 36 542 6538 6535
10274 2 2 2 36 6541 6542 3288
10275 2 2 2 36 544 6542 6537
10276 2 2 2 36 6537 6538 543
10277 2 2 2 36 547 6539 546
10278 2 2 2 36 533 6534 532
10279 2 2 2 36 540 6535 539
10280 2 2 2 36 544 6537 543
10281 2 2 2 36 538 6535 537
10282 2 2 2 36 539 6535 538
10283 2 2 2 36 543 6538 542
10284 2 2 2 37 548 6544 565
10285 2 2 2 37 564 6550 563
10286 2 2 2 37 552 6544 551
10287 2 2 2 37 6544 6550 565
10288 2 2 2 37 552 6545 6544
10289 2 2 2 37 553 6548 3290
10290 2 2 2 37 555 6547 3291
10291 2 2 2 37 3290 6545 552
10292 2 2 2 37 6548 6552 3290
10293 2 2 2 37 3291 6546 554
10294 2 2 2 37 554 6549 553
10295 2 2 2 37 3292 6546 562
10296 2 2 2 37 553 6549 6548
10297 2 2 2 37 6545 6550 6544
10298 2 2 2 37 3293 6549 3292
10299 2 2 2 37 3294 6548 3293
10300 2 2 2 37 6546 6549 554
10301 2 2 2 37 3290 6552 6545
10302 2 2 2 37 3291 6551 6546
10303 2 2 2 37 563 6552 3294
10304 2 2 2 37 551 6544 550
10305 2 2 2 37 549 6544 548
10306 2 2 2 37 6550 6552 563
10307 2 2 2 37 6548 6549 3293
10308 2 2 2 37 6543 6547 555
10309 2 2 2 37 3294 6552 6548
10310 2 2 2 37 6547 6551 3291
10311 2 2 2 37 3292 6549 6546
10312 2 2 2 37 6545 6552 6550
10313 2 2 2 37 562 6551 561
10314 2 2 2 37 560 6543 559
10315 2 2 2 37 556 6543 555
10316 2 2 2 37 560 6547 6543
10317 2 2 2 37 561 6551 6547
10318 2 2 2 37 6546 6551 562
10319 2 2 2 37 550 6544 549
10320 2 2 2 37 559 6543 558
10321 2 2 2 37 557 6543 556
10322 2 2 2 37 558 6543 557
10323 2 2 2 37 561 6547 560
10324 2 2 2 37 565 6550 564
10325 2 2 2 38 569 6555 568
10326 2 2 2 38 570 6555 569
10327 2 2 2 38 568 6555 6554
10328 2 2 2 38 576 6557 575
10329 2 2 2 38 6554 6558 567
10330 2 2 2 38 577 6553 576
10331 2 2 2 38 579 6553 578
10332 2 2 2 38 6557 6558 6554
10333 2 2 2 38 575 6557 574
10334 2 2 2 38 6555 6556 6554
10335 2 2 2 38 6553 6557 576
10336 2 2 2 38 574 6557 6556
10337 2 2 2 38 567 6558 566
10338 2 2 2 38 571 6555 570
10339 2 2 2 38 6553 6558 6557
10340 2 2 2 38 573 6556 6555
10341 2 2 2 38 578 6553 577
10342 2 2 2 38 6556 6557 6554
10343 2 2 2 38 573 6555 572
10344 2 2 2 38 579 6558 6553
10345 2 2 2 38 566 6558 579
10346 2 2 2 38 572 6555 571
10347 2 2 2 38 568 6554 567
10348 2 2 2 38 574 6556 573
10349 2 2 2 39 593 6560 592
10350 2 2 2 39 592 6560 591
10351 2 2 2 39 580 6560 593
10352 2 2 2 39 590 6559 589
10353 2 2 2 39 6560 6561 591
10354 2 2 2 39 589 6559 588
10355 2 2 2 39 583 6561 6560
10356 2 2 2 39 590 6561 6559
10357 2 2 2 39 6559 6561 584
10358 2 2 2 39 585 6559 584
10359 2 2 2 39 581 6560 580
10360 2 2 2 39 588 6559 587
10361 2 2 2 39 586 6559 585
10362 2 2 2 39 583 6560 582
10363 2 2 2 39 582 6560 581
10364 2 2 2 39 587 6559 586
10365 2 2 2 39 591 6561 590
10366 2 2 2 39 584 6561 583
10367 2 2 2 40 598 6569 597
10368 2 2 2 40 603 6572 602
10369 2 2 2 40 604 6563 603
10370 2 2 2 40 3297 6565 609
10371 2 2 2 40 3295 6564 600
10372 2 2 2 40 594 6570 3299
10373 2 2 2 40 3299 6570 6567
10374 2 2 2 40 6567 6570 6564
10375 2 2 2 40 3299 6567 3298
10376 2 2 2 40 3298 6566 610
10377 2 2 2 40 3298 6567 6566
10378 2 2 2 40 6565 6568 602
10379 2 2 2 40 602 6572 6565
10380 2 2 2 40 610 6568 3297
10381 2 2 2 40 3296 6566 601
10382 2 2 2 40 602 6568 3296
10383 2 2 2 40 601 6567 3295
10384 2 2 2 40 6566 6568 610
10385 2 2 2 40 6566 6567 601
10386 2 2 2 40 6563 6572 603
10387 2 2 2 40 599 6569 598
10388 2 2 2 40 3296 6568 6566
10389 2 2 2 40 3295 6567 6564
10390 2 2 2 40 6565 6571 609
10391 2 2 2 40 3297 6568 6565
10392 2 2 2 40 597 6569 6562
10393 2 2 2 40 6565 6572 6563
10394 2 2 2 40 600 6569 599
10395 2 2 2 40 597 6562 596
10396 2 2 2 40 6563 6571 6565
10397 2 2 2 40 6564 6569 600
10398 2 2 2 40 6562 6570 594
10399 2 2 2 40 595 6562 594
10400 2 2 2 40 607 6563 606
10401 2 2 2 40 605 6563 604
10402 2 2 2 40 6569 6570 6562
10403 2 2 2 40 6564 6570 6569
10404 2 2 2 40 596 6562 595
10405 2 2 2 40 609 6571 608
10406 2 2 2 40 606 6563 605
10407 2 2 2 40 607 6571 6563
10408 2 2 2 40 608 6571 607
10409 2 2 2 41 6573 6576 616
10410 2 2 2 41 6574 6575 624
10411 2 2 2 41 617 6573 616
10412 2 2 2 41 624 6575 623
10413 2 2 2 41 6573 6575 6574
10414 2 2 2 41 6573 6577 6575
10415 2 2 2 41 611 6574 624
10416 2 2 2 41 613 6574 612
10417 2 2 2 41 618 6573 617
10418 2 2 2 41 6574 6576 6573
10419 2 2 2 41 621 6577 620
10420 2 2 2 41 619 6577 618
10421 2 2 2 41 622 6575 621
10422 2 2 2 41 615 6576 614
10423 2 2 2 41 620 6577 619
10424 2 2 2 41 612 6574 611
10425 2 2 2 41 618 6577 6573
10426 2 2 2 41 613 6576 6574
10427 2 2 2 41 6575 6577 621
10428 2 2 2 41 614 6576 613
10429 2 2 2 41 623 6575 622
10430 2 2 2 41 616 6576 615
10431 2 2 2 42 627 6582 626
10432 2 2 2 42 637 6579 636
10433 2 2 2 42 3300 6583 6580
10434 2 2 2 42 638 6588 637
10435 2 2 2 42 631 6581 3303
10436 2 2 2 42 641 6580 640
10437 2 2 2 42 3301 6583 3300
10438 2 2 2 42 3300 6587 630
10439 2 2 2 42 3301 6584 6583
10440 2 2 2 42 3302 6584 3301
10441 2 2 2 42 3303 6585 3302
10442 2 2 2 42 638 6585 6581
10443 2 2 2 42 3302 6585 6584
10444 2 2 2 42 3304 6585 638
10445 2 2 2 42 637 6588 6579
10446 2 2 2 42 640 6583 639
10447 2 2 2 42 6580 6587 3300
10448 2 2 2 42 6583 6584 639
10449 2 2 2 42 639 6584 3304
10450 2 2 2 42 6581 6588 638
10451 2 2 2 42 6578 6582 627
10452 2 2 2 42 6580 6583 640
10453 2 2 2 42 6584 6585 3304
10454 2 2 2 42 633 6586 632
10455 2 2 2 42 6581 6585 3303
10456 2 2 2 42 626 6582 625
10457 2 2 2 42 628 6578 627
10458 2 2 2 42 631 6586 6581
10459 2 2 2 42 641 6582 6580
10460 2 2 2 42 636 6579 635
10461 2 2 2 42 634 6579 633
10462 2 2 2 42 630 6578 629
10463 2 2 2 42 630 6587 6578
10464 2 2 2 42 6578 6587 6582
10465 2 2 2 42 6579 6588 6586
10466 2 2 2 42 6582 6587 6580
10467 2 2 2 42 632 6586 631
10468 2 2 2 42 6586 6588 6581
10469 2 2 2 42 6579 6586 633
10470 2 2 2 42 625 6582 641
10471 2 2 2 42 629 6578 628
10472 2 2 2 42 635 6579 634
10473 2 2 2 43 644 6592 643
10474 2 2 2 43 654 6589 653
10475 2 2 2 43 652 6591 651
10476 2 2 2 43 6589 6590 653
10477 2 2 2 43 651 6591 650
10478 2 2 2 43 6590 6591 652
10479 2 2 2 43 643 6592 6589
10480 2 2 2 43 645 6592 644
10481 2 2 2 43 655 6589 654
10482 2 2 2 43 643 6589 642
10483 2 2 2 43 6589 6592 6590
10484 2 2 2 43 6592 6593 6590
10485 2 2 2 43 6590 6593 6591
10486 2 2 2 43 6591 6593 647
10487 2 2 2 43 650 6591 649
10488 2 2 2 43 646 6592 645
10489 2 2 2 43 642 6589 655
10490 2 2 2 43 646 6593 6592
10491 2 2 2 43 648 6591 647
10492 2 2 2 43 649 6591 648
10493 2 2 2 43 647 6593 646
10494 2 2 2 43 653 6590 652
10495 2 2 2 44 670 6594 669
10496 2 2 2 44 662 6597 661
10497 2 2 2 44 669 6596 668
10498 2 2 2 44 663 6595 662
10499 2 2 2 44 665 6599 664
10500 2 2 2 44 661 6597 660
10501 2 2 2 44 6596 6597 6595
10502 2 2 2 44 6594 6597 6596
10503 2 2 2 44 6595 6597 662
10504 2 2 2 44 671 6594 670
10505 2 2 2 44 6594 6596 669
10506 2 2 2 44 656 6598 671
10507 2 2 2 44 664 6599 6595
10508 2 2 2 44 657 6598 656
10509 2 2 2 44 658 6598 657
10510 2 2 2 44 660 6598 659
10511 2 2 2 44 659 6598 658
10512 2 2 2 44 666 6599 665
10513 2 2 2 44 668 6599 667
10514 2 2 2 44 6595 6599 6596
10515 2 2 2 44 6596 6599 668
10516 2 2 2 44 671 6598 6594
10517 2 2 2 44 6597 6598 660
10518 2 2 2 44 6594 6598 6597
10519 2 2 2 44 667 6599 666
10520 2 2 2 44 664 6595 663
10521 2 2 2 45 685 6600 3305
10522 2 2 2 45 3305 6602 684
10523 2 2 2 45 677 6600 676
10524 2 2 2 45 6600 6602 3305
10525 2 2 2 45 676 6600 675
10526 2 2 2 45 672 6600 685
10527 2 2 2 45 684 6602 6601
10528 2 2 2 45 677 6602 6600
10529 2 2 2 45 684 6601 683
10530 2 2 2 45 6601 6602 678
10531 2 2 2 45 683 6601 682
10532 2 2 2 45 673 6600 672
10533 2 2 2 45 675 6600 674
10534 2 2 2 45 679 6601 678
10535 2 2 2 45 674 6600 673
10536 2 2 2 45 680 6601 679
10537 2 2 2 45 682 6601 681
10538 2 2 2 45 681 6601 680
10539 2 2 2 45 678 6602 677
10540 2 2 2 46 6604 6607 702
10541 2 2 2 46 702 6609 6604
10542 2 2 2 46 693 6607 692
10543 2 2 2 46 692 6604 691
10544 2 2 2 46 699 6605 694
10545 2 2 2 46 703 6609 702
10546 2 2 2 46 694 6605 693
10547 2 2 2 46 701 6607 700
10548 2 2 2 46 700 6605 699
10549 2 2 2 46 704 6610 703
10550 2 2 2 46 692 6607 6604
10551 2 2 2 46 6605 6607 693
10552 2 2 2 46 6609 6610 6608
10553 2 2 2 46 6604 6608 691
10554 2 2 2 46 703 6610 6609
10555 2 2 2 46 6608 6610 6606
10556 2 2 2 46 687 6603 686
10557 2 2 2 46 700 6607 6605
10558 2 2 2 46 6603 6610 704
10559 2 2 2 46 6604 6609 6608
10560 2 2 2 46 6606 6611 689
10561 2 2 2 46 6606 6610 6603
10562 2 2 2 46 705 6603 704
10563 2 2 2 46 6603 6611 6606
10564 2 2 2 46 691 6608 690
10565 2 2 2 46 690 6608 6606
10566 2 2 2 46 689 6611 688
10567 2 2 2 46 686 6603 705
10568 2 2 2 46 688 6611 687
10569 2 2 2 46 687 6611 6603
10570 2 2 2 46 690 6606 689
10571 2 2 2 46 694 695 699
10572 2 2 2 46 695 696 699
10573 2 2 2 46 696 697 699
10574 2 2 2 46 697 698 699
10575 2 2 2 46 702 6607 701
10576 2 2 2 47 723 6612 722
10577 2 2 2 47 720 6615 719
10578 2 2 2 47 714 6613 713
10579 2 2 2 47 719 6617 718
10580 2 2 2 47 711 6614 710
10581 2 2 2 47 713 6617 712
10582 2 2 2 47 715 6613 714
10583 2 2 2 47 718 6617 6613
10584 2 2 2 47 6614 6619 710
10585 2 2 2 47 6615 6617 719
10586 2 2 2 47 712 6615 711
10587 2 2 2 47 720 6618 6615
10588 2 2 2 47 6612 6616 722
10589 2 2 2 47 6616 6619 6614
10590 2 2 2 47 6613 6617 713
10591 2 2 2 47 6612 6619 6616
10592 2 2 2 47 711 6615 6614
10593 2 2 2 47 712 6617 6615
10594 2 2 2 47 708 6612 707
10595 2 2 2 47 706 6612 723
10596 2 2 2 47 721 6618 720
10597 2 2 2 47 6615 6618 6614
10598 2 2 2 47 6616 6618 721
10599 2 2 2 47 710 6619 709
10600 2 2 2 47 716 6613 715
10601 2 2 2 47 707 6612 706
10602 2 2 2 47 708 6619 6612
10603 2 2 2 47 718 6613 717
10604 2 2 2 47 6614 6618 6616
10605 2 2 2 47 709 6619 708
10606 2 2 2 47 717 6613 716
10607 2 2 2 47 722 6616 721
10608 2 2 2 48 737 6626 3309
10609 2 2 2 48 728 6620 727
10610 2 2 2 48 739 6628 3310
10611 2 2 2 48 728 6623 6620
10612 2 2 2 48 6622 6626 737
10613 2 2 2 48 731 6631 3307
10614 2 2 2 48 729 6623 728
10615 2 2 2 48 3308 6625 736
10616 2 2 2 48 3310 6628 6623
10617 2 2 2 48 3310 6627 738
10618 2 2 2 48 6626 6630 3306
10619 2 2 2 48 3307 6624 730
10620 2 2 2 48 3309 6624 3308
10621 2 2 2 48 730 6626 3306
10622 2 2 2 48 6622 6630 6626
10623 2 2 2 48 6624 6631 6625
10624 2 2 2 48 3307 6631 6624
10625 2 2 2 48 6623 6628 6620
10626 2 2 2 48 3309 6626 6624
10627 2 2 2 48 6624 6625 3308
10628 2 2 2 48 6624 6626 730
10629 2 2 2 48 724 6628 740
10630 2 2 2 48 6623 6627 3310
10631 2 2 2 48 729 6630 6623
10632 2 2 2 48 6623 6630 6627
10633 2 2 2 48 3306 6630 729
10634 2 2 2 48 735 6629 734
10635 2 2 2 48 725 6620 724
10636 2 2 2 48 727 6620 726
10637 2 2 2 48 6625 6629 736
10638 2 2 2 48 734 6621 733
10639 2 2 2 48 732 6621 731
10640 2 2 2 48 740 6628 739
10641 2 2 2 48 738 6627 6622
10642 2 2 2 48 6621 6631 731
10643 2 2 2 48 6620 6628 724
10644 2 2 2 48 6627 6630 6622
10645 2 2 2 48 736 6629 735
10646 2 2 2 48 734 6629 6621
10647 2 2 2 48 738 6622 737
10648 2 2 2 48 6625 6631 6621
10649 2 2 2 48 726 6620 725
10650 2 2 2 48 733 6621 732
10651 2 2 2 48 6621 6629 6625
10652 2 2 2 49 759 6632 758
10653 2 2 2 49 3312 6637 748
10654 2 2 2 49 749 6637 3312
10655 2 2 2 49 748 6637 6635
10656 2 2 2 49 746 6634 745
10657 2 2 2 49 748 6635 747
10658 2 2 2 49 3313 6637 755
10659 2 2 2 49 758 6640 3314
10660 2 2 2 49 6632 6640 758
10661 2 2 2 49 754 6633 753
10662 2 2 2 49 3311 6636 746
10663 2 2 2 49 3314 6636 757
10664 2 2 2 49 747 6638 3311
10665 2 2 2 49 757 6638 756
10666 2 2 2 49 3311 6638 6636
10667 2 2 2 49 6636 6638 757
10668 2 2 2 49 3314 6640 6636
10669 2 2 2 49 6635 6638 747
10670 2 2 2 49 756 6638 6635
10671 2 2 2 49 6636 6640 6634
10672 2 2 2 49 6634 6639 745
10673 2 2 2 49 755 6633 754
10674 2 2 2 49 746 6636 6634
10675 2 2 2 49 756 6635 3313
10676 2 2 2 49 6634 6640 6632
10677 2 2 2 49 6633 6637 749
10678 2 2 2 49 6635 6637 3313
10679 2 2 2 49 6632 6639 6634
10680 2 2 2 49 743 6632 742
10681 2 2 2 49 741 6632 759
10682 2 2 2 49 755 6637 6633
10683 2 2 2 49 753 6633 752
10684 2 2 2 49 745 6639 744
10685 2 2 2 49 742 6632 741
10686 2 2 2 49 743 6639 6632
10687 2 2 2 49 744 6639 743
10688 2 2 2 49 752 6633 751
10689 2 2 2 49 750 6633 749
10690 2 2 2 49 751 6633 750
10691 2 2 2 50 764 6641 763
10692 2 2 2 50 766 6645 765
10693 2 2 2 50 765 6648 764
10694 2 2 2 50 774 6642 773
10695 2 2 2 50 776 6644 775
10696 2 2 2 50 764 6648 6641
10697 2 2 2 50 775 6645 774
10698 2 2 2 50 760 6647 777
10699 2 2 2 50 766 6646 6645
10700 2 2 2 50 6645 6648 765
10701 2 2 2 50 761 6641 760
10702 2 2 2 50 763 6641 762
10703 2 2 2 50 6644 6648 6645
10704 2 2 2 50 6644 6645 775
10705 2 2 2 50 776 6647 6644
10706 2 2 2 50 6645 6646 774
10707 2 2 2 50 777 6647 776
10708 2 2 2 50 6641 6648 6647
10709 2 2 2 50 774 6646 6642
10710 2 2 2 50 6647 6648 6644
10711 2 2 2 50 6641 6647 760
10712 2 2 2 50 762 6641 761
10713 2 2 2 50 6642 6646 767
10714 2 2 2 50 767 6646 766
10715 2 2 2 50 772 6643 771
10716 2 2 2 50 6642 6643 773
10717 2 2 2 50 773 6643 772
10718 2 2 2 50 768 6643 6642
10719 2 2 2 50 771 6643 770
10720 2 2 2 50 769 6643 768
10721 2 2 2 50 770 6643 769
10722 2 2 2 50 768 6642 767
10723 2 2 2 51 790 6649 789
10724 2 2 2 51 779 6652 778
10725 2 2 2 51 791 6652 790
10726 2 2 2 51 786 6654 785
10727 2 2 2 51 783 6653 782
10728 2 2 2 51 782 6650 781
10729 2 2 2 51 780 6650 779
10730 2 2 2 51 789 6649 788
10731 2 2 2 51 790 6652 6649
10732 2 2 2 51 778 6652 791
10733 2 2 2 51 787 6654 786
10734 2 2 2 51 6652 6653 6649
10735 2 2 2 51 6650 6652 779
10736 2 2 2 51 781 6650 780
10737 2 2 2 51 788 6654 787
10738 2 2 2 51 6650 6653 6652
10739 2 2 2 51 785 6651 784
10740 2 2 2 51 6653 6654 6649
10741 2 2 2 51 782 6653 6650
10742 2 2 2 51 785 6654 6651
10743 2 2 2 51 6651 6654 6653
10744 2 2 2 51 784 6651 783
10745 2 2 2 51 6651 6653 783
10746 2 2 2 51 6649 6654 788
10747 2 2 2 52 803 6660 802
10748 2 2 2 52 797 6658 796
10749 2 2 2 52 6655 6660 803
10750 2 2 2 52 804 6655 803
10751 2 2 2 52 805 6659 804
10752 2 2 2 52 793 6659 792
10753 2 2 2 52 6658 6660 6655
10754 2 2 2 52 6656 6660 6658
10755 2 2 2 52 794 6657 793
10756 2 2 2 52 796 6657 795
10757 2 2 2 52 798 6656 797
10758 2 2 2 52 800 6656 799
10759 2 2 2 52 792 6659 805
10760 2 2 2 52 796 6658 6657
10761 2 2 2 52 6655 6659 6658
10762 2 2 2 52 6658 6659 6657
10763 2 2 2 52 802 6660 801
10764 2 2 2 52 6657 6659 793
10765 2 2 2 52 6656 6658 797
10766 2 2 2 52 804 6659 6655
10767 2 2 2 52 795 6657 794
10768 2 2 2 52 799 6656 798
10769 2 2 2 52 800 6660 6656
10770 2 2 2 52 801 6660 800
10771 2 2 2 53 818 6661 817
10772 2 2 2 53 811 6664 810
10773 2 2 2 53 807 6665 806
10774 2 2 2 53 819 6665 818
10775 2 2 2 53 808 6663 807
10776 2 2 2 53 810 6663 809
10777 2 2 2 53 6664 6666 6661
10778 2 2 2 53 806 6665 819
10779 2 2 2 53 815 6666 814
10780 2 2 2 53 6662 6664 811
10781 2 2 2 53 6662 6666 6664
10782 2 2 2 53 6661 6666 817
10783 2 2 2 53 810 6664 6663
10784 2 2 2 53 6661 6665 6664
10785 2 2 2 53 814 6662 813
10786 2 2 2 53 6663 6665 807
10787 2 2 2 53 818 6665 6661
10788 2 2 2 53 6664 6665 6663
10789 2 2 2 53 812 6662 811
10790 2 2 2 53 817 6666 816
10791 2 2 2 53 809 6663 808
10792 2 2 2 53 816 6666 815
10793 2 2 2 53 814 6666 6662
10794 2 2 2 53 813 6662 812
10795 2 2 2 54 832 6672 831
10796 2 2 2 54 6670 6671 823
10797 2 2 2 54 825 6668 824
10798 2 2 2 54 829 6669 6668
10799 2 2 2 54 6669 6671 6670
10800 2 2 2 54 6669 6672 6671
10801 2 2 2 54 829 6668 828
10802 2 2 2 54 833 6667 832
10803 2 2 2 54 821 6667 820
10804 2 2 2 54 831 6672 830
10805 2 2 2 54 6668 6670 824
10806 2 2 2 54 6667 6672 832
10807 2 2 2 54 823 6671 822
10808 2 2 2 54 6669 6670 6668
10809 2 2 2 54 830 6672 6669
10810 2 2 2 54 6671 6672 6667
10811 2 2 2 54 820 6667 833
10812 2 2 2 54 828 6668 827
10813 2 2 2 54 826 6668 825
10814 2 2 2 54 821 6671 6667
10815 2 2 2 54 822 6671 821
10816 2 2 2 54 827 6668 826
10817 2 2 2 54 824 6670 823
10818 2 2 2 54 830 6669 829
10819 2 2 2 55 845 6675 844
10820 2 2 2 55 849 6673 848
10821 2 2 2 55 848 6676 847
10822 2 2 2 55 845 6676 6675
10823 2 2 2 55 837 6675 836
10824 2 2 2 55 844 6677 843
10825 2 2 2 55 838 6677 837
10826 2 2 2 55 6673 6676 848
10827 2 2 2 55 836 6675 6673
10828 2 2 2 55 6675 6676 6673
10829 2 2 2 55 847 6676 846
10830 2 2 2 55 834 6673 849
10831 2 2 2 55 836 6673 835
10832 2 2 2 55 6674 6677 838
10833 2 2 2 55 6675 6677 844
10834 2 2 2 55 843 6677 6674
10835 2 2 2 55 837 6677 6675
10836 2 2 2 55 846 6676 845
10837 2 2 2 55 835 6673 834
10838 2 2 2 55 839 6674 838
10839 2 2 2 55 843 6674 842
10840 2 2 2 55 840 6674 839
10841 2 2 2 55 842 6674 841
10842 2 2 2 55 841 6674 840
10843 2 2 2 56 857 6683 856
10844 2 2 2 56 6678 6682 853
10845 2 2 2 56 850 6680 863
10846 2 2 2 56 862 6680 861
10847 2 2 2 56 6680 6682 6678
10848 2 2 2 56 6678 6681 6680
10849 2 2 2 56 860 6681 6679
10850 2 2 2 56 6680 6681 861
10851 2 2 2 56 856 6683 855
10852 2 2 2 56 6678 6683 6681
10853 2 2 2 56 6681 6683 6679
10854 2 2 2 56 852 6682 851
10855 2 2 2 56 858 6679 857
10856 2 2 2 56 6679 6683 857
10857 2 2 2 56 863 6680 862
10858 2 2 2 56 860 6679 859
10859 2 2 2 56 854 6683 6678
10860 2 2 2 56 850 6682 6680
10861 2 2 2 56 851 6682 850
10862 2 2 2 56 855 6683 854
10863 2 2 2 56 859 6679 858
10864 2 2 2 56 854 6678 853
10865 2 2 2 56 861 6681 860
10866 2 2 2 56 853 6682 852
10867 2 2 2 57 3315 6686 870
10868 2 2 2 57 879 6686 3316
10869 2 2 2 57 878 6688 877
10870 2 2 2 57 872 6688 871
10871 2 2 2 57 864 6685 879
10872 2 2 2 57 6685 6686 879
10873 2 2 2 57 3315 6689 6686
10874 2 2 2 57 6686 6689 3316
10875 2 2 2 57 3316 6689 878
10876 2 2 2 57 871 6689 3315
10877 2 2 2 57 6686 6687 870
10878 2 2 2 57 868 6687 867
10879 2 2 2 57 6685 6687 6686
10880 2 2 2 57 6688 6689 871
10881 2 2 2 57 878 6689 6688
10882 2 2 2 57 867 6685 866
10883 2 2 2 57 865 6685 864
10884 2 2 2 57 6684 6688 872
10885 2 2 2 57 870 6687 869
10886 2 2 2 57 877 6688 6684
10887 2 2 2 57 869 6687 868
10888 2 2 2 57 867 6687 6685
10889 2 2 2 57 866 6685 865
10890 2 2 2 57 873 6684 872
10891 2 2 2 57 877 6684 876
10892 2 2 2 57 874 6684 873
10893 2 2 2 57 876 6684 875
10894 2 2 2 57 875 6684 874
10895 2 2 2 58 882 6696 881
10896 2 2 2 58 883 6690 882
10897 2 2 2 58 885 6694 884
10898 2 2 2 58 890 6691 889
10899 2 2 2 58 891 6692 890
10900 2 2 2 58 892 6697 891
10901 2 2 2 58 6690 6696 882
10902 2 2 2 58 889 6691 888
10903 2 2 2 58 6692 6694 890
10904 2 2 2 58 890 6694 6691
10905 2 2 2 58 6693 6697 892
10906 2 2 2 58 6690 6697 6693
10907 2 2 2 58 895 6693 894
10908 2 2 2 58 893 6693 892
10909 2 2 2 58 6693 6696 6690
10910 2 2 2 58 884 6695 883
10911 2 2 2 58 881 6696 880
10912 2 2 2 58 6695 6697 6690
10913 2 2 2 58 891 6697 6692
10914 2 2 2 58 883 6695 6690
10915 2 2 2 58 894 6693 893
10916 2 2 2 58 888 6691 887
10917 2 2 2 58 6694 6695 884
10918 2 2 2 58 895 6696 6693
10919 2 2 2 58 6692 6697 6695
10920 2 2 2 58 6691 6694 885
10921 2 2 2 58 886 6691 885
10922 2 2 2 58 880 6696 895
10923 2 2 2 58 887 6691 886
10924 2 2 2 58 6692 6695 6694
10925 2 2 2 59 897 6702 896
10926 2 2 2 59 909 6702 908
10927 2 2 2 59 898 6700 897
10928 2 2 2 59 900 6700 899
10929 2 2 2 59 6701 6703 6698
10930 2 2 2 59 896 6702 909
10931 2 2 2 59 905 6703 904
10932 2 2 2 59 6699 6701 901
10933 2 2 2 59 6699 6703 6701
10934 2 2 2 59 900 6701 6700
10935 2 2 2 59 6698 6703 907
10936 2 2 2 59 908 6702 6698
10937 2 2 2 59 6698 6702 6701
10938 2 2 2 59 904 6699 903
10939 2 2 2 59 6700 6702 897
10940 2 2 2 59 6701 6702 6700
10941 2 2 2 59 902 6699 901
10942 2 2 2 59 907 6703 906
10943 2 2 2 59 899 6700 898
10944 2 2 2 59 906 6703 905
10945 2 2 2 59 904 6703 6699
10946 2 2 2 59 903 6699 902
10947 2 2 2 59 901 6701 900
10948 2 2 2 59 908 6698 907
10949 2 2 2 60 919 6706 918
10950 2 2 2 60 918 6704 917
10951 2 2 2 60 912 6707 911
10952 2 2 2 60 923 6705 922
10953 2 2 2 60 918 6706 6704
10954 2 2 2 60 915 6707 914
10955 2 2 2 60 913 6707 912
10956 2 2 2 60 911 6707 6705
10957 2 2 2 60 914 6707 913
10958 2 2 2 60 916 6704 915
10959 2 2 2 60 911 6705 910
10960 2 2 2 60 6704 6706 6705
10961 2 2 2 60 6705 6706 922
10962 2 2 2 60 6705 6707 6704
10963 2 2 2 60 922 6706 921
10964 2 2 2 60 920 6706 919
10965 2 2 2 60 6704 6707 915
10966 2 2 2 60 917 6704 916
10967 2 2 2 60 921 6706 920
10968 2 2 2 60 910 6705 923
10969 2 2 2 61 3319 6708 926
10970 2 2 2 61 937 6718 936
10971 2 2 2 61 928 6710 927
10972 2 2 2 61 3319 6711 6708
10973 2 2 2 61 3322 6715 3321
10974 2 2 2 61 932 6710 931
10975 2 2 2 61 925 6721 3318
10976 2 2 2 61 933 6714 932
10977 2 2 2 61 6711 6715 6708
10978 2 2 2 61 6713 6715 3322
10979 2 2 2 61 6708 6721 925
10980 2 2 2 61 932 6714 6710
10981 2 2 2 61 3317 6719 924
10982 2 2 2 61 6715 6721 6708
10983 2 2 2 61 6715 6720 3321
10984 2 2 2 61 6713 6721 6715
10985 2 2 2 61 934 6712 3324
10986 2 2 2 61 3318 6717 3317
10987 2 2 2 61 6712 6719 6717
10988 2 2 2 61 6710 6716 927
10989 2 2 2 61 6717 6719 3317
10990 2 2 2 61 6709 6718 937
10991 2 2 2 61 3323 6713 3322
10992 2 2 2 61 6711 6720 6715
10993 2 2 2 61 927 6716 3320
10994 2 2 2 61 6717 6722 6712
10995 2 2 2 61 6714 6720 6711
10996 2 2 2 61 3320 6711 3319
10997 2 2 2 61 6711 6716 6714
10998 2 2 2 61 924 6719 6709
10999 2 2 2 61 6714 6716 6710
11000 2 2 2 61 6717 6721 6713
11001 2 2 2 61 3318 6721 6717
11002 2 2 2 61 3321 6720 933
11003 2 2 2 61 6713 6722 6717
11004 2 2 2 61 6709 6719 6718
11005 2 2 2 61 938 6709 937
11006 2 2 2 61 936 6718 935
11007 2 2 2 61 929 6710 928
11008 2 2 2 61 931 6710 930
11009 2 2 2 61 3323 6722 6713
11010 2 2 2 61 3324 6722 3323
11011 2 2 2 61 924 6709 939
11012 2 2 2 61 6718 6719 6712
11013 2 2 2 61 6712 6722 3324
11014 2 2 2 61 3320 6716 6711
11015 2 2 2 61 933 6720 6714
11016 2 2 2 61 934 6718 6712
11017 2 2 2 61 926 6708 925
11018 2 2 2 61 939 6709 938
11019 2 2 2 61 935 6718 934
11020 2 2 2 61 930 6710 929
11021 2 2 2 62 942 6727 941
11022 2 2 2 62 3325 6726 953
11023 2 2 2 62 954 6725 3325
11024 2 2 2 62 6726 6729 947
11025 2 2 2 62 6725 6726 3325
11026 2 2 2 62 6725 6729 6726
11027 2 2 2 62 949 6724 948
11028 2 2 2 62 954 6727 6725
11029 2 2 2 62 6723 6727 942
11030 2 2 2 62 950 6724 949
11031 2 2 2 62 941 6727 940
11032 2 2 2 62 943 6723 942
11033 2 2 2 62 947 6729 946
11034 2 2 2 62 953 6726 6724
11035 2 2 2 62 6723 6728 6725
11036 2 2 2 62 945 6728 6723
11037 2 2 2 62 6725 6727 6723
11038 2 2 2 62 945 6723 944
11039 2 2 2 62 6724 6726 948
11040 2 2 2 62 940 6727 954
11041 2 2 2 62 944 6723 943
11042 2 2 2 62 946 6729 6728
11043 2 2 2 62 951 6724 950
11044 2 2 2 62 953 6724 952
11045 2 2 2 62 6728 6729 6725
11046 2 2 2 62 952 6724 951
11047 2 2 2 62 946 6728 945
11048 2 2 2 62 948 6726 947
11049 2 2 2 63 966 6730 965
11050 2 2 2 63 958 6731 957
11051 2 2 2 63 960 6732 3328
11052 2 2 2 63 967 6732 966
11053 2 2 2 63 969 6733 3330
11054 2 2 2 63 3326 6738 958
11055 2 2 2 63 965 6730 964
11056 2 2 2 63 6734 6738 3326
11057 2 2 2 63 6733 6738 6734
11058 2 2 2 63 958 6738 6731
11059 2 2 2 63 966 6732 6730
11060 2 2 2 63 3327 6734 3326
11061 2 2 2 63 6730 6732 960
11062 2 2 2 63 959 6735 3327
11063 2 2 2 63 6732 6736 3328
11064 2 2 2 63 967 6736 6732
11065 2 2 2 63 3330 6734 968
11066 2 2 2 63 3329 6736 967
11067 2 2 2 63 3327 6735 6734
11068 2 2 2 63 961 6730 960
11069 2 2 2 63 968 6735 3329
11070 2 2 2 63 6734 6735 968
11071 2 2 2 63 3328 6736 959
11072 2 2 2 63 6733 6734 3330
11073 2 2 2 63 6735 6736 3329
11074 2 2 2 63 959 6736 6735
11075 2 2 2 63 971 6737 970
11076 2 2 2 63 955 6731 971
11077 2 2 2 63 957 6731 956
11078 2 2 2 63 969 6737 6733
11079 2 2 2 63 6731 6738 6737
11080 2 2 2 63 6737 6738 6733
11081 2 2 2 63 970 6737 969
11082 2 2 2 63 6731 6737 971
11083 2 2 2 63 964 6730 963
11084 2 2 2 63 962 6730 961
11085 2 2 2 63 956 6731 955
11086 2 2 2 63 963 6730 962
11087 2 2 2 64 3331 6741 977
11088 2 2 2 64 985 6741 3333
11089 2 2 2 64 979 6742 978
11090 2 2 2 64 3332 6742 984
11091 2 2 2 64 6741 6745 977
11092 2 2 2 64 3331 6743 6741
11093 2 2 2 64 978 6743 3331
11094 2 2 2 64 6741 6743 3333
11095 2 2 2 64 3333 6743 3332
11096 2 2 2 64 972 6744 986
11097 2 2 2 64 985 6744 6741
11098 2 2 2 64 6742 6743 978
11099 2 2 2 64 3332 6743 6742
11100 2 2 2 64 6744 6745 6741
11101 2 2 2 64 975 6739 974
11102 2 2 2 64 973 6739 972
11103 2 2 2 64 984 6742 6740
11104 2 2 2 64 6740 6742 979
11105 2 2 2 64 986 6744 985
11106 2 2 2 64 984 6740 983
11107 2 2 2 64 980 6740 979
11108 2 2 2 64 6739 6744 972
11109 2 2 2 64 977 6745 976
11110 2 2 2 64 974 6739 973
11111 2 2 2 64 6739 6745 6744
11112 2 2 2 64 975 6745 6739
11113 2 2 2 64 976 6745 975
11114 2 2 2 64 983 6740 982
11115 2 2 2 64 981 6740 980
11116 2 2 2 64 982 6740 981
11117 2 2 2 65 993 6748 1001
11118 2 2 2 65 1001 6750 993
11119 2 2 2 65 1005 6746 1004
11120 2 2 2 65 1004 6753 1003
11121 2 2 2 65 991 6749 990
11122 2 2 2 65 1002 6750 1001
11123 2 2 2 65 994 6748 993
11124 2 2 2 65 6746 6753 1004
11125 2 2 2 65 992 6751 991
11126 2 2 2 65 1003 6751 1002
11127 2 2 2 65 6751 6753 6749
11128 2 2 2 65 1003 6753 6751
11129 2 2 2 65 6750 6751 992
11130 2 2 2 65 6749 6752 990
11131 2 2 2 65 1002 6751 6750
11132 2 2 2 65 993 6750 992
11133 2 2 2 65 991 6751 6749
11134 2 2 2 65 6749 6753 6746
11135 2 2 2 65 1000 6747 999
11136 2 2 2 65 988 6746 987
11137 2 2 2 65 1006 6746 1005
11138 2 2 2 65 6746 6752 6749
11139 2 2 2 65 3334 6748 1000
11140 2 2 2 65 999 6747 998
11141 2 2 2 65 990 6752 989
11142 2 2 2 65 987 6746 1006
11143 2 2 2 65 988 6752 6746
11144 2 2 2 65 1000 6748 6747
11145 2 2 2 65 989 6752 988
11146 2 2 2 65 6747 6748 994
11147 2 2 2 65 995 6747 994
11148 2 2 2 65 998 6747 997
11149 2 2 2 65 996 6747 995
11150 2 2 2 65 997 6747 996
11151 2 2 2 65 1001 6748 3334
11152 2 2 2 66 1011 6755 1010
11153 2 2 2 66 1015 6754 1014
11154 2 2 2 66 1014 6756 1013
11155 2 2 2 66 1011 6756 6755
11156 2 2 2 66 1019 6757 1018
11157 2 2 2 66 1007 6757 1020
11158 2 2 2 66 1010 6755 1009
11159 2 2 2 66 1008 6755 1007
11160 2 2 2 66 1018 6754 1017
11161 2 2 2 66 1012 6756 1011
11162 2 2 2 66 1020 6757 1019
11163 2 2 2 66 6754 6756 1014
11164 2 2 2 66 1018 6757 6754
11165 2 2 2 66 6756 6757 6755
11166 2 2 2 66 1016 6754 1015
11167 2 2 2 66 6755 6757 1007
11168 2 2 2 66 6754 6757 6756
11169 2 2 2 66 1013 6756 1012
11170 2 2 2 66 1009 6755 1008
11171 2 2 2 66 1017 6754 1016
11172 2 2 2 67 1037 6762 1038
11173 2 2 2 67 6759 6764 1032
11174 2 2 2 67 3336 6761 3335
11175 2 2 2 67 1025 6764 6759
11176 2 2 2 67 1023 6761 1024
11177 2 2 2 67 1024 6760 1025
11178 2 2 2 67 6760 6761 3336
11179 2 2 2 67 1024 6761 6760
11180 2 2 2 67 1023 6762 6761
11181 2 2 2 67 3335 6763 1034
11182 2 2 2 67 6758 6762 1037
11183 2 2 2 67 1033 6760 3336
11184 2 2 2 67 1027 6759 1028
11185 2 2 2 67 6760 6764 1025
11186 2 2 2 67 1026 6759 1027
11187 2 2 2 67 1038 6762 1022
11188 2 2 2 67 6761 6763 3335
11189 2 2 2 67 1021 6762 1023
11190 2 2 2 67 1028 6759 1029
11191 2 2 2 67 6762 6763 6761
11192 2 2 2 67 6758 6763 6762
11193 2 2 2 67 1036 6758 1037
11194 2 2 2 67 1034 6758 1035
11195 2 2 2 67 1034 6763 6758
11196 2 2 2 67 1022 6762 1021
11197 2 2 2 67 1029 6759 1030
11198 2 2 2 67 1033 6764 6760
11199 2 2 2 67 1032 6764 1033
11200 2 2 2 67 1030 6759 1031
11201 2 2 2 67 1035 6758 1036
11202 2 2 2 67 1025 6759 1026
11203 2 2 2 67 1031 6759 1032
11204 2 2 2 68 1039 1040 1041
11205 2 2 2 69 1058 6769 1057
11206 2 2 2 69 1057 6769 6768
11207 2 2 2 69 1047 6774 1046
11208 2 2 2 69 1049 6769 1048
11209 2 2 2 69 6769 6772 6768
11210 2 2 2 69 1057 6768 1056
11211 2 2 2 69 1059 6771 1058
11212 2 2 2 69 1058 6771 6769
11213 2 2 2 69 1042 6765 1061
11214 2 2 2 69 1046 6765 1045
11215 2 2 2 69 1056 6768 6766
11216 2 2 2 69 1052 6766 1051
11217 2 2 2 69 1048 6775 1047
11218 2 2 2 69 1046 6774 6765
11219 2 2 2 69 1056 6766 1055
11220 2 2 2 69 6774 6775 6767
11221 2 2 2 69 1049 6772 6769
11222 2 2 2 69 6769 6775 1048
11223 2 2 2 69 1047 6775 6774
11224 2 2 2 69 6771 6775 6769
11225 2 2 2 69 6765 6770 1061
11226 2 2 2 69 6766 6773 1051
11227 2 2 2 69 6767 6771 1059
11228 2 2 2 69 6770 6774 6767
11229 2 2 2 69 6765 6774 6770
11230 2 2 2 69 1043 6765 1042
11231 2 2 2 69 1045 6765 1044
11232 2 2 2 69 6767 6775 6771
11233 2 2 2 69 6768 6773 6766
11234 2 2 2 69 1060 6770 6767
11235 2 2 2 69 1050 6772 1049
11236 2 2 2 69 1060 6767 1059
11237 2 2 2 69 1055 6766 1054
11238 2 2 2 69 1053 6766 1052
11239 2 2 2 69 1050 6773 6772
11240 2 2 2 69 1044 6765 1043
11241 2 2 2 69 6772 6773 6768
11242 2 2 2 69 1054 6766 1053
11243 2 2 2 69 1051 6773 1050
11244 2 2 2 69 1061 6770 1060
11245 2 2 2 70 1075 6781 1074
11246 2 2 2 70 1069 6781 1068
11247 2 2 2 70 1068 6783 3337
11248 2 2 2 70 1080 6777 1079
11249 2 2 2 70 6778 6783 1068
11250 2 2 2 70 3337 6783 6780
11251 2 2 2 70 1067 6779 1066
11252 2 2 2 70 1077 6783 1076
11253 2 2 2 70 1079 6784 1078
11254 2 2 2 70 1078 6780 1077
11255 2 2 2 70 1068 6781 6778
11256 2 2 2 70 1078 6784 6780
11257 2 2 2 70 6777 6784 1079
11258 2 2 2 70 3337 6780 1067
11259 2 2 2 70 6780 6784 6779
11260 2 2 2 70 6779 6782 1066
11261 2 2 2 70 6780 6783 1077
11262 2 2 2 70 1067 6780 6779
11263 2 2 2 70 6779 6784 6777
11264 2 2 2 70 6777 6782 6779
11265 2 2 2 70 1064 6777 1063
11266 2 2 2 70 1062 6777 1080
11267 2 2 2 70 1074 6776 1073
11268 2 2 2 70 6776 6781 1069
11269 2 2 2 70 1070 6776 1069
11270 2 2 2 70 1076 6783 6778
11271 2 2 2 70 1066 6782 1065
11272 2 2 2 70 6778 6781 1075
11273 2 2 2 70 1063 6777 1062
11274 2 2 2 70 1074 6781 6776
11275 2 2 2 70 1076 6778 1075
11276 2 2 2 70 1064 6782 6777
11277 2 2 2 70 1073 6776 1072
11278 2 2 2 70 1071 6776 1070
11279 2 2 2 70 1065 6782 1064
11280 2 2 2 70 1072 6776 1071
11281 2 2 2 71 3340 3341 1089
11282 2 2 2 71 1089 3341 3342
11283 2 2 2 71 3338 6788 1081
11284 2 2 2 71 1091 6788 1090
11285 2 2 2 71 3342 6787 1088
11286 2 2 2 71 1082 6787 3341
11287 2 2 2 71 3339 6789 3338
11288 2 2 2 71 1090 6789 3343
11289 2 2 2 71 1083 6785 1082
11290 2 2 2 71 3340 6790 3339
11291 2 2 2 71 3343 6790 1089
11292 2 2 2 71 1084 6785 1083
11293 2 2 2 71 3341 6787 3342
11294 2 2 2 71 1089 6790 3340
11295 2 2 2 71 3343 6789 3339
11296 2 2 2 71 3339 6790 3343
11297 2 2 2 71 1090 6788 3338
11298 2 2 2 71 3338 6789 1090
11299 2 2 2 71 6785 6787 1082
11300 2 2 2 71 1088 6787 6785
11301 2 2 2 71 1088 6785 1087
11302 2 2 2 71 1081 6786 1096
11303 2 2 2 71 1081 6788 6786
11304 2 2 2 71 1096 6786 1095
11305 2 2 2 71 6786 6788 1091
11306 2 2 2 71 1087 6785 1086
11307 2 2 2 71 1085 6785 1084
11308 2 2 2 71 1092 6786 1091
11309 2 2 2 71 1086 6785 1085
11310 2 2 2 71 1093 6786 1092
11311 2 2 2 71 1095 6786 1094
11312 2 2 2 71 1094 6786 1093
11313 2 2 2 72 3344 6799 1106
11314 2 2 2 72 1101 6794 1100
11315 2 2 2 72 1100 6793 1099
11316 2 2 2 72 1107 6797 3344
11317 2 2 2 72 6793 6796 1099
11318 2 2 2 72 1109 6795 1108
11319 2 2 2 72 6795 6796 6793
11320 2 2 2 72 1110 6791 1109
11321 2 2 2 72 1097 6791 1111
11322 2 2 2 72 6797 6799 3344
11323 2 2 2 72 6794 6799 6797
11324 2 2 2 72 1103 6798 1102
11325 2 2 2 72 1101 6798 6794
11326 2 2 2 72 1108 6795 1107
11327 2 2 2 72 6794 6797 6793
11328 2 2 2 72 1100 6794 6793
11329 2 2 2 72 1104 6792 1103
11330 2 2 2 72 6795 6797 1107
11331 2 2 2 72 6791 6795 1109
11332 2 2 2 72 6791 6796 6795
11333 2 2 2 72 1099 6796 1098
11334 2 2 2 72 6793 6797 6795
11335 2 2 2 72 1106 6792 1105
11336 2 2 2 72 1111 6791 1110
11337 2 2 2 72 1106 6799 6792
11338 2 2 2 72 1102 6798 1101
11339 2 2 2 72 1097 6796 6791
11340 2 2 2 72 6792 6798 1103
11341 2 2 2 72 6798 6799 6794
11342 2 2 2 72 1098 6796 1097
11343 2 2 2 72 1105 6792 1104
11344 2 2 2 72 6792 6799 6798
11345 2 2 2 73 1120 6800 1119
11346 2 2 2 73 1122 6800 1121
11347 2 2 2 73 1114 6801 1113
11348 2 2 2 73 1114 6802 6801
11349 2 2 2 73 1125 6803 1124
11350 2 2 2 73 1123 6803 1122
11351 2 2 2 73 6801 6802 6800
11352 2 2 2 73 1112 6801 1125
11353 2 2 2 73 6800 6804 1119
11354 2 2 2 73 1115 6802 1114
11355 2 2 2 73 1117 6802 1116
11356 2 2 2 73 1122 6803 6800
11357 2 2 2 73 6800 6803 6801
11358 2 2 2 73 1124 6803 1123
11359 2 2 2 73 6802 6804 6800
11360 2 2 2 73 1121 6800 1120
11361 2 2 2 73 1119 6804 1118
11362 2 2 2 73 6801 6803 1125
11363 2 2 2 73 1113 6801 1112
11364 2 2 2 73 1116 6802 1115
11365 2 2 2 73 1117 6804 6802
11366 2 2 2 73 1118 6804 1117
11367 2 2 2 74 1139 6807 1138
11368 2 2 2 74 1133 6806 1132
11369 2 2 2 74 1132 6807 1131
11370 2 2 2 74 1140 6808 1139
11371 2 2 2 74 1131 6810 1130
11372 2 2 2 74 1134 6806 1133
11373 2 2 2 74 1138 6807 6806
11374 2 2 2 74 6806 6807 1132
11375 2 2 2 74 1127 6809 1126
11376 2 2 2 74 1139 6808 6807
11377 2 2 2 74 1141 6809 1140
11378 2 2 2 74 1138 6806 1137
11379 2 2 2 74 1128 6805 1127
11380 2 2 2 74 6808 6810 6807
11381 2 2 2 74 1140 6809 6808
11382 2 2 2 74 1130 6805 1129
11383 2 2 2 74 6807 6810 1131
11384 2 2 2 74 1126 6809 1141
11385 2 2 2 74 1130 6810 6805
11386 2 2 2 74 6805 6810 6808
11387 2 2 2 74 6808 6809 6805
11388 2 2 2 74 6805 6809 1127
11389 2 2 2 74 1129 6805 1128
11390 2 2 2 74 1137 6806 1136
11391 2 2 2 74 1135 6806 1134
11392 2 2 2 74 1136 6806 1135
11393 2 2 2 75 1154 6812 1153
11394 2 2 2 75 1147 6811 1146
11395 2 2 2 75 1146 6811 1145
11396 2 2 2 75 1145 6813 1144
11397 2 2 2 75 1143 6814 1142
11398 2 2 2 75 1152 6813 1151
11399 2 2 2 75 1153 6817 3345
11400 2 2 2 75 6812 6817 1153
11401 2 2 2 75 6811 6813 1145
11402 2 2 2 75 3345 6815 1152
11403 2 2 2 75 1144 6815 1143
11404 2 2 2 75 1148 6811 1147
11405 2 2 2 75 6814 6816 1142
11406 2 2 2 75 3345 6817 6815
11407 2 2 2 75 1152 6815 6813
11408 2 2 2 75 6813 6815 1144
11409 2 2 2 75 6815 6817 6814
11410 2 2 2 75 1143 6815 6814
11411 2 2 2 75 6814 6817 6812
11412 2 2 2 75 1151 6813 6811
11413 2 2 2 75 6812 6816 6814
11414 2 2 2 75 1155 6812 1154
11415 2 2 2 75 1157 6812 1156
11416 2 2 2 75 1142 6816 1158
11417 2 2 2 75 1156 6812 1155
11418 2 2 2 75 1149 6811 1148
11419 2 2 2 75 1157 6816 6812
11420 2 2 2 75 1158 6816 1157
11421 2 2 2 75 1151 6811 1150
11422 2 2 2 75 1150 6811 1149
11423 2 2 2 76 1174 6821 1173
11424 2 2 2 76 1173 6821 1172
11425 2 2 2 76 1166 6818 1165
11426 2 2 2 76 1164 6820 1163
11427 2 2 2 76 1167 6825 6818
11428 2 2 2 76 6818 6820 1165
11429 2 2 2 76 1174 6822 6821
11430 2 2 2 76 1163 6823 1162
11431 2 2 2 76 1175 6822 1174
11432 2 2 2 76 1176 6824 1175
11433 2 2 2 76 6818 6822 6820
11434 2 2 2 76 1168 6825 1167
11435 2 2 2 76 6821 6822 6818
11436 2 2 2 76 6822 6824 6820
11437 2 2 2 76 6818 6825 6821
11438 2 2 2 76 1162 6823 1161
11439 2 2 2 76 6820 6823 1163
11440 2 2 2 76 6823 6824 1176
11441 2 2 2 76 1169 6819 1168
11442 2 2 2 76 1175 6824 6822
11443 2 2 2 76 1172 6821 6819
11444 2 2 2 76 6820 6824 6823
11445 2 2 2 76 1161 6823 1160
11446 2 2 2 76 1159 6823 1176
11447 2 2 2 76 6819 6825 1168
11448 2 2 2 76 6821 6825 6819
11449 2 2 2 76 1170 6819 1169
11450 2 2 2 76 1160 6823 1159
11451 2 2 2 76 1172 6819 1171
11452 2 2 2 76 1171 6819 1170
11453 2 2 2 76 1165 6820 1164
11454 2 2 2 76 1167 6818 1166
11455 2 2 2 77 1182 6833 1181
11456 2 2 2 77 1194 6831 1193
11457 2 2 2 77 1191 6834 1190
11458 2 2 2 77 1189 6828 1188
11459 2 2 2 77 1181 6830 1180
11460 2 2 2 77 1180 6829 1179
11461 2 2 2 77 1188 6826 1187
11462 2 2 2 77 1188 6828 6826
11463 2 2 2 77 1181 6833 6830
11464 2 2 2 77 1180 6830 6829
11465 2 2 2 77 1190 6830 1189
11466 2 2 2 77 1179 6829 6827
11467 2 2 2 77 6830 6833 6828
11468 2 2 2 77 1190 6834 6830
11469 2 2 2 77 6830 6834 6829
11470 2 2 2 77 1189 6830 6828
11471 2 2 2 77 6827 6831 1194
11472 2 2 2 77 1193 6831 1192
11473 2 2 2 77 6829 6831 6827
11474 2 2 2 77 1184 6832 1183
11475 2 2 2 77 1177 6827 1194
11476 2 2 2 77 6828 6832 6826
11477 2 2 2 77 1179 6827 1178
11478 2 2 2 77 6829 6834 6831
11479 2 2 2 77 1185 6826 1184
11480 2 2 2 77 1187 6826 1186
11481 2 2 2 77 1183 6832 1182
11482 2 2 2 77 6832 6833 1182
11483 2 2 2 77 1192 6831 1191
11484 2 2 2 77 1178 6827 1177
11485 2 2 2 77 6828 6833 6832
11486 2 2 2 77 6831 6834 1191
11487 2 2 2 77 6826 6832 1184
11488 2 2 2 77 1186 6826 1185
11489 2 2 2 78 1195 6836 1208
11490 2 2 2 78 1199 6837 1198
11491 2 2 2 78 1198 6837 1197
11492 2 2 2 78 1195 6837 6836
11493 2 2 2 78 1205 6838 1204
11494 2 2 2 78 1203 6838 1202
11495 2 2 2 78 1208 6836 1207
11496 2 2 2 78 1206 6836 1205
11497 2 2 2 78 1196 6837 1195
11498 2 2 2 78 1204 6838 1203
11499 2 2 2 78 1202 6835 1201
11500 2 2 2 78 6835 6837 1199
11501 2 2 2 78 1202 6838 6835
11502 2 2 2 78 6837 6838 6836
11503 2 2 2 78 6836 6838 1205
11504 2 2 2 78 1200 6835 1199
11505 2 2 2 78 6835 6838 6837
11506 2 2 2 78 1197 6837 1196
11507 2 2 2 78 1207 6836 1206
11508 2 2 2 78 1201 6835 1200
11509 2 2 2 79 1214 6839 1213
11510 2 2 2 79 1226 6844 1225
11511 2 2 2 79 1217 6845 1216
11512 2 2 2 79 1223 6845 1222
11513 2 2 2 79 1216 6841 1215
11514 2 2 2 79 1224 6847 1223
11515 2 2 2 79 1215 6846 1214
11516 2 2 2 79 1216 6845 6841
11517 2 2 2 79 1222 6845 6840
11518 2 2 2 79 6844 6846 6842
11519 2 2 2 79 6839 6846 6844
11520 2 2 2 79 1211 6843 1210
11521 2 2 2 79 6841 6846 1215
11522 2 2 2 79 6839 6844 6843
11523 2 2 2 79 6840 6845 1217
11524 2 2 2 79 6842 6846 6841
11525 2 2 2 79 6841 6847 6842
11526 2 2 2 79 6839 6848 1213
11527 2 2 2 79 6843 6848 6839
11528 2 2 2 79 1223 6847 6845
11529 2 2 2 79 1222 6840 1221
11530 2 2 2 79 6845 6847 6841
11531 2 2 2 79 1209 6843 1226
11532 2 2 2 79 6843 6844 1226
11533 2 2 2 79 1218 6840 1217
11534 2 2 2 79 1225 6842 1224
11535 2 2 2 79 1214 6846 6839
11536 2 2 2 79 6842 6847 1224
11537 2 2 2 79 1225 6844 6842
11538 2 2 2 79 1213 6848 1212
11539 2 2 2 79 1210 6843 1209
11540 2 2 2 79 1221 6840 1220
11541 2 2 2 79 1219 6840 1218
11542 2 2 2 79 1211 6848 6843
11543 2 2 2 79 1212 6848 1211
11544 2 2 2 79 1220 6840 1219
11545 2 2 2 80 3347 6856 1234
11546 2 2 2 80 6851 6856 3347
11547 2 2 2 80 1244 6857 1243
11548 2 2 2 80 6852 6853 1243
11549 2 2 2 80 1232 6849 1231
11550 2 2 2 80 1241 6855 6850
11551 2 2 2 80 1243 6853 3349
11552 2 2 2 80 1232 6852 6849
11553 2 2 2 80 3349 6854 3348
11554 2 2 2 80 6853 6854 3349
11555 2 2 2 80 6851 6855 1241
11556 2 2 2 80 3346 6852 1232
11557 2 2 2 80 1243 6857 6852
11558 2 2 2 80 1238 6858 1237
11559 2 2 2 80 3348 6856 1242
11560 2 2 2 80 1235 6855 3347
11561 2 2 2 80 1234 6856 6854
11562 2 2 2 80 3347 6855 6851
11563 2 2 2 80 1234 6854 1233
11564 2 2 2 80 1233 6853 3346
11565 2 2 2 80 1233 6854 6853
11566 2 2 2 80 3346 6853 6852
11567 2 2 2 80 6852 6857 6849
11568 2 2 2 80 1228 6857 1227
11569 2 2 2 80 1231 6849 1230
11570 2 2 2 80 1229 6849 1228
11571 2 2 2 80 6854 6856 3348
11572 2 2 2 80 1237 6858 1236
11573 2 2 2 80 1239 6850 1238
11574 2 2 2 80 1227 6857 1244
11575 2 2 2 80 1242 6856 6851
11576 2 2 2 80 6850 6858 1238
11577 2 2 2 80 1235 6858 6855
11578 2 2 2 80 6849 6857 1228
11579 2 2 2 80 1230 6849 1229
11580 2 2 2 80 1242 6851 1241
11581 2 2 2 80 1236 6858 1235
11582 2 2 2 80 1240 6850 1239
11583 2 2 2 80 6855 6858 6850
11584 2 2 2 80 1241 6850 1240
11585 2 2 2 81 1255 6859 1254
11586 2 2 2 81 1256 6859 1255
11587 2 2 2 81 6859 6861 1254
11588 2 2 2 81 1249 6860 1248
11589 2 2 2 81 6861 6863 1247
11590 2 2 2 81 1247 6862 6861
11591 2 2 2 81 1250 6860 1249
11592 2 2 2 81 1253 6861 6860
11593 2 2 2 81 1245 6859 1258
11594 2 2 2 81 1257 6859 1256
11595 2 2 2 81 6859 6863 6861
11596 2 2 2 81 6860 6862 1248
11597 2 2 2 81 6861 6862 6860
11598 2 2 2 81 1247 6863 1246
11599 2 2 2 81 1258 6859 1257
11600 2 2 2 81 1246 6863 1245
11601 2 2 2 81 1245 6863 6859
11602 2 2 2 81 1251 6860 1250
11603 2 2 2 81 1253 6860 1252
11604 2 2 2 81 1252 6860 1251
11605 2 2 2 81 1248 6862 1247
11606 2 2 2 81 1254 6861 1253
11607 2 2 2 82 1275 6870 1274
11608 2 2 2 82 1277 6869 1276
11609 2 2 2 82 1268 6876 1267
11610 2 2 2 82 1266 6875 1265
11611 2 2 2 82 1280 6873 1279
11612 2 2 2 82 1264 6873 6865
11613 2 2 2 82 1278 6868 1277
11614 2 2 2 82 6867 6873 1264
11615 2 2 2 82 1267 6868 1266
11616 2 2 2 82 1260 6865 1259
11617 2 2 2 82 1267 6869 6868
11618 2 2 2 82 1267 6876 6869
11619 2 2 2 82 1259 6865 1280
11620 2 2 2 82 1279 6872 1278
11621 2 2 2 82 6868 6869 1277
11622 2 2 2 82 1278 6872 6868
11623 2 2 2 82 6868 6875 1266
11624 2 2 2 82 1279 6873 6872
11625 2 2 2 82 6869 6871 1276
11626 2 2 2 82 6872 6873 6867
11627 2 2 2 82 6872 6875 6868
11628 2 2 2 82 6865 6873 1280
11629 2 2 2 82 1261 6865 1260
11630 2 2 2 82 1276 6871 1275
11631 2 2 2 82 6869 6876 6871
11632 2 2 2 82 6871 6876 6864
11633 2 2 2 82 1274 6866 1273
11634 2 2 2 82 6867 6875 6872
11635 2 2 2 82 1275 6871 6870
11636 2 2 2 82 1265 6875 6867
11637 2 2 2 82 1262 6865 1261
11638 2 2 2 82 1269 6874 6864
11639 2 2 2 82 1265 6867 1264
11640 2 2 2 82 1269 6864 1268
11641 2 2 2 82 1274 6870 6866
11642 2 2 2 82 6864 6876 1268
11643 2 2 2 82 6870 6871 6864
11644 2 2 2 82 6864 6874 6870
11645 2 2 2 82 1273 6866 1272
11646 2 2 2 82 6866 6874 1270
11647 2 2 2 82 1263 6865 1262
11648 2 2 2 82 6870 6874 6866
11649 2 2 2 82 1271 6866 1270
11650 2 2 2 82 1272 6866 1271
11651 2 2 2 82 1270 6874 1269
11652 2 2 2 82 1264 6865 1263
11653 2 2 2 83 3350 6879 1288
11654 2 2 2 83 1286 6885 1287
11655 2 2 2 83 1294 6879 3352
11656 2 2 2 83 1296 6883 3353
11657 2 2 2 83 3351 6881 1295
11658 2 2 2 83 1288 6879 6878
11659 2 2 2 83 1283 6884 1284
11660 2 2 2 83 1291 6882 1292
11661 2 2 2 83 1287 6880 3350
11662 2 2 2 83 3350 6880 6879
11663 2 2 2 83 3353 6884 1283
11664 2 2 2 83 1284 6877 1285
11665 2 2 2 83 3352 6880 3351
11666 2 2 2 83 6879 6880 3352
11667 2 2 2 83 6880 6881 3351
11668 2 2 2 83 6880 6885 6881
11669 2 2 2 83 1294 6882 6879
11670 2 2 2 83 6881 6883 1295
11671 2 2 2 83 1287 6885 6880
11672 2 2 2 83 6879 6882 6878
11673 2 2 2 83 1292 6882 1293
11674 2 2 2 83 1290 6878 1291
11675 2 2 2 83 6878 6882 1291
11676 2 2 2 83 6877 6885 1286
11677 2 2 2 83 1288 6878 1289
11678 2 2 2 83 6883 6884 3353
11679 2 2 2 83 1284 6884 6877
11680 2 2 2 83 6881 6885 6877
11681 2 2 2 83 1295 6883 1296
11682 2 2 2 83 1285 6877 1286
11683 2 2 2 83 1293 6882 1294
11684 2 2 2 83 1289 6878 1290
11685 2 2 2 83 6877 6883 6881
11686 2 2 2 83 6877 6884 6883
11687 2 2 2 83 1282 3353 1281
11688 2 2 2 83 1281 3353 1283
11689 2 2 2 83 1297 1296 1298
11690 2 2 2 83 1298 1296 3353
11691 2 2 2 84 1309 6886 1300
11692 2 2 2 84 1301 6890 1302
11693 2 2 2 84 3354 6888 1303
11694 2 2 2 84 3354 6890 6887
11695 2 2 2 84 1309 6889 6886
11696 2 2 2 84 6887 6888 3354
11697 2 2 2 84 1302 6890 3354
11698 2 2 2 84 1300 6886 1299
11699 2 2 2 84 1308 6889 1309
11700 2 2 2 84 6887 6889 1306
11701 2 2 2 84 1306 6889 1307
11702 2 2 2 84 6886 6889 6887
11703 2 2 2 84 6887 6890 6886
11704 2 2 2 84 1305 6888 6887
11705 2 2 2 84 1303 6888 1304
11706 2 2 2 84 1307 6889 1308
11707 2 2 2 84 1299 6886 1301
11708 2 2 2 84 1304 6888 1305
11709 2 2 2 84 6886 6890 1301
11710 2 2 2 84 1305 6887 1306
11711 2 2 2 87 1325 6898 1324
11712 2 2 2 87 1311 6896 1310
11713 2 2 2 87 3355 6894 1313
11714 2 2 2 87 1316 6893 1315
11715 2 2 2 87 1323 6893 1322
11716 2 2 2 87 1324 6895 3356
11717 2 2 2 87 3356 6897 1323
11718 2 2 2 87 1314 6895 3355
11719 2 2 2 87 1323 6897 6893
11720 2 2 2 87 6895 6898 6894
11721 2 2 2 87 3355 6895 6894
11722 2 2 2 87 1312 6896 1311
11723 2 2 2 87 6895 6897 3356
11724 2 2 2 87 1315 6897 1314
11725 2 2 2 87 6893 6897 1315
11726 2 2 2 87 1324 6898 6895
11727 2 2 2 87 1314 6897 6895
11728 2 2 2 87 6894 6896 1313
11729 2 2 2 87 6891 6898 1325
11730 2 2 2 87 6892 6893 1316
11731 2 2 2 87 1310 6896 6891
11732 2 2 2 87 1322 6893 6892
11733 2 2 2 87 1310 6891 1327
11734 2 2 2 87 1317 6892 1316
11735 2 2 2 87 1318 6892 1317
11736 2 2 2 87 1326 6891 1325
11737 2 2 2 87 1313 6896 1312
11738 2 2 2 87 6894 6898 6891
11739 2 2 2 87 6891 6896 6894
11740 2 2 2 87 1327 6891 1326
11741 2 2 2 87 1322 6892 1321
11742 2 2 2 87 1321 6892 1320
11743 2 2 2 87 1319 6892 1318
11744 2 2 2 87 1320 6892 1319
11745 2 2 2 88 1337 6900 1338
11746 2 2 2 88 3362 6901 1340
11747 2 2 2 88 1343 6899 1344
11748 2 2 2 88 3357 6903 1332
11749 2 2 2 88 1330 6901 1331
11750 2 2 2 88 1338 6903 3361
11751 2 2 2 88 1340 6901 6899
11752 2 2 2 88 1332 6903 6900
11753 2 2 2 88 1336 6900 1337
11754 2 2 2 88 6900 6903 1338
11755 2 2 2 88 1331 6904 3359
11756 2 2 2 88 3359 6905 3358
11757 2 2 2 88 6905 6906 3358
11758 2 2 2 88 6904 6905 3359
11759 2 2 2 88 3358 6906 3357
11760 2 2 2 88 1332 6900 1333
11761 2 2 2 88 3357 6906 6903
11762 2 2 2 88 1330 6902 6901
11763 2 2 2 88 1339 6904 3362
11764 2 2 2 88 3360 6905 1339
11765 2 2 2 88 3360 6906 6905
11766 2 2 2 88 3361 6906 3360
11767 2 2 2 88 1339 6905 6904
11768 2 2 2 88 6903 6906 3361
11769 2 2 2 88 6901 6902 6899
11770 2 2 2 88 1342 6899 1343
11771 2 2 2 88 6901 6904 1331
11772 2 2 2 88 3362 6904 6901
11773 2 2 2 88 1344 6902 1329
11774 2 2 2 88 6899 6902 1344
11775 2 2 2 88 1333 6900 1334
11776 2 2 2 88 1335 6900 1336
11777 2 2 2 88 1341 6899 1342
11778 2 2 2 88 1328 6902 1330
11779 2 2 2 88 1340 6899 1341
11780 2 2 2 88 1329 6902 1328
11781 2 2 2 88 1334 6900 1335
11782 2 2 2 89 1345 1346 1347
11783 2 2 2 90 1351 6910 1350
11784 2 2 2 90 1350 6908 1349
11785 2 2 2 90 1360 6911 1359
11786 2 2 2 90 1350 6910 6908
11787 2 2 2 90 6908 6911 1360
11788 2 2 2 90 6910 6911 6908
11789 2 2 2 90 6907 6911 6910
11790 2 2 2 90 1359 6911 1358
11791 2 2 2 90 1361 6908 1360
11792 2 2 2 90 1349 6908 1348
11793 2 2 2 90 1354 6909 1353
11794 2 2 2 90 6907 6910 6909
11795 2 2 2 90 6907 6912 1356
11796 2 2 2 90 6909 6912 6907
11797 2 2 2 90 1352 6909 1351
11798 2 2 2 90 6909 6910 1351
11799 2 2 2 90 1358 6911 1357
11800 2 2 2 90 1348 6908 1361
11801 2 2 2 90 1357 6911 6907
11802 2 2 2 90 1356 6912 1355
11803 2 2 2 90 1353 6909 1352
11804 2 2 2 90 1355 6912 1354
11805 2 2 2 90 1354 6912 6909
11806 2 2 2 90 1357 6907 1356
11807 2 2 2 91 1370 6914 1369
11808 2 2 2 91 6913 6915 1375
11809 2 2 2 91 1362 6913 1375
11810 2 2 2 91 1371 6914 1370
11811 2 2 2 91 1374 6915 6914
11812 2 2 2 91 6914 6915 1369
11813 2 2 2 91 1366 6916 1365
11814 2 2 2 91 6915 6916 1368
11815 2 2 2 91 6913 6916 6915
11816 2 2 2 91 1365 6913 1364
11817 2 2 2 91 1363 6913 1362
11818 2 2 2 91 1368 6916 1367
11819 2 2 2 91 1372 6914 1371
11820 2 2 2 91 1367 6916 1366
11821 2 2 2 91 1365 6916 6913
11822 2 2 2 91 1364 6913 1363
11823 2 2 2 91 1374 6914 1373
11824 2 2 2 91 1373 6914 1372
11825 2 2 2 91 1369 6915 1368
11826 2 2 2 91 1375 6915 1374
11827 2 2 2 92 1377 6917 1376
11828 2 2 2 92 1381 6918 1380
11829 2 2 2 92 1387 6919 1386
11830 2 2 2 92 1380 6919 3364
11831 2 2 2 92 1390 6920 1389
11832 2 2 2 92 3363 6925 1377
11833 2 2 2 92 1377 6925 6917
11834 2 2 2 92 1382 6918 1381
11835 2 2 2 92 1389 6921 1388
11836 2 2 2 92 1378 6921 3363
11837 2 2 2 92 6918 6919 1380
11838 2 2 2 92 6920 6925 6921
11839 2 2 2 92 1378 6922 6921
11840 2 2 2 92 6921 6922 1388
11841 2 2 2 92 1379 6922 1378
11842 2 2 2 92 1388 6922 3365
11843 2 2 2 92 6921 6925 3363
11844 2 2 2 92 3365 6923 1387
11845 2 2 2 92 6920 6921 1389
11846 2 2 2 92 1386 6919 6918
11847 2 2 2 92 1387 6923 6919
11848 2 2 2 92 3364 6923 1379
11849 2 2 2 92 6922 6923 3365
11850 2 2 2 92 1379 6923 6922
11851 2 2 2 92 1392 6924 1391
11852 2 2 2 92 6919 6923 3364
11853 2 2 2 92 1386 6918 1385
11854 2 2 2 92 6917 6925 6924
11855 2 2 2 92 1393 6917 1392
11856 2 2 2 92 1376 6917 1394
11857 2 2 2 92 1390 6924 6920
11858 2 2 2 92 6924 6925 6920
11859 2 2 2 92 1391 6924 1390
11860 2 2 2 92 6917 6924 1392
11861 2 2 2 92 1394 6917 1393
11862 2 2 2 92 1385 6918 1384
11863 2 2 2 92 1383 6918 1382
11864 2 2 2 92 1384 6918 1383
11865 2 2 2 93 1397 6931 1396
11866 2 2 2 93 1406 6932 1405
11867 2 2 2 93 1398 6926 1397
11868 2 2 2 93 1400 6927 1399
11869 2 2 2 93 1401 6930 1400
11870 2 2 2 93 1402 6930 1401
11871 2 2 2 93 6928 6933 6926
11872 2 2 2 93 6926 6934 6928
11873 2 2 2 93 6926 6931 1397
11874 2 2 2 93 1400 6930 6927
11875 2 2 2 93 6926 6933 6929
11876 2 2 2 93 1410 6929 1409
11877 2 2 2 93 6928 6934 6927
11878 2 2 2 93 6927 6932 6928
11879 2 2 2 93 6929 6931 6926
11880 2 2 2 93 1399 6934 1398
11881 2 2 2 93 1396 6931 1395
11882 2 2 2 93 6930 6932 6927
11883 2 2 2 93 1398 6934 6926
11884 2 2 2 93 1407 6928 1406
11885 2 2 2 93 1405 6932 6930
11886 2 2 2 93 1403 6930 1402
11887 2 2 2 93 1409 6929 1408
11888 2 2 2 93 1407 6933 6928
11889 2 2 2 93 1405 6930 1404
11890 2 2 2 93 1410 6931 6929
11891 2 2 2 93 6927 6934 1399
11892 2 2 2 93 1395 6931 1410
11893 2 2 2 93 6928 6932 1406
11894 2 2 2 93 6929 6933 1408
11895 2 2 2 93 1404 6930 1403
11896 2 2 2 93 1408 6933 1407
11897 2 2 2 94 1428 6939 1427
11898 2 2 2 94 1412 6939 1411
11899 2 2 2 94 1417 6942 1416
11900 2 2 2 94 6938 6940 1427
11901 2 2 2 94 6937 6942 1417
11902 2 2 2 94 1427 6939 6938
11903 2 2 2 94 3366 6938 1415
11904 2 2 2 94 1426 6942 1425
11905 2 2 2 94 1424 6943 6936
11906 2 2 2 94 1427 6940 3368
11907 2 2 2 94 1418 6943 1417
11908 2 2 2 94 1420 6936 1419
11909 2 2 2 94 6940 6941 3368
11910 2 2 2 94 1419 6936 1418
11911 2 2 2 94 3368 6941 1426
11912 2 2 2 94 1416 6942 6941
11913 2 2 2 94 3367 6940 3366
11914 2 2 2 94 6937 6943 1424
11915 2 2 2 94 1415 6938 6935
11916 2 2 2 94 3367 6941 6940
11917 2 2 2 94 1416 6941 3367
11918 2 2 2 94 3366 6940 6938
11919 2 2 2 94 6935 6939 1412
11920 2 2 2 94 1421 6936 1420
11921 2 2 2 94 1411 6939 1429
11922 2 2 2 94 1413 6935 1412
11923 2 2 2 94 6938 6939 6935
11924 2 2 2 94 1417 6943 6937
11925 2 2 2 94 1415 6935 1414
11926 2 2 2 94 6936 6943 1418
11927 2 2 2 94 6941 6942 1426
11928 2 2 2 94 1425 6942 6937
11929 2 2 2 94 1422 6936 1421
11930 2 2 2 94 1429 6939 1428
11931 2 2 2 94 1414 6935 1413
11932 2 2 2 94 1425 6937 1424
11933 2 2 2 94 1423 6936 1422
11934 2 2 2 94 1424 6936 1423
11935 2 2 2 95 6944 6949 1436
11936 2 2 2 95 1436 6947 6944
11937 2 2 2 95 1432 6949 1431
11938 2 2 2 95 1447 6948 1446
11939 2 2 2 95 1445 6945 1444
11940 2 2 2 95 1448 6953 1447
11941 2 2 2 95 1438 6948 1437
11942 2 2 2 95 1446 6946 1445
11943 2 2 2 95 6948 6950 1446
11944 2 2 2 95 1431 6949 6944
11945 2 2 2 95 6947 6951 6944
11946 2 2 2 95 1444 6945 1443
11947 2 2 2 95 1437 6947 1436
11948 2 2 2 95 1446 6950 6946
11949 2 2 2 95 1445 6946 6945
11950 2 2 2 95 1437 6948 6947
11951 2 2 2 95 1447 6953 6948
11952 2 2 2 95 6948 6953 6947
11953 2 2 2 95 1438 6950 6948
11954 2 2 2 95 1433 6949 1432
11955 2 2 2 95 6944 6951 1449
11956 2 2 2 95 1435 6949 1434
11957 2 2 2 95 1449 6951 1448
11958 2 2 2 95 1439 6952 6950
11959 2 2 2 95 6946 6952 6945
11960 2 2 2 95 1443 6945 1442
11961 2 2 2 95 6951 6953 1448
11962 2 2 2 95 1439 6950 1438
11963 2 2 2 95 6945 6952 1440
11964 2 2 2 95 1434 6949 1433
11965 2 2 2 95 1441 6945 1440
11966 2 2 2 95 6950 6952 6946
11967 2 2 2 95 6947 6953 6951
11968 2 2 2 95 1442 6945 1441
11969 2 2 2 95 1440 6952 1439
11970 2 2 2 95 1431 6944 1430
11971 2 2 2 95 1430 6944 1449
11972 2 2 2 95 1436 6949 1435
11973 2 2 2 96 3369 6956 1454
11974 2 2 2 96 3372 6957 1462
11975 2 2 2 96 6957 6962 1462
11976 2 2 2 96 6956 6958 1454
11977 2 2 2 96 1464 6956 1463
11978 2 2 2 96 1456 6957 1455
11979 2 2 2 96 6955 6957 1456
11980 2 2 2 96 1457 6955 1456
11981 2 2 2 96 3370 6959 3369
11982 2 2 2 96 3369 6959 6956
11983 2 2 2 96 3370 6960 6959
11984 2 2 2 96 3371 6960 3370
11985 2 2 2 96 3373 6961 3372
11986 2 2 2 96 3372 6961 6957
11987 2 2 2 96 6954 6956 1464
11988 2 2 2 96 6955 6962 6957
11989 2 2 2 96 1455 6961 3371
11990 2 2 2 96 1463 6959 3374
11991 2 2 2 96 6959 6960 3374
11992 2 2 2 96 3374 6960 3373
11993 2 2 2 96 6956 6959 1463
11994 2 2 2 96 6957 6961 1455
11995 2 2 2 96 1452 6958 1451
11996 2 2 2 96 3371 6961 6960
11997 2 2 2 96 6954 6958 6956
11998 2 2 2 96 6960 6961 3373
11999 2 2 2 96 1451 6954 1450
12000 2 2 2 96 1460 6955 1459
12001 2 2 2 96 1458 6955 1457
12002 2 2 2 96 1465 6954 1464
12003 2 2 2 96 1454 6958 1453
12004 2 2 2 96 1453 6958 1452
12005 2 2 2 96 1451 6958 6954
12006 2 2 2 96 1450 6954 1465
12007 2 2 2 96 1459 6955 1458
12008 2 2 2 96 1462 6962 1461
12009 2 2 2 96 1460 6962 6955
12010 2 2 2 96 1461 6962 1460
12011 2 2 2 97 1478 6969 1477
12012 2 2 2 97 1466 6963 1481
12013 2 2 2 97 1470 6963 1469
12014 2 2 2 97 6963 6967 1481
12015 2 2 2 97 1470 6965 6963
12016 2 2 2 97 1471 6965 1470
12017 2 2 2 97 1472 6966 1471
12018 2 2 2 97 6965 6967 6963
12019 2 2 2 97 1479 6968 1478
12020 2 2 2 97 1474 6970 1473
12021 2 2 2 97 1467 6963 1466
12022 2 2 2 97 1469 6963 1468
12023 2 2 2 97 1471 6966 6965
12024 2 2 2 97 1475 6964 1474
12025 2 2 2 97 1472 6970 6966
12026 2 2 2 97 6968 6969 1478
12027 2 2 2 97 1477 6964 1476
12028 2 2 2 97 6967 6968 1479
12029 2 2 2 97 1473 6970 1472
12030 2 2 2 97 6966 6968 6965
12031 2 2 2 97 1477 6969 6964
12032 2 2 2 97 1468 6963 1467
12033 2 2 2 97 6964 6970 1474
12034 2 2 2 97 6965 6968 6967
12035 2 2 2 97 1476 6964 1475
12036 2 2 2 97 6966 6969 6968
12037 2 2 2 97 6966 6970 6969
12038 2 2 2 97 6969 6970 6964
12039 2 2 2 97 1480 6967 1479
12040 2 2 2 97 1481 6967 1480
12041 2 2 2 98 1496 6971 1495
12042 2 2 2 98 1491 6977 1490
12043 2 2 2 98 1487 6981 3376
12044 2 2 2 98 3377 6974 1493
12045 2 2 2 98 3375 6973 1484
12046 2 2 2 98 1495 6980 1494
12047 2 2 2 98 6974 6976 3376
12048 2 2 2 98 1486 6975 1485
12049 2 2 2 98 1486 6976 6975
12050 2 2 2 98 3376 6976 1486
12051 2 2 2 98 1485 6978 3375
12052 2 2 2 98 6973 6978 1494
12053 2 2 2 98 6973 6979 1484
12054 2 2 2 98 6975 6978 1485
12055 2 2 2 98 1494 6978 3379
12056 2 2 2 98 6971 6980 1495
12057 2 2 2 98 3379 6975 3378
12058 2 2 2 98 6975 6976 3378
12059 2 2 2 98 3378 6976 3377
12060 2 2 2 98 1494 6980 6973
12061 2 2 2 98 6973 6980 6971
12062 2 2 2 98 6971 6979 6973
12063 2 2 2 98 3377 6976 6974
12064 2 2 2 98 3376 6981 6974
12065 2 2 2 98 3379 6978 6975
12066 2 2 2 98 3375 6978 6973
12067 2 2 2 98 1490 6977 6972
12068 2 2 2 98 6974 6977 1493
12069 2 2 2 98 1492 6977 1491
12070 2 2 2 98 1497 6971 1496
12071 2 2 2 98 1482 6971 1498
12072 2 2 2 98 1490 6972 1489
12073 2 2 2 98 6977 6981 6972
12074 2 2 2 98 1488 6972 1487
12075 2 2 2 98 6972 6981 1487
12076 2 2 2 98 6974 6981 6977
12077 2 2 2 98 1484 6979 1483
12078 2 2 2 98 1498 6971 1497
12079 2 2 2 98 1493 6977 1492
12080 2 2 2 98 1489 6972 1488
12081 2 2 2 98 1482 6979 6971
12082 2 2 2 98 1483 6979 1482
12083 2 2 2 99 1505 6983 1504
12084 2 2 2 99 1501 6989 1500
12085 2 2 2 99 1504 6983 1503
12086 2 2 2 99 1506 6985 1505
12087 2 2 2 99 1511 6987 1510
12088 2 2 2 99 1510 6988 1509
12089 2 2 2 99 6982 6989 1501
12090 2 2 2 99 1505 6985 6983
12091 2 2 2 99 6984 6987 1511
12092 2 2 2 99 6982 6987 6984
12093 2 2 2 99 6984 6989 6982
12094 2 2 2 99 1514 6984 1513
12095 2 2 2 99 1512 6984 1511
12096 2 2 2 99 1509 6988 6985
12097 2 2 2 99 6986 6988 6987
12098 2 2 2 99 1507 6985 1506
12099 2 2 2 99 6987 6988 1510
12100 2 2 2 99 1500 6989 1499
12101 2 2 2 99 1509 6985 1508
12102 2 2 2 99 6983 6988 6986
12103 2 2 2 99 6985 6988 6983
12104 2 2 2 99 1503 6986 1502
12105 2 2 2 99 6986 6987 6982
12106 2 2 2 99 1513 6984 1512
12107 2 2 2 99 1502 6986 6982
12108 2 2 2 99 6983 6986 1503
12109 2 2 2 99 1514 6989 6984
12110 2 2 2 99 1508 6985 1507
12111 2 2 2 99 1499 6989 1514
12112 2 2 2 99 1502 6982 1501
12113 2 2 2 100 1526 6992 1525
12114 2 2 2 100 1530 6990 1529
12115 2 2 2 100 1519 6998 1518
12116 2 2 2 100 1518 6993 1517
12117 2 2 2 100 1528 6994 1527
12118 2 2 2 100 1529 6996 1528
12119 2 2 2 100 1526 6999 6992
12120 2 2 2 100 6997 6999 1526
12121 2 2 2 100 6990 6996 1529
12122 2 2 2 100 6993 6995 1517
12123 2 2 2 100 6993 6996 6990
12124 2 2 2 100 1515 6990 1532
12125 2 2 2 100 1531 6990 1530
12126 2 2 2 100 6990 6995 6993
12127 2 2 2 100 6994 6996 6993
12128 2 2 2 100 6993 6998 6994
12129 2 2 2 100 1528 6996 6994
12130 2 2 2 100 6994 6997 1527
12131 2 2 2 100 1518 6998 6993
12132 2 2 2 100 1527 6997 1526
12133 2 2 2 100 1517 6995 1516
12134 2 2 2 100 1532 6990 1531
12135 2 2 2 100 6994 6998 6991
12136 2 2 2 100 6991 6998 1519
12137 2 2 2 100 6991 6997 6994
12138 2 2 2 100 1515 6995 6990
12139 2 2 2 100 6991 6999 6997
12140 2 2 2 100 1520 6991 1519
12141 2 2 2 100 1516 6995 1515
12142 2 2 2 100 1520 6999 6991
12143 2 2 2 100 1523 6992 1522
12144 2 2 2 100 1524 6992 1523
12145 2 2 2 100 1522 6992 1521
12146 2 2 2 100 6992 6999 1521
12147 2 2 2 100 1525 6992 1524
12148 2 2 2 100 1521 6999 1520
12149 2 2 2 101 1535 7001 1534
12150 2 2 2 101 1541 7000 1540
12151 2 2 2 101 7001 7002 1534
12152 2 2 2 101 7000 7003 1540
12153 2 2 2 101 1536 7001 1535
12154 2 2 2 101 1542 7000 1541
12155 2 2 2 101 1538 7001 1537
12156 2 2 2 101 1544 7000 1543
12157 2 2 2 101 7000 7002 7001
12158 2 2 2 101 7001 7003 7000
12159 2 2 2 101 1534 7002 1533
12160 2 2 2 101 1540 7003 1539
12161 2 2 2 101 1537 7001 1536
12162 2 2 2 101 1543 7000 1542
12163 2 2 2 101 1538 7003 7001
12164 2 2 2 101 1544 7002 7000
12165 2 2 2 101 1533 7002 1544
12166 2 2 2 101 1539 7003 1538
12167 2 2 2 102 1553 7007 1552
12168 2 2 2 102 7006 7010 1563
12169 2 2 2 102 1563 7011 7006
12170 2 2 2 102 1564 7012 1563
12171 2 2 2 102 1554 7009 1553
12172 2 2 2 102 1561 7007 1560
12173 2 2 2 102 1552 7006 1551
12174 2 2 2 102 1563 7012 7011
12175 2 2 2 102 1552 7007 7006
12176 2 2 2 102 1560 7009 1559
12177 2 2 2 102 1553 7009 7007
12178 2 2 2 102 1545 7004 1564
12179 2 2 2 102 1546 7004 1545
12180 2 2 2 102 7007 7010 7006
12181 2 2 2 102 7004 7012 1564
12182 2 2 2 102 7006 7011 1551
12183 2 2 2 102 1561 7010 7007
12184 2 2 2 102 7005 7009 1554
12185 2 2 2 102 1559 7009 7005
12186 2 2 2 102 7007 7009 1560
12187 2 2 2 102 7011 7012 7008
12188 2 2 2 102 1562 7010 1561
12189 2 2 2 102 1549 7008 7004
12190 2 2 2 102 7008 7012 7004
12191 2 2 2 102 1551 7011 1550
12192 2 2 2 102 1559 7005 1558
12193 2 2 2 102 1550 7011 7008
12194 2 2 2 102 1555 7005 1554
12195 2 2 2 102 1547 7004 1546
12196 2 2 2 102 1549 7004 1548
12197 2 2 2 102 1556 7005 1555
12198 2 2 2 102 1558 7005 1557
12199 2 2 2 102 1548 7004 1547
12200 2 2 2 102 1557 7005 1556
12201 2 2 2 102 1550 7008 1549
12202 2 2 2 102 1563 7010 1562
12203 2 2 2 103 1567 7013 1566
12204 2 2 2 103 1571 7013 1570
12205 2 2 2 103 7013 7015 1566
12206 2 2 2 103 1573 7016 1572
12207 2 2 2 103 1572 7017 1571
12208 2 2 2 103 1571 7017 7013
12209 2 2 2 103 1574 7014 1573
12210 2 2 2 103 7014 7016 1573
12211 2 2 2 103 7013 7017 7015
12212 2 2 2 103 1575 7014 1574
12213 2 2 2 103 7017 7019 7015
12214 2 2 2 103 7016 7019 7017
12215 2 2 2 103 1568 7013 1567
12216 2 2 2 103 1570 7013 1569
12217 2 2 2 103 7015 7019 1580
12218 2 2 2 103 7016 7017 1572
12219 2 2 2 103 7014 7018 7016
12220 2 2 2 103 1569 7013 1568
12221 2 2 2 103 1580 7019 1579
12222 2 2 2 103 1578 7018 7014
12223 2 2 2 103 1576 7014 1575
12224 2 2 2 103 1578 7014 1577
12225 2 2 2 103 1579 7019 7018
12226 2 2 2 103 1577 7014 1576
12227 2 2 2 103 7018 7019 7016
12228 2 2 2 103 1579 7018 1578
12229 2 2 2 103 1566 7015 1565
12230 2 2 2 103 1565 7015 1580
12231 2 2 2 104 1593 7020 1592
12232 2 2 2 104 1581 7023 1594
12233 2 2 2 104 1582 7021 1581
12234 2 2 2 104 7022 7023 1586
12235 2 2 2 104 1592 7020 1591
12236 2 2 2 104 1594 7023 3380
12237 2 2 2 104 3380 7022 1593
12238 2 2 2 104 1586 7021 1585
12239 2 2 2 104 7020 7022 1587
12240 2 2 2 104 1593 7022 7020
12241 2 2 2 104 1588 7020 1587
12242 2 2 2 104 7021 7023 1581
12243 2 2 2 104 1586 7023 7021
12244 2 2 2 104 1585 7021 1584
12245 2 2 2 104 1583 7021 1582
12246 2 2 2 104 1591 7020 1590
12247 2 2 2 104 1589 7020 1588
12248 2 2 2 104 3380 7023 7022
12249 2 2 2 104 1584 7021 1583
12250 2 2 2 104 1590 7020 1589
12251 2 2 2 104 1587 7022 1586
12252 2 2 2 105 1603 7027 3383
12253 2 2 2 105 1595 7032 3386
12254 2 2 2 105 7024 7027 1603
12255 2 2 2 105 3381 7026 1601
12256 2 2 2 105 3384 7027 1609
12257 2 2 2 105 1601 7025 1600
12258 2 2 2 105 1601 7026 7025
12259 2 2 2 105 7028 7029 1610
12260 2 2 2 105 1610 7029 3385
12261 2 2 2 105 3386 7028 1610
12262 2 2 2 105 7026 7028 3386
12263 2 2 2 105 3383 7030 1602
12264 2 2 2 105 3386 7032 7026
12265 2 2 2 105 7027 7030 3383
12266 2 2 2 105 3382 7028 3381
12267 2 2 2 105 3381 7028 7026
12268 2 2 2 105 3385 7030 3384
12269 2 2 2 105 3382 7029 7028
12270 2 2 2 105 1602 7029 3382
12271 2 2 2 105 7027 7031 1609
12272 2 2 2 105 3384 7030 7027
12273 2 2 2 105 7026 7032 7025
12274 2 2 2 105 1597 7032 1596
12275 2 2 2 105 7024 7031 7027
12276 2 2 2 105 1607 7031 1606
12277 2 2 2 105 7029 7030 3385
12278 2 2 2 105 1602 7030 7029
12279 2 2 2 105 1600 7025 1599
12280 2 2 2 105 1598 7025 1597
12281 2 2 2 105 1606 7024 1605
12282 2 2 2 105 1596 7032 1595
12283 2 2 2 105 1604 7024 1603
12284 2 2 2 105 1609 7031 1608
12285 2 2 2 105 1608 7031 1607
12286 2 2 2 105 7025 7032 1597
12287 2 2 2 105 1599 7025 1598
12288 2 2 2 105 1606 7031 7024
12289 2 2 2 105 1605 7024 1604
12290 2 2 2 106 1619 7036 1620
12291 2 2 2 106 1614 7033 3387
12292 2 2 2 106 3387 7035 1615
12293 2 2 2 106 7033 7034 3387
12294 2 2 2 106 1618 7035 7034
12295 2 2 2 106 7034 7036 1619
12296 2 2 2 106 7033 7036 7034
12297 2 2 2 106 7034 7035 3387
12298 2 2 2 106 1620 7036 1621
12299 2 2 2 106 1622 7036 1612
12300 2 2 2 106 1612 7033 1611
12301 2 2 2 106 1612 7036 7033
12302 2 2 2 106 1617 7035 1618
12303 2 2 2 106 1611 7033 1613
12304 2 2 2 106 1621 7036 1622
12305 2 2 2 106 1616 7035 1617
12306 2 2 2 106 1615 7035 1616
12307 2 2 2 106 1613 7033 1614
12308 2 2 2 106 1618 7034 1619
12309 2 2 2 107 1626 7038 1628
12310 2 2 2 107 1628 7037 1626
12311 2 2 2 107 3391 7037 3390
12312 2 2 2 107 1626 7037 3391
12313 2 2 2 107 1623 7038 1625
12314 2 2 2 107 3392 7038 1623
12315 2 2 2 107 3390 7037 3389
12316 2 2 2 107 1625 7038 1626
12317 2 2 2 107 1627 7037 1628
12318 2 2 2 107 3389 7037 3388
12319 2 2 2 107 3388 7037 1627
12320 2 2 2 107 1628 7038 1629
12321 2 2 2 107 3392 1623 1624
12322 2 2 2 107 1629 7038 3392
12323 2 2 2 109 1630 7039 1645
12324 2 2 2 109 1634 7039 1633
12325 2 2 2 109 1643 7041 1642
12326 2 2 2 109 1642 7040 1641
12327 2 2 2 109 7039 7042 1645
12328 2 2 2 109 1636 7041 1635
12329 2 2 2 109 1642 7041 7040
12330 2 2 2 109 1644 7042 1643
12331 2 2 2 109 1641 7040 1640
12332 2 2 2 109 1635 7043 1634
12333 2 2 2 109 1634 7043 7039
12334 2 2 2 109 7040 7041 1636
12335 2 2 2 109 1637 7040 1636
12336 2 2 2 109 1643 7042 7041
12337 2 2 2 109 1633 7039 1632
12338 2 2 2 109 1631 7039 1630
12339 2 2 2 109 7042 7043 7041
12340 2 2 2 109 7039 7043 7042
12341 2 2 2 109 7041 7043 1635
12342 2 2 2 109 1640 7040 1639
12343 2 2 2 109 1638 7040 1637
12344 2 2 2 109 1632 7039 1631
12345 2 2 2 109 1639 7040 1638
12346 2 2 2 109 1645 7042 1644
12347 2 2 2 110 1656 7047 1655
12348 2 2 2 110 1658 7047 1657
12349 2 2 2 110 1659 7044 1658
12350 2 2 2 110 1649 7044 1648
12351 2 2 2 110 7044 7047 1658
12352 2 2 2 110 1655 7047 7046
12353 2 2 2 110 1655 7046 7045
12354 2 2 2 110 1649 7046 7044
12355 2 2 2 110 1646 7044 1659
12356 2 2 2 110 1648 7044 1647
12357 2 2 2 110 7045 7046 1650
12358 2 2 2 110 1657 7047 1656
12359 2 2 2 110 7046 7047 7044
12360 2 2 2 110 1647 7044 1646
12361 2 2 2 110 1655 7045 1654
12362 2 2 2 110 1651 7045 1650
12363 2 2 2 110 1652 7045 1651
12364 2 2 2 110 1654 7045 1653
12365 2 2 2 110 1653 7045 1652
12366 2 2 2 110 1650 7046 1649
12367 2 2 2 111 1668 7050 1667
12368 2 2 2 111 1673 7049 1672
12369 2 2 2 111 1670 7051 1669
12370 2 2 2 111 1662 7048 1661
12371 2 2 2 111 1668 7051 7050
12372 2 2 2 111 1669 7051 1668
12373 2 2 2 111 1661 7052 1660
12374 2 2 2 111 1672 7049 1671
12375 2 2 2 111 1674 7054 1673
12376 2 2 2 111 1660 7052 1675
12377 2 2 2 111 1663 7053 1662
12378 2 2 2 111 1665 7053 1664
12379 2 2 2 111 1675 7054 1674
12380 2 2 2 111 7051 7053 7050
12381 2 2 2 111 7048 7053 7051
12382 2 2 2 111 1666 7050 1665
12383 2 2 2 111 7049 7051 1670
12384 2 2 2 111 1671 7049 1670
12385 2 2 2 111 1664 7053 1663
12386 2 2 2 111 7048 7052 1661
12387 2 2 2 111 1662 7053 7048
12388 2 2 2 111 1673 7054 7049
12389 2 2 2 111 7051 7052 7048
12390 2 2 2 111 7050 7053 1665
12391 2 2 2 111 7049 7052 7051
12392 2 2 2 111 1667 7050 1666
12393 2 2 2 111 7052 7054 1675
12394 2 2 2 111 7049 7054 7052
12395 2 2 2 112 1686 7057 1685
12396 2 2 2 112 1676 7058 1689
12397 2 2 2 112 7056 7057 1686
12398 2 2 2 112 1679 7058 1678
12399 2 2 2 112 1677 7058 1676
12400 2 2 2 112 1689 7058 7056
12401 2 2 2 112 7056 7058 7057
12402 2 2 2 112 7057 7058 7055
12403 2 2 2 112 1689 7056 1688
12404 2 2 2 112 1687 7056 1686
12405 2 2 2 112 1678 7058 1677
12406 2 2 2 112 1683 7059 1682
12407 2 2 2 112 1681 7059 1680
12408 2 2 2 112 1680 7055 1679
12409 2 2 2 112 1684 7057 1683
12410 2 2 2 112 7055 7059 7057
12411 2 2 2 112 1682 7059 1681
12412 2 2 2 112 7055 7058 1679
12413 2 2 2 112 1688 7056 1687
12414 2 2 2 112 7057 7059 1683
12415 2 2 2 112 1685 7057 1684
12416 2 2 2 112 1680 7059 7055
12417 2 2 2 113 1707 7063 1706
12418 2 2 2 113 1697 7062 1696
12419 2 2 2 113 1707 7066 7063
12420 2 2 2 113 1695 7065 1694
12421 2 2 2 113 1694 7063 1693
12422 2 2 2 113 1704 7062 1703
12423 2 2 2 113 7061 7062 1697
12424 2 2 2 113 1696 7064 1695
12425 2 2 2 113 1690 7066 1709
12426 2 2 2 113 7062 7064 1696
12427 2 2 2 113 7064 7065 1695
12428 2 2 2 113 1705 7064 1704
12429 2 2 2 113 1694 7065 7063
12430 2 2 2 113 1706 7065 1705
12431 2 2 2 113 1693 7063 7060
12432 2 2 2 113 7063 7065 1706
12433 2 2 2 113 1705 7065 7064
12434 2 2 2 113 1704 7064 7062
12435 2 2 2 113 7062 7067 1703
12436 2 2 2 113 1701 7067 1700
12437 2 2 2 113 7061 7067 7062
12438 2 2 2 113 1709 7066 1708
12439 2 2 2 113 7063 7066 7060
12440 2 2 2 113 1691 7060 1690
12441 2 2 2 113 1700 7061 1699
12442 2 2 2 113 7060 7066 1690
12443 2 2 2 113 1693 7060 1692
12444 2 2 2 113 1698 7061 1697
12445 2 2 2 113 1703 7067 1702
12446 2 2 2 113 1702 7067 1701
12447 2 2 2 113 1700 7067 7061
12448 2 2 2 113 1708 7066 1707
12449 2 2 2 113 1692 7060 1691
12450 2 2 2 113 1699 7061 1698
12451 2 2 2 114 1715 7070 1714
12452 2 2 2 114 1710 7068 1723
12453 2 2 2 114 1714 7068 1713
12454 2 2 2 114 1721 7072 1720
12455 2 2 2 114 1720 7069 1719
12456 2 2 2 114 1714 7070 7068
12457 2 2 2 114 7068 7071 1723
12458 2 2 2 114 1719 7069 1718
12459 2 2 2 114 1723 7071 1722
12460 2 2 2 114 1711 7068 1710
12461 2 2 2 114 1713 7068 1712
12462 2 2 2 114 1720 7072 7069
12463 2 2 2 114 7070 7071 7068
12464 2 2 2 114 7069 7070 1715
12465 2 2 2 114 1712 7068 1711
12466 2 2 2 114 1722 7071 1721
12467 2 2 2 114 7070 7072 7071
12468 2 2 2 114 7069 7072 7070
12469 2 2 2 114 1718 7069 1717
12470 2 2 2 114 7071 7072 1721
12471 2 2 2 114 1716 7069 1715
12472 2 2 2 114 1717 7069 1716
12473 2 2 2 115 1737 7076 1736
12474 2 2 2 115 1730 7073 1729
12475 2 2 2 115 7073 7077 1729
12476 2 2 2 115 7076 7077 7073
12477 2 2 2 115 1731 7078 1730
12478 2 2 2 115 1733 7078 1732
12479 2 2 2 115 7074 7077 7076
12480 2 2 2 115 1726 7074 1725
12481 2 2 2 115 1724 7074 1737
12482 2 2 2 115 1736 7075 1735
12483 2 2 2 115 1734 7075 1733
12484 2 2 2 115 1736 7076 7075
12485 2 2 2 115 7073 7078 7076
12486 2 2 2 115 1732 7078 1731
12487 2 2 2 115 7076 7078 7075
12488 2 2 2 115 1728 7077 1727
12489 2 2 2 115 7074 7076 1737
12490 2 2 2 115 1730 7078 7073
12491 2 2 2 115 1725 7074 1724
12492 2 2 2 115 7075 7078 1733
12493 2 2 2 115 1735 7075 1734
12494 2 2 2 115 1726 7077 7074
12495 2 2 2 115 1727 7077 1726
12496 2 2 2 115 1729 7077 1728
12497 2 2 2 116 1738 7079 1753
12498 2 2 2 116 7079 7082 1753
12499 2 2 2 116 1752 7082 1751
12500 2 2 2 116 1747 7080 1746
12501 2 2 2 116 1745 7083 1744
12502 2 2 2 116 7079 7083 7082
12503 2 2 2 116 1748 7080 1747
12504 2 2 2 116 1746 7085 1745
12505 2 2 2 116 1744 7083 7081
12506 2 2 2 116 1741 7084 1740
12507 2 2 2 116 1739 7084 1738
12508 2 2 2 116 7080 7085 1746
12509 2 2 2 116 1742 7081 1741
12510 2 2 2 116 1744 7081 1743
12511 2 2 2 116 7083 7084 7081
12512 2 2 2 116 7079 7084 7083
12513 2 2 2 116 7083 7085 7082
12514 2 2 2 116 1740 7084 1739
12515 2 2 2 116 1738 7084 7079
12516 2 2 2 116 7081 7084 1741
12517 2 2 2 116 1745 7085 7083
12518 2 2 2 116 1751 7082 7080
12519 2 2 2 116 1743 7081 1742
12520 2 2 2 116 1749 7080 1748
12521 2 2 2 116 7082 7085 7080
12522 2 2 2 116 1751 7080 1750
12523 2 2 2 116 1750 7080 1749
12524 2 2 2 116 1753 7082 1752
12525 2 2 2 117 1762 7088 1761
12526 2 2 2 117 1765 7086 1764
12527 2 2 2 117 1766 7086 1765
12528 2 2 2 117 1767 7086 1766
12529 2 2 2 117 1756 7089 1755
12530 2 2 2 117 1758 7089 1757
12531 2 2 2 117 1761 7088 7087
12532 2 2 2 117 1763 7088 1762
12533 2 2 2 117 1755 7086 1754
12534 2 2 2 117 1764 7088 1763
12535 2 2 2 117 1761 7087 1760
12536 2 2 2 117 1759 7087 1758
12537 2 2 2 117 1757 7089 1756
12538 2 2 2 117 1755 7089 7086
12539 2 2 2 117 7087 7089 1758
12540 2 2 2 117 7086 7088 1764
12541 2 2 2 117 1760 7087 1759
12542 2 2 2 117 1754 7086 1767
12543 2 2 2 117 7088 7089 7087
12544 2 2 2 117 7086 7089 7088
12545 2 2 2 118 1773 7097 1772
12546 2 2 2 118 1774 7091 1773
12547 2 2 2 118 1772 7092 1771
12548 2 2 2 118 1780 7098 1779
12549 2 2 2 118 7091 7097 1773
12550 2 2 2 118 1779 7097 1778
12551 2 2 2 118 1775 7091 1774
12552 2 2 2 118 7095 7096 7093
12553 2 2 2 118 7090 7096 7095
12554 2 2 2 118 1772 7097 7092
12555 2 2 2 118 1768 7099 1785
12556 2 2 2 118 1785 7094 1784
12557 2 2 2 118 1783 7094 1782
12558 2 2 2 118 7093 7096 7092
12559 2 2 2 118 7092 7096 1771
12560 2 2 2 118 1778 7097 7091
12561 2 2 2 118 7092 7098 7093
12562 2 2 2 118 7097 7098 7092
12563 2 2 2 118 7094 7095 1782
12564 2 2 2 118 1779 7098 7097
12565 2 2 2 118 1781 7095 7093
12566 2 2 2 118 7093 7098 1780
12567 2 2 2 118 1785 7099 7094
12568 2 2 2 118 7095 7099 7090
12569 2 2 2 118 7094 7099 7095
12570 2 2 2 118 1770 7096 7090
12571 2 2 2 118 1771 7096 1770
12572 2 2 2 118 1781 7093 1780
12573 2 2 2 118 1776 7091 1775
12574 2 2 2 118 1769 7099 1768
12575 2 2 2 118 1784 7094 1783
12576 2 2 2 118 7090 7099 1769
12577 2 2 2 118 1778 7091 1777
12578 2 2 2 118 1777 7091 1776
12579 2 2 2 118 1770 7090 1769
12580 2 2 2 118 1782 7095 1781
12581 2 2 2 119 1800 7105 1799
12582 2 2 2 119 1793 7104 1792
12583 2 2 2 119 1794 7103 1793
12584 2 2 2 119 1792 7104 7102
12585 2 2 2 119 1789 7107 1788
12586 2 2 2 119 1787 7107 1786
12587 2 2 2 119 1790 7102 1789
12588 2 2 2 119 1796 7108 1795
12589 2 2 2 119 1792 7102 1791
12590 2 2 2 119 7100 7107 7104
12591 2 2 2 119 7104 7107 7102
12592 2 2 2 119 1788 7107 1787
12593 2 2 2 119 7103 7106 7104
12594 2 2 2 119 1786 7107 7100
12595 2 2 2 119 7103 7104 1793
12596 2 2 2 119 1797 7101 1796
12597 2 2 2 119 1794 7108 7103
12598 2 2 2 119 1799 7101 1798
12599 2 2 2 119 7104 7106 7100
12600 2 2 2 119 7102 7107 1789
12601 2 2 2 119 1795 7108 1794
12602 2 2 2 119 1801 7106 1800
12603 2 2 2 119 1799 7105 7101
12604 2 2 2 119 7105 7106 7103
12605 2 2 2 119 1791 7102 1790
12606 2 2 2 119 7100 7106 1801
12607 2 2 2 119 1800 7106 7105
12608 2 2 2 119 7101 7108 1796
12609 2 2 2 119 1798 7101 1797
12610 2 2 2 119 7103 7108 7105
12611 2 2 2 119 7105 7108 7101
12612 2 2 2 119 1786 7100 1801
12613 2 2 2 120 1812 7114 1811
12614 2 2 2 120 1806 7112 1805
12615 2 2 2 120 1813 7109 1812
12616 2 2 2 120 7109 7114 1812
12617 2 2 2 120 1802 7113 1815
12618 2 2 2 120 1814 7113 1813
12619 2 2 2 120 7109 7112 7111
12620 2 2 2 120 7111 7114 7109
12621 2 2 2 120 1803 7110 1802
12622 2 2 2 120 1805 7110 1804
12623 2 2 2 120 1809 7111 1808
12624 2 2 2 120 1807 7111 1806
12625 2 2 2 120 7109 7113 7112
12626 2 2 2 120 1815 7113 1814
12627 2 2 2 120 7111 7112 1806
12628 2 2 2 120 1813 7113 7109
12629 2 2 2 120 7112 7113 7110
12630 2 2 2 120 1805 7112 7110
12631 2 2 2 120 7110 7113 1802
12632 2 2 2 120 1811 7114 1810
12633 2 2 2 120 1804 7110 1803
12634 2 2 2 120 1808 7111 1807
12635 2 2 2 120 1809 7114 7111
12636 2 2 2 120 1810 7114 1809
12637 2 2 2 121 1822 7116 1821
12638 2 2 2 121 1816 7115 1831
12639 2 2 2 121 1817 7119 1816
12640 2 2 2 121 1830 7118 1829
12641 2 2 2 121 1821 7117 1820
12642 2 2 2 121 1831 7115 1830
12643 2 2 2 121 1824 7120 1823
12644 2 2 2 121 1829 7118 1828
12645 2 2 2 121 7115 7118 1830
12646 2 2 2 121 1823 7116 1822
12647 2 2 2 121 7117 7118 7115
12648 2 2 2 121 7116 7118 7117
12649 2 2 2 121 7116 7117 1821
12650 2 2 2 121 1816 7119 7115
12651 2 2 2 121 1825 7120 1824
12652 2 2 2 121 1823 7120 7116
12653 2 2 2 121 1818 7119 1817
12654 2 2 2 121 1820 7119 1819
12655 2 2 2 121 7115 7119 7117
12656 2 2 2 121 7117 7119 1820
12657 2 2 2 121 7118 7120 1828
12658 2 2 2 121 7116 7120 7118
12659 2 2 2 121 1819 7119 1818
12660 2 2 2 121 1826 7120 1825
12661 2 2 2 121 1828 7120 1827
12662 2 2 2 121 1827 7120 1826
12663 2 2 2 122 1835 7121 1834
12664 2 2 2 122 1836 7121 1835
12665 2 2 2 122 7123 7127 7121
12666 2 2 2 122 7121 7124 7123
12667 2 2 2 122 7121 7126 1834
12668 2 2 2 122 1839 7128 1838
12669 2 2 2 122 1838 7124 1837
12670 2 2 2 122 7124 7128 7123
12671 2 2 2 122 7121 7127 7125
12672 2 2 2 122 7128 7129 7123
12673 2 2 2 122 1832 7125 1847
12674 2 2 2 122 1840 7122 1839
12675 2 2 2 122 1838 7128 7124
12676 2 2 2 122 7125 7126 7121
12677 2 2 2 122 1834 7126 1833
12678 2 2 2 122 1837 7124 1836
12679 2 2 2 122 1845 7123 1844
12680 2 2 2 122 1843 7129 7122
12681 2 2 2 122 1847 7125 1846
12682 2 2 2 122 1836 7124 7121
12683 2 2 2 122 1845 7127 7123
12684 2 2 2 122 1832 7126 7125
12685 2 2 2 122 1833 7126 1832
12686 2 2 2 122 7122 7129 7128
12687 2 2 2 122 1841 7122 1840
12688 2 2 2 122 7122 7128 1839
12689 2 2 2 122 7125 7127 1846
12690 2 2 2 122 7123 7129 1844
12691 2 2 2 122 1843 7122 1842
12692 2 2 2 122 1842 7122 1841
12693 2 2 2 122 1844 7129 1843
12694 2 2 2 122 1846 7127 1845
12695 2 2 2 123 1859 7131 1849
12696 2 2 2 123 1857 7133 1858
12697 2 2 2 123 1858 7132 1859
12698 2 2 2 123 1859 7132 7131
12699 2 2 2 123 3393 7130 1852
12700 2 2 2 123 1851 7131 3396
12701 2 2 2 123 7132 7133 3395
12702 2 2 2 123 7131 7132 3396
12703 2 2 2 123 3396 7132 3395
12704 2 2 2 123 3395 7133 3394
12705 2 2 2 123 1858 7133 7132
12706 2 2 2 123 1849 7131 1848
12707 2 2 2 123 3394 7135 3393
12708 2 2 2 123 1856 7134 3397
12709 2 2 2 123 1852 7130 1853
12710 2 2 2 123 3397 7135 1857
12711 2 2 2 123 1857 7135 7133
12712 2 2 2 123 1850 7131 1851
12713 2 2 2 123 7133 7135 3394
12714 2 2 2 123 1848 7131 1850
12715 2 2 2 123 3393 7134 7130
12716 2 2 2 123 1853 7130 1854
12717 2 2 2 123 1855 7130 1856
12718 2 2 2 123 7130 7134 1856
12719 2 2 2 123 7134 7135 3397
12720 2 2 2 123 3393 7135 7134
12721 2 2 2 123 1854 7130 1855
12722 2 2 2 124 3399 1863 1862
12723 2 2 2 124 1860 1861 3399
12724 2 2 2 124 3402 1866 1865
12725 2 2 2 124 1868 1867 1866
12726 2 2 2 124 1860 3399 1862
12727 2 2 2 124 1864 1863 3399
12728 2 2 2 124 3401 3398 1864
12729 2 2 2 124 3399 3400 1864
12730 2 2 2 124 1864 3400 3401
12731 2 2 2 124 1865 3398 3402
12732 2 2 2 124 1868 1866 3402
12733 2 2 2 124 3402 3398 3401
12734 2 2 2 125 1872 7137 1871
12735 2 2 2 125 7137 7140 1871
12736 2 2 2 125 1881 7139 1880
12737 2 2 2 125 1879 7139 1878
12738 2 2 2 125 1873 7137 1872
12739 2 2 2 125 7136 7140 7137
12740 2 2 2 125 7138 7140 7136
12741 2 2 2 125 1876 7137 1875
12742 2 2 2 125 1882 7138 1881
12743 2 2 2 125 1878 7136 1877
12744 2 2 2 125 1880 7139 1879
12745 2 2 2 125 7136 7139 7138
12746 2 2 2 125 1878 7139 7136
12747 2 2 2 125 7138 7139 1881
12748 2 2 2 125 1869 7138 1882
12749 2 2 2 125 1877 7136 1876
12750 2 2 2 125 7136 7137 1876
12751 2 2 2 125 1871 7140 1870
12752 2 2 2 125 1874 7137 1873
12753 2 2 2 125 1870 7140 1869
12754 2 2 2 125 1869 7140 7138
12755 2 2 2 125 1875 7137 1874
12756 2 2 2 126 1895 7145 1894
12757 2 2 2 126 1890 7141 1889
12758 2 2 2 126 1883 7143 1896
12759 2 2 2 126 1896 7143 1895
12760 2 2 2 126 1889 7144 1888
12761 2 2 2 126 1884 7142 1883
12762 2 2 2 126 1886 7142 1885
12763 2 2 2 126 1887 7144 1886
12764 2 2 2 126 7141 7144 1889
12765 2 2 2 126 7143 7145 1895
12766 2 2 2 126 1886 7144 7142
12767 2 2 2 126 7142 7143 1883
12768 2 2 2 126 7143 7144 7141
12769 2 2 2 126 1885 7142 1884
12770 2 2 2 126 1888 7144 1887
12771 2 2 2 126 1894 7145 1893
12772 2 2 2 126 7142 7144 7143
12773 2 2 2 126 1891 7141 1890
12774 2 2 2 126 1892 7145 1891
12775 2 2 2 126 7141 7145 7143
12776 2 2 2 126 1893 7145 1892
12777 2 2 2 126 1891 7145 7141
12778 2 2 2 127 1897 7147 1916
12779 2 2 2 127 1904 7149 1903
12780 2 2 2 127 1898 7151 1897
12781 2 2 2 127 1912 7148 1911
12782 2 2 2 127 1914 7150 7146
12783 2 2 2 127 1904 7150 7149
12784 2 2 2 127 1915 7149 1914
12785 2 2 2 127 7149 7155 1903
12786 2 2 2 127 1905 7150 1904
12787 2 2 2 127 7149 7150 1914
12788 2 2 2 127 1903 7155 1902
12789 2 2 2 127 1899 7151 1898
12790 2 2 2 127 7152 7155 7149
12791 2 2 2 127 1912 7154 7148
12792 2 2 2 127 7146 7154 1912
12793 2 2 2 127 1897 7151 7147
12794 2 2 2 127 1915 7152 7149
12795 2 2 2 127 1906 7153 1905
12796 2 2 2 127 1905 7153 7150
12797 2 2 2 127 1902 7155 7151
12798 2 2 2 127 7150 7153 7146
12799 2 2 2 127 1900 7151 1899
12800 2 2 2 127 7147 7155 7152
12801 2 2 2 127 1916 7152 1915
12802 2 2 2 127 7147 7152 1916
12803 2 2 2 127 7151 7155 7147
12804 2 2 2 127 1913 7146 1912
12805 2 2 2 127 1902 7151 1901
12806 2 2 2 127 1906 7154 7153
12807 2 2 2 127 7153 7154 7146
12808 2 2 2 127 1909 7148 1908
12809 2 2 2 127 1901 7151 1900
12810 2 2 2 127 7148 7154 1907
12811 2 2 2 127 1908 7148 1907
12812 2 2 2 127 1910 7148 1909
12813 2 2 2 127 1911 7148 1910
12814 2 2 2 127 1907 7154 1906
12815 2 2 2 127 1914 7146 1913
12816 2 2 2 128 1917 7158 1930
12817 2 2 2 128 7156 7159 1923
12818 2 2 2 128 1924 7156 1923
12819 2 2 2 128 7157 7158 1917
12820 2 2 2 128 7156 7158 7157
12821 2 2 2 128 7157 7159 7156
12822 2 2 2 128 1920 7157 1919
12823 2 2 2 128 1918 7157 1917
12824 2 2 2 128 1926 7160 1925
12825 2 2 2 128 1928 7160 1927
12826 2 2 2 128 1922 7159 1921
12827 2 2 2 128 7156 7160 7158
12828 2 2 2 128 1929 7158 1928
12829 2 2 2 128 1925 7156 1924
12830 2 2 2 128 1927 7160 1926
12831 2 2 2 128 1919 7157 1918
12832 2 2 2 128 1920 7159 7157
12833 2 2 2 128 1921 7159 1920
12834 2 2 2 128 7158 7160 1928
12835 2 2 2 128 1930 7158 1929
12836 2 2 2 128 1925 7160 7156
12837 2 2 2 128 1923 7159 1922
12838 2 2 2 129 1938 7164 3403
12839 2 2 2 129 1946 7164 1945
12840 2 2 2 129 1939 7166 1938
12841 2 2 2 129 1948 7163 1947
12842 2 2 2 129 1945 7166 1944
12843 2 2 2 129 3403 7169 1937
12844 2 2 2 129 1949 7170 1948
12845 2 2 2 129 1938 7166 7164
12846 2 2 2 129 7164 7169 3403
12847 2 2 2 129 7162 7166 1939
12848 2 2 2 129 7163 7170 7168
12849 2 2 2 129 7167 7169 7164
12850 2 2 2 129 1944 7166 7162
12851 2 2 2 129 1932 7171 1931
12852 2 2 2 129 1946 7167 7164
12853 2 2 2 129 7163 7167 1947
12854 2 2 2 129 1948 7170 7163
12855 2 2 2 129 7168 7170 7165
12856 2 2 2 129 7164 7166 1945
12857 2 2 2 129 1933 7161 1932
12858 2 2 2 129 1937 7169 7168
12859 2 2 2 129 1935 7165 7161
12860 2 2 2 129 7163 7169 7167
12861 2 2 2 129 1935 7161 1934
12862 2 2 2 129 1947 7167 1946
12863 2 2 2 129 1937 7168 1936
12864 2 2 2 129 1931 7171 1949
12865 2 2 2 129 1936 7168 7165
12866 2 2 2 129 7168 7169 7163
12867 2 2 2 129 1949 7171 7170
12868 2 2 2 129 1940 7162 1939
12869 2 2 2 129 1944 7162 1943
12870 2 2 2 129 7165 7171 7161
12871 2 2 2 129 7170 7171 7165
12872 2 2 2 129 7161 7171 1932
12873 2 2 2 129 1934 7161 1933
12874 2 2 2 129 1941 7162 1940
12875 2 2 2 129 1943 7162 1942
12876 2 2 2 129 1942 7162 1941
12877 2 2 2 129 1936 7165 1935
12878 2 2 2 130 1962 7176 1963
12879 2 2 2 130 1953 7175 7173
12880 2 2 2 130 3405 7177 7175
12881 2 2 2 130 7175 7176 3405
12882 2 2 2 130 7175 7177 7173
12883 2 2 2 130 1953 7173 1954
12884 2 2 2 130 1959 7177 3405
12885 2 2 2 130 1958 7174 1959
12886 2 2 2 130 1957 7174 1958
12887 2 2 2 130 1956 7174 1957
12888 2 2 2 130 1963 7176 7172
12889 2 2 2 130 7174 7177 1959
12890 2 2 2 130 1955 7174 1956
12891 2 2 2 130 1961 7176 1962
12892 2 2 2 130 1963 7172 1951
12893 2 2 2 130 3404 7174 1955
12894 2 2 2 130 1950 7172 1952
12895 2 2 2 130 7172 7175 1952
12896 2 2 2 130 1954 7173 3404
12897 2 2 2 130 7172 7176 7175
12898 2 2 2 130 7173 7177 7174
12899 2 2 2 130 1960 7176 1961
12900 2 2 2 130 1951 7172 1950
12901 2 2 2 130 7173 7174 3404
12902 2 2 2 130 1952 7175 1953
12903 2 2 2 130 3405 7176 1960
12904 2 2 2 131 1966 1964 3406
12905 2 2 2 131 3406 1964 1965
12906 2 2 2 131 1966 3406 1967
12907 2 2 2 131 3406 1968 1967
12908 2 2 2 132 1970 7179 3407
12909 2 2 2 132 1974 7178 1975
12910 2 2 2 132 3407 7180 1969
12911 2 2 2 132 1975 7178 1976
12912 2 2 2 132 1979 7178 1980
12913 2 2 2 132 7179 7181 3407
12914 2 2 2 132 1974 7179 7178
12915 2 2 2 132 1974 7181 7179
12916 2 2 2 132 3407 7181 7180
12917 2 2 2 132 1980 7179 1970
12918 2 2 2 132 7180 7181 1973
12919 2 2 2 132 1969 7180 1971
12920 2 2 2 132 1972 7180 1973
12921 2 2 2 132 7178 7179 1980
12922 2 2 2 132 1971 7180 1972
12923 2 2 2 132 1976 7178 1977
12924 2 2 2 132 1978 7178 1979
12925 2 2 2 132 1977 7178 1978
12926 2 2 2 132 1973 7181 1974
12927 2 2 2 133 3408 1981 1982
12928 2 2 2 133 3408 1982 1986
12929 2 2 2 133 1983 1981 3408
12930 2 2 2 133 3408 1984 1983
12931 2 2 2 133 3408 1986 1985
12932 2 2 2 134 2005 7187 2004
12933 2 2 2 134 2008 7191 2007
12934 2 2 2 134 1996 7184 1995
12935 2 2 2 134 1998 7185 1997
12936 2 2 2 134 1988 7189 1987
12937 2 2 2 134 1999 7187 1998
12938 2 2 2 134 2004 7187 7182
12939 2 2 2 134 2006 7192 2005
12940 2 2 2 134 1994 7189 1993
12941 2 2 2 134 2004 7182 2003
12942 2 2 2 134 2000 7182 1999
12943 2 2 2 134 2005 7192 7187
12944 2 2 2 134 1987 7188 2008
12945 2 2 2 134 1995 7188 1994
12946 2 2 2 134 7187 7192 7185
12947 2 2 2 134 7188 7191 2008
12948 2 2 2 134 7182 7187 1999
12949 2 2 2 134 7184 7186 7183
12950 2 2 2 134 7184 7188 1995
12951 2 2 2 134 7184 7191 7188
12952 2 2 2 134 1996 7186 7184
12953 2 2 2 134 7183 7186 7185
12954 2 2 2 134 1998 7187 7185
12955 2 2 2 134 7185 7186 1997
12956 2 2 2 134 7183 7191 7184
12957 2 2 2 134 1987 7189 7188
12958 2 2 2 134 7188 7189 1994
12959 2 2 2 134 7185 7192 7183
12960 2 2 2 134 7189 7190 1993
12961 2 2 2 134 2003 7182 2002
12962 2 2 2 134 2001 7182 2000
12963 2 2 2 134 1988 7190 7189
12964 2 2 2 134 2007 7191 7183
12965 2 2 2 134 7183 7192 2006
12966 2 2 2 134 2007 7183 2006
12967 2 2 2 134 1997 7186 1996
12968 2 2 2 134 2002 7182 2001
12969 2 2 2 134 1993 7190 1992
12970 2 2 2 134 1989 7190 1988
12971 2 2 2 134 1992 7190 1991
12972 2 2 2 134 1990 7190 1989
12973 2 2 2 134 1991 7190 1990
12974 2 2 2 135 2009 7194 2024
12975 2 2 2 135 2024 7196 2023
12976 2 2 2 135 2017 7193 2016
12977 2 2 2 135 2015 7199 2014
12978 2 2 2 135 2016 7195 2015
12979 2 2 2 135 2023 7197 2022
12980 2 2 2 135 7193 7195 2016
12981 2 2 2 135 7194 7196 2024
12982 2 2 2 135 2014 7199 7198
12983 2 2 2 135 7197 7200 2022
12984 2 2 2 135 7195 7197 7196
12985 2 2 2 135 7196 7199 7195
12986 2 2 2 135 7195 7200 7197
12987 2 2 2 135 7193 7200 7195
12988 2 2 2 135 7196 7197 2023
12989 2 2 2 135 2010 7194 2009
12990 2 2 2 135 2012 7194 2011
12991 2 2 2 135 2018 7193 2017
12992 2 2 2 135 2020 7193 2019
12993 2 2 2 135 7198 7199 7196
12994 2 2 2 135 7194 7198 7196
12995 2 2 2 135 7195 7199 2015
12996 2 2 2 135 2014 7198 2013
12997 2 2 2 135 2011 7194 2010
12998 2 2 2 135 2022 7200 2021
12999 2 2 2 135 2019 7193 2018
13000 2 2 2 135 2012 7198 7194
13001 2 2 2 135 2013 7198 2012
13002 2 2 2 135 2020 7200 7193
13003 2 2 2 135 2021 7200 2020
13004 2 2 2 136 2037 7201 2036
13005 2 2 2 136 2034 7205 2033
13006 2 2 2 136 2035 7205 2034
13007 2 2 2 136 2028 7208 2027
13008 2 2 2 136 2029 7203 2028
13009 2 2 2 136 2033 7202 2032
13010 2 2 2 136 2040 7207 2039
13011 2 2 2 136 2038 7207 2037
13012 2 2 2 136 2033 7205 7202
13013 2 2 2 136 2027 7208 7204
13014 2 2 2 136 2025 7204 2040
13015 2 2 2 136 7202 7203 2029
13016 2 2 2 136 2027 7204 2026
13017 2 2 2 136 2039 7207 2038
13018 2 2 2 136 2036 7206 2035
13019 2 2 2 136 7201 7206 2036
13020 2 2 2 136 7203 7208 2028
13021 2 2 2 136 7204 7208 7207
13022 2 2 2 136 7207 7208 7201
13023 2 2 2 136 2037 7207 7201
13024 2 2 2 136 7204 7207 2040
13025 2 2 2 136 7201 7208 7206
13026 2 2 2 136 2032 7202 2031
13027 2 2 2 136 7202 7205 7203
13028 2 2 2 136 2026 7204 2025
13029 2 2 2 136 7206 7208 7203
13030 2 2 2 136 2030 7202 2029
13031 2 2 2 136 2035 7206 7205
13032 2 2 2 136 2031 7202 2030
13033 2 2 2 136 7205 7206 7203
13034 2 2 2 137 2041 7212 2054
13035 2 2 2 137 2050 7211 2049
13036 2 2 2 137 7209 7212 2041
13037 2 2 2 137 2049 7211 7210
13038 2 2 2 137 2044 7213 2043
13039 2 2 2 137 2046 7213 2045
13040 2 2 2 137 2042 7209 2041
13041 2 2 2 137 2052 7211 2051
13042 2 2 2 137 2047 7210 2046
13043 2 2 2 137 2049 7210 2048
13044 2 2 2 137 7209 7213 7211
13045 2 2 2 137 7211 7213 7210
13046 2 2 2 137 2045 7213 2044
13047 2 2 2 137 7211 7212 7209
13048 2 2 2 137 2054 7212 2053
13049 2 2 2 137 2043 7209 2042
13050 2 2 2 137 7210 7213 2046
13051 2 2 2 137 2043 7213 7209
13052 2 2 2 137 2051 7211 2050
13053 2 2 2 137 2048 7210 2047
13054 2 2 2 137 2052 7212 7211
13055 2 2 2 137 2053 7212 2052
13056 2 2 2 138 2055 7217 2068
13057 2 2 2 138 2062 7216 2061
13058 2 2 2 138 2058 7215 2057
13059 2 2 2 138 2065 7214 2064
13060 2 2 2 138 7214 7216 2062
13061 2 2 2 138 7215 7217 2055
13062 2 2 2 138 7216 7217 7215
13063 2 2 2 138 7214 7217 7216
13064 2 2 2 138 2068 7217 2067
13065 2 2 2 138 2066 7217 2065
13066 2 2 2 138 2059 7216 2058
13067 2 2 2 138 2061 7216 2060
13068 2 2 2 138 2058 7216 7215
13069 2 2 2 138 2063 7214 2062
13070 2 2 2 138 2065 7217 7214
13071 2 2 2 138 2056 7215 2055
13072 2 2 2 138 2067 7217 2066
13073 2 2 2 138 2060 7216 2059
13074 2 2 2 138 2057 7215 2056
13075 2 2 2 138 2064 7214 2063
13076 2 2 2 139 2071 7219 2070
13077 2 2 2 139 2082 7220 2081
13078 2 2 2 139 2081 7218 2080
13079 2 2 2 139 7219 7220 2070
13080 2 2 2 139 2080 7218 2079
13081 2 2 2 139 2078 7218 2077
13082 2 2 2 139 2072 7219 2071
13083 2 2 2 139 2074 7219 2073
13084 2 2 2 139 2077 7221 2076
13085 2 2 2 139 2075 7221 2074
13086 2 2 2 139 2070 7220 2069
13087 2 2 2 139 7219 7221 7220
13088 2 2 2 139 7218 7221 2077
13089 2 2 2 139 7220 7221 7218
13090 2 2 2 139 2074 7221 7219
13091 2 2 2 139 2081 7220 7218
13092 2 2 2 139 2069 7220 2082
13093 2 2 2 139 2076 7221 2075
13094 2 2 2 139 2073 7219 2072
13095 2 2 2 139 2079 7218 2078
13096 2 2 2 140 2098 7222 2097
13097 2 2 2 140 2089 7225 2088
13098 2 2 2 140 2090 7223 2089
13099 2 2 2 140 2095 7224 2094
13100 2 2 2 140 7225 7226 2088
13101 2 2 2 140 2085 7228 2084
13102 2 2 2 140 2091 7223 2090
13103 2 2 2 140 2083 7228 2098
13104 2 2 2 140 7222 7226 7225
13105 2 2 2 140 7223 7225 2089
13106 2 2 2 140 2095 7227 7223
13107 2 2 2 140 7222 7228 7226
13108 2 2 2 140 2086 7226 2085
13109 2 2 2 140 2088 7226 2087
13110 2 2 2 140 2096 7227 2095
13111 2 2 2 140 7225 7227 7222
13112 2 2 2 140 7223 7227 7225
13113 2 2 2 140 2084 7228 2083
13114 2 2 2 140 7223 7224 2095
13115 2 2 2 140 7226 7228 2085
13116 2 2 2 140 2098 7228 7222
13117 2 2 2 140 7222 7227 2097
13118 2 2 2 140 2087 7226 2086
13119 2 2 2 140 2097 7227 2096
13120 2 2 2 140 2091 7224 7223
13121 2 2 2 140 2094 7224 2093
13122 2 2 2 140 2092 7224 2091
13123 2 2 2 140 2093 7224 2092
13124 2 2 2 141 2112 7230 2111
13125 2 2 2 141 2111 7231 2110
13126 2 2 2 141 2105 7229 2104
13127 2 2 2 141 7229 7233 2104
13128 2 2 2 141 7230 7231 2111
13129 2 2 2 141 7229 7231 7230
13130 2 2 2 141 7230 7233 7229
13131 2 2 2 141 2101 7230 2100
13132 2 2 2 141 2099 7230 2112
13133 2 2 2 141 2108 7232 2107
13134 2 2 2 141 2109 7234 2108
13135 2 2 2 141 2103 7233 2102
13136 2 2 2 141 2110 7234 2109
13137 2 2 2 141 2100 7230 2099
13138 2 2 2 141 7229 7234 7231
13139 2 2 2 141 2101 7233 7230
13140 2 2 2 141 2106 7232 2105
13141 2 2 2 141 2108 7234 7232
13142 2 2 2 141 2102 7233 2101
13143 2 2 2 141 2105 7232 7229
13144 2 2 2 141 2107 7232 2106
13145 2 2 2 141 7232 7234 7229
13146 2 2 2 141 7231 7234 2110
13147 2 2 2 141 2104 7233 2103
13148 2 2 2 142 3409 7236 2122
13149 2 2 2 142 2117 7235 2118
13150 2 2 2 142 2114 7236 2113
13151 2 2 2 142 2116 7235 2117
13152 2 2 2 142 2118 7235 2119
13153 2 2 2 142 2121 7237 3409
13154 2 2 2 142 2113 7236 7235
13155 2 2 2 142 2115 7235 2116
13156 2 2 2 142 3409 7237 7236
13157 2 2 2 142 2113 7235 2115
13158 2 2 2 142 7236 7237 7235
13159 2 2 2 142 2124 7236 2114
13160 2 2 2 142 7235 7238 2119
13161 2 2 2 142 2120 7237 2121
13162 2 2 2 142 7237 7238 7235
13163 2 2 2 142 2123 7236 2124
13164 2 2 2 142 2120 7238 7237
13165 2 2 2 142 2119 7238 2120
13166 2 2 2 142 2122 7236 2123
13167 2 2 2 143 3411 7239 2126
13168 2 2 2 143 2126 7239 3410
13169 2 2 2 143 3412 7239 3411
13170 2 2 2 143 2128 7239 3413
13171 2 2 2 143 3410 7239 2128
13172 2 2 2 143 3413 7239 3412
13173 2 2 2 143 2127 2125 3410
13174 2 2 2 143 2127 3410 2128
13175 2 2 2 146 2131 7247 2130
13176 2 2 2 146 2145 7250 2144
13177 2 2 2 146 2138 7242 3414
13178 2 2 2 146 2148 7243 3415
13179 2 2 2 146 2144 7241 2143
13180 2 2 2 146 2135 7249 2134
13181 2 2 2 146 7244 7245 2147
13182 2 2 2 146 2136 7245 7244
13183 2 2 2 146 3415 7244 2147
13184 2 2 2 146 2137 7245 2136
13185 2 2 2 146 2136 7244 2135
13186 2 2 2 146 2144 7250 7241
13187 2 2 2 146 2147 7245 2146
13188 2 2 2 146 3414 7246 2137
13189 2 2 2 146 2146 7246 2145
13190 2 2 2 146 2137 7246 7245
13191 2 2 2 146 7245 7246 2146
13192 2 2 2 146 7246 7250 2145
13193 2 2 2 146 7242 7250 7246
13194 2 2 2 146 7243 7244 3415
13195 2 2 2 146 7242 7246 3414
13196 2 2 2 146 7244 7249 2135
13197 2 2 2 146 7243 7249 7244
13198 2 2 2 146 7240 7247 2131
13199 2 2 2 146 2134 7249 7240
13200 2 2 2 146 2140 7248 2139
13201 2 2 2 146 2130 7247 2129
13202 2 2 2 146 2138 7248 7242
13203 2 2 2 146 2148 7247 7243
13204 2 2 2 146 7241 7250 7248
13205 2 2 2 146 2132 7240 2131
13206 2 2 2 146 7240 7249 7243
13207 2 2 2 146 7248 7250 7242
13208 2 2 2 146 2134 7240 2133
13209 2 2 2 146 7243 7247 7240
13210 2 2 2 146 2141 7241 2140
13211 2 2 2 146 2143 7241 2142
13212 2 2 2 146 2139 7248 2138
13213 2 2 2 146 2129 7247 2148
13214 2 2 2 146 2133 7240 2132
13215 2 2 2 146 7241 7248 2140
13216 2 2 2 146 2142 7241 2141
13217 2 2 2 147 2155 7252 2154
13218 2 2 2 147 7252 7253 2154
13219 2 2 2 147 2149 7254 2160
13220 2 2 2 147 2159 7254 2158
13221 2 2 2 147 2152 7251 2151
13222 2 2 2 147 2158 7252 2157
13223 2 2 2 147 2150 7251 2149
13224 2 2 2 147 2156 7252 2155
13225 2 2 2 147 2160 7254 2159
13226 2 2 2 147 7252 7254 7253
13227 2 2 2 147 2158 7254 7252
13228 2 2 2 147 7251 7254 2149
13229 2 2 2 147 2154 7253 2153
13230 2 2 2 147 7253 7254 7251
13231 2 2 2 147 2151 7251 2150
13232 2 2 2 147 2157 7252 2156
13233 2 2 2 147 2152 7253 7251
13234 2 2 2 147 2153 7253 2152
13235 2 2 2 148 2168 7258 2167
13236 2 2 2 148 2176 7258 2175
13237 2 2 2 148 2169 7260 2168
13238 2 2 2 148 2167 7257 2166
13239 2 2 2 148 2175 7260 2174
13240 2 2 2 148 2167 7258 7257
13241 2 2 2 148 2168 7260 7258
13242 2 2 2 148 2166 7257 7255
13243 2 2 2 148 2163 7262 2162
13244 2 2 2 148 7258 7261 7257
13245 2 2 2 148 2161 7262 2178
13246 2 2 2 148 7257 7262 7255
13247 2 2 2 148 7259 7262 7257
13248 2 2 2 148 2177 7261 2176
13249 2 2 2 148 2164 7255 2163
13250 2 2 2 148 2166 7255 2165
13251 2 2 2 148 2176 7261 7258
13252 2 2 2 148 2162 7262 2161
13253 2 2 2 148 7256 7260 2169
13254 2 2 2 148 2174 7260 7256
13255 2 2 2 148 7258 7260 2175
13256 2 2 2 148 2178 7262 7259
13257 2 2 2 148 7259 7261 2177
13258 2 2 2 148 7255 7262 2163
13259 2 2 2 148 2165 7255 2164
13260 2 2 2 148 7257 7261 7259
13261 2 2 2 148 2174 7256 2173
13262 2 2 2 148 2170 7256 2169
13263 2 2 2 148 2173 7256 2172
13264 2 2 2 148 2171 7256 2170
13265 2 2 2 148 2172 7256 2171
13266 2 2 2 148 2178 7259 2177
13267 2 2 2 149 2192 3419 3423
13268 2 2 2 149 3423 3419 2191
13269 2 2 2 149 2189 7266 2190
13270 2 2 2 149 2187 7263 2188
13271 2 2 2 149 2179 7268 2181
13272 2 2 2 149 2188 7265 3418
13273 2 2 2 149 2181 7265 2182
13274 2 2 2 149 3420 7264 2180
13275 2 2 2 149 7264 7268 2179
13276 2 2 2 149 2191 7269 3423
13277 2 2 2 149 2186 7263 2187
13278 2 2 2 149 3418 7268 3417
13279 2 2 2 149 7268 7270 3417
13280 2 2 2 149 7263 7265 2188
13281 2 2 2 149 3423 7269 3422
13282 2 2 2 149 7266 7267 3421
13283 2 2 2 149 3420 7270 7264
13284 2 2 2 149 7267 7270 3420
13285 2 2 2 149 2189 7267 7266
13286 2 2 2 149 7264 7270 7268
13287 2 2 2 149 3422 7266 3421
13288 2 2 2 149 3416 7267 2189
13289 2 2 2 149 2182 7263 2183
13290 2 2 2 149 2182 7265 7263
13291 2 2 2 149 3421 7267 3420
13292 2 2 2 149 7265 7268 3418
13293 2 2 2 149 3417 7270 3416
13294 2 2 2 149 3416 7270 7267
13295 2 2 2 149 2181 7268 7265
13296 2 2 2 149 2183 7263 2184
13297 2 2 2 149 2185 7263 2186
13298 2 2 2 149 7266 7269 2190
13299 2 2 2 149 2190 7269 2191
13300 2 2 2 149 3422 7269 7266
13301 2 2 2 149 2180 7264 2179
13302 2 2 2 149 2184 7263 2185
13303 2 2 2 150 3431 2195 3426
13304 2 2 2 150 2196 7272 3427
13305 2 2 2 150 3426 7272 3431
13306 2 2 2 150 2194 7271 3428
13307 2 2 2 150 3430 7272 2196
13308 2 2 2 150 3427 7271 2196
13309 2 2 2 150 3428 7271 3427
13310 2 2 2 150 3427 7272 3426
13311 2 2 2 150 3431 7272 3430
13312 2 2 2 150 2197 7271 2194
13313 2 2 2 150 2196 7271 2197
13314 2 2 2 150 3429 2193 3424
13315 2 2 2 150 3425 2194 3428
13316 2 2 2 150 3429 3424 3425
13317 2 2 2 150 3429 3425 3428
13318 2 2 2 153 3435 7278 2211
13319 2 2 2 153 3434 7278 2204
13320 2 2 2 153 2213 7275 2212
13321 2 2 2 153 2205 7278 3434
13322 2 2 2 153 2214 7273 2213
13323 2 2 2 153 2204 7278 7276
13324 2 2 2 153 7275 7280 2202
13325 2 2 2 153 7273 7275 2213
13326 2 2 2 153 2212 7277 3436
13327 2 2 2 153 2210 7274 2209
13328 2 2 2 153 7277 7279 3436
13329 2 2 2 153 2204 7276 3433
13330 2 2 2 153 3436 7276 3435
13331 2 2 2 153 3432 7277 2203
13332 2 2 2 153 2211 7274 2210
13333 2 2 2 153 2203 7277 7275
13334 2 2 2 153 3433 7279 3432
13335 2 2 2 153 7276 7278 3435
13336 2 2 2 153 7274 7278 2205
13337 2 2 2 153 7273 7280 7275
13338 2 2 2 153 2198 7273 2214
13339 2 2 2 153 2200 7273 2199
13340 2 2 2 153 7275 7277 2212
13341 2 2 2 153 3432 7279 7277
13342 2 2 2 153 2209 7274 2208
13343 2 2 2 153 2211 7278 7274
13344 2 2 2 153 7276 7279 3433
13345 2 2 2 153 3436 7279 7276
13346 2 2 2 153 2199 7273 2198
13347 2 2 2 153 2202 7280 2201
13348 2 2 2 153 2200 7280 7273
13349 2 2 2 153 2201 7280 2200
13350 2 2 2 153 2208 7274 2207
13351 2 2 2 153 2206 7274 2205
13352 2 2 2 153 2207 7274 2206
13353 2 2 2 153 2203 7275 2202
13354 2 2 2 154 2219 7283 2218
13355 2 2 2 154 2221 7284 2220
13356 2 2 2 154 2225 7284 2224
13357 2 2 2 154 2215 7285 2228
13358 2 2 2 154 2227 7285 2226
13359 2 2 2 154 2218 7283 7282
13360 2 2 2 154 2220 7283 2219
13361 2 2 2 154 2218 7282 2217
13362 2 2 2 154 2216 7282 2215
13363 2 2 2 154 2226 7281 2225
13364 2 2 2 154 2228 7285 2227
13365 2 2 2 154 2220 7284 7283
13366 2 2 2 154 7281 7284 2225
13367 2 2 2 154 7281 7285 7283
13368 2 2 2 154 7283 7285 7282
13369 2 2 2 154 2224 7284 2223
13370 2 2 2 154 2222 7284 2221
13371 2 2 2 154 7282 7285 2215
13372 2 2 2 154 7283 7284 7281
13373 2 2 2 154 2226 7285 7281
13374 2 2 2 154 2217 7282 2216
13375 2 2 2 154 2223 7284 2222
13376 2 2 2 155 2243 7289 2242
13377 2 2 2 155 2233 7291 2232
13378 2 2 2 155 2229 7291 2244
13379 2 2 2 155 2242 7289 2241
13380 2 2 2 155 2236 7287 2235
13381 2 2 2 155 2234 7288 2233
13382 2 2 2 155 2244 7286 2243
13383 2 2 2 155 7286 7289 2243
13384 2 2 2 155 7286 7292 7289
13385 2 2 2 155 2238 7290 2237
13386 2 2 2 155 2237 7290 2236
13387 2 2 2 155 2239 7290 2238
13388 2 2 2 155 2240 7290 2239
13389 2 2 2 155 7288 7292 7286
13390 2 2 2 155 7288 7291 2233
13391 2 2 2 155 2241 7290 2240
13392 2 2 2 155 2244 7291 7286
13393 2 2 2 155 2232 7291 2231
13394 2 2 2 155 2230 7291 2229
13395 2 2 2 155 7286 7291 7288
13396 2 2 2 155 7289 7292 7287
13397 2 2 2 155 2235 7292 2234
13398 2 2 2 155 2236 7290 7287
13399 2 2 2 155 7289 7290 2241
13400 2 2 2 155 2231 7291 2230
13401 2 2 2 155 7287 7290 7289
13402 2 2 2 155 2234 7292 7288
13403 2 2 2 155 7287 7292 2235
13404 2 2 2 156 2247 7296 2246
13405 2 2 2 156 2251 7296 2250
13406 2 2 2 156 2246 7293 2245
13407 2 2 2 156 2245 7293 2258
13408 2 2 2 156 2252 7295 2251
13409 2 2 2 156 2246 7296 7293
13410 2 2 2 156 7295 7296 2251
13411 2 2 2 156 7293 7296 7295
13412 2 2 2 156 2248 7296 2247
13413 2 2 2 156 2250 7296 2249
13414 2 2 2 156 2256 7297 2255
13415 2 2 2 156 7295 7297 7293
13416 2 2 2 156 7293 7297 2258
13417 2 2 2 156 2255 7294 2254
13418 2 2 2 156 2253 7294 2252
13419 2 2 2 156 7294 7297 7295
13420 2 2 2 156 2258 7297 2257
13421 2 2 2 156 7294 7295 2252
13422 2 2 2 156 2257 7297 2256
13423 2 2 2 156 2249 7296 2248
13424 2 2 2 156 2255 7297 7294
13425 2 2 2 156 2254 7294 2253
13426 2 2 2 157 2265 7302 2264
13427 2 2 2 157 2263 7303 7299
13428 2 2 2 157 7302 7303 2263
13429 2 2 2 157 7300 7302 2265
13430 2 2 2 157 2266 7301 2265
13431 2 2 2 157 2265 7301 7300
13432 2 2 2 157 2274 7300 2273
13433 2 2 2 157 2275 7303 2274
13434 2 2 2 157 2267 7298 2266
13435 2 2 2 157 2266 7304 7301
13436 2 2 2 157 7298 7304 2266
13437 2 2 2 157 2268 7298 2267
13438 2 2 2 157 7303 7306 7299
13439 2 2 2 157 7300 7305 2273
13440 2 2 2 157 2259 7306 2276
13441 2 2 2 157 7300 7303 7302
13442 2 2 2 157 7301 7305 7300
13443 2 2 2 157 2274 7303 7300
13444 2 2 2 157 2275 7306 7303
13445 2 2 2 157 2260 7299 2259
13446 2 2 2 157 2262 7299 2261
13447 2 2 2 157 2264 7302 2263
13448 2 2 2 157 2273 7305 2272
13449 2 2 2 157 2276 7306 2275
13450 2 2 2 157 2269 7298 2268
13451 2 2 2 157 7299 7306 2259
13452 2 2 2 157 2261 7299 2260
13453 2 2 2 157 2271 7304 7298
13454 2 2 2 157 2271 7298 2270
13455 2 2 2 157 2272 7305 7304
13456 2 2 2 157 2270 7298 2269
13457 2 2 2 157 7304 7305 7301
13458 2 2 2 157 2272 7304 2271
13459 2 2 2 157 2263 7299 2262
13460 2 2 2 158 2287 7311 2286
13461 2 2 2 158 2281 7307 2280
13462 2 2 2 158 2292 7314 2291
13463 2 2 2 158 2281 7310 7307
13464 2 2 2 158 7310 7313 2291
13465 2 2 2 158 2290 7313 7312
13466 2 2 2 158 2290 7312 3441
13467 2 2 2 158 2291 7313 2290
13468 2 2 2 158 3440 7309 2289
13469 2 2 2 158 3437 7310 2281
13470 2 2 2 158 3441 7315 3440
13471 2 2 2 158 2291 7314 7310
13472 2 2 2 158 2283 7316 2282
13473 2 2 2 158 7312 7315 3441
13474 2 2 2 158 7309 7315 2282
13475 2 2 2 158 2282 7315 3439
13476 2 2 2 158 3439 7312 3438
13477 2 2 2 158 3438 7313 3437
13478 2 2 2 158 7312 7313 3438
13479 2 2 2 158 7310 7314 7307
13480 2 2 2 158 2282 7316 7309
13481 2 2 2 158 3437 7313 7310
13482 2 2 2 158 2277 7314 2293
13483 2 2 2 158 2286 7311 7308
13484 2 2 2 158 3440 7315 7309
13485 2 2 2 158 2288 7311 2287
13486 2 2 2 158 7309 7311 2289
13487 2 2 2 158 3439 7315 7312
13488 2 2 2 158 2280 7307 2279
13489 2 2 2 158 2278 7307 2277
13490 2 2 2 158 2286 7308 2285
13491 2 2 2 158 2284 7308 2283
13492 2 2 2 158 7308 7316 2283
13493 2 2 2 158 2293 7314 2292
13494 2 2 2 158 7311 7316 7308
13495 2 2 2 158 7309 7316 7311
13496 2 2 2 158 7307 7314 2277
13497 2 2 2 158 2279 7307 2278
13498 2 2 2 158 2289 7311 2288
13499 2 2 2 158 2285 7308 2284
13500 2 2 2 159 2299 7319 2298
13501 2 2 2 159 2306 7322 2305
13502 2 2 2 159 2297 7317 2296
13503 2 2 2 159 2309 7326 2308
13504 2 2 2 159 2308 7321 2307
13505 2 2 2 159 2298 7320 2297
13506 2 2 2 159 2297 7320 7317
13507 2 2 2 159 7319 7321 2298
13508 2 2 2 159 2311 7323 2310
13509 2 2 2 159 2298 7321 7320
13510 2 2 2 159 2294 7317 2311
13511 2 2 2 159 2296 7317 2295
13512 2 2 2 159 7321 7326 7320
13513 2 2 2 159 7321 7324 2307
13514 2 2 2 159 2310 7323 2309
13515 2 2 2 159 2308 7326 7321
13516 2 2 2 159 7320 7323 7317
13517 2 2 2 159 7317 7323 2311
13518 2 2 2 159 7319 7324 7321
13519 2 2 2 159 2307 7324 2306
13520 2 2 2 159 7320 7326 7323
13521 2 2 2 159 2295 7317 2294
13522 2 2 2 159 7323 7326 2309
13523 2 2 2 159 2306 7324 7322
13524 2 2 2 159 2300 7319 2299
13525 2 2 2 159 2300 7325 7319
13526 2 2 2 159 2305 7322 7318
13527 2 2 2 159 7318 7325 2301
13528 2 2 2 159 7319 7325 7322
13529 2 2 2 159 2302 7318 2301
13530 2 2 2 159 7322 7324 7319
13531 2 2 2 159 7322 7325 7318
13532 2 2 2 159 2303 7318 2302
13533 2 2 2 159 2305 7318 2304
13534 2 2 2 159 2304 7318 2303
13535 2 2 2 159 2301 7325 2300
13536 2 2 2 160 3444 7329 7328
13537 2 2 2 160 2316 7335 2315
13538 2 2 2 160 3444 7328 2318
13539 2 2 2 160 2323 7327 2322
13540 2 2 2 160 7329 7331 7328
13541 2 2 2 160 7330 7332 7329
13542 2 2 2 160 7329 7333 7331
13543 2 2 2 160 7332 7333 7329
13544 2 2 2 160 2319 7329 3444
13545 2 2 2 160 3442 7332 2312
13546 2 2 2 160 2313 7331 3443
13547 2 2 2 160 7327 7332 7330
13548 2 2 2 160 2324 7334 2323
13549 2 2 2 160 7328 7335 2316
13550 2 2 2 160 3443 7333 3442
13551 2 2 2 160 2317 7328 2316
13552 2 2 2 160 2322 7330 2321
13553 2 2 2 160 2320 7330 2319
13554 2 2 2 160 2319 7330 7329
13555 2 2 2 160 7327 7330 2322
13556 2 2 2 160 7331 7333 3443
13557 2 2 2 160 3442 7333 7332
13558 2 2 2 160 7332 7334 2312
13559 2 2 2 160 7331 7335 7328
13560 2 2 2 160 2315 7335 2314
13561 2 2 2 160 2323 7334 7327
13562 2 2 2 160 2318 7328 2317
13563 2 2 2 160 2321 7330 2320
13564 2 2 2 160 2313 7335 7331
13565 2 2 2 160 2325 7334 2324
13566 2 2 2 160 2314 7335 2313
13567 2 2 2 160 7327 7334 7332
13568 2 2 2 160 2312 7334 2326
13569 2 2 2 160 2326 7334 2325
13570 2 2 2 161 2339 7340 2338
13571 2 2 2 161 2333 7336 2332
13572 2 2 2 161 2341 7339 2340
13573 2 2 2 161 2338 7340 2337
13574 2 2 2 161 2327 7341 2342
13575 2 2 2 161 2340 7339 2339
13576 2 2 2 161 2332 7338 2331
13577 2 2 2 161 2334 7336 2333
13578 2 2 2 161 2342 7337 2341
13579 2 2 2 161 7338 7339 7337
13580 2 2 2 161 7337 7339 2341
13581 2 2 2 161 7336 7339 7338
13582 2 2 2 161 2328 7341 2327
13583 2 2 2 161 2331 7341 2330
13584 2 2 2 161 7336 7338 2332
13585 2 2 2 161 7339 7340 2339
13586 2 2 2 161 2329 7341 2328
13587 2 2 2 161 2330 7341 2329
13588 2 2 2 161 2337 7340 2336
13589 2 2 2 161 2342 7341 7337
13590 2 2 2 161 7338 7341 2331
13591 2 2 2 161 7337 7341 7338
13592 2 2 2 161 7336 7340 7339
13593 2 2 2 161 2336 7340 2335
13594 2 2 2 161 2334 7340 7336
13595 2 2 2 161 2335 7340 2334
13596 2 2 2 162 2354 7344 2353
13597 2 2 2 162 7342 7345 2346
13598 2 2 2 162 2347 7342 2346
13599 2 2 2 162 7343 7344 2354
13600 2 2 2 162 7342 7344 7343
13601 2 2 2 162 7343 7345 7342
13602 2 2 2 162 2343 7343 2356
13603 2 2 2 162 2355 7343 2354
13604 2 2 2 162 2349 7346 2348
13605 2 2 2 162 2351 7346 2350
13606 2 2 2 162 2352 7344 2351
13607 2 2 2 162 2345 7345 2344
13608 2 2 2 162 7342 7346 7344
13609 2 2 2 162 2348 7342 2347
13610 2 2 2 162 2350 7346 2349
13611 2 2 2 162 2356 7343 2355
13612 2 2 2 162 2343 7345 7343
13613 2 2 2 162 2344 7345 2343
13614 2 2 2 162 7344 7346 2351
13615 2 2 2 162 2353 7344 2352
13616 2 2 2 162 2348 7346 7342
13617 2 2 2 162 2346 7345 2345
13618 2 2 2 163 2372 7348 2371
13619 2 2 2 163 2359 7351 2358
13620 2 2 2 163 7349 7350 2372
13621 2 2 2 163 2372 7350 7348
13622 2 2 2 163 2373 7349 2372
13623 2 2 2 163 2369 7356 2368
13624 2 2 2 163 2364 7355 2363
13625 2 2 2 163 2358 7351 7347
13626 2 2 2 163 2363 7354 2362
13627 2 2 2 163 7349 7353 7350
13628 2 2 2 163 7354 7355 7352
13629 2 2 2 163 7347 7354 7352
13630 2 2 2 163 2363 7355 7354
13631 2 2 2 163 2373 7352 7349
13632 2 2 2 163 2360 7351 2359
13633 2 2 2 163 2368 7356 2367
13634 2 2 2 163 2370 7348 2369
13635 2 2 2 163 2362 7354 7351
13636 2 2 2 163 2362 7351 2361
13637 2 2 2 163 7352 7355 7349
13638 2 2 2 163 7351 7354 7347
13639 2 2 2 163 7353 7355 2364
13640 2 2 2 163 7348 7356 2369
13641 2 2 2 163 7347 7352 2374
13642 2 2 2 163 2374 7352 2373
13643 2 2 2 163 2365 7353 2364
13644 2 2 2 163 7349 7355 7353
13645 2 2 2 163 7350 7353 2365
13646 2 2 2 163 7350 7356 7348
13647 2 2 2 163 2361 7351 2360
13648 2 2 2 163 2366 7356 7350
13649 2 2 2 163 2367 7356 2366
13650 2 2 2 163 2371 7348 2370
13651 2 2 2 163 2366 7350 2365
13652 2 2 2 163 2358 7347 2357
13653 2 2 2 163 2357 7347 2374
13654 2 2 2 164 2376 7359 2375
13655 2 2 2 164 2382 7360 2381
13656 2 2 2 164 2380 7360 2379
13657 2 2 2 164 2386 7359 2385
13658 2 2 2 164 2377 7358 2376
13659 2 2 2 164 2379 7358 2378
13660 2 2 2 164 2385 7357 2384
13661 2 2 2 164 2383 7357 2382
13662 2 2 2 164 2375 7359 2386
13663 2 2 2 164 2381 7360 2380
13664 2 2 2 164 7358 7359 2376
13665 2 2 2 164 7357 7360 2382
13666 2 2 2 164 2385 7359 7357
13667 2 2 2 164 2379 7360 7358
13668 2 2 2 164 2378 7358 2377
13669 2 2 2 164 2384 7357 2383
13670 2 2 2 164 7358 7360 7359
13671 2 2 2 164 7359 7360 7357
13672 2 2 2 165 2391 7362 2390
13673 2 2 2 165 2397 7361 2396
13674 2 2 2 165 7362 7364 2390
13675 2 2 2 165 7361 7363 2396
13676 2 2 2 165 2394 7362 2393
13677 2 2 2 165 2388 7361 2387
13678 2 2 2 165 2392 7362 2391
13679 2 2 2 165 2398 7361 2397
13680 2 2 2 165 7362 7363 7361
13681 2 2 2 165 7361 7364 7362
13682 2 2 2 165 2390 7364 2389
13683 2 2 2 165 2396 7363 2395
13684 2 2 2 165 2387 7361 2398
13685 2 2 2 165 2393 7362 2392
13686 2 2 2 165 2394 7363 7362
13687 2 2 2 165 2388 7364 7361
13688 2 2 2 165 2389 7364 2388
13689 2 2 2 165 2395 7363 2394
13690 2 2 2 166 2408 7372 2407
13691 2 2 2 166 2406 7375 2405
13692 2 2 2 166 2400 7371 2399
13693 2 2 2 166 2403 7368 2402
13694 2 2 2 166 2416 7374 3447
13695 2 2 2 166 2414 7367 3445
13696 2 2 2 166 3446 7373 2414
13697 2 2 2 166 2404 7369 2403
13698 2 2 2 166 3447 7369 2415
13699 2 2 2 166 2404 7370 7369
13700 2 2 2 166 2405 7370 2404
13701 2 2 2 166 2415 7370 3446
13702 2 2 2 166 2403 7369 7368
13703 2 2 2 166 7369 7370 2415
13704 2 2 2 166 7370 7375 7373
13705 2 2 2 166 3447 7374 7369
13706 2 2 2 166 7369 7374 7368
13707 2 2 2 166 7370 7373 3446
13708 2 2 2 166 2399 7371 7366
13709 2 2 2 166 2405 7375 7370
13710 2 2 2 166 7371 7374 7366
13711 2 2 2 166 7368 7374 7371
13712 2 2 2 166 2401 7371 2400
13713 2 2 2 166 2399 7366 2418
13714 2 2 2 166 7366 7374 2416
13715 2 2 2 166 7368 7371 2402
13716 2 2 2 166 2414 7373 7367
13717 2 2 2 166 2417 7366 2416
13718 2 2 2 166 7367 7372 3445
13719 2 2 2 166 3445 7372 2413
13720 2 2 2 166 2407 7372 7367
13721 2 2 2 166 2402 7371 2401
13722 2 2 2 166 2418 7366 2417
13723 2 2 2 166 7367 7375 2406
13724 2 2 2 166 7365 7372 2408
13725 2 2 2 166 7373 7375 7367
13726 2 2 2 166 2413 7365 2412
13727 2 2 2 166 2407 7367 2406
13728 2 2 2 166 2413 7372 7365
13729 2 2 2 166 2409 7365 2408
13730 2 2 2 166 2410 7365 2409
13731 2 2 2 166 2412 7365 2411
13732 2 2 2 166 2411 7365 2410
13733 2 2 2 167 7376 7379 2424
13734 2 2 2 167 2427 7380 2426
13735 2 2 2 167 2421 7377 2420
13736 2 2 2 167 2419 7377 2432
13737 2 2 2 167 7377 7379 7376
13738 2 2 2 167 7376 7378 7377
13739 2 2 2 167 7376 7380 7378
13740 2 2 2 167 2425 7376 2424
13741 2 2 2 167 2432 7378 2431
13742 2 2 2 167 7377 7378 2432
13743 2 2 2 167 2430 7380 2429
13744 2 2 2 167 2428 7380 2427
13745 2 2 2 167 2423 7379 2422
13746 2 2 2 167 2429 7380 2428
13747 2 2 2 167 2420 7377 2419
13748 2 2 2 167 2421 7379 7377
13749 2 2 2 167 2431 7378 2430
13750 2 2 2 167 2426 7376 2425
13751 2 2 2 167 2422 7379 2421
13752 2 2 2 167 2426 7380 7376
13753 2 2 2 167 7378 7380 2430
13754 2 2 2 167 2424 7379 2423
13755 2 2 2 168 2449 7385 3451
13756 2 2 2 168 2434 7385 2433
13757 2 2 2 168 2446 7382 2445
13758 2 2 2 168 3450 7383 2446
13759 2 2 2 168 2438 7384 2437
13760 2 2 2 168 2440 7383 2439
13761 2 2 2 168 3451 7385 7384
13762 2 2 2 168 7384 7386 3451
13763 2 2 2 168 2445 7382 2444
13764 2 2 2 168 3451 7386 2448
13765 2 2 2 168 7383 7388 2439
13766 2 2 2 168 3450 7388 7383
13767 2 2 2 168 3449 7387 3448
13768 2 2 2 168 3449 7388 7387
13769 2 2 2 168 3448 7386 2438
13770 2 2 2 168 2439 7388 3449
13771 2 2 2 168 2437 7384 7381
13772 2 2 2 168 2446 7383 7382
13773 2 2 2 168 2448 7387 2447
13774 2 2 2 168 7387 7388 2447
13775 2 2 2 168 2447 7388 3450
13776 2 2 2 168 2438 7386 7384
13777 2 2 2 168 7381 7385 2434
13778 2 2 2 168 7382 7383 2440
13779 2 2 2 168 2441 7382 2440
13780 2 2 2 168 3448 7387 7386
13781 2 2 2 168 7386 7387 2448
13782 2 2 2 168 2433 7385 2450
13783 2 2 2 168 2435 7381 2434
13784 2 2 2 168 7384 7385 7381
13785 2 2 2 168 2437 7381 2436
13786 2 2 2 168 2444 7382 2443
13787 2 2 2 168 2442 7382 2441
13788 2 2 2 168 2450 7385 2449
13789 2 2 2 168 2436 7381 2435
13790 2 2 2 168 2443 7382 2442
13791 2 2 2 169 2463 7390 2462
13792 2 2 2 169 2465 7394 2464
13793 2 2 2 169 2453 7394 2452
13794 2 2 2 169 2462 7390 2461
13795 2 2 2 169 2464 7392 2463
13796 2 2 2 169 2454 7389 2453
13797 2 2 2 169 2463 7392 7390
13798 2 2 2 169 7392 7393 7390
13799 2 2 2 169 2464 7394 7392
13800 2 2 2 169 7389 7393 7392
13801 2 2 2 169 7389 7394 2453
13802 2 2 2 169 7391 7395 2456
13803 2 2 2 169 2452 7394 2451
13804 2 2 2 169 2466 7394 2465
13805 2 2 2 169 7392 7394 7389
13806 2 2 2 169 2461 7391 2460
13807 2 2 2 169 2457 7391 2456
13808 2 2 2 169 7390 7391 2461
13809 2 2 2 169 7393 7395 7390
13810 2 2 2 169 7390 7395 7391
13811 2 2 2 169 2455 7393 2454
13812 2 2 2 169 2451 7394 2466
13813 2 2 2 169 2454 7393 7389
13814 2 2 2 169 2458 7391 2457
13815 2 2 2 169 2460 7391 2459
13816 2 2 2 169 2455 7395 7393
13817 2 2 2 169 2459 7391 2458
13818 2 2 2 169 2456 7395 2455
13819 2 2 2 170 7396 7400 2468
13820 2 2 2 170 2480 7396 2479
13821 2 2 2 170 2481 7396 2480
13822 2 2 2 170 2468 7402 7396
13823 2 2 2 170 2471 7399 2470
13824 2 2 2 170 2482 7400 2481
13825 2 2 2 170 7396 7402 7401
13826 2 2 2 170 2476 7403 2475
13827 2 2 2 170 2469 7402 2468
13828 2 2 2 170 2481 7400 7396
13829 2 2 2 170 7398 7403 2477
13830 2 2 2 170 2483 7400 2482
13831 2 2 2 170 2475 7403 7399
13832 2 2 2 170 2475 7399 7397
13833 2 2 2 170 2467 7400 2484
13834 2 2 2 170 7398 7404 7403
13835 2 2 2 170 7403 7404 7399
13836 2 2 2 170 2469 7404 7402
13837 2 2 2 170 7402 7404 7398
13838 2 2 2 170 7396 7401 2479
13839 2 2 2 170 7401 7402 7398
13840 2 2 2 170 7397 7399 2471
13841 2 2 2 170 2479 7401 2478
13842 2 2 2 170 2470 7404 2469
13843 2 2 2 170 7399 7404 2470
13844 2 2 2 170 2478 7401 7398
13845 2 2 2 170 2484 7400 2483
13846 2 2 2 170 2477 7403 2476
13847 2 2 2 170 2472 7397 2471
13848 2 2 2 170 2473 7397 2472
13849 2 2 2 170 2475 7397 2474
13850 2 2 2 170 2474 7397 2473
13851 2 2 2 170 2478 7398 2477
13852 2 2 2 170 2468 7400 2467
13853 2 2 2 171 2495 7405 2494
13854 2 2 2 171 2488 7410 2487
13855 2 2 2 171 2497 7406 2496
13856 2 2 2 171 2493 7407 2492
13857 2 2 2 171 2485 7413 2502
13858 2 2 2 171 2486 7412 2485
13859 2 2 2 171 2498 7408 2497
13860 2 2 2 171 2492 7411 2491
13861 2 2 2 171 2499 7408 2498
13862 2 2 2 171 7405 7412 7409
13863 2 2 2 171 7409 7414 7405
13864 2 2 2 171 7405 7415 7412
13865 2 2 2 171 2497 7408 7406
13866 2 2 2 171 7412 7415 7413
13867 2 2 2 171 7410 7414 7409
13868 2 2 2 171 7407 7414 7410
13869 2 2 2 171 2494 7414 2493
13870 2 2 2 171 2496 7415 2495
13871 2 2 2 171 2502 7413 7408
13872 2 2 2 171 2487 7409 2486
13873 2 2 2 171 7407 7411 2492
13874 2 2 2 171 7409 7412 2486
13875 2 2 2 171 7413 7415 7406
13876 2 2 2 171 2493 7414 7407
13877 2 2 2 171 2495 7415 7405
13878 2 2 2 171 7408 7413 7406
13879 2 2 2 171 2491 7411 2490
13880 2 2 2 171 7412 7413 2485
13881 2 2 2 171 2487 7410 7409
13882 2 2 2 171 7405 7414 2494
13883 2 2 2 171 2488 7411 7410
13884 2 2 2 171 7406 7415 2496
13885 2 2 2 171 2489 7411 2488
13886 2 2 2 171 2500 7408 2499
13887 2 2 2 171 7410 7411 7407
13888 2 2 2 171 2502 7408 2501
13889 2 2 2 171 2490 7411 2489
13890 2 2 2 171 2501 7408 2500
13891 2 2 2 172 2513 7422 2512
13892 2 2 2 172 2516 7421 2515
13893 2 2 2 172 2504 7421 2503
13894 2 2 2 172 7416 7421 2504
13895 2 2 2 172 2515 7421 7420
13896 2 2 2 172 7416 7423 7419
13897 2 2 2 172 7419 7420 7416
13898 2 2 2 172 2503 7421 2518
13899 2 2 2 172 2517 7421 2516
13900 2 2 2 172 2509 7424 2508
13901 2 2 2 172 7420 7421 7416
13902 2 2 2 172 7419 7423 7417
13903 2 2 2 172 7417 7422 7419
13904 2 2 2 172 2510 7418 2509
13905 2 2 2 172 2514 7420 7419
13906 2 2 2 172 2505 7423 7416
13907 2 2 2 172 2512 7418 2511
13908 2 2 2 172 2506 7423 2505
13909 2 2 2 172 2514 7419 2513
13910 2 2 2 172 2518 7421 2517
13911 2 2 2 172 7419 7422 2513
13912 2 2 2 172 2508 7424 2507
13913 2 2 2 172 2512 7422 7418
13914 2 2 2 172 7417 7424 7422
13915 2 2 2 172 7417 7423 2506
13916 2 2 2 172 2507 7424 7417
13917 2 2 2 172 7418 7424 2509
13918 2 2 2 172 2511 7418 2510
13919 2 2 2 172 7422 7424 7418
13920 2 2 2 172 2505 7416 2504
13921 2 2 2 172 2507 7417 2506
13922 2 2 2 172 2515 7420 2514
13923 2 2 2 173 2534 7426 2533
13924 2 2 2 173 2535 7429 7426
13925 2 2 2 173 2523 7430 2522
13926 2 2 2 173 2528 7426 2527
13927 2 2 2 173 7426 7429 2527
13928 2 2 2 173 2527 7429 2526
13929 2 2 2 173 2536 7429 2535
13930 2 2 2 173 2526 7428 2525
13931 2 2 2 173 2519 7431 2536
13932 2 2 2 173 2524 7430 2523
13933 2 2 2 173 2526 7429 7428
13934 2 2 2 173 2525 7430 2524
13935 2 2 2 173 2522 7430 7425
13936 2 2 2 173 2522 7425 2521
13937 2 2 2 173 2520 7425 2519
13938 2 2 2 173 7428 7430 2525
13939 2 2 2 173 7425 7431 2519
13940 2 2 2 173 2536 7431 7429
13941 2 2 2 173 7429 7431 7428
13942 2 2 2 173 2530 7427 2529
13943 2 2 2 173 2528 7427 7426
13944 2 2 2 173 7430 7431 7425
13945 2 2 2 173 2521 7425 2520
13946 2 2 2 173 7428 7431 7430
13947 2 2 2 173 2529 7427 2528
13948 2 2 2 173 2531 7427 2530
13949 2 2 2 173 7426 7427 2533
13950 2 2 2 173 2532 7427 2531
13951 2 2 2 173 2533 7427 2532
13952 2 2 2 173 2535 7426 2534
13953 2 2 2 174 3452 7437 2550
13954 2 2 2 174 2538 7433 2537
13955 2 2 2 174 2548 7434 2549
13956 2 2 2 174 2537 7435 2539
13957 2 2 2 174 7435 7437 3452
13958 2 2 2 174 2540 7434 2541
13959 2 2 2 174 7433 7435 2537
13960 2 2 2 174 3452 7436 7435
13961 2 2 2 174 2539 7436 2540
13962 2 2 2 174 2549 7436 3452
13963 2 2 2 174 7434 7436 2549
13964 2 2 2 174 2540 7436 7434
13965 2 2 2 174 7435 7436 2539
13966 2 2 2 174 2551 7437 2552
13967 2 2 2 174 2544 7438 2545
13968 2 2 2 174 2552 7433 2553
13969 2 2 2 174 2554 7433 2538
13970 2 2 2 174 7433 7437 7435
13971 2 2 2 174 2541 7434 7432
13972 2 2 2 174 2545 7438 2546
13973 2 2 2 174 2548 7438 7434
13974 2 2 2 174 2546 7438 2547
13975 2 2 2 174 2552 7437 7433
13976 2 2 2 174 2550 7437 2551
13977 2 2 2 174 2553 7433 2554
13978 2 2 2 174 7434 7438 7432
13979 2 2 2 174 2543 7432 2544
13980 2 2 2 174 2547 7438 2548
13981 2 2 2 174 2541 7432 2542
13982 2 2 2 174 7432 7438 2544
13983 2 2 2 174 2542 7432 2543
13984 2 2 2 175 2555 2556 2557
13985 2 2 2 176 2571 7446 3457
13986 2 2 2 176 2563 7447 3454
13987 2 2 2 176 2574 7446 2573
13988 2 2 2 176 2566 7447 2565
13989 2 2 2 176 3455 7441 2569
13990 2 2 2 176 2561 7442 2560
13991 2 2 2 176 3457 7446 7442
13992 2 2 2 176 3454 7447 7441
13993 2 2 2 176 7442 7444 3457
13994 2 2 2 176 3456 7443 2570
13995 2 2 2 176 3457 7444 3456
13996 2 2 2 176 3456 7444 7443
13997 2 2 2 176 2570 7445 3455
13998 2 2 2 176 7443 7445 2570
13999 2 2 2 176 3454 7445 3453
14000 2 2 2 176 7441 7445 3454
14001 2 2 2 176 3453 7443 2562
14002 2 2 2 176 2562 7444 2561
14003 2 2 2 176 7443 7444 2562
14004 2 2 2 176 3453 7445 7443
14005 2 2 2 176 2560 7442 7439
14006 2 2 2 176 2569 7441 7440
14007 2 2 2 176 2561 7444 7442
14008 2 2 2 176 3455 7445 7441
14009 2 2 2 176 7439 7446 2574
14010 2 2 2 176 7440 7447 2566
14011 2 2 2 176 2573 7446 2572
14012 2 2 2 176 2565 7447 2564
14013 2 2 2 176 2558 7439 2574
14014 2 2 2 176 2567 7440 2566
14015 2 2 2 176 7442 7446 7439
14016 2 2 2 176 7441 7447 7440
14017 2 2 2 176 2560 7439 2559
14018 2 2 2 176 2569 7440 2568
14019 2 2 2 176 2572 7446 2571
14020 2 2 2 176 2564 7447 2563
14021 2 2 2 176 2559 7439 2558
14022 2 2 2 176 2568 7440 2567
14023 2 2 2 177 2576 7453 2575
14024 2 2 2 177 2581 7452 2580
14025 2 2 2 177 2591 7451 2590
14026 2 2 2 177 2589 7450 2588
14027 2 2 2 177 2580 7455 2579
14028 2 2 2 177 7452 7455 2580
14029 2 2 2 177 7451 7455 7452
14030 2 2 2 177 2581 7456 7452
14031 2 2 2 177 7448 7453 2576
14032 2 2 2 177 2590 7452 2589
14033 2 2 2 177 7451 7452 2590
14034 2 2 2 177 2575 7453 2592
14035 2 2 2 177 2577 7448 2576
14036 2 2 2 177 2588 7450 7449
14037 2 2 2 177 7448 7455 7451
14038 2 2 2 177 7451 7453 7448
14039 2 2 2 177 2579 7448 2578
14040 2 2 2 177 7452 7456 2589
14041 2 2 2 177 2579 7455 7448
14042 2 2 2 177 2591 7453 7451
14043 2 2 2 177 2589 7456 7450
14044 2 2 2 177 2584 7449 2583
14045 2 2 2 177 2588 7449 2587
14046 2 2 2 177 7454 7456 2582
14047 2 2 2 177 2582 7456 2581
14048 2 2 2 177 7449 7454 2583
14049 2 2 2 177 2592 7453 2591
14050 2 2 2 177 2578 7448 2577
14051 2 2 2 177 7450 7454 7449
14052 2 2 2 177 2587 7449 2586
14053 2 2 2 177 2585 7449 2584
14054 2 2 2 177 7450 7456 7454
14055 2 2 2 177 2586 7449 2585
14056 2 2 2 177 2583 7454 2582
14057 2 2 2 178 2595 7457 2594
14058 2 2 2 178 2595 7460 7457
14059 2 2 2 178 7459 7460 2598
14060 2 2 2 178 2604 7458 2603
14061 2 2 2 178 2600 7458 2599
14062 2 2 2 178 7457 7461 2605
14063 2 2 2 178 2594 7457 2593
14064 2 2 2 178 2596 7460 2595
14065 2 2 2 178 2606 7457 2605
14066 2 2 2 178 2598 7460 2597
14067 2 2 2 178 2604 7461 7458
14068 2 2 2 178 7458 7459 2599
14069 2 2 2 178 7457 7460 7459
14070 2 2 2 178 7459 7461 7457
14071 2 2 2 178 2593 7457 2606
14072 2 2 2 178 2597 7460 2596
14073 2 2 2 178 7458 7461 7459
14074 2 2 2 178 2603 7458 2602
14075 2 2 2 178 2601 7458 2600
14076 2 2 2 178 2602 7458 2601
14077 2 2 2 178 2605 7461 2604
14078 2 2 2 178 2599 7459 2598
14079 2 2 2 179 2619 7464 7463
14080 2 2 2 179 7462 7465 2611
14081 2 2 2 179 2612 7462 2611
14082 2 2 2 179 2619 7463 2618
14083 2 2 2 179 7463 7464 7462
14084 2 2 2 179 7462 7466 7463
14085 2 2 2 179 2613 7462 2612
14086 2 2 2 179 2620 7464 2619
14087 2 2 2 179 2608 7464 2607
14088 2 2 2 179 7464 7465 7462
14089 2 2 2 179 2616 7466 2615
14090 2 2 2 179 2614 7466 2613
14091 2 2 2 179 2617 7463 2616
14092 2 2 2 179 2610 7465 2609
14093 2 2 2 179 2615 7466 2614
14094 2 2 2 179 2607 7464 2620
14095 2 2 2 179 2613 7466 7462
14096 2 2 2 179 2608 7465 7464
14097 2 2 2 179 7463 7466 2616
14098 2 2 2 179 2609 7465 2608
14099 2 2 2 179 2618 7463 2617
14100 2 2 2 179 2611 7465 2610
14101 2 2 2 180 2625 7470 2624
14102 2 2 2 180 2631 7469 2630
14103 2 2 2 180 2627 7470 2626
14104 2 2 2 180 2621 7469 2632
14105 2 2 2 180 2622 7467 2621
14106 2 2 2 180 2624 7467 2623
14107 2 2 2 180 2630 7468 2629
14108 2 2 2 180 2628 7468 2627
14109 2 2 2 180 2632 7469 2631
14110 2 2 2 180 2626 7470 2625
14111 2 2 2 180 7467 7469 2621
14112 2 2 2 180 2624 7470 7467
14113 2 2 2 180 2630 7469 7468
14114 2 2 2 180 7468 7470 2627
14115 2 2 2 180 2623 7467 2622
14116 2 2 2 180 2629 7468 2628
14117 2 2 2 180 7467 7470 7469
14118 2 2 2 180 7469 7470 7468
14119 2 2 2 181 2635 7471 2634
14120 2 2 2 181 2645 7477 3460
14121 2 2 2 181 3460 7477 7472
14122 2 2 2 181 2646 7473 2645
14123 2 2 2 181 3458 7478 2635
14124 2 2 2 181 2638 7474 3459
14125 2 2 2 181 3459 7479 2637
14126 2 2 2 181 2636 7477 3458
14127 2 2 2 181 2644 7474 2643
14128 2 2 2 181 3460 7479 2644
14129 2 2 2 181 7473 7477 2645
14130 2 2 2 181 2635 7478 7471
14131 2 2 2 181 7472 7479 3460
14132 2 2 2 181 2648 7475 2647
14133 2 2 2 181 2644 7479 7474
14134 2 2 2 181 7474 7479 3459
14135 2 2 2 181 2646 7475 7473
14136 2 2 2 181 2649 7471 2648
14137 2 2 2 181 2634 7471 2633
14138 2 2 2 181 3458 7477 7473
14139 2 2 2 181 7473 7478 3458
14140 2 2 2 181 2647 7475 2646
14141 2 2 2 181 7472 7477 2636
14142 2 2 2 181 7471 7475 2648
14143 2 2 2 181 7471 7478 7475
14144 2 2 2 181 7475 7478 7473
14145 2 2 2 181 2633 7471 2649
14146 2 2 2 181 2637 7479 7472
14147 2 2 2 181 2637 7472 2636
14148 2 2 2 181 2638 7476 7474
14149 2 2 2 181 7474 7476 2643
14150 2 2 2 181 2639 7476 2638
14151 2 2 2 181 2643 7476 2642
14152 2 2 2 181 2640 7476 2639
14153 2 2 2 181 2642 7476 2641
14154 2 2 2 181 2641 7476 2640
14155 2 2 2 182 2663 7482 2662
14156 2 2 2 182 2650 7484 2665
14157 2 2 2 182 2662 7483 2661
14158 2 2 2 182 2653 7482 7481
14159 2 2 2 182 7480 7483 2656
14160 2 2 2 182 2654 7485 7482
14161 2 2 2 182 2665 7484 2664
14162 2 2 2 182 2663 7484 7482
14163 2 2 2 182 2657 7480 2656
14164 2 2 2 182 2651 7481 2650
14165 2 2 2 182 7481 7484 2650
14166 2 2 2 182 7482 7484 7481
14167 2 2 2 182 2658 7480 2657
14168 2 2 2 182 2661 7483 7480
14169 2 2 2 182 7482 7485 2662
14170 2 2 2 182 2653 7481 2652
14171 2 2 2 182 7483 7485 2655
14172 2 2 2 182 2662 7485 7483
14173 2 2 2 182 2664 7484 2663
14174 2 2 2 182 2655 7485 2654
14175 2 2 2 182 2652 7481 2651
14176 2 2 2 182 2659 7480 2658
14177 2 2 2 182 2661 7480 2660
14178 2 2 2 182 2660 7480 2659
14179 2 2 2 182 2654 7482 2653
14180 2 2 2 182 2656 7483 2655
14181 2 2 2 183 2667 7486 3461
14182 2 2 2 183 3462 7486 2670
14183 2 2 2 183 3463 7486 2667
14184 2 2 2 183 2669 7487 3462
14185 2 2 2 183 3461 7487 2669
14186 2 2 2 183 2670 7486 3463
14187 2 2 2 183 3462 7487 7486
14188 2 2 2 183 7486 7487 3461
14189 2 2 2 183 2668 2666 2669
14190 2 2 2 183 2669 2666 3461
14191 2 2 2 184 2672 7495 2671
14192 2 2 2 184 2679 7493 2680
14193 2 2 2 184 2686 7495 3464
14194 2 2 2 184 2671 7492 2673
14195 2 2 2 184 2682 7491 2683
14196 2 2 2 184 2671 7495 7491
14197 2 2 2 184 2681 7497 2682
14198 2 2 2 184 7491 7492 2671
14199 2 2 2 184 2683 7491 7489
14200 2 2 2 184 7489 7495 2686
14201 2 2 2 184 3464 7495 2672
14202 2 2 2 184 2673 7494 2674
14203 2 2 2 184 2685 7489 2686
14204 2 2 2 184 7491 7497 7492
14205 2 2 2 184 2683 7489 2684
14206 2 2 2 184 7492 7494 2673
14207 2 2 2 184 2682 7497 7491
14208 2 2 2 184 2678 7490 2679
14209 2 2 2 184 7491 7495 7489
14210 2 2 2 184 7492 7497 7494
14211 2 2 2 184 7494 7497 7488
14212 2 2 2 184 7494 7496 2674
14213 2 2 2 184 7490 7493 2679
14214 2 2 2 184 2684 7489 2685
14215 2 2 2 184 2680 7488 2681
14216 2 2 2 184 2680 7493 7488
14217 2 2 2 184 7488 7497 2681
14218 2 2 2 184 7493 7496 7494
14219 2 2 2 184 7493 7494 7488
14220 2 2 2 184 2677 7490 2678
14221 2 2 2 184 2675 7496 7490
14222 2 2 2 184 2675 7490 2676
14223 2 2 2 184 7490 7496 7493
14224 2 2 2 184 2676 7490 2677
14225 2 2 2 184 2674 7496 2675
14226 2 2 2 184 2687 3464 2672
14227 2 2 2 187 2695 2693 3466
14228 2 2 2 187 2690 7498 2691
14229 2 2 2 187 2691 7499 3465
14230 2 2 2 187 3466 7500 2695
14231 2 2 2 187 2695 7500 3467
14232 2 2 2 187 3467 7499 2696
14233 2 2 2 187 7498 7499 2691
14234 2 2 2 187 2688 7498 2690
14235 2 2 2 187 3465 7500 2692
14236 2 2 2 187 2696 7499 7498
14237 2 2 2 187 2696 7498 2697
14238 2 2 2 187 7499 7500 3465
14239 2 2 2 187 2692 7500 3466
14240 2 2 2 187 3467 7500 7499
14241 2 2 2 187 2689 7498 2688
14242 2 2 2 187 2697 7498 2698
14243 2 2 2 187 2698 7498 2689
14244 2 2 2 187 2694 2693 2695
14245 2 2 2 188 2717 7502 2702
14246 2 2 2 188 2702 7503 2717
14247 2 2 2 188 2707 7501 2708
14248 2 2 2 188 2713 7507 2714
14249 2 2 2 188 2714 7504 2715
14250 2 2 2 188 2706 7507 2707
14251 2 2 2 188 2705 7504 2706
14252 2 2 2 188 2708 7501 2709
14253 2 2 2 188 7501 7507 2713
14254 2 2 2 188 2707 7507 7501
14255 2 2 2 188 7502 7504 2705
14256 2 2 2 188 2704 7502 2705
14257 2 2 2 188 2719 7503 3468
14258 2 2 2 188 2712 7501 2713
14259 2 2 2 188 2714 7507 7504
14260 2 2 2 188 7504 7507 2706
14261 2 2 2 188 7504 7505 2715
14262 2 2 2 188 7502 7505 7504
14263 2 2 2 188 3468 7506 2699
14264 2 2 2 188 2711 7501 2712
14265 2 2 2 188 2709 7501 2710
14266 2 2 2 188 2717 7505 7502
14267 2 2 2 188 2702 7506 7503
14268 2 2 2 188 2699 7506 2701
14269 2 2 2 188 2710 7501 2711
14270 2 2 2 188 7503 7506 3468
14271 2 2 2 188 2715 7505 2716
14272 2 2 2 188 2703 7502 2704
14273 2 2 2 188 2718 7503 2719
14274 2 2 2 188 2716 7505 2717
14275 2 2 2 188 2701 7506 2702
14276 2 2 2 188 2702 7502 2703
14277 2 2 2 188 2717 7503 2718
14278 2 2 2 188 2700 3468 2699
14279 2 2 2 190 2725 7509 2724
14280 2 2 2 190 2726 7509 2725
14281 2 2 2 190 7510 7513 2723
14282 2 2 2 190 7509 7510 2724
14283 2 2 2 190 2732 7511 2731
14284 2 2 2 190 2733 7508 2732
14285 2 2 2 190 2721 7508 2720
14286 2 2 2 190 7511 7513 7510
14287 2 2 2 190 2731 7511 2730
14288 2 2 2 190 2727 7509 2726
14289 2 2 2 190 7508 7511 2732
14290 2 2 2 190 7511 7512 2730
14291 2 2 2 190 7508 7513 7511
14292 2 2 2 190 2723 7513 2722
14293 2 2 2 190 2729 7509 2728
14294 2 2 2 190 2720 7508 2733
14295 2 2 2 190 2729 7512 7509
14296 2 2 2 190 7509 7512 7510
14297 2 2 2 190 2721 7513 7508
14298 2 2 2 190 7510 7512 7511
14299 2 2 2 190 2722 7513 2721
14300 2 2 2 190 2728 7509 2727
14301 2 2 2 190 2730 7512 2729
14302 2 2 2 190 2724 7510 2723
14303 2 2 2 191 2747 7519 2746
14304 2 2 2 191 2738 7520 2737
14305 2 2 2 191 2749 7517 7516
14306 2 2 2 191 2739 7514 2738
14307 2 2 2 191 2743 7519 2742
14308 2 2 2 191 7516 7517 7514
14309 2 2 2 191 2742 7515 2741
14310 2 2 2 191 7514 7518 7516
14311 2 2 2 191 2741 7518 2740
14312 2 2 2 191 2744 7519 2743
14313 2 2 2 191 7516 7519 2747
14314 2 2 2 191 7516 7518 7515
14315 2 2 2 191 7514 7520 2738
14316 2 2 2 191 2745 7519 2744
14317 2 2 2 191 2735 7517 2734
14318 2 2 2 191 7515 7519 7516
14319 2 2 2 191 7515 7518 2741
14320 2 2 2 191 2746 7519 2745
14321 2 2 2 191 2740 7518 2739
14322 2 2 2 191 2748 7516 2747
14323 2 2 2 191 7517 7520 7514
14324 2 2 2 191 2737 7520 2736
14325 2 2 2 191 2742 7519 7515
14326 2 2 2 191 2734 7517 2749
14327 2 2 2 191 2739 7518 7514
14328 2 2 2 191 2736 7520 2735
14329 2 2 2 191 2735 7520 7517
14330 2 2 2 191 2749 7516 2748
14331 2 2 2 192 2757 7527 7523
14332 2 2 2 192 2765 7521 2764
14333 2 2 2 192 7523 7524 2755
14334 2 2 2 192 2762 7522 2761
14335 2 2 2 192 7521 7524 7523
14336 2 2 2 192 2761 7527 2760
14337 2 2 2 192 7523 7527 7522
14338 2 2 2 192 7523 7525 7521
14339 2 2 2 192 2764 7525 2763
14340 2 2 2 192 2750 7526 2765
14341 2 2 2 192 2752 7526 2751
14342 2 2 2 192 7521 7525 2764
14343 2 2 2 192 7522 7525 7523
14344 2 2 2 192 2753 7524 2752
14345 2 2 2 192 7521 7526 7524
14346 2 2 2 192 2751 7526 2750
14347 2 2 2 192 2763 7525 2762
14348 2 2 2 192 2756 7523 2755
14349 2 2 2 192 2765 7526 7521
14350 2 2 2 192 7522 7527 2761
14351 2 2 2 192 2760 7527 2759
14352 2 2 2 192 7524 7526 2752
14353 2 2 2 192 2754 7524 2753
14354 2 2 2 192 2758 7527 2757
14355 2 2 2 192 2762 7525 7522
14356 2 2 2 192 2759 7527 2758
14357 2 2 2 192 2755 7524 2754
14358 2 2 2 192 2757 7523 2756
14359 2 2 2 193 2773 7529 2774
14360 2 2 2 193 3469 7530 2766
14361 2 2 2 193 7528 7529 2773
14362 2 2 2 193 2767 7531 3469
14363 2 2 2 193 2772 7528 2773
14364 2 2 2 193 2775 7531 2776
14365 2 2 2 193 2766 7530 2768
14366 2 2 2 193 7529 7530 3469
14367 2 2 2 193 3469 7531 7529
14368 2 2 2 193 7528 7530 7529
14369 2 2 2 193 2769 7528 2770
14370 2 2 2 193 2768 7530 2769
14371 2 2 2 193 2774 7529 2775
14372 2 2 2 193 2776 7531 2767
14373 2 2 2 193 2769 7530 7528
14374 2 2 2 193 2771 7528 2772
14375 2 2 2 193 7529 7531 2775
14376 2 2 2 193 2770 7528 2771
14377 2 2 2 194 3470 2778 2783
14378 2 2 2 194 3470 2777 2778
14379 2 2 2 194 2779 2777 3470
14380 2 2 2 194 3470 2783 2782
14381 2 2 2 194 3470 2780 2779
14382 2 2 2 194 3470 2782 2781
14383 2 2 2 195 2798 7533 2797
14384 2 2 2 195 2784 7532 2801
14385 2 2 2 195 2801 7535 2800
14386 2 2 2 195 3471 7533 2787
14387 2 2 2 195 2789 7537 2788
14388 2 2 2 195 2795 7537 2794
14389 2 2 2 195 2798 7535 7533
14390 2 2 2 195 7532 7535 2801
14391 2 2 2 195 7533 7536 2797
14392 2 2 2 195 2787 7533 7532
14393 2 2 2 195 2797 7536 2796
14394 2 2 2 195 7536 7538 2796
14395 2 2 2 195 3472 7538 7536
14396 2 2 2 195 3472 7536 3471
14397 2 2 2 195 3471 7536 7533
14398 2 2 2 195 2788 7538 3472
14399 2 2 2 195 2796 7538 2795
14400 2 2 2 195 2800 7535 2799
14401 2 2 2 195 2785 7532 2784
14402 2 2 2 195 2795 7538 7537
14403 2 2 2 195 7537 7538 2788
14404 2 2 2 195 7533 7535 7532
14405 2 2 2 195 2787 7532 2786
14406 2 2 2 195 2794 7537 7534
14407 2 2 2 195 7534 7537 2789
14408 2 2 2 195 2799 7535 2798
14409 2 2 2 195 2786 7532 2785
14410 2 2 2 195 2794 7534 2793
14411 2 2 2 195 2790 7534 2789
14412 2 2 2 195 2791 7534 2790
14413 2 2 2 195 2793 7534 2792
14414 2 2 2 195 2792 7534 2791
14415 2 2 2 196 2815 7546 3477
14416 2 2 2 196 2807 7547 2806
14417 2 2 2 196 2804 7540 2803
14418 2 2 2 196 2804 7541 7540
14419 2 2 2 196 2805 7541 2804
14420 2 2 2 196 3475 7542 2813
14421 2 2 2 196 7541 7543 3477
14422 2 2 2 196 2813 7542 7539
14423 2 2 2 196 3477 7546 7541
14424 2 2 2 196 3477 7543 3476
14425 2 2 2 196 2813 7539 2812
14426 2 2 2 196 7543 7544 3476
14427 2 2 2 196 3476 7544 2814
14428 2 2 2 196 2806 7547 7542
14429 2 2 2 196 2806 7545 3474
14430 2 2 2 196 2814 7545 3475
14431 2 2 2 196 3473 7543 2805
14432 2 2 2 196 3473 7544 7543
14433 2 2 2 196 3474 7544 3473
14434 2 2 2 196 7542 7545 2806
14435 2 2 2 196 7544 7545 2814
14436 2 2 2 196 2805 7543 7541
14437 2 2 2 196 2817 7546 2816
14438 2 2 2 196 7541 7546 7540
14439 2 2 2 196 3474 7545 7544
14440 2 2 2 196 3475 7545 7542
14441 2 2 2 196 7542 7547 7539
14442 2 2 2 196 2818 7540 2817
14443 2 2 2 196 2803 7540 2802
14444 2 2 2 196 2809 7547 2808
14445 2 2 2 196 2816 7546 2815
14446 2 2 2 196 2812 7539 2811
14447 2 2 2 196 2810 7539 2809
14448 2 2 2 196 7540 7546 2817
14449 2 2 2 196 2808 7547 2807
14450 2 2 2 196 2802 7540 2818
14451 2 2 2 196 7539 7547 2809
14452 2 2 2 196 2811 7539 2810
14453 2 2 2 197 2827 7549 2826
14454 2 2 2 197 2822 7550 2821
14455 2 2 2 197 7549 7550 2826
14456 2 2 2 197 7548 7551 2819
14457 2 2 2 197 2823 7550 2822
14458 2 2 2 197 2820 7548 2819
14459 2 2 2 197 7548 7550 7549
14460 2 2 2 197 2828 7549 2827
14461 2 2 2 197 2830 7549 2829
14462 2 2 2 197 7549 7551 7548
14463 2 2 2 197 2826 7550 2825
14464 2 2 2 197 2821 7550 7548
14465 2 2 2 197 2821 7548 2820
14466 2 2 2 197 2832 7551 2831
14467 2 2 2 197 2829 7549 2828
14468 2 2 2 197 2830 7551 7549
14469 2 2 2 197 2824 7550 2823
14470 2 2 2 197 2831 7551 2830
14471 2 2 2 197 2825 7550 2824
14472 2 2 2 197 2819 7551 2832
14473 2 2 2 198 2840 7553 2841
14474 2 2 2 198 2835 7552 2836
14475 2 2 2 198 2834 7554 3478
14476 2 2 2 198 2839 7552 2840
14477 2 2 2 198 3478 7555 2833
14478 2 2 2 198 2841 7554 2842
14479 2 2 2 198 2842 7554 2843
14480 2 2 2 198 2843 7554 2834
14481 2 2 2 198 7553 7555 3478
14482 2 2 2 198 7552 7553 2840
14483 2 2 2 198 7553 7554 2841
14484 2 2 2 198 3478 7554 7553
14485 2 2 2 198 2835 7555 7552
14486 2 2 2 198 2833 7555 2835
14487 2 2 2 198 2836 7552 2837
14488 2 2 2 198 2838 7552 2839
14489 2 2 2 198 7552 7555 7553
14490 2 2 2 198 2837 7552 2838
14491 2 2 2 199 3479 7556 2848
14492 2 2 2 199 2849 7556 2850
14493 2 2 2 199 2845 7556 2844
14494 2 2 2 199 2844 7556 3479
14495 2 2 2 199 2850 7556 2845
14496 2 2 2 199 2846 3479 2847
14497 2 2 2 199 2846 2844 3479
14498 2 2 2 199 2848 7556 2849
14499 2 2 2 200 2853 7560 3481
14500 2 2 2 200 2863 7559 3484
14501 2 2 2 200 2853 7565 7560
14502 2 2 2 200 2864 7560 2865
14503 2 2 2 200 2855 7559 2856
14504 2 2 2 200 2868 7565 2852
14505 2 2 2 200 7557 7559 2863
14506 2 2 2 200 2857 7561 2858
14507 2 2 2 200 7559 7564 3484
14508 2 2 2 200 3482 7562 2864
14509 2 2 2 200 2856 7561 2857
14510 2 2 2 200 3482 7563 7562
14511 2 2 2 200 3483 7563 3482
14512 2 2 2 200 3484 7564 3483
14513 2 2 2 200 3483 7564 7563
14514 2 2 2 200 3481 7562 3480
14515 2 2 2 200 7562 7563 3480
14516 2 2 2 200 3480 7563 2854
14517 2 2 2 200 2854 7564 2855
14518 2 2 2 200 7563 7564 2854
14519 2 2 2 200 7560 7562 3481
14520 2 2 2 200 2855 7564 7559
14521 2 2 2 200 2865 7560 7558
14522 2 2 2 200 2859 7561 2860
14523 2 2 2 200 2864 7562 7560
14524 2 2 2 200 7559 7561 2856
14525 2 2 2 200 2852 7565 2851
14526 2 2 2 200 7558 7565 2868
14527 2 2 2 200 2867 7558 2868
14528 2 2 2 200 2860 7557 2861
14529 2 2 2 200 2858 7561 2859
14530 2 2 2 200 7557 7561 7559
14531 2 2 2 200 7560 7565 7558
14532 2 2 2 200 2865 7558 2866
14533 2 2 2 200 2862 7557 2863
14534 2 2 2 200 2860 7561 7557
14535 2 2 2 200 2851 7565 2853
14536 2 2 2 200 2866 7558 2867
14537 2 2 2 200 2861 7557 2862
14538 2 2 2 201 2869 2870 2871
14539 2 2 2 202 2878 7566 2877
14540 2 2 2 202 2872 7566 2885
14541 2 2 2 202 2877 7566 2876
14542 2 2 2 202 2873 7566 2872
14543 2 2 2 202 2878 7567 7566
14544 2 2 2 202 7566 7567 2885
14545 2 2 2 202 2884 7568 2883
14546 2 2 2 202 2879 7568 7567
14547 2 2 2 202 2883 7568 2882
14548 2 2 2 202 7567 7568 2884
14549 2 2 2 202 2876 7566 2875
14550 2 2 2 202 2874 7566 2873
14551 2 2 2 202 2882 7568 2881
14552 2 2 2 202 2875 7566 2874
14553 2 2 2 202 2880 7568 2879
14554 2 2 2 202 2881 7568 2880
14555 2 2 2 202 2885 7567 2884
14556 2 2 2 202 2879 7567 2878
14557 2 2 2 203 2892 7571 2891
14558 2 2 2 203 2895 7572 3486
14559 2 2 2 203 2902 7572 2901
14560 2 2 2 203 7572 7573 2894
14561 2 2 2 203 3486 7572 2894
14562 2 2 2 203 2904 7571 2903
14563 2 2 2 203 2888 7575 2887
14564 2 2 2 203 2894 7573 3485
14565 2 2 2 203 2896 7569 2895
14566 2 2 2 203 2891 7571 7570
14567 2 2 2 203 2897 7569 2896
14568 2 2 2 203 2903 7574 3488
14569 2 2 2 203 7569 7572 2895
14570 2 2 2 203 3488 7576 3487
14571 2 2 2 203 2902 7573 7572
14572 2 2 2 203 3487 7576 7573
14573 2 2 2 203 7574 7576 3488
14574 2 2 2 203 2893 7574 2892
14575 2 2 2 203 3487 7573 2902
14576 2 2 2 203 3485 7576 2893
14577 2 2 2 203 7573 7576 3485
14578 2 2 2 203 2893 7576 7574
14579 2 2 2 203 2904 7575 7571
14580 2 2 2 203 2892 7574 7571
14581 2 2 2 203 7571 7574 2903
14582 2 2 2 203 2887 7575 2886
14583 2 2 2 203 7571 7575 7570
14584 2 2 2 203 2898 7569 2897
14585 2 2 2 203 7570 7575 2888
14586 2 2 2 203 2889 7570 2888
14587 2 2 2 203 2901 7572 7569
14588 2 2 2 203 2891 7570 2890
14589 2 2 2 203 2886 7575 2904
14590 2 2 2 203 2890 7570 2889
14591 2 2 2 203 2899 7569 2898
14592 2 2 2 203 2901 7569 2900
14593 2 2 2 203 2900 7569 2899
14594 2 2 2 204 2906 7580 2905
14595 2 2 2 204 2910 7579 2909
14596 2 2 2 204 2915 7581 2914
14597 2 2 2 204 2909 7579 7578
14598 2 2 2 204 7578 7579 7577
14599 2 2 2 204 7578 7580 2906
14600 2 2 2 204 7577 7580 7578
14601 2 2 2 204 2905 7580 2918
14602 2 2 2 204 2917 7580 2916
14603 2 2 2 204 2907 7578 2906
14604 2 2 2 204 2909 7578 2908
14605 2 2 2 204 2916 7577 2915
14606 2 2 2 204 7577 7581 2915
14607 2 2 2 204 2912 7579 2911
14608 2 2 2 204 2916 7580 7577
14609 2 2 2 204 2908 7578 2907
14610 2 2 2 204 2918 7580 2917
14611 2 2 2 204 7579 7581 7577
14612 2 2 2 204 2914 7581 2913
14613 2 2 2 204 2911 7579 2910
14614 2 2 2 204 2913 7581 2912
14615 2 2 2 204 2912 7581 7579
14616 2 2 2 205 2929 7583 2928
14617 2 2 2 205 2930 7583 2929
14618 2 2 2 205 2919 7582 2934
14619 2 2 2 205 2928 7583 2927
14620 2 2 2 205 2926 7586 2925
14621 2 2 2 205 2931 7583 2930
14622 2 2 2 205 2927 7588 2926
14623 2 2 2 205 2925 7586 7584
14624 2 2 2 205 2922 7587 2921
14625 2 2 2 205 2920 7587 2919
14626 2 2 2 205 2932 7583 2931
14627 2 2 2 205 2933 7585 2932
14628 2 2 2 205 2923 7584 2922
14629 2 2 2 205 2925 7584 2924
14630 2 2 2 205 7586 7587 7584
14631 2 2 2 205 7582 7587 7586
14632 2 2 2 205 2921 7587 2920
14633 2 2 2 205 2932 7585 7583
14634 2 2 2 205 7584 7587 2922
14635 2 2 2 205 2919 7587 7582
14636 2 2 2 205 7586 7588 7585
14637 2 2 2 205 7583 7588 2927
14638 2 2 2 205 7585 7588 7583
14639 2 2 2 205 7582 7586 7585
14640 2 2 2 205 2934 7585 2933
14641 2 2 2 205 2924 7584 2923
14642 2 2 2 205 2926 7588 7586
14643 2 2 2 205 7582 7585 2934
14644 2 2 2 206 2939 7592 2938
14645 2 2 2 206 2935 7589 2950
14646 2 2 2 206 7589 7594 2950
14647 2 2 2 206 2949 7593 2948
14648 2 2 2 206 2942 7591 2941
14649 2 2 2 206 2950 7594 2949
14650 2 2 2 206 2944 7590 2943
14651 2 2 2 206 2943 7593 2942
14652 2 2 2 206 7591 7594 7589
14653 2 2 2 206 2945 7590 2944
14654 2 2 2 206 2938 7592 7589
14655 2 2 2 206 7589 7592 7591
14656 2 2 2 206 2948 7593 7590
14657 2 2 2 206 2940 7592 2939
14658 2 2 2 206 7590 7593 2943
14659 2 2 2 206 2938 7589 2937
14660 2 2 2 206 2936 7589 2935
14661 2 2 2 206 2949 7594 7593
14662 2 2 2 206 2942 7593 7591
14663 2 2 2 206 7593 7594 7591
14664 2 2 2 206 7591 7592 2941
14665 2 2 2 206 2941 7592 2940
14666 2 2 2 206 2937 7589 2936
14667 2 2 2 206 2946 7590 2945
14668 2 2 2 206 2948 7590 2947
14669 2 2 2 206 2947 7590 2946
14670 2 2 2 207 2962 7596 2961
14671 2 2 2 207 2965 7595 2964
14672 2 2 2 207 2962 7599 7596
14673 2 2 2 207 7597 7598 2955
14674 2 2 2 207 2963 7599 2962
14675 2 2 2 207 7595 7598 7597
14676 2 2 2 207 7597 7599 7595
14677 2 2 2 207 2964 7599 2963
14678 2 2 2 207 7599 7601 7596
14679 2 2 2 207 2966 7600 2965
14680 2 2 2 207 2952 7600 2951
14681 2 2 2 207 2953 7598 2952
14682 2 2 2 207 7595 7600 7598
14683 2 2 2 207 7596 7601 2957
14684 2 2 2 207 2951 7600 2966
14685 2 2 2 207 7595 7599 2964
14686 2 2 2 207 2958 7596 2957
14687 2 2 2 207 7597 7601 7599
14688 2 2 2 207 7598 7600 2952
14689 2 2 2 207 2956 7597 2955
14690 2 2 2 207 2965 7600 7595
14691 2 2 2 207 2954 7598 2953
14692 2 2 2 207 2959 7596 2958
14693 2 2 2 207 2961 7596 2960
14694 2 2 2 207 2956 7601 7597
14695 2 2 2 207 2960 7596 2959
14696 2 2 2 207 2957 7601 2956
14697 2 2 2 207 2955 7598 2954
14698 2 2 2 208 3491 7602 2968
14699 2 2 2 208 2976 7604 3489
14700 2 2 2 208 3489 7606 2977
14701 2 2 2 208 3489 7603 2978
14702 2 2 2 208 3491 7605 7602
14703 2 2 2 208 3489 7604 7603
14704 2 2 2 208 2969 7607 2970
14705 2 2 2 208 3491 7608 7605
14706 2 2 2 208 2977 7606 3490
14707 2 2 2 208 2978 7606 3489
14708 2 2 2 208 2980 7608 3491
14709 2 2 2 208 2970 7607 2971
14710 2 2 2 208 2971 7607 2972
14711 2 2 2 208 2973 7607 7605
14712 2 2 2 208 2967 7602 2969
14713 2 2 2 208 2974 7605 7604
14714 2 2 2 208 3490 7606 2978
14715 2 2 2 208 2972 7607 2973
14716 2 2 2 208 7604 7608 7603
14717 2 2 2 208 7605 7608 7604
14718 2 2 2 208 7605 7607 7602
14719 2 2 2 208 2979 7603 2980
14720 2 2 2 208 2974 7604 2975
14721 2 2 2 208 2975 7604 2976
14722 2 2 2 208 7602 7607 2969
14723 2 2 2 208 7603 7608 2980
14724 2 2 2 208 2968 7602 2967
14725 2 2 2 208 2978 7603 2979
14726 2 2 2 208 2973 7605 2974
14727 2 2 2 209 3492 2982 3494
14728 2 2 2 209 3494 7609 3492
14729 2 2 2 209 2984 7609 3494
14730 2 2 2 209 2983 7609 3493
14731 2 2 2 209 3493 7609 2984
14732 2 2 2 209 3492 7609 2983
14733 2 2 2 209 2983 2981 3492
14734 2 2 2 212 2989 7610 2988
14735 2 2 2 212 2997 7612 2996
14736 2 2 2 212 2996 7612 2995
14737 2 2 2 212 2990 7610 2989
14738 2 2 2 212 7610 7614 2988
14739 2 2 2 212 7611 7612 2997
14740 2 2 2 212 7610 7612 7611
14741 2 2 2 212 7611 7614 7610
14742 2 2 2 212 2986 7611 2985
14743 2 2 2 212 2998 7611 2997
14744 2 2 2 212 2993 7613 2992
14745 2 2 2 212 2994 7615 2993
14746 2 2 2 212 2988 7614 2987
14747 2 2 2 212 2995 7615 2994
14748 2 2 2 212 2985 7611 2998
14749 2 2 2 212 7610 7615 7612
14750 2 2 2 212 2986 7614 7611
14751 2 2 2 212 2993 7615 7613
14752 2 2 2 212 2991 7613 2990
14753 2 2 2 212 2987 7614 2986
14754 2 2 2 212 2990 7613 7610
14755 2 2 2 212 2992 7613 2991
14756 2 2 2 212 7613 7615 7610
14757 2 2 2 212 7612 7615 2995
14758 2 2 2 213 3005 7616 3004
14759 2 2 2 213 3012 7619 3011
14760 2 2 2 213 3006 7620 3005
14761 2 2 2 213 3008 7620 3007
14762 2 2 2 213 3002 7621 3001
14763 2 2 2 213 3004 7621 3003
14764 2 2 2 213 2999 7618 3012
14765 2 2 2 213 3001 7618 3000
14766 2 2 2 213 7616 7619 7618
14767 2 2 2 213 3011 7617 3010
14768 2 2 2 213 3009 7617 3008
14769 2 2 2 213 7618 7621 7616
14770 2 2 2 213 7616 7620 7619
14771 2 2 2 213 3007 7620 3006
14772 2 2 2 213 7618 7619 3012
14773 2 2 2 213 3003 7621 3002
14774 2 2 2 213 3005 7620 7616
14775 2 2 2 213 3001 7621 7618
14776 2 2 2 213 7617 7620 3008
14777 2 2 2 213 3000 7618 2999
14778 2 2 2 213 7616 7621 3004
14779 2 2 2 213 3011 7619 7617
14780 2 2 2 213 3010 7617 3009
14781 2 2 2 213 7619 7620 7617
14782 2 2 2 214 3015 7624 3014
14783 2 2 2 214 3020 7626 3019
14784 2 2 2 214 3023 7625 3022
14785 2 2 2 214 3025 7625 3024
14786 2 2 2 214 3022 7622 3021
14787 2 2 2 214 3014 7624 7623
14788 2 2 2 214 3026 7623 3025
14789 2 2 2 214 3014 7623 3013
14790 2 2 2 214 3024 7625 3023
14791 2 2 2 214 7622 7625 7624
14792 2 2 2 214 7624 7625 7623
14793 2 2 2 214 3022 7625 7622
14794 2 2 2 214 7623 7625 3025
14795 2 2 2 214 3017 7626 3016
14796 2 2 2 214 7622 7626 3020
14797 2 2 2 214 3013 7623 3026
14798 2 2 2 214 3021 7622 3020
14799 2 2 2 214 3019 7626 3018
14800 2 2 2 214 3016 7624 3015
14801 2 2 2 214 7624 7626 7622
14802 2 2 2 214 3018 7626 3017
14803 2 2 2 214 3016 7626 7624
14804 2 2 2 215 3037 7628 3036
14805 2 2 2 215 3030 7627 3029
14806 2 2 2 215 3031 7627 3030
14807 2 2 2 215 7627 7629 3029
14808 2 2 2 215 7628 7630 3036
14809 2 2 2 215 3035 7630 7627
14810 2 2 2 215 3035 7627 3034
14811 2 2 2 215 3027 7631 3040
14812 2 2 2 215 7627 7630 7629
14813 2 2 2 215 3040 7628 3039
14814 2 2 2 215 3038 7628 3037
14815 2 2 2 215 7628 7631 7630
14816 2 2 2 215 7630 7631 7629
14817 2 2 2 215 3040 7631 7628
14818 2 2 2 215 3034 7627 3033
14819 2 2 2 215 3032 7627 3031
14820 2 2 2 215 3028 7631 3027
14821 2 2 2 215 3039 7628 3038
14822 2 2 2 215 7629 7631 3028
14823 2 2 2 215 3033 7627 3032
14824 2 2 2 215 3029 7629 3028
14825 2 2 2 215 3036 7630 3035
14826 2 2 2 216 3056 7636 3055
14827 2 2 2 216 3053 7634 3052
14828 2 2 2 216 3045 7635 3044
14829 2 2 2 216 3044 7638 3043
14830 2 2 2 216 3052 7639 3051
14831 2 2 2 216 7632 7636 3056
14832 2 2 2 216 7633 7635 3045
14833 2 2 2 216 3055 7636 3054
14834 2 2 2 216 3041 7632 3056
14835 2 2 2 216 3049 7637 3048
14836 2 2 2 216 3043 7632 3042
14837 2 2 2 216 3043 7638 7632
14838 2 2 2 216 7632 7638 7636
14839 2 2 2 216 3053 7636 7634
14840 2 2 2 216 3051 7639 7637
14841 2 2 2 216 7636 7638 7634
14842 2 2 2 216 3048 7633 3047
14843 2 2 2 216 7633 7637 7635
14844 2 2 2 216 7637 7639 7635
14845 2 2 2 216 7635 7638 3044
14846 2 2 2 216 7634 7638 7635
14847 2 2 2 216 3046 7633 3045
14848 2 2 2 216 7634 7639 3052
14849 2 2 2 216 3051 7637 3050
14850 2 2 2 216 7635 7639 7634
14851 2 2 2 216 3054 7636 3053
14852 2 2 2 216 3050 7637 3049
14853 2 2 2 216 3042 7632 3041
14854 2 2 2 216 3048 7637 7633
14855 2 2 2 216 3047 7633 3046
14856 2 2 2 217 3063 7640 3062
14857 2 2 2 217 3059 7643 3058
14858 2 2 2 217 3063 7645 7640
14859 2 2 2 217 3071 7644 3070
14860 2 2 2 217 3072 7641 3071
14861 2 2 2 217 3065 7644 3064
14862 2 2 2 217 3064 7645 3063
14863 2 2 2 217 7640 7645 7641
14864 2 2 2 217 7640 7643 3059
14865 2 2 2 217 7641 7643 7640
14866 2 2 2 217 3070 7644 7642
14867 2 2 2 217 3058 7643 3057
14868 2 2 2 217 3062 7640 3061
14869 2 2 2 217 3060 7640 3059
14870 2 2 2 217 7642 7644 3065
14871 2 2 2 217 3066 7642 3065
14872 2 2 2 217 7641 7644 3071
14873 2 2 2 217 3067 7642 3066
14874 2 2 2 217 3072 7643 7641
14875 2 2 2 217 3057 7643 3072
14876 2 2 2 217 3061 7640 3060
14877 2 2 2 217 7644 7645 3064
14878 2 2 2 217 7641 7645 7644
14879 2 2 2 217 3068 7642 3067
14880 2 2 2 217 3070 7642 3069
14881 2 2 2 217 3069 7642 3068
14882 2 2 2 218 3073 7648 3086
14883 2 2 2 218 3080 7646 3079
14884 2 2 2 218 7647 7648 3073
14885 2 2 2 218 7646 7648 7647
14886 2 2 2 218 7646 7649 3079
14887 2 2 2 218 3077 7649 3076
14888 2 2 2 218 3076 7647 3075
14889 2 2 2 218 3074 7647 3073
14890 2 2 2 218 3079 7649 3078
14891 2 2 2 218 7647 7649 7646
14892 2 2 2 218 3081 7646 3080
14893 2 2 2 218 3082 7650 3081
14894 2 2 2 218 3084 7650 3083
14895 2 2 2 218 3076 7649 7647
14896 2 2 2 218 7646 7650 7648
14897 2 2 2 218 3085 7648 3084
14898 2 2 2 218 3083 7650 3082
14899 2 2 2 218 3075 7647 3074
14900 2 2 2 218 3078 7649 3077
14901 2 2 2 218 3081 7650 7646
14902 2 2 2 218 3086 7648 3085
14903 2 2 2 218 7648 7650 3084
14904 2 2 2 219 3087 7654 3100
14905 2 2 2 219 3094 7653 3093
14906 2 2 2 219 3098 7651 3097
14907 2 2 2 219 3093 7652 3092
14908 2 2 2 219 3093 7653 7652
14909 2 2 2 219 3100 7654 7651
14910 2 2 2 219 3091 7652 3090
14911 2 2 2 219 3100 7651 3099
14912 2 2 2 219 3090 7654 3089
14913 2 2 2 219 3088 7654 3087
14914 2 2 2 219 7652 7653 7651
14915 2 2 2 219 3095 7653 3094
14916 2 2 2 219 3097 7653 3096
14917 2 2 2 219 7651 7653 3097
14918 2 2 2 219 7651 7654 7652
14919 2 2 2 219 7652 7654 3090
14920 2 2 2 219 3089 7654 3088
14921 2 2 2 219 3096 7653 3095
14922 2 2 2 219 3099 7651 3098
14923 2 2 2 219 3092 7652 3091
14924 2 2 2 220 3114 7658 3501
14925 2 2 2 220 3499 7657 3112
14926 2 2 2 220 3495 7658 3104
14927 2 2 2 220 3115 7656 3114
14928 2 2 2 220 3106 7657 3498
14929 2 2 2 220 3105 7659 3495
14930 2 2 2 220 3495 7659 3501
14931 2 2 2 220 3501 7658 3495
14932 2 2 2 220 3112 7655 3111
14933 2 2 2 220 3116 7656 3115
14934 2 2 2 220 3113 7660 3500
14935 2 2 2 220 3500 7661 3499
14936 2 2 2 220 3111 7655 3110
14937 2 2 2 220 3501 7659 3113
14938 2 2 2 220 7660 7662 3500
14939 2 2 2 220 7656 7658 3114
14940 2 2 2 220 3496 7660 3105
14941 2 2 2 220 3500 7662 7661
14942 2 2 2 220 3107 7655 3106
14943 2 2 2 220 3498 7661 3497
14944 2 2 2 220 3497 7662 3496
14945 2 2 2 220 3104 7656 3103
14946 2 2 2 220 7655 7657 3106
14947 2 2 2 220 3112 7657 7655
14948 2 2 2 220 3104 7658 7656
14949 2 2 2 220 3105 7660 7659
14950 2 2 2 220 7657 7661 3498
14951 2 2 2 220 3496 7662 7660
14952 2 2 2 220 7661 7662 3497
14953 2 2 2 220 7659 7660 3113
14954 2 2 2 220 3499 7661 7657
14955 2 2 2 220 3103 7656 3102
14956 2 2 2 220 3101 7656 3116
14957 2 2 2 220 3108 7655 3107
14958 2 2 2 220 3110 7655 3109
14959 2 2 2 220 3102 7656 3101
14960 2 2 2 220 3109 7655 3108
14961 2 2 2 221 3502 7667 3122
14962 2 2 2 221 3503 7671 3131
14963 2 2 2 221 3504 7670 3132
14964 2 2 2 221 3120 7672 3121
14965 2 2 2 221 3502 7669 7667
14966 2 2 2 221 3502 7673 7669
14967 2 2 2 221 7666 7671 3503
14968 2 2 2 221 3131 7671 3504
14969 2 2 2 221 3122 7667 7663
14970 2 2 2 221 7665 7673 7672
14971 2 2 2 221 7665 7672 7666
14972 2 2 2 221 3126 7663 3127
14973 2 2 2 221 3122 7663 3123
14974 2 2 2 221 7664 7671 7666
14975 2 2 2 221 7666 7672 7664
14976 2 2 2 221 3121 7673 3502
14977 2 2 2 221 7672 7673 3121
14978 2 2 2 221 7663 7667 3127
14979 2 2 2 221 3130 7666 3503
14980 2 2 2 221 7665 7666 3130
14981 2 2 2 221 7667 7669 3128
14982 2 2 2 221 3119 7668 7664
14983 2 2 2 221 3129 7669 7665
14984 2 2 2 221 7669 7673 7665
14985 2 2 2 221 7664 7672 3120
14986 2 2 2 221 3123 7663 3124
14987 2 2 2 221 3125 7663 3126
14988 2 2 2 221 3119 7664 3120
14989 2 2 2 221 3128 7669 3129
14990 2 2 2 221 3504 7671 7668
14991 2 2 2 221 7668 7671 7664
14992 2 2 2 221 3118 7670 3117
14993 2 2 2 221 3117 7670 7668
14994 2 2 2 221 7668 7670 3504
14995 2 2 2 221 3132 7670 3118
14996 2 2 2 221 3124 7663 3125
14997 2 2 2 221 3117 7668 3119
14998 2 2 2 221 3129 7665 3130
14999 2 2 2 221 3127 7667 3128
15000 2 2 2 222 3138 7674 3134
15001 2 2 2 222 3137 7674 3138
15002 2 2 2 222 3135 7674 3136
15003 2 2 2 222 3505 7674 3135
15004 2 2 2 222 3136 7674 3137
15005 2 2 2 222 3134 7674 3505
15006 2 2 2 222 3135 3133 3505
15007 2 2 2 223 3147 7677 3146
15008 2 2 2 223 3140 7676 3139
15009 2 2 2 223 3140 7678 7676
15010 2 2 2 223 3150 7679 3149
15011 2 2 2 223 3148 7679 3147
15012 2 2 2 223 3139 7676 3152
15013 2 2 2 223 3151 7676 3150
15014 2 2 2 223 3149 7679 3148
15015 2 2 2 223 7675 7678 3141
15016 2 2 2 223 7678 7679 7676
15017 2 2 2 223 3142 7675 3141
15018 2 2 2 223 3147 7679 7677
15019 2 2 2 223 7677 7679 7678
15020 2 2 2 223 7676 7679 3150
15021 2 2 2 223 3143 7675 3142
15022 2 2 2 223 3146 7677 7675
15023 2 2 2 223 3152 7676 3151
15024 2 2 2 223 7677 7678 7675
15025 2 2 2 223 3144 7675 3143
15026 2 2 2 223 3146 7675 3145
15027 2 2 2 223 3145 7675 3144
15028 2 2 2 223 3141 7678 3140
15029 2 2 2 224 3163 7684 3162
15030 2 2 2 224 3157 7682 7681
15031 2 2 2 224 3165 7680 3164
15032 2 2 2 224 3158 7682 3157
15033 2 2 2 224 3154 7683 3153
15034 2 2 2 224 3166 7683 3165
15035 2 2 2 224 7681 7682 7680
15036 2 2 2 224 3155 7681 3154
15037 2 2 2 224 3157 7681 3156
15038 2 2 2 224 7680 7684 3163
15039 2 2 2 224 7680 7683 7681
15040 2 2 2 224 3164 7680 3163
15041 2 2 2 224 3165 7683 7680
15042 2 2 2 224 3153 7683 3166
15043 2 2 2 224 3160 7682 3159
15044 2 2 2 224 7681 7683 3154
15045 2 2 2 224 7682 7684 7680
15046 2 2 2 224 3156 7681 3155
15047 2 2 2 224 3162 7684 3161
15048 2 2 2 224 3159 7682 3158
15049 2 2 2 224 3161 7684 3160
15050 2 2 2 224 3160 7684 7682
15051 2 2 2 225 3173 7691 3172
15052 2 2 2 225 3180 7686 3179
15053 2 2 2 225 3179 7686 3178
15054 2 2 2 225 3172 7689 3171
15055 2 2 2 225 3181 7685 3180
15056 2 2 2 225 3174 7691 3173
15057 2 2 2 225 3172 7691 7689
15058 2 2 2 225 7685 7686 3180
15059 2 2 2 225 7685 7689 7686
15060 2 2 2 225 3168 7690 3167
15061 2 2 2 225 3182 7690 3181
15062 2 2 2 225 7689 7691 7686
15063 2 2 2 225 3171 7688 3170
15064 2 2 2 225 3169 7688 3168
15065 2 2 2 225 7685 7690 7689
15066 2 2 2 225 3167 7690 3182
15067 2 2 2 225 7689 7690 7688
15068 2 2 2 225 3171 7689 7688
15069 2 2 2 225 3181 7690 7685
15070 2 2 2 225 7688 7690 3168
15071 2 2 2 225 3170 7688 3169
15072 2 2 2 225 7686 7687 3178
15073 2 2 2 225 7687 7691 3174
15074 2 2 2 225 3175 7687 3174
15075 2 2 2 225 7686 7691 7687
15076 2 2 2 225 3176 7687 3175
15077 2 2 2 225 3178 7687 3177
15078 2 2 2 225 3177 7687 3176
15079 2 2 2 226 3201 7699 3200
15080 2 2 2 226 3201 7701 7699
15081 2 2 2 226 3194 7696 3193
15082 2 2 2 226 3188 7692 3187
15083 2 2 2 226 3189 7702 3188
15084 2 2 2 226 3191 7698 3190
15085 2 2 2 226 3200 7696 3199
15086 2 2 2 226 3193 7699 3192
15087 2 2 2 226 7699 7701 7694
15088 2 2 2 226 3203 7700 3202
15089 2 2 2 226 3200 7699 7696
15090 2 2 2 226 3187 7692 3186
15091 2 2 2 226 7693 7696 3194
15092 2 2 2 226 7698 7701 7700
15093 2 2 2 226 3195 7693 3194
15094 2 2 2 226 3202 7701 3201
15095 2 2 2 226 3188 7702 7692
15096 2 2 2 226 7700 7703 7698
15097 2 2 2 226 7702 7703 7695
15098 2 2 2 226 3190 7703 3189
15099 2 2 2 226 7700 7701 3202
15100 2 2 2 226 3189 7703 7702
15101 2 2 2 226 3196 7693 3195
15102 2 2 2 226 3199 7696 7693
15103 2 2 2 226 7698 7703 3190
15104 2 2 2 226 7694 7698 3191
15105 2 2 2 226 7696 7699 3193
15106 2 2 2 226 7694 7701 7698
15107 2 2 2 226 3192 7699 7694
15108 2 2 2 226 7695 7703 7700
15109 2 2 2 226 7695 7700 3203
15110 2 2 2 226 7697 7702 7695
15111 2 2 2 226 7692 7702 7697
15112 2 2 2 226 3192 7694 3191
15113 2 2 2 226 7692 7697 3183
15114 2 2 2 226 3204 7697 7695
15115 2 2 2 226 3186 7692 3185
15116 2 2 2 226 3204 7695 3203
15117 2 2 2 226 3184 7692 3183
15118 2 2 2 226 3197 7693 3196
15119 2 2 2 226 3185 7692 3184
15120 2 2 2 226 3199 7693 3198
15121 2 2 2 226 3198 7693 3197
15122 2 2 2 226 3183 7697 3204
15123 2 2 2 227 3217 7705 3216
15124 2 2 2 227 3218 7706 3217
15125 2 2 2 227 3219 7704 3218
15126 2 2 2 227 3211 7707 3210
15127 2 2 2 227 3212 7710 3211
15128 2 2 2 227 7704 7706 3218
15129 2 2 2 227 3210 7707 3209
15130 2 2 2 227 3217 7706 7705
15131 2 2 2 227 3220 7704 3219
15132 2 2 2 227 3211 7710 7707
15133 2 2 2 227 3213 7705 3212
15134 2 2 2 227 3207 7708 3206
15135 2 2 2 227 3208 7709 3207
15136 2 2 2 227 7704 7707 7706
15137 2 2 2 227 7705 7710 3212
15138 2 2 2 227 3209 7709 3208
15139 2 2 2 227 7707 7710 7706
15140 2 2 2 227 7704 7709 7707
15141 2 2 2 227 3205 7708 3220
15142 2 2 2 227 7706 7710 7705
15143 2 2 2 227 3207 7709 7708
15144 2 2 2 227 3214 7705 3213
15145 2 2 2 227 3216 7705 3215
15146 2 2 2 227 3220 7708 7704
15147 2 2 2 227 3206 7708 3205
15148 2 2 2 227 7708 7709 7704
15149 2 2 2 227 7707 7709 3209
15150 2 2 2 227 3215 7705 3214
15151 2 2 2 228 7712 7713 3227
15152 2 2 2 228 3231 7714 3230
15153 2 2 2 228 3221 7711 3234
15154 2 2 2 228 3222 7715 3221
15155 2 2 2 228 3224 7715 3223
15156 2 2 2 228 3234 7711 3233
15157 2 2 2 228 3232 7714 3231
15158 2 2 2 228 7712 7714 7713
15159 2 2 2 228 3225 7713 3224
15160 2 2 2 228 7713 7714 7711
15161 2 2 2 228 3233 7714 3232
15162 2 2 2 228 3223 7715 3222
15163 2 2 2 228 3221 7715 7711
15164 2 2 2 228 3230 7712 3229
15165 2 2 2 228 3228 7712 3227
15166 2 2 2 228 3230 7714 7712
15167 2 2 2 228 7711 7715 7713
15168 2 2 2 228 7713 7715 3224
15169 2 2 2 228 3226 7713 3225
15170 2 2 2 228 3229 7712 3228
15171 2 2 2 228 7711 7714 3233
15172 2 2 2 228 3227 7713 3226
15173 2 2 2 229 3248 7717 3247
15174 2 2 2 229 3249 7718 3248
15175 2 2 2 229 3250 7720 3249
15176 2 2 2 229 3247 7717 3246
15177 2 2 2 229 3248 7718 7717
15178 2 2 2 229 3237 7719 3236
15179 2 2 2 229 3238 7721 3237
15180 2 2 2 229 7719 7720 3250
15181 2 2 2 229 7720 7721 7716
15182 2 2 2 229 7719 7721 7720
15183 2 2 2 229 3235 7719 3250
15184 2 2 2 229 3240 7721 3239
15185 2 2 2 229 3249 7720 7718
15186 2 2 2 229 7716 7721 3240
15187 2 2 2 229 3242 7723 3241
15188 2 2 2 229 7720 7723 7718
15189 2 2 2 229 3237 7721 7719
15190 2 2 2 229 7718 7722 7717
15191 2 2 2 229 7722 7723 3242
15192 2 2 2 229 3241 7723 7716
15193 2 2 2 229 3246 7717 3245
15194 2 2 2 229 3239 7721 3238
15195 2 2 2 229 3236 7719 3235
15196 2 2 2 229 7716 7723 7720
15197 2 2 2 229 7717 7722 3243
15198 2 2 2 229 3244 7717 3243
15199 2 2 2 229 7718 7723 7722
15200 2 2 2 229 3245 7717 3244
15201 2 2 2 229 3241 7716 3240
15202 2 2 2 229 3243 7722 3242
$EndElements
