$MeshFormat
2.2 0 8
$EndMeshFormat
$PhysicalNames
2
2 1 "matrix"
2 2 "inclusions"
$EndPhysicalNames
$Nodes
3316
1 0.1884055208914538 0.5086558076461417 0
2 0.177380140892093 0.5057015659790668 0
3 0.1553637286313789 0.4858835178437854 0
4 0.1493289346752464 0.4798487238876528 0
5 0.147120046780697 0.4716050420369709 0
6 0.1493289346752464 0.463361360186289 0
7 0.1553637286313789 0.4573265662301564 0
8 0.1636074104820608 0.4551176783356071 0
9 0.1718510923327427 0.4573265662301564 0
10 0.1994309008908146 0.4675085293157735 0
11 0.2075020392231005 0.4755796676480593 0
12 0.2104562808901755 0.4866050476474201 0
13 0.2075020392231005 0.4976304276467809 0
14 0.1994309008908147 0.5057015659790668 0
15 0.7395193126595789 0.367610710092554 0
16 0.7361232783372273 0.380284882727818 0
17 0.726845140024315 0.3895630210407303 0
18 0.7141709673890511 0.392959055363082 0
19 0.7014967947537871 0.3895630210407303 0
20 0.6768494542673547 0.3790757046747406 0
21 0.6570398046850272 0.3602518150063652 0
22 0.6514038640792541 0.3546158744005921 0
23 0.6493409666433209 0.3469170363588857 0
24 0.6514038640792541 0.3392181983171794 0
25 0.6570398046850272 0.3335822577114063 0
26 0.6647386427267336 0.3315193602754731 0
27 0.688872455723003 0.3342052523827863 0
28 0.7008954571786514 0.3374268059134255 0
29 0.726845140024315 0.3456583991443777 0
30 0.7361232783372273 0.35493653745729 0
31 0.4993661459312667 0.4079278506025309 0
32 0.4900550115974762 0.405432939677174 0
33 0.4832387881890426 0.3986167162687404 0
34 0.4807438772636857 0.38930558193495 0
35 0.4832387881890426 0.3799944476011595 0
36 0.4900550115974762 0.3731782241927259 0
37 0.4993661459312667 0.370683313267369 0
38 0.5285155328463595 0.3634192065040235 0
39 0.5574486729652121 0.3575719174169728 0
40 0.615404286126795 0.3488463673042617 0
41 0.6207140418082842 0.3502691120511233 0
42 0.6246010527429118 0.3541561229857508 0
43 0.6260237974897734 0.3594658786672401 0
44 0.6246010527429118 0.3647756343487293 0
45 0.6207140418082842 0.3686626452833568 0
46 0.5658353361257761 0.3888713704381637 0
47 0.5378183980929191 0.3981379722601504 0
48 0.5285155328463595 0.4006306674902615 0
49 0.6825854105030689 0.1350541675231565 0
50 0.6791785699895846 0.1223396656335493 0
51 0.6803680361492077 0.110414547041624 0
52 0.6824128485753262 0.1027832031754015 0
53 0.6879993800154303 0.09719667173529749 0
54 0.6956307238816528 0.09515185930917895 0
55 0.7046075737687991 0.09691066185433479 0
56 0.7173220756584063 0.100317502367819 0
57 0.7266297370345294 0.109625163743942 0
58 0.7300365775480137 0.1223396656335493 0
59 0.7266297370345294 0.1350541675231565 0
60 0.7173220756584063 0.1443618288992795 0
61 0.7046075737687991 0.1477686694127638 0
62 0.6918930718791919 0.1443618288992795 0
63 3.035766082959412e-18 0.5108130398478924 0
64 -1.734723475976807e-18 0.4690343585173801 0
65 0.007398466914779968 0.5127954530829361 0
66 0.06250147285148411 0.5258617713815574 0
67 0.08983727008012607 0.5290195956752088 0
68 0.1008578928531034 0.5260666287031015 0
69 0.1089255486539733 0.5179989729022316 0
70 0.1118785156260806 0.5069783501292543 0
71 0.1089255486539733 0.495957727356277 0
72 0.1008578928531033 0.487890071555407 0
73 0.07512200764264201 0.4787612943222653 0
74 0.06250147285148411 0.4753796322169257 0
75 0.03440537478930821 0.4681454860607761 0
76 0.007398466914779962 0.4670519452823364 0
77 0.9875909470080145 0.5013595761327861 0
78 0.9865936032903292 0.4976374387057743 0
79 0.9959625899646301 0.5097312190894017 0
80 1 0.5108130398478923 0
81 1 0.4690343585173801 0
82 0.9959625899646301 0.4701161792758707 0
83 0.9933408045612901 0.4727379646792107 0
84 0.6146165530709037 0.4652342761367542 0
85 0.627254143294581 0.468620508231464 0
86 0.6365055014235484 0.4778718663604314 0
87 0.6398917335182582 0.4905094565841087 0
88 0.6365055014235484 0.503147046807786 0
89 0.627254143294581 0.5123984049367535 0
90 0.6052990206401895 0.5209938970393341 0
91 0.5942343420663572 0.5239586687277025 0
92 0.5831696634925249 0.5209938970393342 0
93 0.5750697566070609 0.5128939901538702 0
94 0.5721049849186925 0.5018293115800379 0
95 0.5750697566070608 0.4907646330062055 0
96 0.5831696634925249 0.4826647261207416 0
97 0.6019789628472264 0.468620508231464 0
98 0.7072174076481994 0.17442979743153 0
99 0.7100594705737068 0.1850365206678314 0
100 0.7072174076481994 0.1956432439041328 0
101 0.6941053619524867 0.2101883357192743 0
102 0.6849053198098903 0.2193883778618708 0
103 0.6723378285272161 0.2227558270019485 0
104 0.6597703372445419 0.2193883778618708 0
105 0.6516276753116005 0.2160286805364345 0
106 0.6483075926241975 0.2127085978490315 0
107 0.6470923580179431 0.2081732805553741 0
108 0.6472028459618677 0.1976208444366001 0
109 0.6505702951019454 0.1850533531539259 0
110 0.6597703372445419 0.1758533110113294 0
111 0.6782393008648026 0.166665137120736 0
112 0.688846024101104 0.1638230741952286 0
113 0.6994527473374054 0.1666651371207359 0
114 0.5057481058022799 0.805970485648869 0
115 0.5091283108186316 0.7933553887878451 0
116 0.5183632026633038 0.7841204969431729 0
117 0.5309782995243277 0.7807402919268212 0
118 0.5435933963853516 0.7841204969431729 0
119 0.6257186684702518 0.8209211037916244 0
120 0.6523270280602779 0.8348506337621102 0
121 0.6784901547537368 0.8495652635473729 0
122 0.687535403671889 0.8586105124655252 0
123 0.6908461945594865 0.870966552271275 0
124 0.687535403671889 0.8833225920770247 0
125 0.6784901547537368 0.892367840995177 0
126 0.666134114947987 0.8956786318827744 0
127 0.6537780751422373 0.892367840995177 0
128 0.5183632026633038 0.8278204743545651 0
129 0.5091283108186316 0.8185855825098929 0
130 0.943086387853536 0.8176427059875891 0
131 0.9464681460939134 0.8302635995595922 0
132 0.943086387853536 0.8428844931315952 0
133 0.9302961837292154 0.8686814022961663 0
134 0.9173578094335744 0.8938619003939469 0
135 0.9029205882322117 0.9185709599520849 0
136 0.8963940600953656 0.925097488088931 0
137 0.88747865686192 0.9274863631855306 0
138 0.8785632536284743 0.925097488088931 0
139 0.8720367254916283 0.9185709599520849 0
140 0.8696478503950287 0.9096555567186393 0
141 0.8750027433643315 0.8825128946453265 0
142 0.8780437002895705 0.871163888896706 0
143 0.8866131751021646 0.8434610055063257 0
144 0.8993663300462789 0.8176427059875891 0
145 0.9086054653779044 0.8084035706559636 0
146 0.9212263589499075 0.8050218124155862 0
147 0.9338472525219104 0.8084035706559636 0
148 0 0 0
149 0 1 0
150 1 1 0
151 1 0 0
152 0.166371934761736 0.4957925419114261 0
153 0.1856409966117787 0.462417547772965 0
154 0.6891731245105709 0.3843193628577354 0
155 0.6669446294761909 0.3696637598405529 0
156 0.6768055492248684 0.3328623063291297 0
157 0.7138702986014832 0.3415426025289016 0
158 0.5139408393888131 0.3670512598856963 0
159 0.5429821029057857 0.3604955619604981 0
160 0.5767672106857398 0.3546634007127357 0
161 0.5960857484062674 0.3517548840084987 0
162 0.6024211399141147 0.3753988870016258 0
163 0.5841282380199454 0.3821351287198947 0
164 0.5518268671093476 0.393504671349157 0
165 0.5139408393888131 0.4042792590463962 0
166 0 0.4968868127377216 0
167 0 0.4829605856275508 0
168 0.04413380420591604 0.5215063319486837 0
169 0.02576613556034801 0.5171508925158098 0
170 0.07616937146580505 0.5274406835283831 0
171 0.08798995024787268 0.4833256829388362 0
172 0.04845342382039614 0.4717625591388508 0
173 0.02090192085204406 0.4675987156715562 0
174 1 0.4829605856275508 0
175 1 0.4968868127377216 0
176 0.9722085362680531 0.4971101552720879 0
177 0.9636726023648478 0.4855193824999678 0
178 0.9674374751059346 0.4716257179618327 0
179 0.9806575689859741 0.4659303427452419 0
180 0.6162765819673852 0.5166961509880438 0
181 0.5925743131698756 0.4756426171761028 0
182 0.6690048190546722 0.1712592240660327 0
183 0.5600184508023317 0.7914806183128632 0
184 0.5764435052193118 0.7988407396825535 0
185 0.5928685596362918 0.8062008610522439 0
186 0.6092936140532719 0.8135609824219342 0
187 0.6390228482652648 0.8278858687768673 0
188 0.6654085914070074 0.8422079486547416 0
189 0.6368512160823706 0.8842994201651005 0
190 0.619924357022504 0.876230999335024 0
191 0.6029974979626374 0.8681625785049475 0
192 0.5860706389027707 0.8600941576748711 0
193 0.569143779842904 0.8520257368447945 0
194 0.5522169207830372 0.843957316014718 0
195 0.5352900617231705 0.8358888951846416 0
196 0.9366912857913757 0.8557829477138807 0
197 0.9238269965813949 0.8812716513450566 0
198 0.910139198832893 0.9062164301730159 0
199 0.8723252968796801 0.8960842256819829 0
200 0.8823284376958676 0.8573124472015159 0
201 0.8929897525742218 0.8305518557469574 0
202 0 0.4494912602458226 0
203 0 0.4299481619742651 0
204 0 0.4104050637027077 0
205 0 0.3908619654311501 0
206 0 0.3713188671595927 0
207 0 0.3517757688880352 0
208 0 0.3322326706164778 0
209 0 0.3126895723449203 0
210 0 0.2931464740733628 0
211 0 0.2736033758018054 0
212 0 0.2540602775302477 0
213 0 0.2345171792586903 0
214 0 0.2149740809871328 0
215 0 0.1954309827155752 0
216 0 0.1758878844440177 0
217 0 0.1563447861724602 0
218 0 0.1368016879009026 0
219 0 0.1172585896293451 0
220 0 0.09771549135778768 0
221 0 0.07817239308623003 0
222 0 0.05862929481467261 0
223 0 0.03908619654311507 0
224 0 0.01954309827155754 0
225 0 0.9804325215939157 0
226 0 0.9608650431878314 0
227 0 0.9412975647817472 0
228 0 0.9217300863756629 0
229 0 0.9021626079695786 0
230 0 0.8825951295634944 0
231 0 0.8630276511574101 0
232 0 0.8434601727513258 0
233 0 0.8238926943452415 0
234 0 0.8043252159391572 0
235 0 0.7847577375330728 0
236 0 0.7651902591269885 0
237 0 0.7456227807209042 0
238 0 0.7260553023148199 0
239 0 0.7064878239087355 0
240 0 0.6869203455026514 0
241 0 0.6673528670965672 0
242 0 0.6477853886904827 0
243 0 0.6282179102843984 0
244 0 0.6086504318783141 0
245 0 0.5890829534722297 0
246 0 0.5695154750661453 0
247 0 0.5499479966600611 0
248 0 0.5303805182539767 0
249 0.98 1 0
250 0.96 1 0
251 0.9399999999999999 1 0
252 0.92 1 0
253 0.9 1 0
254 0.88 1 0
255 0.86 1 0
256 0.84 1 0
257 0.82 1 0
258 0.8 1 0
259 0.78 1 0
260 0.76 1 0
261 0.74 1 0
262 0.72 1 0
263 0.7 1 0
264 0.68 1 0
265 0.66 1 0
266 0.64 1 0
267 0.62 1 0
268 0.6 1 0
269 0.58 1 0
270 0.5600000000000001 1 0
271 0.54 1 0
272 0.52 1 0
273 0.5 1 0
274 0.48 1 0
275 0.46 1 0
276 0.4399999999999999 1 0
277 0.4199999999999999 1 0
278 0.4 1 0
279 0.38 1 0
280 0.36 1 0
281 0.3400000000000001 1 0
282 0.3200000000000001 1 0
283 0.3 1 0
284 0.28 1 0
285 0.26 1 0
286 0.24 1 0
287 0.22 1 0
288 0.2 1 0
289 0.1799999999999999 1 0
290 0.16 1 0
291 0.14 1 0
292 0.12 1 0
293 0.09999999999999998 1 0
294 0.07999999999999996 1 0
295 0.06000000000000005 1 0
296 0.04000000000000004 1 0
297 0.02000000000000002 1 0
298 1 0.5303805182539767 0
299 1 0.5499479966600611 0
300 1 0.5695154750661453 0
301 1 0.5890829534722297 0
302 1 0.6086504318783141 0
303 1 0.6282179102843984 0
304 1 0.6477853886904827 0
305 1 0.6673528670965672 0
306 1 0.6869203455026514 0
307 1 0.7064878239087355 0
308 1 0.7260553023148199 0
309 1 0.7456227807209042 0
310 1 0.7651902591269885 0
311 1 0.7847577375330728 0
312 1 0.8043252159391572 0
313 1 0.8238926943452415 0
314 1 0.8434601727513258 0
315 1 0.8630276511574101 0
316 1 0.8825951295634944 0
317 1 0.9021626079695786 0
318 1 0.9217300863756629 0
319 1 0.9412975647817472 0
320 1 0.9608650431878314 0
321 1 0.9804325215939157 0
322 1 0.01954309827155754 0
323 1 0.03908619654311507 0
324 1 0.05862929481467261 0
325 1 0.07817239308623003 0
326 1 0.09771549135778768 0
327 1 0.1172585896293451 0
328 1 0.1368016879009026 0
329 1 0.1563447861724602 0
330 1 0.1758878844440177 0
331 1 0.1954309827155752 0
332 1 0.2149740809871328 0
333 1 0.2345171792586903 0
334 1 0.2540602775302477 0
335 1 0.2736033758018054 0
336 1 0.2931464740733628 0
337 1 0.3126895723449203 0
338 1 0.3322326706164778 0
339 1 0.3517757688880352 0
340 1 0.3713188671595927 0
341 1 0.3908619654311501 0
342 1 0.4104050637027077 0
343 1 0.4299481619742651 0
344 1 0.4494912602458226 0
345 0.02 0 0
346 0.04 0 0
347 0.06 0 0
348 0.08 0 0
349 0.1 0 0
350 0.12 0 0
351 0.14 0 0
352 0.16 0 0
353 0.18 0 0
354 0.2 0 0
355 0.22 0 0
356 0.24 0 0
357 0.26 0 0
358 0.28 0 0
359 0.3 0 0
360 0.32 0 0
361 0.34 0 0
362 0.36 0 0
363 0.38 0 0
364 0.4 0 0
365 0.42 0 0
366 0.44 0 0
367 0.46 0 0
368 0.48 0 0
369 0.5 0 0
370 0.52 0 0
371 0.54 0 0
372 0.5600000000000001 0 0
373 0.58 0 0
374 0.6 0 0
375 0.62 0 0
376 0.64 0 0
377 0.66 0 0
378 0.68 0 0
379 0.7 0 0
380 0.72 0 0
381 0.74 0 0
382 0.76 0 0
383 0.78 0 0
384 0.8 0 0
385 0.82 0 0
386 0.84 0 0
387 0.86 0 0
388 0.88 0 0
389 0.9 0 0
390 0.92 0 0
391 0.9399999999999999 0 0
392 0.96 0 0
393 0.98 0 0
394 0.4935779226630492 0.7974749100687937 0
395 0.1708560904069899 0.4457409641469687 0
396 0.1996325555286309 0.5193617522958491 0
397 0.4719100232873252 0.3815024330361977 0
398 0.6368384148654027 0.2003497243300106 0
399 0.6406903492696953 0.5175161221377989 0
400 0.2185274192224613 0.494676185979706 0
401 0.5634543775986594 0.5112151363831853 0
402 0.490247838606629 0.3607849423574766 0
403 0.8964379020503228 0.8035999359470134 0
404 0.01593595796885827 0.7546145439718406 0
405 0.4804724881458088 0.4107168800991092 0
406 0.2691874613058038 0.02002667072757114 0
407 0.250003099010419 0.9833461420143578 0
408 0.6681477015700676 0.8250896121038636 0
409 0.2108425667808878 0.4640524916638614 0
410 0.5846666467590822 0.5335487033909088 0
411 0.01742395499159977 0.2242239364335897 0
412 0.7199603881159511 0.193459602839153 0
413 0.3724508215225059 0.01781651559282732 0
414 0.7425377554622872 0.3919021316017676 0
415 0.9830508675121649 0.6191864123430505 0
416 0.01725551928963887 0.6774444440768159 0
417 0.5214105793846715 0.7694324974693255 0
418 0.4465449957773791 0.01670041179965742 0
419 0.7407928319405848 0.1304382195739213 0
420 0.190146774871314 0.0162583084354585 0
421 0.6544632109562625 0.226782123512733 0
422 0.7494984121645792 0.3552807497545909 0
423 0.1707894080588179 0.9840403123773356 0
424 0.3307511389503912 0.9836362797368623 0
425 0.6085194166750814 0.7937850233620192 0
426 0.5329092253357296 0.3500286864228787 0
427 0.09841746192299694 0.5358862034962784 0
428 0.6683235680096477 0.1155961738376216 0
429 0.6998866552226887 0.8616048051060938 0
430 0.01556501395487386 0.8309838034244258 0
431 0.1438047991826774 0.4534115536644929 0
432 0.01471883753336395 0.3041815589608591 0
433 0.983506297495456 0.244288728394469 0
434 0.0156545224582576 0.1463369491680987 0
435 0.55 0.01732050807568875 0
436 0.5037367037649634 0.8309425952407383 0
437 0.9830751804281754 0.1661163353082389 0
438 0.9822239097052935 0.3228494727773338 0
439 0.863034618973896 0.8735747416254283 0
440 0.870845394623212 0.01683241926240586 0
441 0.6974728110925644 0.2227558270019485 0
442 0.5566114915350076 0.7748482729030415 0
443 0.4099225274224868 0.9832158619846214 0
444 0.6497992893459418 0.4797201812897475 0
445 0.1268979054245871 0.01853880353033399 0
446 0.9839772554334298 0.695438051482566 0
447 0.113445943402398 0.9839185326233445 0
448 0.9859192287953502 0.3818909211442814 0
449 0.8596318102768956 0.9187953430823552 0
450 0.01692481957182446 0.361547318023814 0
451 0.6474253494118005 0.330712849599776 0
452 0.0733929724169064 0.4627531211762371 0
453 0.5081753455618114 0.4173326204605891 0
454 0.6724488264427744 0.3205613820478962 0
455 0.6798380161886117 0.09462408273487177 0
456 0.9835602374235437 0.109227309593791 0
457 0.6022755728604499 0.3370077174918715 0
458 0.01645868980724435 0.8924331710642532 0
459 0.9827453290220526 0.558390821179797 0
460 0.7247345188898837 0.3300229407046316 0
461 0.6478700604567694 0.1728527538498865 0
462 0.4665745014567118 0.9835476286028504 0
463 0.582512567641905 0.4714083513523905 0
464 0.6908656529409432 0.8962933143236453 0
465 0.01762028968736612 0.08803972518340719 0
466 0.6235335869479938 0.4558779423782613 0
467 0.8100000000000001 0.01732050807568869 0
468 0.5376021498726956 0.8534575640856144 0
469 0.01468726816926813 0.6216234741252981 0
470 0.77 0.9826794919243111 0
471 0.7299086797364603 0.09620625720766063 0
472 0.7006908344716971 0.08478311294879232 0
473 0.6153457954108348 0.5301426904090046 0
474 0.9304654942815329 0.7957826770839607 0
475 0.5861541966020636 0.8785601940749225 0
476 0.61 0.0173205080756888 0
477 0.7076678256240848 0.4043232558130644 0
478 0.5302717565472624 0.9830590086069081 0
479 0.06811292759319854 0.5401193173062298 0
480 0.8774391212575517 0.8311131351633139 0
481 0.906608722566197 0.9287912632968431 0
482 0.6570888660298347 0.9047238808009267 0
483 0.6644356925736865 0.3835925883119239 0
484 0.9300000000000002 0.01732050807568886 0
485 0.5353107974496712 0.4077043155661927 0
486 0.9872881617453642 0.5138102459237543 0
487 0.1662565323540718 0.5118405831214852 0
488 0.59 0.9826794919243113 0
489 0.07285856126129947 0.01664439161954756 0
490 0.8806355563780524 0.935194355405731 0
491 0.9260160679147392 0.9065586578316677 0
492 0.5794006368374166 0.3977392993877116 0
493 0.01649822054125666 0.4236804482087472 0
494 0.7126873699676994 0.9831591721677582 0
495 0.6161101942745804 0.3837825344819563 0
496 0.09787752909334024 0.4731960425215714 0
497 0.5648970604784689 0.3414328561082317 0
498 0.767980538450534 0.02008066731065772 0
499 0.2284023032724246 0.01743498787285602 0
500 0.41 0.01732050807568875 0
501 0.5101295046036597 0.01666221898731818 0
502 0.329983932154503 0.0157889016933776 0
503 0.369220344885133 0.9831296260147547 0
504 0.8099999999999999 0.9826794919243114 0
505 0.2882577948376784 0.9831752558120264 0
506 0.2107731926158225 0.98227516128868 0
507 0.06975547268436433 0.9826740619563035 0
508 0.6506543508366707 0.01652130744705133 0
509 0.01737560375335001 0.7953450765969794 0
510 0.983992860042644 0.6573769382805235 0
511 0.9822733958925052 0.7380507991003148 0
512 0.0171287433764693 0.931170496770368 0
513 0.01694593338767242 0.7162715631117778 0
514 0.9843486789193427 0.06986569134580456 0
515 0.9831891008918288 0.283448742225123 0
516 0.9830080377854992 0.4204090552103956 0
517 0.01912125211919441 0.2619553579601078 0
518 0.01732124785114542 0.1864730570528581 0
519 0.9834894204879701 0.205202531851354 0
520 0.6965955283256705 0.3247011304178566 0
521 0.63 0.9831053489525075 0
522 0.6204091405772572 0.8971463411258513 0
523 0.1461174806477856 0.4885582127603356 0
524 0.9800369079516777 0.9510176993967179 0
525 0.6493061204589774 0.3631415683631414 0
526 0.9368637968714234 0.8796029823423649 0
527 0.6375443267277284 0.8143018380423658 0
528 0.6717157083012 0.9797126508965428 0
529 0.7300619309003956 0.017498870879397 0
530 0.01572685551348019 0.5785275172657359 0
531 0.04433649162509862 0.4539659118668489 0
532 0.6914524223328573 0.01754853230329256 0
533 0.01692481957182451 0.04885774567889389 0
534 0.6310276974749454 0.3605533749407832 0
535 0.6703502214392169 0.1584973532940336 0
536 0.9270612950242964 0.9833695276377963 0
537 0.9530199483729569 0.8545686046638157 0
538 0.8503043441275754 0.9843159421871268 0
539 0.1206486726569029 0.5146480338731854 0
540 0.985054552680193 0.9114637859686476 0
541 0.9835227710170474 0.7730806578615816 0
542 0.6277915783008075 0.3718018574724841 0
543 0.9557106070126127 0.8194659621175583 0
544 0.618226626969532 0.3364241834568791 0
545 0.6086502346654503 0.3209451061840391 0
546 0.8877833563896426 0.9833436012209106 0
547 0.606523688668286 0.4545859461882001 0
548 0.6142814577389378 0.438884472902328 0
549 0.6353841816982218 0.4402377109210974 0
550 0.5970547441188172 0.4411397862017262 0
551 0.7348390047517767 0.1480025069044445 0
552 0.7551007250156706 0.1423297744303929 0
553 0.7567137897712642 0.1225552452558664 0
554 0.7730269401842933 0.1337767309818633 0
555 0.7708311406820245 0.1538144794475872 0
556 0.7894108864846002 0.1456454598343007 0
557 0.7875910554434098 0.1656348669124125 0
558 0.8057800536050834 0.1573503493603202 0
559 0.8038529663031748 0.1772694262312035 0
560 0.8220631077800755 0.1689997394671972 0
561 0.8201209483358953 0.1889082966883993 0
562 0.8383333791933127 0.1806416601899965 0
563 0.8363878284740142 0.2005466199260939 0
564 0.8402782483244442 0.1607354039434112 0
565 0.8181767247786548 0.208814468412782 0
566 0.8344426524995102 0.2204519208408229 0
567 0.8162316340348715 0.2287198301581552 0
568 0.8324973935685802 0.2403571435294517 0
569 0.850708460247926 0.2320892779245883 0
570 0.8487631370626629 0.2519944431810842 0
571 0.8305520934318961 0.2602623294188158 0
572 0.8468178180717123 0.2718996134779217 0
573 0.8565443447007433 0.1723735892668732 0
574 0.8584897370411047 0.1524686016371574 0
575 0.8650288647309857 0.2636317261814686 0
576 0.8630835432753445 0.2835368943623419 0
577 0.8448724989938078 0.2918047827484873 0
578 0.8611382225276993 0.3034420641018918 0
579 0.7911126340614182 0.1253563335058703 0
580 0.8429271787791823 0.3117099513758378 0
581 0.8591929065143218 0.3233472331861653 0
582 0.8409818590982033 0.3316151199145906 0
583 0.9541375977301443 0.4736470070876172 0
584 0.9475063978188482 0.4900154424167825 0
585 0.9348718113496357 0.4779025715318101 0
586 0.9290128058363514 0.4962384725324335 0
587 0.9152864400630352 0.482749442675604 0
588 0.9096912867172693 0.5014504863362835 0
589 0.8957331327354512 0.4871854096454379 0
590 0.8902885437094705 0.5063549756066851 0
591 0.8763186174746158 0.4920334609228489 0
592 0.8708982214925912 0.5112725810970926 0
593 0.8569296117155701 0.4969537547787203 0
594 0.8515141227132905 0.5162040698265636 0
595 0.865480962155754 0.5305190255018638 0
596 0.8460992414555236 0.5354556931715352 0
597 0.8600655911576791 0.5497703795373847 0
598 0.8406847883878961 0.554708351056511 0
599 0.8546514834785256 0.5690236407246033 0
600 0.8352706194879678 0.5739614807807869 0
601 0.8492373597608527 0.5882768674836585 0
602 0.8298564774941612 0.5932147164546656 0
603 0.8438232378531432 0.6075301061626281 0
604 0.8244423816930383 0.6124679643757946 0
605 0.810475560036733 0.5981525401647368 0
606 0.8050615313751774 0.6174058244332526 0
607 0.8190282693685955 0.6317212078035473 0
608 0.7996474148056959 0.6366590668081638 0
609 0.7856805667249781 0.6223436111849524 0
610 0.7802665596950531 0.6415969256769296 0
611 0.7942332984872615 0.6559123092453394 0
612 0.7748524432587022 0.6608501680848593 0
613 0.7608856457945694 0.6465347685547591 0
614 0.7554715782388102 0.6657880242609534 0
615 0.7694383251999717 0.6801034100512429 0
616 0.7415048491998982 0.6514726433465374 0
617 0.8321323476989155 0.5211400799004138 0
618 0.7360907311379981 0.6707258853121347 0
619 0.7221239585922452 0.6564104661276543 0
620 0.716709871354869 0.6756637385073871 0
621 0.7027430461738406 0.661348232230893 0
622 0.7275379656490325 0.6371571599226943 0
623 0.9005483711704243 0.4692069658177059 0
624 0.6973290058228951 0.680601580947005 0
625 0.6833622289162731 0.6662861232791877 0
626 0.7112957573181923 0.6949169822389472 0
627 0.6779481551929198 0.685539442418193 0
628 0.6639814171474898 0.6712240592835215 0
629 0.6693954908847757 0.6519707643871667 0
630 0.6500146730474226 0.656908692663936 0
631 0.6446005683938054 0.6761619338788938 0
632 0.6306338306610906 0.6618465529315862 0
633 0.8572475849406879 0.3432524015172538 0
634 0.8632040966921737 0.6025922483491284 0
635 0.8390365385724287 0.3515202883131212 0
636 0.6252197163720843 0.6810997955792668 0
637 0.6112529780946967 0.6667844124827926 0
638 0.616667094616851 0.6475311701535189 0
639 0.5972862399920622 0.6524690291757969 0
640 0.591872123502323 0.6717222715611082 0
641 0.5779053847964933 0.6574068880276245 0
642 0.8553022598104406 0.3631575694561811 0
643 0.8370912169230342 0.3714254565868953 0
644 0.8735133030521809 0.3548896814105122 0
645 0.5724912683726142 0.6766601304393349 0
646 0.5585245295892182 0.6623447468768305 0
647 0.5639386460150484 0.6430915044655573 0
648 0.5445577907730685 0.6480293633023613 0
649 0.5370431869342185 0.6696986506226561 0
650 0.5251769355266105 0.6529672221375652 0
651 0.5305910519589712 0.6337139797286255 0
652 0.5112101967115492 0.638651838563485 0
653 0.5056629441959933 0.6573825283357189 0
654 0.4918071521168244 0.6435026052921896 0
655 0.4864524877338892 0.6626797200725685 0
656 0.4724509984423013 0.6484858375929845 0
657 0.4670035734557613 0.6672902750248186 0
658 0.4530629169518078 0.6533767080250279 0
659 0.4475470203884695 0.6722273640895478 0
660 0.4336682410271253 0.6583066071643593 0
661 0.428251821148394 0.67755852295732 0
662 0.414299358334614 0.6633086893887459 0
663 0.4088872373279112 0.6825726356958824 0
664 0.4197158541007029 0.6440663719807886 0
665 0.3949232104173967 0.6682699611057732 0
666 0.3895098785399095 0.6875271056616834 0
667 0.3755437224681419 0.6732144906094472 0
668 0.3701298339186486 0.6924688447964651 0
669 0.3561632302080043 0.6781541079390591 0
670 0.3507491742733639 0.6974076434304 0
671 0.3367824680587158 0.6830924164895196 0
672 0.3313683671425502 0.702345733851002 0
673 0.3174016363469807 0.6880303888745658 0
674 0.3119875238370737 0.7072836502084793 0
675 0.2980207870123937 0.6929682762215224 0
676 0.2926066715653449 0.712221523382421 0
677 0.3259542633058778 0.7215990369367216 0
678 0.2786399332462893 0.6979061421982082 0
679 0.2732258170606545 0.7171593857973949 0
680 0.2592590783694386 0.702844002820021 0
681 0.2538449619986795 0.7220972455267287 0
682 0.2398782232145827 0.7077818621017482 0
683 0.2344641067974894 0.7270351045851082 0
684 0.2484308456150955 0.7413504881715917 0
685 0.2290499903804026 0.746288347068497 0
686 0.2430167291932859 0.7606037306322156 0
687 0.223635873947498 0.7655415894756449 0
688 0.34219658992466 0.663839200186178 0
689 0.2204973679901902 0.7127197210483019 0
690 0.2376026127624688 0.7798569730494262 0
691 0.2182217575152618 0.784794831886016 0
692 0.4778602601345319 0.6292589792115844 0
693 0.2042550187002109 0.7704794483118487 0
694 0.1988409022677246 0.7897326907210134 0
695 0.2840540497614991 0.6786529001876445 0
696 0.232188496330262 0.7991102154599387 0
697 0.2259114844240257 0.6934664786456395 0
698 0.2065306291805272 0.6984043375001034 0
699 0.3840966107141882 0.7067844136668916 0
700 0.1848741634526887 0.7754173071469179 0
701 0.1794600470201518 0.7946705495558397 0
702 0.2515693515778343 0.7941723566251101 0
703 0.2461552351453431 0.8134255990342524 0
704 0.265536090392929 0.808487740199489 0
705 0.2119447456139688 0.6791510950955422 0
706 0.1925638903672203 0.6840889539343415 0
707 0.2601219739603928 0.8277409826084137 0
708 0.2795028292079734 0.822803123773625 0
709 0.2407411187128172 0.8326788414432267 0
710 0.1979780068000546 0.6648357115268531 0
711 0.1785971515526631 0.6697735703625539 0
712 0.1654933082051212 0.78035516598177 0
713 0.1600791917725766 0.7996084083906548 0
714 0.2740887127754288 0.8420563661825092 0
715 0.2934695680230071 0.8371185073477094 0
716 0.1840112679852889 0.650520327954061 0
717 0.2033921232328796 0.6455824691193198 0
718 0.1646304127377557 0.6554581867890779 0
719 0.1592162963052161 0.6747114291979865 0
720 0.1452495574902077 0.660396045624022 0
721 0.1398354410576651 0.6796492880329186 0
722 0.1461124529575456 0.7852930248165839 0
723 0.1406983365249991 0.8045462672254584 0
724 0.1546650753400297 0.8188616507995278 0
725 0.1352842200924522 0.8237995096343318 0
726 0.1492509589074825 0.8381148932084008 0
727 0.1298701036599051 0.8430527520432048 0
728 0.1700445291703233 0.6362049443803035 0
729 0.2880554515904607 0.8563717497565851 0
730 0.3074363068380383 0.8514338909217823 0
731 0.3128504232705853 0.8321806485129095 0
732 0.3268171620856158 0.8464960320869797 0
733 0.3322312785181629 0.8272427896781064 0
734 0.3461980173331933 0.8415581732521755 0
735 0.3516121337657403 0.8223049308433026 0
736 0.3655788725807707 0.8366203144173715 0
737 0.3709929890133177 0.8173670720084986 0
738 0.3601647561482237 0.8558735568262446 0
739 0.3795456113958012 0.8509356979914404 0
740 0.1438368424749356 0.8573681356172738 0
741 0.1244559872273583 0.8623059944520778 0
742 0.4417942073753917 0.6914214596102942 0
743 0.3741314949632542 0.8701889404003135 0
744 0.3935123502108316 0.8652510815655093 0
745 0.1258687022426396 0.6653339044588709 0
746 0.1204545858100936 0.6845871468677514 0
747 0.3020221904054913 0.8706871333306558 0
748 0.2826413351579143 0.8756249921654602 0
749 0.1267315977099687 0.7902308836513897 0
750 0.1384227260423887 0.8766213780261467 0
751 0.1190418707948114 0.8815592368609507 0
752 0.1578035812899662 0.8716835191913428 0
753 0.8747554475982775 0.1641058500771813 0
754 0.8767007753950685 0.1442007065404997 0
755 0.8793492707181944 0.2951741727618683 0
756 0.8604352269931328 0.1325634490159876 0
757 0.8786461232783331 0.1242955447246771 0
758 0.8623804053037558 0.1126582672556589 0
759 0.3880982337782847 0.8845043239743826 0
760 0.4074790890258621 0.8795664651395785 0
761 0.412893205458409 0.8603132227307053 0
762 0.4268599442734395 0.8746286063047742 0
763 0.3687173785307073 0.8894421828091865 0
764 0.8805914225657755 0.1043903750069354 0
765 0.8715679805330065 0.3747948503889192 0
766 0.2966080739729448 0.8899403757395291 0
767 0.2772272187253678 0.8948782345743338 0
768 0.1330086096098418 0.8958746204350196 0
769 0.1136277543622644 0.9008124792698236 0
770 0.110489248412328 0.8479906108780089 0
771 0.8949118223104818 0.135932820975699 0
772 0.8247161368881052 0.3199778386883764 0
773 0.8897790268582241 0.3665269598948725 0
774 0.4214458278408925 0.8938818487136476 0
775 0.4408266830884699 0.8889439898788433 0
776 0.1064878469950645 0.6702717632936871 0
777 0.1119019634276121 0.6510185208848148 0
778 0.1010737305625178 0.689525005702562 0
779 0.8623445127874727 0.4776991864267913 0
780 0.9042426754919591 0.5206397151940783 0
781 0.8429606348704741 0.4826335027874465 0
782 0.8483752350303456 0.4633806218399848 0
783 0.8289938326064762 0.468317884541097 0
784 0.8740323568049493 0.5640857670205464 0
785 0.8213038806744741 0.5596460972054756 0
786 0.8577899799448994 0.6218454903075664 0
787 0.8771708358337968 0.6169076315359743 0
788 0.8717567193605016 0.6361608739122252 0
789 0.8911375747081604 0.6312230150824862 0
790 0.8857234582855351 0.6504762574867816 0
791 0.8965516911574023 0.6119697726743707 0
792 0.8663426030396048 0.655414116320856 0
793 0.8803093418829904 0.6697294998946468 0
794 0.8609284866306918 0.6746673587295275 0
795 0.874895225449692 0.6889827423035368 0
796 0.8555143702019927 0.6939206011383794 0
797 0.8694811090178252 0.708235984712415 0
798 0.8501002537702251 0.7131738435472567 0
799 0.8883798218897477 0.7031625448204231 0
800 0.6391864555443716 0.6954151791931371 0
801 0.6198056008939796 0.7003530385121695 0
802 0.6337723398680838 0.7146684221735767 0
803 0.3182645397031327 0.8129274061040374 0
804 0.3570262501982875 0.8030516884344296 0
805 0.3764071054458648 0.7981138295996256 0
806 0.6027003563823518 0.6332157867566289 0
807 0.3809579360245662 0.6539617096208797 0
808 0.5017413156466547 0.6787688346786512 0
809 0.1709074246376679 0.7611019235728971 0
810 0.5166243131440912 0.6193985961546101 0
811 0.5360051683916678 0.6144607373198061 0
812 0.5220384295766625 0.6001453537457458 0
813 0.2709502068254776 0.7892344977906228 0
814 0.1150404693775479 0.7038403892766316 0
815 0.09565961412997087 0.7087782481114372 0
816 0.6220812116228862 0.6282779279201092 0
817 0.8994085251501258 0.6636860922855237 0
818 0.7999658665669027 0.2170825116909941 0
819 0.7980206267704737 0.2369877470784338 0
820 0.09966101554723394 0.8864970956957547 0
821 0.09424689911468676 0.9057503381046275 0
822 0.09252110818003489 0.655956379719621 0
823 0.09793522461258231 0.6367031373107486 0
824 0.6081144729034373 0.6139625443752841 0
825 0.6274953210629688 0.6090246924748851 0
826 0.8640669925854222 0.7274892271212974 0
827 0.8446861373378569 0.7324270859561388 0
828 0.8880740318350673 0.38609621614815 0
829 0.3826841173457377 0.9037575663832557 0
830 0.3633032620981603 0.9086954252180595 0
831 0.4354125666559228 0.9081972322877168 0
832 0.4547934219035001 0.9032593734529124 0
833 0.4322740607059865 0.8553753638959011 0
834 0.8643256964918733 0.0927530962209433 0
835 0.882536732563149 0.0844852057594524 0
836 0.8988024548946232 0.09612248430608122 0
837 0.6143914847465495 0.7196062811036418 0
838 0.8344079735799721 0.4490646189017163 0
839 0.815026965974877 0.4540022810804584 0
840 0.8096128357366643 0.4732555442653821 0
841 0.795753328790187 0.4593609573456543 0
842 0.7902498195935672 0.4782634788968743 0
843 0.7762652348667078 0.4638779178438453 0
844 0.7708540575463895 0.4831428403398468 0
845 0.7572078525655194 0.4683311489452393 0
846 0.7515246231189077 0.4879901513519129 0
847 0.7383718852082122 0.4738861385031167 0
848 0.7322431457853734 0.4930157470349122 0
849 0.7460560560746939 0.5073221984422381 0
850 0.726700823628228 0.5122615103773932 0
851 0.7406461716403452 0.5265756784759531 0
852 0.7212660181170089 0.5315135383455534 0
853 0.7352292855701139 0.5458287505483932 0
854 0.7158479651074637 0.5507665424244476 0
855 0.8018460745558977 0.4407845182889869 0
856 0.5414192848242438 0.5952074949109435 0
857 0.5274525460092184 0.5808921113368761 0
858 0.5080716907616418 0.5858299701716801 0
859 0.5134858071941906 0.5665767277628079 0
860 0.4941049519466136 0.5715145865976118 0
861 0.499519068379161 0.552261344188739 0
862 0.4801382131315838 0.5571992030235429 0
863 0.485552329564131 0.53794596061467 0
864 0.4661714743165536 0.5428838194494738 0
865 0.4715855907491008 0.5236305770406009 0
866 0.4522047355015234 0.5285684358754048 0
867 0.4576188519340705 0.5093151934665319 0
868 0.4382379966864931 0.5142530523013357 0
869 0.432823880253946 0.5335062947102086 0
870 0.4188571414389157 0.5191909111361396 0
871 0.4242712578714629 0.4999376687272666 0
872 0.4048904026238854 0.5048755275620704 0
873 0.4103045190564326 0.4856222851531976 0
874 0.3909236638088551 0.4905601439880014 0
875 0.3855095473763081 0.5098133863968742 0
876 0.3961044435355255 0.4715345554739807 0
877 0.3769180355428454 0.4762827027297411 0
878 0.3820923336943526 0.4572634379350218 0
879 0.3629372533149614 0.4619810205474918 0
880 0.3683490291786996 0.4427300617039222 0
881 0.3490054129810184 0.447631588429221 0
882 0.3544253458270801 0.4283726712629811 0
883 0.3435975030567873 0.4668787754865097 0
884 0.3350516664900711 0.4333035289533064 0
885 0.3404679483099654 0.4140481738941258 0
886 0.3210886499453739 0.418984513763132 0
887 0.3265033867563099 0.3997306660849081 0
888 0.3458843454002853 0.3947927063718791 0
889 0.3319181463972376 0.3804767961327068 0
890 0.3125372214159703 0.3854147230028678 0
891 0.3179514334276325 0.3661613873426663 0
892 0.3373323046050624 0.3612235129659743 0
893 0.3233655727525784 0.3469081225989288 0
894 0.3039847186654254 0.3518459803015699 0
895 0.309398840804005 0.3325927323256321 0
896 0.2900179850036084 0.3375305916997917 0
897 0.2954321022950245 0.3182773484529672 0
898 0.3148129576857467 0.3133394894785048 0
899 0.3008462189455822 0.2990241058313932 0
900 0.3202270742294947 0.2940862469611392 0
901 0.2814653637104824 0.3039619646540235 0
902 0.2868794801979591 0.2847087221915586 0
903 0.2674986249451012 0.2896465810315144 0
904 0.2729127413859231 0.270393338614568 0
905 0.2535318861388449 0.2753311974488851 0
906 0.2589460025734874 0.2560779550379677 0
907 0.2395651473257092 0.2610158138729675 0
908 0.2449792637585722 0.2417625714637864 0
909 0.2643601190062032 0.2368247126289312 0
910 0.2255984085110139 0.2467004302985716 0
911 0.2201842920784701 0.2659536727074414 0
912 0.231012524943641 0.2274471878896206 0
913 0.211631669696056 0.2323850467244319 0
914 0.217045786128615 0.2131318043155473 0
915 0.1976649308810385 0.2180696631503506 0
916 0.2030790473135883 0.1988164207414748 0
917 0.2224599025611661 0.1938785619066702 0
918 0.1836981920660106 0.2037542795762788 0
919 0.178284075633464 0.2230075219851513 0
920 0.1891123084985581 0.1845010371674057 0
921 0.1697314532509809 0.1894388960022094 0
922 0.1751455696835278 0.1701856535933365 0
923 0.1557647144359505 0.1751235124281404 0
924 0.1611788308684973 0.1558702700192676 0
925 0.1805596861160748 0.150932411184464 0
926 0.1417979756209202 0.1608081288540715 0
927 0.1363838591883736 0.1800613712629441 0
928 0.147212092053467 0.1415548864451986 0
929 0.1278312368058899 0.1464927452800021 0
930 0.1332453532384368 0.1272395028711293 0
931 0.1138644979908596 0.1321773617059329 0
932 0.387785157858919 0.4377382755961865 0
933 0.1192786144234068 0.1129241192970603 0
934 0.1386594696709839 0.1079862604622572 0
935 0.476999707181648 0.5043773346317281 0
936 0.09989775917582949 0.1178619781318636 0
937 0.09448364274328208 0.1371152205407366 0
938 0.1053118756083767 0.09860873572299095 0
939 0.2846038684789248 0.3567838341985572 0
940 0.4134430250063685 0.5384441535450125 0
941 0.4630329683666178 0.4900619510576589 0
942 0.2922935966348804 0.2654554797784182 0
943 0.248117769706381 0.2945844398576768 0
944 0.3341938130505808 0.3084016305293 0
945 0.3396079295026708 0.2891483881013602 0
946 0.3535746683219674 0.3034637716712668 0
947 0.3589887847584828 0.2842105292585222 0
948 0.3729555235748855 0.2985259128312523 0
949 0.3783696400083227 0.2792726704215109 0
950 0.3644029011934409 0.2649572868472971 0
951 0.38378375644142 0.2600194280121012 0
952 0.3698170176264815 0.2457040444379427 0
953 0.3891978728741411 0.2407661856030586 0
954 0.3752311340591398 0.2264508020289612 0
955 0.3946119893067357 0.2215129431941393 0
956 0.3806452504917135 0.2071975596200625 0
957 0.4000261057392953 0.2022597007852542 0
958 0.4139928445543263 0.2165750843593227 0
959 0.4194069609868756 0.1973218419504477 0
960 0.4333736998019063 0.2116372255245163 0
961 0.4387878162344538 0.192383983115643 0
962 0.4527545550494844 0.2066993666897118 0
963 0.4581686714820315 0.1874461242808387 0
964 0.472135410297062 0.2017615078549079 0
965 0.4775495267296089 0.1825082654460348 0
966 0.3860593669242671 0.1879443172111832 0
967 0.4442019326670011 0.1731307407067698 0
968 0.4915162655446394 0.196823649020104 0
969 0.4969303819771865 0.177570406611231 0
970 0.4667212938645149 0.2210147502637806 0
971 0.3666785116766901 0.1928821760459868 0
972 0.3720926281092387 0.1736289336371122 0
973 0.3527117728616612 0.1785667924719163 0
974 0.3581258892942086 0.159313550063043 0
975 0.3387450340466313 0.164251408897847 0
976 0.5108971207922168 0.1918857901853001 0
977 0.516311237224764 0.1726325477764272 0
978 0.5023444984097338 0.1583171642023581 0
979 0.5217253536573113 0.1533793053675543 0
980 0.3441591504791783 0.144998166488974 0
981 0.3635400057267558 0.1400603076541702 0
982 0.3247782952316009 0.149936025323778 0
983 0.3923363788237301 0.293588053995212 0
984 0.5077586148422811 0.1390639217934853 0
985 0.5271394700898586 0.1341260629586815 0
986 0.3301924116641478 0.1306827829149049 0
987 0.3108115564165704 0.1356206417497091 0
988 0.5302779760397942 0.1869479313504963 0
989 0.5248638596072471 0.2062011737593691 0
990 0.3162256728491173 0.1163673993408361 0
991 0.2968448176015401 0.1213052581756401 0
992 0.5131727312748283 0.1198106793846123 0
993 0.5325535865224057 0.1148728205498085 0
994 0.546520325337436 0.1291882041238775 0
995 0.551934441769983 0.1099349617150044 0
996 0.4937918760272508 0.1247485382194162 0
997 0.3869222623912458 0.3128412964040237 0
998 0.4063031176391385 0.3079034375689123 0
999 0.4008890012065608 0.3271566799778151 0
1000 0.5442447148548246 0.2012633149245652 0
1001 0.5388305984222775 0.2205165573334381 0
1002 0.5659011805850135 0.1242503452890732 0
1003 0.5713152970175603 0.1049971028802002 0
1004 0.3053974399840236 0.1548738841585819 0
1005 0.4992059924597979 0.1054952958105433 0
1006 0.4798251372122205 0.1104331546453472 0
1007 0.3022589340340871 0.102052015766767 0
1008 0.2828780787865097 0.1069898746015709 0
1009 0.3216397892816645 0.09711415693196312 0
1010 0.5582114536698549 0.2155786984986341 0
1011 0.552797337237308 0.2348319409075071 0
1012 0.5334164819897305 0.2397697997423111 0
1013 0.547383220804761 0.25408518331638 0
1014 0.5280023655571836 0.2590230421511841 0
1015 0.5667640760523384 0.2491473244815759 0
1016 0.5844956154283312 0.1190913407613425 0
1017 0.590565082197761 0.1000223864299083 0
1018 0.5798679194000441 0.138565728863142 0
1019 0.3558502788115677 0.2313886608637597 0
1020 0.2774639623539627 0.126243117010444 0
1021 0.2634972235389323 0.111927733436375 0
1022 0.4117172340716446 0.2886501951600794 0
1023 0.4256839728867311 0.3029655787340937 0
1024 0.4607573578840065 0.5621370618583468 0
1025 0.3156747929933245 0.4382375030110386 0
1026 0.3017087178034326 0.4239214719741243 0
1027 0.2962947552218248 0.4431745642790286 0
1028 0.2823281526528075 0.4288590477771572 0
1029 0.3333309176140842 0.1835046513067197 0
1030 0.4148228720899283 0.4667020090342131 0
1031 0.5379677029549528 0.09561957814093547 0
1032 0.4852392536447677 0.09117991223647443 0
1033 0.4658583983971901 0.0961177710712785 0
1034 0.4824353494784017 0.4852085801906612 0
1035 0.9060847988495031 0.3781082579146799 0
1036 0.9079967525682202 0.3582497360119018 0
1037 0.2689113399714793 0.09267449102750214 0
1038 0.2495304847239019 0.09761234986230638 0
1039 0.3076730504666343 0.08279877335789404 0
1040 0.910518429985083 0.6262851562440344 0
1041 0.9159325464280862 0.6070319138331538 0
1042 0.1275944931772949 0.9151278628438926 0
1043 0.1469753484248724 0.9101900040090884 0
1044 0.2911939575403986 0.9091936181484024 0
1045 0.2718131022928212 0.9141314769832068 0
1046 0.2578463634777905 0.8998160934091384 0
1047 0.252432247045244 0.9190693358180112 0
1048 0.2384655082302133 0.9047539522439426 0
1049 0.7817548840024887 0.2253504339295866 0
1050 0.7798096006466304 0.2452556450911534 0
1051 0.9043864832149392 0.3976681808713414 0
1052 0.2773209418166003 0.4477152945933482 0
1053 0.2909486409841726 0.4623614606560237 0
1054 0.2636015819867122 0.4331585568385874 0
1055 0.7298140246441811 0.5650819173124098 0
1056 0.7104329750389141 0.5700197249703935 0
1057 0.7491947819652132 0.5601440926240275 0
1058 0.7600234770406106 0.5216376526560038 0
1059 0.8307193985227994 0.7181117023820978 0
1060 0.8253052820903132 0.7373649447909804 0
1061 0.8391972764482281 0.7513869600138847 0
1062 0.8198787082482875 0.7565692924746739 0
1063 0.8059223506077521 0.7422946545049238 0
1064 0.8005078881361147 0.7615465387270066 0
1065 0.8141898030193964 0.7747440022514318 0
1066 0.7950479158977309 0.7806197993327531 0
1067 0.7811210051035826 0.7664607387997346 0
1068 0.7754100928636151 0.7845490721304282 0
1069 0.7878266737218262 0.8004486271155171 0
1070 0.7616963172608069 0.7712265568347139 0
1071 0.7559791042190879 0.7892901598257651 0
1072 0.7422998010145743 0.7761029470130336 0
1073 0.7368484326808594 0.7950675508800757 0
1074 0.7229580328854521 0.7811704831083667 0
1075 0.7522483309512615 0.8094620563516433 0
1076 0.747774558724692 0.7570877186631166 0
1077 0.244116368291355 0.1168655922711793 0
1078 0.2301496294763246 0.1025502086971106 0
1079 0.3624403666308346 0.7837984460255567 0
1080 0.3818212218784119 0.7788605871907528 0
1081 0.3957879606934422 0.7931759707648218 0
1082 0.4012020771259893 0.7739227283559489 0
1083 0.4151688159410196 0.7882381119300179 0
1084 0.4205829323735667 0.768984869521145 0
1085 0.16863181415506 0.8331770343735971 0
1086 0.4310980893192807 0.2837123363252183 0
1087 0.4450648281343249 0.2980277198992738 0
1088 0.439650711701776 0.3172809623081485 0
1089 0.5767075684388777 0.08573771753541254 0
1090 0.080516903928252 0.1227998369666676 0
1091 0.5613499596197914 0.2684005668904491 0
1092 0.5807308148673688 0.2634627080556449 0
1093 0.9407135871494818 0.4580494553273239 0
1094 0.6964662354285712 0.5557043104568771 0
1095 0.6910518551096207 0.5749575285308379 0
1096 0.820825495872292 0.3597881754646283 0
1097 0.6283582236090994 0.733921664708144 0
1098 0.6477390788645968 0.7289838058784123 0
1099 0.5960847828512502 0.08079883487795614 0
1100 0.4590315669493559 0.3123431034733423 0
1101 0.4644456833819034 0.2930898610644689 0
1102 0.4784124221969339 0.3074052446385378 0
1103 0.3270539057142117 0.0778609145230903 0
1104 0.7181147930886481 0.4760820541581537 0
1105 0.4600709588042013 0.8841393842425234 0
1106 0.4739083033726373 0.8985810107242307 0
1107 0.109626352945001 0.7230936316855061 0
1108 0.09024549769742363 0.72803149052031 0
1109 0.1538021798726958 0.6939646716069917 0
1110 0.7072994278536545 0.5171981325339727 0
1111 0.4957555927265784 0.4992768033819536 0
1112 0.5017156307529057 0.4802576906146633 0
1113 0.5861449312999159 0.2442094656467719 0
1114 0.6001116701149461 0.2585248492208409 0
1115 0.8537889453656672 0.444126825432185 0
1116 0.6135285881853301 0.5947093031316073 0
1117 0.6049876620402207 0.1165400460462986 0
1118 0.4677939478852849 0.4715690098812511 0
1119 0.7635438820075702 0.2336183657385932 0
1120 0.7615985721036111 0.2535235457119749 0
1121 0.7778642911458703 0.265160824629849 0
1122 0.759487052272765 0.2730626399649154 0
1123 0.08169287531494057 0.6944628645373676 0
1124 0.07510278749570481 0.1420530793755407 0
1125 0.7433598304865214 0.2617304205869915 0
1126 0.2355637459088714 0.08329696628823763 0
1127 0.2161828906612939 0.08823482512304182 0
1128 0.6423249624794004 0.7482370483212449 0
1129 0.661705817719086 0.743299189480781 0
1130 0.2330513917976667 0.9240071946528157 0
1131 0.2190846529826361 0.9096918110787471 0
1132 0.9450240468453662 0.5089236221161658 0
1133 0.9007477709211922 0.0762173155194199 0
1134 0.917013493630131 0.08785459410258389 0
1135 0.4687158317554572 0.9176180063780037 0
1136 0.4880892988425224 0.9126873557683688 0
1137 0.07855436936500476 0.6416409961455527 0
1138 0.08396848579755212 0.6223877537366801 0
1139 0.1033493410451296 0.6174498949018763 0
1140 0.08938260223009936 0.6031345113278074 0
1141 0.1087634574776768 0.5981966524930036 0
1142 0.6771705457192492 0.5606661225012701 0
1143 0.08028016029965662 0.8914349545305582 0
1144 0.07486604386710921 0.9106881969394311 0
1145 0.8461146555515875 0.1010209862615944 0
1146 0.8480599667458721 0.08111581703011472 0
1147 0.829869777003021 0.0893545644763164 0
1148 0.7437804232562498 0.5793973119571281 0
1149 0.872810127890322 0.1840110140051862 0
1150 0.8910211831394438 0.1757431588714649 0
1151 0.8890758624801982 0.1956483228454914 0
1152 0.9072869056426702 0.187380436709834 0
1153 0.905341588792022 0.2072856061757425 0
1154 0.7753975320477307 0.2877999382589313 0
1155 0.2244987694151827 0.8904385686698739 0
1156 0.5636255701024023 0.1963254560897612 0
1157 0.2871925559168372 0.7314747695698495 0
1158 0.2706371305074073 0.3424684498015187 0
1159 0.2652230142000895 0.3617216920882121 0
1160 0.2512562755465163 0.3474063083566183 0
1161 0.2458421591617502 0.3666595507188738 0
1162 0.231875420381593 0.3523441671107811 0
1163 0.2264613039628216 0.3715974095062138 0
1164 0.2124945651558994 0.3572820259242341 0
1165 0.2070804487269997 0.3765352683295486 0
1166 0.1931137099139285 0.362219884753568 0
1167 0.1985278263468024 0.3429666423443765 0
1168 0.1791469711002137 0.3479045011782155 0
1169 0.1741559334740557 0.3667283880206321 0
1170 0.1598332455922909 0.3527575210906054 0
1171 0.16519142057551 0.3335749777833694 0
1172 0.1458124300429868 0.338510479981377 0
1173 0.1403952410011544 0.3577500499564874 0
1174 0.1264185217906044 0.3434648352731918 0
1175 0.1318348137239526 0.3242088434548172 0
1176 0.1210060687573105 0.3627130495336024 0
1177 0.1124521455590412 0.3291489934642057 0
1178 0.1178663224221661 0.3098956746828467 0
1179 0.1372471877415066 0.3049578031192953 0
1180 0.1232801585239775 0.2906427865574512 0
1181 0.1038992548759836 0.2955807065609591 0
1182 0.1093133165200055 0.2763275333941165 0
1183 0.1333439131313803 0.3767533754380104 0
1184 0.1155902889255097 0.3819713200909375 0
1185 0.1016238273436884 0.3676550984921246 0
1186 0.09620947988346695 0.3869090392549505 0
1187 0.08993243770392545 0.2812654220149194 0
1188 0.09534654744731375 0.2620121880598414 0
1189 0.08451832371363988 0.3005186613372486 0
1190 0.1426609670497656 0.2857049867698938 0
1191 0.1147274015800314 0.2570743306340034 0
1192 0.1007606575362475 0.2427589536680609 0
1193 0.08137980141721113 0.2476968136042191 0
1194 0.08679391664724634 0.2284435727150875 0
1195 0.1098358670291514 0.4011288413093643 0
1196 0.09073860736900519 0.4061464445244076 0
1197 0.07681913448521394 0.3918443516803782 0
1198 0.2210471875426379 0.3908506519030245 0
1199 0.2313256008616954 0.6742132362614566 0
1200 0.3914734833568161 0.1686910748023088 0
1201 0.4604442819646433 0.1153710134801513 0
1202 0.4464775431496128 0.1010556299060827 0
1203 0.4518916595821598 0.08180238749720953 0
1204 0.4325108043345822 0.08674024633201372 0
1205 0.4270966879020354 0.1059934887408869 0
1206 0.4131299490870048 0.09167810516681751 0
1207 0.08906952631073517 0.1563684629496094 0
1208 0.3678544830633816 0.7645452036166838 0
1209 0.3484736278158043 0.7694830624514877 0
1210 0.3410206445292419 0.09217629809715955 0
1211 0.1201415117265561 0.2378210961694392 0
1212 0.8188144463326543 0.379548567815071 0
1213 0.6089773683904491 0.7388595235638971 0
1214 0.5950106296017622 0.7245441400079109 0
1215 0.4361657844375827 0.7849889347406764 0
1216 0.4397930529009066 0.7639709931775813 0
1217 0.4259685930194074 0.7497189575274787 0
1218 0.445377904053691 0.744793768277468 0
1219 0.2016663322979955 0.3957885107349649 0
1220 0.346434760961789 0.07292305568828644 0
1221 0.3772700009131904 0.9230108087921286 0
1222 0.3578814831450753 0.9279185926073034 0
1223 0.9223649835756769 0.3897253224651981 0
1224 0.7427364436048551 0.4546290344085104 0
1225 0.2136705365500896 0.9289450534876202 0
1226 0.08883278268213973 0.9250035805135003 0
1227 0.5331775562531699 0.5618561692119031 0
1228 0.1415612319923254 0.9294432464179614 0
1229 0.2689109060627678 0.467422404259283 0
1230 0.2850465383638937 0.4816792899357606 0
1231 0.06945192743456191 0.9299414393483041 0
1232 0.582135641406377 0.06648839978004045 0
1233 0.7693792037356046 0.1739004142734656 0
1234 0.7173306218154358 0.7994401715203415 0
1235 0.7035608662212873 0.7860357484541692 0
1236 0.709011338166066 0.7669508370832296 0
1237 0.0696886710631579 0.1613063217844137 0
1238 0.9235526291433894 0.1990177159865744 0
1239 0.9216073118242142 0.2189228847769065 0
1240 0.925497946523012 0.1791125472834135 0
1241 0.6562917012931153 0.7625524318943706 0
1242 0.07055156653048367 0.2862033009769148 0
1243 0.4938027615004641 0.890334869908507 0
1244 0.5075545232100561 0.9071993179742714 0
1245 0.5021045772599352 0.9268774044650973 0
1246 0.5214935224412434 0.9219186564840667 0
1247 0.1046958868370492 0.4204591885752412 0
1248 0.06513745315929048 0.3054565395168316 0
1249 0.07000174698252198 0.6080723701626108 0
1250 0.4614210455494601 0.7592939056566639 0
1251 0.4654109461425391 0.7389937311755389 0
1252 0.8317977183992729 0.06947368127747067 0
1253 0.8136081071509134 0.07771161914460717 0
1254 0.215554397196307 0.4097951030219952 0
1255 0.8354365516918558 0.3930762961173824 0
1256 0.4185440655195518 0.07242486275794402 0
1257 0.07140343636088681 0.4110971696876883 0
1258 0.2663989858602749 0.9333847193920799 0
1259 0.4529236683819196 0.3314012505742486 0
1260 0.74124369437344 0.281259346486189 0
1261 0.7259269621215045 0.2700875314226788 0
1262 0.8034740418784438 0.3681170109844021 0
1263 0.8006691334800708 0.3879612310675119 0
1264 0.9298992852413958 0.6213472974075279 0
1265 0.9353134016753623 0.602094054998367 0
1266 0.9213466628609743 0.5877786714238946 0
1267 0.2215970070938406 0.06898158271416893 0
1268 0.2022161518462632 0.07391944154897323 0
1269 0.1968020354137164 0.09317268395784611 0
1270 0.1828352965986859 0.07885730038377731 0
1271 0.240977862341418 0.06404372387936452 0
1272 0.05744683511608339 0.3967846451132439 0
1273 0.06286011761335181 0.3775311645927631 0
1274 0.920422073680618 0.4096271214139489 0
1275 0.8993927543043571 0.4187950326447692 0
1276 0.9192117623635747 0.06850658235493218 0
1277 0.3130871668991816 0.06354553094902116 0
1278 0.06113604868067446 0.1277376958014717 0
1279 0.06655016511322165 0.1084844533925986 0
1280 0.526908987196079 0.9026619325508218 0
1281 0.5408699500199482 0.9170681034544075 0
1282 0.7050186064406345 0.5892729437272777 0
1283 0.6856377055566432 0.5942107600507395 0
1284 0.7631611805901406 0.5744594872694951 0
1285 0.6329094438618957 0.5897713946677805 0
1286 0.9033962713972767 0.22719077485711 0
1287 0.9196619946240505 0.2388280534942201 0
1288 0.8415476313868631 0.6796052175643262 0
1289 0.2051179141676051 0.8953764275046777 0
1290 0.2105320306001519 0.8761231850958049 0
1291 0.1609420872399028 0.9245053875831576 0
1292 0.3604014997768195 0.08723843926235547 0
1293 0.3658156162093664 0.06798519685348259 0
1294 0.1042122365124538 0.7423468740943792 0
1295 0.08483138126487644 0.7472847329291828 0
1296 0.07086464244984608 0.7329693493551137 0
1297 0.06545052601729878 0.7522225917639868 0
1298 0.07941726483232942 0.7665379753380557 0
1299 0.1235930917600312 0.7374090152595756 0
1300 0.2247355130437777 0.1218034511059836 0
1301 0.2387022518588082 0.1361188346800521 0
1302 0.5140356267421531 0.2447076585771151 0
1303 0.5086215103096062 0.2639609009859881 0
1304 0.5225882491246366 0.278276284560057 0
1305 0.4279595833693592 0.2308904679333891 0
1306 0.3815081459589783 0.3320945388126239 0
1307 0.3954748847740552 0.3464099223866475 0
1308 0.34933652328313 0.8943800416439907 0
1309 0.2011165127486599 0.717657579912253 0
1310 0.2684705323251852 0.414437203247597 0
1311 0.5941477339273179 0.5996471610048764 0
1312 0.407715832654458 0.1109313475756906 0
1313 0.4097546995084724 0.8074913543388906 0
1314 0.1227301962927071 0.6125120360670726 0
1315 0.1281443127252543 0.5932587936581998 0
1316 0.08365540987818842 0.1756217053584823 0
1317 0.4216825714694884 0.1252467311497598 0
1318 0.06427455463061094 0.1805595641932866 0
1319 0.2660322811249068 0.4881530549369274 0
1320 0.280032090670739 0.5010005573333237 0
1321 0.2993600398518834 0.4960070258368234 0
1322 0.2940037171981629 0.515262326966862 0
1323 0.2746324942470566 0.5202005289218603 0
1324 0.2886016530635644 0.5345070340258732 0
1325 0.2692228065323118 0.5394434703023668 0
1326 0.2831902834669758 0.5537571370383747 0
1327 0.3025712617344923 0.548818992063894 0
1328 0.2638098860253915 0.5586944726404501 0
1329 0.2777768241613597 0.5730094828693876 0
1330 0.2583960784349374 0.5779471922745482 0
1331 0.27236286872365 0.5922624887194881 0
1332 0.2917437325501744 0.5873246153631625 0
1333 0.2863296443799248 0.6065778159253198 0
1334 0.3057105107321232 0.6016399402709777 0
1335 0.2669487938427302 0.6115156677856711 0
1336 0.3133853870644726 0.5103155324753029 0
1337 0.244429357873433 0.5636317837955386 0
1338 0.239015327778172 0.5828848830582475 0
1339 0.2250485745735941 0.5685695233418723 0
1340 0.2196344701323367 0.5878227458693336 0
1341 0.2056677309175967 0.5735073629579781 0
1342 0.3002963958963156 0.6208931803269736 0
1343 0.3196772547184179 0.6159553161108466 0
1344 0.3250913702890876 0.596702074991007 0
1345 0.3390581098223491 0.6110174574908815 0
1346 0.3444722262309552 0.5917642151178151 0
1347 0.3584389652135727 0.6060795984412388 0
1348 0.3638530816181886 0.5868263560741401 0
1349 0.3498863427985032 0.5725109725070334 0
1350 0.3778198204564949 0.6011417396133973 0
1351 0.2002536168411612 0.5927606014604467 0
1352 0.1862868779280165 0.5784452180490506 0
1353 0.3692671980685806 0.5675731136385781 0
1354 0.3553004592585566 0.5532577300570217 0
1355 0.126667599842885 0.4173894072196014 0
1356 0.9050175083376806 0.05409753493523567 0
1357 0.06741306091873317 0.2333814321577002 0
1358 0.07541586341506945 0.588819127753738 0
1359 0.5143545145578999 0.4959781877508642 0
1360 0.5213582620532161 0.4761974208882055 0
1361 0.5753166984348219 0.2827159504645179 0
1362 0.2294850465211213 0.5480341583167131 0
1363 0.6055257865474933 0.239271606811968 0
1364 0.6194925253625236 0.253586990386037 0
1365 0.9352666922834 0.07967956349643812 0
1366 0.9332862427127125 0.09950734926556304 0
1367 0.5999590478982549 0.5808274939867811 0
1368 0.06003640958475187 0.77147583417286 0
1369 0.07400314839978273 0.7857912177469284 0
1370 0.9385947602719678 0.4014128440740706 0
1371 0.9405336882252877 0.3815166106771399 0
1372 0.9376194596176801 0.05949113660053507 0
1373 0.9407275181081631 0.5828408125894281 0
1374 0.9267607792935695 0.568525429014932 0
1375 0.6015188227431131 0.06155119505415341 0
1376 0.6154859492396698 0.07586668764637527 0
1377 0.6209052403778089 0.05661490039284628 0
1378 0.6348510891464361 0.0708514341049763 0
1379 0.8500058628385712 0.06120983878862296 0
1380 0.6140784089299764 0.2728402327949099 0
1381 0.6329798886908511 0.2683700744714103 0
1382 0.5354562483697766 0.9363124353239097 0
1383 0.5548362040913242 0.9313919476707051 0
1384 0.9378730349140267 0.2305601634203834 0
1385 0.9359277175263656 0.250465332105171 0
1386 0.9177166772674814 0.2587332221819366 0
1387 0.9339824001391634 0.2703705007881667 0
1388 0.7272088821784233 0.4051536553991707 0
1389 0.7480058093614103 0.4099326721670736 0
1390 0.7154895611959257 0.4221259659606466 0
1391 0.6962096569689032 0.4196126970862352 0
1392 0.7528582998474551 0.3751491179314858 0
1393 0.6527490442735975 0.4987596382176091 0
1394 0.6607150346529467 0.5163707564302695 0
1395 0.6675377184052178 0.4833854029170687 0
1396 0.9464681460939135 0.8050218124155863 0
1397 0.911987223618282 0.7957826770839607 0
1398 0.9213887578813993 0.7792465842406875 0
1399 0.8955543844771516 0.7851055954992723 0
1400 0.8783443599078448 0.7957934144175216 0
1401 0.9037392986736689 0.7648640302973221 0
1402 0.9229956188263186 0.7580462940347918 0
1403 0.883585482188638 0.7686062083204592 0
1404 0.5021608028069861 0.779097863426933 0
1405 0.503597840880839 0.7604453337939208 0
1406 0.5213872887693241 0.7503601059511973 0
1407 0.5038813234991358 0.7400078219683123 0
1408 0.5216867612309791 0.7319838064245873 0
1409 0.539408983503334 0.7419081862840322 0
1410 0.5392141676979778 0.7209467858454847 0
1411 0.4958240887806794 0.8165349188524555 0
1412 0.4830899038211467 0.8346200257469678 0
1413 0.476399771694645 0.8126270387568091 0
1414 0.6855097421831675 0.2343491710882647 0
1415 0.5462847059552517 0.8978053702521007 0
1416 0.7006658858938616 0.8797483120167916 0
1417 0.7104010350968177 0.8969937745531511 0
1418 0.7007876229874187 0.9141223391070858 0
1419 0.7198340777305999 0.9140916131445509 0
1420 0.7303478275488935 0.8974844047401859 0
1421 0.7398116875748644 0.9147736599877756 0
1422 0.7503405533118084 0.8977725121285639 0
1423 0.7598111705611159 0.9153352166657521 0
1424 0.7703332799136493 0.8983184101643652 0
1425 0.779803775677088 0.9159242355824454 0
1426 0.7903248601414271 0.8989120537551218 0
1427 0.7808546857728624 0.8812956344974751 0
1428 0.7997950464488162 0.9165257385431681 0
1429 0.8008458823166957 0.881898839545727 0
1430 0.7408725205929876 0.8800797513228918 0
1431 0.7913757426779565 0.8642835621951759 0
1432 0.8109397596132861 0.8646256808674139 0
1433 0.7492645468800752 0.9323448056408817 0
1434 0.7892742833637195 0.9335346272720332 0
1435 0.8092651983020254 0.9341403162392479 0
1436 0.8220103722664707 0.8838670106710331 0
1437 0.7094018592896587 0.9311719847504266 0
1438 0.6903141538622795 0.9310346049600566 0
1439 0.8017955934139038 0.8482123130421332 0
1440 0.8213725404186755 0.8477287901198449 0
1441 0.7833566224458801 0.8485502213167495 0
1442 0.6924127697307098 0.8463836523045943 0
1443 0.7103688190185627 0.8454276339686049 0
1444 0.9080856381608082 0.7459051392956699 0
1445 0.9261814374129894 0.7383251100847181 0
1446 0.9415733633328254 0.7505713047649909 0
1447 0.9451799882940701 0.7309235177030989 0
1448 0.9292398087813905 0.7184780428063092 0
1449 0.2276372753651202 0.9432604370616888 0
1450 0.05548518861953167 0.9156260557742348 0
1451 0.5084018171988377 0.4620848683768898 0
1452 0.5273824486629888 0.4565037471853223 0
1453 0.5399512138262491 0.4705844953346754 0
1454 0.5458994259993448 0.4507859861203236 0
1455 0.5895965131648246 0.74379738241377 0
1456 0.1141775739102241 0.5789434100841307 0
1457 0.1335584291578015 0.574005551249327 0
1458 0.6508433869670025 0.5333152961492323 0
1459 0.6709900153079379 0.2402555109794163 0
1460 0.6836838506584815 0.2529390977135502 0
1461 0.5047316926600213 0.7214938749289006 0
1462 0.4970784742769511 0.8490400645151722 0
1463 0.7042646789773011 0.4379832289364177 0
1464 0.6847474702312079 0.4366894101876284 0
1465 0.9699914351823197 0.01613746930612947 0
1466 0.03029255219038196 0.9817892933797256 0
1467 0.9417636696761222 0.1907498260589175 0
1468 0.94370898705323 0.1708446573521246 0
1469 0.9649520531464193 0.4569897957935454 0
1470 0.1921587103343687 0.5589191483993288 0
1471 0.7233231611561207 0.28989631461952 0
1472 0.6278319462985925 0.2867103487387598 0
1473 0.6466925006536447 0.2808157711722671 0
1474 0.08341866624959215 0.9442568229223732 0
1475 0.5875554045046355 0.04723674524426258 0
1476 0.5681751026864839 0.0521747597064296 0
1477 0.1963484816887056 0.4182746590858415 0
1478 0.7409562458289864 0.3380532573623246 0
1479 0.760021966723055 0.3403893727218955 0
1480 0.7531676008831651 0.321347731752145 0
1481 0.7735256526775294 0.3245772934136882 0
1482 0.3524985353606715 0.05282957225027574 0
1483 0.9544725196471531 0.4409423094275156 0
1484 0.1882494130312327 0.05960405797490442 0
1485 0.1688685577836549 0.06454191680970867 0
1486 0.5584239445534525 0.4962481781002618 0
1487 0.5718925994447817 0.5251374059773544 0
1488 0.5704594560119485 0.5430086221704344 0
1489 0.2188548674186875 0.477959166646358 0
1490 0.228395211449492 0.4596734816353041 0
1491 0.2155706338923487 0.5107228234472979 0
1492 0.1823165200021654 0.5224889483791871 0
1493 0.1642270476048834 0.5301860665463689 0
1494 0.1121056957113111 0.530159195630599 0
1495 0.8278970280347195 0.1092169129319127 0
1496 0.7654889895241909 0.2137127456147995 0
1497 0.7481370011156998 0.2220649752990118 0
1498 0.699604415669455 0.6085261728455362 0
1499 0.6802235869312554 0.6134640028494536 0
1500 0.7577470287525151 0.5937127186562782 0
1501 0.804201637063905 0.4925204405986459 0
1502 0.9157713596983692 0.2786383908468484 0
1503 0.9320370827166142 0.290275669467063 0
1504 0.9138260402941998 0.2985435593319751 0
1505 0.9300917649823309 0.3101808381153118 0
1506 0.8188255458799858 0.9176472377570632 0
1507 0.8288272139996257 0.9346663600720733 0
1508 0.9118807225079608 0.3184487279751163 0
1509 0.928146447412024 0.3300860060682475 0
1510 0.7940431074149912 0.2772537648092173 0
1511 0.9274432640029766 0.1592073787249333 0
1512 0.9456543044592359 0.150939488687 0
1513 0.9293885814079785 0.139302210061174 0
1514 0.9475996218485467 0.1310343199986356 0
1515 0.1808727619185556 0.5976984597564516 0
1516 0.2142203556246949 0.6070759850867365 0
1517 0.2937063116516042 0.06848338978382479 0
1518 0.299120428084151 0.04923014737495163 0
1519 0.279739572836573 0.05416800620975559 0
1520 0.9244851688085954 0.6406005398164673 0
1521 0.9438660240575718 0.6356626809813565 0
1522 0.9384519076252497 0.654915923390205 0
1523 0.1726940467071757 0.5636413500444019 0
1524 0.1221803767447483 0.9343811052527655 0
1525 0.1361471155597789 0.9486964888268345 0
1526 0.3538877442483513 0.7502298200426146 0
1527 0.2299128858477294 0.8711853262610008 0
1528 0.2193213966112306 0.1410566935148565 0
1529 0.07910419248454637 0.319771922446075 0
1530 0.05972333477087777 0.3247097843975374 0
1531 0.1663562036724497 0.9052521451742843 0
1532 0.4946547714945758 0.2496455174119191 0
1533 0.2159461470326987 0.856869942686932 0
1534 0.5915590477324629 0.224956223237899 0
1535 0.3966508561607678 0.918072949957325 0
1536 0.3912367397282201 0.937326192366198 0
1537 0.4106175949757978 0.9323883335313947 0
1538 0.5559358431872445 0.287653809299322 0
1539 0.3256411906908978 0.2748330045241134 0
1540 0.179042958898217 0.4000105103129679 0
1541 0.4341209649134166 0.3365016888323579 0
1542 0.4473209530847825 0.3506014579571107 0
1543 0.4286561436108025 0.3557406727561184 0
1544 0.7383661723102156 0.5986505697206486 0
1545 0.5046201088923454 0.08624205340167052 0
1546 0.4906533700773152 0.07192666982760165 0
1547 0.510034225324893 0.06698881099279785 0
1548 0.1566276980778309 0.3000203801851706 0
1549 0.1620417263358236 0.2807672492117695 0
1550 0.1760084798466131 0.2950826142132599 0
1551 0.4886908355140664 0.5907678290064847 0
1552 0.06199894454130384 0.2526346744969146 0
1553 0.193426785835183 0.8089859331299127 0
1554 0.3732685994959288 0.7452919612078107 0
1555 0.7685753756720933 0.5552062584024106 0
1556 0.7825420329133213 0.5695216681165618 0
1557 0.7879561937131729 0.550268437251977 0
1558 0.1774211801661383 0.09811054279265025 0
1559 0.07314025293245763 0.6608942385544259 0
1560 0.05917351411742738 0.6465788549803568 0
1561 0.2372895368199524 0.3330909246962376 0
1562 0.2791897530359915 0.3760370756419179 0
1563 0.3760940295264846 0.3513477812214445 0
1564 0.3900607683415238 0.365663164795505 0
1565 0.5034500164764093 0.5329784107016244 0
1566 0.6671199341503177 0.7240459470709647 0
1567 0.6810866729717053 0.7383613306495931 0
1568 0.4274097638213988 0.5527595371190815 0
1569 0.4171313505042509 0.2693969527511488 0
1570 0.4365122057518382 0.2644590939163353 0
1571 0.3427464318155556 0.3419702600416474 0
1572 0.2623975844405055 0.7556658717956866 0
1573 0.5553860236392748 0.6095228784850129 0
1574 0.5601254970288518 0.5909278484897913 0
1575 0.4080289085738215 0.5576973959538853 0
1576 0.4219956473888516 0.5720127795279545 0
1577 0.1480750035143801 0.2664518454249205 0
1578 0.3940621697587912 0.5433820123798162 0
1579 0.3345068890007739 0.7551676788774185 0
1580 0.3290927725682269 0.7744209212862916 0
1581 0.3151260337531965 0.7601055377122226 0
1582 0.3097119173206496 0.7793587801210955 0
1583 0.4314543397914223 0.7302707467278311 0
1584 0.2332881354262612 0.1553720770889253 0
1585 0.2526689906738385 0.1504342182541212 0
1586 0.2472548742412919 0.1696874606629941 0
1587 0.2666357294888692 0.1647496018281899 0
1588 0.2612216130563227 0.1840028442370628 0
1589 0.1965652917851211 0.8618078015217361 0
1590 0.6279966340236363 0.09096151440749534 0
1591 0.3530248487570843 0.6253328408859181 0
1592 0.4120327631187592 0.7353795256114762 0
1593 0.1814225840326942 0.2758293872815359 0
1594 0.3142631376901167 0.6352085594166067 0
1595 0.294882282343247 0.6401464184008918 0
1596 0.19538932325594 0.2901447703397 0
1597 0.1421110515402846 0.6075741772322685 0
1598 0.2053546577961998 0.1267413099407876 0
1599 0.07369007325993032 0.3390251683835789 0
1600 0.05430921754700779 0.3439630278064874 0
1601 0.868952328559234 0.3924377864033587 0
1602 0.3105748127879756 0.9042557593135979 0
1603 0.3051606963554293 0.9235090017224709 0
1604 0.08569427673220431 0.8721817121216855 0
1605 0.06631342148462671 0.8771195709564886 0
1606 0.0717275379171744 0.8578663285476159 0
1607 0.05234668266959691 0.8628041873824192 0
1608 0.05776079910214454 0.8435509449735465 0
1609 0.402301716221911 0.1301845899845634 0
1610 0.4162684550369412 0.1444999735586325 0
1611 0.3883349774068807 0.1158692064104939 0
1612 0.2806024683038999 0.1790649854022586 0
1613 0.2751883518713535 0.1983182278111315 0
1614 0.2945692071189307 0.1933803689763268 0
1615 0.2891550906863843 0.2126336113852001 0
1616 0.4356493102845186 0.1395621147238285 0
1617 0.07714165434972164 0.8386130861387431 0
1618 0.06317491553469134 0.8242977025646741 0
1619 0.08255577078226817 0.81935984372987 0
1620 0.3085359459339615 0.2076957525503955 0
1621 0.3031218295014151 0.2269489949592684 0
1622 0.6414620481315121 0.623340034085941 0
1623 0.5492897998311369 0.9501224831744349 0
1624 0.5687808949350814 0.9456202134272497 0
1625 0.5742133846770221 0.9264395691996463 0
1626 0.5881795110484067 0.9407525328343389 0
1627 0.2559324130265295 0.5250830113300532 0
1628 0.1140364970355847 0.4807493940824887 0
1629 0.9482078490935639 0.3019036680450128 0
1630 0.05603500816749202 0.5937569865885413 0
1631 0.7194451555858844 0.1748720807476674 0
1632 0.6767739712522715 0.4144293776455018 0
1633 0.4665193331445328 0.8270386337025373 0
1634 0.7261315661500041 0.2484235684682783 0
1635 0.8155332499965746 0.05783464868802274 0
1636 0.7973224186681542 0.06610224642809398 0
1637 0.795422213819152 0.08583418533909021 0
1638 0.779213587702 0.07420891316743916 0
1639 0.03172143951087369 0.5331940070721473 0
1640 0.05150393035796474 0.737887555611762 0
1641 0.05690126082743163 0.7186506903513521 0
1642 0.05476801344330018 0.7907700539197737 0
1643 0.8094501622865311 0.8297778140936274 0
1644 0.8307977125308187 0.8301276302025994 0
1645 0.793279356164463 0.2972716671009897 0
1646 0.8047402841567052 0.3482430891553768 0
1647 0.6403916773618272 0.4637851562264003 0
1648 0.04719252731760959 0.1134288411011135 0
1649 0.05261051332548439 0.09417668683785896 0
1650 0.07196879605031786 0.0892324804869471 0
1651 0.0580028096527121 0.0749173084967486 0
1652 0.07738002821606987 0.06997842700657192 0
1653 0.5696826801989839 0.3011060890138336 0
1654 0.5504850764541492 0.3067632010649355 0
1655 0.8639575587015835 0.778921149140354 0
1656 0.6369108460466342 0.7674902907299608 0
1657 0.4959500572897874 0.05278799670271306 0
1658 0.4766670597256059 0.05763038113419661 0
1659 0.06343263554466561 0.05574072769245525 0
1660 0.0828161090354777 0.05081564579174813 0
1661 0.09676345736962155 0.06505533941629704 0
1662 0.9459288757748809 0.5635277412588778 0
1663 0.9321394359313926 0.5492622151194829 0
1664 0.9513016224473102 0.5442628654486219 0
1665 0.9127881638329958 0.5542085389586089 0
1666 0.05385619050547974 0.6657376619144491 0
1667 0.03990558382721637 0.6514065390945828 0
1668 0.1091657515660354 0.4601153299963927 0
1669 0.9481880796157136 0.7111975066635685 0
1670 0.9319224030096769 0.6979133089524948 0
1671 0.06425743202903961 0.9489804095019579 0
1672 0.1021780027864979 0.04580455888151275 0
1673 0.1161415813521016 0.06010773777634326 0
1674 0.5539081435742592 0.5320918933959462 0
1675 0.6973521633794395 0.8076779315842775 0
1676 0.6840776918728284 0.7915114919122984 0
1677 0.9825560326347782 0.8722678282765214 0
1678 0.05030781581558047 0.1662441806192182 0
1679 0.9500024592837861 0.6897205430753084 0
1680 0.4750766629587569 0.7925946243160319 0
1681 0.7809971630277452 0.05454511755925529 0
1682 0.7628494752709285 0.06272394788135943 0
1683 0.8398219881841946 0.4298112316109965 0
1684 0.2081853689637706 0.9479194235810815 0
1685 0.6240126303247743 0.4224214916822435 0
1686 0.8229380406334015 0.8132552925866887 0
1687 0.8429165486868591 0.8133371636408799 0
1688 0.4826856728474344 0.03707714956358527 0
1689 0.6936112821887183 0.4536879268011608 0
1690 0.4568942587915731 0.8146660660096999 0
1691 0.4423166378454998 0.369969938689348 0
1692 0.4233018765654549 0.3750107451380334 0
1693 0.4369090114063133 0.3892250061196356 0
1694 0.4178988166963346 0.3942670967126491 0
1695 0.4320687981210002 0.4094249350489737 0
1696 0.5935965876252439 0.9215109867991143 0
1697 0.6075637177237161 0.9358279164455614 0
1698 0.05104015172418969 0.2911680674389346 0
1699 0.9179453316844105 0.4296830183360625 0
1700 0.9515783648805516 0.262117451279559 0
1701 0.6035632519791232 0.7581127659873368 0
1702 0.05240475665882816 0.4161425064152804 0
1703 0.469619439966028 0.3979475975363068 0
1704 0.4654342842703932 0.4178816427853176 0
1705 0.4816867985870596 0.4275848793489228 0
1706 0.4792143666230571 0.3688016036087389 0
1707 0.06242130931664047 0.5725735464816805 0
1708 0.9467383162740457 0.785790278330998 0
1709 0.04044414795931645 0.3300466913966298 0
1710 0.6399869294446674 0.0519523831569082 0
1711 0.654160452110703 0.06587194512890138 0
1712 0.08155439173757145 0.5730101531430678 0
1713 0.6584591637306549 0.04752784116708042 0
1714 0.6732729512590727 0.0606005655877524 0
1715 0.6986486975260985 0.9480117464173021 0
1716 0.7186735180004113 0.948468562394013 0
1717 0.680008736998722 0.9467975084756564 0
1718 0.1965950181322806 0.4535971341608432 0
1719 0.1208345035267572 0.4969740987807942 0
1720 0.7504887742649176 0.2012626713355569 0
1721 0.8677923216372979 0.9297934622213423 0
1722 0.8666397355222069 0.9457496272539534 0
1723 0.8944855384941811 0.9356087494381757 0
1724 0.9062811245784899 0.9478879002086592 0
1725 0.9511105626487273 0.09120413027331153 0
1726 0.06617303244575168 0.4302604764987349 0
1727 0.9543439657295524 0.5970576923755315 0
1728 0.575733787733461 0.7293805186615161 0
1729 0.8574347923871366 0.9039690268475929 0
1730 0.05112748599107408 0.6131526860562567 0
1731 0.8423464281595627 0.8447982732002151 0
1732 0.7097051428922433 0.2771016686671719 0
1733 0.6731286985056371 0.9068388593986568 0
1734 0.6512872234806495 0.7814060122503603 0
1735 0.9660877137597261 0.8043628842839317 0
1736 0.9231406881068098 0.935266803065423 0
1737 0.7608953987141449 0.0826449299588185 0
1738 0.7451195385057554 0.0703226538591975 0
1739 0.746658096712454 0.05098568084961186 0
1740 0.728722219780829 0.05875720928933154 0
1741 0.5151675979690212 0.04832629456252657 0
1742 0.5293682899410671 0.06214940648776091 0
1743 0.9702457516053653 0.9838345628854532 0
1744 0.02861100865148658 0.01649778275933034 0
1745 0.1743550916270374 0.04597860306225304 0
1746 0.1548491427732483 0.05008739737857903 0
1747 0.1494789231701815 0.06945658633500218 0
1748 0.4649508089956521 0.4389479164767466 0
1749 0.6941902742634996 0.6277793913526895 0
1750 0.7523328967482343 0.6129660380244707 0
1751 0.8995056371162558 0.2670011128650562 0
1752 0.8708648207531767 0.2039162141637565 0
1753 0.8105636949719354 0.2886060637451778 0
1754 0.19427783944355 0.933836433603189 0
1755 0.1886117891929308 0.9521008480557775 0
1756 0.2019794082176679 0.8425545591128636 0
1757 0.09338400364735999 0.7808533589121245 0
1758 0.255807496623776 0.2032560866459359 0
1759 0.3797823550243969 0.08230058042755162 0
1760 0.3852920651009688 0.06342253841209161 0
1761 0.295745178505619 0.7650433965470267 0
1762 0.5000688879271227 0.2303922750030462 0
1763 0.5810612263499444 0.7102118430703088 0
1764 0.4174125901246111 0.716111184146626 0
1765 0.3359196040097815 0.5581955888936168 0
1766 0.3413337204486064 0.5389423464753548 0
1767 0.3593018606808984 0.7309765776337417 0
1768 0.4838265386294812 0.2881520022296648 0
1769 0.4977932774445115 0.3024673858037338 0
1770 0.4927405024582456 0.3213680870755045 0
1771 0.5118158503985284 0.3167067842016467 0
1772 0.4698597998144509 0.2738366186555956 0
1773 0.5069503712155895 0.3366137103778948 0
1774 0.2139072801786833 0.1603099359237292 0
1775 0.3088490216381902 0.6544618012524686 0
1776 0.4490447106661853 0.4762160788713372 0
1777 0.189975206891429 0.3093980126625886 0
1778 0.2093560601773039 0.3044601563069947 0
1779 0.4124885833639229 0.4133112229892381 0
1780 0.3985822281489505 0.3991879930127309 0
1781 0.4254786797344953 0.4287211937832036 0
1782 0.3188143592510924 0.4910583369183438 0
1783 0.3327786221071107 0.5053743793504273 0
1784 0.6865007894050927 0.7191080882413228 0
1785 0.7004675282213226 0.7334234718162521 0
1786 0.370679913093949 0.3706010236303061 0
1787 0.1366969351077374 0.6268274196411413 0
1788 0.2350008140408661 0.4051145702600005 0
1789 0.2308300777959169 0.4225218733365415 0
1790 0.360714575695337 0.5340044876418173 0
1791 0.1030362651257656 0.1706838465236783 0
1792 0.09762214869321895 0.1899370889325511 0
1793 0.1181789753274842 0.7566622576684483 0
1794 0.1375598305750618 0.7517243988336444 0
1795 0.1429739470076087 0.7324711564247716 0
1796 0.418307321890956 0.8410599803218324 0
1797 0.4026147921412744 0.5769506383627583 0
1798 0.4165815309563046 0.5912660219368274 0
1799 0.4359623862038819 0.5863281631020235 0
1800 0.4305482697713348 0.6055814055108965 0
1801 0.4499291250189122 0.6006435466760927 0
1802 0.4111674145237573 0.6105192643457004 0
1803 0.444515008586365 0.6198967890849655 0
1804 0.3549873833442723 0.1064916816712283 0
1805 0.3245415516030064 0.9185711428876672 0
1806 0.3191274351704597 0.93782438529654 0
1807 0.2995165953426056 0.9429921345565467 0
1808 0.0728271772059792 0.2141281899324595 0
1809 0.05470159689991821 0.2194190390661757 0
1810 0.3225026847489917 0.2220111361244642 0
1811 0.3170885683164443 0.2412643785333374 0
1812 0.6662569521986994 0.5991486817213714 0
1813 0.04398881805077315 0.382612317428649 0
1814 0.5606756202036601 0.9647513374123836 0
1815 0.6101263105100864 0.2208121421926268 0
1816 0.5967276434707107 0.2060284130948173 0
1817 0.6544782214554623 0.448812266926318 0
1818 0.6827609463179776 0.5420230737084254 0
1819 0.7987609449162384 0.9506064221255341 0
1820 0.7787545352844394 0.9500373207879177 0
1821 0.1362897087388899 0.4807726496171784 0
1822 0.1381090944449609 0.4649844414235323 0
1823 0.1544398029018542 0.4442873402938001 0
1824 0.6700245351119287 0.1313121233600175 0
1825 0.6541712795573362 0.1225243287379418 0
1826 0.6330060711169668 0.38921275514492 0
1827 0.7086968079022367 0.1630958204744224 0
1828 0.1309123435265156 0.5306930548405108 0
1829 0.2271960773294 0.05045427496718097 0
1830 0.2465532085257773 0.04542330038776476 0
1831 0.8586683054255158 0.4253950112753345 0
1832 0.8720575441273042 0.4389870635191209 0
1833 0.9640780855002418 0.1420160900795428 0
1834 0.7166694867687481 0.2069061445917398 0
1835 0.04747041750067782 0.8815326776544337 0
1836 0.03391789850390675 0.8671569793288727 0
1837 0.04171399150225513 0.7767527963834217 0
1838 0.1670902092175709 0.4302018886686061 0
1839 0.6766314223625106 0.393511018278925 0
1840 0.6563250851370541 0.3208519512941917 0
1841 0.6666958843743422 0.3051266184350259 0
1842 0.6413189324908506 0.3416323874687972 0
1843 0.6353006927031927 0.1851968029576601 0
1844 0.6313379828494299 0.1652721081464165 0
1845 0.616527177860436 0.1761634132201456 0
1846 0.613155045363748 0.1569639188563952 0
1847 0.5975043483695499 0.1675285653654248 0
1848 0.6314277087307584 0.1449179290493613 0
1849 0.6033407171183415 0.9542124347519831 0
1850 0.6231270318258769 0.9499027256864586 0
1851 0.6267559800437315 0.9312966503011577 0
1852 0.6396906908552501 0.9441334875391962 0
1853 0.6421347763743775 0.421509548665653 0
1854 0.1189039973820007 0.5609681473305133 0
1855 0.7861572767389524 0.3590329362804352 0
1856 0.4052994093875731 0.9511556443062055 0
1857 0.4246392002218946 0.9466034801190865 0
1858 0.477986645855415 0.3522752015631523 0
1859 0.4633158703445088 0.04271394334778023 0
1860 0.6379643501649256 0.3171246479316803 0
1861 0.1610113708990467 0.03162787639093428 0
1862 0.6559146270425777 0.1029837249428427 0
1863 0.9818967831569647 0.8354193118450733 0
1864 0.1165313465467849 0.952712322582447 0
1865 0.5865992974020701 0.5511556498985697 0
1866 0.6865191158690596 0.08734021710128931 0
1867 0.3887428205814468 0.9534281927721941 0
1868 0.3134295836152061 0.9576406521454106 0
1869 0.3313335328359812 0.9519719530657116 0
1870 0.5798795522676792 0.9081756901165917 0
1871 0.9265629338234613 0.953136071207862 0
1872 0.9422785932625544 0.9414496720080647 0
1873 0.945604070192875 0.9600606459610627 0
1874 0.5450715122583973 0.5132834009765823 0
1875 0.5702156579216379 0.748735241251588 0
1876 0.5325984523291821 0.4377353650486767 0
1877 0.5516987202357815 0.4328146939291055 0
1878 0.5636080400703662 0.4466603063587056 0
1879 0.5745824644382925 0.03607871588573119 0
1880 0.5345903126637885 0.04421577339364541 0
1881 0.2336410977085282 0.5034822066268322 0
1882 0.9587505185708498 0.1828373653539108 0
1883 0.3185012833317288 0.04429228854014805 0
1884 0.3039954643395348 0.03089468146476737 0
1885 0.5337382352296147 0.5317532769381438 0
1886 0.5891775857490869 0.324563173183541 0
1887 0.9562853682645092 0.3931198775310689 0
1888 0.5343059266168727 0.8839574534247474 0
1889 0.5520809588470333 0.8791806757307299 0
1890 0.04471504698414541 0.1867548232519202 0
1891 0.5692766107337648 0.4287042873502635 0
1892 0.6374654672815432 0.2483053659142394 0
1893 0.04377945881481349 0.0622244922963221 0
1894 0.04944492034825471 0.04134720142671511 0
1895 0.8340823377835289 0.7976882432547981 0
1896 0.9577474523939447 0.3727109665571787 0
1897 0.9423046815229732 0.3615331609587658 0
1898 0.9606778680233889 0.3533605826654104 0
1899 0.5729580985004706 0.5628649022520196 0
1900 0.5891487248867424 0.2965025945794727 0
1901 0.4361137520808822 0.8354710408578678 0
1902 0.562740501509762 0.4827167269750441 0
1903 0.9008992786596367 0.4387061765060553 0
1904 0.6669187471570589 0.258526443470943 0
1905 0.6782392622930735 0.2729138382454463 0
1906 0.130732999127233 0.9679497312357075 0
1907 0.5298386646430031 0.9547859067086542 0
1908 0.1501138543748101 0.9630118724009026 0
1909 0.04268110075814646 0.132584962003557 0
1910 0.7027326317002578 0.2962802496299085 0
1911 0.6692786472033114 0.9296438350803005 0
1912 0.4830361858509012 0.4471341314864174 0
1913 0.9527904602318811 0.4117627295667871 0
1914 0.03037423201585232 0.1195819230009464 0
1915 0.03665415291991442 0.5986948454233441 0
1916 0.5402071225998868 0.77097140515208 0
1917 0.137466422567209 0.5520129552875801 0
1918 0.1181284234398385 0.4359386968287288 0
1919 0.04491385803477538 0.8295504546137215 0
1920 0.2140343134157001 0.5323398557820223 0
1921 0.886617275241109 0.9503372613005309 0
1922 0.9144529617043619 0.9667047164908162 0
1923 0.9568495175938351 0.2026986398161386 0
1924 0.6421985410277631 0.2222606208960716 0
1925 0.6769730130860916 0.0433804004077582 0
1926 0.692560333803645 0.05559300795634509 0
1927 0.719750238217471 0.8629616895694117 0
1928 0.7303363224959006 0.8456988043021599 0
1929 0.7206358430898386 0.8295567187066587 0
1930 0.5177390029467613 0.8458248470568994 0
1931 0.5075172873457278 0.861429601616166 0
1932 0.6565126936538921 0.1449349799694445 0
1933 0.8725763188312227 0.9652718394007656 0
1934 0.4844258955149296 0.7671783254079185 0
1935 0.4916792128819775 0.868247491686716 0
1936 0.4786229207509674 0.8559320223256551 0
1937 0.9564349739007234 0.6505688065700448 0
1938 0.688044109139591 0.9649687979098729 0
1939 0.6263193568103559 0.03736165798397328 0
1940 0.4491719829824563 0.8501791011968237 0
1941 0.6309201653888976 0.7863275333266846 0
1942 0.01488725787545819 0.4553003878151404 0
1943 0.147953797791694 0.4244917153853153 0
1944 0.9180601140130533 0.4486092185740377 0
1945 0.2126172366324134 0.4466775166971182 0
1946 0.2369532956915353 0.4812606407296091 0
1947 0.4874127643710274 0.7295842409006361 0
1948 0.488942367112678 0.710511285531459 0
1949 0.1215542249060182 0.04084900849637324 0
1950 0.1064727939934191 0.02705900679276518 0
1951 0.139956607445431 0.5145891820549156 0
1952 0.7164775364512914 0.2247481425407347 0
1953 0.6201126441666942 0.2011231164050604 0
1954 0.5079631439817205 0.7019648803134488 0
1955 0.914711353899763 0.706849817348523 0
1956 0.9146638643960016 0.6886791609243132 0
1957 0.740059705790498 0.1116245913546913 0
1958 0.9602962354020425 0.8371518572623116 0
1959 0.7125456155305985 0.4556961055929992 0
1960 0.1939383755654824 0.04237263889162068 0
1961 0.2229451211267465 0.9645081130009363 0
1962 0.2430892772186394 0.9575202525082761 0
1963 0.9613713277742936 0.7437180319640065 0
1964 0.9570577360676321 0.7658366139927471 0
1965 0.09809245587027426 0.4408870880081821 0
1966 0.8785837193124478 0.4199355949264403 0
1967 0.7885670794839476 0.9684168030758096 0
1968 0.7030330228071511 0.244714048086709 0
1969 0.742627621339247 0.3026482816881814 0
1970 0.6463263638966634 0.9259558959055533 0
1971 0.6403251850181992 0.9024275057113822 0
1972 0.1618893516492709 0.4117952341170522 0
1973 0.4998250652500956 0.4354164913210885 0
1974 0.5997394840215374 0.9038185529021079 0
1975 0.5569677951663137 0.4170203854396144 0
1976 0.8536388375985192 0.9591895946617515 0
1977 0.04846933634034606 0.4348461589829425 0
1978 0.4699257029804675 0.7180545316976993 0
1979 0.4746126838064943 0.6991387927313125 0
1980 0.9649272937132386 0.6312135619506508 0
1981 0.9710650930997666 0.8540209844961081 0
1982 0.6107233812553483 0.1375355727930707 0
1983 0.6243047230964534 0.1250000145347523 0
1984 0.9615026566538835 0.871474392974559 0
1985 0.9713634600208908 0.8853648046022373 0
1986 0.764520397195796 0.3057003891071314 0
1987 0.7149568163293798 0.08702710645200862 0
1988 0.5357553656273462 0.4928642541975864 0
1989 0.9657342515031526 0.1205143792265304 0
1990 0.7525754458419429 0.1609496325888293 0
1991 0.4556085112121421 0.789988504733156 0
1992 0.5612759383106438 0.7151857881208331 0
1993 0.2490317341211566 0.4641080074432737 0
1994 0.2426198111580739 0.4495371204561481 0
1995 0.7607655992541609 0.3936170676883324 0
1996 0.7681252515996271 0.4122298958546127 0
1997 0.756278692876174 0.427470813530192 0
1998 0.7749471062674809 0.4294704393728622 0
1999 0.7879043751357189 0.4143857142631641 0
2000 0.7728290985843006 0.3768239501550022 0
2001 0.8394951493099194 0.9158348609244541 0
2002 0.8402439149067 0.8957160226977956 0
2003 0.9524796731714453 0.6692868300162544 0
2004 0.9374980667492347 0.9208610737732076 0
2005 0.9575586032479827 0.9290202884378539 0
2006 0.9554037219964417 0.9091601243874137 0
2007 0.6995362018664877 0.8288167826123354 0
2008 0.5541214484219505 0.5568019806056516 0
2009 0.7299721754620185 0.03914973601937621 0
2010 0.7485203104250997 0.03119731398063796 0
2011 0.7119354377373838 0.02881692430126204 0
2012 0.6617164280924581 0.4021434880107258 0
2013 0.7357968855365379 0.423851432279818 0
2014 0.0325660928557337 0.3499537750428401 0
2015 0.6048440386198193 0.423563126655259 0
2016 0.7351446389601896 0.1850365206678313 0
2017 0.03486492793475182 0.7231717726091789 0
2018 0.04363752587923053 0.7033046335283687 0
2019 0.5238567241659522 0.5141367667219751 0
2020 0.4544803459841347 0.4564933250747169 0
2021 0.05083945827063902 0.5383310330504923 0
2022 0.03768994910134138 0.5528017816906347 0
2023 0.8455277977395325 0.4116882435718644 0
2024 0.8262610747796337 0.4153041306294768 0
2025 0.7409533959157389 0.8290316182070708 0
2026 0.7489242263911911 0.8467209452323838 0
2027 0.7598623326880425 0.8295107864794274 0
2028 0.7726081038590286 0.814820029661729 0
2029 0.7907975196964944 0.8206332946751087 0
2030 0.6778604837213869 0.8094256762274836 0
2031 0.02093779031943849 0.3336585627776756 0
2032 0.450543325669655 0.7248800630642478 0
2033 0.8722803803507191 0.8461516399049966 0
2034 0.8605922500667283 0.8354907473033082 0
2035 0.8637964145649092 0.8171334732640654 0
2036 0.8560656988303059 0.7979698496050541 0
2037 0.4478890140131749 0.4281880356309185 0
2038 0.4369538260453373 0.4453437910318219 0
2039 0.4190853728956731 0.4473074119754684 0
2040 0.2942340160874785 0.9640600481436483 0
2041 0.6288239389570249 0.3473372329171374 0
2042 0.7621117835464761 0.4471530074698334 0
2043 0.614878492071152 0.4040392473230691 0
2044 0.1779709008881822 0.5443349679774653 0
2045 0.07745973279320578 0.9640542139060202 0
2046 0.9378809276338507 0.5296937472100859 0
2047 0.759020471718861 0.1017690549798191 0
2048 0.775101194666053 0.1137991383757995 0
2049 0.6382139616141164 0.2129827089143723 0
2050 0.6735934624878979 0.4517898416380534 0
2051 0.931222609136753 0.6761204686529542 0
2052 0.9685972368227989 0.6820713140056548 0
2053 0.1435191720637374 0.4052720035308697 0
2054 0.1577332821801429 0.3933204058893387 0
2055 0.8504483798837603 0.9364848697909426 0
2056 0.9739229964041705 0.7578146616698005 0
2057 0.9648703130975649 0.7238499802466924 0
2058 0.9569698674056898 0.5250810853627768 0
2059 0.9695360121457534 0.5412997906853503 0
2060 0.569497217844748 0.321725754403717 0
2061 0.5459621876730565 0.3261390379433743 0
2062 0.03232442856326767 0.174351695511359 0
2063 0.03057998073672386 0.2029666725963217 0
2064 0.140546605570501 0.03438640585778951 0
2065 0.9609736603292249 0.9487697155831136 0
2066 0.5898460617509511 0.02840611811937188 0
2067 0.7292463565253413 0.9317323980997287 0
2068 0.738649846122869 0.9493346846935901 0
2069 0.7260205528482869 0.9661248332663658 0
2070 0.7482288209487863 0.9675543289464879 0
2071 0.7587521715425347 0.949527024789696 0
2072 0.8076274021016644 0.1372989042336802 0
2073 0.7934411336712994 0.1055146540252458 0
2074 0.809566740325553 0.117253437253756 0
2075 0.8239874563020468 0.149067516848045 0
2076 0.8816418147425491 0.4730115105652373 0
2077 0.8871971196623516 0.4531054527620648 0
2078 0.7856453036788306 0.1855396871469152 0
2079 0.9240099832392255 0.5153171410702516 0
2080 0.8848635994043772 0.5255839852869899 0
2081 0.761538176570637 0.881119357023512 0
2082 0.7135711259898811 0.6228416001146533 0
2083 0.6748095330666619 0.6327173520247247 0
2084 0.7717137572197709 0.6080281644914798 0
2085 0.708157092048843 0.6420948998372261 0
2086 0.8794469000201203 0.5448331434428475 0
2087 0.8019229167244812 0.5645838662241669 0
2088 0.807337076413565 0.545330637837124 0
2089 0.7933703441196158 0.5310152079208701 0
2090 0.7965087593154352 0.5838370978219679 0
2091 0.7662997173961866 0.6272814990297793 0
2092 0.7722667794278765 0.8643073596595353 0
2093 0.7910946740523875 0.603090356155591 0
2094 0.8127512586733929 0.5260774819108348 0
2095 0.8375469334583954 0.5018877486066814 0
2096 0.7677145934392181 0.1937540453013314 0
2097 0.7692800102158767 0.9328538004451045 0
2098 0.9099365174270114 0.3383523387580235 0
2099 0.893669866819861 0.3267163589258027 0
2100 0.8019103168071496 0.1971765817015591 0
2101 0.8093909919604961 0.9003450047118584 0
2102 0.8448961006137252 0.8778830966393306 0
2103 0.8675675286192817 0.4583851100908974 0
2104 0.8267180988839612 0.5403930568469824 0
2105 0.8545990477831579 0.1922788678575446 0
2106 0.8526537189654692 0.2121840492807362 0
2107 0.8689194936809952 0.2238213796752161 0
2108 0.8185734005873113 0.951038194900184 0
2109 0.8235802064348577 0.4875732130839067 0
2110 0.9491085573441878 0.1107177476259317 0
2111 0.8087058415708104 0.3084008524044278 0
2112 0.9312623395690895 0.1193310535229856 0
2113 0.812354564206897 0.2686346086567622 0
2114 0.8286370211226119 0.2802133447255792 0
2115 0.9111775416995136 0.1475701000356829 0
2116 0.8204411225944769 0.4347490499724604 0
2117 0.8686182196504559 0.5833390098905358 0
2118 0.8879990724859297 0.5784011508589892 0
2119 0.8158896757535796 0.5788992987186664 0
2120 0.732952031804565 0.6179039625249272 0
2121 0.8825849539054902 0.5976543905946923 0
2122 0.8142886078470439 0.2486424330789972 0
2123 0.8929664989540427 0.155837984218923 0
2124 0.6652199103449388 0.7956480954191762 0
2125 0.6702584401094611 0.7768678154693829 0
2126 0.6950519430492403 0.7526698374392014 0
2127 0.7144325535072609 0.7477308324736665 0
2128 0.7198480978812579 0.7284842758290596 0
2129 0.7338135720358836 0.7427946596332584 0
2130 0.7392289327444026 0.7235464751345903 0
2131 0.6896054726601486 0.7719417172364652 0
2132 0.7531944510995301 0.7378570914875244 0
2133 0.7586097885639196 0.7186086744380205 0
2134 0.7725765274742886 0.7329240677017795 0
2135 0.7779908474280169 0.713671631134432 0
2136 0.7446433551498348 0.7042945117383519 0
2137 0.7919572741400449 0.7279857924435743 0
2138 0.7973717185147773 0.7087338388176151 0
2139 0.7848217604191119 0.4974621511810728 0
2140 0.9131109326744448 0.1276539333585096 0
2141 0.8871305442438056 0.215553494921209 0
2142 0.8851852283108681 0.2354586653987955 0
2143 0.8968551552440323 0.1160258201848875 0
2144 0.7865412936348708 0.7472317189120481 0
2145 0.8384091236862989 0.6267833488295822 0
2146 0.8329950086989317 0.6460365915163016 0
2147 0.8441672069807015 0.1209133865914692 0
2148 0.8136141535430491 0.6509744503647815 0
2149 0.8082000372855429 0.6702276928155571 0
2150 0.8275808925483438 0.6652898339847975 0
2151 0.8221667761294067 0.6845430763966494 0
2152 0.1748628897989346 0.938640473591435 0
2153 0.2837409742538276 0.231886853794082 0
2154 0.1803133128016539 0.9195297327008497 0
2155 0.4300075946285533 0.9274337685321945 0
2156 0.4439758575111126 0.9417463677455321 0
2157 0.4378065263444558 0.9601891497555061 0
2158 0.4573404679315304 0.9540982893301315 0
2159 0.4632418575506045 0.9365014671544065 0
2160 0.4770211622802622 0.9500689345736888 0
2161 0.4826443943395619 0.9316597820857822 0
2162 0.4966307544259309 0.9459755767996806 0
2163 0.4913747592326303 0.9644204054228127 0
2164 0.5103893110744913 0.9592240919582352 0
2165 0.5090074532951689 0.9799639709952372 0
2166 0.9396217064133789 0.2107069172370279 0
2167 0.9550807996959269 0.2225185570042594 0
2168 0.852375863758424 0.6410987326736604 0
2169 0.1825985529700905 0.8474924179476673 0
2170 0.8662711049335329 0.07284779214356213 0
2171 0.8693610051770226 0.05075757635597322 0
2172 0.8506439456770131 0.04004032952855552 0
2173 0.09669198806231827 0.9583962091696807 0
2174 0.9357423017835608 0.4200617457785589 0
2175 0.2603855892142977 0.05921133486410562 0
2176 0.2657342045002561 0.04091353497242406 0
2177 0.2846295218443865 0.03526578458095758 0
2178 0.04700197374212101 0.7573999936778814 0
2179 0.1026447997025501 0.9391359603532439 0
2180 0.9184399047294629 0.6588891924638686 0
2181 0.9644275365399169 0.1621735797516453 0
2182 0.7460901687371349 0.241678247280887 0
2183 0.04581662276077603 0.6324113088548406 0
2184 0.02769550565877466 0.6364500623995664 0
2185 0.01869829452650057 0.6555206134601149 0
2186 0.5627574376569693 0.07142700423054443 0
2187 0.8975603156594456 0.2869062810846776 0
2188 0.8812945911264473 0.2752690040987178 0
2189 0.8956150281938481 0.3068114077638143 0
2190 0.877403990399495 0.3150792921804806 0
2191 0.8754586703267244 0.3349844571285072 0
2192 0.5312821089366166 0.311787500224175 0
2193 0.4493578550008584 0.9224593692584609 0
2194 0.3980586370396898 0.7210859270253666 0
2195 0.8954760573773906 0.6835370922365245 0
2196 0.06243030644270631 0.6992278526874551 0
2197 0.4574018437414696 0.06245533434649997 0
2198 0.4436451319115802 0.0488698324362159 0
2199 0.03809011347325508 0.4012154188616136 0
2200 0.02410012912016968 0.387407371856081 0
2201 0.1527505817438922 0.5685297195664913 0
2202 0.03553638561658257 0.1522508925421211 0
2203 0.2894681666057464 0.6593996597633964 0
2204 0.2755014276748747 0.645084276363722 0
2205 0.1159033648448751 0.8287373684691355 0
2206 0.3846414581464707 0.3849091075767551 0
2207 0.1999405413636525 0.1459945523496602 0
2208 0.3743682385918503 0.1015538228364244 0
2209 0.2353270022802751 0.8519320838521227 0
2210 0.2492937410953064 0.8662474674261955 0
2211 0.8335232486940459 0.04936046505815911 0
2212 0.8364310238669519 0.03161080680136885 0
2213 0.817722149415365 0.03594749718447177 0
2214 0.5670155250222126 0.6959137494392877 0
2215 0.5476634144153889 0.7011535382793129 0
2216 0.5288896531627358 0.7025365954629711 0
2217 0.5218232583066196 0.6853108081163544 0
2218 0.1061747720003757 0.2235057137468869 0
2219 0.1255556267833632 0.2185678554992345 0
2220 0.1395223655209615 0.2328832391711618 0
2221 0.1449364815708579 0.2136299972458852 0
2222 0.05045534955350706 0.9349413539206445 0
2223 0.04670006167314111 0.9537250921824553 0
2224 0.03451559268673904 0.9196516139294233 0
2225 0.04274142439737449 0.8998654240829962 0
2226 0.6129787698340553 0.9165783711662887 0
2227 0.3011592949037827 0.7457901539724479 0
2228 0.1569406858226391 0.7467865399988383 0
2229 0.1623548022551861 0.7275332975899669 0
2230 0.3399210048812519 0.7359144338089197 0
2231 0.4379919478402406 0.0675773806198256 0
2232 0.4240203689162688 0.05329269495217603 0
2233 0.4296881462207203 0.03341912997950436 0
2234 0.4086908677425375 0.0393781000953598 0
2235 0.3919704534188752 0.02785160534976083 0
2236 0.4044824545508235 0.05865436929676732 0
2237 0.1857354539723897 0.9003079869982304 0
2238 0.5531104131566709 0.6815979892857043 0
2239 0.5411062089048888 0.1484414465327505 0
2240 0.2903310620730692 0.7842966389558861 0
2241 0.5829966776150699 0.9631299843552377 0
2242 0.4806880326795454 0.2353301338378501 0
2243 0.958549235725785 0.5773498326587952 0
2244 0.9701573991685732 0.5893217243620937 0
2245 0.7960753350695455 0.2568929396323642 0
2246 0.121317481277422 0.8094841260602629 0
2247 0.1073507424623911 0.7951687424861934 0
2248 0.06119277602816275 0.8960444799896905 0
2249 0.5864506252913765 0.690972757883207 0
2250 0.9049956445498009 0.6452919535882586 0
2251 0.5604870641524664 0.1435035876979465 0
2252 0.5550729477199193 0.1627568301068194 0
2253 0.5773048973286905 0.1594347800475493 0
2254 0.4635827879145785 0.1681928818719659 0
2255 0.482963643162156 0.1632550230371618 0
2256 0.4689969043471262 0.148939639463093 0
2257 0.2697742354387953 0.2175714702200149 0
2258 0.2039419434288848 0.3237133991149932 0
2259 0.1483880634401544 0.713217914015893 0
2260 0.1115888877390422 0.2042524722149436 0
2261 0.7654472674606101 0.502375797792913 0
2262 0.7794036305639469 0.5166997927864037 0
2263 0.1996999516529874 0.9146145742288857 0
2264 0.09307098888375642 0.3340872332449513 0
2265 0.08765686782352933 0.3533404002263207 0
2266 0.7211833337450582 0.3104004989991255 0
2267 0.2882921952190569 0.08773663219269801 0
2268 0.2743299350082434 0.07343882692188652 0
2269 0.254949826194702 0.07837961547390049 0
2270 0.5690396865349502 0.1770722136808882 0
2271 0.2849169456405212 0.8035498813647554 0
2272 0.2817784396500573 0.7507280127776217 0
2273 0.1705962310659082 0.3143334962737808 0
2274 0.2364266413761952 0.2081939454807416 0
2275 0.05020761920368993 0.02136860351423192 0
2276 0.2128076410827461 0.8040480742950398 0
2277 0.207393524650212 0.8233013167039758 0
2278 0.9100000000000001 0.01732050807568886 0
2279 0.9200000000000003 0.03464101615137749 0
2280 0.9393460269551329 0.03782677548337143 0
2281 0.8988794414523165 0.03445502708134229 0
2282 0.2547078575278507 0.8469942250173099 0
2283 0.2213602634652438 0.837616700278051 0
2284 0.3219527404968227 0.5438803599648788 0
2285 0.3079802901985151 0.5295685347330161 0
2286 0.2646731947540047 0.6835907601798263 0
2287 0.2700873112416423 0.6643375181586209 0
2288 0.2561205725044103 0.6500221349799338 0
2289 0.51598551303573 0.9408490119566072 0
2290 0.0461530302288562 0.3107997239464202 0
2291 0.7283816427223214 0.7619729129957785 0
2292 0.2988836844555545 0.8178652649388377 0
2293 0.5054830043596696 0.211139032594173 0
2294 0.8113381139305774 0.7230478752912084 0
2295 0.3467474242211768 0.519689213876362 0
2296 0.05049208250771997 0.9834747876525519 0
2297 0.3989264666433785 0.8459978391566363 0
2298 0.2632604799103371 0.8805628510002649 0
2299 0.4436485266381399 0.4950780617904206 0
2300 0.04897092300920275 0.6842754039332654 0
2301 0.1740459305876069 0.8139237919647224 0
2302 0.414831763356537 0.3414653211832551 0
2303 0.8899832869336451 0.01727956554147325 0
2304 0.9481029072235064 0.9802276659324768 0
2305 0.2569834680096023 0.7749191142124821 0
2306 0.1717700526137237 0.8859978528752035 0
2307 0.4473404386169373 0.2259526090985846 0
2308 0.5775513888017161 0.2106950783747953 0
2309 0.2620845085113016 0.3088998234416094 0
2310 0.4160332354758749 0.9131323067617885 0
2311 0.6360479319017311 0.6425933168647939 0
2312 0.1902882798852342 0.7561640647380388 0
2313 0.1763215410702142 0.7418486811640226 0
2314 0.1817356575024832 0.7225954387538099 0
2315 0.2096691351327521 0.7512262059029482 0
2316 0.7189852969689374 0.603588395301341 0
2317 0.2529820383809617 0.5972003110577109 0
2318 0.2475679435310312 0.6164535193753027 0
2319 0.2336012050600456 0.6021381353872208 0
2320 0.2281870949130771 0.6213913678759936 0
2321 0.2088062395865955 0.626329226841541 0
2322 0.4455227406974517 0.8699445072732597 0
2323 0.671685283026716 0.5798993763927853 0
2324 0.6577042806203677 0.5655799341866723 0
2325 0.1913879189811691 0.1124259263667188 0
2326 0.1720070637335913 0.1173637852015226 0
2327 0.3775067445417862 0.1543756912282396 0
2328 0.3305054874054573 0.5774488315594015 0
2329 0.09247082831849174 0.9794854938929588 0
2330 0.2150832515612149 0.7319729634743901 0
2331 0.2914307011689932 0.140558500584513 0
2332 0.6004264048917447 0.7052876192945672 0
2333 0.3615772997616509 0.658900636006455 0
2334 0.3476106994456333 0.6445859238802394 0
2335 0.2503933801911972 0.2225093290548385 0
2336 0.7019256753728429 0.5365568751762588 0
2337 0.6883126882565208 0.5241860340637619 0
2338 0.6912695908889468 0.5040931608956049 0
2339 0.3165386032505655 0.5631336281939219 0
2340 0.3101684810275859 0.979529268788884 0
2341 0.2754021273876791 0.9681400386054081 0
2342 0.2803658785071014 0.9488089929965687 0
2343 0.5172069779535031 0.2975072943864333 0
2344 0.9527443936322332 0.07122987464761116 0
2345 0.955380891373521 0.05141364524236053 0
2346 0.6058379081743674 0.6860366492188519 0
2347 0.1894253844047414 0.6312670855672478 0
2348 0.1754586455812113 0.6169517020074219 0
2349 0.5887336176372704 0.6189004032465399 0
2350 0.2760512470198205 0.3232152073147249 0
2351 0.397750495256434 0.2743348115861862 0
2352 0.4031646116891403 0.2550815691771581 0
2353 0.3504361623789148 0.2506419032727361 0
2354 0.6756695555684288 0.7576149883501982 0
2355 0.2598088980154224 0.3809749342552422 0
2356 0.4093921573008222 0.3607113957715212 0
2357 0.4296192334433622 0.4811740090966626 0
2358 0.2620335175935385 0.5068606165269448 0
2359 0.6249066417950712 0.234333747977164 0
2360 0.5365778933380607 0.2925544192100294 0
2361 0.5499719072053906 0.628776120893408 0
2362 0.3236786561356799 0.7936741636951645 0
2363 0.754609760972228 0.5408909094335639 0
2364 0.5419729219386129 0.2733322175712369 0
2365 0.4410634267170659 0.1203088723149555 0
2366 0.1731830351201399 0.6890268127715431 0
2367 0.1523894202755405 0.8909365866185142 0
2368 0.8361335149531774 0.6988584599727947 0
2369 0.5841823967366683 0.7630506248256568 0
2370 0.596399210064538 0.7764864249301646 0
2371 0.8317799867770055 0.9838559709560786 0
2372 0.3450220459426468 0.2698951456852395 0
2373 0.3612643952441402 0.2121354184548624 0
2374 0.4054402221718453 0.1830064583763787 0
2375 0.3472976564291137 0.1978200348807896 0
2376 0.07629903281038652 0.7136867492605059 0
2377 0.2062175532634935 0.25163828913332 0
2378 0.5356920924723414 0.1676946889416233 0
2379 0.670351128861588 0.01532316468305139 0
2380 0.7900896606166172 0.01710382415515299 0
2381 0.4972393692529356 0.6243193838696302 0
2382 0.4390992260024132 0.6391374651594673 0
2383 0.5721713724655993 0.2299031218578639 0
2384 0.3102728129058684 0.4574789046500725 0
2385 0.4504789445668698 0.2787744774904031 0
2386 0.4558930609994192 0.2595212350815279 0
2387 0.8853655437181323 0.06451916730205509 0
2388 0.1876995934832731 0.3814731271605957 0
2389 0.4613071774319676 0.2402679926726538 0
2390 0.3502463056468684 0.01705582861454386 0
2391 0.3375206788245357 0.03594513552443357 0
2392 0.4905987008455087 0.01752791289005912 0
2393 0.705881596427962 0.7141700057554382 0
2394 0.7252624719817251 0.7092322471619794 0
2395 0.2227729784673673 0.6406446103065985 0
2396 0.4467906190689762 0.5478216782842777 0
2397 0.3994762861913383 0.5241287699709434 0
2398 0.3062603354304516 0.2797708633714724 0
2399 0.3116744518788361 0.2605176209471484 0
2400 0.2783268578205317 0.2511400962036846 0
2401 0.42024658861736 0.3222122781007637 0
2402 0.4413765026364291 0.5670749206931506 0
2403 0.1286941826489873 0.2713896608073361 0
2404 0.2971575562499171 0.568071757609441 0
2405 0.2096448208856462 0.01704207448318307 0
2406 0.4675775594420654 0.02107030461595566 0
2407 0.3547506397156768 0.8751267992351176 0
2408 0.3353697844680993 0.8800646580699214 0
2409 0.3407839009006461 0.8608114156610486 0
2410 0.4747240966990367 0.5764524454324158 0
2411 0.3575637304380043 0.4811946580386505 0
2412 0.37380717047691 0.4234338666352828 0
2413 0.3287796946674843 0.3276548748412175 0
2414 0.2341510308927421 0.2802690562822502 0
2415 0.2438796246627599 0.8855007098350696 0
2416 0.7243995831098554 0.5843351438315332 0
2417 0.3111245434128875 0.5823868079979853 0
2418 0.6165428328976829 0.7725628242487025 0
2419 0.1173160798601599 0.6317652784759447 0
2420 0.1224171203733431 0.1657459876888748 0
2421 0.5194497431747001 0.2254544161682421 0
2422 0.06786625665871249 0.6799679406259097 0
2423 0.3499952473059208 0.9833984897480917 0
2424 0.3598037666820554 0.9653565773602455 0
2425 0.2473817720957514 0.01719446525842855 0
2426 0.5300110122962296 0.01646214699430737 0
2427 0.6306620391561619 0.01740767545037802 0
2428 0.9498895770229088 0.01741636144499104 0
2429 0.6502859513835333 0.9822559945910492 0
2430 0.6593954962779693 0.9664530947885522 0
2431 0.61 0.9836595319951298 0
2432 0.4003370166353537 0.6490149340733562 0
2433 0.3863720169419947 0.6347082466781335 0
2434 0.403470582767081 0.7018318374861512 0
2435 0.1512182968712825 0.3192676634663018 0
2436 0.5506934535808798 0.9829789111914591 0
2437 0.4325744608924622 0.9800155457948304 0
2438 0.3890774902697363 0.9837900939978237 0
2439 0.1910610986245967 0.983378320015513 0
2440 0.2179086816936041 0.3380287833816326 0
2441 0.4419263221843891 0.2452058515074587 0
2442 0.1634529781234588 0.08379129433366284 0
2443 0.3715451503703525 0.04953476242306953 0
2444 0.1693595530380058 0.9575435305601457 0
2445 0.7306766097541667 0.6899791057147132 0
2446 0.6585673117770414 0.6904773210946263 0
2447 0.3903738442608951 0.8124292131736945 0
2448 0.4553432414514593 0.5813903042672197 0
2449 0.4279696764196771 0.803443575498433 0
2450 0.6189427058145613 0.5754560595717312 0
2451 0.2507064560558929 0.6692753772134418 0
2452 0.2367397172775761 0.6549599938175388 0
2453 0.3273630307561174 0.5246283944792236 0
2454 0.0851784172105427 0.4255865455744354 0
2455 0.5464104551306602 0.5767752121173888 0
2456 0.3715342704347406 0.4955063330070924 0
2457 0.3481605509518457 0.3227170149948801 0
2458 0.3675414069850654 0.3177791553935679 0
2459 0.4733784850887827 0.329770381247448 0
2460 0.4039795508665928 0.3799582505011991 0
2461 0.6725340486182525 0.7047927013604161 0
2462 0.5026568928884863 0.6050803673939181 0
2463 0.7126268604025353 0.4978843935861114 0
2464 0.4899865323103391 0.5184839038806568 0
2465 0.3296384440184516 0.4525558991732699 0
2466 0.3598505114788121 0.4091086487337106 0
2467 0.268674596342883 0.8613096085913874 0
2468 0.3567131712664827 0.3562856429953066 0
2469 0.4057524916947238 0.6297684052844319 0
2470 0.4225454669367934 0.2501437103422804 0
2471 0.368954122159303 0.1208070652452973 0
2472 0.4499865671849352 0.9853350820975508 0
2473 0.2299999999999999 0.9826794919243114 0
2474 0.2173588620479832 0.6598978526937396 0
2475 0.5833195012129231 0.638153645621872 0
2476 0.2809155388521297 0.6258310419029727 0
2477 0.5202720203958008 0.5458929863277824 0
2478 0.2427036532697108 0.3138376822705725 0
2479 0.210768774228747 0.1074880675319148 0
2480 0.6531531948037772 0.7097305627951889 0
2481 0.2076880574399845 0.05497321144873374 0
2482 0.4085787281217493 0.2358283267682247 0
2483 0.1070380700263218 0.3484016017057328 0
2484 0.3071228072826376 0.4046682558621569 0
2485 0.2931564004663252 0.3903525483750501 0
2486 0.298570578092515 0.3710992462628783 0
2487 0.2452923396132733 0.6885286195370222 0
2488 0.9242557845804249 0.3698963571460259 0
2489 0.2108412495190982 0.5538737823180986 0
2490 0.2351070473915373 0.5252176816949495 0
2491 0.3376453949507102 0.8079895472692336 0
2492 0.3430595113832572 0.7887363048603606 0
2493 0.247245480423944 0.9388453493595542 0
2494 0.304847620436062 0.4767429533442749 0
2495 0.3065734106471053 0.7265369082426807 0
2496 0.4020652266045699 0.8988192434883295 0
2497 0.5946751016218809 0.2776899683865283 0
2498 0.2566703919457848 0.3281530659802136 0
2499 0.5156103241910701 0.8880315297800649 0
2500 0.1871497739344605 0.7033421963421911 0
2501 0.3242284756836398 0.471805094509471 0
2502 0.4693099802664895 0.5957056878412887 0
2503 0.4832762870723686 0.6100189303245489 0
2504 0.4861021491120924 0.2160768914289771 0
2505 0.8228009015821385 0.339898372910433 0
2506 0.8066649995096368 0.3282928559601443 0
2507 0.3042978008881017 0.7986120225299642 0
2508 0.2877603745644089 0.4095881408400679 0
2509 0.273796790002637 0.3952696798331669 0
2510 0.1845632665681247 0.3286485048928873 0
2511 0.5032128680872945 0.2832104379644448 0
2512 0.4883777595947036 0.1440017806282891 0
2513 0.05574213490497448 0.1470295220210538 0
2514 0.9529717625734653 0.2423731600997184 0
2515 0.7739897970136111 0.5359530430752049 0
2516 0.5693527624327944 0.6238382620604336 0
2517 0.387235338310959 0.7596073447818799 0
2518 0.06465544163564685 0.6273432446479779 0
2519 0.4251330441132162 0.6248282835610417 0
2520 0.8332611477418803 0.7688963730417944 0
2521 0.7771278952363005 0.5887749106810178 0
2522 0.4066118597820313 0.754661254695156 0
2523 0.458480712325227 0.6341857848873652 0
2524 0.463895228900649 0.6149516196709742 0
2525 0.7834050574296773 0.6944187617639836 0
2526 0.4227341791566744 0.6967757060328117 0
2527 0.6986778955955896 0.4837607419878969 0
2528 0.1341082614907096 0.2521364659059481 0
2529 0.1534891074249103 0.2471986188414393 0
2530 0.6227795809003982 0.7531973529265477 0
2531 0.3792325354764358 0.4041696496132446 0
2532 0.2763643232507219 0.7699812553465544 0
2533 0.9463416616975789 0.3218165690603378 0
2534 0.9645685287970105 0.3135502267116731 0
2535 0.962922391349319 0.3330940646435446 0
2536 0.9806206723018753 0.3426121705107691 0
2537 0.5185868477073756 0.1005574369757393 0
2538 0.6919148921308858 0.6998548001602203 0
2539 0.26781170080752 0.7364126290709769 0
2540 0.163217697722513 0.8524302767824701 0
2541 0.3214030456530687 0.865749274495852 0
2542 0.0984851588005286 0.3148339232424303 0
2543 0.8800000000000012 0.03464101615137627 0
2544 0.1312828186751874 0.6460806620500005 0
2545 0.08593177277822417 0.1035468061416649 0
2546 0.392648318945974 0.7403441220201045 0
2547 0.364715943992743 0.7117231761527656 0
2548 0.3512989462374038 0.3755389913558914 0
2549 0.2404258573886645 0.3859042155470801 0
2550 0.2501182723040882 0.4182446249170352 0
2551 0.3621272894174021 0.3370323989099118 0
2552 0.384959727828348 0.8316824555825675 0
2553 0.8579795612528747 0.7462194955751518 0
2554 0.8766344604989327 0.7408043102230826 0
2555 0.2497521655336341 0.543854094553177 0
2556 0.4892415674304011 0.2688981422490559 0
2557 0.3800954309436199 0.5290666288059582 0
2558 0.3661272003308138 0.5147526518976189 0
2559 0.3381952144986701 0.48612047808354 0
2560 0.3521598055371964 0.5004377786906054 0
2561 0.3652657966614054 0.3898542660391755 0
2562 0.4744110207796737 0.1296863970542199 0
2563 0.2720498459214157 0.1454963594193168 0
2564 0.5746544383308194 0.6046947217546654 0
2565 0.3746813145085216 0.5483198712186468 0
2566 0.08713034510728801 0.6751796987389289 0
2567 0.1922508144484864 0.2373229055592284 0
2568 0.5573440445376404 0.09068045003902675 0
2569 0.147493717529251 0.5882312726820567 0
2570 0.04849350570506139 0.23844901138117 0
2571 0.04261808890042307 0.2575725338287764 0
2572 0.02931879098504264 0.241819801080143 0
2573 0.03455464509071249 0.2773772120614126 0
2574 0.7640241408923003 0.6993563764092516 0
2575 0.186836698424157 0.2565761474521945 0
2576 0.7647860334794694 0.0428345925937218 0
2577 0.1957023963167598 0.7369108223242438 0
2578 0.1880126694026369 0.8282391755387912 0
2579 0.08224089719952032 0.3725930776706899 0
2580 0.4227009522314339 0.8216880362722947 0
2581 0.2267743798977708 0.8183634578690806 0
2582 0.8825472700372128 0.7222465207539035 0
2583 0.3930833378869643 0.4180728220213591 0
2584 0.3453351023794475 0.7166611003022584 0
2585 0.3205401494153314 0.7408522915917352 0
2586 0.6092077947976 0.09542078863034797 0
2587 0.8123212062805087 0.7946453147828569 0
2588 0.3034349036721939 0.67371503513371 0
2589 0.3886480533241144 0.5626352547918745 0
2590 0.5787972163145237 0.5832132529167557 0
2591 0.5496588312873719 0.1820100725156922 0
2592 0.3669914174932554 0.6396473898478222 0
2593 0.3724056046897637 0.6203944897745023 0
2594 0.07596568415947297 0.2669500570559729 0
2595 0.0565848277154537 0.2718879174028459 0
2596 0.1526262084860138 0.1223016440363262 0
2597 0.319364178799054 0.1691892677326506 0
2598 0.4752740683083934 0.2545832733181004 0
2599 0.7500574567288469 0.6850412189144413 0
2600 0.4248210774194234 0.1780685995415743 0
2601 0.3972006757079514 0.5962038807727916 0
2602 0.3718122763529462 0.9460173731724832 0
2603 0.6060241476978108 0.04141518747838274 0
2604 0.2421538326115247 0.6357067531617708 0
2605 0.3356065280966946 0.1114295405060322 0
2606 0.2546035273461439 0.3999908713433536 0
2607 0.3991633305203623 0.07751607001046557 0
2608 0.3832339368861007 0.5818884972089233 0
2609 0.167455846488814 0.2615140021009805 0
2610 0.2857415359831051 0.9286699906332125 0
2611 0.1081878509639475 0.9200352210563087 0
2612 0.4041705020605806 0.826724813140986 0
2613 0.8533875878633821 0.3820822455631085 0
2614 0.2580831071063854 0.1311809758452481 0
2615 0.1344213246251238 0.6989025304418223 0
2616 0.343921129763827 0.9136282715495919 0
2617 0.7990220677261681 0.0466085465674026 0
2618 0.4712852641947514 0.07685207601887684 0
2619 0.6083103893761598 0.2907696789784592 0
2620 0.03789092285093243 0.08115085977673109 0
2621 0.2008034375113227 0.2708915306823347 0
2622 0.2615346848361168 0.6307688989282288 0
2623 0.333643987922417 0.6302706733130468 0
2624 0.2418407578087444 0.1889407030718672 0
2625 0.132145714142515 0.7709776412425168 0
2626 0.129007208192578 0.7181557728507009 0
2627 0.3917864007473236 0.6154563240597817 0
2628 0.1945264249311054 0.1652477947585329 0
2629 0.5548910165220283 0.03639487972234878 0
2630 0.04398323415012051 0.5807915894184167 0
2631 0.2287369146201064 0.2995222984888163 0
2632 0.3495732669117252 0.1257449240801012 0
2633 0.3324680221467587 0.05860767211421702 0
2634 0.1246927308559536 0.0936708768881877 0
2635 0.2278740189937141 0.1746253194977981 0
2636 0.9497983235540858 0.2819766738633672 0
2637 0.3937491138808256 0.0966415220712406 0
2638 0.155497788667293 0.9436401665634061 0
2639 0.07921924871217678 0.4445265342651631 0
2640 0.3786816618115704 0.7260343629511135 0
2641 0.2147701764226476 0.2852069141345896 0
2642 0.6402347077178443 0.9635481441587178 0
2643 0.1948395007808719 0.6120138432520994 0
2644 0.1515265693900918 0.7660397824077083 0
2645 0.5239931657013556 0.08132060362182791 0
2646 0.08721170063351347 0.031899660161677 0
2647 0.5688300055665662 0.8914851573774158 0
2648 0.8469617477681339 0.6603519751467382 0
2649 0.09879812007990696 0.7616001165032519 0
2650 0.1127648588949377 0.7759155000773207 0
2651 0.2084931637461359 0.1795631783326019 0
2652 0.582147603815718 0.1923280947440237 0
2653 0.3299554551877599 0.8993170650615823 0
2654 0.06827537904060543 0.3582781848820408 0
2655 0.3829208609743335 0.1351224488193666 0
2656 0.1084503815583126 0.1514306041148057 0
2657 0.1050751319797813 0.8672438532868818 0
2658 0.09491745397763918 0.5844553135519682 0
2659 0.08796988721481414 0.8001066013209971 0
2660 0.3310553071286269 0.2555797621101844 0
2661 0.9491515364989463 0.6163759741205436 0
2662 0.9092322233269431 0.1674752676407086 0
2663 0.3282298662148952 0.6495238904252002 0
2664 0.09643133604934556 0.5636355602326966 0
2665 0.2233227983349271 0.3187755407098745 0
2666 0.322815747642606 0.6687771220602736 0
2667 0.2860165847364464 0.1598117429933859 0
2668 0.3968875997893637 0.149437832393436 0
2669 0.1560777903516979 0.6218895608123013 0
2670 0.1506636739221516 0.641142803216141 0
2671 0.3159888937458899 0.8850023776685231 0
2672 0.9183147795471893 0.5348361518548574 0
2673 0.4302351938519708 0.1588153571327013 0
2674 0.1354462208434252 0.05488412838723383 0
2675 0.1300931723943526 0.07436797345904478 0
2676 0.1665929473010443 0.1366170276103952 0
2677 0.16776891868752 0.708280055180066 0
2678 0.03986365058026198 0.848763897796823 0
2679 0.5608189670962986 0.9120609730118112 0
2680 0.1614866650235685 0.602621374746515 0
2681 0.1589032210282578 0.2279453800081238 0
2682 0.2999833235514769 0.1741271265674544 0
2683 0.3139500623665075 0.1884425101415231 0
2684 0.09220803262191724 0.2091903308848806 0
2685 0.4496160490995487 0.153877498297897 0
2686 0.07824129353799653 0.1948749476506365 0
2687 0.1503505980034041 0.194376754837013 0
2688 0.7888191804256206 0.675165546199154 0
2689 0.09110839316475117 0.8529284697128123 0
2690 0.1170030039792619 0.1849992300491349 0
2691 0.1669307751417433 0.5831945658074945 0
2692 0.04889510080029258 0.3632162706124049 0
2693 0.1309697428773839 0.1993146135181926 0
2694 0.1107246590622921 0.07935066923529754 0
2695 0.3382056977713646 0.9328226342208074 0
2696 0.1859738025486219 0.1316791687755914 0
2697 0.06861331868241954 0.8050512897121415 0
2698 0.1911508632794225 0.8810598190586987 0
2699 0.1580400810472862 0.1030477574799673 0
2700 0.09134676484748372 0.08429540966829496 0
2701 0.1643173369254959 0.2086921382757769 0
2702 0.4108543386043935 0.1637532159675054 0
2703 0.1728699601821779 0.2422607631539017 0
2704 0.543376348323472 0.07637586986904504 0
2705 0.4550301655320961 0.1346242558890243 0
2706 0.06004306268630266 0.2003633066494276 0
2707 0.2977077130676559 0.2462022373693232 0
2708 0.1440695592103695 0.08872012482635372 0
2709 0.04956886446974418 0.8100837463467505 0
2710 0.02974568250992726 0.815696338061199 0
2711 0.3279168011815379 0.2027578937155919 0
2712 0.5488597512989681 0.05712294890162906 0
2713 0.101936626029845 0.8144219848950659 0
2714 0.3418835399965621 0.2170732772896666 0
2715 0.09652250959729824 0.8336752273039393 0
2716 0.1771844113933145 0.8667455616666658 0
2717 0.8027859049154671 0.6894808724668364 0
2718 0.3364694235635179 0.2363265196990247 0
2719 0.1583534008379245 0.5498144500056525 0
2720 0.8167525711610342 0.7037959708878669 0
2721 0.7987849224424584 0.511763637771507 0
2722 0.7671506922162952 0.7521313153998195 0
2723 0.9019658084809716 0.5927165312054963 0
2724 0.9073789471025397 0.5734630444370306 0
2725 0.8267000310364567 0.3000962087289315 0
2726 0.9150551031208388 0.1077492057901018 0
2727 0.8181662176286542 0.5068271003119983 0
2728 0.9014509543096517 0.2470959441526747 0
2729 0.8669741832153159 0.2437265549496745 0
2730 0.8832399098015874 0.2553638346077313 0
2731 0.9444323629036329 0.3416469253457342 0
2732 0.9261787577357143 0.3499607540481164 0
2733 0.8917256895087037 0.3466199220216034 0
2734 0.6382497176705628 0.5705901026403424 0
2735 0.6251780758674754 0.5567452142282872 0
2736 0.8934121552333745 0.5591478663824433 0
2737 0.6468761499650248 0.6040868121317987 0
2738 0.78374665900313 0.2054360008975311 0
2739 0.6554287423725869 0.6376554757224377 0
2740 0.6887762501491472 0.6470327239727788 0
2741 0.7469188510987477 0.6322193452338614 0
2742 0.6522803045572111 0.584846050290125 0
2743 0.6608428824259882 0.6184019721288389 0
2744 0.8988447122550027 0.5398749001866375 0
2745 0.8422181250257049 0.1408229396167843 0
2746 0.8259106597950649 0.1290955162459412 0
2747 0.1851486666279769 0.4368986388937851 0
2748 0.9116253577304012 0.7269315408989876 0
2749 0.9734936367581517 0.4383547772324687 0
2750 0.1539377370178708 0.3745116661938345 0
2751 0.5279503616908263 0.3339584340747458 0
2752 0.4932634758455864 0.4174019435849024 0
2753 0.01941420133517946 0.8517523820484361 0
2754 0.5998154755461333 0.5376397090929426 0
2755 0.03351041427480456 0.09997978867536439 0
2756 0.02199058986281172 0.0684008439504516 0
2757 0.9678773556225512 0.08092383972716133 0
2758 0.03262546892338397 0.7453744899946659 0
2759 0.98318035752198 0.7942321980488358 0
2760 0.01592146699654606 0.9510042177039444 0
2761 0.01598492357157522 0.6967539589206013 0
2762 0.01663757369196162 0.5602173560142113 0
2763 0.01819024451165896 0.5998464249324958 0
2764 0.01545037589293952 0.7745097488062607 0
2765 0.9830540666123272 0.6380016494874406 0
2766 0.9839192576264304 0.9300564357956748 0
2767 0.01590037497073804 0.9115517640131441 0
2768 0.9836843336072465 0.8143281092861763 0
2769 0.1493861954697133 0.981944721659529 0
2770 0.9836447648211124 0.263844129547283 0
2771 0.9826542743266921 0.3032123109885014 0
2772 0.9842300135960566 0.3986907888630625 0
2773 0.9840440560491435 0.2247456301229116 0
2774 0.9830751804281757 0.1465732370366812 0
2775 0.9836069247141036 0.1856594335797964 0
2776 0.9841422568306212 0.05077838107654475 0
2777 0.3505793436489326 0.9482386527521588 0
2778 0.811634166667443 0.09748089552848815 0
2779 0.6706281588336382 0.1037151299283012 0
2780 0.4364068444951513 0.7109113606313606 0
2781 0.8065610658636567 0.420052441591669 0
2782 0.6233522151886377 0.8041947796619879 0
2783 0.9172293855408504 0.9186452860024066 0
2784 0.4624944996814623 0.3645568797629388 0
2785 0.9361820043299739 0.4373825513346268 0
2786 0.7095681804275571 0.06863624186389683 0
2787 0.6717630160906131 0.5011385968678145 0
2788 0.6046201474310235 0.5592019691133853 0
2789 0.6694877641648196 0.08404189798274553 0
2790 0.7919289017129374 0.3168529511665135 0
2791 0.06802844216255072 0.0364665776597477 0
2792 0.647387576155615 0.08678434126315565 0
2793 0.5694360918514541 0.8704408860703906 0
2794 0.4183736873781454 0.9649191615927554 0
2795 0.4871372776961873 0.4646901160456997 0
2796 0.4804559430486232 0.6810681748180891 0
2797 0.663570473473961 0.5470859420029647 0
2798 0.7896790580164185 0.3370548023208352 0
2799 0.7829986260845472 0.3951860890905088 0
2800 0.9659097024319637 0.2929491662725805 0
2801 0.8503540920500932 0.01916947090257592 0
2802 0.5700000000000001 0.9832835588902719 0
2803 0.6444108633001684 0.5517940112270765 0
2804 0.6857991409419695 0.3101071996209609 0
2805 0.5760080949129864 0.7799816011854457 0
2806 0.9790837600471263 0.36542129600217 0
2807 0.1279401788260677 0.4531036895332028 0
2808 0.783197808906101 0.0351919286491037 0
2809 0.621610673028653 0.3057040204153441 0
2810 0.2617435801147996 0.9537885484445394 0
2811 0.4512019870547603 0.4044455971664487 0
2812 0.03495929936090147 0.6702033433753488 0
2813 0.9668716817694364 0.7838801594533755 0
2814 0.5526509677030762 0.7565717258212561 0
2815 0.4822144735605947 0.74803056796304 0
2816 0.9832432565089897 0.7159731712461085 0
2817 0.5567066671800346 0.7344100039514947 0
2818 0.2143121138056073 0.03482592749828134 0
2819 0.03668541409229592 0.7955542348815257 0
2820 0.6960464121423517 0.1568579500506228 0
2821 0.01578179229980614 0.4409351760142678 0
2822 0.7120396423492092 0.04808337257811657 0
2823 0.06166056576114859 0.4481133624122667 0
2824 0.8165404813174241 0.3987298561169831 0
2825 0.2913020745816208 0.01666764591628395 0
2826 0.5955143073232407 0.1487215936327268 0
2827 0.5024219222592353 0.03393437829416207 0
2828 0.7771823333819183 0.09396181264103542 0
2829 0.05705175744521113 0.5541217310132051 0
2830 0.9662072807330123 0.7033836388792074 0
2831 0.6827603227313139 0.4707259846713453 0
2832 0.0165235047449741 0.2838600564603793 0
2833 0.3599498245530335 0.03433654086795856 0
2834 0.983375365609751 0.127898375234176 0
2835 0.6934224551991497 0.981992342096384 0
2836 0.6754656545009601 0.1452520850076816 0
2837 0.7668647483125429 0.3591796622312027 0
2838 0.6594400195134335 0.9465835944664904 0
2839 0.6385878991533487 0.1100752032303748 0
2840 0.869240850737164 0.9841404329761223 0
2841 0.6309192452016406 0.5374475781549601 0
2842 0.01526924972119376 0.9703725353663122 0
2843 0.9837618713478985 0.9709347642921703 0
2844 0.01580627009656682 0.0293146474073358 0
2845 0.9812333650068921 0.03114569065862077 0
2846 0.9637833060141084 0.5587371918058381 0
2847 0.68151316663005 0.2923775874892979 0
2848 0.6817684317456338 0.8357873055798537 0
2849 0.08574103835575753 0.5428752753110747 0
2850 0.9670422181983883 0.2730660734530267 0
2851 0.9600000000000004 0.03321341580475606 0
2852 0.5995388337943203 0.1865684093046639 0
2853 0.4552913745516525 0.3840063658775397 0
2854 0.5188015285917189 0.3519806535678648 0
2855 0.907236905437489 0.9833318643339374 0
2856 0.7062494504468728 0.9654542423752827 0
2857 0.9379507584764443 0.7678982150728431 0
2858 0.0376694226962519 0.2222202893932478 0
2859 0.598406773251873 0.3920103616755498 0
2860 0.7263181134303528 0.4420321017031623 0
2861 0.7361309848793912 0.168043857098783 0
2862 0.4557165938561101 0.7048452865204009 0
2863 0.1500084432111711 0.0168254747848684 0
2864 0.1961590416146909 0.5385530758586585 0
2865 0.01474221546061344 0.526409742441772 0
2866 0.01637853091591401 0.8732808840276782 0
2867 0.2017763335128643 0.9660023193229286 0
2868 0.4687406646374217 0.7778251765322857 0
2869 0.9645886312607861 0.5092552937314253 0
2870 0.6614267819646101 0.4663698056114889 0
2871 0.01536282943502132 0.7358390415178621 0
2872 0.7298440460788619 0.8130019072017022 0
2873 0.8517123493635786 0.7647265660349907 0
2874 0.4292466283996199 0.01348800997097005 0
2875 0.05898657629563187 0.9670620407937143 0
2876 0.1706101606893135 0.01598167792905875 0
2877 0.7204075014700063 0.8834535864404864 0
2878 0.6941601415515311 0.03682654266135188 0
2879 0.602627538165083 0.8862891824894386 0
2880 0.8370440214160524 0.9521582390558704 0
2881 0.739290694629732 0.8606436651554842 0
2882 0.2138321399597521 0.4292406046421332 0
2883 0.732822790627462 0.9836377197332469 0
2884 0.400351876438689 0.4534195825393687 0
2885 0.4775544866498823 0.8788494278858714 0
2886 0.7527313177843324 0.1816833871831556 0
2887 0.5543369713473864 0.8612993947196099 0
2888 0.9776466420063822 0.523708875815597 0
2889 0.8847289800668547 0.8159724200877434 0
2890 0.1275151487521414 0.3957125161931206 0
2891 0.4350322409595301 0.4630208056599408 0
2892 0.6409068702181036 0.3540052424413963 0
2893 0.03221256389759364 0.2969965338408373 0
2894 0.03259518118213872 0.9412294310207336 0
2895 0.9672198502933287 0.1000885581114559 0
2896 0.5713313632444674 0.01865190773942438 0
2897 0.9670270665384457 0.6103246797025019 0
2898 0.03181682029981475 0.03661472811921868 0
2899 0.6667545887934553 0.4338852838588706 0
2900 0.406378834696444 0.4330950848174707 0
2901 0.7502103223152496 0.9867743081208091 0
2902 0.3900310007363763 0.04549851446527808 0
2903 0.03381982512667558 0.4194633173038108 0
2904 0.6514679443998493 0.8186427416942226 0
2905 0.5477729293407406 0.3440298248430435 0
2906 0.09050954539107753 0.458656697582099 0
2907 0.4633215541228539 0.8652567820450169 0
2908 0.7566552594457958 0.2900941191010697 0
2909 0.9850505528883864 0.5799084435972836 0
2910 0.461188336988475 0.6859985587990771 0
2911 0.0269857554321577 0.31772654345256 0
2912 0.8588229111875783 0.8882900013562428 0
2913 0.8509195048000332 0.8615772924524178 0
2914 0.8834664649034716 0.4039470666898587 0
2915 0.6441408337494767 0.03382942679360601 0
2916 0.6458273472037824 0.3006414963746901 0
2917 0.5580581635282704 0.4676911780212678 0
2918 0.4867417014441098 0.9828104392142263 0
2919 0.9647875281084246 0.965807509008499 0
2920 0.7315211408908857 0.2091695235935 0
2921 0.967996835630351 0.2533677870054578 0
2922 0.6188692565188828 0.9677061116201912 0
2923 0.9446766307496623 0.8677766966952986 0
2924 0.7688605214519415 0.9636429939048445 0
2925 0.7829861921765882 0.4460180969554079 0
2926 0.01614162777829753 0.1087237129379394 0
2927 0.02884792163271926 0.4533619495046967 0
2928 0.1820183728223538 0.4511961702409437 0
2929 0.6340331272002679 0.4069868095618656 0
2930 0.7106368776805189 0.3262308595676808 0
2931 0.8443023804849077 0.781947138691463 0
2932 0.8673091920741645 0.8597062157676869 0
2933 0.01433466237338299 0.166116335308239 0
2934 0.01875138137689286 0.405505597560685 0
2935 0.9851279780694069 0.6766162343254825 0
2936 0.1307130275998689 0.9867625971037162 0
2937 0.9314958785237972 0.8931692562813509 0
2938 0.2689557420310552 0.984298919060891 0
2939 0.5906579642700385 0.4597042651565452 0
2940 0.3411616438542713 0.9667990997245517 0
2941 0.8054284824191087 0.8122805878670228 0
2942 0.7897134158967896 0.9867551573848865 0
2943 0.4 0.9683352875962824 0
2944 0.8311423684868331 0.8635558556363074 0
2945 0.4909176834932478 0.3433072167794756 0
2946 0.6868502395798517 0.07242549491331129 0
2947 0.8898272043014882 0.7526958815404954 0
2948 0.1473483693614205 0.5327420783804723 0
2949 0.9838343537097943 0.08933221387037182 0
2950 0.01306503671589376 0.2048137459570955 0
2951 0.09196941141526582 0.0144250693798999 0
2952 0.7362398705574014 0.3192850463726646 0
2953 0.9534040371177008 0.887740330826122 0
2954 0.03330117242096375 0.6178982231002527 0
2955 0.03080446833481321 0.3698349507356666 0
2956 0.6636709907692651 0.2881571166355615 0
2957 0.5406567047706816 0.9674697490689527 0
2958 0.6913254659120214 0.400959788787032 0
2959 0.5182895281220193 0.6688256087781892 0
2960 0.9206520338655934 0.4657718542071706 0
2961 0.05837231302661211 0.462327971683674 0
2962 0.1779039336163483 0.4194361862156506 0
2963 0.808825779234186 0.9637104885093071 0
2964 0.0314989628228447 0.6897449346238559 0
2965 0.7493125559552059 0.01375537043413855 0
2966 0.1364891003308362 0.4381037338208569 0
2967 0.2583161368687785 0.4493247921285 0
2968 0.5214667083085637 0.03132873609384745 0
2969 0.1533539760911802 0.4995774080895449 0
2970 0.646715906894291 0.8007999181406602 0
2971 0.6634681608892706 0.2307228947076617 0
2972 0.7446928815047502 0.08810545555285559 0
2973 0.01679852962746503 0.5421585670221338 0
2974 0.3106172695241282 0.01493682728830947 0
2975 0.5141004453148204 0.4450891743689566 0
2976 0.4396618957694922 0.8176193918206341 0
2977 0.6967070319992742 0.2647397881338337 0
2978 0.9830383320223592 0.4506902573002318 0
2979 0.9921665492557088 0.4630000604606263 0
2980 0.01510768340434387 0.1282388589181157 0
2981 0.1708775114438061 0.3839145305634042 0
2982 0.2347896696293957 0.03339504801680959 0
2983 0.825728240976883 0.9668712999642569 0
2984 0.2498474497919209 0.4951678793065126 0
2985 0.8297616993497681 0.0146430353992173 0
2986 0.5033707345378775 0.3550701827059629 0
2987 0.9689926775721612 0.2337113239356583 0
2988 0.5239444430774434 0.4130723009216921 0
2989 0.922421837694728 0.05138719843319234 0
2990 0.08507294773818608 0.4710881396558721 0
2991 0.8691029367676633 0.7599735878320106 0
2992 0.5885867615092686 0.5674526536335023 0
2993 0.5900477573016418 0.7910589300424854 0
2994 0.6696882790049417 0.5304703332476596 0
2995 0.6293590878739813 0.9146809528420465 0
2996 0.01253726004363021 0.8140486256734005 0
2997 0.8940476499792873 0.7349535288656265 0
2998 0.5071825907848945 0.5138542578223886 0
2999 0.6550668584463929 0.2418033825248846 0
3000 0.684043972909963 0.3233113034553664 0
3001 0.6502786692516926 0.2618793007716583 0
3002 0.02980685817320949 0.9616396553944966 0
3003 0.5226291681878854 0.8681871044447679 0
3004 0.8958246570303858 0.96614619715927 0
3005 0.4523458117475027 0.7752135029680727 0
3006 0.620126658433062 0.1083352623740546 0
3007 0.968030625442676 0.06225138234059374 0
3008 0.537721900786453 0.687658516641355 0
3009 0.7989347363762835 0.4032630664259674 0
3010 0.9683806511323805 0.6650927172476688 0
3011 0.640433442016846 0.1306466505772277 0
3012 0.1208732761873661 0.5443628530840023 0
3013 0.5928049777588977 0.4091248396406276 0
3014 0.3763313303519207 0.03394465372973277 0
3015 0.4708445884012465 0.966259419597411 0
3016 0.9859855966348376 0.5407456005189564 0
3017 0.9860861113394414 0.8926482541135501 0
3018 0.9871035817783019 0.8536391897052877 0
3019 0.5871065607620323 0.4253576100774017 0
3020 0.6634297483774136 0.03068652648664738 0
3021 0.4634214965225039 0.3447411576084846 0
3022 0.1811521217636826 0.968716281596892 0
3023 0.6455114855677272 0.1587073485430864 0
3024 0.8878773970625123 0.04798421143190801 0
3025 0.7016490347177614 0.4679563531857414 0
3026 0.8645289676004873 0.4085008695487952 0
3027 0.7120130210128818 0.8155785187590355 0
3028 0.01280676438460604 0.2440353397173778 0
3029 0.03074423299740286 0.8849820725139712 0
3030 0.6824017087423362 0.4886207774679461 0
3031 0.6257984949610333 0.5234347700361888 0
3032 0.5471274060689085 0.4066859439596309 0
3033 0.03043273016752468 0.7648178683397635 0
3034 0.1816769622753657 0.02995923507134035 0
3035 0.8000000000000003 0.03004055879190376 0
3036 0.7100000000000002 0.01271165408062425 0
3037 0.964658935063622 0.4236906684291158 0
3038 0.4499644881443768 0.03323375431004905 0
3039 0.03197086412500205 0.5707300547309619 0
3040 0.1251928769168 0.4684032432022099 0
3041 0.5392680544108961 0.5465617840720393 0
3042 0.6556435706491301 0.3720520315380642 0
3043 0.7337701605594026 0.230708607880472 0
3044 0.4913140497985181 0.6940824857284373 0
3045 0.7552845379592777 0.8650565980878009 0
3046 0.9700957262354828 0.2143149356922639 0
3047 0.584580601712838 0.3409487140482937 0
3048 0.5945302522220636 0.1323009958707785 0
3049 0.39 0.01238764161118966 0
3050 0.7129566203528608 0.2600710774123088 0
3051 0.7661412847524627 0.8478382500192946 0
3052 0.7773659950833776 0.8318881866925267 0
3053 0.59 0.01236313237282971 0
3054 0.6484129802084725 0.3911261856405965 0
3055 0.7279856083786964 0.4606276803308576 0
3056 0.7751947384391428 0.3444133489808233 0
3057 0.6151757478914215 0.5442354321997159 0
3058 0.9780388882174089 0.505970939294877 0
3059 0.8986089689900228 0.7154413239481119 0
3060 0.5684759604531699 0.7644035535254945 0
3061 0.9845606770398714 0.6004306043287811 0
3062 0.6587635967440343 0.4181220461480556 0
3063 0.9679898561629096 0.4046724053338131 0
3064 0.7896266684469515 0.3768344157052116 0
3065 0.6002710668082201 0.9705236879899937 0
3066 0.8645582801834748 0.03200929186040813 0
3067 0.1058395266032555 0.5482433637940224 0
3068 0.5381794555381607 0.4203967007481029 0
3069 0.5838381262565481 0.3098197645546655 0
3070 0.07521879341628751 0.5577225972479923 0
3071 0.3785035315615753 0.967071505125341 0
3072 0.9692799075761945 0.9183970002779072 0
3073 0.9402275159858103 0.9059823067104019 0
3074 0.7450244193238019 0.4391418962278145 0
3075 0.3253688760566871 0.967915450692284 0
3076 0.01229453007087888 0.3207730215876987 0
3077 0.4523044331378397 0.8318136837229395 0
3078 0.5621904528206341 0.4021973334522292 0
3079 0.9704287519361894 0.8231566405056172 0
3080 0.1362001581844912 0.4991865975293257 0
3081 0.3200608305754952 0.02853773270408849 0
3082 0.6937794471029798 0.2806826264331317 0
3083 0.9857198364655013 0.9858414880790101 0
3084 0.01397617479225971 0.9860178161686036 0
3085 0.0137619503842169 0.01374852372712321 0
3086 0.9857343256280502 0.01413695150205341 0
3087 0.8586895510902415 0.849544833725725 0
3088 0.5623276966305905 0.5745324901528175 0
3089 0.4702311027450728 0.4555886030529246 0
3090 0.706388520782658 0.212048338751566 0
3091 0.1099426612871554 0.9673554395953633 0
3092 0.2575434833385622 0.9702236952114454 0
3093 0.5194705345119189 0.4281737754781843 0
3094 0.580171036688701 0.4435080836378321 0
3095 0.5359206170768812 0.7568125040410592 0
3096 0.1099999999999996 0.01149208742990215 0
3097 0.6581699362361366 0.1636841617889689 0
3098 0.584213585082813 0.1762388529985115 0
3099 0.04325562616801687 0.9695381738805887 0
3100 0.7925531785852373 0.8358123659640291 0
3101 0.5231709338181469 0.9691208473198765 0
3102 0.9709071011569584 0.1944334651229138 0
3103 0.03162932876892333 0.4380390522386315 0
3104 0.7053932128468592 0.3133833103308331 0
3105 0.2534354921974973 0.4788858683117341 0
3106 0.54 0.02862129801531038 0
3107 0.7208609250735369 0.1573697921579505 0
3108 0.01412931508673565 0.3762484604944106 0
3109 0.586540552804498 0.8938164289937782 0
3110 0.9316478164043636 0.9677191398177594 0
3111 0.04770150297121423 0.5659191145487263 0
3112 0.6408706983467719 0.3716990022201979 0
3113 0.01188933935035535 0.6379429639906774 0
3114 0.2294510538438348 0.4402763276579341 0
3115 0.6851068453195182 0.9159513402727124 0
3116 0.6638444616326502 0.8110675530892717 0
3117 0.2472604981474755 0.512139440824223 0
3118 0.5062477508214249 0.8752461194872444 0
3119 0.6331387751310916 0.3307097737290277 0
3120 0.1542285065713974 0.5177870636385573 0
3121 0.04554182200066836 0.2063448261914186 0
3122 0.02818558582651903 0.7064878239087354 0
3123 0.5746245056798431 0.4133572925579747 0
3124 0.03177300641937042 0.05250475751492134 0
3125 0.9044830200947778 0.454479806339076 0
3126 0.600887585727632 0.3066550439345099 0
3127 0.7908239417797869 0.4292552617508779 0
3128 0.5187994372478825 0.5286325754016772 0
3129 0.8867177100001955 0.4328814240962025 0
3130 0.253385705849966 0.03173713384446586 0
3131 0.9702817354112389 0.3852004995875448 0
3132 0.2009083086082257 0.4369377106959442 0
3133 0.9021465793018609 0.697381536609758 0
3134 0.9697574277307421 0.04576050302457513 0
3135 0.7292092204785775 0.07699505731550071 0
3136 0.550985837809016 0.4820209665257671 0
3137 0.6611600340249469 0.2724584940591752 0
3138 0.1432098506290545 0.3891139934490347 0
3139 0.8252835049928124 0.9029451068528146 0
3140 0.01392163450458223 0.3469226657901537 0
3141 0.9487692442112381 0.4267680009073208 0
3142 0.8421481053510254 0.9703288611043381 0
3143 0.5724788254927849 0.4757879770263333 0
3144 0.8523894589849255 0.3975899499254425 0
3145 0.6731476875538577 0.9610436260333869 0
3146 0.24 0.9720681521021394 0
3147 0.9720146421306314 0.6479585837177591 0
3148 0.659194745334722 0.9191351125087064 0
3149 0.5401910349743747 0.8692164384810939 0
3150 0.6516194399904727 0.4334244463666487 0
3151 0.2465625433951273 0.4350810692104295 0
3152 0.6236847944062137 0.3216140080211134 0
3153 0.4655050213266328 0.8441400414566567 0
3154 0.4510684987595748 0.442243267053551 0
3155 0.02790656468385133 0.1370633288010551 0
3156 0.6857569187533497 0.8219967412793516 0
3157 0.4847465262897283 0.7825038689695817 0
3158 0.6260486846086415 0.2192816908811294 0
3159 0.9119032755547002 0.6733455020511691 0
3160 0.9586000429115803 0.4981647792072859 0
3161 0.6490121817239221 0.4079776156053793 0
3162 0.9698861517006261 0.9374191790294877 0
3163 0.8267351904885691 0.7834806510717873 0
3164 0.5745810996153443 0.4607933602588458 0
3165 0.02831377909127386 0.7831866634093604 0
3166 0.0305036699732078 0.8356987977183032 0
3167 0.7805807686648047 0.3057959960428488 0
3168 0.4974108928178239 0.4509895523392022 0
3169 0.1623484540423289 0.970528694248192 0
3170 0.6759806029194734 0.5153927377344641 0
3171 0.02946790410196781 0.5862861724975041 0
3172 0.8596725736818362 0.9727864253468882 0
3173 0.03092672135480251 0.1885929797907684 0
3174 0.6834734474879378 0.1559095714279304 0
3175 0.6792732908418964 0.02875303330842027 0
3176 0.1999999999999998 0.02753630571871679 0
3177 0.9726504993395093 0.1758878844440185 0
3178 0.9703437963145716 0.7701530232443762 0
3179 0.4513999297468245 0.9695716560234667 0
3180 0.9893991609909528 0.7555484690524271 0
3181 0.02750040029141942 0.9020413567073909 0
3182 0.7686734068116835 0.7988914281825341 0
3183 0.5202203615285542 0.7162146445136269 0
3184 0.8778937708010659 0.7816077581094288 0
3185 0.4644340324041832 0.8019654214443628 0
3186 0.8475552030091811 0.8280281839247545 0
3187 0.971995652396593 0.5708347304297894 0
3188 0.9705336443381225 0.9015932341827331 0
3189 0.4450740616350906 0.8021642249008182 0
3190 0.988075020026034 0.4377132439530335 0
3191 0.1662729321912019 0.4662075432446769 0
3192 0.1845654529644601 0.4930301721770065 0
3193 0.1682223942642437 0.4819499561045808 0
3194 0.1939893882289584 0.4778034071552014 0
3195 0.1553637286313789 0.4738139299315202 0
3196 0.1809649048481487 0.4767923391439698 0
3197 0.1994309008908147 0.4895592893144951 0
3198 0.7234491057019634 0.3768888484054664 0
3199 0.6591027021209604 0.3412810957531126 0
3200 0.6933703143818831 0.3460423328357435 0
3201 0.6978978796854303 0.3750936701186575 0
3202 0.6685302262280572 0.3587467347102762 0
3203 0.7168575841512521 0.3546345005513206 0
3204 0.6813309108217604 0.367296633874278 0
3205 0.7264005099398703 0.363120916483639 0
3206 0.678179700663967 0.3477009093498313 0
3207 0.6612797139810289 0.3505152146652668 0
3208 0.7045531504276161 0.3502501278592168 0
3209 0.668541493763772 0.3407105419840427 0
3210 0.7124693195193006 0.3819365036741489 0
3211 0.6947358505488421 0.3603807610076218 0
3212 0.7109438022543858 0.3671589165468077 0
3213 0.4943729071585951 0.3838870865899087 0
3214 0.6198878044597445 0.357978656734996 0
3215 0.5316175447344826 0.3884605052417806 0
3216 0.5526118363934386 0.3762451294730945 0
3217 0.5091605085324686 0.3813625250940115 0
3218 0.5049380601169746 0.3949325767054348 0
3219 0.5706290931479171 0.3712819861036879 0
3220 0.5233824269042183 0.3778931936825436 0
3221 0.5368457296793612 0.3756158104844465 0
3222 0.5895312981122058 0.3658181871751588 0
3223 0.6072880451459063 0.3609141946569908 0
3224 0.5185924854205528 0.391259787876738 0
3225 0.4921191317095068 0.3966837919631231 0
3226 0.5421440752019099 0.3863928177617258 0
3227 0.6894196975261138 0.1199753727385754 0
3228 0.7173220756584064 0.1257465061470335 0
3229 0.7102758911994337 0.1093623873838805 0
3230 0.7009771724555852 0.1345206753928901 0
3231 0.6941127655921113 0.1065732487816306 0
3232 0.7023547928105005 0.119680109210502 0
3233 0.09534563559630191 0.4990073279816526 0
3234 0.06438454493323979 0.4891067672174578 0
3235 0.0289499093215137 0.4839445381934668 0
3236 0.07367196612618679 0.5147628428696016 0
3237 0.01941124213269887 0.5030430220578553 0
3238 0.08951071271820463 0.5158740526552408 0
3239 0.03745141430780787 0.5030979408526016 0
3240 0.07746732494404768 0.4977729369264411 0
3241 0.01367667683631054 0.47901966462545 0
3242 0.05814443175419196 0.5058555306012292 0
3243 0.04871701085663634 0.4885286119703367 0
3244 0.007244449611717295 0.5026924053818084 0
3245 0.1013046032941964 0.5100308918063278 0
3246 0.005714908069265445 0.4755657519629041 0
3247 0.01154704631704007 0.4914245047706421 0
3248 0.9777415689295346 0.4862313368038396 0
3249 0.9928859221490408 0.4899236991826362 0
3250 0.9946697523555283 0.502021246672773 0
3251 0.983019332331325 0.4764482522383987 0
3252 0.6168002789215998 0.5058320466259218 0
3253 0.5859845848592835 0.5064230743785274 0
3254 0.6050253576192762 0.479197204498703 0
3255 0.6189694651775453 0.4803248222860377 0
3256 0.5967494949072911 0.5132224206391824 0
3257 0.6268193807350595 0.4942654457985962 0
3258 0.603161092362381 0.497129389810055 0
3259 0.5938266649328748 0.4854863610279199 0
3260 0.6075691807891682 0.5106238300048912 0
3261 0.585381414946415 0.4934364976972204 0
3262 0.6623120959048024 0.1875951118141864 0
3263 0.6548163316153741 0.2121183849987968 0
3264 0.6996052542903941 0.1866675335759617 0
3265 0.6770672829121633 0.1782486232455968 0
3266 0.6816091570559106 0.2059599126191406 0
3267 0.6916880870266113 0.17442979743153 0
3268 0.6559044095382081 0.2037900336948704 0
3269 0.6845246157971758 0.1899596536304197 0
3270 0.6934123593488333 0.1976837358897858 0
3271 0.667911238465945 0.2125834626258012 0
3272 0.5321291657511308 0.7959615242873467 0
3273 0.6746465681150272 0.8604203720986723 0
3274 0.6259841461382989 0.8361924513354527 0
3275 0.6527406517475156 0.8499735772741004 0
3276 0.5947070347636934 0.8241054361207355 0
3277 0.5618569259297331 0.8093851933813548 0
3278 0.6510658738571704 0.8777856065143697 0
3279 0.524945927736715 0.81322047077127 0
3280 0.6019474207258012 0.846310071902427 0
3281 0.5671107362929704 0.8326511813197965 0
3282 0.6679105293418157 0.8827331307371431 0
3283 0.6398228471260361 0.864522200334542 0
3284 0.5493087295649624 0.8252472954350598 0
3285 0.5837182713884583 0.8400000711484759 0
3286 0.6196117174399308 0.8557175000218612 0
3287 0.5782819803467132 0.8167453147510452 0
3288 0.5419546222327314 0.8101854290776527 0
3289 0.6120374523196774 0.8308277444744917 0
3290 0.6382515397962206 0.8448570385841556 0
3291 0.5177111015706696 0.8023274201583489 0
3292 0.6783779228322995 0.8731372435577085 0
3293 0.6612244693665437 0.8652261955607264 0
3294 0.5479474620948137 0.7972953850908328 0
3295 0.5347211736407605 0.8217379477318024 0
3296 0.6665020870779661 0.8534786714271227 0
3297 0.6146909414246119 0.8432880541679183 0
3298 0.9170193944259064 0.8151220050058819 0
3299 0.8908206186981119 0.9172314880422895 0
3300 0.8900168611370712 0.8813999507100179 0
3301 0.9250211114727162 0.8570461086921846 0
3302 0.8974291714292255 0.854193774679294 0
3303 0.9284215205586466 0.8359619432274651 0
3304 0.9068938998462338 0.8812453547941842 0
3305 0.8807993145906965 0.9085995006959334 0
3306 0.9103665482784919 0.8298590460213987 0
3307 0.8953101560894074 0.9060076576014846 0
3308 0.91200247199395 0.8651341527660829 0
3309 0.9304654942815331 0.8210244642279666 0
3310 0.9005227411981945 0.893325714952408 0
3311 0.8944524237319864 0.8684082615079668 0
3312 0.9148068726934911 0.8469819890591069 0
3313 0.8856628522098969 0.8946549907145255 0
3314 0.900441104015519 0.8410095342026166 0
3315 0.9296054356739532 0.8477314963648465 0
3316 0.8819397138541661 0.9193971599929539 0
$EndNodes
$Elements
6426
1 2 2 1 1 2664 3070 2849
2 2 2 1 1 1972 2054 1540
3 2 2 1 1 1840 2916 1841
4 2 2 1 1 1362 2489 1920
5 2 2 1 1 583 1469 178
6 2 2 1 1 2792 2839 1590
7 2 2 1 1 1969 1986 1480
8 2 2 1 1 1886 3047 2060
9 2 2 1 1 1894 2898 2275
10 2 2 1 1 2060 3047 497
11 2 2 1 1 16 1392 414
12 2 2 1 1 18 1388 477
13 2 2 1 1 2102 2912 2002
14 2 2 1 1 2275 2791 1894
15 2 2 1 1 1868 2340 2040
16 2 2 1 1 88 1393 399
17 2 2 1 1 1924 2999 1892
18 2 2 1 1 2054 2981 1540
19 2 2 1 1 116 1404 417
20 2 2 1 1 1859 2406 1688
21 2 2 1 1 498 2576 2010
22 2 2 1 1 398 1953 1843
23 2 2 1 1 40 544 41
24 2 2 1 1 1356 2281 2279
25 2 2 1 1 1862 2839 2792
26 2 2 1 1 2275 2898 1744
27 2 2 1 1 1250 2815 1934
28 2 2 1 1 55 1987 56
29 2 2 1 1 1093 1483 1469
30 2 2 1 1 2279 2989 1356
31 2 2 1 1 1093 1469 583
32 2 2 1 1 1839 2958 1632
33 2 2 1 1 549 1817 1647
34 2 2 1 1 1843 1953 1845
35 2 2 1 1 1634 1968 1952
36 2 2 1 1 435 2896 2629
37 2 2 1 1 1859 3038 2406
38 2 2 1 1 1939 2603 476
39 2 2 1 1 425 2418 1941
40 2 2 1 1 2629 2896 1879
41 2 2 1 1 1399 1401 1398
42 2 2 1 1 2642 2838 2430
43 2 2 1 1 1852 2838 2642
44 2 2 1 1 467 2985 2213
45 2 2 1 1 298 2888 486
46 2 2 1 1 1668 1965 1918
47 2 2 1 1 488 2802 2241
48 2 2 1 1 30 1478 422
49 2 2 1 1 1920 2490 1362
50 2 2 1 1 1632 2958 1391
51 2 2 1 1 1413 1680 394
52 2 2 1 1 517 2572 2571
53 2 2 1 1 2903 2934 2199
54 2 2 1 1 1969 2908 1986
55 2 2 1 1 1944 2785 1093
56 2 2 1 1 2571 2573 517
57 2 2 1 1 1093 2960 1944
58 2 2 1 1 2213 2985 2212
59 2 2 1 1 1952 1968 441
60 2 2 1 1 489 2791 2275
61 2 2 1 1 1712 3070 2664
62 2 2 1 1 1632 2012 1839
63 2 2 1 1 272 2165 478
64 2 2 1 1 2602 3071 2424
65 2 2 1 1 2916 2956 1841
66 2 2 1 1 1990 2886 2861
67 2 2 1 1 83 2979 82
68 2 2 1 1 493 2934 2903
69 2 2 1 1 2849 3067 2664
70 2 2 1 1 1927 2881 1430
71 2 2 1 1 1430 2877 1927
72 2 2 1 1 468 3003 1930
73 2 2 1 1 1695 2811 2037
74 2 2 1 1 2861 2886 2016
75 2 2 1 1 534 542 43
76 2 2 1 1 1918 2807 1668
77 2 2 1 1 1670 2051 1679
78 2 2 1 1 1943 2966 1355
79 2 2 1 1 1970 1971 482
80 2 2 1 1 421 2999 1924
81 2 2 1 1 549 1647 466
82 2 2 1 1 2070 2924 470
83 2 2 1 1 470 2901 2070
84 2 2 1 1 1892 2359 1924
85 2 2 1 1 1949 1950 445
86 2 2 1 1 1930 3003 1931
87 2 2 1 1 2181 2774 437
88 2 2 1 1 298 3016 2888
89 2 2 1 1 1628 1821 1719
90 2 2 1 1 108 1843 109
91 2 2 1 1 1398 1708 474
92 2 2 1 1 1397 1399 1398
93 2 2 1 1 1708 1735 1396
94 2 2 1 1 1988 2019 1359
95 2 2 1 1 340 2806 339
96 2 2 1 1 1708 2813 1735
97 2 2 1 1 1881 2490 1491
98 2 2 1 1 1938 2856 2835
99 2 2 1 1 2016 2920 412
100 2 2 1 1 1398 2857 1708
101 2 2 1 1 2835 2856 494
102 2 2 1 1 2002 2912 1729
103 2 2 1 1 2843 2919 524
104 2 2 1 1 2391 2633 1883
105 2 2 1 1 222 2756 221
106 2 2 1 1 2647 2793 475
107 2 2 1 1 1932 2836 535
108 2 2 1 1 1833 2774 2181
109 2 2 1 1 1405 2815 1407
110 2 2 1 1 2241 2802 1814
111 2 2 1 1 1915 2954 2763
112 2 2 1 1 2023 2024 1255
113 2 2 1 1 1411 1413 394
114 2 2 1 1 498 2808 2576
115 2 2 1 1 1453 1988 1360
116 2 2 1 1 2762 2973 2022
117 2 2 1 1 1826 2043 495
118 2 2 1 1 2 1492 487
119 2 2 1 1 2039 2891 1030
120 2 2 1 1 2233 2874 418
121 2 2 1 1 2253 2826 1847
122 2 2 1 1 2280 2345 1372
123 2 2 1 1 1491 2490 1920
124 2 2 1 1 2040 2340 505
125 2 2 1 1 418 3038 2233
126 2 2 1 1 2063 2858 411
127 2 2 1 1 2173 2329 2045
128 2 2 1 1 1862 2789 2779
129 2 2 1 1 1860 2916 1840
130 2 2 1 1 2173 3091 2329
131 2 2 1 1 2202 2933 434
132 2 2 1 1 439 2912 2102
133 2 2 1 1 2763 2954 469
134 2 2 1 1 524 2919 2065
135 2 2 1 1 1826 2929 2043
136 2 2 1 1 1927 2877 1416
137 2 2 1 1 1482 2633 2391
138 2 2 1 1 1862 2792 2789
139 2 2 1 1 1372 2989 2280
140 2 2 1 1 1966 3026 2914
141 2 2 1 1 1879 2896 2066
142 2 2 1 1 2896 3053 2066
143 2 2 1 1 1934 2868 1250
144 2 2 1 1 2233 2234 500
145 2 2 1 1 1251 1978 1947
146 2 2 1 1 2914 3026 1601
147 2 2 1 1 1355 2053 1943
148 2 2 1 1 2035 3186 1687
149 2 2 1 1 476 2427 1939
150 2 2 1 1 2424 2777 2602
151 2 2 1 1 2061 2905 2751
152 2 2 1 1 2751 2905 426
153 2 2 1 1 2022 2973 1639
154 2 2 1 1 1970 2995 1971
155 2 2 1 1 1935 2885 1936
156 2 2 1 1 2804 2847 1910
157 2 2 1 1 429 1927 1416
158 2 2 1 1 2017 2871 513
159 2 2 1 1 504 2942 1967
160 2 2 1 1 2885 2907 1936
161 2 2 1 1 1679 2051 2003
162 2 2 1 1 2062 2933 2202
163 2 2 1 1 1967 2963 504
164 2 2 1 1 1874 2019 1988
165 2 2 1 1 2102 2913 439
166 2 2 1 1 1388 1390 477
167 2 2 1 1 400 1946 1881
168 2 2 1 1 1686 2587 1895
169 2 2 1 1 2459 2945 1858
170 2 2 1 1 301 3061 2909
171 2 2 1 1 1695 2037 1781
172 2 2 1 1 2024 2824 1255
173 2 2 1 1 1858 3021 2459
174 2 2 1 1 2038 2891 2039
175 2 2 1 1 2011 2878 532
176 2 2 1 1 1720 2920 2016
177 2 2 1 1 1404 1405 417
178 2 2 1 1 2217 2959 649
179 2 2 1 1 1867 3071 2602
180 2 2 1 1 1392 1995 414
181 2 2 1 1 808 2217 1954
182 2 2 1 1 1393 1394 399
183 2 2 1 1 649 3008 2217
184 2 2 1 1 1964 2813 1708
185 2 2 1 1 2945 2986 402
186 2 2 1 1 475 3109 2647
187 2 2 1 1 1360 1988 1359
188 2 2 1 1 1773 2986 2945
189 2 2 1 1 1976 2055 1722
190 2 2 1 1 1824 2836 1932
191 2 2 1 1 449 2055 2001
192 2 2 1 1 411 2950 2063
193 2 2 1 1 1687 2036 2035
194 2 2 1 1 1847 3098 2253
195 2 2 1 1 2370 2418 425
196 2 2 1 1 536 2855 1922
197 2 2 1 1 1688 2406 2392
198 2 2 1 1 522 2226 1974
199 2 2 1 1 1868 3075 2340
200 2 2 1 1 1911 2838 1970
201 2 2 1 1 273 2165 272
202 2 2 1 1 1478 1479 422
203 2 2 1 1 2909 3061 2244
204 2 2 1 1 1833 2834 2774
205 2 2 1 1 2406 3038 418
206 2 2 1 1 1674 1874 401
207 2 2 1 1 1922 3110 536
208 2 2 1 1 1936 3153 1412
209 2 2 1 1 1251 2815 1250
210 2 2 1 1 476 2603 2066
211 2 2 1 1 1989 2834 1833
212 2 2 1 1 1477 3132 2747
213 2 2 1 1 1932 3023 1848
214 2 2 1 1 1957 2972 2047
215 2 2 1 1 500 2874 2233
216 2 2 1 1 1917 3012 1828
217 2 2 1 1 1976 2880 2055
218 2 2 1 1 1941 2782 425
219 2 2 1 1 2037 2811 1704
220 2 2 1 1 497 2061 2060
221 2 2 1 1 1963 2057 511
222 2 2 1 1 499 2818 2405
223 2 2 1 1 1941 2970 2782
224 2 2 1 1 2010 2965 498
225 2 2 1 1 445 2064 1949
226 2 2 1 1 1911 3148 1733
227 2 2 1 1 1938 2835 528
228 2 2 1 1 2499 3118 3003
229 2 2 1 1 441 3090 1952
230 2 2 1 1 1733 3115 1911
231 2 2 1 1 2786 2822 1740
232 2 2 1 1 406 2177 2176
233 2 2 1 1 1224 2042 845
234 2 2 1 1 339 2806 2536
235 2 2 1 1 1906 2936 447
236 2 2 1 1 1947 2815 1251
237 2 2 1 1 1224 3055 2860
238 2 2 1 1 2157 3179 2437
239 2 2 1 1 1952 3090 1834
240 2 2 1 1 532 3036 2011
241 2 2 1 1 242 2185 241
242 2 2 1 1 2860 3074 1224
243 2 2 1 1 1848 3011 1932
244 2 2 1 1 471 2972 1957
245 2 2 1 1 1828 2948 1917
246 2 2 1 1 2758 2871 2017
247 2 2 1 1 59 551 60
248 2 2 1 1 1724 3004 1921
249 2 2 1 1 511 2056 1963
250 2 2 1 1 15 1392 16
251 2 2 1 1 17 1388 18
252 2 2 1 1 1117 1983 1982
253 2 2 1 1 1243 2885 1935
254 2 2 1 1 87 1393 88
255 2 2 1 1 447 3091 1906
256 2 2 1 1 131 1958 132
257 2 2 1 1 1863 1981 1958
258 2 2 1 1 115 1404 116
259 2 2 1 1 1956 2051 1670
260 2 2 1 1 2034 3186 2035
261 2 2 1 1 102 1414 103
262 2 2 1 1 2070 2883 2069
263 2 2 1 1 396 2864 1492
264 2 2 1 1 2424 2940 2777
265 2 2 1 1 528 3145 1938
266 2 2 1 1 499 2982 2818
267 2 2 1 1 2070 2901 2883
268 2 2 1 1 468 1930 195
269 2 2 1 1 1523 2719 2044
270 2 2 1 1 1934 2815 1405
271 2 2 1 1 2573 2595 1698
272 2 2 1 1 2847 3082 1910
273 2 2 1 1 1258 2810 2493
274 2 2 1 1 2895 2949 456
275 2 2 1 1 1961 2473 506
276 2 2 1 1 482 3148 1970
277 2 2 1 1 529 2010 2009
278 2 2 1 1 2571 2595 2573
279 2 2 1 1 1922 3004 1724
280 2 2 1 1 1858 2945 402
281 2 2 1 1 2782 2970 527
282 2 2 1 1 2008 2455 1227
283 2 2 1 1 2757 2949 2895
284 2 2 1 1 2926 2980 219
285 2 2 1 1 2437 3179 2472
286 2 2 1 1 398 2049 1953
287 2 2 1 1 29 1478 30
288 2 2 1 1 1935 3118 1243
289 2 2 1 1 1908 2769 1906
290 2 2 1 1 195 1930 128
291 2 2 1 1 398 1843 108
292 2 2 1 1 1388 2013 1390
293 2 2 1 1 2000 2837 1855
294 2 2 1 1 413 3049 2235
295 2 2 1 1 533 2756 222
296 2 2 1 1 221 2756 465
297 2 2 1 1 2235 3014 413
298 2 2 1 1 2489 2864 1920
299 2 2 1 1 2329 3091 447
300 2 2 1 1 546 2840 1933
301 2 2 1 1 2918 3015 2163
302 2 2 1 1 1400 2036 1655
303 2 2 1 1 2747 2962 1477
304 2 2 1 1 1628 1719 71
305 2 2 1 1 1233 1990 555
306 2 2 1 1 1874 1988 1486
307 2 2 1 1 441 1968 1414
308 2 2 1 1 60 3107 61
309 2 2 1 1 438 2536 2535
310 2 2 1 1 1933 3004 546
311 2 2 1 1 2049 3158 1953
312 2 2 1 1 1462 1936 1412
313 2 2 1 1 2212 2801 2172
314 2 2 1 1 2438 3071 2943
315 2 2 1 1 497 2905 2061
316 2 2 1 1 1410 2215 1992
317 2 2 1 1 1355 2966 1918
318 2 2 1 1 72 1628 71
319 2 2 1 1 1953 2852 1845
320 2 2 1 1 1852 2642 1850
321 2 2 1 1 14 1491 396
322 2 2 1 1 2953 3188 2006
323 2 2 1 1 2963 2983 504
324 2 2 1 1 1412 3153 1633
325 2 2 1 1 2165 3101 478
326 2 2 1 1 1669 2057 1447
327 2 2 1 1 504 2983 2371
328 2 2 1 1 845 2042 843
329 2 2 1 1 1855 3064 2000
330 2 2 1 1 132 1958 537
331 2 2 1 1 1945 3114 1490
332 2 2 1 1 1920 2864 396
333 2 2 1 1 2035 2036 1400
334 2 2 1 1 2499 3003 1888
335 2 2 1 1 494 2856 2069
336 2 2 1 1 241 2185 416
337 2 2 1 1 1740 3135 2786
338 2 2 1 1 2777 2940 1869
339 2 2 1 1 2370 2805 2369
340 2 2 1 1 932 2900 2884
341 2 2 1 1 509 2819 2710
342 2 2 1 1 1926 2822 2786
343 2 2 1 1 1708 2857 1964
344 2 2 1 1 1951 2948 1828
345 2 2 1 1 2845 3134 2851
346 2 2 1 1 415 2765 1980
347 2 2 1 1 1677 1984 1981
348 2 2 1 1 2069 2883 494
349 2 2 1 1 448 2806 340
350 2 2 1 1 535 3097 1932
351 2 2 1 1 1970 2838 1852
352 2 2 1 1 1627 2555 2490
353 2 2 1 1 2490 2555 1362
354 2 2 1 1 1473 2956 2916
355 2 2 1 1 2200 2934 205
356 2 2 1 1 1951 3120 2948
357 2 2 1 1 1492 1493 487
358 2 2 1 1 1523 2044 1470
359 2 2 1 1 1492 2864 2044
360 2 2 1 1 1973 2752 453
361 2 2 1 1 2953 3073 2937
362 2 2 1 1 2845 2851 1465
363 2 2 1 1 2769 2936 1906
364 2 2 1 1 438 2535 2534
365 2 2 1 1 531 3103 1977
366 2 2 1 1 1964 3178 2813
367 2 2 1 1 554 2048 579
368 2 2 1 1 2943 3071 1867
369 2 2 1 1 1737 2828 2047
370 2 2 1 1 202 1942 76
371 2 2 1 1 2620 2756 1893
372 2 2 1 1 94 1486 95
373 2 2 1 1 90 2754 91
374 2 2 1 1 1407 2815 1947
375 2 2 1 1 13 1491 14
376 2 2 1 1 1 1492 2
377 2 2 1 1 1400 2889 2035
378 2 2 1 1 1447 2057 1963
379 2 2 1 1 2754 2788 1865
380 2 2 1 1 1436 2102 2002
381 2 2 1 1 2781 2824 2024
382 2 2 1 1 2029 2941 1643
383 2 2 1 1 465 2756 2620
384 2 2 1 1 1643 3100 2029
385 2 2 1 1 205 3108 2200
386 2 2 1 1 1458 2841 399
387 2 2 1 1 161 457 40
388 2 2 1 1 2535 2536 1898
389 2 2 1 1 2751 2854 1773
390 2 2 1 1 45 495 162
391 2 2 1 1 2001 2002 1729
392 2 2 1 1 1821 3080 1719
393 2 2 1 1 1634 3050 1968
394 2 2 1 1 1075 2027 2025
395 2 2 1 1 2587 3163 1895
396 2 2 1 1 1834 2920 1952
397 2 2 1 1 2280 2989 2279
398 2 2 1 1 1410 2216 2215
399 2 2 1 1 1453 3136 1988
400 2 2 1 1 459 2846 2059
401 2 2 1 1 462 3015 2918
402 2 2 1 1 2003 2052 1679
403 2 2 1 1 2045 2329 507
404 2 2 1 1 2801 3066 2172
405 2 2 1 1 352 2876 2863
406 2 2 1 1 2620 2755 465
407 2 2 1 1 1895 2036 1687
408 2 2 1 1 2642 2922 1850
409 2 2 1 1 3069 3126 1886
410 2 2 1 1 2437 2794 2157
411 2 2 1 1 232 2753 231
412 2 2 1 1 2342 2610 1807
413 2 2 1 1 1889 2793 2647
414 2 2 1 1 2789 2946 1866
415 2 2 1 1 2814 2817 1875
416 2 2 1 1 2044 2719 1493
417 2 2 1 1 2060 3069 1886
418 2 2 1 1 1985 3188 2953
419 2 2 1 1 1950 3096 445
420 2 2 1 1 2052 2830 1679
421 2 2 1 1 339 2536 338
422 2 2 1 1 1409 2817 2814
423 2 2 1 1 1886 3126 545
424 2 2 1 1 2913 2944 1731
425 2 2 1 1 2009 2011 529
426 2 2 1 1 506 2867 1961
427 2 2 1 1 2806 3131 1896
428 2 2 1 1 446 2830 2052
429 2 2 1 1 2646 2791 489
430 2 2 1 1 2304 3110 1873
431 2 2 1 1 1487 1674 401
432 2 2 1 1 2342 2810 1258
433 2 2 1 1 1075 2028 2027
434 2 2 1 1 406 2825 2177
435 2 2 1 1 82 2979 81
436 2 2 1 1 409 1945 1490
437 2 2 1 1 2710 2996 509
438 2 2 1 1 1966 2914 1275
439 2 2 1 1 2754 3057 2788
440 2 2 1 1 2047 2828 2048
441 2 2 1 1 1489 1946 400
442 2 2 1 1 2882 3132 1477
443 2 2 1 1 1251 2032 1978
444 2 2 1 1 455 2789 1866
445 2 2 1 1 1914 2980 2926
446 2 2 1 1 462 3179 3015
447 2 2 1 1 1401 1402 1398
448 2 2 1 1 1399 1403 1401
449 2 2 1 1 2006 3073 2953
450 2 2 1 1 452 2823 2639
451 2 2 1 1 1263 3009 2799
452 2 2 1 1 2590 3088 1899
453 2 2 1 1 338 2536 438
454 2 2 1 1 2290 2911 2893
455 2 2 1 1 1069 2029 2028
456 2 2 1 1 1977 2823 531
457 2 2 1 1 1932 3097 3023
458 2 2 1 1 3019 3094 1891
459 2 2 1 1 403 2889 1400
460 2 2 1 1 512 2767 2224
461 2 2 1 1 2947 2991 2554
462 2 2 1 1 2008 3088 2455
463 2 2 1 1 1746 2674 2064
464 2 2 1 1 140 1729 199
465 2 2 1 1 472 1987 55
466 2 2 1 1 1970 3148 1911
467 2 2 1 1 1952 3043 1634
468 2 2 1 1 2639 2906 452
469 2 2 1 1 2391 2833 1482
470 2 2 1 1 1980 2897 415
471 2 2 1 1 1233 2886 1990
472 2 2 1 1 3003 3118 1931
473 2 2 1 1 2927 3103 531
474 2 2 1 1 1954 2217 2216
475 2 2 1 1 1954 3044 808
476 2 2 1 1 546 3004 2855
477 2 2 1 1 1959 3055 1104
478 2 2 1 1 1958 1981 537
479 2 2 1 1 1991 2868 1680
480 2 2 1 1 1275 3129 1966
481 2 2 1 1 522 2995 2226
482 2 2 1 1 1992 2817 1410
483 2 2 1 1 181 2939 97
484 2 2 1 1 470 2924 1967
485 2 2 1 1 1677 1985 1984
486 2 2 1 1 2831 2870 2050
487 2 2 1 1 1395 2870 2831
488 2 2 1 1 1480 2952 1969
489 2 2 1 1 1921 1933 1722
490 2 2 1 1 2425 2982 499
491 2 2 1 1 1899 2992 2590
492 2 2 1 1 1967 2942 470
493 2 2 1 1 2241 3065 488
494 2 2 1 1 2234 2235 500
495 2 2 1 1 2048 2073 579
496 2 2 1 1 2779 2789 455
497 2 2 1 1 2839 3006 1590
498 2 2 1 1 449 2001 1729
499 2 2 1 1 2841 3031 399
500 2 2 1 1 1881 3117 2490
501 2 2 1 1 555 1990 552
502 2 2 1 1 1989 2895 456
503 2 2 1 1 1731 3186 2034
504 2 2 1 1 2472 3179 462
505 2 2 1 1 1986 2908 1154
506 2 2 1 1 456 2834 1989
507 2 2 1 1 1883 3081 2391
508 2 2 1 1 2280 2851 2345
509 2 2 1 1 2536 2806 1898
510 2 2 1 1 2059 3016 459
511 2 2 1 1 472 2946 2786
512 2 2 1 1 1721 2055 449
513 2 2 1 1 2884 2900 2039
514 2 2 1 1 517 3028 2572
515 2 2 1 1 2034 3087 1731
516 2 2 1 1 1946 2984 1881
517 2 2 1 1 1491 1920 396
518 2 2 1 1 1583 2032 1218
519 2 2 1 1 2920 3043 1952
520 2 2 1 1 1483 2749 1469
521 2 2 1 1 2037 2038 1781
522 2 2 1 1 2392 2827 1688
523 2 2 1 1 2892 3112 534
524 2 2 1 1 1488 2008 1674
525 2 2 1 1 1668 2906 1965
526 2 2 1 1 2493 2810 1962
527 2 2 1 1 2781 3009 2824
528 2 2 1 1 1974 2879 522
529 2 2 1 1 534 3112 542
530 2 2 1 1 65 2865 248
531 2 2 1 1 1814 2802 2436
532 2 2 1 1 529 2965 2010
533 2 2 1 1 553 2048 554
534 2 2 1 1 1490 3114 1994
535 2 2 1 1 33 1703 34
536 2 2 1 1 2855 3004 1922
537 2 2 1 1 1390 1391 477
538 2 2 1 1 1258 2610 2342
539 2 2 1 1 1705 2752 1973
540 2 2 1 1 2102 2944 2913
541 2 2 1 1 489 2951 2646
542 2 2 1 1 1405 1406 417
543 2 2 1 1 1404 1934 1405
544 2 2 1 1 448 3131 2806
545 2 2 1 1 1394 1458 399
546 2 2 1 1 2040 2342 1807
547 2 2 1 1 2176 3130 406
548 2 2 1 1 536 3110 2304
549 2 2 1 1 3077 3153 1940
550 2 2 1 1 1707 3070 1712
551 2 2 1 1 1093 2785 1483
552 2 2 1 1 1104 3025 1959
553 2 2 1 1 2799 3064 1263
554 2 2 1 1 169 2865 65
555 2 2 1 1 1218 2032 1251
556 2 2 1 1 1389 2013 1388
557 2 2 1 1 81 2979 344
558 2 2 1 1 67 2849 170
559 2 2 1 1 1478 1480 1479
560 2 2 1 1 1898 2806 1896
561 2 2 1 1 1863 3018 1981
562 2 2 1 1 412 2920 1834
563 2 2 1 1 1674 1885 1874
564 2 2 1 1 1392 2000 1995
565 2 2 1 1 1995 1996 1389
566 2 2 1 1 505 2341 2040
567 2 2 1 1 2425 3130 2982
568 2 2 1 1 430 2753 232
569 2 2 1 1 2370 2993 2805
570 2 2 1 1 742 2910 2862
571 2 2 1 1 401 1874 1486
572 2 2 1 1 2534 2771 438
573 2 2 1 1 2064 2674 1949
574 2 2 1 1 1746 2064 1861
575 2 2 1 1 1628 3040 1821
576 2 2 1 1 427 3067 2849
577 2 2 1 1 2829 3070 1707
578 2 2 1 1 471 3135 2972
579 2 2 1 1 453 3093 1973
580 2 2 1 1 414 1995 1389
581 2 2 1 1 2380 2808 498
582 2 2 1 1 525 3112 2892
583 2 2 1 1 808 2959 2217
584 2 2 1 1 1403 2991 2947
585 2 2 1 1 623 3125 2960
586 2 2 1 1 1414 1459 103
587 2 2 1 1 2863 2876 1861
588 2 2 1 1 105 1924 106
589 2 2 1 1 1982 3048 1117
590 2 2 1 1 2015 2043 1685
591 2 2 1 1 2786 3135 1987
592 2 2 1 1 2021 2022 1639
593 2 2 1 1 1018 2826 2253
594 2 2 1 1 1154 3167 1986
595 2 2 1 1 1479 2837 422
596 2 2 1 1 1492 2044 1493
597 2 2 1 1 39 497 160
598 2 2 1 1 2854 2986 1773
599 2 2 1 1 2324 2803 2797
600 2 2 1 1 1722 2055 1721
601 2 2 1 1 411 2858 2572
602 2 2 1 1 2016 2886 1720
603 2 2 1 1 163 492 46
604 2 2 1 1 66 2021 168
605 2 2 1 1 2534 2800 2771
606 2 2 1 1 1817 2870 1647
607 2 2 1 1 2046 2079 1132
608 2 2 1 1 1540 2962 1972
609 2 2 1 1 2007 3156 1675
610 2 2 1 1 2811 2853 1703
611 2 2 1 1 2224 2894 512
612 2 2 1 1 1443 2007 1929
613 2 2 1 1 2506 2798 2790
614 2 2 1 1 2903 3103 493
615 2 2 1 1 1873 2919 2304
616 2 2 1 1 2816 2830 446
617 2 2 1 1 526 2953 2937
618 2 2 1 1 548 2015 1685
619 2 2 1 1 2893 2911 432
620 2 2 1 1 2960 3125 1944
621 2 2 1 1 2199 2934 2200
622 2 2 1 1 1229 3105 1993
623 2 2 1 1 4 1821 5
624 2 2 1 1 7 1823 8
625 2 2 1 1 127 1971 189
626 2 2 1 1 1993 2967 1229
627 2 2 1 1 493 3103 2821
628 2 2 1 1 2074 2746 2072
629 2 2 1 1 430 2996 2710
630 2 2 1 1 1401 1444 1402
631 2 2 1 1 2004 2783 491
632 2 2 1 1 2756 3124 1893
633 2 2 1 1 2917 3136 1453
634 2 2 1 1 2013 2860 1390
635 2 2 1 1 1224 3074 2042
636 2 2 1 1 426 2854 2751
637 2 2 1 1 2427 2915 1939
638 2 2 1 1 2710 3166 430
639 2 2 1 1 1393 2787 1394
640 2 2 1 1 2436 2957 1814
641 2 2 1 1 1583 2780 2032
642 2 2 1 1 1132 2058 2046
643 2 2 1 1 1981 1984 537
644 2 2 1 1 1910 3104 2804
645 2 2 1 1 1933 1976 1722
646 2 2 1 1 1637 2778 2073
647 2 2 1 1 1736 2783 2004
648 2 2 1 1 1669 2830 2057
649 2 2 1 1 2573 2832 517
650 2 2 1 1 2038 2039 1781
651 2 2 1 1 1390 1463 1391
652 2 2 1 1 1442 2848 2007
653 2 2 1 1 1895 2931 2036
654 2 2 1 1 1405 1407 1406
655 2 2 1 1 1850 2922 1849
656 2 2 1 1 460 2930 2266
657 2 2 1 1 1480 1481 1479
658 2 2 1 1 1885 2019 1874
659 2 2 1 1 1996 1997 1389
660 2 2 1 1 2341 2342 2040
661 2 2 1 1 539 3080 1951
662 2 2 1 1 2073 2778 2074
663 2 2 1 1 2002 3139 1436
664 2 2 1 1 1495 2746 2074
665 2 2 1 1 2185 2812 416
666 2 2 1 1 2266 2952 460
667 2 2 1 1 2014 2955 450
668 2 2 1 1 579 2074 2072
669 2 2 1 1 1981 3018 1677
670 2 2 1 1 1132 2079 586
671 2 2 1 1 2057 2830 2816
672 2 2 1 1 508 2915 2427
673 2 2 1 1 2008 3041 1674
674 2 2 1 1 2032 2862 1978
675 2 2 1 1 2025 2872 1075
676 2 2 1 1 1391 2958 477
677 2 2 1 1 3092 3146 1962
678 2 2 1 1 2195 3159 1956
679 2 2 1 1 2071 2097 1820
680 2 2 1 1 2799 3009 1999
681 2 2 1 1 1433 2071 2068
682 2 2 1 1 1433 2068 2067
683 2 2 1 1 1848 3023 1844
684 2 2 1 1 2063 2950 518
685 2 2 1 1 25 1840 26
686 2 2 1 1 1444 1445 1402
687 2 2 1 1 1433 2097 2071
688 2 2 1 1 397 2853 2784
689 2 2 1 1 2753 2866 231
690 2 2 1 1 2862 2910 1979
691 2 2 1 1 2797 2803 1458
692 2 2 1 1 2810 3092 1962
693 2 2 1 1 1463 1464 1391
694 2 2 1 1 1407 1408 1406
695 2 2 1 1 1433 2067 1421
696 2 2 1 1 1480 1986 1481
697 2 2 1 1 1996 1998 1997
698 2 2 1 1 1997 2013 1389
699 2 2 1 1 2068 2071 2070
700 2 2 1 1 2790 2798 1481
701 2 2 1 1 1633 3153 3077
702 2 2 1 1 1957 2047 553
703 2 2 1 1 1675 3027 2007
704 2 2 1 1 2079 2672 780
705 2 2 1 1 1421 2067 1419
706 2 2 1 1 1445 1446 1402
707 2 2 1 1 1872 2065 1873
708 2 2 1 1 2046 2672 2079
709 2 2 1 1 1902 3136 2917
710 2 2 1 1 1482 2833 2443
711 2 2 1 1 1464 1632 1391
712 2 2 1 1 1463 1689 1464
713 2 2 1 1 1407 1461 1408
714 2 2 1 1 1408 1409 1406
715 2 2 1 1 1743 2919 2843
716 2 2 1 1 1998 2042 1997
717 2 2 1 1 1996 1999 1998
718 2 2 1 1 2171 3066 2543
719 2 2 1 1 588 2079 780
720 2 2 1 1 2077 2103 1832
721 2 2 1 1 2067 2068 1716
722 2 2 1 1 2047 2048 553
723 2 2 1 1 1686 2941 2587
724 2 2 1 1 2745 2746 2147
725 2 2 1 1 560 2075 564
726 2 2 1 1 2076 2103 2077
727 2 2 1 1 1930 1931 1462
728 2 2 1 1 779 2076 591
729 2 2 1 1 1437 2067 1716
730 2 2 1 1 1445 1447 1446
731 2 2 1 1 2072 2075 558
732 2 2 1 1 558 2075 560
733 2 2 1 1 2073 2074 579
734 2 2 1 1 1463 1959 1689
735 2 2 1 1 1689 2050 1464
736 2 2 1 1 1408 1410 1409
737 2 2 1 1 1407 1947 1461
738 2 2 1 1 556 2072 558
739 2 2 1 1 779 2103 2076
740 2 2 1 1 591 2076 589
741 2 2 1 1 2068 2069 1716
742 2 2 1 1 2075 2745 564
743 2 2 1 1 2075 2746 2745
744 2 2 1 1 2096 2738 1496
745 2 2 1 1 1931 1935 1462
746 2 2 1 1 592 2080 595
747 2 2 1 1 2672 2744 780
748 2 2 1 1 1445 1448 1447
749 2 2 1 1 1447 1963 1446
750 2 2 1 1 1720 2096 1496
751 2 2 1 1 2078 2738 2096
752 2 2 1 1 780 2744 2080
753 2 2 1 1 1947 1948 1461
754 2 2 1 1 2078 2096 1233
755 2 2 1 1 1424 2081 1427
756 2 2 1 1 2080 2086 595
757 2 2 1 1 557 2078 1233
758 2 2 1 1 590 2080 592
759 2 2 1 1 2068 2070 2069
760 2 2 1 1 1115 2103 782
761 2 2 1 1 2081 2092 1427
762 2 2 1 1 1422 2081 1424
763 2 2 1 1 1935 1936 1462
764 2 2 1 1 625 2740 621
765 2 2 1 1 2147 2746 1495
766 2 2 1 1 1448 1669 1447
767 2 2 1 1 1963 1964 1446
768 2 2 1 1 619 2085 622
769 2 2 1 1 621 2085 619
770 2 2 1 1 622 2085 2082
771 2 2 1 1 1832 2103 1115
772 2 2 1 1 782 2103 779
773 2 2 1 1 621 2740 2085
774 2 2 1 1 1285 2742 2737
775 2 2 1 1 610 2091 609
776 2 2 1 1 1622 2743 2739
777 2 2 1 1 609 2091 2084
778 2 2 1 1 1948 1954 1461
779 2 2 1 1 1947 1978 1948
780 2 2 1 1 1049 2738 818
781 2 2 1 1 1434 2097 1425
782 2 2 1 1 1750 2741 2120
783 2 2 1 1 613 2091 610
784 2 2 1 1 2082 2120 622
785 2 2 1 1 605 2093 2090
786 2 2 1 1 2120 2316 1544
787 2 2 1 1 2084 2093 609
788 2 2 1 1 606 2093 605
789 2 2 1 1 602 2119 600
790 2 2 1 1 1820 2097 1434
791 2 2 1 1 629 2740 625
792 2 2 1 1 565 2100 561
793 2 2 1 1 2087 2088 785
794 2 2 1 1 597 2086 784
795 2 2 1 1 595 2086 597
796 2 2 1 1 818 2738 2100
797 2 2 1 1 609 2093 606
798 2 2 1 1 1425 2097 1423
799 2 2 1 1 2090 2119 605
800 2 2 1 1 629 2739 2083
801 2 2 1 1 1963 2056 1964
802 2 2 1 1 1448 1670 1669
803 2 2 1 1 2083 2740 629
804 2 2 1 1 1750 2120 1544
805 2 2 1 1 2082 2316 2120
806 2 2 1 1 1496 2738 1049
807 2 2 1 1 2737 2742 1812
808 2 2 1 1 605 2119 602
809 2 2 1 1 600 2119 785
810 2 2 1 1 2091 2741 1750
811 2 2 1 1 818 2100 565
812 2 2 1 1 2088 2104 785
813 2 2 1 1 598 2104 596
814 2 2 1 1 785 2119 2087
815 2 2 1 1 1431 2092 1441
816 2 2 1 1 1427 2092 1431
817 2 2 1 1 1978 1979 1948
818 2 2 1 1 561 2100 559
819 2 2 1 1 2093 2521 2090
820 2 2 1 1 2084 2521 2093
821 2 2 1 1 2739 2743 2083
822 2 2 1 1 2094 2727 617
823 2 2 1 1 617 2727 2095
824 2 2 1 1 2120 2741 622
825 2 2 1 1 785 2104 598
826 2 2 1 1 596 2104 617
827 2 2 1 1 617 2104 2094
828 2 2 1 1 644 2733 773
829 2 2 1 1 617 2095 594
830 2 2 1 1 1036 2732 2488
831 2 2 1 1 581 2191 633
832 2 2 1 1 1448 1955 1670
833 2 2 1 1 1670 1679 1669
834 2 2 1 1 2086 2736 784
835 2 2 1 1 2098 2732 1036
836 2 2 1 1 2190 2191 581
837 2 2 1 1 2094 2104 2088
838 2 2 1 1 2087 2119 2090
839 2 2 1 1 755 2188 2187
840 2 2 1 1 633 2191 644
841 2 2 1 1 575 2188 576
842 2 2 1 1 576 2188 755
843 2 2 1 1 2191 2733 644
844 2 2 1 1 594 2095 593
845 2 2 1 1 1508 2189 1504
846 2 2 1 1 578 2190 581
847 2 2 1 1 1897 2731 1898
848 2 2 1 1 2187 2189 755
849 2 2 1 1 1897 2732 2731
850 2 2 1 1 575 2730 2188
851 2 2 1 1 1898 2731 2535
852 2 2 1 1 2488 2732 1897
853 2 2 1 1 569 2729 570
854 2 2 1 1 1153 2141 1151
855 2 2 1 1 1955 1956 1670
856 2 2 1 1 2099 2189 1508
857 2 2 1 1 1504 2189 2187
858 2 2 1 1 773 2733 1036
859 2 2 1 1 755 2190 578
860 2 2 1 1 2729 2730 575
861 2 2 1 1 1752 2107 2106
862 2 2 1 1 1752 2141 2107
863 2 2 1 1 563 2106 566
864 2 2 1 1 1436 2101 1429
865 2 2 1 1 1286 2141 1153
866 2 2 1 1 1151 2141 1752
867 2 2 1 1 2107 2729 569
868 2 2 1 1 1501 2727 2721
869 2 2 1 1 1286 2142 2141
870 2 2 1 1 566 2106 569
871 2 2 1 1 570 2729 575
872 2 2 1 1 1286 2728 2142
873 2 2 1 1 2105 2106 563
874 2 2 1 1 1149 2105 573
875 2 2 1 1 1429 2101 1426
876 2 2 1 1 783 2109 840
877 2 2 1 1 2109 2727 1501
878 2 2 1 1 2099 2191 2190
879 2 2 1 1 2099 2190 2189
880 2 2 1 1 1752 2105 1149
881 2 2 1 1 2721 2727 2094
882 2 2 1 1 840 2109 1501
883 2 2 1 1 573 2105 562
884 2 2 1 1 781 2109 783
885 2 2 1 1 1428 2101 1506
886 2 2 1 1 2106 2107 569
887 2 2 1 1 1752 2106 2105
888 2 2 1 1 1514 2110 1989
889 2 2 1 1 1514 2112 2110
890 2 2 1 1 580 2725 577
891 2 2 1 1 1513 2112 1514
892 2 2 1 1 1683 2116 2024
893 2 2 1 1 577 2725 2114
894 2 2 1 1 577 2114 572
895 2 2 1 1 1435 2108 1819
896 2 2 1 1 772 2506 2111
897 2 2 1 1 1513 2140 2112
898 2 2 1 1 764 2143 757
899 2 2 1 1 572 2114 571
900 2 2 1 1 2111 2725 772
901 2 2 1 1 838 2116 1683
902 2 2 1 1 772 2725 580
903 2 2 1 1 2140 2726 2112
904 2 2 1 1 2115 2123 771
905 2 2 1 1 571 2114 2113
906 2 2 1 1 2118 2723 2121
907 2 2 1 1 2113 2122 571
908 2 2 1 1 2143 2726 2140
909 2 2 1 1 836 2143 764
910 2 2 1 1 757 2143 771
911 2 2 1 1 771 2140 2115
912 2 2 1 1 771 2123 754
913 2 2 1 1 2122 2245 819
914 2 2 1 1 2118 2121 2117
915 2 2 1 1 601 2117 634
916 2 2 1 1 2115 2140 1513
917 2 2 1 1 2113 2245 2122
918 2 2 1 1 2118 2724 2723
919 2 2 1 1 2117 2121 634
920 2 2 1 1 567 2122 819
921 2 2 1 1 754 2123 753
922 2 2 1 1 599 2117 601
923 2 2 1 1 839 2116 838
924 2 2 1 1 2723 2724 1266
925 2 2 1 1 571 2122 568
926 2 2 1 1 2115 2662 2123
927 2 2 1 1 787 2121 791
928 2 2 1 1 634 2121 787
929 2 2 1 1 1734 2125 2124
930 2 2 1 1 2124 2125 1676
931 2 2 1 1 2125 2131 1676
932 2 2 1 1 1236 2131 2126
933 2 2 1 1 2126 2127 1236
934 2 2 1 1 2127 2291 1236
935 2 2 1 1 2129 2291 2127
936 2 2 1 1 1064 2144 1063
937 2 2 1 1 1070 2722 1067
938 2 2 1 1 1076 2291 2129
939 2 2 1 1 1063 2144 2137
940 2 2 1 1 2129 2132 1076
941 2 2 1 1 2137 2294 1063
942 2 2 1 1 2138 2294 2137
943 2 2 1 1 2123 2662 1150
944 2 2 1 1 1235 2131 1236
945 2 2 1 1 2138 2720 2294
946 2 2 1 1 1676 2131 1235
947 2 2 1 1 2717 2720 2138
948 2 2 1 1 2131 2354 2126
949 2 2 1 1 2125 2354 2131
950 2 2 1 1 1067 2144 1064
951 2 2 1 1 1288 2368 2151
952 2 2 1 1 1288 2151 2150
953 2 2 1 1 1067 2722 2144
954 2 2 1 1 2139 2261 844
955 2 2 1 1 2151 2720 2717
956 2 2 1 1 2121 2723 791
957 2 2 1 1 2150 2648 1288
958 2 2 1 1 2368 2720 2151
959 2 2 1 1 1501 2721 2139
960 2 2 1 1 2139 2262 2261
961 2 2 1 1 771 2143 2140
962 2 2 1 1 794 2648 792
963 2 2 1 1 2141 2142 2107
964 2 2 1 1 842 2139 844
965 2 2 1 1 1076 2722 1070
966 2 2 1 1 2145 2168 2146
967 2 2 1 1 1145 2147 1495
968 2 2 1 1 1240 2662 1511
969 2 2 1 1 2168 2648 2146
970 2 2 1 1 792 2648 2168
971 2 2 1 1 604 2145 607
972 2 2 1 1 1288 2648 794
973 2 2 1 1 2145 2146 607
974 2 2 1 1 2146 2648 2150
975 2 2 1 1 1511 2662 2115
976 2 2 1 1 758 2147 1145
977 2 2 1 1 1152 2662 1240
978 2 2 1 1 603 2145 604
979 2 2 1 1 1125 2182 1120
980 2 2 1 1 819 2245 1050
981 2 2 1 1 2164 2289 1907
982 2 2 1 1 1245 2162 2161
983 2 2 1 1 1136 2161 1135
984 2 2 1 1 608 2148 611
985 2 2 1 1 2150 2151 2149
986 2 2 1 1 2146 2148 607
987 2 2 1 1 1245 2161 1136
988 2 2 1 1 1135 2161 2159
989 2 2 1 1 1382 2289 1246
990 2 2 1 1 1634 2182 1125
991 2 2 1 1 2148 2150 2149
992 2 2 1 1 1245 2289 2162
993 2 2 1 1 1923 2167 2166
994 2 2 1 1 607 2148 608
995 2 2 1 1 2159 2193 1135
996 2 2 1 1 2148 2149 611
997 2 2 1 1 2444 2638 2152
998 2 2 1 1 1291 2154 2152
999 2 2 1 1 2400 2707 942
1000 2 2 1 1 2152 2154 1754
1001 2 2 1 1 2156 2193 2159
1002 2 2 1 1 1120 2182 1119
1003 2 2 1 1 2189 2190 755
1004 2 2 1 1 1246 2289 1245
1005 2 2 1 1 1908 2638 2444
1006 2 2 1 1 2171 2387 2170
1007 2 2 1 1 2162 2289 2164
1008 2 2 1 1 1467 2166 1238
1009 2 2 1 1 1923 2166 1467
1010 2 2 1 1 2155 2193 2156
1011 2 2 1 1 1907 2289 1382
1012 2 2 1 1 831 2193 2155
1013 2 2 1 1 2152 2638 1291
1014 2 2 1 1 2660 2718 2353
1015 2 2 1 1 792 2168 788
1016 2 2 1 1 2153 2400 909
1017 2 2 1 1 1518 2177 1884
1018 2 2 1 1 1289 2263 2237
1019 2 2 1 1 2153 2707 2400
1020 2 2 1 1 1256 2236 2232
1021 2 2 1 1 2155 2310 831
1022 2 2 1 1 1515 2643 2348
1023 2 2 1 1 1379 2170 1146
1024 2 2 1 1 2154 2263 1754
1025 2 2 1 1 2348 2643 2347
1026 2 2 1 1 1553 2578 2301
1027 2 2 1 1 1519 2268 2175
1028 2 2 1 1 2197 2231 2198
1029 2 2 1 1 909 2257 2153
1030 2 2 1 1 2681 2703 2529
1031 2 2 1 1 2684 2686 1792
1032 2 2 1 1 1519 2177 1518
1033 2 2 1 1 2325 2479 1598
1034 2 2 1 1 2146 2150 2148
1035 2 2 1 1 2688 2717 2525
1036 2 2 1 1 717 2347 2321
1037 2 2 1 1 1256 2607 2236
1038 2 2 1 1 1666 2422 2300
1039 2 2 1 1 2257 2335 1758
1040 2 2 1 1 1203 2231 2197
1041 2 2 1 1 2175 2176 1519
1042 2 2 1 1 1379 2171 2170
1043 2 2 1 1 2653 2671 2408
1044 2 2 1 1 2237 2263 2154
1045 2 2 1 1 2207 2696 1598
1046 2 2 1 1 1289 2698 1290
1047 2 2 1 1 1597 2680 2669
1048 2 2 1 1 2500 2677 2366
1049 2 2 1 1 2202 2513 1678
1050 2 2 1 1 2173 2179 1864
1051 2 2 1 1 1758 2335 2274
1052 2 2 1 1 1279 2545 1090
1053 2 2 1 1 1269 2479 2325
1054 2 2 1 1 1256 2232 2231
1055 2 2 1 1 1309 2577 2314
1056 2 2 1 1 788 2168 786
1057 2 2 1 1 1226 2179 1474
1058 2 2 1 1 2211 2213 2212
1059 2 2 1 1 1379 2211 2172
1060 2 2 1 1 2277 2283 1756
1061 2 2 1 1 2236 2607 1760
1062 2 2 1 1 1811 2660 2399
1063 2 2 1 1 1206 2637 2607
1064 2 2 1 1 1085 2578 2169
1065 2 2 1 1 1546 2618 1658
1066 2 2 1 1 1909 2513 2202
1067 2 2 1 1 695 2287 2203
1068 2 2 1 1 1273 2692 2654
1069 2 2 1 1 1791 2656 2420
1070 2 2 1 1 1835 2248 2225
1071 2 2 1 1 1616 2705 2685
1072 2 2 1 1 1697 2226 1851
1073 2 2 1 1 1301 2614 1585
1074 2 2 1 1 2260 2684 1792
1075 2 2 1 1 817 2250 2180
1076 2 2 1 1 1696 2226 1697
1077 2 2 1 1 1771 2343 2192
1078 2 2 1 1 2310 2496 774
1079 2 2 1 1 2180 2250 1520
1080 2 2 1 1 2300 2422 2196
1081 2 2 1 1 1199 2474 2452
1082 2 2 1 1 1297 2178 1640
1083 2 2 1 1 1833 2181 1512
1084 2 2 1 1 1249 2518 1730
1085 2 2 1 1 1274 2174 1699
1086 2 2 1 1 2229 2313 2228
1087 2 2 1 1 2264 2483 2265
1088 2 2 1 1 2271 2507 2292
1089 2 2 1 1 2169 2540 1085
1090 2 2 1 1 2203 2287 2204
1091 2 2 1 1 2343 2360 2192
1092 2 2 1 1 942 2707 2399
1093 2 2 1 1 1270 2442 1485
1094 2 2 1 1 1474 2179 2173
1095 2 2 1 1 2347 2643 2321
1096 2 2 1 1 2228 2313 809
1097 2 2 1 1 917 2635 2624
1098 2 2 1 1 2607 2637 1759
1099 2 2 1 1 2451 2452 2288
1100 2 2 1 1 695 2588 675
1101 2 2 1 1 2321 2395 717
1102 2 2 1 1 1252 2211 1379
1103 2 2 1 1 1730 2518 2183
1104 2 2 1 1 1123 2376 2196
1105 2 2 1 1 2274 2624 1758
1106 2 2 1 1 909 2335 2257
1107 2 2 1 1 831 2310 774
1108 2 2 1 1 2270 2591 2252
1109 2 2 1 1 1109 2615 721
1110 2 2 1 1 2176 2177 1519
1111 2 2 1 1 2231 2232 2198
1112 2 2 1 1 1238 2166 1239
1113 2 2 1 1 1558 2442 1270
1114 2 2 1 1 2187 2188 1751
1115 2 2 1 1 709 2282 2209
1116 2 2 1 1 927 2693 2690
1117 2 2 1 1 2277 2578 1553
1118 2 2 1 1 1849 2241 1626
1119 2 2 1 1 2287 2451 2288
1120 2 2 1 1 762 2322 775
1121 2 2 1 1 2314 2577 2313
1122 2 2 1 1 777 2544 745
1123 2 2 1 1 2301 2578 1085
1124 2 2 1 1 2247 2659 1757
1125 2 2 1 1 1292 2208 1804
1126 2 2 1 1 2253 2270 2252
1127 2 2 1 1 2420 2656 929
1128 2 2 1 1 2394 2445 2136
1129 2 2 1 1 1206 2607 1256
1130 2 2 1 1 1524 2611 1042
1131 2 2 1 1 646 2238 649
1132 2 2 1 1 251 2304 250
1133 2 2 1 1 760 2496 759
1134 2 2 1 1 2211 2212 2172
1135 2 2 1 1 1226 2611 2179
1136 2 2 1 1 2205 2246 725
1137 2 2 1 1 1694 2460 1692
1138 2 2 1 1 1774 2628 2207
1139 2 2 1 1 2203 2588 695
1140 2 2 1 1 2399 2707 1811
1141 2 2 1 1 2287 2288 2204
1142 2 2 1 1 2265 2483 1185
1143 2 2 1 1 2237 2698 1289
1144 2 2 1 1 645 2238 646
1145 2 2 1 1 720 2670 718
1146 2 2 1 1 1199 2452 2451
1147 2 2 1 1 1167 2510 2258
1148 2 2 1 1 710 2474 705
1149 2 2 1 1 832 2193 831
1150 2 2 1 1 1018 2251 1002
1151 2 2 1 1 1602 2671 2653
1152 2 2 1 1 1774 2651 2628
1153 2 2 1 1 1090 2545 936
1154 2 2 1 1 1126 2269 1038
1155 2 2 1 1 2616 2695 1805
1156 2 2 1 1 2298 2467 748
1157 2 2 1 1 917 2624 2274
1158 2 2 1 1 2225 2248 1450
1159 2 2 1 1 1756 2283 1533
1160 2 2 1 1 1202 2365 1205
1161 2 2 1 1 1271 2269 1126
1162 2 2 1 1 2230 2585 677
1163 2 2 1 1 2531 2583 2412
1164 2 2 1 1 536 2304 251
1165 2 2 1 1 968 2504 964
1166 2 2 1 1 1146 2170 834
1167 2 2 1 1 2222 2224 1450
1168 2 2 1 1 1618 2697 1619
1169 2 2 1 1 2199 2200 1813
1170 2 2 1 1 2419 2544 777
1171 2 2 1 1 925 2696 2207
1172 2 2 1 1 1572 2532 2305
1173 2 2 1 1 2089 2515 2262
1174 2 2 1 1 2210 2467 2298
1175 2 2 1 1 1177 2483 2264
1176 2 2 1 1 1512 2181 1468
1177 2 2 1 1 2256 2512 2255
1178 2 2 1 1 1272 2199 1813
1179 2 2 1 1 739 2552 2297
1180 2 2 1 1 1244 2499 1280
1181 2 2 1 1 391 2428 484
1182 2 2 1 1 2149 2688 611
1183 2 2 1 1 727 2205 725
1184 2 2 1 1 833 2322 762
1185 2 2 1 1 1131 2263 1289
1186 2 2 1 1 1522 2180 1520
1187 2 2 1 1 2318 2320 2319
1188 2 2 1 1 2655 2668 2327
1189 2 2 1 1 795 2195 799
1190 2 2 1 1 981 2632 2471
1191 2 2 1 1 2471 2655 981
1192 2 2 1 1 1156 2591 2270
1193 2 2 1 1 1678 2513 1237
1194 2 2 1 1 2210 2415 1527
1195 2 2 1 1 1613 2257 1758
1196 2 2 1 1 2251 2253 2252
1197 2 2 1 1 703 2581 696
1198 2 2 1 1 789 2250 790
1199 2 2 1 1 1502 2187 1751
1200 2 2 1 1 1585 2614 2563
1201 2 2 1 1 2569 2680 1597
1202 2 2 1 1 2298 2415 2210
1203 2 2 1 1 2259 2615 1109
1204 2 2 1 1 1370 2174 1274
1205 2 2 1 1 1811 2718 2660
1206 2 2 1 1 822 2566 1559
1207 2 2 1 1 1018 2253 2251
1208 2 2 1 1 2434 2526 1764
1209 2 2 1 1 694 2276 1553
1210 2 2 1 1 1032 2618 1546
1211 2 2 1 1 2196 2422 1123
1212 2 2 1 1 1615 2257 1613
1213 2 2 1 1 2258 2510 1777
1214 2 2 1 1 1193 2594 1552
1215 2 2 1 1 1384 2514 1385
1216 2 2 1 1 1537 2310 2155
1217 2 2 1 1 1780 2531 2206
1218 2 2 1 1 1450 2248 1144
1219 2 2 1 1 1517 2268 1519
1220 2 2 1 1 1709 2290 1530
1221 2 2 1 1 759 2496 829
1222 2 2 1 1 837 2332 801
1223 2 2 1 1 813 2532 2240
1224 2 2 1 1 1535 2496 2310
1225 2 2 1 1 1579 2585 2230
1226 2 2 1 1 1780 2583 2531
1227 2 2 1 1 2389 2598 2386
1228 2 2 1 1 2274 2335 912
1229 2 2 1 1 969 2255 978
1230 2 2 1 1 1530 2290 1248
1231 2 2 1 1 1304 2360 2343
1232 2 2 1 1 1572 2539 2272
1233 2 2 1 1 1368 2178 1297
1234 2 2 1 1 489 2275 347
1235 2 2 1 1 296 2296 295
1236 2 2 1 1 732 2541 730
1237 2 2 1 1 739 2297 744
1238 2 2 1 1 2292 2507 803
1239 2 2 1 1 809 2644 2228
1240 2 2 1 1 1037 2268 2267
1241 2 2 1 1 1072 2291 1076
1242 2 2 1 1 2230 2584 1767
1243 2 2 1 1 2208 2471 1804
1244 2 2 1 1 2529 2703 2609
1245 2 2 1 1 1002 2251 994
1246 2 2 1 1 1231 2222 1450
1247 2 2 1 1 1573 2564 2516
1248 2 2 1 1 1598 2696 2325
1249 2 2 1 1 2196 2376 1641
1250 2 2 1 1 392 2428 391
1251 2 2 1 1 2209 2283 709
1252 2 2 1 1 2625 2644 722
1253 2 2 1 1 1189 2542 1529
1254 2 2 1 1 1533 2283 2209
1255 2 2 1 1 2314 2677 2500
1256 2 2 1 1 1794 2644 2625
1257 2 2 1 1 1652 2700 1650
1258 2 2 1 1 677 2584 2230
1259 2 2 1 1 2218 2219 1211
1260 2 2 1 1 1223 2488 1371
1261 2 2 1 1 2569 2691 2680
1262 2 2 1 1 1759 2637 2208
1263 2 2 1 1 2348 2680 1515
1264 2 2 1 1 2281 2303 2278
1265 2 2 1 1 1774 2207 1528
1266 2 2 1 1 1766 2453 2295
1267 2 2 1 1 2214 2238 645
1268 2 2 1 1 1556 2521 1284
1269 2 2 1 1 2624 2635 1586
1270 2 2 1 1 1192 2218 1211
1271 2 2 1 1 1523 2691 2201
1272 2 2 1 1 2229 2314 2313
1273 2 2 1 1 2256 2562 2512
1274 2 2 1 1 2685 2705 2256
1275 2 2 1 1 713 2301 724
1276 2 2 1 1 1103 2633 1220
1277 2 2 1 1 1813 2692 1273
1278 2 2 1 1 1650 2545 1279
1279 2 2 1 1 2201 2691 2569
1280 2 2 1 1 626 2445 2394
1281 2 2 1 1 2240 2271 813
1282 2 2 1 1 1037 2267 1008
1283 2 2 1 1 1138 2518 1249
1284 2 2 1 1 1960 2481 1484
1285 2 2 1 1 2563 2667 1587
1286 2 2 1 1 1619 2697 2659
1287 2 2 1 1 1658 2618 2197
1288 2 2 1 1 2690 2693 2260
1289 2 2 1 1 2332 2346 801
1290 2 2 1 1 2258 2440 1167
1291 2 2 1 1 635 2505 582
1292 2 2 1 1 1205 2365 1317
1293 2 2 1 1 1307 2356 1564
1294 2 2 1 1 2302 2356 1307
1295 2 2 1 1 1340 2319 1516
1296 2 2 1 1 611 2688 612
1297 2 2 1 1 677 2585 2495
1298 2 2 1 1 744 2297 761
1299 2 2 1 1 991 2331 1020
1300 2 2 1 1 1097 2530 1213
1301 2 2 1 1 2227 2272 1157
1302 2 2 1 1 1209 2492 1580
1303 2 2 1 1 1295 2649 1298
1304 2 2 1 1 1365 2344 1725
1305 2 2 1 1 2194 2434 1764
1306 2 2 1 1 2295 2453 1783
1307 2 2 1 1 2516 2564 2349
1308 2 2 1 1 2170 2387 835
1309 2 2 1 1 2066 2603 1475
1310 2 2 1 1 2003 2051 1522
1311 2 2 1 1 2623 2663 1594
1312 2 2 1 1 2540 2716 752
1313 2 2 1 1 1252 1379 1146
1314 2 2 1 1 1974 2226 1696
1315 2 2 1 1 347 2275 346
1316 2 2 1 1 919 2701 918
1317 2 2 1 1 2261 2262 1058
1318 2 2 1 1 1363 2359 1364
1319 2 2 1 1 2647 2679 1415
1320 2 2 1 1 1626 2241 1624
1321 2 2 1 1 1796 2612 2580
1322 2 2 1 1 2268 2269 2175
1323 2 2 1 1 706 2366 711
1324 2 2 1 1 1815 2359 1363
1325 2 2 1 1 2386 2441 2389
1326 2 2 1 1 2276 2277 1553
1327 2 2 1 1 699 2434 2194
1328 2 2 1 1 793 2195 795
1329 2 2 1 1 798 2368 796
1330 2 2 1 1 987 2331 991
1331 2 2 1 1 2399 2660 1539
1332 2 2 1 1 2452 2474 2395
1333 2 2 1 1 853 2363 1057
1334 2 2 1 1 1095 2323 1142
1335 2 2 1 1 691 2276 694
1336 2 2 1 1 749 2625 722
1337 2 2 1 1 790 2250 817
1338 2 2 1 1 2604 2622 2288
1339 2 2 1 1 636 2346 637
1340 2 2 1 1 640 645 641
1341 2 2 1 1 856 1574 1573
1342 2 2 1 1 859 1227 857
1343 2 2 1 1 964 2504 970
1344 2 2 1 1 995 2568 1003
1345 2 2 1 1 1144 2248 1143
1346 2 2 1 1 1201 2365 1202
1347 2 2 1 1 1218 1250 1216
1348 2 2 1 1 2314 2500 1309
1349 2 2 1 1 2594 2595 1552
1350 2 2 1 1 1582 1761 1581
1351 2 2 1 1 1692 2460 2356
1352 2 2 1 1 1471 1910 1732
1353 2 2 1 1 2206 2460 1780
1354 2 2 1 1 1471 2266 1910
1355 2 2 1 1 708 2292 715
1356 2 2 1 1 736 2552 739
1357 2 2 1 1 1005 2537 992
1358 2 2 1 1 1320 2358 1319
1359 2 2 1 1 1591 2593 2592
1360 2 2 1 1 2495 2585 2227
1361 2 2 1 1 2350 2498 2309
1362 2 2 1 1 295 2296 507
1363 2 2 1 1 2574 2599 615
1364 2 2 1 1 854 2336 852
1365 2 2 1 1 1057 1284 1148
1366 2 2 1 1 2272 2539 1157
1367 2 2 1 1 1468 2181 1882
1368 2 2 1 1 2272 2532 1572
1369 2 2 1 1 627 628 625
1370 2 2 1 1 796 2368 1288
1371 2 2 1 1 1156 2652 2308
1372 2 2 1 1 1232 2186 1476
1373 2 2 1 1 2284 2339 1327
1374 2 2 1 1 2167 2514 1384
1375 2 2 1 1 1784 1785 1567
1376 2 2 1 1 2214 2249 1763
1377 2 2 1 1 2377 2621 2575
1378 2 2 1 1 669 2333 667
1379 2 2 1 1 671 688 669
1380 2 2 1 1 675 2588 673
1381 2 2 1 1 678 695 675
1382 2 2 1 1 705 2474 1199
1383 2 2 1 1 708 714 707
1384 2 2 1 1 711 2366 719
1385 2 2 1 1 739 743 738
1386 2 2 1 1 1308 2407 763
1387 2 2 1 1 829 1221 830
1388 2 2 1 1 957 2374 959
1389 2 2 1 1 963 2254 965
1390 2 2 1 1 965 2255 969
1391 2 2 1 1 2308 2383 1010
1392 2 2 1 1 2270 2652 1156
1393 2 2 1 1 1166 2388 1169
1394 2 2 1 1 2451 2487 1199
1395 2 2 1 1 1332 1333 1331
1396 2 2 1 1 1783 2453 1336
1397 2 2 1 1 1338 2319 1340
1398 2 2 1 1 2051 2180 1522
1399 2 2 1 1 1552 2595 2571
1400 2 2 1 1 1554 2640 2546
1401 2 2 1 1 1605 1607 1606
1402 2 2 1 1 1646 2506 2505
1403 2 2 1 1 1780 2460 1694
1404 2 2 1 1 2159 2160 2158
1405 2 2 1 1 2232 2233 2198
1406 2 2 1 1 2220 2681 2529
1407 2 2 1 1 719 2366 1109
1408 2 2 1 1 1062 1063 1060
1409 2 2 1 1 1374 1663 1662
1410 2 2 1 1 1521 2661 1980
1411 2 2 1 1 1667 2185 2184
1412 2 2 1 1 2169 2578 1756
1413 2 2 1 1 2175 2269 1271
1414 2 2 1 1 1545 2645 2537
1415 2 2 1 1 1636 2617 1635
1416 2 2 1 1 1040 2250 789
1417 2 2 1 1 938 2694 2634
1418 2 2 1 1 2209 2210 1527
1419 2 2 1 1 1534 2383 2308
1420 2 2 1 1 2494 2501 1782
1421 2 2 1 1 2209 2282 2210
1422 2 2 1 1 2669 2680 2348
1423 2 2 1 1 663 2526 2434
1424 2 2 1 1 849 2261 1058
1425 2 2 1 1 1232 1476 1475
1426 2 2 1 1 1531 2367 2306
1427 2 2 1 1 2046 2058 1664
1428 2 2 1 1 1870 1974 1696
1429 2 2 1 1 1697 1851 1850
1430 2 2 1 1 2328 2339 1765
1431 2 2 1 1 2240 2507 2271
1432 2 2 1 1 2277 2581 2283
1433 2 2 1 1 1147 1252 1146
1434 2 2 1 1 1756 2578 2277
1435 2 2 1 1 614 618 616
1436 2 2 1 1 624 627 625
1437 2 2 1 1 631 636 632
1438 2 2 1 1 806 816 638
1439 2 2 1 1 812 2462 858
1440 2 2 1 1 1116 1285 825
1441 2 2 1 1 2628 2651 920
1442 2 2 1 1 1086 2385 1087
1443 2 2 1 1 1241 1656 1128
1444 2 2 1 1 1213 1455 1214
1445 2 2 1 1 2330 2577 1309
1446 2 2 1 1 1364 2359 1892
1447 2 2 1 1 1455 1875 1728
1448 2 2 1 1 1557 2089 2088
1449 2 2 1 1 1566 1784 1567
1450 2 2 1 1 1785 2128 2127
1451 2 2 1 1 2135 2138 2137
1452 2 2 1 1 2331 2667 2563
1453 2 2 1 1 250 2304 1743
1454 2 2 1 1 256 2371 538
1455 2 2 1 1 293 2329 447
1456 2 2 1 1 724 2301 1085
1457 2 2 1 1 1035 2488 1223
1458 2 2 1 1 1787 2419 1314
1459 2 2 1 1 1505 1508 1504
1460 2 2 1 1 2084 2091 1750
1461 2 2 1 1 849 851 850
1462 2 2 1 1 853 1055 854
1463 2 2 1 1 1057 1148 1055
1464 2 2 1 1 1056 1282 1095
1465 2 2 1 1 1142 1818 1094
1466 2 2 1 1 1284 1500 1148
1467 2 2 1 1 1180 2403 1190
1468 2 2 1 1 1532 1762 1302
1469 2 2 1 1 1341 2489 1339
1470 2 2 1 1 2658 2664 1456
1471 2 2 1 1 1498 1749 1499
1472 2 2 1 1 2276 2581 2277
1473 2 2 1 1 1057 2363 1555
1474 2 2 1 1 1812 2323 1283
1475 2 2 1 1 1818 2337 2336
1476 2 2 1 1 696 2581 2276
1477 2 2 1 1 2409 2541 732
1478 2 2 1 1 2306 2367 752
1479 2 2 1 1 774 2496 760
1480 2 2 1 1 1135 2193 832
1481 2 2 1 1 850 2463 848
1482 2 2 1 1 849 1058 851
1483 2 2 1 1 853 1057 1055
1484 2 2 1 1 1056 1094 854
1485 2 2 1 1 999 2401 2302
1486 2 2 1 1 1012 2421 1001
1487 2 2 1 1 1538 2364 1091
1488 2 2 1 1 1499 1812 1283
1489 2 2 1 1 1555 1556 1284
1490 2 2 1 1 2580 2612 1313
1491 2 2 1 1 1782 1783 1336
1492 2 2 1 1 1383 1624 1623
1493 2 2 1 1 1511 1512 1468
1494 2 2 1 1 1498 2082 1749
1495 2 2 1 1 1500 2084 1750
1496 2 2 1 1 1509 2098 1508
1497 2 2 1 1 2179 2611 1524
1498 2 2 1 1 1534 2308 1816
1499 2 2 1 1 1580 2492 2362
1500 2 2 1 1 2484 2508 2485
1501 2 2 1 1 2207 2628 925
1502 2 2 1 1 970 2504 2242
1503 2 2 1 1 1535 2310 1537
1504 2 2 1 1 1605 2248 1835
1505 2 2 1 1 1701 2418 2370
1506 2 2 1 1 2249 2332 1763
1507 2 2 1 1 2299 2357 1776
1508 2 2 1 1 2402 2448 1799
1509 2 2 1 1 2130 2394 2136
1510 2 2 1 1 2164 2165 2163
1511 2 2 1 1 484 2278 390
1512 2 2 1 1 581 582 580
1513 2 2 1 1 633 635 582
1514 2 2 1 1 790 792 788
1515 2 2 1 1 1603 2610 1044
1516 2 2 1 1 1258 2493 1047
1517 2 2 1 1 1066 1068 1067
1518 2 2 1 1 1068 1071 1070
1519 2 2 1 1 1888 1889 1415
1520 2 2 1 1 2205 2715 2713
1521 2 2 1 1 791 1040 789
1522 2 2 1 1 2255 2512 978
1523 2 2 1 1 1001 2421 989
1524 2 2 1 1 1182 2403 1180
1525 2 2 1 1 1671 2222 1231
1526 2 2 1 1 1521 1937 1522
1527 2 2 1 1 257 2371 256
1528 2 2 1 1 294 2329 293
1529 2 2 1 1 644 765 642
1530 2 2 1 1 829 2496 1535
1531 2 2 1 1 2254 2255 965
1532 2 2 1 1 2331 2563 1020
1533 2 2 1 1 1185 2579 2265
1534 2 2 1 1 1212 1263 1262
1535 2 2 1 1 1471 1732 1261
1536 2 2 1 1 1385 1700 1387
1537 2 2 1 1 2218 2260 2219
1538 2 2 1 1 984 992 985
1539 2 2 1 1 2307 2441 1305
1540 2 2 1 1 2317 2319 1338
1541 2 2 1 1 1485 2442 1747
1542 2 2 1 1 639 806 638
1543 2 2 1 1 650 651 648
1544 2 2 1 1 658 2523 656
1545 2 2 1 1 660 2382 658
1546 2 2 1 1 681 2539 684
1547 2 2 1 1 712 2644 809
1548 2 2 1 1 2407 2409 738
1549 2 2 1 1 862 2410 1024
1550 2 2 1 1 868 2299 867
1551 2 2 1 1 867 941 935
1552 2 2 1 1 871 2357 2299
1553 2 2 1 1 944 2413 898
1554 2 2 1 1 903 2309 943
1555 2 2 1 1 912 2335 908
1556 2 2 1 1 989 2421 2293
1557 2 2 1 1 1089 2186 1232
1558 2 2 1 1 1232 1375 1099
1559 2 2 1 1 1560 2518 1137
1560 2 2 1 1 1159 2355 1161
1561 2 2 1 1 1762 2421 1302
1562 2 2 1 1 1570 2441 2386
1563 2 2 1 1 1925 1926 1714
1564 2 2 1 1 1799 1800 1798
1565 2 2 1 1 1805 2695 1806
1566 2 2 1 1 2136 2599 2574
1567 2 2 1 1 2634 2694 2675
1568 2 2 1 1 612 615 614
1569 2 2 1 1 628 2446 631
1570 2 2 1 1 637 2346 640
1571 2 2 1 1 644 773 765
1572 2 2 1 1 653 655 654
1573 2 2 1 1 657 659 658
1574 2 2 1 1 681 684 683
1575 2 2 1 1 1572 2305 686
1576 2 2 1 1 688 2334 2333
1577 2 2 1 1 700 2312 693
1578 2 2 1 1 2286 2287 695
1579 2 2 1 1 699 2640 2547
1580 2 2 1 1 707 2282 709
1581 2 2 1 1 718 728 716
1582 2 2 1 1 719 1109 721
1583 2 2 1 1 2544 2670 720
1584 2 2 1 1 721 2615 746
1585 2 2 1 1 1085 2540 726
1586 2 2 1 1 736 738 734
1587 2 2 1 1 749 2650 2625
1588 2 2 1 1 1214 2332 837
1589 2 2 1 1 899 900 898
1590 2 2 1 1 999 2302 1307
1591 2 2 1 1 1302 2421 1012
1592 2 2 1 1 1013 2364 1014
1593 2 2 1 1 1022 2351 1569
1594 2 2 1 1 1027 1052 1028
1595 2 2 1 1 1087 2385 1101
1596 2 2 1 1 1116 2450 1285
1597 2 2 1 1 1213 1701 1455
1598 2 2 1 1 1274 1699 1275
1599 2 2 1 1 1329 1331 1330
1600 2 2 1 1 1330 2317 1338
1601 2 2 1 1 1470 2489 1341
1602 2 2 1 1 1349 1354 1353
1603 2 2 1 1 1349 2328 1765
1604 2 2 1 1 1352 1523 1470
1605 2 2 1 1 1371 2488 1897
1606 2 2 1 1 1383 1623 1382
1607 2 2 1 1 1513 1514 1512
1608 2 2 1 1 1531 2306 2237
1609 2 2 1 1 2352 2470 1569
1610 2 2 1 1 1576 2402 1799
1611 2 2 1 1 1761 2227 1581
1612 2 2 1 1 1769 2343 1771
1613 2 2 1 1 2247 2713 2659
1614 2 2 1 1 2318 2622 2604
1615 2 2 1 1 2384 2501 2494
1616 2 2 1 1 684 685 683
1617 2 2 1 1 686 687 685
1618 2 2 1 1 769 821 820
1619 2 2 1 1 1042 2611 769
1620 2 2 1 1 1231 1450 1144
1621 2 2 1 1 1529 2542 2264
1622 2 2 1 1 1624 1814 1623
1623 2 2 1 1 2592 2593 2433
1624 2 2 1 1 627 2446 628
1625 2 2 1 1 2469 2519 664
1626 2 2 1 1 717 2474 710
1627 2 2 1 1 733 735 734
1628 2 2 1 1 803 2491 733
1629 2 2 1 1 2412 2583 932
1630 2 2 1 1 1014 1303 1302
1631 2 2 1 1 1015 1113 1092
1632 2 2 1 1 1702 2199 1272
1633 2 2 1 1 1913 2174 1370
1634 2 2 1 1 1623 1907 1382
1635 2 2 1 1 1383 2679 1625
1636 2 2 1 1 1533 2209 1527
1637 2 2 1 1 2126 2354 1567
1638 2 2 1 1 2218 2684 2260
1639 2 2 1 1 2286 2487 2451
1640 2 2 1 1 2328 2417 2339
1641 2 2 1 1 1466 2296 296
1642 2 2 1 1 929 931 930
1643 2 2 1 1 1107 1299 1294
1644 2 2 1 1 1485 1747 1746
1645 2 2 1 1 690 2305 702
1646 2 2 1 1 2098 2099 1508
1647 2 2 1 1 1586 2635 1584
1648 2 2 1 1 1696 1697 1626
1649 2 2 1 1 1851 1852 1850
1650 2 2 1 1 2579 2654 2265
1651 2 2 1 1 2318 2604 2320
1652 2 2 1 1 1096 2505 635
1653 2 2 1 1 801 2346 636
1654 2 2 1 1 684 1572 686
1655 2 2 1 1 684 2539 1572
1656 2 2 1 1 2271 2292 708
1657 2 2 1 1 748 2467 729
1658 2 2 1 1 1044 1045 767
1659 2 2 1 1 1045 1046 767
1660 2 2 1 1 942 2398 902
1661 2 2 1 1 903 905 904
1662 2 2 1 1 960 2307 1305
1663 2 2 1 1 2373 2375 971
1664 2 2 1 1 985 2239 979
1665 2 2 1 1 993 994 985
1666 2 2 1 1 998 2401 999
1667 2 2 1 1 1156 2308 1010
1668 2 2 1 1 1014 2364 1304
1669 2 2 1 1 1056 2416 1282
1670 2 2 1 1 1077 2614 1301
1671 2 2 1 1 1541 2401 1088
1672 2 2 1 1 2336 2337 1110
1673 2 2 1 1 1113 2383 1534
1674 2 2 1 1 1170 1173 1172
1675 2 2 1 1 1193 1552 1357
1676 2 2 1 1 1243 2499 1244
1677 2 2 1 1 1280 1281 1246
1678 2 2 1 1 1452 1453 1360
1679 2 2 1 1 1710 1711 1378
1680 2 2 1 1 1557 2515 2089
1681 2 2 1 1 2365 2705 1616
1682 2 2 1 1 2061 2192 1654
1683 2 2 1 1 2293 2421 1762
1684 2 2 1 1 1804 2632 2605
1685 2 2 1 1 250 1743 249
1686 2 2 1 1 254 546 253
1687 2 2 1 1 256 538 255
1688 2 2 1 1 260 470 259
1689 2 2 1 1 267 521 266
1690 2 2 1 1 268 2431 267
1691 2 2 1 1 272 478 271
1692 2 2 1 1 275 462 274
1693 2 2 1 1 284 505 283
1694 2 2 1 1 286 407 285
1695 2 2 1 1 288 506 287
1696 2 2 1 1 293 447 292
1697 2 2 1 1 297 1466 296
1698 2 2 1 1 2362 2491 803
1699 2 2 1 1 2319 2320 1516
1700 2 2 1 1 1757 2650 2247
1701 2 2 1 1 1806 1869 1868
1702 2 2 1 1 2320 2604 2395
1703 2 2 1 1 945 947 946
1704 2 2 1 1 2242 2389 970
1705 2 2 1 1 1770 2459 1102
1706 2 2 1 1 1230 1319 1229
1707 2 2 1 1 1269 2325 1558
1708 2 2 1 1 1641 2376 1296
1709 2 2 1 1 2343 2511 1304
1710 2 2 1 1 1379 2172 2171
1711 2 2 1 1 1591 2592 2334
1712 2 2 1 1 2058 2059 1664
1713 2 2 1 1 2242 2598 2389
1714 2 2 1 1 686 2305 690
1715 2 2 1 1 750 2367 768
1716 2 2 1 1 787 791 789
1717 2 2 1 1 791 1041 1040
1718 2 2 1 1 1133 1134 836
1719 2 2 1 1 848 2463 1104
1720 2 2 1 1 851 852 850
1721 2 2 1 1 853 854 852
1722 2 2 1 1 1055 1056 854
1723 2 2 1 1 960 1305 958
1724 2 2 1 1 973 2375 1029
1725 2 2 1 1 1050 2245 1121
1726 2 2 1 1 1148 2416 1055
1727 2 2 1 1 1056 1095 1094
1728 2 2 1 1 1077 1301 1300
1729 2 2 1 1 1818 2336 1094
1730 2 2 1 1 1500 1544 1148
1731 2 2 1 1 1171 2510 1168
1732 2 2 1 1 1282 2416 2316
1733 2 2 1 1 1597 1787 1314
1734 2 2 1 1 1837 2178 1368
1735 2 2 1 1 1498 2316 2082
1736 2 2 1 1 1510 2245 2113
1737 2 2 1 1 2273 2435 1548
1738 2 2 1 1 2090 2521 1556
1739 2 2 1 1 1609 2668 2655
1740 2 2 1 1 1663 1664 1662
1741 2 2 1 1 1740 2009 1739
1742 2 2 1 1 1778 2258 1777
1743 2 2 1 1 2352 2482 2470
1744 2 2 1 1 390 2278 389
1745 2 2 1 1 745 2544 720
1746 2 2 1 1 823 2419 777
1747 2 2 1 1 795 799 797
1748 2 2 1 1 821 2611 1226
1749 2 2 1 1 1008 2267 1007
1750 2 2 1 1 1011 2383 1015
1751 2 2 1 1 1091 2364 1013
1752 2 2 1 1 1170 1172 1171
1753 2 2 1 1 1171 2435 2273
1754 2 2 1 1 2273 2510 1171
1755 2 2 1 1 2197 2618 1203
1756 2 2 1 1 1829 1830 1271
1757 2 2 1 1 1759 2208 1292
1758 2 2 1 1 1304 2511 1303
1759 2 2 1 1 1352 2691 1523
1760 2 2 1 1 1361 2497 1900
1761 2 2 1 1 1371 1897 1896
1762 2 2 1 1 1476 1879 1475
1763 2 2 1 1 1629 2533 1505
1764 2 2 1 1 1608 1617 1606
1765 2 2 1 1 1617 2689 1606
1766 2 2 1 1 2228 2644 1794
1767 2 2 1 1 2220 2529 2528
1768 2 2 1 1 2395 2604 2452
1769 2 2 1 1 615 2599 614
1770 2 2 1 1 810 811 651
1771 2 2 1 1 806 2475 2349
1772 2 2 1 1 966 2374 957
1773 2 2 1 1 972 1200 966
1774 2 2 1 1 1276 1372 1365
1775 2 2 1 1 1295 1297 1296
1776 2 2 1 1 1587 1588 1586
1777 2 2 1 1 1635 2617 2213
1778 2 2 1 1 1803 2519 1800
1779 2 2 1 1 383 2380 498
1780 2 2 1 1 672 2584 677
1781 2 2 1 1 1199 2487 697
1782 2 2 1 1 730 2541 747
1783 2 2 1 1 739 744 743
1784 2 2 1 1 740 752 750
1785 2 2 1 1 763 2407 743
1786 2 2 1 1 744 760 759
1787 2 2 1 1 1003 1016 1002
1788 2 2 1 1 1099 2586 1017
1789 2 2 1 1 1107 1294 1108
1790 2 2 1 1 1131 1289 1155
1791 2 2 1 1 1181 2542 1189
1792 2 2 1 1 1308 2408 2407
1793 2 2 1 1 1592 2194 1764
1794 2 2 1 1 1605 1606 1604
1795 2 2 1 1 2153 2257 1615
1796 2 2 1 1 1667 2184 2183
1797 2 2 1 1 2240 2532 1761
1798 2 2 1 1 1795 2228 1794
1799 2 2 1 1 2018 2300 2196
1800 2 2 1 1 2558 2560 2456
1801 2 2 1 1 346 2275 1744
1802 2 2 1 1 769 820 751
1803 2 2 1 1 1107 1108 815
1804 2 2 1 1 867 2299 941
1805 2 2 1 1 1034 1111 935
1806 2 2 1 1 945 946 944
1807 2 2 1 1 944 2457 2413
1808 2 2 1 1 946 2458 2457
1809 2 2 1 1 1025 2465 2384
1810 2 2 1 1 1039 1517 1277
1811 2 2 1 1 1376 2586 1099
1812 2 2 1 1 1101 2385 1772
1813 2 2 1 1 1179 2435 1175
1814 2 2 1 1 1293 1759 1292
1815 2 2 1 1 2224 2225 1450
1816 2 2 1 1 2197 2198 1859
1817 2 2 1 1 1205 1317 1312
1818 2 2 1 1 1893 1894 1659
1819 2 2 1 1 2288 2622 2204
1820 2 2 1 1 484 2428 2280
1821 2 2 1 1 674 676 675
1822 2 2 1 1 681 683 682
1823 2 2 1 1 714 2282 707
1824 2 2 1 1 715 731 730
1825 2 2 1 1 740 741 727
1826 2 2 1 1 735 737 736
1827 2 2 1 1 761 833 762
1828 2 2 1 1 861 2477 859
1829 2 2 1 1 897 2350 901
1830 2 2 1 1 1539 2372 945
1831 2 2 1 1 947 949 948
1832 2 2 1 1 2293 2504 968
1833 2 2 1 1 1043 1531 1291
1834 2 2 1 1 1208 2517 1080
1835 2 2 1 1 1198 1219 1165
1836 2 2 1 1 1217 1218 1216
1837 2 2 1 1 1217 2522 1592
1838 2 2 1 1 1791 1792 1316
1839 2 2 1 1 1322 1323 1320
1840 2 2 1 1 1324 2285 1327
1841 2 2 1 1 1325 2555 1627
1842 2 2 1 1 2339 2404 1327
1843 2 2 1 1 1329 1330 1328
1844 2 2 1 1 1329 2404 1332
1845 2 2 1 1 1333 1335 1331
1846 2 2 1 1 1594 1595 1342
1847 2 2 1 1 1485 1746 1745
1848 2 2 1 1 1582 2240 1761
1849 2 2 1 1 2018 2196 1641
1850 2 2 1 1 1693 1694 1692
1851 2 2 1 1 1695 1779 1694
1852 2 2 1 1 1765 2339 2284
1853 2 2 1 1 1795 2229 2228
1854 2 2 1 1 2285 2453 2284
1855 2 2 1 1 2318 2319 2317
1856 2 2 1 1 797 798 796
1857 2 2 1 1 826 827 798
1858 2 2 1 1 835 2387 1133
1859 2 2 1 1 2239 2378 979
1860 2 2 1 1 1032 1546 1545
1861 2 2 1 1 1062 1064 1063
1862 2 2 1 1 1065 1066 1064
1863 2 2 1 1 1226 1231 1144
1864 2 2 1 1 1181 1189 1187
1865 2 2 1 1 1256 2231 1204
1866 2 2 1 1 1529 1530 1248
1867 2 2 1 1 1385 2514 1700
1868 2 2 1 1 1667 2183 1560
1869 2 2 1 1 2356 2460 1564
1870 2 2 1 1 2528 2529 1577
1871 2 2 1 1 2208 2637 1611
1872 2 2 1 1 1658 1688 1657
1873 2 2 1 1 1767 2584 2547
1874 2 2 1 1 2232 2234 2233
1875 2 2 1 1 628 631 630
1876 2 2 1 1 677 2495 674
1877 2 2 1 1 795 797 796
1878 2 2 1 1 802 2480 1098
1879 2 2 1 1 821 1144 1143
1880 2 2 1 1 846 2261 849
1881 2 2 1 1 1026 2484 886
1882 2 2 1 1 900 1539 945
1883 2 2 1 1 1111 2464 935
1884 2 2 1 1 946 2457 944
1885 2 2 1 1 958 2482 955
1886 2 2 1 1 972 2327 1200
1887 2 2 1 1 1003 1017 1016
1888 2 2 1 1 1087 1088 1023
1889 2 2 1 1 1025 2384 1027
1890 2 2 1 1 1027 1053 1052
1891 2 2 1 1 1054 1310 1028
1892 2 2 1 1 1283 2323 1095
1893 2 2 1 1 1128 2530 1097
1894 2 2 1 1 1098 1566 1129
1895 2 2 1 1 1294 1295 1108
1896 2 2 1 1 1776 2020 1118
1897 2 2 1 1 1365 1366 1134
1898 2 2 1 1 1544 2416 1148
1899 2 2 1 1 1510 1645 1154
1900 2 2 1 1 1177 1178 1175
1901 2 2 1 1 1548 2435 1179
1902 2 2 1 1 1193 1194 1192
1903 2 2 1 1 1244 1280 1246
1904 2 2 1 1 1257 1702 1272
1905 2 2 1 1 1280 1415 1281
1906 2 2 1 1 1327 2285 2284
1907 2 2 1 1 2398 2399 1539
1908 2 2 1 1 1570 2386 2385
1909 2 2 1 1 1621 2153 1615
1910 2 2 1 1 1753 2111 1645
1911 2 2 1 1 2461 2538 1784
1912 2 2 1 1 2465 2501 2384
1913 2 2 1 1 2458 2551 2457
1914 2 2 1 1 424 2423 281
1915 2 2 1 1 484 2279 2278
1916 2 2 1 1 2390 2391 502
1917 2 2 1 1 608 609 606
1918 2 2 1 1 618 619 616
1919 2 2 1 1 620 621 619
1920 2 2 1 1 624 625 621
1921 2 2 1 1 628 630 629
1922 2 2 1 1 631 2446 800
1923 2 2 1 1 640 641 639
1924 2 2 1 1 811 2361 651
1925 2 2 1 1 654 2381 652
1926 2 2 1 1 659 742 661
1927 2 2 1 1 662 664 660
1928 2 2 1 1 665 2432 662
1929 2 2 1 1 2432 2469 664
1930 2 2 1 1 667 807 665
1931 2 2 1 1 666 699 668
1932 2 2 1 1 681 682 680
1933 2 2 1 1 691 693 687
1934 2 2 1 1 702 2305 813
1935 2 2 1 1 709 2581 703
1936 2 2 1 1 704 708 707
1937 2 2 1 1 708 715 714
1938 2 2 1 1 731 803 733
1939 2 2 1 1 734 2409 732
1940 2 2 1 1 735 804 737
1941 2 2 1 1 761 1796 833
1942 2 2 1 1 762 775 774
1943 2 2 1 1 830 1308 763
1944 2 2 1 1 800 2480 802
1945 2 2 1 1 802 1098 1097
1946 2 2 1 1 806 2349 824
1947 2 2 1 1 807 2433 2432
1948 2 2 1 1 814 1107 815
1949 2 2 1 1 1137 1138 823
1950 2 2 1 1 1901 1940 833
1951 2 2 1 1 848 1104 847
1952 2 2 1 1 860 861 859
1953 2 2 1 1 864 865 863
1954 2 2 1 1 870 871 868
1955 2 2 1 1 869 1568 940
1956 2 2 1 1 872 2397 875
1957 2 2 1 1 874 876 873
1958 2 2 1 1 877 878 876
1959 2 2 1 1 879 880 878
1960 2 2 1 1 879 2411 883
1961 2 2 1 1 880 2412 932
1962 2 2 1 1 882 2466 2412
1963 2 2 1 1 887 889 888
1964 2 2 1 1 891 893 892
1965 2 2 1 1 894 895 893
1966 2 2 1 1 899 2398 900
1967 2 2 1 1 901 902 899
1968 2 2 1 1 905 906 904
1969 2 2 1 1 904 2400 942
1970 2 2 1 1 907 908 906
1971 2 2 1 1 915 916 914
1972 2 2 1 1 916 917 914
1973 2 2 1 1 948 2458 946
1974 2 2 1 1 947 950 949
1975 2 2 1 1 983 997 948
1976 2 2 1 1 950 952 951
1977 2 2 1 1 952 954 953
1978 2 2 1 1 970 2307 962
1979 2 2 1 1 971 972 966
1980 2 2 1 1 982 986 980
1981 2 2 1 1 983 2351 1022
1982 2 2 1 1 988 1000 989
1983 2 2 1 1 993 1031 995
1984 2 2 1 1 1023 2401 998
1985 2 2 1 1 1010 1011 1001
1986 2 2 1 1 1010 2383 1011
1987 2 2 1 1 1011 1013 1012
1988 2 2 1 1 1043 1291 1228
1989 2 2 1 1 1080 2517 1082
1990 2 2 1 1 1083 1313 1081
1991 2 2 1 1 1098 1129 1128
1992 2 2 1 1 1102 2459 1100
1993 2 2 1 1 1769 1770 1102
1994 2 2 1 1 1363 1364 1114
1995 2 2 1 1 1127 1268 1267
1996 2 2 1 1 1163 2549 1198
1997 2 2 1 1 1173 1176 1174
1998 2 2 1 1 1178 1181 1180
1999 2 2 1 1 1190 1577 1549
2000 2 2 1 1 1455 1728 1214
2001 2 2 1 1 1221 2602 1222
2002 2 2 1 1 1259 1542 1541
2003 2 2 1 1 1267 1829 1271
2004 2 2 1 1 1303 1532 1302
2005 2 2 1 1 1317 2365 1616
2006 2 2 1 1 1321 1322 1320
2007 2 2 1 1 1323 2358 1320
2008 2 2 1 1 1322 1324 1323
2009 2 2 1 1 1336 2285 1322
2010 2 2 1 1 1324 1327 1326
2011 2 2 1 1 1326 2404 1329
2012 2 2 1 1 1334 1342 1333
2013 2 2 1 1 1334 2417 1344
2014 2 2 1 1 1352 1470 1341
2015 2 2 1 1 1347 1591 1345
2016 2 2 1 1 1346 1349 1348
2017 2 2 1 1 1879 2066 1475
2018 2 2 1 1 1579 2230 1526
2019 2 2 1 1 1654 2360 1538
2020 2 2 1 1 2302 2401 1541
2021 2 2 1 1 1542 1691 1543
2022 2 2 1 1 1550 2273 1548
2023 2 2 1 1 1596 1777 1550
2024 2 2 1 1 1551 2503 2502
2025 2 2 1 1 2396 2402 1568
2026 2 2 1 1 1569 2470 1570
2027 2 2 1 1 2457 2551 1571
2028 2 2 1 1 1573 2516 2361
2029 2 2 1 1 1576 1798 1797
2030 2 2 1 1 1594 1775 1595
2031 2 2 1 1 1807 2610 1603
2032 2 2 1 1 1611 2471 2208
2033 2 2 1 1 1909 1914 1648
2034 2 2 1 1 1658 2197 1859
2035 2 2 1 1 2062 2202 1678
2036 2 2 1 1 1691 1693 1692
2037 2 2 1 1 1728 1992 1763
2038 2 2 1 1 1738 1740 1739
2039 2 2 1 1 1766 2295 1790
2040 2 2 1 1 1992 2215 2214
2041 2 2 1 1 2254 2256 2255
2042 2 2 1 1 2309 2498 2478
2043 2 2 1 1 2339 2417 2404
2044 2 2 1 1 2410 2502 2448
2045 2 2 1 1 2466 2531 2412
2046 2 2 1 1 2433 2627 2469
2047 2 2 1 1 2571 2572 2570
2048 2 2 1 1 384 2380 383
2049 2 2 1 1 645 2249 2214
2050 2 2 1 1 680 2286 678
2051 2 2 1 1 689 2330 1309
2052 2 2 1 1 690 696 691
2053 2 2 1 1 712 809 700
2054 2 2 1 1 715 729 714
2055 2 2 1 1 733 2491 735
2056 2 2 1 1 752 2367 750
2057 2 2 1 1 775 2322 1105
2058 2 2 1 1 776 2566 822
2059 2 2 1 1 790 793 792
2060 2 2 1 1 793 795 794
2061 2 2 1 1 817 2195 793
2062 2 2 1 1 815 2376 1123
2063 2 2 1 1 2468 2548 892
2064 2 2 1 1 901 2350 2309
2065 2 2 1 1 1306 2458 997
2066 2 2 1 1 1020 1021 1008
2067 2 2 1 1 1027 2384 1053
2068 2 2 1 1 1045 1258 1047
2069 2 2 1 1 1131 1155 1048
2070 2 2 1 1 1072 1076 1070
2071 2 2 1 1 1071 1075 1073
2072 2 2 1 1 1074 2291 1072
2073 2 2 1 1 1235 1236 1074
2074 2 2 1 1 1166 1169 1168
2075 2 2 1 1 1173 1174 1172
2076 2 2 1 1 1178 1179 1175
2077 2 2 1 1 1188 1193 1192
2078 2 2 1 1 1195 1355 1247
2079 2 2 1 1 1220 1292 1210
2080 2 2 1 1 1474 1671 1231
2081 2 2 1 1 1316 1318 1237
2082 2 2 1 1 1239 1287 1286
2083 2 2 1 1 1269 1558 1270
2084 2 2 1 1 1627 2358 1323
2085 2 2 1 1 2589 2608 1353
2086 2 2 1 1 1365 1725 1366
2087 2 2 1 1 2267 2268 1517
2088 2 2 1 1 1525 1906 1864
2089 2 2 1 1 1537 2155 1857
2090 2 2 1 1 1581 2585 1579
2091 2 2 1 1 1614 1615 1613
2092 2 2 1 1 1620 1621 1615
2093 2 2 1 1 1890 2062 1678
2094 2 2 1 1 2501 2559 1782
2095 2 2 1 1 2408 2409 2407
2096 2 2 1 1 2395 2474 717
2097 2 2 1 1 787 788 786
2098 2 2 1 1 1602 1603 1044
2099 2 2 1 1 1124 1278 1090
2100 2 2 1 1 1244 1245 1136
2101 2 2 1 1 1143 2248 1605
2102 2 2 1 1 1264 1521 1520
2103 2 2 1 1 1449 1961 1684
2104 2 2 1 1 2334 2623 1591
2105 2 2 1 1 2408 2671 2541
2106 2 2 1 1 375 2427 476
2107 2 2 1 1 683 689 682
2108 2 2 1 1 689 698 697
2109 2 2 1 1 694 700 693
2110 2 2 1 1 698 706 705
2111 2 2 1 1 706 711 710
2112 2 2 1 1 711 718 716
2113 2 2 1 1 723 749 722
2114 2 2 1 1 873 2357 871
2115 2 2 1 1 885 2466 882
2116 2 2 1 1 891 892 889
2117 2 2 1 1 901 2309 903
2118 2 2 1 1 943 2414 905
2119 2 2 1 1 914 2274 912
2120 2 2 1 1 921 923 922
2121 2 2 1 1 923 926 924
2122 2 2 1 1 926 929 928
2123 2 2 1 1 937 1090 936
2124 2 2 1 1 942 2399 2398
2125 2 2 1 1 997 2458 948
2126 2 2 1 1 967 2254 963
2127 2 2 1 1 971 2375 973
2128 2 2 1 1 984 985 979
2129 2 2 1 1 1234 1235 1074
2130 2 2 1 1 1121 1510 1154
2131 2 2 1 1 1527 2415 1155
2132 2 2 1 1 1159 1161 1160
2133 2 2 1 1 1292 1804 1210
2134 2 2 1 1 1518 1883 1277
2135 2 2 1 1 1278 1909 1648
2136 2 2 1 1 1531 2154 1291
2137 2 2 1 1 1299 1793 1294
2138 2 2 1 1 1301 1528 1300
2139 2 2 1 1 1385 1387 1386
2140 2 2 1 1 1521 1522 1520
2141 2 2 1 1 1542 1543 1541
2142 2 2 1 1 1691 1692 1543
2143 2 2 1 1 2264 2265 1599
2144 2 2 1 1 1663 2046 1664
2145 2 2 1 1 1672 1950 1949
2146 2 2 1 1 1742 2712 2704
2147 2 2 1 1 1768 2511 1769
2148 2 2 1 1 1782 2559 1783
2149 2 2 1 1 907 910 908
2150 2 2 1 1 1035 1223 1051
2151 2 2 1 1 1196 1257 1197
2152 2 2 1 1 1856 1867 1536
2153 2 2 1 1 263 494 262
2154 2 2 1 1 265 528 264
2155 2 2 1 1 269 488 268
2156 2 2 1 1 280 503 279
2157 2 2 1 1 282 424 281
2158 2 2 1 1 741 770 727
2159 2 2 1 1 746 814 778
2160 2 2 1 1 768 1042 769
2161 2 2 1 1 849 850 848
2162 2 2 1 1 852 2336 1110
2163 2 2 1 1 1007 1039 1009
2164 2 2 1 1 1041 1265 1264
2165 2 2 1 1 1057 1555 1284
2166 2 2 1 1 1077 1300 1078
2167 2 2 1 1 1103 1220 1210
2168 2 2 1 1 1237 2513 1124
2169 2 2 1 1 1141 1456 1315
2170 2 2 1 1 1145 1495 1147
2171 2 2 1 1 1184 1185 1176
2172 2 2 1 1 2264 2542 1177
2173 2 2 1 1 1190 2403 1577
2174 2 2 1 1 1830 2175 1271
2175 2 2 1 1 1498 1499 1283
2176 2 2 1 1 1502 1751 1386
2177 2 2 1 1 1552 2571 2570
2178 2 2 1 1 1600 2014 1709
2179 2 2 1 1 2654 2692 1600
2180 2 2 1 1 1605 1835 1607
2181 2 2 1 1 1637 1638 1636
2182 2 2 1 1 1660 1672 1661
2183 2 2 1 1 1675 2030 1676
2184 2 2 1 1 499 2405 355
2185 2 2 1 1 692 2381 654
2186 2 2 1 1 659 661 660
2187 2 2 1 1 667 2333 807
2188 2 2 1 1 670 671 669
2189 2 2 1 1 672 673 671
2190 2 2 1 1 679 680 678
2191 2 2 1 1 678 2286 695
2192 2 2 1 1 701 712 700
2193 2 2 1 1 813 2271 704
2194 2 2 1 1 715 730 729
2195 2 2 1 1 721 745 720
2196 2 2 1 1 735 736 734
2197 2 2 1 1 773 1035 828
2198 2 2 1 1 775 832 831
2199 2 2 1 1 1080 1081 805
2200 2 2 1 1 1105 1106 832
2201 2 2 1 1 865 2464 863
2202 2 2 1 1 866 869 868
2203 2 2 1 1 870 2397 872
2204 2 2 1 1 886 2484 887
2205 2 2 1 1 894 939 896
2206 2 2 1 1 918 921 920
2207 2 2 1 1 939 2486 1562
2208 2 2 1 1 953 2482 2352
2209 2 2 1 1 975 982 980
2210 2 2 1 1 1003 2568 1089
2211 2 2 1 1 1545 2537 1005
2212 2 2 1 1 1007 2267 1039
2213 2 2 1 1 1084 2522 1217
2214 2 2 1 1 1101 1102 1100
2215 2 2 1 1 1143 1605 1604
2216 2 2 1 1 1198 1788 1254
2217 2 2 1 1 1205 1206 1204
2218 2 2 1 1 1220 2633 1482
2219 2 2 1 1 1223 1370 1274
2220 2 2 1 1 1248 2290 1698
2221 2 2 1 1 1260 1471 1261
2222 2 2 1 1 1307 1563 1306
2223 2 2 1 1 1321 1336 1322
2224 2 2 1 1 1322 2285 1324
2225 2 2 1 1 1328 2555 1325
2226 2 2 1 1 1330 1337 1328
2227 2 2 1 1 1335 2317 1331
2228 2 2 1 1 1332 1334 1333
2229 2 2 1 1 1336 2453 2285
2230 2 2 1 1 1338 1340 1339
2231 2 2 1 1 1344 2417 2328
2232 2 2 1 1 1346 1347 1345
2233 2 2 1 1 1364 1892 1381
2234 2 2 1 1 1371 1887 1370
2235 2 2 1 1 1854 1917 1457
2236 2 2 1 1 1485 1745 1484
2237 2 2 1 1 1600 1709 1530
2238 2 2 1 1 1543 2302 1541
2239 2 2 1 1 1692 2356 1543
2240 2 2 1 1 1564 1786 1563
2241 2 2 1 1 1580 1581 1579
2242 2 2 1 1 1612 1614 1613
2243 2 2 1 1 2009 2010 1739
2244 2 2 1 1 1783 2560 2295
2245 2 2 1 1 1784 2393 1785
2246 2 2 1 1 1786 2548 2468
2247 2 2 1 1 2249 2346 2332
2248 2 2 1 1 2286 2451 2287
2249 2 2 1 1 2315 2577 2330
2250 2 2 1 1 388 2303 440
2251 2 2 1 1 821 1226 1144
2252 2 2 1 1 933 934 930
2253 2 2 1 1 956 971 966
2254 2 2 1 1 2219 2220 1211
2255 2 2 1 1 1249 1730 1630
2256 2 2 1 1 1317 1616 1610
2257 2 2 1 1 1529 2264 1599
2258 2 2 1 1 1547 2645 1545
2259 2 2 1 1 1546 1657 1547
2260 2 2 1 1 1564 2460 2206
2261 2 2 1 1 2320 2395 2321
2262 2 2 1 1 643 1096 635
2263 2 2 1 1 691 694 693
2264 2 2 1 1 809 2312 700
2265 2 2 1 1 701 2301 713
2266 2 2 1 1 716 717 710
2267 2 2 1 1 713 723 722
2268 2 2 1 1 721 746 745
2269 2 2 1 1 746 778 776
2270 2 2 1 1 803 2507 2362
2271 2 2 1 1 1110 2463 850
2272 2 2 1 1 1058 2363 851
2273 2 2 1 1 907 911 910
2274 2 2 1 1 923 927 926
2275 2 2 1 1 931 936 933
2276 2 2 1 1 956 966 957
2277 2 2 1 1 962 2307 960
2278 2 2 1 1 964 970 962
2279 2 2 1 1 992 993 985
2280 2 2 1 1 1000 1001 989
2281 2 2 1 1 991 1007 990
2282 2 2 1 1 1037 2269 2268
2283 2 2 1 1 1278 1279 1090
2284 2 2 1 1 1212 1262 1096
2285 2 2 1 1 2366 2677 1109
2286 2 2 1 1 2337 2338 1110
2287 2 2 1 1 1267 1271 1126
2288 2 2 1 1 1314 2419 1139
2289 2 2 1 1 1249 1358 1140
2290 2 2 1 1 1141 1315 1314
2291 2 2 1 1 1162 1561 1160
2292 2 2 1 1 1166 1167 1164
2293 2 2 1 1 1170 1171 1168
2294 2 2 1 1 1174 1175 1172
2295 2 2 1 1 1178 1180 1179
2296 2 2 1 1 1191 2403 1182
2297 2 2 1 1 1184 1195 1186
2298 2 2 1 1 1188 1192 1191
2299 2 2 1 1 1194 2218 1192
2300 2 2 1 1 1198 1254 1219
2301 2 2 1 1 1254 1477 1219
2302 2 2 1 1 1317 1610 1609
2303 2 2 1 1 1340 1351 1341
2304 2 2 1 1 1340 1516 1351
2305 2 2 1 1 1378 1590 1376
2306 2 2 1 1 1510 1753 1645
2307 2 2 1 1 1514 1833 1512
2308 2 2 1 1 1528 2207 1598
2309 2 2 1 1 1534 1816 1815
2310 2 2 1 1 1546 1658 1657
2311 2 2 1 1 1777 2273 1550
2312 2 2 1 1 2082 2085 1749
2313 2 2 1 1 1777 2510 2273
2314 2 2 1 1 2156 2158 2157
2315 2 2 1 1 2156 2159 2158
2316 2 2 1 1 2161 2162 2160
2317 2 2 1 1 370 501 369
2318 2 2 1 1 372 435 371
2319 2 2 1 1 375 476 374
2320 2 2 1 1 377 508 376
2321 2 2 1 1 381 529 380
2322 2 2 1 1 383 498 382
2323 2 2 1 1 388 440 387
2324 2 2 1 1 393 1465 392
2325 2 2 1 1 1139 2419 823
2326 2 2 1 1 923 924 922
2327 2 2 1 1 926 928 924
2328 2 2 1 1 929 930 928
2329 2 2 1 1 1165 1166 1164
2330 2 2 1 1 1253 1635 1252
2331 2 2 1 1 1788 1789 1254
2332 2 2 1 1 1269 1270 1268
2333 2 2 1 1 1528 1598 1300
2334 2 2 1 1 1505 2533 1509
2335 2 2 1 1 1596 1778 1777
2336 2 2 1 1 1830 2176 2175
2337 2 2 1 1 413 2390 362
2338 2 2 1 1 1465 2428 392
2339 2 2 1 1 503 2438 279
2340 2 2 1 1 505 2340 283
2341 2 2 1 1 582 772 580
2342 2 2 1 1 2382 2523 658
2343 2 2 1 1 688 2333 669
2344 2 2 1 1 679 681 680
2345 2 2 1 1 684 686 685
2346 2 2 1 1 696 2276 691
2347 2 2 1 1 705 1199 697
2348 2 2 1 1 716 2347 717
2349 2 2 1 1 770 2205 727
2350 2 2 1 1 747 748 729
2351 2 2 1 1 743 2407 738
2352 2 2 1 1 740 750 741
2353 2 2 1 1 766 767 748
2354 2 2 1 1 829 830 763
2355 2 2 1 1 2305 2532 813
2356 2 2 1 1 1094 2336 854
2357 2 2 1 1 884 1025 886
2358 2 2 1 1 905 2414 907
2359 2 2 1 1 918 920 916
2360 2 2 1 1 921 922 920
2361 2 2 1 1 956 2373 971
2362 2 2 1 1 987 990 986
2363 2 2 1 1 1016 1018 1002
2364 2 2 1 1 1003 1089 1017
2365 2 2 1 1 1202 1203 1033
2366 2 2 1 1 1228 1524 1042
2367 2 2 1 1 1207 1237 1124
2368 2 2 1 1 1193 1357 1194
2369 2 2 1 1 1207 1316 1237
2370 2 2 1 1 1218 1251 1250
2371 2 2 1 1 1240 1511 1468
2372 2 2 1 1 1635 2211 1252
2373 2 2 1 1 1699 1903 1275
2374 2 2 1 1 1517 1518 1277
2375 2 2 1 1 1303 2556 1532
2376 2 2 1 1 1326 1328 1325
2377 2 2 1 1 1331 2317 1330
2378 2 2 1 1 1882 1923 1467
2379 2 2 1 1 1500 1750 1544
2380 2 2 1 1 1585 1586 1584
2381 2 2 1 1 1612 1613 1588
2382 2 2 1 1 1651 1652 1650
2383 2 2 1 1 1659 1660 1652
2384 2 2 1 1 2547 2640 1767
2385 2 2 1 1 1803 2524 2523
2386 2 2 1 1 2252 2378 2239
2387 2 2 1 1 2334 2592 2333
2388 2 2 1 1 467 2380 384
2389 2 2 1 1 2429 2430 528
2390 2 2 1 1 2262 2515 1058
2391 2 2 1 1 1189 1248 1242
2392 2 2 1 1 1387 1502 1386
2393 2 2 1 1 1474 2173 2045
2394 2 2 1 1 1618 1619 1617
2395 2 2 1 1 576 755 578
2396 2 2 1 1 612 613 610
2397 2 2 1 1 620 2445 626
2398 2 2 1 1 626 2394 2393
2399 2 2 1 1 2393 2538 626
2400 2 2 1 1 631 632 630
2401 2 2 1 1 636 637 632
2402 2 2 1 1 816 2311 638
2403 2 2 1 1 640 2346 2249
2404 2 2 1 1 645 646 641
2405 2 2 1 1 646 648 647
2406 2 2 1 1 649 650 648
2407 2 2 1 1 663 665 662
2408 2 2 1 1 674 675 673
2409 2 2 1 1 676 678 675
2410 2 2 1 1 707 709 703
2411 2 2 1 1 728 2347 716
2412 2 2 1 1 719 721 720
2413 2 2 1 1 724 1085 726
2414 2 2 1 1 731 732 730
2415 2 2 1 1 731 2292 803
2416 2 2 1 1 733 734 732
2417 2 2 1 1 737 2552 736
2418 2 2 1 1 736 739 738
2419 2 2 1 1 805 2447 737
2420 2 2 1 1 746 776 745
2421 2 2 1 1 761 2297 1796
2422 2 2 1 1 768 2367 1043
2423 2 2 1 1 810 2462 812
2424 2 2 1 1 856 1573 811
2425 2 2 1 1 812 858 857
2426 2 2 1 1 825 1622 816
2427 2 2 1 1 821 1143 820
2428 2 2 1 1 824 1311 1116
2429 2 2 1 1 827 1060 1059
2430 2 2 1 1 1213 1214 837
2431 2 2 1 1 852 1110 850
2432 2 2 1 1 1227 2455 857
2433 2 2 1 1 869 870 868
2434 2 2 1 1 869 2396 1568
2435 2 2 1 1 870 872 871
2436 2 2 1 1 1030 2357 873
2437 2 2 1 1 875 2456 874
2438 2 2 1 1 879 881 880
2439 2 2 1 1 881 884 882
2440 2 2 1 1 888 2466 885
2441 2 2 1 1 1025 1026 886
2442 2 2 1 1 887 890 889
2443 2 2 1 1 890 2486 891
2444 2 2 1 1 897 901 899
2445 2 2 1 1 901 903 902
2446 2 2 1 1 905 907 906
2447 2 2 1 1 910 913 912
2448 2 2 1 1 931 933 930
2449 2 2 1 1 936 938 933
2450 2 2 1 1 1575 1578 940
2451 2 2 1 1 947 948 946
2452 2 2 1 1 949 983 948
2453 2 2 1 1 952 1019 954
2454 2 2 1 1 963 964 962
2455 2 2 1 1 969 976 968
2456 2 2 1 1 973 975 974
2457 2 2 1 1 981 2327 974
2458 2 2 1 1 977 988 976
2459 2 2 1 1 983 998 997
2460 2 2 1 1 984 996 992
2461 2 2 1 1 2605 2632 986
2462 2 2 1 1 1004 2331 987
2463 2 2 1 1 995 1002 994
2464 2 2 1 1 1006 1033 1032
2465 2 2 1 1 1015 1092 1091
2466 2 2 1 1 1026 2508 2484
2467 2 2 1 1 1077 1078 1038
2468 2 2 1 1 1039 1277 1103
2469 2 2 1 1 1079 1209 1208
2470 2 2 1 1 1084 1215 1083
2471 2 2 1 1 1113 1114 1092
2472 2 2 1 1 1296 2376 1108
2473 2 2 1 1 1127 1269 1268
2474 2 2 1 1 1656 2530 1128
2475 2 2 1 1 1129 2354 1241
2476 2 2 1 1 1566 1567 1129
2477 2 2 1 1 1138 1140 1139
2478 2 2 1 1 1159 1160 1158
2479 2 2 1 1 1158 2498 2350
2480 2 2 1 1 1166 1168 1167
2481 2 2 1 1 1188 1191 1182
2482 2 2 1 1 1184 1186 1185
2483 2 2 1 1 1189 1242 1187
2484 2 2 1 1 1241 2125 1734
2485 2 2 1 1 1244 1246 1245
2486 2 2 1 1 1253 1637 1636
2487 2 2 1 1 1282 2316 1498
2488 2 2 1 1 1284 2521 1500
2489 2 2 1 1 1295 1298 1297
2490 2 2 1 1 2470 2482 1305
2491 2 2 1 1 1311 2590 1367
2492 2 2 1 1 1325 1627 1323
2493 2 2 1 1 1329 1332 1331
2494 2 2 1 1 1334 1343 1342
2495 2 2 1 1 1338 1339 1337
2496 2 2 1 1 1595 2476 1342
2497 2 2 1 1 1344 1345 1343
2498 2 2 1 1 1349 1765 1354
2499 2 2 1 1 1361 1900 1653
2500 2 2 1 1 1364 1381 1380
2501 2 2 1 1 1369 1642 1368
2502 2 2 1 1 1969 2266 1471
2503 2 2 1 1 1500 2521 2084
2504 2 2 1 1 1503 1505 1504
2505 2 2 1 1 1505 1509 1508
2506 2 2 1 1 1593 1596 1550
2507 2 2 1 1 1557 2087 1556
2508 2 2 1 1 1559 2566 2422
2509 2 2 1 1 1566 2480 2461
2510 2 2 1 1 1614 1620 1615
2511 2 2 1 1 1620 1810 1621
2512 2 2 1 1 1625 1626 1624
2513 2 2 1 1 1649 1651 1650
2514 2 2 1 1 1941 2418 1656
2515 2 2 1 1 1672 1949 1673
2516 2 2 1 1 1779 1780 1694
2517 2 2 1 1 1699 1944 1903
2518 2 2 1 1 1755 2152 1754
2519 2 2 1 1 1785 2127 2126
2520 2 2 1 1 1788 2550 1789
2521 2 2 1 1 1801 2524 1803
2522 2 2 1 1 2471 2632 1804
2523 2 2 1 1 2128 2129 2127
2524 2 2 1 1 2133 2134 2132
2525 2 2 1 1 2135 2137 2134
2526 2 2 1 1 2204 2622 2476
2527 2 2 1 1 2475 2516 2349
2528 2 2 1 1 2381 2503 2462
2529 2 2 1 1 351 445 350
2530 2 2 1 1 354 420 353
2531 2 2 1 1 358 406 357
2532 2 2 1 1 361 502 360
2533 2 2 1 1 362 2390 361
2534 2 2 1 1 363 413 362
2535 2 2 1 1 367 418 366
2536 2 2 1 1 278 2438 443
2537 2 2 1 1 280 2423 503
2538 2 2 1 1 822 823 777
2539 2 2 1 1 915 919 918
2540 2 2 1 1 941 1034 935
2541 2 2 1 1 941 2299 1776
2542 2 2 1 1 2309 2478 943
2543 2 2 1 1 950 2372 2353
2544 2 2 1 1 959 961 960
2545 2 2 1 1 983 1022 998
2546 2 2 1 1 991 1008 1007
2547 2 2 1 1 994 2251 2239
2548 2 2 1 1 1006 1032 1005
2549 2 2 1 1 1025 1027 1026
2550 2 2 1 1 1201 1202 1033
2551 2 2 1 1 1034 1112 1111
2552 2 2 1 1 1053 1229 1052
2553 2 2 1 1 1106 1243 1136
2554 2 2 1 1 1181 1182 1180
2555 2 2 1 1 1192 1211 1191
2556 2 2 1 1 1202 1205 1204
2557 2 2 1 1 1449 1684 1225
2558 2 2 1 1 1451 1452 1360
2559 2 2 1 1 1472 2619 1380
2560 2 2 1 1 1510 2113 1753
2561 2 2 1 1 1517 1519 1518
2562 2 2 1 1 1584 1774 1528
2563 2 2 1 1 1613 1758 1588
2564 2 2 1 1 1607 1608 1606
2565 2 2 1 1 2017 2018 1641
2566 2 2 1 1 2156 2157 1857
2567 2 2 1 1 2389 2441 2307
2568 2 2 1 1 435 2426 371
2569 2 2 1 1 814 2626 1107
2570 2 2 1 1 1298 1369 1368
2571 2 2 1 1 1535 1537 1536
2572 2 2 1 1 1537 1857 1856
2573 2 2 1 1 346 1744 345
2574 2 2 1 1 924 925 922
2575 2 2 1 1 937 1124 1090
2576 2 2 1 1 1041 1264 1040
2577 2 2 1 1 1127 1267 1126
2578 2 2 1 1 1204 2231 1203
2579 2 2 1 1 1205 1312 1206
2580 2 2 1 1 1675 1676 1235
2581 2 2 1 1 1298 1368 1297
2582 2 2 1 1 1375 1377 1376
2583 2 2 1 1 1449 1962 1961
2584 2 2 1 1 1539 2660 2372
2585 2 2 1 1 1672 1673 1661
2586 2 2 1 1 1808 2686 2684
2587 2 2 1 1 2162 2164 2163
2588 2 2 1 1 826 2554 2553
2589 2 2 1 1 936 2545 938
2590 2 2 1 1 988 2591 1000
2591 2 2 1 1 1274 1275 1051
2592 2 2 1 1 1068 1070 1067
2593 2 2 1 1 1145 1147 1146
2594 2 2 1 1 1163 1164 1162
2595 2 2 1 1 1195 1196 1186
2596 2 2 1 1 1220 1293 1292
2597 2 2 1 1 1318 1678 1237
2598 2 2 1 1 1484 2481 1268
2599 2 2 1 1 1272 1813 1273
2600 2 2 1 1 1357 1809 1808
2601 2 2 1 1 1745 1960 1484
2602 2 2 1 1 1741 1742 1547
2603 2 2 1 1 2468 2551 1563
2604 2 2 1 1 1638 1681 1636
2605 2 2 1 1 1638 1737 1682
2606 2 2 1 1 1737 1738 1682
2607 2 2 1 1 1684 1755 1754
2608 2 2 1 1 278 443 277
2609 2 2 1 1 281 2423 280
2610 2 2 1 1 290 423 289
2611 2 2 1 1 521 2642 2429
2612 2 2 1 1 648 2361 647
2613 2 2 1 1 652 810 651
2614 2 2 1 1 653 808 655
2615 2 2 1 1 664 2519 2382
2616 2 2 1 1 692 2503 2381
2617 2 2 1 1 776 822 777
2618 2 2 1 1 2446 2480 800
2619 2 2 1 1 863 2464 1565
2620 2 2 1 1 2485 2486 890
2621 2 2 1 1 893 2413 1571
2622 2 2 1 1 894 2486 939
2623 2 2 1 1 907 2414 911
2624 2 2 1 1 908 2335 909
2625 2 2 1 1 931 937 936
2626 2 2 1 1 1019 2373 954
2627 2 2 1 1 980 2632 981
2628 2 2 1 1 1022 1569 1086
2629 2 2 1 1 1028 2508 1026
2630 2 2 1 1 2384 2494 1053
2631 2 2 1 1 1079 2492 1209
2632 2 2 1 1 1101 1772 1768
2633 2 2 1 1 1157 2495 2227
2634 2 2 1 1 2355 2549 1161
2635 2 2 1 1 1173 1183 1176
2636 2 2 1 1 1187 1188 1182
2637 2 2 1 1 1230 1320 1319
2638 2 2 1 1 1965 2454 1247
2639 2 2 1 1 1354 2565 1353
2640 2 2 1 1 1456 1854 1457
2641 2 2 1 1 1526 1767 1554
2642 2 2 1 1 1767 2640 1554
2643 2 2 1 1 1564 2206 1786
2644 2 2 1 1 2351 2352 1569
2645 2 2 1 1 1578 2565 2557
2646 2 2 1 1 1651 1659 1652
2647 2 2 1 1 1651 1893 1659
2648 2 2 1 1 2385 2386 1772
2649 2 2 1 1 1798 2601 1797
2650 2 2 1 1 1797 2608 2589
2651 2 2 1 1 2149 2717 2688
2652 2 2 1 1 2312 2577 2315
2653 2 2 1 1 2334 2663 2623
2654 2 2 1 1 2503 2524 2502
2655 2 2 1 1 348 489 347
2656 2 2 1 1 370 2426 501
2657 2 2 1 1 578 581 580
2658 2 2 1 1 581 633 582
2659 2 2 1 1 619 622 616
2660 2 2 1 1 620 626 624
2661 2 2 1 1 628 629 625
2662 2 2 1 1 632 2311 630
2663 2 2 1 1 631 800 636
2664 2 2 1 1 637 638 632
2665 2 2 1 1 643 1255 1212
2666 2 2 1 1 668 2547 670
2667 2 2 1 1 2523 2524 692
2668 2 2 1 1 694 1553 701
2669 2 2 1 1 715 2292 731
2670 2 2 1 1 724 726 725
2671 2 2 1 1 726 740 727
2672 2 2 1 1 776 777 745
2673 2 2 1 1 820 2657 751
2674 2 2 1 1 775 831 774
2675 2 2 1 1 800 802 801
2676 2 2 1 1 802 1097 837
2677 2 2 1 1 804 1079 805
2678 2 2 1 1 806 824 816
2679 2 2 1 1 810 812 811
2680 2 2 1 1 2381 2462 810
2681 2 2 1 1 1622 2311 816
2682 2 2 1 1 824 1116 825
2683 2 2 1 1 858 2462 1551
2684 2 2 1 1 862 863 861
2685 2 2 1 1 866 867 865
2686 2 2 1 1 877 2456 2411
2687 2 2 1 1 881 882 880
2688 2 2 1 1 884 2465 1025
2689 2 2 1 1 886 887 885
2690 2 2 1 1 890 891 889
2691 2 2 1 1 897 899 898
2692 2 2 1 1 903 904 902
2693 2 2 1 1 910 912 908
2694 2 2 1 1 937 1207 1124
2695 2 2 1 1 939 1562 1159
2696 2 2 1 1 941 1118 1034
2697 2 2 1 1 954 956 955
2698 2 2 1 1 961 967 963
2699 2 2 1 1 973 974 972
2700 2 2 1 1 975 980 974
2701 2 2 1 1 988 989 976
2702 2 2 1 1 994 2239 985
2703 2 2 1 1 992 2537 993
2704 2 2 1 1 998 999 997
2705 2 2 1 1 999 1307 1306
2706 2 2 1 1 1021 1037 1008
2707 2 2 1 1 1039 1103 1009
2708 2 2 1 1 1015 2383 1113
2709 2 2 1 1 1520 2250 1040
2710 2 2 1 1 1079 1208 1080
2711 2 2 1 1 1084 1217 1216
2712 2 2 1 1 1100 1259 1088
2713 2 2 1 1 1262 1646 1096
2714 2 2 1 1 1098 1128 1097
2715 2 2 1 1 1098 2480 1566
2716 2 2 1 1 1112 1451 1360
2717 2 2 1 1 1113 1534 1363
2718 2 2 1 1 1364 1380 1114
2719 2 2 1 1 1311 1367 1116
2720 2 2 1 1 1129 1241 1128
2721 2 2 1 1 1567 2354 1129
2722 2 2 1 1 1225 2263 1131
2723 2 2 1 1 1163 1198 1165
2724 2 2 1 1 1209 1526 1208
2725 2 2 1 1 1804 2605 1210
2726 2 2 1 1 1728 1763 1214
2727 2 2 1 1 1684 1754 1225
2728 2 2 1 1 1241 1734 1656
2729 2 2 1 1 1248 1698 1242
2730 2 2 1 1 1301 1584 1528
2731 2 2 1 1 1301 1585 1584
2732 2 2 1 1 1307 1564 1563
2733 2 2 1 1 1321 2494 1782
2734 2 2 1 1 1327 2404 1326
2735 2 2 1 1 1326 1329 1328
2736 2 2 1 1 1343 1594 1342
2737 2 2 1 1 1344 2328 1346
2738 2 2 1 1 1350 2608 2601
2739 2 2 1 1 1765 1766 1354
2740 2 2 1 1 1381 1472 1380
2741 2 2 1 1 1503 1504 1502
2742 2 2 1 1 1521 1980 1937
2743 2 2 1 1 1599 1600 1530
2744 2 2 1 1 1559 2422 1666
2745 2 2 1 1 1566 2461 1784
2746 2 2 1 1 1785 2126 1567
2747 2 2 1 1 1568 1576 1575
2748 2 2 1 1 1578 2589 2565
2749 2 2 1 1 1587 1612 1588
2750 2 2 1 1 2204 2476 1595
2751 2 2 1 1 1649 2620 1651
2752 2 2 1 1 1660 1661 1652
2753 2 2 1 1 1693 1695 1694
2754 2 2 1 1 1695 1781 1779
2755 2 2 1 1 1726 1977 1702
2756 2 2 1 1 2284 2453 1766
2757 2 2 1 1 1784 2538 2393
2758 2 2 1 1 2549 2606 1788
2759 2 2 1 1 2502 2524 1801
2760 2 2 1 1 1897 1898 1896
2761 2 2 1 1 2137 2144 2134
2762 2 2 1 1 2215 2238 2214
2763 2 2 1 1 2517 2546 2522
2764 2 2 1 1 367 2406 418
2765 2 2 1 1 657 658 656
2766 2 2 1 1 659 660 658
2767 2 2 1 1 661 662 660
2768 2 2 1 1 662 2432 664
2769 2 2 1 1 666 667 665
2770 2 2 1 1 676 1157 679
2771 2 2 1 1 704 707 703
2772 2 2 1 1 735 2491 804
2773 2 2 1 1 747 766 748
2774 2 2 1 1 2247 2650 749
2775 2 2 1 1 1108 2376 815
2776 2 2 1 1 822 1137 823
2777 2 2 1 1 860 862 861
2778 2 2 1 1 1551 2410 860
2779 2 2 1 1 862 864 863
2780 2 2 1 1 864 866 865
2781 2 2 1 1 1024 2396 864
2782 2 2 1 1 866 868 867
2783 2 2 1 1 940 2397 870
2784 2 2 1 1 872 874 873
2785 2 2 1 1 874 877 876
2786 2 2 1 1 877 879 878
2787 2 2 1 1 892 2548 889
2788 2 2 1 1 891 894 893
2789 2 2 1 1 894 896 895
2790 2 2 1 1 898 2413 895
2791 2 2 1 1 939 1158 896
2792 2 2 1 1 900 944 898
2793 2 2 1 1 911 2377 910
2794 2 2 1 1 911 2621 2377
2795 2 2 1 1 915 918 916
2796 2 2 1 1 941 1776 1118
2797 2 2 1 1 951 2351 949
2798 2 2 1 1 953 2352 951
2799 2 2 1 1 957 958 955
2800 2 2 1 1 959 960 958
2801 2 2 1 1 961 962 960
2802 2 2 1 1 965 968 964
2803 2 2 1 1 971 973 972
2804 2 2 1 1 982 987 986
2805 2 2 1 1 987 991 990
2806 2 2 1 1 996 1006 1005
2807 2 2 1 1 1015 1091 1013
2808 2 2 1 1 1086 1087 1023
2809 2 2 1 1 1027 1028 1026
2810 2 2 1 1 1052 1054 1028
2811 2 2 1 1 1039 2267 1517
2812 2 2 1 1 1082 1083 1081
2813 2 2 1 1 1087 1100 1088
2814 2 2 1 1 1092 1361 1091
2815 2 2 1 1 1100 2459 1259
2816 2 2 1 1 1768 1769 1102
2817 2 2 1 1 1295 1296 1108
2818 2 2 1 1 1121 1154 1122
2819 2 2 1 1 1289 1290 1155
2820 2 2 1 1 1161 1162 1160
2821 2 2 1 1 1161 1163 1162
2822 2 2 1 1 1175 2435 1172
2823 2 2 1 1 1180 1190 1179
2824 2 2 1 1 1190 1548 1179
2825 2 2 1 1 1190 1549 1548
2826 2 2 1 1 1195 1247 1196
2827 2 2 1 1 1202 1204 1203
2828 2 2 1 1 1209 1579 1526
2829 2 2 1 1 1754 2263 1225
2830 2 2 1 1 1240 1468 1467
2831 2 2 1 1 1281 1382 1246
2832 2 2 1 1 1278 1648 1279
2833 2 2 1 1 1315 1597 1314
2834 2 2 1 1 1457 2569 1315
2835 2 2 1 1 1351 1352 1341
2836 2 2 1 1 1346 2328 1349
2837 2 2 1 1 1348 1350 1347
2838 2 2 1 1 1347 2593 1591
2839 2 2 1 1 1353 2608 1348
2840 2 2 1 1 1351 1515 1352
2841 2 2 1 1 1476 2712 2629
2842 2 2 1 1 1532 2242 1762
2843 2 2 1 1 1589 1756 1533
2844 2 2 1 1 2360 2364 1538
2845 2 2 1 1 1549 1550 1548
2846 2 2 1 1 1666 1667 1560
2847 2 2 1 1 2440 2665 1561
2848 2 2 1 1 2478 2498 1561
2849 2 2 1 1 1786 2468 1563
2850 2 2 1 1 1568 2402 1576
2851 2 2 1 1 1576 1799 1798
2852 2 2 1 1 1580 2362 1582
2853 2 2 1 1 1611 2655 2471
2854 2 2 1 1 1638 1682 1681
2855 2 2 1 1 1653 2060 1654
2856 2 2 1 1 2192 2360 1654
2857 2 2 1 1 1992 2214 1763
2858 2 2 1 1 1765 2284 1766
2859 2 2 1 1 1769 1771 1770
2860 2 2 1 1 1799 1801 1800
2861 2 2 1 1 1803 2523 2382
2862 2 2 1 1 2219 2221 2220
2863 2 2 1 1 2295 2560 2558
2864 2 2 1 1 354 2405 420
2865 2 2 1 1 258 504 257
2866 2 2 1 1 608 610 609
2867 2 2 1 1 612 614 613
2868 2 2 1 1 2525 2574 615
2869 2 2 1 1 618 620 619
2870 2 2 1 1 620 624 621
2871 2 2 1 1 638 2311 632
2872 2 2 1 1 800 801 636
2873 2 2 1 1 637 640 639
2874 2 2 1 1 647 2475 641
2875 2 2 1 1 646 649 648
2876 2 2 1 1 651 2361 648
2877 2 2 1 1 650 653 652
2878 2 2 1 1 655 657 656
2879 2 2 1 1 664 2382 660
2880 2 2 1 1 661 663 662
2881 2 2 1 1 663 666 665
2882 2 2 1 1 807 2432 665
2883 2 2 1 1 666 668 667
2884 2 2 1 1 668 670 669
2885 2 2 1 1 670 672 671
2886 2 2 1 1 676 679 678
2887 2 2 1 1 694 701 700
2888 2 2 1 1 702 813 704
2889 2 2 1 1 724 725 723
2890 2 2 1 1 723 2246 749
2891 2 2 1 1 726 727 725
2892 2 2 1 1 731 733 732
2893 2 2 1 1 738 2409 734
2894 2 2 1 1 804 805 737
2895 2 2 1 1 773 1036 1035
2896 2 2 1 1 775 1105 832
2897 2 2 1 1 802 837 801
2898 2 2 1 1 1079 1080 805
2899 2 2 1 1 812 856 811
2900 2 2 1 1 824 825 816
2901 2 2 1 1 822 1559 1137
2902 2 2 1 1 1796 1901 833
2903 2 2 1 1 1097 1213 837
2904 2 2 1 1 857 2455 856
2905 2 2 1 1 863 1565 861
2906 2 2 1 1 862 1024 864
2907 2 2 1 1 864 2396 866
2908 2 2 1 1 871 2299 868
2909 2 2 1 1 869 940 870
2910 2 2 1 1 872 875 874
2911 2 2 1 1 876 1030 873
2912 2 2 1 1 874 2456 877
2913 2 2 1 1 877 2411 879
2914 2 2 1 1 880 932 878
2915 2 2 1 1 879 883 881
2916 2 2 1 1 882 2412 880
2917 2 2 1 1 881 2465 884
2918 2 2 1 1 887 888 885
2919 2 2 1 1 887 2484 890
2920 2 2 1 1 888 2561 2466
2921 2 2 1 1 893 1571 892
2922 2 2 1 1 895 2413 893
2923 2 2 1 1 902 2398 899
2924 2 2 1 1 904 942 902
2925 2 2 1 1 903 943 905
2926 2 2 1 1 939 1159 1158
2927 2 2 1 1 1568 1575 940
2928 2 2 1 1 950 951 949
2929 2 2 1 1 949 2351 983
2930 2 2 1 1 952 953 951
2931 2 2 1 1 954 955 953
2932 2 2 1 1 956 957 955
2933 2 2 1 1 961 963 962
2934 2 2 1 1 963 965 964
2935 2 2 1 1 965 969 968
2936 2 2 1 1 974 2327 972
2937 2 2 1 1 973 1029 975
2938 2 2 1 1 980 981 974
2939 2 2 1 1 977 2378 988
2940 2 2 1 1 982 1004 987
2941 2 2 1 1 991 1020 1008
2942 2 2 1 1 999 1306 997
2943 2 2 1 1 1022 1086 1023
2944 2 2 1 1 1088 2401 1023
2945 2 2 1 1 2410 2448 1024
2946 2 2 1 1 1080 1082 1081
2947 2 2 1 1 1313 2447 1081
2948 2 2 1 1 1082 1084 1083
2949 2 2 1 1 1084 1216 1215
2950 2 2 1 1 1569 1570 1086
2951 2 2 1 1 1087 1101 1100
2952 2 2 1 1 1259 1541 1088
2953 2 2 1 1 1101 1768 1102
2954 2 2 1 1 1112 1360 1359
2955 2 2 1 1 1367 2450 1116
2956 2 2 1 1 1130 1449 1225
2957 2 2 1 1 1137 2518 1138
2958 2 2 1 1 1562 2355 1159
2959 2 2 1 1 1163 1165 1164
2960 2 2 1 1 1167 2440 1164
2961 2 2 1 1 1189 1529 1248
2962 2 2 1 1 1526 1554 1208
2963 2 2 1 1 1209 1580 1579
2964 2 2 1 1 1223 1371 1370
2965 2 2 1 1 1241 2354 2125
2966 2 2 1 1 1918 1965 1247
2967 2 2 1 1 1280 1888 1415
2968 2 2 1 1 1321 1782 1336
2969 2 2 1 1 1324 1325 1323
2970 2 2 1 1 1330 1338 1337
2971 2 2 1 1 1342 2476 1333
2972 2 2 1 1 1334 1344 1343
2973 2 2 1 1 1344 1346 1345
2974 2 2 1 1 1346 1348 1347
2975 2 2 1 1 1349 1353 1348
2976 2 2 1 1 1516 2643 1351
2977 2 2 1 1 1452 1454 1453
2978 2 2 1 1 1876 1877 1454
2979 2 2 1 1 1543 2356 2302
2980 2 2 1 1 1549 1593 1550
2981 2 2 1 1 1551 2502 2410
2982 2 2 1 1 1559 1666 1560
2983 2 2 1 1 1576 1797 1575
2984 2 2 1 1 1580 1582 1581
2985 2 2 1 1 1592 2546 2194
2986 2 2 1 1 1775 2203 1595
2987 2 2 1 1 1805 1806 1603
2988 2 2 1 1 1734 1941 1656
2989 2 2 1 1 2663 2666 1775
2990 2 2 1 1 1800 1802 1798
2991 2 2 1 1 1799 2448 1801
2992 2 2 1 1 1868 2040 1807
2993 2 2 1 1 1816 1953 1815
2994 2 2 1 1 1877 1891 1878
2995 2 2 1 1 2130 2133 2132
2996 2 2 1 1 2133 2135 2134
2997 2 2 1 1 2362 2492 2491
2998 2 2 1 1 2433 2469 2432
2999 2 2 1 1 368 2406 367
3000 2 2 1 1 506 2473 287
3001 2 2 1 1 1143 1604 820
3002 2 2 1 1 1035 1051 828
3003 2 2 1 1 913 915 914
3004 2 2 1 1 1223 1274 1051
3005 2 2 1 1 1121 1122 1120
3006 2 2 1 1 1133 1356 1276
3007 2 2 1 1 1196 1197 1186
3008 2 2 1 1 1188 2594 1193
3009 2 2 1 1 1385 1386 1287
3010 2 2 1 1 1290 1589 1533
3011 2 2 1 1 1294 2649 1295
3012 2 2 1 1 1640 1641 1296
3013 2 2 1 1 1529 1599 1530
3014 2 2 1 1 1546 1547 1545
3015 2 2 1 1 1730 1915 1630
3016 2 2 1 1 2232 2236 2234
3017 2 2 1 1 2534 2535 2533
3018 2 2 1 1 355 2405 354
3019 2 2 1 1 356 499 355
3020 2 2 1 1 361 2390 502
3021 2 2 1 1 689 1309 698
3022 2 2 1 1 711 719 718
3023 2 2 1 1 920 2651 916
3024 2 2 1 1 1007 1009 990
3025 2 2 1 1 993 995 994
3026 2 2 1 1 1032 1545 1005
3027 2 2 1 1 1138 1249 1140
3028 2 2 1 1 1141 1314 1139
3029 2 2 1 1 1290 1527 1155
3030 2 2 1 1 1169 1170 1168
3031 2 2 1 1 1198 2549 1788
3032 2 2 1 1 1232 1475 1375
3033 2 2 1 1 1552 2570 1357
3034 2 2 1 1 265 2429 528
3035 2 2 1 1 267 2431 521
3036 2 2 1 1 275 2472 462
3037 2 2 1 1 282 2340 424
3038 2 2 1 1 286 2473 407
3039 2 2 1 1 288 2439 506
3040 2 2 1 1 672 674 673
3041 2 2 1 1 690 691 687
3042 2 2 1 1 701 713 712
3043 2 2 1 1 704 2271 708
3044 2 2 1 1 750 751 741
3045 2 2 1 1 759 763 743
3046 2 2 1 1 744 761 760
3047 2 2 1 1 768 769 751
3048 2 2 1 1 910 2377 913
3049 2 2 1 1 1078 1126 1038
3050 2 2 1 1 1147 1253 1252
3051 2 2 1 1 1174 1177 1175
3052 2 2 1 1 1196 2454 1257
3053 2 2 1 1 1206 1256 1204
3054 2 2 1 1 1207 1791 1316
3055 2 2 1 1 1355 1918 1247
3056 2 2 1 1 1648 1649 1279
3057 2 2 1 1 1280 2499 1888
3058 2 2 1 1 1297 1640 1296
3059 2 2 1 1 1598 2479 1300
3060 2 2 1 1 1317 1609 1312
3061 2 2 1 1 1335 2318 2317
3062 2 2 1 1 1449 2493 1962
3063 2 2 1 1 1518 1884 1883
3064 2 2 1 1 1697 1850 1849
3065 2 2 1 1 1713 1925 1714
3066 2 2 1 1 851 2363 853
3067 2 2 1 1 900 2398 1539
3068 2 2 1 1 1011 1015 1013
3069 2 2 1 1 1021 1038 1037
3070 2 2 1 1 1310 2508 1028
3071 2 2 1 1 1078 1127 1126
3072 2 2 1 1 1095 1142 1094
3073 2 2 1 1 1375 1376 1099
3074 2 2 1 1 1122 1125 1120
3075 2 2 1 1 1260 1261 1125
3076 2 2 1 1 1130 1225 1131
3077 2 2 1 1 1243 1244 1136
3078 2 2 1 1 1272 1273 1197
3079 2 2 1 1 1213 2530 1701
3080 2 2 1 1 1257 1726 1702
3081 2 2 1 1 1290 2698 1589
3082 2 2 1 1 1298 1757 1369
3083 2 2 1 1 1792 2686 1316
3084 2 2 1 1 1630 1707 1358
3085 2 2 1 1 1525 1864 1524
3086 2 2 1 1 1602 1805 1603
3087 2 2 1 1 1624 2241 1814
3088 2 2 1 1 1650 2700 2545
3089 2 2 1 1 1761 2272 2227
3090 2 2 1 1 2206 2561 1786
3091 2 2 1 1 1787 2544 2419
3092 2 2 1 1 643 1212 1096
3093 2 2 1 1 650 652 651
3094 2 2 1 1 653 654 652
3095 2 2 1 1 652 2381 810
3096 2 2 1 1 655 656 654
3097 2 2 1 1 656 2523 692
3098 2 2 1 1 815 1123 778
3099 2 2 1 1 858 860 859
3100 2 2 1 1 1565 2477 861
3101 2 2 1 1 896 2350 897
3102 2 2 1 1 1200 2374 966
3103 2 2 1 1 1031 2568 995
3104 2 2 1 1 1000 1010 1001
3105 2 2 1 1 1053 2494 1230
3106 2 2 1 1 1570 2385 1086
3107 2 2 1 1 1112 1359 1111
3108 2 2 1 1 1276 1365 1134
3109 2 2 1 1 1559 1560 1137
3110 2 2 1 1 1554 2517 1208
3111 2 2 1 1 1293 1760 1759
3112 2 2 1 1 2511 2556 1303
3113 2 2 1 1 2404 2417 1332
3114 2 2 1 1 1339 2489 1362
3115 2 2 1 1 1372 2344 1365
3116 2 2 1 1 1371 1896 1887
3117 2 2 1 1 1377 1378 1376
3118 2 2 1 1 1381 1473 1472
3119 2 2 1 1 1877 1878 1454
3120 2 2 1 1 1526 2230 1767
3121 2 2 1 1 2203 2204 1595
3122 2 2 1 1 2448 2502 1801
3123 2 2 1 1 1802 2519 2469
3124 2 2 1 1 2382 2519 1803
3125 2 2 1 1 371 2426 370
3126 2 2 1 1 376 2427 375
3127 2 2 1 1 484 2280 2279
3128 2 2 1 1 689 697 682
3129 2 2 1 1 698 705 697
3130 2 2 1 1 706 710 705
3131 2 2 1 1 711 716 710
3132 2 2 1 1 814 815 778
3133 2 2 1 1 793 794 792
3134 2 2 1 1 1138 1139 823
3135 2 2 1 1 906 2400 904
3136 2 2 1 1 908 909 906
3137 2 2 1 1 913 914 912
3138 2 2 1 1 989 2293 976
3139 2 2 1 1 1000 1156 1010
3140 2 2 1 1 1011 1012 1001
3141 2 2 1 1 1013 1014 1012
3142 2 2 1 1 1021 1077 1038
3143 2 2 1 1 1043 2367 1531
3144 2 2 1 1 1061 1062 1060
3145 2 2 1 1 1073 1234 1074
3146 2 2 1 1 1140 1141 1139
3147 2 2 1 1 1165 2388 1166
3148 2 2 1 1 1168 2510 1167
3149 2 2 1 1 1172 2435 1171
3150 2 2 1 1 1181 1187 1182
3151 2 2 1 1 1318 1890 1678
3152 2 2 1 1 1707 1712 1358
3153 2 2 1 1 1534 1815 1363
3154 2 2 1 1 1373 2243 1727
3155 2 2 1 1 1377 1710 1378
3156 2 2 1 1 1383 1625 1624
3157 2 2 1 1 2201 2569 1457
3158 2 2 1 1 1557 2088 2087
3159 2 2 1 1 2413 2457 1571
3160 2 2 1 1 1571 2551 2468
3161 2 2 1 1 2403 2528 1577
3162 2 2 1 1 1660 2646 1672
3163 2 2 1 1 1738 1739 1682
3164 2 2 1 1 2113 2114 1753
3165 2 2 1 1 2242 2504 1762
3166 2 2 1 1 1795 2259 2229
3167 2 2 1 1 2089 2094 2088
3168 2 2 1 1 2338 2527 2463
3169 2 2 1 1 2456 2560 2411
3170 2 2 1 1 365 500 364
3171 2 2 1 1 787 789 788
3172 2 2 1 1 1130 1131 1048
3173 2 2 1 1 1073 1074 1072
3174 2 2 1 1 1374 1665 1663
3175 2 2 1 1 2030 2124 1676
3176 2 2 1 1 2315 2330 685
3177 2 2 1 1 702 703 696
3178 2 2 1 1 790 817 793
3179 2 2 1 1 796 1288 794
3180 2 2 1 1 827 1059 798
3181 2 2 1 1 809 2313 2312
3182 2 2 1 1 827 2553 1061
3183 2 2 1 1 846 849 848
3184 2 2 1 1 952 2353 1019
3185 2 2 1 1 1038 2269 1037
3186 2 2 1 1 1043 1228 1042
3187 2 2 1 1 1060 2294 1059
3188 2 2 1 1 1121 2245 1510
3189 2 2 1 1 1177 2542 1178
3190 2 2 1 1 1917 2201 1457
3191 2 2 1 1 1497 1720 1496
3192 2 2 1 1 2320 2321 1516
3193 2 2 1 1 1658 1859 1688
3194 2 2 1 1 1713 1714 1711
3195 2 2 1 1 1746 1861 1745
3196 2 2 1 1 1755 2444 2152
3197 2 2 1 1 2631 2665 1778
3198 2 2 1 1 2593 2627 2433
3199 2 2 1 1 377 2379 508
3200 2 2 1 1 504 2371 257
3201 2 2 1 1 633 644 642
3202 2 2 1 1 1810 1811 1621
3203 2 2 1 1 271 2436 270
3204 2 2 1 1 277 2437 276
3205 2 2 1 1 279 2438 278
3206 2 2 1 1 507 2329 294
3207 2 2 1 1 582 2505 772
3208 2 2 1 1 2312 2315 693
3209 2 2 1 1 767 2298 748
3210 2 2 1 1 961 2600 967
3211 2 2 1 1 1017 2586 1117
3212 2 2 1 1 1047 1048 1046
3213 2 2 1 1 1646 2505 1096
3214 2 2 1 1 1106 1136 1135
3215 2 2 1 1 1113 1363 1114
3216 2 2 1 1 1141 2658 1456
3217 2 2 1 1 1257 1272 1197
3218 2 2 1 1 1239 1384 1287
3219 2 2 1 1 1270 1485 1484
3220 2 2 1 1 1611 2637 1312
3221 2 2 1 1 1504 2187 1502
3222 2 2 1 1 1503 1629 1505
3223 2 2 1 1 1864 2179 1524
3224 2 2 1 1 1585 1587 1586
3225 2 2 1 1 666 2434 699
3226 2 2 1 1 692 2524 2503
3227 2 2 1 1 2505 2506 772
3228 2 2 1 1 829 1535 1221
3229 2 2 1 1 858 1551 860
3230 2 2 1 1 909 2400 906
3231 2 2 1 1 925 2628 922
3232 2 2 1 1 950 2353 952
3233 2 2 1 1 955 2482 953
3234 2 2 1 1 954 2373 956
3235 2 2 1 1 1305 2482 958
3236 2 2 1 1 981 2655 2327
3237 2 2 1 1 996 1005 992
3238 2 2 1 1 1022 1023 998
3239 2 2 1 1 1017 1117 1016
3240 2 2 1 1 1054 2550 1310
3241 2 2 1 1 1277 2633 1103
3242 2 2 1 1 1261 1634 1125
3243 2 2 1 1 1133 1276 1134
3244 2 2 1 1 1162 2440 1561
3245 2 2 1 1 1219 2388 1165
3246 2 2 1 1 1183 1184 1176
3247 2 2 1 1 1477 1540 1219
3248 2 2 1 1 1230 1321 1320
3249 2 2 1 1 1253 1636 1635
3250 2 2 1 1 1262 1855 1646
3251 2 2 1 1 1298 2649 1757
3252 2 2 1 1 1563 2551 1306
3253 2 2 1 1 1609 1611 1312
3254 2 2 1 1 1332 2417 1334
3255 2 2 1 1 1790 2565 1354
3256 2 2 1 1 1642 1837 1368
3257 2 2 1 1 1468 1882 1467
3258 2 2 1 1 1474 2045 1671
3259 2 2 1 1 1657 1741 1547
3260 2 2 1 1 2462 2503 1551
3261 2 2 1 1 1570 2470 2441
3262 2 2 1 1 1575 2589 1578
3263 2 2 1 1 1797 2589 1575
3264 2 2 1 1 1578 2557 2397
3265 2 2 1 1 1772 2556 1768
3266 2 2 1 1 1779 2583 1780
3267 2 2 1 1 2508 2509 2485
3268 2 2 1 1 406 2425 357
3269 2 2 1 1 521 2429 266
3270 2 2 1 1 478 2436 271
3271 2 2 1 1 1089 1099 1017
3272 2 2 1 1 1220 1482 1293
3273 2 2 1 1 1387 2636 1503
3274 2 2 1 1 1629 2534 2533
3275 2 2 1 1 356 2425 499
3276 2 2 1 1 576 577 572
3277 2 2 1 1 578 580 577
3278 2 2 1 1 607 608 606
3279 2 2 1 1 611 612 610
3280 2 2 1 1 683 2330 689
3281 2 2 1 1 729 2467 714
3282 2 2 1 1 917 2274 914
3283 2 2 1 1 1361 1538 1091
3284 2 2 1 1 1130 2493 1449
3285 2 2 1 1 1240 1467 1238
3286 2 2 1 1 1273 2654 2579
3287 2 2 1 1 1456 1457 1315
3288 2 2 1 1 1315 2569 1597
3289 2 2 1 1 1387 1503 1502
3290 2 2 1 1 1701 2369 1455
3291 2 2 1 1 1511 2115 1513
3292 2 2 1 1 1525 1908 1906
3293 2 2 1 1 1537 1856 1536
3294 2 2 1 1 1867 2602 1536
3295 2 2 1 1 2227 2585 1581
3296 2 2 1 1 2060 2061 1654
3297 2 2 1 1 1768 2556 2511
3298 2 2 1 1 1772 2598 2556
3299 2 2 1 1 2155 2156 1857
3300 2 2 1 1 2128 2130 2129
3301 2 2 1 1 2159 2161 2160
3302 2 2 1 1 2252 2591 2378
3303 2 2 1 1 959 2600 961
3304 2 2 1 1 1357 1808 1194
3305 2 2 1 1 1304 2364 2360
3306 2 2 1 1 1511 1513 1512
3307 2 2 1 1 1608 1919 1618
3308 2 2 1 1 2629 2712 1880
3309 2 2 1 1 2205 2713 2246
3310 2 2 1 1 2377 2575 2567
3311 2 2 1 1 661 2526 663
3312 2 2 1 1 663 2434 666
3313 2 2 1 1 672 677 674
3314 2 2 1 1 2689 2715 770
3315 2 2 1 1 1081 2447 805
3316 2 2 1 1 826 2553 827
3317 2 2 1 1 884 885 882
3318 2 2 1 1 896 897 895
3319 2 2 1 1 1158 2350 896
3320 2 2 1 1 1578 2397 940
3321 2 2 1 1 969 978 977
3322 2 2 1 1 978 984 979
3323 2 2 1 1 1053 1230 1229
3324 2 2 1 1 1239 1286 1153
3325 2 2 1 1 1161 2549 1163
3326 2 2 1 1 1164 2440 1162
3327 2 2 1 1 1178 2542 1181
3328 2 2 1 1 1540 2388 1219
3329 2 2 1 1 1310 2509 2508
3330 2 2 1 1 1337 2555 1328
3331 2 2 1 1 1351 2643 1515
3332 2 2 1 1 1452 1876 1454
3333 2 2 1 1 1562 2509 2355
3334 2 2 1 1 1769 2511 2343
3335 2 2 1 1 1771 1773 1770
3336 2 2 1 1 1801 1803 1800
3337 2 2 1 1 1800 2519 1802
3338 2 2 1 1 1806 1868 1807
3339 2 2 1 1 2355 2606 2549
3340 2 2 1 1 686 690 687
3341 2 2 1 1 706 2500 2366
3342 2 2 1 1 713 724 723
3343 2 2 1 1 730 747 729
3344 2 2 1 1 744 759 743
3345 2 2 1 1 750 768 751
3346 2 2 1 1 759 829 763
3347 2 2 1 1 762 774 760
3348 2 2 1 1 797 826 798
3349 2 2 1 1 1059 2368 798
3350 2 2 1 1 827 1061 1060
3351 2 2 1 1 1106 1135 832
3352 2 2 1 1 1940 2322 833
3353 2 2 1 1 982 2597 1004
3354 2 2 1 1 1047 2493 1130
3355 2 2 1 1 1063 2294 1060
3356 2 2 1 1 1062 1065 1064
3357 2 2 1 1 2463 2527 1104
3358 2 2 1 1 2323 2324 1142
3359 2 2 1 1 1217 1583 1218
3360 2 2 1 1 1270 1484 1268
3361 2 2 1 1 1649 1650 1279
3362 2 2 1 1 1299 1795 1794
3363 2 2 1 1 2449 2580 1313
3364 2 2 1 1 1324 1326 1325
3365 2 2 1 1 1333 2476 1335
3366 2 2 1 1 2325 2326 1558
3367 2 2 1 1 1758 2624 1588
3368 2 2 1 1 1786 2561 2548
3369 2 2 1 1 1790 2558 2557
3370 2 2 1 1 2557 2565 1790
3371 2 2 1 1 2169 2716 2540
3372 2 2 1 1 627 2538 2461
3373 2 2 1 1 835 836 764
3374 2 2 1 1 766 1044 767
3375 2 2 1 1 789 790 788
3376 2 2 1 1 834 2170 835
3377 2 2 1 1 883 2465 881
3378 2 2 1 1 2411 2559 883
3379 2 2 1 1 884 886 885
3380 2 2 1 1 2484 2485 890
3381 2 2 1 1 891 2486 894
3382 2 2 1 1 900 945 944
3383 2 2 1 1 957 959 958
3384 2 2 1 1 975 2597 982
3385 2 2 1 1 979 2378 977
3386 2 2 1 1 2378 2591 988
3387 2 2 1 1 1006 1201 1033
3388 2 2 1 1 1103 1210 1009
3389 2 2 1 1 1014 1302 1012
3390 2 2 1 1 1014 1304 1303
3391 2 2 1 1 1045 1047 1046
3392 2 2 1 1 1047 1130 1048
3393 2 2 1 1 1066 1069 1068
3394 2 2 1 1 1083 2449 1313
3395 2 2 1 1 1089 1232 1099
3396 2 2 1 1 2327 2668 1200
3397 2 2 1 1 1266 1374 1373
3398 2 2 1 1 1281 1383 1382
3399 2 2 1 1 1482 2443 1293
3400 2 2 1 1 2441 2470 1305
3401 2 2 1 1 1361 1653 1538
3402 2 2 1 1 1532 2598 2242
3403 2 2 1 1 1574 2564 1573
3404 2 2 1 1 1710 1713 1711
3405 2 2 1 1 1761 2532 2272
3406 2 2 1 1 1762 2504 2293
3407 2 2 1 1 1802 2601 1798
3408 2 2 1 1 2408 2541 2409
3409 2 2 1 1 576 578 577
3410 2 2 1 1 2615 2626 814
3411 2 2 1 1 1264 1520 1040
3412 2 2 1 1 1041 1266 1265
3413 2 2 1 1 1887 1913 1370
3414 2 2 1 1 1747 2675 2674
3415 2 2 1 1 2635 2651 1774
3416 2 2 1 1 266 2429 265
3417 2 2 1 1 488 2431 268
3418 2 2 1 1 276 2472 275
3419 2 2 1 1 2437 2472 276
3420 2 2 1 1 283 2340 282
3421 2 2 1 1 287 2473 286
3422 2 2 1 1 778 2566 776
3423 2 2 1 1 1071 1073 1072
3424 2 2 1 1 1236 2291 1074
3425 2 2 1 1 1282 1283 1095
3426 2 2 1 1 2338 2463 1110
3427 2 2 1 1 1119 2182 1497
3428 2 2 1 1 1191 2528 2403
3429 2 2 1 1 1234 1675 1235
3430 2 2 1 1 1266 1373 1265
3431 2 2 1 1 1373 1727 1265
3432 2 2 1 1 1374 1662 1373
3433 2 2 1 1 1662 2243 1373
3434 2 2 1 1 1937 2003 1522
3435 2 2 1 1 1555 1557 1556
3436 2 2 1 1 2243 2244 1727
3437 2 2 1 1 2704 2712 2186
3438 2 2 1 1 508 2427 376
3439 2 2 1 1 1260 1969 1471
3440 2 2 1 1 1558 2699 2442
3441 2 2 1 1 1625 1696 1626
3442 2 2 1 1 1671 2223 2222
3443 2 2 1 1 357 2425 356
3444 2 2 1 1 2361 2516 647
3445 2 2 1 1 699 2547 668
3446 2 2 1 1 773 828 765
3447 2 2 1 1 1357 2570 1809
3448 2 2 1 1 1653 1654 1538
3449 2 2 1 1 1630 2630 1707
3450 2 2 1 1 2649 2650 1757
3451 2 2 1 1 501 2392 369
3452 2 2 1 1 378 2379 377
3453 2 2 1 1 295 507 294
3454 2 2 1 1 690 702 696
3455 2 2 1 1 2557 2558 875
3456 2 2 1 1 995 1003 1002
3457 2 2 1 1 1217 1592 1583
3458 2 2 1 1 1249 1630 1358
3459 2 2 1 1 1257 2454 1726
3460 2 2 1 1 1514 1989 1833
3461 2 2 1 1 2575 2621 1593
3462 2 2 1 1 1635 2213 2211
3463 2 2 1 1 2308 2652 1816
3464 2 2 1 1 2546 2640 2194
3465 2 2 1 1 2531 2561 2206
3466 2 2 1 1 379 532 378
3467 2 2 1 1 385 467 384
3468 2 2 1 1 391 484 390
3469 2 2 1 1 1553 2301 701
3470 2 2 1 1 2548 2561 888
3471 2 2 1 1 978 2512 984
3472 2 2 1 1 742 2526 661
3473 2 2 1 1 693 2315 687
3474 2 2 1 1 1221 1222 830
3475 2 2 1 1 847 1224 845
3476 2 2 1 1 851 853 852
3477 2 2 1 1 860 2410 862
3478 2 2 1 1 867 935 865
3479 2 2 1 1 897 898 895
3480 2 2 1 1 923 2687 927
3481 2 2 1 1 951 2352 2351
3482 2 2 1 1 976 2293 968
3483 2 2 1 1 1024 2402 2396
3484 2 2 1 1 1230 2494 1321
3485 2 2 1 1 1282 1498 1283
3486 2 2 1 1 1339 1362 1337
3487 2 2 1 1 1766 1790 1354
3488 2 2 1 1 1700 2636 1387
3489 2 2 1 1 2316 2416 1544
3490 2 2 1 1 2087 2090 1556
3491 2 2 1 1 2251 2252 2239
3492 2 2 1 1 2452 2604 2288
3493 2 2 1 1 532 2379 378
3494 2 2 1 1 1247 2454 1196
3495 2 2 1 1 1475 2603 1375
3496 2 2 1 1 1609 2655 1611
3497 2 2 1 1 2631 2641 2414
3498 2 2 1 1 687 2315 685
3499 2 2 1 1 719 720 718
3500 2 2 1 1 2246 2247 749
3501 2 2 1 1 768 1043 1042
3502 2 2 1 1 1048 2415 1046
3503 2 2 1 1 1741 1880 1742
3504 2 2 1 1 369 2392 368
3505 2 2 1 1 2392 2406 368
3506 2 2 1 1 795 796 794
3507 2 2 1 1 1187 2594 1188
3508 2 2 1 1 1599 2654 1600
3509 2 2 1 1 846 847 845
3510 2 2 1 1 1058 2515 2363
3511 2 2 1 1 1380 2497 1114
3512 2 2 1 1 1186 2579 1185
3513 2 2 1 1 1725 2110 1366
3514 2 2 1 1 2363 2515 1555
3515 2 2 1 1 1806 1807 1603
3516 2 2 1 1 2386 2598 1772
3517 2 2 1 1 2445 2599 2136
3518 2 2 1 1 2162 2163 2160
3519 2 2 1 1 2278 2303 389
3520 2 2 1 1 2194 2640 699
3521 2 2 1 1 702 704 703
3522 2 2 1 1 761 762 760
3523 2 2 1 1 1571 2468 892
3524 2 2 1 1 2377 2567 913
3525 2 2 1 1 993 2537 1031
3526 2 2 1 1 1036 2488 1035
3527 2 2 1 1 1133 2387 1356
3528 2 2 1 1 1174 2483 1177
3529 2 2 1 1 1312 2637 1206
3530 2 2 1 1 2349 2564 1311
3531 2 2 1 1 2565 2589 1353
3532 2 2 1 1 1531 2237 2154
3533 2 2 1 1 2556 2598 1532
3534 2 2 1 1 2522 2546 1592
3535 2 2 1 1 1640 2017 1641
3536 2 2 1 1 1809 2706 1808
3537 2 2 1 1 2497 2619 1900
3538 2 2 1 1 2130 2132 2129
3539 2 2 1 1 443 2437 277
3540 2 2 1 1 1883 2633 1277
3541 2 2 1 1 919 2703 2681
3542 2 2 1 1 1109 2677 2259
3543 2 2 1 1 1176 2483 1174
3544 2 2 1 1 1185 2483 1176
3545 2 2 1 1 1211 2528 1191
3546 2 2 1 1 1384 1385 1287
3547 2 2 1 1 1306 2551 2458
3548 2 2 1 1 2166 2167 1384
3549 2 2 1 1 1562 2486 2485
3550 2 2 1 1 2485 2509 1562
3551 2 2 1 1 2625 2650 1793
3552 2 2 1 1 2326 2676 2596
3553 2 2 1 1 608 611 610
3554 2 2 1 1 618 2445 620
3555 2 2 1 1 624 2538 627
3556 2 2 1 1 627 2461 2446
3557 2 2 1 1 641 2475 639
3558 2 2 1 1 643 2613 1255
3559 2 2 1 1 656 692 654
3560 2 2 1 1 670 2584 672
3561 2 2 1 1 674 2495 676
3562 2 2 1 1 682 2487 680
3563 2 2 1 1 2447 2552 737
3564 2 2 1 1 2491 2492 804
3565 2 2 1 1 2333 2592 807
3566 2 2 1 1 1573 2361 811
3567 2 2 1 1 812 857 856
3568 2 2 1 1 858 859 857
3569 2 2 1 1 859 2477 1227
3570 2 2 1 1 866 2396 869
3571 2 2 1 1 872 873 871
3572 2 2 1 1 915 2567 919
3573 2 2 1 1 945 2372 947
3574 2 2 1 1 970 2389 2307
3575 2 2 1 1 1024 2448 2402
3576 2 2 1 1 1066 1067 1064
3577 2 2 1 1 1071 1072 1070
3578 2 2 1 1 1082 2522 1084
3579 2 2 1 1 1160 2498 1158
3580 2 2 1 1 1535 1536 1221
3581 2 2 1 1 1226 1474 1231
3582 2 2 1 1 2564 2590 1311
3583 2 2 1 1 1350 2593 1347
3584 2 2 1 1 1455 2369 1875
3585 2 2 1 1 1608 1618 1617
3586 2 2 1 1 1701 2370 2369
3587 2 2 1 1 2014 2031 1709
3588 2 2 1 1 1775 2588 2203
3589 2 2 1 1 1785 2393 2128
3590 2 2 1 1 2297 2612 1796
3591 2 2 1 1 2130 2136 2133
3592 2 2 1 1 846 848 847
3593 2 2 1 1 883 2559 2501
3594 2 2 1 1 1793 2649 1294
3595 2 2 1 1 1749 2083 1499
3596 2 2 1 1 1851 1970 1852
3597 2 2 1 1 2466 2561 2531
3598 2 2 1 1 2423 2424 503
3599 2 2 1 1 604 607 606
3600 2 2 1 1 679 2539 681
3601 2 2 1 1 728 2348 2347
3602 2 2 1 1 1044 2610 1045
3603 2 2 1 1 1290 1533 1527
3604 2 2 1 1 1380 2619 2497
3605 2 2 1 1 1456 2664 1854
3606 2 2 1 1 1592 1764 1583
3607 2 2 1 1 1589 2169 1756
3608 2 2 1 1 2135 2525 2138
3609 2 2 1 1 626 2538 624
3610 2 2 1 1 680 2487 2286
3611 2 2 1 1 685 2330 683
3612 2 2 1 1 713 722 712
3613 2 2 1 1 769 2611 821
3614 2 2 1 1 2397 2557 875
3615 2 2 1 1 875 2558 2456
3616 2 2 1 1 947 2372 950
3617 2 2 1 1 986 2632 980
3618 2 2 1 1 2517 2522 1082
3619 2 2 1 1 1310 2606 2509
3620 2 2 1 1 1362 2555 1337
3621 2 2 1 1 1348 2608 1350
3622 2 2 1 1 1574 2590 2564
3623 2 2 1 1 2529 2609 1577
3624 2 2 1 1 1701 2530 2418
3625 2 2 1 1 2559 2560 1783
3626 2 2 1 1 2295 2558 1790
3627 2 2 1 1 2601 2608 1797
3628 2 2 1 1 2258 2665 2440
3629 2 2 1 1 1203 2618 1033
3630 2 2 1 1 1107 2626 1299
3631 2 2 1 1 1372 2345 2344
3632 2 2 1 1 1006 2562 1201
3633 2 2 1 1 1585 2563 1587
3634 2 2 1 1 1697 1849 1626
3635 2 2 1 1 633 642 635
3636 2 2 1 1 697 2487 682
3637 2 2 1 1 728 2669 2348
3638 2 2 1 1 1155 2415 1048
3639 2 2 1 1 1124 2513 1278
3640 2 2 1 1 1127 2479 1269
3641 2 2 1 1 1197 2579 1186
3642 2 2 1 1 1299 1794 1793
3643 2 2 1 1 1503 2636 1629
3644 2 2 1 1 2321 2643 1516
3645 2 2 1 1 1788 2606 2550
3646 2 2 1 1 2281 2543 2303
3647 2 2 1 1 2326 2699 1558
3648 2 2 1 1 722 2644 712
3649 2 2 1 1 766 1602 1044
3650 2 2 1 1 1046 2415 2298
3651 2 2 1 1 1889 2647 1415
3652 2 2 1 1 2525 2717 2138
3653 2 2 1 1 2259 2626 2615
3654 2 2 1 1 614 616 613
3655 2 2 1 1 618 2599 2445
3656 2 2 1 1 637 639 638
3657 2 2 1 1 668 669 667
3658 2 2 1 1 676 2495 1157
3659 2 2 1 1 2353 2718 1019
3660 2 2 1 1 1092 2497 1361
3661 2 2 1 1 1122 1260 1125
3662 2 2 1 1 2220 2528 1211
3663 2 2 1 1 1415 2679 1281
3664 2 2 1 1 1778 2665 2258
3665 2 2 1 1 2282 2467 2210
3666 2 2 1 1 786 2145 603
3667 2 2 1 1 2283 2581 709
3668 2 2 1 1 889 2548 888
3669 2 2 1 1 2374 2600 959
3670 2 2 1 1 969 977 976
3671 2 2 1 1 1029 2597 975
3672 2 2 1 1 978 979 977
3673 2 2 1 1 1584 2635 1774
3674 2 2 1 1 1778 2641 2631
3675 2 2 1 1 1793 2650 2649
3676 2 2 1 1 252 536 251
3677 2 2 1 1 1377 1939 1710
3678 2 2 1 1 1681 2617 1636
3679 2 2 1 1 725 2246 723
3680 2 2 1 1 1228 1525 1524
3681 2 2 1 1 1340 1341 1339
3682 2 2 1 1 1682 2576 1681
3683 2 2 1 1 844 2261 846
3684 2 2 1 1 1590 2586 1376
3685 2 2 1 1 1588 2624 1586
3686 2 2 1 1 828 1601 765
3687 2 2 1 1 786 2168 2145
3688 2 2 1 1 929 2656 931
3689 2 2 1 1 1536 2602 1221
3690 2 2 1 1 1239 2166 1384
3691 2 2 1 1 1268 2481 1267
3692 2 2 1 1 1293 2443 1760
3693 2 2 1 1 1835 1836 1607
3694 2 2 1 1 935 2464 865
3695 2 2 1 1 943 2631 2414
3696 2 2 1 1 2512 2562 996
3697 2 2 1 1 1343 2623 1594
3698 2 2 1 1 1350 2627 2593
3699 2 2 1 1 2183 2518 1560
3700 2 2 1 1 1775 2666 2588
3701 2 2 1 1 917 2651 2635
3702 2 2 1 1 1651 2620 1893
3703 2 2 1 1 1157 2539 679
3704 2 2 1 1 688 2666 2663
3705 2 2 1 1 698 2500 706
3706 2 2 1 1 824 2349 1311
3707 2 2 1 1 883 2501 2465
3708 2 2 1 1 1278 2513 1909
3709 2 2 1 1 1313 2612 2447
3710 2 2 1 1 2476 2622 1335
3711 2 2 1 1 1949 2674 1673
3712 2 2 1 1 2313 2577 2312
3713 2 2 1 1 1309 2500 698
3714 2 2 1 1 1145 1146 834
3715 2 2 1 1 2478 2631 943
3716 2 2 1 1 1033 2618 1032
3717 2 2 1 1 1215 2449 1083
3718 2 2 1 1 1114 2497 1092
3719 2 2 1 1 2422 2566 1123
3720 2 2 1 1 2550 2606 1310
3721 2 2 1 1 1335 2622 2318
3722 2 2 1 1 1345 2623 1343
3723 2 2 1 1 2601 2627 1350
3724 2 2 1 1 1549 2609 1593
3725 2 2 1 1 1796 2580 1901
3726 2 2 1 1 2411 2560 2559
3727 2 2 1 1 2429 2642 2430
3728 2 2 1 1 1046 2298 767
3729 2 2 1 1 770 2715 2205
3730 2 2 1 1 1000 2591 1156
3731 2 2 1 1 2265 2654 1599
3732 2 2 1 1 2279 2281 2278
3733 2 2 1 1 2414 2641 911
3734 2 2 1 1 2596 2676 928
3735 2 2 1 1 1561 2498 1160
3736 2 2 1 1 2478 2665 2631
3737 2 2 1 1 639 2475 806
3738 2 2 1 1 2135 2574 2525
3739 2 2 1 1 2254 2685 2256
3740 2 2 1 1 1476 2629 1879
3741 2 2 1 1 751 2657 741
3742 2 2 1 1 1089 2568 2186
3743 2 2 1 1 726 2540 740
3744 2 2 1 1 913 2567 915
3745 2 2 1 1 1375 2603 1377
3746 2 2 1 1 1577 2609 1549
3747 2 2 1 1 1602 2653 1805
3748 2 2 1 1 2136 2574 2133
3749 2 2 1 1 2597 2683 2682
3750 2 2 1 1 1604 2657 820
3751 2 2 1 1 922 2628 920
3752 2 2 1 1 2010 2576 1739
3753 2 2 1 1 1207 2656 1791
3754 2 2 1 1 1555 2515 1557
3755 2 2 1 1 996 2562 1006
3756 2 2 1 1 1045 2610 1258
3757 2 2 1 1 1591 2623 1345
3758 2 2 1 1 1919 2709 1618
3759 2 2 1 1 289 2439 288
3760 2 2 1 1 2303 2543 440
3761 2 2 1 1 642 643 635
3762 2 2 1 1 718 2670 728
3763 2 2 1 1 807 2592 2433
3764 2 2 1 1 911 2641 2621
3765 2 2 1 1 1055 2416 1056
3766 2 2 1 1 1299 2626 1795
3767 2 2 1 1 1377 2603 1939
3768 2 2 1 1 1760 2607 1759
3769 2 2 1 1 835 1133 836
3770 2 2 1 1 1808 2706 2686
3771 2 2 1 1 2547 2584 670
3772 2 2 1 1 2545 2700 938
3773 2 2 1 1 1763 2332 1214
3774 2 2 1 1 1811 2707 1621
3775 2 2 1 1 1870 2679 2647
3776 2 2 1 1 2509 2606 2355
3777 2 2 1 1 984 2512 996
3778 2 2 1 1 1757 2659 1369
3779 2 2 1 1 1593 2621 1596
3780 2 2 1 1 1617 2715 2689
3781 2 2 1 1 1747 2674 1746
3782 2 2 1 1 2609 2703 2575
3783 2 2 1 1 1273 2579 1197
3784 2 2 1 1 2110 2112 1366
3785 2 2 1 1 2597 2682 1004
3786 2 2 1 1 1267 2481 1829
3787 2 2 1 1 612 2688 615
3788 2 2 1 1 2681 2701 919
3789 2 2 1 1 1200 2702 2374
3790 2 2 1 1 614 2599 618
3791 2 2 1 1 640 2249 645
3792 2 2 1 1 646 647 641
3793 2 2 1 1 647 2516 2475
3794 2 2 1 1 856 2455 1574
3795 2 2 1 1 1794 2625 1793
3796 2 2 1 1 2128 2394 2130
3797 2 2 1 1 2133 2574 2135
3798 2 2 1 1 1587 2667 1612
3799 2 2 1 1 714 2467 2282
3800 2 2 1 1 1062 2520 1065
3801 2 2 1 1 1742 2645 1547
3802 2 2 1 1 423 2439 289
3803 2 2 1 1 1242 2594 1187
3804 2 2 1 1 642 2613 643
3805 2 2 1 1 934 2708 2699
3806 2 2 1 1 1140 2658 1141
3807 2 2 1 1 1596 2641 1778
3808 2 2 1 1 804 2492 1079
3809 2 2 1 1 2674 2675 1673
3810 2 2 1 1 2372 2660 2353
3811 2 2 1 1 389 2303 388
3812 2 2 1 1 740 2540 752
3813 2 2 1 1 741 2657 770
3814 2 2 1 1 1601 2613 765
3815 2 2 1 1 934 2596 930
3816 2 2 1 1 1004 2667 2331
3817 2 2 1 1 1222 2695 2616
3818 2 2 1 1 1554 2546 2517
3819 2 2 1 1 1625 1870 1696
3820 2 2 1 1 1123 2566 778
3821 2 2 1 1 826 2582 2554
3822 2 2 1 1 928 2676 924
3823 2 2 1 1 604 606 605
3824 2 2 1 1 1281 2679 1383
3825 2 2 1 1 2461 2480 2446
3826 2 2 1 1 2616 2653 1308
3827 2 2 1 1 834 835 764
3828 2 2 1 1 2673 2685 967
3829 2 2 1 1 2563 2614 1020
3830 2 2 1 1 2537 2645 1031
3831 2 2 1 1 1593 2609 2575
3832 2 2 1 1 1594 2663 1775
3833 2 2 1 1 1616 2685 2673
3834 2 2 1 1 1739 2576 1682
3835 2 2 1 1 1880 2712 1742
3836 2 2 1 1 918 2701 921
3837 2 2 1 1 1210 2605 1009
3838 2 2 1 1 1308 2653 2408
3839 2 2 1 1 2659 2713 1619
3840 2 2 1 1 1712 2664 2658
3841 2 2 1 1 1066 2587 1069
3842 2 2 1 1 1561 2665 2478
3843 2 2 1 1 1242 2595 2594
3844 2 2 1 1 1610 2668 1609
3845 2 2 1 1 1802 2627 2601
3846 2 2 1 1 2393 2394 2128
3847 2 2 1 1 2552 2612 2297
3848 2 2 1 1 765 2613 642
3849 2 2 1 1 673 2666 671
3850 2 2 1 1 916 2651 917
3851 2 2 1 1 938 2700 2694
3852 2 2 1 1 990 2605 986
3853 2 2 1 1 1061 2520 1062
3854 2 2 1 1 1065 2587 1066
3855 2 2 1 1 1582 2507 2240
3856 2 2 1 1 1672 2646 1950
3857 2 2 1 1 1805 2653 2616
3858 2 2 1 1 1727 2661 1265
3859 2 2 1 1 2588 2666 673
3860 2 2 1 1 1358 2658 1140
3861 2 2 1 1 1625 2679 1870
3862 2 2 1 1 921 2687 923
3863 2 2 1 1 615 2688 2525
3864 2 2 1 1 1119 1497 1496
3865 2 2 1 1 2469 2627 1802
3866 2 2 1 1 1238 1239 1153
3867 2 2 1 1 1616 2673 1610
3868 2 2 1 1 1614 2683 1620
3869 2 2 1 1 2259 2677 2229
3870 2 2 1 1 844 846 845
3871 2 2 1 1 1264 2661 1521
3872 2 2 1 1 2682 2683 1614
3873 2 2 1 1 2687 2693 927
3874 2 2 1 1 671 2666 688
3875 2 2 1 1 688 2663 2334
3876 2 2 1 1 1369 2697 1642
3877 2 2 1 1 2568 2704 2186
3878 2 2 1 1 1698 2595 1242
3879 2 2 1 1 758 1145 834
3880 2 2 1 1 2420 2690 1791
3881 2 2 1 1 2151 2717 2149
3882 2 2 1 1 2374 2702 2600
3883 2 2 1 1 2675 2708 2634
3884 2 2 1 1 924 2676 925
3885 2 2 1 1 746 2615 814
3886 2 2 1 1 1009 2605 990
3887 2 2 1 1 1836 2678 1607
3888 2 2 1 1 1915 2630 1630
3889 2 2 1 1 2418 2530 1656
3890 2 2 1 1 2699 2708 2442
3891 2 2 1 1 2229 2677 2314
3892 2 2 1 1 1265 2661 1264
3893 2 2 1 1 752 2716 2306
3894 2 2 1 1 1515 2691 1352
3895 2 2 1 1 1712 2658 1358
3896 2 2 1 1 1792 2690 2260
3897 2 2 1 1 2362 2507 1582
3898 2 2 1 1 1795 2626 2259
3899 2 2 1 1 1661 2700 1652
3900 2 2 1 1 937 2656 1207
3901 2 2 1 1 575 576 572
3902 2 2 1 1 1787 2670 2544
3903 2 2 1 1 1606 2689 1604
3904 2 2 1 1 2454 2639 1726
3905 2 2 1 1 1050 1121 1120
3906 2 2 1 1 1152 1240 1238
3907 2 2 1 1 1965 2639 2454
3908 2 2 1 1 634 787 786
3909 2 2 1 1 2621 2641 1596
3910 2 2 1 1 830 2616 1308
3911 2 2 1 1 1300 2479 1078
3912 2 2 1 1 967 2685 2254
3913 2 2 1 1 1078 2479 1127
3914 2 2 1 1 2600 2673 967
3915 2 2 1 1 1597 2669 1787
3916 2 2 1 1 1019 2714 2373
3917 2 2 1 1 1589 2716 2169
3918 2 2 1 1 930 2596 928
3919 2 2 1 1 1612 2682 1614
3920 2 2 1 1 1607 2678 1608
3921 2 2 1 1 2186 2712 1476
3922 2 2 1 1 1806 2695 1869
3923 2 2 1 1 728 2670 2669
3924 2 2 1 1 2600 2702 2673
3925 2 2 1 1 2668 2702 1200
3926 2 2 1 1 1791 2690 1792
3927 2 2 1 1 1608 2678 1919
3928 2 2 1 1 2256 2705 2562
3929 2 2 1 1 926 2420 929
3930 2 2 1 1 2680 2691 1515
3931 2 2 1 1 2713 2715 1619
3932 2 2 1 1 1747 2708 2675
3933 2 2 1 1 2306 2698 2237
3934 2 2 1 1 1600 2692 2014
3935 2 2 1 1 799 2582 797
3936 2 2 1 1 2676 2696 925
3937 2 2 1 1 931 2656 937
3938 2 2 1 1 2645 2704 1031
3939 2 2 1 1 2683 2711 1620
3940 2 2 1 1 1020 2614 1021
3941 2 2 1 1 1919 2710 2709
3942 2 2 1 1 2325 2696 2326
3943 2 2 1 1 2596 2699 2326
3944 2 2 1 1 2447 2612 2552
3945 2 2 1 1 1316 2686 1318
3946 2 2 1 1 2221 2681 2220
3947 2 2 1 1 927 2690 2420
3948 2 2 1 1 2698 2716 1589
3949 2 2 1 1 1604 2689 2657
3950 2 2 1 1 1222 2616 830
3951 2 2 1 1 1525 2638 1908
3952 2 2 1 1 1686 1895 1687
3953 2 2 1 1 2326 2696 2676
3954 2 2 1 1 1029 2711 2683
3955 2 2 1 1 766 2671 1602
3956 2 2 1 1 927 2420 926
3957 2 2 1 1 1029 2683 2597
3958 2 2 1 1 1673 2694 1661
3959 2 2 1 1 2260 2693 2219
3960 2 2 1 1 2219 2693 2221
3961 2 2 1 1 1808 2684 1194
3962 2 2 1 1 2562 2705 1201
3963 2 2 1 1 1004 2682 2667
3964 2 2 1 1 2375 2711 1029
3965 2 2 1 1 1031 2704 2568
3966 2 2 1 1 1194 2684 2218
3967 2 2 1 1 1021 2614 1077
3968 2 2 1 1 934 2699 2596
3969 2 2 1 1 1621 2707 2153
3970 2 2 1 1 2673 2702 1610
3971 2 2 1 1 2246 2713 2247
3972 2 2 1 1 1201 2705 2365
3973 2 2 1 1 2697 2709 1642
3974 2 2 1 1 1291 2638 1228
3975 2 2 1 1 1663 2672 2046
3976 2 2 1 1 797 2582 826
3977 2 2 1 1 2667 2682 1612
3978 2 2 1 1 1665 2672 1663
3979 2 2 1 1 1620 2711 1810
3980 2 2 1 1 1618 2709 2697
3981 2 2 1 1 2675 2694 1673
3982 2 2 1 1 933 2634 934
3983 2 2 1 1 1610 2702 2668
3984 2 2 1 1 2375 2714 2711
3985 2 2 1 1 2634 2708 934
3986 2 2 1 1 2575 2703 2567
3987 2 2 1 1 1318 2706 1890
3988 2 2 1 1 921 2701 2687
3989 2 2 1 1 2669 2670 1787
3990 2 2 1 1 2659 2697 1369
3991 2 2 1 1 2657 2689 770
3992 2 2 1 1 938 2634 933
3993 2 2 1 1 2541 2671 747
3994 2 2 1 1 1742 2704 2645
3995 2 2 1 1 2567 2703 919
3996 2 2 1 1 2711 2714 1810
3997 2 2 1 1 2221 2693 2687
3998 2 2 1 1 2686 2706 1318
3999 2 2 1 1 2373 2714 2375
4000 2 2 1 1 1228 2638 1525
4001 2 2 1 1 2442 2708 1747
4002 2 2 1 1 2694 2700 1661
4003 2 2 1 1 747 2671 766
4004 2 2 1 1 2687 2701 2221
4005 2 2 1 1 2306 2716 2698
4006 2 2 1 1 2221 2701 2681
4007 2 2 1 1 1619 2715 1617
4008 2 2 1 1 1810 2718 1811
4009 2 2 1 1 2201 2719 1523
4010 2 2 1 1 634 786 603
4011 2 2 1 1 1019 2718 2714
4012 2 2 1 1 844 845 843
4013 2 2 1 1 604 605 602
4014 2 2 1 1 1059 2720 2368
4015 2 2 1 1 1917 2719 2201
4016 2 2 1 1 1119 1496 1049
4017 2 2 1 1 758 834 764
4018 2 2 1 1 1152 1238 1153
4019 2 2 1 1 570 575 572
4020 2 2 1 1 1050 1120 1119
4021 2 2 1 1 2714 2718 1810
4022 2 2 1 1 2294 2720 1059
4023 2 2 1 1 1686 1687 1644
4024 2 2 1 1 842 844 843
4025 2 2 1 1 603 604 602
4026 2 2 1 1 1501 2139 842
4027 2 2 1 1 601 634 603
4028 2 2 1 1 2132 2722 1076
4029 2 2 1 1 1050 1119 1049
4030 2 2 1 1 756 2147 758
4031 2 2 1 1 570 572 571
4032 2 2 1 1 1152 1153 1151
4033 2 2 1 1 1150 2662 1152
4034 2 2 1 1 758 764 757
4035 2 2 1 1 2139 2721 2262
4036 2 2 1 1 1643 1686 1644
4037 2 2 1 1 1644 1731 1440
4038 2 2 1 1 2262 2721 2089
4039 2 2 1 1 601 603 602
4040 2 2 1 1 1683 2024 2023
4041 2 2 1 1 842 843 841
4042 2 2 1 1 855 2116 839
4043 2 2 1 1 840 1501 842
4044 2 2 1 1 1831 1966 1832
4045 2 2 1 1 1150 1152 1151
4046 2 2 1 1 819 1050 1049
4047 2 2 1 1 1151 1752 1149
4048 2 2 1 1 756 758 757
4049 2 2 1 1 757 771 754
4050 2 2 1 1 570 571 568
4051 2 2 1 1 2089 2721 2094
4052 2 2 1 1 2134 2722 2132
4053 2 2 1 1 791 2723 1041
4054 2 2 1 1 1643 1644 1440
4055 2 2 1 1 2144 2722 2134
4056 2 2 1 1 1831 1832 1115
4057 2 2 1 1 784 2118 2117
4058 2 2 1 1 601 602 600
4059 2 2 1 1 1683 2023 1831
4060 2 2 1 1 840 842 841
4061 2 2 1 1 841 855 839
4062 2 2 1 1 1041 2723 1266
4063 2 2 1 1 753 2123 1150
4064 2 2 1 1 756 757 754
4065 2 2 1 1 819 1049 818
4066 2 2 1 1 569 570 568
4067 2 2 1 1 1150 1151 1149
4068 2 2 1 1 1439 1643 1440
4069 2 2 1 1 2001 2055 1507
4070 2 2 1 1 600 785 598
4071 2 2 1 1 784 2117 599
4072 2 2 1 1 840 841 839
4073 2 2 1 1 1683 1831 1115
4074 2 2 1 1 599 601 600
4075 2 2 1 1 568 2122 567
4076 2 2 1 1 574 756 754
4077 2 2 1 1 753 1150 1149
4078 2 2 1 1 566 569 568
4079 2 2 1 1 567 819 818
4080 2 2 1 1 1507 2108 1435
4081 2 2 1 1 1819 1967 1820
4082 2 2 1 1 1439 1440 1432
4083 2 2 1 1 1506 2001 1507
4084 2 2 1 1 1431 1441 1439
4085 2 2 1 1 1266 2724 1374
4086 2 2 1 1 783 840 839
4087 2 2 1 1 599 600 598
4088 2 2 1 1 597 784 599
4089 2 2 1 1 838 1683 1115
4090 2 2 1 1 1753 2725 2111
4091 2 2 1 1 753 1149 573
4092 2 2 1 1 574 754 753
4093 2 2 1 1 567 818 565
4094 2 2 1 1 566 568 567
4095 2 2 1 1 1374 2724 1665
4096 2 2 1 1 2114 2725 1753
4097 2 2 1 1 836 2726 2143
4098 2 2 1 1 1134 2726 836
4099 2 2 1 1 2112 2726 1366
4100 2 2 1 1 1506 1507 1435
4101 2 2 1 1 1431 1439 1432
4102 2 2 1 1 1432 1436 1429
4103 2 2 1 1 1819 1820 1434
4104 2 2 1 1 783 839 838
4105 2 2 1 1 597 599 598
4106 2 2 1 1 838 1115 782
4107 2 2 1 1 1366 2726 1134
4108 2 2 1 1 574 753 573
4109 2 2 1 1 566 567 565
4110 2 2 1 1 1435 1819 1434
4111 2 2 1 1 1428 1506 1435
4112 2 2 1 1 1431 1432 1429
4113 2 2 1 1 783 838 782
4114 2 2 1 1 597 598 596
4115 2 2 1 1 563 566 565
4116 2 2 1 1 564 574 573
4117 2 2 1 1 1428 1435 1434
4118 2 2 1 1 1427 1431 1429
4119 2 2 1 1 595 597 596
4120 2 2 1 1 596 617 594
4121 2 2 1 1 2095 2109 781
4122 2 2 1 1 781 783 782
4123 2 2 1 1 564 573 562
4124 2 2 1 1 563 565 561
4125 2 2 1 1 562 2105 563
4126 2 2 1 1 1427 1429 1426
4127 2 2 1 1 1426 2101 1428
4128 2 2 1 1 1428 1434 1425
4129 2 2 1 1 1751 2728 1386
4130 2 2 1 1 1287 2728 1286
4131 2 2 1 1 593 2095 781
4132 2 2 1 1 595 596 594
4133 2 2 1 1 781 782 779
4134 2 2 1 1 562 563 561
4135 2 2 1 1 560 564 562
4136 2 2 1 1 2095 2727 2109
4137 2 2 1 1 1386 2728 1287
4138 2 2 1 1 1424 1427 1426
4139 2 2 1 1 1426 1428 1425
4140 2 2 1 1 1751 2730 2728
4141 2 2 1 1 613 2741 2091
4142 2 2 1 1 2728 2730 2142
4143 2 2 1 1 2142 2729 2107
4144 2 2 1 1 592 595 594
4145 2 2 1 1 593 781 779
4146 2 2 1 1 2535 2731 2533
4147 2 2 1 1 560 562 561
4148 2 2 1 1 2142 2730 2729
4149 2 2 1 1 1036 2733 2098
4150 2 2 1 1 2188 2730 1751
4151 2 2 1 1 2533 2731 1509
4152 2 2 1 1 1424 1426 1425
4153 2 2 1 1 2731 2732 1509
4154 2 2 1 1 1509 2732 2098
4155 2 2 1 1 592 594 593
4156 2 2 1 1 593 779 591
4157 2 2 1 1 2098 2733 2099
4158 2 2 1 1 559 2100 2078
4159 2 2 1 1 560 561 559
4160 2 2 1 1 2450 2735 2734
4161 2 2 1 1 2099 2733 2191
4162 2 2 1 1 2450 2734 1285
4163 2 2 1 1 784 2736 2118
4164 2 2 1 1 2724 2736 1665
4165 2 2 1 1 1423 2097 1433
4166 2 2 1 1 1424 1425 1423
4167 2 2 1 1 1285 2737 825
4168 2 2 1 1 592 593 591
4169 2 2 1 1 2118 2736 2724
4170 2 2 1 1 2734 2742 1285
4171 2 2 1 1 558 560 559
4172 2 2 1 1 559 2078 557
4173 2 2 1 1 1622 2739 2311
4174 2 2 1 1 630 2739 629
4175 2 2 1 1 825 2737 1622
4176 2 2 1 1 1749 2740 2083
4177 2 2 1 1 616 2741 613
4178 2 2 1 1 2100 2738 2078
4179 2 2 1 1 1715 1938 1717
4180 2 2 1 1 1423 1433 1421
4181 2 2 1 1 1422 1424 1423
4182 2 2 1 1 1717 1911 1438
4183 2 2 1 1 1430 2081 1422
4184 2 2 1 1 2311 2739 630
4185 2 2 1 1 2737 2743 1622
4186 2 2 1 1 2323 2742 2324
4187 2 2 1 1 2085 2740 1749
4188 2 2 1 1 622 2741 616
4189 2 2 1 1 2324 2742 2734
4190 2 2 1 1 1499 2743 1812
4191 2 2 1 1 1812 2743 2737
4192 2 2 1 1 590 592 591
4193 2 2 1 1 780 2080 590
4194 2 2 1 1 2076 2077 623
4195 2 2 1 1 558 559 557
4196 2 2 1 1 1812 2742 2323
4197 2 2 1 1 2083 2743 1499
4198 2 2 1 1 2025 2027 2026
4199 2 2 1 1 1715 1717 1438
4200 2 2 1 1 1420 1430 1422
4201 2 2 1 1 1437 1716 1715
4202 2 2 1 1 1422 1423 1421
4203 2 2 1 1 1665 2744 2672
4204 2 2 1 1 2080 2744 2086
4205 2 2 1 1 564 2745 574
4206 2 2 1 1 756 2745 2147
4207 2 2 1 1 2086 2744 2736
4208 2 2 1 1 1444 2748 1445
4209 2 2 1 1 590 591 589
4210 2 2 1 1 589 2076 623
4211 2 2 1 1 588 780 590
4212 2 2 1 1 557 1233 555
4213 2 2 1 1 579 2072 556
4214 2 2 1 1 556 558 557
4215 2 2 1 1 2736 2744 1665
4216 2 2 1 1 574 2745 756
4217 2 2 1 1 2004 2006 2005
4218 2 2 1 1 2005 2065 1872
4219 2 2 1 1 2025 2026 1928
4220 2 2 1 1 1437 1715 1438
4221 2 2 1 1 1420 1422 1421
4222 2 2 1 1 589 623 587
4223 2 2 1 1 588 590 589
4224 2 2 1 1 554 579 556
4225 2 2 1 1 556 557 555
4226 2 2 1 1 1982 1983 1848
4227 2 2 1 1 2072 2746 2075
4228 2 2 1 1 2004 2005 1872
4229 2 2 1 1 1890 3121 2063
4230 2 2 1 1 1437 1438 1418
4231 2 2 1 1 1419 2067 1437
4232 2 2 1 1 1420 1421 1419
4233 2 2 1 1 1929 2025 1928
4234 2 2 1 1 586 2079 588
4235 2 2 1 1 588 589 587
4236 2 2 1 1 2053 2054 1972
4237 2 2 1 1 554 556 555
4238 2 2 1 1 1978 2862 1979
4239 2 2 1 1 1846 1982 1848
4240 2 2 1 1 242 3113 2185
4241 2 2 1 1 1705 1973 1912
4242 2 2 1 1 1445 2748 1448
4243 2 2 1 1 1736 2004 1872
4244 2 2 1 1 1872 1873 1871
4245 2 2 1 1 1633 1690 1413
4246 2 2 1 1 1685 1853 549
4247 2 2 1 1 1443 1929 1928
4248 2 2 1 1 1417 1420 1419
4249 2 2 1 1 1419 1437 1418
4250 2 2 1 1 1448 2748 1955
4251 2 2 1 1 1713 3020 1925
4252 2 2 1 1 1169 2750 1170
4253 2 2 1 1 1173 2750 1183
4254 2 2 1 1 586 588 587
4255 2 2 1 1 1899 2008 1488
4256 2 2 1 1 1490 1994 1993
4257 2 2 1 1 1943 2053 1972
4258 2 2 1 1 554 555 552
4259 2 2 1 1 2061 2751 2192
4260 2 2 1 1 1771 2751 1773
4261 2 2 1 1 1845 1847 1846
4262 2 2 1 1 1846 1848 1844
4263 2 2 1 1 2022 3039 2762
4264 2 2 1 1 1914 2755 1648
4265 2 2 1 1 1649 2755 2620
4266 2 2 1 1 1705 1912 1748
4267 2 2 1 1 1748 2037 1704
4268 2 2 1 1 1736 1872 1871
4269 2 2 1 1 1871 1922 1724
4270 2 2 1 1 1899 3088 2008
4271 2 2 1 1 1412 1633 1413
4272 2 2 1 1 1170 2750 1173
4273 2 2 1 1 2178 2758 1640
4274 2 2 1 1 548 1685 549
4275 2 2 1 1 550 2015 548
4276 2 2 1 1 2030 3156 408
4277 2 2 1 1 290 2769 423
4278 2 2 1 1 2602 2777 1222
4279 2 2 1 1 2695 2777 1869
4280 2 2 1 1 2057 2816 511
4281 2 2 1 1 2074 2778 1495
4282 2 2 1 1 1417 1419 1418
4283 2 2 1 1 1443 1928 1927
4284 2 2 1 1 1987 3135 471
4285 2 2 1 1 1253 2778 1637
4286 2 2 1 1 1495 2778 1147
4287 2 2 1 1 2192 2751 1771
4288 2 2 1 1 1655 2991 1403
4289 2 2 1 1 1836 2753 2678
4290 2 2 1 1 1764 2780 1583
4291 2 2 1 1 742 2780 2526
4292 2 2 1 1 2917 3164 3143
4293 2 2 1 1 855 2781 2116
4294 2 2 1 1 585 2960 1093
4295 2 2 1 1 1460 1905 1904
4296 2 2 1 1 1648 2755 1649
4297 2 2 1 1 1410 2817 1409
4298 2 2 1 1 159 2905 39
4299 2 2 1 1 1891 3094 1878
4300 2 2 1 1 2344 2757 1725
4301 2 2 1 1 2439 2867 506
4302 2 2 1 1 1699 2785 1944
4303 2 2 1 1 1640 2758 2017
4304 2 2 1 1 1877 1975 1891
4305 2 2 1 1 584 1132 586
4306 2 2 1 1 586 587 585
4307 2 2 1 1 3019 3123 3013
4308 2 2 1 1 291 2769 290
4309 2 2 1 1 1222 2777 2695
4310 2 2 1 1 1865 1899 1488
4311 2 2 1 1 1490 1993 1946
4312 2 2 1 1 1943 1972 1838
4313 2 2 1 1 553 554 552
4314 2 2 1 1 1367 2788 2450
4315 2 2 1 1 1854 3012 1917
4316 2 2 1 1 2543 3024 2171
4317 2 2 1 1 1147 2778 1253
4318 2 2 1 1 1845 1846 1844
4319 2 2 1 1 1719 3080 539
4320 2 2 1 1 1030 2884 2039
4321 2 2 1 1 2832 2893 432
4322 2 2 1 1 2506 2790 2111
4323 2 2 1 1 450 3140 2014
4324 2 2 1 1 443 2794 2437
4325 2 2 1 1 1894 2791 1659
4326 2 2 1 1 1660 2791 2646
4327 2 2 1 1 1378 2792 1590
4328 2 2 1 1 2750 3138 1183
4329 2 2 1 1 2526 2780 1764
4330 2 2 1 1 1857 2794 1856
4331 2 2 1 1 2021 2829 2022
4332 2 2 1 1 2116 2781 2024
4333 2 2 1 1 1112 2795 1451
4334 2 2 1 1 1118 2795 1034
4335 2 2 1 1 245 2763 244
4336 2 2 1 1 304 2765 303
4337 2 2 1 1 227 2760 226
4338 2 2 1 1 305 510 304
4339 2 2 1 1 235 509 234
4340 2 2 1 1 246 530 245
4341 2 2 1 1 312 2759 311
4342 2 2 1 1 316 1677 315
4343 2 2 1 1 318 540 317
4344 2 2 1 1 240 2761 239
4345 2 2 1 1 230 458 229
4346 2 2 1 1 241 416 240
4347 2 2 1 1 247 2762 246
4348 2 2 1 1 303 415 302
4349 2 2 1 1 309 511 308
4350 2 2 1 1 311 541 310
4351 2 2 1 1 314 1863 313
4352 2 2 1 1 228 512 227
4353 2 2 1 1 239 513 238
4354 2 2 1 1 300 459 299
4355 2 2 1 1 307 446 306
4356 2 2 1 1 320 524 319
4357 2 2 1 1 233 430 232
4358 2 2 1 1 236 2764 235
4359 2 2 1 1 237 404 236
4360 2 2 1 1 244 469 243
4361 2 2 1 1 229 2767 228
4362 2 2 1 1 319 2766 318
4363 2 2 1 1 655 2796 657
4364 2 2 1 1 313 2768 312
4365 2 2 1 1 2324 2797 1142
4366 2 2 1 1 1646 2798 2506
4367 2 2 1 1 203 2821 202
4368 2 2 1 1 2054 3138 2750
4369 2 2 1 1 212 517 211
4370 2 2 1 1 221 465 220
4371 2 2 1 1 335 2770 334
4372 2 2 1 1 207 450 206
4373 2 2 1 1 210 432 209
4374 2 2 1 1 214 411 213
4375 2 2 1 1 223 533 222
4376 2 2 1 1 330 437 329
4377 2 2 1 1 332 519 331
4378 2 2 1 1 216 518 215
4379 2 2 1 1 218 434 217
4380 2 2 1 1 325 514 324
4381 2 2 1 1 327 456 326
4382 2 2 1 1 334 433 333
4383 2 2 1 1 336 515 335
4384 2 2 1 1 338 438 337
4385 2 2 1 1 341 448 340
4386 2 2 1 1 343 516 342
4387 2 2 1 1 337 2771 336
4388 2 2 1 1 342 2772 341
4389 2 2 1 1 204 493 203
4390 2 2 1 1 333 2773 332
4391 2 2 1 1 329 2774 328
4392 2 2 1 1 324 2776 323
4393 2 2 1 1 331 2775 330
4394 2 2 1 1 1629 2800 2534
4395 2 2 1 1 173 2927 75
4396 2 2 1 1 387 2801 386
4397 2 2 1 1 1921 3004 1933
4398 2 2 1 1 1705 1748 1704
4399 2 2 1 1 269 2802 488
4400 2 2 1 1 2436 2802 270
4401 2 2 1 1 1789 3151 3114
4402 2 2 1 1 2734 2803 2324
4403 2 2 1 1 2646 2951 1950
4404 2 2 1 1 1736 1871 1724
4405 2 2 1 1 403 1400 1399
4406 2 2 1 1 1412 1413 1411
4407 2 2 1 1 436 1462 1412
4408 2 2 1 1 118 442 183
4409 2 2 1 1 2019 2998 1359
4410 2 2 1 1 1542 2784 1691
4411 2 2 1 1 547 550 548
4412 2 2 1 1 548 549 466
4413 2 2 1 1 2174 2785 1699
4414 2 2 1 1 1901 3077 1940
4415 2 2 1 1 1995 2799 1996
4416 2 2 1 1 2043 2929 1685
4417 2 2 1 1 2028 3182 1069
4418 2 2 1 1 1681 2808 2617
4419 2 2 1 1 1117 3006 1983
4420 2 2 1 1 2000 2799 1995
4421 2 2 1 1 1667 2812 2185
4422 2 2 1 1 2300 2812 1666
4423 2 2 1 1 1846 2826 1982
4424 2 2 1 1 1926 2878 2822
4425 2 2 1 1 2020 2891 2038
4426 2 2 1 1 168 2021 1639
4427 2 2 1 1 1698 2893 2573
4428 2 2 1 1 1442 2007 1443
4429 2 2 1 1 1417 1418 464
4430 2 2 1 1 1443 1927 429
4431 2 2 1 1 1460 2977 1905
4432 2 2 1 1 551 3107 60
4433 2 2 1 1 1875 2817 1728
4434 2 2 1 1 2922 3065 1849
4435 2 2 1 1 1960 2818 2481
4436 2 2 1 1 273 2918 2165
4437 2 2 1 1 2450 2788 2735
4438 2 2 1 1 1642 2819 1837
4439 2 2 1 1 2710 2819 2709
4440 2 2 1 1 1726 2823 1977
4441 2 2 1 1 2063 3121 2858
4442 2 2 1 1 1255 2824 1212
4443 2 2 1 1 358 2825 406
4444 2 2 1 1 2848 3156 2007
4445 2 2 1 1 1657 2827 1741
4446 2 2 1 1 2572 3028 411
4447 2 2 1 1 1714 2789 1711
4448 2 2 1 1 2111 2790 1645
4449 2 2 1 1 1638 2828 1737
4450 2 2 1 1 2789 2792 1711
4451 2 2 1 1 2043 2859 495
4452 2 2 1 1 1659 2791 1660
4453 2 2 1 1 1724 1921 1723
4454 2 2 1 1 490 1921 1722
4455 2 2 1 1 1416 2877 1417
4456 2 2 1 1 1711 2792 1378
4457 2 2 1 1 1826 3054 2929
4458 2 2 1 1 518 3173 2063
4459 2 2 1 1 2063 3173 1890
4460 2 2 1 1 198 2783 135
4461 2 2 1 1 2216 3183 1954
4462 2 2 1 1 501 2827 2392
4463 2 2 1 1 1885 3041 2477
4464 2 2 1 1 2157 2794 1857
4465 2 2 1 1 303 2765 415
4466 2 2 1 1 530 2763 245
4467 2 2 1 1 244 2763 469
4468 2 2 1 1 239 2761 513
4469 2 2 1 1 235 2764 509
4470 2 2 1 1 510 2765 304
4471 2 2 1 1 246 2762 530
4472 2 2 1 1 512 2760 227
4473 2 2 1 1 311 2759 541
4474 2 2 1 1 318 2766 540
4475 2 2 1 1 524 2766 319
4476 2 2 1 1 228 2767 512
4477 2 2 1 1 416 2761 240
4478 2 2 1 1 404 2764 236
4479 2 2 1 1 458 2767 229
4480 2 2 1 1 312 2768 2759
4481 2 2 1 1 1863 2768 313
4482 2 2 1 1 413 2833 2390
4483 2 2 1 1 2177 2825 1884
4484 2 2 1 1 1034 2795 1112
4485 2 2 1 1 808 2796 655
4486 2 2 1 1 1996 2799 1999
4487 2 2 1 1 1142 2797 1818
4488 2 2 1 1 2337 3170 2338
4489 2 2 1 1 437 2774 329
4490 2 2 1 1 515 2770 335
4491 2 2 1 1 334 2770 433
4492 2 2 1 1 336 2771 515
4493 2 2 1 1 341 2772 448
4494 2 2 1 1 332 2773 519
4495 2 2 1 1 519 2775 331
4496 2 2 1 1 433 2773 333
4497 2 2 1 1 438 2771 337
4498 2 2 1 1 516 2772 342
4499 2 2 1 1 330 2775 437
4500 2 2 1 1 514 2776 324
4501 2 2 1 1 1855 2798 1646
4502 2 2 1 1 263 2835 494
4503 2 2 1 1 528 2835 264
4504 2 2 1 1 1706 2784 1858
4505 2 2 1 1 1403 3184 1655
4506 2 2 1 1 1655 3184 1400
4507 2 2 1 1 2807 2966 431
4508 2 2 1 1 1414 1968 1460
4509 2 2 1 1 1460 1904 1459
4510 2 2 1 1 2009 2822 2011
4511 2 2 1 1 2044 2864 1470
4512 2 2 1 1 2636 2800 1629
4513 2 2 1 1 3020 3175 1925
4514 2 2 1 1 2771 2800 515
4515 2 2 1 1 440 2801 387
4516 2 2 1 1 3054 3161 2929
4517 2 2 1 1 254 2840 546
4518 2 2 1 1 538 2840 255
4519 2 2 1 1 2338 3170 2787
4520 2 2 1 1 2971 2999 421
4521 2 2 1 1 270 2802 269
4522 2 2 1 1 2059 2846 1664
4523 2 2 1 1 1662 2846 2243
4524 2 2 1 1 2735 2803 2734
4525 2 2 1 1 2573 2893 2832
4526 2 2 1 1 1965 2906 2639
4527 2 2 1 1 3063 3131 2772
4528 2 2 1 1 2428 2851 2280
4529 2 2 1 1 1483 3037 2749
4530 2 2 1 1 2000 3064 2799
4531 2 2 1 1 168 1639 169
4532 2 2 1 1 2069 2856 1716
4533 2 2 1 1 2073 2828 1637
4534 2 2 1 1 2048 2828 2073
4535 2 2 1 1 550 3094 3019
4536 2 2 1 1 252 2855 536
4537 2 2 1 1 546 2855 253
4538 2 2 1 1 516 3063 2772
4539 2 2 1 1 585 1093 583
4540 2 2 1 1 584 586 585
4541 2 2 1 1 1715 2856 1938
4542 2 2 1 1 2800 2850 515
4543 2 2 1 1 2572 2858 2570
4544 2 2 1 1 469 2954 2184
4545 2 2 1 1 3037 3063 516
4546 2 2 1 1 1964 2857 1446
4547 2 2 1 1 2234 2902 2235
4548 2 2 1 1 2796 2910 657
4549 2 2 1 1 2341 2810 2342
4550 2 2 1 1 352 2863 351
4551 2 2 1 1 2034 2035 480
4552 2 2 1 1 1436 2944 2102
4553 2 2 1 1 2759 2768 1735
4554 2 2 1 1 1390 2860 1463
4555 2 2 1 1 1817 2899 2050
4556 2 2 1 1 2576 2808 1681
4557 2 2 1 1 1472 2809 2619
4558 2 2 1 1 1703 2853 397
4559 2 2 1 1 410 1865 1488
4560 2 2 1 1 1488 1674 1487
4561 2 2 1 1 2999 3001 1892
4562 2 2 1 1 1961 2867 1684
4563 2 2 1 1 406 3130 2425
4564 2 2 1 1 191 475 192
4565 2 2 1 1 192 2793 193
4566 2 2 1 1 194 468 195
4567 2 2 1 1 189 522 190
4568 2 2 1 1 186 2782 119
4569 2 2 1 1 1490 1946 1489
4570 2 2 1 1 539 1951 1828
4571 2 2 1 1 2860 3055 1959
4572 2 2 1 1 2213 3035 467
4573 2 2 1 1 1693 2811 1695
4574 2 2 1 1 1355 2890 2053
4575 2 2 1 1 2243 3187 2244
4576 2 2 1 1 1704 2811 1703
4577 2 2 1 1 1825 1862 428
4578 2 2 1 1 1824 1932 1825
4579 2 2 1 1 1061 2873 2520
4580 2 2 1 1 418 2874 366
4581 2 2 1 1 365 2874 500
4582 2 2 1 1 2018 2964 2300
4583 2 2 1 1 1392 2837 2000
4584 2 2 1 1 1420 2877 1430
4585 2 2 1 1 1671 2875 2223
4586 2 2 1 1 353 2876 352
4587 2 2 1 1 2917 3143 1902
4588 2 2 1 1 1838 2747 395
4589 2 2 1 1 1823 1943 1838
4590 2 2 1 1 1666 2812 1667
4591 2 2 1 1 1928 2881 1927
4592 2 2 1 1 2888 3016 2059
4593 2 2 1 1 2055 2880 1507
4594 2 2 1 1 2878 3175 532
4595 2 2 1 1 1789 2882 1254
4596 2 2 1 1 552 1990 551
4597 2 2 1 1 419 553 552
4598 2 2 1 1 494 2883 262
4599 2 2 1 1 511 2816 308
4600 2 2 1 1 307 2816 446
4601 2 2 1 1 2013 3074 2860
4602 2 2 1 1 932 2884 878
4603 2 2 1 1 876 2884 1030
4604 2 2 1 1 79 486 77
4605 2 2 1 1 2071 2924 2070
4606 2 2 1 1 2776 3134 2845
4607 2 2 1 1 1728 2817 1992
4608 2 2 1 1 1402 2857 1398
4609 2 2 1 1 1679 2830 1669
4610 2 2 1 1 419 1957 553
4611 2 2 1 1 1735 2813 2759
4612 2 2 1 1 1106 2885 1243
4613 2 2 1 1 2784 2853 1691
4614 2 2 1 1 1720 2886 2096
4615 2 2 1 1 1843 1845 1844
4616 2 2 1 1 2481 2818 1829
4617 2 2 1 1 1956 3133 2195
4618 2 2 1 1 2490 3117 1627
4619 2 2 1 1 2039 2900 1781
4620 2 2 1 1 2430 3145 528
4621 2 2 1 1 2709 2819 1642
4622 2 2 1 1 1195 2890 1355
4623 2 2 1 1 1183 2890 1184
4624 2 2 1 1 1030 2891 2357
4625 2 2 1 1 1776 2891 2020
4626 2 2 1 1 1816 2852 1953
4627 2 2 1 1 2216 3008 2215
4628 2 2 1 1 2222 2894 2224
4629 2 2 1 1 2110 2895 1989
4630 2 2 1 1 372 2896 435
4631 2 2 1 1 2244 2897 1727
4632 2 2 1 1 2661 2897 1980
4633 2 2 1 1 1075 2872 1073
4634 2 2 1 1 1740 2822 2009
4635 2 2 1 1 2639 2823 1726
4636 2 2 1 1 457 1886 545
4637 2 2 1 1 478 2957 2436
4638 2 2 1 1 1212 2824 1263
4639 2 2 1 1 308 2816 307
4640 2 2 1 1 359 2825 358
4641 2 2 1 1 2583 2900 932
4642 2 2 1 1 1781 2900 1779
4643 2 2 1 1 2847 2956 1905
4644 2 2 1 1 505 2938 2341
4645 2 2 1 1 2050 2899 1464
4646 2 2 1 1 445 2863 2064
4647 2 2 1 1 2064 2863 1861
4648 2 2 1 1 260 2901 470
4649 2 2 1 1 2636 2850 2800
4650 2 2 1 1 517 2832 211
4651 2 2 1 1 210 2832 432
4652 2 2 1 1 2236 2902 2234
4653 2 2 1 1 2443 2902 1760
4654 2 2 1 1 1702 2903 2199
4655 2 2 1 1 1688 2827 1657
4656 2 2 1 1 1486 1902 95
4657 2 2 1 1 1395 2787 1393
4658 2 2 1 1 1940 2907 2322
4659 2 2 1 1 1847 2826 1846
4660 2 2 1 1 1979 2910 2796
4661 2 2 1 1 2439 3022 2867
4662 2 2 1 1 2951 3096 1950
4663 2 2 1 1 327 2834 456
4664 2 2 1 1 2774 2834 328
4665 2 2 1 1 1260 2908 1969
4666 2 2 1 1 1154 2908 1122
4667 2 2 1 1 1637 2828 1638
4668 2 2 1 1 2801 2985 386
4669 2 2 1 1 1069 2941 2029
4670 2 2 1 1 659 2910 742
4671 2 2 1 1 1893 3124 1894
4672 2 2 1 1 1709 2911 2290
4673 2 2 1 1 2757 2895 1725
4674 2 2 1 1 828 2914 1601
4675 2 2 1 1 1275 2914 1051
4676 2 2 1 1 1710 2915 1713
4677 2 2 1 1 1454 2917 1453
4678 2 2 1 1 274 2918 273
4679 2 2 1 1 511 3180 2056
4680 2 2 1 1 1838 2962 2747
4681 2 2 1 1 2304 2919 1743
4682 2 2 1 1 2735 2841 2803
4683 2 2 1 1 2217 3008 2216
4684 2 2 1 1 472 2786 1987
4685 2 2 1 1 2065 3162 524
4686 2 2 1 1 2760 2842 226
4687 2 2 1 1 320 2843 524
4688 2 2 1 1 521 2922 2642
4689 2 2 1 1 2970 3116 2904
4690 2 2 1 1 2052 2935 446
4691 2 2 1 1 1319 3105 1229
4692 2 2 1 1 841 2925 855
4693 2 2 1 1 1991 3189 1215
4694 2 2 1 1 1689 2831 2050
4695 2 2 1 1 223 2844 533
4696 2 2 1 1 2776 2845 323
4697 2 2 1 1 1967 2924 1820
4698 2 2 1 1 1674 3041 1885
4699 2 2 1 1 183 2805 184
4700 2 2 1 1 2759 2813 541
4701 2 2 1 1 2390 2833 2391
4702 2 2 1 1 1961 3146 2473
4703 2 2 1 1 2031 3140 208
4704 2 2 1 1 2894 3002 2760
4705 2 2 1 1 493 2821 203
4706 2 2 1 1 1693 2853 2811
4707 2 2 1 1 2784 3021 1858
4708 2 2 1 1 2935 3010 510
4709 2 2 1 1 1991 3005 2868
4710 2 2 1 1 513 3122 2017
4711 2 2 1 1 447 2936 292
4712 2 2 1 1 1744 2898 2844
4713 2 2 1 1 2969 3120 1951
4714 2 2 1 1 2772 3131 448
4715 2 2 1 1 284 2938 505
4716 2 2 1 1 407 2938 285
4717 2 2 1 1 2172 3066 2171
4718 2 2 1 1 2011 3036 529
4719 2 2 1 1 2423 2940 2424
4720 2 2 1 1 2831 3025 2527
4721 2 2 1 1 470 2942 259
4722 2 2 1 1 258 2942 504
4723 2 2 1 1 301 2909 300
4724 2 2 1 1 264 2835 263
4725 2 2 1 1 1394 2994 1458
4726 2 2 1 1 1356 3024 2281
4727 2 2 1 1 507 2875 2045
4728 2 2 1 1 405 1705 1704
4729 2 2 1 1 211 2832 210
4730 2 2 1 1 1432 2944 1436
4731 2 2 1 1 1731 2944 1440
4732 2 2 1 1 1917 2948 2719
4733 2 2 1 1 248 2973 247
4734 2 2 1 1 623 2960 587
4735 2 2 1 1 1770 2945 2459
4736 2 2 1 1 1470 2864 2489
4737 2 2 1 1 1836 2866 2753
4738 2 2 1 1 230 2866 458
4739 2 2 1 1 348 2951 489
4740 2 2 1 1 1730 2954 1915
4741 2 2 1 1 2184 2954 2183
4742 2 2 1 1 2692 2955 2014
4743 2 2 1 1 2200 2955 1813
4744 2 2 1 1 513 2871 238
4745 2 2 1 1 237 2871 404
4746 2 2 1 1 1814 2957 1623
4747 2 2 1 1 61 3107 1827
4748 2 2 1 1 1227 3041 2008
4749 2 2 1 1 1841 2804 454
4750 2 2 1 1 653 2959 808
4751 2 2 1 1 649 2959 650
4752 2 2 1 1 328 2834 327
4753 2 2 1 1 1819 2963 1967
4754 2 2 1 1 220 2926 219
4755 2 2 1 1 291 2936 2769
4756 2 2 1 1 381 2965 529
4757 2 2 1 1 498 2965 382
4758 2 2 1 1 2652 2852 1816
4759 2 2 1 1 1717 2838 1911
4760 2 2 1 1 2001 3139 2002
4761 2 2 1 1 2027 3052 3051
4762 2 2 1 1 185 425 186
4763 2 2 1 1 1903 3129 1275
4764 2 2 1 1 481 1736 1724
4765 2 2 1 1 1410 3183 2216
4766 2 2 1 1 255 2840 254
4767 2 2 1 1 1169 2981 2750
4768 2 2 1 1 1229 2967 1052
4769 2 2 1 1 1734 2970 1941
4770 2 2 1 1 404 2871 2758
4771 2 2 1 1 205 2934 204
4772 2 2 1 1 584 3160 1132
4773 2 2 1 1 474 1708 1396
4774 2 2 1 1 403 1399 1397
4775 2 2 1 1 1397 1398 474
4776 2 2 1 1 1396 1735 543
4777 2 2 1 1 1664 2846 1662
4778 2 2 1 1 2443 3014 2902
4779 2 2 1 1 2786 2946 1926
4780 2 2 1 1 502 2974 360
4781 2 2 1 1 436 1412 1411
4782 2 2 1 1 2235 3049 500
4783 2 2 1 1 1075 3182 2028
4784 2 2 1 1 1451 2975 1452
4785 2 2 1 1 2580 2976 1901
4786 2 2 1 1 2212 2985 2801
4787 2 2 1 1 1540 2981 2388
4788 2 2 1 1 2750 2981 2054
4789 2 2 1 1 1118 3089 2795
4790 2 2 1 1 385 2985 467
4791 2 2 1 1 2587 2941 1069
4792 2 2 1 1 1356 2989 1276
4793 2 2 1 1 2050 2870 1817
4794 2 2 1 1 1680 3157 394
4795 2 2 1 1 1631 2861 2016
4796 2 2 1 1 1910 3082 1732
4797 2 2 1 1 1851 2995 1970
4798 2 2 1 1 2977 3082 1905
4799 2 2 1 1 321 2843 320
4800 2 2 1 1 226 2842 225
4801 2 2 1 1 1700 2850 2636
4802 2 2 1 1 547 548 466
4803 2 2 1 1 2873 2931 2520
4804 2 2 1 1 2244 3187 2909
4805 2 2 1 1 1359 2998 1111
4806 2 2 1 1 2464 2998 1565
4807 2 2 1 1 1465 2851 2428
4808 2 2 1 1 323 2845 322
4809 2 2 1 1 224 2844 223
4810 2 2 1 1 1818 2994 2337
4811 2 2 1 1 1825 2839 1862
4812 2 2 1 1 1892 3001 1381
4813 2 2 1 1 2178 3033 2758
4814 2 2 1 1 1590 3006 2586
4815 2 2 1 1 2554 2991 2553
4816 2 2 1 1 2077 3129 1903
4817 2 2 1 1 2238 3008 649
4818 2 2 1 1 1956 3159 2051
4819 2 2 1 1 514 3007 2776
4820 2 2 1 1 1971 2995 522
4821 2 2 1 1 1789 3114 2882
4822 2 2 1 1 2825 2974 1884
4823 2 2 1 1 2163 3015 2160
4824 2 2 1 1 179 2979 83
4825 2 2 1 1 518 2933 2062
4826 2 2 1 1 1866 2946 472
4827 2 2 1 1 2042 2925 843
4828 2 2 1 1 2459 3021 1259
4829 2 2 1 1 1472 2916 2809
4830 2 2 1 1 2809 2916 1860
4831 2 2 1 1 1714 2946 2789
4832 2 2 1 1 1845 2852 1847
4833 2 2 1 1 1691 2853 1693
4834 2 2 1 1 2794 2943 1856
4835 2 2 1 1 2171 3024 2387
4836 2 2 1 1 545 3126 2809
4837 2 2 1 1 1831 3026 1966
4838 2 2 1 1 549 3150 1817
4839 2 2 1 1 2225 3029 1835
4840 2 2 1 1 219 2980 218
4841 2 2 1 1 2066 3053 476
4842 2 2 1 1 475 2793 192
4843 2 2 1 1 2758 3033 404
4844 2 2 1 1 253 2855 252
4845 2 2 1 1 1446 2857 1402
4846 2 2 1 1 379 3036 532
4847 2 2 1 1 529 3036 380
4848 2 2 1 1 1716 2856 1715
4849 2 2 1 1 2028 3052 2027
4850 2 2 1 1 2223 3002 2894
4851 2 2 1 1 2233 3038 2198
4852 2 2 1 1 1994 2967 1993
4853 2 2 1 1 2570 2858 1809
4854 2 2 1 1 544 2041 41
4855 2 2 1 1 1634 3043 2182
4856 2 2 1 1 2391 3081 502
4857 2 2 1 1 1979 3044 1948
4858 2 2 1 1 1430 3045 2081
4859 2 2 1 1 1463 2860 1959
4860 2 2 1 1 2344 3007 2757
4861 2 2 1 1 2757 3007 514
4862 2 2 1 1 742 2862 2780
4863 2 2 1 1 2290 2893 1698
4864 2 2 1 1 1871 3110 1922
4865 2 2 1 1 2029 3052 2028
4866 2 2 1 1 1117 3048 1016
4867 2 2 1 1 500 3049 364
4868 2 2 1 1 363 3049 413
4869 2 2 1 1 476 3053 374
4870 2 2 1 1 2015 3013 2043
4871 2 2 1 1 1104 3055 847
4872 2 2 1 1 351 2863 445
4873 2 2 1 1 2184 3113 469
4874 2 2 1 1 2767 3181 2224
4875 2 2 1 1 2795 3089 1912
4876 2 2 1 1 305 2935 510
4877 2 2 1 1 446 2935 306
4878 2 2 1 1 2477 3041 1227
4879 2 2 1 1 1984 2953 2923
4880 2 2 1 1 1825 3011 2839
4881 2 2 1 1 2839 3011 1983
4882 2 2 1 1 1262 3064 1855
4883 2 2 1 1 1418 3115 464
4884 2 2 1 1 1653 3069 2060
4885 2 2 1 1 434 2933 217
4886 2 2 1 1 216 2933 518
4887 2 2 1 1 1677 3017 1985
4888 2 2 1 1 503 3071 2438
4889 2 2 1 1 1215 3005 1991
4890 2 2 1 1 1644 3186 1731
4891 2 2 1 1 1442 1443 429
4892 2 2 1 1 1416 1417 464
4893 2 2 1 1 1069 3182 1068
4894 2 2 1 1 1071 3182 1075
4895 2 2 1 1 1073 2872 1234
4896 2 2 1 1 1954 3183 1461
4897 2 2 1 1 1451 3168 2975
4898 2 2 1 1 2014 3140 2031
4899 2 2 1 1 1574 3088 2590
4900 2 2 1 1 1906 3091 1864
4901 2 2 1 1 1919 3166 2710
4902 2 2 1 1 1065 3163 2587
4903 2 2 1 1 2803 2841 1458
4904 2 2 1 1 445 3096 350
4905 2 2 1 1 1408 3183 1410
4906 2 2 1 1 2051 3159 2180
4907 2 2 1 1 817 3159 2195
4908 2 2 1 1 2253 3098 2270
4909 2 2 1 1 1953 3158 1815
4910 2 2 1 1 1439 3100 1643
4911 2 2 1 1 2164 3101 2165
4912 2 2 1 1 2550 3151 1789
4913 2 2 1 1 77 3058 78
4914 2 2 1 1 2647 3109 1870
4915 2 2 1 1 1911 3115 1438
4916 2 2 1 1 1832 3129 2077
4917 2 2 1 1 1436 3139 2101
4918 2 2 1 1 1506 3139 2001
4919 2 2 1 1 2706 3121 1890
4920 2 2 1 1 162 2859 163
4921 2 2 1 1 1823 2966 1943
4922 2 2 1 1 1458 2994 2797
4923 2 2 1 1 478 3101 2957
4924 2 2 1 1 1684 2867 1755
4925 2 2 1 1 3012 3067 1494
4926 2 2 1 1 325 2949 514
4927 2 2 1 1 456 2949 326
4928 2 2 1 1 1841 2847 2804
4929 2 2 1 1 1889 2887 2793
4930 2 2 1 1 214 2950 411
4931 2 2 1 1 518 2950 215
4932 2 2 1 1 2780 2862 2032
4933 2 2 1 1 2842 3002 1466
4934 2 2 1 1 2244 3061 2897
4935 2 2 1 1 515 2850 2770
4936 2 2 1 1 2042 3074 1997
4937 2 2 1 1 1132 3160 2869
4938 2 2 1 1 1542 3021 2784
4939 2 2 1 1 1990 2861 551
4940 2 2 1 1 1645 3167 1154
4941 2 2 1 1 1406 3095 417
4942 2 2 1 1 1494 3067 427
4943 2 2 1 1 2753 3166 2678
4944 2 2 1 1 430 3166 2753
4945 2 2 1 1 1877 3068 1975
4946 2 2 1 1 2998 3128 1565
4947 2 2 1 1 514 2949 2757
4948 2 2 1 1 1732 3050 1261
4949 2 2 1 1 1643 2941 1686
4950 2 2 1 1 2296 2875 507
4951 2 2 1 1 1986 3167 1481
4952 2 2 1 1 1929 2872 2025
4953 2 2 1 1 1481 3056 1479
4954 2 2 1 1 408 3156 2848
4955 2 2 1 1 2553 2873 1061
4956 2 2 1 1 366 2874 365
4957 2 2 1 1 231 2866 230
4958 2 2 1 1 1958 3079 1863
4959 2 2 1 1 1894 3124 2898
4960 2 2 1 1 2045 2875 1671
4961 2 2 1 1 420 2876 353
4962 2 2 1 1 2785 3141 1483
4963 2 2 1 1 443 2943 2794
4964 2 2 1 1 2340 3075 424
4965 2 2 1 1 1417 2877 1420
4966 2 2 1 1 1925 2878 1926
4967 2 2 1 1 1647 2870 444
4968 2 2 1 1 302 3061 301
4969 2 2 1 1 2796 3044 1979
4970 2 2 1 1 238 2871 237
4971 2 2 1 1 2827 2968 1741
4972 2 2 1 1 1507 2880 2108
4973 2 2 1 1 2026 2881 1928
4974 2 2 1 1 512 2894 2760
4975 2 2 1 1 1254 2882 1477
4976 2 2 1 1 2902 3014 2235
4977 2 2 1 1 509 2996 234
4978 2 2 1 1 233 2996 430
4979 2 2 1 1 1973 3093 2975
4980 2 2 1 1 262 2883 261
4981 2 2 1 1 2165 2918 2163
4982 2 2 1 1 2804 3104 520
4983 2 2 1 1 1255 3144 2023
4984 2 2 1 1 878 2884 876
4985 2 2 1 1 2018 3122 2964
4986 2 2 1 1 1413 3185 1680
4987 2 2 1 1 1748 3089 2020
4988 2 2 1 1 1444 2997 2748
4989 2 2 1 1 206 3108 205
4990 2 2 1 1 2818 2982 1829
4991 2 2 1 1 2174 3141 2785
4992 2 2 1 1 208 3140 207
4993 2 2 1 1 359 2974 2825
4994 2 2 1 1 2047 2972 1737
4995 2 2 1 1 2185 3113 2184
4996 2 2 1 1 249 3083 150
4997 2 2 1 1 149 3084 297
4998 2 2 1 1 3114 3151 1994
4999 2 2 1 1 2477 3128 1885
5000 2 2 1 1 151 3086 393
5001 2 2 1 1 345 3085 148
5002 2 2 1 1 1849 3065 2241
5003 2 2 1 1 459 3016 299
5004 2 2 1 1 316 3017 1677
5005 2 2 1 1 540 3017 317
5006 2 2 1 1 314 3018 1863
5007 2 2 1 1 1677 3018 315
5008 2 2 1 1 1105 2885 1106
5009 2 2 1 1 202 2821 1942
5010 2 2 1 1 2096 2886 1233
5011 2 2 1 1 150 3083 321
5012 2 2 1 1 225 3084 149
5013 2 2 1 1 1481 3167 2790
5014 2 2 1 1 322 3086 151
5015 2 2 1 1 148 3085 224
5016 2 2 1 1 2358 2984 1319
5017 2 2 1 1 1861 3034 1745
5018 2 2 1 1 1675 3156 2030
5019 2 2 1 1 1215 3189 2449
5020 2 2 1 1 2056 3180 541
5021 2 2 1 1 212 3028 517
5022 2 2 1 1 411 3028 213
5023 2 2 1 1 397 2784 1706
5024 2 2 1 1 2058 2888 2059
5025 2 2 1 1 1940 3153 2907
5026 2 2 1 1 440 3066 2801
5027 2 2 1 1 2883 2901 261
5028 2 2 1 1 2765 3147 1980
5029 2 2 1 1 1184 2890 1195
5030 2 2 1 1 2357 2891 1776
5031 2 2 1 1 1483 3141 3037
5032 2 2 1 1 188 2848 121
5033 2 2 1 1 2223 2894 2222
5034 2 2 1 1 1914 2926 2755
5035 2 2 1 1 34 1703 397
5036 2 2 1 1 1733 3148 482
5037 2 2 1 1 1367 2992 2788
5038 2 2 1 1 1725 2895 2110
5039 2 2 1 1 2036 2931 1655
5040 2 2 1 1 373 2896 372
5041 2 2 1 1 1727 2897 2661
5042 2 2 1 1 1105 2907 2885
5043 2 2 1 1 2798 3056 1481
5044 2 2 1 1 190 2879 191
5045 2 2 1 1 1839 2012 483
5046 2 2 1 1 2652 3098 2852
5047 2 2 1 1 522 2879 190
5048 2 2 1 1 191 2879 475
5049 2 2 1 1 2514 2921 1700
5050 2 2 1 1 1464 2899 1632
5051 2 2 1 1 436 1930 1462
5052 2 2 1 1 309 3180 511
5053 2 2 1 1 541 3180 310
5054 2 2 1 1 432 3076 209
5055 2 2 1 1 1243 3118 2499
5056 2 2 1 1 469 3113 243
5057 2 2 1 1 2755 2926 465
5058 2 2 1 1 1779 2900 2583
5059 2 2 1 1 2027 3051 2026
5060 2 2 1 1 3002 3099 1466
5061 2 2 1 1 1700 2921 2850
5062 2 2 1 1 2850 2921 2770
5063 2 2 1 1 261 2901 260
5064 2 2 1 1 2793 2887 193
5065 2 2 1 1 194 2887 468
5066 2 2 1 1 1760 2902 2236
5067 2 2 1 1 1977 2903 1702
5068 2 2 1 1 1916 2814 442
5069 2 2 1 1 2809 3126 2619
5070 2 2 1 1 1972 2962 1838
5071 2 2 1 1 9 2928 153
5072 2 2 1 1 1741 2968 1880
5073 2 2 1 1 2925 3127 855
5074 2 2 1 1 2822 2878 2011
5075 2 2 1 1 1689 3025 2831
5076 2 2 1 1 1718 1945 409
5077 2 2 1 1 527 2970 2904
5078 2 2 1 1 2322 2907 1105
5079 2 2 1 1 2997 3059 2748
5080 2 2 1 1 2026 3051 3045
5081 2 2 1 1 1951 3080 2969
5082 2 2 1 1 2052 3010 2935
5083 2 2 1 1 163 2859 492
5084 2 2 1 1 1403 2947 1401
5085 2 2 1 1 1414 1460 1459
5086 2 2 1 1 2766 3072 540
5087 2 2 1 1 1856 2943 1867
5088 2 2 1 1 1122 2908 1260
5089 2 2 1 1 431 2966 1823
5090 2 2 1 1 1998 2925 2042
5091 2 2 1 1 473 2754 90
5092 2 2 1 1 193 2887 194
5093 2 2 1 1 657 2910 659
5094 2 2 1 1 2200 3108 2955
5095 2 2 1 1 2852 3098 1847
5096 2 2 1 1 2224 3181 2225
5097 2 2 1 1 2065 2919 1873
5098 2 2 1 1 408 3116 2030
5099 2 2 1 1 2882 3114 1945
5100 2 2 1 1 2838 3145 2430
5101 2 2 1 1 2031 2911 1709
5102 2 2 1 1 2719 2948 1493
5103 2 2 1 1 2020 3154 1748
5104 2 2 1 1 491 3073 2004
5105 2 2 1 1 1051 2914 828
5106 2 2 1 1 1939 2915 1710
5107 2 2 1 1 2766 3162 3072
5108 2 2 1 1 2923 2953 526
5109 2 2 1 1 1473 2916 1472
5110 2 2 1 1 2788 2992 1865
5111 2 2 1 1 1878 2917 1454
5112 2 2 1 1 462 2918 274
5113 2 2 1 1 2872 3027 1234
5114 2 2 1 1 1994 3151 2967
5115 2 2 1 1 3013 3123 492
5116 2 2 1 1 1820 2924 2071
5117 2 2 1 1 1962 3146 1961
5118 2 2 1 1 444 2870 1395
5119 2 2 1 1 1497 2920 1720
5120 2 2 1 1 1632 3062 2012
5121 2 2 1 1 1250 3005 1216
5122 2 2 1 1 2527 3030 2831
5123 2 2 1 1 423 3022 2439
5124 2 2 1 1 2431 2922 521
5125 2 2 1 1 1680 3185 1991
5126 2 2 1 1 457 544 40
5127 2 2 1 1 501 2968 2827
5128 2 2 1 1 2844 2898 533
5129 2 2 1 1 1655 2931 2873
5130 2 2 1 1 2617 3035 2213
5131 2 2 1 1 1735 3079 543
5132 2 2 1 1 843 2925 841
5133 2 2 1 1 437 3177 2181
5134 2 2 1 1 2881 3045 1430
5135 2 2 1 1 464 3115 1733
5136 2 2 1 1 1929 3027 2872
5137 2 2 1 1 2956 3137 1905
5138 2 2 1 1 2007 3027 1929
5139 2 2 1 1 2768 3079 1735
5140 2 2 1 1 300 2909 459
5141 2 2 1 1 542 1826 495
5142 2 2 1 1 1985 2953 1984
5143 2 2 1 1 165 453 31
5144 2 2 1 1 457 3047 1886
5145 2 2 1 1 1685 2929 1853
5146 2 2 1 1 1717 3145 2838
5147 2 2 1 1 2867 3022 1755
5148 2 2 1 1 189 1971 522
5149 2 2 1 1 1904 3001 2999
5150 2 2 1 1 39 2905 497
5151 2 2 1 1 2590 2992 1367
5152 2 2 1 1 1478 2952 1480
5153 2 2 1 1 3143 3164 463
5154 2 2 1 1 292 2936 291
5155 2 2 1 1 152 2969 3
5156 2 2 1 1 2527 3025 1104
5157 2 2 1 1 285 2938 284
5158 2 2 1 1 424 2940 2423
5159 2 2 1 1 259 2942 258
5160 2 2 1 1 1401 2947 1444
5161 2 2 1 1 2788 3057 2735
5162 2 2 1 1 425 2993 2370
5163 2 2 1 1 1690 3189 3185
5164 2 2 1 1 1937 3010 2003
5165 2 2 1 1 2043 3013 2859
5166 2 2 1 1 2770 2921 433
5167 2 2 1 1 2017 3122 2018
5168 2 2 1 1 217 2933 216
5169 2 2 1 1 465 2926 220
5170 2 2 1 1 482 1971 127
5171 2 2 1 1 2438 2943 443
5172 2 2 1 1 2858 3121 1809
5173 2 2 1 1 1975 3068 3032
5174 2 2 1 1 306 2935 305
5175 2 2 1 1 1969 2952 2266
5176 2 2 1 1 2167 2987 2514
5177 2 2 1 1 1440 2944 1432
5178 2 2 1 1 1773 2945 1770
5179 2 2 1 1 3185 3189 1991
5180 2 2 1 1 1216 3005 1215
5181 2 2 1 1 1926 2946 1714
5182 2 2 1 1 208 3076 2031
5183 2 2 1 1 417 3095 1916
5184 2 2 1 1 584 585 583
5185 2 2 1 1 2873 2991 1655
5186 2 2 1 1 2897 3061 415
5187 2 2 1 1 2866 3029 458
5188 2 2 1 1 2281 3024 2543
5189 2 2 1 1 204 2934 493
5190 2 2 1 1 349 2951 348
5191 2 2 1 1 2748 3059 1955
5192 2 2 1 1 2514 2987 2921
5193 2 2 1 1 2183 2954 1730
5194 2 2 1 1 1813 2955 2692
5195 2 2 1 1 3051 3052 1441
5196 2 2 1 1 2359 3158 1924
5197 2 2 1 1 1639 2865 169
5198 2 2 1 1 2879 3109 475
5199 2 2 1 1 2869 2888 2058
5200 2 2 1 1 2968 3106 1880
5201 2 2 1 1 2629 3106 435
5202 2 2 1 1 2033 2034 480
5203 2 2 1 1 1623 2957 1907
5204 2 2 1 1 495 2859 162
5205 2 2 1 1 650 2959 653
5206 2 2 1 1 3033 3165 2764
5207 2 2 1 1 373 3053 2896
5208 2 2 1 1 326 2949 325
5209 2 2 1 1 1477 2962 1540
5210 2 2 1 1 2108 2963 1819
5211 2 2 1 1 1980 3147 1937
5212 2 2 1 1 2300 2964 2812
5213 2 2 1 1 2808 3035 2617
5214 2 2 1 1 2876 3034 1861
5215 2 2 1 1 215 2950 214
5216 2 2 1 1 2930 3104 2266
5217 2 2 1 1 382 2965 381
5218 2 2 1 1 587 2960 585
5219 2 2 1 1 2911 3076 432
5220 2 2 1 1 78 3058 176
5221 2 2 1 1 2826 3048 1982
5222 2 2 1 1 2225 3181 3029
5223 2 2 1 1 496 2906 1668
5224 2 2 1 1 3007 3134 2776
5225 2 2 1 1 423 3169 3022
5226 2 2 1 1 547 2939 550
5227 2 2 1 1 2975 3168 1973
5228 2 2 1 1 2003 3010 2052
5229 2 2 1 1 410 1488 1487
5230 2 2 1 1 502 3081 2974
5231 2 2 1 1 425 2782 186
5232 2 2 1 1 808 3044 2796
5233 2 2 1 1 2906 2990 452
5234 2 2 1 1 1052 2967 1054
5235 2 2 1 1 1497 3043 2920
5236 2 2 1 1 2426 2968 501
5237 2 2 1 1 37 2986 158
5238 2 2 1 1 48 2988 165
5239 2 2 1 1 2124 2970 1734
5240 2 2 1 1 1466 3099 2296
5241 2 2 1 1 409 1490 1489
5242 2 2 1 1 1737 2972 1738
5243 2 2 1 1 539 1828 1494
5244 2 2 1 1 479 2829 2021
5245 2 2 1 1 360 2974 359
5246 2 2 1 1 2921 2987 433
5247 2 2 1 1 1452 2975 1876
5248 2 2 1 1 2449 2976 2580
5249 2 2 1 1 1479 3056 2837
5250 2 2 1 1 2907 3153 1936
5251 2 2 1 1 3068 3093 2988
5252 2 2 1 1 1988 3136 1486
5253 2 2 1 1 2108 2983 2963
5254 2 2 1 1 3059 3133 1955
5255 2 2 1 1 1631 3107 2861
5256 2 2 1 1 1824 1825 428
5257 2 2 1 1 2388 2981 1169
5258 2 2 1 1 2431 3065 2922
5259 2 2 1 1 51 2779 52
5260 2 2 1 1 201 2889 144
5261 2 2 1 1 492 3078 46
5262 2 2 1 1 471 1957 57
5263 2 2 1 1 58 1957 419
5264 2 2 1 1 2 487 152
5265 2 2 1 1 1829 2982 1830
5266 2 2 1 1 540 3188 3017
5267 2 2 1 1 2026 3045 2881
5268 2 2 1 1 386 2985 385
5269 2 2 1 1 404 3033 2764
5270 2 2 1 1 1869 3075 1868
5271 2 2 1 1 487 3120 2969
5272 2 2 1 1 1823 1838 395
5273 2 2 1 1 2041 3119 1842
5274 2 2 1 1 2338 3030 2527
5275 2 2 1 1 2869 3058 2888
5276 2 2 1 1 1895 3163 2931
5277 2 2 1 1 3054 3112 3042
5278 2 2 1 1 416 2964 2761
5279 2 2 1 1 1983 3006 2839
5280 2 2 1 1 1276 2989 1372
5281 2 2 1 1 442 2805 183
5282 2 2 1 1 2977 3050 1732
5283 2 2 1 1 2762 3039 530
5284 2 2 1 1 1968 2977 1460
5285 2 2 1 1 1132 2869 2058
5286 2 2 1 1 1923 3046 2167
5287 2 2 1 1 1909 3155 1914
5288 2 2 1 1 1639 2973 2865
5289 2 2 1 1 153 1718 10
5290 2 2 1 1 1822 2807 431
5291 2 2 1 1 1912 3089 1748
5292 2 2 1 1 419 552 551
5293 2 2 1 1 247 2973 2762
5294 2 2 1 1 497 3047 160
5295 2 2 1 1 466 1647 85
5296 2 2 1 1 86 1647 444
5297 2 2 1 1 414 1389 1388
5298 2 2 1 1 2805 3060 2369
5299 2 2 1 1 2226 2995 1851
5300 2 2 1 1 1932 3011 1825
5301 2 2 1 1 2787 3030 2338
5302 2 2 1 1 1399 3184 1403
5303 2 2 1 1 1865 2992 1899
5304 2 2 1 1 444 1395 1393
5305 2 2 1 1 2735 3057 2841
5306 2 2 1 1 474 1396 147
5307 2 2 1 1 403 1397 145
5308 2 2 1 1 146 1397 474
5309 2 2 1 1 130 1396 543
5310 2 2 1 1 2868 3005 1250
5311 2 2 1 1 1565 3128 2477
5312 2 2 1 1 2821 2927 1942
5313 2 2 1 1 436 1411 129
5314 2 2 1 1 417 1916 117
5315 2 2 1 1 114 1411 394
5316 2 2 1 1 49 2836 1824
5317 2 2 1 1 2582 2997 2554
5318 2 2 1 1 1111 2998 2464
5319 2 2 1 1 2805 2993 184
5320 2 2 1 1 218 2980 434
5321 2 2 1 1 407 3092 2938
5322 2 2 1 1 1925 3175 2878
5323 2 2 1 1 142 2932 200
5324 2 2 1 1 1840 1841 454
5325 2 2 1 1 533 3124 2756
5326 2 2 1 1 2812 2964 416
5327 2 2 1 1 422 2837 1392
5328 2 2 1 1 1974 3109 2879
5329 2 2 1 1 2380 3035 2808
5330 2 2 1 1 2167 3046 2987
5331 2 2 1 1 2019 3128 2998
5332 2 2 1 1 2915 3020 1713
5333 2 2 1 1 1381 3001 1473
5334 2 2 1 1 158 2854 38
5335 2 2 1 1 1918 2966 2807
5336 2 2 1 1 234 2996 233
5337 2 2 1 1 1631 2016 412
5338 2 2 1 1 1853 3150 549
5339 2 2 1 1 1729 2912 199
5340 2 2 1 1 2586 3006 1117
5341 2 2 1 1 187 2904 120
5342 2 2 1 1 119 2782 527
5343 2 2 1 1 524 3162 2766
5344 2 2 1 1 119 527 187
5345 2 2 1 1 426 2905 159
5346 2 2 1 1 1843 1844 461
5347 2 2 1 1 120 408 188
5348 2 2 1 1 185 2993 425
5349 2 2 1 1 1745 3034 1960
5350 2 2 1 1 349 3096 2951
5351 2 2 1 1 106 2049 107
5352 2 2 1 1 170 2849 479
5353 2 2 1 1 2807 3040 1668
5354 2 2 1 1 2345 3007 2344
5355 2 2 1 1 855 3127 2781
5356 2 2 1 1 2038 3154 2020
5357 2 2 1 1 118 1916 442
5358 2 2 1 1 2215 3008 2238
5359 2 2 1 1 1998 3127 2925
5360 2 2 1 1 1999 3009 2781
5361 2 2 1 1 84 547 466
5362 2 2 1 1 1837 3165 3033
5363 2 2 1 1 2976 3077 1901
5364 2 2 1 1 2957 3101 1907
5365 2 2 1 1 1904 2999 1459
5366 2 2 1 1 1955 3133 1956
5367 2 2 1 1 433 2987 2773
5368 2 2 1 1 1983 3011 1848
5369 2 2 1 1 413 3014 2833
5370 2 2 1 1 1493 3120 487
5371 2 2 1 1 410 2754 1865
5372 2 2 1 1 2160 3015 2158
5373 2 2 1 1 2613 3144 1255
5374 2 2 1 1 2379 3020 508
5375 2 2 1 1 1259 3021 1542
5376 2 2 1 1 1601 3144 2613
5377 2 2 1 1 550 3019 2015
5378 2 2 1 1 1755 3022 2444
5379 2 2 1 1 2426 3106 2968
5380 2 2 1 1 2831 3030 1395
5381 2 2 1 1 1836 3029 2866
5382 2 2 1 1 2124 3116 2970
5383 2 2 1 1 2797 2994 1818
5384 2 2 1 1 38 426 159
5385 2 2 1 1 2781 3127 1999
5386 2 2 1 1 2387 3024 1356
5387 2 2 1 1 2967 3151 1054
5388 2 2 1 1 2809 3152 545
5389 2 2 1 1 2972 3135 1738
5390 2 2 1 1 457 545 544
5391 2 2 1 1 1959 3025 1689
5392 2 2 1 1 2582 3059 2997
5393 2 2 1 1 1882 3102 1923
5394 2 2 1 1 1976 3142 2880
5395 2 2 1 1 2875 3099 2223
5396 2 2 1 1 2865 2973 248
5397 2 2 1 1 516 3190 2749
5398 2 2 1 1 1018 3048 2826
5399 2 2 1 1 2023 3026 1831
5400 2 2 1 1 1841 2956 2847
5401 2 2 1 1 1234 3027 1675
5402 2 2 1 1 76 1942 173
5403 2 2 1 1 1835 3029 1836
5404 2 2 1 1 299 3016 298
5405 2 2 1 1 317 3017 316
5406 2 2 1 1 315 3018 314
5407 2 2 1 1 2931 3163 2520
5408 2 2 1 1 2982 3130 1830
5409 2 2 1 1 1837 3033 2178
5410 2 2 1 1 2760 3002 2842
5411 2 2 1 1 496 1668 1628
5412 2 2 1 1 483 3054 3042
5413 2 2 1 1 1827 3107 1631
5414 2 2 1 1 467 3035 2380
5415 2 2 1 1 380 3036 379
5416 2 2 1 1 2062 3173 518
5417 2 2 1 1 2795 3168 1451
5418 2 2 1 1 75 531 172
5419 2 2 1 1 1888 3149 1889
5420 2 2 1 1 164 3032 47
5421 2 2 1 1 2198 3038 1859
5422 2 2 1 1 343 3190 516
5423 2 2 1 1 429 1416 123
5424 2 2 1 1 126 1733 482
5425 2 2 1 1 464 1733 125
5426 2 2 1 1 122 1442 429
5427 2 2 1 1 124 1416 464
5428 2 2 1 1 196 2923 133
5429 2 2 1 1 1668 3040 1628
5430 2 2 1 1 2749 3037 516
5431 2 2 1 1 184 2993 185
5432 2 2 1 1 132 537 196
5433 2 2 1 1 434 3155 2202
5434 2 2 1 1 2182 3043 1497
5435 2 2 1 1 1984 2923 537
5436 2 2 1 1 1948 3044 1954
5437 2 2 1 1 2371 3142 538
5438 2 2 1 1 1400 3184 1399
5439 2 2 1 1 1880 3106 2629
5440 2 2 1 1 213 3028 212
5441 2 2 1 1 2081 3045 2092
5442 2 2 1 1 1261 3050 1634
5443 2 2 1 1 200 2033 143
5444 2 2 1 1 2769 3169 423
5445 2 2 1 1 2814 3095 1409
5446 2 2 1 1 2987 3046 2773
5447 2 2 1 1 45 542 495
5448 2 2 1 1 3045 3051 2092
5449 2 2 1 1 479 3070 2829
5450 2 2 1 1 1890 3173 2062
5451 2 2 1 1 2664 3067 1854
5452 2 2 1 1 1923 3102 3046
5453 2 2 1 1 2955 3108 450
5454 2 2 1 1 1016 3048 1018
5455 2 2 1 1 400 1881 1491
5456 2 2 1 1 364 3049 363
5457 2 2 1 1 2092 3051 1441
5458 2 2 1 1 1690 3185 1413
5459 2 2 1 1 374 3053 373
5460 2 2 1 1 1875 3060 2814
5461 2 2 1 1 2814 3060 442
5462 2 2 1 1 2202 3155 1909
5463 2 2 1 1 143 480 201
5464 2 2 1 1 28 2930 157
5465 2 2 1 1 178 1469 179
5466 2 2 1 1 177 583 178
5467 2 2 1 1 1903 3125 2077
5468 2 2 1 1 847 3055 1224
5469 2 2 1 1 2859 3013 492
5470 2 2 1 1 2994 3170 2337
5471 2 2 1 1 103 2971 104
5472 2 2 1 1 160 3047 161
5473 2 2 1 1 2763 3171 1915
5474 2 2 1 1 1908 3169 2769
5475 2 2 1 1 176 3058 2869
5476 2 2 1 1 3015 3179 2158
5477 2 2 1 1 2181 3177 1882
5478 2 2 1 1 134 491 198
5479 2 2 1 1 2379 3175 3020
5480 2 2 1 1 799 3059 2582
5481 2 2 1 1 3034 3176 1960
5482 2 2 1 1 2369 3060 1875
5483 2 2 1 1 1395 3030 2787
5484 2 2 1 1 3022 3169 2444
5485 2 2 1 1 2841 3057 473
5486 2 2 1 1 2964 3122 2761
5487 2 2 1 1 2035 2889 480
5488 2 2 1 1 2899 3062 1632
5489 2 2 1 1 2037 3154 2038
5490 2 2 1 1 172 2961 74
5491 2 2 1 1 1887 3063 1913
5492 2 2 1 1 1263 3064 1262
5493 2 2 1 1 155 3042 21
5494 2 2 1 1 488 3065 2431
5495 2 2 1 1 1891 3123 3019
5496 2 2 1 1 2543 3066 440
5497 2 2 1 1 393 3086 1465
5498 2 2 1 1 1744 3085 345
5499 2 2 1 1 297 3084 1466
5500 2 2 1 1 1743 3083 249
5501 2 2 1 1 453 2752 31
5502 2 2 1 1 1905 3137 1904
5503 2 2 1 1 1876 3068 1877
5504 2 2 1 1 530 3171 2763
5505 2 2 1 1 1900 3069 1653
5506 2 2 1 1 1404 3157 1934
5507 2 2 1 1 541 3178 2056
5508 2 2 1 1 2829 3111 2022
5509 2 2 1 1 161 3047 457
5510 2 2 1 1 2424 3071 503
5511 2 2 1 1 1912 3168 2795
5512 2 2 1 1 1997 3074 2013
5513 2 2 1 1 197 2937 134
5514 2 2 1 1 133 526 197
5515 2 2 1 1 2006 3072 2005
5516 2 2 1 1 2747 3132 1718
5517 2 2 1 1 2004 3073 2006
5518 2 2 1 1 1633 3077 1690
5519 2 2 1 1 2824 3009 1263
5520 2 2 1 1 2053 3138 2054
5521 2 2 1 1 199 2912 141
5522 2 2 1 1 177 584 583
5523 2 2 1 1 2630 3111 1707
5524 2 2 1 1 344 3190 343
5525 2 2 1 1 1884 3081 1883
5526 2 2 1 1 420 3176 3034
5527 2 2 1 1 799 3133 3059
5528 2 2 1 1 2455 3088 1574
5529 2 2 1 1 10 1718 409
5530 2 2 1 1 2020 3089 1118
5531 2 2 1 1 2773 3046 519
5532 2 2 1 1 1887 3131 3063
5533 2 2 1 1 1864 3091 2173
5534 2 2 1 1 1828 3012 1494
5535 2 2 1 1 1409 3095 1406
5536 2 2 1 1 2749 2978 1469
5537 2 2 1 1 463 2939 181
5538 2 2 1 1 1900 3126 3069
5539 2 2 1 1 350 3096 349
5540 2 2 1 1 415 3061 302
5541 2 2 1 1 1882 3177 3102
5542 2 2 1 1 407 3146 3092
5543 2 2 1 1 2880 3142 2983
5544 2 2 1 1 2270 3098 2652
5545 2 2 1 1 2056 3178 1964
5546 2 2 1 1 2880 2983 2108
5547 2 2 1 1 1822 3040 2807
5548 2 2 1 1 452 2961 2823
5549 2 2 1 1 1441 3100 1439
5550 2 2 1 1 1907 3101 2164
5551 2 2 1 1 1960 3176 2818
5552 2 2 1 1 2833 3014 2443
5553 2 2 1 1 209 3076 208
5554 2 2 1 1 171 496 72
5555 2 2 1 1 3072 3162 2005
5556 2 2 1 1 2266 3104 1910
5557 2 2 1 1 1183 3138 2890
5558 2 2 1 1 435 3106 2426
5559 2 2 1 1 2553 2991 2873
5560 2 2 1 1 1870 3109 1974
5561 2 2 1 1 1885 3128 2019
5562 2 2 1 1 481 2783 1736
5563 2 2 1 1 1944 3125 1903
5564 2 2 1 1 1873 3110 1871
5565 2 2 1 1 1732 3082 2977
5566 2 2 1 1 1876 3093 3068
5567 2 2 1 1 1438 3115 1418
5568 2 2 1 1 2030 3116 2124
5569 2 2 1 1 1627 3117 2358
5570 2 2 1 1 144 2889 403
5571 2 2 1 1 1931 3118 1935
5572 2 2 1 1 1855 3056 2798
5573 2 2 1 1 1993 3105 1946
5574 2 2 1 1 121 2848 1442
5575 2 2 1 1 1933 3172 1976
5576 2 2 1 1 1809 3121 2706
5577 2 2 1 1 2077 3125 623
5578 2 2 1 1 1916 3095 2814
5579 2 2 1 1 1999 3127 1998
5580 2 2 1 1 2619 3126 1900
5581 2 2 1 1 1718 2928 2747
5582 2 2 1 1 101 3090 441
5583 2 2 1 1 1966 3129 1832
5584 2 2 1 1 1830 3130 2176
5585 2 2 1 1 1896 3131 1887
5586 2 2 1 1 544 3119 2041
5587 2 2 1 1 2195 3133 799
5588 2 2 1 1 2747 2928 395
5589 2 2 1 1 1738 3135 1740
5590 2 2 1 1 538 3172 2840
5591 2 2 1 1 2012 3054 483
5592 2 2 1 1 170 479 66
5593 2 2 1 1 2101 3139 1506
5594 2 2 1 1 1844 3023 461
5595 2 2 1 1 1975 3123 1891
5596 2 2 1 1 1913 3141 2174
5597 2 2 1 1 2846 3187 2243
5598 2 2 1 1 1938 3145 1717
5599 2 2 1 1 3046 3102 519
5600 2 2 1 1 2473 3146 407
5601 2 2 1 1 405 1704 1703
5602 2 2 1 1 2819 3165 1837
5603 2 2 1 1 3039 3171 530
5604 2 2 1 1 1054 3151 2550
5605 2 2 1 1 1815 3158 2359
5606 2 2 1 1 2180 3159 817
5607 2 2 1 1 3032 3068 485
5608 2 2 1 1 20 483 155
5609 2 2 1 1 1863 3079 2768
5610 2 2 1 1 2005 3162 2065
5611 2 2 1 1 2520 3163 1065
5612 2 2 1 1 2678 3166 1919
5613 2 2 1 1 1748 3154 2037
5614 2 2 1 1 2444 3169 1908
5615 2 2 1 1 1915 3171 2630
5616 2 2 1 1 1461 3183 1408
5617 2 2 1 1 243 3113 242
5618 2 2 1 1 532 3175 2379
5619 2 2 1 1 2405 3176 420
5620 2 2 1 1 1973 3168 1912
5621 2 2 1 1 2899 3150 3062
5622 2 2 1 1 2158 3179 2157
5623 2 2 1 1 1706 1858 402
5624 2 2 1 1 1068 3182 1071
5625 2 2 1 1 1687 3186 1644
5626 2 2 1 1 157 460 29
5627 2 2 1 1 460 2952 1478
5628 2 2 1 1 1913 3063 3037
5629 2 2 1 1 479 2021 66
5630 2 2 1 1 450 3108 206
5631 2 2 1 1 2984 3105 1319
5632 2 2 1 1 26 1840 454
5633 2 2 1 1 405 2752 1705
5634 2 2 1 1 442 3060 2805
5635 2 2 1 1 20 1839 483
5636 2 2 1 1 1862 2779 428
5637 2 2 1 1 310 3180 309
5638 2 2 1 1 2837 3056 1855
5639 2 2 1 1 19 2958 154
5640 2 2 1 1 2940 3075 1869
5641 2 2 1 1 154 1839 20
5642 2 2 1 1 1934 3157 2868
5643 2 2 1 1 2868 3157 1680
5644 2 2 1 1 519 3102 2775
5645 2 2 1 1 2033 3087 2034
5646 2 2 1 1 75 2927 531
5647 2 2 1 1 2804 3000 454
5648 2 2 1 1 2764 3165 509
5649 2 2 1 1 207 3140 450
5650 2 2 1 1 109 461 110
5651 2 2 1 1 1718 3132 1945
5652 2 2 1 1 490 1722 1721
5653 2 2 1 1 481 1724 1723
5654 2 2 1 1 1723 1921 490
5655 2 2 1 1 1821 1822 5
5656 2 2 1 1 8 1823 395
5657 2 2 1 1 1937 3147 3010
5658 2 2 1 1 49 1824 50
5659 2 2 1 1 2761 3122 513
5660 2 2 1 1 2341 3092 2810
5661 2 2 1 1 73 2990 171
5662 2 2 1 1 460 1478 29
5663 2 2 1 1 2947 2997 1444
5664 2 2 1 1 2554 2997 2947
5665 2 2 1 1 1827 2820 61
5666 2 2 1 1 97 547 84
5667 2 2 1 1 88 399 89
5668 2 2 1 1 3102 3177 2775
5669 2 2 1 1 2861 3107 551
5670 2 2 1 1 420 3034 2876
5671 2 2 1 1 2296 3099 2875
5672 2 2 1 1 2820 3174 62
5673 2 2 1 1 56 471 57
5674 2 2 1 1 58 419 59
5675 2 2 1 1 62 2836 49
5676 2 2 1 1 57 1957 58
5677 2 2 1 1 2787 3170 1394
5678 2 2 1 1 451 1860 1840
5679 2 2 1 1 1860 3152 2809
5680 2 2 1 1 510 3147 2765
5681 2 2 1 1 18 477 19
5682 2 2 1 1 30 422 15
5683 2 2 1 1 16 414 17
5684 2 2 1 1 2790 3167 1645
5685 2 2 1 1 1707 3111 2829
5686 2 2 1 1 86 444 87
5687 2 2 1 1 85 1647 86
5688 2 2 1 1 84 466 85
5689 2 2 1 1 144 403 145
5690 2 2 1 1 146 474 147
5691 2 2 1 1 147 1396 130
5692 2 2 1 1 145 1397 146
5693 2 2 1 1 130 543 131
5694 2 2 1 1 74 452 73
5695 2 2 1 1 128 436 129
5696 2 2 1 1 114 394 115
5697 2 2 1 1 117 1916 118
5698 2 2 1 1 129 1411 114
5699 2 2 1 1 116 417 117
5700 2 2 1 1 508 3020 2915
5701 2 2 1 1 419 551 59
5702 2 2 1 1 56 1987 471
5703 2 2 1 1 458 3181 2767
5704 2 2 1 1 2818 3176 2405
5705 2 2 1 1 1914 3155 2980
5706 2 2 1 1 542 3112 1826
5707 2 2 1 1 422 1392 15
5708 2 2 1 1 414 1388 17
5709 2 2 1 1 101 441 102
5710 2 2 1 1 2775 3177 437
5711 2 2 1 1 2948 3120 1493
5712 2 2 1 1 1459 2971 103
5713 2 2 1 1 1942 2927 173
5714 2 2 1 1 2974 3081 1884
5715 2 2 1 1 394 3157 1404
5716 2 2 1 1 444 1393 87
5717 2 2 1 1 3017 3188 1985
5718 2 2 1 1 543 1958 131
5719 2 2 1 1 394 1404 115
5720 2 2 1 1 128 1930 436
5721 2 2 1 1 509 3165 2819
5722 2 2 1 1 22 2892 23
5723 2 2 1 1 441 1414 102
5724 2 2 1 1 2849 3070 479
5725 2 2 1 1 545 3152 544
5726 2 2 1 1 2939 3094 550
5727 2 2 1 1 2984 3117 1881
5728 2 2 1 1 2358 3117 2984
5729 2 2 1 1 2938 3092 2341
5730 2 2 1 1 520 3000 2804
5731 2 2 1 1 1905 3082 2847
5732 2 2 1 1 1466 3084 2842
5733 2 2 1 1 2843 3083 1743
5734 2 2 1 1 2844 3085 1744
5735 2 2 1 1 1465 3086 2845
5736 2 2 1 1 2015 3019 3013
5737 2 2 1 1 121 1442 122
5738 2 2 1 1 123 1416 124
5739 2 2 1 1 124 464 125
5740 2 2 1 1 126 482 127
5741 2 2 1 1 122 429 123
5742 2 2 1 1 125 1733 126
5743 2 2 1 1 2821 3103 2927
5744 2 2 1 1 496 1628 72
5745 2 2 1 1 1977 3103 2903
5746 2 2 1 1 321 3083 2843
5747 2 2 1 1 2842 3084 225
5748 2 2 1 1 2845 3086 322
5749 2 2 1 1 224 3085 2844
5750 2 2 1 1 2813 3178 541
5751 2 2 1 1 26 454 156
5752 2 2 1 1 451 3119 1860
5753 2 2 1 1 143 2033 480
5754 2 2 1 1 2630 3171 3039
5755 2 2 1 1 3029 3181 458
5756 2 2 1 1 97 2939 547
5757 2 2 1 1 1902 3143 95
5758 2 2 1 1 1842 2892 2041
5759 2 2 1 1 2823 2961 531
5760 2 2 1 1 1469 2978 179
5761 2 2 1 1 50 428 51
5762 2 2 1 1 27 520 28
5763 2 2 1 1 1473 3137 2956
5764 2 2 1 1 459 3187 2846
5765 2 2 1 1 156 3000 27
5766 2 2 1 1 399 3031 89
5767 2 2 1 1 2851 3134 2345
5768 2 2 1 1 2887 3149 468
5769 2 2 1 1 2890 3138 2053
5770 2 2 1 1 2840 3172 1933
5771 2 2 1 1 2913 3087 2932
5772 2 2 1 1 120 2904 408
5773 2 2 1 1 2031 3076 2911
5774 2 2 1 1 38 2854 426
5775 2 2 1 1 109 1843 461
5776 2 2 1 1 2976 3189 1690
5777 2 2 1 1 2913 2932 439
5778 2 2 1 1 1690 3077 2976
5779 2 2 1 1 1731 3087 2913
5780 2 2 1 1 3026 3144 1601
5781 2 2 1 1 2969 3080 523
5782 2 2 1 1 2345 3134 3007
5783 2 2 1 1 2983 3142 2371
5784 2 2 1 1 46 3078 164
5785 2 2 1 1 3010 3147 510
5786 2 2 1 1 473 3057 2754
5787 2 2 1 1 3001 3137 1473
5788 2 2 1 1 527 2904 187
5789 2 2 1 1 3003 3149 1888
5790 2 2 1 1 408 2848 188
5791 2 2 1 1 410 1487 92
5792 2 2 1 1 93 1487 401
5793 2 2 1 1 473 3031 2841
5794 2 2 1 1 1945 3132 2882
5795 2 2 1 1 1968 3050 2977
5796 2 2 1 1 409 1489 11
5797 2 2 1 1 12 1489 400
5798 2 2 1 1 62 3174 2836
5799 2 2 1 1 539 1494 69
5800 2 2 1 1 70 1719 539
5801 2 2 1 1 68 1494 427
5802 2 2 1 1 3039 3111 2630
5803 2 2 1 1 2022 3111 3039
5804 2 2 1 1 3062 3150 1853
5805 2 2 1 1 424 3075 2940
5806 2 2 1 1 3142 3172 538
5807 2 2 1 1 1976 3172 3142
5808 2 2 1 1 2898 3124 533
5809 2 2 1 1 180 473 90
5810 2 2 1 1 1821 3040 1822
5811 2 2 1 1 135 2783 481
5812 2 2 1 1 89 3031 180
5813 2 2 1 1 492 3123 3078
5814 2 2 1 1 96 463 181
5815 2 2 1 1 141 439 142
5816 2 2 1 1 3037 3141 1913
5817 2 2 1 1 1826 3112 3054
5818 2 2 1 1 1878 3164 2917
5819 2 2 1 1 91 2754 410
5820 2 2 1 1 401 1486 94
5821 2 2 1 1 2978 3190 344
5822 2 2 1 1 61 2820 62
5823 2 2 1 1 400 1491 13
5824 2 2 1 1 396 1492 1
5825 2 2 1 1 427 2849 67
5826 2 2 1 1 1946 3105 2984
5827 2 2 1 1 1854 3067 3012
5828 2 2 1 1 1817 3150 2899
5829 2 2 1 1 485 3068 2988
5830 2 2 1 1 50 1824 428
5831 2 2 1 1 177 3160 584
5832 2 2 1 1 92 1487 93
5833 2 2 1 1 91 410 92
5834 2 2 1 1 93 401 94
5835 2 2 1 1 2869 3160 176
5836 2 2 1 1 134 2937 491
5837 2 2 1 1 2909 3187 459
5838 2 2 1 1 1486 3136 1902
5839 2 2 1 1 14 396 1
5840 2 2 1 1 11 1489 12
5841 2 2 1 1 12 400 13
5842 2 2 1 1 10 409 11
5843 2 2 1 1 69 1494 68
5844 2 2 1 1 71 1719 70
5845 2 2 1 1 70 539 69
5846 2 2 1 1 68 427 67
5847 2 2 1 1 2975 3093 1876
5848 2 2 1 1 412 1834 100
5849 2 2 1 1 133 2923 526
5850 2 2 1 1 480 2889 201
5851 2 2 1 1 2888 3058 486
5852 2 2 1 1 176 3160 177
5853 2 2 1 1 2932 3087 2033
5854 2 2 1 1 1889 3149 2887
5855 2 2 1 1 107 398 108
5856 2 2 1 1 98 1827 1631
5857 2 2 1 1 113 2820 1827
5858 2 2 1 1 99 1631 412
5859 2 2 1 1 2929 3161 1853
5860 2 2 1 1 2939 3164 3094
5861 2 2 1 1 1394 3170 2994
5862 2 2 1 1 3052 3100 1441
5863 2 2 1 1 2029 3100 3052
5864 2 2 1 1 2012 3161 3054
5865 2 2 1 1 491 2783 198
5866 2 2 1 1 463 3164 2939
5867 2 2 1 1 2006 3188 3072
5868 2 2 1 1 3023 3097 461
5869 2 2 1 1 2223 3099 3002
5870 2 2 1 1 537 2923 196
5871 2 2 1 1 98 1631 99
5872 2 2 1 1 113 1827 98
5873 2 2 1 1 99 412 100
5874 2 2 1 1 112 2820 113
5875 2 2 1 1 158 2986 2854
5876 2 2 1 1 526 2937 197
5877 2 2 1 1 496 2990 2906
5878 2 2 1 1 200 2932 2033
5879 2 2 1 1 477 2958 19
5880 2 2 1 1 523 3080 1821
5881 2 2 1 1 112 3174 2820
5882 2 2 1 1 543 3079 1958
5883 2 2 1 1 1459 2999 2971
5884 2 2 1 1 2904 3116 408
5885 2 2 1 1 531 2961 172
5886 2 2 1 1 1904 3137 3001
5887 2 2 1 1 2988 3093 453
5888 2 2 1 1 2980 3155 434
5889 2 2 1 1 2937 3073 491
5890 2 2 1 1 2449 3189 2976
5891 2 2 1 1 468 3149 3003
5892 2 2 1 1 74 2961 452
5893 2 2 1 1 405 1703 33
5894 2 2 1 1 452 2990 73
5895 2 2 1 1 461 3097 110
5896 2 2 1 1 182 535 111
5897 2 2 1 1 110 3097 182
5898 2 2 1 1 2023 3144 3026
5899 2 2 1 1 157 2930 460
5900 2 2 1 1 439 2932 142
5901 2 2 1 1 449 1729 140
5902 2 2 1 1 95 3143 96
5903 2 2 1 1 3094 3164 1878
5904 2 2 1 1 520 2930 28
5905 2 2 1 1 153 2928 1718
5906 2 2 1 1 3119 3152 1860
5907 2 2 1 1 487 2969 152
5908 2 2 1 1 154 2958 1839
5909 2 2 1 1 1834 3090 100
5910 2 2 1 1 344 2979 2978
5911 2 2 1 1 165 2988 453
5912 2 2 1 1 3062 3161 2012
5913 2 2 1 1 1853 3161 3062
5914 2 2 1 1 111 3174 112
5915 2 2 1 1 141 2912 439
5916 2 2 1 1 2978 2979 179
5917 2 2 1 1 27 3000 520
5918 2 2 1 1 520 3104 2930
5919 2 2 1 1 431 1823 7
5920 2 2 1 1 523 1821 4
5921 2 2 1 1 171 2990 496
5922 2 2 1 1 31 2752 32
5923 2 2 1 1 32 405 33
5924 2 2 1 1 34 397 35
5925 2 2 1 1 35 1706 36
5926 2 2 1 1 36 402 37
5927 2 2 1 1 1924 3158 2049
5928 2 2 1 1 47 485 48
5929 2 2 1 1 544 3152 3119
5930 2 2 1 1 3072 3188 540
5931 2 2 1 1 164 3078 3032
5932 2 2 1 1 483 3042 155
5933 2 2 1 1 2749 3190 2978
5934 2 2 1 1 1842 3119 451
5935 2 2 1 1 451 1840 25
5936 2 2 1 1 395 2928 9
5937 2 2 1 1 3078 3123 1975
5938 2 2 1 1 137 490 138
5939 2 2 1 1 136 1723 137
5940 2 2 1 1 139 449 140
5941 2 2 1 1 135 481 136
5942 2 2 1 1 138 1721 139
5943 2 2 1 1 3042 3112 525
5944 2 2 1 1 54 472 55
5945 2 2 1 1 428 2779 51
5946 2 2 1 1 52 2779 455
5947 2 2 1 1 402 2986 37
5948 2 2 1 1 485 2988 48
5949 2 2 1 1 397 1706 35
5950 2 2 1 1 32 2752 405
5951 2 2 1 1 36 1706 402
5952 2 2 1 1 104 421 105
5953 2 2 1 1 1924 2049 106
5954 2 2 1 1 2836 3174 535
5955 2 2 1 1 3 2969 523
5956 2 2 1 1 47 3032 485
5957 2 2 1 1 2041 2892 534
5958 2 2 1 1 421 1924 105
5959 2 2 1 1 8 395 9
5960 2 2 1 1 6 431 7
5961 2 2 1 1 3 523 4
5962 2 2 1 1 5 1822 6
5963 2 2 1 1 96 3143 463
5964 2 2 1 1 490 1721 138
5965 2 2 1 1 481 1723 136
5966 2 2 1 1 137 1723 490
5967 2 2 1 1 139 1721 449
5968 2 2 1 1 104 2971 421
5969 2 2 1 1 23 2892 1842
5970 2 2 1 1 525 2892 22
5971 2 2 1 1 180 3031 473
5972 2 2 1 1 454 3000 156
5973 2 2 1 1 3032 3078 1975
5974 2 2 1 1 21 525 22
5975 2 2 1 1 24 451 25
5976 2 2 1 1 23 1842 24
5977 2 2 1 1 52 455 53
5978 2 2 1 1 53 1866 54
5979 2 2 1 1 535 3174 111
5980 2 2 1 1 21 3042 525
5981 2 2 1 1 107 2049 398
5982 2 2 1 1 6 1822 431
5983 2 2 1 1 486 3058 77
5984 2 2 1 1 54 1866 472
5985 2 2 1 1 182 3097 535
5986 2 2 1 1 24 1842 451
5987 2 2 1 1 455 1866 53
5988 2 2 1 1 44 542 45
5989 2 2 1 1 42 534 43
5990 2 2 1 1 41 2041 42
5991 2 2 1 1 42 2041 534
5992 2 2 1 1 43 542 44
5993 2 2 1 1 100 3090 101
5994 2 2 1 1 65 248 63
5995 2 2 1 1 202 76 64
5996 2 2 1 1 298 79 80
5997 2 2 1 1 298 486 79
5998 2 2 2 2 7 3191 6
5999 2 2 2 2 10 3194 153
6000 2 2 2 2 152 3193 3192
6001 2 2 2 2 152 3192 2
6002 2 2 2 2 153 3196 3191
6003 2 2 2 2 3193 3196 3192
6004 2 2 2 2 3192 3196 3194
6005 2 2 2 2 3194 3197 3192
6006 2 2 2 2 1 3192 14
6007 2 2 2 2 14 3197 13
6008 2 2 2 2 12 3197 11
6009 2 2 2 2 3191 3196 3193
6010 2 2 2 2 3192 3197 14
6011 2 2 2 2 3194 3196 153
6012 2 2 2 2 3 3193 152
6013 2 2 2 2 3191 3195 6
6014 2 2 2 2 3193 3195 3191
6015 2 2 2 2 3 3195 3193
6016 2 2 2 2 4 3195 3
6017 2 2 2 2 8 3191 7
6018 2 2 2 2 6 3195 5
6019 2 2 2 2 11 3197 3194
6020 2 2 2 2 11 3194 10
6021 2 2 2 2 2 3192 1
6022 2 2 2 2 13 3197 12
6023 2 2 2 2 5 3195 4
6024 2 2 2 2 9 3191 8
6025 2 2 2 2 153 3191 9
6026 2 2 2 3 20 3204 154
6027 2 2 2 3 154 3204 3201
6028 2 2 2 3 30 3205 29
6029 2 2 2 3 16 3198 15
6030 2 2 2 3 18 3210 17
6031 2 2 2 3 27 3206 156
6032 2 2 2 3 3206 3211 3204
6033 2 2 2 3 3200 3211 3206
6034 2 2 2 3 3204 3211 3201
6035 2 2 2 3 29 3205 3203
6036 2 2 2 3 3198 3205 15
6037 2 2 2 3 21 3202 155
6038 2 2 2 3 17 3210 3198
6039 2 2 2 3 155 3204 20
6040 2 2 2 3 23 3207 22
6041 2 2 2 3 3208 3212 3211
6042 2 2 2 3 3200 3206 27
6043 2 2 2 3 29 3203 157
6044 2 2 2 3 154 3201 19
6045 2 2 2 3 15 3205 30
6046 2 2 2 3 17 3198 16
6047 2 2 2 3 157 3208 28
6048 2 2 2 3 3203 3212 3208
6049 2 2 2 3 28 3200 27
6050 2 2 2 3 156 3209 26
6051 2 2 2 3 26 3199 25
6052 2 2 2 3 24 3199 23
6053 2 2 2 3 3202 3206 3204
6054 2 2 2 3 19 3210 18
6055 2 2 2 3 22 3207 21
6056 2 2 2 3 3211 3212 3201
6057 2 2 2 3 3202 3207 3206
6058 2 2 2 3 3207 3209 3206
6059 2 2 2 3 3198 3212 3205
6060 2 2 2 3 3205 3212 3203
6061 2 2 2 3 3202 3204 155
6062 2 2 2 3 3208 3211 3200
6063 2 2 2 3 3203 3208 157
6064 2 2 2 3 3210 3212 3198
6065 2 2 2 3 3206 3209 156
6066 2 2 2 3 28 3208 3200
6067 2 2 2 3 3201 3210 19
6068 2 2 2 3 3199 3207 23
6069 2 2 2 3 26 3209 3199
6070 2 2 2 3 3201 3212 3210
6071 2 2 2 3 21 3207 3202
6072 2 2 2 3 25 3199 24
6073 2 2 2 3 3199 3209 3207
6074 2 2 2 4 164 3216 46
6075 2 2 2 4 34 3225 33
6076 2 2 2 4 162 3223 45
6077 2 2 2 4 160 3219 39
6078 2 2 2 4 3216 3219 46
6079 2 2 2 4 164 3226 3216
6080 2 2 2 4 40 3223 161
6081 2 2 2 4 41 3214 40
6082 2 2 2 4 46 3219 163
6083 2 2 2 4 39 3219 3216
6084 2 2 2 4 3213 3225 34
6085 2 2 2 4 31 3218 165
6086 2 2 2 4 158 3217 37
6087 2 2 2 4 42 3214 41
6088 2 2 2 4 160 3222 3219
6089 2 2 2 4 37 3217 3213
6090 2 2 2 4 3222 3223 162
6091 2 2 2 4 163 3222 162
6092 2 2 2 4 165 3224 48
6093 2 2 2 4 37 3213 36
6094 2 2 2 4 35 3213 34
6095 2 2 2 4 38 3220 158
6096 2 2 2 4 161 3222 160
6097 2 2 2 4 3219 3222 163
6098 2 2 2 4 39 3216 159
6099 2 2 2 4 47 3226 164
6100 2 2 2 4 159 3221 38
6101 2 2 2 4 161 3223 3222
6102 2 2 2 4 3217 3218 3213
6103 2 2 2 4 45 3223 3214
6104 2 2 2 4 3216 3226 3221
6105 2 2 2 4 3220 3221 3215
6106 2 2 2 4 3217 3224 3218
6107 2 2 2 4 3221 3226 3215
6108 2 2 2 4 3214 3223 40
6109 2 2 2 4 3220 3224 3217
6110 2 2 2 4 3216 3221 159
6111 2 2 2 4 38 3221 3220
6112 2 2 2 4 158 3220 3217
6113 2 2 2 4 3218 3225 3213
6114 2 2 2 4 3218 3224 165
6115 2 2 2 4 3215 3224 3220
6116 2 2 2 4 36 3213 35
6117 2 2 2 4 48 3215 47
6118 2 2 2 4 33 3225 32
6119 2 2 2 4 32 3225 31
6120 2 2 2 4 31 3225 3218
6121 2 2 2 4 48 3224 3215
6122 2 2 2 4 3215 3226 47
6123 2 2 2 4 43 3214 42
6124 2 2 2 4 45 3214 44
6125 2 2 2 4 44 3214 43
6126 2 2 2 5 52 3231 51
6127 2 2 2 5 3227 3230 49
6128 2 2 2 5 50 3227 49
6129 2 2 2 5 3228 3229 57
6130 2 2 2 5 60 3230 3228
6131 2 2 2 5 61 3230 60
6132 2 2 2 5 60 3228 59
6133 2 2 2 5 58 3228 57
6134 2 2 2 5 49 3230 62
6135 2 2 2 5 57 3229 56
6136 2 2 2 5 3227 3232 3230
6137 2 2 2 5 51 3231 3227
6138 2 2 2 5 55 3231 54
6139 2 2 2 5 3229 3232 3231
6140 2 2 2 5 3228 3232 3229
6141 2 2 2 5 56 3229 55
6142 2 2 2 5 3231 3232 3227
6143 2 2 2 5 62 3230 61
6144 2 2 2 5 59 3228 58
6145 2 2 2 5 3229 3231 55
6146 2 2 2 5 51 3227 50
6147 2 2 2 5 3230 3232 3228
6148 2 2 2 5 53 3231 52
6149 2 2 2 5 54 3231 53
6150 2 2 2 6 168 3242 66
6151 2 2 2 6 3235 3239 3237
6152 2 2 2 6 171 3240 73
6153 2 2 2 6 172 3243 3235
6154 2 2 2 6 3235 3243 3239
6155 2 2 2 6 74 3243 172
6156 2 2 2 6 66 3242 3236
6157 2 2 2 6 170 3238 67
6158 2 2 2 6 3236 3238 170
6159 2 2 2 6 3236 3242 3240
6160 2 2 2 6 3240 3242 3234
6161 2 2 2 6 3237 3247 3235
6162 2 2 2 6 3236 3240 3238
6163 2 2 2 6 72 3233 171
6164 2 2 2 6 65 3237 169
6165 2 2 2 6 73 3240 3234
6166 2 2 2 6 3239 3242 168
6167 2 2 2 6 3234 3243 74
6168 2 2 2 6 3238 3240 3233
6169 2 2 2 6 3233 3240 171
6170 2 2 2 6 3233 3245 3238
6171 2 2 2 6 173 3241 76
6172 2 2 2 6 169 3239 168
6173 2 2 2 6 70 3245 71
6174 2 2 2 6 68 3245 69
6175 2 2 2 6 3235 3247 3241
6176 2 2 2 6 3242 3243 3234
6177 2 2 2 6 3237 3239 169
6178 2 2 2 6 64 3246 167
6179 2 2 2 6 166 3244 63
6180 2 2 2 6 3239 3243 3242
6181 2 2 2 6 66 3236 170
6182 2 2 2 6 75 3235 173
6183 2 2 2 6 73 3234 74
6184 2 2 2 6 65 3244 3237
6185 2 2 2 6 3238 3245 68
6186 2 2 2 6 71 3245 3233
6187 2 2 2 6 69 3245 70
6188 2 2 2 6 71 3233 72
6189 2 2 2 6 67 3238 68
6190 2 2 2 6 167 3247 166
6191 2 2 2 6 3235 3241 173
6192 2 2 2 6 3241 3246 76
6193 2 2 2 6 3244 3247 3237
6194 2 2 2 6 76 3246 64
6195 2 2 2 6 3241 3247 167
6196 2 2 2 6 167 3246 3241
6197 2 2 2 6 63 3244 65
6198 2 2 2 6 166 3247 3244
6199 2 2 2 6 172 3235 75
6200 2 2 2 7 174 3249 83
6201 2 2 2 7 176 3248 78
6202 2 2 2 7 77 3250 79
6203 2 2 2 7 3249 3251 83
6204 2 2 2 7 80 3250 175
6205 2 2 2 7 3248 3249 78
6206 2 2 2 7 178 3248 177
6207 2 2 2 7 83 3251 179
6208 2 2 2 7 179 3251 178
6209 2 2 2 7 177 3248 176
6210 2 2 2 7 79 3250 80
6211 2 2 2 7 178 3251 3248
6212 2 2 2 7 78 3250 77
6213 2 2 2 7 175 3249 174
6214 2 2 2 7 3248 3251 3249
6215 2 2 2 7 3249 3250 78
6216 2 2 2 7 175 3250 3249
6217 2 2 2 7 81 174 82
6218 2 2 2 7 174 83 82
6219 2 2 2 9 3257 3258 3255
6220 2 2 2 9 3255 3258 3254
6221 2 2 2 9 84 3254 97
6222 2 2 2 9 84 3255 3254
6223 2 2 2 9 3252 3258 3257
6224 2 2 2 9 89 3257 88
6225 2 2 2 9 85 3255 84
6226 2 2 2 9 87 3257 86
6227 2 2 2 9 93 3253 92
6228 2 2 2 9 92 3256 91
6229 2 2 2 9 95 3261 94
6230 2 2 2 9 3253 3256 92
6231 2 2 2 9 3253 3258 3256
6232 2 2 2 9 3253 3261 3258
6233 2 2 2 9 3252 3257 89
6234 2 2 2 9 86 3257 3255
6235 2 2 2 9 88 3257 87
6236 2 2 2 9 86 3255 85
6237 2 2 2 9 181 3259 96
6238 2 2 2 9 3258 3261 3259
6239 2 2 2 9 180 3252 89
6240 2 2 2 9 97 3254 181
6241 2 2 2 9 94 3261 3253
6242 2 2 2 9 94 3253 93
6243 2 2 2 9 91 3256 90
6244 2 2 2 9 90 3260 180
6245 2 2 2 9 96 3261 95
6246 2 2 2 9 3252 3260 3258
6247 2 2 2 9 3258 3259 3254
6248 2 2 2 9 3258 3260 3256
6249 2 2 2 9 3254 3259 181
6250 2 2 2 9 180 3260 3252
6251 2 2 2 9 3256 3260 90
6252 2 2 2 9 3259 3261 96
6253 2 2 2 10 3266 3271 3262
6254 2 2 2 10 3262 3269 3266
6255 2 2 2 10 182 3262 110
6256 2 2 2 10 3262 3271 3268
6257 2 2 2 10 109 3262 108
6258 2 2 2 10 107 3263 106
6259 2 2 2 10 103 3271 102
6260 2 2 2 10 182 3265 3262
6261 2 2 2 10 112 3267 111
6262 2 2 2 10 3265 3269 3262
6263 2 2 2 10 99 3264 98
6264 2 2 2 10 98 3267 113
6265 2 2 2 10 3262 3268 108
6266 2 2 2 10 3264 3267 98
6267 2 2 2 10 102 3271 3266
6268 2 2 2 10 106 3263 105
6269 2 2 2 10 3268 3271 3263
6270 2 2 2 10 3266 3270 101
6271 2 2 2 10 110 3262 109
6272 2 2 2 10 102 3266 101
6273 2 2 2 10 3264 3269 3267
6274 2 2 2 10 3267 3269 3265
6275 2 2 2 10 111 3267 3265
6276 2 2 2 10 104 3271 103
6277 2 2 2 10 3269 3270 3266
6278 2 2 2 10 108 3268 107
6279 2 2 2 10 100 3264 99
6280 2 2 2 10 113 3267 112
6281 2 2 2 10 111 3265 182
6282 2 2 2 10 3264 3270 3269
6283 2 2 2 10 105 3263 104
6284 2 2 2 10 107 3268 3263
6285 2 2 2 10 100 3270 3264
6286 2 2 2 10 3263 3271 104
6287 2 2 2 10 101 3270 100
6288 2 2 2 11 3286 3290 3283
6289 2 2 2 11 3276 3289 3280
6290 2 2 2 11 3280 3285 3276
6291 2 2 2 11 3274 3290 3286
6292 2 2 2 11 3272 3288 3279
6293 2 2 2 11 3279 3291 3272
6294 2 2 2 11 3281 3287 3285
6295 2 2 2 11 3285 3287 3276
6296 2 2 2 11 3275 3293 3283
6297 2 2 2 11 3281 3284 3277
6298 2 2 2 11 3277 3287 3281
6299 2 2 2 11 3283 3290 3275
6300 2 2 2 11 3283 3293 3278
6301 2 2 2 11 3286 3297 3274
6302 2 2 2 11 3272 3291 116
6303 2 2 2 11 116 3291 115
6304 2 2 2 11 117 3272 116
6305 2 2 2 11 114 3291 129
6306 2 2 2 11 3278 3282 127
6307 2 2 2 11 3289 3297 3280
6308 2 2 2 11 125 3282 124
6309 2 2 2 11 123 3292 122
6310 2 2 2 11 127 3282 126
6311 2 2 2 11 3288 3295 3279
6312 2 2 2 11 128 3295 195
6313 2 2 2 11 189 3278 127
6314 2 2 2 11 3282 3293 3292
6315 2 2 2 11 3278 3293 3282
6316 2 2 2 11 192 3280 191
6317 2 2 2 11 195 3284 194
6318 2 2 2 11 194 3281 193
6319 2 2 2 11 190 3283 189
6320 2 2 2 11 191 3286 190
6321 2 2 2 11 193 3285 192
6322 2 2 2 11 186 3276 185
6323 2 2 2 11 184 3277 183
6324 2 2 2 11 185 3287 184
6325 2 2 2 11 3280 3286 191
6326 2 2 2 11 3281 3285 193
6327 2 2 2 11 192 3285 3280
6328 2 2 2 11 194 3284 3281
6329 2 2 2 11 190 3286 3283
6330 2 2 2 11 3292 3293 3273
6331 2 2 2 11 119 3289 186
6332 2 2 2 11 3276 3287 185
6333 2 2 2 11 184 3287 3277
6334 2 2 2 11 189 3283 3278
6335 2 2 2 11 3284 3288 3277
6336 2 2 2 11 183 3294 118
6337 2 2 2 11 3279 3295 128
6338 2 2 2 11 129 3291 3279
6339 2 2 2 11 187 3274 119
6340 2 2 2 11 188 3275 120
6341 2 2 2 11 186 3289 3276
6342 2 2 2 11 3282 3292 124
6343 2 2 2 11 122 3292 3273
6344 2 2 2 11 3277 3294 183
6345 2 2 2 11 120 3290 187
6346 2 2 2 11 3288 3294 3277
6347 2 2 2 11 195 3295 3284
6348 2 2 2 11 115 3291 114
6349 2 2 2 11 129 3279 128
6350 2 2 2 11 118 3272 117
6351 2 2 2 11 3274 3289 119
6352 2 2 2 11 122 3273 121
6353 2 2 2 11 124 3292 123
6354 2 2 2 11 126 3282 125
6355 2 2 2 11 121 3296 188
6356 2 2 2 11 3284 3295 3288
6357 2 2 2 11 3280 3297 3286
6358 2 2 2 11 187 3290 3274
6359 2 2 2 11 3275 3290 120
6360 2 2 2 11 3272 3294 3288
6361 2 2 2 11 188 3296 3275
6362 2 2 2 11 118 3294 3272
6363 2 2 2 11 3274 3297 3289
6364 2 2 2 11 3275 3296 3293
6365 2 2 2 11 3293 3296 3273
6366 2 2 2 11 3273 3296 121
6367 2 2 2 12 3303 3312 3306
6368 2 2 2 12 3303 3315 3312
6369 2 2 2 12 3308 3311 3302
6370 2 2 2 12 3304 3311 3308
6371 2 2 2 12 3302 3312 3308
6372 2 2 2 12 140 3305 139
6373 2 2 2 12 3306 3309 3303
6374 2 2 2 12 3298 3309 3306
6375 2 2 2 12 3300 3311 3304
6376 2 2 2 12 3308 3312 3301
6377 2 2 2 12 3304 3310 3300
6378 2 2 2 12 131 3309 130
6379 2 2 2 12 147 3298 146
6380 2 2 2 12 145 3298 144
6381 2 2 2 12 3310 3313 3300
6382 2 2 2 12 144 3306 201
6383 2 2 2 12 135 3307 198
6384 2 2 2 12 3298 3306 144
6385 2 2 2 12 3307 3313 3310
6386 2 2 2 12 3312 3315 3301
6387 2 2 2 12 147 3309 3298
6388 2 2 2 12 3303 3309 131
6389 2 2 2 12 3305 3316 139
6390 2 2 2 12 199 3305 140
6391 2 2 2 12 143 3302 200
6392 2 2 2 12 133 3301 196
6393 2 2 2 12 136 3299 135
6394 2 2 2 12 134 3304 197
6395 2 2 2 12 197 3308 133
6396 2 2 2 12 3305 3313 3307
6397 2 2 2 12 200 3311 142
6398 2 2 2 12 198 3310 134
6399 2 2 2 12 132 3303 131
6400 2 2 2 12 130 3309 147
6401 2 2 2 12 146 3298 145
6402 2 2 2 12 141 3313 199
6403 2 2 2 12 3299 3307 135
6404 2 2 2 12 196 3315 132
6405 2 2 2 12 201 3314 143
6406 2 2 2 12 142 3300 141
6407 2 2 2 12 3306 3314 201
6408 2 2 2 12 133 3308 3301
6409 2 2 2 12 3304 3308 197
6410 2 2 2 12 3305 3307 3299
6411 2 2 2 12 3302 3311 200
6412 2 2 2 12 3307 3310 198
6413 2 2 2 12 134 3310 3304
6414 2 2 2 12 3301 3315 196
6415 2 2 2 12 3299 3316 3305
6416 2 2 2 12 143 3314 3302
6417 2 2 2 12 3312 3314 3306
6418 2 2 2 12 142 3311 3300
6419 2 2 2 12 137 3299 136
6420 2 2 2 12 199 3313 3305
6421 2 2 2 12 3302 3314 3312
6422 2 2 2 12 3300 3313 141
6423 2 2 2 12 132 3315 3303
6424 2 2 2 12 138 3316 137
6425 2 2 2 12 139 3316 138
6426 2 2 2 12 137 3316 3299
$EndElements
