$MeshFormat
2.2 0 8
$EndMeshFormat
$PhysicalNames
2
2 1 "matrix"
2 2 "inclusions"
$EndPhysicalNames
$Nodes
3948
1 0.4190417163421402 0.2517690725986496 0
2 0.4082403688225776 0.2488748602536149 0
3 0.4003332336480497 0.240967725079087 0
4 0.397439021303015 0.2301663775595245 0
5 0.4003332336480497 0.2193650300399619 0
6 0.4082403688225776 0.211457894865434 0
7 0.4306136220210472 0.1995850558210059 0
8 0.4433625738162066 0.1961689844831496 0
9 0.4650887223696425 0.1938988711971606 0
10 0.4750095143015572 0.1965571393835943 0
11 0.4822720380470382 0.2038196631290753 0
12 0.4849303062334719 0.2137404550609901 0
13 0.4822720380470382 0.2236612469929048 0
14 0.4750095143015572 0.2309237707383858 0
15 0.456111525611366 0.2437487203259309 0
16 0.4433625738162066 0.2471647916637872 0
17 0.4314262017979877 0.4605429548986892 0
18 0.4437126258407921 0.463835092298825 0
19 0.4527069124834608 0.4728293789414936 0
20 0.4559990498835966 0.4851158029842981 0
21 0.4527069124834608 0.4974022270271025 0
22 0.4437126258407921 0.5063965136697712 0
23 0.4207077831634119 0.5151227167571594 0
24 0.4086142436872208 0.5183631708934388 0
25 0.3965207042110296 0.5151227167571594 0
26 0.3876676188711178 0.5062696314172476 0
27 0.3844271647348386 0.4941760919410565 0
28 0.3876676188711178 0.4820825524648654 0
29 0.3965207042110296 0.4732294671249536 0
30 0.4191397777551832 0.463835092298825 0
31 0.805884047969316 0.4934610599366154 0
32 0.8025062342450647 0.5060672323740247 0
33 0.7932778755319067 0.5152955910871827 0
34 0.7806717030944974 0.518673404811434 0
35 0.7680655306570882 0.5152955910871827 0
36 0.7432541562836041 0.5081682833031561 0
37 0.7356065637237984 0.5005206907433504 0
38 0.7328073505691166 0.490073885028863 0
39 0.7356065637237984 0.4796270793143755 0
40 0.7432541562836041 0.4719794867545698 0
41 0.7537009619980916 0.4691802735998881 0
42 0.7806717030944974 0.4682487150617968 0
43 0.7932778755319067 0.4716265287860481 0
44 0.8025062342450647 0.4808548874992061 0
45 0.1838135018037972 0.5622951291255351 0
46 0.1805712258196792 0.5743954678304238 0
47 0.1717131630989085 0.5832535305511946 0
48 0.1596128243940197 0.5864958065353125 0
49 0.1475124856891311 0.5832535305511946 0
50 0.1236541587485685 0.5740174510320946 0
51 0.103822969055947 0.5586690350183979 0
52 0.09766781032311012 0.552513876285561 0
53 0.09541486586256619 0.5441057730921802 0
54 0.09766781032311012 0.5356976698987994 0
55 0.103822969055947 0.5295425111659625 0
56 0.1122310722493278 0.5272895667054186 0
57 0.1361117388527127 0.5275251291440693 0
58 0.1485693189568569 0.5308631276726208 0
59 0.1717131630989084 0.5413367276998757 0
60 0.1805712258196792 0.5501947904206465 0
61 0.4445393353953176 0.4224799080104442 0
62 0.4477162309578134 0.4106235723608696 0
63 0.4563956710448921 0.4019441322737909 0
64 0.4682520066944667 0.3987672367112951 0
65 0.4801083423440412 0.4019441322737909 0
66 0.5031910153532188 0.4171412256207909 0
67 0.5125232198382996 0.4264734301058718 0
68 0.5293893446835325 0.4449541518987825 0
69 0.5323138599099949 0.4558685913114487 0
70 0.5293893446835325 0.466783030724115 0
71 0.5213994204973286 0.474772954910319 0
72 0.5104849810846623 0.4776974701367813 0
73 0.499570541671996 0.474772954910319 0
74 0.4776949585533555 0.461301691390816 0
75 0.4563956710448921 0.4430156837470974 0
76 0.4477162309578134 0.4343362436600187 0
77 0.6781165206777531 0.3648312294514881 0
78 0.6660025378794533 0.3615852975435592 0
79 0.6571344869890825 0.3527172466531884 0
80 0.6538885550811536 0.3406032638548886 0
81 0.6571344869890825 0.3284892810565889 0
82 0.6653823088546278 0.31849383226744 0
83 0.6728857371769722 0.3109904039450956 0
84 0.6831356108807703 0.3082439585636419 0
85 0.6933854845845684 0.3109904039450956 0
86 0.7008889129069129 0.31849383226744 0
87 0.7036353582883665 0.3287437059712381 0
88 0.7023444862743525 0.3406032638548886 0
89 0.6990985543664237 0.3527172466531883 0
90 0.6902305034760529 0.3615852975435592 0
91 0.320748454539138 0.4515450741456018 0
92 0.3329845104574845 0.4548237154474648 0
93 0.341941925073968 0.4637811300639483 0
94 0.345220566375831 0.4760171859822948 0
95 0.341941925073968 0.4882532419006413 0
96 0.3329845104574846 0.4972106565171248 0
97 0.3098853168119902 0.5154968086147311 0
98 0.2864925439709514 0.5327553627942864 0
99 0.262045609358661 0.5494323284857892 0
100 0.2373677497227642 0.5644778948758522 0
101 0.2313078683924324 0.566101635184543 0
102 0.2252479870621007 0.5644778948758522 0
103 0.2208118460404598 0.5600417538542113 0
104 0.2191881057317689 0.5539818725238795 0
105 0.2208118460404598 0.5479219911935478 0
106 0.2376357400954143 0.5250224592225425 0
107 0.2783372518764748 0.4839487436792157 0
108 0.2867905303987108 0.4754954651569797 0
109 0.3085123986207915 0.4548237154474648 0
110 0.4180434470205107 0.3412817826593407 0
111 0.4211396014013445 0.3297267772019921 0
112 0.4295984524778593 0.3212679261254773 0
113 0.4411534579352079 0.3181717717446435 0
114 0.4527084633925565 0.3212679261254773 0
115 0.4793026471178678 0.3344859537540117 0
116 0.5052570723123632 0.3477847112063799 0
117 0.5561450755310257 0.3786658726720954 0
118 0.5801244501870457 0.3956524899971743 0
119 0.5882994277150303 0.4038274675251589 0
120 0.5912916771656396 0.4149946945037528 0
121 0.5882994277150303 0.4261619214823466 0
122 0.5801244501870457 0.4343368990103312 0
123 0.5689572232084519 0.4373291484609405 0
124 0.557789996229858 0.4343368990103312 0
125 0.5314895101165841 0.4213705646592462 0
126 0.505266816344576 0.4068290588890766 0
127 0.4797611278465988 0.3919449824080384 0
128 0.4547275854056237 0.3770512092387592 0
129 0.4295984524778593 0.3612956391932042 0
130 0.4211396014013445 0.3528367881166893 0
131 0.002944284827909713 0.8077319245019043 0
132 7.589415207398531e-18 0.8069430057599787 0
133 0.01528370470273144 0.8044255869113773 0
134 0.09974984238608607 0.7760858645120789 0
135 0.155035750629137 0.7555237229032156 0
136 0.1616893090993842 0.7488701644329684 0
137 0.1641246805250598 0.7397812345370456 0
138 0.1616893090993842 0.7306923046411228 0
139 0.155035750629137 0.7240387461708756 0
140 0.1459468207332143 0.7216033747452001 0
141 0.05980016851775588 0.7419431121574597 0
142 0.0311523111059215 0.7490715425062205 0
143 0.01916642466802509 0.7522831510978261 0
144 -8.673617379884035e-19 0.7585893600242857 0
145 0.990604864953088 0.8044255869113773 0
146 0.9815717826687933 0.7953925046270827 0
147 1 0.8069430057599787 0
148 1 0.7585893600242857 0
149 0.990604864953088 0.7616805825931444 0
150 0.9815717826687933 0.7707136648774392 0
151 0.9782654450782663 0.7830530847522609 0
152 0.2878356331545352 0.9953410143061772 0
153 0.2850175375749965 0.9848237384227534 0
154 0.2924946188483581 1 0
155 0.3196095598353298 1 0
156 0.3242685455291526 0.9953410143061771 0
157 0.3270866411086913 0.9848237384227534 0
158 0.3395086896129144 0.8960294329531624 0
159 0.3417573051874338 0.8665526960326941 0
160 0.3429322976018006 0.837568473403681 0
161 0.3396638728542846 0.8253705461852361 0
162 0.3307343703833556 0.816441043714307 0
163 0.3185364431649106 0.8131726189667912 0
164 0.3063385159464657 0.816441043714307 0
165 0.2974090134755367 0.8253705461852361 0
166 0.2941405887280207 0.837568473403681 0
167 0.2907755284193055 0.8665526960326941 0
168 0.2856998062769261 0.9255142074567869 0
169 0.2845003241583202 0.9552459308029142 0
170 0.2955348134584202 0.003040194610062219 0
171 0.2924946188483579 -3.339342691255354e-17 0
172 0.3060520893418439 0.005858290189600712 0
173 0.3165693652252676 0.003040194610061997 0
174 0.3196095598353296 1.951563910473908e-17 0
175 0.6099407492077128 0.5658943976745254 0
176 0.6133532617254079 0.5786300677720287 0
177 0.6099407492077128 0.5913657378695321 0
178 0.6006175916279047 0.6006888954493401 0
179 0.576205338014811 0.6163024276988809 0
180 0.550826458002921 0.631787719041654 0
181 0.5250538446364621 0.6447561201380935 0
182 0.4958553946109632 0.6526221598112607 0
183 0.4912480201523501 0.6538567020766738 0
184 0.4866406456937371 0.6526221598112607 0
185 0.4832678135005371 0.6492493276180608 0
186 0.482033271235124 0.6446419531594476 0
187 0.4832678135005371 0.6400345787008345 0
188 0.5003393325104164 0.6200416080120479 0
189 0.5195332901203493 0.6004945511590823 0
190 0.5279182691830959 0.5921095720963357 0
191 0.5751462514328981 0.5565712400947174 0
192 0.5878819215304014 0.5531587275770222 0
193 0.6006175916279046 0.5565712400947174 0
194 0.8105155443279143 0.1590629479706235 0
195 0.8231334706664333 0.1556819847980619 0
196 0.8357513970049523 0.1590629479706234 0
197 0.918254864462306 0.1941398742395493 0
198 0.9722419442386163 0.2192753191575893 0
199 0.980232864907592 0.227266239826565 0
200 0.9831577448720633 0.238182040460012 0
201 0.980232864907592 0.2490978410934589 0
202 0.9722419442386163 0.2570887617624347 0
203 0.9613261436051693 0.2600136417269059 0
204 0.9504103429717223 0.2570887617624347 0
205 0.9216623538363806 0.2480133937069303 0
206 0.8659225564826448 0.2259105203222131 0
207 0.8381444649359593 0.2143857342794579 0
208 0.8105155443279143 0.2027727269795763 0
209 0.8012785811619568 0.1935357638136189 0
210 0.7978976179893953 0.1809178374750999 0
211 0.8012785811619568 0.1682999111365809 0
212 0.1729707508334395 0.1456066245838179 0
213 0.1762120988369988 0.1335097491495226 0
214 0.1850676262677348 0.1246542217187865 0
215 0.1971645017020302 0.1214128737152272 0
216 0.2234242122399684 0.1242820552760156 0
217 0.2360207962700056 0.1276572997942549 0
218 0.2590149538986959 0.1392853912533394 0
219 0.2663232458550086 0.146593683209652 0
220 0.2689982663692925 0.1565769956802485 0
221 0.2663232458550086 0.166560308150845 0
222 0.259014953898696 0.1738686001071577 0
223 0.2490316414280995 0.1765436206214415 0
224 0.2234242122399684 0.1746683913961647 0
225 0.1971645017020302 0.1698003754524087 0
226 0.1850676262677348 0.1665590274488493 0
227 0.1762120988369988 0.1577035000181133 0
228 0.6947164317640355 0.7825183572448073 0
229 0.6819754280241201 0.7791044155819351 0
230 0.672648365947077 0.7697773535048918 0
231 0.6692344242842047 0.7570363497649765 0
232 0.6726483659470769 0.7442953460250611 0
233 0.6819754280241201 0.7349682839480179 0
234 0.6947164317640355 0.7315543422851456 0
235 0.7247796515682279 0.7310295920702278 0
236 0.7843593384788269 0.7304179691554773 0
237 0.8141809301226508 0.7306284787769692 0
238 0.8439266304753994 0.7329603727947911 0
239 0.8551595642164702 0.7359702283193432 0
240 0.8633826424329887 0.7441933065358618 0
241 0.8663924979575409 0.7554262402769326 0
242 0.8633826424329887 0.7666591740180034 0
243 0.8551595642164702 0.7748822522345219 0
244 0.8439266304753994 0.7778921077590741 0
245 0.7543792704928273 0.782008515507666 0
246 0.1795787398523813 0.7296648641661286 0
247 0.1762128868841965 0.7171033298780565 0
248 0.1795787398523813 0.7045417955899843 0
249 0.1887744211722686 0.695346114270097 0
250 0.2062126334376943 0.6895585750332855 0
251 0.216133826717693 0.6869001993059568 0
252 0.2260550199976917 0.6895585750332855 0
253 0.2333178375503616 0.6968213925859554 0
254 0.2359762132776904 0.7067425858659542 0
255 0.2333178375503617 0.7166637791459528 0
256 0.2230931710683003 0.7296648641661286 0
257 0.2138974897484129 0.738860545486016 0
258 0.2013359554603408 0.7422263984542007 0
259 0.1887744211722686 0.738860545486016 0
260 0.8653354220204654 0.2604457636886436 0
261 0.8779626416458252 0.2570623103873781 0
262 0.8979730462058457 0.2593381552755452 0
263 0.9081562148545219 0.2620667270913479 0
264 0.9156108116873954 0.2695213239242215 0
265 0.9183393835031982 0.2797044925728977 0
266 0.9156108116873954 0.2898876612215739 0
267 0.9081562148545219 0.2973422580544475 0
268 0.8905898612711849 0.3041877355875512 0
269 0.8779626416458252 0.3075711888888168 0
270 0.8653354220204655 0.3041877355875512 0
271 0.8535899872806777 0.2957003756749244 0
272 0.8496093934600122 0.2917197818542589 0
273 0.8481523949995012 0.2862821895730825 0
274 0.8496093934600122 0.2808445972919061 0
275 0.8560916556963714 0.2696895300127378 0
276 0.4892962280276058 0.1172698358485434 0
277 0.4860981132784014 0.1292053625810097 0
278 0.4773607012951395 0.1379427745642715 0
279 0.4654251745626733 0.1411408893134759 0
280 0.4534896478302071 0.1379427745642715 0
281 0.4028992623280711 0.1057367669156767 0
282 0.3540467948377655 0.07076940372793039 0
283 0.3298359986379086 0.0529736584399061 0
284 0.3226199434792925 0.04575760328128999 0
285 0.3199786839761293 0.03590028861951062 0
286 0.3226199434792925 0.02604297395773126 0
287 0.3298359986379086 0.01882691879911514 0
288 0.339693313299688 0.01618565929595189 0
289 0.3495506279614674 0.01882691879911513 0
290 0.3752712333131648 0.03400759792641905 0
291 0.4773607012951395 0.09659689713281537 0
292 0.4860981132784014 0.1053343091160772 0
293 0.5922831893384235 0.03755515090225312 0
294 0.5956312018487443 0.05005010369514654 0
295 0.5831362490558508 0.0284082106196805 0
296 0.5706412962629575 0.02506019810935972 0
297 0.541362735945573 0.01947019936900172 0
298 0.453030706402278 0.002742795747875271 0
299 0.4314265797213339 4.033232081646076e-16 0
300 0.4195105808212419 1.275021754842953e-16 0
301 0.4116563945294442 0.002104522874091071 0
302 0.4031023666521681 0.01065855075136717 0
303 0.3999713751444048 0.0223435701364066 0
304 0.4031023666521681 0.03402858952144604 0
305 0.4116563945294442 0.04258261739872213 0
306 0.4233414139144837 0.04571360890648546 0
307 0.5706412962629575 0.07504000928093336 0
308 0.5831362490558508 0.07169199677061257 0
309 0.5922831893384235 0.06254505648803996 0
310 0.4233414139144837 0.9989735313663277 0
311 0.4314265797213265 1 0
312 0.4195105808212438 0.9999999999999999 0
313 0.888667168875895 0.01047956732760407 0
314 0.9003873403557977 0.007339156844409875 0
315 0.9121075118357004 0.01047956732760405 0
316 0.9206872728324088 0.0190593283243125 0
317 0.9238276833156029 0.03077949980421515 0
318 0.9248393267489459 0.04324950395011105 0
319 0.9219059009574447 0.05419719804422606 0
320 0.9138916326548309 0.06221146634683997 0
321 0.9029439385607159 0.06514489213834106 0
322 0.8919962444666009 0.06221146634683997 0
323 0.883981976163987 0.05419719804422606 0
324 0.8800874078791866 0.04249967128411779 0
325 0.8769469973959925 0.03077949980421515 0
326 0.8800874078791866 0.01905932832431252 0
327 0.7038154748755198 0.7901282632111658 0
328 0.7135311015777948 0.7927315575400026 0
329 0.7206434339512329 0.7998438899134407 0
330 0.7232467282800696 0.8095595166157157 0
331 0.7206434339512329 0.8192751433179907 0
332 0.7135311015777948 0.8263874756914288 0
333 0.6580080323731257 0.8494367784067426 0
334 0.5727998324726866 0.8790060070946698 0
335 0.563886648764549 0.8813942874712555 0
336 0.5549734650564113 0.8790060070946698 0
337 0.5484485617248593 0.8724811037631178 0
338 0.5460602813482737 0.8635679200549802 0
339 0.5484485617248593 0.8546547363468425 0
340 0.5549734650564113 0.8481298330152905 0
341 0.6940998481732448 0.7927315575400026 0
342 0.8905331640457672 0.5530496165707528 0
343 0.8871358091258393 0.5657287177432678 0
344 0.8778540628732522 0.575010463995855 0
345 0.8750788080471229 0.5777403785231676 0
346 0.8702913148156048 0.5790231834683223 0
347 0.8651749617007372 0.5784078189157829 0
348 0.8524958605282221 0.575010463995855 0
349 0.843214114275635 0.5657287177432678 0
350 0.8398167593557071 0.5530496165707528 0
351 0.8391693879498742 0.5373611868067568 0
352 0.8415885080934525 0.5283329075213088 0
353 0.8481976672353222 0.5217237483794391 0
354 0.8572259465207702 0.5193046282358608 0
355 0.8662542258062182 0.5217237483794391 0
356 0.8778540628732522 0.5310887691456506 0
357 0.8871358091258393 0.5403705153982378 0
358 0.4706086566884827 0.8702525342876842 0
359 0.4738523101158044 0.8581470548947744 0
360 0.4827141360813925 0.8492852289291865 0
361 0.4948196154743023 0.8460415755018647 0
362 0.506925094867212 0.8492852289291863 0
363 0.530359545619362 0.8646617982389146 0
364 0.5396875701231117 0.8739898227426643 0
365 0.5590299283650606 0.8934065706293637 0
366 0.5742045466859915 0.9138466061658014 0
367 0.5762710037548674 0.9215587289385061 0
368 0.5742045466859915 0.9292708517112108 0
369 0.5685588809821628 0.9349165174150396 0
370 0.5608467582094581 0.9369829744839154 0
371 0.5531346354367533 0.9349165174150396 0
372 0.52706357019886 0.9253729287955643 0
373 0.5048749087408703 0.9088024841249058 0
374 0.4827141360813925 0.891219839646182 0
375 0.4738523101158044 0.8823580136805941 0
376 0.03487253133777459 0.2566417581002159 0
377 0.02512164984683621 0.2540290172792274 0
378 0.01798350917688634 0.2468908766092775 0
379 0.01537076835589781 0.2371399951183391 0
380 0.01798350917688633 0.2273891136274007 0
381 0.02512164984683619 0.2202509729574509 0
382 0.03487253133777458 0.2176382321364623 0
383 0.06218837500401994 0.2195494225247301 0
384 0.06657608367441847 0.2207251055195864 0
385 0.06978810934996069 0.2239371311951286 0
386 0.07096379234481701 0.2283248398655271 0
387 0.06978810934996069 0.2327125485359257 0
388 0.06657608367441847 0.2359245742114679 0
389 0.04462341282871298 0.2540290172792274 0
390 0.9930456942501794 0.7335884352904499 0
391 0.9806336198722893 0.7302626299844993 0
392 1 0.7317250346808664 0
393 0.9999999999999999 0.5774476330282579 0
394 0.9999188430640366 0.5771447512198564 0
395 0.9907267810706168 0.5679526892264367 0
396 0.9781701908744441 0.5645881610236837 0
397 0.9656136006782714 0.5679526892264367 0
398 0.9564215386848517 0.5771447512198564 0
399 0.9530570104820987 0.5897013414160291 0
400 0.9473635838464721 0.6476923326128565 0
401 0.9507203555392097 0.6602199751195625 0
402 0.9715473508003498 0.7211763609125599 0
403 0.005457768628069459 0.7302626299844993 0
404 -7.37257477290143e-18 0.7317250346808665 0
405 0.014544037700009 0.7211763609125599 0
406 0.01786984300595962 0.7087642865346697 0
407 0.008196232923264324 0.6193146044761378 0
408 0.003283371266789681 0.5897013414160291 0
409 1.769960046582586e-17 0.5774476330282587 0
410 0.744902777530309 1 0
411 0.7416493052386222 0.987857876106407 0
412 0.8306769502673659 1 0
413 0.8358281628947251 0.9990066627991396 0
414 0.8472772591473519 0.9959388867041821 0
415 0.8556585793050212 0.9875575665465127 0
416 0.8587263553999788 0.9761084702938859 0
417 0.8556585793050212 0.9646593740412591 0
418 0.8472772591473519 0.9562780538835898 0
419 0.8358281628947251 0.9532102777886322 0
420 0.8070092396435222 0.9496295538738162 0
421 0.7779783139298618 0.9469754796691677 0
422 0.7697348035918807 0.9491843216070274 0
423 0.7637001351917593 0.9552189900071488 0
424 0.7449412691709688 0.9755720994542046 0
425 0.7449412691709688 0.0001436527586091696 0
426 0.7449027775303089 -2.816215143031098e-17 0
427 0.7539350818908244 0.009137465478464835 0
428 0.7662208585430267 0.0124294294108116 0
429 0.8306769502673619 2.894819800536297e-16 0
430 0.07745248461406101 0.1199641765739577 0
431 0.08958025156238646 0.1232138019337543 0
432 0.09845839315091526 0.1320919435222832 0
433 0.1017080185107119 0.1442197104706086 0
434 0.09845839315091526 0.1563474774189341 0
435 0.08958025156238647 0.1652256190074629 0
436 0.06664651327400992 0.1845366170886952 0
437 0.04373220033012698 0.2037844533453836 0
438 0.03183839420014073 0.2069713890928457 0
439 0.01994458807015449 0.2037844533453836 0
440 0.01123771768763039 0.1950775829628595 0
441 0.008050781940168238 0.1831837768328732 0
442 0.01123771768763038 0.171289970702887 0
443 0.01994458807015447 0.1625831003203629 0
444 0.04253373059100832 0.1427720523698695 0
445 0.06532471766573554 0.1232138019337544 0
446 1.474514954580286e-17 0.3197961576537927 0
447 5.989132800809926e-16 0.2609514498522573 0
448 0.004395331818394244 0.3154008258353984 0
449 0.007027247515788527 0.3055783827314864 0
450 0.02878165569169285 0.2828658355424993 0
451 0.9732445591722562 0.2842500531892603 0
452 0.9833529677843934 0.2815415132648739 0
453 0.95001555453756 0.3033028516495997 0
454 0.9416830230946848 0.311635383092475 0
455 0.9386331049087598 0.3230178327212753 0
456 0.9416830230946848 0.3344002823500755 0
457 0.9500155545375601 0.3427328137929508 0
458 0.9613980041663603 0.3457827319788758 0
459 0.9727804537951606 0.3427328137929508 0
460 0.9960485074442561 0.3237476502095367 0
461 1 0.3197961576537928 0
462 1.000000000000001 0.2609514498522572 0
463 0.04749148381521412 0.06285188458410117 0
464 0.0258225416002568 0.04674258683648762 0
465 0.05822027861000924 0.06572665648512575 0
466 0.06894907340480437 0.06285188458410117 0
467 0.07680309629857492 0.05499786169033063 0
468 0.0796778681995995 0.0442690668955355 0
469 0.07886890004165918 0.00839003659002735 0
470 0.07662079651289377 -1.084202172485504e-18 0
471 0.01908610287316746 3.035766082959412e-17 0
472 0.02397487348146094 0.00490936838169121 0
473 0.01659168412431314 0.01229255773883893 0
474 0.01321295578940427 0.02490214354969145 0
475 0.01659168412431315 0.03751172936054398 0
476 0.07662079651289383 1 0
477 0.01908610287316746 1 0
478 0.07557988467402962 0.996115264131159 0
479 0.06659412758279083 0.9871295070399202 0
480 0.05431935512392251 0.9838404916722907 0
481 0.05228453206317923 0.984385720868157 0
482 0.1488747057963672 0.7772358240607673 0
483 0.161293548724266 0.7805634429942268 0
484 0.1703847727187053 0.789654666988666 0
485 0.1737123916521648 0.8020735099165649 0
486 0.1703847727187053 0.8144923528444638 0
487 0.161293548724266 0.823583576838903 0
488 0.1396994183213016 0.8429751308097738 0
489 0.1151686390409694 0.8578632213277014 0
490 0.09045263212263067 0.8696722921972687 0
491 0.08181375169698399 0.8719870732308298 0
492 0.0731748712713373 0.8696722921972687 0
493 0.06685077187925167 0.863348192805183 0
494 0.06453599084569062 0.8547093123795364 0
495 0.06685077187925167 0.8460704319538898 0
496 0.08245131396914052 0.8251458962558726 0
497 0.09121789480064357 0.8163793154243696 0
498 0.1364558628684683 0.7805634429942268 0
499 0.2274415684609372 0.0008472023494021652 0
500 0.2201799373211767 0.008108833489162122 0
501 0.2276685756462853 -8.673617379884035e-19 0
502 0.1768986985344587 1.379105163401562e-16 0
503 0.220459713157725 0.01171302491195791 0
504 0.2276685756462853 1 0
505 0.1768986985344587 1 0
506 0.23081742001105 0.9882483528455712 0
507 0.2335231244859061 0.9650633156622125 0
508 0.2310892969725705 0.955980147725585 0
509 0.2244399565492786 0.9493308073022931 0
510 0.2153567886126511 0.9468969797889575 0
511 0.2062736206760236 0.9493308073022931 0
512 0.1996242802527318 0.955980147725585 0
513 0.1837978735458387 0.9756495033417402 0
514 0.1804220219957259 0.9882483528455712 0
515 0.1819480662123418 0.9939436273965794 0
516 0.9021992063105113 0.7449589543829903 0
517 0.9054687319570491 0.7327569185534616 0
518 0.91440124214004 0.7238244083704707 0
519 0.9266032779695688 0.7205548827239329 0
520 0.9388053137990975 0.7238244083704707 0
521 0.9619210983070728 0.7359437239861563 0
522 0.9684500817523922 0.7424727074314758 0
523 0.9708398555542672 0.7513914646786702 0
524 0.9684500817523923 0.7603102219258647 0
525 0.9619210983070728 0.7668392053711841 0
526 0.9530023410598784 0.7692289791730591 0
527 0.9266032779695688 0.7693630260420478 0
528 0.91440124214004 0.7660935003955099 0
529 0.9054687319570491 0.757160990212519 0
530 0.9838548052991671 0.967287394395997 0
531 0.9804543924787943 0.979977907808337 0
532 0.9711642918868271 0.9892680084003043 0
533 0.958473778474487 0.9926684212206771 0
534 0.8986260769488719 0.9833354070790002 0
535 0.8878004938210444 0.9804347008223029 0
536 0.8798756169499145 0.9725098239511729 0
537 0.8769749106932171 0.9616842408233455 0
538 0.8798756169499145 0.950858657695518 0
539 0.8878004938210444 0.9429337808243881 0
540 0.8986260769488719 0.9400330745676907 0
541 0.958473778474487 0.9419063675713168 0
542 0.9711642918868271 0.9453067803916897 0
543 0.9804543924787942 0.9545968809836569 0
544 0 0 0
545 0 1 0
546 1 1 0
547 1 0 0
548 0.4194269954218124 0.2055214753432199 0
549 0.4542256480929245 0.1950339278401551 0
550 0.4655605199564616 0.2373362455321583 0
551 0.4312021450791734 0.2494669321312184 0
552 0.432210204502102 0.5107596152134654 0
553 0.4078302409831064 0.4685322797118893 0
554 0.7556598434703461 0.5117319371951694 0
555 0.7671863325462945 0.4687144943308424 0
556 0.1355833222188498 0.5786354907916446 0
557 0.1137385639022577 0.5663432430252462 0
558 0.1241714055510203 0.527407347924744 0
559 0.1601412410278827 0.5360999276862483 0
560 0.49164967884863 0.4095426789472909 0
561 0.5209562822609161 0.4357137910023272 0
562 0.4886327501126758 0.4680373231505675 0
563 0.4670453147991238 0.4521586875689567 0
564 0.3214349136347374 0.506353732565928 0
565 0.2981889303914708 0.5241260857045088 0
566 0.2742690766648062 0.5410938456400377 0
567 0.2497066795407126 0.5569551116808207 0
568 0.2292237930679371 0.5364722252080452 0
569 0.2512029106891011 0.5113312207081002 0
570 0.264770081282788 0.497639982193658 0
571 0.2976514645097512 0.4651595903022223 0
572 0.4660055552552122 0.3278769399397445 0
573 0.4922798597151155 0.3411353324801958 0
574 0.5222197400519174 0.3580784316949518 0
575 0.5391824077914715 0.3683721521835236 0
576 0.5681347628590357 0.3871591813346349 0
577 0.544639753173221 0.4278537318347887 0
578 0.5183781632305801 0.4140998117741613 0
579 0.4925139720955874 0.3993870206485575 0
580 0.4672443566261112 0.3844980958233988 0
581 0.4421630189417415 0.3691734242159817 0
582 0.08285661484941512 0.7817538089919386 0
583 0.06596338731274416 0.7874217534717983 0
584 0.04907015977607328 0.793089697951658 0
585 0.03217693223940242 0.7987576424315176 0
586 0.1366071145481201 0.76237777010617 0
587 0.1181784784671031 0.7692318173091245 0
588 0.07702949896084758 0.7378751646750078 0
589 0.09425882940393927 0.7338072171925558 0
590 0.111488159847031 0.7297392697101039 0
591 0.1287174902901226 0.725671322227652 0
592 0.04547623981183869 0.7455073273318401 0
593 0 0.790825123848081 0
594 0 0.7747072419361833 0
595 1 0.7747072419361833 0
596 1 0.790825123848081 0
597 0.3060520893418437 1 0
598 0.3370242799120698 0.9137882940470805 0
599 0.3345398702112252 0.9315471551409987 0
600 0.3320554605103806 0.9493060162349169 0
601 0.329571050809536 0.9670648773288352 0
602 0.3406329974001741 0.8812910644929283 0
603 0.3423448013946171 0.8520605847181876 0
604 0.2924580585736631 0.8520605847181876 0
605 0.2873917136577192 0.9058603703154227 0
606 0.2890836210385124 0.8862065331740584 0
607 0.2851000652176231 0.9403800691298506 0
608 0.2847589308666583 0.9700348346128338 0
609 0.3060520893418437 0 0
610 0.5884114648213579 0.6084956615741105 0
611 0.563515898008866 0.6240450733702674 0
612 0.5379401513196915 0.6382719195898737 0
613 0.5104546196237126 0.648689139974677 0
614 0.4918035730054768 0.6300380933564411 0
615 0.5099363113153829 0.6102680795855651 0
616 0.5436609299330299 0.5802634614291297 0
617 0.559403590682964 0.5684173507619236 0
618 0.852252090496423 0.1660783332244086 0
619 0.8687527839878937 0.1730937184781937 0
620 0.8852534774793644 0.1801091037319789 0
621 0.9017541709708352 0.1871244889857641 0
622 0.936250557721076 0.2025183558788959 0
623 0.9542462509798462 0.2108968375182426 0
624 0.9360363484040515 0.2525510777346825 0
625 0.9030824213851353 0.2406457692453579 0
626 0.8845024889338901 0.2332781447837855 0
627 0.852033510709302 0.2201481273008355 0
628 0.8243300046319368 0.2085792306295171 0
629 0.2102943569709993 0.1228474644956214 0
630 0.2475178750843507 0.1334713455237971 0
631 0.2362279268340339 0.1756060060088031 0
632 0.2102943569709993 0.1722343834242867 0
633 0.7097480416661317 0.7312919671776867 0
634 0.7446395472050942 0.7308257177653109 0
635 0.7644994428419606 0.7306218434603942 0
636 0.7992701343007388 0.7305232239662233 0
637 0.8290537802990251 0.7317944257858802 0
638 0.826017158478885 0.7787153893087925 0
639 0.8081076864823706 0.7795386708585109 0
640 0.7901982144858563 0.7803619524082293 0
641 0.7722887424893418 0.7811852339579477 0
642 0.73449165758323 0.7821784627533798 0
643 0.7146040446736327 0.7823484099990936 0
644 0.4366261859961618 0.1272074386814066 0
645 0.4197627241621164 0.1164721027985417 0
646 0.3866151064979693 0.09408097918642797 0
647 0.3703309506678674 0.08242519145717921 0
648 0.3419413967378371 0.06187153108391825 0
649 0.3624109306373161 0.02641725836276711 0
650 0.3922861446434939 0.04443914779415178 0
651 0.409301055973823 0.05487069766188453 0
652 0.4263159673041523 0.06530224752961729 0
653 0.4433308786344815 0.07573379739735003 0
654 0.4603457899648105 0.08616534726508271 0
655 0.5560020161042653 0.02226519873918072 0
656 0.470697112310937 0.006088276472100556 0
657 0.488363518219596 0.009433757196325847 0
658 0.5060299241282551 0.01277923792055114 0
659 0.5236963300369141 0.01612471864477643 0
660 0.442228643061806 0.00137139787393804 0
661 0.5522288109693982 0.07137420923412738 0
662 0.533816325675839 0.06770840918732141 0
663 0.5154038403822798 0.06404260914051542 0
664 0.4969913550887207 0.06037680909370943 0
665 0.4785788697951614 0.05671100904690345 0
666 0.4601663845016022 0.05304520900009745 0
667 0.4417538992080429 0.04937940895329146 0
668 0.6950234118429051 0.8340705765965334 0
669 0.6765157221080154 0.841753677501638 0
670 0.6409663923930379 0.8553506241443281 0
671 0.62392475241295 0.8612644698819135 0
672 0.6068831124328622 0.867178315619499 0
673 0.5898414724527743 0.8730921613570843 0
674 0.5723642629460155 0.8412050485808795 0
675 0.5897550608356197 0.8342802641464686 0
676 0.6071458587252238 0.8273554797120576 0
677 0.6245366566148279 0.8204306952776466 0
678 0.6419274545044321 0.8135059108432356 0
679 0.6593182523940364 0.8065811264088246 0
680 0.6767090502836406 0.7996563419744136 0
681 0.518642320243287 0.8569735135840505 0
682 0.5493587492440862 0.883698196686014 0
683 0.5666172375255261 0.9036265883975826 0
684 0.5400991028178067 0.9301447231053019 0
685 0.5159692394698652 0.9170877064602351 0
686 0.4937945224111313 0.9000111618855439 0
687 0.04853045317089724 0.2185938273305962 0
688 0.0555997482515657 0.2449767957453476 0
689 1 0.5967323082348347 0
690 1 0.6160169834414106 0
691 1 0.6353016586479866 0
692 1 0.6545863338545626 0
693 1 0.6738710090611385 0
694 1 0.6931556842677145 0
695 1 0.7124403594742905 0
696 0.9492613927250143 0.6283620022139141 0
697 0.9511592016035565 0.6090316718149718 0
698 0.9663406019850648 0.7059372644643105 0
699 0.9611338531697797 0.6906981680160612 0
700 0.9559271043544948 0.6754590715678119 0
701 0.01013095493980338 0.6372045408878442 0
702 0.01206567695634244 0.6550944772995506 0
703 0.0140003989728815 0.6729844137112569 0
704 0.01593512098942056 0.6908743501229634 0
705 0.005739802095027002 0.6045079729460835 0
706 0 0.7124403594742905 0
707 0 0.6931556842677145 0
708 0 0.6738710090611385 0
709 0 0.6545863338545626 0
710 0 0.6353016586479866 0
711 0 0.6160169834414106 0
712 0 0.5967323082348347 0
713 0.8135221157199513 1 0
714 0.7963672811725406 1 0
715 0.77921244662513 1 0
716 0.7620576120777195 1 0
717 0.8214187012691236 0.9514199158312242 0
718 0.792493776786692 0.9483025167714919 0
719 0.754320702181364 0.9653955447306767 0
720 0.8145629273362782 0.003107357352703332 0
721 0.7984489044051944 0.006214714705406074 0
722 0.7823348814741106 0.009322072058108829 0
723 0.7620576120777195 0 0
724 0.77921244662513 0 0
725 0.7963672811725406 0 0
726 0.8135221157199513 0 0
727 0.07811338241819822 0.174881118048079 0
728 0.05518935680206842 0.1941605352170394 0
729 0.03123915933058141 0.1526775763451162 0
730 0.05392922412837194 0.1329929271518119 0
731 0 0.3001812550532809 0
732 0 0.2805663524527691 0
733 0.02246568781943913 0.2985909275525308 0
734 0.01371673591369652 0.2614646829919462 0
735 0.02463774838344253 0.269779954425724 0
736 0.9616300568549081 0.29377645241943 0
737 0.9844144806197084 0.3332402320012438 0
738 1 0.2805663524527691 0
739 1 0.3001812550532809 0
740 0.9883695358140239 0.2685728195066578 0
741 0.03665701270773546 0.05479723571029439 0
742 0.07927338412062934 0.02632955174278139 0
743 0.03826433408640961 0 0
744 0.0574425652996517 0 0
745 0.05744256529965175 1 0
746 0.03826433408640961 1 0
747 0.01655001586950027 0.9846691623445025 0
748 0.02655424725730851 0.9727787597084023 0
749 0.0420929450703135 0.9726555088037382 0
750 0.1504964835227838 0.8332793538243384 0
751 0.1274340286811355 0.8504191760687376 0
752 0.1028106355818001 0.8637677567624851 0
753 0.07465104292419608 0.8356081641048813 0
754 0.1062972174899185 0.8044406912809886 0
755 0.1213765401791934 0.7925020671376077 0
756 0.1938219909050676 0 0
757 0.2107452832756764 0 0
758 0.214455321834397 0.02734681619026303 0
759 0.1995294804410287 0.03494203860947361 0
760 0.1833567447961447 0.03059338747860997 0
761 0.1742527976926794 0.01653684835852174 0
762 0.2107452832756764 1 0
763 0.1938219909050676 1 0
764 0.232170272248478 0.9766558342538918 0
765 0.1917110768992852 0.9658148255336626 0
766 0.9503632060530851 0.7298840661783135 0
767 0.9398028095147235 0.7692960026075535 0
768 0.9435118530930833 0.9903351676852579 0
769 0.9285499277116794 0.9880019141498387 0
770 0.9135880023302757 0.9856686606144195 0
771 0.9185753107907436 0.9406575055688994 0
772 0.9385245446326154 0.9412819365701082 0
773 0 0.2423120605770961 0
774 0 0.2236726713019349 0
775 0 0.2050332820267737 0
776 0 0.1863938927516126 0
777 0 0.1677545034764514 0
778 0 0.1491151142012902 0
779 0 0.130475724926129 0
780 0 0.111836335650968 0
781 0 0.09319694637580667 0
782 0 0.07455755710064538 0
783 0 0.05591816782548398 0
784 0 0.03727877855032269 0
785 0 0.01863938927516129 0
786 0 0.5576282887686844 0
787 0 0.5378089445091101 0
788 0 0.5179896002495358 0
789 0 0.4981702559899615 0
790 0 0.4783509117303871 0
791 0 0.4585315674708128 0
792 0 0.4387122232112385 0
793 0 0.4188928789516642 0
794 0 0.3990735346920899 0
795 0 0.3792541904325156 0
796 0 0.3594348461729413 0
797 0 0.339615501913367 0
798 0 0.7451571973525761 0
799 0 0.9806943005759979 0
800 0 0.9613886011519958 0
801 0 0.9420829017279937 0
802 0 0.9227772023039915 0
803 0 0.9034715028799893 0
804 0 0.8841658034559873 0
805 0 0.8648601040319852 0
806 0 0.845554404607983 0
807 0 0.826248705183981 0
808 0.160185714864198 1 0
809 0.1434727311939371 1 0
810 0.1267597475236762 1 0
811 0.1100467638534155 1 0
812 0.09333378018315464 1 0
813 0.2762881080478397 1 0
814 0.2600815972473215 1 0
815 0.2438750864468033 1 0
816 0.3995303766240594 1 0
817 0.3795501724268768 1 0
818 0.3595699682296944 1 0
819 0.3395897640325121 1 0
820 0.725310515167248 1 0
821 0.705718252804187 1 0
822 0.6861259904411261 1 0
823 0.6665337280780652 1 0
824 0.6469414657150043 1 0
825 0.6273492033519433 1 0
826 0.6077569409888824 1 0
827 0.5881646786258216 1 0
828 0.5685724162627606 1 0
829 0.5489801538996997 1 0
830 0.5293878915366388 1 0
831 0.5097956291735778 1 0
832 0.4902033668105168 1 0
833 0.4706111044474559 1 0
834 0.4510188420843949 1 0
835 0.9811863278074846 1 0
836 0.9623726556149692 1 0
837 0.9435589834224538 1 0
838 0.9247453112299384 1 0
839 0.905931639037423 1 0
840 0.8871179668449077 1 0
841 0.8683042946523924 1 0
842 0.8494906224598772 1 0
843 1 0.826248705183981 0
844 1 0.845554404607983 0
845 1 0.8648601040319852 0
846 1 0.8841658034559873 0
847 1 0.9034715028799893 0
848 1 0.9227772023039915 0
849 1 0.9420829017279937 0
850 1 0.9613886011519958 0
851 1 0.9806943005759979 0
852 1 0.7451571973525761 0
853 1 0.339615501913367 0
854 1 0.3594348461729413 0
855 1 0.3792541904325156 0
856 1 0.3990735346920899 0
857 1 0.4188928789516642 0
858 1 0.4387122232112385 0
859 1 0.4585315674708128 0
860 1 0.4783509117303871 0
861 1 0.4981702559899615 0
862 1 0.5179896002495358 0
863 1 0.5378089445091101 0
864 1 0.5576282887686844 0
865 1 0.01863938927516129 0
866 1 0.03727877855032269 0
867 1 0.05591816782548398 0
868 1 0.07455755710064538 0
869 1 0.09319694637580667 0
870 1 0.111836335650968 0
871 1 0.130475724926129 0
872 1 0.1491151142012902 0
873 1 0.1677545034764514 0
874 1 0.1863938927516126 0
875 1 0.2050332820267737 0
876 1 0.2236726713019349 0
877 1 0.2423120605770961 0
878 0.8494906224598772 0 0
879 0.8683042946523924 0 0
880 0.8871179668449077 0 0
881 0.905931639037423 0 0
882 0.9247453112299384 0 0
883 0.9435589834224538 0 0
884 0.9623726556149692 0 0
885 0.9811863278074846 0 0
886 0.4510188420843949 0 0
887 0.4706111044474559 0 0
888 0.4902033668105168 0 0
889 0.5097956291735778 0 0
890 0.5293878915366388 0 0
891 0.5489801538996997 0 0
892 0.5685724162627606 0 0
893 0.5881646786258216 0 0
894 0.6077569409888824 0 0
895 0.6273492033519433 0 0
896 0.6469414657150043 0 0
897 0.6665337280780652 0 0
898 0.6861259904411261 0 0
899 0.705718252804187 0 0
900 0.725310515167248 0 0
901 0.339589764032512 0 0
902 0.3595699682296944 0 0
903 0.3795501724268769 0 0
904 0.3995303766240594 0 0
905 0.2438750864468034 0 0
906 0.2600815972473215 0 0
907 0.2762881080478397 0 0
908 0.09333378018315459 0 0
909 0.1100467638534154 0 0
910 0.1267597475236762 0 0
911 0.1434727311939371 0 0
912 0.1601857148641979 0 0
913 0.4750667785940117 0.6485424027976601 0
914 0.07442915599202149 0.2366030375035579 0
915 0.2412601543774892 0.1883041364023529 0
916 0.4982851191373918 0.6600562329039265 0
917 0.2759769107719233 0.4719416320779477 0
918 0.8477219429236924 0.3006525233974509 0
919 0.5797882365455301 0.08418694956350592 0
920 0.6597388750516613 0.3073595962334727 0
921 0.3274659456358396 0.8042431164958621 0
922 0.8693373975510652 0.5854595203959877 0
923 0.8642657596915384 0.5102931477556064 0
924 0.2463121077903106 0.6973263671060037 0
925 0.4077513938752915 0.3340060698272275 0
926 0.7471514988927603 0.5226527510718236 0
927 0.3094867662345659 0.4412954734069459 0
928 0.9390590039390749 0.3487295487089774 0
929 0.07916535350915782 0.2260019600423218 0
930 0.8407842748207246 0.2808292061276303 0
931 0.689827793637165 0.2965400533870501 0
932 0.01716405561514062 0.3891638625623028 0
933 0.1449472477229321 0.5192990127190703 0
934 0.788144751737639 0.1719600058202751 0
935 0.2998139103572535 0.5385700920220468 0
936 0.7263793261412294 0.8294285547517871 0
937 0.4943684010969586 0.2205457932195322 0
938 0.8900964256730857 0.9305667337380068 0
939 0.2705454386753998 0.1771125586244637 0
940 0.425681113807515 0.9896176983087267 0
941 0.701421131459527 0.7189611511633991 0
942 0.7231669472893788 0.4834052124679381 0
943 0.4010091568717171 0.5290729146183998 0
944 0.870656262574639 0.3191876363558072 0
945 0.6564936530942197 0.7472057094843232 0
946 0.557403793894792 0.8326704798024098 0
947 0.2233966442703629 0.6796373817532869 0
948 0.1062608579910249 0.5177266836209562 0
949 0.8371523137333694 0.5777691401374574 0
950 0.200039981999854 0.1846541833040219 0
951 0.4693658910469893 0.8440520502370018 0
952 0.5936065944024032 0.4397528992842561 0
953 0.225689163300174 0.5735813463473486 0
954 0.3858642764532989 0.2384913024079295 0
955 0.6227511196737278 0.5895690969606427 0
956 0.08824296380218344 0.8806781193540478 0
957 0.7132922557026848 0.3504672740623912 0
958 0.03694856626058873 0.2954878879160979 0
959 0.8055817781916901 0.4663596225544488 0
960 0.2084990132309139 0.9392222104960487 0
961 0.7555651424902912 0.02147106740666704 0
962 0.6037758524438729 0.6150035880461459 0
963 0.7604453202026999 0.9467928176796265 0
964 0.2484234056472833 0.5687308732867289 0
965 0.1837713997148235 0.9521829123017005 0
966 0.1346344218208685 0.7122114032384215 0
967 0.5371124803760681 0.6526738888126175 0
968 0.8536613521817382 0.7875290225941582 0
969 0.7440886815220729 0.4596746463903648 0
970 0.7855804622379691 0.9376111513057375 0
971 0.3189187577217313 0.05941437500068325 0
972 0.4166474987309691 0.3640596213824743 0
973 0.3958658890081885 0.2082695885738096 0
974 0.7128573066557545 0.3195001874910526 0
975 0.4773994921318207 0.6263846360203373 0
976 0.8535004990572843 0.723615569687815 0
977 0.6692484697873823 0.373699280341859 0
978 0.6432099074820561 0.329246329060095 0
979 0.2387398642955635 0.7308431672807268 0
980 0.09388547988146695 0.5607392024237351 0
981 0.4606013356774406 0.8812868798280055 0
982 0.7543744532215748 0.7138405784177002 0
983 0.6784922880973154 0.01724130409336411 0
984 0.7955440610791427 0.2082819456515256 0
985 0.5162275020735271 0.5900712916180575 0
986 0.5839818649330195 0.9273276193039012 0
987 0.8812993491701091 0.06723974429706248 0
988 0.1709569109805333 0.169815520147668 0
989 0.102382470045859 0.1176533763177782 0
990 0.7937589966453706 0.02605239071725091 0
991 0.2829870111295612 0.8293283383714363 0
992 0.8290507433216582 0.9389458232877406 0
993 0.3964627110493696 0.4581316207693426 0
994 0.1257206619843231 0.588739184847082 0
995 0.492149040485425 0.3286735832491726 0
996 0.278188046703859 0.1472992298695148 0
997 0.9106035150291365 0.07383496747395324 0
998 0.1707714389466486 0.5975415629859298 0
999 0.8070267413889246 0.7167418872064939 0
1000 0.6151085827373836 0.5497508161491937 0
1001 0.1757844163942345 0.8265342645976598 0
1002 0.9160958561571422 0.7787826676461379 0
1003 0.3528355515767272 0.8268762562082899 0
1004 0.9368165371624184 0.6570790233606816 0
1005 0.08889225493379471 0.05259808284024836 0
1006 0.8908354475568029 0.5258933670179926 0
1007 0.8138965075004758 0.1464450216321045 0
1008 0.8806932546078646 0.580254952412516 0
1009 0.9828359443848593 0.4288025510814513 0
1010 0.4302375506088871 0.5229025550696502 0
1011 0.5347595820238077 0.4783052377402814 0
1012 0.8002071989474497 0.7970676318334656 0
1013 0.4986739483268123 0.1256279481705041 0
1014 0.5036814414398901 0.8371797495362766 0
1015 0.6565616697936741 0.866823884257973 0
1016 0.5383828903555936 0.350325523184861 0
1017 0.0850470094575177 0.5378834219153329 0
1018 0.09074640729710326 0.2351162201335035 0
1019 0.02857161330610108 0.6637570308575431 0
1020 0.5038249523594498 0.4886814779834815 0
1021 0.2332448867675226 0.5065260151518247 0
1022 0.9824754334001102 0.857494219662064 0
1023 0.6050933831435003 0.05970749382308554 0
1024 0.01939649376118113 0.450698144472399 0
1025 0.2346973433885796 0.1129055496800814 0
1026 0.3527086251037806 0.9088647404261068 0
1027 0.1284122143362165 0.867237867746127 0
1028 0.2120637159526365 0.7539016532624344 0
1029 0.591688785083438 0.3907472053638727 0
1030 0.4791533149334861 0.9057981304401673 0
1031 0.4579464722300685 0.5095766791074504 0
1032 0.6077306544797463 0.8090095869179122 0
1033 0.2745065247738045 0.8758124802894172 0
1034 0.4781001128522851 0.2452464691287074 0
1035 0.1154675777563028 0.986262095481771 0
1036 0.4123174236916327 0.2619155758740551 0
1037 0.3570371463970056 0.860865366669757 0
1038 0.6958085628390316 0.9845070766145225 0
1039 0.8244150727243587 0.2956503917945331 0
1040 0.9161210761470273 0.1757137843748997 0
1041 0.3849611999134784 0.1136865813494214 0
1042 0.1864479949216012 0.1113124619205516 0
1043 0.1024072524283519 0.1707748283796842 0
1044 0.3354230767891629 0.5120860536753377 0
1045 0.06383608932134244 0.8724962950006706 0
1046 0.4853576519206094 0.1927757011426418 0
1047 0.450747933647882 0.2583652624719248 0
1048 0.01979093655864839 0.6097839572112178 0
1049 0.8663127920045729 0.03883464386749913 0
1050 0.9510021405408458 0.5640784459672223 0
1051 0.7918935522968207 0.5290199480619376 0
1052 0.7743601616613034 0.4564825002112594 0
1053 0.340288312038448 0.07680404968338611 0
1054 0.1741060649857739 0.6922190631659139 0
1055 0.4210773967266318 0.1906705223463821 0
1056 0.981606054961518 0.4890770006020282 0
1057 0.5761740896942353 0.542851501697162 0
1058 0.8486443057781582 0.1506435626630626 0
1059 0.9476896414686482 0.7778802676941918 0
1060 0.5690794015362626 0.3705546666048994 0
1061 0.09896350234315721 0.7164852549138785 0
1062 0.2339762391880513 0.9468435909024251 0
1063 0.2572692504296522 0.1254778123065786 0
1064 0.01610115229575937 0.5810759511613817 0
1065 0.9866359967609659 0.1189733371279736 0
1066 0.2987311792989032 0.01359663849620507 0
1067 0.9282905223544395 0.9229923857614888 0
1068 0.05002684796957524 0.07492025802222668 0
1069 0.344841858518656 0.4482648677750383 0
1070 0.7403190672675376 0.9636339779207707 0
1071 0.6371976021183757 0.9826134468466552 0
1072 0.435806192754973 0.4135008317771446 0
1073 0.2135133237178095 0.5352540333089216 0
1074 0.6919694589894114 0.8534156786304192 0
1075 0.9337336031974872 0.05245608875215169 0
1076 0.1672287351196812 0.03231795823252548 0
1077 0.5115161865524233 0.9342724030823477 0
1078 0.1706304618764944 0.5260567327094566 0
1079 0.06518465403474555 0.7262280784319438 0
1080 0.5666791823886868 0.9454798721939862 0
1081 0.5637774167188903 0.6387433762036792 0
1082 0.05618400515907729 0.2580369584259323 0
1083 0.389578832784929 0.9806639827414653 0
1084 0.05677685181020276 0.8479846674682725 0
1085 0.8819055095516449 0.5960405537729382 0
1086 0.0625049531856518 0.9754966408940909 0
1087 0.01632530512479402 0.3514403237051719 0
1088 0.01642691605688923 0.4892238827680186 0
1089 0.9780208672255489 0.807040933516245 0
1090 0.5389415747183427 0.5604329514660831 0
1091 0.9194880049179689 0.7082374200000621 0
1092 0.4477398357441691 0.1865639810734156 0
1093 0.2687926339993472 0.01397817789241051 0
1094 0.1538072904972533 0.8499295532310027 0
1095 0.8262020141620008 0.2260624383661885 0
1096 0.4647722212398741 0.3136866086746277 0
1097 0.5452574715636397 0.9447116815424634 0
1098 0.622723389084238 0.8806566426667874 0
1099 0.4605209349165112 0.9830171689024667 0
1100 0.8841707827464889 0.1621754005065405 0
1101 0.9842652385015771 0.3875179381733768 0
1102 0.7151103425390611 0.01698208632070863 0
1103 0.1633837641801911 0.1365355117739031 0
1104 0.2151767528257201 0.04562831532286543 0
1105 0.2759969354090865 0.5576578934495873 0
1106 0.9062242615089785 0.3113185797209267 0
1107 0.8991953544896529 0.5807384702169683 0
1108 0.4978750428552725 0.6080833679188622 0
1109 0.8386077945787401 0.5186810668017324 0
1110 0.1828036156466041 0.7929822859221254 0
1111 0.01624558831100475 0.9121783393557932 0
1112 0.9837862873404631 0.1601350972871125 0
1113 0.1836228610777314 0.04645617736128826 0
1114 0.1666185819385248 0.05304449897714342 0
1115 0.07729635150690528 0.9825236908165932 0
1116 0.08038814833745606 0.9665726658792533 0
1117 0.0182558692163487 0.5281635363283322 0
1118 0.7616958275160007 0.7987685367413421 0
1119 0.577612187326297 0.9033903782796158 0
1120 0.4294476586580506 0.3083567934658038 0
1121 0.2089094320012281 0.558811805513615 0
1122 0.982708507658739 0.08421198485073733 0
1123 0.8241148386272809 0.01588272567436488 0
1124 0.834755524277506 0.3100969552676244 0
1125 0.8155333907082457 0.3088710357558386 0
1126 0.8217515115062055 0.3273733347592784 0
1127 0.809790822253196 0.2905281265443198 0
1128 0.8021970650479124 0.3235409387066087 0
1129 0.8085090115325184 0.3426750926395671 0
1130 0.8280861741762036 0.3467250646827308 0
1131 0.8140583079293119 0.3619582000553525 0
1132 0.8342562538684541 0.3658280316111635 0
1133 0.793778592762637 0.3570365492303582 0
1134 0.8211531126662903 0.380698785396858 0
1135 0.8406547102239339 0.3847984445571351 0
1136 0.8536543173296911 0.3696558490346208 0
1137 0.8595619207930232 0.3890295975175571 0
1138 0.8486182373911644 0.4033586611560834 0
1139 0.8672745721831536 0.4076090039484508 0
1140 0.8805505813650342 0.3897926793012587 0
1141 0.8861181055183502 0.4118944900775514 0
1142 0.8735579647231219 0.4266351737864743 0
1143 0.8925264378385728 0.4308487167574673 0
1144 0.905668105889021 0.4162108672012965 0
1145 0.9120032090780812 0.434970714294163 0
1146 0.8987109538266643 0.449869199209826 0
1147 0.9182797584381174 0.4539253238969364 0
1148 0.5630559517456653 0.4475848170191504 0
1149 0.3490117584586359 0.9440466080503751 0
1150 0.9850990533025552 0.892154863787995 0
1151 0.5419733547741591 0.08614903343752245 0
1152 0.1536978992906549 0.9844482211151335 0
1153 0.3753323410317094 0.5055985429088486 0
1154 0.6438489652633536 0.7956890400166737 0
1155 0.2428466831661772 0.9721025507184717 0
1156 0.2691952624795841 0.9151690111382971 0
1157 0.0498818388096513 0.1184064998242215 0
1158 0.1494111780760434 0.0426740323937751 0
1159 0.1506344895413988 0.06087099448946875 0
1160 0.8289111596738402 0.5452833715965076 0
1161 0.4192245403353043 0.1379120833278359 0
1162 0.9252857004453423 0.4200463121002243 0
1163 0.03105029864430742 0.6963799814127967 0
1164 0.9051249783432588 0.4681443452484991 0
1165 0.9248428446114372 0.4724788240156949 0
1166 0.8854165122519821 0.464686203885402 0
1167 0.6348131015526012 0.01964634370611623 0
1168 0.9334697399752547 0.6170532863140978 0
1169 0.9186559494992292 0.4023588263092956 0
1170 0.2293225616946624 0.02302530865785274 0
1171 0.2326382809857333 0.04164234708875136 0
1172 0.03275559374648751 0.9577810811746271 0
1173 0.9827549607802616 0.5284442568067956 0
1174 0.5980597228615865 0.9847824265965712 0
1175 0.06558612260979835 0.212640278556949 0
1176 0.5450379575763598 0.8446396792633473 0
1177 0.4760102760772486 0.150738365317742 0
1178 0.1889401044638514 0.678609727033549 0
1179 0.1686031371132686 0.6747684674705684 0
1180 0.1823739814814029 0.6600026067315032 0
1181 0.1624830958760078 0.6556810011729098 0
1182 0.9491485624011612 0.2888564932606908 0
1183 0.4225532840886066 0.4509055697178493 0
1184 0.5012278645132151 0.9825658267426403 0
1185 0.1489789951519053 0.670481920076567 0
1186 0.1429216255126019 0.6510876135752139 0
1187 0.1289574840556657 0.6655524189426594 0
1188 0.1230702667329349 0.6474883403599548 0
1189 0.1094786817847342 0.6610348242197792 0
1190 0.103556061660995 0.64299870438977 0
1191 0.09002043889867051 0.6563966433847415 0
1192 0.08437258407149206 0.6372208598459896 0
1193 0.874680193162209 0.763579597245347 0
1194 0.1184032556885456 0.01447386843148035 0
1195 0.02695335950800426 0.811289790934846 0
1196 0.224709759421853 0.06109579798867282 0
1197 0.2454090148633608 0.06016388045734955 0
1198 0.9379074741201071 0.4578991825268913 0
1199 0.8918846943661036 0.7373325873059846 0
1200 0.9832714375485632 0.04492495620980197 0
1201 0.8522381110173853 0.2564940789785173 0
1202 0.5116399791974868 0.6677775092719023 0
1203 0.4954707962378466 0.6760646680367648 0
1204 0.5132179656514054 0.6860238625785449 0
1205 0.4971573151532035 0.6977992132573249 0
1206 0.5150598313385362 0.7060051375181912 0
1207 0.4987323486483292 0.7176525478038422 0
1208 0.4808112994962255 0.7097067279204876 0
1209 0.4824155854309582 0.729299420038809 0
1210 0.4642309688665762 0.7209788516602993 0
1211 0.5168656670155964 0.7259704280016309 0
1212 0.5331744595012832 0.7143265137476016 0
1213 0.4660373789920718 0.7408164580210547 0
1214 0.4478669462457735 0.7324971869628081 0
1215 0.4459747125528444 0.7126279712315581 0
1216 0.4296734629763704 0.7241531618333852 0
1217 0.4277784507956724 0.7042910523710467 0
1218 0.4114882628322212 0.7158298025090943 0
1219 0.4096121655464779 0.6959193215964137 0
1220 0.3933083768743317 0.7074928530980181 0
1221 0.3914331652858729 0.687580107170075 0
1222 0.3751272574455433 0.6991590580638914 0
1223 0.37325184027859 0.6792468378653626 0
1224 0.3895582642891487 0.667666566959084 0
1225 0.3713764764870047 0.6593344811689092 0
1226 0.3876828489175999 0.6477543421690319 0
1227 0.3695009149105071 0.6394226302718232 0
1228 0.3531945181124204 0.651002831587195 0
1229 0.4310146198414894 0.7433118778796519 0
1230 0.535183780639656 0.7339584635626659 0
1231 0.5513513117116698 0.7226466962813606 0
1232 0.3513189611212034 0.631090968964075 0
1233 0.3350125610260816 0.6426711787110233 0
1234 0.3858073148527863 0.6278424209157427 0
1235 0.377002896453828 0.7190707109432861 0
1236 0.3588210922498736 0.7107386670979401 0
1237 0.3331370042495722 0.6227593155388272 0
1238 0.316830603640729 0.6343395265995257 0
1239 0.318706160520852 0.6542513895067487 0
1240 0.5194576465181544 0.7488049475605951 0
1241 0.3494434049918494 0.611179104136895 0
1242 0.5549813207043219 0.7414806260634565 0
1243 0.5695056855377352 0.7310463552466113 0
1244 0.3005242029694988 0.6459197378197683 0
1245 0.3606966883656221 0.7306504296674021 0
1246 0.3425147628837112 0.7223186959685417 0
1247 0.5676246487258169 0.7111179418929602 0
1248 0.5858082001475251 0.7194574081757772 0
1249 0.4039892723103145 0.6361740728426639 0
1250 0.4021137192275035 0.6162622002244961 0
1251 0.3023997598392239 0.6658316007535818 0
1252 0.298648646115487 0.6260078748457707 0
1253 0.2823422453977087 0.6375880861850514 0
1254 0.5839397518172903 0.699565756636372 0
1255 0.6021126259279601 0.7078765020579485 0
1256 0.6002444961127946 0.6879861906729415 0
1257 0.6184156437627911 0.6962923726357538 0
1258 0.5878427450929867 0.7390391150085109 0
1259 0.6165330552469951 0.676381510056941 0
1260 0.6347157294069253 0.6847035202318248 0
1261 0.6328326521926275 0.6647918704893723 0
1262 0.6510171659878173 0.6731163875056314 0
1263 0.6492913847732054 0.6534260315282396 0
1264 0.6669738520763833 0.6610441234046411 0
1265 0.6655621107006356 0.6417956302869854 0
1266 0.6832132435616223 0.6493696284500334 0
1267 0.6816915489084152 0.6299664230380446 0
1268 0.6995487552858755 0.637830376664227 0
1269 0.697970530046327 0.6183476291346864 0
1270 0.715852660245476 0.6262466516517993 0
1271 0.7142691672118189 0.6067564919178219 0
1272 0.7324535210436398 0.6150807593258676 0
1273 0.6961581211266861 0.5985353725321881 0
1274 0.7336458710284475 0.6337690607025471 0
1275 0.750573084040471 0.6232719460210874 0
1276 0.7487945280541425 0.6035422525657541 0
1277 0.7669859435267985 0.6118752917165917 0
1278 0.7688697396663388 0.6317878001115244 0
1279 0.7849862282075829 0.6206799142048746 0
1280 0.7872233095793424 0.6398297385937506 0
1281 0.8031685062009135 0.6290377483187136 0
1282 0.8054359197914307 0.6481131079785158 0
1283 0.7124480374744764 0.5869319645120882 0
1284 0.694273349029652 0.5786212968537482 0
1285 0.821155860341543 0.636953358066188 0
1286 0.8230598288996185 0.6577990878951676 0
1287 0.8397550287413875 0.6452250729327573 0
1288 0.782276236788679 0.6022127787706389 0
1289 0.3312614475895144 0.6028474520688272 0
1290 0.3475678482868082 0.591267240781932 0
1291 0.7018516040269885 0.6596409165358245 0
1292 0.3443903316377173 0.7422305285107518 0
1293 0.3625722912085797 0.7505621750332245 0
1294 0.3262083813825298 0.7338988581651249 0
1295 0.4268063594710071 0.6845018326961475 0
1296 0.7725135243527748 0.6503892684214915 0
1297 0.8412203107119898 0.6663421109777919 0
1298 0.8582186041066393 0.654241088017066 0
1299 0.4202956774237713 0.624593850262223 0
1300 0.4184201212944174 0.6046819854350429 0
1301 0.4002381638276903 0.5963503335316462 0
1302 0.416544564799417 0.5847701215429384 0
1303 0.4347265224285197 0.5931017730310884 0
1304 0.8598227012006256 0.6734613708853703 0
1305 0.8761713724284356 0.661990445481716 0
1306 0.7105132333578374 0.5671701858852318 0
1307 0.6923195991831302 0.5588699763567047 0
1308 0.6524855345193219 0.6932609841563504 0
1309 0.2804666885402908 0.6176762232197645 0
1310 0.2641602878141869 0.6292564345803365 0
1311 0.6755432703005927 0.5689024711167565 0
1312 0.6722546515399964 0.5499515741254244 0
1313 0.6894958493557087 0.539595410717119 0
1314 0.6707589915807064 0.5304491264544305 0
1315 0.2666402599879883 0.6491113658838045 0
1316 0.2484143675160037 0.6405665109579535 0
1317 0.2460717436318809 0.6208797604872534 0
1318 0.2296362410347092 0.6322487533806038 0
1319 0.3986176552363682 0.5767976095541094 0
1320 0.6628462983727884 0.6207457696582448 0
1321 0.3243328257444336 0.7139869920812423 0
1322 0.3080264284243914 0.7255671947317419 0
1323 0.3099019858527512 0.7454790562372728 0
1324 0.2920281633569602 0.7375812943523372 0
1325 0.2936469419343727 0.7571315800969602 0
1326 0.289713880636161 0.7188319678084352 0
1327 0.3293858907241333 0.5829355891239049 0
1328 0.3456922914515985 0.5713553777598516 0
1329 0.4328509656359401 0.5731899098999894 0
1330 0.451026101079999 0.5815119549789924 0
1331 0.689654191480896 0.5188724464497187 0
1332 0.6704422913143803 0.5105655135061301 0
1333 0.653001206081528 0.5221045938619764 0
1334 0.6520675294713326 0.5022325699545814 0
1335 0.6685279374464411 0.4906530210444122 0
1336 0.6503377116465173 0.4823276925434082 0
1337 0.6666710246811383 0.4707428989429367 0
1338 0.6340909729126118 0.4949866425388395 0
1339 0.6484847771363714 0.4624177346083123 0
1340 0.6647925921757238 0.4508318888094764 0
1341 0.6466077365553187 0.4425067819138984 0
1342 0.6627487536299312 0.4306925719767783 0
1343 0.6810690010186252 0.4392078334938958 0
1344 0.6449384296653831 0.4226979958559866 0
1345 0.94993339016138 0.0160489182189173 0
1346 0.621038080205319 0.7169733948858743 0
1347 0.9692589609787823 0.932822905430477 0
1348 0.449156229369492 0.5616080973733102 0
1349 0.4673311752963891 0.5699298756383581 0
1350 0.6790198140987567 0.4190621437037614 0
1351 0.6973463034727148 0.4275863219628847 0
1352 0.6957050574960681 0.4080148414955931 0
1353 0.7141551675455284 0.4168195177657175 0
1354 0.8056042340606903 0.6684179423182354 0
1355 0.9374035066002709 0.7071654787824493 0
1356 0.8780756188906549 0.6816474204015448 0
1357 0.06919530984072897 0.8229249543618773 0
1358 0.3742978605806253 0.4858820928511406 0
1359 0.164336074149892 0.7602337203872359 0
1360 0.1522204991496012 0.7120857057380146 0
1361 0.4437679386344814 0.3995116013972956 0
1362 0.08118465091147081 0.1894536323127505 0
1363 0.5387685243629068 0.8293791758570104 0
1364 0.5557005294635652 0.8137946131419251 0
1365 0.5375941977940949 0.8075176864697021 0
1366 0.5519961518487779 0.7942092843241663 0
1367 0.1353509812117162 0.6308491735655497 0
1368 0.7120612811377827 0.3965111547000824 0
1369 0.7305662702276278 0.4054054320713822 0
1370 0.01605393980330033 0.8750288709439463 0
1371 0.860377115295808 0.5996855236057161 0
1372 0.1760844516271574 0.6414287337531229 0
1373 0.5657918399850609 0.691116815156235 0
1374 0.9198526957217175 0.3013943912589253 0
1375 0.9718593670783435 0.3562493077097406 0
1376 0.49074489217234 0.09337902820232541 0
1377 0.7335641839735768 0.5174766087459733 0
1378 0.04108464926345634 0.2656524291530152 0
1379 0.6640203220505909 0.7314899096545529 0
1380 0.5961424826324851 0.5402492663391026 0
1381 0.5799407082314876 0.5251943355343681 0
1382 0.6226764193052161 0.5693069101922207 0
1383 0.938531169102897 0.4052926944282375 0
1384 0.1824988984383361 0.06755030472302886 0
1385 0.7734083060055541 0.5320940882348563 0
1386 0.7884359814294084 0.5469046150041706 0
1387 0.7695120469630308 0.5521607382970649 0
1388 0.9009814626352839 0.5376783186558085 0
1389 0.9073873364942376 0.5197114826315846 0
1390 0.9217763680994088 0.5342854724591826 0
1391 0.926687994545111 0.5140241829242872 0
1392 0.1014791957768164 0.6223104624350075 0
1393 0.07950913446764829 0.6177305308799241 0
1394 0.06510609104331538 0.6322882530470268 0
1395 0.7976112905204338 0.1558875433525727 0
1396 0.7782534503580868 0.1562319900818165 0
1397 0.7677867790405233 0.1722582263644554 0
1398 0.7581667406761285 0.1565906311594058 0
1399 0.7486520160760083 0.1731723177320769 0
1400 0.7382795206355645 0.1565352033633205 0
1401 0.7287653663422322 0.1737195356933389 0
1402 0.7182249141105599 0.1570389194584426 0
1403 0.7087779746776037 0.1742565158446435 0
1404 0.6982145918722242 0.1572726960628515 0
1405 0.68878329164811 0.174747733232051 0
1406 0.6785795993189647 0.1578399639312015 0
1407 0.6688499394518065 0.1752868906046001 0
1408 0.6858729239258379 0.1406208968283257 0
1409 0.7504109396575149 0.1391502396041793 0
1410 0.7192635474809517 0.191221658809286 0
1411 0.6591247574027121 0.1592453584437168 0
1412 0.6488209953995612 0.1757949557931381 0
1413 0.6592945819361061 0.1928430062028155 0
1414 0.6392969298475589 0.1933821150148465 0
1415 0.6288325044883485 0.1764839201548883 0
1416 0.6193041747071468 0.1939495406667506 0
1417 0.6090105736954032 0.1770056012523267 0
1418 0.5994346734382139 0.1945450849153934 0
1419 0.6097990455139267 0.2115280631303551 0
1420 0.5899044508111665 0.2121221905682051 0
1421 0.6002764358251105 0.2291114391147347 0
1422 0.5894891004764387 0.1775286255094284 0
1423 0.5806150306433898 0.2294519244916918 0
1424 0.5907910464636889 0.2466543953977458 0
1425 0.5707354951667646 0.2472278239515651 0
1426 0.5812135079387024 0.2642649759865928 0
1427 0.5612258508446705 0.2653159402354635 0
1428 0.6166415338057014 0.1596029619376498 0
1429 0.6497646187349839 0.2104243188234126 0
1430 0.5712978015039276 0.2108592886935828 0
1431 0.6107350593309573 0.2461370142373632 0
1432 0.5716822597455437 0.2819388634304169 0
1433 0.5916730047924357 0.2813248909847654 0
1434 0.5821465909596676 0.2989140276381292 0
1435 0.5516886341825098 0.2824976053640583 0
1436 0.5412346258905268 0.2659607790167262 0
1437 0.6697572610085016 0.2098802302705275 0
1438 0.6602313603173088 0.227465581311277 0
1439 0.680223836401475 0.2269213313901344 0
1440 0.670698593402218 0.2445073330876377 0
1441 0.6906911424795831 0.2439631654044775 0
1442 0.5316958786365598 0.2830530190908187 0
1443 0.7602613300758019 0.1925582542423873 0
1444 0.6017887059982773 0.2981692206568692 0
1445 0.5922049928908606 0.3157224264225549 0
1446 0.5214665783529812 0.2664010491734616 0
1447 0.5327569237410736 0.2495888827792075 0
1448 0.5117406801489757 0.2835817131942429 0
1449 0.7886714531733912 0.1380408891710821 0
1450 0.8072067822256813 0.1251651410791227 0
1451 0.7879009784056666 0.1173169927624748 0
1452 0.8043228116343515 0.105700560703747 0
1453 0.7860748923336276 0.09760439584077313 0
1454 0.8022937323282697 0.08590137313079793 0
1455 0.8203828886682295 0.09385057994533708 0
1456 0.7840489514244894 0.07773642474133913 0
1457 0.7678665733789385 0.08935575932502282 0
1458 0.8184756010485974 0.07416412012550433 0
1459 0.7663061289609256 0.07021614083016936 0
1460 0.7496758637183698 0.08134527041760053 0
1461 0.5424426547345148 0.2992563801158842 0
1462 0.8367366441915005 0.08232472516443867 0
1463 0.8387556839348635 0.1016729341685413 0
1464 0.7492540337164733 0.05956250393904672 0
1465 0.7316396672038984 0.07277072252473304 0
1466 0.7334312326024485 0.09291915659007483 0
1467 0.7151232544759478 0.0847542333030033 0
1468 0.7131486909321448 0.06480991792164503 0
1469 0.697051398435635 0.07618666268934937 0
1470 0.6596641038028104 0.7657619264218359 0
1471 0.6425868541314728 0.7570363497649766 0
1472 0.8170864551666008 0.4805567989464954 0
1473 0.8227185855663549 0.4601299685854324 0
1474 0.8372183343077629 0.4735819521942662 0
1475 0.8068162933034059 0.4485105960047793 0
1476 0.7171580215198999 0.1046464069062238 0
1477 0.2759093736855913 0.7494256838172033 0
1478 0.2776942656943333 0.7680828646229468 0
1479 0.294436151356068 0.7762705130243512 0
1480 0.2591072282492726 0.7603078236914678 0
1481 0.2624865714932337 0.7823110898866253 0
1482 0.195178814284221 0.7561150047419165 0
1483 0.2091350722125969 0.7706917456574236 0
1484 0.942300928647137 0.5811849728512786 0
1485 0.9525043822952771 0.1911228691777621 0
1486 0.6054470140066134 0.0407460628974603 0
1487 0.6227253455828781 0.0511241945208446 0
1488 0.6227219512763165 0.07021787379219091 0
1489 0.6401223018910789 0.06002704477706744 0
1490 0.6378745622672504 0.08044536952761538 0
1491 0.6219993184987084 0.09000078315737292 0
1492 0.6378912903908101 0.1004668079356428 0
1493 0.6204496559534209 0.1099300367778508 0
1494 0.4643690346439986 0.4956457178863031 0
1495 0.4733983471226876 0.5088738728460136 0
1496 0.1828813497186073 0.8114669934991965 0
1497 0.1935130697673167 0.8274413733341976 0
1498 0.2026702330845739 0.8101747339096763 0
1499 0.2125414360572503 0.8277959298005725 0
1500 0.2035036337324722 0.8446809257214868 0
1501 0.2235693532714035 0.8442550792693468 0
1502 0.2141618452185471 0.8617628465286821 0
1503 0.2325095251676626 0.8244883326061923 0
1504 0.194010224142238 0.8621815770379708 0
1505 0.2046578720539202 0.879320487617143 0
1506 0.1846705140995263 0.8798738894777278 0
1507 0.2233494398426975 0.8780628228065435 0
1508 0.8943098887660341 0.670200405717151 0
1509 0.8920222705405478 0.6512097574846278 0
1510 0.3464269404582932 0.7617909269336381 0
1511 0.3647620828290238 0.7697882875544354 0
1512 0.3808066292513359 0.7587795144419246 0
1513 0.3827431620038644 0.7782362525817146 0
1514 0.194468984064764 0.8962018378841011 0
1515 0.1746784861991914 0.8971686034645278 0
1516 0.5981476182427121 0.6687079906324326 0
1517 0.3274851349268721 0.4383389775125121 0
1518 0.3130501464721966 0.4235504218184287 0
1519 0.3308987428554082 0.4179865098214562 0
1520 0.31738590025334 0.4042290001736909 0
1521 0.2977099580573205 0.4108304959567544 0
1522 0.3027993321063875 0.3906985745933093 0
1523 0.2832599411772741 0.3969627408849123 0
1524 0.2883379275229657 0.3768884253093917 0
1525 0.2694687865331018 0.3822663146189788 0
1526 0.2739650773556521 0.3629625038342615 0
1527 0.2550996591543268 0.3683214874394548 0
1528 0.259499648155248 0.3491429383903684 0
1529 0.2403332542398761 0.3548207824481651 0
1530 0.2356113907302677 0.3742161554481445 0
1531 0.2211002392672679 0.3605633188015384 0
1532 0.2257698332302957 0.3411101850620658 0
1533 0.2065871073426624 0.3468061921135567 0
1534 0.2019240821769674 0.366256759639248 0
1535 0.1874111170407914 0.35249609840971 0
1536 0.1827492154232757 0.3719456491478419 0
1537 0.1920726804660201 0.3330471107652039 0
1538 0.2786303088397172 0.3435005492776982 0
1539 0.1682364652915143 0.3581842294178981 0
1540 0.1635747868178439 0.3776334842201693 0
1541 0.1490621102700521 0.3638718901784518 0
1542 0.1444004806917575 0.3833210651785128 0
1543 0.1780874022098308 0.3913951981124895 0
1544 0.1298878246089117 0.36955942872992 0
1545 0.1252262065389486 0.3890085834163443 0
1546 0.1345494377072618 0.3501102832622647 0
1547 0.323813188922041 0.3825898264959684 0
1548 0.1153751682868427 0.3557977921144896 0
1549 0.120036783650019 0.3363486423779393 0
1550 0.2632053467242171 0.4015328053646758 0
1551 0.2641182630552537 0.3297367560132735 0
1552 0.283283678945256 0.3240579136668868 0
1553 0.2687713392618407 0.3102958547006271 0
1554 0.2879438688488239 0.3046100214517266 0
1555 0.2734312952867465 0.2908482910570809 0
1556 0.2926052236811996 0.2851611157200174 0
1557 0.307566849753276 0.2999685714630747 0
1558 0.2780925921262108 0.2713994482854351 0
1559 0.258918328420649 0.2770869409085353 0
1560 0.2972667915875453 0.2657120150384824 0
1561 0.1397388539942875 0.402770236564743 0
1562 0.1205645895175939 0.4084577363224947 0
1563 0.1350772374909588 0.4222193885201485 0
1564 0.1159029743700308 0.427906885693462 0
1565 0.1013903254547117 0.4141452352806979 0
1566 0.09672871098445868 0.4335943833682445 0
1567 0.1008625195151111 0.3420361414368073 0
1568 0.1055241338837021 0.322586993543093 0
1569 0.1246983969671908 0.3168994964323658 0
1570 0.1304156231776979 0.4416685363102134 0
1571 0.1495898864376765 0.4359810388734161 0
1572 0.2827541449495781 0.2519503592887065 0
1573 0.3019283984012529 0.2462628778854764 0
1574 0.3164410462033129 0.2600245296831072 0
1575 0.3211026619656456 0.2405753842494835 0
1576 0.08221606202503218 0.4198327330390587 0
1577 0.1101857480581118 0.3031378460091705 0
1578 0.1293600105152515 0.2974503483898861 0
1579 0.07755444766031294 0.4392818809266317 0
1580 0.09206709659052181 0.4530435313111814 0
1581 0.3065900151251255 0.226813731648529 0
1582 0.3257642791540857 0.2211262374858383 0
1583 0.07289283330708785 0.4587310287924247 0
1584 0.1449282720982503 0.4554301867130615 0
1585 0.1641025353770431 0.4497426892406134 0
1586 0.2973477449007391 0.3377134853870714 0
1587 0.08687767636234001 0.4003835852034265 0
1588 0.335615308706423 0.254337036948973 0
1589 0.08634987043379211 0.3282744913327503 0
1590 0.08168825609585706 0.3477236391696631 0
1591 0.3113782790170989 0.2077915486516939 0
1592 0.3304470043909263 0.2017482510883868 0
1593 0.3163315070866641 0.1895552020714891 0
1594 0.3351607416159426 0.1825130975380511 0
1595 0.3184849724303683 0.1693820892606043 0
1596 0.339413020384678 0.1629789550904546 0
1597 0.3259295206739842 0.1494252998982084 0
1598 0.06304179871112403 0.4255202305780461 0
1599 0.1592775119753721 0.4686409360280957 0
1600 0.1784245404135928 0.4628616217076787 0
1601 0.1832450246740887 0.443948072114248 0
1602 0.1977523779520941 0.4576918692015033 0
1603 0.2024395880016172 0.4383290121892948 0
1604 0.2169556202847029 0.4521020688101187 0
1605 0.1926663589189441 0.4796123154120123 0
1606 0.3541947485043179 0.1765430667942128 0
1607 0.1148473623651328 0.2836886982295364 0
1608 0.1335488784158826 0.2779679339687226 0
1609 0.1484554835688334 0.2917573055310202 0
1610 0.1531039654243741 0.2723072344327768 0
1611 0.1379050143789858 0.2585997341823013 0
1612 0.1577124784177359 0.2528714241690441 0
1613 0.1723306609590789 0.2666262716946223 0
1614 0.1425344046120169 0.2396805076519953 0
1615 0.1770160764074861 0.2471776476310443 0
1616 0.1915352191982305 0.2609388169401529 0
1617 0.1962060298349306 0.2414895604712968 0
1618 0.1817283128106398 0.2290374211688369 0
1619 0.06717560711997306 0.3339619888702487 0
1620 0.06251399278540781 0.3534111367009185 0
1621 0.2213490134083623 0.4329571557738934 0
1622 0.2107171458185162 0.2552512281199587 0
1623 0.2060552802318057 0.2747003764888807 0
1624 0.215380037624229 0.2358020658731514 0
1625 0.1402394229104029 0.4747875177196121 0
1626 0.09482669512839575 0.2897260390764458 0
1627 0.08740548224579969 0.4724926791608619 0
1628 0.06823121896398066 0.4781801766390449 0
1629 0.3588562056648755 0.1571250980358838 0
1630 0.3736675126946286 0.1717475867528691 0
1631 0.3438291931594515 0.2157144300311437 0
1632 0.2933326219649395 0.2138705202377268 0
1633 0.2358175227046508 0.4467714129796429 0
1634 0.8957733050674608 0.7206816327202882 0
1635 0.2903982084013648 0.8126034942651846 0
1636 0.3429322976018006 0.8131726189667912 0
1637 0.7285845391765391 0.385251565354394 0
1638 0.7464873447238254 0.3931434437815539 0
1639 0.7452038273423803 0.3743405534849096 0
1640 0.7481880241982999 0.412812758975415 0
1641 0.7645314068711844 0.40124338528884 0
1642 0.1145682498615989 0.1310700346859016 0
1643 0.1176133298704252 0.1112783306307234 0
1644 0.1182613652914805 0.1465845056657813 0
1645 0.1005197427768304 0.1000057907300611 0
1646 0.6545946894112605 0.3698159682170742 0
1647 0.6397930819654105 0.3587213519712477 0
1648 0.6401975195458167 0.3785179858028855 0
1649 0.6222971623619835 0.3665954160551584 0
1650 0.5330972429165884 0.7877401652271208 0
1651 0.5192495775248861 0.8028687810926338 0
1652 0.4578537103056548 0.8623770199260863 0
1653 0.4495566813955731 0.844046059471236 0
1654 0.4428137844782266 0.8781309525793792 0
1655 0.4604384268248055 0.8273884249389312 0
1656 0.4411610863402903 0.826654671678548 0
1657 0.4523301398498517 0.8099902436984284 0
1658 0.4297292826087982 0.8428175203804871 0
1659 0.4212132146025112 0.8249626769057303 0
1660 0.4098314836752051 0.8411565220123711 0
1661 0.4008939009618215 0.822126168704106 0
1662 0.4127009318499707 0.8069095544176704 0
1663 0.4713963054738407 0.8108505875057903 0
1664 0.4629811134617493 0.7936811784038666 0
1665 0.1838135018037971 0.5864958065353125 0
1666 0.1528127938657182 0.6006550705861862 0
1667 0.1730084851512423 0.1207412149841842 0
1668 0.1638316352838219 0.1550483197978227 0
1669 0.1535429871180715 0.1707915177713257 0
1670 0.3839100214474942 0.5219706532271488 0
1671 0.2742209672413464 0.9767108363403373 0
1672 0.2950927714962359 0.4489716849680611 0
1673 0.240536404095494 0.8414075034612136 0
1674 0.7314044605196767 0.978897230310493 0
1675 0.2268571210767314 0.612933255092373 0
1676 0.4905229207832815 0.1422212822522745 0
1677 0.5099474435464421 0.1416007342047575 0
1678 0.5192391676388106 0.1238862328873361 0
1679 0.528732311620804 0.1412625478853899 0
1680 0.5204617981732201 0.158439265669634 0
1681 0.5395205048359669 0.1581814506256475 0
1682 0.5485421229947027 0.1400549229527614 0
1683 0.5302502434312905 0.175898954586754 0
1684 0.4600419378558226 0.1530240342949078 0
1685 0.6528782087856915 0.09017225635363646 0
1686 0.6544498484954605 0.1108644622973002 0
1687 0.06326618082731372 0.1072274549713234 0
1688 0.163519764491839 0.1867680179321468 0
1689 0.1441106402982241 0.188057866693345 0
1690 0.6307463412926962 0.4531299478172847 0
1691 0.03590365821065894 0.7157366095289061 0
1692 0.1335531817165475 0.05247303909984402 0
1693 0.03316447083028312 0.312857114782821 0
1694 0.2687361634498191 0.9478335041993293 0
1695 0.4130197547363531 0.3166469698598273 0
1696 0.3935079442133483 0.3229928156052986 0
1697 0.3925770628702648 0.3420332841754396 0
1698 0.3757534267193605 0.3316400359905365 0
1699 0.3769414941779733 0.3117945248181839 0
1700 0.3751473187473307 0.3514823936215922 0
1701 0.3579771202870559 0.3406987777979784 0
1702 0.6133332180992205 0.533505984141349 0
1703 0.9023477099338193 0.7698365721487902 0
1704 0.9017550629830771 0.7890138482267032 0
1705 0.9182042014041488 0.7971735404999116 0
1706 0.9022482675652481 0.8086389758197328 0
1707 0.9195703825832557 0.8179246832698235 0
1708 0.9027501476686023 0.8287137728262541 0
1709 0.9198982212823226 0.8372625171574271 0
1710 0.9034011252524295 0.8486066682378491 0
1711 0.88578003725517 0.8393940864358362 0
1712 0.8865412993494527 0.8593834908861586 0
1713 0.8689832407688083 0.8502737337627957 0
1714 0.8696321393617379 0.8693886078600415 0
1715 0.8520836400717023 0.8608605531901024 0
1716 0.9211703964816484 0.8580807887540256 0
1717 0.853138624040192 0.878530750634715 0
1718 0.8347246132809123 0.870442545454954 0
1719 0.8350351873811072 0.8528565212982059 0
1720 0.817587278941493 0.8625949717769372 0
1721 0.8176929426617722 0.8813751509149323 0
1722 0.8004012878593179 0.8727388121042208 0
1723 0.7982150304114919 0.8517826088287836 0
1724 0.7819369897874027 0.8642671395360978 0
1725 0.7833497364088734 0.8835402634558699 0
1726 0.7656358430842382 0.8742378475675261 0
1727 0.8870579659820086 0.8773288479161196 0
1728 0.7667157751408711 0.8944365831911059 0
1729 0.7488647179979528 0.8848217110026642 0
1730 0.7649157730360944 0.8559089946364207 0
1731 0.7498663203240659 0.9051226391935288 0
1732 0.7319793475896805 0.8954727230496184 0
1733 0.7327551468467604 0.915456574978425 0
1734 0.7150171921237864 0.9060488135366054 0
1735 0.7156719575901984 0.9258533378882086 0
1736 0.698075151972827 0.9166777408691102 0
1737 0.9373223353830771 0.8274352641505416 0
1738 0.6987191455978545 0.9364636450692843 0
1739 0.6811440695245193 0.9273236387620679 0
1740 0.678641210621554 0.904330469152794 0
1741 0.663478917661526 0.918040738546908 0
1742 0.6642439099928797 0.9380187196369593 0
1743 0.6465552486547237 0.9286985753358211 0
1744 0.8668339575033138 0.8315684701590635 0
1745 0.7307029528766222 0.8754832408043329 0
1746 0.6948924845770206 0.05659132816456841 0
1747 0.8445553265164141 0.6869085722824619 0
1748 0.8069063683186045 0.5199429001539589 0
1749 0.9268641556964253 0.336529415169818 0
1750 0.9219684818666685 0.3545115729339617 0
1751 0.9542174732225523 0.3578774923999419 0
1752 0.8195244644171347 0.6142111119311341 0
1753 0.3568096576971353 0.3607282444367843 0
1754 0.3741498353830973 0.3715231582737646 0
1755 0.340044957877665 0.349827818026662 0
1756 0.3411033590299584 0.3298498011165493 0
1757 0.7421911716850387 0.01225939386628072 0
1758 0.6985457879430728 0.4469292925515559 0
1759 0.3534212604813109 0.4648686100945809 0
1760 0.8664616125510907 0.7779579554008955 0
1761 0.0594901983753795 0.6130633982958635 0
1762 0.07323222166171656 0.598565613284306 0
1763 0.05374500503632901 0.5938738103949535 0
1764 0.6875830202521691 0.3738076165189361 0
1765 0.8348961021909984 0.06243336485987339 0
1766 0.6750581864394839 0.7176773355331642 0
1767 0.910517317432247 0.5526382460728281 0
1768 0.6029962666043576 0.4017809747356259 0
1769 0.6103174055993299 0.4163863614419229 0
1770 0.5801032647307006 0.4494270452273095 0
1771 0.5687836798781877 0.4645063657885943 0
1772 0.5875009707538508 0.4684556372551683 0
1773 0.6296291656724233 0.6443909742005631 0
1774 0.5752625763363904 0.4832647127946084 0
1775 0.9250900222638557 0.06561938885669949 0
1776 0.9293598821159113 0.08279847797783702 0
1777 0.9097422978447436 0.09375800325365036 0
1778 0.9257102396967881 0.1036309780281465 0
1779 0.9073465543141277 0.1127710323302464 0
1780 0.9251569899023254 0.1229340709357561 0
1781 0.890030132044584 0.101150664514173 0
1782 0.9436812525161948 0.09516371813260127 0
1783 0.8895287157727991 0.1213895056767108 0
1784 0.736859344500469 0.5358985812145672 0
1785 0.2314216028150348 0.4659413766711836 0
1786 0.09571641443306156 0.6753670065492101 0
1787 0.07627474023302683 0.6706728872611276 0
1788 0.5218391550749886 0.4897235418779107 0
1789 0.510057501083815 0.5053268460515948 0
1790 0.5289511800706133 0.5091212416140696 0
1791 0.5166002222591282 0.5227324793223779 0
1792 0.9665350897913901 0.5548930619388958 0
1793 0.8249494982032397 0.4405292885156547 0
1794 0.8088511260707421 0.4294146171898706 0
1795 0.5365709537666021 0.9822458690114042 0
1796 0.01604617933340813 0.1025816201057869 0
1797 0.8748597145905186 0.9398665295947108 0
1798 0.875038897887105 0.9211619715739963 0
1799 0.3956257616585935 0.2558202805244477 0
1800 0.4032106167986742 0.2751928571530374 0
1801 0.3825599262754641 0.2729272327681634 0
1802 0.3879815091975357 0.2212662585214122 0
1803 0.01590260804547977 0.7316212003299697 0
1804 0.7199118513635496 0.5072089682453819 0
1805 0.4842437517379278 0.7491336878831497 0
1806 0.7002162369466334 0.2263769937957312 0
1807 0.7106836803565619 0.2434189874499014 0
1808 0.720208983603749 0.2258328791499045 0
1809 0.7306763123414662 0.2428749293185377 0
1810 0.7217368371930779 0.259223841376425 0
1811 0.7412287642146387 0.2592462427307511 0
1812 0.7506830384466434 0.2422190344846927 0
1813 0.7611529121324815 0.2592423849983164 0
1814 0.7514172437544567 0.2766620185870876 0
1815 0.7706727188359392 0.2419718112360346 0
1816 0.7811289851578691 0.2588286588638641 0
1817 0.2298926437417175 0.2495637158973726 0
1818 0.2342533707436124 0.2304320909894669 0
1819 0.2495971258152888 0.3159832814596272 0
1820 0.3993409144636252 0.7671328305351206 0
1821 0.4221712343852687 0.644505712961345 0
1822 0.4390686234148867 0.632937014322586 0
1823 0.6507059142408037 0.245051373893196 0
1824 0.6601095347382849 0.2615283536897478 0
1825 0.6408071352249699 0.2619374462256832 0
1826 0.442008174272269 0.6528822057822279 0
1827 0.3205817174293462 0.6741632523414175 0
1828 0.3309536912025127 0.2737861840253558 0
1829 0.3130794900001161 0.59451580047914 0
1830 0.5726203827758971 0.3164842113732387 0
1831 0.5830199053508415 0.3334899706754557 0
1832 0.7282827680007981 0.5764025117044391 0
1833 0.2070647119882597 0.4189582592560803 0
1834 0.2254582712189066 0.4126666864310935 0
1835 0.07190625417091567 0.3147455710164322 0
1836 0.5948841250560438 0.4875628094630893 0
1837 0.06753055569304589 0.07535456824508946 0
1838 0.08137144135256291 0.06621350417588312 0
1839 0.8939408732357903 0.4856891781248564 0
1840 0.4506787328829582 0.8961130248009893 0
1841 0.4313862651844219 0.8945897378839165 0
1842 0.440100143604247 0.9125425163726457 0
1843 0.4202655130255154 0.9111154994583663 0
1844 0.411841708208735 0.8935428951364378 0
1845 0.4290290806481153 0.9290962569934504 0
1846 0.4091008918691128 0.9276813935881338 0
1847 0.4489881637889463 0.9304838681955996 0
1848 0.417930868499281 0.9447058088715783 0
1849 0.3979209113123995 0.9440974478226642 0
1850 0.8663924979575408 0.7329603727947909 0
1851 0.944143940231114 0.4769560186938174 0
1852 0.9574526349955397 0.4620080355991437 0
1853 0.3891525079762311 0.9262484897296742 0
1854 0.443639177645357 0.7920933861877452 0
1855 0.9409034821297605 0.5275949300574456 0
1856 0.1714705855779918 0.101849123289858 0
1857 0.728665111803263 0.4674023534540671 0
1858 0.119695732930224 0.09373737469988147 0
1859 0.5708035006518948 0.8006682527012583 0
1860 0.5669675300070786 0.7810418861639241 0
1861 0.8679526061803529 0.02005977368588763 0
1862 0.5577353784215952 0.5308939718394329 0
1863 0.4656391306389605 0.5495735286908615 0
1864 0.4836735938587603 0.5582832331904458 0
1865 0.944722751561814 0.4241402957094138 0
1866 0.9843233905455185 0.1944250177800377 0
1867 0.6886486584529453 0.478185147307617 0
1868 0.6727735033638567 0.2966376421304368 0
1869 0.7051025826970908 0.302477293824559 0
1870 0.7247041197857835 0.3060428514189997 0
1871 0.7302641831518359 0.3241914025819363 0
1872 0.7447538405817145 0.3098592618450335 0
1873 0.7503607367613683 0.3290371861713509 0
1874 0.7635802037733164 0.3143347826714814 0
1875 0.3897130705137995 0.8369764677376309 0
1876 0.362580688130277 0.809012275802826 0
1877 0.3494121871764986 0.9872213785914443 0
1878 0.5145257296247715 0.781670186260814 0
1879 0.3781765867102241 0.1517323250056293 0
1880 0.3927629024123071 0.1657116628165853 0
1881 0.2114899719105964 0.6241733427581839 0
1882 0.5500106092178189 0.1752264799090572 0
1883 0.5402522264042798 0.1954161913768218 0
1884 0.9258610700305573 0.272731094350988 0
1885 0.9825409476185176 0.7424300588969822 0
1886 0.8164854566909545 0.0542999208607905 0
1887 0.05371857002184655 0.4644185262770923 0
1888 0.7023444862743526 0.364831229451488 0
1889 0.3149164893567246 0.01366125076991775 0
1890 0.453291271180872 0.601380640804453 0
1891 0.2810302385083432 0.1634232877062847 0
1892 0.7898570794092594 0.2420243734365911 0
1893 0.8727337849331407 0.6199533637279702 0
1894 0.8942074091963995 0.6125632523159625 0
1895 0.2362442715003269 0.6866720409407006 0
1896 0.2546976451764731 0.682930375781344 0
1897 0.2082418683579057 0.6780294013324533 0
1898 0.2493438991846526 0.7129789182367797 0
1899 0.4743121933018972 0.1856393471516602 0
1900 0.4968656601190127 0.203909052185923 0
1901 0.5111540016671998 0.2153007162137532 0
1902 0.926603277969569 0.6943018644652531 0
1903 0.3091965449117849 0.04601715803420692 0
1904 0.3035959033832208 0.06546598507912299 0
1905 0.2881376412590096 0.04964572368660736 0
1906 0.2856193451060769 0.0712707102599951 0
1907 0.2998763766408051 0.08491425703780831 0
1908 0.2808311967072225 0.09103919134276223 0
1909 0.2945601270880968 0.1049389487099802 0
1910 0.2196905739116676 0.2167233611165584 0
1911 0.645649175649968 0.9086326899370351 0
1912 0.6291981790638984 0.9193460046843505 0
1913 0.629928625155406 0.938898931652673 0
1914 0.669529651153039 0.1001050815849828 0
1915 0.7323177790151935 0.8165679803639705 0
1916 0.007171266000728926 0.3241323596842967 0
1917 0.3625985588282516 0.4500878774287145 0
1918 0.3984118684320662 0.8578592326114636 0
1919 0.9071399190634275 0.3429626864425055 0
1920 0.9027580724306399 0.3607931019265517 0
1921 0.8892446481261792 0.3481629838328126 0
1922 0.3112704018797145 0.5746975339053328 0
1923 0.2949086105354558 0.5861997482831691 0
1924 0.8538623175530866 0.08909535637214916 0
1925 0.08280679933403956 0.4915384209454243 0
1926 0.06517803348240703 0.4969014531455924 0
1927 0.1018899552683196 0.4862620486063027 0
1928 0.3142992971515707 0.09867934468909689 0
1929 0.1646336956106282 0.8807627571297427 0
1930 0.1551340158331089 0.8980884877770943 0
1931 0.1652062755058679 0.9148412011590623 0
1932 0.1456400692411353 0.9156554250294775 0
1933 0.1561345229169552 0.9326756527728753 0
1934 0.1362138212076526 0.933289539031694 0
1935 0.1257318730495597 0.9162701531942541 0
1936 0.1162478487884241 0.9338776069604384 0
1937 0.1057918831859136 0.9180197209236713 0
1938 0.09626603581665605 0.9344574926529552 0
1939 0.08481946005680019 0.9163922625667809 0
1940 0.3560328608037839 0.3803129774368801 0
1941 0.3730536871444306 0.390926030397679 0
1942 0.4980035109651035 0.108019860956121 0
1943 0.6347961293742379 0.554792349427133 0
1944 0.07636077308382916 0.9342021497491703 0
1945 0.06470147856134822 0.9182710231967528 0
1946 0.7829244956537561 0.05910011431887202 0
1947 0.6013285994318314 0.3326819354041825 0
1948 0.421745200623755 0.2768030592324571 0
1949 0.1731069987655794 0.7456354272041288 0
1950 0.3075315246234738 0.8048394507920413 0
1951 0.08382169849050897 0.2533751954445571 0
1952 0.3788628074416744 0.2072311318975361 0
1953 0.1152619303251235 0.8992558450803889 0
1954 0.4266848922532001 0.3956259974984151 0
1955 0.4171480115258414 0.4155557349476343 0
1956 0.7667040240263738 0.4192904080071268 0
1957 0.8579231494674566 0.9309474600872871 0
1958 0.2677481003541425 0.81688996514509 0
1959 0.6416204450684431 0.5766450598240378 0
1960 0.2222462353188785 0.9393318290279298 0
1961 0.2371777188644773 0.9303957975611675 0
1962 0.02740272167586022 0.1349869654802786 0
1963 0.3635795108353849 0.1382206470646876 0
1964 0.442830206468405 0.1532007911078931 0
1965 0.2349556632827185 0.07822736660876473 0
1966 0.2151222665892522 0.07753585469526064 0
1967 0.831488014014605 0.5297584316426394 0
1968 0.8498136260117577 0.5107352630346254 0
1969 0.7312315709518447 0.4481857933663975 0
1970 0.4551978344781177 0.7752309368629103 0
1971 0.8722430142601855 0.4792005495947737 0
1972 0.8655963631759185 0.4601335670076468 0
1973 0.8936189321640728 0.9125705451926123 0
1974 0.1561969643185037 0.1134554430615063 0
1975 0.1070164646021787 0.9500301185171425 0
1976 0.1548238864550041 0.2046484208783521 0
1977 0.1353730549204212 0.2061346843659547 0
1978 0.1033475126853513 0.2494849065527217 0
1979 0.02437948921649341 0.05999782332919434 0
1980 0.06734809096833505 0.5801113496307757 0
1981 0.048080328542914 0.574797774341633 0
1982 0.06446514300268397 0.5595434484948814 0
1983 0.04289266537433056 0.5553991589678936 0
1984 0.05621262217691786 0.5410207713800945 0
1985 0.2852990908385662 0.009970691596957515 0
1986 0.2133655287708054 0.6440852057163334 0
1987 0.7317520646125115 0.8009076988546751 0
1988 0.5923978909658909 0.3526255067208907 0
1989 0.5848304505663612 0.7877308778365283 0
1990 0.5403037840961988 0.4638585154976527 0
1991 0.9683524701537117 0.7941011495894407 0
1992 0.8002351252536475 0.2577839414195405 0
1993 0.8580211486203604 0.1105190743309917 0
1994 0.5022239484272906 0.2668680781719093 0
1995 0.4918795265925143 0.2841183436826283 0
1996 0.8949296702581016 0.07315916044095483 0
1997 0.8173425427280496 0.5008102001247355 0
1998 0.7842479197750352 0.9033830399380837 0
1999 0.5956312018487442 0.07504000928093341 0
2000 0.7886606548234378 0.1901548006410571 0
2001 0.1467167962298133 0.9502249331834851 0
2002 0.6855761104081252 0.2790117953567582 0
2003 0.4864804975283535 0.8359458983165424 0
2004 0.07535380966546457 0.8792683903386169 0
2005 0.05654417139734197 0.8614030460953781 0
2006 0.6602487519166995 0.3881055782723726 0
2007 0.2283228957306789 0.008142806374038747 0
2008 0.08194102773297995 0.6891309401514166 0
2009 0.1094047934818316 0.2298998385758437 0
2010 0.769516516381491 0.3333806770764601 0
2011 0.5654164004779652 0.5138589808585895 0
2012 0.3913574128927173 0.3841984505861718 0
2013 0.1986036703993971 0.5712764175722803 0
2014 0.7198200086259207 0.9641837374492737 0
2015 0.06251433077465313 0.6855228970934767 0
2016 0.04514140999673771 0.6281987063816052 0
2017 0.08416305259685225 0.5523794903961923 0
2018 0.09024676647792684 0.5248181636101387 0
2019 0.7592754018991834 0.2255575025200553 0
2020 0.2490169605146204 0.2439291376378578 0
2021 0.2522644150507815 0.2243241389726588 0
2022 0.6116053193164204 0.2807391572808885 0
2023 0.6232839907318055 0.29984223075642 0
2024 0.3971368389415899 0.7472791015042699 0
2025 0.3042753167118767 0.6857434636799202 0
2026 0.2115244239880876 0.3993827637209897 0
2027 0.0770266417285741 0.3671727870609539 0
2028 0.05785237844165003 0.3728602845486195 0
2029 0.3638742490399911 0.5796870293521106 0
2030 0.3612722833604736 0.5598663541584419 0
2031 0.3436859444394386 0.5514799288751518 0
2032 0.3899053881768137 0.5395040650794019 0
2033 0.4121128983607373 0.5445519364707037 0
2034 0.3104275305752147 0.1179455426936207 0
2035 0.3294773916226666 0.1118543999377815 0
2036 0.7808562043726417 0.4092885509408843 0
2037 0.7805060544051903 0.3895357035630214 0
2038 0.5956351256167604 0.02593003462922877 0
2039 0.7840459657132028 0.5657915499291122 0
2040 0.7626308866863367 0.5720842658394715 0
2041 0.6788716107455004 0.06784023973788883 0
2042 0.9459838693393988 0.5088552827596691 0
2043 0.2549323634795376 0.0437127233477842 0
2044 0.2027515396758613 0.5891227611614166 0
2045 0.9321296087056335 0.3855513441929141 0
2046 0.7403335989406786 0.02934707615389903 0
2047 0.7688109437188746 0.9361451929161936 0
2048 0.1751372210176192 0.7768305861139108 0
2049 0.8266964745994967 0.1304655303142261 0
2050 0.867859753151996 0.7954212553471611 0
2051 0.850031991486105 0.8038137795555873 0
2052 0.6395460910039681 0.5985430550761907 0
2053 0.8689762983249614 0.9551100677541118 0
2054 0.2439299991073646 0.7717136016384979 0
2055 0.244676384381323 0.7917998980159524 0
2056 0.3661930581796737 0.5202790939823295 0
2057 0.4905044074326493 0.1619848847478856 0
2058 0.04889294319093651 0.3404437491293764 0
2059 0.4835258332087254 0.7910784374388219 0
2060 0.1574571863915605 0.4889686911627096 0
2061 0.4364579841889897 0.7739581159974417 0
2062 0.865543441100611 0.7129673965338611 0
2063 0.4332668377445257 0.4315707655728948 0
2064 0.6764470994765304 0.04918440375025773 0
2065 0.2443804034803775 0.6016565757701383 0
2066 0.8026754741726415 0.5612572734514408 0
2067 0.1863559067332446 0.6051481096408506 0
2068 0.8569726015551453 0.9127151102315795 0
2069 0.1695112683749639 0.978493608974919 0
2070 0.05670610178118018 0.9357742218023347 0
2071 0.3493989403666638 0.2684701734062113 0
2072 0.3454663374780923 0.287547837155539 0
2073 0.3564084906478091 0.249708372822549 0
2074 0.286577798911026 0.6763546310989168 0
2075 0.9567215540611294 0.4096778691404288 0
2076 0.3841775547606069 0.4698724394534667 0
2077 0.04043764185893323 0.8550504303396301 0
2078 0.6544550707300896 0.2933477814505703 0
2079 0.5807089293332942 0.9405165201133708 0
2080 0.5757002098482222 0.9580747377912064 0
2081 0.5940555837286241 0.9533577581087133 0
2082 0.5843687827292217 0.9151403335333606 0
2083 0.5963543171425068 0.9031670865605745 0
2084 0.9421980091491914 0.06611567191547962 0
2085 0.9503976026753724 0.04765827979285081 0
2086 0.714603675945252 0.8431293178675597 0
2087 0.7343537317465654 0.8450831525872122 0
2088 0.5086742182394964 0.09339228510549136 0
2089 0.4659594724527319 0.4811154650117628 0
2090 0.1005755667981865 0.06781824203375009 0
2091 0.2408378920709923 0.9584546126020173 0
2092 0.2015421737305539 0.1080393949961894 0
2093 0.62180617301424 0.4050405997012617 0
2094 0.869310519017928 0.2464249413486869 0
2095 0.5637565543636551 0.08992992984417303 0
2096 0.5808595189688256 0.1002253277765502 0
2097 0.5492133084950553 0.1049168111370423 0
2098 0.3886317745839811 0.403428997467348 0
2099 0.3714804728241426 0.4115687203290331 0
2100 0.3880132709915683 0.4213221531578475 0
2101 0.485302783204362 0.5779638112376101 0
2102 0.8310855741961153 0.5625700032130103 0
2103 0.324736447861146 0.007095771969058529 0
2104 0.1545693210571654 0.09303438898791305 0
2105 0.5486258554015733 0.4417636136559678 0
2106 0.9693170642741451 0.2680045623958817 0
2107 0.1249394956273712 0.1892247434069484 0
2108 0.310315877278637 0.02834542443522897 0
2109 0.3459111185902068 0.7965849441561604 0
2110 0.3262985933031523 0.7844044851890921 0
2111 0.257157256522968 0.1855185722511488 0
2112 0.1439278136688735 0.1287977721221986 0
2113 0.8896697832042526 0.3194499079933353 0
2114 0.1856487712367957 0.5350379075974848 0
2115 0.1836854942734485 0.5147069505972588 0
2116 0.09444721065192963 0.2156852746429369 0
2117 0.8965395889309509 0.6882835792696476 0
2118 0.8505162861833864 0.03005016430135965 0
2119 0.7334251857724321 0.344288059133012 0
2120 0.6131558724437269 0.9291847774544747 0
2121 0.04740577577076577 0.1042270729988257 0
2122 0.4410889195029088 0.4494519960531245 0
2123 0.5018276823136233 0.5666927902388471 0
2124 0.3788518200032425 0.9423866757925922 0
2125 0.04641151020367656 0.919048394383617 0
2126 0.05401168874423562 0.903373669025644 0
2127 0.01507858341493601 0.2173695278460999 0
2128 0.4835062425356894 0.5396991928878767 0
2129 0.2945741696074028 0.1508321315223215 0
2130 0.0578262465671513 0.6657092828697133 0
2131 0.1356050434126703 0.4943284824051017 0
2132 0.2722310368113521 0.132979518932365 0
2133 0.3541579157463333 0.4337916912177628 0
2134 0.5077056836905652 0.1730459065546245 0
2135 0.0592955438665847 0.2726440130831542 0
2136 0.8176318947769819 0.5753697865863969 0
2137 0.3956369892876412 0.8053979906248108 0
2138 0.5039041697748181 0.2330918622327147 0
2139 0.5800527947531807 0.7678582609610023 0
2140 0.5991027353900671 0.7763121252062357 0
2141 0.2261705999054862 0.7471774005520484 0
2142 0.9343979566384386 0.6387390691237541 0
2143 0.919248055834704 0.6306807228171452 0
2144 0.2867776831381017 0.1829492678031833 0
2145 0.2549721649579287 0.07780879624787124 0
2146 0.6072081128391333 0.4724880821682827 0
2147 0.7961967371842189 0.4004783357904167 0
2148 0.6914713170133113 0.03577292992520809 0
2149 0.07954710396411957 0.7971557752053924 0
2150 0.3730397518846224 0.2246791262737577 0
2151 0.7331762816162355 0.9348792278212238 0
2152 0.9797306102122124 0.7583301421188531 0
2153 0.9605312915945953 0.8087390182135381 0
2154 0.9716422648831704 0.8253208347103183 0
2155 0.5199337929436644 0.8373903942714299 0
2156 0.7351427561008823 0.1119193164462913 0
2157 0.7208194431382751 0.1236242228274901 0
2158 0.7031896699742555 0.1170448628049889 0
2159 0.9257939803360716 0.2871590894057716 0
2160 0.5689980602372766 0.8905533098206295 0
2161 0.4114180723621236 0.9842765512192524 0
2162 0.4266984420062669 0.9736585552308176 0
2163 0.09242637327294778 0.03640898111562274 0
2164 0.216067548806484 0.9249231781838964 0
2165 0.2286102074246251 0.9092706014799388 0
2166 0.1965186729326329 0.9264718187301462 0
2167 0.8532894655934451 0.6173993948044971 0
2168 0.9355156486972673 0.03774460340084806 0
2169 0.6573630049989296 0.5911839662582843 0
2170 0.7894439276992512 0.4399524345827481 0
2171 0.237135265760927 0.6700823899362082 0
2172 0.502262650242547 0.2972651825479578 0
2173 0.01552010053168174 0.3150138390360059 0
2174 0.7185321896237766 0.5307635290999974 0
2175 0.8841046160641408 0.3666179311482388 0
2176 0.9325761844828029 0.5538270255074798 0
2177 0.9172852206653153 0.5693425740416449 0
2178 0.01478593409749385 0.8355053642830236 0
2179 0.1951198327891971 0.551826477339018 0
2180 0.9090712383135438 0.6605249188802692 0
2181 0.1346044218230574 0.6847384223437307 0
2182 0.5623943174763091 0.3320611053310896 0
2183 0.2498436137520839 0.4619079013303006 0
2184 0.2571171270090913 0.4394382266988304 0
2185 0.3948723391376681 0.3047801240634931 0
2186 0.6234886980181598 0.6117877046991476 0
2187 0.5564840160443684 0.9570520718335216 0
2188 0.9630154346332013 0.06787140962493798 0
2189 0.08142163330507018 0.1020120448822519 0
2190 0.4791591455876656 0.08212543876627021 0
2191 0.4926936958935514 0.8149317198845811 0
2192 0.09294208681475202 0.01904398320859862 0
2193 0.4805969641388395 0.2651245448773532 0
2194 0.4725343384331329 0.2852719212066814 0
2195 0.2449773659015031 0.4791365593161526 0
2196 0.7184846877730449 0.2875429225388968 0
2197 0.6692344242842048 0.7825183572448072 0
2198 0.9105304437858239 0.5008760752375615 0
2199 0.5361415913663796 0.5273091590426423 0
2200 0.5226079625186715 0.5419115844613973 0
2201 0.7490642824455395 0.5539425435062014 0
2202 0.170443944878724 0.9908556350553671 0
2203 0.9528330727450161 0.2704648319974609 0
2204 0.7491071102970703 0.4434813377898605 0
2205 0.2705591995071768 0.1946028415476358 0
2206 0.01507996496566805 0.8189700031233169 0
2207 0.6433579990418662 0.6170922443313703 0
2208 0.9521589429341468 0.9270058093484048 0
2209 0.9434880734724042 0.9082585995452692 0
2210 0.9240006739180111 0.9029342235261493 0
2211 0.9370547866822796 0.8892465709816955 0
2212 0.9181251173913081 0.882097282092147 0
2213 0.9561623478630095 0.8938393025935409 0
2214 0.9505093914980525 0.8746207935012051 0
2215 0.8746155761740595 0.747203162060414 0
2216 0.9079086650647495 0.9267116658046575 0
2217 0.8260516614861797 0.4215514608530921 0
2218 0.8420972026448919 0.4324785223297858 0
2219 0.2563025843097228 0.730403258615661 0
2220 0.08807213214710796 0.5838594440343592 0
2221 0.04572516168482577 0.8389504878570319 0
2222 0.1102419836321182 0.5828594366677758 0
2223 0.04738495383794011 0.8740822866429516 0
2224 0.1480213381306796 0.02268791092014827 0
2225 0.4489808162321052 0.3058623762978402 0
2226 0.9852376923656576 0.2146975943282015 0
2227 0.8276835111994618 0.2772032336902266 0
2228 0.7730286484567879 0.02505857247299098 0
2229 0.6550981931070075 0.5610384190111242 0
2230 0.7700615833485545 0.1279837437200551 0
2231 0.8739415691342212 0.9032470859548453 0
2232 0.113958909178061 0.6029522870032014 0
2233 0.3581856181871322 0.5024071995377022 0
2234 0.3244423789815717 0.3397976167995563 0
2235 0.3230112268934021 0.3598060277661365 0
2236 0.3221252696593382 0.3173972350079551 0
2237 0.2683919751387807 0.8378124337278173 0
2238 0.2274138856294269 0.4870082380451839 0
2239 0.448185487704839 0.5419026264728738 0
2240 0.9148867617183198 0.6087358172683557 0
2241 0.5290830552967529 0.7680776505947348 0
2242 0.7779798613486208 0.2056416004981216 0
2243 0.3896110253771226 0.1904155923605153 0
2244 0.1740940618793234 0.2000357235601606 0
2245 0.9837965928133359 0.5498820316560541 0
2246 0.6028913179276285 0.09988135736572779 0
2247 0.603094450611644 0.1203632284286033 0
2248 0.6202765920404637 0.1292163531580455 0
2249 0.6044326660588553 0.1417086492813494 0
2250 0.5868941962237634 0.1304522134835343 0
2251 0.5831557122659472 0.1489061107707998 0
2252 0.05142064765083443 0.9581579442024211 0
2253 0.2168967917744953 0.567621764209715 0
2254 0.7126882917355902 0.8628076565306939 0
2255 0.6962135357673416 0.8740460440378313 0
2256 0.8784526783504626 0.9853007229981658 0
2257 0.03189134087102985 0.7336421292647244 0
2258 0.8376988916792882 0.7918872279732592 0
2259 0.8309562181146535 0.809627004687407 0
2260 0.8441967866369198 0.824793878170019 0
2261 0.8243878859124789 0.8276159535674407 0
2262 0.3688775746313205 0.9219291723971876 0
2263 0.3809235438858239 0.9079262947695083 0
2264 0.4900600269842811 0.4837398038514993 0
2265 0.8687626714299564 0.3542168983162778 0
2266 0.09644171970772764 0.9781008558109503 0
2267 0.852613939016446 0.2372328095881242 0
2268 0.8345751575435371 0.244066604967586 0
2269 0.5288657065882989 0.1028839432196016 0
2270 0.672650332387596 0.1231026672443047 0
2271 0.6535199112762922 0.1303000852370079 0
2272 0.7916919565803424 0.4585300662001801 0
2273 0.5304323719227335 0.6725564030267345 0
2274 0.1314886894932845 0.5142913783302017 0
2275 0.3756668303703075 0.8536132216953081 0
2276 0.3870050538576664 0.8742873980136892 0
2277 0.3544707955414793 0.4845214180578891 0
2278 0.8919829281972197 0.5079134062966764 0
2279 0.6393897360248126 0.0402386268343925 0
2280 0.03600886209242826 0.9383567160519564 0
2281 0.8408532683476772 0.6068924628090189 0
2282 0.281883234221426 0.02776843206478141 0
2283 0.8986738096432183 0.3798592734474888 0
2284 0.03183104280955107 0.5904216522414325 0
2285 0.9218769272616139 0.318281608468632 0
2286 0.5217906700603381 0.3394241865223885 0
2287 0.5397081254320519 0.330434428185247 0
2288 0.5208758495902652 0.3214697160831885 0
2289 0.9612542018182287 0.778300268051203 0
2290 0.8924057101391754 0.755039336639814 0
2291 0.501087999956974 0.5172412523448398 0
2292 0.6425890111404778 0.3089838228033996 0
2293 0.6267415744542469 0.3219648708702962 0
2294 0.1437048466123188 0.8787409849320141 0
2295 0.9381357959523638 0.5979947362630972 0
2296 0.2094848938482852 0.54746835962576 0
2297 0.5663253928434371 0.9720517773946772 0
2298 0.4794870400783557 0.6702769256461623 0
2299 0.4642514829407556 0.6605087448128847 0
2300 0.4654595661899142 0.6809318518600952 0
2301 0.7739033322804503 0.7140806784642661 0
2302 0.7636540875330045 0.6965464112468933 0
2303 0.7441014376782771 0.6968143922412375 0
2304 0.7846000802544741 0.6965698666643779 0
2305 0.7535121311203524 0.6791948042557995 0
2306 0.7339353257323583 0.6791625729206358 0
2307 0.7246205221786047 0.6976990392284675 0
2308 0.7437147926045484 0.6617167535180172 0
2309 0.7139369851562631 0.6794175649514267 0
2310 0.7103483680880064 0.4731861157492514 0
2311 0.3972719242641777 0.1457163132345531 0
2312 0.4114980434662449 0.1587212222976375 0
2313 0.7346510176017882 0.7155328544570247 0
2314 0.2355746396974902 0.5750401514097845 0
2315 0.9859337132314663 0.3469777631000125 0
2316 0.5539411021870431 0.4771098958430949 0
2317 0.4464868309821475 0.6731929423210705 0
2318 0.2701707186720105 0.1132958499645478 0
2319 0.606219715490825 0.3809644429868453 0
2320 0.2437479324757237 0.09552857508193008 0
2321 0.1046934453960461 0.0487832849811029 0
2322 0.7904653861608494 0.2753119693821693 0
2323 0.2750967278490653 0.8564363766577573 0
2324 0.2570978260288886 0.8676956592755722 0
2325 0.2582805705395988 0.8856053269421179 0
2326 0.8107363851627514 0.2387705553337506 0
2327 0.1453768976499038 0.1519207715724447 0
2328 0.4281620408000765 0.376093777402356 0
2329 0.8077657726602501 0.5411906407343332 0
2330 0.9609858385022821 0.5223039900644841 0
2331 0.7037149860277743 0.7001322758783084 0
2332 0.6926901314928736 0.6807449746858741 0
2333 0.6832029404570168 0.698607221002459 0
2334 0.7983860270948481 0.5800676618109533 0
2335 0.4598430764854636 0.6411601533260529 0
2336 0.8438999228635469 0.4548146701370297 0
2337 0.1023909704371849 0.6971128244541825 0
2338 0.155253799377494 0.6914767704131082 0
2339 0.8099428773904509 0.5958746844904669 0
2340 0.6165288855510458 0.6284712748441086 0
2341 0.5978143762113214 0.6345690394916191 0
2342 0.6775138953100527 0.8699135115680423 0
2343 0.666241930700944 0.884775872331381 0
2344 0.6455425196652707 0.8864235577460431 0
2345 0.4087454516807024 0.3494889141399737 0
2346 0.9647284898296448 0.500981679390335 0
2347 0.2740106650776343 0.7990803112958351 0
2348 0.6143344433171259 0.02412535597244403 0
2349 0.5607074030290423 0.1921255402726798 0
2350 0.3423862639410982 0.3082468623273091 0
2351 0.412525912322588 0.2944274603689437 0
2352 0.3914976911625586 0.0138291330380681 0
2353 0.03457336119415355 0.9029111961588664 0
2354 0.7585649718314698 0.03927688909509575 0
2355 0.6282829443159008 0.342820276563702 0
2356 0.04906444813133426 0.6998248729848749 0
2357 0.2250665477071997 0.5905993927919581 0
2358 0.04283353915841409 0.6787505139914427 0
2359 0.9659665945758262 0.9145832957338407 0
2360 0.5212174381919877 0.5760847909554611 0
2361 0.2946054681163245 0.4311753859247022 0
2362 0.1337669870182007 0.07100862819647114 0
2363 0.4016927881335342 0.7880971216919379 0
2364 0.3645528460498181 0.7877223696855711 0
2365 0.2780256760060593 0.4422241449286584 0
2366 0.2754333481090622 0.4207243161399041 0
2367 0.1826641720878016 0.1817829652042649 0
2368 0.7239498451635622 0.6623820272509791 0
2369 0.1636202827629134 0.7207708742890486 0
2370 0.3562621371350329 0.8897460483702329 0
2371 0.950819350516336 0.7140662056411717 0
2372 0.1655772166684186 0.949794362499585 0
2373 0.5923933389254301 0.3726376322690191 0
2374 0.5826629622711711 0.5048281076230611 0
2375 0.6022246850328261 0.5025293052904812 0
2376 0.3867171744100744 0.9608320788779959 0
2377 0.3660203047729952 0.9573775310868409 0
2378 0.8326578706294723 0.04259485054499373 0
2379 0.8153602267614097 0.03338623678723607 0
2380 0.1159339248719009 0.5023033606679357 0
2381 0.7268798704567161 0.5554520333150058 0
2382 0.8116920504006814 0.8132476188245821 0
2383 0.2241231024541189 0.7848077371925857 0
2384 0.2299993131344953 0.8044375466444679 0
2385 0.2489932471579936 0.9142196880785513 0
2386 0.03223841622661427 0.1166266271794598 0
2387 0.6283980540384276 0.9000455379634842 0
2388 0.2013810843969812 0.5224730491994801 0
2389 0.1971638405186681 0.5002623794040808 0
2390 0.1788367754569039 0.4950130153380651 0
2391 0.8442165784118609 0.941738470430455 0
2392 0.8384586466910782 0.9238035940329722 0
2393 0.8182713021921965 0.9251393717961328 0
2394 0.8388595615782317 0.9052102871032132 0
2395 0.2575462807803082 0.9317725303990794 0
2396 0.7256090416166443 0.3651240974595226 0
2397 0.2558861356396126 0.4186045857046597 0
2398 0.2443987105953053 0.4037116064860497 0
2399 0.5395353780167216 0.8570430167234286 0
2400 0.290950286050293 0.1237587016240413 0
2401 0.1330839587756826 0.604852544410357 0
2402 0.135717363775387 0.1717111069479857 0
2403 0.1663698149834432 0.5085963900565452 0
2404 0.7344808186326486 0.4271000687286931 0
2405 0.03677395146799362 0.5363156591529528 0
2406 0.05129643330300016 0.5232587385747371 0
2407 0.02009068823261462 0.5500441430272376 0
2408 0.2693945976056893 0.7152226573512542 0
2409 0.6606560764108707 0.06036682849125902 0
2410 0.5631082547571364 0.7614062677871725 0
2411 0.2025690695941187 0.05941150209126067 0
2412 0.252672283268202 0.2025859016240817 0
2413 0.9447839291554809 0.6880329220442614 0
2414 0.8783618818094878 0.5154506412648183 0
2415 0.1832988550418226 0.8442209824737674 0
2416 0.2674413273140614 0.06054048116958455 0
2417 0.8382716134281436 0.7189734225783664 0
2418 0.09875821876633362 0.2696903953908363 0
2419 0.07903354982112937 0.2778275831409809 0
2420 0.8692481055787826 0.9713692946109205 0
2421 0.3901124944306682 0.02879492297336705 0
2422 0.8897327730442166 0.2480197186067539 0
2423 0.6780267002983571 0.3999414575685339 0
2424 0.8511378235710212 0.05011358671678401 0
2425 0.378301298852576 0.2925587183322342 0
2426 0.8354829295843996 0.5047131381880682 0
2427 0.8529127425838959 0.4920312794623055 0
2428 0.8491219426249275 0.7060178135756082 0
2429 0.8315808602636555 0.7021333018474563 0
2430 0.8232238563706049 0.6829695033108475 0
2431 0.802651126487989 0.6877954901895785 0
2432 0.7884719095606757 0.6760774307482735 0
2433 0.9705524403723274 0.8787605463862345 0
2434 0.5380198110036076 0.1210759566264434 0
2435 0.1199830194647615 0.6189724045946376 0
2436 0.2040481729973821 0.7890360451985229 0
2437 0.1161399692203283 0.2096418656485161 0
2438 0.1016323738659908 0.1917180335147596 0
2439 0.8048587084081144 0.8319750560869568 0
2440 0.7899762155926842 0.8149498087740958 0
2441 0.7848134977431537 0.8345062196555783 0
2442 0.7741458269392705 0.8229354735563157 0
2443 0.6560970058870688 0.7134741408760555 0
2444 0.6417791561725213 0.7275546973468849 0
2445 0.93863310490876 0.3002529334636747 0
2446 0.4544588688655843 0.4568444800934698 0
2447 0.5554217790790241 0.3607348095562768 0
2448 0.2927868765410659 0.566444246263186 0
2449 0.2775139656781747 0.5768964172779693 0
2450 0.1230095522795626 0.2449161341535494 0
2451 0.5587126078411254 0.551115574091536 0
2452 0.3701457173891218 0.8304551507311454 0
2453 0.08717433368909533 0.08343262900250725 0
2454 0.08191814885459497 0.8955553701494152 0
2455 0.810446194976472 0.2185460075427365 0
2456 0.5801963049088608 0.01560119866083937 0
2457 0.4011980347552844 0.1254201974101125 0
2458 0.5757359954204321 0.8214971689093226 0
2459 0.1371067434688 0.1073247938837831 0
2460 0.9338716784339891 0.1830607148699526 0
2461 0.9311455507402241 0.163537006296155 0
2462 0.9129366146010811 0.1565215985880679 0
2463 0.881292727632783 0.08362590224106892 0
2464 0.7997261064032638 0.3789997365240221 0
2465 0.7790339606790526 0.3701071597394022 0
2466 0.9629888486782983 0.481160718962193 0
2467 0.9799718907034436 0.4664047881323455 0
2468 0.9703401975861832 0.4462079933397933 0
2469 0.4590471576881981 0.623465741965477 0
2470 0.4727529149268466 0.6092326814002706 0
2471 0.4649069311118286 0.5275511832485763 0
2472 0.9274887399190246 0.1429899433992103 0
2473 0.9464046873634243 0.150821724991285 0
2474 0.9433096779159658 0.1312679578621955 0
2475 0.9620421728482538 0.1382737738447935 0
2476 0.9587432323426197 0.118547802448362 0
2477 0.9494756623307804 0.170901220860703 0
2478 0.968765735594415 0.1788612750348313 0
2479 0.3958312812411858 0.3636139472505565 0
2480 0.5314578969506945 0.6939964610236558 0
2481 0.5482655847380602 0.6828371272182805 0
2482 0.07100455492258501 0.5275256850053178 0
2483 0.4240401814692817 0.8767435236124177 0
2484 0.3369221852523224 0.3998226129567334 0
2485 0.3508454601858593 0.4134514534144343 0
2486 0.9627971691493276 0.8584424632412495 0
2487 0.9432050260862799 0.85766904458088 0
2488 0.9548999558849094 0.8401033878367217 0
2489 0.930789234539503 0.4927145799576379 0
2490 0.7944920755976657 0.304333071638839 0
2491 0.9523573156437171 0.544992130026974 0
2492 0.1712727602153021 0.8600318864507972 0
2493 0.6604715053286374 0.4098381509700362 0
2494 0.6400933639872662 0.4016272172683772 0
2495 0.1563265113626543 0.6367199951373499 0
2496 0.1689810941663972 0.6182339219709281 0
2497 0.1909659986327957 0.6261460286674652 0
2498 0.8523653725601872 0.06894760796232519 0
2499 0.5564804127285812 0.9438286234937854 0
2500 0.5361798000904882 0.9599797796746786 0
2501 0.9345010825767315 0.02410954537294602 0
2502 0.5568163961549603 0.1216806248578606 0
2503 0.3198492747978331 0.07787312566507082 0
2504 0.09370743817668981 0.6029565081604011 0
2505 0.4620433998257646 0.9132250474640609 0
2506 0.4688647266376432 0.932441254578334 0
2507 0.457796821572097 0.9483301307909309 0
2508 0.4777523537288866 0.9496770458046686 0
2509 0.4897963597010269 0.9319256330425502 0
2510 0.4978345739557234 0.9502633092796976 0
2511 0.5167884934156626 0.9529330862642915 0
2512 0.5190339698117912 0.971271741826367 0
2513 0.4870101135301824 0.9673279174770179 0
2514 0.8408493628991671 0.3309357769420733 0
2515 0.9067598263370784 0.1359761355766052 0
2516 0.8823779046685173 0.1428699143142904 0
2517 0.8703925332003077 0.1254437295588329 0
2518 0.3685184488803608 0.9848847113531074 0
2519 0.7375873979847345 0.2912891437860248 0
2520 0.4379034460849304 0.9459235191051203 0
2521 0.4456261249847726 0.9652569163341415 0
2522 0.847691631097462 0.3508518827298257 0
2523 0.9396472374355016 0.8072673811851383 0
2524 0.5257834594656025 0.2289198784100477 0
2525 0.542341847953236 0.234641488572305 0
2526 0.5417659585330221 0.2173182718280601 0
2527 0.3683716652516851 0.100769116575694 0
2528 0.7394049611761664 0.1911019393044544 0
2529 0.3590789374900874 0.3205045620242727 0
2530 0.5628109711377316 0.1571291429365894 0
2531 0.7159697959742377 0.3346323155157531 0
2532 0.5470123975102417 0.774113684545239 0
2533 0.5886780133406635 0.8058082540531049 0
2534 0.2370283284085591 0.8600467725415725 0
2535 0.8848163777709409 0.8202014360613924 0
2536 0.338987831961476 0.3698046902585607 0
2537 0.7559389061622204 0.346623831133077 0
2538 0.517253321753775 0.1941128254985696 0
2539 0.5006861134977587 0.738057098343921 0
2540 0.5005655667156732 0.7583209015489958 0
2541 0.4849249674392457 0.7692709046487841 0
2542 0.7630841356965953 0.3820875031498386 0
2543 0.7297621104888206 0.2083215862352303 0
2544 0.4004049814791985 0.9097915062633186 0
2545 0.6372415990600885 0.120364800540754 0
2546 0.6370476501244284 0.1382820345995557 0
2547 0.903810574937213 0.8685844387386976 0
2548 0.4627076678423025 0.7011657593699052 0
2549 0.1152591966416211 0.6804412631598653 0
2550 0.6992659991359962 0.1917740774594916 0
2551 0.5496109569354309 0.7026735925533489 0
2552 0.5644031650411809 0.6715041778757449 0
2553 0.4081851702834882 0.9637299213046533 0
2554 0.2922728782573261 0.357179736331196 0
2555 0.05229169149468593 0.6465250118540795 0
2556 0.03069195739607838 0.645284610554068 0
2557 0.2679890372428135 0.2381803835823558 0
2558 0.2726347209451151 0.2153253344442996 0
2559 0.2443971861522927 0.2633341718727846 0
2560 0.4478234347924316 0.7551194976878338 0
2561 0.8284425100144568 0.4011773002153696 0
2562 0.07073011493710224 0.6514455005995411 0
2563 0.2449564793397951 0.3354111243564976 0
2564 0.2304267334812503 0.321666615358137 0
2565 0.2350837185736857 0.302222287026477 0
2566 0.2159093275737866 0.3079098910956327 0
2567 0.2112499205164136 0.3273564395256497 0
2568 0.1967346923535975 0.3135976805415607 0
2569 0.1775597932430336 0.3192858683186849 0
2570 0.182221369991691 0.2998367922944203 0
2571 0.1728980680679481 0.338735120482632 0
2572 0.1583853650370507 0.3249735712781637 0
2573 0.2205697699905502 0.2884618451679077 0
2574 0.4145136876970903 0.7544846628047051 0
2575 0.6792832933082923 0.1923111404603763 0
2576 0.6041425116641993 0.7278589164232707 0
2577 0.6061202626384904 0.7470466738983306 0
2578 0.6221778264821409 0.7361105011288165 0
2579 0.3024561915551568 0.3183719729786836 0
2580 0.03889502892079227 0.6103440937807345 0
2581 0.4251796375964642 0.6645277332513827 0
2582 0.1356081825955563 0.8985849261305021 0
2583 0.6306534077601343 0.2454783646315377 0
2584 0.631078279007967 0.2796142235451134 0
2585 0.1779070741292815 0.9334004875555579 0
2586 0.4132253483729663 0.7355024314179571 0
2587 0.6297748161828982 0.2109744617870035 0
2588 0.2160514221302473 0.3799024117474748 0
2589 0.2861466889025439 0.6973007934284207 0
2590 0.3224572733967127 0.694075117582946 0
2591 0.3387636748773897 0.6824949042926187 0
2592 0.6374218583256579 0.7053765183554572 0
2593 0.1267747079483918 0.9503798154557377 0
2594 0.1394556872264648 0.9673807782963277 0
2595 0.3058254023026866 0.7059175882187844 0
2596 0.3267129731006804 0.2944033947934003 0
2597 0.3406392102951704 0.7024068220861034 0
2598 0.6138586465674575 0.6579026170043403 0
2599 0.6202461878734996 0.2285397748920268 0
2600 0.8010742563749662 0.8926330893962062 0
2601 0.8019403729640375 0.9127091913498726 0
2602 0.640229384184938 0.2279889792230756 0
2603 0.4080757378321398 0.6760469138446077 0
2604 0.1972341671536944 0.3856987758079723 0
2605 0.3951734045671689 0.7273594720790159 0
2606 0.6710437251271939 0.6821715414252192 0
2607 0.1589131314238098 0.3970827114463877 0
2608 0.1734257640557743 0.4108443935615582 0
2609 0.3569455251508741 0.6908268303235139 0
2610 0.9520144323575064 0.3902376691035333 0
2611 0.9133123014036315 0.6792495824764102 0
2612 0.05216237308107852 0.3220626177517366 0
2613 0.05504796241055288 0.3014679416903296 0
2614 0.746143715755231 0.86300096476925 0
2615 0.07236502738966005 0.3866219348994138 0
2616 0.05327679669612978 0.3923300528711102 0
2617 0.03600941532460783 0.3773239075690338 0
2618 0.06771775182392714 0.4060745194709254 0
2619 0.04863191091907415 0.4117832102444491 0
2620 0.04474256391790721 0.4314174568170458 0
2621 0.03163252664030364 0.4193834501407541 0
2622 0.7010621048816101 0.2622806668883288 0
2623 0.6811660003555191 0.2615492597910783 0
2624 0.2874782025990251 0.2322797848857223 0
2625 0.6474555744483571 0.9484520117536455 0
2626 0.6651205700497005 0.9578161848506455 0
2627 0.6295031885489325 0.961789700435401 0
2628 0.121092394470438 0.4805668320433347 0
2629 0.1065750495423448 0.4668064681940762 0
2630 0.6975989590882503 0.8955343682388046 0
2631 0.04833600893496459 0.4848468796476722 0
2632 0.03459497847204801 0.4671987285153064 0
2633 0.03953621420458897 0.4502250213874356 0
2634 0.5025264274216951 0.5498959639875658 0
2635 0.2011458177705216 0.2230335185681268 0
2636 0.2055011703041608 0.2021983398917614 0
2637 0.2246818197241938 0.1972714386125942 0
2638 0.3119244292547545 0.279842635120573 0
2639 0.1257486870112522 0.4611025958034671 0
2640 0.879102405522151 0.4458176378318838 0
2641 0.1060519404140877 0.3946960862688934 0
2642 0.3788981247980208 0.7389502339448538 0
2643 0.3801806497744963 0.5681068179700537 0
2644 0.6298598843819487 0.4353247685235977 0
2645 0.6121333285738253 0.4429432647241482 0
2646 0.1107135559195817 0.3752469362597127 0
2647 0.6288034243346718 0.4736830017688793 0
2648 0.314955046811345 0.6144276635625474 0
2649 0.2967749356144682 0.6060986117736156 0
2650 0.4369201610954538 0.6131399228514487 0
2651 0.1687588540526583 0.4302756881256695 0
2652 0.1616881219265643 0.2345598513465605 0
2653 0.2787263509032926 0.597608046805248 0
2654 0.259779822544605 0.586111988835609 0
2655 0.7646303940783461 0.5927737741942324 0
2656 0.571006320724271 0.351277897048484 0
2657 0.5621528623933628 0.2994421746099516 0
2658 0.09153929113644654 0.3809344365476973 0
2659 0.3133797399710206 0.7676516664325389 0
2660 0.3368881179541279 0.662583041495695 0
2661 0.3550700254767344 0.6709148211222157 0
2662 0.7462077501032379 0.5849958932584313 0
2663 0.3820987145466397 0.5880785377647889 0
2664 0.3657568905211316 0.599608868529115 0
2665 0.383940027623723 0.6079421860363999 0
2666 0.6808738688386026 0.6098243790940414 0
2667 0.6767744486855226 0.589286122686304 0
2668 0.7305248937036206 0.5954498690221823 0
2669 0.7140333798635452 0.8848988076996478 0
2670 0.7715042469927217 0.2763488089987394 0
2671 0.7614026153038211 0.2946935793291191 0
2672 0.3676279190035335 0.6195143631423418 0
2673 0.3275660823706731 0.563138990953851 0
2674 0.3267260160975504 0.5421388954329969 0
2675 0.3396118144720403 0.5305733692049932 0
2676 0.6867445255382398 0.4989794374097797 0
2677 0.6829790873028613 0.4591570633608165 0
2678 0.4821824745513544 0.3016186553470011 0
2679 0.6012010245520845 0.2637170090389472 0
2680 0.1392110555611019 0.330661131439982 0
2681 0.3397374353706925 0.235491209067918 0
2682 0.7518716267764549 0.6449851965000604 0
2683 0.4315663322576684 0.5540261656696418 0
2684 0.4149516257634451 0.5653361980489184 0
2685 0.2843992781069767 0.6573142637055218 0
2686 0.3445173627338847 0.1437328045534927 0
2687 0.3470852069476141 0.1250757231808225 0
2688 0.6359551037489719 0.5138264786743492 0
2689 0.406039595102407 0.6561049468303595 0
2690 0.2123020965422933 0.4715784924879224 0
2691 0.6819364210130976 0.9473232415729766 0
2692 0.7007698534895156 0.9551866639793662 0
2693 0.6850152502241053 0.9684259396684295 0
2694 0.6661394895168369 0.9776108261331903 0
2695 0.8745352278911116 0.6426196119158408 0
2696 0.3280839448829647 0.7538107041423656 0
2697 0.262264216152439 0.6088648382830583 0
2698 0.6210133708654222 0.2629372024932556 0
2699 0.3489081546134878 0.1959000255414799 0
2700 0.9315597556451292 0.4390024499111827 0
2701 0.09095095561807298 0.3091551690246154 0
2702 0.1112396902793844 0.4473537334467741 0
2703 0.09620090544706889 0.3614852887648873 0
2704 0.7501798367754561 0.9245191519997416 0
2705 0.7677291465575855 0.9140099572742695 0
2706 0.1542506212425276 0.4165289095153205 0
2707 0.05845339388847748 0.4449558868286484 0
2708 0.9509322285901687 0.4429392960052918 0
2709 0.2679114015364146 0.6690801604920079 0
2710 0.0445266509451282 0.3584604550267401 0
2711 0.1879223283517627 0.4245853868881853 0
2712 0.1925431329579016 0.4051441295578792 0
2713 0.7101866998354854 0.04628009674041211 0
2714 0.6998869191849842 0.09677711005286871 0
2715 0.2542576326728124 0.2965351944767854 0
2716 0.1537237230011019 0.3444227499627917 0
2717 0.2635428494895138 0.2576442055579156 0
2718 0.7293187783824902 0.05315538792878555 0
2719 0.1676735362857542 0.2860733255123293 0
2720 0.2397429936790054 0.282775549290149 0
2721 0.1438595407743734 0.3112110583092985 0
2722 0.225229169935648 0.2690144811395089 0
2723 0.1868685880263636 0.2803875142915577 0
2724 0.2013931713612991 0.29414901664666 0
2725 0.1630258481501227 0.3055229868739862 0
2726 0.7097442607208974 0.208810350073736 0
2727 0.6897484812536326 0.2093456872416662 0
2728 0.7515268497252949 0.1007527863165236 0
2729 0.740059721487323 0.2254165284777085 0
2730 0.9665636792544274 0.3758729636254607 0
2731 0.7488138281969072 0.2089289984727858 0
2732 0.01930887124863462 0.9462883312469865 0
2733 0.8004082147274896 0.0662241399811575 0
2734 0.7984837937805799 0.04662775514061374 0
2735 0.2465263101316205 0.811675669132774 0
2736 0.5208790482288931 0.3020731495645603 0
2737 0.2253820172970165 0.0946513683052676 0
2738 0.8188132785807609 0.902052078614258 0
2739 0.8392212642077543 0.2915892757772499 0
2740 0.984197753531467 0.4076306612972762 0
2741 0.01637249518067552 0.3694944130320958 0
2742 0.01696411463030911 0.5082845219292242 0
2743 0.03448456369082931 0.4981702559899618 0
2744 0.4273437904838675 0.2622052386309647 0
2745 0.4407671228920774 0.2727290894704884 0
2746 0.4691739478819095 0.5897955741707219 0
2747 0.4325002949611274 0.8085312395303423 0
2748 0.6520683689860407 0.5418770802680202 0
2749 0.3608464841559464 0.3003494586670641 0
2750 0.788585740906094 0.3377431237134118 0
2751 0.3581246477763765 0.537490425863986 0
2752 0.2147221272873586 0.895627668503055 0
2753 0.5821565960469868 0.6798628272891146 0
2754 0.6182913052799637 0.9824960278692503 0
2755 0.6581905348646332 0.01655968738738989 0
2756 0.6972961326682736 0.01665652032112369 0
2757 0.7151011094175663 0.4370223819030109 0
2758 0.4683429692943131 0.7613492072025515 0
2759 0.2585698480314954 0.9674811989649543 0
2760 0.4121943883832194 0.3825118085744794 0
2761 0.4238345369723379 0.7905990962325768 0
2762 0.513999620590093 0.8212749543543153 0
2763 0.468173871586141 0.8950001559766665 0
2764 0.02881068852774926 0.5694687130757632 0
2765 0.4449499736446256 0.6928436934199758 0
2766 0.0190064588535549 0.8553235017262042 0
2767 0.01636878789961338 0.8936535860417614 0
2768 0.1180274434225249 0.2640528193142298 0
2769 0.8600422852600994 0.440744553409357 0
2770 0.7455710874884818 0.8100155878270271 0
2771 0.7444640930133235 0.8291827131295435 0
2772 0.2168358636300198 0.1090284695050925 0
2773 0.8319601550651663 0.1463313698356457 0
2774 0.9605413213529008 0.7245231369043179 0
2775 0.9714932220407442 0.01566367256813855 0
2776 0.3677377264713119 0.191814369286775 0
2777 0.5695489591124376 0.174173350805143 0
2778 0.1707393549136834 0.0826772893158717 0
2779 0.1882840288683483 0.09145203511942257 0
2780 0.02547442012255408 0.6250217522152679 0
2781 0.06885262605907494 0.7062965929348568 0
2782 0.6266826772680862 0.8018774119548739 0
2783 0.6295728323013772 0.7841017518361413 0
2784 0.9834287171426452 0.9422247558518632 0
2785 0.03396985940971142 0.3990493273429775 0
2786 0.580815588727627 0.6614753934332147 0
2787 0.7700727497397267 0.1088524764446202 0
2788 0.01716019822619086 0.07943869602661668 0
2789 0.9810858963822296 0.1402600671120734 0
2790 0.9828960281571767 0.06296921199007732 0
2791 0.962635254167248 0.08737914113391421 0
2792 0.9729520837820794 0.1058420739315185 0
2793 0.1243958806650742 0.6979278241097755 0
2794 0.9688827633888699 0.2029750892438324 0
2795 0.3066373830820276 0.3701418851672473 0
2796 0.7559226411156943 0.5372135349396332 0
2797 0.6141064062970482 0.4905293841991118 0
2798 0.1580576615117239 0.9658472854214917 0
2799 0.1128168249696862 0.8771556927230221 0
2800 0.9172502412219152 0.3727763943101521 0
2801 0.5521849617829131 0.3151733284844017 0
2802 0.4083472768738289 0.1796829112721378 0
2803 0.4268585957154515 0.1715929552929834 0
2804 0.6064869094304887 0.9670998474023267 0
2805 0.5799767743539739 0.1944221013815123 0
2806 0.3767360480075385 0.01936580174943059 0
2807 0.009697872973087884 0.1597852873044297 0
2808 0.7062918226186743 0.1374434508543025 0
2809 0.3085885650266351 0.551945255483454 0
2810 0.3301667479867516 0.06578734797459285 0
2811 0.4881095329517348 0.2337550293323894 0
2812 0.04240401492322293 0.8100390055341127 0
2813 0.2220170798363136 0.5212824657477022 0
2814 0.3528349119507301 0.08843525271370578 0
2815 0.9715225995526469 0.7699117231714403 0
2816 0.7822866444981387 0.3199044149547012 0
2817 0.4343447241953106 0.1880118151132682 0
2818 0.9645480721652899 0.1581418044782059 0
2819 0.6024855764942819 0.8844060468606821 0
2820 0.128626142385732 0.2256808730672052 0
2821 0.3509193631208813 0.9265031387416884 0
2822 0.3453057656018589 0.9610362140044943 0
2823 0.8995793260722128 0.1693267766151988 0
2824 0.8662455111803186 0.1560251374323856 0
2825 0.7819564612241218 0.7962836509004355 0
2826 0.819113200683888 0.7950139239143361 0
2827 0.9214529220431396 0.5858775999332245 0
2828 0.637619734186277 0.1570856025384265 0
2829 0.9836317831153969 0.5080799281197486 0
2830 0.1306569400676532 0.03123356232931418 0
2831 0.7068110769299716 0.5472158537369891 0
2832 0.6571807222729327 0.04412801088686047 0
2833 0.9636105576322394 0.428377818945326 0
2834 0.06267261034345017 0.8067706108160055 0
2835 0.2519380517308034 0.9853789821718317 0
2836 0.08197079205488045 0.7210040375319393 0
2837 0.6235014362637907 0.7552349913081621 0
2838 0.8531942391463567 0.3142078623363581 0
2839 0.5685669373605056 0.1360624961576624 0
2840 0.2062973713697376 0.6076156256234821 0
2841 0.0992955693702034 0.8764722705615716 0
2842 0.8694096096316761 0.0561593957830856 0
2843 0.6493303198651071 0.9686218158986377 0
2844 0.1946268535988462 0.6460928061945475 0
2845 0.3824338564109961 0.1326462670992297 0
2846 0.3918550119772699 0.8926307368828865 0
2847 0.3737167912034756 0.8904319150942775 0
2848 0.9899489268000093 0.817132036436776 0
2849 0.7812952811837265 0.2916156254529391 0
2850 0.7522880807370327 0.1194649117008233 0
2851 0.9631079686301891 0.03293390619141523 0
2852 0.5973203306017764 0.1614525362509086 0
2853 0.1952910859922318 0.9433017988605494 0
2854 0.0962535981157 0.5051996818629804 0
2855 0.2445412350607246 0.7491390711682775 0
2856 0.3302535521872373 0.1307663250992707 0
2857 0.9414106542578362 0.6719098691769092 0
2858 0.372769098123338 0.4335683949102931 0
2859 0.3911197808103885 0.4400004875868577 0
2860 0.01534926100515505 0.595098174995229 0
2861 0.4670744550225012 0.9654377313463184 0
2862 0.00878614454513682 0.2502941428849834 0
2863 0.2648182129041289 0.6976441491408478 0
2864 0.4180965714853681 0.8585509554794296 0
2865 0.6324398745327778 0.5337353001524788 0
2866 0.01690673048593816 0.4713556566890628 0
2867 0.7789711038744829 0.2229863659564382 0
2868 0.5335039487808362 0.4346125661221982 0
2869 0.7146128789748485 0.9835530872366809 0
2870 0.7160991883203272 0.9447416262658934 0
2871 0.09058358223727969 0.1784106462525472 0
2872 0.8515742925689356 0.8421938870307389 0
2873 0.4380421262539222 0.859958320590428 0
2874 0.8845263471235496 0.7785963660867415 0
2875 0.8192292861899355 0.2583529908006239 0
2876 0.1326769360139916 0.9841689157618239 0
2877 0.8596613306003934 0.3353837700192753 0
2878 0.07610425081705374 0.2968695271621922 0
2879 0.6129630138187436 0.7903974587238095 0
2880 0.5846819076876372 0.8889358316622094 0
2881 0.7089853999869237 0.4918941420411798 0
2882 0.970939069950587 0.7328014363526651 0
2883 0.2339062623397556 0.6518992451228085 0
2884 0.8902768985525662 0.6320139752408432 0
2885 0.35682705745493 0.8435731755710614 0
2886 0.3684128808264022 0.8724037290525116 0
2887 0.2929928995833112 0.7949701066162655 0
2888 0.3772321418001542 0.2534706133407592 0
2889 0.7750899408808919 0.351227865125065 0
2890 0.06108081867433113 0.8358552117995738 0
2891 0.4982161827465409 0.006203846994443207 0
2892 0.116447569374434 0.9684627061809458 0
2893 0.8092342609041658 0.01741082910372005 0
2894 0.2015130953002818 0.6618042397960707 0
2895 0.4170790869583895 0.4335807195414119 0
2896 0.9845295783648496 0.9100031608888366 0
2897 0.07880524380787368 0.51013499134773 0
2898 0.6469291347983179 0.6346583842934002 0
2899 0.8829696489802135 0.7035844850347129 0
2900 0.8993501647491482 0.3984461904629086 0
2901 0.01509029256195399 0.1211560302885481 0
2902 0.03508624048317499 0.07058196514980952 0
2903 0.01690854264647457 0.149011098761862 0
2904 0.2484333686041951 0.01494628087866379 0
2905 0.822184525078092 0.1127068795170915 0
2906 0.9201087790274717 0.2598248852065583 0
2907 0.1505146957876096 0.61907826828415 0
2908 0.006457686859751954 0.7367738107927091 0
2909 0.2614823595007639 0.4792314225892242 0
2910 0.433418237243028 0.291214671225238 0
2911 0.3330489552233981 0.09346399934157545 0
2912 0.9357798393899339 0.365642533086121 0
2913 0.9840501087943347 0.02716074697945448 0
2914 0.3638728577409848 0.2811516020497344 0
2915 0.4950029616377511 0.2490610336820913 0
2916 0.4916065034368849 0.502304738058186 0
2917 0.6667353554209766 0.1427595221181259 0
2918 0.727898489461727 0.140804802524881 0
2919 0.08733698231384268 0.9496382585574099 0
2920 0.1668320455020601 0.7063662565123543 0
2921 0.2995233684072717 0.1667344608048993 0
2922 0.4716371207069013 0.1687183921915502 0
2923 0.7674967187169943 0.4387315813453592 0
2924 0.8440869781711416 0.2703799730143069 0
2925 0.3497851217168953 0.1066429104859258 0
2926 0.5610929474684805 0.4960971222088915 0
2927 0.01296087484662117 0.05044782472751619 0
2928 0.8857089113028344 0.7997374238045676 0
2929 0.016293664140619 0.4303101133377973 0
2930 0.9065338203083678 0.8984804388469514 0
2931 0.4176744261819073 0.7722862435622877 0
2932 0.03448827607350613 0.5164925840001841 0
2933 0.5214999012202852 0.0810473960707751 0
2934 0.2616933845425022 0.09475268536816128 0
2935 0.4804072356289864 0.9847958255788574 0
2936 0.5419650586913517 0.4947744119582825 0
2937 0.517424217032864 0.5590036162218709 0
2938 0.9350915188642888 0.9945842704587742 0
2939 0.2622444030297539 0.5659641021694174 0
2940 0.8633481132189077 0.6940978431189265 0
2941 0.9519793176512483 0.9957508972264837 0
2942 0.7593233277903044 0.4560441389445957 0
2943 0.2445221043022489 0.8966794323478069 0
2944 0.4442318109117371 0.5224479054838677 0
2945 0.4177905838914007 0.5284226598105927 0
2946 0.9637236414895468 0.2800496749901315 0
2947 0.1480776542015633 0.2213747330019908 0
2948 0.282322725624964 0.8428738448880765 0
2949 0.1659922257326104 0.8395966029027447 0
2950 0.4556860117771906 0.3898622459353105 0
2951 0.2302629196308817 0.3928640240155006 0
2952 0.1543105197094514 0.8655989318548845 0
2953 0.8413044090018681 0.1198873989876506 0
2954 0.8010338636516239 0.934038512011477 0
2955 0.1916105523953492 0.7752238784646117 0
2956 0.6131772334033561 0.9112816936860683 0
2957 0.9427175523504753 0.1123507534057177 0
2958 0.5059494480879256 0.3325019823616928 0
2959 0.5404285257131596 0.7539450104443122 0
2960 0.3470809845410551 0.009540759315851077 0
2961 0.4418134611243619 0.3843653657389421 0
2962 0.1186108862121054 0.05997549509117278 0
2963 0.4985604232818418 0.07794008361727767 0
2964 0.9905752845567637 0.7532374681971683 0
2965 0.577031302832234 0.6308414856522901 0
2966 0.6667962899563182 0.2788845985969013 0
2967 0.1339352130460151 0.01369903312557086 0
2968 0.4401620062534645 0.9852583897960253 0
2969 0.1091511544856322 0.02933200024815036 0
2970 0.8224718842946503 0.7166582146077959 0
2971 0.4783261419370473 0.319769510205831 0
2972 0.2171036509722167 0.5019470123953992 0
2973 0.3068008745846517 0.1377968436475804 0
2974 0.7164892250836756 0.7157744799958523 0
2975 0.9873750826960794 0.1775139572660091 0
2976 0.8778540933903414 0.3335502218258556 0
2977 0.8407138172734491 0.2283791429004384 0
2978 0.4597880398085831 0.2715526939064895 0
2979 0.5588574578602692 0.2282079355202436 0
2980 0.0689833463665489 0.2013477425636714 0
2981 0.05577797128436396 0.08996292341094775 0
2982 0.8754816203857256 0.1108916780806948 0
2983 0.2896579846616331 0.5480777826087664 0
2984 0.3126930122961185 0.5316553324696924 0
2985 0.9861776814619272 0.2562410014534952 0
2986 0.702544842197166 0.2835439327148564 0
2987 0.2394685639609917 0.4276166214459232 0
2988 0.6950143433070501 0.3897808197567543 0
2989 0.6104554729028755 0.3160867204310672 0
2990 0.6820363431276606 0.08717760143455056 0
2991 0.7919058897297593 0.7175574685884317 0
2992 0.2727156525649016 0.9323512455478923 0
2993 0.4048080505488045 0.876496124727973 0
2994 0.2735091760519056 0.8947655444677661 0
2995 0.04954085880007042 0.7312775553890132 0
2996 0.3528204933892097 0.8741717809236247 0
2997 0.8363080740693269 0.6257175823450504 0
2998 0.09532694189349311 0.790843543146789 0
2999 0.1754044161191757 0.9646304163455165 0
3000 0.7064095605728649 0.517839271312581 0
3001 0.2418821416190411 0.8792556290420948 0
3002 0.3660360935126756 0.1195068742926302 0
3003 0.9340129436279136 0.8723428959819906 0
3004 0.6114213899987276 0.3495253748062533 0
3005 0.9860481252674161 0.8359922944529693 0
3006 0.2502920761759995 0.3869050864802389 0
3007 0.8111940976022943 0.4111825792052304 0
3008 0.5019634487584236 0.7951642182413927 0
3009 0.5294841041064801 0.9412357670774412 0
3010 0.854813613029569 0.4741131994484645 0
3011 0.9372125049449271 0.2654278340117282 0
3012 0.5804302648988087 0.3806413901578509 0
3013 0.7900502727572934 0.657702824799439 0
3014 0.1697221496482524 0.7306080057859218 0
3015 0.07930592725351948 0.8125835261676281 0
3016 0.2374530574464014 0.2106917171399506 0
3017 0.01279405620454027 0.9720308858705273 0
3018 0.5887701703759224 0.6215963349169946 0
3019 0.3958350953927533 0.5575889143360321 0
3020 0.4075566765864803 0.3996550826594517 0
3021 0.299172057094392 0.1960518884839796 0
3022 0.7230044604796804 0.7916020038121183 0
3023 0.5505014323544836 0.646968413148701 0
3024 0.4914252716201877 0.914756237635633 0
3025 0.3615737660746464 0.01314589819596224 0
3026 0.1412280530262795 0.85915027410709 0
3027 0.2777010281227321 0.988919322861973 0
3028 0.4801834271092633 0.6899901468687695 0
3029 0.2678079229154887 0.4585653296732251 0
3030 0.4488752311471109 0.1723100957579774 0
3031 0.7309451174509853 0.2745625055521218 0
3032 0.4740530645833107 0.6400345787008345 0
3033 0.2839884073111213 0.4613738815744596 0
3034 0.6373234207024095 0.8708887581724063 0
3035 0.118289418292238 0.5184090751485917 0
3036 0.3357115115533686 0.9889422883678747 0
3037 0.4870535254071095 0.6173396584218774 0
3038 0.1843523641138156 0.9131850502590317 0
3039 0.6833990144725596 0.8860395179227026 0
3040 0.9686225799904553 0.5384430224580552 0
3041 0.647939321271885 0.7778492414313567 0
3042 0.9023295913998314 0.5967911387014899 0
3043 0.148186748494562 0.7653104263779651 0
3044 0.7714224591755061 0.6801513418308043 0
3045 0.03133983808922108 0.8841658034559862 0
3046 0.7993379354476993 0.6093570791982026 0
3047 0.0162939104578752 0.4085202245535501 0
3048 0.6543433880419628 0.6057411707842235 0
3049 0.0684255949497008 0.9522623460157205 0
3050 0.7136115052066152 0.4559070798676955 0
3051 0.8772640707613808 0.4971374760460762 0
3052 0.0983352730016106 0.5702836712196642 0
3053 0.5428278229732229 0.5423326481802183 0
3054 0.6182253864308189 0.5076110581281252 0
3055 0.6534262725749642 0.3179812413636584 0
3056 0.3613470520268813 0.2111374793167022 0
3057 0.117007807668716 0.7145967006049139 0
3058 0.9340842961057567 0.783726911204361 0
3059 0.5509587581800858 0.2499510812853885 0
3060 0.2964524226489875 0.03485423673380206 0
3061 0.09889035066947499 0.8903458591453542 0
3062 0.5027163932168747 0.9213688928691344 0
3063 0.6124224681729373 0.9477023836232285 0
3064 0.5479232297985549 0.5123589068746048 0
3065 0.7813498016738079 0.584509378002966 0
3066 0.7172421492706578 0.6445935749891329 0
3067 0.03456262217851619 0.09001835571961991 0
3068 0.8194353450192728 0.8439876268609825 0
3069 0.8782216722757193 0.009012642159392292 0
3070 0.2150505968138864 0.1851437867511402 0
3071 0.4863943885167795 0.6608751873275582 0
3072 0.4070948253716937 0.1976696641269164 0
3073 0.2262059010370598 0.7653106205050237 0
3074 0.2740336557286878 0.7328267637193563 0
3075 0.5135230068999195 0.2489884640749054 0
3076 0.9851191256685686 0.368063553945309 0
3077 0.2528955895034438 0.829429501582002 0
3078 0.04073006488111475 0.1288715422559738 0
3079 0.2522313725348183 0.1107558829534485 0
3080 0.2736726603452964 0.9632875196916211 0
3081 0.7861210265185865 0.9211116392162901 0
3082 0.8482802776748354 0.5898456038948985 0
3083 0.6611512000031093 0.9010115313982135 0
3084 0.9876253854149986 0.8754871074648531 0
3085 0.3100630019701045 0.7882585493770768 0
3086 0.4544629201474518 0.2884266625906635 0
3087 0.77978867190079 0.04137672866104192 0
3088 0.7110339604415532 0.3790829955349178 0
3089 0.2455771660531177 0.03035892870633244 0
3090 0.667577478486017 0.7010382445986496 0
3091 0.4709945435764303 0.778122132911387 0
3092 0.1733324746312747 0.4790193159297123 0
3093 0.1052803740683668 0.08447054931754383 0
3094 0.4644369338706881 0.06936619258020049 0
3095 0.7507389239860123 0.8459211104903064 0
3096 0.01647632968609691 0.9303594461609063 0
3097 0.5971505102315253 0.6516218665226857 0
3098 0.7604749346300568 0.3636735564805936 0
3099 0.2093299665163098 0.4880816875489197 0
3100 0.7649116392177961 0.8370842025683253 0
3101 0.4651508493359029 0.253562322707094 0
3102 0.3242956916836 0.5230506986606132 0
3103 0.8154472174234242 0.9395330964103871 0
3104 0.07377707585409798 0.2167361390154482 0
3105 0.5069426898201361 0.5977299616474158 0
3106 0.8569526900613326 0.6353612824217684 0
3107 0.7587764722629384 0.5242574043962978 0
3108 0.2526616687811879 0.6604815384084624 0
3109 0.8560436941687384 0.4214740735703252 0
3110 0.1375899353061028 0.591168600863206 0
3111 0.5485573582676065 0.664911674686573 0
3112 0.4880836475411148 0.1777760006907076 0
3113 0.5729167413446187 0.7476191203286129 0
3114 0.4266432214212029 0.1514510499831477 0
3115 0.8278582548351606 0.5939091650652887 0
3116 0.9506595640819454 0.4922021358321099 0
3117 0.3658944713662152 0.2651455988774835 0
3118 0.9250093200024181 0.6672975950499678 0
3119 0.8665746296420183 0.8125893738496318 0
3120 0.4793550173115674 0.6565349560002302 0
3121 0.6022748689356865 0.5192837135987876 0
3122 0.1588904818387101 0.5234599491953125 0
3123 0.5624680489951169 0.01245226481637163 0
3124 0.5979988161720162 0.9206972712905339 0
3125 0.6831545112570123 0.6665942369003185 0
3126 0.6651983578560835 0.07861784696693541 0
3127 0.4885832198217479 0.5975596207095717 0
3128 0.1281763605120913 0.8834986607697839 0
3129 0.3821342136467699 0.8159175256959221 0
3130 0.1988298683286112 0.07747893618127044 0
3131 0.1900330227154379 0.1964365038941585 0
3132 0.6833470365058492 0.7873058059171931 0
3133 0.5995336532530395 0.4554947428610135 0
3134 0.1174102249999691 0.1740423287310774 0
3135 0.8697497153531004 0.3751782021517936 0
3136 0.02647819421422493 0.6805492580192005 0
3137 0.4386847131838413 0.2579862628736767 0
3138 0.4779296179139336 0.4755583803321449 0
3139 0.8246713567809842 0.5175359324258038 0
3140 0.2458204144731037 0.4953641634665211 0
3141 0.5864993943594417 0.9706066491530445 0
3142 0.6057673131344522 0.3650986999822409 0
3143 0.9025730813987357 0.7057455320614654 0
3144 0.7520759725947952 0.9539159911119736 0
3145 0.346649776583332 0.7782793569054591 0
3146 0.9690506811806311 0.3978265320845042 0
3147 0.8894475319353532 0.895594201894619 0
3148 0.9519265230960736 0.7916691659896455 0
3149 0.2039522129850219 0.910980584563214 0
3150 0.4097410626078725 0.4565182362752928 0
3151 0.8407170701590923 0.0138114244940265 0
3152 0.08727621813026498 0.7055775485863457 0
3153 0.503372027531825 0.9663056728493548 0
3154 0.3559575106961145 0.3969459041400094 0
3155 0.3382004199199885 0.9773253105189986 0
3156 0.1111948652233685 0.1580330440298098 0
3157 0.1803643727334736 0.7606516362764146 0
3158 0.9870105175737041 0.4486218953410256 0
3159 0.6222683668340815 0.389087772758359 0
3160 0.2619707358748974 0.02888809890934113 0
3161 0.3088109671055274 0.3496055762603714 0
3162 0.3746400804287751 0.5488300405271588 0
3163 0.523685736684273 0.6589846176810548 0
3164 0.6858922661803515 0.1093565682943423 0
3165 0.91214118726979 0.4835702742544427 0
3166 0.8343632287792573 0.8880219066032222 0
3167 0.2447388353435723 0.584667890330457 0
3168 0.138982808805123 0.08707469240451293 0
3169 0.9064372427306659 0.2525231222109453 0
3170 0.6484958849896154 0.2782984067831089 0
3171 0.8545951241370311 0.8955869017748286 0
3172 0.08271152859967618 0.5678194343666013 0
3173 0.5544210718694429 0.2071681662223208 0
3174 0.9060788700414665 0.6418734547211222 0
3175 0.03284947446560926 0.3461828722684492 0
3176 0.03719317215467272 0.331013955512377 0
3177 0.07241055025985527 0.5426390444131842 0
3178 0.7452811203943787 0.7946128869331702 0
3179 0.7939769726668182 0.4212454735294094 0
3180 0.5650542757399877 0.6549540921713348 0
3181 0.519203261760365 0.9872166875160824 0
3182 0.7607321031075739 0.6637379253869162 0
3183 0.2806787283322586 0.7842890878736203 0
3184 0.990544051094451 0.230855772725887 0
3185 0.7250459322251991 0.03405031884516391 0
3186 0.03084456648858991 0.8687301786217436 0
3187 0.3797503337232524 0.4532973569252954 0
3188 0.0551863553297775 0.2089390418449419 0
3189 0.5577033041178584 0.9855768064878138 0
3190 0.5970539224639364 0.9364643883157037 0
3191 0.5133071336922511 0.1093397620823953 0
3192 0.6685569787440384 0.0321012646697677 0
3193 0.1681254551999131 0.217035597990941 0
3194 0.1287612336312851 0.123895555279746 0
3195 0.679924604219833 0.9861087684832285 0
3196 0.5021900961774995 0.5835774368866978 0
3197 0.01991165988602522 0.3320532197005198 0
3198 0.8800474263997299 0.7244421424368384 0
3199 0.5921287448405776 0.7558449768080903 0
3200 0.3696498678753248 0.2395670415429032 0
3201 0.3321677990397526 0.7691874279206188 0
3202 0.2281289419979143 0.184198751834211 0
3203 0.3090625811407357 0.1548341650267228 0
3204 0.957162459802362 0.1034862107295147 0
3205 0.2585894764006037 0.8004620919457308 0
3206 0.09027131646084141 0.1125698380875606 0
3207 0.06880664915375667 0.2615849937834852 0
3208 0.8565166269527529 0.9938689662200316 0
3209 0.7423952245517615 0.04452600385621203 0
3210 0.2708131126407561 0.0786174836214103 0
3211 0.1606070390646104 0.0136173299300531 0
3212 0.5743226575436993 0.1181979056148268 0
3213 0.1488671491659074 0.5051165567209518 0
3214 0.008974436106149897 0.2297849254921575 0
3215 0.9685376943289006 0.05127155276181666 0
3216 0.403369182642072 0.4268644954968558 0
3217 0.4603131252271075 0.1836941025353199 0
3218 0.04300644444361368 0.2823743710352191 0
3219 0.2523346475469047 0.9482091462183482 0
3220 0.03018892594835471 0.9215264556171492 0
3221 0.2066908731807047 0.09225418097280685 0
3222 0.9528086170362507 0.8217731772192516 0
3223 0.1527390587282692 0.07707661075567618 0
3224 0.8071172953467045 0.2738957396850146 0
3225 0.1413271079297224 0.6990896442815548 0
3226 0.9481410065860107 0.3750364004815943 0
3227 0.6427966727639043 0.3453163785972876 0
3228 0.7673676604126829 0.05390647536884507 0
3229 0.08411351255270072 0.2035667008662319 0
3230 0.3568694070931616 0.2299837573740265 0
3231 0.02482575870084808 0.2123568459369651 0
3232 0.526756848814194 0.2098088824979647 0
3233 0.01300050581122458 0.5671329458122651 0
3234 0.7283412339786064 0.8598779339158986 0
3235 0.5345193360834982 0.3135247984316406 0
3236 0.9075152969624422 0.3260526832812494 0
3237 0.8001802436253298 0.7036684968200984 0
3238 0.8146666388573278 0.70019406090013 0
3239 0.2195931108000064 0.6642563106095268 0
3240 0.9009920049269111 0.5653722180143574 0
3241 0.8706621420103889 0.8860938147828877 0
3242 0.1877687598351352 0.2120977973881604 0
3243 0.9900187237226723 0.2462733610270345 0
3244 0.8349599814795979 0.02719512762657844 0
3245 0.498596105957671 0.7784977786119125 0
3246 0.3815065641901144 0.7959395762454033 0
3247 0.6286603183804755 0.4185048486886585 0
3248 0.8553961759270202 0.0127842724962548 0
3249 0.2559633226100531 0.8491766042087527 0
3250 0.6879291246486281 0.7228612314075382 0
3251 0.897151750623049 0.1535173271873996 0
3252 0.02984068196010758 0.4381289680120387 0
3253 0.03009354063053526 0.8426896862261318 0
3254 0.1963905556113005 0.685951272922981 0
3255 0.2589000721062661 0.9012878005949079 0
3256 0.9715725897169867 0.8434706399806645 0
3257 0.0221993134645081 0.7417597515276503 0
3258 0.9342447063105555 0.5686571748698848 0
3259 0.7068586051146408 0.02994280158746093 0
3260 0.8578976554520656 0.947849759251334 0
3261 0.8436387748414815 0.1356891716357952 0
3262 0.8552584172782247 0.1264906382356156 0
3263 0.3498754654305353 0.5172111328173107 0
3264 0.3681193939859211 0.4680882991351812 0
3265 0.06246449036340301 0.8883858236333924 0
3266 0.2410155046190581 0.9835632754632566 0
3267 0.6523542113519929 0.985563351900083 0
3268 0.5408182673664657 0.8663487323046211 0
3269 0.7326353071371079 0.9505041157243911 0
3270 0.6383150704174873 0.2938374853052471 0
3271 0.5003749504462083 0.3147673970513434 0
3272 0.9009950021108502 0.8844170418977069 0
3273 0.5775541515118175 0.9855029432720177 0
3274 0.5804650147188662 0.1638379532545738 0
3275 0.7038926438979568 0.9711105005513055 0
3276 0.6369426648503471 0.7441677462639595 0
3277 0.3451735406834415 0.500108453360801 0
3278 0.5592493703334768 0.8856116743403866 0
3279 0.2715257568193247 0.04233294917298508 0
3280 0.4302066456358664 0.7594456341119445 0
3281 0.7683012290449434 0.143525284604081 0
3282 0.8700565787723502 0.09553689084172234 0
3283 0.8680476592200319 0.07676748291623564 0
3284 0.8175080427567547 0.55639853317529 0
3285 0.9322937506365636 0.311688689859297 0
3286 0.93520076861483 0.8434026651872484 0
3287 0.465965857511365 0.4666346805564406 0
3288 0.6612650285794859 0.5758417829318263 0
3289 0.7443645593535833 0.3580755608310628 0
3290 0.7373119418190863 0.126992698620733 0
3291 0.1299699161769873 0.1397496754731409 0
3292 0.9893564063222273 0.9893569395033195 0
3293 0.06308779792968433 0.5125167320198547 0
3294 0.04947851890239863 0.5053644405630003 0
3295 0.4315377102878443 0.5368537213319541 0
3296 0.4669269495411106 0.2990865768547372 0
3297 0.427031890609343 0.9578750243687989 0
3298 0.4472008127037934 0.06256537109211135 0
3299 0.3572468433127086 0.9730285185889367 0
3300 0.1002063328753702 0.9913095922299382 0
3301 0.6977770830359386 0.4627165421818898 0
3302 0.7766380537907649 0.6656117582373849 0
3303 0.08574182287625015 0.9921850098569693 0
3304 0.7962480402937268 0.2264584856878747 0
3305 0.05328577390678174 0.8235925650514899 0
3306 0.1197064131814704 0.04380278771118329 0
3307 0.6073999126928293 0.7620573190424647 0
3308 0.4776856628476424 0.919446948778764 0
3309 0.00925217783454424 0.2089875034966103 0
3310 0.986428024546512 0.01352377908188684 0
3311 0.3633540704082557 0.9388428623883822 0
3312 0.5225172545231909 0.4258208676400971 0
3313 0.8315293198929585 0.4894022416483491 0
3314 0.02788666294904124 0.2615135683900258 0
3315 0.8911140483391264 0.990202422950601 0
3316 0.9485995605059343 0.08083011997480494 0
3317 0.4991888947593463 0.1876607082177045 0
3318 0.9132119547638289 0.3877984057445519 0
3319 0.61102271512593 0.6429316498629271 0
3320 0.733945536526053 0.6501953107297902 0
3321 0.9115864317506481 0.6941662599830571 0
3322 0.7749149036899519 0.1866230597561919 0
3323 0.8119548770959988 0.3943059291227189 0
3324 0.6012944421226537 0.4285636616446015 0
3325 0.6247081053811432 0.03528856714891426 0
3326 0.01097153413866353 0.06523786246306462 0
3327 0.8955260287785058 0.004454681043003506 0
3328 0.6224657591144653 0.1448556571588117 0
3329 0.6091815647493481 0.07986180011367872 0
3330 0.3927490681651216 0.2880128614329666 0
3331 0.5811781208161654 0.6452932700859215 0
3332 0.04327077433076987 0.6594894684385197 0
3333 0.8644844400398983 0.9857008367782527 0
3334 0.5522707721824318 0.4571790328077511 0
3335 0.1047754082050999 0.01256997037764584 0
3336 0.5312094249599545 0.8483740550166966 0
3337 0.7485057655072993 0.9400923369685209 0
3338 0.7527746644422113 0.4274383403600328 0
3339 0.335136206238422 0.009974466941161331 0
3340 0.5941106169145798 0.8201374676961709 0
3341 0.8611449911330527 0.1400307027165171 0
3342 0.5014788623479214 0.532517531392908 0
3343 0.6319534428352294 0.7693196468738452 0
3344 0.21482609879042 0.8002847001454598 0
3345 0.5890991473461309 0.1140478849657683 0
3346 0.650425337229198 0.07177480519482587 0
3347 0.7295983121114451 0.01852777503721048 0
3348 0.04552448935080999 0.8903285057552455 0
3349 0.4759611808513361 0.8260826978648884 0
3350 0.260853334778002 0.7454957203712472 0
3351 0.3108683252294056 0.3306714403585427 0
3352 0.650664608214457 0.1454481610241983 0
3353 0.4040864904497323 0.04398026309405112 0
3354 0.6174155622170062 0.7729038821651097 0
3355 0.3413804450800598 0.3844774114844889 0
3356 0.5136342933228452 0.7666276704663958 0
3357 0.5040792323693535 0.1557705384228905 0
3358 0.9534157130749168 0.7014378998508533 0
3359 0.9909453606177938 0.9526440960228044 0
3360 0.485997481085331 0.5213646284630667 0
3361 0.6166496482183242 0.4599015285069163 0
3362 0.5985427991419638 0.7952360484361896 0
3363 0.09752617686712783 0.9625609209891404 0
3364 0.5542200722012247 0.3459526114499138 0
3365 0.3396592577835123 0.4306916294370691 0
3366 0.07177646350181816 0.09092756202359065 0
3367 0.2885488827515117 0.1385332851191646 0
3368 0.2155925465332071 0.5801877305677671 0
3369 0.4841638723866482 0.06920729842667073 0
3370 0.2294165464112472 0.8927681066684134 0
3371 0.7245874992596828 0.4954562194938566 0
3372 0.06569844843148337 0.2460412188228018 0
3373 0.04209463302498229 0.2124970333762229 0
3374 0.9472774700024069 0.0309278466947544 0
3375 0.7801548840378871 0.4263457143263704 0
3376 0.05370924904717683 0.715872741853919 0
3377 0.6118419099560607 0.602590056197688 0
3378 0.6136118351520742 0.8954217866891602 0
3379 0.5993107848739976 0.01171142828922328 0
3380 0.7598034426430995 0.8184323271332183 0
3381 0.11239433172768 0.7818816222442367 0
3382 0.9853935926884625 0.9275121469543696 0
3383 0.5647767527384656 0.1068459941036842 0
3384 0.1646460767120424 0.0682439396522378 0
3385 0.03201660901618009 0.8266499096325823 0
3386 0.2002151689258629 0.5377272368238203 0
3387 0.3040579176313596 0.1809345816848311 0
3388 0.06958305331607639 0.9043956297143971 0
3389 0.9041405045380744 0.6247352962839402 0
3390 0.5490606935935186 0.9711405673370445 0
3391 0.7641194440541481 0.2106181800568785 0
3392 0.02921666820816293 0.3605803943202982 0
3393 0.6587044333465473 0.7922535818426746 0
3394 0.8577711709998772 0.5843557643105077 0
3395 0.6495599107395077 0.02972125197552572 0
3396 0.7018276831372539 0.5060696764219579 0
3397 0.8402506611410863 0.4160080036249312 0
3398 0.1282465721179346 0.1564318010311506 0
3399 0.7024506153097912 0.531024926487451 0
3400 0.4061444483869646 0.4433427007120796 0
3401 0.9890419840640464 0.1026674035511494 0
3402 0.9717131893143967 0.8983243538033567 0
3403 0.7424414398173096 0.569223301781695 0
3404 0.06365471148720026 0.2872447713702806 0
3405 0.8286006972605668 0.914051332886644 0
3406 0.5277532326907949 0.8193271304220202 0
3407 0.3745546392018266 0.533614855736005 0
3408 0.9304171186316955 0.01141170844077266 0
3409 0.8945382406881583 0.3339917405082217 0
3410 0.9120705227619281 0.9127378518263718 0
3411 0.6903108264445255 0.1256038441119716 0
3412 0.3664977343918867 0.9037796342114627 0
3413 0.8957693738669439 0.08699564834083229 0
3414 0.4357627604102562 0.1415428275329109 0
3415 0.8359441308258175 0.8375339308677408 0
3416 0.620445690349495 0.5215925069390179 0
3417 0.01902068632125081 0.9616449814708594 0
3418 0.6715801501675585 0.8554800288683763 0
3419 0.6904440904684528 0.7111596753024854 0
3420 0.9369033375889223 0.5401748895127705 0
3421 0.09111654094373917 0.8037434966460986 0
3422 0.03079496549770511 0.4836174751546892 0
3423 0.2455473275414813 0.1220535780516321 0
3424 0.7787857582915062 0.8493130700032688 0
3425 0.1162101731093308 0.6335399601586955 0
3426 0.5504161065321577 0.0117869933888502 0
3427 0.6175530721704129 0.01030125824512823 0
3428 0.5481170865371171 0.8772937825716165 0
3429 0.6781165206777531 0.3850448211736868 0
3430 0.6678151557555633 0.6019482031083948 0
3431 0.2724518888041688 0.6833825688734116 0
3432 0.9718052676053455 0.1250440414718199 0
3433 0.6316727976485416 0.628199984839798 0
3434 0.09642288895308559 0.9053399988026853 0
3435 0.8190923500472974 0.5310202646166272 0
3436 0.2183988751450626 0.8137272335611585 0
3437 0.5069765856917385 0.8085599183932307 0
3438 0.7758085782520978 0.3056866068864244 0
3439 0.7950687345286573 0.2897784254033401 0
3440 0.5936703680080153 0.08783908882007924 0
3441 0.01062100550629425 0.7443640785208361 0
3442 0.3751465236512492 0.9707018400862184 0
3443 0.9756015537068731 0.2764837246693611 0
3444 0.8349881547004412 0.2593673574038285 0
3445 0.4777921377978122 0.4922950234387505 0
3446 0.7149547178991769 0.2734307738141257 0
3447 0.1194853926387011 0.07734749695722209 0
3448 0.794258575679097 0.5944043164546455 0
3449 0.8555852184271123 0.3046624759499447 0
3450 0.5805108784603448 0.3635266090008618 0
3451 0.400525807088699 0.412579650242818 0
3452 0.9382470492277488 0.2808153794150524 0
3453 0.01188031137685774 0.1369489867316216 0
3454 0.2842097388986097 0.2012123289010198 0
3455 0.9302238965577871 0.6801583666425604 0
3456 0.5394012608424279 0.4497060785489668 0
3457 0.6161082860078364 0.3325904062515616 0
3458 0.9223250894170431 0.6504531204015706 0
3459 0.2656252945495033 0.9872450891919772 0
3460 0.1843561517388856 0.7503156534271189 0
3461 0.9903919944272824 0.9758398545843905 0
3462 0.9707345439081838 0.4156162694631927 0
3463 0.02322229756662747 0.722188117314166 0
3464 0.3621430659289415 0.4227312051827363 0
3465 0.6164530758116467 0.4283445810045858 0
3466 0.7735101167955527 0.8089796915474705 0
3467 0.2026120882282609 0.6351243458341325 0
3468 0.4534534880100922 0.2317221664841213 0
3469 0.4664320322003142 0.2037943368840598 0
3470 0.4082403688225776 0.2330605899045591 0
3471 0.4353409247682704 0.2349996358823996 0
3472 0.4398962752801147 0.2078558802141778 0
3473 0.4197371485171874 0.2200242720999618 0
3474 0.4706338346999971 0.2200590051741344 0
3475 0.4542492798346466 0.2097951727614686 0
3476 0.4203004453919877 0.2396992271450673 0
3477 0.4396325653111637 0.2203501183900378 0
3478 0.4763733272083372 0.207275208894696 0
3479 0.4298613213102651 0.2106673603736806 0
3480 0.4329214853242851 0.4998259724137373 0
3481 0.3974257439027267 0.4896980105184472 0
3482 0.4207441435938193 0.473625347604286 0
3483 0.4352845509866194 0.4752142894890561 0
3484 0.4113421856174412 0.5079370281004425 0
3485 0.4437126258407921 0.4884079403844339 0
3486 0.3996839884014602 0.5024683622496945 0
3487 0.4083851258107092 0.479426025553237 0
3488 0.4192382178029346 0.4914209859146387 0
3489 0.4232839752820349 0.5050132636798886 0
3490 0.7780538296049774 0.5029497447136639 0
3491 0.7509017488434098 0.4796270793143755 0
3492 0.7791590423806196 0.4816892806238625 0
3493 0.79146351525659 0.4888784867015282 0
3494 0.7539126463429284 0.500839451971247 0
3495 0.792112836661694 0.5019960535032579 0
3496 0.7639993376364829 0.5035930932396475 0
3497 0.7449393810658272 0.4924813463305467 0
3498 0.762562745382461 0.4895643636236605 0
3499 0.1405814644923387 0.5393446287264181 0
3500 0.1142122554621909 0.5367981340472887 0
3501 0.1598829799117052 0.5523615793129275 0
3502 0.1437872309163253 0.5706956542878775 0
3503 0.1280624474916331 0.5630980052416101 0
3504 0.1681299075193604 0.5695461894253714 0
3505 0.1082392965940376 0.5507044117823169 0
3506 0.1038714394595703 0.5393696999973095 0
3507 0.1734278089774416 0.5585543727802597 0
3508 0.1448779518417202 0.555742970506498 0
3509 0.1565023633387386 0.5716213230243394 0
3510 0.1266908035721568 0.5455159163714793 0
3511 0.4994352285885747 0.4291858711962243 0
3512 0.4730498686348762 0.4124028737823098 0
3513 0.5184749052708663 0.4638585154976527 0
3514 0.4699688236748417 0.4370089366559618 0
3515 0.4883096678645432 0.4535366125777508 0
3516 0.4603542164806803 0.4264886823518986 0
3517 0.5183221434386588 0.4501015729901229 0
3518 0.4823209462698394 0.4247059232651766 0
3519 0.5046655119776039 0.4608980148307068 0
3520 0.4592633174040924 0.4133624385410948 0
3521 0.5045569384548653 0.4422024111183774 0
3522 0.4852728199419647 0.4397997403970746 0
3523 0.4926398044324301 0.4206030581220898 0
3524 0.6680751834831254 0.3318608667482018 0
3525 0.6869645807596244 0.3498181381206942 0
3526 0.6933854845845685 0.3259972605897843 0
3527 0.6692484697873822 0.3494713147452594 0
3528 0.6803891654993166 0.31849383226744 0
3529 0.6829148053560019 0.3358315860374496 0
3530 0.3285778757292695 0.4856677801465225 0
3531 0.2264632099930503 0.5545285008728604 0
3532 0.2938253267847332 0.4893124476879586 0
3533 0.283974378069462 0.5179060413667139 0
3534 0.2562232538977653 0.5256438315509004 0
3535 0.317469813237275 0.4637811300639483 0
3536 0.3079995716117619 0.5004978696262239 0
3537 0.3095391587045965 0.4799334539894476 0
3538 0.280965243377765 0.502215915652713 0
3539 0.2480376718506126 0.5405149944452324 0
3540 0.2370178287612515 0.5531750603778923 0
3541 0.2684810867130304 0.5136570633656379 0
3542 0.2958064611745305 0.5082591947754749 0
3543 0.27203632378227 0.5280721694026936 0
3544 0.3310965392360561 0.4731796625134668 0
3545 0.32010720602757 0.4939326985690494 0
3546 0.262522387110823 0.5369514339049307 0
3547 0.2969516200994479 0.477475239284152 0
3548 0.5785988935116326 0.4247756382902124 0
3549 0.4334401916067942 0.3512429899412206 0
3550 0.4899023888044607 0.3831452650112569 0
3551 0.4798240930294709 0.3498538384603428 0
3552 0.5333405701751626 0.4066267905150108 0
3553 0.5650784872177792 0.4054486783003893 0
3554 0.453381385919356 0.3637384200720014 0
3555 0.5215738267261755 0.3786330966991016 0
3556 0.4542755930790919 0.3344919031399141 0
3557 0.5542590048651007 0.4188386909464008 0
3558 0.5022608219365252 0.3690509068600744 0
3559 0.5395962562897695 0.38751028352738 0
3560 0.4412633338054509 0.3301939595481013 0
3561 0.5484618864398545 0.4042392188857103 0
3562 0.5205659102414788 0.3976544245588333 0
3563 0.4923155609610254 0.3554047830034953 0
3564 0.4825425163326944 0.366665823197123 0
3565 0.505347289358134 0.3891166287778167 0
3566 0.4659997118612748 0.3422040317745972 0
3567 0.4295984524778593 0.338185628278507 0
3568 0.5555425140220256 0.3924367021339699 0
3569 0.5801244501870457 0.4120024450531435 0
3570 0.5428064351829577 0.4149940299162915 0
3571 0.4671832217400573 0.3716099414067495 0
3572 0.5667397975618391 0.4258895077675893 0
3573 0.4480996821606246 0.3481926465198207 0
3574 0.4773267222699845 0.3795728215693133 0
3575 0.4413365462212751 0.3587286239884457 0
3576 0.4661717685072463 0.3570441169051058 0
3577 0.1532281339070149 0.7369170722287655 0
3578 0.02806388430367198 0.7614867506128841 0
3579 0.05665020042510534 0.7573590506110106 0
3580 0.08619995940764937 0.7652015539951601 0
3581 0.01395849519090107 0.7827661828921322 0
3582 0.1063964404865494 0.7466942813052438 0
3583 0.03138521729999096 0.7787152478058097 0
3584 0.0154290035770982 0.7680913223948536 0
3585 0.1442743724768609 0.7462423418053739 0
3586 0.06950141717428139 0.7699578170332007 0
3587 0.05226397734398888 0.7741134365601161 0
3588 0.125662505868492 0.7441719281562748 0
3589 0.07255313976841943 0.7533470560493535 0
3590 0.007032420066286058 0.7983102131700941 0
3591 0.1421441789841403 0.733107464222357 0
3592 0.09022783466020093 0.7497891767848217 0
3593 0.04083197171508622 0.7610422259046469 0
3594 0.1001505110815178 0.7614005387812858 0
3595 0.02057177937084562 0.7929862426537244 0
3596 0.1556704493274914 0.7454669071814738 0
3597 0.9890310567684266 0.7815951500291881 0
3598 0.9912035220100455 0.7947938475701252 0
3599 0.330064459292543 0.8367274358811048 0
3600 0.2963379937596655 0.9775808224269187 0
3601 0.3250820253551283 0.8691776122690524 0
3602 0.2989799095846285 0.9329905072752719 0
3603 0.3242379567928275 0.9029463158574497 0
3604 0.3169122598799591 0.9911049455868162 0
3605 0.3048874572170486 0.8460781611473879 0
3606 0.3149597954665591 0.9565958425521852 0
3607 0.3063173943220306 0.8778879925038606 0
3608 0.2956639413413948 0.9906768223251179 0
3609 0.3114247795764143 0.8306900916366149 0
3610 0.3151056094239147 0.9744531118412227 0
3611 0.3240339752981474 0.8513554938615361 0
3612 0.3078178442387619 0.899706875938202 0
3613 0.3172146618413237 0.9194426227788483 0
3614 0.3157594977682043 0.9396965920490333 0
3615 0.2994207871198719 0.9167029167529064 0
3616 0.2977776240754735 0.9627508933563313 0
3617 0.3239328179536395 0.8878398823357759 0
3618 0.3072590731975539 0.8605187567554531 0
3619 0.2995128693784681 0.9479433058609311 0
3620 0.3239884991072608 0.8249163630686925 0
3621 0.3062457753689701 0.9863153587948584 0
3622 0.3333045268088317 0.8597865967203676 0
3623 0.5833955534906841 0.5661607093796116 0
3624 0.4893396209371264 0.6455297687030617 0
3625 0.5344441768019641 0.6074087760755416 0
3626 0.576467205091969 0.6005458226255777 0
3627 0.5255105887899114 0.6301327620759309 0
3628 0.5983569440573658 0.5868233521879023 0
3629 0.5497510368304873 0.6157943666159247 0
3630 0.5012327276164794 0.6395575805101447 0
3631 0.5630977397202811 0.5870217666197798 0
3632 0.5124166767583215 0.6249710493849702 0
3633 0.562695302373785 0.6068265260447957 0
3634 0.5828838326874625 0.5822305803289638 0
3635 0.5470592731667274 0.5976096527428288 0
3636 0.5972050791102095 0.5693069101922207 0
3637 0.5368048554457917 0.6227101826909003 0
3638 0.5231076498719535 0.6159975668286651 0
3639 0.5149336914849775 0.6376213304167633 0
3640 0.5893474076572119 0.5957568624331788 0
3641 0.572785393602858 0.5720803294369993 0
3642 0.9654875853047054 0.2321139818042213 0
3643 0.8265144338389948 0.1682999111365809 0
3644 0.8653369258764007 0.2104340594515206 0
3645 0.8362952389115432 0.1984421531470302 0
3646 0.9349255837501848 0.2388267600918708 0
3647 0.903929015869458 0.2049222013563309 0
3648 0.8184786945254547 0.1882942300546948 0
3649 0.9596474285776353 0.2467399151342247 0
3650 0.8508667909644378 0.1837579057914992 0
3651 0.8853592234755544 0.1982073585208612 0
3652 0.8676017633058749 0.1918220622792211 0
3653 0.9207306709686129 0.2123374567288065 0
3654 0.8829136574015772 0.2160716931163235 0
3655 0.9390298509612574 0.2217928667997605 0
3656 0.9001333730668332 0.2228250615351886 0
3657 0.9191619536171067 0.2311096091720688 0
3658 0.8517131157839196 0.2031650070415941 0
3659 0.8345703893632201 0.1818276668647283 0
3660 0.9508800093979851 0.2345065640102539 0
3661 0.8117825552635239 0.1726052266274093 0
3662 0.9727004456584721 0.2413405973884055 0
3663 0.9463799426203158 0.2459426157466933 0
3664 0.9563771281764821 0.2237171138580135 0
3665 0.840336702737882 0.1710896539916586 0
3666 0.2424243835501708 0.165733969990234 0
3667 0.2268170957565263 0.1368128096681328 0
3668 0.1883089742712941 0.154462152014554 0
3669 0.2056661544920954 0.1363877104395025 0
3670 0.2171162188081071 0.1630227929087839 0
3671 0.2563399333844121 0.1492687037239359 0
3672 0.2393523965258527 0.1483684054486068 0
3673 0.189417577410109 0.1378597002918968 0
3674 0.2043783400020278 0.1554099816761115 0
3675 0.25492547535354 0.1624708296056891 0
3676 0.229244343196345 0.1625217369504796 0
3677 0.2166245481359053 0.1336121791659116 0
3678 0.2184335049209065 0.1478780589098722 0
3679 0.7024455292624801 0.7436427985784969 0
3680 0.8469364859999516 0.7666591740180034 0
3681 0.7906896820113876 0.7462507641574351 0
3682 0.8224149350154488 0.7444319796566441 0
3683 0.7349106337316385 0.7469969071547854 0
3684 0.7633930577735109 0.7643392822164977 0
3685 0.6891795222242844 0.7680691119477293 0
3686 0.8469364859999517 0.7441933065358618 0
3687 0.7987528214796284 0.762920793534165 0
3688 0.6817506358585297 0.7563414645944363 0
3689 0.7254697120881292 0.76468318988654 0
3690 0.7543094714076269 0.747079115854182 0
3691 0.7817032106044738 0.7632374604611086 0
3692 0.8184225523461086 0.7620547032635976 0
3693 0.7444923005128271 0.7645475788955085 0
3694 0.7731590338529645 0.7469910725508492 0
3695 0.7175261722041469 0.747452845097507 0
3696 0.8072885092126605 0.7461349905591723 0
3697 0.837176240479288 0.7543276885232798 0
3698 0.7067302267549849 0.7652887909555245 0
3699 0.8540344992171183 0.7552431483179904 0
3700 0.8345146475137475 0.7683444889693684 0
3701 0.6882490675890536 0.7445202928277483 0
3702 0.8358019273687848 0.7411570914800557 0
3703 0.6936709963378666 0.755572491780787 0
3704 0.2002688077341088 0.7044022414471309 0
3705 0.2240127271674385 0.7075359811113987 0
3706 0.2049621580616674 0.7313423193474082 0
3707 0.1934532761909542 0.720798783467421 0
3708 0.2146160480851786 0.6981084167687908 0
3709 0.213897489748413 0.7179723796458469 0
3710 0.2267955692156721 0.6997533902730769 0
3711 0.1876576263667819 0.708438452930538 0
3712 0.860095953311705 0.2794774164803316 0
3713 0.8945887946621728 0.2898390306190241 0
3714 0.8868123025747641 0.2683603496482952 0
3715 0.875059305419974 0.2913743396666171 0
3716 0.9024668635424867 0.2741375063007209 0
3717 0.8726634100026449 0.2727918502231864 0
3718 0.8573502642789068 0.2899409194469531 0
3719 0.9071384751757728 0.2864544427833433 0
3720 0.8848772027832618 0.2811983954155163 0
3721 0.3299834984812771 0.03087863394460681 0
3722 0.4757616439205373 0.1272161081255986 0
3723 0.3566911405475247 0.05637021976806838 0
3724 0.4595232079545585 0.1016987846508974 0
3725 0.4213421367386962 0.09465703733657907 0
3726 0.3485715882754736 0.03404373426632967 0
3727 0.3868113683414246 0.07420030589343714 0
3728 0.3767504891485044 0.05382265911326291 0
3729 0.4546134143054977 0.1181183221203558 0
3730 0.4396777914545552 0.1080502419830624 0
3731 0.4097777111447716 0.07430584424197485 0
3732 0.343858095421677 0.04845050636790571 0
3733 0.361831532415407 0.04156727809159703 0
3734 0.4721257669421727 0.1136342313678997 0
3735 0.3689261487086173 0.06751755599197561 0
3736 0.4636956810268609 0.1280661500933744 0
3737 0.4293931546784804 0.08002933856322302 0
3738 0.4021511651960752 0.08957883461238846 0
3739 0.3945658806902612 0.05981296237128859 0
3740 0.3334845387485285 0.04027163636851033 0
3741 0.3328994205133972 0.02357320698210048 0
3742 0.3399830266767856 0.02690669369619619 0
3743 0.4433917559993218 0.09079633170733568 0
3744 0.4254685802712873 0.008235910958944367 0
3745 0.5731731049940745 0.0594729165273277 0
3746 0.4438802013725897 0.0152531800299469 0
3747 0.5450404410995127 0.03766414378221194 0
3748 0.5119658557875343 0.02975153459312998 0
3749 0.4766330439702163 0.02306057314467939 0
3750 0.4191641251172833 0.0327747337918169 0
3751 0.5713636618178582 0.04088415869713379 0
3752 0.4559803835724218 0.03266561698793291 0
3753 0.4909597884076692 0.04259822905927681 0
3754 0.5272692700259727 0.04871490798734766 0
3755 0.5575292445186837 0.04977509325207372 0
3756 0.4116563945294442 0.01921257862864329 0
3757 0.5299161855205747 0.03082590670564886 0
3758 0.5087002545996421 0.04859805441143003 0
3759 0.4947904261026542 0.02352466638279263 0
3760 0.4724158867789414 0.04120946713716512 0
3761 0.4367451486050309 0.03294555483507079 0
3762 0.4600442895256885 0.01596208847650701 0
3763 0.5835290151801337 0.04664582338931634 0
3764 0.5601153319606554 0.03512975851599198 0
3765 0.5420710081956042 0.05499549736053421 0
3766 0.4279928124070687 0.02218281670445146 0
3767 0.8916760905207242 0.04513843261964445 0
3768 0.9067180132340946 0.02135172110858695 0
3769 0.9138916326548309 0.0461829297416121 0
3770 0.8900810836572699 0.03008851567463539 0
3771 0.900192435669284 0.05351825253810774 0
3772 0.8931882028004487 0.01766365785590976 0
3773 0.9035444157181542 0.03638515476173217 0
3774 0.700431331508455 0.8026254700896738 0
3775 0.5559952119316787 0.8665319399436666 0
3776 0.5769393945785569 0.8661215908374084 0
3777 0.6542500235825274 0.8238812104942752 0
3778 0.6260719878455969 0.8392410652740999 0
3779 0.708304412193118 0.8148852038680889 0
3780 0.606988776906479 0.8467892980572538 0
3781 0.6760361730179104 0.8202290341400085 0
3782 0.6466570172549555 0.8385373159216084 0
3783 0.5662749291411348 0.8724811037631178 0
3784 0.5671829597010303 0.8561169568293385 0
3785 0.5871364342647626 0.8549690907754188 0
3786 0.6943270709424109 0.8150376491806761 0
3787 0.688445914085039 0.8044929644853023 0
3788 0.7116620803976983 0.8016289835396813 0
3789 0.6374320150898465 0.8265912421714916 0
3790 0.5539758355888436 0.8575839170909964 0
3791 0.6629607302032099 0.8358163453198322 0
3792 0.8545144472996895 0.558940378938432 0
3793 0.8600841916440295 0.5288129939469658 0
3794 0.8677233127222864 0.5730905617636423 0
3795 0.8793891816529497 0.549580952355867 0
3796 0.8715653989778849 0.5610743462792152 0
3797 0.8496420764399162 0.5342102009770627 0
3798 0.862726640344464 0.5440918582818388 0
3799 0.8491738622779302 0.5455306483149687 0
3800 0.491250461718289 0.8564992618082513 0
3801 0.5673129442254895 0.9174504824392373 0
3802 0.5274739516849545 0.876557455162811 0
3803 0.5455735217599931 0.8974060056834771 0
3804 0.4954340373967145 0.8865663568628447 0
3805 0.5177784623824438 0.9015520363577292 0
3806 0.5487045429276906 0.9235890500653071 0
3807 0.4838213108070755 0.8730085814507771 0
3808 0.5047190923145902 0.8666791194687156 0
3809 0.5376748290296115 0.9161190315277828 0
3810 0.5321341097438725 0.8889521139831272 0
3811 0.5146316247467215 0.883650349725155 0
3812 0.5608503960109895 0.9266472274770081 0
3813 0.555109057120623 0.911177850888537 0
3814 0.5054030488838315 0.8964783958656135 0
3815 0.5298260324771572 0.9042233788024703 0
3816 0.5193545428553609 0.8688575010978338 0
3817 0.03897244403353365 0.2443056834230953 0
3818 0.06573571437822379 0.2270215150586984 0
3819 0.03429979351693765 0.2283613703634669 0
3820 0.05312894457565663 0.2312475983796289 0
3821 0.0251216498468362 0.2397527359393276 0
3822 0.9616999384021365 0.6487724332740785 0
3823 0.9661046081677703 0.5853383573696157 0
3824 0.9932078537026728 0.5791052692715785 0
3825 0.9834999065406606 0.6266005449546013 0
3826 0.9717279234170424 0.6785694430467752 0
3827 0.9839848790255228 0.7083429754444005 0
3828 0.9890866491353948 0.7235396440525028 0
3829 0.9802327467641199 0.647208664712977 0
3830 0.9831331773191548 0.6089844934283339 0
3831 0.9837784225181618 0.6667311348157454 0
3832 0.9655520726414096 0.621736600463174 0
3833 0.9769346722323274 0.6938085394950245 0
3834 0.9794148430885989 0.5759411387846819 0
3835 0.9673477484991941 0.6628267870894917 0
3836 0.966945349041968 0.6009170218470774 0
3837 0.9694486240588462 0.6366251056527699 0
3838 0.9814676385533608 0.591169764822687 0
3839 0.9864882036335063 0.6812271621372796 0
3840 0.9579775033665269 0.6372575777049756 0
3841 0.005549157974036455 0.645546752672486 0
3842 0.006516518982305985 0.6641340584816271 0
3843 0.007589112560957238 0.6827273518644369 0
3844 0.007329469222293255 0.7027980218710025 0
3845 0.8322567095449712 0.9923160246946772 0
3846 0.7863753965617812 0.958815087578073 0
3847 0.8120950038516316 0.9638555567617835 0
3848 0.8374773752503015 0.9671428570402621 0
3849 0.7715538899187794 0.9847782969103936 0
3850 0.8051451345849946 0.9826165224459491 0
3851 0.7659964125649877 0.9690439780664077 0
3852 0.8408569166758654 0.982107216620549 0
3853 0.7550602812403929 0.9832353993240128 0
3854 0.788201885884961 0.9848906835294774 0
3855 0.8244201784813781 0.9768547005065249 0
3856 0.7734173821112308 0.9582343494634766 0
3857 0.7966763643856308 0.9698453999231628 0
3858 0.8480513983261683 0.9728332642311353 0
3859 0.826247884349432 0.9624966615856854 0
3860 0.7803143737665024 0.9715073261224301 0
3861 0.7989299562458516 0.9580896229816654 0
3862 0.03502532994760289 0.1950775829628595 0
3863 0.07420285925426434 0.1320919435222832 0
3864 0.05670044822531702 0.147751276652859 0
3865 0.05258337745495152 0.1794263875930327 0
3866 0.08754542575117744 0.1517539683751203 0
3867 0.02204846928082527 0.1757587599233875 0
3868 0.06408510983414711 0.1647668253344936 0
3869 0.04529543280076961 0.1618570261091679 0
3870 0.08699564116690008 0.137561377798813 0
3871 0.02364438829000908 0.1914117332572538 0
3872 0.03117861727717446 0.1665810100757204 0
3873 0.0782798208504398 0.1607903942268288 0
3874 0.0718718724710266 0.1470647924447383 0
3875 0.0374921294099604 0.1801800469451036 0
3876 0.01080785315691535 0.2933824791072138 0
3877 0.01590971254586046 0.2805729135939787 0
3878 0.9578422805009693 0.3357481871246328 0
3879 0.9840832416573291 0.3203163815026331 0
3880 0.983859958737107 0.2937195836263438 0
3881 0.9620649525350329 0.3103305075106457 0
3882 0.9513394473725867 0.3207365072903345 0
3883 0.9700039086216333 0.3241196259819565 0
3884 0.9902490352848897 0.310582296782807 0
3885 0.9759401384500537 0.307928982641289 0
3886 0.0258943333896008 0.03139331344605681 0
3887 0.05374666941092238 0.04910405856449322 0
3888 0.05072116533058842 0.02926496061460221 0
3889 0.02560165758124693 0.01391934183862502 0
3890 0.06507328254853358 0.01937184783715644 0
3891 0.06838117129852897 0.04775210359273627 0
3892 0.02867521847978854 0.004660069641273187 0
3893 0.04785344969303065 0.01295535079937699 0
3894 0.06704486766168746 0.007273253972233568 0
3895 0.06522005780456798 0.05608651298335741 0
3896 0.0659908275595531 0.03501573125952681 0
3897 0.03795416511204789 0.04009143781760127 0
3898 0.03611666493105054 0.02204741235958925 0
3899 0.04033715880121376 0.9850833632772654 0
3900 0.05401420340039267 0.9900341156692556 0
3901 0.0279984007746159 0.9900992314390631 0
3902 0.07341522668354088 0.8595219399066054 0
3903 0.1499537585727306 0.7876583166408222 0
3904 0.09815453934502356 0.8322211234154215 0
3905 0.1382524904926752 0.8292176128149753 0
3906 0.1138844089154844 0.8417674952679099 0
3907 0.09100529086044815 0.8550296443504892 0
3908 0.1579659297908066 0.8111647339110043 0
3909 0.1271676925971964 0.8146910247037331 0
3910 0.07722421069164788 0.8500293309301619 0
3911 0.1432612930011925 0.800807261396137 0
3912 0.1108327591438188 0.8245795700667757 0
3913 0.1599614537378695 0.7962990559770088 0
3914 0.1464062396881534 0.8187905939148485 0
3915 0.1011676887769314 0.8477611453557592 0
3916 0.1262117996919353 0.8339416682886509 0
3917 0.08744234776123126 0.8409658840687643 0
3918 0.08262468808286805 0.8629930411029318 0
3919 0.2071046259954031 0.01401069919110165 0
3920 0.1895549893384978 0.01599964385311402 0
3921 0.2210730347227848 0.9630444326869838 0
3922 0.1979114799195181 0.9779831407264881 0
3923 0.2155640828878342 0.982672685820091 0
3924 0.1889874324627441 0.9881783825838355 0
3925 0.20883413689054 0.9571972559766555 0
3926 0.202283637090372 0.9895834686950064 0
3927 0.2152415878109401 0.9527613646697772 0
3928 0.205786348595449 0.967115414744911 0
3929 0.9568294437207236 0.7445202395622216 0
3930 0.9291965047989299 0.7369195590747861 0
3931 0.9318180363525744 0.7564200384923234 0
3932 0.9167924148909471 0.7495965811263547 0
3933 0.9513593685630531 0.7585391637194165 0
3934 0.943061978881244 0.741684579232922 0
3935 0.9169805814009838 0.7355680282034007 0
3936 0.9619210983070728 0.7537812384805453 0
3937 0.891488034175642 0.9691677486932941 0
3938 0.9665052360219036 0.9766174067122655 0
3939 0.9377519474368871 0.9759044465021189 0
3940 0.9083363615996177 0.9584243066087655 0
3941 0.9618741912948598 0.9545968809836569 0
3942 0.907265480343356 0.9738472316166414 0
3943 0.9282269754533208 0.9583071866000993 0
3944 0.8907012000777417 0.9537593639522153 0
3945 0.9522467250193816 0.9750761429725928 0
3946 0.9224467024014841 0.9737428001980399 0
3947 0.9461830270519253 0.9578454935333155 0
3948 0.9746286035147038 0.9666152941767827 0
$EndNodes
$Elements
7678
1 2 2 1 1 2804 3141 2081
2 2 2 1 1 1557 2596 2236
3 2 2 1 1 820 411 410
4 2 2 1 1 297 659 890
5 2 2 1 1 193 1380 1000
6 2 2 1 1 2275 2885 2452
7 2 2 1 1 2054 3073 2855
8 2 2 1 1 1796 3067 2386
9 2 2 1 1 613 916 182
10 2 2 1 1 1180 2894 1178
11 2 2 1 1 1521 2366 1523
12 2 2 1 1 2252 3049 1086
13 2 2 1 1 1086 3049 1116
14 2 2 1 1 2198 2278 1839
15 2 2 1 1 2184 2366 2365
16 2 2 1 1 2268 2326 1095
17 2 2 1 1 760 1113 1076
18 2 2 1 1 890 3426 297
19 2 2 1 1 1875 3129 1661
20 2 2 1 1 998 2496 1666
21 2 2 1 1 1909 2318 1908
22 2 2 1 1 2112 2459 1974
23 2 2 1 1 2184 2397 2366
24 2 2 1 1 1077 2510 2509
25 2 2 1 1 770 838 839
26 2 2 1 1 2310 2881 1867
27 2 2 1 1 1297 2430 1286
28 2 2 1 1 578 66 126
29 2 2 1 1 1174 3141 2804
30 2 2 1 1 2532 2959 2410
31 2 2 1 1 2386 3067 2121
32 2 2 1 1 1071 2754 2627
33 2 2 1 1 1472 1997 31
34 2 2 1 1 2112 3194 2459
35 2 2 1 1 1104 2411 759
36 2 2 1 1 759 2411 1113
37 2 2 1 1 473 471 472
38 2 2 1 1 1867 2881 2676
39 2 2 1 1 1197 2416 2145
40 2 2 1 1 2205 2558 2412
41 2 2 1 1 1312 2748 1314
42 2 2 1 1 1346 2592 2444
43 2 2 1 1 2177 2827 1107
44 2 2 1 1 667 652 306
45 2 2 1 1 1024 2633 2632
46 2 2 1 1 3058 3148 2523
47 2 2 1 1 1964 3030 2803
48 2 2 1 1 286 1889 287
49 2 2 1 1 1909 2400 2318
50 2 2 1 1 2803 3114 1964
51 2 2 1 1 1943 2229 1959
52 2 2 1 1 1489 2832 2409
53 2 2 1 1 2330 2829 1173
54 2 2 1 1 2119 2396 957
55 2 2 1 1 482 3043 483
56 2 2 1 1 261 2422 262
57 2 2 1 1 972 2760 2479
58 2 2 1 1 522 1885 523
59 2 2 1 1 755 3381 498
60 2 2 1 1 2279 2832 1489
61 2 2 1 1 2469 2470 975
62 2 2 1 1 498 3381 587
63 2 2 1 1 425 1757 900
64 2 2 1 1 905 2904 2007
65 2 2 1 1 2253 3368 2013
66 2 2 1 1 787 2407 786
67 2 2 1 1 816 2161 312
68 2 2 1 1 2973 3367 2400
69 2 2 1 1 532 836 533
70 2 2 1 1 2129 3367 2973
71 2 2 1 1 311 2968 834
72 2 2 1 1 1122 2791 2188
73 2 2 1 1 2222 2504 2220
74 2 2 1 1 2109 2364 1876
75 2 2 1 1 758 1171 1104
76 2 2 1 1 2632 2866 1024
77 2 2 1 1 2479 2760 2012
78 2 2 1 1 1880 2243 1630
79 2 2 1 1 2201 2381 1784
80 2 2 1 1 2176 2491 1050
81 2 2 1 1 1675 2840 2357
82 2 2 1 1 1170 1171 758
83 2 2 1 1 2855 3073 2141
84 2 2 1 1 975 3032 2469
85 2 2 1 1 2003 2191 1014
86 2 2 1 1 860 2467 859
87 2 2 1 1 734 378 377
88 2 2 1 1 2401 2907 1367
89 2 2 1 1 1449 1450 1007
90 2 2 1 1 1094 2949 2492
91 2 2 1 1 2175 2283 1140
92 2 2 1 1 2199 3064 1862
93 2 2 1 1 1117 2407 787
94 2 2 1 1 1178 2894 1897
95 2 2 1 1 2252 2280 2070
96 2 2 1 1 2212 2547 1716
97 2 2 1 1 306 651 305
98 2 2 1 1 2412 2558 2021
99 2 2 1 1 1367 2435 2401
100 2 2 1 1 2678 3271 2971
101 2 2 1 1 2061 2560 1970
102 2 2 1 1 2275 2452 1875
103 2 2 1 1 2086 2254 1074
104 2 2 1 1 2344 2387 1098
105 2 2 1 1 2452 3129 1875
106 2 2 1 1 477 545 747
107 2 2 1 1 769 838 770
108 2 2 1 1 1705 3058 2523
109 2 2 1 1 2116 3229 2438
110 2 2 1 1 1702 2865 1000
111 2 2 1 1 92 1517 1069
112 2 2 1 1 1716 3003 2212
113 2 2 1 1 2229 2748 1312
114 2 2 1 1 1953 3061 2799
115 2 2 1 1 2191 2762 1014
116 2 2 1 1 2827 3258 1484
117 2 2 1 1 2971 3271 995
118 2 2 1 1 2007 2904 1170
119 2 2 1 1 504 506 815
120 2 2 1 1 1693 2613 2612
121 2 2 1 1 498 587 586
122 2 2 1 1 1000 2865 1943
123 2 2 1 1 1635 1950 164
124 2 2 1 1 2183 3029 2909
125 2 2 1 1 2346 2829 2330
126 2 2 1 1 2376 2553 1083
127 2 2 1 1 2067 2496 998
128 2 2 1 1 2188 2790 1122
129 2 2 1 1 1103 2327 2112
130 2 2 1 1 2462 2515 2472
131 2 2 1 1 957 2531 2119
132 2 2 1 1 2379 2734 990
133 2 2 1 1 2360 3196 2123
134 2 2 1 1 784 785 474
135 2 2 1 1 2789 2818 2475
136 2 2 1 1 770 839 534
137 2 2 1 1 905 2007 499
138 2 2 1 1 1900 2538 1901
139 2 2 1 1 2827 3042 1107
140 2 2 1 1 2824 3341 2516
141 2 2 1 1 1295 2581 2317
142 2 2 1 1 2343 3039 1740
143 2 2 1 1 2116 2438 2437
144 2 2 1 1 1740 3083 2343
145 2 2 1 1 2492 2949 2415
146 2 2 1 1 1113 1114 1076
147 2 2 1 1 1056 2467 860
148 2 2 1 1 2176 3420 2491
149 2 2 1 1 915 3016 2637
150 2 2 1 1 359 1652 951
151 2 2 1 1 1523 2366 1550
152 2 2 1 1 26 1670 1153
153 2 2 1 1 958 2613 1693
154 2 2 1 1 2398 2987 1834
155 2 2 1 1 1943 1959 1382
156 2 2 1 1 1140 3135 2175
157 2 2 1 1 249 3254 250
158 2 2 1 1 740 2106 202
159 2 2 1 1 1172 2280 2252
160 2 2 1 1 2236 2579 1557
161 2 2 1 1 1121 2253 2013
162 2 2 1 1 2496 2907 1666
163 2 2 1 1 2006 2494 1648
164 2 2 1 1 2410 2959 1242
165 2 2 1 1 2754 2804 2627
166 2 2 1 1 2002 2623 2622
167 2 2 1 1 545 799 747
168 2 2 1 1 2412 3016 915
169 2 2 1 1 904 301 302
170 2 2 1 1 2357 2840 2044
171 2 2 1 1 2390 2403 2060
172 2 2 1 1 1034 2915 2193
173 2 2 1 1 1083 2553 2161
174 2 2 1 1 2232 2435 1392
175 2 2 1 1 1369 2404 1353
176 2 2 1 1 2236 2596 2350
177 2 2 1 1 661 2095 1151
178 2 2 1 1 1107 3042 1085
179 2 2 1 1 1103 2112 1974
180 2 2 1 1 2622 2986 2002
181 2 2 1 1 924 2863 1898
182 2 2 1 1 578 67 66
183 2 2 1 1 2177 3258 2827
184 2 2 1 1 2519 2671 1872
185 2 2 1 1 2408 2589 1326
186 2 2 1 1 2235 2536 1547
187 2 2 1 1 483 3043 1359
188 2 2 1 1 2981 3067 1068
189 2 2 1 1 2427 3313 1474
190 2 2 1 1 2095 2097 1151
191 2 2 1 1 2433 2486 1022
192 2 2 1 1 1066 3060 2282
193 2 2 1 1 2469 3032 2335
194 2 2 1 1 1286 2430 1354
195 2 2 1 1 668 2086 1074
196 2 2 1 1 2444 2578 1346
197 2 2 1 1 1077 2511 2510
198 2 2 1 1 2909 3029 917
199 2 2 1 1 2290 2874 1193
200 2 2 1 1 701 2556 702
201 2 2 1 1 2292 2293 2023
202 2 2 1 1 626 2094 206
203 2 2 1 1 1050 3258 2176
204 2 2 1 1 2389 2390 1605
205 2 2 1 1 127 64 580
206 2 2 1 1 2534 3249 2324
207 2 2 1 1 2266 2892 1035
208 2 2 1 1 1390 2176 1767
209 2 2 1 1 2516 3341 2517
210 2 2 1 1 2427 3051 923
211 2 2 1 1 2232 2504 2222
212 2 2 1 1 259 1949 246
213 2 2 1 1 2397 2987 2398
214 2 2 1 1 1110 2436 1498
215 2 2 1 1 1022 3084 2433
216 2 2 1 1 1784 2381 2174
217 2 2 1 1 2509 3062 1077
218 2 2 1 1 1112 2818 2789
219 2 2 1 1 2251 3274 2530
220 2 2 1 1 2530 2839 2251
221 2 2 1 1 2372 2585 965
222 2 2 1 1 2060 3092 2390
223 2 2 1 1 1395 1449 1007
224 2 2 1 1 1703 2874 2290
225 2 2 1 1 2647 2797 2146
226 2 2 1 1 298 660 886
227 2 2 1 1 2922 3217 3030
228 2 2 1 1 1862 3053 2199
229 2 2 1 1 1066 2282 1985
230 2 2 1 1 2714 3164 2990
231 2 2 1 1 2526 3173 2979
232 2 2 1 1 2165 3149 2752
233 2 2 1 1 1392 2504 2232
234 2 2 1 1 2851 2913 1200
235 2 2 1 1 1311 2229 1312
236 2 2 1 1 2164 3149 2165
237 2 2 1 1 1134 2464 1131
238 2 2 1 1 2643 3162 3019
239 2 2 1 1 328 327 643
240 2 2 1 1 2142 2143 1168
241 2 2 1 1 985 3196 2360
242 2 2 1 1 2408 2863 2589
243 2 2 1 1 475 784 474
244 2 2 1 1 1914 3126 2990
245 2 2 1 1 2990 3164 1914
246 2 2 1 1 2043 2416 1197
247 2 2 1 1 144 3441 143
248 2 2 1 1 1685 3126 1914
249 2 2 1 1 1693 3197 2173
250 2 2 1 1 1090 2937 2200
251 2 2 1 1 3019 3162 2032
252 2 2 1 1 2233 2277 1358
253 2 2 1 1 1634 3198 2899
254 2 2 1 1 307 2095 661
255 2 2 1 1 202 2985 740
256 2 2 1 1 2119 2531 1871
257 2 2 1 1 1636 2109 1876
258 2 2 1 1 75 2122 76
259 2 2 1 1 984 2867 2242
260 2 2 1 1 1110 1498 1496
261 2 2 1 1 2317 2581 1826
262 2 2 1 1 2307 2974 2331
263 2 2 1 1 2437 2820 2009
264 2 2 1 1 2695 3106 1893
265 2 2 1 1 135 3043 586
266 2 2 1 1 1605 3099 2389
267 2 2 1 1 2182 3364 2287
268 2 2 1 1 984 3304 2867
269 2 2 1 1 2526 2979 2525
270 2 2 1 1 1161 2312 2311
271 2 2 1 1 1972 3010 2336
272 2 2 1 1 1380 1702 1000
273 2 2 1 1 3166 3171 2394
274 2 2 1 1 1717 3171 3166
275 2 2 1 1 2061 3280 2560
276 2 2 1 1 1359 2048 483
277 2 2 1 1 1153 2233 1358
278 2 2 1 1 696 2142 1168
279 2 2 1 1 1673 3249 2534
280 2 2 1 1 1474 3010 2427
281 2 2 1 1 1893 2884 2695
282 2 2 1 1 2799 3061 2841
283 2 2 1 1 1428 2852 2249
284 2 2 1 1 1098 3034 2344
285 2 2 1 1 2044 2067 1665
286 2 2 1 1 1839 3165 2198
287 2 2 1 1 1649 3159 2319
288 2 2 1 1 2170 2272 1052
289 2 2 1 1 2013 3368 2044
290 2 2 1 1 1948 2351 1800
291 2 2 1 1 2541 3245 2059
292 2 2 1 1 2364 3246 1876
293 2 2 1 1 1902 2413 1355
294 2 2 1 1 1447 3075 2524
295 2 2 1 1 2904 3089 1170
296 2 2 1 1 2153 3222 2523
297 2 2 1 1 2066 3284 2136
298 2 2 1 1 2123 2937 2360
299 2 2 1 1 1547 2795 2235
300 2 2 1 1 2381 2831 2174
301 2 2 1 1 2136 2334 2066
302 2 2 1 1 2121 3067 2981
303 2 2 1 1 2287 2801 2182
304 2 2 1 1 2044 2840 2067
305 2 2 1 1 901 2103 174
306 2 2 1 1 332 2086 668
307 2 2 1 1 1747 2430 1297
308 2 2 1 1 2054 2855 1480
309 2 2 1 1 2444 2592 2443
310 2 2 1 1 2013 2179 1121
311 2 2 1 1 1784 2796 2201
312 2 2 1 1 1037 2885 2275
313 2 2 1 1 1774 2316 1771
314 2 2 1 1 2535 3119 2928
315 2 2 1 1 2059 3091 2541
316 2 2 1 1 1876 3246 3129
317 2 2 1 1 964 2939 2654
318 2 2 1 1 2309 2332 1291
319 2 2 1 1 2527 3002 2925
320 2 2 1 1 932 2741 2617
321 2 2 1 1 2548 2765 2300
322 2 2 1 1 983 2756 2148
323 2 2 1 1 3054 3416 3121
324 2 2 1 1 945 3276 2444
325 2 2 1 1 1052 2923 2170
326 2 2 1 1 2277 3264 1358
327 2 2 1 1 2016 2780 2580
328 2 2 1 1 1896 2863 924
329 2 2 1 1 2337 3057 1061
330 2 2 1 1 2524 3075 2138
331 2 2 1 1 2361 2366 1521
332 2 2 1 1 2654 2939 2449
333 2 2 1 1 1880 2802 2243
334 2 2 1 1 312 2161 940
335 2 2 1 1 343 1008 344
336 2 2 1 1 1745 2669 2254
337 2 2 1 1 2240 2295 1168
338 2 2 1 1 2478 2818 1112
339 2 2 1 1 267 1106 268
340 2 2 1 1 2799 3128 1953
341 2 2 1 1 2413 3358 1355
342 2 2 1 1 1085 3042 1894
343 2 2 1 1 1900 3317 2538
344 2 2 1 1 1826 2335 2299
345 2 2 1 1 820 1674 411
346 2 2 1 1 112 1695 1120
347 2 2 1 1 2243 2776 1630
348 2 2 1 1 127 65 64
349 2 2 1 1 1384 2779 2778
350 2 2 1 1 2388 2972 2813
351 2 2 1 1 2333 2606 2332
352 2 2 1 1 2759 3459 2835
353 2 2 1 1 2389 2972 2388
354 2 2 1 1 2351 3330 1800
355 2 2 1 1 1979 2902 2788
356 2 2 1 1 1035 3300 2266
357 2 2 1 1 1897 3254 1178
358 2 2 1 1 2172 3271 2678
359 2 2 1 1 2200 3053 1090
360 2 2 1 1 1898 2863 2408
361 2 2 1 1 2523 3222 1737
362 2 2 1 1 395 2245 864
363 2 2 1 1 2997 3106 1287
364 2 2 1 1 2300 2765 2317
365 2 2 1 1 3054 3121 2375
366 2 2 1 1 2876 2892 2594
367 2 2 1 1 2134 3112 2057
368 2 2 1 1 2193 3101 1034
369 2 2 1 1 1363 3336 2155
370 2 2 1 1 1035 2892 2876
371 2 2 1 1 1378 3218 735
372 2 2 1 1 2492 2952 1094
373 2 2 1 1 2899 3143 1634
374 2 2 1 1 2268 2875 2326
375 2 2 1 1 1103 1974 1667
376 2 2 1 1 1668 2327 1103
377 2 2 1 1 2383 2436 1483
378 2 2 1 1 1291 2368 2309
379 2 2 1 1 1646 2006 1648
380 2 2 1 1 842 3208 841
381 2 2 1 1 498 3043 482
382 2 2 1 1 1634 3143 518
383 2 2 1 1 1314 2748 1333
384 2 2 1 1 2284 2580 1048
385 2 2 1 1 2249 3328 1428
386 2 2 1 1 2240 2827 2295
387 2 2 1 1 2148 3192 983
388 2 2 1 1 1100 2824 2516
389 2 2 1 1 1671 3459 2759
390 2 2 1 1 2254 2669 2255
391 2 2 1 1 2260 3119 1744
392 2 2 1 1 2925 3002 2687
393 2 2 1 1 2585 2853 965
394 2 2 1 1 2067 2840 2497
395 2 2 1 1 1067 2209 2208
396 2 2 1 1 1640 2404 1369
397 2 2 1 1 2299 2317 1826
398 2 2 1 1 1311 3288 2229
399 2 2 1 1 891 3426 890
400 2 2 1 1 2497 2840 1881
401 2 2 1 1 2336 2769 1972
402 2 2 1 1 1384 3130 2779
403 2 2 1 1 457 1751 928
404 2 2 1 1 801 2732 800
405 2 2 1 1 2416 3210 2145
406 2 2 1 1 2356 2358 2015
407 2 2 1 1 2438 3229 1362
408 2 2 1 1 1200 3215 2851
409 2 2 1 1 2213 2359 2209
410 2 2 1 1 1764 3088 2988
411 2 2 1 1 2418 2419 1951
412 2 2 1 1 314 881 315
413 2 2 1 1 2922 3030 1684
414 2 2 1 1 445 1687 430
415 2 2 1 1 2472 2515 1780
416 2 2 1 1 749 2252 1086
417 2 2 1 1 1409 2850 2230
418 2 2 1 1 400 2142 696
419 2 2 1 1 2374 3121 1381
420 2 2 1 1 2440 2825 1012
421 2 2 1 1 1820 2363 1513
422 2 2 1 1 1156 2395 2385
423 2 2 1 1 2189 2453 1645
424 2 2 1 1 1911 2387 2344
425 2 2 1 1 2057 3357 2134
426 2 2 1 1 1888 3088 1764
427 2 2 1 1 1971 3051 2427
428 2 2 1 1 1977 2820 2437
429 2 2 1 1 1390 1767 1388
430 2 2 1 1 1112 2975 2478
431 2 2 1 1 2419 3207 1951
432 2 2 1 1 34 1385 35
433 2 2 1 1 2462 3251 2515
434 2 2 1 1 232 1379 233
435 2 2 1 1 2734 3087 990
436 2 2 1 1 192 1380 193
437 2 2 1 1 722 2228 428
438 2 2 1 1 1425 3059 2979
439 2 2 1 1 2269 2434 1678
440 2 2 1 1 357 1388 342
441 2 2 1 1 2295 2827 1484
442 2 2 1 1 1072 2063 1955
443 2 2 1 1 2063 2895 1955
444 2 2 1 1 3176 3197 1693
445 2 2 1 1 2793 3057 2337
446 2 2 1 1 2928 3119 2050
447 2 2 1 1 2155 3406 1363
448 2 2 1 1 1008 1107 1085
449 2 2 1 1 44 1472 31
450 2 2 1 1 2933 2963 663
451 2 2 1 1 2830 2969 1194
452 2 2 1 1 1333 2865 2688
453 2 2 1 1 2200 2937 2634
454 2 2 1 1 256 2141 257
455 2 2 1 1 258 1482 259
456 2 2 1 1 396 2245 395
457 2 2 1 1 255 1898 979
458 2 2 1 1 1814 2671 2519
459 2 2 1 1 2788 3326 1979
460 2 2 1 1 1316 3108 2883
461 2 2 1 1 2142 3458 2143
462 2 2 1 1 1822 2335 1826
463 2 2 1 1 2143 3458 3174
464 2 2 1 1 515 2202 514
465 2 2 1 1 1795 2512 2500
466 2 2 1 1 1961 3219 1062
467 2 2 1 1 2382 2440 1012
468 2 2 1 1 1338 2797 2647
469 2 2 1 1 2350 2596 2072
470 2 2 1 1 1862 3064 2011
471 2 2 1 1 1652 1653 951
472 2 2 1 1 36 1377 37
473 2 2 1 1 2088 2933 2269
474 2 2 1 1 1670 2056 1153
475 2 2 1 1 2242 3391 1443
476 2 2 1 1 1872 2671 1874
477 2 2 1 1 2800 2912 2045
478 2 2 1 1 2404 2757 1353
479 2 2 1 1 1443 3322 2242
480 2 2 1 1 2230 3281 1409
481 2 2 1 1 2171 3108 1896
482 2 2 1 1 931 2986 1869
483 2 2 1 1 2116 2437 2009
484 2 2 1 1 1866 2794 2478
485 2 2 1 1 2792 3432 2476
486 2 2 1 1 702 2556 1019
487 2 2 1 1 1048 2860 2284
488 2 2 1 1 2330 2491 1855
489 2 2 1 1 1320 2898 2207
490 2 2 1 1 2395 3219 1961
491 2 2 1 1 2167 3106 2997
492 2 2 1 1 123 1770 1148
493 2 2 1 1 2923 2942 2204
494 2 2 1 1 91 1517 92
495 2 2 1 1 2478 2794 1485
496 2 2 1 1 517 1634 518
497 2 2 1 1 165 1635 164
498 2 2 1 1 2274 2380 2131
499 2 2 1 1 531 3292 532
500 2 2 1 1 1645 3206 2189
501 2 2 1 1 432 1642 433
502 2 2 1 1 2331 2974 941
503 2 2 1 1 2405 2407 1117
504 2 2 1 1 78 1646 79
505 2 2 1 1 358 1652 359
506 2 2 1 1 518 3143 1091
507 2 2 1 1 48 1666 49
508 2 2 1 1 2033 3295 2683
509 2 2 1 1 225 2367 226
510 2 2 1 1 2730 3146 2610
511 2 2 1 1 25 1670 26
512 2 2 1 1 2375 3121 2374
513 2 2 1 1 1027 3026 2294
514 2 2 1 1 2326 2455 1095
515 2 2 1 1 2627 2843 1071
516 2 2 1 1 2239 2471 1863
517 2 2 1 1 1163 2358 2356
518 2 2 1 1 2674 3102 2675
519 2 2 1 1 1881 2840 1675
520 2 2 1 1 1185 2338 2181
521 2 2 1 1 2187 2500 1097
522 2 2 1 1 2760 3020 2012
523 2 2 1 1 2207 3048 1320
524 2 2 1 1 2675 3263 2751
525 2 2 1 1 1700 2479 1754
526 2 2 1 1 2751 3263 2056
527 2 2 1 1 911 3211 2224
528 2 2 1 1 378 2862 379
529 2 2 1 1 1131 2464 1133
530 2 2 1 1 945 2444 1379
531 2 2 1 1 1136 2522 2265
532 2 2 1 1 1067 2208 772
533 2 2 1 1 2874 2928 2050
534 2 2 1 1 2377 2822 1149
535 2 2 1 1 2218 2336 1793
536 2 2 1 1 2346 2466 1056
537 2 2 1 1 635 2301 236
538 2 2 1 1 2317 2765 1295
539 2 2 1 1 279 1684 280
540 2 2 1 1 864 2245 863
541 2 2 1 1 1608 2768 1611
542 2 2 1 1 1345 3408 883
543 2 2 1 1 2063 2122 1183
544 2 2 1 1 1107 3240 2177
545 2 2 1 1 1752 3115 2281
546 2 2 1 1 1957 2392 2068
547 2 2 1 1 2748 2865 1333
548 2 2 1 1 2157 2808 2158
549 2 2 1 1 921 3085 2110
550 2 2 1 1 1530 3006 2951
551 2 2 1 1 2161 2553 2162
552 2 2 1 1 2246 3345 2096
553 2 2 1 1 1836 2374 1774
554 2 2 1 1 131 2206 807
555 2 2 1 1 940 2968 311
556 2 2 1 1 1626 2418 1607
557 2 2 1 1 1760 2874 2050
558 2 2 1 1 2683 2684 2033
559 2 2 1 1 1744 2872 2260
560 2 2 1 1 979 2141 256
561 2 2 1 1 2003 3349 2191
562 2 2 1 1 990 2893 2379
563 2 2 1 1 2374 2926 1774
564 2 2 1 1 2363 3246 1513
565 2 2 1 1 2096 3440 2246
566 2 2 1 1 1695 2351 1120
567 2 2 1 1 2606 3125 2332
568 2 2 1 1 2318 2400 2132
569 2 2 1 1 1679 2434 1682
570 2 2 1 1 1759 3264 2277
571 2 2 1 1 2183 2909 2195
572 2 2 1 1 2614 3234 2087
573 2 2 1 1 1950 3085 921
574 2 2 1 1 269 2113 944
575 2 2 1 1 2087 3095 2614
576 2 2 1 1 2293 2989 2023
577 2 2 1 1 1408 2917 2270
578 2 2 1 1 2393 2954 2601
579 2 2 1 1 2580 2780 1048
580 2 2 1 1 1648 3159 1649
581 2 2 1 1 1649 2355 1647
582 2 2 1 1 2002 2986 931
583 2 2 1 1 111 1695 112
584 2 2 1 1 113 2225 114
585 2 2 1 1 2084 3316 1776
586 2 2 1 1 2241 2959 2532
587 2 2 1 1 2128 3360 3342
588 2 2 1 1 2034 2973 2400
589 2 2 1 1 793 3047 2929
590 2 2 1 1 2803 3030 2817
591 2 2 1 1 1377 2174 1804
592 2 2 1 1 2174 3000 1804
593 2 2 1 1 1240 2959 2241
594 2 2 1 1 1472 3313 1997
595 2 2 1 1 2362 3223 3168
596 2 2 1 1 2108 3060 1066
597 2 2 1 1 2311 2457 1161
598 2 2 1 1 2255 2669 2630
599 2 2 1 1 2617 2785 932
600 2 2 1 1 2732 3417 800
601 2 2 1 1 2282 3060 1905
602 2 2 1 1 456 1749 455
603 2 2 1 1 458 1751 457
604 2 2 1 1 1159 3223 2362
605 2 2 1 1 1775 2084 1776
606 2 2 1 1 2206 3385 2178
607 2 2 1 1 2288 3271 2736
608 2 2 1 1 2426 3313 2427
609 2 2 1 1 1688 2367 2244
610 2 2 1 1 1134 3323 2464
611 2 2 1 1 1905 3279 2282
612 2 2 1 1 957 2396 1888
613 2 2 1 1 2844 2894 1180
614 2 2 1 1 904 2352 903
615 2 2 1 1 2560 2758 1970
616 2 2 1 1 2808 3411 2158
617 2 2 1 1 2110 3085 2659
618 2 2 1 1 1149 3311 2377
619 2 2 1 1 2012 3020 2098
620 2 2 1 1 2209 2359 2208
621 2 2 1 1 1867 3301 2310
622 2 2 1 1 978 2293 2292
623 2 2 1 1 2978 3101 2193
624 2 2 1 1 1678 3191 2269
625 2 2 1 1 72 1788 1020
626 2 2 1 1 2318 2934 1908
627 2 2 1 1 2384 2735 1503
628 2 2 1 1 908 2192 469
629 2 2 1 1 1183 2895 2063
630 2 2 1 1 2736 3271 2172
631 2 2 1 1 1026 3412 2262
632 2 2 1 1 2342 2343 1015
633 2 2 1 1 119 1768 120
634 2 2 1 1 122 1770 123
635 2 2 1 1 3305 3385 2812
636 2 2 1 1 1025 2737 2320
637 2 2 1 1 2262 2821 1026
638 2 2 1 1 1728 2705 1731
639 2 2 1 1 1065 3432 2792
640 2 2 1 1 2359 3382 1347
641 2 2 1 1 1152 2798 2069
642 2 2 1 1 2131 3213 2274
643 2 2 1 1 228 327 341
644 2 2 1 1 2218 2769 2336
645 2 2 1 1 2185 2351 1695
646 2 2 1 1 1851 2489 1165
647 2 2 1 1 2339 3115 1752
648 2 2 1 1 1064 2764 2284
649 2 2 1 1 1993 2982 2517
650 2 2 1 1 2266 3363 2892
651 2 2 1 1 2418 2768 1607
652 2 2 1 1 772 2208 541
653 2 2 1 1 3342 3360 2291
654 2 2 1 1 2336 3010 1474
655 2 2 1 1 2265 3135 1136
656 2 2 1 1 912 3211 911
657 2 2 1 1 2136 3284 2102
658 2 2 1 1 2979 3059 2525
659 2 2 1 1 2601 2738 2393
660 2 2 1 1 2269 2933 1151
661 2 2 1 1 2861 2935 1099
662 2 2 1 1 1176 3336 1363
663 2 2 1 1 2448 2983 2809
664 2 2 1 1 2360 2937 1090
665 2 2 1 1 2809 2984 2674
666 2 2 1 1 71 1788 72
667 2 2 1 1 2772 3221 2737
668 2 2 1 1 1966 2411 1196
669 2 2 1 1 2517 3262 1993
670 2 2 1 1 1422 2805 2777
671 2 2 1 1 2392 2394 2068
672 2 2 1 1 1748 2329 1051
673 2 2 1 1 2344 3083 1911
674 2 2 1 1 2324 3001 2534
675 2 2 1 1 2241 3356 1240
676 2 2 1 1 502 3211 912
677 2 2 1 1 1754 2479 2012
678 2 2 1 1 761 3211 502
679 2 2 1 1 2777 2805 2349
680 2 2 1 1 2094 2267 206
681 2 2 1 1 2215 3198 1199
682 2 2 1 1 990 2228 722
683 2 2 1 1 3 1799 954
684 2 2 1 1 2270 3411 1408
685 2 2 1 1 2 1799 3
686 2 2 1 1 1672 2361 927
687 2 2 1 1 2275 2886 1037
688 2 2 1 1 433 3156 434
689 2 2 1 1 2513 2935 2861
690 2 2 1 1 935 2984 2809
691 2 2 1 1 2466 2467 1056
692 2 2 1 1 513 2999 765
693 2 2 1 1 2319 3142 1649
694 2 2 1 1 2383 3344 2436
695 2 2 1 1 2838 2877 2514
696 2 2 1 1 364 3428 682
697 2 2 1 1 1896 3108 2709
698 2 2 1 1 2883 3108 2171
699 2 2 1 1 1822 2469 2335
700 2 2 1 1 929 2116 1018
701 2 2 1 1 2303 2313 2307
702 2 2 1 1 2110 3145 2109
703 2 2 1 1 1195 3385 2206
704 2 2 1 1 2888 3117 2073
705 2 2 1 1 2494 3159 1648
706 2 2 1 1 2802 3072 2243
707 2 2 1 1 1890 2470 2469
708 2 2 1 1 2035 2856 2034
709 2 2 1 1 2092 3221 2772
710 2 2 1 1 540 2216 771
711 2 2 1 1 624 3011 2906
712 2 2 1 1 1893 3106 2167
713 2 2 1 1 628 2455 208
714 2 2 1 1 2705 3081 2047
715 2 2 1 1 2110 3201 3145
716 2 2 1 1 1774 2926 2316
717 2 2 1 1 1196 2411 1104
718 2 2 1 1 2467 3158 859
719 2 2 1 1 1894 3042 2240
720 2 2 1 1 1059 3148 3058
721 2 2 1 1 532 3292 835
722 2 2 1 1 2067 2497 2496
723 2 2 1 1 2238 3140 1021
724 2 2 1 1 2073 3200 2888
725 2 2 1 1 2501 3408 1345
726 2 2 1 1 2146 3361 2647
727 2 2 1 1 39 1857 40
728 2 2 1 1 3007 3179 2147
729 2 2 1 1 2610 3226 2730
730 2 2 1 1 1611 2768 2450
731 2 2 1 1 1172 2732 2280
732 2 2 1 1 2086 3234 2254
733 2 2 1 1 1863 2471 2128
734 2 2 1 1 2224 2967 911
735 2 2 1 1 2488 3286 1737
736 2 2 1 1 1766 3090 2333
737 2 2 1 1 1471 3276 945
738 2 2 1 1 1118 3380 2770
739 2 2 1 1 1201 2268 2267
740 2 2 1 1 1836 2375 2374
741 2 2 1 1 2896 3382 2359
742 2 2 1 1 323 2842 324
743 2 2 1 1 2366 2397 1550
744 2 2 1 1 674 2458 675
745 2 2 1 1 2781 2836 1079
746 2 2 1 1 2186 3433 2340
747 2 2 1 1 2396 3088 1888
748 2 2 1 1 1768 3159 2093
749 2 2 1 1 923 3051 2414
750 2 2 1 1 1118 3466 3380
751 2 2 1 1 623 2794 198
752 2 2 1 1 2315 3076 1375
753 2 2 1 1 568 2813 106
754 2 2 1 1 2319 3159 1768
755 2 2 1 1 2207 3433 2186
756 2 2 1 1 642 3022 643
757 2 2 1 1 83 1868 84
758 2 2 1 1 85 1869 86
759 2 2 1 1 1678 2434 1679
760 2 2 1 1 2186 2340 962
761 2 2 1 1 954 3200 2150
762 2 2 1 1 2954 3081 2601
763 2 2 1 1 667 3298 652
764 2 2 1 1 2072 2749 2350
765 2 2 1 1 2191 3437 2762
766 2 2 1 1 2077 3186 2766
767 2 2 1 1 2333 3419 1766
768 2 2 1 1 843 2848 147
769 2 2 1 1 2945 3295 2033
770 2 2 1 1 1672 2365 2361
771 2 2 1 1 2309 2368 2306
772 2 2 1 1 2306 2368 2308
773 2 2 1 1 3192 3395 2755
774 2 2 1 1 2864 2993 1918
775 2 2 1 1 1869 2986 2196
776 2 2 1 1 2220 3052 2222
777 2 2 1 1 22 2944 552
778 2 2 1 1 1342 2493 1350
779 2 2 1 1 2314 3167 2357
780 2 2 1 1 2313 2974 2307
781 2 2 1 1 2881 3396 2676
782 2 2 1 1 1517 3365 1069
783 2 2 1 1 2281 2997 1752
784 2 2 1 1 1661 3129 2137
785 2 2 1 1 2899 3198 2062
786 2 2 1 1 2659 3201 2110
787 2 2 1 1 2448 2449 1105
788 2 2 1 1 2279 3325 1167
789 2 2 1 1 2294 3026 2952
790 2 2 1 1 3218 3404 2613
791 2 2 1 1 2114 2179 60
792 2 2 1 1 1750 2912 2800
793 2 2 1 1 1360 3225 2338
794 2 2 1 1 1666 2907 2401
795 2 2 1 1 2166 2853 2585
796 2 2 1 1 2594 2798 1152
797 2 2 1 1 76 2122 2063
798 2 2 1 1 2330 3040 2491
799 2 2 1 1 2735 3205 1958
800 2 2 1 1 170 1985 171
801 2 2 1 1 1021 2972 2238
802 2 2 1 1 1635 2887 1950
803 2 2 1 1 654 2190 291
804 2 2 1 1 1927 2628 2380
805 2 2 1 1 1449 1451 1450
806 2 2 1 1 1450 2049 1007
807 2 2 1 1 971 2503 1904
808 2 2 1 1 2194 2978 2193
809 2 2 1 1 505 2202 515
810 2 2 1 1 2136 2339 2334
811 2 2 1 1 2766 3253 2077
812 2 2 1 1 2164 2165 1961
813 2 2 1 1 2278 3051 1839
814 2 2 1 1 220 1891 221
815 2 2 1 1 2338 2920 1360
816 2 2 1 1 3121 3416 1702
817 2 2 1 1 2185 3330 2351
818 2 2 1 1 2428 2429 1747
819 2 2 1 1 1174 2804 2754
820 2 2 1 1 2380 2628 2131
821 2 2 1 1 2254 2255 1074
822 2 2 1 1 290 2421 650
823 2 2 1 1 2298 3028 2300
824 2 2 1 1 2118 2424 2378
825 2 2 1 1 340 946 674
826 2 2 1 1 2951 3006 2398
827 2 2 1 1 254 1898 255
828 2 2 1 1 11 1900 12
829 2 2 1 1 1954 2760 2328
830 2 2 1 1 972 2479 2345
831 2 2 1 1 2634 2937 2123
832 2 2 1 1 2687 2856 2035
833 2 2 1 1 2745 3086 2910
834 2 2 1 1 2002 2966 2623
835 2 2 1 1 284 1903 285
836 2 2 1 1 880 3069 879
837 2 2 1 1 2430 2431 1354
838 2 2 1 1 2407 3233 786
839 2 2 1 1 1161 3114 2312
840 2 2 1 1 1156 2992 2395
841 2 2 1 1 786 3233 409
842 2 2 1 1 2107 2402 1689
843 2 2 1 1 1770 1771 1148
844 2 2 1 1 2523 3148 2153
845 2 2 1 1 2817 3030 1092
846 2 2 1 1 114 2225 1096
847 2 2 1 1 2051 3119 2260
848 2 2 1 1 1113 1384 1114
849 2 2 1 1 1114 1158 1076
850 2 2 1 1 1095 2977 2268
851 2 2 1 1 2017 3172 1982
852 2 2 1 1 2147 3179 2036
853 2 2 1 1 190 2360 616
854 2 2 1 1 1982 3177 2017
855 2 2 1 1 2434 2502 1682
856 2 2 1 1 1894 2884 1893
857 2 2 1 1 2521 2861 1099
858 2 2 1 1 1793 2336 1473
859 2 2 1 1 863 2245 1173
860 2 2 1 1 418 3260 417
861 2 2 1 1 2443 2592 1308
862 2 2 1 1 852 1885 390
863 2 2 1 1 967 3111 2273
864 2 2 1 1 2015 2781 2356
865 2 2 1 1 1344 2494 2493
866 2 2 1 1 2011 2926 2374
867 2 2 1 1 2239 2944 2471
868 2 2 1 1 1056 2829 2346
869 2 2 1 1 2370 2886 2847
870 2 2 1 1 2429 2430 1747
871 2 2 1 1 1179 2338 1185
872 2 2 1 1 2097 2269 1151
873 2 2 1 1 2161 2162 940
874 2 2 1 1 2062 2940 2899
875 2 2 1 1 1731 2705 2704
876 2 2 1 1 1998 2705 1728
877 2 2 1 1 2759 2835 1155
878 2 2 1 1 1389 2278 2198
879 2 2 1 1 2692 2870 2014
880 2 2 1 1 2489 3165 1165
881 2 2 1 1 954 2150 1802
882 2 2 1 1 2294 3128 1027
883 2 2 1 1 2367 3131 2244
884 2 2 1 1 663 2963 664
885 2 2 1 1 754 3381 755
886 2 2 1 1 2176 2177 1767
887 2 2 1 1 1607 2768 1608
888 2 2 1 1 1691 2995 2257
889 2 2 1 1 2354 3228 1464
890 2 2 1 1 2998 3381 754
891 2 2 1 1 2623 2966 1824
892 2 2 1 1 1798 2231 1973
893 2 2 1 1 2220 3172 3052
894 2 2 1 1 2654 3167 964
895 2 2 1 1 2349 2805 1430
896 2 2 1 1 2287 3364 1016
897 2 2 1 1 1697 2479 1700
898 2 2 1 1 2044 3368 2357
899 2 2 1 1 1203 3028 2298
900 2 2 1 1 2929 3047 2621
901 2 2 1 1 1723 2441 2439
902 2 2 1 1 2143 2240 1168
903 2 2 1 1 268 2113 269
904 2 2 1 1 944 2877 2838
905 2 2 1 1 2553 3297 2162
906 2 2 1 1 2201 3403 2381
907 2 2 1 1 446 1916 797
908 2 2 1 1 2204 3338 2923
909 2 2 1 1 1696 2185 1695
910 2 2 1 1 1167 3325 2348
911 2 2 1 1 2304 2991 2301
912 2 2 1 1 2738 3405 2393
913 2 2 1 1 2314 2357 953
914 2 2 1 1 2221 3385 3305
915 2 2 1 1 1838 2453 1837
916 2 2 1 1 3087 3228 2354
917 2 2 1 1 40 1857 969
918 2 2 1 1 1171 1196 1104
919 2 2 1 1 2483 2873 1654
920 2 2 1 1 1762 2504 1393
921 2 2 1 1 2228 3087 2354
922 2 2 1 1 1504 2415 1500
923 2 2 1 1 2370 2996 2886
924 2 2 1 1 2704 2705 2047
925 2 2 1 1 2023 3270 2292
926 2 2 1 1 191 2451 1057
927 2 2 1 1 1097 2499 2187
928 2 2 1 1 1013 3191 1678
929 2 2 1 1 617 2451 191
930 2 2 1 1 1475 2272 2170
931 2 2 1 1 402 2774 698
932 2 2 1 1 1611 2450 1614
933 2 2 1 1 2428 2940 2062
934 2 2 1 1 990 3087 2228
935 2 2 1 1 1122 2792 2791
936 2 2 1 1 1943 2748 2229
937 2 2 1 1 2378 2424 1765
938 2 2 1 1 2856 2973 2034
939 2 2 1 1 1194 2967 2830
940 2 2 1 1 2487 3003 1716
941 2 2 1 1 2440 3466 2825
942 2 2 1 1 156 3036 819
943 2 2 1 1 1898 2219 979
944 2 2 1 1 2634 3342 2200
945 2 2 1 1 244 2258 638
946 2 2 1 1 3189 3273 828
947 2 2 1 1 1078 2403 2115
948 2 2 1 1 665 3369 3094
949 2 2 1 1 929 3104 2116
950 2 2 1 1 1362 2871 2438
951 2 2 1 1 2304 2432 2431
952 2 2 1 1 927 2361 1518
953 2 2 1 1 215 2092 629
954 2 2 1 1 2205 3454 2558
955 2 2 1 1 2453 3366 1837
956 2 2 1 1 775 3309 774
957 2 2 1 1 2088 2963 2933
958 2 2 1 1 839 3315 534
959 2 2 1 1 982 2313 2303
960 2 2 1 1 2460 2477 1485
961 2 2 1 1 1788 1789 1020
962 2 2 1 1 2750 2816 1128
963 2 2 1 1 2193 2915 1994
964 2 2 1 1 1374 2285 1106
965 2 2 1 1 2283 2900 1140
966 2 2 1 1 3082 3115 949
967 2 2 1 1 2864 2873 2483
968 2 2 1 1 616 2360 1090
969 2 2 1 1 820 2869 1674
970 2 2 1 1 1958 3077 2735
971 2 2 1 1 2655 2662 2040
972 2 2 1 1 1890 2746 2470
973 2 2 1 1 1379 1766 233
974 2 2 1 1 1051 2329 1386
975 2 2 1 1 2926 3064 2936
976 2 2 1 1 697 2295 399
977 2 2 1 1 2087 3234 2086
978 2 2 1 1 1895 2171 1896
979 2 2 1 1 1067 2210 2209
980 2 2 1 1 3138 3445 2089
981 2 2 1 1 687 3188 383
982 2 2 1 1 2538 3232 1901
983 2 2 1 1 1123 3244 2379
984 2 2 1 1 469 2192 742
985 2 2 1 1 2047 3081 970
986 2 2 1 1 2425 2914 1801
987 2 2 1 1 430 3206 431
988 2 2 1 1 1350 2493 2423
989 2 2 1 1 1344 2493 1342
990 2 2 1 1 2832 3395 3192
991 2 2 1 1 936 2771 2087
992 2 2 1 1 1691 3376 2995
993 2 2 1 1 1388 1767 342
994 2 2 1 1 2128 3342 2634
995 2 2 1 1 2197 3041 1470
996 2 2 1 1 1795 3181 2512
997 2 2 1 1 116 2286 574
998 2 2 1 1 1167 3395 2279
999 2 2 1 1 3193 3242 1618
1000 2 2 1 1 1111 2767 2353
1001 2 2 1 1 2741 3392 2617
1002 2 2 1 1 1503 3436 2384
1003 2 2 1 1 2089 3445 1494
1004 2 2 1 1 1113 2411 1384
1005 2 2 1 1 2169 3288 2667
1006 2 2 1 1 575 2447 117
1007 2 2 1 1 2137 3246 2363
1008 2 2 1 1 2328 2961 1954
1009 2 2 1 1 1626 2419 2418
1010 2 2 1 1 2011 3064 2926
1011 2 2 1 1 2100 2858 2099
1012 2 2 1 1 59 2114 60
1013 2 2 1 1 1101 3146 2730
1014 2 2 1 1 463 2902 741
1015 2 2 1 1 673 2880 334
1016 2 2 1 1 1737 3222 2488
1017 2 2 1 1 201 2985 202
1018 2 2 1 1 2468 2833 1009
1019 2 2 1 1 1653 1655 951
1020 2 2 1 1 2775 2913 2851
1021 2 2 1 1 3194 3291 1642
1022 2 2 1 1 280 3414 644
1023 2 2 1 1 235 2313 634
1024 2 2 1 1 606 1033 167
1025 2 2 1 1 3056 3230 1631
1026 2 2 1 1 1019 3332 2358
1027 2 2 1 1 2693 3275 1038
1028 2 2 1 1 2809 2983 935
1029 2 2 1 1 1962 2901 2386
1030 2 2 1 1 1858 2459 1643
1031 2 2 1 1 2848 3005 2154
1032 2 2 1 1 2297 3273 3189
1033 2 2 1 1 1504 2492 2415
1034 2 2 1 1 1942 3191 1013
1035 2 2 1 1 1481 3183 2347
1036 2 2 1 1 2332 3125 1291
1037 2 2 1 1 3077 3249 1673
1038 2 2 1 1 2284 2860 1064
1039 2 2 1 1 168 1156 605
1040 2 2 1 1 2511 3009 2500
1041 2 2 1 1 218 2132 219
1042 2 2 1 1 1464 3209 2354
1043 2 2 1 1 2144 2205 939
1044 2 2 1 1 1991 2289 151
1045 2 2 1 1 2355 3227 1647
1046 2 2 1 1 1344 3247 2494
1047 2 2 1 1 1780 2474 2472
1048 2 2 1 1 2347 3205 1481
1049 2 2 1 1 2035 2925 2687
1050 2 2 1 1 2021 3016 2412
1051 2 2 1 1 819 1877 818
1052 2 2 1 1 1689 2402 1669
1053 2 2 1 1 2526 3232 1883
1054 2 2 1 1 2244 3242 3193
1055 2 2 1 1 2135 3207 2419
1056 2 2 1 1 1116 3049 2919
1057 2 2 1 1 362 2155 681
1058 2 2 1 1 2424 2498 1765
1059 2 2 1 1 1642 3291 1644
1060 2 2 1 1 1687 2189 430
1061 2 2 1 1 2281 3115 3082
1062 2 2 1 1 875 2226 1866
1063 2 2 1 1 2447 2656 1060
1064 2 2 1 1 84 1868 931
1065 2 2 1 1 86 1869 974
1066 2 2 1 1 2912 3226 2045
1067 2 2 1 1 160 2885 603
1068 2 2 1 1 978 2355 2293
1069 2 2 1 1 2220 2504 1762
1070 2 2 1 1 1393 2504 1392
1071 2 2 1 1 167 2323 604
1072 2 2 1 1 2109 3145 2364
1073 2 2 1 1 1503 3077 1673
1074 2 2 1 1 2343 2344 1015
1075 2 2 1 1 2692 3275 2693
1076 2 2 1 1 1716 3286 2487
1077 2 2 1 1 2812 3385 1195
1078 2 2 1 1 2846 2847 2276
1079 2 2 1 1 2240 3389 1894
1080 2 2 1 1 2830 3306 2969
1081 2 2 1 1 2423 2493 2006
1082 2 2 1 1 2500 2512 2511
1083 2 2 1 1 2916 3360 1495
1084 2 2 1 1 2291 3360 2916
1085 2 2 1 1 1924 3283 3282
1086 2 2 1 1 971 2810 2503
1087 2 2 1 1 281 2457 1041
1088 2 2 1 1 550 3101 15
1089 2 2 1 1 1373 2551 2481
1090 2 2 1 1 120 3324 121
1091 2 2 1 1 52 2017 53
1092 2 2 1 1 54 2018 55
1093 2 2 1 1 2483 2993 2864
1094 2 2 1 1 930 2739 2227
1095 2 2 1 1 2667 3288 1311
1096 2 2 1 1 3052 3172 980
1097 2 2 1 1 79 3227 80
1098 2 2 1 1 807 2206 2178
1099 2 2 1 1 106 1021 569
1100 2 2 1 1 591 966 140
1101 2 2 1 1 647 2814 282
1102 2 2 1 1 2348 3427 1167
1103 2 2 1 1 2527 2925 2814
1104 2 2 1 1 2175 3135 2265
1105 2 2 1 1 1752 3046 2339
1106 2 2 1 1 1500 2415 1497
1107 2 2 1 1 958 3218 2613
1108 2 2 1 1 2477 2478 1485
1109 2 2 1 1 2316 3334 1771
1110 2 2 1 1 2197 3393 3041
1111 2 2 1 1 1850 3198 2215
1112 2 2 1 1 2397 2398 1550
1113 2 2 1 1 2476 3204 2792
1114 2 2 1 1 2340 2341 962
1115 2 2 1 1 1099 2968 2521
1116 2 2 1 1 422 2047 421
1117 2 2 1 1 2365 2366 2361
1118 2 2 1 1 1173 3040 2330
1119 2 2 1 1 645 2457 281
1120 2 2 1 1 2478 2975 1866
1121 2 2 1 1 255 979 256
1122 2 2 1 1 1161 2457 645
1123 2 2 1 1 1451 1452 1450
1124 2 2 1 1 1449 2230 1451
1125 2 2 1 1 2165 2385 1961
1126 2 2 1 1 2093 3159 2494
1127 2 2 1 1 570 2909 107
1128 2 2 1 1 2255 2342 1074
1129 2 2 1 1 2237 3249 3077
1130 2 2 1 1 1674 2869 2014
1131 2 2 1 1 2902 3067 2788
1132 2 2 1 1 2056 2233 1153
1133 2 2 1 1 2431 2432 1354
1134 2 2 1 1 1201 2267 2094
1135 2 2 1 1 1770 1772 1771
1136 2 2 1 1 1856 2779 1042
1137 2 2 1 1 1114 1159 1158
1138 2 2 1 1 1158 2224 1076
1139 2 2 1 1 2259 2826 2258
1140 2 2 1 1 1973 2216 938
1141 2 2 1 1 2464 2465 1133
1142 2 2 1 1 2424 2842 2498
1143 2 2 1 1 2010 2816 2750
1144 2 2 1 1 2081 3141 2080
1145 2 2 1 1 841 2256 840
1146 2 2 1 1 2417 2429 2428
1147 2 2 1 1 2515 3251 2516
1148 2 2 1 1 1885 2152 523
1149 2 2 1 1 1822 2650 2469
1150 2 2 1 1 2469 2650 1890
1151 2 2 1 1 2481 2551 2480
1152 2 2 1 1 2227 2739 1039
1153 2 2 1 1 2662 3403 2040
1154 2 2 1 1 2097 2434 2269
1155 2 2 1 1 573 2958 116
1156 2 2 1 1 2119 3289 2396
1157 2 2 1 1 2229 3288 1959
1158 2 2 1 1 2500 3009 1097
1159 2 2 1 1 2273 3163 967
1160 2 2 1 1 1206 2480 1212
1161 2 2 1 1 2984 3102 2674
1162 2 2 1 1 2481 2552 1373
1163 2 2 1 1 2135 3404 3218
1164 2 2 1 1 2556 2780 2016
1165 2 2 1 1 1171 1197 1196
1166 2 2 1 1 948 2854 2380
1167 2 2 1 1 2192 2969 2163
1168 2 2 1 1 1642 1644 433
1169 2 2 1 1 586 3043 498
1170 2 2 1 1 2477 2818 2478
1171 2 2 1 1 1898 2408 2219
1172 2 2 1 1 1646 1647 79
1173 2 2 1 1 961 2354 2046
1174 2 2 1 1 1788 1790 1789
1175 2 2 1 1 1068 3067 2902
1176 2 2 1 1 817 2518 1083
1177 2 2 1 1 2269 3191 2088
1178 2 2 1 1 2070 3049 2252
1179 2 2 1 1 2979 3173 1430
1180 2 2 1 1 1053 2911 2503
1181 2 2 1 1 2210 2211 2209
1182 2 2 1 1 701 2780 2556
1183 2 2 1 1 1952 2776 2243
1184 2 2 1 1 2910 3086 2225
1185 2 2 1 1 2675 3102 1044
1186 2 2 1 1 2382 2826 2259
1187 2 2 1 1 2249 2852 2251
1188 2 2 1 1 2461 2477 2460
1189 2 2 1 1 1653 1656 1655
1190 2 2 1 1 1820 2931 2363
1191 2 2 1 1 1857 1969 969
1192 2 2 1 1 2037 2465 2464
1193 2 2 1 1 2326 3304 2455
1194 2 2 1 1 1012 2826 2382
1195 2 2 1 1 2094 2422 261
1196 2 2 1 1 2459 3194 1643
1197 2 2 1 1 2414 3051 2278
1198 2 2 1 1 979 2855 2141
1199 2 2 1 1 742 2163 468
1200 2 2 1 1 197 2460 622
1201 2 2 1 1 2069 2202 1152
1202 2 2 1 1 2480 2551 1212
1203 2 2 1 1 3185 3259 1102
1204 2 2 1 1 2358 3136 1019
1205 2 2 1 1 1102 3347 3185
1206 2 2 1 1 3094 3369 2190
1207 2 2 1 1 1756 2529 1701
1208 2 2 1 1 1929 2492 1506
1209 2 2 1 1 1506 2492 1504
1210 2 2 1 1 2426 3139 1997
1211 2 2 1 1 1638 2542 1641
1212 2 2 1 1 1204 2480 1206
1213 2 2 1 1 1367 2495 1186
1214 2 2 1 1 2037 2542 2465
1215 2 2 1 1 2343 3083 2344
1216 2 2 1 1 2410 3113 2139
1217 2 2 1 1 2350 2749 2529
1218 2 2 1 1 2320 3079 1025
1219 2 2 1 1 876 2226 875
1220 2 2 1 1 1969 2757 2404
1221 2 2 1 1 368 2079 369
1222 2 2 1 1 2274 3213 933
1223 2 2 1 1 2450 2820 1614
1224 2 2 1 1 2847 2886 2276
1225 2 2 1 1 2511 3153 2510
1226 2 2 1 1 2484 2485 1519
1227 2 2 1 1 2097 2502 2434
1228 2 2 1 1 1451 1453 1452
1229 2 2 1 1 2385 2395 1961
1230 2 2 1 1 1463 2953 2905
1231 2 2 1 1 1089 2848 2154
1232 2 2 1 1 2350 2529 1756
1233 2 2 1 1 1772 1774 1771
1234 2 2 1 1 1159 1692 1158
1235 2 2 1 1 2299 2335 913
1236 2 2 1 1 2298 2300 2299
1237 2 2 1 1 2530 3274 2777
1238 2 2 1 1 2318 3079 2934
1239 2 2 1 1 1641 2542 2037
1240 2 2 1 1 1639 2542 1638
1241 2 2 1 1 1765 2498 1462
1242 2 2 1 1 1462 2498 1924
1243 2 2 1 1 1171 2043 1197
1244 2 2 1 1 1197 1965 1196
1245 2 2 1 1 1701 2529 1698
1246 2 2 1 1 2465 2889 1133
1247 2 2 1 1 1364 2458 946
1248 2 2 1 1 622 2460 1485
1249 2 2 1 1 1186 2495 1181
1250 2 2 1 1 1391 2489 2042
1251 2 2 1 1 1790 1791 1789
1252 2 2 1 1 1684 1964 280
1253 2 2 1 1 50 2222 557
1254 2 2 1 1 2210 2212 2211
1255 2 2 1 1 2211 2213 2209
1256 2 2 1 1 2150 3230 3056
1257 2 2 1 1 2493 2494 2006
1258 2 2 1 1 1125 2490 1127
1259 2 2 1 1 1656 1657 1655
1260 2 2 1 1 1653 1658 1656
1261 2 2 1 1 773 2862 447
1262 2 2 1 1 1043 3134 2438
1263 2 2 1 1 1969 2204 969
1264 2 2 1 1 1052 2942 2923
1265 2 2 1 1 2464 3323 2147
1266 2 2 1 1 1870 2519 1872
1267 2 2 1 1 1845 2520 1848
1268 2 2 1 1 1841 2483 1654
1269 2 2 1 1 1520 2484 1519
1270 2 2 1 1 2213 3402 2359
1271 2 2 1 1 1231 2551 1247
1272 2 2 1 1 1132 2522 1136
1273 2 2 1 1 315 3408 316
1274 2 2 1 1 570 3140 2909
1275 2 2 1 1 2505 2506 1847
1276 2 2 1 1 2543 2731 2729
1277 2 2 1 1 1453 1454 1452
1278 2 2 1 1 2514 2522 1130
1279 2 2 1 1 2379 3244 2378
1280 2 2 1 1 2515 2516 1783
1281 2 2 1 1 2201 2796 1387
1282 2 2 1 1 1772 1836 1774
1283 2 2 1 1 1159 2362 1692
1284 2 2 1 1 2300 2317 2299
1285 2 2 1 1 1130 2522 1132
1286 2 2 1 1 668 1074 669
1287 2 2 1 1 1847 2520 1845
1288 2 2 1 1 1907 2503 1928
1289 2 2 1 1 281 1041 646
1290 2 2 1 1 1860 2532 2410
1291 2 2 1 1 2524 2525 1447
1292 2 2 1 1 1965 1966 1196
1293 2 2 1 1 1197 2145 1965
1294 2 2 1 1 2179 2296 1121
1295 2 2 1 1 1247 2551 1373
1296 2 2 1 1 1212 2551 1231
1297 2 2 1 1 1791 2291 1789
1298 2 2 1 1 1790 2199 1791
1299 2 2 1 1 1842 2505 1847
1300 2 2 1 1 2211 2214 2213
1301 2 2 1 1 1779 2515 1783
1302 2 2 1 1 1126 2514 1130
1303 2 2 1 1 1401 2528 1410
1304 2 2 1 1 1658 1659 1656
1305 2 2 1 1 1657 1663 1655
1306 2 2 1 1 1969 2404 2204
1307 2 2 1 1 1366 2532 1860
1308 2 2 1 1 2528 2731 2543
1309 2 2 1 1 2388 2813 1073
1310 2 2 1 1 1853 2544 1846
1311 2 2 1 1 2729 2731 2019
1312 2 2 1 1 1199 2290 2215
1313 2 2 1 1 2528 2543 1410
1314 2 2 1 1 1707 2523 1737
1315 2 2 1 1 646 2527 647
1316 2 2 1 1 1041 2527 646
1317 2 2 1 1 1240 2540 2539
1318 2 2 1 1 2506 2507 1847
1319 2 2 1 1 1453 1456 1454
1320 2 2 1 1 1454 1455 1452
1321 2 2 1 1 1399 2528 1401
1322 2 2 1 1 2516 2517 1783
1323 2 2 1 1 1772 2146 1836
1324 2 2 1 1 1209 2539 1805
1325 2 2 1 1 2802 2803 1055
1326 2 2 1 1 2263 2544 1853
1327 2 2 1 1 1744 2535 1711
1328 2 2 1 1 2524 2526 2525
1329 2 2 1 1 2145 2320 1965
1330 2 2 1 1 1502 2534 1507
1331 2 2 1 1 1846 2544 1843
1332 2 2 1 1 2199 2200 1791
1333 2 2 1 1 2214 2433 2213
1334 2 2 1 1 2539 2540 1805
1335 2 2 1 1 1207 2539 1209
1336 2 2 1 1 1657 1664 1663
1337 2 2 1 1 1658 1660 1659
1338 2 2 1 1 1755 2536 2235
1339 2 2 1 1 1681 2530 1882
1340 2 2 1 1 1189 2549 1786
1341 2 2 1 1 1711 2535 1708
1342 2 2 1 1 1859 2533 2458
1343 2 2 1 1 2507 2520 1847
1344 2 2 1 1 2506 2508 2507
1345 2 2 1 1 1501 2534 1502
1346 2 2 1 1 2271 2546 2545
1347 2 2 1 1 1453 1457 1456
1348 2 2 1 1 1454 1458 1455
1349 2 2 1 1 1786 2549 2337
1350 2 2 1 1 1753 2536 1755
1351 2 2 1 1 1650 2532 1366
1352 2 2 1 1 1187 2549 1189
1353 2 2 1 1 2543 2726 1410
1354 2 2 1 1 1808 2726 2543
1355 2 2 1 1 2271 2545 1686
1356 2 2 1 1 2214 2486 2433
1357 2 2 1 1 2540 2541 1805
1358 2 2 1 1 1660 1661 1659
1359 2 2 1 1 1664 2059 1663
1360 2 2 1 1 1657 1854 1664
1361 2 2 1 1 1873 2537 2119
1362 2 2 1 1 1683 2538 2134
1363 2 2 1 1 1686 2545 1492
1364 2 2 1 1 2507 2521 2520
1365 2 2 1 1 2506 2509 2508
1366 2 2 1 1 1458 1462 1455
1367 2 2 1 1 1457 1459 1456
1368 2 2 1 1 1211 2539 1207
1369 2 2 1 1 1712 2547 1727
1370 2 2 1 1 2214 2487 2486
1371 2 2 1 1 2059 2191 1663
1372 2 2 1 1 1660 1875 1661
1373 2 2 1 1 1854 1970 1664
1374 2 2 1 1 1661 1662 1659
1375 2 2 1 1 2543 2729 1808
1376 2 2 1 1 2545 2546 2248
1377 2 2 1 1 1710 2547 1712
1378 2 2 1 1 2509 2510 2508
1379 2 2 1 1 1457 1460 1459
1380 2 2 1 1 1458 1765 1462
1381 2 2 1 1 1462 1463 1455
1382 2 2 1 1 1459 1946 1456
1383 2 2 1 1 1493 2545 2248
1384 2 2 1 1 1806 2727 2726
1385 2 2 1 1 2487 2488 2486
1386 2 2 1 1 1407 2575 1413
1387 2 2 1 1 1660 1918 1875
1388 2 2 1 1 1854 2061 1970
1389 2 2 1 1 1661 2137 1662
1390 2 2 1 1 1437 2727 1439
1391 2 2 1 1 1586 2554 1538
1392 2 2 1 1 1806 2726 1808
1393 2 2 1 1 1413 2575 1437
1394 2 2 1 1 1405 2575 1407
1395 2 2 1 1 2510 2513 2508
1396 2 2 1 1 2550 2575 1405
1397 2 2 1 1 1462 1924 1463
1398 2 2 1 1 1460 1464 1459
1399 2 2 1 1 1458 1886 1765
1400 2 2 1 1 1403 2550 1405
1401 2 2 1 1 1632 2624 2558
1402 2 2 1 1 2558 2624 2557
1403 2 2 1 1 1210 2548 1208
1404 2 2 1 1 2557 2624 1572
1405 2 2 1 1 2555 2562 2130
1406 2 2 1 1 2575 2727 1437
1407 2 2 1 1 1849 2553 2376
1408 2 2 1 1 1538 2554 1526
1409 2 2 1 1 2020 2717 2559
1410 2 2 1 1 2137 2363 1662
1411 2 2 1 1 1918 2275 1875
1412 2 2 1 1 2559 2717 1559
1413 2 2 1 1 2572 2716 2680
1414 2 2 1 1 1537 2569 2568
1415 2 2 1 1 1609 2725 2721
1416 2 2 1 1 1537 2568 2567
1417 2 2 1 1 1539 2571 1535
1418 2 2 1 1 2130 2562 1787
1419 2 2 1 1 2571 2716 2572
1420 2 2 1 1 1537 2567 1533
1421 2 2 1 1 1572 2717 2557
1422 2 2 1 1 1533 2567 1532
1423 2 2 1 1 2557 2717 2020
1424 2 2 1 1 1460 1465 1464
1425 2 2 1 1 1924 1993 1463
1426 2 2 1 1 1886 2378 1765
1427 2 2 1 1 2720 2722 2559
1428 2 2 1 1 1532 2567 2564
1429 2 2 1 1 1535 2571 1537
1430 2 2 1 1 2723 2724 2570
1431 2 2 1 1 2573 2722 2720
1432 2 2 1 1 1539 2716 2571
1433 2 2 1 1 1613 2723 2719
1434 2 2 1 1 1787 2562 1191
1435 2 2 1 1 1532 2564 2563
1436 2 2 1 1 1918 2276 2275
1437 2 2 1 1 1559 2720 2559
1438 2 2 1 1 2569 2570 2568
1439 2 2 1 1 1537 2571 2569
1440 2 2 1 1 1439 2727 1806
1441 2 2 1 1 1551 2563 1819
1442 2 2 1 1 1394 2562 2555
1443 2 2 1 1 2721 2725 2572
1444 2 2 1 1 1214 2560 1229
1445 2 2 1 1 2563 2564 1819
1446 2 2 1 1 1528 2563 1551
1447 2 2 1 1 1886 2379 2378
1448 2 2 1 1 1460 1466 1465
1449 2 2 1 1 2570 2724 2568
1450 2 2 1 1 2726 2727 2550
1451 2 2 1 1 1192 2562 1394
1452 2 2 1 1 2571 2572 2569
1453 2 2 1 1 1135 2561 1134
1454 2 2 1 1 2564 2565 1819
1455 2 2 1 1 2680 2721 2572
1456 2 2 1 1 1466 1467 1465
1457 2 2 1 1 2574 2586 1229
1458 2 2 1 1 1229 2586 1216
1459 2 2 1 1 1529 2563 1528
1460 2 2 1 1 2564 2566 2565
1461 2 2 1 1 1467 1468 1465
1462 2 2 1 1 1466 1476 1467
1463 2 2 1 1 2576 2578 2577
1464 2 2 1 1 1346 2576 1255
1465 2 2 1 1 1346 2578 2576
1466 2 2 1 1 1557 2579 1554
1467 2 2 1 1 1255 2576 1248
1468 2 2 1 1 2564 2567 2566
1469 2 2 1 1 2566 2573 2565
1470 2 2 1 1 1930 2582 2294
1471 2 2 1 1 1467 1469 1468
1472 2 2 1 1 1466 2156 1476
1473 2 2 1 1 1554 2579 1552
1474 2 2 1 1 1763 2580 2284
1475 2 2 1 1 1530 2588 1531
1476 2 2 1 1 1216 2586 1218
1477 2 2 1 1 2567 2568 2566
1478 2 2 1 1 1469 1746 1468
1479 2 2 1 1 2156 2157 1476
1480 2 2 1 1 1295 2603 2581
1481 2 2 1 1 1953 2582 1935
1482 2 2 1 1 1761 2580 1763
1483 2 2 1 1 2584 2698 1825
1484 2 2 1 1 1825 2698 2583
1485 2 2 1 1 1431 2599 2583
1486 2 2 1 1 2583 2698 1431
1487 2 2 1 1 2599 2602 2583
1488 2 2 1 1 1219 2603 1295
1489 2 2 1 1 1935 2582 1932
1490 2 2 1 1 2157 2158 1476
1491 2 2 1 1 1469 2041 1746
1492 2 2 1 1 2586 2605 1218
1493 2 2 1 1 2587 2602 2599
1494 2 2 1 1 1416 2587 1419
1495 2 2 1 1 2026 2604 2588
1496 2 2 1 1 2587 2599 1419
1497 2 2 1 1 1933 2585 2372
1498 2 2 1 1 2041 2064 1746
1499 2 2 1 1 1414 2587 1416
1500 2 2 1 1 2589 2595 1326
1501 2 2 1 1 1218 2605 1220
1502 2 2 1 1 1224 2689 2603
1503 2 2 1 1 1308 2592 1260
1504 2 2 1 1 2588 2604 1534
1505 2 2 1 1 1321 2595 2590
1506 2 2 1 1 1936 2593 1975
1507 2 2 1 1 2590 2597 1321
1508 2 2 1 1 1322 2595 1321
1509 2 2 1 1 2603 2689 2581
1510 2 2 1 1 1246 2597 1236
1511 2 2 1 1 1326 2595 1322
1512 2 2 1 1 1557 2638 2596
1513 2 2 1 1 2025 2595 2589
1514 2 2 1 1 2590 2595 2025
1515 2 2 1 1 1321 2597 1246
1516 2 2 1 1 1260 2592 1257
1517 2 2 1 1 1224 2603 1221
1518 2 2 1 1 1934 2593 1936
1519 2 2 1 1 2597 2609 1236
1520 2 2 1 1 2041 2409 2064
1521 2 2 1 1 2064 2148 1746
1522 2 2 1 1 1429 2602 2587
1523 2 2 1 1 1261 2598 1773
1524 2 2 1 1 1725 2600 1998
1525 2 2 1 1 1556 2638 1557
1526 2 2 1 1 2600 2601 1998
1527 2 2 1 1 1419 2599 1421
1528 2 2 1 1 1421 2599 1431
1529 2 2 1 1 1259 2598 1261
1530 2 2 1 1 1236 2609 1222
1531 2 2 1 1 1722 2600 1725
1532 2 2 1 1 2591 2661 2609
1533 2 2 1 1 2591 2609 2597
1534 2 2 1 1 2583 2602 1823
1535 2 2 1 1 2609 2661 1223
1536 2 2 1 1 1534 2604 1536
1537 2 2 1 1 1143 2640 1142
1538 2 2 1 1 1220 2605 1235
1539 2 2 1 1 1823 2602 1438
1540 2 2 1 1 2711 2712 1833
1541 2 2 1 1 2719 2723 2570
1542 2 2 1 1 2651 2706 2608
1543 2 2 1 1 1560 2638 1556
1544 2 2 1 1 1542 2607 1561
1545 2 2 1 1 2608 2706 2607
1546 2 2 1 1 2615 2658 1587
1547 2 2 1 1 2605 2642 1235
1548 2 2 1 1 2618 2619 2616
1549 2 2 1 1 1198 2708 1852
1550 2 2 1 1 2700 2708 1198
1551 2 2 1 1 2615 2618 2616
1552 2 2 1 1 2620 2707 2633
1553 2 2 1 1 1147 2700 1198
1554 2 2 1 1 1598 2619 2618
1555 2 2 1 1 2608 2712 2711
1556 2 2 1 1 1598 2620 2619
1557 2 2 1 1 1540 2607 1542
1558 2 2 1 1 1726 2614 1730
1559 2 2 1 1 1508 2611 2117
1560 2 2 1 1 1587 2618 2615
1561 2 2 1 1 2646 2703 1548
1562 2 2 1 1 1440 2623 1824
1563 2 2 1 1 1581 2624 1632
1564 2 2 1 1 2027 2658 2615
1565 2 2 1 1 1972 2640 1166
1566 2 2 1 1 1383 2610 2075
1567 2 2 1 1 2612 2613 1835
1568 2 2 1 1 1625 2639 1584
1569 2 2 1 1 2629 2702 2639
1570 2 2 1 1 2607 2706 1561
1571 2 2 1 1 1618 2635 1617
1572 2 2 1 1 1619 2612 1835
1573 2 2 1 1 1512 2642 2024
1574 2 2 1 1 1587 2658 2641
1575 2 2 1 1 2026 2712 2604
1576 2 2 1 1 1598 2707 2620
1577 2 2 1 1 1166 2640 1146
1578 2 2 1 1 1584 2639 1570
1579 2 2 1 1 1729 2614 1726
1580 2 2 1 1 2639 2702 1570
1581 2 2 1 1 2654 2697 2065
1582 2 2 1 1 1807 2622 1441
1583 2 2 1 1 1262 2606 1308
1584 2 2 1 1 1145 2700 1147
1585 2 2 1 1 1271 2668 1272
1586 2 2 1 1 2628 2639 1625
1587 2 2 1 1 1617 2635 1624
1588 2 2 1 1 1562 2641 1545
1589 2 2 1 1 1573 2624 1581
1590 2 2 1 1 1598 2618 1576
1591 2 2 1 1 2024 2642 2605
1592 2 2 1 1 1575 2681 1588
1593 2 2 1 1 1738 2691 1739
1594 2 2 1 1 2322 2670 1816
1595 2 2 1 1 1293 2642 1512
1596 2 2 1 1 1923 2653 2449
1597 2 2 1 1 2633 2707 1887
1598 2 2 1 1 1739 1742 1741
1599 2 2 1 1 2625 2627 1913
1600 2 2 1 1 1745 2614 1729
1601 2 2 1 1 2630 2669 1734
1602 2 2 1 1 1852 2708 2468
1603 2 2 1 1 1273 2667 1284
1604 2 2 1 1 1281 1285 1282
1605 2 2 1 1 1441 2623 1440
1606 2 2 1 1 1726 1730 1724
1607 2 2 1 1 1164 1166 1146
1608 2 2 1 1 1580 2702 2629
1609 2 2 1 1 1742 1743 1741
1610 2 2 1 1 2620 2621 2619
1611 2 2 1 1 1290 2664 1241
1612 2 2 1 1 1348 2683 2239
1613 2 2 1 1 1863 1864 1349
1614 2 2 1 1 1582 2681 1575
1615 2 2 1 1 2030 2643 2029
1616 2 2 1 1 2663 2664 2029
1617 2 2 1 1 1235 2642 1245
1618 2 2 1 1 1283 2668 1271
1619 2 2 1 1 1319 2663 2643
1620 2 2 1 1 1810 2622 1807
1621 2 2 1 1 1233 2660 1239
1622 2 2 1 1 1432 2657 1435
1623 2 2 1 1 1549 2680 1546
1624 2 2 1 1 2649 2653 1923
1625 2 2 1 1 2658 2703 2646
1626 2 2 1 1 1267 2666 1269
1627 2 2 1 1 1272 1274 1270
1628 2 2 1 1 1273 1284 1283
1629 2 2 1 1 1275 2682 1274
1630 2 2 1 1 1276 2662 2655
1631 2 2 1 1 1284 1307 1306
1632 2 2 1 1 1287 1297 1286
1633 2 2 1 1 1298 1304 1297
1634 2 2 1 1 1333 1334 1332
1635 2 2 1 1 2131 2628 1625
1636 2 2 1 1 1637 2396 1639
1637 2 2 1 1 1927 2629 2628
1638 2 2 1 1 1879 2311 1880
1639 2 2 1 1 2125 2126 1945
1640 2 2 1 1 1250 2665 1301
1641 2 2 1 1 1284 2667 1311
1642 2 2 1 1 1442 1446 1436
1643 2 2 1 1 2622 2623 1441
1644 2 2 1 1 1571 1584 1570
1645 2 2 1 1 1250 1299 1249
1646 2 2 1 1 2648 2649 1829
1647 2 2 1 1 1294 1321 1246
1648 2 2 1 1 1821 2689 1249
1649 2 2 1 1 1309 2649 1252
1650 2 2 1 1 1641 2037 2036
1651 2 2 1 1 1228 2661 2660
1652 2 2 1 1 1565 2641 1562
1653 2 2 1 1 1926 2631 1628
1654 2 2 1 1 1223 2661 1225
1655 2 2 1 1 1225 2661 1228
1656 2 2 1 1 1228 2660 1233
1657 2 2 1 1 1289 1290 1241
1658 2 2 1 1 1272 1275 1274
1659 2 2 1 1 1279 1281 1280
1660 2 2 1 1 1289 2648 1829
1661 2 2 1 1 1319 2684 1302
1662 2 2 1 1 1922 2673 1327
1663 2 2 1 1 1328 2030 2029
1664 2 2 1 1 1341 1342 1340
1665 2 2 1 1 1350 1351 1343
1666 2 2 1 1 1433 2679 2022
1667 2 2 1 1 1624 1910 1818
1668 2 2 1 1 2024 2586 2574
1669 2 2 1 1 1249 2689 1226
1670 2 2 1 1 1239 1827 1251
1671 2 2 1 1 1250 1301 1300
1672 2 2 1 1 1303 2650 1300
1673 2 2 1 1 1864 2101 1349
1674 2 2 1 1 1548 1567 1549
1675 2 2 1 1 1278 2682 1275
1676 2 2 1 1 1305 1509 1508
1677 2 2 1 1 1306 2381 1832
1678 2 2 1 1 1334 1335 1332
1679 2 2 1 1 1579 1598 1576
1680 2 2 1 1 1734 2669 1732
1681 2 2 1 1 1739 1740 1736
1682 2 2 1 1 2021 2558 2557
1683 2 2 1 1 1827 2025 1251
1684 2 2 1 1 1294 1322 1321
1685 2 2 1 1 1439 1806 1441
1686 2 2 1 1 2641 2646 1545
1687 2 2 1 1 1585 1600 1599
1688 2 2 1 1 1601 1602 1600
1689 2 2 1 1 1603 1604 1602
1690 2 2 1 1 2653 2697 2654
1691 2 2 1 1 1245 1293 1292
1692 2 2 1 1 1350 1352 1351
1693 2 2 1 1 1352 1368 1353
1694 2 2 1 1 1513 2364 1511
1695 2 2 1 1 1599 2060 1625
1696 2 2 1 1 1603 1833 1621
1697 2 2 1 1 2596 2638 1828
1698 2 2 1 1 2663 2665 2664
1699 2 2 1 1 1225 1228 1227
1700 2 2 1 1 1228 1233 1232
1701 2 2 1 1 1233 1238 1237
1702 2 2 1 1 1237 2648 1289
1703 2 2 1 1 1289 1829 1327
1704 2 2 1 1 1329 1330 1303
1705 2 2 1 1 1315 1316 1310
1706 2 2 1 1 2065 2697 1317
1707 2 2 1 1 1318 1881 1675
1708 2 2 1 1 1419 1421 1420
1709 2 2 1 1 2128 2634 1864
1710 2 2 1 1 1261 1773 1263
1711 2 2 1 1 1276 2655 1277
1712 2 2 1 1 1277 1288 1279
1713 2 2 1 1 1280 1296 1278
1714 2 2 1 1 1286 1354 1282
1715 2 2 1 1 1758 2677 1343
1716 2 2 1 1 1383 2075 1865
1717 2 2 1 1 1421 1423 1420
1718 2 2 1 1 1426 1427 1425
1719 2 2 1 1 1442 1448 1446
1720 2 2 1 1 1512 1820 1513
1721 2 2 1 1 1545 2646 1544
1722 2 2 1 1 1628 1887 1583
1723 2 2 1 1 2058 2612 1619
1724 2 2 1 1 1544 1548 1546
1725 2 2 1 1 1569 2680 1549
1726 2 2 1 1 1595 1596 1594
1727 2 2 1 1 1615 1616 1613
1728 2 2 1 1 1617 1622 1616
1729 2 2 1 1 1620 2058 1619
1730 2 2 1 1 1624 2635 1910
1731 2 2 1 1 1809 1812 1811
1732 2 2 1 1 1812 1815 1813
1733 2 2 1 1 1892 2326 1992
1734 2 2 1 1 2027 2615 2028
1735 2 2 1 1 2055 2383 2054
1736 2 2 1 1 1983 2407 2405
1737 2 2 1 1 2024 2605 2586
1738 2 2 1 1 1564 1565 1562
1739 2 2 1 1 1198 1851 1165
1740 2 2 1 1 1227 2672 1234
1741 2 2 1 1 1234 2665 1250
1742 2 2 1 1 1252 2649 2648
1743 2 2 1 1 1263 1264 1262
1744 2 2 1 1 1269 1273 1271
1745 2 2 1 1 1269 2666 1273
1746 2 2 1 1 1302 2684 1329
1747 2 2 1 1 1305 1508 1356
1748 2 2 1 1 1312 1314 1313
1749 2 2 1 1 1323 1325 1324
1750 2 2 1 1 1325 1478 1477
1751 2 2 1 1 1328 2031 2030
1752 2 2 1 1 1336 2647 1339
1753 2 2 1 1 1478 1481 1480
1754 2 2 1 1 1509 2180 1508
1755 2 2 1 1 2180 2611 1508
1756 2 2 1 1 1624 1818 1817
1757 2 2 1 1 1641 1956 1640
1758 2 2 1 1 1852 2468 2467
1759 2 2 1 1 1923 2448 1922
1760 2 2 1 1 2591 2597 2590
1761 2 2 1 1 1318 1986 1881
1762 2 2 1 1 1867 2676 1335
1763 2 2 1 1 1336 1339 1337
1764 2 2 1 1 1343 2677 1340
1765 2 2 1 1 1341 1344 1342
1766 2 2 1 1 1690 2644 1341
1767 2 2 1 1 1351 1758 1343
1768 2 2 1 1 1350 2423 1352
1769 2 2 1 1 1638 1640 1369
1770 2 2 1 1 1444 1445 1434
1771 2 2 1 1 1445 1831 1830
1772 2 2 1 1 1448 2172 1995
1773 2 2 1 1 1561 1562 1545
1774 2 2 1 1 1563 1564 1562
1775 2 2 1 1 1785 2690 1604
1776 2 2 1 1 1995 2678 2194
1777 2 2 1 1 2693 2694 2626
1778 2 2 1 1 1272 2668 1276
1779 2 2 1 1 1544 1546 1541
1780 2 2 1 1 1574 2638 1560
1781 2 2 1 1 1580 1627 1583
1782 2 2 1 1 1591 1592 1582
1783 2 2 1 1 1588 2681 2073
1784 2 2 1 1 1593 1595 1594
1785 2 2 1 1 1622 1623 1616
1786 2 2 1 1 1731 1732 1729
1787 2 2 1 1 1892 1992 1816
1788 2 2 1 1 1944 2070 1945
1789 2 2 1 1 2692 2693 2691
1790 2 2 1 1 1147 1165 1164
1791 2 2 1 1 1293 1510 1292
1792 2 2 1 1 1317 2697 1310
1793 2 2 1 1 1323 1324 1322
1794 2 2 1 1 1631 2681 1582
1795 2 2 1 1 1602 2690 1605
1796 2 2 1 1 1629 1963 1879
1797 2 2 1 1 1323 2659 1325
1798 2 2 1 1 1733 1735 1734
1799 2 2 1 1 1742 2625 1743
1800 2 2 1 1 1852 2466 1851
1801 2 2 1 1 1239 2660 1827
1802 2 2 1 1 1421 1431 1424
1803 2 2 1 1 1426 1433 1432
1804 2 2 1 1 1432 1435 1427
1805 2 2 1 1 1434 2657 1432
1806 2 2 1 1 1445 1830 1434
1807 2 2 1 1 1830 2657 1434
1808 2 2 1 1 1435 1442 1436
1809 2 2 1 1 1435 2657 1461
1810 2 2 1 1 1806 1807 1441
1811 2 2 1 1 2022 2023 1444
1812 2 2 1 1 1445 1947 1831
1813 2 2 1 1 1448 1994 1446
1814 2 2 1 1 1448 1995 1994
1815 2 2 1 1 1576 1587 1565
1816 2 2 1 1 1587 2641 1565
1817 2 2 1 1 1585 1601 1600
1818 2 2 1 1 1601 1603 1602
1819 2 2 1 1 1603 1621 1604
1820 2 2 1 1 2060 2131 1625
1821 2 2 1 1 1925 1926 1628
1822 2 2 1 1 1743 1913 1912
1823 2 2 1 1 1995 2193 1994
1824 2 2 1 1 2172 2678 1995
1825 2 2 1 1 1995 2194 2193
1826 2 2 1 1 2629 2639 2628
1827 2 2 1 1 1164 1839 1166
1828 2 2 1 1 1548 2703 1567
1829 2 2 1 1 1564 1566 1565
1830 2 2 1 1 1592 1631 1582
1831 2 2 1 1 1627 1628 1583
1832 2 2 1 1 1887 2707 1583
1833 2 2 1 1 1596 1606 1594
1834 2 2 1 1 1629 1630 1606
1835 2 2 1 1 1608 1610 1609
1836 2 2 1 1 1615 1617 1616
1837 2 2 1 1 1738 1739 1736
1838 2 2 1 1 1742 2691 2626
1839 2 2 1 1 1743 1912 1911
1840 2 2 1 1 1828 2638 1574
1841 2 2 1 1 1725 1728 1726
1842 2 2 1 1 1731 1733 1732
1843 2 2 1 1 1818 2021 2020
1844 2 2 1 1 1234 1249 1226
1845 2 2 1 1 1241 2672 1232
1846 2 2 1 1 1244 1252 1238
1847 2 2 1 1 2074 2685 1251
1848 2 2 1 1 1253 1309 1252
1849 2 2 1 1 1328 2029 1290
1850 2 2 1 1 1300 2650 1299
1851 2 2 1 1 1299 1822 1821
1852 2 2 1 1 1301 2663 1319
1853 2 2 1 1 1316 1317 1310
1854 2 2 1 1 1348 1349 1330
1855 2 2 1 1 1339 1690 1341
1856 2 2 1 1 1352 1353 1351
1857 2 2 1 1 1637 1638 1369
1858 2 2 1 1 1585 2651 1601
1859 2 2 1 1 1604 2690 1602
1860 2 2 1 1 1690 2645 2644
1861 2 2 1 1 2581 2689 1821
1862 2 2 1 1 1827 2591 2590
1863 2 2 1 1 1829 1923 1922
1864 2 2 1 1 2643 2663 2029
1865 2 2 1 1 2673 2674 2031
1866 2 2 1 1 2125 2353 2126
1867 2 2 1 1 1577 1626 1607
1868 2 2 1 1 1580 2629 1627
1869 2 2 1 1 1728 1731 1729
1870 2 2 1 1 1146 2640 1143
1871 2 2 1 1 1226 2689 1224
1872 2 2 1 1 1481 2055 2054
1873 2 2 1 1 1573 1581 1575
1874 2 2 1 1 1581 1591 1582
1875 2 2 1 1 1591 1593 1592
1876 2 2 1 1 1633 1785 1604
1877 2 2 1 1 2686 2687 1963
1878 2 2 1 1 2021 2557 2020
1879 2 2 1 1 2055 2384 2383
1880 2 2 1 1 2653 2654 2449
1881 2 2 1 1 1548 1549 1546
1882 2 2 1 1 1725 1998 1728
1883 2 2 1 1 1732 1745 1729
1884 2 2 1 1 1736 2630 1734
1885 2 2 1 1 1743 2625 1913
1886 2 2 1 1 1825 2583 1823
1887 2 2 1 1 1833 2026 1834
1888 2 2 1 1 1227 1234 1226
1889 2 2 1 1 1237 1241 1232
1890 2 2 1 1 1233 1239 1238
1891 2 2 1 1 1234 1250 1249
1892 2 2 1 1 1252 2648 1238
1893 2 2 1 1 1239 1251 1244
1894 2 2 1 1 1253 1315 1310
1895 2 2 1 1 1327 1328 1290
1896 2 2 1 1 1299 2650 1822
1897 2 2 1 1 1301 1302 1300
1898 2 2 1 1 1301 2665 2663
1899 2 2 1 1 1316 1318 1317
1900 2 2 1 1 1675 2065 1317
1901 2 2 1 1 1329 1348 1330
1902 2 2 1 1 1348 1863 1349
1903 2 2 1 1 1512 2024 1820
1904 2 2 1 1 1542 1545 1544
1905 2 2 1 1 1544 2646 1548
1906 2 2 1 1 1570 2702 1564
1907 2 2 1 1 1571 2651 1585
1908 2 2 1 1 1607 1608 1578
1909 2 2 1 1 1595 1597 1596
1910 2 2 1 1 1608 1611 1610
1911 2 2 1 1 1614 2652 1612
1912 2 2 1 1 2027 2028 1620
1913 2 2 1 1 1863 2128 1864
1914 2 2 1 1 1864 2634 2123
1915 2 2 1 1 2674 2675 2031
1916 2 2 1 1 2665 2672 2664
1917 2 2 1 1 1325 1479 1478
1918 2 2 1 1 1435 1461 1442
1919 2 2 1 1 1446 1447 1436
1920 2 2 1 1 1612 1615 1613
1921 2 2 1 1 1743 1911 1741
1922 2 2 1 1 1947 1988 1831
1923 2 2 1 1 2631 2632 1887
1924 2 2 1 1 1912 2387 1911
1925 2 2 1 1 2608 2711 2651
1926 2 2 1 1 1596 1629 1606
1927 2 2 1 1 1383 1865 1162
1928 2 2 1 1 1576 2618 1587
1929 2 2 1 1 1621 1633 1604
1930 2 2 1 1 1627 1927 1925
1931 2 2 1 1 1232 2672 1227
1932 2 2 1 1 1269 1270 1268
1933 2 2 1 1 1276 2668 2662
1934 2 2 1 1 1277 1279 1278
1935 2 2 1 1 1296 2682 1278
1936 2 2 1 1 1306 1832 1283
1937 2 2 1 1 1285 1287 1286
1938 2 2 1 1 1287 1298 1297
1939 2 2 1 1 1314 1333 1332
1940 2 2 1 1 1325 1477 1324
1941 2 2 1 1 1325 2659 1479
1942 2 2 1 1 1342 1343 1340
1943 2 2 1 1 1341 2644 1344
1944 2 2 1 1 1481 2054 1480
1945 2 2 1 1 1566 1580 1579
1946 2 2 1 1 1608 1609 1578
1947 2 2 1 1 1585 1599 1584
1948 2 2 1 1 1619 1835 1589
1949 2 2 1 1 1739 2691 1742
1950 2 2 1 1 1808 1809 1807
1951 2 2 1 1 1824 1825 1823
1952 2 2 1 1 1829 2649 1923
1953 2 2 1 1 1944 1945 1939
1954 2 2 1 1 2070 2125 1945
1955 2 2 1 1 1293 1511 1510
1956 2 2 1 1 1433 2022 1444
1957 2 2 1 1 1580 1583 1579
1958 2 2 1 1 1597 2686 1596
1959 2 2 1 1 1624 1817 1622
1960 2 2 1 1 1733 1734 1732
1961 2 2 1 1 1735 1736 1734
1962 2 2 1 1 1988 2656 1831
1963 2 2 1 1 2632 2633 1887
1964 2 2 1 1 2636 2637 1910
1965 2 2 1 1 1561 1563 1562
1966 2 2 1 1 1563 1570 1564
1967 2 2 1 1 1566 1579 1576
1968 2 2 1 1 1577 1578 1569
1969 2 2 1 1 1628 2631 1887
1970 2 2 1 1 1633 2184 2183
1971 2 2 1 1 2183 2195 1785
1972 2 2 1 1 2195 2238 1785
1973 2 2 1 1 1264 2606 1262
1974 2 2 1 1 1510 2696 1292
1975 2 2 1 1 1293 1512 1511
1976 2 2 1 1 1305 1356 1304
1977 2 2 1 1 1305 2695 1509
1978 2 2 1 1 2045 2610 1383
1979 2 2 1 1 1423 1430 1420
1980 2 2 1 1 1542 1544 1541
1981 2 2 1 1 1567 1590 1589
1982 2 2 1 1 1588 1828 1574
1983 2 2 1 1 1581 1632 1591
1984 2 2 1 1 1590 1620 1619
1985 2 2 1 1 1611 1612 1610
1986 2 2 1 1 1612 1613 1610
1987 2 2 1 1 1615 1618 1617
1988 2 2 1 1 1629 2686 1963
1989 2 2 1 1 1633 2183 1785
1990 2 2 1 1 1641 2036 1956
1991 2 2 1 1 2024 2574 1820
1992 2 2 1 1 2071 2072 1828
1993 2 2 1 1 1923 2449 2448
1994 2 2 1 1 1938 1939 1937
1995 2 2 1 1 2037 2147 2036
1996 2 2 1 1 1567 1568 1549
1997 2 2 1 1 1566 1576 1565
1998 2 2 1 1 1611 1614 1612
1999 2 2 1 1 2670 2671 1814
2000 2 2 1 1 1147 1164 1146
2001 2 2 1 1 1250 1300 1299
2002 2 2 1 1 1338 2647 1336
2003 2 2 1 1 1339 1341 1340
2004 2 2 1 1 1826 2581 1821
2005 2 2 1 1 1302 1303 1300
2006 2 2 1 1 1329 2684 2683
2007 2 2 1 1 1567 1589 1568
2008 2 2 1 1 1732 2669 1745
2009 2 2 1 1 2020 2559 1817
2010 2 2 1 1 2660 2661 2591
2011 2 2 1 1 1299 1821 1249
2012 2 2 1 1 1268 1291 1266
2013 2 2 1 1 2666 2667 1273
2014 2 2 1 1 1277 2655 1288
2015 2 2 1 1 1279 1280 1278
2016 2 2 1 1 1285 1286 1282
2017 2 2 1 1 1832 2668 1283
2018 2 2 1 1 1309 2653 2649
2019 2 2 1 1 1329 2683 1348
2020 2 2 1 1 1334 1336 1335
2021 2 2 1 1 1575 1588 1574
2022 2 2 1 1 1599 1625 1584
2023 2 2 1 1 1809 1810 1807
2024 2 2 1 1 1818 2020 1817
2025 2 2 1 1 2311 2312 1880
2026 2 2 1 1 2635 2636 1910
2027 2 2 1 1 1568 1569 1549
2028 2 2 1 1 1571 1585 1584
2029 2 2 1 1 1577 1607 1578
2030 2 2 1 1 1815 1892 1816
2031 2 2 1 1 1835 2701 1589
2032 2 2 1 1 1147 1198 1165
2033 2 2 1 1 1421 1424 1423
2034 2 2 1 1 1424 1426 1425
2035 2 2 1 1 1426 1432 1427
2036 2 2 1 1 1433 1434 1432
2037 2 2 1 1 1571 2706 2651
2038 2 2 1 1 1581 1582 1575
2039 2 2 1 1 1588 2073 2071
2040 2 2 1 1 1593 1594 1592
2041 2 2 1 1 1602 1605 1600
2042 2 2 1 1 1629 1879 1630
2043 2 2 1 1 1879 1880 1630
2044 2 2 1 1 1809 1811 1810
2045 2 2 1 1 1812 1813 1811
2046 2 2 1 1 1812 2019 1815
2047 2 2 1 1 1813 2670 1814
2048 2 2 1 1 1815 1816 1813
2049 2 2 1 1 2072 2596 1828
2050 2 2 1 1 2679 2698 2022
2051 2 2 1 1 1245 1292 1246
2052 2 2 1 1 1292 2696 1294
2053 2 2 1 1 1294 2696 1323
2054 2 2 1 1 1512 1513 1511
2055 2 2 1 1 1590 1619 1589
2056 2 2 1 1 1265 1266 1264
2057 2 2 1 1 1267 1268 1266
2058 2 2 1 1 1271 1272 1270
2059 2 2 1 1 1276 1277 1275
2060 2 2 1 1 1284 1311 1307
2061 2 2 1 1 1335 2676 1332
2062 2 2 1 1 1333 2688 1334
2063 2 2 1 1 1340 2677 1337
2064 2 2 1 1 1563 1571 1570
2065 2 2 1 1 1568 1577 1569
2066 2 2 1 1 1638 1641 1640
2067 2 2 1 1 1728 1729 1726
2068 2 2 1 1 1542 1561 1545
2069 2 2 1 1 1596 2686 1629
2070 2 2 1 1 1983 2405 1984
2071 2 2 1 1 2022 2584 2023
2072 2 2 1 1 1263 1265 1264
2073 2 2 1 1 1298 2695 1305
2074 2 2 1 1 1435 1436 1427
2075 2 2 1 1 1433 1444 1434
2076 2 2 1 1 1588 2071 1828
2077 2 2 1 1 1833 1834 1621
2078 2 2 1 1 1831 2656 2182
2079 2 2 1 1 1938 1944 1939
2080 2 2 1 1 1169 2045 1383
2081 2 2 1 1 1245 2642 1293
2082 2 2 1 1 1323 2696 2659
2083 2 2 1 1 1478 1480 1477
2084 2 2 1 1 1627 1925 1628
2085 2 2 1 1 1627 2629 1927
2086 2 2 1 1 1294 1323 1322
2087 2 2 1 1 1590 2027 1620
2088 2 2 1 1 2025 2589 2074
2089 2 2 1 1 2070 2280 2125
2090 2 2 1 1 1228 1232 1227
2091 2 2 1 1 1233 1237 1232
2092 2 2 1 1 1234 2672 2665
2093 2 2 1 1 1238 2648 1237
2094 2 2 1 1 1237 1289 1241
2095 2 2 1 1 1239 1244 1238
2096 2 2 1 1 1244 1253 1252
2097 2 2 1 1 2025 2074 1251
2098 2 2 1 1 1253 1310 1309
2099 2 2 1 1 1289 1327 1290
2100 2 2 1 1 1301 1319 1302
2101 2 2 1 1 1330 1890 1303
2102 2 2 1 1 1829 1922 1327
2103 2 2 1 1 1328 2673 2031
2104 2 2 1 1 1440 1824 1823
2105 2 2 1 1 1675 2357 2065
2106 2 2 1 1 2238 2690 1785
2107 2 2 1 1 1813 1814 1811
2108 2 2 1 1 1816 2670 1813
2109 2 2 1 1 1992 2322 1816
2110 2 2 1 1 1822 1826 1821
2111 2 2 1 1 1913 2120 1912
2112 2 2 1 1 1839 1971 1166
2113 2 2 1 1 1314 1331 1313
2114 2 2 1 1 1573 1575 1574
2115 2 2 1 1 1615 2652 1618
2116 2 2 1 1 1733 2151 1735
2117 2 2 1 1 1742 2626 2625
2118 2 2 1 1 2037 2464 2147
2119 2 2 1 1 1169 1383 1162
2120 2 2 1 1 1806 1808 1807
2121 2 2 1 1 1852 2467 2466
2122 2 2 1 1 1251 2685 1244
2123 2 2 1 1 1334 1338 1336
2124 2 2 1 1 1337 1867 1335
2125 2 2 1 1 1368 1369 1353
2126 2 2 1 1 1738 2692 2691
2127 2 2 1 1 1864 2123 2101
2128 2 2 1 1 2641 2658 2646
2129 2 2 1 1 1145 1147 1146
2130 2 2 1 1 1302 1329 1303
2131 2 2 1 1 1890 2650 1303
2132 2 2 1 1 1368 1637 1369
2133 2 2 1 1 1424 1425 1423
2134 2 2 1 1 1426 2679 1433
2135 2 2 1 1 1536 2604 1543
2136 2 2 1 1 1617 1624 1622
2137 2 2 1 1 1637 1639 1638
2138 2 2 1 1 1827 2660 2591
2139 2 2 1 1 1831 2182 1830
2140 2 2 1 1 1833 2712 2026
2141 2 2 1 1 1265 1267 1266
2142 2 2 1 1 1267 1269 1268
2143 2 2 1 1 1320 2666 1267
2144 2 2 1 1 1269 1271 1270
2145 2 2 1 1 1273 1283 1271
2146 2 2 1 1 1272 1276 1275
2147 2 2 1 1 1281 1752 1285
2148 2 2 1 1 1284 1306 1283
2149 2 2 1 1 1304 1747 1297
2150 2 2 1 1 1312 1313 1307
2151 2 2 1 1 1318 1675 1317
2152 2 2 1 1 1332 2676 1331
2153 2 2 1 1 1334 2688 1338
2154 2 2 1 1 1336 1337 1335
2155 2 2 1 1 1339 1340 1337
2156 2 2 1 1 1339 2647 1690
2157 2 2 1 1 1612 2652 1615
2158 2 2 1 1 2662 2668 1832
2159 2 2 1 1 1337 2677 1867
2160 2 2 1 1 1342 1350 1343
2161 2 2 1 1 1543 2607 1540
2162 2 2 1 1 1198 1852 1851
2163 2 2 1 1 1225 1227 1226
2164 2 2 1 1 1253 2685 1315
2165 2 2 1 1 1265 1320 1267
2166 2 2 1 1 1277 1278 1275
2167 2 2 1 1 1281 1282 1280
2168 2 2 1 1 2029 2664 1290
2169 2 2 1 1 1311 1312 1307
2170 2 2 1 1 1310 2697 1309
2171 2 2 1 1 1314 1332 1331
2172 2 2 1 1 1327 2673 1328
2173 2 2 1 1 1508 2117 1356
2174 2 2 1 1 1543 2608 2607
2175 2 2 1 1 1827 2590 2025
2176 2 2 1 1 1309 2697 2653
2177 2 2 1 1 1324 1326 1322
2178 2 2 1 1 1540 1542 1541
2179 2 2 1 1 1573 1574 1560
2180 2 2 1 1 1572 2624 1573
2181 2 2 1 1 2616 2617 2028
2182 2 2 1 1 1606 2699 1594
2183 2 2 1 1 1971 1972 1166
2184 2 2 1 1 1740 2630 1736
2185 2 2 1 1 2406 2482 1984
2186 2 2 1 1 1431 2679 1424
2187 2 2 1 1 1439 1441 1440
2188 2 2 1 1 2664 2672 1241
2189 2 2 1 1 1348 2239 1863
2190 2 2 1 1 2074 2709 2685
2191 2 2 1 1 1144 1169 1162
2192 2 2 1 1 1735 1738 1736
2193 2 2 1 1 2615 2616 2028
2194 2 2 1 1 1225 1226 1224
2195 2 2 1 1 1245 1246 1236
2196 2 2 1 1 1292 1294 1246
2197 2 2 1 1 2685 2709 1315
2198 2 2 1 1 1424 2679 1426
2199 2 2 1 1 1865 2708 2700
2200 2 2 1 1 2405 2406 1984
2201 2 2 1 1 1244 2685 1253
2202 2 2 1 1 1592 2699 1631
2203 2 2 1 1 1419 1420 1418
2204 2 2 1 1 2027 2703 2658
2205 2 2 1 1 1298 1305 1304
2206 2 2 1 1 1725 1726 1724
2207 2 2 1 1 1589 2701 1568
2208 2 2 1 1 1603 2711 1833
2209 2 2 1 1 1739 1741 1740
2210 2 2 1 1 1262 1308 1260
2211 2 2 1 1 1563 2706 1571
2212 2 2 1 1 2691 2693 2626
2213 2 2 1 1 1568 2701 1577
2214 2 2 1 1 1577 2701 1626
2215 2 2 1 1 1261 1263 1262
2216 2 2 1 1 1561 2706 1563
2217 2 2 1 1 2022 2698 2584
2218 2 2 1 1 1440 1823 1438
2219 2 2 1 1 2028 2710 1620
2220 2 2 1 1 1431 2698 2679
2221 2 2 1 1 1594 2699 1592
2222 2 2 1 1 1567 2703 1590
2223 2 2 1 1 1936 1975 1938
2224 2 2 1 1 1572 1573 1560
2225 2 2 1 1 1145 1146 1143
2226 2 2 1 1 1620 2710 2058
2227 2 2 1 1 1865 2700 1162
2228 2 2 1 1 2617 2710 2028
2229 2 2 1 1 1983 1984 1982
2230 2 2 1 1 1540 1541 1539
2231 2 2 1 1 1536 1543 1540
2232 2 2 1 1 1416 1419 1418
2233 2 2 1 1 1583 2707 1579
2234 2 2 1 1 2651 2711 1601
2235 2 2 1 1 1162 2700 1145
2236 2 2 1 1 2604 2712 1543
2237 2 2 1 1 1590 2703 2027
2238 2 2 1 1 1564 2702 1566
2239 2 2 1 1 1566 2702 1580
2240 2 2 1 1 1733 2704 2151
2241 2 2 1 1 1144 1162 1145
2242 2 2 1 1 1579 2707 1598
2243 2 2 1 1 1731 2704 1733
2244 2 2 1 1 1439 1440 1438
2245 2 2 1 1 1418 1422 1417
2246 2 2 1 1 1937 1953 1935
2247 2 2 1 1 1261 1262 1260
2248 2 2 1 1 1601 2711 1603
2249 2 2 1 1 1722 1725 1724
2250 2 2 1 1 1936 1938 1937
2251 2 2 1 1 1223 1225 1224
2252 2 2 1 1 1235 1245 1236
2253 2 2 1 1 1543 2712 2608
2254 2 2 1 1 1144 1145 1143
2255 2 2 1 1 1981 1983 1982
2256 2 2 1 1 1558 1572 1560
2257 2 2 1 1 1536 1540 1539
2258 2 2 1 1 1417 1428 1415
2259 2 2 1 1 1416 1418 1417
2260 2 2 1 1 1437 1439 1438
2261 2 2 1 1 1438 2602 1429
2262 2 2 1 1 1936 1937 1935
2263 2 2 1 1 2001 2594 2593
2264 2 2 1 1 1722 1724 1723
2265 2 2 1 1 1259 1261 1260
2266 2 2 1 1 1516 2598 1259
2267 2 2 1 1 1222 2609 1223
2268 2 2 1 1 1223 1224 1221
2269 2 2 1 1 1235 1236 1222
2270 2 2 1 1 1141 1144 1143
2271 2 2 1 1 1763 2284 1981
2272 2 2 1 1 1981 1982 1980
2273 2 2 1 1 1558 1560 1556
2274 2 2 1 1 1555 1559 1558
2275 2 2 1 1 1536 1539 1535
2276 2 2 1 1 1437 1438 1429
2277 2 2 1 1 1416 1417 1415
2278 2 2 1 1 1933 2372 2001
2279 2 2 1 1 2001 2593 1934
2280 2 2 1 1 1934 1936 1935
2281 2 2 1 1 1721 2600 1722
2282 2 2 1 1 1722 1723 1720
2283 2 2 1 1 1220 1235 1222
2284 2 2 1 1 1259 1260 1257
2285 2 2 1 1 1222 1223 1221
2286 2 2 1 1 1256 1516 1259
2287 2 2 1 1 1257 2592 1346
2288 2 2 1 1 1141 1143 1142
2289 2 2 1 1 1980 2220 1762
2290 2 2 1 1 1763 1981 1980
2291 2 2 1 1 1555 1558 1556
2292 2 2 1 1 1534 1536 1535
2293 2 2 1 1 1556 1557 1554
2294 2 2 1 1 1535 1537 1533
2295 2 2 1 1 1413 1437 1429
2296 2 2 1 1 1414 1416 1415
2297 2 2 1 1 1429 2587 1414
2298 2 2 1 1 1934 1935 1932
2299 2 2 1 1 1933 2001 1934
2300 2 2 1 1 1721 1722 1720
2301 2 2 1 1 1256 1259 1257
2302 2 2 1 1 1221 2603 1219
2303 2 2 1 1 1220 1222 1221
2304 2 2 1 1 1257 1346 1255
2305 2 2 1 1 1141 1142 1139
2306 2 2 1 1 1763 1980 1762
2307 2 2 1 1 2555 2556 2016
2308 2 2 1 1 1531 2588 1534
2309 2 2 1 1 1555 1556 1554
2310 2 2 1 1 1534 1535 1533
2311 2 2 1 1 1413 1429 1414
2312 2 2 1 1 1414 1415 1412
2313 2 2 1 1 1931 2585 1933
2314 2 2 1 1 1933 1934 1932
2315 2 2 1 1 1718 1721 1720
2316 2 2 1 1 1256 1257 1255
2317 2 2 1 1 1220 1221 1219
2318 2 2 1 1 1140 1141 1139
2319 2 2 1 1 1394 2555 2016
2320 2 2 1 1 2016 2580 1761
2321 2 2 1 1 1761 1763 1762
2322 2 2 1 1 1531 1534 1533
2323 2 2 1 1 1553 1555 1554
2324 2 2 1 1 1413 1414 1412
2325 2 2 1 1 1931 1933 1932
2326 2 2 1 1 1932 2582 1930
2327 2 2 1 1 1718 1720 1719
2328 2 2 1 1 1254 1256 1255
2329 2 2 1 1 1219 1295 1217
2330 2 2 1 1 2576 2577 1258
2331 2 2 1 1 1218 1220 1219
2332 2 2 1 1 1137 1140 1139
2333 2 2 1 1 1394 2016 1761
2334 2 2 1 1 1761 1762 1393
2335 2 2 1 1 2015 2358 2130
2336 2 2 1 1 1746 2713 1468
2337 2 2 1 1 1553 1554 1552
2338 2 2 1 1 1532 2563 1529
2339 2 2 1 1 1551 1819 1553
2340 2 2 1 1 1531 1533 1532
2341 2 2 1 1 1552 2579 1586
2342 2 2 1 1 2148 2713 1746
2343 2 2 1 1 1407 1413 1412
2344 2 2 1 1 1931 1932 1930
2345 2 2 1 1 1718 1719 1715
2346 2 2 1 1 1248 2576 1258
2347 2 2 1 1 1218 1219 1217
2348 2 2 1 1 1247 1373 1254
2349 2 2 1 1 1254 1255 1248
2350 2 2 1 1 1138 2561 1135
2351 2 2 1 1 1137 1139 1138
2352 2 2 1 1 2015 2130 1787
2353 2 2 1 1 1394 1761 1393
2354 2 2 1 1 1551 1553 1552
2355 2 2 1 1 1552 1586 1538
2356 2 2 1 1 1531 1532 1529
2357 2 2 1 1 1407 1412 1411
2358 2 2 1 1 1515 1931 1930
2359 2 2 1 1 1930 2294 1929
2360 2 2 1 1 2565 2715 1819
2361 2 2 1 1 1717 1718 1715
2362 2 2 1 1 1248 1258 1243
2363 2 2 1 1 1216 1218 1217
2364 2 2 1 1 1247 1254 1248
2365 2 2 1 1 1137 1138 1135
2366 2 2 1 1 1465 2718 1464
2367 2 2 1 1 2008 2015 1787
2368 2 2 1 1 1786 2337 2008
2369 2 2 1 1 1192 1394 1393
2370 2 2 1 1 1551 1552 1538
2371 2 2 1 1 1530 1531 1529
2372 2 2 1 1 1407 1411 1406
2373 2 2 1 1 2249 2251 2250
2374 2 2 1 1 1515 1930 1929
2375 2 2 1 1 1819 2715 1553
2376 2 2 1 1 1476 2714 1467
2377 2 2 1 1 1555 2715 1559
2378 2 2 1 1 1714 1717 1715
2379 2 2 1 1 1247 1248 1243
2380 2 2 1 1 1214 1229 1216
2381 2 2 1 1 1216 1217 1215
2382 2 2 1 1 1467 2714 1469
2383 2 2 1 1 2158 2714 1476
2384 2 2 1 1 1136 1137 1135
2385 2 2 1 1 1786 2008 1787
2386 2 2 1 1 1192 1393 1392
2387 2 2 1 1 1553 2715 1555
2388 2 2 1 1 1527 1530 1529
2389 2 2 1 1 1528 1551 1538
2390 2 2 1 1 2376 2377 2124
2391 2 2 1 1 2262 2263 1853
2392 2 2 1 1 2098 2100 2099
2393 2 2 1 1 2680 2716 1546
2394 2 2 1 1 1541 2716 1539
2395 2 2 1 1 1405 1407 1406
2396 2 2 1 1 1406 1408 1404
2397 2 2 1 1 2249 2250 2247
2398 2 2 1 1 1515 1929 1506
2399 2 2 1 1 1714 1715 1713
2400 2 2 1 1 1712 1727 1714
2401 2 2 1 1 1231 1247 1243
2402 2 2 1 1 1215 2548 1210
2403 2 2 1 1 1214 1216 1215
2404 2 2 1 1 1546 2716 1541
2405 2 2 1 1 1558 2717 1572
2406 2 2 1 1 1132 1136 1135
2407 2 2 1 1 1457 2728 1460
2408 2 2 1 1 1191 2562 1192
2409 2 2 1 1 1192 1392 1190
2410 2 2 1 1 1786 1787 1191
2411 2 2 1 1 1623 2722 2573
2412 2 2 1 1 1527 1529 1528
2413 2 2 1 1 1528 1538 1526
2414 2 2 1 1 1849 2376 2124
2415 2 2 1 1 2124 2262 1853
2416 2 2 1 1 2098 2099 1941
2417 2 2 1 1 1468 2718 1465
2418 2 2 1 1 1559 2717 1558
2419 2 2 1 1 1405 1406 1404
2420 2 2 1 1 2270 2271 1686
2421 2 2 1 1 2248 2249 2247
2422 2 2 1 1 1613 2719 1610
2423 2 2 1 1 1514 1515 1506
2424 2 2 1 1 1712 1714 1713
2425 2 2 1 1 1713 1744 1711
2426 2 2 1 1 1231 1243 1242
2427 2 2 1 1 1213 2560 1214
2428 2 2 1 1 1214 1215 1210
2429 2 2 1 1 2573 2720 2565
2430 2 2 1 1 2331 2333 2332
2431 2 2 1 1 2573 2724 1623
2432 2 2 1 1 2715 2720 1559
2433 2 2 1 1 2713 2718 1468
2434 2 2 1 1 1609 2721 1578
2435 2 2 1 1 1569 2721 2680
2436 2 2 1 1 2559 2722 1817
2437 2 2 1 1 1622 2722 1623
2438 2 2 1 1 1616 2723 1613
2439 2 2 1 1 1610 2719 1609
2440 2 2 1 1 1623 2724 2723
2441 2 2 1 1 1132 1135 1134
2442 2 2 1 1 2565 2720 2715
2443 2 2 1 1 1189 1786 1191
2444 2 2 1 1 1191 1192 1190
2445 2 2 1 1 2719 2725 1609
2446 2 2 1 1 1527 1528 1526
2447 2 2 1 1 1849 2124 1853
2448 2 2 1 1 2012 2098 1941
2449 2 2 1 1 2236 2350 1756
2450 2 2 1 1 2566 2724 2573
2451 2 2 1 1 1403 1405 1404
2452 2 2 1 1 1410 2550 1403
2453 2 2 1 1 1578 2721 1569
2454 2 2 1 1 1817 2722 1622
2455 2 2 1 1 1623 2723 1616
2456 2 2 1 1 1493 2248 2247
2457 2 2 1 1 1914 2270 1686
2458 2 2 1 1 1505 1514 1506
2459 2 2 1 1 1712 1713 1711
2460 2 2 1 1 1209 1805 1213
2461 2 2 1 1 1240 2539 1211
2462 2 2 1 1 1231 1242 1230
2463 2 2 1 1 1213 1214 1210
2464 2 2 1 1 2569 2725 2570
2465 2 2 1 1 2568 2724 2566
2466 2 2 1 1 2331 2332 2309
2467 2 2 1 1 2572 2725 2569
2468 2 2 1 1 2570 2725 2719
2469 2 2 1 1 1132 1134 1131
2470 2 2 1 1 1189 1191 1190
2471 2 2 1 1 1525 1527 1526
2472 2 2 1 1 1526 2554 1524
2473 2 2 1 1 1849 1853 1846
2474 2 2 1 1 1848 2553 1849
2475 2 2 1 1 1755 2235 2234
2476 2 2 1 1 2234 2236 1756
2477 2 2 1 1 1754 2012 1941
2478 2 2 1 1 1460 2728 1466
2479 2 2 1 1 1401 1410 1403
2480 2 2 1 1 1403 1404 1402
2481 2 2 1 1 1493 2247 2246
2482 2 2 1 1 1685 1914 1686
2483 2 2 1 1 1505 1506 1504
2484 2 2 1 1 1502 1507 1505
2485 2 2 1 1 2241 2532 1650
2486 2 2 1 1 2139 2140 1989
2487 2 2 1 1 1860 2410 2139
2488 2 2 1 1 1410 2726 2550
2489 2 2 1 1 1716 2547 1710
2490 2 2 1 1 1710 1712 1711
2491 2 2 1 1 1230 1240 1211
2492 2 2 1 1 1209 1213 1210
2493 2 2 1 1 1212 1231 1230
2494 2 2 1 1 2550 2727 2575
2495 2 2 1 1 2307 2331 2309
2496 2 2 1 1 1882 2349 1883
2497 2 2 1 1 1883 2538 1683
2498 2 2 1 1 2010 2537 1873
2499 2 2 1 1 1466 2728 2156
2500 2 2 1 1 1131 1133 1129
2501 2 2 1 1 1130 1132 1131
2502 2 2 1 1 1189 1190 1188
2503 2 2 1 1 1525 1526 1524
2504 2 2 1 1 1523 1550 1525
2505 2 2 1 1 1848 1849 1846
2506 2 2 1 1 1754 1941 1940
2507 2 2 1 1 1755 2234 1756
2508 2 2 1 1 1940 2536 1753
2509 2 2 1 1 2034 2400 1909
2510 2 2 1 1 1928 2035 2034
2511 2 2 1 1 1401 1403 1402
2512 2 2 1 1 2441 2442 2440
2513 2 2 1 1 1492 2545 1493
2514 2 2 1 1 1493 2246 1491
2515 2 2 1 1 1685 1686 1492
2516 2 2 1 1 1502 1505 1504
2517 2 2 1 1 1673 2534 1501
2518 2 2 1 1 1878 2241 1650
2519 2 2 1 1 1989 2533 1859
2520 2 2 1 1 1860 2139 1989
2521 2 2 1 1 1709 1716 1710
2522 2 2 1 1 1710 1711 1708
2523 2 2 1 1 1209 1210 1208
2524 2 2 1 1 1212 1230 1211
2525 2 2 1 1 2437 2438 2107
2526 2 2 1 1 2307 2309 2306
2527 2 2 1 1 1882 1883 1683
2528 2 2 1 1 1874 2010 1873
2529 2 2 1 1 1812 2729 2019
2530 2 2 1 1 1808 2729 1809
2531 2 2 1 1 1130 1131 1129
2532 2 2 1 1 1188 1367 1186
2533 2 2 1 1 1187 1189 1188
2534 2 2 1 1 2181 2549 1187
2535 2 2 1 1 1523 1525 1524
2536 2 2 1 1 1845 1848 1846
2537 2 2 1 1 1755 1756 1701
2538 2 2 1 1 1754 1940 1753
2539 2 2 1 1 2474 2476 2475
2540 2 2 1 1 1928 2034 1909
2541 2 2 1 1 1401 1402 1400
2542 2 2 1 1 2439 2441 2440
2543 2 2 1 1 1809 2729 1812
2544 2 2 1 1 1490 1685 1492
2545 2 2 1 1 1492 1493 1491
2546 2 2 1 1 1503 1673 1501
2547 2 2 1 1 1502 1504 1500
2548 2 2 1 1 1860 1989 1859
2549 2 2 1 1 1651 1878 1650
2550 2 2 1 1 1707 1737 1709
2551 2 2 1 1 1709 1710 1708
2552 2 2 1 1 1206 1212 1211
2553 2 2 1 1 1207 1209 1208
2554 2 2 1 1 1977 2437 2107
2555 2 2 1 1 2303 2307 2306
2556 2 2 1 1 2306 2308 2305
2557 2 2 1 1 1681 1882 1683
2558 2 2 1 1 1682 2530 1681
2559 2 2 1 1 1683 2134 1680
2560 2 2 1 1 1873 2119 1871
2561 2 2 1 1 1872 1874 1873
2562 2 2 1 1 1126 1130 1129
2563 2 2 1 1 2042 2346 2330
2564 2 2 1 1 2496 2497 1372
2565 2 2 1 1 1187 1188 1186
2566 2 2 1 1 1185 2181 1187
2567 2 2 1 1 1547 2484 1520
2568 2 2 1 1 1523 1524 1522
2569 2 2 1 1 1845 1846 1843
2570 2 2 1 1 1843 2544 1844
2571 2 2 1 1 1844 2483 1841
2572 2 2 1 1 1842 1847 1845
2573 2 2 1 1 1700 1754 1753
2574 2 2 1 1 1753 1755 1701
2575 2 2 1 1 2474 2475 2473
2576 2 2 1 1 1907 1928 1909
2577 2 2 1 1 1399 1401 1400
2578 2 2 1 1 1400 1409 1398
2579 2 2 1 1 1443 2528 1399
2580 2 2 1 1 2439 2440 2382
2581 2 2 1 1 1490 1492 1491
2582 2 2 1 1 1499 1503 1501
2583 2 2 1 1 1501 1502 1500
2584 2 2 1 1 1366 1860 1859
2585 2 2 1 1 1365 1651 1650
2586 2 2 1 1 1859 2458 1364
2587 2 2 1 1 1708 2535 1706
2588 2 2 1 1 1707 1709 1708
2589 2 2 1 1 1207 1208 1205
2590 2 2 1 1 1206 1211 1207
2591 2 2 1 1 1977 2107 1689
2592 2 2 1 1 2303 2306 2305
2593 2 2 1 1 1681 1683 1680
2594 2 2 1 1 1679 1682 1681
2595 2 2 1 1 1872 1873 1871
2596 2 2 1 1 1779 1783 1781
2597 2 2 1 1 1780 2515 1779
2598 2 2 1 1 1128 2490 1125
2599 2 2 1 1 1126 1129 1128
2600 2 2 1 1 2042 2330 1855
2601 2 2 1 1 2217 2218 1793
2602 2 2 1 1 2495 2496 1372
2603 2 2 1 1 1185 1187 1186
2604 2 2 1 1 1521 1523 1522
2605 2 2 1 1 1522 1547 1520
2606 2 2 1 1 1842 1845 1843
2607 2 2 1 1 1843 1844 1841
2608 2 2 1 1 1699 2425 2185
2609 2 2 1 1 1700 1753 1701
2610 2 2 1 1 2175 2265 1921
2611 2 2 1 1 1920 2283 2175
2612 2 2 1 1 2473 2477 2461
2613 2 2 1 1 2472 2474 2473
2614 2 2 1 1 1907 1909 1908
2615 2 2 1 1 1015 3418 2342
2616 2 2 1 1 1399 1400 1398
2617 2 2 1 1 1397 1443 1399
2618 2 2 1 1 2261 2439 2382
2619 2 2 1 1 644 1161 645
2620 2 2 1 1 97 2984 565
2621 2 2 1 1 1490 1491 1488
2622 2 2 1 1 1499 1501 1500
2623 2 2 1 1 2286 2288 2287
2624 2 2 1 1 1365 1650 1366
2625 2 2 1 1 1366 1859 1364
2626 2 2 1 1 1456 2733 1454
2627 2 2 1 1 1443 2731 2528
2628 2 2 1 1 1707 1708 1706
2629 2 2 1 1 1705 2523 1707
2630 2 2 1 1 2273 2481 2480
2631 2 2 1 1 1206 1207 1205
2632 2 2 1 1 1454 2733 1458
2633 2 2 1 1 1688 2244 1976
2634 2 2 1 1 1976 1977 1689
2635 2 2 1 1 2303 2305 2302
2636 2 2 1 1 1679 1681 1680
2637 2 2 1 1 2512 3181 1184
2638 2 2 1 1 2196 2519 1870
2639 2 2 1 1 1870 1872 1871
2640 2 2 1 1 1458 2733 1886
2641 2 2 1 1 1861 3248 879
2642 2 2 1 1 1946 2733 1456
2643 2 2 1 1 652 3298 653
2644 2 2 1 1 817 1083 816
2645 2 2 1 1 1778 1780 1779
2646 2 2 1 1 1779 1781 1777
2647 2 2 1 1 1126 1128 1125
2648 2 2 1 1 1124 2514 1126
2649 2 2 1 1 1127 2227 1039
2650 2 2 1 1 1391 2042 1855
2651 2 2 1 1 2198 2489 1391
2652 2 2 1 1 1386 2329 2066
2653 2 2 1 1 1794 2217 1793
2654 2 2 1 1 2040 2201 1387
2655 2 2 1 1 1475 2170 1794
2656 2 2 1 1 2066 2334 2039
2657 2 2 1 1 1185 1186 1181
2658 2 2 1 1 1181 2495 1372
2659 2 2 1 1 2733 2734 1886
2660 2 2 1 1 1521 1522 1520
2661 2 2 1 1 1518 2361 1521
2662 2 2 1 1 2115 2403 2390
2663 2 2 1 1 1840 2505 1842
2664 2 2 1 1 1842 1843 1841
2665 2 2 1 1 1699 2185 1696
2666 2 2 1 1 1700 1701 1698
2667 2 2 1 1 1698 2529 1699
2668 2 2 1 1 1946 2734 2733
2669 2 2 1 1 1920 2175 1921
2670 2 2 1 1 2472 2473 2461
2671 2 2 1 1 1904 2503 1907
2672 2 2 1 1 1907 1908 1906
2673 2 2 1 1 2052 2207 2186
2674 2 2 1 1 2167 2281 1371
2675 2 2 1 1 1018 2116 2009
2676 2 2 1 1 2009 2450 1978
2677 2 2 1 1 2552 2753 1373
2678 2 2 1 1 1397 1399 1398
2679 2 2 1 1 2261 2382 2259
2680 2 2 1 1 1886 2734 2379
2681 2 2 1 1 1489 1490 1488
2682 2 2 1 1 1487 2279 1489
2683 2 2 1 1 1083 2161 816
2684 2 2 1 1 1499 1500 1497
2685 2 2 1 1 771 1067 772
2686 2 2 1 1 1448 2736 2172
2687 2 2 1 1 1461 2736 1442
2688 2 2 1 1 2286 2287 1016
2689 2 2 1 1 1721 2738 2600
2690 2 2 1 1 1365 1366 1364
2691 2 2 1 1 2292 3055 978
2692 2 2 1 1 1705 1707 1706
2693 2 2 1 1 983 3192 2755
2694 2 2 1 1 1204 1206 1205
2695 2 2 1 1 2273 2480 1204
2696 2 2 1 1 1688 1976 1689
2697 2 2 1 1 1974 2459 2104
2698 2 2 1 1 2365 3029 2184
2699 2 2 1 1 982 2303 2302
2700 2 2 1 1 2302 2304 2301
2701 2 2 1 1 2427 3010 1971
2702 2 2 1 1 1679 1680 1677
2703 2 2 1 1 1869 2196 1870
2704 2 2 1 1 1870 1871 974
2705 2 2 1 1 1330 2746 1890
2706 2 2 1 1 2101 2746 1349
2707 2 2 1 1 1751 2912 928
2708 2 2 1 1 1699 2749 2425
2709 2 2 1 1 1948 2910 2351
2710 2 2 1 1 1901 2524 2138
2711 2 2 1 1 2055 2735 2384
2712 2 2 1 1 1133 2889 2750
2713 2 2 1 1 1965 2737 1966
2714 2 2 1 1 1442 2736 1448
2715 2 2 1 1 1778 1779 1777
2716 2 2 1 1 1776 1782 1778
2717 2 2 1 1 2320 2737 1965
2718 2 2 1 1 1124 1126 1125
2719 2 2 1 1 1125 1127 1039
2720 2 2 1 1 2600 2738 2601
2721 2 2 1 1 2068 2231 1798
2722 2 2 1 1 2011 2374 1381
2723 2 2 1 1 1389 2198 1391
2724 2 2 1 1 1391 1855 1390
2725 2 2 1 1 2039 2040 1387
2726 2 2 1 1 1386 2066 2039
2727 2 2 1 1 1475 1794 1793
2728 2 2 1 1 1656 2747 1657
2729 2 2 1 1 1181 1372 1180
2730 2 2 1 1 1179 1185 1181
2731 2 2 1 1 1518 1521 1520
2732 2 2 1 1 2115 2390 2389
2733 2 2 1 1 2230 2850 2787
2734 2 2 1 1 1840 1842 1841
2735 2 2 1 1 2919 3049 1944
2736 2 2 1 1 1978 2768 2418
2737 2 2 1 1 1697 1700 1698
2738 2 2 1 1 1698 1699 1696
2739 2 2 1 1 1659 2747 1656
2740 2 2 1 1 1920 1921 1919
2741 2 2 1 1 1129 2750 1128
2742 2 2 1 1 1385 3107 35
2743 2 2 1 1 2505 2763 1030
2744 2 2 1 1 2462 2472 2461
2745 2 2 1 1 1904 1907 1906
2746 2 2 1 1 1906 2416 1905
2747 2 2 1 1 2675 2751 2031
2748 2 2 1 1 1349 2746 1330
2749 2 2 1 1 1002 3058 1705
2750 2 2 1 1 2052 2186 955
2751 2 2 1 1 1959 2169 2052
2752 2 2 1 1 1507 2752 1505
2753 2 2 1 1 1373 2753 1254
2754 2 2 1 1 1256 2753 1516
2755 2 2 1 1 1662 2747 1659
2756 2 2 1 1 2333 3090 2606
2757 2 2 1 1 854 3076 2315
2758 2 2 1 1 1893 2167 1371
2759 2 2 1 1 1085 1894 1893
2760 2 2 1 1 1978 2418 1951
2761 2 2 1 1 1018 2009 1978
2762 2 2 1 1 1351 2757 1758
2763 2 2 1 1 1397 1398 1396
2764 2 2 1 1 634 982 635
2765 2 2 1 1 1047 2978 2745
2766 2 2 1 1 2260 2261 2259
2767 2 2 1 1 1213 2758 2560
2768 2 2 1 1 2541 2758 1805
2769 2 2 1 1 1949 3014 246
2770 2 2 1 1 2245 3040 1173
2771 2 2 1 1 503 1170 758
2772 2 2 1 1 1657 2747 1854
2773 2 2 1 1 622 1485 623
2774 2 2 1 1 680 3132 341
2775 2 2 1 1 1487 1489 1488
2776 2 2 1 1 574 1016 575
2777 2 2 1 1 1128 2816 2490
2778 2 2 1 1 1498 1499 1497
2779 2 2 1 1 1363 1365 1364
2780 2 2 1 1 2694 3195 823
2781 2 2 1 1 950 2367 225
2782 2 2 1 1 788 1117 787
2783 2 2 1 1 795 932 794
2784 2 2 1 1 790 1088 789
2785 2 2 1 1 792 1024 791
2786 2 2 1 1 797 1087 796
2787 2 2 1 1 856 1101 855
2788 2 2 1 1 858 1009 857
2789 2 2 1 1 861 1056 860
2790 2 2 1 1 857 2740 856
2791 2 2 1 1 796 2741 795
2792 2 2 1 1 863 1173 862
2793 2 2 1 1 789 2742 788
2794 2 2 1 1 1005 2321 2090
2795 2 2 1 1 1705 1706 1704
2796 2 2 1 1 1939 3388 2454
2797 2 2 1 1 2512 3153 2511
2798 2 2 1 1 221 1891 939
2799 2 2 1 1 2659 3085 1479
2800 2 2 1 1 2284 2764 1981
2801 2 2 1 1 1983 2764 2407
2802 2 2 1 1 1152 2876 2594
2803 2 2 1 1 1202 2273 1204
2804 2 2 1 1 1204 1205 1203
2805 2 2 1 1 1688 1689 1669
2806 2 2 1 1 1669 2402 2327
2807 2 2 1 1 1974 2104 1856
2808 2 2 1 1 543 3359 530
2809 2 2 1 1 2529 2749 1699
2810 2 2 1 1 982 2302 2301
2811 2 2 1 1 2494 3247 2093
2812 2 2 1 1 2630 3039 2255
2813 2 2 1 1 1662 2761 2747
2814 2 2 1 1 1133 2750 1129
2815 2 2 1 1 2390 3092 1605
2816 2 2 1 1 1678 1679 1677
2817 2 2 1 1 1666 3110 49
2818 2 2 1 1 1215 2765 2548
2819 2 2 1 1 1295 2765 1217
2820 2 2 1 1 2198 3165 2489
2821 2 2 1 1 2419 3404 2135
2822 2 2 1 1 2747 2761 1854
2823 2 2 1 1 1868 2002 931
2824 2 2 1 1 1869 1870 974
2825 2 2 1 1 2031 2751 2030
2826 2 2 1 1 2190 2963 1376
2827 2 2 1 1 1124 2838 2514
2828 2 2 1 1 3113 3199 2139
2829 2 2 1 1 1747 2940 2428
2830 2 2 1 1 1505 2752 1514
2831 2 2 1 1 2522 2877 2265
2832 2 2 1 1 1254 2753 1256
2833 2 2 1 1 2435 3425 1392
2834 2 2 1 1 2640 2769 1142
2835 2 2 1 1 1088 2743 2742
2836 2 2 1 1 1353 2757 1351
2837 2 2 1 1 982 2301 635
2838 2 2 1 1 1988 3142 2373
2839 2 2 1 1 1997 3313 2426
2840 2 2 1 1 1834 2951 2398
2841 2 2 1 1 1805 2758 1213
2842 2 2 1 1 1919 3236 1749
2843 2 2 1 1 818 2518 817
2844 2 2 1 1 2457 2845 1041
2845 2 2 1 1 1901 2138 937
2846 2 2 1 1 1740 3039 2630
2847 2 2 1 1 2304 3237 2991
2848 2 2 1 1 616 1090 617
2849 2 2 1 1 2265 2976 1921
2850 2 2 1 1 2363 2761 1662
2851 2 2 1 1 1781 3282 2463
2852 2 2 1 1 475 2927 784
2853 2 2 1 1 1854 2761 2061
2854 2 2 1 1 2085 2188 2084
2855 2 2 1 1 1776 1778 1777
2856 2 2 1 1 386 929 914
2857 2 2 1 1 1079 3376 2781
2858 2 2 1 1 1124 1125 1039
2859 2 2 1 1 2353 3220 1111
2860 2 2 1 1 1957 2068 1798
2861 2 2 1 1 823 3267 2694
2862 2 2 1 1 2351 2910 1120
2863 2 2 1 1 1862 2011 1381
2864 2 2 1 1 1389 1391 1390
2865 2 2 1 1 1386 2039 1387
2866 2 2 1 1 1473 2336 1474
2867 2 2 1 1 1475 1793 1473
2868 2 2 1 1 1009 3158 2468
2869 2 2 1 1 1179 1181 1180
2870 2 2 1 1 1088 2742 789
2871 2 2 1 1 795 2741 932
2872 2 2 1 1 788 2742 1117
2873 2 2 1 1 1009 2740 857
2874 2 2 1 1 856 2740 1101
2875 2 2 1 1 1087 2741 796
2876 2 2 1 1 1518 1520 1519
2877 2 2 1 1 2401 2435 2232
2878 2 2 1 1 1836 2797 2375
2879 2 2 1 1 2115 2389 2388
2880 2 2 1 1 1645 1858 1643
2881 2 2 1 1 1840 1841 1654
2882 2 2 1 1 2230 2787 1451
2883 2 2 1 1 2791 3316 2188
2884 2 2 1 1 1981 2764 1983
2885 2 2 1 1 2787 2850 2728
2886 2 2 1 1 1697 1698 1696
2887 2 2 1 1 1375 3076 2730
2888 2 2 1 1 1606 2776 2699
2889 2 2 1 1 1750 1920 1919
2890 2 2 1 1 1882 2777 2349
2891 2 2 1 1 825 1071 824
2892 2 2 1 1 900 1102 899
2893 2 2 1 1 832 1184 831
2894 2 2 1 1 834 1099 833
2895 2 2 1 1 822 1038 821
2896 2 2 1 1 827 1174 826
2897 2 2 1 1 830 1795 829
2898 2 2 1 1 898 983 897
2899 2 2 1 1 896 1167 895
2900 2 2 1 1 897 2755 896
2901 2 2 1 1 899 2756 898
2902 2 2 1 1 826 2754 825
2903 2 2 1 1 2080 2297 2187
2904 2 2 1 1 1960 2164 1961
2905 2 2 1 1 2391 2392 1957
2906 2 2 1 1 2616 2785 2617
2907 2 2 1 1 2621 2785 2619
2908 2 2 1 1 1750 2800 1920
2909 2 2 1 1 2732 3096 2280
2910 2 2 1 1 1457 2787 2728
2911 2 2 1 1 2538 3317 2134
2912 2 2 1 1 2181 2793 2549
2913 2 2 1 1 198 2794 2226
2914 2 2 1 1 1522 2795 1547
2915 2 2 1 1 1217 2765 1215
2916 2 2 1 1 1057 2451 1862
2917 2 2 1 1 2554 2795 1524
2918 2 2 1 1 1040 2462 2461
2919 2 2 1 1 704 1163 406
2920 2 2 1 1 1451 2787 1453
2921 2 2 1 1 1904 1906 1905
2922 2 2 1 1 2001 2798 2594
2923 2 2 1 1 2173 3197 1916
2924 2 2 1 1 2254 3234 1745
2925 2 2 1 1 1959 2052 955
2926 2 2 1 1 1030 3308 2505
2927 2 2 1 1 12 1900 937
2928 2 2 1 1 2380 2854 1927
2929 2 2 1 1 1776 3316 1782
2930 2 2 1 1 1780 2957 2474
2931 2 2 1 1 2657 2801 1461
2932 2 2 1 1 2182 2801 1830
2933 2 2 1 1 2251 2839 2250
2934 2 2 1 1 1418 2805 1422
2935 2 2 1 1 1430 2805 1420
2936 2 2 1 1 1085 1893 1371
2937 2 2 1 1 2040 3403 2201
2938 2 2 1 1 2450 2768 1978
2939 2 2 1 1 1972 2769 2640
2940 2 2 1 1 3127 3196 3105
2941 2 2 1 1 2839 3212 2250
2942 2 2 1 1 1018 1978 1951
2943 2 2 1 1 2133 3365 2485
2944 2 2 1 1 2047 3337 2704
2945 2 2 1 1 2059 3008 2191
2946 2 2 1 1 1396 1449 1395
2947 2 2 1 1 934 1397 1396
2948 2 2 1 1 1404 2808 1402
2949 2 2 1 1 1649 3004 2355
2950 2 2 1 1 2051 2260 2259
2951 2 2 1 1 2448 2809 1922
2952 2 2 1 1 2673 2809 2674
2953 2 2 1 1 807 2178 806
2954 2 2 1 1 2113 2976 944
2955 2 2 1 1 2312 3114 2803
2956 2 2 1 1 696 1168 697
2957 2 2 1 1 2846 2993 1844
2958 2 2 1 1 2289 2815 151
2959 2 2 1 1 1487 1488 1023
2960 2 2 1 1 2014 3275 2692
2961 2 2 1 1 2138 2915 2811
2962 2 2 1 1 1858 3447 3168
2963 2 2 1 1 2181 3225 2793
2964 2 2 1 1 2645 3133 952
2965 2 2 1 1 2475 2818 2473
2966 2 2 1 1 2814 2925 2911
2967 2 2 1 1 2778 2779 1856
2968 2 2 1 1 3168 3447 2362
2969 2 2 1 1 1497 2415 1001
2970 2 2 1 1 1496 1498 1497
2971 2 2 1 1 73 2264 562
2972 2 2 1 1 2192 3335 2969
2973 2 2 1 1 1614 2947 2652
2974 2 2 1 1 196 1058 618
2975 2 2 1 1 1883 3173 2526
2976 2 2 1 1 1326 3074 2408
2977 2 2 1 1 2018 2897 2854
2978 2 2 1 1 2083 2880 2819
2979 2 2 1 1 1412 2828 1411
2980 2 2 1 1 1428 2828 1415
2981 2 2 1 1 1363 1364 946
2982 2 2 1 1 2184 2987 2397
2983 2 2 1 1 845 1022 844
2984 2 2 1 1 806 2766 805
2985 2 2 1 1 803 1111 802
2986 2 2 1 1 805 1370 804
2987 2 2 1 1 847 1150 846
2988 2 2 1 1 804 2767 803
2989 2 2 1 1 379 2862 773
2990 2 2 1 1 2808 2918 1402
2991 2 2 1 1 1773 3319 2340
2992 2 2 1 1 1313 2831 1307
2993 2 2 1 1 1306 2831 2381
2994 2 2 1 1 2075 2833 1865
2995 2 2 1 1 2708 2833 2468
2996 2 2 1 1 585 1195 133
2997 2 2 1 1 2745 3137 1047
2998 2 2 1 1 1495 2471 1031
2999 2 2 1 1 2227 2924 930
3000 2 2 1 1 1069 2133 1917
3001 2 2 1 1 2487 3286 2488
3002 2 2 1 1 1002 1705 1704
3003 2 2 1 1 921 2110 2109
3004 2 2 1 1 1876 2452 1003
3005 2 2 1 1 2449 2939 1105
3006 2 2 1 1 3170 3270 2584
3007 2 2 1 1 1161 3414 3114
3008 2 2 1 1 2682 3182 2308
3009 2 2 1 1 1089 2154 2153
3010 2 2 1 1 1202 1204 1203
3011 2 2 1 1 2144 3454 2205
3012 2 2 1 1 2304 3044 2432
3013 2 2 1 1 2312 2803 2802
3014 2 2 1 1 2338 3225 2181
3015 2 2 1 1 2859 3187 2858
3016 2 2 1 1 988 1688 1669
3017 2 2 1 1 1669 2327 1668
3018 2 2 1 1 1667 1974 1856
3019 2 2 1 1 2258 2826 638
3020 2 2 1 1 2117 3143 2899
3021 2 2 1 1 1903 2108 285
3022 2 2 1 1 2311 2845 2457
3023 2 2 1 1 2536 3355 1547
3024 2 2 1 1 2497 2844 1372
3025 2 2 1 1 825 2754 1071
3026 2 2 1 1 1174 2754 826
3027 2 2 1 1 896 2755 1167
3028 2 2 1 1 898 2756 983
3029 2 2 1 1 983 2755 897
3030 2 2 1 1 1102 2756 899
3031 2 2 1 1 926 2796 1784
3032 2 2 1 1 2625 2843 2627
3033 2 2 1 1 2694 2843 2626
3034 2 2 1 1 1242 3113 2410
3035 2 2 1 1 1630 2776 1606
3036 2 2 1 1 506 3266 815
3037 2 2 1 1 2781 3152 2836
3038 2 2 1 1 1626 2878 2419
3039 2 2 1 1 2544 2846 1844
3040 2 2 1 1 1682 2839 2530
3041 2 2 1 1 1672 3033 2365
3042 2 2 1 1 1883 3232 2538
3043 2 2 1 1 1291 3066 2368
3044 2 2 1 1 2530 2777 1882
3045 2 2 1 1 1963 2845 1879
3046 2 2 1 1 2008 2781 2015
3047 2 2 1 1 2470 3127 3037
3048 2 2 1 1 1013 1678 1677
3049 2 2 1 1 2322 2849 2670
3050 2 2 1 1 2104 2778 1856
3051 2 2 1 1 1033 2325 2324
3052 2 2 1 1 1693 2173 733
3053 2 2 1 1 2619 2785 2616
3054 2 2 1 1 1379 2444 2443
3055 2 2 1 1 2753 2786 1516
3056 2 2 1 1 1453 2787 1457
3057 2 2 1 1 1652 2873 1653
3058 2 2 1 1 1072 1955 1954
3059 2 2 1 1 946 2458 674
3060 2 2 1 1 1422 2852 1417
3061 2 2 1 1 1408 3411 2808
3062 2 2 1 1 2549 2793 2337
3063 2 2 1 1 2735 3077 1503
3064 2 2 1 1 1524 2795 1522
3065 2 2 1 1 2146 2797 1836
3066 2 2 1 1 1788 2936 1790
3067 2 2 1 1 1450 2905 2049
3068 2 2 1 1 2686 2856 2687
3069 2 2 1 1 879 3069 1861
3070 2 2 1 1 2372 2798 2001
3071 2 2 1 1 952 3324 2645
3072 2 2 1 1 1977 2947 2820
3073 2 2 1 1 1049 2424 2118
3074 2 2 1 1 1075 2168 2085
3075 2 2 1 1 2495 2907 2496
3076 2 2 1 1 1173 2829 862
3077 2 2 1 1 861 2829 1056
3078 2 2 1 1 1749 2285 455
3079 2 2 1 1 1891 2144 939
3080 2 2 1 1 2167 2997 2281
3081 2 2 1 1 2793 3225 966
3082 2 2 1 1 665 3094 666
3083 2 2 1 1 171 1985 907
3084 2 2 1 1 2513 2861 2508
3085 2 2 1 1 2507 2861 2521
3086 2 2 1 1 2730 3076 1101
3087 2 2 1 1 2561 3397 2217
3088 2 2 1 1 1660 2864 1918
3089 2 2 1 1 350 1160 351
3090 2 2 1 1 1117 2932 2405
3091 2 2 1 1 2806 3025 903
3092 2 2 1 1 2552 2786 2753
3093 2 2 1 1 2019 2867 1815
3094 2 2 1 1 1648 1649 1647
3095 2 2 1 1 1920 2800 2283
3096 2 2 1 1 1830 2801 2657
3097 2 2 1 1 2151 2870 1735
3098 2 2 1 1 1738 2870 2692
3099 2 2 1 1 2585 3038 2166
3100 2 2 1 1 2312 2802 1880
3101 2 2 1 1 2923 3338 1956
3102 2 2 1 1 624 2906 205
3103 2 2 1 1 2301 2991 236
3104 2 2 1 1 2093 3247 1769
3105 2 2 1 1 2300 3028 2548
3106 2 2 1 1 1713 2872 1744
3107 2 2 1 1 1719 2872 1715
3108 2 2 1 1 962 3377 2186
3109 2 2 1 1 1420 2805 1418
3110 2 2 1 1 1851 3116 2489
3111 2 2 1 1 1296 3182 2682
3112 2 2 1 1 1017 2482 2018
3113 2 2 1 1 3122 3213 2403
3114 2 2 1 1 2613 2878 1835
3115 2 2 1 1 2701 2878 1626
3116 2 2 1 1 2905 2953 2049
3117 2 2 1 1 1316 2883 1318
3118 2 2 1 1 854 2315 853
3119 2 2 1 1 2326 2875 1992
3120 2 2 1 1 1408 2808 1404
3121 2 2 1 1 1915 2771 936
3122 2 2 1 1 2762 3406 2155
3123 2 2 1 1 1922 2809 2673
3124 2 2 1 1 2340 3433 1773
3125 2 2 1 1 1116 2266 1115
3126 2 2 1 1 259 3460 1949
3127 2 2 1 1 2327 3291 2112
3128 2 2 1 1 1428 3328 2828
3129 2 2 1 1 1723 3424 2441
3130 2 2 1 1 1900 1901 937
3131 2 2 1 1 2814 2911 1053
3132 2 2 1 1 1061 3152 2337
3133 2 2 1 1 2594 2892 2593
3134 2 2 1 1 1387 2796 1385
3135 2 2 1 1 976 2428 2062
3136 2 2 1 1 2050 2051 968
3137 2 2 1 1 2503 2911 1928
3138 2 2 1 1 342 3240 343
3139 2 2 1 1 1042 2779 2092
3140 2 2 1 1 1773 2898 1263
3141 2 2 1 1 1265 2898 1320
3142 2 2 1 1 520 2371 766
3143 2 2 1 1 884 1345 883
3144 2 2 1 1 885 2775 884
3145 2 2 1 1 2273 3111 2481
3146 2 2 1 1 2139 3199 2140
3147 2 2 1 1 821 2869 820
3148 2 2 1 1 1140 2900 1141
3149 2 2 1 1 1144 2900 1169
3150 2 2 1 1 933 3213 3122
3151 2 2 1 1 1595 3387 2921
3152 2 2 1 1 2612 3176 1693
3153 2 2 1 1 1095 2455 628
3154 2 2 1 1 1463 2905 1455
3155 2 2 1 1 661 1151 662
3156 2 2 1 1 462 3243 877
3157 2 2 1 1 1748 3435 2329
3158 2 2 1 1 2157 2918 2808
3159 2 2 1 1 2195 3140 2238
3160 2 2 1 1 407 2780 701
3161 2 2 1 1 158 1026 598
3162 2 2 1 1 2535 2928 1706
3163 2 2 1 1 2270 2917 2271
3164 2 2 1 1 1874 2816 2010
3165 2 2 1 1 678 1154 679
3166 2 2 1 1 676 1032 677
3167 2 2 1 1 677 2782 678
3168 2 2 1 1 2875 3224 1992
3169 2 2 1 1 1411 2917 1406
3170 2 2 1 1 1776 1777 997
3171 2 2 1 1 1075 2085 2084
3172 2 2 1 1 1400 2918 1409
3173 2 2 1 1 2394 3171 2068
3174 2 2 1 1 2188 3215 2790
3175 2 2 1 1 1782 3204 2957
3176 2 2 1 1 2473 2818 2477
3177 2 2 1 1 1138 3397 2561
3178 2 2 1 1 790 2866 1088
3179 2 2 1 1 1024 2866 791
3180 2 2 1 1 1938 2919 1944
3181 2 2 1 1 419 2391 418
3182 2 2 1 1 2973 3203 2129
3183 2 2 1 1 1158 2830 2224
3184 2 2 1 1 1452 2905 1450
3185 2 2 1 1 2168 3374 2085
3186 2 2 1 1 3147 3241 1727
3187 2 2 1 1 2019 3391 2867
3188 2 2 1 1 2009 2820 2450
3189 2 2 1 1 1797 1957 1798
3190 2 2 1 1 1798 1973 938
3191 2 2 1 1 2877 2976 2265
3192 2 2 1 1 803 2767 1111
3193 2 2 1 1 805 2766 1370
3194 2 2 1 1 1370 2767 804
3195 2 2 1 1 1952 2243 973
3196 2 2 1 1 1802 2150 1952
3197 2 2 1 1 1057 1862 1381
3198 2 2 1 1 1377 1804 37
3199 2 2 1 1 1017 3177 2482
3200 2 2 1 1 613 1202 916
3201 2 2 1 1 941 3419 2331
3202 2 2 1 1 2373 3450 1988
3203 2 2 1 1 1006 2278 1389
3204 2 2 1 1 1389 1390 1388
3205 2 2 1 1 1157 2386 2121
3206 2 2 1 1 1799 2888 954
3207 2 2 1 1 2297 3390 2187
3208 2 2 1 1 867 1200 866
3209 2 2 1 1 869 1122 868
3210 2 2 1 1 781 1796 780
3211 2 2 1 1 782 2788 781
3212 2 2 1 1 873 1112 872
3213 2 2 1 1 875 1866 874
3214 2 2 1 1 871 1065 870
3215 2 2 1 1 872 2789 871
3216 2 2 1 1 868 2790 867
3217 2 2 1 1 1899 3217 2922
3218 2 2 1 1 2858 3187 1917
3219 2 2 1 1 1386 1387 1385
3220 2 2 1 1 959 1475 1473
3221 2 2 1 1 1473 1474 1472
3222 2 2 1 1 903 3025 902
3223 2 2 1 1 2090 2453 1838
3224 2 2 1 1 1054 2338 1179
3225 2 2 1 1 1179 1180 1178
3226 2 2 1 1 2205 2412 2111
3227 2 2 1 1 1778 2957 1780
3228 2 2 1 1 1768 1769 120
3229 2 2 1 1 1692 2830 1158
3230 2 2 1 1 2502 3212 2839
3231 2 2 1 1 1415 2828 1412
3232 2 2 1 1 1304 2940 1747
3233 2 2 1 1 2005 2223 2077
3234 2 2 1 1 1959 3288 2169
3235 2 2 1 1 793 2929 792
3236 2 2 1 1 1518 1519 1517
3237 2 2 1 1 1078 3122 2403
3238 2 2 1 1 2453 3093 1645
3239 2 2 1 1 991 2237 1958
3240 2 2 1 1 1958 2347 1635
3241 2 2 1 1 1307 2831 1306
3242 2 2 1 1 2409 2832 2064
3243 2 2 1 1 1865 2833 2708
3244 2 2 1 1 994 2401 2232
3245 2 2 1 1 1929 2952 2492
3246 2 2 1 1 2329 3435 1160
3247 2 2 1 1 2239 3295 2944
3248 2 2 1 1 2115 2388 2114
3249 2 2 1 1 2386 2901 1796
3250 2 2 1 1 989 1645 1643
3251 2 2 1 1 981 1840 1654
3252 2 2 1 1 2276 2993 2846
3253 2 2 1 1 943 2033 2032
3254 2 2 1 1 18 2446 19
3255 2 2 1 1 2788 3067 1796
3256 2 2 1 1 1110 2955 2436
3257 2 2 1 1 1470 3041 1471
3258 2 2 1 1 1530 2951 2588
3259 2 2 1 1 2026 2951 1834
3260 2 2 1 1 862 2829 861
3261 2 2 1 1 1789 2916 1020
3262 2 2 1 1 2776 3056 2699
3263 2 2 1 1 1028 3073 1483
3264 2 2 1 1 2316 2936 1011
3265 2 2 1 1 2120 2956 1912
3266 2 2 1 1 944 2976 2877
3267 2 2 1 1 1359 3043 135
3268 2 2 1 1 2342 3039 2343
3269 2 2 1 1 938 2216 540
3270 2 2 1 1 302 2352 904
3271 2 2 1 1 1230 2959 1240
3272 2 2 1 1 2398 3006 1550
3273 2 2 1 1 2621 3047 2785
3274 2 2 1 1 1925 2897 1926
3275 2 2 1 1 992 2393 2392
3276 2 2 1 1 3282 3283 2463
3277 2 2 1 1 2100 2859 2858
3278 2 2 1 1 2178 2766 806
3279 2 2 1 1 2502 2839 1682
3280 2 2 1 1 925 1697 1696
3281 2 2 1 1 2578 2837 2577
3282 2 2 1 1 2517 2982 1783
3283 2 2 1 1 626 2422 2094
3284 2 2 1 1 2145 2934 2320
3285 2 2 1 1 2906 3011 1884
3286 2 2 1 1 2059 3245 3008
3287 2 2 1 1 1184 3153 2512
3288 2 2 1 1 1750 1919 1749
3289 2 2 1 1 1425 2979 1423
3290 2 2 1 1 2080 2187 1080
3291 2 2 1 1 2079 2081 2080
3292 2 2 1 1 1694 3219 2395
3293 2 2 1 1 2743 2932 2742
3294 2 2 1 1 141 1079 588
3295 2 2 1 1 1749 3236 2285
3296 2 2 1 1 2432 3013 1354
3297 2 2 1 1 1633 2987 2184
3298 2 2 1 1 1834 2987 1621
3299 2 2 1 1 2365 3033 3029
3300 2 2 1 1 2423 2988 1352
3301 2 2 1 1 2023 2989 1444
3302 2 2 1 1 1445 2989 1947
3303 2 2 1 1 2714 2990 1469
3304 2 2 1 1 1029 2373 2319
3305 2 2 1 1 1160 3284 2329
3306 2 2 1 1 1514 3149 3038
3307 2 2 1 1 2219 2855 979
3308 2 2 1 1 1184 2935 2513
3309 2 2 1 1 1430 3173 2349
3310 2 2 1 1 1285 2997 1287
3311 2 2 1 1 2631 3294 2743
3312 2 2 1 1 2498 3283 1924
3313 2 2 1 1 2188 3316 2084
3314 2 2 1 1 2214 3003 2487
3315 2 2 1 1 1784 2174 1377
3316 2 2 1 1 1550 3006 1525
3317 2 2 1 1 1527 3006 1530
3318 2 2 1 1 965 2999 2372
3319 2 2 1 1 1800 1801 1799
3320 2 2 1 1 1036 1948 1800
3321 2 2 1 1 1357 3305 2834
3322 2 2 1 1 2527 2814 647
3323 2 2 1 1 2626 2843 2625
3324 2 2 1 1 2828 3328 2546
3325 2 2 1 1 959 2272 1475
3326 2 2 1 1 2078 3270 3170
3327 2 2 1 1 2909 3140 2195
3328 2 2 1 1 2540 3245 2541
3329 2 2 1 1 634 2313 982
3330 2 2 1 1 2439 3068 1723
3331 2 2 1 1 1182 3452 2203
3332 2 2 1 1 1280 3013 1296
3333 2 2 1 1 1354 3013 1282
3334 2 2 1 1 3037 3127 1108
3335 2 2 1 1 2038 3379 2348
3336 2 2 1 1 1372 2844 1180
3337 2 2 1 1 1449 3281 2230
3338 2 2 1 1 1818 3016 2021
3339 2 2 1 1 2637 3016 1910
3340 2 2 1 1 682 3278 365
3341 2 2 1 1 2643 3019 1319
3342 2 2 1 1 2052 3048 2207
3343 2 2 1 1 1879 2845 2311
3344 2 2 1 1 2451 3053 1862
3345 2 2 1 1 1591 3021 1593
3346 2 2 1 1 2263 2846 2544
3347 2 2 1 1 2519 3031 1814
3348 2 2 1 1 920 2292 2078
3349 2 2 1 1 1205 3028 1203
3350 2 2 1 1 2212 3003 2211
3351 2 2 1 1 3199 3307 2140
3352 2 2 1 1 1744 3119 2535
3353 2 2 1 1 497 3421 754
3354 2 2 1 1 2138 2811 937
3355 2 2 1 1 2770 2771 1915
3356 2 2 1 1 2782 2783 1154
3357 2 2 1 1 2045 3226 2610
3358 2 2 1 1 2162 3297 2521
3359 2 2 1 1 2548 3028 1208
3360 2 2 1 1 2749 2914 2425
3361 2 2 1 1 1040 2461 2460
3362 2 2 1 1 2743 3294 2932
3363 2 2 1 1 2670 2849 2671
3364 2 2 1 1 2217 3007 2561
3365 2 2 1 1 644 3414 1161
3366 2 2 1 1 1814 3031 1811
3367 2 2 1 1 2302 3044 2304
3368 2 2 1 1 2728 2850 2156
3369 2 2 1 1 2866 3422 1088
3370 2 2 1 1 291 2190 1376
3371 2 2 1 1 2215 2290 1193
3372 2 2 1 1 1904 1905 1903
3373 2 2 1 1 1651 3406 2762
3374 2 2 1 1 1016 2447 575
3375 2 2 1 1 3379 3427 2348
3376 2 2 1 1 1514 3038 1515
3377 2 2 1 1 1931 3038 2585
3378 2 2 1 1 2231 3147 1973
3379 2 2 1 1 574 2286 1016
3380 2 2 1 1 2341 3331 2965
3381 2 2 1 1 2438 3134 2107
3382 2 2 1 1 1150 3402 2433
3383 2 2 1 1 1470 1471 945
3384 2 2 1 1 2485 3154 2099
3385 2 2 1 1 2554 3161 2795
3386 2 2 1 1 1000 1943 1382
3387 2 2 1 1 1382 1959 955
3388 2 2 1 1 1281 3046 1752
3389 2 2 1 1 1288 3046 1279
3390 2 2 1 1 2357 3368 953
3391 2 2 1 1 2769 3109 1142
3392 2 2 1 1 1952 3056 2776
3393 2 2 1 1 1417 2852 1428
3394 2 2 1 1 1704 2874 1703
3395 2 2 1 1 2525 3059 1447
3396 2 2 1 1 733 2173 449
3397 2 2 1 1 1427 3059 1425
3398 2 2 1 1 1447 3059 1436
3399 2 2 1 1 2345 2479 1697
3400 2 2 1 1 2441 3100 2442
3401 2 2 1 1 1163 3136 2358
3402 2 2 1 1 1109 3139 2426
3403 2 2 1 1 1396 3281 1449
3404 2 2 1 1 2072 2914 2749
3405 2 2 1 1 1653 2873 1658
3406 2 2 1 1 1927 2854 1925
3407 2 2 1 1 2627 3063 1913
3408 2 2 1 1 1268 3066 1291
3409 2 2 1 1 1274 3066 1270
3410 2 2 1 1 1169 3318 2045
3411 2 2 1 1 1069 3365 2133
3412 2 2 1 1 893 2456 892
3413 2 2 1 1 2184 3029 2183
3414 2 2 1 1 1963 3002 2845
3415 2 2 1 1 3104 3229 2116
3416 2 2 1 1 1676 3357 2057
3417 2 2 1 1 1677 3357 1676
3418 2 2 1 1 2785 3047 932
3419 2 2 1 1 1593 3387 1595
3420 2 2 1 1 1033 2323 167
3421 2 2 1 1 2203 2946 1182
3422 2 2 1 1 808 2202 505
3423 2 2 1 1 949 2136 2102
3424 2 2 1 1 1324 3074 1326
3425 2 2 1 1 476 3303 812
3426 2 2 1 1 1597 2856 2686
3427 2 2 1 1 960 2166 2164
3428 2 2 1 1 2227 3444 2924
3429 2 2 1 1 794 3047 793
3430 2 2 1 1 672 2819 673
3431 2 2 1 1 333 1015 670
3432 2 2 1 1 671 1098 672
3433 2 2 1 1 3247 3465 1769
3434 2 2 1 1 2485 3365 1519
3435 2 2 1 1 2321 2962 2090
3436 2 2 1 1 2347 2887 1635
3437 2 2 1 1 2426 2427 1968
3438 2 2 1 1 1170 3089 1171
3439 2 2 1 1 2500 3390 1795
3440 2 2 1 1 2263 2847 2846
3441 2 2 1 1 1085 1371 922
3442 2 2 1 1 2606 3090 1308
3443 2 2 1 1 1516 3097 2598
3444 2 2 1 1 832 2935 1184
3445 2 2 1 1 1099 2935 833
3446 2 2 1 1 1741 3083 1740
3447 2 2 1 1 2199 3053 2200
3448 2 2 1 1 1877 2518 818
3449 2 2 1 1 1367 3425 2435
3450 2 2 1 1 702 1019 703
3451 2 2 1 1 2556 3332 1019
3452 2 2 1 1 2947 3193 2652
3453 2 2 1 1 2276 2886 2275
3454 2 2 1 1 1926 3294 2631
3455 2 2 1 1 530 3359 850
3456 2 2 1 1 1018 1951 914
3457 2 2 1 1 1637 3088 2396
3458 2 2 1 1 2346 3116 2466
3459 2 2 1 1 181 3163 613
3460 2 2 1 1 1664 3091 2059
3461 2 2 1 1 1918 2993 2276
3462 2 2 1 1 1599 3092 2060
3463 2 2 1 1 1605 3092 1600
3464 2 2 1 1 2508 2861 2507
3465 2 2 1 1 1639 3098 2542
3466 2 2 1 1 2158 3164 2714
3467 2 2 1 1 984 2242 2000
3468 2 2 1 1 934 1396 1395
3469 2 2 1 1 2867 3391 2242
3470 2 2 1 1 1658 2864 1660
3471 2 2 1 1 2058 3176 2612
3472 2 2 1 1 949 3115 2136
3473 2 2 1 1 599 1149 600
3474 2 2 1 1 598 2821 599
3475 2 2 1 1 600 2822 601
3476 2 2 1 1 618 2824 619
3477 2 2 1 1 619 1100 620
3478 2 2 1 1 621 1040 197
3479 2 2 1 1 620 2823 621
3480 2 2 1 1 638 2826 639
3481 2 2 1 1 641 1118 245
3482 2 2 1 1 639 1012 640
3483 2 2 1 1 640 2825 641
3484 2 2 1 1 2914 3117 1801
3485 2 2 1 1 1815 2867 1892
3486 2 2 1 1 1287 3106 1298
3487 2 2 1 1 2051 2259 2258
3488 2 2 1 1 2077 2221 1084
3489 2 2 1 1 2982 3282 1781
3490 2 2 1 1 778 2807 777
3491 2 2 1 1 2255 3039 2342
3492 2 2 1 1 2225 3296 1096
3493 2 2 1 1 2218 3109 2769
3494 2 2 1 1 798 3441 144
3495 2 2 1 1 1315 3108 1316
3496 2 2 1 1 1139 3109 1138
3497 2 2 1 1 1243 3113 1242
3498 2 2 1 1 2133 2858 1917
3499 2 2 1 1 1889 2108 1066
3500 2 2 1 1 1735 2870 1738
3501 2 2 1 1 2482 2897 2018
3502 2 2 1 1 246 3014 247
3503 2 2 1 1 2858 3464 2099
3504 2 2 1 1 1715 2872 1713
3505 2 2 1 1 791 2866 790
3506 2 2 1 1 2227 3224 2875
3507 2 2 1 1 1050 2491 1792
3508 2 2 1 1 1943 2865 2748
3509 2 2 1 1 1264 3125 2606
3510 2 2 1 1 1291 3125 1266
3511 2 2 1 1 2957 3204 2476
3512 2 2 1 1 740 3443 2106
3513 2 2 1 1 1953 3128 2582
3514 2 2 1 1 1644 3156 433
3515 2 2 1 1 2454 3434 1939
3516 2 2 1 1 582 2149 583
3517 2 2 1 1 584 2812 585
3518 2 2 1 1 583 2834 584
3519 2 2 1 1 1958 3205 2347
3520 2 2 1 1 2018 2854 948
3521 2 2 1 1 1486 3325 1487
3522 2 2 1 1 2348 3325 1486
3523 2 2 1 1 2335 3032 913
3524 2 2 1 1 2514 2877 2522
3525 2 2 1 1 2962 3447 2090
3526 2 2 1 1 2540 3356 3245
3527 2 2 1 1 1483 3073 2383
3528 2 2 1 1 1137 3135 1140
3529 2 2 1 1 290 2806 2421
3530 2 2 1 1 771 2216 1067
3531 2 2 1 1 2100 3216 2859
3532 2 2 1 1 1835 2878 2701
3533 2 2 1 1 2869 3275 2014
3534 2 2 1 1 1083 3442 2376
3535 2 2 1 1 966 1360 140
3536 2 2 1 1 1024 3252 2633
3537 2 2 1 1 884 2775 1345
3538 2 2 1 1 601 3155 157
3539 2 2 1 1 1101 3076 855
3540 2 2 1 1 847 2896 1150
3541 2 2 1 1 2364 3145 1511
3542 2 2 1 1 2073 3117 2071
3543 2 2 1 1 2795 3161 2235
3544 2 2 1 1 653 3094 654
3545 2 2 1 1 2038 2348 1486
3546 2 2 1 1 1486 1487 1023
3547 2 2 1 1 2190 3369 2963
3548 2 2 1 1 1721 3166 2738
3549 2 2 1 1 2099 3154 1941
3550 2 2 1 1 1033 2994 2325
3551 2 2 1 1 2323 3249 2237
3552 2 2 1 1 1318 2883 1986
3553 2 2 1 1 2484 3154 2485
3554 2 2 1 1 2695 2884 1509
3555 2 2 1 1 2656 3450 1060
3556 2 2 1 1 589 1061 590
3557 2 2 1 1 588 2836 589
3558 2 2 1 1 1674 2014 1070
3559 2 2 1 1 1054 2920 2338
3560 2 2 1 1 1906 3210 2416
3561 2 2 1 1 1954 2961 1361
3562 2 2 1 1 2342 3418 1074
3563 2 2 1 1 1164 3165 1839
3564 2 2 1 1 1717 3166 1718
3565 2 2 1 1 2738 3166 2394
3566 2 2 1 1 2521 2968 2162
3567 2 2 1 1 1090 2451 617
3568 2 2 1 1 2045 3318 2800
3569 2 2 1 1 2030 3162 2643
3570 2 2 1 1 450 958 733
3571 2 2 1 1 2362 2962 1692
3572 2 2 1 1 2433 3402 2213
3573 2 2 1 1 1982 3172 1980
3574 2 2 1 1 2932 3294 2406
3575 2 2 1 1 2243 3072 973
3576 2 2 1 1 2357 3167 2065
3577 2 2 1 1 2090 3447 3093
3578 2 2 1 1 1984 3177 1982
3579 2 2 1 1 2458 3340 675
3580 2 2 1 1 2226 2794 1866
3581 2 2 1 1 814 3459 813
3582 2 2 1 1 1478 3183 1481
3583 2 2 1 1 1704 2928 2874
3584 2 2 1 1 2883 3239 1986
3585 2 2 1 1 882 3408 315
3586 2 2 1 1 2010 2889 2537
3587 2 2 1 1 2433 3084 1150
3588 2 2 1 1 2790 3215 1200
3589 2 2 1 1 1038 2869 821
3590 2 2 1 1 1777 3413 997
3591 2 2 1 1 1772 3133 2146
3592 2 2 1 1 2757 3050 1758
3593 2 2 1 1 1496 1497 1001
3594 2 2 1 1 2475 3432 2789
3595 2 2 1 1 1986 3239 2894
3596 2 2 1 1 1074 3418 669
3597 2 2 1 1 2696 3201 2659
3598 2 2 1 1 2804 3063 2627
3599 2 2 1 1 2636 3131 950
3600 2 2 1 1 2593 2892 1975
3601 2 2 1 1 3096 3220 2280
3602 2 2 1 1 678 2782 1154
3603 2 2 1 1 1032 2782 677
3604 2 2 1 1 1723 3068 1720
3605 2 2 1 1 1481 3205 2055
3606 2 2 1 1 104 2296 105
3607 2 2 1 1 1485 2794 623
3608 2 2 1 1 2684 3019 2033
3609 2 2 1 1 1040 2460 197
3610 2 2 1 1 1367 2907 2495
3611 2 2 1 1 1011 2936 1788
3612 2 2 1 1 1658 2873 2864
3613 2 2 1 1 2125 3220 2353
3614 2 2 1 1 2740 3146 1101
3615 2 2 1 1 2632 3422 2866
3616 2 2 1 1 1464 3228 1459
3617 2 2 1 1 1858 3168 2459
3618 2 2 1 1 1263 2898 1265
3619 2 2 1 1 2521 3297 2520
3620 2 2 1 1 802 3096 801
3621 2 2 1 1 2064 3192 2148
3622 2 2 1 1 3269 3337 3144
3623 2 2 1 1 2117 2899 1356
3624 2 2 1 1 2231 3241 3147
3625 2 2 1 1 106 2813 1021
3626 2 2 1 1 1338 3054 2797
3627 2 2 1 1 2761 2931 2061
3628 2 2 1 1 1409 3281 1398
3629 2 2 1 1 3189 3390 2297
3630 2 2 1 1 2620 3252 2621
3631 2 2 1 1 1488 3329 1023
3632 2 2 1 1 2363 2931 2761
3633 2 2 1 1 934 3322 1397
3634 2 2 1 1 2750 2889 2010
3635 2 2 1 1 2759 3219 1694
3636 2 2 1 1 2134 3317 3112
3637 2 2 1 1 1365 3406 1651
3638 2 2 1 1 1141 2900 1144
3639 2 2 1 1 2405 2932 2406
3640 2 2 1 1 2962 3306 1692
3641 2 2 1 1 3343 3354 2837
3642 2 2 1 1 2560 3280 1229
3643 2 2 1 1 2384 3344 2383
3644 2 2 1 1 1709 3286 1716
3645 2 2 1 1 1969 3050 2757
3646 2 2 1 1 1848 3297 2553
3647 2 2 1 1 2385 3255 1156
3648 2 2 1 1 2687 3002 1963
3649 2 2 1 1 2040 3065 2655
3650 2 2 1 1 1937 3434 1953
3651 2 2 1 1 2589 3431 2074
3652 2 2 1 1 1320 3430 2666
3653 2 2 1 1 1443 3391 2731
3654 2 2 1 1 2782 2879 2783
3655 2 2 1 1 1188 3425 1367
3656 2 2 1 1 1392 3425 1190
3657 2 2 1 1 205 3169 625
3658 2 2 1 1 1724 3424 1723
3659 2 2 1 1 2677 3301 1867
3660 2 2 1 1 2934 3079 2320
3661 2 2 1 1 2134 3357 1680
3662 2 2 1 1 2377 3311 2124
3663 2 2 1 1 2236 3351 2579
3664 2 2 1 1 1455 2905 1452
3665 2 2 1 1 2381 3403 1832
3666 2 2 1 1 2246 3329 1491
3667 2 2 1 1 2248 3328 2249
3668 2 2 1 1 781 2788 1796
3669 2 2 1 1 871 2789 1065
3670 2 2 1 1 1122 2790 868
3671 2 2 1 1 867 2790 1200
3672 2 2 1 1 1112 2789 872
3673 2 2 1 1 2358 3332 2130
3674 2 2 1 1 2555 3332 2556
3675 2 2 1 1 1945 3388 1939
3676 2 2 1 1 2247 3345 2246
3677 2 2 1 1 2140 3362 1989
3678 2 2 1 1 2647 3361 1690
3679 2 2 1 1 2191 3349 1663
3680 2 2 1 1 1881 3467 2497
3681 2 2 1 1 1108 3127 3105
3682 2 2 1 1 858 3158 1009
3683 2 2 1 1 2379 2893 1123
3684 2 2 1 1 2489 3116 2042
3685 2 2 1 1 1176 1363 946
3686 2 2 1 1 1240 3356 2540
3687 2 2 1 1 2200 3342 1791
3688 2 2 1 1 2678 2971 1096
3689 2 2 1 1 801 3096 2732
3690 2 2 1 1 2842 3283 2498
3691 2 2 1 1 2325 3001 2324
3692 2 2 1 1 768 2938 769
3693 2 2 1 1 1797 3260 1957
3694 2 2 1 1 834 2968 1099
3695 2 2 1 1 1840 2763 2505
3696 2 2 1 1 1928 2911 2035
3697 2 2 1 1 829 3189 828
3698 2 2 1 1 1801 2888 1799
3699 2 2 1 1 1655 3349 951
3700 2 2 1 1 823 3195 822
3701 2 2 1 1 2071 2914 2072
3702 2 2 1 1 2411 3130 1384
3703 2 2 1 1 2291 2916 1789
3704 2 2 1 1 848 2896 847
3705 2 2 1 1 1494 1495 1031
3706 2 2 1 1 1406 2917 1408
3707 2 2 1 1 1063 3079 2318
3708 2 2 1 1 1482 3460 259
3709 2 2 1 1 2468 3158 2467
3710 2 2 1 1 2262 3412 2263
3711 2 2 1 1 1022 3005 844
3712 2 2 1 1 1402 2918 1400
3713 2 2 1 1 2436 2955 1483
3714 2 2 1 1 1069 1917 1759
3715 2 2 1 1 2899 2940 1356
3716 2 2 1 1 1975 2919 1938
3717 2 2 1 1 2688 3054 1338
3718 2 2 1 1 2285 3236 1106
3719 2 2 1 1 267 1374 1106
3720 2 2 1 1 1973 3410 2216
3721 2 2 1 1 1892 3304 2326
3722 2 2 1 1 2740 3462 3146
3723 2 2 1 1 1002 1704 1703
3724 2 2 1 1 1091 1902 1355
3725 2 2 1 1 2837 3354 3307
3726 2 2 1 1 921 2109 1636
3727 2 2 1 1 1636 1876 1003
3728 2 2 1 1 1745 3234 2614
3729 2 2 1 1 569 3140 570
3730 2 2 1 1 1168 2295 697
3731 2 2 1 1 2210 2930 2212
3732 2 2 1 1 340 1176 946
3733 2 2 1 1 2845 3002 1041
3734 2 2 1 1 824 3267 823
3735 2 2 1 1 3151 3248 2118
3736 2 2 1 1 1119 2880 2083
3737 2 2 1 1 2474 2957 2476
3738 2 2 1 1 1490 3346 1685
3739 2 2 1 1 1889 2103 287
3740 2 2 1 1 2574 2931 1820
3741 2 2 1 1 2039 3065 2040
3742 2 2 1 1 1706 2928 1704
3743 2 2 1 1 2879 3362 2140
3744 2 2 1 1 1968 2427 923
3745 2 2 1 1 2770 3178 1118
3746 2 2 1 1 2162 2968 940
3747 2 2 1 1 2444 3276 2578
3748 2 2 1 1 2775 2851 1345
3749 2 2 1 1 2978 3086 2745
3750 2 2 1 1 2238 3099 2690
3751 2 2 1 1 1089 2153 1991
3752 2 2 1 1 1871 2531 974
3753 2 2 1 1 2380 3035 948
3754 2 2 1 1 2636 3070 2637
3755 2 2 1 1 2387 3378 1098
3756 2 2 1 1 2401 3110 1666
3757 2 2 1 1 1202 1203 916
3758 2 2 1 1 2378 3244 2118
3759 2 2 1 1 2165 2943 2385
3760 2 2 1 1 2888 3200 954
3761 2 2 1 1 784 2927 783
3762 2 2 1 1 1976 2947 1977
3763 2 2 1 1 792 2929 1024
3764 2 2 1 1 1891 2921 2144
3765 2 2 1 1 2617 3392 2710
3766 2 2 1 1 2013 2044 1665
3767 2 2 1 1 1665 2067 998
3768 2 2 1 1 374 2763 375
3769 2 2 1 1 2791 3204 1782
3770 2 2 1 1 988 1669 1668
3771 2 2 1 1 1667 1856 1042
3772 2 2 1 1 2216 3410 1067
3773 2 2 1 1 1356 2940 1304
3774 2 2 1 1 2163 2321 1005
3775 2 2 1 1 286 2108 1889
3776 2 2 1 1 2442 3466 2440
3777 2 2 1 1 1073 3386 2388
3778 2 2 1 1 780 2901 779
3779 2 2 1 1 2154 3256 2488
3780 2 2 1 1 2408 3074 2219
3781 2 2 1 1 1184 3181 831
3782 2 2 1 1 830 3181 1795
3783 2 2 1 1 417 3260 2053
3784 2 2 1 1 1067 3410 2210
3785 2 2 1 1 2524 3232 2526
3786 2 2 1 1 2118 3244 3151
3787 2 2 1 1 2558 3454 1632
3788 2 2 1 1 1901 3232 2524
3789 2 2 1 1 2614 3095 1730
3790 2 2 1 1 1390 3420 2176
3791 2 2 1 1 355 2414 356
3792 2 2 1 1 833 2935 832
3793 2 2 1 1 2742 2932 1117
3794 2 2 1 1 270 3449 271
3795 2 2 1 1 3023 3180 3111
3796 2 2 1 1 2447 3364 2656
3797 2 2 1 1 1947 3004 1988
3798 2 2 1 1 2349 3173 1883
3799 2 2 1 1 2257 3463 1691
3800 2 2 1 1 845 3084 1022
3801 2 2 1 1 1150 3084 846
3802 2 2 1 1 1801 3330 2425
3803 2 2 1 1 117 2447 1060
3804 2 2 1 1 892 3123 891
3805 2 2 1 1 2588 2951 2026
3806 2 2 1 1 2294 2952 1929
3807 2 2 1 1 774 3309 2127
3808 2 2 1 1 2484 3355 3154
3809 2 2 1 1 1993 2953 1463
3810 2 2 1 1 950 3070 2636
3811 2 2 1 1 1308 3090 2443
3812 2 2 1 1 797 3197 1087
3813 2 2 1 1 1039 2739 1124
3814 2 2 1 1 866 2913 865
3815 2 2 1 1 404 2908 798
3816 2 2 1 1 1912 2956 2387
3817 2 2 1 1 2354 3209 2046
3818 2 2 1 1 2485 3464 2133
3819 2 2 1 1 1654 2873 1652
3820 2 2 1 1 435 2871 727
3821 2 2 1 1 2854 2897 1925
3822 2 2 1 1 2006 3429 2423
3823 2 2 1 1 1124 2739 918
3824 2 2 1 1 1782 2957 1778
3825 2 2 1 1 489 2799 752
3826 2 2 1 1 421 2047 970
3827 2 2 1 1 765 2999 965
3828 2 2 1 1 827 3273 1174
3829 2 2 1 1 999 3238 2970
3830 2 2 1 1 2438 2871 1043
3831 2 2 1 1 2859 3400 993
3832 2 2 1 1 1044 3263 2675
3833 2 2 1 1 2386 3078 1962
3834 2 2 1 1 2417 2428 976
3835 2 2 1 1 109 1672 927
3836 2 2 1 1 1380 3121 1702
3837 2 2 1 1 961 2046 1757
3838 2 2 1 1 2321 3306 2962
3839 2 2 1 1 1676 2057 1177
3840 2 2 1 1 1013 1677 1676
3841 2 2 1 1 1376 2088 1942
3842 2 2 1 1 1242 2959 1230
3843 2 2 1 1 2049 2773 1007
3844 2 2 1 1 2242 3322 2000
3845 2 2 1 1 333 3418 1015
3846 2 2 1 1 1167 3427 895
3847 2 2 1 1 2196 3031 2519
3848 2 2 1 1 1966 3130 2411
3849 2 2 1 1 1151 2933 662
3850 2 2 1 1 365 2160 683
3851 2 2 1 1 1994 3075 1446
3852 2 2 1 1 1757 3347 900
3853 2 2 1 1 2189 3206 430
3854 2 2 1 1 1033 2324 2323
3855 2 2 1 1 2107 3134 2402
3856 2 2 1 1 2470 3037 975
3857 2 2 1 1 1446 3075 1447
3858 2 2 1 1 1986 2894 2844
3859 2 2 1 1 1796 2901 780
3860 2 2 1 1 662 2933 663
3861 2 2 1 1 902 2960 901
3862 2 2 1 1 1379 2443 1766
3863 2 2 1 1 2965 3018 2341
3864 2 2 1 1 2635 3242 2636
3865 2 2 1 1 681 3336 363
3866 2 2 1 1 758 1104 759
3867 2 2 1 1 760 1076 761
3868 2 2 1 1 759 1113 760
3869 2 2 1 1 700 2857 401
3870 2 2 1 1 2308 3320 2682
3871 2 2 1 1 2141 3073 1028
3872 2 2 1 1 1105 2983 2448
3873 2 2 1 1 879 3248 878
3874 2 2 1 1 2819 3378 2083
3875 2 2 1 1 150 2152 149
3876 2 2 1 1 2745 2910 1948
3877 2 2 1 1 1868 2966 2002
3878 2 2 1 1 809 1152 808
3879 2 2 1 1 910 1194 909
3880 2 2 1 1 811 1035 810
3881 2 2 1 1 810 2876 809
3882 2 2 1 1 850 3461 530
3883 2 2 1 1 2981 3366 1687
3884 2 2 1 1 1072 1954 1361
3885 2 2 1 1 1096 3296 2678
3886 2 2 1 1 943 2945 2033
3887 2 2 1 1 2863 3431 2589
3888 2 2 1 1 1200 2913 866
3889 2 2 1 1 2737 3221 1966
3890 2 2 1 1 399 2295 1484
3891 2 2 1 1 849 3382 848
3892 2 2 1 1 1423 2979 1430
3893 2 2 1 1 2057 2922 1177
3894 2 2 1 1 1998 3081 2705
3895 2 2 1 1 1783 2982 1781
3896 2 2 1 1 942 2881 2310
3897 2 2 1 1 2598 3319 1773
3898 2 2 1 1 1032 2879 2782
3899 2 2 1 1 2048 2955 1110
3900 2 2 1 1 1621 2987 1633
3901 2 2 1 1 1352 2988 1368
3902 2 2 1 1 1444 2989 1445
3903 2 2 1 1 1359 3157 2048
3904 2 2 1 1 2334 3065 2039
3905 2 2 1 1 1469 2990 2041
3906 2 2 1 1 274 2924 275
3907 2 2 1 1 2801 3235 1461
3908 2 2 1 1 443 2903 729
3909 2 2 1 1 2246 3440 3329
3910 2 2 1 1 1483 2955 1482
3911 2 2 1 1 2395 2992 1694
3912 2 2 1 1 993 3187 2859
3913 2 2 1 1 1844 2993 2483
3914 2 2 1 1 168 2992 1156
3915 2 2 1 1 1825 3170 2584
3916 2 2 1 1 2095 3383 2097
3917 2 2 1 1 1040 2823 2462
3918 2 2 1 1 2944 3295 1010
3919 2 2 1 1 1752 2997 1285
3920 2 2 1 1 1041 3002 2527
3921 2 2 1 1 2534 3001 1507
3922 2 2 1 1 2081 3063 2804
3923 2 2 1 1 2416 3279 1905
3924 2 2 1 1 2211 3003 2214
3925 2 2 1 1 2516 3251 1100
3926 2 2 1 1 698 2774 2371
3927 2 2 1 1 116 2958 2286
3928 2 2 1 1 2000 3322 934
3929 2 2 1 1 1082 3207 2135
3930 2 2 1 1 1525 3006 1527
3931 2 2 1 1 2120 3124 2956
3932 2 2 1 1 1049 2118 1861
3933 2 2 1 1 2235 3161 2234
3934 2 2 1 1 2771 3100 3095
3935 2 2 1 1 2943 3370 3001
3936 2 2 1 1 3038 3149 2166
3937 2 2 1 1 605 2994 606
3938 2 2 1 1 1794 3007 2217
3939 2 2 1 1 1639 3289 3098
3940 2 2 1 1 2972 3099 2238
3941 2 2 1 1 1651 3008 1878
3942 2 2 1 1 1345 3374 2501
3943 2 2 1 1 2656 3364 2182
3944 2 2 1 1 679 3393 680
3945 2 2 1 1 1023 3329 1999
3946 2 2 1 1 2503 2810 1053
3947 2 2 1 1 1118 3178 245
3948 2 2 1 1 873 2975 1112
3949 2 2 1 1 1866 2975 874
3950 2 2 1 1 1098 2819 672
3951 2 2 1 1 2682 3320 1274
3952 2 2 1 1 1381 3121 1380
3953 2 2 1 1 720 2893 721
3954 2 2 1 1 721 990 722
3955 2 2 1 1 429 1123 720
3956 2 2 1 1 981 2763 1840
3957 2 2 1 1 1055 3072 2802
3958 2 2 1 1 2652 3193 1618
3959 2 2 1 1 567 964 100
3960 2 2 1 1 1156 2994 605
3961 2 2 1 1 1971 3010 1972
3962 2 2 1 1 1282 3013 1280
3963 2 2 1 1 1905 3060 1903
3964 2 2 1 1 735 3314 1378
3965 2 2 1 1 2143 3389 2240
3966 2 2 1 1 928 2912 1750
3967 2 2 1 1 1687 3366 2189
3968 2 2 1 1 1910 3016 1818
3969 2 2 1 1 2767 3045 2353
3970 2 2 1 1 2884 3174 1509
3971 2 2 1 1 235 2974 2313
3972 2 2 1 1 2430 3238 2431
3973 2 2 1 1 1319 3019 2684
3974 2 2 1 1 2541 3091 2758
3975 2 2 1 1 2943 3001 2325
3976 2 2 1 1 1647 3227 79
3977 2 2 1 1 1631 3230 2681
3978 2 2 1 1 606 2994 1033
3979 2 2 1 1 2816 3438 2490
3980 2 2 1 1 2746 3127 2470
3981 2 2 1 1 2008 3152 2781
3982 2 2 1 1 1632 3021 1591
3983 2 2 1 1 1640 3338 2404
3984 2 2 1 1 2820 2947 1614
3985 2 2 1 1 2429 3238 2430
3986 2 2 1 1 2114 3386 2179
3987 2 2 1 1 1990 3334 2316
3988 2 2 1 1 314 3327 881
3989 2 2 1 1 2356 3376 1691
3990 2 2 1 1 1646 1648 1647
3991 2 2 1 1 2396 3289 1639
3992 2 2 1 1 2621 3252 2929
3993 2 2 1 1 2223 3186 2077
3994 2 2 1 1 844 3005 843
3995 2 2 1 1 2884 3389 3174
3996 2 2 1 1 547 3310 885
3997 2 2 1 1 1954 3020 2760
3998 2 2 1 1 2400 3367 2132
3999 2 2 1 1 874 2975 873
4000 2 2 1 1 2759 3080 1671
4001 2 2 1 1 865 3310 547
4002 2 2 1 1 2921 3203 1595
4003 2 2 1 1 599 2821 1149
4004 2 2 1 1 1149 2822 600
4005 2 2 1 1 1100 2823 620
4006 2 2 1 1 619 2824 1100
4007 2 2 1 1 621 2823 1040
4008 2 2 1 1 1012 2825 640
4009 2 2 1 1 639 2826 1012
4010 2 2 1 1 641 2825 1118
4011 2 2 1 1 2145 3210 2934
4012 2 2 1 1 2931 3280 2061
4013 2 2 1 1 2744 2745 1948
4014 2 2 1 1 409 3233 1064
4015 2 2 1 1 2163 2969 2321
4016 2 2 1 1 1208 3028 1205
4017 2 2 1 1 3133 3361 2146
4018 2 2 1 1 2033 3019 2032
4019 2 2 1 1 2452 2885 1003
4020 2 2 1 1 219 2132 996
4021 2 2 1 1 906 2904 905
4022 2 2 1 1 815 2835 814
4023 2 2 1 1 907 1093 906
4024 2 2 1 1 773 3214 379
4025 2 2 1 1 918 2838 1124
4026 2 2 1 1 2758 3091 1970
4027 2 2 1 1 2454 3265 2004
4028 2 2 1 1 1045 3265 2223
4029 2 2 1 1 1720 3068 1719
4030 2 2 1 1 2081 3190 3063
4031 2 2 1 1 1811 3031 1810
4032 2 2 1 1 1955 3020 1954
4033 2 2 1 1 3156 3398 3134
4034 2 2 1 1 779 3453 778
4035 2 2 1 1 1962 3453 2901
4036 2 2 1 1 63 2950 64
4037 2 2 1 1 970 3081 2954
4038 2 2 1 1 997 3413 1996
4039 2 2 1 1 2637 3202 915
4040 2 2 1 1 3123 3426 891
4041 2 2 1 1 925 2345 1697
4042 2 2 1 1 282 2814 1053
4043 2 2 1 1 2443 3090 1766
4044 2 2 1 1 2798 2999 2069
4045 2 2 1 1 2490 3438 2849
4046 2 2 1 1 2043 3279 2416
4047 2 2 1 1 2766 3186 1370
4048 2 2 1 1 2129 2921 1891
4049 2 2 1 1 2988 3088 1368
4050 2 2 1 1 2911 2925 2035
4051 2 2 1 1 2287 3235 2801
4052 2 2 1 1 699 2413 700
4053 2 2 1 1 1991 3148 2289
4054 2 2 1 1 1515 3038 1931
4055 2 2 1 1 2611 3455 1902
4056 2 2 1 1 289 3025 649
4057 2 2 1 1 1038 3195 2693
4058 2 2 1 1 988 2367 1688
4059 2 2 1 1 3048 3430 1320
4060 2 2 1 1 584 2834 2812
4061 2 2 1 1 2149 2834 583
4062 2 2 1 1 1953 3434 3061
4063 2 2 1 1 105 1073 568
4064 2 2 1 1 2533 3340 2458
4065 2 2 1 1 648 2810 283
4066 2 2 1 1 2305 3044 2302
4067 2 2 1 1 2771 3380 3100
4068 2 2 1 1 1857 3050 1969
4069 2 2 1 1 2383 3073 2054
4070 2 2 1 1 2352 2806 903
4071 2 2 1 1 2830 2967 2224
4072 2 2 1 1 1279 3046 1281
4073 2 2 1 1 1163 1691 406
4074 2 2 1 1 2344 3034 1015
4075 2 2 1 1 2904 3160 3089
4076 2 2 1 1 2415 2949 1001
4077 2 2 1 1 1073 2813 568
4078 2 2 1 1 421 970 718
4079 2 2 1 1 375 2763 981
4080 2 2 1 1 1944 3049 2070
4081 2 2 1 1 3097 3319 2598
4082 2 2 1 1 1839 3051 1971
4083 2 2 1 1 2169 3048 2052
4084 2 2 1 1 1025 2772 2737
4085 2 2 1 1 1032 3340 2533
4086 2 2 1 1 2053 2420 417
4087 2 2 1 1 2834 3305 2812
4088 2 2 1 1 2792 3401 1065
4089 2 2 1 1 736 2946 451
4090 2 2 1 1 1782 3316 2791
4091 2 2 1 1 2690 3099 1605
4092 2 2 1 1 2471 2944 1031
4093 2 2 1 1 2699 3056 1631
4094 2 2 1 1 1436 3059 1427
4095 2 2 1 1 2078 2966 1868
4096 2 2 1 1 1122 3401 2792
4097 2 2 1 1 1049 2842 2424
4098 2 2 1 1 1985 2282 1093
4099 2 2 1 1 3134 3398 2402
4100 2 2 1 1 2150 3056 1952
4101 2 2 1 1 2990 3126 2041
4102 2 2 1 1 2237 2948 2323
4103 2 2 1 1 1355 3358 2371
4104 2 2 1 1 2779 3221 2092
4105 2 2 1 1 1374 3285 2285
4106 2 2 1 1 1924 3282 1993
4107 2 2 1 1 2752 3149 1514
4108 2 2 1 1 204 3011 624
4109 2 2 1 1 1086 1116 1115
4110 2 2 1 1 3074 3350 2219
4111 2 2 1 1 2409 3346 1489
4112 2 2 1 1 2894 3239 1897
4113 2 2 1 1 2373 3142 2319
4114 2 2 1 1 1767 3240 342
4115 2 2 1 1 963 3337 2047
4116 2 2 1 1 248 2920 1054
4117 2 2 1 1 1913 3063 2120
4118 2 2 1 1 1790 3064 2199
4119 2 2 1 1 2655 3065 1288
4120 2 2 1 1 589 2836 1061
4121 2 2 1 1 1270 3066 1268
4122 2 2 1 1 1411 3352 2917
4123 2 2 1 1 932 3047 794
4124 2 2 1 1 1090 3053 2451
4125 2 2 1 1 1499 3436 1503
4126 2 2 1 1 2896 3402 1150
4127 2 2 1 1 1077 3009 2511
4128 2 2 1 1 2431 3237 2304
4129 2 2 1 1 1916 3197 797
4130 2 2 1 1 2261 3068 2439
4131 2 2 1 1 1800 3330 1801
4132 2 2 1 1 1358 3264 2076
4133 2 2 1 1 2264 3445 3138
4134 2 2 1 1 2989 3457 1947
4135 2 2 1 1 2403 3213 2060
4136 2 2 1 1 2204 2942 969
4137 2 2 1 1 3161 3351 2234
4138 2 2 1 1 2781 3376 2356
4139 2 2 1 1 1760 2050 968
4140 2 2 1 1 976 2062 1850
4141 2 2 1 1 2574 3280 2931
4142 2 2 1 1 64 2950 580
4143 2 2 1 1 1114 3384 1159
4144 2 2 1 1 2121 2981 1687
4145 2 2 1 1 1547 3355 2484
4146 2 2 1 1 3041 3343 1471
4147 2 2 1 1 2985 3243 462
4148 2 2 1 1 1477 3074 1324
4149 2 2 1 1 1804 3396 2881
4150 2 2 1 1 2136 3115 2339
4151 2 2 1 1 3008 3437 2191
4152 2 2 1 1 800 3417 3017
4153 2 2 1 1 1597 2973 2856
4154 2 2 1 1 2783 3041 1154
4155 2 2 1 1 950 3131 2367
4156 2 2 1 1 2324 3249 2323
4157 2 2 1 1 3086 3296 2225
4158 2 2 1 1 1274 3320 3066
4159 2 2 1 1 2441 3424 3100
4160 2 2 1 1 1163 2356 1691
4161 2 2 1 1 2926 2936 2316
4162 2 2 1 1 1376 2963 2088
4163 2 2 1 1 883 3408 882
4164 2 2 1 1 1902 3321 2611
4165 2 2 1 1 3265 3348 2223
4166 2 2 1 1 1976 3193 2947
4167 2 2 1 1 2892 3363 1975
4168 2 2 1 1 2491 3040 1792
4169 2 2 1 1 2601 3081 1998
4170 2 2 1 1 919 3440 2096
4171 2 2 1 1 2090 3093 2453
4172 2 2 1 1 1794 3179 3007
4173 2 2 1 1 2676 3396 1331
4174 2 2 1 1 855 3076 854
4175 2 2 1 1 734 2862 378
4176 2 2 1 1 2310 3050 1857
4177 2 2 1 1 911 2967 910
4178 2 2 1 1 3216 3400 2859
4179 2 2 1 1 2042 3116 2346
4180 2 2 1 1 2847 3412 2370
4181 2 2 1 1 2212 3272 2547
4182 2 2 1 1 1768 2093 1769
4183 2 2 1 1 2970 3238 2429
4184 2 2 1 1 1331 3399 1313
4185 2 2 1 1 1422 3274 2852
4186 2 2 1 1 1911 3083 1741
4187 2 2 1 1 951 3349 2003
4188 2 2 1 1 2488 3222 2154
4189 2 2 1 1 1047 3101 2978
4190 2 2 1 1 1116 3363 2266
4191 2 2 1 1 2177 3240 1767
4192 2 2 1 1 853 2315 737
4193 2 2 1 1 453 1182 736
4194 2 2 1 1 1171 3089 2043
4195 2 2 1 1 835 3292 546
4196 2 2 1 1 737 2315 459
4197 2 2 1 1 2771 3095 2087
4198 2 2 1 1 1368 3088 1637
4199 2 2 1 1 1946 3087 2734
4200 2 2 1 1 343 1107 1008
4201 2 2 1 1 850 3359 849
4202 2 2 1 1 1970 3091 1664
4203 2 2 1 1 613 3163 1202
4204 2 2 1 1 1714 3241 1717
4205 2 2 1 1 2471 3360 2128
4206 2 2 1 1 487 2949 750
4207 2 2 1 1 1600 3092 1599
4208 2 2 1 1 995 2958 573
4209 2 2 1 1 748 1172 749
4210 2 2 1 1 676 3340 1032
4211 2 2 1 1 2693 3195 2694
4212 2 2 1 1 75 2446 2122
4213 2 2 1 1 670 3034 671
4214 2 2 1 1 2159 2445 1374
4215 2 2 1 1 153 1671 608
4216 2 2 1 1 680 3393 2197
4217 2 2 1 1 637 2417 238
4218 2 2 1 1 134 2998 582
4219 2 2 1 1 229 3132 2197
4220 2 2 1 1 2828 3352 1411
4221 2 2 1 1 2915 3075 1994
4222 2 2 1 1 2797 3054 2375
4223 2 2 1 1 1727 3241 1714
4224 2 2 1 1 2337 3152 2008
4225 2 2 1 1 324 2842 1049
4226 2 2 1 1 1645 3093 1858
4227 2 2 1 1 2237 3077 1958
4228 2 2 1 1 2834 3015 1357
4229 2 2 1 1 231 1470 945
4230 2 2 1 1 230 2197 1470
4231 2 2 1 1 245 3178 642
4232 2 2 1 1 2454 3388 3265
4233 2 2 1 1 2368 3320 2308
4234 2 2 1 1 1000 1382 175
4235 2 2 1 1 176 1382 955
4236 2 2 1 1 2667 3430 2169
4237 2 2 1 1 1670 3407 2056
4238 2 2 1 1 2542 3098 2465
4239 2 2 1 1 3207 3372 1951
4240 2 2 1 1 2481 3111 2552
4241 2 2 1 1 1026 2821 598
4242 2 2 1 1 1082 2135 1378
4243 2 2 1 1 3001 3370 1507
4244 2 2 1 1 1775 1776 997
4245 2 2 1 1 1075 2084 1775
4246 2 2 1 1 1996 2463 987
4247 2 2 1 1 642 3178 1987
4248 2 2 1 1 878 3151 429
4249 2 2 1 1 2421 2806 2352
4250 2 2 1 1 2822 3299 3155
4251 2 2 1 1 782 3326 2788
4252 2 2 1 1 730 1157 445
4253 2 2 1 1 2305 3182 3044
4254 2 2 1 1 926 3107 2796
4255 2 2 1 1 1990 2316 1011
4256 2 2 1 1 1298 3106 2695
4257 2 2 1 1 108 3033 571
4258 2 2 1 1 1824 3170 1825
4259 2 2 1 1 1015 3034 670
4260 2 2 1 1 671 3034 1098
4261 2 2 1 1 846 3084 845
4262 2 2 1 1 869 3401 1122
4263 2 2 1 1 1065 3401 870
4264 2 2 1 1 408 2860 705
4265 2 2 1 1 2694 3267 2843
4266 2 2 1 1 1370 3045 2767
4267 2 2 1 1 2518 3442 1083
4268 2 2 1 1 2709 3108 1315
4269 2 2 1 1 468 2163 1005
4270 2 2 1 1 799 3017 747
4271 2 2 1 1 800 3017 799
4272 2 2 1 1 2053 3260 1797
4273 2 2 1 1 1070 3269 3144
4274 2 2 1 1 1174 3273 3141
4275 2 2 1 1 571 1672 109
4276 2 2 1 1 1142 3109 1139
4277 2 2 1 1 2240 3042 2827
4278 2 2 1 1 3021 3454 2144
4279 2 2 1 1 1347 2784 542
4280 2 2 1 1 345 1008 922
4281 2 2 1 1 2221 2890 1084
4282 2 2 1 1 2803 2817 1055
4283 2 2 1 1 1258 3113 1243
4284 2 2 1 1 1201 3444 2268
4285 2 2 1 1 2505 3308 2506
4286 2 2 1 1 960 2853 2166
4287 2 2 1 1 114 1096 572
4288 2 2 1 1 2709 3431 1896
4289 2 2 1 1 949 2102 349
4290 2 2 1 1 234 941 633
4291 2 2 1 1 2159 3452 2445
4292 2 2 1 1 1685 3346 3126
4293 2 2 1 1 2743 3422 2631
4294 2 2 1 1 581 2328 129
4295 2 2 1 1 2811 2915 1034
4296 2 2 1 1 3000 3396 1804
4297 2 2 1 1 2513 3153 1184
4298 2 2 1 1 1595 3203 1597
4299 2 2 1 1 1091 3321 1902
4300 2 2 1 1 1797 1798 938
4301 2 2 1 1 1769 3324 120
4302 2 2 1 1 552 2944 1010
4303 2 2 1 1 958 1693 733
4304 2 2 1 1 2730 3226 1751
4305 2 2 1 1 1127 3439 3224
4306 2 2 1 1 2328 2760 972
4307 2 2 1 1 1802 1952 973
4308 2 2 1 1 2281 3082 1371
4309 2 2 1 1 1057 1381 1380
4310 2 2 1 1 2466 3116 1851
4311 2 2 1 1 603 2885 1037
4312 2 2 1 1 2208 2359 1347
4313 2 2 1 1 2180 3118 2611
4314 2 2 1 1 2274 3035 2380
4315 2 2 1 1 1006 1389 1388
4316 2 2 1 1 1157 2121 1687
4317 2 2 1 1 836 2941 533
4318 2 2 1 1 576 3012 118
4319 2 2 1 1 2455 3304 984
4320 2 2 1 1 2331 3419 2333
4321 2 2 1 1 840 3315 839
4322 2 2 1 1 3068 3415 1719
4323 2 2 1 1 2671 3438 1874
4324 2 2 1 1 1266 3125 1264
4325 2 2 1 1 1193 2874 1760
4326 2 2 1 1 1770 3133 1772
4327 2 2 1 1 1810 3446 2622
4328 2 2 1 1 959 1473 1472
4329 2 2 1 1 1051 1386 1385
4330 2 2 1 1 3129 3246 2137
4331 2 2 1 1 2041 3126 2409
4332 2 2 1 1 2101 3127 2746
4333 2 2 1 1 984 2000 209
4334 2 2 1 1 934 1395 211
4335 2 2 1 1 1007 2773 195
4336 2 2 1 1 194 1395 1007
4337 2 2 1 1 210 2000 934
4338 2 2 1 1 590 3057 591
4339 2 2 1 1 124 2105 577
4340 2 2 1 1 478 3303 476
4341 2 2 1 1 1005 2090 1838
4342 2 2 1 1 2582 3128 2294
4343 2 2 1 1 1201 2094 260
4344 2 2 1 1 1054 1179 1178
4345 2 2 1 1 1028 1483 1482
4346 2 2 1 1 2187 3390 2500
4347 2 2 1 1 33 1748 1051
4348 2 2 1 1 32 1997 1748
4349 2 2 1 1 43 2272 959
4350 2 2 1 1 1479 3085 2887
4351 2 2 1 1 2887 3085 1950
4352 2 2 1 1 2486 3256 1022
4353 2 2 1 1 1079 2836 588
4354 2 2 1 1 1172 2252 749
4355 2 2 1 1 909 3335 908
4356 2 2 1 1 2085 3374 2851
4357 2 2 1 1 977 3429 2006
4358 2 2 1 1 371 1097 684
4359 2 2 1 1 1855 3420 1390
4360 2 2 1 1 919 2096 2095
4361 2 2 1 1 1803 3463 2257
4362 2 2 1 1 582 2998 2149
4363 2 2 1 1 142 2257 592
4364 2 2 1 1 2404 3338 2204
4365 2 2 1 1 2417 2970 2429
4366 2 2 1 1 3146 3462 2075
4367 2 2 1 1 718 2954 420
4368 2 2 1 1 1058 2824 618
4369 2 2 1 1 2197 3132 680
4370 2 2 1 1 1694 3080 2759
4371 2 2 1 1 1861 3069 326
4372 2 2 1 1 2189 3366 2453
4373 2 2 1 1 1156 3255 2994
4374 2 2 1 1 2463 3413 1781
4375 2 2 1 1 956 3061 2454
4376 2 2 1 1 2359 3402 2896
4377 2 2 1 1 900 3347 1102
4378 2 2 1 1 843 3005 2848
4379 2 2 1 1 1136 3135 1137
4380 2 2 1 1 627 2977 207
4381 2 2 1 1 3063 3190 2120
4382 2 2 1 1 633 2974 235
4383 2 2 1 1 1903 3060 2108
4384 2 2 1 1 2224 3211 1076
4385 2 2 1 1 2875 3444 2227
4386 2 2 1 1 2051 2258 968
4387 2 2 1 1 1050 1792 397
4388 2 2 1 1 398 1484 1050
4389 2 2 1 1 1987 3022 642
4390 2 2 1 1 96 1044 564
4391 2 2 1 1 2762 3437 1651
4392 2 2 1 1 2533 3362 1032
4393 2 2 1 1 206 2267 627
4394 2 2 1 1 1876 3129 2452
4395 2 2 1 1 1111 3096 802
4396 2 2 1 1 2228 2354 961
4397 2 2 1 1 282 1053 648
4398 2 2 1 1 729 1962 444
4399 2 2 1 1 1495 3360 2471
4400 2 2 1 1 2786 3097 1516
4401 2 2 1 1 1461 3235 2736
4402 2 2 1 1 424 1674 1070
4403 2 2 1 1 2050 3119 2051
4404 2 2 1 1 2156 3290 2157
4405 2 2 1 1 436 2980 728
4406 2 2 1 1 705 1048 407
4407 2 2 1 1 927 1518 1517
4408 2 2 1 1 727 1362 436
4409 2 2 1 1 991 1958 1635
4410 2 2 1 1 565 2984 935
4411 2 2 1 1 207 1095 628
4412 2 2 1 1 1946 3228 3087
4413 2 2 1 1 2506 3308 2509
4414 2 2 1 1 3224 3439 2322
4415 2 2 1 1 2934 3210 1908
4416 2 2 1 1 2736 3235 2288
4417 2 2 1 1 1511 3145 1510
4418 2 2 1 1 994 2232 2222
4419 2 2 1 1 2610 3146 2075
4420 2 2 1 1 2092 2772 629
4421 2 2 1 1 1048 2780 407
4422 2 2 1 1 1988 3450 2656
4423 2 2 1 1 1081 3331 3180
4424 2 2 1 1 1258 3199 3113
4425 2 2 1 1 688 1082 389
4426 2 2 1 1 966 3057 2793
4427 2 2 1 1 1078 2115 2114
4428 2 2 1 1 2268 2977 2267
4429 2 2 1 1 2488 3256 2486
4430 2 2 1 1 989 1643 1642
4431 2 2 1 1 2261 3415 3068
4432 2 2 1 1 2445 3285 1374
4433 2 2 1 1 977 2006 1646
4434 2 2 1 1 2681 3230 2073
4435 2 2 1 1 2101 3196 3127
4436 2 2 1 1 981 1654 1652
4437 2 2 1 1 1014 2762 2155
4438 2 2 1 1 943 2032 1670
4439 2 2 1 1 247 2920 248
4440 2 2 1 1 717 992 419
4441 2 2 1 1 649 2806 290
4442 2 2 1 1 2510 3153 2513
4443 2 2 1 1 611 1081 180
4444 2 2 1 1 585 2812 1195
4445 2 2 1 1 1019 3136 703
4446 2 2 1 1 237 2970 637
4447 2 2 1 1 2080 3141 2297
4448 2 2 1 1 1941 3154 1940
4449 2 2 1 1 179 2965 611
4450 2 2 1 1 293 2038 1486
4451 2 2 1 1 295 2456 2038
4452 2 2 1 1 1023 1999 309
4453 2 2 1 1 308 1999 919
4454 2 2 1 1 294 1486 1023
4455 2 2 1 1 636 999 237
4456 2 2 1 1 236 2991 636
4457 2 2 1 1 2234 3351 2236
4458 2 2 1 1 2286 2958 2288
4459 2 2 1 1 1477 3350 3074
4460 2 2 1 1 2851 3215 2085
4461 2 2 1 1 1127 3224 2227
4462 2 2 1 1 2792 3204 2791
4463 2 2 1 1 966 3225 1360
4464 2 2 1 1 169 1694 607
4465 2 2 1 1 2718 3209 1464
4466 2 2 1 1 2083 3378 2956
4467 2 2 1 1 572 2971 115
4468 2 2 1 1 607 2992 168
4469 2 2 1 1 1020 2916 2264
4470 2 2 1 1 1061 3057 590
4471 2 2 1 1 272 2739 273
4472 2 2 1 1 604 2948 166
4473 2 2 1 1 2956 3124 2083
4474 2 2 1 1 128 2961 581
4475 2 2 1 1 669 3418 333
4476 2 2 1 1 2631 3422 2632
4477 2 2 1 1 566 1105 99
4478 2 2 1 1 1288 3448 3046
4479 2 2 1 1 98 2983 566
4480 2 2 1 1 1586 3161 2554
4481 2 2 1 1 158 2370 1026
4482 2 2 1 1 592 2995 141
4483 2 2 1 1 2392 3405 2394
4484 2 2 1 1 159 2996 602
4485 2 2 1 1 1914 3164 2270
4486 2 2 1 1 1165 3165 1164
4487 2 2 1 1 2065 3167 2654
4488 2 2 1 1 1718 3166 1721
4489 2 2 1 1 859 3158 858
4490 2 2 1 1 2889 3098 2537
4491 2 2 1 1 2922 3112 1899
4492 2 2 1 1 2377 3299 2822
4493 2 2 1 1 2764 3233 2407
4494 2 2 1 1 2756 3259 2148
4495 2 2 1 1 2491 3420 1855
4496 2 2 1 1 3004 3142 1988
4497 2 2 1 1 2546 3352 2828
4498 2 2 1 1 2446 3287 19
4499 2 2 1 1 24 2945 943
4500 2 2 1 1 602 2370 158
4501 2 2 1 1 2936 3064 1790
4502 2 2 1 1 2465 3098 2889
4503 2 2 1 1 388 3372 688
4504 2 2 1 1 2459 3168 2104
4505 2 2 1 1 851 3461 850
4506 2 2 1 1 1773 3433 2898
4507 2 2 1 1 3145 3201 1510
4508 2 2 1 1 3111 3180 2552
4509 2 2 1 1 1980 3172 2220
4510 2 2 1 1 1509 3174 2180
4511 2 2 1 1 2710 3175 2058
4512 2 2 1 1 1110 1496 485
4513 2 2 1 1 486 1496 1001
4514 2 2 1 1 484 2048 1110
4515 2 2 1 1 3185 3347 2046
4516 2 2 1 1 2097 3383 2502
4517 2 2 1 1 2819 2880 673
4518 2 2 1 1 2068 3171 2231
4519 2 2 1 1 955 3377 177
4520 2 2 1 1 2423 3429 2988
4521 2 2 1 1 2482 3177 1984
4522 2 2 1 1 992 2392 2391
4523 2 2 1 1 2170 3179 1794
4524 2 2 1 1 2796 3107 1385
4525 2 2 1 1 2308 3182 2305
4526 2 2 1 1 2751 3162 2030
4527 2 2 1 1 117 1060 576
4528 2 2 1 1 1479 3183 1478
4529 2 2 1 1 2852 3274 2251
4530 2 2 1 1 1183 3400 2895
4531 2 2 1 1 2176 3258 2177
4532 2 2 1 1 2088 3191 1942
4533 2 2 1 1 925 1696 1695
4534 2 2 1 1 2713 3185 2718
4535 2 2 1 1 178 962 610
4536 2 2 1 1 196 2773 1058
4537 2 2 1 1 2178 3253 2766
4538 2 2 1 1 134 3381 2998
4539 2 2 1 1 514 2069 513
4540 2 2 1 1 499 2007 500
4541 2 2 1 1 1618 3242 2635
4542 2 2 1 1 901 3339 2103
4543 2 2 1 1 2244 3193 1976
4544 2 2 1 1 928 1750 1749
4545 2 2 1 1 1375 2730 1751
4546 2 2 1 1 2151 3269 2870
4547 2 2 1 1 3109 3397 1138
4548 2 2 1 1 1120 2910 2225
4549 2 2 1 1 3182 3302 3044
4550 2 2 1 1 115 995 573
4551 2 2 1 1 2166 3149 2164
4552 2 2 1 1 3324 3465 2645
4553 2 2 1 1 2079 2080 1080
4554 2 2 1 1 2123 3196 2101
4555 2 2 1 1 719 3144 423
4556 2 2 1 1 187 975 614
4557 2 2 1 1 459 2315 1375
4558 2 2 1 1 2257 3257 1803
4559 2 2 1 1 3168 3223 2104
4560 2 2 1 1 831 3181 830
4561 2 2 1 1 774 3214 773
4562 2 2 1 1 512 2853 511
4563 2 2 1 1 747 3017 748
4564 2 2 1 1 819 3036 1877
4565 2 2 1 1 1792 3040 2245
4566 2 2 1 1 1313 3399 2831
4567 2 2 1 1 752 2841 490
4568 2 2 1 1 2577 3199 1258
4569 2 2 1 1 2636 3242 3131
4570 2 2 1 1 2813 2972 1021
4571 2 2 1 1 23 2945 24
4572 2 2 1 1 587 3381 134
4573 2 2 1 1 1036 2744 1948
4574 2 2 1 1 3380 3466 2442
4575 2 2 1 1 2917 3352 2271
4576 2 2 1 1 565 935 98
4577 2 2 1 1 2955 3157 1482
4578 2 2 1 1 2919 3363 1116
4579 2 2 1 1 750 1094 488
4580 2 2 1 1 1510 3201 2696
4581 2 2 1 1 417 2420 416
4582 2 2 1 1 2509 3308 3024
4583 2 2 1 1 2843 3267 1071
4584 2 2 1 1 610 3018 179
4585 2 2 1 1 603 1037 159
4586 2 2 1 1 415 3333 3208
4587 2 2 1 1 1029 2319 1768
4588 2 2 1 1 2393 3103 2954
4589 2 2 1 1 1771 3334 1148
4590 2 2 1 1 1409 3290 2850
4591 2 2 1 1 2850 3290 2156
4592 2 2 1 1 2339 3448 2334
4593 2 2 1 1 1006 2414 2278
4594 2 2 1 1 2055 3205 2735
4595 2 2 1 1 1908 3210 1906
4596 2 2 1 1 99 2939 567
4597 2 2 1 1 20 2089 1494
4598 2 2 1 1 1347 3382 2784
4599 2 2 1 1 2099 3464 2485
4600 2 2 1 1 2713 3259 3185
4601 2 2 1 1 2060 3213 2131
4602 2 2 1 1 2138 3075 2915
4603 2 2 1 1 2784 3382 849
4604 2 2 1 1 2036 3375 1956
4605 2 2 1 1 180 3023 612
4606 2 2 1 1 612 967 181
4607 2 2 1 1 2079 3190 2081
4608 2 2 1 1 751 1027 489
4609 2 2 1 1 1177 2922 1684
4610 2 2 1 1 2329 3284 2066
4611 2 2 1 1 2334 3448 3065
4612 2 2 1 1 2822 3155 601
4613 2 2 1 1 913 3120 2299
4614 2 2 1 1 3154 3355 1940
4615 2 2 1 1 2153 3148 1991
4616 2 2 1 1 2436 3344 1498
4617 2 2 1 1 684 3009 372
4618 2 2 1 1 1384 3384 1114
4619 2 2 1 1 778 3453 2903
4620 2 2 1 1 2280 3220 2125
4621 2 2 1 1 1009 3462 2740
4622 2 2 1 1 2056 3263 2233
4623 2 2 1 1 1992 3224 2322
4624 2 2 1 1 2755 3395 1167
4625 2 2 1 1 2085 3215 2188
4626 2 2 1 1 926 1784 1377
4627 2 2 1 1 21 1494 1031
4628 2 2 1 1 1586 3351 3161
4629 2 2 1 1 1795 3189 829
4630 2 2 1 1 1597 3203 2973
4631 2 2 1 1 1035 2876 810
4632 2 2 1 1 809 2876 1152
4633 2 2 1 1 741 2902 1979
4634 2 2 1 1 686 1030 374
4635 2 2 1 1 1183 2122 17
4636 2 2 1 1 1459 3228 1946
4637 2 2 1 1 1484 3258 1050
4638 2 2 1 1 488 3026 751
4639 2 2 1 1 3013 3302 1296
4640 2 2 1 1 703 3136 704
4641 2 2 1 1 1069 1759 93
4642 2 2 1 1 1759 2277 94
4643 2 2 1 1 1993 3282 2982
4644 2 2 1 1 939 2205 2111
4645 2 2 1 1 653 3298 3094
4646 2 2 1 1 3021 3387 1593
4647 2 2 1 1 2111 2412 915
4648 2 2 1 1 1036 1800 1799
4649 2 2 1 1 3097 3331 2341
4650 2 2 1 1 1076 3211 761
4651 2 2 1 1 2370 3412 1026
4652 2 2 1 1 1102 3259 2756
4653 2 2 1 1 2288 3235 2287
4654 2 2 1 1 3007 3323 2561
4655 2 2 1 1 81 3055 82
4656 2 2 1 1 2584 3270 2023
4657 2 2 1 1 822 3195 1038
4658 2 2 1 1 625 2422 626
4659 2 2 1 1 2135 3218 1378
4660 2 2 1 1 2372 2999 2798
4661 2 2 1 1 947 2171 1895
4662 2 2 1 1 1895 1896 924
4663 2 2 1 1 516 2290 1199
4664 2 2 1 1 1002 1703 528
4665 2 2 1 1 1703 2290 529
4666 2 2 1 1 1091 1355 519
4667 2 2 1 1 2310 3301 3050
4668 2 2 1 1 1093 3160 2904
4669 2 2 1 1 147 2848 145
4670 2 2 1 1 921 1636 162
4671 2 2 1 1 161 1636 1003
4672 2 2 1 1 163 1950 921
4673 2 2 1 1 2855 3350 1480
4674 2 2 1 1 2445 3452 1182
4675 2 2 1 1 993 3400 3150
4676 2 2 1 1 1513 3246 2364
4677 2 2 1 1 377 3314 734
4678 2 2 1 1 2644 3247 1344
4679 2 2 1 1 3024 3062 2509
4680 2 2 1 1 2154 3222 2153
4681 2 2 1 1 2547 3272 1727
4682 2 2 1 1 2633 3252 2620
4683 2 2 1 1 2552 3180 2786
4684 2 2 1 1 2900 3318 1169
4685 2 2 1 1 1063 2318 2132
4686 2 2 1 1 2148 3259 2713
4687 2 2 1 1 1877 3299 2518
4688 2 2 1 1 2422 3169 262
4689 2 2 1 1 2293 3457 2989
4690 2 2 1 1 373 3024 686
4691 2 2 1 1 2865 3416 2688
4692 2 2 1 1 942 2310 1857
4693 2 2 1 1 2032 3407 1670
4694 2 2 1 1 405 1803 403
4695 2 2 1 1 2837 3276 1471
4696 2 2 1 1 2578 3276 2837
4697 2 2 1 1 2645 3465 2644
4698 2 2 1 1 2347 3183 2887
4699 2 2 1 1 2918 3290 1409
4700 2 2 1 1 1951 3372 914
4701 2 2 1 1 1801 3117 2888
4702 2 2 1 1 2577 3307 3199
4703 2 2 1 1 1719 3415 2872
4704 2 2 1 1 1229 3280 2574
4705 2 2 1 1 920 2078 1868
4706 2 2 1 1 3175 3197 3176
4707 2 2 1 1 3005 3256 2154
4708 2 2 1 1 2340 3319 2341
4709 2 2 1 1 1897 3239 947
4710 2 2 1 1 2611 3321 2117
4711 2 2 1 1 90 1888 1764
4712 2 2 1 1 77 1764 977
4713 2 2 1 1 1837 2981 1068
4714 2 2 1 1 141 2995 1079
4715 2 2 1 1 1064 3233 2764
4716 2 2 1 1 1737 3286 1709
4717 2 2 1 1 133 2206 131
4718 2 2 1 1 1398 3281 1396
4719 2 2 1 1 1331 3396 3000
4720 2 2 1 1 951 2003 360
4721 2 2 1 1 361 2003 1014
4722 2 2 1 1 1987 2770 1915
4723 2 2 1 1 2678 3296 2194
4724 2 2 1 1 46 2013 1665
4725 2 2 1 1 45 2179 2013
4726 2 2 1 1 47 1665 998
4727 2 2 1 1 1089 1991 146
4728 2 2 1 1 2520 3297 1848
4729 2 2 1 1 1902 3455 2413
4730 2 2 1 1 1103 1667 213
4731 2 2 1 1 988 1668 227
4732 2 2 1 1 212 1668 1103
4733 2 2 1 1 214 1667 1042
4734 2 2 1 1 522 2882 1885
4735 2 2 1 1 3000 3399 1331
4736 2 2 1 1 2537 3289 2119
4737 2 2 1 1 2282 3160 1093
4738 2 2 1 1 1153 1358 27
4739 2 2 1 1 893 3379 2456
4740 2 2 1 1 2930 3410 1973
4741 2 2 1 1 444 3078 730
4742 2 2 1 1 2118 3248 1861
4743 2 2 1 1 2056 3407 2751
4744 2 2 1 1 2406 3293 2482
4745 2 2 1 1 3098 3289 2537
4746 2 2 1 1 2683 3295 2239
4747 2 2 1 1 2752 3370 2165
4748 2 2 1 1 2456 3379 2038
4749 2 2 1 1 563 2446 75
4750 2 2 1 1 2186 3377 955
4751 2 2 1 1 2151 3337 3269
4752 2 2 1 1 2789 3432 1065
4753 2 2 1 1 427 1757 425
4754 2 2 1 1 996 2129 1891
4755 2 2 1 1 1358 2076 28
4756 2 2 1 1 479 1115 478
4757 2 2 1 1 480 1086 479
4758 2 2 1 1 1758 3301 2677
4759 2 2 1 1 1498 3436 1499
4760 2 2 1 1 424 1070 719
4761 2 2 1 1 2355 3457 2293
4762 2 2 1 1 828 3273 827
4763 2 2 1 1 978 3227 2355
4764 2 2 1 1 650 2421 304
4765 2 2 1 1 957 1888 89
4766 2 2 1 1 910 2967 1194
4767 2 2 1 1 2048 3157 2955
4768 2 2 1 1 1202 3163 2273
4769 2 2 1 1 2124 3311 2262
4770 2 2 1 1 608 3080 169
4771 2 2 1 1 971 1904 1903
4772 2 2 1 1 2057 3112 2922
4773 2 2 1 1 2194 3086 2978
4774 2 2 1 1 2098 3451 2100
4775 2 2 1 1 2897 3293 1926
4776 2 2 1 1 3237 3238 999
4777 2 2 1 1 2490 3439 1127
4778 2 2 1 1 1123 2893 720
4779 2 2 1 1 721 2893 990
4780 2 2 1 1 2561 3323 1134
4781 2 2 1 1 1397 3322 1443
4782 2 2 1 1 2323 2948 604
4783 2 2 1 1 3334 3456 2105
4784 2 2 1 1 2341 3018 962
4785 2 2 1 1 1487 3325 2279
4786 2 2 1 1 1489 3346 1490
4787 2 2 1 1 2104 3223 2778
4788 2 2 1 1 2402 3398 2327
4789 2 2 1 1 2546 3328 2248
4790 2 2 1 1 1491 3329 1488
4791 2 2 1 1 2277 3277 95
4792 2 2 1 1 2083 3124 2082
4793 2 2 1 1 936 2087 2086
4794 2 2 1 1 2130 3332 2555
4795 2 2 1 1 2425 3330 2185
4796 2 2 1 1 2353 3348 2126
4797 2 2 1 1 390 1885 391
4798 2 2 1 1 2704 3337 2151
4799 2 2 1 1 2299 3120 2298
4800 2 2 1 1 1956 3338 1640
4801 2 2 1 1 2071 3117 2914
4802 2 2 1 1 947 3239 2171
4803 2 2 1 1 1791 3342 2291
4804 2 2 1 1 1157 1687 445
4805 2 2 1 1 2262 3311 2821
4806 2 2 1 1 920 3055 2292
4807 2 2 1 1 1896 3431 2863
4808 2 2 1 1 2250 3345 2247
4809 2 2 1 1 685 3062 373
4810 2 2 1 1 372 1077 685
4811 2 2 1 1 655 3123 296
4812 2 2 1 1 2832 3192 2064
4813 2 2 1 1 1663 3349 1655
4814 2 2 1 1 2849 3438 2671
4815 2 2 1 1 41 2942 555
4816 2 2 1 1 1087 3197 3175
4817 2 2 1 1 2394 3405 2738
4818 2 2 1 1 1071 3267 824
4819 2 2 1 1 1480 3350 1477
4820 2 2 1 1 3089 3160 2043
4821 2 2 1 1 2579 3351 1586
4822 2 2 1 1 2271 3352 2546
4823 2 2 1 1 3245 3356 1878
4824 2 2 1 1 614 3037 188
4825 2 2 1 1 1940 3355 2536
4826 2 2 1 1 1878 3356 2241
4827 2 2 1 1 2171 3239 2883
4828 2 2 1 1 2833 3462 1009
4829 2 2 1 1 767 3058 527
4830 2 2 1 1 683 2160 1119
4831 2 2 1 1 1690 3361 2645
4832 2 2 1 1 1989 3362 2533
4833 2 2 1 1 942 3371 2881
4834 2 2 1 1 1680 3357 1677
4835 2 2 1 1 2613 3404 2878
4836 2 2 1 1 2645 3361 3133
4837 2 2 1 1 2821 3311 1149
4838 2 2 1 1 526 1059 767
4839 2 2 1 1 53 2017 1017
4840 2 2 1 1 55 2018 948
4841 2 2 1 1 1684 3030 1964
4842 2 2 1 1 2077 3253 2221
4843 2 2 1 1 3174 3389 2143
4844 2 2 1 1 2389 3099 2972
4845 2 2 1 1 1087 3392 2741
4846 2 2 1 1 961 1757 427
4847 2 2 1 1 1507 3370 2752
4848 2 2 1 1 2292 3270 2078
4849 2 2 1 1 3174 3458 2180
4850 2 2 1 1 2497 3467 2844
4851 2 2 1 1 188 1108 615
4852 2 2 1 1 3185 3209 2718
4853 2 2 1 1 2046 3209 3185
4854 2 2 1 1 1016 3364 2447
4855 2 2 1 1 3065 3448 1288
4856 2 2 1 1 2966 3170 1824
4857 2 2 1 1 2126 3388 1945
4858 2 2 1 1 2831 3399 2174
4859 2 2 1 1 2731 3391 2019
4860 2 2 1 1 3041 3393 1154
4861 2 2 1 1 2217 3397 2218
4862 2 2 1 1 615 3105 189
4863 2 2 1 1 2322 3439 2849
4864 2 2 1 1 2062 3198 1850
4865 2 2 1 1 1832 3403 2662
4866 2 2 1 1 276 1942 1013
4867 2 2 1 1 278 1676 1177
4868 2 2 1 1 1013 1676 277
4869 2 2 1 1 1376 1942 292
4870 2 2 1 1 415 3208 414
4871 2 2 1 1 1986 3467 1881
4872 2 2 1 1 1781 3413 1777
4873 2 2 1 1 2075 3462 2833
4874 2 2 1 1 1730 3424 1724
4875 2 2 1 1 1190 3425 1188
4876 2 2 1 1 2666 3430 2667
4877 2 2 1 1 1921 3409 1919
4878 2 2 1 1 2074 3431 2709
4879 2 2 1 1 2476 3432 2475
4880 2 2 1 1 1939 3434 1937
4881 2 2 1 1 564 3102 97
4882 2 2 1 1 1106 2113 268
4883 2 2 1 1 2376 3442 2377
4884 2 2 1 1 1363 3406 1365
4885 2 2 1 1 2260 3415 2261
4886 2 2 1 1 728 3188 437
4887 2 2 1 1 2091 2759 1155
4888 2 2 1 1 495 2890 753
4889 2 2 1 1 2014 3269 1070
4890 2 2 1 1 452 3443 740
4891 2 2 1 1 1917 3264 1759
4892 2 2 1 1 1474 3313 1472
4893 2 2 1 1 1032 3362 2879
4894 2 2 1 1 877 3184 876
4895 2 2 1 1 2256 3315 840
4896 2 2 1 1 1088 3422 2743
4897 2 2 1 1 2777 3274 1422
4898 2 2 1 1 1093 2904 906
4899 2 2 1 1 2157 3290 2918
4900 2 2 1 1 1997 3139 1748
4901 2 2 1 1 1148 3334 2105
4902 2 2 1 1 2076 3187 993
4903 2 2 1 1 3124 3190 986
4904 2 2 1 1 894 3379 893
4905 2 2 1 1 2622 3446 2986
4906 2 2 1 1 991 2948 2237
4907 2 2 1 1 1643 3194 1642
4908 2 2 1 1 546 3292 851
4909 2 2 1 1 2953 3261 2049
4910 2 2 1 1 1022 3256 3005
4911 2 2 1 1 1027 3128 2799
4912 2 2 1 1 420 3103 717
4913 2 2 1 1 7 2817 8
4914 2 2 1 1 741 1979 464
4915 2 2 1 1 61 2063 1072
4916 2 2 1 1 1072 1361 62
4917 2 2 1 1 555 1052 42
4918 2 2 1 1 908 3335 2192
4919 2 2 1 1 3023 3111 967
4920 2 2 1 1 347 3394 348
4921 2 2 1 1 363 3268 364
4922 2 2 1 1 15 1047 16
4923 2 2 1 1 704 3136 1163
4924 2 2 1 1 3050 3301 1758
4925 2 2 1 1 1973 3147 2930
4926 2 2 1 1 895 3427 894
4927 2 2 1 1 2887 3183 1479
4928 2 2 1 1 2140 3354 2879
4929 2 2 1 1 2878 3404 2419
4930 2 2 1 1 3066 3320 2368
4931 2 2 1 1 1519 3365 1517
4932 2 2 1 1 666 3298 667
4933 2 2 1 1 683 1119 366
4934 2 2 1 1 960 2164 1960
4935 2 2 1 1 1960 1961 1062
4936 2 2 1 1 2187 2499 1080
4937 2 2 1 1 2289 3148 1059
4938 2 2 1 1 632 950 225
4939 2 2 1 1 1157 3078 2386
4940 2 2 1 1 145 2848 1089
4941 2 2 1 1 1119 2083 2082
4942 2 2 1 1 2952 3026 1094
4943 2 2 1 1 2266 3303 1115
4944 2 2 1 1 2341 3319 3097
4945 2 2 1 1 1109 2426 1968
4946 2 2 1 1 1371 3394 922
4947 2 2 1 1 224 3070 632
4948 2 2 1 1 3143 3321 1091
4949 2 2 1 1 2388 3386 2114
4950 2 2 1 1 2898 3433 2207
4951 2 2 1 1 2946 3443 451
4952 2 2 1 1 1494 3445 1495
4953 2 2 1 1 766 2774 521
4954 2 2 1 1 1947 3457 3004
4955 2 2 1 1 2870 3269 2014
4956 2 2 1 1 1008 1085 922
4957 2 2 1 1 372 3009 1077
4958 2 2 1 1 2149 3015 2834
4959 2 2 1 1 3155 3299 1877
4960 2 2 1 1 1203 3071 916
4961 2 2 1 1 2221 3305 2890
4962 2 2 1 1 2078 3170 2966
4963 2 2 1 1 2770 3380 2771
4964 2 2 1 1 2393 3405 2392
4965 2 2 1 1 2096 3383 2095
4966 2 2 1 1 783 3326 782
4967 2 2 1 1 151 2815 150
4968 2 2 1 1 894 3427 3379
4969 2 2 1 1 2113 3409 2976
4970 2 2 1 1 675 3340 676
4971 2 2 1 1 994 3110 2401
4972 2 2 1 1 989 3206 1645
4973 2 2 1 1 2112 3291 3194
4974 2 2 1 1 3299 3442 2518
4975 2 2 1 1 1029 3012 2373
4976 2 2 1 1 1172 3417 2732
4977 2 2 1 1 929 1018 914
4978 2 2 1 1 1987 3178 2770
4979 2 2 1 1 2800 3318 2283
4980 2 2 1 1 3030 3217 1092
4981 2 2 1 1 2152 2964 149
4982 2 2 1 1 1049 1861 325
4983 2 2 1 1 992 3103 2393
4984 2 2 1 1 2778 3384 1384
4985 2 2 1 1 107 2909 917
4986 2 2 1 1 664 3369 665
4987 2 2 1 1 629 2772 216
4988 2 2 1 1 231 945 232
4989 2 2 1 1 230 1470 231
4990 2 2 1 1 229 2197 230
4991 2 2 1 1 176 955 177
4992 2 2 1 1 191 1057 192
4993 2 2 1 1 175 1382 176
4994 2 2 1 1 193 1000 175
4995 2 2 1 1 630 1063 218
4996 2 2 1 1 1649 3142 3004
4997 2 2 1 1 541 1347 542
4998 2 2 1 1 542 2784 543
4999 2 2 1 1 145 1089 146
5000 2 2 1 1 3095 3100 1730
5001 2 2 1 1 356 1006 357
5002 2 2 1 1 348 949 349
5003 2 2 1 1 349 2102 350
5004 2 2 1 1 2976 3409 1921
5005 2 2 1 1 554 926 36
5006 2 2 1 1 223 915 631
5007 2 2 1 1 753 1357 496
5008 2 2 1 1 2046 3347 1757
5009 2 2 1 1 1066 1985 170
5010 2 2 1 1 591 3057 966
5011 2 2 1 1 1766 3250 233
5012 2 2 1 1 1159 3384 3223
5013 2 2 1 1 1996 3413 2463
5014 2 2 1 1 275 1201 260
5015 2 2 1 1 870 3401 869
5016 2 2 1 1 1195 2206 133
5017 2 2 1 1 1045 2223 2005
5018 2 2 1 1 956 2454 2004
5019 2 2 1 1 2005 2077 1084
5020 2 2 1 1 269 944 270
5021 2 2 1 1 260 2094 261
5022 2 2 1 1 945 1379 232
5023 2 2 1 1 503 2007 1170
5024 2 2 1 1 2895 3216 1955
5025 2 2 1 1 326 3069 313
5026 2 2 1 1 1057 1380 192
5027 2 2 1 1 2463 3283 987
5028 2 2 1 1 208 984 209
5029 2 2 1 1 210 934 211
5030 2 2 1 1 211 1395 194
5031 2 2 1 1 209 2000 210
5032 2 2 1 1 194 1007 195
5033 2 2 1 1 195 2773 196
5034 2 2 1 1 1692 3306 2830
5035 2 2 1 1 464 2927 475
5036 2 2 1 1 216 1025 217
5037 2 2 1 1 2456 3123 892
5038 2 2 1 1 33 1051 34
5039 2 2 1 1 31 1997 32
5040 2 2 1 1 32 1748 33
5041 2 2 1 1 43 959 44
5042 2 2 1 1 42 2272 43
5043 2 2 1 1 2155 3336 681
5044 2 2 1 1 303 2421 2352
5045 2 2 1 1 557 3052 51
5046 2 2 1 1 541 2208 1347
5047 2 2 1 1 1990 3456 3334
5048 2 2 1 1 2091 3219 2759
5049 2 2 1 1 2969 3335 1194
5050 2 2 1 1 1006 1388 357
5051 2 2 1 1 2129 3203 2921
5052 2 2 1 1 2219 3350 2855
5053 2 2 1 1 248 1054 249
5054 2 2 1 1 257 1028 258
5055 2 2 1 1 3180 3331 2786
5056 2 2 1 1 765 965 512
5057 2 2 1 1 398 1050 397
5058 2 2 1 1 399 1484 398
5059 2 2 1 1 397 1792 396
5060 2 2 1 1 57 933 58
5061 2 2 1 1 1021 3140 569
5062 2 2 1 1 2837 3307 2577
5063 2 2 1 1 992 2391 419
5064 2 2 1 1 944 2838 270
5065 2 2 1 1 401 1004 400
5066 2 2 1 1 2929 3252 1024
5067 2 2 1 1 208 2455 984
5068 2 2 1 1 841 3333 2256
5069 2 2 1 1 2836 3152 1061
5070 2 2 1 1 3100 3424 1730
5071 2 2 1 1 1098 3378 2819
5072 2 2 1 1 959 1472 44
5073 2 2 1 1 1051 1385 34
5074 2 2 1 1 811 3300 1035
5075 2 2 1 1 296 2456 295
5076 2 2 1 1 294 1023 309
5077 2 2 1 1 293 1486 294
5078 2 2 1 1 309 1999 308
5079 2 2 1 1 295 2038 293
5080 2 2 1 1 308 919 307
5081 2 2 1 1 972 2345 130
5082 2 2 1 1 110 2345 925
5083 2 2 1 1 1885 2964 2152
5084 2 2 1 1 978 3055 81
5085 2 2 1 1 3004 3457 2355
5086 2 2 1 1 257 2141 1028
5087 2 2 1 1 1028 1482 258
5088 2 2 1 1 1054 1178 249
5089 2 2 1 1 1792 2245 396
5090 2 2 1 1 1717 3241 3171
5091 2 2 1 1 35 3107 554
5092 2 2 1 1 885 3310 2775
5093 2 2 1 1 1086 1115 479
5094 2 2 1 1 654 3094 2190
5095 2 2 1 1 2263 3412 2847
5096 2 2 1 1 1004 2142 400
5097 2 2 1 1 1837 3366 2981
5098 2 2 1 1 1094 3026 488
5099 2 2 1 1 1751 3226 2912
5100 2 2 1 1 919 2095 307
5101 2 2 1 1 1471 3343 2837
5102 2 2 1 1 485 1496 486
5103 2 2 1 1 484 1110 485
5104 2 2 1 1 483 2048 484
5105 2 2 1 1 486 1001 487
5106 2 2 1 1 3329 3440 1999
5107 2 2 1 1 2482 3293 2897
5108 2 2 1 1 2133 3464 2858
5109 2 2 1 1 304 3353 650
5110 2 2 1 1 2147 3323 3007
5111 2 2 1 1 1152 2202 808
5112 2 2 1 1 2413 2857 700
5113 2 2 1 1 918 3449 2838
5114 2 2 1 1 1034 3101 550
5115 2 2 1 1 49 3110 556
5116 2 2 1 1 556 994 50
5117 2 2 1 1 3262 3341 3261
5118 2 2 1 1 343 3240 1107
5119 2 2 1 1 742 2192 2163
5120 2 2 1 1 6 3072 548
5121 2 2 1 1 3150 3400 1183
5122 2 2 1 1 2943 3255 2385
5123 2 2 1 1 2325 3255 2943
5124 2 2 1 1 2988 3429 1764
5125 2 2 1 1 2285 3285 455
5126 2 2 1 1 146 1991 151
5127 2 2 1 1 952 3133 1770
5128 2 2 1 1 2049 3261 2773
5129 2 2 1 1 247 3014 2369
5130 2 2 1 1 1038 3275 2869
5131 2 2 1 1 2872 3415 2260
5132 2 2 1 1 30 1183 17
5133 2 2 1 1 21 1031 22
5134 2 2 1 1 2279 3395 2832
5135 2 2 1 1 1874 3438 2816
5136 2 2 1 1 2203 3452 3011
5137 2 2 1 1 1964 3414 280
5138 2 2 1 1 411 1674 424
5139 2 2 1 1 17 2122 18
5140 2 2 1 1 20 1494 21
5141 2 2 1 1 19 2089 20
5142 2 2 1 1 3100 3380 2442
5143 2 2 1 1 428 961 427
5144 2 2 1 1 559 1078 59
5145 2 2 1 1 2783 3343 3041
5146 2 2 1 1 234 3250 941
5147 2 2 1 1 58 3122 559
5148 2 2 1 1 1899 3112 1046
5149 2 2 1 1 428 2228 961
5150 2 2 1 1 409 1064 408
5151 2 2 1 1 3045 3186 2223
5152 2 2 1 1 94 2277 95
5153 2 2 1 1 93 1759 94
5154 2 2 1 1 109 927 91
5155 2 2 1 1 92 1069 93
5156 2 2 1 1 994 2222 50
5157 2 2 1 1 2867 3304 1892
5158 2 2 1 1 548 1055 7
5159 2 2 1 1 2283 3318 2900
5160 2 2 1 1 2980 3229 3104
5161 2 2 1 1 927 1517 91
5162 2 2 1 1 1027 2799 489
5163 2 2 1 1 317 2168 318
5164 2 2 1 1 1154 3393 679
5165 2 2 1 1 2377 3442 3299
5166 2 2 1 1 812 3300 811
5167 2 2 1 1 516 1199 517
5168 2 2 1 1 519 1355 520
5169 2 2 1 1 527 1002 528
5170 2 2 1 1 528 1703 529
5171 2 2 1 1 529 2290 516
5172 2 2 1 1 518 1091 519
5173 2 2 1 1 2160 2880 1119
5174 2 2 1 1 164 1950 163
5175 2 2 1 1 161 1003 160
5176 2 2 1 1 163 921 162
5177 2 2 1 1 162 1636 161
5178 2 2 1 1 166 991 165
5179 2 2 1 1 1100 3251 2823
5180 2 2 1 1 1355 2371 520
5181 2 2 1 1 1199 1634 517
5182 2 2 1 1 2969 3306 2321
5183 2 2 1 1 1078 2114 59
5184 2 2 1 1 1003 2885 160
5185 2 2 1 1 991 1635 165
5186 2 2 1 1 561 2868 68
5187 2 2 1 1 2744 3137 2745
5188 2 2 1 1 1804 3371 37
5189 2 2 1 1 88 957 89
5190 2 2 1 1 3162 3407 2032
5191 2 2 1 1 1702 3416 2865
5192 2 2 1 1 2851 3374 1345
5193 2 2 1 1 2017 3177 1017
5194 2 2 1 1 2849 3439 2490
5195 2 2 1 1 2196 3446 3031
5196 2 2 1 1 989 1642 432
5197 2 2 1 1 431 989 432
5198 2 2 1 1 434 1043 435
5199 2 2 1 1 1031 2944 22
5200 2 2 1 1 1993 3262 2953
5201 2 2 1 1 562 3138 74
5202 2 2 1 1 977 1646 78
5203 2 2 1 1 1082 3372 3207
5204 2 2 1 1 3114 3414 1964
5205 2 2 1 1 77 977 78
5206 2 2 1 1 90 1764 77
5207 2 2 1 1 89 1888 90
5208 2 2 1 1 80 978 81
5209 2 2 1 1 981 1652 358
5210 2 2 1 1 1014 2155 362
5211 2 2 1 1 28 2076 29
5212 2 2 1 1 998 1666 48
5213 2 2 1 1 1042 2092 215
5214 2 2 1 1 226 2367 988
5215 2 2 1 1 375 981 358
5216 2 2 1 1 361 1014 362
5217 2 2 1 1 360 2003 361
5218 2 2 1 1 359 951 360
5219 2 2 1 1 943 1670 25
5220 2 2 1 1 1370 3186 3045
5221 2 2 1 1 46 1665 47
5222 2 2 1 1 45 2013 46
5223 2 2 1 1 47 998 48
5224 2 2 1 1 60 2179 45
5225 2 2 1 1 3164 3411 2270
5226 2 2 1 1 214 1042 215
5227 2 2 1 1 213 1667 214
5228 2 2 1 1 227 1668 212
5229 2 2 1 1 226 988 227
5230 2 2 1 1 212 1103 213
5231 2 2 1 1 24 943 25
5232 2 2 1 1 27 1358 28
5233 2 2 1 1 26 1153 27
5234 2 2 1 1 2222 3052 557
5235 2 2 1 1 2844 3467 1986
5236 2 2 1 1 3046 3448 2339
5237 2 2 1 1 2930 3272 2212
5238 2 2 1 1 3061 3434 2454
5239 2 2 1 1 999 2970 237
5240 2 2 1 1 551 2744 1
5241 2 2 1 1 3175 3176 2058
5242 2 2 1 1 1111 3220 3096
5243 2 2 1 1 2179 3386 2296
5244 2 2 1 1 1082 1378 389
5245 2 2 1 1 429 3151 1123
5246 2 2 1 1 2165 3370 2943
5247 2 2 1 1 3261 3341 1058
5248 2 2 1 1 440 3309 775
5249 2 2 1 1 1727 3272 3147
5250 2 2 1 1 1177 1684 279
5251 2 2 1 1 496 3015 497
5252 2 2 1 1 2841 3061 956
5253 2 2 1 1 16 3137 551
5254 2 2 1 1 2879 3354 2783
5255 2 2 1 1 1495 3445 2916
5256 2 2 1 1 1062 3219 2091
5257 2 2 1 1 907 1985 1093
5258 2 2 1 1 276 1013 277
5259 2 2 1 1 277 1676 278
5260 2 2 1 1 292 1942 276
5261 2 2 1 1 278 1177 279
5262 2 2 1 1 291 1376 292
5263 2 2 1 1 2886 2996 1037
5264 2 2 1 1 2823 3251 2462
5265 2 2 1 1 1044 3277 3263
5266 2 2 1 1 813 3027 152
5267 2 2 1 1 2298 3071 1203
5268 2 2 1 1 382 3373 687
5269 2 2 1 1 350 2102 1160
5270 2 2 1 1 1052 2272 42
5271 2 2 1 1 1193 1760 242
5272 2 2 1 1 1850 2215 240
5273 2 2 1 1 976 1850 239
5274 2 2 1 1 241 2215 1193
5275 2 2 1 1 243 1760 968
5276 2 2 1 1 813 3459 3027
5277 2 2 1 1 552 1010 23
5278 2 2 1 1 996 3367 2129
5279 2 2 1 1 1030 2763 374
5280 2 2 1 1 76 2063 61
5281 2 2 1 1 61 1072 62
5282 2 2 1 1 62 1361 63
5283 2 2 1 1 2965 3331 1081
5284 2 2 1 1 2881 3371 1804
5285 2 2 1 1 450 3218 958
5286 2 2 1 1 56 3035 558
5287 2 2 1 1 348 3082 949
5288 2 2 1 1 29 993 553
5289 2 2 1 1 553 3150 30
5290 2 2 1 1 1106 3236 2113
5291 2 2 1 1 364 3268 337
5292 2 2 1 1 3008 3245 1878
5293 2 2 1 1 3130 3221 2779
5294 2 2 1 1 1081 3180 3023
5295 2 2 1 1 1894 3389 2884
5296 2 2 1 1 1081 3023 180
5297 2 2 1 1 2838 3449 270
5298 2 2 1 1 699 3358 2413
5299 2 2 1 1 1766 3419 3250
5300 2 2 1 1 3029 3033 917
5301 2 2 1 1 926 1377 36
5302 2 2 1 1 401 2857 1004
5303 2 2 1 1 1199 3198 1634
5304 2 2 1 1 303 2352 302
5305 2 2 1 1 2857 3118 1004
5306 2 2 1 1 325 1861 326
5307 2 2 1 1 316 2501 317
5308 2 2 1 1 324 1049 325
5309 2 2 1 1 698 3358 699
5310 2 2 1 1 3118 3455 2611
5311 2 2 1 1 2994 3255 2325
5312 2 2 1 1 3160 3279 2043
5313 2 2 1 1 3147 3272 2930
5314 2 2 1 1 313 3327 314
5315 2 2 1 1 925 1695 111
5316 2 2 1 1 1120 2225 113
5317 2 2 1 1 304 2421 303
5318 2 2 1 1 313 3069 880
5319 2 2 1 1 923 2414 355
5320 2 2 1 1 2268 3444 2875
5321 2 2 1 1 74 3287 563
5322 2 2 1 1 1949 3157 1359
5323 2 2 1 1 97 3102 2984
5324 2 2 1 1 334 2880 2160
5325 2 2 1 1 207 2977 1095
5326 2 2 1 1 1975 3363 2919
5327 2 2 1 1 2120 3190 3124
5328 2 2 1 1 2432 3302 3013
5329 2 2 1 1 2267 2977 627
5330 2 2 1 1 876 3184 2226
5331 2 2 1 1 1691 3463 406
5332 2 2 1 1 2073 3230 3200
5333 2 2 1 1 337 3268 338
5334 2 2 1 1 985 2360 190
5335 2 2 1 1 2126 3348 3265
5336 2 2 1 1 87 2531 88
5337 2 2 1 1 1060 3450 3012
5338 2 2 1 1 3139 3435 1748
5339 2 2 1 1 105 2296 1073
5340 2 2 1 1 2923 3375 2170
5341 2 2 1 1 1362 2980 436
5342 2 2 1 1 1063 2132 218
5343 2 2 1 1 2264 3138 562
5344 2 2 1 1 2144 3387 3021
5345 2 2 1 1 2169 3430 3048
5346 2 2 1 1 928 1749 456
5347 2 2 1 1 1375 1751 458
5348 2 2 1 1 29 2076 993
5349 2 2 1 1 130 2345 110
5350 2 2 1 1 129 972 130
5351 2 2 1 1 112 1120 113
5352 2 2 1 1 110 925 111
5353 2 2 1 1 1956 3375 2923
5354 2 2 1 1 2963 3369 664
5355 2 2 1 1 580 2950 128
5356 2 2 1 1 1160 3435 1967
5357 2 2 1 1 129 2328 972
5358 2 2 1 1 107 917 108
5359 2 2 1 1 169 3080 1694
5360 2 2 1 1 631 3202 224
5361 2 2 1 1 558 2274 57
5362 2 2 1 1 848 3382 2896
5363 2 2 1 1 2921 3387 2144
5364 2 2 1 1 727 2871 1362
5365 2 2 1 1 577 2868 125
5366 2 2 1 1 2391 3260 418
5367 2 2 1 1 1105 2939 99
5368 2 2 1 1 734 3314 735
5369 2 2 1 1 2868 3456 68
5370 2 2 1 1 2916 3445 2264
5371 2 2 1 1 651 3353 305
5372 2 2 1 1 1955 3451 3020
5373 2 2 1 1 369 2079 1080
5374 2 2 1 1 636 2991 999
5375 2 2 1 1 1651 3437 3008
5376 2 2 1 1 2371 3358 698
5377 2 2 1 1 935 2983 98
5378 2 2 1 1 189 985 190
5379 2 2 1 1 968 2258 244
5380 2 2 1 1 507 1155 764
5381 2 2 1 1 3031 3446 1810
5382 2 2 1 1 1694 2992 607
5383 2 2 1 1 1058 3341 2824
5384 2 2 1 1 1037 2996 159
5385 2 2 1 1 1043 2871 435
5386 2 2 1 1 2958 3271 2288
5387 2 2 1 1 729 2903 1962
5388 2 2 1 1 2924 3444 1201
5389 2 2 1 1 3012 3450 2373
5390 2 2 1 1 2210 3410 2930
5391 2 2 1 1 952 1770 122
5392 2 2 1 1 1029 1768 119
5393 2 2 1 1 967 3163 181
5394 2 2 1 1 125 3312 578
5395 2 2 1 1 2960 3025 289
5396 2 2 1 1 459 1375 458
5397 2 2 1 1 457 928 456
5398 2 2 1 1 454 2445 453
5399 2 2 1 1 2406 3294 3293
5400 2 2 1 1 997 1996 321
5401 2 2 1 1 320 1775 997
5402 2 2 1 1 1075 1775 319
5403 2 2 1 1 322 1996 987
5404 2 2 1 1 15 3101 1047
5405 2 2 1 1 2773 3261 1058
5406 2 2 1 1 3141 3273 2297
5407 2 2 1 1 1962 3078 444
5408 2 2 1 1 179 3018 2965
5409 2 2 1 1 3263 3277 2233
5410 2 2 1 1 2956 3378 2387
5411 2 2 1 1 2502 3383 3212
5412 2 2 1 1 2644 3465 3247
5413 2 2 1 1 3020 3451 2098
5414 2 2 1 1 115 2971 995
5415 2 2 1 1 3036 3155 1877
5416 2 2 1 1 2913 3310 865
5417 2 2 1 1 986 3190 2079
5418 2 2 1 1 178 3377 962
5419 2 2 1 1 148 2964 852
5420 2 2 1 1 2106 2203 203
5421 2 2 1 1 70 1990 1011
5422 2 2 1 1 815 3266 2835
5423 2 2 1 1 1 2744 1036
5424 2 2 1 1 363 3336 2399
5425 2 2 1 1 2233 3277 2277
5426 2 2 1 1 3265 3388 2126
5427 2 2 1 1 1966 3221 3130
5428 2 2 1 1 941 2974 633
5429 2 2 1 1 233 3250 234
5430 2 2 1 1 3045 3348 2353
5431 2 2 1 1 527 3058 1002
5432 2 2 1 1 602 2996 2370
5433 2 2 1 1 611 2965 1081
5434 2 2 1 1 2132 3367 996
5435 2 2 1 1 442 2807 443
5436 2 2 1 1 2226 3184 199
5437 2 2 1 1 2296 3386 1073
5438 2 2 1 1 243 968 244
5439 2 2 1 1 240 2215 241
5440 2 2 1 1 238 976 239
5441 2 2 1 1 239 1850 240
5442 2 2 1 1 241 1193 242
5443 2 2 1 1 242 1760 243
5444 2 2 1 1 987 2842 323
5445 2 2 1 1 3208 3333 841
5446 2 2 1 1 2783 3354 3343
5447 2 2 1 1 1999 3440 919
5448 2 2 1 1 1296 3302 3182
5449 2 2 1 1 566 2983 1105
5450 2 2 1 1 1011 1788 71
5451 2 2 1 1 1020 2264 73
5452 2 2 1 1 3044 3302 2432
5453 2 2 1 1 173 1889 172
5454 2 2 1 1 172 1066 170
5455 2 2 1 1 2906 3169 205
5456 2 2 1 1 3094 3298 666
5457 2 2 1 1 705 2860 1048
5458 2 2 1 1 118 1029 119
5459 2 2 1 1 123 1148 124
5460 2 2 1 1 121 952 122
5461 2 2 1 1 1194 3335 909
5462 2 2 1 1 381 3231 382
5463 2 2 1 1 539 1797 938
5464 2 2 1 1 537 2420 2053
5465 2 2 1 1 538 2053 1797
5466 2 2 1 1 2256 2420 536
5467 2 2 1 1 2218 3397 3109
5468 2 2 1 1 777 2807 442
5469 2 2 1 1 658 2891 889
5470 2 2 1 1 2954 3103 420
5471 2 2 1 1 3131 3242 2244
5472 2 2 1 1 3179 3375 2036
5473 2 2 1 1 1036 1799 2
5474 2 2 1 1 2371 2774 766
5475 2 2 1 1 954 1802 4
5476 2 2 1 1 5 1802 973
5477 2 2 1 1 14 1034 550
5478 2 2 1 1 1068 2902 463
5479 2 2 1 1 382 3231 438
5480 2 2 1 1 2174 3399 3000
5481 2 2 1 1 288 2960 289
5482 2 2 1 1 166 2948 991
5483 2 2 1 1 157 3155 3036
5484 2 2 1 1 238 2417 976
5485 2 2 1 1 987 3283 2842
5486 2 2 1 1 578 3312 67
5487 2 2 1 1 2901 3453 779
5488 2 2 1 1 2194 3296 3086
5489 2 2 1 1 1064 2860 408
5490 2 2 1 1 2223 3348 3045
5491 2 2 1 1 3112 3317 1046
5492 2 2 1 1 643 3022 328
5493 2 2 1 1 465 1837 1068
5494 2 2 1 1 1005 1838 467
5495 2 2 1 1 466 1838 1837
5496 2 2 1 1 2362 3447 2962
5497 2 2 1 1 143 3257 142
5498 2 2 1 1 1160 1967 351
5499 2 2 1 1 320 997 321
5500 2 2 1 1 318 1075 319
5501 2 2 1 1 319 1775 320
5502 2 2 1 1 322 987 323
5503 2 2 1 1 321 1996 322
5504 2 2 1 1 95 3277 96
5505 2 2 1 1 3171 3241 2231
5506 2 2 1 1 157 3036 156
5507 2 2 1 1 2775 3310 2913
5508 2 2 1 1 995 3271 2958
5509 2 2 1 1 202 2106 203
5510 2 2 1 1 198 2226 199
5511 2 2 1 1 203 2203 204
5512 2 2 1 1 637 2970 2417
5513 2 2 1 1 1148 2105 124
5514 2 2 1 1 70 1011 71
5515 2 2 1 1 69 1990 70
5516 2 2 1 1 72 1020 73
5517 2 2 1 1 69 3456 1990
5518 2 2 1 1 778 2903 2807
5519 2 2 1 1 297 3426 655
5520 2 2 1 1 19 3287 2089
5521 2 2 1 1 549 3217 9
5522 2 2 1 1 447 2862 734
5523 2 2 1 1 612 3023 967
5524 2 2 1 1 2986 3446 2196
5525 2 2 1 1 2257 2995 592
5526 2 2 1 1 750 2949 1094
5527 2 2 1 1 2895 3400 3216
5528 2 2 1 1 2069 2999 513
5529 2 2 1 1 275 2924 1201
5530 2 2 1 1 2102 3284 1160
5531 2 2 1 1 3300 3303 2266
5532 2 2 1 1 3236 3409 2113
5533 2 2 1 1 942 1857 39
5534 2 2 1 1 1949 3460 3157
5535 2 2 1 1 3200 3230 2150
5536 2 2 1 1 535 3315 2256
5537 2 2 1 1 1053 2810 648
5538 2 2 1 1 3082 3394 1371
5539 2 2 1 1 455 3285 454
5540 2 2 1 1 1096 2971 572
5541 2 2 1 1 262 3169 263
5542 2 2 1 1 536 2420 537
5543 2 2 1 1 539 938 540
5544 2 2 1 1 537 2053 538
5545 2 2 1 1 535 2256 536
5546 2 2 1 1 538 1797 539
5547 2 2 1 1 581 2961 2328
5548 2 2 1 1 980 3172 2017
5549 2 2 1 1 852 2964 1885
5550 2 2 1 1 2807 2903 443
5551 2 2 1 1 434 3156 1043
5552 2 2 1 1 2825 3466 1118
5553 2 2 1 1 5 973 6
5554 2 2 1 1 3 954 4
5555 2 2 1 1 1 1036 2
5556 2 2 1 1 4 1802 5
5557 2 2 1 1 3293 3294 1926
5558 2 2 1 1 730 3078 1157
5559 2 2 1 1 2117 3321 3143
5560 2 2 1 1 1764 3429 977
5561 2 2 1 1 649 3025 2806
5562 2 2 1 1 740 2985 462
5563 2 2 1 1 3187 3264 1917
5564 2 2 1 1 153 3027 1671
5565 2 2 1 1 186 3032 187
5566 2 2 1 1 2413 3455 2857
5567 2 2 1 1 2786 3331 3097
5568 2 2 1 1 1001 2949 487
5569 2 2 1 1 962 3018 610
5570 2 2 1 1 920 1868 83
5571 2 2 1 1 931 1869 85
5572 2 2 1 1 466 1837 465
5573 2 2 1 1 465 1068 463
5574 2 2 1 1 467 1838 466
5575 2 2 1 1 468 1005 467
5576 2 2 1 1 228 3132 229
5577 2 2 1 1 2282 3279 3160
5578 2 2 1 1 199 3184 200
5579 2 2 1 1 2431 3238 3237
5580 2 2 1 1 118 3012 1029
5581 2 2 1 1 2076 3264 3187
5582 2 2 1 1 431 3206 989
5583 2 2 1 1 1010 3295 2945
5584 2 2 1 1 1967 3139 1109
5585 2 2 1 1 751 3026 1027
5586 2 2 1 1 1632 3454 3021
5587 2 2 1 1 1060 3012 576
5588 2 2 1 1 764 3266 506
5589 2 2 1 1 2980 3188 728
5590 2 2 1 1 391 2882 402
5591 2 2 1 1 2688 3416 3054
5592 2 2 1 1 2799 2841 752
5593 2 2 1 1 80 3227 978
5594 2 2 1 1 1795 3390 3189
5595 2 2 1 1 373 3062 3024
5596 2 2 1 1 96 3277 1044
5597 2 2 1 1 1043 3156 3134
5598 2 2 1 1 2950 2961 128
5599 2 2 1 1 2082 3124 986
5600 2 2 1 1 1362 3229 2980
5601 2 2 1 1 2501 3374 2168
5602 2 2 1 1 1979 2927 464
5603 2 2 1 1 8 1092 549
5604 2 2 1 1 996 1891 220
5605 2 2 1 1 453 2445 1182
5606 2 2 1 1 177 3377 178
5607 2 2 1 1 3175 3392 1087
5608 2 2 1 1 571 3033 1672
5609 2 2 1 1 3126 3346 2409
5610 2 2 1 1 406 3463 405
5611 2 2 1 1 924 1898 254
5612 2 2 1 1 1046 1900 11
5613 2 2 1 1 2980 3104 1175
5614 2 2 1 1 878 3248 3151
5615 2 2 1 1 2096 3345 3212
5616 2 2 1 1 3212 3345 2250
5617 2 2 1 1 1044 3102 564
5618 2 2 1 1 438 3373 382
5619 2 2 1 1 3015 3421 497
5620 2 2 1 1 971 1903 284
5621 2 2 1 1 3151 3244 1123
5622 2 2 1 1 2105 2868 577
5623 2 2 1 1 38 942 39
5624 2 2 1 1 40 969 41
5625 2 2 1 1 2953 3262 3261
5626 2 2 1 1 383 3188 1175
5627 2 2 1 1 970 2954 718
5628 2 2 1 1 3216 3451 1955
5629 2 2 1 1 2369 2920 247
5630 2 2 1 1 188 3037 1108
5631 2 2 1 1 296 3123 2456
5632 2 2 1 1 152 3027 153
5633 2 2 1 1 216 2772 1025
5634 2 2 1 1 2122 2446 18
5635 2 2 1 1 936 2086 332
5636 2 2 1 1 1055 2817 7
5637 2 2 1 1 1671 3080 608
5638 2 2 1 1 318 2168 1075
5639 2 2 1 1 356 2414 1006
5640 2 2 1 1 3093 3447 1858
5641 2 2 1 1 2998 3421 2149
5642 2 2 1 1 2835 3459 814
5643 2 2 1 1 3184 3243 200
5644 2 2 1 1 250 3254 1897
5645 2 2 1 1 2991 3237 999
5646 2 2 1 1 2517 3341 3262
5647 2 2 1 1 38 3371 942
5648 2 2 1 1 263 3169 2906
5649 2 2 1 1 416 3333 415
5650 2 2 1 1 437 3373 438
5651 2 2 1 1 3105 3196 985
5652 2 2 1 1 57 2274 933
5653 2 2 1 1 3118 3458 1004
5654 2 2 1 1 82 920 83
5655 2 2 1 1 86 974 87
5656 2 2 1 1 84 931 85
5657 2 2 1 1 1077 3062 685
5658 2 2 1 1 217 3423 630
5659 2 2 1 1 686 3024 1030
5660 2 2 1 1 183 3071 184
5661 2 2 1 1 2100 3451 3216
5662 2 2 1 1 3250 3419 941
5663 2 2 1 1 717 3103 992
5664 2 2 1 1 1182 2946 736
5665 2 2 1 1 748 3417 1172
5666 2 2 1 1 1178 3254 249
5667 2 2 1 1 263 2906 264
5668 2 2 1 1 264 1884 265
5669 2 2 1 1 265 2159 266
5670 2 2 1 1 266 1374 267
5671 2 2 1 1 2178 3385 3253
5672 2 2 1 1 964 3167 2314
5673 2 2 1 1 2995 3376 1079
5674 2 2 1 1 2857 3455 3118
5675 2 2 1 1 283 2810 971
5676 2 2 1 1 348 3394 3082
5677 2 2 1 1 449 2173 448
5678 2 2 1 1 2170 3375 3179
5679 2 2 1 1 511 2853 960
5680 2 2 1 1 1884 2159 265
5681 2 2 1 1 266 2159 1374
5682 2 2 1 1 264 2906 1884
5683 2 2 1 1 3138 3287 74
5684 2 2 1 1 524 2815 525
5685 2 2 1 1 917 3033 108
5686 2 2 1 1 514 2202 2069
5687 2 2 1 1 384 3104 385
5688 2 2 1 1 1644 3398 3156
5689 2 2 1 1 973 3072 6
5690 2 2 1 1 2203 3011 204
5691 2 2 1 1 531 3461 3292
5692 2 2 1 1 2710 3392 3175
5693 2 2 1 1 567 2939 964
5694 2 2 1 1 2106 2946 2203
5695 2 2 1 1 530 3461 531
5696 2 2 1 1 2180 3458 3118
5697 2 2 1 1 219 996 220
5698 2 2 1 1 222 2111 223
5699 2 2 1 1 221 939 222
5700 2 2 1 1 1967 3435 3139
5701 2 2 1 1 2751 3407 3162
5702 2 2 1 1 223 2111 915
5703 2 2 1 1 1361 2950 63
5704 2 2 1 1 1025 3423 217
5705 2 2 1 1 2158 3411 3164
5706 2 2 1 1 888 2891 657
5707 2 2 1 1 2327 3398 3291
5708 2 2 1 1 3223 3384 2778
5709 2 2 1 1 288 3339 2960
5710 2 2 1 1 3344 3436 1498
5711 2 2 1 1 253 924 254
5712 2 2 1 1 252 1895 253
5713 2 2 1 1 251 947 252
5714 2 2 1 1 250 1897 251
5715 2 2 1 1 13 2811 14
5716 2 2 1 1 9 1899 10
5717 2 2 1 1 12 937 13
5718 2 2 1 1 10 1046 11
5719 2 2 1 1 933 3122 58
5720 2 2 1 1 184 3120 185
5721 2 2 1 1 142 3257 2257
5722 2 2 1 1 769 2938 838
5723 2 2 1 1 2420 3333 416
5724 2 2 1 1 1010 2945 23
5725 2 2 1 1 754 3421 2998
5726 2 2 1 1 969 2942 41
5727 2 2 1 1 1357 3015 496
5728 2 2 1 1 1957 3260 2391
5729 2 2 1 1 283 971 284
5730 2 2 1 1 285 2108 286
5731 2 2 1 1 3212 3383 2096
5732 2 2 1 1 3079 3423 1025
5733 2 2 1 1 625 3169 2422
5734 2 2 1 1 534 3315 535
5735 2 2 1 1 224 3202 3070
5736 2 2 1 1 2835 3266 1155
5737 2 2 1 1 3307 3354 2140
5738 2 2 1 1 3017 3417 748
5739 2 2 1 1 2890 3305 1357
5740 2 2 1 1 939 2111 222
5741 2 2 1 1 974 2531 87
5742 2 2 1 1 1885 2882 391
5743 2 2 1 1 2127 3309 439
5744 2 2 1 1 389 1378 376
5745 2 2 1 1 380 2127 381
5746 2 2 1 1 379 3214 380
5747 2 2 1 1 2927 3326 783
5748 2 2 1 1 1919 3409 3236
5749 2 2 1 1 287 3339 288
5750 2 2 1 1 2399 3336 1176
5751 2 2 1 1 329 1987 330
5752 2 2 1 1 328 3022 329
5753 2 2 1 1 331 936 332
5754 2 2 1 1 330 1915 331
5755 2 2 1 1 37 3371 38
5756 2 2 1 1 1175 3188 2980
5757 2 2 1 1 149 2964 148
5758 2 2 1 1 3188 3373 437
5759 2 2 1 1 1097 3009 684
5760 2 2 1 1 1084 2890 495
5761 2 2 1 1 3253 3385 2221
5762 2 2 1 1 947 1895 252
5763 2 2 1 1 251 1897 947
5764 2 2 1 1 253 1895 924
5765 2 2 1 1 10 1899 1046
5766 2 2 1 1 937 2811 13
5767 2 2 1 1 1046 3317 1900
5768 2 2 1 1 172 1889 1066
5769 2 2 1 1 200 3243 201
5770 2 2 1 1 812 3303 3300
5771 2 2 1 1 1361 2961 2950
5772 2 2 1 1 1004 3458 2142
5773 2 2 1 1 1108 3105 615
5774 2 2 1 1 1063 3423 3079
5775 2 2 1 1 2103 3339 287
5776 2 2 1 1 980 2017 52
5777 2 2 1 1 1017 2018 54
5778 2 2 1 1 1979 3326 2927
5779 2 2 1 1 30 3150 1183
5780 2 2 1 1 3157 3460 1482
5781 2 2 1 1 687 3373 3188
5782 2 2 1 1 3291 3398 1644
5783 2 2 1 1 3024 3308 1030
5784 2 2 1 1 68 3456 69
5785 2 2 1 1 655 3426 3123
5786 2 2 1 1 632 3070 950
5787 2 2 1 1 2127 3214 774
5788 2 2 1 1 2903 3453 1962
5789 2 2 1 1 317 2501 2168
5790 2 2 1 1 837 2938 768
5791 2 2 1 1 380 3214 2127
5792 2 2 1 1 963 2047 422
5793 2 2 1 1 67 3312 561
5794 2 2 1 1 439 3309 440
5795 2 2 1 1 331 1915 936
5796 2 2 1 1 330 1987 1915
5797 2 2 1 1 329 3022 1987
5798 2 2 1 1 438 3231 439
5799 2 2 1 1 555 2942 1052
5800 2 2 1 1 2004 3265 1045
5801 2 2 1 1 3027 3459 1671
5802 2 2 1 1 3011 3452 1884
5803 2 2 1 1 451 3443 452
5804 2 2 1 1 2106 3443 2946
5805 2 2 1 1 563 3287 2446
5806 2 2 1 1 877 3243 3184
5807 2 2 1 1 1070 3144 719
5808 2 2 1 1 1047 3137 16
5809 2 2 1 1 305 3353 304
5810 2 2 1 1 2774 2882 521
5811 2 2 1 1 88 2531 957
5812 2 2 1 1 121 3324 952
5813 2 2 1 1 8 2817 1092
5814 2 2 1 1 965 2853 512
5815 2 2 1 1 2384 3436 3344
5816 2 2 1 1 439 3231 2127
5817 2 2 1 1 136 1359 135
5818 2 2 1 1 189 3105 985
5819 2 2 1 1 986 2079 368
5820 2 2 1 1 137 1949 136
5821 2 2 1 1 139 2369 138
5822 2 2 1 1 140 1360 139
5823 2 2 1 1 138 3014 137
5824 2 2 1 1 511 960 510
5825 2 2 1 1 508 2091 507
5826 2 2 1 1 509 1062 508
5827 2 2 1 1 510 1960 509
5828 2 2 1 1 902 3025 2960
5829 2 2 1 1 1884 3452 2159
5830 2 2 1 1 1378 3314 376
5831 2 2 1 1 1059 3058 767
5832 2 2 1 1 352 1109 353
5833 2 2 1 1 351 1967 352
5834 2 2 1 1 353 1968 354
5835 2 2 1 1 354 923 355
5836 2 2 1 1 2784 3359 543
5837 2 2 1 1 526 2289 1059
5838 2 2 1 1 337 3428 364
5839 2 2 1 1 2105 3456 2868
5840 2 2 1 1 556 3110 994
5841 2 2 1 1 975 3037 614
5842 2 2 1 1 559 3122 1078
5843 2 2 1 1 187 3032 975
5844 2 2 1 1 9 3217 1899
5845 2 2 1 1 521 2882 522
5846 2 2 1 1 525 2289 526
5847 2 2 1 1 523 2152 524
5848 2 2 1 1 849 3359 2784
5849 2 2 1 1 339 1176 340
5850 2 2 1 1 338 2399 339
5851 2 2 1 1 334 2160 335
5852 2 2 1 1 507 2091 1155
5853 2 2 1 1 554 3107 926
5854 2 2 1 1 341 3132 228
5855 2 2 1 1 1119 2082 366
5856 2 2 1 1 402 2882 2774
5857 2 2 1 1 82 3055 920
5858 2 2 1 1 3070 3202 2637
5859 2 2 1 1 3144 3337 963
5860 2 2 1 1 2256 3333 2420
5861 2 2 1 1 688 3372 1082
5862 2 2 1 1 490 2841 956
5863 2 2 1 1 150 2815 2152
5864 2 2 1 1 1360 2920 2369
5865 2 2 1 1 548 3072 1055
5866 2 2 1 1 1803 2908 403
5867 2 2 1 1 753 2890 1357
5868 2 2 1 1 964 2314 100
5869 2 2 1 1 492 1045 493
5870 2 2 1 1 491 2004 492
5871 2 2 1 1 493 2005 494
5872 2 2 1 1 490 956 491
5873 2 2 1 1 494 1084 495
5874 2 2 1 1 2152 2815 524
5875 2 2 1 1 525 2815 2289
5876 2 2 1 1 993 3150 553
5877 2 2 1 1 336 3428 337
5878 2 2 1 1 136 1949 1359
5879 2 2 1 1 2149 3421 3015
5880 2 2 1 1 551 3137 2744
5881 2 2 1 1 915 3202 631
5882 2 2 1 1 137 3014 1949
5883 2 2 1 1 2369 3014 138
5884 2 2 1 1 1360 2369 139
5885 2 2 1 1 960 1960 510
5886 2 2 1 1 1062 2091 508
5887 2 2 1 1 509 1960 1062
5888 2 2 1 1 55 948 56
5889 2 2 1 1 51 980 52
5890 2 2 1 1 53 1017 54
5891 2 2 1 1 1109 1968 353
5892 2 2 1 1 352 1967 1109
5893 2 2 1 1 354 1968 923
5894 2 2 1 1 1115 3303 478
5895 2 2 1 1 336 3278 682
5896 2 2 1 1 423 963 422
5897 2 2 1 1 339 2399 1176
5898 2 2 1 1 1769 3465 3324
5899 2 2 1 1 1121 2296 104
5900 2 2 1 1 2960 3339 901
5901 2 2 1 1 376 3314 377
5902 2 2 1 1 454 3285 2445
5903 2 2 1 1 316 3408 2501
5904 2 2 1 1 930 2924 274
5905 2 2 1 1 630 3423 1063
5906 2 2 1 1 953 3368 2253
5907 2 2 1 1 14 2811 1034
5908 2 2 1 1 371 2499 1097
5909 2 2 1 1 948 3035 56
5910 2 2 1 1 768 2941 837
5911 2 2 1 1 335 3278 336
5912 2 2 1 1 2160 3278 335
5913 2 2 1 1 2089 3287 3138
5914 2 2 1 1 310 940 311
5915 2 2 1 1 423 3144 963
5916 2 2 1 1 561 3312 2868
5917 2 2 1 1 956 2004 491
5918 2 2 1 1 1045 2005 493
5919 2 2 1 1 492 2004 1045
5920 2 2 1 1 494 2005 1084
5921 2 2 1 1 558 3035 2274
5922 2 2 1 1 880 3327 313
5923 2 2 1 1 143 3441 3257
5924 2 2 1 1 3292 3461 851
5925 2 2 1 1 366 2082 367
5926 2 2 1 1 370 2499 371
5927 2 2 1 1 367 986 368
5928 2 2 1 1 369 1080 370
5929 2 2 1 1 51 3052 980
5930 2 2 1 1 201 3243 2985
5931 2 2 1 1 1155 3266 764
5932 2 2 1 1 365 3278 2160
5933 2 2 1 1 448 2173 1916
5934 2 2 1 1 3257 3441 1803
5935 2 2 1 1 2868 3312 125
5936 2 2 1 1 1803 3441 2908
5937 2 2 1 1 1092 3217 549
5938 2 2 1 1 173 2103 1889
5939 2 2 1 1 918 2739 272
5940 2 2 1 1 273 2739 930
5941 2 2 1 1 405 3463 1803
5942 2 2 1 1 367 2082 986
5943 2 2 1 1 1080 2499 370
5944 2 2 1 1 271 3449 918
5945 2 2 1 1 448 1916 446
5946 2 2 1 1 2127 3231 381
5947 2 2 1 1 500 2007 503
5948 2 2 1 1 2908 3441 798
5949 2 2 1 1 100 2314 101
5950 2 2 1 1 2399 3268 363
5951 2 2 1 1 914 3372 388
5952 2 2 1 1 922 3394 347
5953 2 2 1 1 102 2253 103
5954 2 2 1 1 101 953 102
5955 2 2 1 1 103 1121 104
5956 2 2 1 1 414 3208 842
5957 2 2 1 1 682 3428 336
5958 2 2 1 1 403 2908 404
5959 2 2 1 1 3071 3120 184
5960 2 2 1 1 913 3032 186
5961 2 2 1 1 271 918 272
5962 2 2 1 1 273 930 274
5963 2 2 1 1 174 2103 173
5964 2 2 1 1 338 3268 2399
5965 2 2 1 1 916 3071 183
5966 2 2 1 1 346 922 347
5967 2 2 1 1 2298 3120 3071
5968 2 2 1 1 182 916 183
5969 2 2 1 1 185 3120 913
5970 2 2 1 1 1175 3104 384
5971 2 2 1 1 101 2314 953
5972 2 2 1 1 385 3104 929
5973 2 2 1 1 953 2253 102
5974 2 2 1 1 103 2253 1121
5975 2 2 1 1 387 914 388
5976 2 2 1 1 383 1175 384
5977 2 2 1 1 185 913 186
5978 2 2 1 1 385 929 386
5979 2 2 1 1 344 1008 345
5980 2 2 1 1 132 131 807
5981 2 2 1 1 643 327 228
5982 2 2 1 1 886 887 298
5983 2 2 1 1 886 660 299
5984 2 2 1 1 300 301 904
5985 2 2 1 1 312 940 310
5986 2 2 1 1 345 922 346
5987 2 2 1 1 386 914 387
5988 2 2 1 1 394 864 393
5989 2 2 1 1 395 864 394
5990 2 2 1 1 413 842 412
5991 2 2 1 1 414 842 413
5992 2 2 1 1 905 499 501
5993 2 2 1 1 533 2941 768
5994 2 2 1 1 650 3353 651
5995 2 2 1 1 657 2891 658
5996 2 2 1 1 881 3327 880
5997 2 2 1 1 889 2891 888
5998 2 2 1 1 837 2941 836
5999 2 2 1 1 838 2938 837
6000 2 2 1 1 579 65 127
6001 2 2 1 1 579 560 65
6002 2 2 1 1 66 560 126
6003 2 2 1 1 126 560 579
6004 2 2 1 1 154 813 152
6005 2 2 1 1 819 155 156
6006 2 2 1 1 887 656 298
6007 2 2 1 1 306 652 651
6008 2 2 1 1 315 881 882
6009 2 2 1 1 852 390 392
6010 2 2 1 1 900 426 425
6011 2 2 1 1 441 440 776
6012 2 2 1 1 776 440 775
6013 2 2 1 1 442 441 777
6014 2 2 1 1 777 441 776
6015 2 2 1 1 735 3218 450
6016 2 2 1 1 853 460 461
6017 2 2 1 1 853 737 460
6018 2 2 1 1 908 469 470
6019 2 2 1 1 473 544 471
6020 2 2 1 1 474 785 473
6021 2 2 1 1 473 785 544
6022 2 2 1 1 481 749 480
6023 2 2 1 1 749 1086 480
6024 2 2 1 1 532 835 836
6025 2 2 1 1 888 657 656
6026 2 2 1 1 888 656 887
6027 2 2 1 1 889 659 658
6028 2 2 1 1 890 659 889
6029 2 2 2 2 550 3474 14
6030 2 2 2 2 6 3473 5
6031 2 2 2 2 3473 3477 3471
6032 2 2 2 2 16 3468 15
6033 2 2 2 2 3471 3476 3473
6034 2 2 2 2 549 3475 8
6035 2 2 2 2 3468 3475 3474
6036 2 2 2 2 3473 3479 3477
6037 2 2 2 2 2 3476 1
6038 2 2 2 2 16 3471 3468
6039 2 2 2 2 5 3473 3470
6040 2 2 2 2 3468 3474 550
6041 2 2 2 2 9 3469 549
6042 2 2 2 2 3473 3476 3470
6043 2 2 2 2 3468 3477 3475
6044 2 2 2 2 3470 3476 2
6045 2 2 2 2 5 3470 4
6046 2 2 2 2 3 3470 2
6047 2 2 2 2 3474 3475 3469
6048 2 2 2 2 13 3474 12
6049 2 2 2 2 3471 3477 3468
6050 2 2 2 2 8 3475 3472
6051 2 2 2 2 3469 3475 549
6052 2 2 2 2 8 3472 7
6053 2 2 2 2 548 3473 6
6054 2 2 2 2 1 3476 551
6055 2 2 2 2 551 3471 16
6056 2 2 2 2 3474 3478 12
6057 2 2 2 2 3475 3477 3472
6058 2 2 2 2 3477 3479 3472
6059 2 2 2 2 15 3468 550
6060 2 2 2 2 4 3470 3
6061 2 2 2 2 3469 3478 3474
6062 2 2 2 2 7 3479 548
6063 2 2 2 2 14 3474 13
6064 2 2 2 2 10 3469 9
6065 2 2 2 2 551 3476 3471
6066 2 2 2 2 548 3479 3473
6067 2 2 2 2 12 3478 11
6068 2 2 2 2 11 3478 10
6069 2 2 2 2 3472 3479 7
6070 2 2 2 2 10 3478 3469
6071 2 2 2 3 17 3483 3482
6072 2 2 2 3 3483 3488 3482
6073 2 2 2 3 3485 3488 3483
6074 2 2 2 3 3480 3488 3485
6075 2 2 2 3 22 3485 21
6076 2 2 2 3 18 3483 17
6077 2 2 2 3 20 3485 19
6078 2 2 2 3 29 3481 28
6079 2 2 2 3 3481 3488 3486
6080 2 2 2 3 27 3486 26
6081 2 2 2 3 25 3484 24
6082 2 2 2 3 3486 3488 3484
6083 2 2 2 3 3487 3488 3481
6084 2 2 2 3 3480 3485 22
6085 2 2 2 3 19 3485 3483
6086 2 2 2 3 29 3487 3481
6087 2 2 2 3 3481 3486 27
6088 2 2 2 3 25 3486 3484
6089 2 2 2 3 19 3483 18
6090 2 2 2 3 21 3485 20
6091 2 2 2 3 24 3484 23
6092 2 2 2 3 26 3486 25
6093 2 2 2 3 28 3481 27
6094 2 2 2 3 552 3480 22
6095 2 2 2 3 553 3487 29
6096 2 2 2 3 30 3482 553
6097 2 2 2 3 23 3489 552
6098 2 2 2 3 3482 3488 3487
6099 2 2 2 3 3480 3489 3488
6100 2 2 2 3 3482 3487 553
6101 2 2 2 3 3488 3489 3484
6102 2 2 2 3 552 3489 3480
6103 2 2 2 3 3484 3489 23
6104 2 2 2 3 17 3482 30
6105 2 2 2 4 555 3491 41
6106 2 2 2 4 43 3492 42
6107 2 2 2 4 3492 3493 3490
6108 2 2 2 4 43 3493 3492
6109 2 2 2 4 3490 3498 3492
6110 2 2 2 4 3493 3495 3490
6111 2 2 2 4 3496 3498 3490
6112 2 2 2 4 555 3498 3491
6113 2 2 2 4 32 3495 31
6114 2 2 2 4 44 3493 43
6115 2 2 2 4 34 3490 33
6116 2 2 2 4 3492 3498 555
6117 2 2 2 4 37 3497 36
6118 2 2 2 4 40 3491 39
6119 2 2 2 4 39 3497 38
6120 2 2 2 4 31 3495 3493
6121 2 2 2 4 3490 3495 33
6122 2 2 2 4 3491 3497 39
6123 2 2 2 4 42 3492 555
6124 2 2 2 4 3491 3498 3497
6125 2 2 2 4 3497 3498 3494
6126 2 2 2 4 36 3494 554
6127 2 2 2 4 35 3490 34
6128 2 2 2 4 33 3495 32
6129 2 2 2 4 31 3493 44
6130 2 2 2 4 554 3496 35
6131 2 2 2 4 36 3497 3494
6132 2 2 2 4 38 3497 37
6133 2 2 2 4 41 3491 40
6134 2 2 2 4 35 3496 3490
6135 2 2 2 4 3494 3498 3496
6136 2 2 2 4 3494 3496 554
6137 2 2 2 5 51 3505 557
6138 2 2 2 5 57 3499 558
6139 2 2 2 5 3501 3509 3508
6140 2 2 2 5 3504 3509 3501
6141 2 2 2 5 3501 3507 3504
6142 2 2 2 5 50 3503 556
6143 2 2 2 5 559 3501 3499
6144 2 2 2 5 56 3500 55
6145 2 2 2 5 557 3505 3503
6146 2 2 2 5 556 3503 3502
6147 2 2 2 5 3508 3509 3502
6148 2 2 2 5 3499 3510 558
6149 2 2 2 5 558 3510 3500
6150 2 2 2 5 3503 3508 3502
6151 2 2 2 5 3501 3508 3499
6152 2 2 2 5 60 3507 59
6153 2 2 2 5 46 3507 45
6154 2 2 2 5 48 3509 47
6155 2 2 2 5 3505 3510 3503
6156 2 2 2 5 3503 3510 3508
6157 2 2 2 5 3500 3510 3505
6158 2 2 2 5 3500 3506 55
6159 2 2 2 5 59 3507 3501
6160 2 2 2 5 3508 3510 3499
6161 2 2 2 5 3504 3507 46
6162 2 2 2 5 47 3509 3504
6163 2 2 2 5 53 3505 52
6164 2 2 2 5 58 3499 57
6165 2 2 2 5 556 3502 49
6166 2 2 2 5 59 3501 559
6167 2 2 2 5 557 3503 50
6168 2 2 2 5 47 3504 46
6169 2 2 2 5 45 3507 60
6170 2 2 2 5 558 3500 56
6171 2 2 2 5 3505 3506 3500
6172 2 2 2 5 49 3509 48
6173 2 2 2 5 55 3506 54
6174 2 2 2 5 52 3505 51
6175 2 2 2 5 3502 3509 49
6176 2 2 2 5 53 3506 3505
6177 2 2 2 5 54 3506 53
6178 2 2 2 5 559 3499 58
6179 2 2 2 6 563 3522 3515
6180 2 2 2 6 73 3519 72
6181 2 2 2 6 3514 3522 563
6182 2 2 2 6 560 3512 65
6183 2 2 2 6 3515 3521 3519
6184 2 2 2 6 3512 3518 3516
6185 2 2 2 6 3515 3522 3521
6186 2 2 2 6 3516 3518 3514
6187 2 2 2 6 3519 3521 3517
6188 2 2 2 6 3516 3520 3512
6189 2 2 2 6 72 3519 3513
6190 2 2 2 6 560 3518 3512
6191 2 2 2 6 69 3517 68
6192 2 2 2 6 64 3520 63
6193 2 2 2 6 62 3520 61
6194 2 2 2 6 76 3516 75
6195 2 2 2 6 3513 3519 3517
6196 2 2 2 6 72 3513 71
6197 2 2 2 6 70 3513 69
6198 2 2 2 6 3513 3517 69
6199 2 2 2 6 75 3516 3514
6200 2 2 2 6 3521 3522 3511
6201 2 2 2 6 3518 3522 3514
6202 2 2 2 6 560 3523 3518
6203 2 2 2 6 75 3514 563
6204 2 2 2 6 562 3519 73
6205 2 2 2 6 61 3520 3516
6206 2 2 2 6 3512 3520 64
6207 2 2 2 6 67 3511 66
6208 2 2 2 6 74 3515 562
6209 2 2 2 6 3511 3522 3518
6210 2 2 2 6 68 3517 561
6211 2 2 2 6 3518 3523 3511
6212 2 2 2 6 561 3521 67
6213 2 2 2 6 65 3512 64
6214 2 2 2 6 61 3516 76
6215 2 2 2 6 63 3520 62
6216 2 2 2 6 71 3513 70
6217 2 2 2 6 66 3523 560
6218 2 2 2 6 3515 3519 562
6219 2 2 2 6 67 3521 3511
6220 2 2 2 6 3517 3521 561
6221 2 2 2 6 3511 3523 66
6222 2 2 2 6 563 3515 74
6223 2 2 2 7 81 3524 80
6224 2 2 2 7 3524 3527 80
6225 2 2 2 7 88 3526 87
6226 2 2 2 7 3525 3529 88
6227 2 2 2 7 88 3529 3526
6228 2 2 2 7 89 3525 88
6229 2 2 2 7 80 3527 79
6230 2 2 2 7 77 3525 90
6231 2 2 2 7 78 3527 77
6232 2 2 2 7 77 3527 3525
6233 2 2 2 7 86 3526 85
6234 2 2 2 7 85 3528 84
6235 2 2 2 7 83 3528 82
6236 2 2 2 7 3524 3529 3527
6237 2 2 2 7 3526 3528 85
6238 2 2 2 7 3527 3529 3525
6239 2 2 2 7 82 3528 3524
6240 2 2 2 7 82 3524 81
6241 2 2 2 7 90 3525 89
6242 2 2 2 7 79 3527 78
6243 2 2 2 7 3528 3529 3524
6244 2 2 2 7 3526 3529 3528
6245 2 2 2 7 84 3528 83
6246 2 2 2 7 87 3526 86
6247 2 2 2 8 102 3531 101
6248 2 2 2 8 567 3539 99
6249 2 2 2 8 3535 3544 3537
6250 2 2 2 8 3537 3544 3530
6251 2 2 2 8 109 3535 571
6252 2 2 2 8 3532 3537 3536
6253 2 2 2 8 3536 3542 3532
6254 2 2 2 8 3532 3542 3538
6255 2 2 2 8 568 3531 105
6256 2 2 2 8 92 3535 91
6257 2 2 2 8 95 3544 94
6258 2 2 2 8 93 3544 92
6259 2 2 2 8 3535 3537 571
6260 2 2 2 8 3539 3546 99
6261 2 2 2 8 92 3544 3535
6262 2 2 2 8 569 3534 106
6263 2 2 2 8 107 3538 570
6264 2 2 2 8 103 3531 102
6265 2 2 2 8 3533 3541 3538
6266 2 2 2 8 3537 3545 3536
6267 2 2 2 8 3530 3545 3537
6268 2 2 2 8 3531 3540 101
6269 2 2 2 8 100 3540 567
6270 2 2 2 8 3532 3547 3537
6271 2 2 2 8 567 3540 3539
6272 2 2 2 8 3538 3542 3533
6273 2 2 2 8 3539 3540 568
6274 2 2 2 8 570 3541 569
6275 2 2 2 8 568 3540 3531
6276 2 2 2 8 569 3541 3534
6277 2 2 2 8 3538 3541 570
6278 2 2 2 8 106 3539 568
6279 2 2 2 8 3537 3547 571
6280 2 2 2 8 97 3536 564
6281 2 2 2 8 3541 3543 3534
6282 2 2 2 8 98 3533 565
6283 2 2 2 8 3530 3544 95
6284 2 2 2 8 3534 3539 106
6285 2 2 2 8 565 3542 97
6286 2 2 2 8 566 3543 98
6287 2 2 2 8 564 3545 96
6288 2 2 2 8 94 3544 93
6289 2 2 2 8 91 3535 109
6290 2 2 2 8 96 3530 95
6291 2 2 2 8 571 3547 108
6292 2 2 2 8 3543 3546 3534
6293 2 2 2 8 3532 3538 107
6294 2 2 2 8 3534 3546 3539
6295 2 2 2 8 108 3532 107
6296 2 2 2 8 99 3546 566
6297 2 2 2 8 3533 3542 565
6298 2 2 2 8 97 3542 3536
6299 2 2 2 8 98 3543 3533
6300 2 2 2 8 3536 3545 564
6301 2 2 2 8 3533 3543 3541
6302 2 2 2 8 566 3546 3543
6303 2 2 2 8 104 3531 103
6304 2 2 2 8 96 3545 3530
6305 2 2 2 8 108 3547 3532
6306 2 2 2 8 105 3531 104
6307 2 2 2 8 101 3540 100
6308 2 2 2 9 3550 3564 3558
6309 2 2 2 9 3558 3564 3563
6310 2 2 2 9 3559 3562 3555
6311 2 2 2 9 3569 3572 3553
6312 2 2 2 9 3553 3572 3557
6313 2 2 2 9 3555 3565 3558
6314 2 2 2 9 3552 3562 3559
6315 2 2 2 9 574 3558 116
6316 2 2 2 9 3558 3565 3550
6317 2 2 2 9 3548 3572 3569
6318 2 2 2 9 3557 3561 3553
6319 2 2 2 9 117 3559 575
6320 2 2 2 9 3559 3561 3552
6321 2 2 2 9 110 3567 130
6322 2 2 2 9 114 3560 113
6323 2 2 2 9 112 3567 111
6324 2 2 2 9 3562 3565 3555
6325 2 2 2 9 3566 3576 3573
6326 2 2 2 9 575 3555 574
6327 2 2 2 9 3550 3574 3564
6328 2 2 2 9 3555 3558 574
6329 2 2 2 9 3573 3576 3554
6330 2 2 2 9 121 3569 120
6331 2 2 2 9 119 3569 118
6332 2 2 2 9 123 3572 122
6333 2 2 2 9 575 3559 3555
6334 2 2 2 9 3560 3573 3567
6335 2 2 2 9 3558 3563 116
6336 2 2 2 9 3567 3573 3549
6337 2 2 2 9 3556 3573 3560
6338 2 2 2 9 3556 3560 114
6339 2 2 2 9 118 3569 3553
6340 2 2 2 9 572 3556 114
6341 2 2 2 9 118 3553 576
6342 2 2 2 9 577 3557 124
6343 2 2 2 9 578 3552 125
6344 2 2 2 9 126 3562 578
6345 2 2 2 9 581 3554 128
6346 2 2 2 9 117 3568 3559
6347 2 2 2 9 127 3550 579
6348 2 2 2 9 116 3563 573
6349 2 2 2 9 573 3551 115
6350 2 2 2 9 115 3566 572
6351 2 2 2 9 579 3565 126
6352 2 2 2 9 3563 3564 3551
6353 2 2 2 9 3566 3573 3556
6354 2 2 2 9 3559 3568 3561
6355 2 2 2 9 3560 3567 112
6356 2 2 2 9 130 3567 3549
6357 2 2 2 9 576 3568 117
6358 2 2 2 9 129 3575 581
6359 2 2 2 9 125 3570 577
6360 2 2 2 9 128 3571 580
6361 2 2 2 9 3548 3569 121
6362 2 2 2 9 3564 3576 3551
6363 2 2 2 9 122 3572 3548
6364 2 2 2 9 130 3549 129
6365 2 2 2 9 113 3560 112
6366 2 2 2 9 111 3567 110
6367 2 2 2 9 578 3562 3552
6368 2 2 2 9 3561 3568 3553
6369 2 2 2 9 126 3565 3562
6370 2 2 2 9 3550 3565 579
6371 2 2 2 9 120 3569 119
6372 2 2 2 9 122 3548 121
6373 2 2 2 9 3557 3570 3561
6374 2 2 2 9 3561 3570 3552
6375 2 2 2 9 580 3574 127
6376 2 2 2 9 573 3563 3551
6377 2 2 2 9 3551 3566 115
6378 2 2 2 9 572 3566 3556
6379 2 2 2 9 124 3572 123
6380 2 2 2 9 3552 3570 125
6381 2 2 2 9 3554 3571 128
6382 2 2 2 9 127 3574 3550
6383 2 2 2 9 581 3575 3554
6384 2 2 2 9 3553 3568 576
6385 2 2 2 9 577 3570 3557
6386 2 2 2 9 3551 3576 3566
6387 2 2 2 9 3571 3574 580
6388 2 2 2 9 3554 3575 3573
6389 2 2 2 9 3554 3576 3571
6390 2 2 2 9 3557 3572 124
6391 2 2 2 9 3571 3576 3564
6392 2 2 2 9 3573 3575 3549
6393 2 2 2 9 3564 3574 3571
6394 2 2 2 9 3549 3575 129
6395 2 2 2 10 3582 3588 587
6396 2 2 2 10 587 3588 586
6397 2 2 2 10 587 3594 3582
6398 2 2 2 10 3581 3584 3583
6399 2 2 2 10 3583 3584 3578
6400 2 2 2 10 143 3584 144
6401 2 2 2 10 586 3585 135
6402 2 2 2 10 3583 3593 3587
6403 2 2 2 10 3578 3593 3583
6404 2 2 2 10 586 3588 3585
6405 2 2 2 10 140 3591 591
6406 2 2 2 10 3577 3591 139
6407 2 2 2 10 585 3583 584
6408 2 2 2 10 583 3586 582
6409 2 2 2 10 582 3580 134
6410 2 2 2 10 584 3587 583
6411 2 2 2 10 590 3582 589
6412 2 2 2 10 591 3588 590
6413 2 2 2 10 593 3590 132
6414 2 2 2 10 588 3589 141
6415 2 2 2 10 3586 3587 3579
6416 2 2 2 10 3587 3593 3579
6417 2 2 2 10 3583 3595 3581
6418 2 2 2 10 3592 3594 3580
6419 2 2 2 10 3582 3594 3592
6420 2 2 2 10 594 3581 593
6421 2 2 2 10 3583 3587 584
6422 2 2 2 10 582 3586 3580
6423 2 2 2 10 583 3587 3586
6424 2 2 2 10 590 3588 3582
6425 2 2 2 10 133 3595 585
6426 2 2 2 10 144 3584 594
6427 2 2 2 10 3580 3594 134
6428 2 2 2 10 134 3594 587
6429 2 2 2 10 589 3592 588
6430 2 2 2 10 3586 3589 3580
6431 2 2 2 10 141 3579 592
6432 2 2 2 10 3582 3592 589
6433 2 2 2 10 138 3577 139
6434 2 2 2 10 3579 3589 3586
6435 2 2 2 10 592 3593 142
6436 2 2 2 10 585 3595 3583
6437 2 2 2 10 3585 3596 135
6438 2 2 2 10 591 3591 3588
6439 2 2 2 10 3589 3592 3580
6440 2 2 2 10 131 3590 133
6441 2 2 2 10 588 3592 3589
6442 2 2 2 10 141 3589 3579
6443 2 2 2 10 3588 3591 3585
6444 2 2 2 10 594 3584 3581
6445 2 2 2 10 132 3590 131
6446 2 2 2 10 3578 3584 143
6447 2 2 2 10 142 3578 143
6448 2 2 2 10 3581 3590 593
6449 2 2 2 10 3579 3593 592
6450 2 2 2 10 3585 3591 3577
6451 2 2 2 10 3581 3595 3590
6452 2 2 2 10 142 3593 3578
6453 2 2 2 10 3577 3596 3585
6454 2 2 2 10 3590 3595 133
6455 2 2 2 10 137 3577 138
6456 2 2 2 10 136 3596 137
6457 2 2 2 10 135 3596 136
6458 2 2 2 10 137 3596 3577
6459 2 2 2 10 139 3591 140
6460 2 2 2 11 149 3597 150
6461 2 2 2 11 595 3597 149
6462 2 2 2 11 151 3597 146
6463 2 2 2 11 145 3598 147
6464 2 2 2 11 147 3598 596
6465 2 2 2 11 3597 3598 146
6466 2 2 2 11 596 3597 595
6467 2 2 2 11 150 3597 151
6468 2 2 2 11 146 3598 145
6469 2 2 2 11 596 3598 3597
6470 2 2 2 11 595 149 148
6471 2 2 2 12 3601 3618 3611
6472 2 2 2 12 603 3599 160
6473 2 2 2 12 3613 3615 3612
6474 2 2 2 12 3603 3613 3612
6475 2 2 2 12 3607 3618 3601
6476 2 2 2 12 3599 3611 3609
6477 2 2 2 12 3609 3611 3605
6478 2 2 2 12 3607 3617 3612
6479 2 2 2 12 3613 3614 3602
6480 2 2 2 12 3602 3615 3613
6481 2 2 2 12 3601 3617 3607
6482 2 2 2 12 3609 3620 3599
6483 2 2 2 12 603 3611 3599
6484 2 2 2 12 3612 3617 3603
6485 2 2 2 12 3606 3619 3614
6486 2 2 2 12 3611 3622 3601
6487 2 2 2 12 163 3609 164
6488 2 2 2 12 165 3609 166
6489 2 2 2 12 161 3620 162
6490 2 2 2 12 167 3607 606
6491 2 2 2 12 3614 3619 3602
6492 2 2 2 12 157 3610 601
6493 2 2 2 12 3610 3616 3606
6494 2 2 2 12 606 3612 605
6495 2 2 2 12 3604 3610 157
6496 2 2 2 12 605 3615 168
6497 2 2 2 12 3600 3616 3610
6498 2 2 2 12 598 3603 158
6499 2 2 2 12 3611 3618 3605
6500 2 2 2 12 3607 3612 606
6501 2 2 2 12 601 3606 600
6502 2 2 2 12 599 3613 598
6503 2 2 2 12 600 3614 599
6504 2 2 2 12 166 3609 3605
6505 2 2 2 12 3612 3615 605
6506 2 2 2 12 3606 3614 600
6507 2 2 2 12 599 3614 3613
6508 2 2 2 12 3616 3619 3606
6509 2 2 2 12 167 3618 3607
6510 2 2 2 12 608 3600 153
6511 2 2 2 12 598 3613 3603
6512 2 2 2 12 603 3622 3611
6513 2 2 2 12 168 3602 607
6514 2 2 2 12 597 3604 155
6515 2 2 2 12 154 3608 597
6516 2 2 2 12 166 3605 604
6517 2 2 2 12 602 3601 159
6518 2 2 2 12 601 3610 3606
6519 2 2 2 12 169 3616 608
6520 2 2 2 12 158 3617 602
6521 2 2 2 12 604 3618 167
6522 2 2 2 12 168 3615 3602
6523 2 2 2 12 153 3608 152
6524 2 2 2 12 156 3604 157
6525 2 2 2 12 3599 3620 161
6526 2 2 2 12 163 3620 3609
6527 2 2 2 12 3610 3621 3600
6528 2 2 2 12 607 3619 169
6529 2 2 2 12 3603 3617 158
6530 2 2 2 12 3600 3608 153
6531 2 2 2 12 3604 3621 3610
6532 2 2 2 12 160 3599 161
6533 2 2 2 12 162 3620 163
6534 2 2 2 12 164 3609 165
6535 2 2 2 12 602 3617 3601
6536 2 2 2 12 3602 3619 607
6537 2 2 2 12 3605 3618 604
6538 2 2 2 12 159 3622 603
6539 2 2 2 12 608 3616 3600
6540 2 2 2 12 169 3619 3616
6541 2 2 2 12 3608 3621 597
6542 2 2 2 12 3601 3622 159
6543 2 2 2 12 597 3621 3604
6544 2 2 2 12 3600 3621 3608
6545 2 2 2 12 152 3608 154
6546 2 2 2 12 155 3604 156
6547 2 2 2 13 609 170 171
6548 2 2 2 13 172 170 609
6549 2 2 2 13 172 609 173
6550 2 2 2 13 609 174 173
6551 2 2 2 14 188 3630 614
6552 2 2 2 14 614 3624 187
6553 2 2 2 14 188 3632 3630
6554 2 2 2 14 616 3635 190
6555 2 2 2 14 3629 3637 3625
6556 2 2 2 14 3628 3636 176
6557 2 2 2 14 3625 3635 3629
6558 2 2 2 14 177 3628 176
6559 2 2 2 14 193 3636 192
6560 2 2 2 14 176 3636 175
6561 2 2 2 14 3634 3636 3628
6562 2 2 2 14 3633 3635 3631
6563 2 2 2 14 190 3635 3625
6564 2 2 2 14 3623 3636 3634
6565 2 2 2 14 617 3631 616
6566 2 2 2 14 3637 3638 3625
6567 2 2 2 14 191 3641 617
6568 2 2 2 14 3626 3633 3631
6569 2 2 2 14 3632 3639 3630
6570 2 2 2 14 3631 3641 3634
6571 2 2 2 14 617 3641 3631
6572 2 2 2 14 182 3630 613
6573 2 2 2 14 183 3624 182
6574 2 2 2 14 3629 3635 3633
6575 2 2 2 14 3631 3634 3626
6576 2 2 2 14 3631 3635 616
6577 2 2 2 14 192 3636 3623
6578 2 2 2 14 3627 3638 3637
6579 2 2 2 14 180 3629 611
6580 2 2 2 14 179 3626 610
6581 2 2 2 14 181 3627 612
6582 2 2 2 14 611 3633 179
6583 2 2 2 14 615 3632 188
6584 2 2 2 14 614 3630 3624
6585 2 2 2 14 189 3638 615
6586 2 2 2 14 612 3637 180
6587 2 2 2 14 175 3636 193
6588 2 2 2 14 192 3623 191
6589 2 2 2 14 178 3628 177
6590 2 2 2 14 184 3624 183
6591 2 2 2 14 3634 3641 3623
6592 2 2 2 14 3634 3640 3626
6593 2 2 2 14 3624 3630 182
6594 2 2 2 14 613 3639 181
6595 2 2 2 14 190 3625 189
6596 2 2 2 14 610 3640 178
6597 2 2 2 14 3629 3633 611
6598 2 2 2 14 3628 3640 3634
6599 2 2 2 14 179 3633 3626
6600 2 2 2 14 3632 3638 3627
6601 2 2 2 14 3627 3637 612
6602 2 2 2 14 180 3637 3629
6603 2 2 2 14 3626 3640 610
6604 2 2 2 14 615 3638 3632
6605 2 2 2 14 3630 3639 613
6606 2 2 2 14 181 3639 3627
6607 2 2 2 14 3623 3641 191
6608 2 2 2 14 3625 3638 189
6609 2 2 2 14 178 3640 3628
6610 2 2 2 14 3627 3639 3632
6611 2 2 2 14 185 3624 184
6612 2 2 2 14 187 3624 186
6613 2 2 2 14 186 3624 185
6614 2 2 2 15 3644 3652 3651
6615 2 2 2 15 3651 3654 3644
6616 2 2 2 15 628 3648 3645
6617 2 2 2 15 208 3648 628
6618 2 2 2 15 3647 3656 3654
6619 2 2 2 15 3647 3654 3651
6620 2 2 2 15 3643 3659 3648
6621 2 2 2 15 3648 3661 3643
6622 2 2 2 15 3648 3659 3645
6623 2 2 2 15 3652 3658 3650
6624 2 2 2 15 3644 3658 3652
6625 2 2 2 15 3655 3657 3653
6626 2 2 2 15 3653 3657 3656
6627 2 2 2 15 3650 3658 3645
6628 2 2 2 15 3646 3657 3655
6629 2 2 2 15 198 3664 623
6630 2 2 2 15 210 3661 3648
6631 2 2 2 15 211 3661 210
6632 2 2 2 15 195 3643 194
6633 2 2 2 15 210 3648 209
6634 2 2 2 15 3653 3656 3647
6635 2 2 2 15 3645 3659 3650
6636 2 2 2 15 3649 3660 3642
6637 2 2 2 15 206 3654 626
6638 2 2 2 15 622 3653 197
6639 2 2 2 15 625 3657 205
6640 2 2 2 15 3642 3662 3649
6641 2 2 2 15 202 3662 201
6642 2 2 2 15 203 3649 202
6643 2 2 2 15 200 3662 199
6644 2 2 2 15 619 3650 618
6645 2 2 2 15 620 3652 619
6646 2 2 2 15 197 3647 621
6647 2 2 2 15 621 3651 620
6648 2 2 2 15 626 3656 625
6649 2 2 2 15 623 3655 622
6650 2 2 2 15 622 3655 3653
6651 2 2 2 15 197 3653 3647
6652 2 2 2 15 3654 3656 626
6653 2 2 2 15 3655 3664 3660
6654 2 2 2 15 3649 3662 202
6655 2 2 2 15 623 3664 3655
6656 2 2 2 15 3647 3651 621
6657 2 2 2 15 619 3652 3650
6658 2 2 2 15 3651 3652 620
6659 2 2 2 15 3656 3657 625
6660 2 2 2 15 618 3665 196
6661 2 2 2 15 3643 3661 194
6662 2 2 2 15 205 3646 624
6663 2 2 2 15 627 3644 206
6664 2 2 2 15 628 3645 207
6665 2 2 2 15 207 3658 627
6666 2 2 2 15 3644 3654 206
6667 2 2 2 15 3650 3665 618
6668 2 2 2 15 3655 3660 3646
6669 2 2 2 15 205 3657 3646
6670 2 2 2 15 624 3663 204
6671 2 2 2 15 3660 3664 3642
6672 2 2 2 15 3659 3665 3650
6673 2 2 2 15 196 3643 195
6674 2 2 2 15 209 3648 208
6675 2 2 2 15 194 3661 211
6676 2 2 2 15 627 3658 3644
6677 2 2 2 15 3645 3658 207
6678 2 2 2 15 199 3662 3642
6679 2 2 2 15 201 3662 200
6680 2 2 2 15 199 3642 198
6681 2 2 2 15 204 3649 203
6682 2 2 2 15 3646 3663 624
6683 2 2 2 15 3660 3663 3646
6684 2 2 2 15 3643 3665 3659
6685 2 2 2 15 196 3665 3643
6686 2 2 2 15 3649 3663 3660
6687 2 2 2 15 204 3663 3649
6688 2 2 2 15 3642 3664 198
6689 2 2 2 16 630 3672 217
6690 2 2 2 16 218 3671 630
6691 2 2 2 16 3676 3678 3672
6692 2 2 2 16 225 3674 632
6693 2 2 2 16 215 3673 214
6694 2 2 2 16 213 3673 212
6695 2 2 2 16 3669 3674 3673
6696 2 2 2 16 217 3672 3667
6697 2 2 2 16 3670 3678 3676
6698 2 2 2 16 212 3668 227
6699 2 2 2 16 226 3668 225
6700 2 2 2 16 212 3673 3668
6701 2 2 2 16 3673 3674 3668
6702 2 2 2 16 3669 3678 3674
6703 2 2 2 16 3671 3672 630
6704 2 2 2 16 223 3675 222
6705 2 2 2 16 221 3675 220
6706 2 2 2 16 3672 3678 3667
6707 2 2 2 16 3668 3674 225
6708 2 2 2 16 220 3671 219
6709 2 2 2 16 3672 3675 3666
6710 2 2 2 16 3671 3675 3672
6711 2 2 2 16 3669 3673 215
6712 2 2 2 16 632 3674 3670
6713 2 2 2 16 214 3673 213
6714 2 2 2 16 3677 3678 3669
6715 2 2 2 16 220 3675 3671
6716 2 2 2 16 632 3670 224
6717 2 2 2 16 3666 3676 3672
6718 2 2 2 16 629 3669 215
6719 2 2 2 16 222 3675 221
6720 2 2 2 16 631 3666 223
6721 2 2 2 16 217 3667 216
6722 2 2 2 16 227 3668 226
6723 2 2 2 16 224 3676 631
6724 2 2 2 16 3666 3675 223
6725 2 2 2 16 216 3677 629
6726 2 2 2 16 219 3671 218
6727 2 2 2 16 3674 3678 3670
6728 2 2 2 16 629 3677 3669
6729 2 2 2 16 3670 3676 224
6730 2 2 2 16 631 3676 3666
6731 2 2 2 16 3667 3678 3677
6732 2 2 2 16 3667 3677 216
6733 2 2 2 17 3695 3698 3679
6734 2 2 2 17 3690 3694 3684
6735 2 2 2 17 3684 3694 3691
6736 2 2 2 17 3687 3691 3681
6737 2 2 2 17 3689 3698 3695
6738 2 2 2 17 3687 3696 3692
6739 2 2 2 17 3691 3694 3681
6740 2 2 2 17 228 3698 643
6741 2 2 2 17 3698 3703 3679
6742 2 2 2 17 230 3688 3685
6743 2 2 2 17 3681 3696 3687
6744 2 2 2 17 230 3685 229
6745 2 2 2 17 231 3688 230
6746 2 2 2 17 3683 3693 3689
6747 2 2 2 17 3689 3695 3683
6748 2 2 2 17 3690 3693 3683
6749 2 2 2 17 233 3701 232
6750 2 2 2 17 634 3683 235
6751 2 2 2 17 642 3693 245
6752 2 2 2 17 3692 3696 3682
6753 2 2 2 17 3697 3699 3680
6754 2 2 2 17 3686 3699 3697
6755 2 2 2 17 643 3689 642
6756 2 2 2 17 635 3690 634
6757 2 2 2 17 3684 3693 3690
6758 2 2 2 17 236 3694 635
6759 2 2 2 17 3685 3698 228
6760 2 2 2 17 243 3680 242
6761 2 2 2 17 242 3699 241
6762 2 2 2 17 240 3686 239
6763 2 2 2 17 245 3693 3684
6764 2 2 2 17 3689 3693 642
6765 2 2 2 17 634 3690 3683
6766 2 2 2 17 635 3694 3690
6767 2 2 2 17 245 3684 641
6768 2 2 2 17 641 3691 640
6769 2 2 2 17 639 3692 638
6770 2 2 2 17 640 3687 639
6771 2 2 2 17 3680 3699 242
6772 2 2 2 17 638 3700 244
6773 2 2 2 17 3687 3692 639
6774 2 2 2 17 3684 3691 641
6775 2 2 2 17 640 3691 3687
6776 2 2 2 17 3683 3695 235
6777 2 2 2 17 3682 3697 3692
6778 2 2 2 17 633 3679 234
6779 2 2 2 17 643 3698 3689
6780 2 2 2 17 235 3695 633
6781 2 2 2 17 637 3682 237
6782 2 2 2 17 232 3701 3688
6783 2 2 2 17 636 3681 236
6784 2 2 2 17 3681 3694 236
6785 2 2 2 17 3692 3700 638
6786 2 2 2 17 237 3696 636
6787 2 2 2 17 229 3685 228
6788 2 2 2 17 232 3688 231
6789 2 2 2 17 3697 3700 3692
6790 2 2 2 17 238 3702 637
6791 2 2 2 17 3697 3702 3686
6792 2 2 2 17 240 3699 3686
6793 2 2 2 17 3682 3702 3697
6794 2 2 2 17 3688 3703 3685
6795 2 2 2 17 633 3695 3679
6796 2 2 2 17 244 3680 243
6797 2 2 2 17 241 3699 240
6798 2 2 2 17 239 3686 238
6799 2 2 2 17 636 3696 3681
6800 2 2 2 17 234 3701 233
6801 2 2 2 17 3685 3703 3698
6802 2 2 2 17 3682 3696 237
6803 2 2 2 17 637 3702 3682
6804 2 2 2 17 3680 3700 3697
6805 2 2 2 17 3679 3701 234
6806 2 2 2 17 3701 3703 3688
6807 2 2 2 17 244 3700 3680
6808 2 2 2 17 3679 3703 3701
6809 2 2 2 17 3686 3702 238
6810 2 2 2 18 256 3709 255
6811 2 2 2 18 3704 3709 3707
6812 2 2 2 18 250 3704 249
6813 2 2 2 18 3707 3709 3706
6814 2 2 2 18 3707 3711 3704
6815 2 2 2 18 259 3707 3706
6816 2 2 2 18 259 3706 258
6817 2 2 2 18 246 3707 259
6818 2 2 2 18 257 3706 256
6819 2 2 2 18 255 3709 3705
6820 2 2 2 18 248 3711 247
6821 2 2 2 18 3708 3709 3704
6822 2 2 2 18 254 3710 253
6823 2 2 2 18 252 3708 251
6824 2 2 2 18 3705 3709 3708
6825 2 2 2 18 3706 3709 256
6826 2 2 2 18 3708 3710 3705
6827 2 2 2 18 247 3711 3707
6828 2 2 2 18 247 3707 246
6829 2 2 2 18 258 3706 257
6830 2 2 2 18 249 3711 248
6831 2 2 2 18 250 3708 3704
6832 2 2 2 18 255 3705 254
6833 2 2 2 18 251 3708 250
6834 2 2 2 18 253 3710 252
6835 2 2 2 18 3705 3710 254
6836 2 2 2 18 252 3710 3708
6837 2 2 2 18 3704 3711 249
6838 2 2 2 19 262 3714 261
6839 2 2 2 19 271 3718 270
6840 2 2 2 19 268 3713 267
6841 2 2 2 19 3713 3720 3716
6842 2 2 2 19 3716 3720 3714
6843 2 2 2 19 268 3715 3713
6844 2 2 2 19 269 3715 268
6845 2 2 2 19 3716 3719 3713
6846 2 2 2 19 3712 3717 3715
6847 2 2 2 19 260 3717 275
6848 2 2 2 19 262 3716 3714
6849 2 2 2 19 270 3718 3715
6850 2 2 2 19 3717 3720 3715
6851 2 2 2 19 261 3717 260
6852 2 2 2 19 266 3719 265
6853 2 2 2 19 263 3716 262
6854 2 2 2 19 265 3716 264
6855 2 2 2 19 3715 3720 3713
6856 2 2 2 19 3715 3718 3712
6857 2 2 2 19 265 3719 3716
6858 2 2 2 19 274 3718 273
6859 2 2 2 19 275 3712 274
6860 2 2 2 19 3714 3717 261
6861 2 2 2 19 270 3715 269
6862 2 2 2 19 275 3717 3712
6863 2 2 2 19 267 3719 266
6864 2 2 2 19 264 3716 263
6865 2 2 2 19 3714 3720 3717
6866 2 2 2 19 3713 3719 267
6867 2 2 2 19 3712 3718 274
6868 2 2 2 19 273 3718 272
6869 2 2 2 19 272 3718 271
6870 2 2 2 20 645 3730 644
6871 2 2 2 20 3725 3743 3730
6872 2 2 2 20 3737 3743 3725
6873 2 2 2 20 3725 3730 645
6874 2 2 2 20 3727 3735 3728
6875 2 2 2 20 3728 3739 3727
6876 2 2 2 20 3734 3736 3729
6877 2 2 2 20 3724 3734 3729
6878 2 2 2 20 3731 3737 3725
6879 2 2 2 20 3725 3738 3731
6880 2 2 2 20 3722 3736 3734
6881 2 2 2 20 644 3729 280
6882 2 2 2 20 291 3724 654
6883 2 2 2 20 644 3730 3729
6884 2 2 2 20 650 3728 290
6885 2 2 2 20 277 3722 276
6886 2 2 2 20 279 3722 278
6887 2 2 2 20 276 3734 292
6888 2 2 2 20 3722 3734 276
6889 2 2 2 20 647 3727 646
6890 2 2 2 20 281 3725 645
6891 2 2 2 20 652 3731 651
6892 2 2 2 20 3729 3730 3724
6893 2 2 2 20 282 3735 647
6894 2 2 2 20 3731 3738 3727
6895 2 2 2 20 652 3737 3731
6896 2 2 2 20 3727 3738 646
6897 2 2 2 20 3727 3739 3731
6898 2 2 2 20 647 3735 3727
6899 2 2 2 20 3731 3739 651
6900 2 2 2 20 281 3738 3725
6901 2 2 2 20 3726 3733 3732
6902 2 2 2 20 3730 3743 3724
6903 2 2 2 20 285 3740 284
6904 2 2 2 20 3728 3733 290
6905 2 2 2 20 283 3732 648
6906 2 2 2 20 3740 3742 3726
6907 2 2 2 20 649 3726 289
6908 2 2 2 20 3732 3733 3723
6909 2 2 2 20 3732 3740 3726
6910 2 2 2 20 3728 3735 3723
6911 2 2 2 20 3723 3733 3728
6912 2 2 2 20 650 3739 3728
6913 2 2 2 20 648 3723 282
6914 2 2 2 20 290 3733 649
6915 2 2 2 20 653 3737 652
6916 2 2 2 20 3724 3743 654
6917 2 2 2 20 646 3738 281
6918 2 2 2 20 3721 3742 3740
6919 2 2 2 20 653 3743 3737
6920 2 2 2 20 3723 3735 282
6921 2 2 2 20 651 3739 650
6922 2 2 2 20 654 3743 653
6923 2 2 2 20 279 3736 3722
6924 2 2 2 20 291 3734 3724
6925 2 2 2 20 3729 3736 280
6926 2 2 2 20 292 3734 291
6927 2 2 2 20 280 3736 279
6928 2 2 2 20 278 3722 277
6929 2 2 2 20 648 3732 3723
6930 2 2 2 20 649 3733 3726
6931 2 2 2 20 284 3740 283
6932 2 2 2 20 286 3721 285
6933 2 2 2 20 289 3742 288
6934 2 2 2 20 3721 3740 285
6935 2 2 2 20 283 3740 3732
6936 2 2 2 20 3726 3742 289
6937 2 2 2 20 287 3741 286
6938 2 2 2 20 288 3741 287
6939 2 2 2 20 3741 3742 3721
6940 2 2 2 20 286 3741 3721
6941 2 2 2 20 288 3742 3741
6942 2 2 2 21 661 3745 307
6943 2 2 2 21 300 3744 301
6944 2 2 2 21 3745 3755 3751
6945 2 2 2 21 3752 3762 3749
6946 2 2 2 21 3752 3761 3746
6947 2 2 2 21 3751 3763 3745
6948 2 2 2 21 3748 3757 3754
6949 2 2 2 21 3754 3758 3748
6950 2 2 2 21 3749 3760 3752
6951 2 2 2 21 661 3755 3745
6952 2 2 2 21 301 3756 302
6953 2 2 2 21 3746 3762 3752
6954 2 2 2 21 660 3746 3744
6955 2 2 2 21 3747 3765 3754
6956 2 2 2 21 306 3761 667
6957 2 2 2 21 3748 3758 3753
6958 2 2 2 21 3754 3757 3747
6959 2 2 2 21 3753 3759 3748
6960 2 2 2 21 3753 3760 3749
6961 2 2 2 21 3749 3759 3753
6962 2 2 2 21 3744 3756 301
6963 2 2 2 21 3745 3763 309
6964 2 2 2 21 309 3763 294
6965 2 2 2 21 308 3745 309
6966 2 2 2 21 293 3763 295
6967 2 2 2 21 3761 3766 3746
6968 2 2 2 21 303 3756 304
6969 2 2 2 21 304 3750 305
6970 2 2 2 21 3755 3765 3747
6971 2 2 2 21 304 3756 3750
6972 2 2 2 21 667 3752 666
6973 2 2 2 21 663 3754 662
6974 2 2 2 21 665 3753 664
6975 2 2 2 21 3746 3766 3744
6976 2 2 2 21 656 3762 298
6977 2 2 2 21 297 3757 659
6978 2 2 2 21 659 3748 658
6979 2 2 2 21 657 3749 656
6980 2 2 2 21 3750 3761 306
6981 2 2 2 21 3755 3764 3751
6982 2 2 2 21 661 3765 3755
6983 2 2 2 21 664 3758 663
6984 2 2 2 21 3753 3758 664
6985 2 2 2 21 663 3758 3754
6986 2 2 2 21 666 3760 665
6987 2 2 2 21 3752 3760 666
6988 2 2 2 21 665 3760 3753
6989 2 2 2 21 658 3759 657
6990 2 2 2 21 662 3765 661
6991 2 2 2 21 3748 3759 658
6992 2 2 2 21 657 3759 3749
6993 2 2 2 21 3747 3764 3755
6994 2 2 2 21 659 3757 3748
6995 2 2 2 21 667 3761 3752
6996 2 2 2 21 295 3763 3751
6997 2 2 2 21 655 3747 297
6998 2 2 2 21 3749 3762 656
6999 2 2 2 21 3747 3757 297
7000 2 2 2 21 296 3764 655
7001 2 2 2 21 3754 3765 662
7002 2 2 2 21 295 3751 296
7003 2 2 2 21 294 3763 293
7004 2 2 2 21 307 3745 308
7005 2 2 2 21 299 3744 300
7006 2 2 2 21 302 3756 303
7007 2 2 2 21 305 3750 306
7008 2 2 2 21 3744 3766 3756
7009 2 2 2 21 3756 3766 3750
7010 2 2 2 21 655 3764 3747
7011 2 2 2 21 298 3746 660
7012 2 2 2 21 298 3762 3746
7013 2 2 2 21 3750 3766 3761
7014 2 2 2 21 3751 3764 296
7015 2 2 2 21 660 3744 299
7016 2 2 2 22 310 311 312
7017 2 2 2 23 318 3769 317
7018 2 2 2 23 3769 3773 317
7019 2 2 2 23 317 3773 3768
7020 2 2 2 23 325 3770 324
7021 2 2 2 23 315 3768 314
7022 2 2 2 23 317 3768 316
7023 2 2 2 23 321 3771 320
7024 2 2 2 23 323 3771 322
7025 2 2 2 23 320 3769 319
7026 2 2 2 23 3768 3772 314
7027 2 2 2 23 320 3771 3769
7028 2 2 2 23 324 3770 3767
7029 2 2 2 23 3768 3773 3770
7030 2 2 2 23 3770 3772 3768
7031 2 2 2 23 324 3767 323
7032 2 2 2 23 3770 3773 3767
7033 2 2 2 23 322 3771 321
7034 2 2 2 23 3767 3771 323
7035 2 2 2 23 316 3768 315
7036 2 2 2 23 326 3770 325
7037 2 2 2 23 3771 3773 3769
7038 2 2 2 23 319 3769 318
7039 2 2 2 23 3767 3773 3771
7040 2 2 2 23 313 3772 326
7041 2 2 2 23 314 3772 313
7042 2 2 2 23 326 3772 3770
7043 2 2 2 24 677 3778 676
7044 2 2 2 24 3778 3780 676
7045 2 2 2 24 672 3780 671
7046 2 2 2 24 680 3781 679
7047 2 2 2 24 673 3785 672
7048 2 2 2 24 671 3780 3778
7049 2 2 2 24 679 3781 3777
7050 2 2 2 24 672 3785 3780
7051 2 2 2 24 3779 3788 330
7052 2 2 2 24 677 3789 3778
7053 2 2 2 24 668 3786 3779
7054 2 2 2 24 334 3776 673
7055 2 2 2 24 674 3784 340
7056 2 2 2 24 3781 3791 3777
7057 2 2 2 24 341 3787 680
7058 2 2 2 24 669 3781 668
7059 2 2 2 24 680 3787 3781
7060 2 2 2 24 679 3777 678
7061 2 2 2 24 676 3780 675
7062 2 2 2 24 3776 3785 673
7063 2 2 2 24 671 3778 670
7064 2 2 2 24 669 3791 3781
7065 2 2 2 24 675 3785 674
7066 2 2 2 24 670 3782 333
7067 2 2 2 24 674 3785 3784
7068 2 2 2 24 3781 3786 668
7069 2 2 2 24 3778 3782 670
7070 2 2 2 24 331 3779 330
7071 2 2 2 24 3777 3789 678
7072 2 2 2 24 3784 3785 3776
7073 2 2 2 24 3780 3785 675
7074 2 2 2 24 333 3791 669
7075 2 2 2 24 3782 3791 333
7076 2 2 2 24 3779 3786 3774
7077 2 2 2 24 3778 3789 3782
7078 2 2 2 24 337 3775 336
7079 2 2 2 24 336 3783 335
7080 2 2 2 24 3781 3787 3786
7081 2 2 2 24 3782 3789 3777
7082 2 2 2 24 3774 3788 3779
7083 2 2 2 24 3777 3791 3782
7084 2 2 2 24 678 3789 677
7085 2 2 2 24 3784 3790 340
7086 2 2 2 24 3775 3784 3783
7087 2 2 2 24 334 3783 3776
7088 2 2 2 24 3775 3783 336
7089 2 2 2 24 3783 3784 3776
7090 2 2 2 24 332 3779 331
7091 2 2 2 24 327 3774 341
7092 2 2 2 24 3775 3790 3784
7093 2 2 2 24 3786 3787 3774
7094 2 2 2 24 3774 3787 341
7095 2 2 2 24 335 3783 334
7096 2 2 2 24 338 3775 337
7097 2 2 2 24 329 3788 328
7098 2 2 2 24 328 3788 327
7099 2 2 2 24 339 3790 338
7100 2 2 2 24 340 3790 339
7101 2 2 2 24 327 3788 3774
7102 2 2 2 24 338 3790 3775
7103 2 2 2 24 330 3788 329
7104 2 2 2 24 668 3779 332
7105 2 2 2 25 3792 3794 348
7106 2 2 2 25 356 3793 355
7107 2 2 2 25 348 3794 347
7108 2 2 2 25 3792 3798 3796
7109 2 2 2 25 3792 3796 3794
7110 2 2 2 25 349 3792 348
7111 2 2 2 25 357 3795 356
7112 2 2 2 25 343 3795 342
7113 2 2 2 25 3795 3798 356
7114 2 2 2 25 356 3798 3793
7115 2 2 2 25 351 3799 350
7116 2 2 2 25 3796 3798 3795
7117 2 2 2 25 344 3796 343
7118 2 2 2 25 343 3796 3795
7119 2 2 2 25 353 3797 352
7120 2 2 2 25 354 3793 353
7121 2 2 2 25 342 3795 357
7122 2 2 2 25 350 3792 349
7123 2 2 2 25 345 3794 344
7124 2 2 2 25 3793 3797 353
7125 2 2 2 25 3793 3798 3797
7126 2 2 2 25 3792 3799 3798
7127 2 2 2 25 3798 3799 3797
7128 2 2 2 25 3794 3796 344
7129 2 2 2 25 352 3797 351
7130 2 2 2 25 355 3793 354
7131 2 2 2 25 346 3794 345
7132 2 2 2 25 350 3799 3792
7133 2 2 2 25 3797 3799 351
7134 2 2 2 25 347 3794 346
7135 2 2 2 26 685 3809 372
7136 2 2 2 26 3807 3808 3804
7137 2 2 2 26 3808 3811 3804
7138 2 2 2 26 3800 3808 3807
7139 2 2 2 26 3805 3811 3810
7140 2 2 2 26 3810 3815 3805
7141 2 2 2 26 685 3815 3809
7142 2 2 2 26 369 3812 368
7143 2 2 2 26 3808 3816 3811
7144 2 2 2 26 3805 3815 685
7145 2 2 2 26 3810 3811 3802
7146 2 2 2 26 366 3801 683
7147 2 2 2 26 360 3800 359
7148 2 2 2 26 362 3800 361
7149 2 2 2 26 359 3807 358
7150 2 2 2 26 375 3807 374
7151 2 2 2 26 3800 3807 359
7152 2 2 2 26 683 3813 365
7153 2 2 2 26 374 3807 3804
7154 2 2 2 26 3801 3813 683
7155 2 2 2 26 3803 3813 3809
7156 2 2 2 26 3809 3815 3803
7157 2 2 2 26 362 3808 3800
7158 2 2 2 26 684 3806 371
7159 2 2 2 26 374 3804 686
7160 2 2 2 26 370 3812 369
7161 2 2 2 26 681 3808 362
7162 2 2 2 26 372 3809 684
7163 2 2 2 26 373 3805 685
7164 2 2 2 26 365 3803 682
7165 2 2 2 26 365 3813 3803
7166 2 2 2 26 682 3810 364
7167 2 2 2 26 364 3802 363
7168 2 2 2 26 3811 3816 3802
7169 2 2 2 26 3812 3813 3801
7170 2 2 2 26 358 3807 375
7171 2 2 2 26 361 3800 360
7172 2 2 2 26 368 3812 3801
7173 2 2 2 26 368 3801 367
7174 2 2 2 26 3806 3813 3812
7175 2 2 2 26 686 3814 373
7176 2 2 2 26 363 3816 681
7177 2 2 2 26 371 3812 370
7178 2 2 2 26 3809 3813 3806
7179 2 2 2 26 3803 3810 682
7180 2 2 2 26 3811 3814 3804
7181 2 2 2 26 364 3810 3802
7182 2 2 2 26 3805 3814 3811
7183 2 2 2 26 3803 3815 3810
7184 2 2 2 26 684 3809 3806
7185 2 2 2 26 373 3814 3805
7186 2 2 2 26 3804 3814 686
7187 2 2 2 26 681 3816 3808
7188 2 2 2 26 3802 3816 363
7189 2 2 2 26 3806 3812 371
7190 2 2 2 26 367 3801 366
7191 2 2 2 27 687 3820 3819
7192 2 2 2 27 383 3820 687
7193 2 2 2 27 687 3819 382
7194 2 2 2 27 3819 3820 3817
7195 2 2 2 27 389 3817 688
7196 2 2 2 27 3817 3820 688
7197 2 2 2 27 688 3820 388
7198 2 2 2 27 388 3818 387
7199 2 2 2 27 381 3819 380
7200 2 2 2 27 378 3821 377
7201 2 2 2 27 377 3817 376
7202 2 2 2 27 380 3821 379
7203 2 2 2 27 3817 3821 3819
7204 2 2 2 27 3818 3820 383
7205 2 2 2 27 377 3821 3817
7206 2 2 2 27 3819 3821 380
7207 2 2 2 27 387 3818 386
7208 2 2 2 27 388 3820 3818
7209 2 2 2 27 376 3817 389
7210 2 2 2 27 379 3821 378
7211 2 2 2 27 382 3819 381
7212 2 2 2 27 386 3818 385
7213 2 2 2 27 384 3818 383
7214 2 2 2 27 385 3818 384
7215 2 2 2 28 3829 3835 3822
7216 2 2 2 28 3831 3835 3829
7217 2 2 2 28 695 3827 694
7218 2 2 2 28 3827 3833 694
7219 2 2 2 28 399 3836 697
7220 2 2 2 28 3822 3837 3829
7221 2 2 2 28 397 3823 398
7222 2 2 2 28 395 3834 396
7223 2 2 2 28 392 3828 695
7224 2 2 2 28 689 3824 393
7225 2 2 2 28 3825 3832 3830
7226 2 2 2 28 402 3828 391
7227 2 2 2 28 3833 3839 694
7228 2 2 2 28 691 3825 690
7229 2 2 2 28 690 3830 689
7230 2 2 2 28 692 3829 691
7231 2 2 2 28 696 3840 400
7232 2 2 2 28 3823 3836 399
7233 2 2 2 28 691 3829 3825
7234 2 2 2 28 3825 3830 690
7235 2 2 2 28 3832 3836 3830
7236 2 2 2 28 693 3831 692
7237 2 2 2 28 390 3828 392
7238 2 2 2 28 692 3831 3829
7239 2 2 2 28 697 3832 696
7240 2 2 2 28 3824 3834 395
7241 2 2 2 28 698 3827 402
7242 2 2 2 28 3827 3828 402
7243 2 2 2 28 3823 3838 3836
7244 2 2 2 28 3826 3835 3831
7245 2 2 2 28 699 3833 698
7246 2 2 2 28 700 3826 699
7247 2 2 2 28 3832 3840 696
7248 2 2 2 28 3829 3837 3825
7249 2 2 2 28 3830 3838 689
7250 2 2 2 28 3837 3840 3832
7251 2 2 2 28 3836 3838 3830
7252 2 2 2 28 397 3834 3823
7253 2 2 2 28 694 3839 693
7254 2 2 2 28 689 3838 3824
7255 2 2 2 28 401 3835 700
7256 2 2 2 28 3825 3837 3832
7257 2 2 2 28 693 3839 3831
7258 2 2 2 28 695 3828 3827
7259 2 2 2 28 3831 3839 3826
7260 2 2 2 28 697 3836 3832
7261 2 2 2 28 391 3828 390
7262 2 2 2 28 3826 3833 699
7263 2 2 2 28 394 3824 395
7264 2 2 2 28 398 3823 399
7265 2 2 2 28 396 3834 397
7266 2 2 2 28 400 3822 401
7267 2 2 2 28 698 3833 3827
7268 2 2 2 28 3824 3838 3834
7269 2 2 2 28 700 3835 3826
7270 2 2 2 28 3834 3838 3823
7271 2 2 2 28 3826 3839 3833
7272 2 2 2 28 3822 3835 401
7273 2 2 2 28 3822 3840 3837
7274 2 2 2 28 400 3840 3822
7275 2 2 2 28 393 3824 394
7276 2 2 2 29 405 706 406
7277 2 2 2 29 703 3842 702
7278 2 2 2 29 708 3843 707
7279 2 2 2 29 707 3844 706
7280 2 2 2 29 406 3844 704
7281 2 2 2 29 706 3844 406
7282 2 2 2 29 704 3843 703
7283 2 2 2 29 701 3841 710
7284 2 2 2 29 704 3844 707
7285 2 2 2 29 707 3843 704
7286 2 2 2 29 703 3843 708
7287 2 2 2 29 708 3842 703
7288 2 2 2 29 702 3842 709
7289 2 2 2 29 709 3841 702
7290 2 2 2 29 409 408 712
7291 2 2 2 29 702 3841 701
7292 2 2 2 29 709 3842 708
7293 2 2 2 29 710 3841 709
7294 2 2 2 29 404 706 403
7295 2 2 2 29 403 706 405
7296 2 2 2 29 710 407 701
7297 2 2 2 29 711 705 407
7298 2 2 2 29 711 407 710
7299 2 2 2 29 408 705 712
7300 2 2 2 29 712 705 711
7301 2 2 2 30 3850 3855 713
7302 2 2 2 30 713 3855 3845
7303 2 2 2 30 713 3845 412
7304 2 2 2 30 413 3845 414
7305 2 2 2 30 719 3853 424
7306 2 2 2 30 3847 3855 3850
7307 2 2 2 30 410 3853 716
7308 2 2 2 30 3851 3853 719
7309 2 2 2 30 411 3853 410
7310 2 2 2 30 3850 3857 3847
7311 2 2 2 30 417 3858 418
7312 2 2 2 30 415 3858 416
7313 2 2 2 30 3849 3853 3851
7314 2 2 2 30 414 3852 415
7315 2 2 2 30 716 3849 715
7316 2 2 2 30 714 3850 713
7317 2 2 2 30 715 3854 714
7318 2 2 2 30 718 3846 421
7319 2 2 2 30 3852 3855 3848
7320 2 2 2 30 3849 3854 715
7321 2 2 2 30 714 3854 3850
7322 2 2 2 30 716 3853 3849
7323 2 2 2 30 423 3851 719
7324 2 2 2 30 717 3847 420
7325 2 2 2 30 3845 3852 414
7326 2 2 2 30 3854 3857 3850
7327 2 2 2 30 3845 3855 3852
7328 2 2 2 30 3852 3858 415
7329 2 2 2 30 3851 3860 3849
7330 2 2 2 30 421 3856 422
7331 2 2 2 30 424 3853 411
7332 2 2 2 30 419 3859 717
7333 2 2 2 30 418 3858 3848
7334 2 2 2 30 3854 3860 3857
7335 2 2 2 30 3847 3859 3855
7336 2 2 2 30 3855 3859 3848
7337 2 2 2 30 3857 3860 3846
7338 2 2 2 30 418 3848 419
7339 2 2 2 30 3849 3860 3854
7340 2 2 2 30 420 3861 718
7341 2 2 2 30 416 3858 417
7342 2 2 2 30 3848 3858 3852
7343 2 2 2 30 717 3859 3847
7344 2 2 2 30 3846 3861 3857
7345 2 2 2 30 3857 3861 3847
7346 2 2 2 30 3846 3856 421
7347 2 2 2 30 3847 3861 420
7348 2 2 2 30 3846 3860 3856
7349 2 2 2 30 3856 3860 3851
7350 2 2 2 30 718 3861 3846
7351 2 2 2 30 422 3856 423
7352 2 2 2 30 3848 3859 419
7353 2 2 2 30 423 3856 3851
7354 2 2 2 30 412 3845 413
7355 2 2 2 31 427 723 428
7356 2 2 2 31 723 425 426
7357 2 2 2 31 427 425 723
7358 2 2 2 31 428 724 722
7359 2 2 2 31 428 723 724
7360 2 2 2 31 726 429 720
7361 2 2 2 31 721 726 720
7362 2 2 2 31 722 725 721
7363 2 2 2 31 721 725 726
7364 2 2 2 31 722 724 725
7365 2 2 2 32 437 3862 728
7366 2 2 2 32 445 3863 730
7367 2 2 2 32 3863 3874 730
7368 2 2 2 32 730 3874 3864
7369 2 2 2 32 3862 3875 728
7370 2 2 2 32 728 3875 3865
7371 2 2 2 32 3865 3875 3869
7372 2 2 2 32 3864 3874 3868
7373 2 2 2 32 3869 3875 3872
7374 2 2 2 32 3868 3874 3873
7375 2 2 2 32 3868 3869 3864
7376 2 2 2 32 3865 3869 3868
7377 2 2 2 32 433 3870 432
7378 2 2 2 32 431 3863 430
7379 2 2 2 32 434 3866 433
7380 2 2 2 32 441 3871 440
7381 2 2 2 32 439 3871 438
7382 2 2 2 32 442 3867 441
7383 2 2 2 32 3866 3870 433
7384 2 2 2 32 3867 3871 441
7385 2 2 2 32 730 3864 444
7386 2 2 2 32 728 3865 436
7387 2 2 2 32 436 3868 727
7388 2 2 2 32 444 3869 729
7389 2 2 2 32 431 3870 3863
7390 2 2 2 32 729 3872 443
7391 2 2 2 32 3866 3874 3870
7392 2 2 2 32 438 3871 3862
7393 2 2 2 32 727 3873 435
7394 2 2 2 32 3867 3875 3871
7395 2 2 2 32 430 3863 445
7396 2 2 2 32 432 3870 431
7397 2 2 2 32 435 3866 434
7398 2 2 2 32 438 3862 437
7399 2 2 2 32 440 3871 439
7400 2 2 2 32 443 3867 442
7401 2 2 2 32 3865 3868 436
7402 2 2 2 32 3864 3869 444
7403 2 2 2 32 3870 3874 3863
7404 2 2 2 32 3871 3875 3862
7405 2 2 2 32 3868 3873 727
7406 2 2 2 32 3869 3872 729
7407 2 2 2 32 3873 3874 3866
7408 2 2 2 32 443 3872 3867
7409 2 2 2 32 3872 3875 3867
7410 2 2 2 32 435 3873 3866
7411 2 2 2 33 734 3877 732
7412 2 2 2 33 733 3877 450
7413 2 2 2 33 732 3876 731
7414 2 2 2 33 735 3877 734
7415 2 2 2 33 449 3876 733
7416 2 2 2 33 3876 3877 733
7417 2 2 2 33 731 3876 449
7418 2 2 2 33 450 3877 735
7419 2 2 2 33 732 3877 3876
7420 2 2 2 33 448 446 731
7421 2 2 2 33 448 731 449
7422 2 2 2 33 732 447 734
7423 2 2 2 34 462 738 740
7424 2 2 2 34 740 738 452
7425 2 2 2 34 739 3880 738
7426 2 2 2 34 451 3880 736
7427 2 2 2 34 3881 3883 3882
7428 2 2 2 34 3881 3885 3883
7429 2 2 2 34 3883 3885 3879
7430 2 2 2 34 461 3884 739
7431 2 2 2 34 460 3884 461
7432 2 2 2 34 3882 3883 3878
7433 2 2 2 34 456 3878 457
7434 2 2 2 34 455 3882 456
7435 2 2 2 34 458 3878 459
7436 2 2 2 34 453 3882 454
7437 2 2 2 34 3880 3885 736
7438 2 2 2 34 739 3884 3880
7439 2 2 2 34 456 3882 3878
7440 2 2 2 34 3881 3882 453
7441 2 2 2 34 737 3879 460
7442 2 2 2 34 736 3885 3881
7443 2 2 2 34 3884 3885 3880
7444 2 2 2 34 459 3883 737
7445 2 2 2 34 736 3881 453
7446 2 2 2 34 3878 3883 459
7447 2 2 2 34 3879 3884 460
7448 2 2 2 34 454 3882 455
7449 2 2 2 34 457 3878 458
7450 2 2 2 34 452 3880 451
7451 2 2 2 34 737 3883 3879
7452 2 2 2 34 3879 3885 3884
7453 2 2 2 34 738 3880 452
7454 2 2 2 37 463 3887 465
7455 2 2 2 37 3888 3896 3887
7456 2 2 2 37 470 3894 744
7457 2 2 2 37 3887 3896 3891
7458 2 2 2 37 474 3889 3886
7459 2 2 2 37 468 3896 742
7460 2 2 2 37 474 3886 475
7461 2 2 2 37 742 3890 469
7462 2 2 2 37 471 3892 472
7463 2 2 2 37 743 3893 3892
7464 2 2 2 37 3887 3895 465
7465 2 2 2 37 473 3889 474
7466 2 2 2 37 3888 3893 3890
7467 2 2 2 37 744 3893 743
7468 2 2 2 37 3887 3897 3888
7469 2 2 2 37 3893 3898 3892
7470 2 2 2 37 3891 3896 468
7471 2 2 2 37 744 3894 3893
7472 2 2 2 37 3893 3894 3890
7473 2 2 2 37 3897 3898 3888
7474 2 2 2 37 3886 3898 3897
7475 2 2 2 37 3891 3895 3887
7476 2 2 2 37 3890 3896 3888
7477 2 2 2 37 3889 3898 3886
7478 2 2 2 37 3892 3898 3889
7479 2 2 2 37 741 3887 463
7480 2 2 2 37 475 3886 464
7481 2 2 2 37 464 3897 741
7482 2 2 2 37 469 3894 470
7483 2 2 2 37 467 3891 468
7484 2 2 2 37 3890 3894 469
7485 2 2 2 37 472 3889 473
7486 2 2 2 37 742 3896 3890
7487 2 2 2 37 3888 3898 3893
7488 2 2 2 37 741 3897 3887
7489 2 2 2 37 465 3895 466
7490 2 2 2 37 466 3895 467
7491 2 2 2 37 3886 3897 464
7492 2 2 2 37 467 3895 3891
7493 2 2 2 37 472 3892 3889
7494 2 2 2 37 743 3892 471
7495 2 2 2 38 481 3899 749
7496 2 2 2 38 746 3900 745
7497 2 2 2 38 481 3900 3899
7498 2 2 2 38 748 3901 747
7499 2 2 2 38 749 3899 748
7500 2 2 2 38 477 3901 746
7501 2 2 2 38 3899 3901 748
7502 2 2 2 38 3899 3900 746
7503 2 2 2 38 479 3900 480
7504 2 2 2 38 745 3900 479
7505 2 2 2 38 747 3901 477
7506 2 2 2 38 746 3901 3899
7507 2 2 2 38 480 3900 481
7508 2 2 2 38 478 476 745
7509 2 2 2 38 478 745 479
7510 2 2 2 41 3911 3914 3909
7511 2 2 2 41 3909 3916 3912
7512 2 2 2 41 3905 3916 3909
7513 2 2 2 41 3904 3912 3906
7514 2 2 2 41 3908 3914 3911
7515 2 2 2 41 3906 3915 3904
7516 2 2 2 41 495 3910 494
7517 2 2 2 41 3909 3914 3905
7518 2 2 2 41 3911 3913 3908
7519 2 2 2 41 3912 3916 3906
7520 2 2 2 41 3903 3913 3911
7521 2 2 2 41 754 3912 497
7522 2 2 2 41 3915 3917 3904
7523 2 2 2 41 3907 3917 3915
7524 2 2 2 41 486 3908 485
7525 2 2 2 41 484 3913 483
7526 2 2 2 41 482 3903 498
7527 2 2 2 41 498 3911 755
7528 2 2 2 41 3910 3917 3907
7529 2 2 2 41 755 3909 754
7530 2 2 2 41 3903 3911 498
7531 2 2 2 41 497 3912 3904
7532 2 2 2 41 755 3911 3909
7533 2 2 2 41 3909 3912 754
7534 2 2 2 41 494 3910 3902
7535 2 2 2 41 3908 3913 485
7536 2 2 2 41 483 3913 3903
7537 2 2 2 41 490 3907 752
7538 2 2 2 41 488 3905 750
7539 2 2 2 41 489 3906 751
7540 2 2 2 41 494 3902 493
7541 2 2 2 41 492 3918 491
7542 2 2 2 41 753 3910 495
7543 2 2 2 41 750 3914 487
7544 2 2 2 41 487 3908 486
7545 2 2 2 41 483 3903 482
7546 2 2 2 41 485 3913 484
7547 2 2 2 41 752 3915 489
7548 2 2 2 41 497 3904 496
7549 2 2 2 41 751 3916 488
7550 2 2 2 41 3907 3918 3910
7551 2 2 2 41 496 3917 753
7552 2 2 2 41 3905 3914 750
7553 2 2 2 41 3910 3918 3902
7554 2 2 2 41 3906 3916 751
7555 2 2 2 41 489 3915 3906
7556 2 2 2 41 487 3914 3908
7557 2 2 2 41 488 3916 3905
7558 2 2 2 41 3907 3915 752
7559 2 2 2 41 493 3902 492
7560 2 2 2 41 491 3918 490
7561 2 2 2 41 753 3917 3910
7562 2 2 2 41 3902 3918 492
7563 2 2 2 41 3904 3917 496
7564 2 2 2 41 490 3918 3907
7565 2 2 2 42 503 3919 500
7566 2 2 2 42 500 3919 757
7567 2 2 2 42 757 3919 756
7568 2 2 2 42 759 3920 3919
7569 2 2 2 42 502 3920 761
7570 2 2 2 42 760 3920 759
7571 2 2 2 42 756 3920 502
7572 2 2 2 42 759 3919 758
7573 2 2 2 42 758 3919 503
7574 2 2 2 42 3919 3920 756
7575 2 2 2 42 761 3920 760
7576 2 2 2 42 757 499 500
7577 2 2 2 42 501 499 757
7578 2 2 2 43 762 3923 504
7579 2 2 2 43 3923 3928 3921
7580 2 2 2 43 3922 3928 3923
7581 2 2 2 43 3921 3928 3925
7582 2 2 2 43 3923 3926 3922
7583 2 2 2 43 764 3921 507
7584 2 2 2 43 762 3926 3923
7585 2 2 2 43 764 3923 3921
7586 2 2 2 43 513 3924 514
7587 2 2 2 43 763 3926 762
7588 2 2 2 43 515 3924 763
7589 2 2 2 43 508 3921 509
7590 2 2 2 43 765 3922 513
7591 2 2 2 43 3922 3924 513
7592 2 2 2 43 506 3923 764
7593 2 2 2 43 3924 3926 763
7594 2 2 2 43 512 3928 765
7595 2 2 2 43 3921 3927 509
7596 2 2 2 43 3922 3926 3924
7597 2 2 2 43 507 3921 508
7598 2 2 2 43 511 3925 512
7599 2 2 2 43 3925 3927 3921
7600 2 2 2 43 765 3928 3922
7601 2 2 2 43 510 3927 511
7602 2 2 2 43 509 3927 510
7603 2 2 2 43 3925 3928 512
7604 2 2 2 43 511 3927 3925
7605 2 2 2 43 514 3924 515
7606 2 2 2 43 505 515 763
7607 2 2 2 43 504 3923 506
7608 2 2 2 46 766 3934 520
7609 2 2 2 46 528 3931 527
7610 2 2 2 46 3931 3932 3930
7611 2 2 2 46 767 3933 526
7612 2 2 2 46 528 3932 3931
7613 2 2 2 46 3930 3934 3931
7614 2 2 2 46 521 3929 766
7615 2 2 2 46 3932 3935 3930
7616 2 2 2 46 3931 3933 767
7617 2 2 2 46 520 3934 3930
7618 2 2 2 46 529 3932 528
7619 2 2 2 46 517 3935 516
7620 2 2 2 46 519 3935 518
7621 2 2 2 46 3931 3934 3933
7622 2 2 2 46 3929 3934 766
7623 2 2 2 46 3933 3934 3929
7624 2 2 2 46 523 3936 522
7625 2 2 2 46 525 3936 524
7626 2 2 2 46 516 3935 3932
7627 2 2 2 46 3930 3935 519
7628 2 2 2 46 527 3931 767
7629 2 2 2 46 518 3935 517
7630 2 2 2 46 520 3930 519
7631 2 2 2 46 516 3932 529
7632 2 2 2 46 3929 3936 3933
7633 2 2 2 46 526 3933 525
7634 2 2 2 46 524 3936 523
7635 2 2 2 46 522 3929 521
7636 2 2 2 46 522 3936 3929
7637 2 2 2 46 3933 3936 525
7638 2 2 2 47 541 3947 772
7639 2 2 2 47 3938 3945 3941
7640 2 2 2 47 3945 3947 3941
7641 2 2 2 47 3941 3948 3938
7642 2 2 2 47 3941 3947 541
7643 2 2 2 47 3943 3946 3940
7644 2 2 2 47 3940 3946 3942
7645 2 2 2 47 771 3940 540
7646 2 2 2 47 533 3938 532
7647 2 2 2 47 531 3948 530
7648 2 2 2 47 543 3941 542
7649 2 2 2 47 3940 3942 3937
7650 2 2 2 47 3937 3944 3940
7651 2 2 2 47 772 3943 771
7652 2 2 2 47 3940 3944 540
7653 2 2 2 47 537 3937 536
7654 2 2 2 47 540 3944 539
7655 2 2 2 47 535 3937 534
7656 2 2 2 47 538 3944 537
7657 2 2 2 47 772 3947 3943
7658 2 2 2 47 771 3943 3940
7659 2 2 2 47 3943 3947 3939
7660 2 2 2 47 3937 3942 534
7661 2 2 2 47 533 3945 3938
7662 2 2 2 47 537 3944 3937
7663 2 2 2 47 534 3942 770
7664 2 2 2 47 768 3945 533
7665 2 2 2 47 3939 3947 3945
7666 2 2 2 47 3938 3948 531
7667 2 2 2 47 543 3948 3941
7668 2 2 2 47 769 3939 768
7669 2 2 2 47 770 3946 769
7670 2 2 2 47 3939 3946 3943
7671 2 2 2 47 542 3941 541
7672 2 2 2 47 530 3948 543
7673 2 2 2 47 532 3938 531
7674 2 2 2 47 769 3946 3939
7675 2 2 2 47 3939 3945 768
7676 2 2 2 47 3942 3946 770
7677 2 2 2 47 536 3937 535
7678 2 2 2 47 539 3944 538
$EndElements
