$MeshFormat
2.2 0 8
$EndMeshFormat
$PhysicalNames
2
2 1 "matrix"
2 2 "inclusions"
$EndPhysicalNames
$Nodes
3240
1 0.9055254573573278 0.7660484291643477 0
2 0.9026102220492571 0.7769282354500863 0
3 0.8946456510715893 0.7848928064277541 0
4 0.8837658447858507 0.7878080417358247 0
5 0.8728860385001123 0.7848928064277541 0
6 0.8526615933517673 0.7753552214402353 0
7 0.8434335498517362 0.7661271779402042 0
8 0.831825422299428 0.7474424556399849 0
9 0.8295925871638276 0.7391094014689989 0
10 0.831825422299428 0.730776347298013 0
11 0.8379256413348135 0.7246761282626275 0
12 0.8462586955057995 0.722443293127027 0
13 0.8545917496767854 0.7246761282626275 0
14 0.8778730770483077 0.7316876507436327 0
15 0.8946456510715892 0.7472040519009413 0
16 0.9026102220492571 0.7551686228786091 0
17 0.8604745996959398 0.9501510048450995 0
18 0.8572559471335917 0.9257259525959198 0
19 0.8606308166715013 0.9131307680115247 0
20 0.8691057293185073 0.8957127453447863 0
21 0.8745236479688487 0.8902948266944447 0
22 0.8819246624808528 0.8883117308327823 0
23 0.8893256769928567 0.8902948266944447 0
24 0.8947435956431983 0.8957127453447862 0
25 0.9042618159332625 0.9131307680115247 0
26 0.9076366854711722 0.9257259525959198 0
27 0.9065912525954407 0.9501510048450995 0
28 0.9035020226199288 0.9616801680699748 0
29 0.8950620893705655 0.9701201013193381 0
30 0.8835329261456902 0.97320933129485 0
31 0.8720037629208149 0.9701201013193381 0
32 0.8635638296714516 0.9616801680699748 0
33 0.6564941520454969 0.1716415126268953 0
34 0.6688439049768585 0.1683324063022131 0
35 0.6811936579082202 0.1716415126268953 0
36 0.6902343045148995 0.1806821592335747 0
37 0.6987182592831538 0.20706342965939 0
38 0.701225786684085 0.2164216493210364 0
39 0.6987182592831538 0.2257798689826828 0
40 0.6918675670224386 0.232630561243398 0
41 0.6825093473607922 0.2351380886443292 0
42 0.6731511276991458 0.232630561243398 0
43 0.6663004354384305 0.2257798689826828 0
44 0.6474535054388175 0.205381665096298 0
45 0.6441443991141352 0.1930319121649364 0
46 0.6474535054388175 0.1806821592335748 0
47 0.2786804230472996 0.5257968300450103 0
48 0.2820652177624251 0.5384290558950495 0
49 0.2786804230472996 0.5510612817450886 0
50 0.269432991912386 0.5603087128800023 0
51 0.2568007660623468 0.5636935075951278 0
52 0.2271333815439865 0.5647004940987617 0
53 0.1974733619390436 0.5650791682489773 0
54 0.1391199766699844 0.5601541916395723 0
55 0.1093788862028149 0.5568372190673401 0
56 0.1015400742804922 0.5547368157431342 0
57 0.0958016656823753 0.5489984071450174 0
58 0.09370126235816949 0.5411595952226946 0
59 0.0958016656823753 0.5333207833003719 0
60 0.1015400742804922 0.5275823747022551 0
61 0.1093788862028149 0.5254819713780492 0
62 0.1683183712520962 0.5155884300750345 0
63 0.2271333815439865 0.5137100793165708 0
64 0.2568007660623468 0.5131646041949712 0
65 0.269432991912386 0.5165493989100968 0
66 0.9449742391638175 0.6286314624538319 0
67 0.956772251155277 0.6317927302392362 0
68 0.9654089953613322 0.6404294744452915 0
69 0.9685702631467366 0.652227486436751 0
70 0.9654089953613323 0.6640254984282105 0
71 0.9536742096801391 0.6825691873180328 0
72 0.9447828391162637 0.6914605578819083 0
73 0.9236613261861324 0.6989487235837176 0
74 0.9183071384025848 0.7003833738764438 0
75 0.9129529506190373 0.6989487235837176 0
76 0.9090334131282158 0.6950291860928962 0
77 0.9075987628354897 0.6896749983093486 0
78 0.9083453249221187 0.6704233492533179 0
79 0.9115997924229583 0.658277511188603 0
80 0.9245394829663027 0.6404294744452915 0
81 0.933176227172358 0.6317927302392363 0
82 0.2755920878267963 0.4200094683713284 0
83 0.2789599250511388 0.4325784080041961 0
84 0.2755920878267963 0.4451473476370638 0
85 0.2574298976807076 0.4643219226357426 0
86 0.2486092846322915 0.4731425356841587 0
87 0.2275934559830077 0.4902215267901737 0
88 0.2180955713161255 0.4927664773164687 0
89 0.2085976866492433 0.4902215267901737 0
90 0.2016447525086561 0.4832685926495865 0
91 0.199099801982361 0.4737707079827043 0
92 0.2016447525086561 0.464272823315822 0
93 0.2156903085816975 0.4402235596335647 0
94 0.2320520037440105 0.4200094683713285 0
95 0.2412531061525357 0.4108083659628032 0
96 0.2538220457854034 0.4074405287384608 0
97 0.2663909854182711 0.4108083659628032 0
98 0.9811226962604507 0.5691336605913858 0
99 0.9728721855878365 0.577384171264 0
100 0.9616017784148511 0.5804040677643714 0
101 0.9503313712418656 0.577384171264 0
102 0.9420808605692514 0.5691336605913859 0
103 0.9390609640688801 0.5578632534184004 0
104 0.9439145367533924 0.5325835817300048 0
105 0.950680686899716 0.5067866459945481 0
106 0.9536021824028061 0.4958834763429314 0
107 0.9615838565513327 0.4879018021944049 0
108 0.9724870262029495 0.4849803066913146 0
109 0.9833901958545662 0.4879018021944049 0
110 0.9913718700030928 0.4958834763429314 0
111 0.994293365506183 0.5067866459945481 0
112 0.9949115861879875 0.5325835817300048 0
113 0.9914954316348951 0.5453328440886535 0
114 0 0 0
115 1 0 0
116 0 1 0
117 1 1 0
118 0.8627738159259397 0.7801240139339947 0
119 0.8376294860755822 0.7567848167900946 0
120 0.8662324133625466 0.7281818895031301 0
121 0.8862593640599485 0.739445851322287 0
122 0.8588652734147657 0.9379384787205096 0
123 0.9071139690333064 0.9379384787205097 0
124 0.6944762818990267 0.1938727944464824 0
125 0.656876970438624 0.2155807670394904 0
126 0.2419670738031667 0.5641970008469448 0
127 0.2123033717415151 0.5648898311738695 0
128 0.1780222335160238 0.5634375093791756 0
129 0.158571105093004 0.561795850509374 0
130 0.1242494314363996 0.5584957053534562 0
131 0.129025381219242 0.5221841242770443 0
132 0.148671876235669 0.5188862771760394 0
133 0.1879233746827263 0.5149623131555466 0
134 0.2075283781133564 0.5143361962360586 0
135 0.2419670738031666 0.513437341755771 0
136 0.9595416025207356 0.6732973428731217 0
137 0.9342220826511981 0.695204640732813 0
138 0.9180696376946305 0.6493534928169473 0
139 0.266510992753752 0.4547346351364032 0
140 0.2381013703076496 0.4816820312371662 0
141 0.2086675305451768 0.4522481914746934 0
142 0.223871156162854 0.4301165140024466 0
143 0.9414877504111362 0.5452234175742026 0
144 0.9472976118265541 0.5196851138622764 0
145 0.9946024758470853 0.5196851138622764 0
146 0.9863090639476729 0.5572332523400196 0
147 0.02 0 0
148 0.04 0 0
149 0.06 0 0
150 0.08 0 0
151 0.1 0 0
152 0.12 0 0
153 0.14 0 0
154 0.16 0 0
155 0.18 0 0
156 0.2 0 0
157 0.22 0 0
158 0.24 0 0
159 0.26 0 0
160 0.28 0 0
161 0.3 0 0
162 0.32 0 0
163 0.34 0 0
164 0.36 0 0
165 0.38 0 0
166 0.4 0 0
167 0.42 0 0
168 0.44 0 0
169 0.46 0 0
170 0.48 0 0
171 0.5 0 0
172 0.52 0 0
173 0.54 0 0
174 0.5600000000000001 0 0
175 0.58 0 0
176 0.6 0 0
177 0.62 0 0
178 0.64 0 0
179 0.66 0 0
180 0.68 0 0
181 0.7 0 0
182 0.72 0 0
183 0.74 0 0
184 0.76 0 0
185 0.78 0 0
186 0.8 0 0
187 0.82 0 0
188 0.84 0 0
189 0.86 0 0
190 0.88 0 0
191 0.9 0 0
192 0.92 0 0
193 0.9399999999999999 0 0
194 0.96 0 0
195 0.98 0 0
196 0 0.98 0
197 0 0.96 0
198 0 0.9399999999999999 0
199 0 0.92 0
200 0 0.9 0
201 0 0.88 0
202 0 0.86 0
203 0 0.84 0
204 0 0.8200000000000001 0
205 0 0.8 0
206 0 0.78 0
207 0 0.76 0
208 0 0.74 0
209 0 0.72 0
210 0 0.7 0
211 0 0.6799999999999999 0
212 0 0.6599999999999999 0
213 0 0.64 0
214 0 0.62 0
215 0 0.6 0
216 0 0.5800000000000001 0
217 0 0.5600000000000001 0
218 0 0.54 0
219 0 0.52 0
220 0 0.5 0
221 0 0.48 0
222 0 0.46 0
223 0 0.4399999999999999 0
224 0 0.42 0
225 0 0.4 0
226 0 0.38 0
227 0 0.36 0
228 0 0.34 0
229 0 0.32 0
230 0 0.3 0
231 0 0.28 0
232 0 0.26 0
233 0 0.24 0
234 0 0.22 0
235 0 0.2 0
236 0 0.18 0
237 0 0.16 0
238 0 0.14 0
239 0 0.12 0
240 0 0.09999999999999998 0
241 0 0.07999999999999996 0
242 0 0.06000000000000005 0
243 0 0.04000000000000004 0
244 0 0.02000000000000002 0
245 1 0.02000000000000002 0
246 1 0.04000000000000004 0
247 1 0.06000000000000005 0
248 1 0.07999999999999996 0
249 1 0.09999999999999998 0
250 1 0.12 0
251 1 0.14 0
252 1 0.16 0
253 1 0.18 0
254 1 0.2 0
255 1 0.22 0
256 1 0.24 0
257 1 0.26 0
258 1 0.28 0
259 1 0.3 0
260 1 0.32 0
261 1 0.34 0
262 1 0.36 0
263 1 0.38 0
264 1 0.4 0
265 1 0.42 0
266 1 0.4399999999999999 0
267 1 0.46 0
268 1 0.48 0
269 1 0.5 0
270 1 0.52 0
271 1 0.54 0
272 1 0.5600000000000001 0
273 1 0.5800000000000001 0
274 1 0.6 0
275 1 0.62 0
276 1 0.64 0
277 1 0.6599999999999999 0
278 1 0.6799999999999999 0
279 1 0.7 0
280 1 0.72 0
281 1 0.74 0
282 1 0.76 0
283 1 0.78 0
284 1 0.8 0
285 1 0.8200000000000001 0
286 1 0.84 0
287 1 0.86 0
288 1 0.88 0
289 1 0.9 0
290 1 0.92 0
291 1 0.9399999999999999 0
292 1 0.96 0
293 1 0.98 0
294 0.98 1 0
295 0.96 1 0
296 0.9399999999999999 1 0
297 0.92 1 0
298 0.9 1 0
299 0.88 1 0
300 0.86 1 0
301 0.84 1 0
302 0.82 1 0
303 0.8 1 0
304 0.78 1 0
305 0.76 1 0
306 0.74 1 0
307 0.72 1 0
308 0.7 1 0
309 0.68 1 0
310 0.66 1 0
311 0.64 1 0
312 0.62 1 0
313 0.6 1 0
314 0.58 1 0
315 0.5600000000000001 1 0
316 0.54 1 0
317 0.52 1 0
318 0.5 1 0
319 0.48 1 0
320 0.46 1 0
321 0.4399999999999999 1 0
322 0.4199999999999999 1 0
323 0.4 1 0
324 0.38 1 0
325 0.36 1 0
326 0.3400000000000001 1 0
327 0.3200000000000001 1 0
328 0.3 1 0
329 0.28 1 0
330 0.26 1 0
331 0.24 1 0
332 0.22 1 0
333 0.2 1 0
334 0.1799999999999999 1 0
335 0.16 1 0
336 0.14 1 0
337 0.12 1 0
338 0.09999999999999998 1 0
339 0.07999999999999996 1 0
340 0.06000000000000005 1 0
341 0.04000000000000004 1 0
342 0.02000000000000002 1 0
343 0.8283464676580539 0.7199790952212675 0
344 0.9260517992763794 0.5518783091201414 0
345 0.6616003344419736 0.2363545743922222 0
346 0.293405836420282 0.5452709926919421 0
347 0.6343261000811271 0.2039400664992711 0
348 0.8209633128808984 0.7463180448517205 0
349 0.6901846335619441 0.2433008800695812 0
350 0.2691800864259719 0.5734138350927043 0
351 0.5326015691482482 0.9810240027365004 0
352 0.2881607323203257 0.4206457710742147 0
353 0.2611857567348205 0.3944591881897465 0
354 0.2050916154133308 0.5789820771023809 0
355 0.4271689625552281 0.9810661971061471 0
356 0.7118036906049524 0.2072635434506001 0
357 0.4099215349300676 0.01728993964116055 0
358 0.3289548744973043 0.9836432726594833 0
359 0.8515513372040111 0.9013020532689886 0
360 0.9393837353061173 0.4991751342769231 0
361 0.2305651579242373 0.9840777106179083 0
362 0.2099617794101334 0.01669555465976752 0
363 0.3110948263976281 0.01681262849568377 0
364 0.632004715211147 0.9834259141295718 0
365 0.9808377970525703 0.3114731153804755 0
366 0.0173205080756888 0.79 0
367 0.01822914804120057 0.2098500224231884 0
368 0.2293590715498372 0.4055228391311224 0
369 0.9057301087443992 0.6486564524326601 0
370 0.4863422621607094 0.01569900898411331 0
371 0.7089227841348169 0.9830910577115932 0
372 0.1481708217944849 0.5783693206836713 0
373 0.1962726577807022 0.4530722625188269 0
374 0.9817418076638862 0.1512121272157433 0
375 0.1514397193889579 0.9830803785305174 0
376 0.9831728554362178 0.2306718685142053 0
377 0.01579328118688839 0.2917909188348929 0
378 0.8286024286820908 0.0178389915724157 0
379 0.8411826362792567 0.7803702882885551 0
380 0.1017159714333821 0.5665222195339172 0
381 0.693906702535855 0.1666588213377336 0
382 0.641264650506432 0.1691735055222123 0
383 0.01567467191946464 0.7082510317477249 0
384 0.1029196009712259 0.5172684777909504 0
385 0.9826794919243111 0.39 0
386 0.1308402075392947 0.01626183907567363 0
387 0.8749967648166723 0.8810699853745154 0
388 0.016848354746549 0.8691822064449668 0
389 0.01810167761747927 0.3700623086776474 0
390 0.0173205080756888 0.13 0
391 0.5503900405233157 0.01716253610153839 0
392 0.8900000000000001 0.0173205080756888 0
393 0.8528891821737451 0.7132539677700076 0
394 0.7699958790146504 0.01678881908069807 0
395 0.8982509393967932 0.8861992516554242 0
396 0.6703973231418457 0.01949006004287634 0
397 0.9325065487950039 0.7082483186327493 0
398 0.01576753584752888 0.4268170507707105 0
399 0.0165814547298001 0.6494800534674527 0
400 0.6101027413732787 0.01681017790712569 0
401 0.7707543527037206 0.9831150176608681 0
402 0.09000000000000008 0.9832799159400369 0
403 0.9077658982065718 0.787756088736532 0
404 0.2815998700573307 0.5114330024552868 0
405 0.08594412585754485 0.5349781160806784 0
406 0.9822921879489224 0.09063592125047676 0
407 0.8446008277656785 0.9323779204206222 0
408 0.8647890924454662 0.7907218159197642 0
409 0.9120811153361255 0.7085371318866363 0
410 0.0161191943337512 0.06954441672177886 0
411 0.1359926093601884 0.5035208369469917 0
412 0.9134811658875774 0.7556369400317975 0
413 0.8997157505741845 0.6969993634160789 0
414 0.9168580471283591 0.9138063587932346 0
415 0.9198380748127857 0.9451192512647002 0
416 0.01674614425673171 0.5699938646841518 0
417 0.9640727183922978 0.4758176806971598 0
418 0.01732050807568869 0.9299999999999999 0
419 0.9378927126184421 0.5816021778016413 0
420 0.9225306357296327 0.6275337980373991 0
421 0.9850642740146225 0.8532387509912278 0
422 0.01734348805305319 0.4902532131936023 0
423 0.06866734534422581 0.01747202604836862 0
424 0.9826794919243111 0.27 0
425 0.01894013374342002 0.6092616600176002 0
426 0.3700000000000001 0.01668692922873294 0
427 0.2482118352082135 0.01651075202879759 0
428 0.9826794919243111 0.35 0
429 0.4700737352363032 0.9832959849991205 0
430 0.2892621734950254 0.9822989048153241 0
431 0.01678910559232921 0.248261378725854 0
432 0.01738944907914591 0.8299607375073534 0
433 0.01732050807568875 0.1700000000000002 0
434 0.4534159451882687 0.01530794089260246 0
435 0.1702414497829652 0.01718110697849817 0
436 0.7282382456830475 0.01836922520855117 0
437 0.01701149546427766 0.7521442356932947 0
438 0.6702937478334839 0.9836195082534392 0
439 0.5886568906645746 0.9817876362342715 0
440 0.3927573176337864 0.9851362454920932 0
441 0.1887086279463613 0.9816722489350271 0
442 0.981852803760039 0.1899971013747717 0
443 0.01732050807568875 0.33 0
444 0.9304361568885375 0.01568144522922482 0
445 0.2805051171709155 0.4563223750836341 0
446 0.2083169094619438 0.4269654085676574 0
447 0.9830500980080701 0.8094612106638479 0
448 0.2363481772320984 0.5784523474950565 0
449 0.851880758076327 0.9607637993541447 0
450 0.982176667031104 0.4298295523717316 0
451 0.9346300432929782 0.5232554991414805 0
452 0.9820141882211616 0.8877398544370548 0
453 0.1909089923906352 0.4814485333961108 0
454 0.01730886483169947 0.5310865445985221 0
455 0.9826794919243111 0.7699999999999998 0
456 0.9565063627248166 0.69439074473216 0
457 0.9818587061051386 0.9323621870281935 0
458 0.983748127966226 0.05016385535788892 0
459 0.05036138328797668 0.9828103011840705 0
460 0.9529118536869292 0.6197155729182419 0
461 0.8094699181832281 0.984694011653092 0
462 0.9511423231496726 0.9806899585237098 0
463 0.981702595765128 0.7270959959553667 0
464 0.258992690387528 0.4759892372590938 0
465 0.9711821570986034 0.5902708879231323 0
466 0.8768251237983735 0.7182815066811934 0
467 0.8659728594654328 0.702582003548148 0
468 0.8451366764064041 0.6988593966267598 0
469 0.8603256867059694 0.6821134611456626 0
470 0.8404894247254671 0.6781620054018743 0
471 0.8542001340317551 0.6631082319764983 0
472 0.834652847189611 0.6588432743956917 0
473 0.8481774557950177 0.6439993686875846 0
474 0.8286300018578883 0.6397364418087761 0
475 0.8151695464597761 0.6545106314543037 0
476 0.8090994167409511 0.6354552098719696 0
477 0.7956310807076918 0.6502379241971589 0
478 0.7895624438109516 0.6311808933564369 0
479 0.7760930800459732 0.6459647170566273 0
480 0.770024475248859 0.6269076518657483 0
481 0.7565549052385607 0.641691698218227 0
482 0.7504863116933771 0.6226346209090082 0
483 0.7370167082252593 0.6374187033849765 0
484 0.7309481119364636 0.6183616290395343 0
485 0.717478498404754 0.6331457223761287 0
486 0.7114099040096484 0.6140886459870513 0
487 0.697940289173715 0.6288727407311673 0
488 0.6918716948194306 0.6098156642980394 0
489 0.6784020797218404 0.6245997593245365 0
490 0.6723334853818392 0.6055426828759942 0
491 0.6588638702417978 0.6203267779483037 0
492 0.652795275898324 0.601269701503509 0
493 0.6393256607455218 0.6160537965895897 0
494 0.633257066404449 0.5969967201422035 0
495 0.619787451249993 0.611780815230069 0
496 0.6137188569089713 0.5927237387826263 0
497 0.7248795191554944 0.5993045509084696 0
498 0.6258560455909916 0.630837891677535 0
499 0.6063178360952084 0.6265649103182891 0
500 0.646726681559298 0.5822126250539139 0
501 0.6123864304361988 0.6456219867657638 0
502 0.5928482209403462 0.6413490054065927 0
503 0.5989168152813491 0.6604060818540538 0
504 0.5793786057854873 0.6561331004948928 0
505 0.5854472001264905 0.6751901769423533 0
506 0.5659089906306266 0.6709171955831945 0
507 0.5598403962896228 0.6518601191357345 0
508 0.5463707811347622 0.6666442142240363 0
509 0.5524393754757659 0.6857012906714963 0
510 0.5329011659799016 0.681428309312338 0
511 0.5389697603209053 0.7004853857597981 0
512 0.5194315508250409 0.6962124044006398 0
513 0.5403021867937584 0.6475871377765762 0
514 0.5255001451660447 0.7152694808480999 0
515 0.5059619356701803 0.7109964994889416 0
516 0.5120305300111841 0.7300535759364017 0
517 0.4924923205153198 0.7257805945772435 0
518 0.5315687395070485 0.73432655729556 0
519 0.4864237261743159 0.7067235181297835 0
520 0.4729541110194553 0.7215076132180853 0
521 0.4790227053604592 0.7405646896655453 0
522 0.4594844958645947 0.7362917083063872 0
523 0.4534159015235909 0.7172346318589271 0
524 0.4399462863687303 0.732018726947229 0
525 0.4460148807097342 0.7510758033946892 0
526 0.4264766712138699 0.7468028220355309 0
527 0.7235470930162771 0.6522027985316783 0
528 0.4325452655548738 0.765859898482991 0
529 0.4130070560590094 0.7615869171238328 0
530 0.4069384617180055 0.7425298406763727 0
531 0.393468846563145 0.7573139357646747 0
532 0.3995374409041489 0.7763710122121347 0
533 0.3799992314082844 0.7720980308529766 0
534 0.3739306370672806 0.7530409544055165 0
535 0.3604610219124199 0.7678250494938182 0
536 0.3543924275714161 0.7487679730463583 0
537 0.3409228124165555 0.76355206813466 0
538 0.7834940886291989 0.6121235586267034 0
539 0.3469914067575592 0.7826091445821202 0
540 0.3274531972616949 0.778336163222962 0
541 0.3213846029206911 0.7592790867755018 0
542 0.3079149877658305 0.7740631818638037 0
543 0.3018463934248267 0.7550061054163437 0
544 0.2883767782699661 0.7697902005046455 0
545 0.2823081839289623 0.7507331240571855 0
546 0.2688385687741017 0.7655172191454873 0
547 0.2749071631151055 0.7845742955929473 0
548 0.2553689536192411 0.7803013142337891 0
549 0.2493003592782373 0.7612442377863291 0
550 0.2358307441233767 0.776028332874631 0
551 0.2297621497823729 0.756971256427171 0
552 0.2162925346275122 0.7717553515154729 0
553 0.2102239402865084 0.7526982750680129 0
554 0.2223611289685161 0.7908124279629329 0
555 0.2028229194726516 0.7865394466037747 0
556 0.3335217916026986 0.797393239670422 0
557 0.6049854096223555 0.6794631583015112 0
558 0.2088915138136557 0.8055965230512347 0
559 0.2957777990838227 0.7359490289688837 0
560 0.1893533043177912 0.8013235416920766 0
561 0.1954218986587952 0.8203806181395366 0
562 0.1758836891629307 0.8161076367803788 0
563 0.1698150948219266 0.7970505603329188 0
564 0.2236935554413689 0.7379141799797109 0
565 0.2041553459455044 0.7336411986205529 0
566 0.2149601081546595 0.8246535994986945 0
567 0.1819522835039347 0.8351647132278386 0
568 0.1624140740080703 0.8308917318686808 0
569 0.217624961100365 0.7188571035322507 0
570 0.1980867516045006 0.7145841221730929 0
571 0.8421071740618509 0.6249439810376627 0
572 0.1684826683490743 0.8499488083161407 0
573 0.1489444588532099 0.8456758269569828 0
574 0.2115563667593611 0.6998000270847907 0
575 0.1920181572634965 0.6955270457256328 0
576 0.1785485421086361 0.7103111408139349 0
577 0.172479947767632 0.6912540643664747 0
578 0.1590103326127716 0.7060381594547768 0
579 0.1529417382717676 0.6869810830073168 0
580 0.1394721231169072 0.7017651780956187 0
581 0.1334035287759032 0.6827081016481588 0
582 0.155013053194214 0.8647329034044428 0
583 0.174551262690078 0.8690058847636006 0
584 0.1354748436983497 0.8604599220452847 0
585 0.1294062493573453 0.8414028455978249 0
586 0.1415434380393535 0.8795169984927447 0
587 0.1220052285434892 0.8752440171335866 0
588 0.2054877724183569 0.6807429506373308 0
589 0.2250259819142215 0.6850159319964888 0
590 0.1199339136210428 0.6974921967364607 0
591 0.1260025079620467 0.7165492731839206 0
592 0.1138653192800389 0.6784351202890004 0
593 0.7821616708309074 0.6650217972145391 0
594 0.128073822884493 0.8943010935810465 0
595 0.1085356133886285 0.890028112221888 0
596 0.1468731439307636 0.667924006559857 0
597 0.1064642984661822 0.7122762918247625 0
598 0.112532892807186 0.7313333682722224 0
599 0.2189573875732174 0.665958855549029 0
600 0.238495597069082 0.670231836908187 0
601 0.1476120323803574 0.8985740749402048 0
602 0.3530600010985629 0.8016662210295802 0
603 0.3395903859437024 0.816450316117882 0
604 0.3591285954395666 0.8207232974770404 0
605 0.345658980284706 0.8355073925653421 0
606 0.3651971897805703 0.8397803739245007 0
607 0.3517275746257095 0.8545644690128021 0
608 0.3712657841215737 0.8588374503719607 0
609 0.3321893651298451 0.8502914876536437 0
610 0.3382579594708488 0.8693485641011038 0
611 0.3187197499749844 0.8650755827419455 0
612 0.3847353992764345 0.8440533552836589 0
613 0.3908039936174381 0.8631104317311191 0
614 0.4042736087722989 0.8483263366428173 0
615 0.4103422031133025 0.8673834130902778 0
616 0.4238118182681633 0.8525993180019756 0
617 0.4298804126091667 0.871656394449436 0
618 0.4433500277640277 0.856872299361134 0
619 0.4494186221050311 0.8759293758085943 0
620 0.462888237259892 0.8611452807202926 0
621 0.4689568316008958 0.8802023571677527 0
622 0.4824264467557565 0.8654182620794511 0
623 0.4884950410967602 0.8844753385269111 0
624 0.5019646562516208 0.8696912434386092 0
625 0.4958960619106169 0.8506341669911492 0
626 0.5154342714064813 0.8549071483503072 0
627 0.5215028657474853 0.8739642247977674 0
628 0.5349724809023458 0.8591801297094654 0
629 0.5410410752433494 0.8782372061569252 0
630 0.55451069039821 0.8634531110686234 0
631 0.5484420960572066 0.8443960346211633 0
632 0.5679803055530709 0.848669015980322 0
633 0.5740488998940738 0.8677260924277824 0
634 0.587518515048935 0.8529419973394808 0
635 0.5814499207079317 0.83388492089202 0
636 0.6009881302037959 0.8381579022511787 0
637 0.6070567245447994 0.8572149786986396 0
638 0.6205263396996603 0.8424308836103369 0
639 0.6144577453586566 0.8233738071628769 0
640 0.633995954854521 0.8276467885220351 0
641 0.6400645491955244 0.8467038649694955 0
642 0.6535341643503852 0.8319197698811935 0
643 0.6474655700093817 0.8128626934337334 0
644 0.667003779505246 0.817135674792892 0
645 0.6730723738462494 0.836192751240352 0
646 0.6865419890011103 0.8214086561520502 0
647 0.6926105833421138 0.8404657325995105 0
648 0.6609351851642424 0.7980785983454318 0
649 0.7060801984969748 0.8256816375112086 0
650 0.7121487928379784 0.8447387139586687 0
651 0.7256184079928392 0.8299546188703668 0
652 0.7195498136518355 0.8108975424229068 0
653 0.7316870023338429 0.8490116953178271 0
654 0.6986791776831173 0.8595228090469709 0
655 0.7451566174887035 0.8342276002295251 0
656 0.7512252118297073 0.8532846766769854 0
657 0.7646948269845679 0.8385005815886837 0
658 0.3968725879584417 0.8821675081785794 0
659 0.3247883443159882 0.8841326591894056 0
660 0.3052501348201238 0.8798596778302473 0
661 0.7707634213255716 0.8575576580361438 0
662 0.7572938061707108 0.8723417531244455 0
663 0.7842330364804323 0.8427735629478421 0
664 0.7781644421394288 0.823716486500382 0
665 0.455487216446035 0.8949864522560544 0
666 0.7768320156665752 0.8766147344836039 0
667 0.7633624005117146 0.8913988295719056 0
668 0.5093656770654775 0.8358500719028472 0
669 0.4338776920277265 0.7129616504997689 0
670 0.6649324645801653 0.6393838543986103 0
671 0.6413969756683782 0.7938056169862733 0
672 0.6548665908232388 0.7790215218979717 0
673 0.6353283813273746 0.7747485405388131 0
674 0.6487979964822354 0.7599644454505114 0
675 0.6683362059780996 0.7642374268096701 0
676 0.6622676116370961 0.7451803503622099 0
677 0.6818058211329605 0.7494533317213683 0
678 0.6757372267919569 0.7303962552739082 0
679 0.6952754362878213 0.7346692366330667 0
680 0.629259786986371 0.7556914640913531 0
681 0.6157901718315102 0.7704755591796548 0
682 0.6097215774905065 0.7514184827321946 0
683 0.5962519623356459 0.7662025778204963 0
684 0.5180991243521881 0.7491106523838618 0
685 0.447347307182587 0.6981775554114671 0
686 0.4278090976867226 0.693904574052309 0
687 0.4412787128415832 0.6791204789640071 0
688 0.4217405033457187 0.674847497604849 0
689 0.4352101185005792 0.660063402516547 0
690 0.4156719090047148 0.6557904211573889 0
691 0.4291415241595753 0.641006326069087 0
692 0.4096033146637109 0.6367333447099289 0
693 0.4230729298185713 0.621949249621627 0
694 0.3961336995088504 0.6515174397982307 0
695 0.4035347203227069 0.6176762682624689 0
696 0.4170043354775674 0.602892173174167 0
697 0.4365425449734318 0.6071651545333251 0
698 0.4304739506324279 0.5881080780858651 0
699 0.4500121601282923 0.5923810594450232 0
700 0.4439435657872883 0.5733239829975632 0
701 0.4634817752831528 0.5775969643567213 0
702 0.4574131809421488 0.5585398879092612 0
703 0.4378749714462843 0.5542669065501032 0
704 0.4513445866011448 0.5394828114618012 0
705 0.4708827960970091 0.5437557928209591 0
706 0.4648142017560052 0.5246987163734993 0
707 0.4452759922601408 0.5204257350143412 0
708 0.4587456074150013 0.5056416399260393 0
709 0.4782838169108657 0.5099146212851974 0
710 0.4722152225698618 0.4908575448377374 0
711 0.4917534320657261 0.4951305261968953 0
712 0.4856848377247222 0.4760734497494354 0
713 0.5052230472205866 0.4803464311085935 0
714 0.4991544528795826 0.4612893546611335 0
715 0.5186926623754471 0.4655623360202915 0
716 0.512624068034443 0.4465052595728315 0
717 0.5321622775303075 0.4507782409319896 0
718 0.5260936831893036 0.4317211644845296 0
719 0.545631892685168 0.4359941458436877 0
720 0.5065554736934391 0.4274481831253715 0
721 0.5200250888482997 0.4126640880370696 0
722 0.5004868793524352 0.4083911066779115 0
723 0.5139564945072957 0.3936070115896096 0
724 0.4944182850114313 0.3893340302304514 0
725 0.5078879001662918 0.3745499351421496 0
726 0.4883496906704274 0.3702769537829915 0
727 0.5018193058252879 0.3554928586946896 0
728 0.4822810963294235 0.3512198773355314 0
729 0.495750711484284 0.3364357822472296 0
730 0.4762125019884196 0.3321628008880714 0
731 0.4896821171432801 0.3173787057997696 0
732 0.4701439076474158 0.3131057244406112 0
733 0.4836135228022764 0.2983216293523095 0
734 0.464075313306412 0.2940486479931512 0
735 0.4775449284612727 0.2792645529048495 0
736 0.4580067189654082 0.2749915715456911 0
737 0.4714763341202689 0.2602074764573894 0
738 0.4519381246244045 0.2559344950982311 0
739 0.4384685094695439 0.2707185901865328 0
740 0.4323999151285401 0.2516615137390728 0
741 0.4654077397792651 0.2411504000099293 0
742 0.4189302999736795 0.2664456088273747 0
743 0.4128617056326757 0.2473885323799145 0
744 0.3993920904778151 0.2621726274682165 0
745 0.3933234961368113 0.2431155510207563 0
746 0.3798538809819506 0.2578996461090583 0
747 0.3737852866409469 0.2388425696615981 0
748 0.3603156714860862 0.2536266647499 0
749 0.3542470771450825 0.2345695883024398 0
750 0.3407774619902219 0.2493536833907416 0
751 0.334708867649218 0.2302966069432817 0
752 0.3212392524943575 0.2450807020315835 0
753 0.3151706581533537 0.2260236255841233 0
754 0.301701042998493 0.2408077206724252 0
755 0.2956324486574893 0.2217506442249649 0
756 0.2821628335026286 0.2365347393132669 0
757 0.2760942391616249 0.2174776628658068 0
758 0.2626246240067641 0.2322617579541086 0
759 0.2565560296657604 0.2132046815066483 0
760 0.2430864145108996 0.2279887765949505 0
761 0.2370178201698959 0.2089317001474899 0
762 0.2235482050150353 0.2237157952357921 0
763 0.2174796106740316 0.2046587187883319 0
764 0.3872549017958075 0.2240584745732961 0
765 0.5213575153211524 0.3597658400538477 0
766 0.3286402733082142 0.2112395304958213 0
767 0.4748800755155669 0.3850610488712933 0
768 0.204009995519171 0.2194428138766336 0
769 0.1979414011781673 0.2003857374291736 0
770 0.3859224753229544 0.2769567225565187 0
771 0.2700256448206209 0.1984205864183455 0
772 0.2100785898601746 0.2384998903240937 0
773 0.1905403803643103 0.2342269089649353 0
774 0.4392073979191369 0.5013686585668812 0
775 0.5031517322981408 0.3025946107114678 0
776 0.211411016333028 0.1856016423408717 0
777 0.1918728068371636 0.1813286609817136 0
778 0.1966089747053137 0.2532839854123954 0
779 0.1770707652094496 0.2490110040532369 0
780 0.1831393595504529 0.268068080500697 0
781 0.5517004870261719 0.4550512222911477 0
782 0.5651701021810325 0.4402671272028458 0
783 0.4849459492751296 0.2454233813690875 0
784 0.4788773549341259 0.2263663049216276 0
785 0.3273078468353613 0.2641377784790435 0
786 0.2053424219920243 0.1665445658934117 0
787 0.1858042124961598 0.1622715845342534 0
788 0.1723345973412992 0.1770556796225554 0
789 0.1662660030002954 0.1579986031750954 0
790 0.1636011500545892 0.2637950991415386 0
791 0.1696697443955922 0.2828521755889987 0
792 0.2686932183477675 0.2513188344015693 0
793 0.5712386965220364 0.4593242036503059 0
794 0.5847083116768969 0.444540108562004 0
795 0.1527963878454348 0.1727826982633973 0
796 0.1467277935044309 0.1537256218159373 0
797 0.4984155644299902 0.2306392862807858 0
798 0.4923469700889866 0.2115822098333258 0
799 0.5907769060179008 0.463597185009464 0
800 0.6042465211727613 0.4488130899211621 0
801 0.5981779268317574 0.4297560134737021 0
802 0.6177161363276219 0.4340289948328603 0
803 0.611647541986618 0.4149719183854003 0
804 0.6311857514824823 0.4192448997445584 0
805 0.6372543458234863 0.4383019761920185 0
806 0.6507239609783468 0.4235178811037166 0
807 0.6567925553193507 0.4425749575511767 0
808 0.6702621704742112 0.4277908624628749 0
809 0.6763307648152151 0.4468479389103349 0
810 0.6898003799700756 0.4320638438220331 0
811 0.6958689743110795 0.4511209202694931 0
812 0.7093385894659401 0.4363368251811912 0
813 0.715407183806944 0.4553939016286513 0
814 0.7288767989618046 0.4406098065403494 0
815 0.7228082046208001 0.4215527300928892 0
816 0.742346414116665 0.4258257114520476 0
817 0.7484150084576691 0.4448827878995076 0
818 0.7618846236125295 0.4300986928112057 0
819 0.7558160292715255 0.4110416163637458 0
820 0.7753542387673901 0.4153145977229039 0
821 0.769285644426386 0.3962575212754439 0
822 0.7888238539222505 0.400530502634602 0
823 0.7827552595812468 0.3814734261871421 0
824 0.7679532179535333 0.4491557692586657 0
825 0.8022934690771113 0.3857464075463003 0
826 0.7962248747361075 0.3666893310988403 0
827 0.8157630842319719 0.3709623124579984 0
828 0.8096944898909681 0.3519052360105384 0
829 0.6251171571414785 0.4001878232970984 0
830 0.8083620634181151 0.4048034839937603 0
831 0.7632170500853819 0.3772004448279838 0
832 0.8292326993868324 0.3561782173696966 0
833 0.8231641050458286 0.3371211409222366 0
834 0.8036258955499642 0.3328481595630784 0
835 0.8170955107048249 0.3180640644747765 0
836 0.8366337202006893 0.3223370458339349 0
837 0.8305651258596856 0.3032799693864747 0
838 0.8110269163638212 0.2990069880273165 0
839 0.8244965315186819 0.2842228929390147 0
840 0.8440347410145463 0.288495874298173 0
841 0.8379661466735425 0.269438797850713 0
842 0.5112916415615905 0.4994035075560533 0
843 0.1892079538914562 0.2871251569481573 0
844 0.1757383387365951 0.3019092520364587 0
845 0.1562001292407312 0.2976362706773003 0
846 0.1622687235817341 0.3166933471247601 0
847 0.1992738276510204 0.1474874894459516 0
848 0.8575043561694069 0.2737117792098713 0
849 0.8514357618284033 0.2546547027624112 0
850 0.8318975523325388 0.2503817214032528 0
851 0.8453671674873994 0.2355976263149512 0
852 0.8258289579915351 0.2313246449557927 0
853 0.8392985731463957 0.2165405498674911 0
854 0.8197603636505315 0.2122675685083327 0
855 0.8332299788053918 0.197483473420031 0
856 0.8136917693095277 0.1932104920608726 0
857 0.8271613844643884 0.1784263969725709 0
858 0.8466995939602523 0.1826993783317289 0
859 0.8406309996192489 0.1636423018842691 0
860 0.8210927901233847 0.1593693205251107 0
861 0.8345624052782454 0.1445852254368091 0
862 0.8150241957823813 0.1403122440776507 0
863 0.8541006147741098 0.1488582067959674 0
864 0.1427305140858699 0.3124203657656014 0
865 0.148799108426873 0.3314774422130614 0
866 0.7019375686520835 0.4701779967169533 0
867 0.5118851795848509 0.2158551911924841 0
868 0.5058165852438472 0.196798114745024 0
869 0.4862783757479828 0.1925251333858658 0
870 0.4997479909028434 0.1777410382975639 0
871 0.4802097814069791 0.1734680569384058 0
872 0.4936793965618397 0.158683961850104 0
873 0.4741411870659753 0.1544109804909458 0
874 0.5132176060577041 0.1629569432092622 0
875 0.5071490117167002 0.1438998667618023 0
876 0.5266872212125647 0.1481728481209603 0
877 0.4566742924925553 0.3278898195289133 0
878 0.3974661259817029 0.5986191918150089 0
879 0.8649053769832634 0.2398706076741097 0
880 0.8480320204331062 0.1298011303485073 0
881 0.8675702299289705 0.1340741117076657 0
882 0.1332581783495704 0.1685097169042392 0
883 0.1271895840085664 0.1494526404567792 0
884 0.140659199163427 0.1346685453684772 0
885 0.1211209896675625 0.1303955640093192 0
886 0.1952765482324593 0.3061822333956175 0
887 0.5206186268715609 0.1291157716735003 0
888 0.5401568363674253 0.1333887530326583 0
889 0.1292608989310087 0.3272044608539025 0
890 0.1353294932720117 0.3462615373013627 0
891 0.1231923045900064 0.3081473844064428 0
892 0.8062907484956707 0.2270516635966344 0
893 0.5462254307084291 0.1524458294801184 0
894 0.5596950458632898 0.1376617343918164 0
895 0.5536264515222856 0.1186046579443563 0
896 0.57316466101815 0.1228776393035144 0
897 0.2188120371468849 0.1517604708051097 0
898 0.212743442805881 0.1327033943576498 0
899 0.2322816523017456 0.136976375716808 0
900 0.2262130579607415 0.1179192992693481 0
901 0.2457512674566062 0.1221922806285062 0
902 0.206674848464877 0.1136463179101899 0
903 0.5179537739258546 0.2349122676399441 0
904 0.5314233890807153 0.2201281725516424 0
905 0.5374919834217191 0.2391852489991024 0
906 0.5773072908630402 0.4783812800977659 0
907 0.5968455003589046 0.482654261456924 0
908 0.583375885204044 0.4974383565452259 0
909 0.1157912837761475 0.3419885559422038 0
910 0.1218598781171507 0.361045632389664 0
911 0.8615016355879672 0.1150170352602056 0
912 0.8810398450838315 0.1192900166193642 0
913 0.8871084394248347 0.1383470930668244 0
914 0.1345906048224231 0.1156114689210172 0
915 0.1150523953265586 0.111338487561859 0
916 0.1137199688537059 0.1642367355450812 0
917 0.1197885631947099 0.1832938119925412 0
918 0.6029140946999085 0.501711337904384 0
919 0.605578947645614 0.3959148419379402 0
920 0.6190485628004746 0.3811307468496384 0
921 0.4606715719111147 0.1691950755792475 0
922 0.4546029775701109 0.1501379991317874 0
923 0.1413980876130149 0.3653186137488229 0
924 0.1279284724581539 0.3801027088371243 0
925 0.1083902629622897 0.3758297274779655 0
926 0.114458857303293 0.3948868039254257 0
927 0.5670960666771461 0.1038205628560545 0
928 0.5866342761730104 0.1080935442152126 0
929 0.9005780545796958 0.1235629979785231 0
930 0.8945094602386929 0.1045059215310633 0
931 0.1002503536988456 0.1790208306333833 0
932 0.1063189480398496 0.1980779070808433 0
933 0.0949206478074287 0.3906138225662671 0
934 0.1009892421484322 0.4096708990137273 0
935 0.589444479545048 0.516495432992686 0
936 0.8419634260921028 0.1107440539010473 0
937 0.8015545806275204 0.1550963391659523 0
938 0.795485986286517 0.1360392627184922 0
939 0.7820163711316559 0.1508233578067938 0
940 0.7759477767906525 0.1317662813593337 0
941 0.4257377827642764 0.5161527536551831 0
942 0.4196691884232724 0.4970956772077231 0
943 0.4061995732684119 0.511879772296025 0
944 0.400130978927408 0.492822695848565 0
945 0.4136005940822685 0.4780386007602631 0
946 0.3940623845864041 0.473765619401105 0
947 0.4075319997412646 0.4589815243128031 0
948 0.3879937902454001 0.454708542953645 0
949 0.4014634054002606 0.4399244478653431 0
950 0.3819251959043962 0.435651466506185 0
951 0.3953948110592567 0.4208673714178831 0
952 0.3758566015633922 0.416594390058725 0
953 0.3893262167182527 0.401810294970423 0
954 0.3697880072223883 0.3975373136112649 0
955 0.3832576223772488 0.3827532185229631 0
956 0.3637194128813844 0.3784802371638049 0
957 0.3866613637725475 0.5076067909368669 0
958 0.3684555807495357 0.4504355615944869 0
959 0.3771890280362449 0.363696142075503 0
960 0.3576508185403805 0.3594231607163449 0
961 0.6641935761332072 0.4087337860154145 0
962 0.4695503696241567 0.5966540408041813 0
963 0.4830199847790172 0.5818699457158794 0
964 0.5475578571812817 0.09954758149689635 0
965 0.8353012937278359 0.3752352938171569 0
966 0.3839965108268424 0.6134032869033108 0
967 0.3779279164858385 0.5943462104558508 0
968 0.364458301330978 0.6091303055441527 0
969 0.5995103533046102 0.3768577654904802 0
970 0.6129799684594707 0.3620736704021784 0
971 0.6325181779553352 0.3663466517613365 0
972 0.6264495836143311 0.3472895753138764 0
973 0.6459877931101954 0.351562556673034 0
974 0.6069113741184667 0.3430165939547183 0
975 0.6203809892733272 0.3282324988664164 0
976 0.6008427797774629 0.3239595175072584 0
977 0.6143123949323234 0.3091754224189565 0
978 0.6336965689857439 0.3141527309191158 0
979 0.4547483279964437 0.6643363838757051 0
980 0.7544836027986729 0.4639398643469676 0
981 0.7740218122945374 0.4682128457061258 0
982 0.7605521971396767 0.4829969407944276 0
983 0.7800904066355413 0.4872699221535858 0
984 0.7666207914806806 0.5020540172418876 0
985 0.7861590009765451 0.5063269986010458 0
986 0.7996286161314057 0.4915429035127439 0
987 0.8056972104724096 0.5105999799602039 0
988 0.8191668256272702 0.4958158848719021 0
989 0.8252354199682741 0.514872961319362 0
990 0.8387050351231345 0.5000888662310601 0
991 0.8447736294641384 0.5191459426785201 0
992 0.7726893858216846 0.5211110936893477 0
993 0.7531511763258201 0.5168381123301896 0
994 0.831304014309278 0.533930037766822 0
995 0.8508422238051423 0.5382030191259801 0
996 0.8635729505104107 0.2927688556573314 0
997 0.4411333624152502 0.164922094220089 0
998 0.4350647680742465 0.1458650177726291 0
999 0.4485343832291072 0.1310809226843273 0
1000 0.4289961737332428 0.1268079413251689 0
1001 0.4155265585783821 0.1415920364134706 0
1002 0.4094579642373785 0.1225349599660105 0
1003 0.3959883490825178 0.1373190550543123 0
1004 0.3899197547415142 0.1182619786068521 0
1005 0.3764501395866534 0.1330460736951538 0
1006 0.3703815452456498 0.1139889972476935 0
1007 0.3569119300907889 0.128773092335995 0
1008 0.3508433357497855 0.1097160158885349 0
1009 0.4424657888881035 0.1120238462368672 0
1010 0.3373737205949247 0.1245001109768364 0
1011 0.3313051262539212 0.1054430345293762 0
1012 0.6628611496603546 0.4616320339986367 0
1013 0.4870172641975747 0.4231752017662134 0
1014 0.2991815404791199 0.8608026013827873 0
1015 0.2857119253242595 0.8755866964710891 0
1016 0.2917805196652632 0.8946437729185491 0
1017 0.2722423101693988 0.8903707915593908 0
1018 0.4082708881908582 0.6896315926931508 0
1019 0.5537718019486191 0.6328030426882745 0
1020 0.8326364407821305 0.4810317897836002 0
1021 0.852174650277995 0.4853047711427582 0
1022 0.5275714600884891 0.8930213012452273 0
1023 0.594774185436459 0.3049024410597984 0
1024 0.4520834750507381 0.7701328798421492 0
1025 0.846106055936991 0.4662476946952981 0
1026 0.8649800383152988 0.4699155065398208 0
1027 0.8594649665722587 0.4513627380212237 0
1028 0.8783204981973011 0.4550137396014509 0
1029 0.1683373179227371 0.3357504235722202 0
1030 0.8770425656652714 0.2779847605690295 0
1031 0.8831111600062751 0.2970418370164896 0
1032 0.8965807751611358 0.2822577419281878 0
1033 0.9026493695021395 0.3013148183756479 0
1034 0.8891797543472787 0.3160989134639496 0
1035 0.7894173919455136 0.1169821862710321 0
1036 0.7698791824496494 0.1127092049118733 0
1037 0.5471096695843533 0.8972942826043855 0
1038 0.8728946050950439 0.436542220693615 0
1039 0.8924261518188958 0.440809131679555 0
1040 0.8864635638890138 0.4218486364264961 0
1041 0.1024670190476248 0.870971035774428 0
1042 0.6858031005368661 0.5907585877875109 0
1043 0.906646648920699 0.1426200744259833 0
1044 0.1205274516442966 0.4139438803728858 0
1045 0.1070578364894359 0.4287279754611874 0
1046 0.6080512635206863 0.2909100607119757 0
1047 0.5509615985765798 0.2244011539108007 0
1048 0.8554330412469635 0.09595995881274533 0
1049 0.8358948317510992 0.09168697745358706 0
1050 0.4033893698963747 0.1034778835185506 0
1051 0.2396826731156022 0.1031352041810463 0
1052 0.1015827801716981 0.1261225826501611 0
1053 0.09551418583069438 0.107065506202701 0
1054 0.7833487976045105 0.09792510982357189 0
1055 0.7638105881086461 0.09365212846441306 0
1056 0.7504396962608872 0.1079848111794409 0
1057 0.08885205346642538 0.3715567461188068 0
1058 0.744288832497299 0.08930391170970831 0
1059 0.7309206829636263 0.1036240551921449 0
1060 0.7247565646819549 0.08500376201326837 0
1061 0.7114146224265896 0.0992040727019603 0
1062 0.5657636402042937 0.1567188108392765 0
1063 0.9087179638431431 0.3203718948231081 0
1064 0.8952483486882823 0.3351559899114098 0
1065 0.1285220104814193 0.09655439247355724 0
1066 0.3583897069899741 0.5900732290966927 0
1067 0.3450446672764381 0.6041798371051044 0
1068 0.3510094487496716 0.6238014861191394 0
1069 0.3314746996827329 0.6195096856744289 0
1070 0.3375265686172627 0.6386577210353926 0
1071 0.3179861482918068 0.6343967629808931 0
1072 0.3240515865934664 0.6534710031313802 0
1073 0.08899740389276412 0.8857551308627296 0
1074 0.9060183306580634 0.4261367029225178 0
1075 0.09299468331132166 0.7270603869130641 0
1076 0.09906327765232531 0.7461174633605242 0
1077 0.08692608897031801 0.7080033104656041 0
1078 0.3441812033855199 0.3742072558046468 0
1079 0.3380879006063652 0.3552631587035328 0
1080 0.09506599823376782 0.9048122073101896 0
1081 0.3643129509046458 0.09493192080023344 0
1082 0.5805656818320065 0.08903646776775243 0
1083 0.6001038913278709 0.09330944912691047 0
1084 0.1467984581628887 0.3845636931920575 0
1085 0.2783109045104024 0.9094278680068508 0
1086 0.258772695014538 0.9051548866476924 0
1087 0.297849114006267 0.913700849366009 0
1088 0.1265960459853004 0.4330009568203458 0
1089 0.08292880955175996 0.8666980544152695 0
1090 0.914451793478368 0.3391239710843994 0
1091 0.7829006100075788 0.895671810931064 0
1092 0.1341424172254969 0.9133581700285065 0
1093 0.1536806267213614 0.9176311513876647 0
1094 0.7052247036259822 0.08070175240939126 0
1095 0.6918828291638451 0.09490175311351029 0
1096 0.232427002728078 0.651174760460727 0
1097 0.2128887932322135 0.6469017791015689 0
1098 0.92011626407556 0.127835979337682 0
1099 0.6089826890409124 0.5207684143518442 0
1100 0.2087461633873204 0.2913981383073161 0
1101 0.2148147577283235 0.3104552147547763 0
1102 0.4568196429188884 0.8420882042728324 0
1103 0.3515781061263514 0.3403849141599427 0
1104 0.3320392102849828 0.3361150711159606 0
1105 0.3185447723010541 0.351012668603138 0
1106 0.3125000665966265 0.3318463613524591 0
1107 0.2592208826114667 0.1074081855402045 0
1108 0.2652894769524709 0.1264652619876641 0
1109 0.3629805244317925 0.1478301687834553 0
1110 0.3967272375321093 0.3679691234346611 0
1111 0.3906586431911054 0.3489120469872012 0
1112 0.5813045702815984 0.3196865361481003 0
1113 0.1650789269537757 0.7250952359022369 0
1114 0.414933020555121 0.4251403527770412 0
1115 0.5752359759405945 0.3006294597006403 0
1116 0.279643330983256 0.8565296200236292 0
1117 0.2527041006735345 0.8860978102002324 0
1118 0.2392344855186737 0.900881905288534 0
1119 0.7592197706668241 0.5358951887776495 0
1120 0.7396815611709597 0.5316222074184915 0
1121 0.6892068419468177 0.7156121601856066 0
1122 0.7087450514426821 0.7198851415447649 0
1123 0.7148136457836857 0.7389422179922251 0
1124 0.7282832609385465 0.7241581229039236 0
1125 0.7343518552795499 0.7432151993513836 0
1126 0.7478214704344107 0.728431104263082 0
1127 0.7538900647754145 0.7474881807105418 0
1128 0.6696686324509533 0.711339178826448 0
1129 0.8373726141931607 0.5529870888694657 0
1130 0.8569108246128383 0.5572600660044876 0
1131 0.7694309948527183 0.9104559060193657 0
1132 0.7498927853568539 0.9061829246602074 0
1133 0.7977026516352932 0.8279894678595405 0
1134 0.8037712459762967 0.8470465443070008 0
1135 0.8739294715823451 0.4884106713082222 0
1136 0.2531522882704628 0.08835110909274435 0
1137 0.2336140787745981 0.08407812773358642 0
1138 0.7628197345650777 0.1468615795261682 0
1139 0.7686036847983427 0.165659320074851 0
1140 0.08751962699357158 0.424454994102029 0
1141 0.09358822133457528 0.4435120705494891 0
1142 0.08678073854398516 0.1938049257216852 0
1143 0.09284933288498898 0.2128620021691452 0
1144 0.08071214420298112 0.1747478492742252 0
1145 0.2990302957430169 0.3466311683733709 0
1146 0.2929675957117832 0.3275471401914106 0
1147 0.2794969981719594 0.342335727235463 0
1148 0.533640054429493 0.9120783776926874 0
1149 0.5531782639253574 0.9163513590518455 0
1150 0.7916340572942897 0.8089323914120803 0
1151 0.2648412893555415 0.9242119630951527 0
1152 0.3570250406133654 0.4120963813519476 0
1153 0.5585079698167698 0.7047583671189565 0
1154 0.5342335924527547 0.628530061329116 0
1155 0.5477032076076149 0.613745966240814 0
1156 0.244564191410086 0.6892889133556468 0
1157 0.5207639772978938 0.6433141564174178 0
1158 0.4020569434235215 0.1563761315017724 0
1159 0.3927299581135514 0.5266638673843269 0
1160 0.373191748617687 0.5223908860251688 0
1161 0.1186014871481897 0.7503904447196825 0
1162 0.1051318719933289 0.7651745398079842 0
1163 0.08559366249746481 0.7609015584488259 0
1164 0.09166225683846835 0.7799586348962861 0
1165 0.5334947040031601 0.3978799929487677 0
1166 0.2580338065649463 0.674504818267345 0
1167 0.4263313207875362 0.2326044372916126 0
1168 0.9012611489116561 0.3541622329945086 0
1169 0.9208551525251504 0.3584860477180282 0
1170 0.1258571575357141 0.202350888440001 0
1171 0.6061724856688749 0.1123665255743704 0
1172 0.6196421008237354 0.09758243048606829 0
1173 0.9161189846570001 0.2865307232873462 0
1174 0.9100503903159964 0.2674736468398861 0
1175 0.8493644469059596 0.07690288236528525 0
1176 0.8298262374100958 0.07262990100612687 0
1177 0.6856886215756187 0.07641904330456456 0
1178 0.07538243831156444 0.3863408412071084 0
1179 0.08204457067583382 0.1218496012910029 0
1180 0.07597597633483011 0.1027925248435428 0
1181 0.08944559148969072 0.08800842975524098 0
1182 0.0755277887379035 0.9005392259510314 0
1183 0.08159638307890732 0.9195963023984914 0
1184 0.8172408611311576 0.8322624492186991 0
1185 0.2282843728831846 0.2956711196664749 0
1186 0.5955130738860518 0.535552509440146 0
1187 0.5759748643901874 0.5312795280809878 0
1188 0.5820434587311911 0.5503366045284478 0
1189 0.5625052492353267 0.5460636231692896 0
1190 0.345512142776447 0.3213158075043068 0
1191 0.4386138598958776 0.784916974930451 0
1192 0.458152069391742 0.789189956289609 0
1193 0.1480602199772835 0.1008273738327152 0
1194 0.1419916256362795 0.08177029738525526 0
1195 0.1615298351321439 0.08604327874441303 0
1196 0.1112004663343326 0.7842316162554444 0
1197 0.09773085117947211 0.7990157113437459 0
1198 0.2726904977663275 0.09262409045190284 0
1199 0.623191192645367 0.7366343876438923 0
1200 0.3435892700827735 0.6577468451077094 0
1201 0.3301186727819975 0.6725362814668209 0
1202 0.8049583220228175 0.2799499115798564 0
1203 0.7914887068679568 0.2947340066681581 0
1204 0.7854201125269531 0.2756769302206981 0
1205 0.7719504973720924 0.2904610253089998 0
1206 0.7658819030310887 0.2714039488615396 0
1207 0.7524122878762279 0.2861880439498414 0
1208 0.7463436935352245 0.2671309675023812 0
1209 0.7328740783803637 0.2819150625906828 0
1210 0.738942672721367 0.300972139038143 0
1211 0.7194044632255028 0.2966991576789844 0
1212 0.725473057566506 0.3157562341264444 0
1213 0.7060224725518088 0.3115630864014998 0
1214 0.7120180464918395 0.3305536348204482 0
1215 0.7450112670623704 0.3200292154856031 0
1216 0.6224523041957729 0.5059843192635424 0
1217 0.6285208985367767 0.5250413957110024 0
1218 0.6419905136916373 0.5102573006227006 0
1219 0.6480591080326412 0.5293143770701607 0
1220 0.6615287231875018 0.5145302819818589 0
1221 0.6675973175285057 0.5335873584293189 0
1222 0.6810669326833662 0.5188032633410171 0
1223 0.4249988943146832 0.2855026852748349 0
1224 0.3496566309191165 0.6768106298073091 0
1225 0.5376373338480526 0.7533836337430201 0
1226 0.5241677186931919 0.7681677288313218 0
1227 0.3671231542766831 0.5033338095777088 0
1228 0.3536535391218226 0.5181179046660107 0
1229 0.3475849447808186 0.4990608282185507 0
1230 0.5617663607857339 0.3154135547889421 0
1231 0.5678349551267379 0.3344706312364021 0
1232 0.8178344000782305 0.5487141286309878 0
1233 0.3361868101801458 0.6915958429376342 0
1234 0.3557249435188677 0.6958692384673512 0
1235 0.427070209237129 0.4632545056719612 0
1236 0.4620039983839678 0.1162968275960253 0
1237 0.455935404042964 0.09723975114856553 0
1238 0.4754736135388282 0.1015127325077232 0
1239 0.4694050191978242 0.08245565606026339 0
1240 0.4498668097019596 0.07818267470110551 0
1241 0.4889432286936887 0.08672863741942149 0
1242 0.68713552702437 0.5378603397884771 0
1243 0.5556977664447301 0.2963564783414824 0
1244 0.7874914274493978 0.4534287506178238 0
1245 0.7598133086900852 0.2523468724140795 0
1246 0.261437547960245 0.7993583906812491 0
1247 0.2809757574561094 0.8036313720404072 0
1248 0.316648566420263 0.6873230479188133 0
1249 0.7720958477984252 0.8046594100529217 0
1250 0.5570301929175836 0.2434582303582608 0
1251 0.5703681188974277 0.2287160707779829 0
1252 0.3443265538118527 0.8884056405485639 0
1253 0.5437059281890564 0.7724407101904802 0
1254 0.8931770337658378 0.1574041695142844 0
1255 0.9127152432617021 0.1616771508734436 0
1256 0.8992456281068408 0.1764612459617448 0
1257 0.9187838376027054 0.1807342273209038 0
1258 0.2331658911776702 0.8818248288410738 0
1259 0.9053142224478441 0.1955183224092051 0
1260 0.9248524319437086 0.1997913037683641 0
1261 0.2196962760228093 0.8966089239293754 0
1262 0.2257648703638128 0.9156660003768357 0
1263 0.6831382476058141 0.6965550837381465 0
1264 0.6636000381099498 0.6922821023789879 0
1265 0.7417528760934072 0.7093740278156219 0
1266 0.7612910855892715 0.7136470091747804 0
1267 0.8239029615121628 0.5677712033932448 0
1268 0.8043647788229826 0.5634982262545132 0
1269 0.7889692043485828 0.9147288873785238 0
1270 0.3255295602145309 0.6006186957217337 0
1271 0.7772802032635076 0.07886803337611176 0
1272 0.07819264168360762 0.7947427299845878 0
1273 0.8703804343787888 0.5424759955569793 0
1274 0.8764490404250028 0.5615330184823615 0
1275 0.2666219034253237 0.07356701400444277 0
1276 0.2861601129211879 0.07783999536360109 0
1277 0.6135735064827312 0.07852535403860833 0
1278 0.7559613796978579 0.9252400011076676 0
1279 0.7364231702019935 0.9209670197485096 0
1280 0.7855654629532862 0.7898753149646203 0
1281 0.07345647381545728 0.7227874055539056 0
1282 0.9120209834225921 0.4445670210677617 0
1283 0.7403254444773358 0.2480578589473179 0
1284 0.7537531052296007 0.2332871239486856 0
1285 0.06931384397056073 0.3672837647596483 0
1286 0.06738787947445379 0.7037303291064454 0
1287 0.07405001183871096 0.4392390891903308 0
1288 0.08011860617971472 0.4582961656377909 0
1289 0.3051269958449481 0.3664600598858541 0
1290 0.8233094554721609 0.8513195256661593 0
1291 0.8362883120482658 0.8374065599264485 0
1292 0.06058039668385029 0.4540231842786328 0
1293 0.06664899102485433 0.4730802607260928 0
1294 0.9255687367174307 0.4303263498093281 0
1295 0.6257891617852991 0.1162807182700487 0
1296 0.6120703329058527 0.1307660445518559 0
1297 0.06990738199382618 0.08373544839608277 0
1298 0.07331112338912465 0.208589020809987 0
1299 0.07937971773012864 0.227646097257447 0
1300 0.09891792722599302 0.231919078616605 0
1301 0.0854483120711329 0.246703173704907 0
1302 0.1049865215669976 0.2509761550640648 0
1303 0.09151690641213739 0.265760250152367 0
1304 0.07197869691627279 0.2614872687932095 0
1305 0.07804729125727722 0.2805443452406693 0
1306 0.6993692260774663 0.2920349997585312 0
1307 0.9279062966719425 0.3244693997081656 0
1308 0.7494165363686892 0.1617061863241845 0
1309 0.08329008835230201 0.06934874382463047 0
1310 0.6991273652800514 0.06177610793947419 0
1311 0.7424917645429978 0.9400240961959696 0
1312 0.7229535550471332 0.9357511148368116 0
1313 0.7168849607061289 0.9166940383893515 0
1314 0.7034153455512687 0.9314781334776536 0
1315 0.6973467512102646 0.9124210570301935 0
1316 0.6839382556574826 0.9269256827060788 0
1317 0.6778187283147465 0.9081014974356324 0
1318 0.6644119305286889 0.922598360072284 0
1319 0.6582841973134517 0.9038116961581344 0
1320 0.6446823856443948 0.9192002598766248 0
1321 0.06373739405703999 0.06514199421828043 0
1322 0.8616469419064812 0.6292151519327071 0
1323 0.7161245932550074 0.1202002072217823 0
1324 0.2263584083870742 0.632117684013267 0
1325 0.2458966178829386 0.6363906653724253 0
1326 0.2068201988912098 0.6278447026541087 0
1327 0.7382070877964013 0.07030696528973446 0
1328 0.09969447867117526 0.4623969329299198 0
1329 0.8024388195034433 0.8999447922902222 0
1330 0.9295885998118607 0.2717466281990443 0
1331 0.6331117159785958 0.08279833539776582 0
1332 0.6270431216375918 0.06374125895030547 0
1333 0.234352967224188 0.3147281961139352 0
1334 0.2208833520693269 0.3295122912022365 0
1335 0.247822582379049 0.2999441010256336 0
1336 0.5302363130341956 0.7872248052787821 0
1337 0.6387147116686104 0.8996817250065032 0
1338 0.6251070742256294 0.9150969270793046 0
1339 0.3064362544314733 0.3127674184034236 0
1340 0.590183367994642 0.7471455013730357 0
1341 0.4177432239271598 0.8335422415545152 0
1342 0.5497745225300601 0.7914977866379401 0
1343 0.5281649981117503 0.6094729848816556 0
1344 0.6925698954905082 0.3263627046964539 0
1345 0.6985537050326045 0.3453425347108088 0
1346 0.7180749688832618 0.3496000770919224 0
1347 0.7046062232488598 0.3643849643900871 0
1348 0.2641024009059506 0.6935618947148052 0
1349 0.7551546272734853 0.1804621449780641 0
1350 0.1933505837363491 0.6426287977424106 0
1351 0.1872819893953455 0.6235717212949504 0
1352 0.5642526535267429 0.2096739200861216 0
1353 0.7336129668299556 0.5125651309710315 0
1354 0.3178355110990605 0.120227129617678 0
1355 0.3239041054400639 0.139284206065138 0
1356 0.2383502466427496 0.1560334521642678 0
1357 0.3913975316406989 0.5795621153675489 0
1358 0.4101968526869699 0.3531850283463593 0
1359 0.4162654470279737 0.3722421047938193 0
1360 0.404128258345966 0.3341279518988993 0
1361 0.5240223682668584 0.2539693440874043 0
1362 0.4472019567562539 0.1839791706675492 0
1363 0.5860407381497497 0.3916418605787821 0
1364 0.3599016436231624 0.5363541708116045 0
1365 0.08426123602461189 0.8137998064320476 0
1366 0.5685738435763306 0.5651206996167496 0
1367 0.5490356340804662 0.5608477182575914 0
1368 0.720882240124689 0.7579992944396852 0
1369 0.5106981035383309 0.7829518239196237 0
1370 0.8487709088826962 0.3604511987288548 0
1371 0.5638376757081797 0.4931653751860677 0
1372 0.5429670397394624 0.5417906418101314 0
1373 0.5294974245846019 0.5565747368984332 0
1374 0.3045124826194461 0.649202886273503 0
1375 0.2984437391987496 0.6301466205762565 0
1376 0.8400190108427215 0.447173807983543 0
1377 0.8669430221283364 0.417591751933072 0
1378 0.8804321391789125 0.4028254247925893 0
1379 0.9113828167888474 0.2145753988566651 0
1380 0.930921026284712 0.2188483802158241 0
1381 0.576546454217612 0.2477382009687562 0
1382 0.5896094875952347 0.2318871293460601 0
1383 0.1710021708684459 0.2299539276057765 0
1384 0.9195131653997562 0.4113598440001796 0
1385 0.2062266608679488 0.9113930190176776 0
1386 0.2122952552089522 0.9304500954651375 0
1387 0.7457501555119637 0.5506792838659514 0
1388 0.8555781871152162 0.6101581257855344 0
1389 0.8751164241817782 0.614430982155875 0
1390 0.3319009674139388 0.5136491481561815 0
1391 0.3279134247412568 0.4936772514698319 0
1392 0.1397805989231017 0.9320231025787751 0
1393 0.1590174860641466 0.939835845919829 0
1394 0.2799182146921146 0.05957535103483058 0
1395 0.2995000789550634 0.06404649361431636 0
1396 0.9321727839919345 0.1659758206437269 0
1397 0.5397086487704973 0.9311354541401474 0
1398 0.5201704392746327 0.9268624727809894 0
1399 0.5592468582663619 0.9354084354993051 0
1400 0.5727164734212219 0.9206243404110042 0
1401 0.7350905645929718 0.1753678080290562 0
1402 0.05643776683896573 0.09851954348438485 0
1403 0.1554612407911397 0.06698620229695312 0
1404 0.1749994502870043 0.07125918365611117 0
1405 0.06472302652874706 0.8095268250728895 0
1406 0.1359230312952755 0.06271322093779513 0
1407 0.4828746343526845 0.06767156097196148 0
1408 0.5024128438485491 0.07194454233111974 0
1409 0.6075049121417273 0.05946827759114726 0
1410 0.9390555781600931 0.4156340313869983 0
1411 0.6517732817851535 0.9382380170452918 0
1412 0.05984150823426421 0.2233731158982887 0
1413 0.5792994422328391 0.9401848350993149 0
1414 0.8978188784981878 0.7363441614980329 0
1415 0.06205817358304277 0.9153233210393334 0
1416 0.06812676792404687 0.9343803974867937 0
1417 0.08766497741991131 0.9386533788459517 0
1418 0.05598957924203901 0.8962662445918732 0
1419 0.2939470731502264 0.5259335368157252 0
1420 0.2867432981370608 0.5643697311603891 0
1421 0.3071544710806517 0.5581117966442821 0
1422 0.2863459156578911 0.5841817182713739 0
1423 0.2660038726991594 0.5905536866320118 0
1424 0.2431829219403325 0.3974047659338969 0
1425 0.2279995218853549 0.3877975544906568 0
1426 0.2447006926500273 0.3788657363787287 0
1427 0.2795742247473727 0.4020252664261968 0
1428 0.299773335389753 0.4036113892395273 0
1429 0.3077112550720002 0.4246492668911087 0
1430 0.6311959817087319 0.1853298989619849 0
1431 0.6549590947588538 0.1581644693636283 0
1432 0.670788091446563 0.1506119513349 0
1433 0.05865443218774347 0.7904697486254293 0
1434 0.2124090519313647 0.3978564797290167 0
1435 0.2104465224314083 0.3782908701055331 0
1436 0.1937680882299015 0.388894013245341 0
1437 0.8429439435273358 0.05752518573255494 0
1438 0.8627754105545502 0.06206535057943874 0
1439 0.9357261762478335 0.6197978842838601 0
1440 0.8237576430690918 0.05357282455866674 0
1441 0.9199476921242619 0.6097535830388513 0
1442 0.6795943010259231 0.0574795999597818 0
1443 0.5654011816858018 0.954549414986907 0
1444 0.01668194619712404 0.03031672078179148 0
1445 0.9453786350990911 0.4335309817150389 0
1446 0.9686487641991731 0.6278201627565462 0
1447 0.8724323283662878 0.6668710016281525 0
1448 0.05850908176141278 0.2762713638815109 0
1449 0.06457767610241461 0.2953284403289696 0
1450 0.05584422881569984 0.3820678598479499 0
1451 0.8424059543778138 0.8554097786546211 0
1452 0.8572503684532712 0.8398178332273307 0
1453 0.8563451319248818 0.04267874783045089 0
1454 0.6166524996411362 0.2002956018092525 0
1455 0.6112248329732739 0.1818953364947853 0
1456 0.6225482819053025 0.2174741526180389 0
1457 0.05421266530725427 0.204679773125826 0
1458 0.8082114697547563 0.9190961100885474 0
1459 0.7950489456311989 0.9335251672373455 0
1460 0.9469860368421978 0.4827353211618695 0
1461 0.9264402237023242 0.488520933127947 0
1462 0.9170545394796976 0.7733442303029061 0
1463 0.9246596609770668 0.7915068450171582 0
1464 0.9110265795330731 0.807496019763228 0
1465 0.9316112341201007 0.7584934574337223 0
1466 0.9320950337652469 0.8098956400054814 0
1467 0.9201652860286533 0.825112599503773 0
1468 0.9396493563631672 0.8283323739024304 0
1469 0.927339532747763 0.8436589580590691 0
1470 0.9093514758054176 0.841343058305051 0
1471 0.9452840806106825 0.792273674733887 0
1472 0.690276210112662 0.9458536489031286 0
1473 0.810433310936735 0.5825553346905181 0
1474 0.2404215615651913 0.3337852725613955 0
1475 0.6770696532648106 0.6774980072906863 0
1476 0.619165105827433 0.8954608534422395 0
1477 0.7241410400939969 0.3686548547450706 0
1478 0.7106717177140268 0.3834392165771318 0
1479 0.7299643720356301 0.1552297767681684 0
1480 0.634589492877781 0.5440984721584625 0
1481 0.2417539880380455 0.2808870245781734 0
1482 0.2612921975339098 0.285160005937332 0
1483 0.6575314437689463 0.6732250259315278 0
1484 0.6440618286140855 0.6880091210198294 0
1485 0.6522017378775318 0.8848180178644174 0
1486 0.5363049073751995 0.806281881726242 0
1487 0.7416075256670733 0.1951756430716985 0
1488 0.07079162086975144 0.8285839015203497 0
1489 0.6911335570139783 0.3791662796752668 0
1490 0.4446824542368816 0.803974051377911 0
1491 0.4642206637327461 0.8082470327370691 0
1492 0.4890885791200211 0.6009270221633394 0
1493 0.4756189639651607 0.6157111172516413 0
1494 0.06191282315670377 0.4011249362954101 0
1495 0.04237461366083939 0.3968519549362518 0
1496 0.1738123742404848 0.6383558163832523 0
1497 0.1685004259340691 0.6199881112387686 0
1498 0.1544002724170518 0.634197730241257 0
1499 0.1492837631338194 0.6130769647303376 0
1500 0.1349366719825284 0.6295042038934135 0
1501 0.1286673609077522 0.6107527772174755 0
1502 0.1152311985418539 0.6254859306771902 0
1503 0.109129151411888 0.606479795858317 0
1504 0.09566511172185449 0.6212554006751876 0
1505 0.08757904655833554 0.5982543807857449 0
1506 0.07578694011235276 0.6163307555899862 0
1507 0.0821351192381698 0.6359365453234362 0
1508 0.07005273242015908 0.5979338331400003 0
1509 0.06258684685416793 0.6316464055576025 0
1510 0.06872030594730649 0.6508320811232223 0
1511 0.2762395895879585 0.7316760476097255 0
1512 0.3308569386569922 0.9031897356368657 0
1513 0.3503951481528564 0.9074627169960239 0
1514 0.336925532997996 0.9222468120843257 0
1515 0.3564637424938603 0.926519793443484 0
1516 0.3429941273389997 0.9413038885317857 0
1517 0.3625323368348641 0.9455768698909441 0
1518 0.3760019519897242 0.9307927748026424 0
1519 0.2318334647048163 0.934723076824296 0
1520 0.7746267801879601 0.1846749429628296 0
1521 0.4297350621828343 0.3574580097055174 0
1522 0.9356571941528645 0.2908037046465044 0
1523 0.7262119460160991 0.5464063025067933 0
1524 0.1172690606753365 0.8032886927029043 0
1525 0.130738675830197 0.7885045976146028 0
1526 0.7108163663651249 0.8976369619418911 0
1527 0.3860678257492882 0.7911551073004364 0
1528 0.08278345912542184 0.3524996696713467 0
1529 0.06324524962955713 0.3482266883121883 0
1530 0.4796162433837182 0.4570163733019754 0
1531 0.2371631705962294 0.7231300848914088 0
1532 0.6722193609950067 0.09120151710192154 0
1533 0.7376108031036724 0.3538708943655517 0
1534 0.7214757781479477 0.4744509780761115 0
1535 0.3234559178431353 0.9370309071726275 0
1536 0.5915157944674947 0.694247253389813 0
1537 0.5025581942748817 0.5861429270750375 0
1538 0.6110540039633592 0.6985202347489712 0
1539 0.167598429473148 0.1051003551918732 0
1540 0.5799721438087457 0.3725847841313221 0
1541 0.6023205566766496 0.7852596542679564 0
1542 0.369194545980871 0.6810852124074758 0
1543 0.6749983383423623 0.499746186893557 0
1544 0.3845900488501015 0.3298549705397412 0
1545 0.398059664004962 0.3150708754514393 0
1546 0.4251442447410171 0.7997010700187529 0
1547 0.6945365478382267 0.5040191682527153 0
1548 0.4716216845466026 0.7744058612013072 0
1549 0.552294025049433 0.1715029059275784 0
1550 0.3785214545090976 0.3107978940922812 0
1551 0.5511069490029132 0.7385995386547185 0
1552 0.3678620427262767 0.7339838779580565 0
1553 0.5482967456308735 0.330197649877244 0
1554 0.5543653399718774 0.349254726324704 0
1555 0.5133629564840371 0.6771553279531797 0
1556 0.3227170788934546 0.706380569593555 0
1557 0.5591015078400285 0.4212100507553859 0
1558 0.3414941320158651 0.4798186525394972 0
1559 0.322452280813694 0.475970421336099 0
1560 0.3362073347480503 0.4615791870604067 0
1561 0.7780190917130958 0.3095181017564602 0
1562 0.4593391454382613 0.2220933235624693 0
1563 0.3752630736383075 0.700142651504708 0
1564 0.6359219193506335 0.4912002241752406 0
1565 0.5867796265993431 0.6222919289591309 0
1566 0.508481438189553 0.09100161877857993 0
1567 0.6015816682270556 0.554609585887606 0
1568 0.687874415473964 0.7685104081688285 0
1569 0.4358036565238382 0.3765150861529774 0
1570 0.4276637472603895 0.1797061893083907 0
1571 0.7652883650078282 0.5549522652251095 0
1572 0.7518187498529677 0.5697363603134115 0
1573 0.1594910472809161 0.3708953040624576 0
1574 0.1906857307906438 0.7484252937088548 0
1575 0.289709204742819 0.7168919525214237 0
1576 0.8757101391924179 0.3308830085522514 0
1577 0.320052176447838 0.8121773347587236 0
1578 0.4175978735008264 0.3193438568105974 0
1579 0.523428830243598 0.5375176604509732 0
1580 0.246635506332531 0.8670407337527724 0
1581 0.5993486401198242 0.251387191933386 0
1582 0.3043658959441995 0.1350112247059794 0
1583 0.3104344902852029 0.1540683011534396 0
1584 0.3299726997810672 0.1583412825125982 0
1585 0.3165030846262065 0.1731253776008999 0
1586 0.296964875130342 0.168852396241741 0
1587 0.3360412941220709 0.1773983589600588 0
1588 0.267506142301249 0.8184154671287092 0
1589 0.2870443517971132 0.822688448487867 0
1590 0.1588649821864385 0.191839774710857 0
1591 0.5368984453984585 0.5227335653626713 0
1592 0.2849730368746676 0.644936628090742 0
1593 0.2910418372571572 0.6639925840088023 0
1594 0.8293780498131645 0.8703766021136194 0
1595 0.5219510533444138 0.07621752369027823 0
1596 0.5158824590034101 0.05716044724281799 0
1597 0.5354206684992746 0.06143342860197659 0
1598 0.6736659118695096 0.5526444348767792 0
1599 0.6932041213653739 0.5569174162359372 0
1600 0.7660272534574218 0.7856023336054617 0
1601 0.7794968686122827 0.7708182385171602 0
1602 0.5099592150887376 0.5523017555392751 0
1603 0.1184561367218575 0.2361920599757627 0
1604 0.1400656611401609 0.4182168617320442 0
1605 0.1459991434157382 0.4371508391657868 0
1606 0.1588374024734511 0.421805979915419 0
1607 0.1326421216487329 0.4520375167655196 0
1608 0.1509659946539873 0.4565264561035269 0
1609 0.7639599808428896 0.9476255030782135 0
1610 0.891844607292983 0.2103024174975062 0
1611 0.2270972968366667 0.8627677523936137 0
1612 0.2405669119915276 0.8479836573053124 0
1613 0.09639842470662086 0.8519139593269682 0
1614 0.9329923412071579 0.3966002006129464 0
1615 0.9073762383506843 0.3732616705789361 0
1616 0.08085749462931452 0.6889462340181437 0
1617 0.06131928513344981 0.6846732526589854 0
1618 0.6520563874511993 0.3706196331204946 0
1619 0.8878364790182186 0.3689872771818786 0
1620 0.1245247310628621 0.2552491364232222 0
1621 0.1671502418762216 0.9028470562993628 0
1622 0.8979132016339875 0.2293594939449663 0
1623 0.0841158855982781 0.2996014216881281 0
1624 0.6966078627606722 0.6817709886498455 0
1625 0.7713569593494637 0.5740093416696814 0
1626 0.755222491237 0.6945899327309085 0
1627 0.735684281750526 0.6903169513687597 0
1628 0.7747607007305357 0.6988629140927263 0
1629 0.7808292950828699 0.7179199905349802 0
1630 0.7942954979716168 0.7031369820612213 0
1631 0.5719079834696457 0.175497629567021 0
1632 0.2896734717599 0.4409130086380271 0
1633 0.6795899015075061 0.1122517368536176 0
1634 0.8310579735277136 0.8175125878877647 0
1635 0.8899186451070003 0.5467489712812301 0
1636 0.8953073458421823 0.5653849302706415 0
1637 0.883850049020519 0.5276919028149654 0
1638 0.7982836251268268 0.774580874344226 0
1639 0.2604977236460608 0.05476410200244647 0
1640 0.9443906414395729 0.2040642851275232 0
1641 0.9533175019382378 0.5890241754429133 0
1642 0.3193057400605894 0.406487528068327 0
1643 0.9724996992918491 0.6740346382475471 0
1644 0.05471747605531296 0.4349006124583115 0
1645 0.6928019599328867 0.04389329995178071 0
1646 0.275966952168112 0.3821810640904782 0
1647 0.7033023953275583 0.1827270156525467 0
1648 0.9295727235190854 0.5682735129431985 0
1649 0.6549744719389615 0.1380717398609205 0
1650 0.0540891990580108 0.7186701608245056 0
1651 0.06001534778366613 0.7375974567471669 0
1652 0.2738523606994589 0.04131015321608311 0
1653 0.2203853560124154 0.6131476547276465 0
1654 0.5856687332551774 0.1603720708758627 0
1655 0.9071618023146173 0.973755541332582 0
1656 0.86047459969594 0.9732093312948502 0
1657 0.7921696600966114 0.7561629463315283 0
1658 0.703250647065378 0.2368443210722956 0
1659 0.7056878136915816 0.2565300659529567 0
1660 0.6848407991137165 0.2605926458091814 0
1661 0.7137412939370447 0.2220864643132815 0
1662 0.1492588266672371 0.04818849389779234 0
1663 0.9467084013876094 0.8470107071737139 0
1664 0.93216252492558 0.8654620012377938 0
1665 0.1928491828220662 0.3687896238467403 0
1666 0.5271989060788862 0.9462055399389522 0
1667 0.507527748399706 0.9460945225403297 0
1668 0.5007700504920904 0.9233308172003377 0
1669 0.4873234054561172 0.9382384665850573 0
1670 0.8143995100462254 0.9381039892175095 0
1671 0.05281765891415713 0.257094179777514 0
1672 0.9534876239157026 0.8661973723244865 0
1673 0.9418829094110751 0.8827087241256729 0
1674 0.7124655007692203 0.04759320369120296 0
1675 0.1833195566731639 0.6066094517160763 0
1676 0.04732189331070913 0.4687400522784886 0
1677 0.05342567294866674 0.4877859242112075 0
1678 0.07443880380607459 0.4931494821369646 0
1679 0.05998930095591326 0.5060199307824557 0
1680 0.2180258856504195 0.949199256978623 0
1681 0.1987693127375024 0.945182871397777 0
1682 0.8761310954430781 0.0476860608704438 0
1683 0.8823337326768728 0.06644142396684555 0
1684 0.8957139493804072 0.05209861284778294 0
1685 0.9018827350173911 0.0707548491004093 0
1686 0.9153541489796938 0.0559774946411748 0
1687 0.9214397416712679 0.07496888782767408 0
1688 0.9349124896857974 0.06017496896739 0
1689 0.9409844392285076 0.0792194609093595 0
1690 0.491872734329927 0.9554697853317233 0
1691 0.4735696243841817 0.9515064925757464 0
1692 0.467630641085934 0.9331362203263477 0
1693 0.454283979232329 0.9479675518250398 0
1694 0.448108766501685 0.9288473682520062 0
1695 0.4347540817617971 0.9439811823723803 0
1696 0.4285746648286453 0.924619510424734 0
1697 0.415105734310922 0.9394111261016832 0
1698 0.4090187836440827 0.9203045371689665 0
1699 0.7475151257875818 0.9611624480804104 0
1700 0.2792404792657289 0.6261845602687603 0
1701 0.07403041164567681 0.952681491304642 0
1702 0.05450870314759232 0.9488328993534253 0
1703 0.9686986656945484 0.01906917090361393 0
1704 0.01491781625646399 0.9696965405758747 0
1705 0.9825649612464407 0.968202262001772 0
1706 0.3103494360707701 0.4891336762250417 0
1707 0.3821917821579597 0.9492955003667837 0
1708 0.240069817722659 0.9541299264069661 0
1709 0.9816425701324716 0.4769495518816517 0
1710 0.5970741137092064 0.1971543145821963 0
1711 0.2660481971972603 0.5039171730600576 0
1712 0.9240935956469842 0.7208167326646715 0
1713 0.9421225651312156 0.721662803826062 0
1714 0.8919044847190591 0.7985133528286226 0
1715 0.04613132542689574 0.8050840435209635 0
1716 0.6465813311334561 0.0680142403094634 0
1717 0.6405127367924537 0.04895716386200233 0
1718 0.6587350039586368 0.1058746819185802 0
1719 0.690539268419666 0.6627139122023832 0
1720 0.7302093576698436 0.3877116790350515 0
1721 0.6319246399320615 0.649894968124925 0
1722 0.3030334694713459 0.1879094726892019 0
1723 0.2734292224850906 0.3232749074915443 0
1724 0.6972016428416454 0.3982228928222071 0
1725 0.1213053683476847 0.6445345168532197 0
1726 0.5975843888084985 0.713304329837273 0
1727 0.4224793917953105 0.9054975659851991 0
1728 0.0882493817991713 0.6550864890304668 0
1729 0.555843116871064 0.8105548630854005 0
1730 0.1368072701712006 0.8075616740620631 0
1731 0.4951571734610251 0.6199840986107994 0
1732 0.4816875583061646 0.6347681936991012 0
1733 0.08811316501683752 0.1409066777384629 0
1734 0.06857495552097326 0.1366336963793049 0
1735 0.5551042284214702 0.5799047947050513 0
1736 0.5746424379173345 0.5841777760642096 0
1737 0.1798809685814884 0.6574128928307126 0
1738 0.7525576383025609 0.8003864286937632 0
1739 0.5010804173756964 0.1248427903143421 0
1740 0.216147184201178 0.2575569667715543 0
1741 0.4898274675696132 0.8315770905436892 0
1742 0.5032970827244736 0.816792995455387 0
1743 0.7988897276818139 0.2608928351323963 0
1744 0.7982961889497595 0.5444411505104577 0
1745 0.4337323416013931 0.1987632657558507 0
1746 0.4141941321055288 0.1944902843966924 0
1747 0.4621493488103002 0.6304952123399432 0
1748 0.5665025286538852 0.387368879219624 0
1749 0.3483238332304123 0.7297108965988983 0
1750 0.4492732716786987 0.3617309910646753 0
1751 0.4223340413689777 0.3912991812412793 0
1752 0.4418722508648421 0.3955721626004373 0
1753 0.6790163744860114 0.3410703541519937 0
1754 0.6728777880883382 0.3228146163396948 0
1755 0.7732843223250323 0.2375623319894556 0
1756 0.7672159610640429 0.2185051813192749 0
1757 0.8224252165962387 0.106471072541889 0
1758 0.9275153832739316 0.09400145858007958 0
1759 0.9470547673134058 0.09827035565672859 0
1760 0.1206010666300698 0.9280769078006097 0
1761 0.1266179800501792 0.9471996142561152 0
1762 0.2479679328053845 0.8141424857695509 0
1763 0.7464890439615572 0.7813293522463033 0
1764 0.5831736767568976 0.2666866195162365 0
1765 0.5767137528397814 0.7619295964613376 0
1766 0.3638647633077169 0.8926786219077223 0
1767 0.5038906207477337 0.5332446790918151 0
1768 0.3117669167580565 0.1011700531702184 0
1769 0.3252365319129175 0.08638595808191651 0
1770 0.1029007218451538 0.07329056641974735 0
1771 0.09508259239061967 0.05137940663937385 0
1772 0.5693127320259246 0.7957707679970984 0
1773 0.8797074186109768 0.1721882646025856 0
1774 0.7968184127593715 0.08314101473527036 0
1775 0.7907961524934594 0.06387207570526482 0
1776 0.7712193312683534 0.05977564649822664 0
1777 0.1379943462177216 0.2404650413349204 0
1778 0.8609001246215321 0.398558087569024 0
1779 0.8474315419564196 0.4133431233465912 0
1780 0.6056935912816873 0.9102536334963562 0
1781 0.6125034726115809 0.9314691569208459 0
1782 0.5996557037309422 0.8910561502344037 0
1783 0.9235200054708563 0.2526895517515845 0
1784 0.9421038287312178 0.2572664508141677 0
1785 0.2001580665269455 0.8923359425702179 0
1786 0.07671486478441786 0.3334425932238869 0
1787 0.05717665528855331 0.329169611864729 0
1788 0.7578873441929153 0.5887934367558562 0
1789 0.74915389689567 0.6755328562835718 0
1790 0.8629793090338196 0.5763170352680591 0
1791 0.8360397507958953 0.6058855923426308 0
1792 0.8272782572469969 0.6926062323632786 0
1793 0.821681256383646 0.903817346247433 0
1794 0.8179130358918801 0.7324392845017627 0
1795 0.2260959359075535 0.348261155958939 0
1796 0.3271113851714176 0.4238028427885389 0
1797 0.9514395772137805 0.2253126491173624 0
1798 0.2491617191147776 0.5012158808304732 0
1799 0.1982452966204247 0.4961224133442581 0
1800 0.5292023363234178 0.04306102848256782 0
1801 0.5486080456017053 0.04793986715578069 0
1802 0.5549118383197338 0.06592149890148569 0
1803 0.5682464671698961 0.05160343941930268 0
1804 0.7850674666904843 0.04569352422241457 0
1805 0.8444702369144661 0.9179827809082135 0
1806 0.08560767120712692 0.547267229274061 0
1807 0.07107460325669623 0.5420258202845596 0
1808 0.07473403755615438 0.5615447688161251 0
1809 0.05526783218437281 0.5537715072464908 0
1810 0.1383999362646381 0.4707629794749656 0
1811 0.1573620529540826 0.4737890762744674 0
1812 0.9026748054408533 0.5336083275800427 0
1813 0.9003115244960288 0.51367538841773 0
1814 0.6755586282847527 0.2435966974888998 0
1815 0.6633007409365494 0.2558109616588212 0
1816 0.6686297106284824 0.2745823938102135 0
1817 0.6487786244698455 0.2694750225456553 0
1818 0.6416008826850899 0.2500123062313999 0
1819 0.6567075108632563 0.2879974548201359 0
1820 0.629929344644011 0.2652930207803598 0
1821 0.04964824183539934 0.6463857831784626 0
1822 0.04481636587647331 0.3442172856804963 0
1823 0.7986706779129951 0.951738625827746 0
1824 0.8168567919642336 0.9555863629918528 0
1825 0.9525305507030222 0.4008731819721046 0
1826 0.9464619563620184 0.3818161055246445 0
1827 0.3100348469545111 0.4447736877493175 0
1828 0.3678396904660667 0.9645823354937588 0
1829 0.04317379250168185 0.9108421325384775 0
1830 0.9596842875514626 0.8313043796563391 0
1831 0.120780483464979 0.5907861827979761 0
1832 0.9509604847645914 0.06564953302547688 0
1833 0.9493678552469291 0.04646837094864775 0
1834 0.9312518576160855 0.4696746963669697 0
1835 0.9118812907604188 0.4756971984012354 0
1836 0.04421963333623974 0.6271466487333776 0
1837 0.9096383753807058 0.895785559274392 0
1838 0.9703420701445906 0.4589556771036393 0
1839 0.9183121663587417 0.5832637344356004 0
1840 0.0530601664730187 0.5337881798763189 0
1841 0.8923208493220349 0.8180419898863337 0
1842 0.09149968667575975 0.5238048057097364 0
1843 0.2073644837141794 0.3433192959035689 0
1844 0.8806048455132225 0.6329596988942885 0
1845 0.63743177102443 0.1525972361483222 0
1846 0.09180712175034605 0.5584726133825981 0
1847 0.9082366706090762 0.03607278765424154 0
1848 0.1976168755330517 0.4105051572024254 0
1849 0.1783793338815536 0.3994193769125639 0
1850 0.8399398649399056 0.7149654923879253 0
1851 0.860414540129004 0.8863857347524627 0
1852 0.03686578591471634 0.8926980237109303 0
1853 0.04888588790699533 0.875060335412155 0
1854 0.8993786828811826 0.6633602978636035 0
1855 0.1902384549420081 0.4668834460653449 0
1856 0.2925443629393522 0.6126940026637558 0
1857 0.04094223389830542 0.7333642554252775 0
1858 0.047837804860767 0.7519780625999749 0
1859 0.5103381086575367 0.03799476381824846 0
1860 0.05659035621715586 0.5745202838125394 0
1861 0.04004101176525376 0.271924603619292 0
1862 0.8874871425625204 0.8804748827980287 0
1863 0.8804057107895842 0.8670302887292691 0
1864 0.1297206620958208 0.04424641835489146 0
1865 0.282716961517687 0.4935408886275144 0
1866 0.7064770637628872 0.02828081709029695 0
1867 0.9768378503335116 0.6435245923386455 0
1868 0.8412336453492637 0.973873931553225 0
1869 0.09369505953969082 0.9561413359500712 0
1870 0.6213814460930884 0.2477099362726716 0
1871 0.03873994200216369 0.5024495923304833 0
1872 0.2466503037170497 0.3566823299766927 0
1873 0.6749446295044563 0.2927339689314907 0
1874 0.3041758632115037 0.4726302818481651 0
1875 0.8927769649973338 0.6172987843125249 0
1876 0.8876430850923415 0.5990535266884918 0
1877 0.03648759292868631 0.5465192675911329 0
1878 0.3296509239570621 0.9555099657223919 0
1879 0.3101907885082716 0.9508799907422218 0
1880 0.9640576527471638 0.2080189025161155 0
1881 0.9584504648258327 0.1882986014062815 0
1882 0.9707760116245508 0.1711953444108245 0
1883 0.08850396800128912 0.5757039204362804 0
1884 0.4211469653224579 0.958395813968421 0
1885 0.8969404035883988 0.6806103193097039 0
1886 0.7655783359012007 0.04245012211964089 0
1887 0.03733351523011386 0.2204868192361924 0
1888 0.9133922446116669 0.8770064537575035 0
1889 0.5850190952692294 0.9601262744646463 0
1890 0.6456342291540994 0.2324592262160133 0
1891 0.8285561242272772 0.7693460656184881 0
1892 0.8254743832829065 0.7877489434244505 0
1893 0.9798936830617004 0.6595653669278021 0
1894 0.1796237608889427 0.4556634322277193 0
1895 0.1859333037276896 0.43869606057332 0
1896 0.02100436880278145 0.9095779578338479 0
1897 0.9818148266602966 0.6094976556965568 0
1898 0.9495055490471898 0.4639152151894926 0
1899 0.91962108765024 0.9626920702309636 0
1900 0.9361072643321633 0.9523655583458438 0
1901 0.9338205325312278 0.9332781427954167 0
1902 0.951540874987728 0.9427257440215278 0
1903 0.9504253855242626 0.9221342104225092 0
1904 0.2046295489062659 0.9643009266201117 0
1905 0.1852248422660497 0.9602662737873229 0
1906 0.928588185002297 0.8998754436415712 0
1907 0.5232834798172676 0.02331927570705633 0
1908 0.3111588528526956 0.3873966538593715 0
1909 0.1780709875402778 0.4954328708076294 0
1910 0.8919728593950531 0.9816492645442134 0
1911 0.8720649816304836 0.02985946034412257 0
1912 0.1698051615972281 0.9719366667166132 0
1913 0.1542137828642626 0.9625576056059445 0
1914 0.1343921077595002 0.9662219005279893 0
1915 0.8947397088536571 0.7132215608949553 0
1916 0.8737436267479042 0.9823311396239625 0
1917 0.8407877592968248 0.798573153616397 0
1918 0.1576334091913599 0.4995185567458398 0
1919 0.03672695538237869 0.7847779174069696 0
1920 0.1300309108350807 0.5751921710100713 0
1921 0.6757695714436115 0.1329927062680471 0
1922 0.6893726652646333 0.148223062271552 0
1923 0.6954790704186542 0.1279735424088494 0
1924 0.7107636170450863 0.1443891275521084 0
1925 0.3096550162562634 0.5378166119411592 0
1926 0.3276628253038926 0.5482396446278496 0
1927 0.3234773763708747 0.5689589285111014 0
1928 0.342704043761042 0.5623606712313022 0
1929 0.8375405342403501 0.8892232196367352 0
1930 0.9615202800660887 0.8841874453722802 0
1931 0.3049221982434345 0.57694179525545 0
1932 0.7278611339385811 0.1368951139006216 0
1933 0.8517326208908124 0.01994483001775066 0
1934 0.8762091958666581 0.8112674811078714 0
1935 0.8755791776948717 0.8293500498597749 0
1936 0.7342166151418793 0.2285215007003436 0
1937 0.1880263928463271 0.578831397744871 0
1938 0.1675380333161871 0.5817565217003583 0
1939 0.2337135000408527 0.5022836013446939 0
1940 0.6737118412759379 0.03983287772883137 0
1941 0.6030165525241878 0.2157033373564735 0
1942 0.1538569849541203 0.5949684347873629 0
1943 0.5684871675120187 0.9734203090854071 0
1944 0.6041684866990908 0.9663941830061302 0
1945 0.5518458374525063 0.9692496070350675 0
1946 0.0350545424023147 0.3241912838600863 0
1947 0.3127382047722369 0.5188419327351024 0
1948 0.952398668098751 0.9605946805836537 0
1949 0.9697620658268045 0.9510548758483026 0
1950 0.8602385799599441 0.8209638534161683 0
1951 0.5988778164273459 0.9462628344316122 0
1952 0.6200217188342469 0.9545052353285712 0
1953 0.3309731814697021 0.3898856869636666 0
1954 0.08801116944707615 0.5078306649753868 0
1955 0.1072779319904549 0.4996294962909202 0
1956 0.6323658276712028 0.9355425816121661 0
1957 0.8000472285847138 0.722619231290323 0
1958 0.9472713524532411 0.9010602640171974 0
1959 0.3384848600846715 0.5835685818944814 0
1960 0.9726186110371936 0.8686953814786307 0
1961 0.03630601931983529 0.3777948784887916 0
1962 0.01977947210264602 0.3923350274467492 0
1963 0.02922357672483755 0.4120355364620453 0
1964 0.07267630907146694 0.5217946575379578 0
1965 0.04131713332744513 0.5668051777020005 0
1966 0.04253292475428849 0.5826886786234288 0
1967 0.8361263800482698 0.03708515113282862 0
1968 0.8169554589331736 0.0338629393009508 0
1969 0.9826794919243111 0.6899999999999999 0
1970 0.9686504925612667 0.7044262843617567 0
1971 0.9073560135601559 0.4947194097855868 0
1972 0.8938961439605794 0.4813200969190058 0
1973 0.8615449592545771 0.8593152005173067 0
1974 0.9361334509835764 0.7388562077606063 0
1975 0.9537225132848246 0.7397136238160467 0
1976 0.6414033336989081 0.9541267109343641 0
1977 0.6597905954295409 0.9556247016656533 0
1978 0.6481789920832562 0.9711301788195473 0
1979 0.8042689354793762 0.049554107886845 0
1980 0.719956672691298 0.1906485411160465 0
1981 0.8495094868014212 0.5911011468839382 0
1982 0.6600836838007343 0.05345736205039969 0
1983 0.6548582879104038 0.03458216438650119 0
1984 0.6348285668115135 0.03023882560122737 0
1985 0.621750964270493 0.04538966737679162 0
1986 0.6026122777847136 0.03706772588853452 0
1987 0.6131205176525738 0.8762940087875472 0
1988 0.6379932342730787 0.6689520445723713 0
1989 0.5228352922203383 0.821065976814545 0
1990 0.2599862713435671 0.3386991241843674 0
1991 0.2664801265492429 0.3543241604610433 0
1992 0.2828013675625318 0.3635663905936404 0
1993 0.4029426834667177 0.9012283973086177 0
1994 0.5753813263669281 0.8148278444445594 0
1995 0.6594526618306414 0.3369183217599598 0
1996 0.617122598304363 0.7175773111964314 0
1997 0.2552236031929063 0.2661029294898717 0
1998 0.2747618126887708 0.27037591084903 0
1999 0.2808304070297745 0.2894329872964905 0
2000 0.2943000221846356 0.274648892208188 0
2001 0.04699940039273354 0.238825429935478 0
2002 0.7517477906250023 0.05581227987615289 0
2003 0.7447341576682708 0.03530288948838639 0
2004 0.5423735017162032 0.8253389581737027 0
2005 0.679734506208072 0.5717015113268747 0
2006 0.7290221493881379 0.9548081912842724 0
2007 0.735090743729143 0.9738652677317321 0
2008 0.2834952599754811 0.1836364913300426 0
2009 0.277426665634478 0.1645794148825825 0
2010 0.2639570504796173 0.1793635099708848 0
2011 0.2504874353247564 0.1941476050591871 0
2012 0.4164110476488515 0.8864411249848343 0
2013 0.4312128390820208 0.8187581464662129 0
2014 0.4116746295861564 0.8144851651070547 0
2015 0.9487164493763574 0.2760214973558799 0
2016 0.9541393988465913 0.2951366242582453 0
2017 0.9627852862806099 0.2596128417732914 0
2018 0.665528670987839 0.355861999929414 0
2019 0.5167666978793344 0.8020089003670844 0
2020 0.4972284883834702 0.797735919007926 0
2021 0.05067741038248907 0.3099949776430225 0
2022 0.03207233802870041 0.3019897663765098 0
2023 0.3982050144312954 0.8292692601953568 0
2024 0.3919910696639581 0.2960137990039792 0
2025 0.3724528601680936 0.2917408176448211 0
2026 0.3663842658270896 0.2726837411973609 0
2027 0.3529146506722293 0.2874678362856626 0
2028 0.2491550088519031 0.2470458530424112 0
2029 0.7566716483878764 0.127409842086639 0
2030 0.156345479667066 0.811834655421221 0
2031 0.04932661664150401 0.9298092422587096 0
2032 0.03487236451369308 0.9446129764943307 0
2033 0.04301684116756455 0.9643440714934326 0
2034 0.401754758179941 0.9534881546755098 0
2035 0.4069490932210891 0.9720034816999241 0
2036 0.441328308953547 0.964052041368256 0
2037 0.4633364248568199 0.06339857961280337 0
2038 0.4437982153609552 0.05912559825364538 0
2039 0.4303286002060953 0.07390969334194764 0
2040 0.4242600058650908 0.05485261689448795 0
2041 0.4107903907102307 0.06963671198278959 0
2042 0.4049462626978561 0.0507895259652224 0
2043 0.3912895922691377 0.06539871236194661 0
2044 0.4767381366755563 0.04892497256438266 0
2045 0.3855992006771656 0.04710777852288572 0
2046 0.3717894758615975 0.06123010027864439 0
2047 0.365945267773839 0.04362785472186242 0
2048 0.3522383279792103 0.0571066900584849 0
2049 0.3453414438379416 0.03540182389346719 0
2050 0.33259289842735 0.05226588484483274 0
2051 0.4372126147874806 0.04055153596747169 0
2052 0.3233725291083637 0.03376032555486264 0
2053 0.4615570605626274 0.9140459304647415 0
2054 0.1730968803841886 0.9224287357609398 0
2055 0.6036529831495024 0.7323614062847336 0
2056 0.6366608078002276 0.7218502925555904 0
2057 0.5841147736536381 0.728088424925575 0
2058 0.09625307428028262 0.3377155745830458 0
2059 0.7330194288066965 0.7961134473346048 0
2060 0.7732954703261903 0.7517826292201453 0
2061 0.1233376550163411 0.8223457691503646 0
2062 0.05262949069175482 0.7713060709231006 0
2063 0.05163984556605483 0.8242762969953913 0
2064 0.05831494816088978 0.8430665399685319 0
2065 0.03740238238771865 0.8405259356419015 0
2066 0.05073331854028029 0.07988690301029511 0
2067 0.03733391137489217 0.09466787376859487 0
2068 0.04344310733993617 0.1127542548436946 0
2069 0.0454250819176571 0.06154516435334545 0
2070 0.05685356569890615 0.04660443730936747 0
2071 0.0352775813984641 0.04157762382226426 0
2072 0.02172778954040833 0.1099053172996101 0
2073 0.05100614630736522 0.02764493363649334 0
2074 0.3834032229981264 0.8969522387139772 0
2075 0.8999662088420776 0.4070920108817006 0
2076 0.4569301771350707 0.04557192390733011 0
2077 0.4690075688240483 0.02945241331811466 0
2078 0.07702570561842237 0.8475907351944564 0
2079 0.2538955661453333 0.3191081139602781 0
2080 0.9417257884938682 0.3098607810939644 0
2081 0.9606638429492669 0.3121080943238153 0
2082 0.0747873780143104 0.6698860619953642 0
2083 0.0553281279774388 0.665586774184705 0
2084 0.04182511135644007 0.6802530312093706 0
2085 0.03315450586390434 0.6604814368475729 0
2086 0.02170859873371367 0.6782045173120079 0
2087 0.5706451584987775 0.7428725200138772 0
2088 0.7096516156811242 0.9499522687950902 0
2089 0.6988516459172096 0.9649218668396699 0
2090 0.284379498851406 0.928484944454311 0
2091 0.271130127846932 0.9422619730499688 0
2092 0.2905700634853489 0.9469843116736205 0
2093 0.2762361280150351 0.9626165072852098 0
2094 0.1110551159080018 0.2700332315115243 0
2095 0.1305933254038651 0.274306212870682 0
2096 0.9286911738063367 0.04181461293701361 0
2097 0.06801569644978511 0.4201710968473937 0
2098 0.8265647713155823 0.4619719116254243 0
2099 0.8204956644536542 0.4429143682261783 0
2100 0.4507510485778851 0.8230311278253716 0
2101 0.1502768853260618 0.7927775789737609 0
2102 0.1637465004809223 0.7779934838854589 0
2103 0.5012257678020291 0.6390411750582594 0
2104 0.4877561526471685 0.6538252701465613 0
2105 0.8817676263711154 0.3499299653947688 0
2106 0.5631845758930222 0.26249952690617 0
2107 0.543574875868462 0.2582396954633041 0
2108 0.5300933456254853 0.2730259822043212 0
2109 0.5105531502816015 0.2687533661206156 0
2110 0.6717419925855783 0.889081647489804 0
2111 0.665671693901089 0.8700323641538197 0
2112 0.6461332003479773 0.8657606816465737 0
2113 0.685209960208403 0.8743050857425951 0
2114 0.2701709952469546 0.7126189711622655 0
2115 0.2836406104018151 0.6978348760739637 0
2116 0.1320711023030505 0.7356063496313807 0
2117 0.1381396966440542 0.7546634260788407 0
2118 0.151609311798915 0.7398793309905387 0
2119 0.1832847099767871 0.7822664652446167 0
2120 0.1772161156357832 0.7632093887971567 0
2121 0.1967543251316477 0.7674823701563147 0
2122 0.07464354986197719 0.1556907728267649 0
2123 0.05237423366298471 0.1521657217344695 0
2124 0.3725982105944273 0.8059392023887386 0
2125 0.4359490486492617 0.8907135768047457 0
2126 0.4963524029479223 0.05323160076733652 0
2127 0.2922287072621919 0.09689707181106089 0
2128 0.1994191780773528 0.6616858741898708 0
2129 0.3173873235021315 0.9179738307251673 0
2130 0.6791410002289731 0.8552496811770285 0
2131 0.7047478383041454 0.8785795824289847 0
2132 0.7182173982256527 0.8637957398952212 0
2133 0.9335854411158607 0.113053420461682 0
2134 0.9531238945285462 0.1173255493931972 0
2135 0.9665937038811464 0.1025407705202366 0
2136 0.9694957712775927 0.1194779125161296 0
2137 0.9626659556876147 0.1370303090899291 0
2138 0.2470744296897492 0.06933639338619502 0
2139 0.2275439403936427 0.06502811140961151 0
2140 0.2140756119387417 0.07980632306167601 0
2141 0.208006974707739 0.06074944272875749 0
2142 0.2220950385376371 0.04652884815304437 0
2143 0.2029483515631755 0.04270221684011666 0
2144 0.2410150995884556 0.05023695619782381 0
2145 0.2357942516713246 0.03235473101309982 0
2146 0.1945375668545388 0.07553258993010953 0
2147 0.05736325469153591 0.6131306759963437 0
2148 0.7390880231476999 0.815170523782065 0
2149 0.7134812193108317 0.7918404659754467 0
2150 0.6184550247772105 0.6646790632132158 0
2151 0.700011604155971 0.8066245610637485 0
2152 0.09758550075314054 0.2848173265998261 0
2153 0.6391961354468887 0.101753328520345 0
2154 0.6457444138589218 0.1195799901051857 0
2155 0.5926744126633436 0.1270410277510102 0
2156 0.382518733927657 0.1521031501426139 0
2157 0.3690491187727959 0.1668872452309155 0
2158 0.3885873282686607 0.1711602265900739 0
2159 0.3751177131138 0.1859443216783756 0
2160 0.3555795036179353 0.1816713403192175 0
2161 0.3616480979589393 0.2007284167666777 0
2162 0.3811863074548038 0.2050013981258355 0
2163 0.3039565721702394 0.9325802209626527 0
2164 0.5987192826879486 0.1454731748236563 0
2165 0.5935863091843999 0.8720027327271828 0
2166 0.5801173608674877 0.8867837786986162 0
2167 0.9383263015772318 0.1848735803875512 0
2168 0.09035741210022746 0.832848509083949 0
2169 0.961247241613727 0.4179219929119287 0
2170 0.9660313565380994 0.4390335547290606 0
2171 0.9823545993024955 0.4090584022257105 0
2172 0.09432533379784153 0.6741585274253029 0
2173 0.1078014113762779 0.659364441032128 0
2174 0.5145500325305569 0.1100586952260401 0
2175 0.1023216686212864 0.3567726510305055 0
2176 0.1097226894351444 0.3229314794947447 0
2177 0.1541288143182876 0.1198844502801752 0
2178 0.1736670238141522 0.1241574316393333 0
2179 0.07952981634363943 0.741848808018859 0
2180 0.8110482111701054 0.8140431446714305 0
2181 0.4202627264465323 0.2135473608441526 0
2182 0.7167397896244855 0.4024958170442665 0
2183 0.475025634237831 0.8992598339087507 0
2184 0.2567013800920941 0.7274030662505673 0
2185 0.5448632442014599 0.205353554340611 0
2186 0.9140472797795491 0.1087802673886322 0
2187 0.9402332469560956 0.1322173918686557 0
2188 0.9461455695013705 0.1511775267346473 0
2189 0.7470825819848161 0.4977810358827296 0
2190 0.5146953829568897 0.6242570799699576 0
2191 0.6514628494274993 0.6541679494845443 0
2192 0.3677166922999431 0.2197854932141379 0
2193 0.8586126799204131 0.5041673340579359 0
2194 0.9039817959749918 0.2484165703924263 0
2195 0.7066737365202345 0.5421333211476351 0
2196 0.7127423308612384 0.5611903975950947 0
2197 0.7322805403571031 0.5654633789542526 0
2198 0.1871366389690126 0.1093733365510316 0
2199 0.3570622579988001 0.6429444077033836 0
2200 0.5466277631398807 0.950038831416655 0
2201 0.4998933413291765 0.6919394230414815 0
2202 0.480355131833312 0.6876664416823234 0
2203 0.807623174968524 0.1741534156134125 0
2204 0.7941554647920235 0.1889392463050931 0
2205 0.6279273605135174 0.8085897120745751 0
2206 0.682399359156219 0.4659050153577949 0
2207 0.7275443724889515 0.4935080545235716 0
2208 0.2882314278436321 0.2555918157607275 0
2209 0.6446553666373429 0.4044608046562565 0
2210 0.6581249817922029 0.3896767095679545 0
2211 0.7935600217904017 0.4724858270652839 0
2212 0.5780461793126341 0.7090313484781147 0
2213 0.5881120530721951 0.5693936809759078 0
2214 0.5941806474131933 0.5884507574233739 0
2215 0.5807110322583379 0.603234852511671 0
2216 0.8743722144393915 0.3837762471170751 0
2217 0.9493612331848463 0.016030417381037 0
2218 0.7222146665972299 0.705101046456563 0
2219 0.7161460722561712 0.6860439700091205 0
2220 0.5582441772556349 0.1905553434549456 0
2221 0.5080332505926246 0.8887483198860693 0
2222 0.7438241910158501 0.8871258482127473 0
2223 0.7242859944077681 0.8828528079241968 0
2224 0.7303545780089532 0.901909933479484 0
2225 0.737755600663922 0.8680687535252373 0
2226 0.6561990172960924 0.7261232739147495 0
2227 0.6427294021412315 0.7409073690030511 0
2228 0.4432046773376949 0.3426739146172154 0
2229 0.2518198617976104 0.1412493570759656 0
2230 0.8749712507428282 0.1002329401719043 0
2231 0.2673614961573227 0.3042350299092049 0
2232 0.6912802728313772 0.8933543053448501 0
2233 0.6076502625680432 0.5736666623350837 0
2234 0.6271884720637447 0.5779396436944191 0
2235 0.6406580872186731 0.5631555486060438 0
2236 0.8785627415888173 0.5092142200007346 0
2237 0.4938247469881725 0.6728823465940215 0
2238 0.5072943621430331 0.6580982515057197 0
2239 0.2654908335008139 0.6407144815024965 0
2240 0.731544667418504 0.3348160579705056 0
2241 0.7510804567977327 0.3390868343898615 0
2242 0.764549575790628 0.3243022872542283 0
2243 0.770618186670364 0.3433593787699328 0
2244 0.7840877218880193 0.3285752108517831 0
2245 0.7571485107570735 0.3581434185019443 0
2246 0.7584808987559636 0.305245135465546 0
2247 0.720143351675095 0.5273492260593334 0
2248 0.7436789778637294 0.3729275885377462 0
2249 0.7497474349305207 0.3919845399162854 0
2250 0.3126511556339809 0.8460185062944854 0
2251 0.4728087605931221 0.2073092284741676 0
2252 0.8123593428366744 0.2461087400440946 0
2253 0.3631270465580895 0.6620221813919138 0
2254 0.7349453933028084 0.4596668829878095 0
2255 0.6884679534972229 0.4849620918052552 0
2256 0.6689297440013585 0.4806891104460969 0
2257 0.5719775849716303 0.6899742720306548 0
2258 0.3665296162534237 0.7868821259412782 0
2259 0.179735618155156 0.1432145080867935 0
2260 0.1442082909850577 0.773720502526301 0
2261 0.01617318180973282 0.05023979355430575 0
2262 0.3077696373394966 0.2598647971198856 0
2263 0.3138382316805002 0.278921873567346 0
2264 0.3333764411763647 0.2831948549265039 0
2265 0.3199066666156424 0.2979796788981923 0
2266 0.2895638543164853 0.202693567777504 0
2267 0.7975573071812804 0.3137910885569288 0
2268 0.5253498347340255 0.2010726755837273 0
2269 0.5387988828654715 0.1862880705886675 0
2270 0.8905121808201318 0.2632006654807281 0
2271 0.06928667823122614 0.8811240107148617 0
2272 0.2136276816818061 0.8775518474819155 0
2273 0.2075590873408023 0.8584947710344555 0
2274 0.7611608264765737 0.1994620396068403 0
2275 0.7477864665635566 0.2141186015117195 0
2276 0.4985609148563236 0.7448376710247036 0
2277 0.5046295091973274 0.7638947474721638 0
2278 0.2418993384643806 0.795085409322091 0
2279 0.5289038865613421 0.8401230532620051 0
2280 0.8002224716510604 0.2079948764164041 0
2281 0.2432317649372334 0.7421871613388691 0
2282 0.25063278575109 0.7083459898031069 0
2283 0.3421098884630748 0.1964554354075194 0
2284 0.3225716789672104 0.1921824540483607 0
2285 0.5044842249659279 0.2496963505523976 0
2286 0.3003684305521342 0.2937068190195986 0
2287 0.4810940202829038 0.9183165100626731 0
2288 0.3086481892836804 0.983063550386313 0
2289 0.4608169223374476 0.6833934603231653 0
2290 0.3259732293704235 0.3170460447747179 0
2291 0.04052059317463391 0.4502440669371532 0
2292 0.0303977062555873 0.4642276463010125 0
2293 0.420408076872866 0.7277457455880708 0
2294 0.4008698673770015 0.7234727642289128 0
2295 0.3826642924342741 0.666300403269396 0
2296 0.8218316785729756 0.3900193889054586 0
2297 0.6002492417541745 0.60750783387086 0
2298 0.4318063771052804 0.5352098301026432 0
2299 0.4183367619504199 0.5499939251909451 0
2300 0.4122681676094159 0.530936848743485 0
2301 0.3987985524545554 0.5457209438317869 0
2302 0.3792902613187469 0.5413111607556511 0
2303 0.3630193942518133 0.5565797053998417 0
2304 0.3481784828040787 0.2155125118549797 0
2305 0.4680725927249717 0.1353539040434854 0
2306 0.3650509051617453 0.3255862607762396 0
2307 0.3617934649807349 0.7149267112583678 0
2308 0.5604339343128812 0.368311802772164 0
2309 0.08909444709898601 0.01695117461401074 0
2310 0.08065409727377892 0.03435292941006263 0
2311 0.5348271304760129 0.3449817449655458 0
2312 0.5287585361350089 0.3259246685180859 0
2313 0.5422281512898696 0.3111405734297841 0
2314 0.578639717335893 0.425483032114544 0
2315 0.6265747079005586 0.2963053971204588 0
2316 0.3610508568650209 0.4842458832583165 0
2317 0.7806865275855587 0.203723760050885 0
2318 0.0162548014011607 0.6302467578117021 0
2319 0.01600952097857511 0.5890308477330422 0
2320 0.9831317749456489 0.9102449894919533 0
2321 0.5395632983441641 0.4169370693962277 0
2322 0.4809486698565708 0.4041181253187534 0
2323 0.4674790547017103 0.4189022204070553 0
2324 0.2026775690463171 0.2723410618598558 0
2325 0.6163837098547691 0.4869272428160823 0
2326 0.6298533250096296 0.4721431477277805 0
2327 0.5699062700491835 0.5122224516335278 0
2328 0.3805921522531006 0.4885445728440848 0
2329 0.5873731646226024 0.3387436125955602 0
2330 0.8645036263629697 0.523483069039186 0
2331 0.01629180282232551 0.8099934562512255 0
2332 0.9834983753406011 0.2902455192300794 0
2333 0.1145922518228714 0.9090742957833149 0
2334 0.101120644016884 0.9238565753906113 0
2335 0.7766866937042129 0.3624163756728706 0
2336 0.4735476490427142 0.4379592968545153 0
2337 0.4540094395468498 0.4336863154953572 0
2338 0.5564366548943229 0.5270065467218296 0
2339 0.59 0.01732050807568863 0
2340 0.5805812238159014 0.03587424555841384 0
2341 0.5704476499462676 0.0175288326195483 0
2342 0.0177135337274652 0.8499448132657035 0
2343 0.03402900441905643 0.8608647794984911 0
2344 0.3139835821068342 0.7931202583112636 0
2345 0.1455407174579112 0.7208222545430787 0
2346 0.2248806314878886 0.1708175472525698 0
2347 0.6103151155137653 0.4678701663686222 0
2348 0.421001614896125 0.4441974292245012 0
2349 0.3629928354623063 0.431185556701293 0
2350 0.7898505646179128 0.01604458932841296 0
2351 0.2013369337067481 0.3250764614452496 0
2352 0.7880966760843378 0.1698911036548221 0
2353 0.1071619181522525 0.9426518748159882 0
2354 0.1132717812567795 0.9619834366525706 0
2355 0.713907814715581 0.2766752370037679 0
2356 0.7586262326435644 0.8194435051412234 0
2357 0.8857760129519799 0.191245341050046 0
2358 0.8723063977971195 0.2060294361383475 0
2359 0.4506056981515514 0.308832743081453 0
2360 0.4458695302834005 0.2368774186507709 0
2361 0.4398009359423968 0.2178203422033109 0
2362 0.3504542044079882 0.01663096066254643 0
2363 0.3899869224883447 0.016218479933092 0
2364 0.01743687427094887 0.1899750037371981 0
2365 0.03333386737025534 0.1795765711470371 0
2366 0.03314975842649276 0.160290382146918 0
2367 0.4190756504000133 0.7806439935712928 0
2368 0.4769513904380132 0.5628128692684192 0
2369 0.4284026357099815 0.4103562576887393 0
2370 0.3105805618715008 0.6682627639641635 0
2371 0.4236664678418304 0.3384009332580573 0
2372 0.1508441270217911 0.01662171029409898 0
2373 0.2703201587656607 0.02036985070916092 0
2374 0.4668855166784515 0.7024505367706253 0
2375 0.4109357411365634 0.583835096726707 0
2376 0.4930858585385787 0.4422322782136734 0
2377 0.4067931112916718 0.2283314559324542 0
2378 0.8184279371776781 0.2651658164915546 0
2379 0.9221292662201597 0.3055585536557895 0
2380 0.4405398243919894 0.4484704105836592 0
2381 0.4466084187329934 0.4675274870311192 0
2382 0.3848720347677014 0.5605401799404111 0
2383 0.01988325053974033 0.2698719314667081 0
2384 0.349817213877564 0.4462482399896937 0
2385 0.3503911750340161 0.980220872189691 0
2386 0.01751255105102928 0.7711395502231878 0
2387 0.02019135803553984 0.7307602631593973 0
2388 0.01773298217704988 0.5106315583537678 0
2389 0.01608073262775223 0.3500103847796079 0
2390 0.01721334656320062 0.2293243054341146 0
2391 0.0168907326242812 0.1500345693032047 0
2392 0.9827706174713678 0.3700000000000001 0
2393 0.9664540583667268 0.359871354884041 0
2394 0.9661359789458356 0.3410082333490413 0
2395 0.9511168839337428 0.351252973514866 0
2396 0.9498272643362563 0.3295356398161103 0
2397 0.9832994160128256 0.7495159993258944 0
2398 0.9650787095179657 0.7596247760108595 0
2399 0.964501321044703 0.7809064157486945 0
2400 0.9825983158042844 0.7900612710687569 0
2401 0.9655567686869038 0.8002135334970684 0
2402 0.9464465105076707 0.7728949153224769 0
2403 0.7900373784811581 0.9837640946935647 0
2404 0.7808805268900419 0.9645741057469717 0
2405 0.2627699744330979 0.7464601426980273 0
2406 0.4560807544692962 0.6114381358924832 0
2407 0.524761256716451 0.4846194124677515 0
2408 0.5921093324907535 0.4106989370262421 0
2409 0.8284938109372422 0.1255281489893495 0
2410 0.4331388035781329 0.4823115821194212 0
2411 0.5469643191580207 0.3830958978604659 0
2412 0.5408957248170169 0.3640388214130059 0
2413 0.6554601288464978 0.4954732055343988 0
2414 0.5739035494677418 0.3535277076838621 0
2415 0.5725711229948891 0.406425955667084 0
2416 0.5530329134990246 0.4021529743079259 0
2417 0.4742865374923081 0.6686093652348633 0
2418 0.8709739713242675 0.2589276841215699 0
2419 0.1076513745127021 0.1451796590976212 0
2420 0.1880664705246752 0.3389165367931303 0
2421 0.7793517512659638 0.2566197795505177 0
2422 0.29 0.01732050807568852 0
2423 0.300710452723007 0.03415212472281282 0
2424 0.4022023285299017 0.6705743276428346 0
2425 0.3765965495566405 0.6472386962508846 0
2426 0.3900652817584555 0.6324594029860727 0
2427 0.4486797336554397 0.6452793074282451 0
2428 0.4426111393144357 0.6262222309807851 0
2429 0.8501033353555502 0.307552950745633 0
2430 0.860169209115113 0.1679152832434269 0
2431 0.3745236607751704 0.4694883533375118 0
2432 0.4027958318731132 0.3870261998821212 0
2433 0.4088644262141171 0.4060832763295812 0
2434 0.3506297456070399 0.3933062802461347 0
2435 0.3246788177433809 0.3707042473033683 0
2436 0.1610816475352176 0.8837899798519029 0
2437 0.5382308718713115 0.4698353173794496 0
2438 0.5274261096621562 0.3788229165013077 0
2439 0.4532705510972576 0.2030362471150092 0
2440 0.4667401662521184 0.1882521520267075 0
2441 0.6245236191182199 0.6837361396606695 0
2442 0.4526770130739973 0.4865845634785793 0
2443 0.358982841467497 0.3065267579462128 0
2444 0.04903674602510844 0.1323607150201473 0
2445 0.22842972330952 0.8098695044103927 0
2446 0.3786668049354309 0.8249962788361989 0
2447 0.5192811192262433 0.1820144611654443 0
2448 0.532750714186641 0.1672301764153386 0
2449 0.388732733635035 0.6853583125498364 0
2450 0.4115292791598223 0.3002867803631374 0
2451 0.431067488655687 0.3045597617222951 0
2452 0.4054606848188188 0.2812297039156771 0
2453 0.3348542180755517 0.7444949916872 0
2454 0.3153160085796872 0.7402220103280419 0
2455 0.2944453726109699 0.7888472769521054 0
2456 0.4244053562914238 0.5690510016384051 0
2457 0.7922275951994169 0.5253840748842544 0
2458 0.311933098949022 0.6157832486802414 0
2459 0.6150512833819162 0.5398254907993042 0
2460 0.7006051421792306 0.5230762447001751 0
2461 0.168272880314173 0.05189243235638002 0
2462 0.5086267886158858 0.6052000035224975 0
2463 0.5220964037707461 0.5904159084341954 0
2464 0.6453942550863395 0.6351108730372513 0
2465 0.5577690813671758 0.4741082987386077 0
2466 0.06607754904311491 0.2425215442278074 0
2467 0.5503680605533192 0.5079494702743695 0
2468 0.649391534505494 0.4764161290869386 0
2469 0.4047909963735605 0.5647838771159673 0
2470 0.9823327695816269 0.2500474517145829 0
2471 0.9663697343124396 0.2389463277412773 0
2472 0.4445371038105476 0.289775666633993 0
2473 0.3468460563312256 0.2684107598382018 0
2474 0.8982171818900822 0.4612966766755886 0
2475 0.3434423149359282 0.1435571874242967 0
2476 0.4682179431513042 0.6495522887874032 0
2477 0.1900338715321832 0.01600814631285868 0
2478 0.1830591881903076 0.03508497153020124 0
2479 0.4326428188412628 0.02011691513098574 0
2480 0.5111500682041806 0.9828172331389368 0
2481 0.5198570464155146 0.9646111259297427 0
2482 0.4909204405862199 0.9837265435781126 0
2483 0.2687672200038877 0.9826651526164427 0
2484 0.2558035310395451 0.9676651660466484 0
2485 0.4372814334230242 0.8378152229136734 0
2486 0.9830965246394193 0.3314432323232871 0
2487 0.5268325716388977 0.662371232864878 0
2488 0.497083204152071 0.2835375220881594 0
2489 0.594035296986867 0.07425237267945017 0
2490 0.8098398403173002 0.8661036207544608 0
2491 0.7903016308214359 0.8618306393953024 0
2492 0.3401839239669621 0.5329019997543125 0
2493 0.5949195358627921 0.8191008258037185 0
2494 0.6083891510176529 0.8043167307154165 0
2495 0.7026764571016486 0.7008280650973144 0
2496 0.4815422078798321 0.1205698089551837 0
2497 0.6710010589238071 0.6584409308432262 0
2498 0.6844706740656189 0.643656835768999 0
2499 0.4056060352451527 0.7954280886595946 0
2500 0.5934417589636063 0.3578006890430202 0
2501 0.5152889209801483 0.3407087636063877 0
2502 0.6385867722963389 0.3854037282087965 0
2503 0.38385116040051 0.09920490215939209 0
2504 0.4910146318760453 0.2644804415820832 0
2505 0.3113187291611276 0.8989167542777073 0
2506 0.4950118230346925 0.1057857138668817 0
2507 0.8117658048295614 0.5296570555120147 0
2508 0.4215951529193858 0.1606491128609306 0
2509 0.699272715703529 0.5759744926864706 0
2510 0.7908951567488127 0.5782823277962962 0
2511 0.7848265715069225 0.5592252469321443 0
2512 0.621119877722869 0.5588825672468198 0
2513 0.7410139876438122 0.4787239594352695 0
2514 0.9807730815545292 0.8311816807184936 0
2515 0.387400252222141 0.7382568593172146 0
2516 0.4143394825318621 0.7086886691406108 0
2517 0.3948012838757002 0.7044156288311623 0
2518 0.1784031916823028 0.1961127560700154 0
2519 0.3711195916509882 0.3446429158758287 0
2520 0.3705313917035647 0.6281629309178239 0
2521 0.3718593221448346 0.5752891340083908 0
2522 0.3422552924230272 0.7106535290159244 0
2523 0.2519899188222723 0.9378794427979045 0
2524 0.6237847306686257 0.4530860712803204 0
2525 0.6433229401644901 0.4573590526394786 0
2526 0.2787590921073316 0.1116811668993624 0
2527 0.2310945762552256 0.7040730084439488 0
2528 0.3261207707888417 0.8312344112061836 0
2529 0.6804733946601066 0.8023515797045904 0
2530 0.674404800319103 0.7832945032571301 0
2531 0.5226899417940051 0.306867592070626 0
2532 0.6501304229550888 0.7070661974672892 0
2533 0.3495109092769316 0.162614263871757 0
2534 0.7948924482632543 0.419587579082062 0
2535 0.1932052333100165 0.1284304129984916 0
2536 0.5141248150525156 0.9079289506299472 0
2537 0.8622386728438393 0.3456654170397291 0
2538 0.127342220216738 0.6636388527491268 0
2539 0.140866739330065 0.6488232036280714 0
2540 0.9263382927845603 0.1469173239806899 0
2541 0.7787579795254059 0.5401681700031605 0
2542 0.7867535274103624 0.2227789286762651 0
2543 0.7928215700025862 0.2418357131648939 0
2544 0.9827596483276108 0.07071391178019049 0
2545 0.8696415448514144 0.3118259321047913 0
2546 0.2017332055956933 0.6097163227300533 0
2547 0.6218587661725139 0.7895326356271148 0
2548 0.4661466282288578 0.4718004683902773 0
2549 0.3552581298385344 0.4653026462966521 0
2550 0.2222157785421812 0.2766140432190148 0
2551 0.2356853936970421 0.261829948130713 0
2552 0.8070285264832601 0.4577007202481125 0
2553 0.8009602595861797 0.4386439421309601 0
2554 0.2908962807893388 0.1497953197942811 0
2555 0.3091020638123498 0.2069665491366627 0
2556 0.4371360829966909 0.3236168381697551 0
2557 0.07006023054799626 0.9837117401251176 0
2558 0.08145674581124762 0.405396098338656 0
2559 0.4964895999338776 0.5670858506275774 0
2560 0.3813316610727476 0.7191997655126028 0
2561 0.4420260247972608 0.9097850673645801 0
2562 0.7814227026053807 0.4343715552706036 0
2563 0.18461713644964 0.7293682172613948 0
2564 0.1711475212947793 0.7441523123496968 0
2565 0.4229275793922392 0.1077508648777088 0
2566 0.4344712300509854 0.4294133341361993 0
2567 0.2454061206299425 0.9197528791717359 0
2568 0.5733100114444833 0.6370760240474329 0
2569 0.5166218218500283 0.287810428362919 0
2570 0.4655530902055987 0.7553487847538471 0
2571 0.1428758645122056 0.8266187505095227 0
2572 0.7963702251624396 0.8808877158427622 0
2573 0.7013440306288248 0.7537263130805267 0
2574 0.8427020060094066 0.3413938411812575 0
2575 0.1099999999999996 0.9826794919243118 0
2576 0.4553418660197026 0.3807880675121353 0
2577 0.3447747414087816 0.09065893944107517 0
2578 0.7266963010328555 0.262335651507875 0
2579 0.485091299701463 0.7596217661130051 0
2580 0.166411353426628 0.6721969879190147 0
2581 0.1603741419877469 0.6531517729270275 0
2582 0.4600780338878538 0.4527433919428172 0
2583 0.1818373887841582 0.3207547090612394 0
2584 0.4479408452058459 0.4146292390478973 0
2585 0.4081255377645252 0.1754332079492322 0
2586 0.5450383546619092 0.7195424622072583 0
2587 0.4688114811745631 0.3660039724238333 0
2588 0.4627428868335592 0.3469468959763732 0
2589 0.5092203266391445 0.3216516871589278 0
2590 0.8144299293150276 0.4238598967643763 0
2591 0.7080061629930873 0.4892350731644134 0
2592 0.1131289548834439 0.4477529301470949 0
2593 0.303178850042285 0.7021076934956665 0
2594 0.1764627911365987 0.3569766324989697 0
2595 0.4763578524147526 0.846361185631991 0
2596 0.4876108022208359 0.139626885402644 0
2597 0.1844717860233067 0.2151698325174752 0
2598 0.7673375459390497 0.7327076634808215 0
2599 0.1859495629224925 0.6764699692781727 0
2600 0.2296167993560388 0.2427728716832525 0
2601 0.7140747573340912 0.5082921496118734 0
2602 0.7186527353473977 0.06610779759223406 0
2603 0.2519745465776111 0.6554562142817041 0
2604 0.2735747366422528 0.837472543576169 0
2605 0.3005139669519737 0.8079043533995652 0
2606 0.5160278094297419 0.5713588319867354 0
2607 0.3287856409068027 0.7254378218507003 0
2608 0.09418175935784151 0.1599637541859233 0
2609 0.9079725776464205 0.08974337158524381 0
2610 0.7901563104066061 0.3476322819945073 0
2611 0.5442994662123154 0.4888923938269096 0
2612 0.8130975336883417 0.4767581728511778 0
2613 0.4614104603607064 0.3998451439595953 0
2614 0.4007245169506682 0.2092743794849941 0
2615 0.6837318259720236 0.4130068041305621 0
2616 0.5308298510574548 0.5036764889152114 0
2617 0.8071965585376137 0.7935222675359468 0
2618 0.3577961689667132 0.8736215454602622 0
2619 0.75993652512557 0.7665488350164092 0
2620 0.5645765641577736 0.7238154435664166 0
2621 0.9266343393676235 0.982052486645405 0
2622 0.2540365271463881 0.8331995622170107 0
2623 0.8089556014413781 0.1212551676301907 0
2624 0.2394784518710486 0.6174644862487456 0
2625 0.2325066088015331 0.5963357380975896 0
2626 0.25936036015561 0.6217376372735751 0
2627 0.1338856961673024 0.3991911191172134 0
2628 0.2661737158283953 0.8713137151119308 0
2629 0.06431094008552496 0.861652941787885 0
2630 0.1089813868523221 0.09229244973986717 0
2631 0.4945636354377639 0.9035324149743722 0
2632 0.3092474303748119 0.7211648461263784 0
2633 0.3921364200902918 0.8102121837478966 0
2634 0.707412624969828 0.7727833895279868 0
2635 0.7269508344656926 0.777056370887145 0
2636 0.5173602359025943 0.5184605840035132 0
2637 0.1191800831617661 0.4665737505272169 0
2638 0.1252636195124465 0.4858992048035676 0
2639 0.1601974086592916 0.1389415267276354 0
2640 0.5340882420264212 0.1143316765851983 0
2641 0.5280196476854175 0.0952746001377382 0
2642 0.8561715697422195 0.3266096992429329 0
2643 0.139326772690574 0.187566793351699 0
2644 0.3394443286797673 0.3022551633892661 0
2645 0.6662648910498414 0.5864856064188142 0
2646 0.06185778152369237 0.1716034518905017 0
2647 0.1246700814891934 0.7694475211671425 0
2648 0.04874197019487631 0.4158973818723768 0
2649 0.1549696409420253 0.3511133255661491 0
2650 0.5361600331846408 0.2920834093838592 0
2651 0.8163566222552356 0.08741399609442929 0
2652 0.1576779061399187 0.7589364074379987 0
2653 0.7362778462705484 0.406768659143768 0
2654 0.7577589722598682 0.0746198275357246 0
2655 0.6305922134592234 0.7027932161081297 0
2656 0.5672414171034788 0.6180189475999723 0
2657 0.8028870071003746 0.1021980911827306 0
2658 0.2715143461393346 0.6597304209629322 0
2659 0.4843524112518694 0.5289716977326572 0
2660 0.5792809626153672 0.1416907429975228 0
2661 0.5571755433439172 0.7576566151021789 0
2662 0.6532120445329476 0.318590316192615 0
2663 0.3490627216800033 0.9603609649792457 0
2664 0.06628836158664941 0.7565529350458425 0
2665 0.9629482422820796 0.08100427902035284 0
2666 0.4363971945470994 0.09296676978940732 0
2667 0.06258552045594129 0.117485055977013 0
2668 0.1098081512102069 0.01933099805570987 0
2669 0.5414814228943772 0.08052635320616169 0
2670 0.6939430098149673 0.7875674846162884 0
2671 0.1003954081274564 0.693218613459879 0
2672 0.9072928299192154 0.5506244781982264 0
2673 0.07217014091428142 0.7756552796540119 0
2674 0.1649335765274422 0.2108968511583167 0
2675 0.1123875423808527 0.2171349835283034 0
2676 0.05027880695941722 0.3632650795148457 0
2677 0.2971104070089721 0.6830497941813187 0
2678 0.277573901379696 0.6787790647015278 0
2679 0.1159366342024857 0.8561869406861269 0
2680 0.7404167606220788 0.762272872108578 0
2681 0.6265941433037002 0.8614915757029755 0
2682 0.06783690200720466 0.1901515739945413 0
2683 0.08656175176419051 0.4766100610859732 0
2684 0.602315435104378 0.2726953538006355 0
2685 0.1810680291399535 0.09031633092271146 0
2686 0.2006061931644768 0.09458952019960121 0
2687 0.1017312651708353 0.6402772205986047 0
2688 0.49782202640673 0.5141876026443551 0
2689 0.8534536689749604 0.4323578639630706 0
2690 0.5619117112120674 0.8296119395328613 0
2691 0.8736388242699737 0.1531311881551258 0
2692 0.3773344201616683 0.8778946327272701 0
2693 0.2201444105698396 0.09886246539257471 0
2694 0.5611728227624745 0.5989618711525119 0
2695 0.7758835857745564 0.929747750475451 0
2696 0.2868989010612631 0.3084940503852788 0
2697 0.8278989947643933 0.4090753008458637 0
2698 0.5887863197264344 0.2862327196737446 0
2699 0.5355660189256062 0.5756318133458933 0
2700 0.8688864580041441 0.0811752334966373 0
2701 0.8339548017178627 0.4281207268549372 0
2702 0.4904210055928734 0.5480287741801172 0
2703 0.2309492258288921 0.18987462370003 0
2704 0.5692845811442342 0.2816173676720494 0
2705 0.1224505996516436 0.07751019442247647 0
2706 0.04784966997858975 0.6994573477472874 0
2707 0.6596028303116998 0.8509765188447438 0
2708 0.703270072082495 0.4172798188488582 0
2709 0.9334606501862084 0.4499043771562928 0
2710 0.4911598940424667 0.7786788425604654 0
2711 0.2344983176505238 0.8289265808578525 0
2712 0.5610183257325914 0.08480530925810725 0
2713 0.6326549027796378 0.8805844770750427 0
2714 0.1520820265376083 0.4037087237204376 0
2715 0.2210287024956632 0.8437106759461541 0
2716 0.3946559226096645 0.1902173030375339 0
2717 0.4702892580737492 0.8273041091845305 0
2718 0.731890300134679 0.05162732171349899 0
2719 0.3065825612929773 0.8269614298470254 0
2720 0.4837588732286097 0.8125200140962281 0
2721 0.5496658630267625 0.2773037433285311 0
2722 0.1884690654418661 0.05647508856781114 0
2723 0.3699333993478114 0.9117358042630319 0
2724 0.7383491346333078 0.584520455470609 0
2725 0.3056767142302214 0.08227807561259554 0
2726 0.639890665498106 0.3326511535564902 0
2727 0.1319257518767172 0.2214079648874608 0
2728 0.1038040424762452 0.8180713921586131 0
2729 0.416858985051235 0.08869378843024911 0
2730 0.6541277023736407 0.548371453517626 0
2731 0.5888509415217887 0.8000437493562578 0
2732 0.395540161485588 0.9350657561618008 0
2733 0.1453953670315783 0.206623869799158 0
2734 0.4776902788876062 0.7934629376487674 0
2735 0.2601051214873916 0.852256638664471 0
2736 0.1575325557135858 0.2447380226940786 0
2737 0.4181638728536263 0.03606373921109218 0
2738 0.1160656391228201 0.05808716165091032 0
2739 0.1103162274584072 0.03938316313117729 0
2740 0.3894733671553418 0.9160132514031727 0
2741 0.1514639613725818 0.2256809462466182 0
2742 0.5632441376849205 0.7767136915496388 0
2743 0.5827823471807854 0.7809866729087974 0
2744 0.2982973016031963 0.1159541482585199 0
2745 0.2931129461381167 0.8417455249353274 0
2746 0.5744573854478263 0.07013573070968138 0
2747 0.1880208778449385 0.8542217896752982 0
2748 0.8162081209033907 0.8850588828142054 0
2749 0.7861402265243884 0.7372475121186074 0
2750 0.2444188409837531 0.1750905286117274 0
2751 0.9268208978626268 0.3780049026212497 0
2752 0.5879062605578219 0.0547336319744216 0
2753 0.2014904929997989 0.8394376945869961 0
2754 0.8588367826422593 0.2208135312266499 0
2755 0.6850699091382111 0.3601165706995786 0
2756 0.7296156874084495 0.6712598749234402 0
2757 0.3973270107311656 0.08442663736081002 0
2758 0.5416346132666104 0.5946888897933534 0
2759 0.1940894721859419 0.8732788661227582 0
2760 0.8683042341298267 0.3647197301064371 0
2761 0.9134307956462882 0.3923954777649407 0
2762 0.1806198570310815 0.8880629612110608 0
2763 0.1098734029765444 0.8371282360006411 0
2764 0.8527681883012558 0.201756454779189 0
2765 0.2848276864483354 0.1307382433468216 0
2766 0.8783749921381232 0.2250865125858074 0
2767 0.2713580712934749 0.1455223384351232 0
2768 0.8413691856034526 0.3942917302566651 0
2769 0.1366619197448679 0.2933632893181417 0
2770 0.6601962967131725 0.5674285299666753 0
2771 0.8102880279142319 0.06835691964696744 0
2772 0.8662378034561161 0.1869723596908873 0
2773 0.8884260357210583 0.08547562330868397 0
2774 0.8548378826507859 0.379506798691394 0
2775 0.6715961162785828 0.3748984806533033 0
2776 0.3778024244551164 0.08017785288563339 0
2777 0.8844435864791276 0.2441435890332679 0
2778 0.1866681253999125 0.9072074714942063 0
2779 0.1440629405587256 0.2595221177823805 0
2780 0.8939159222154272 0.3880542378946313 0
2781 0.3582706779461883 0.07595122774294794 0
2782 0.5605792625112819 0.882510289153313 0
2783 0.917451411129852 0.2336324753041252 0
2784 0.2578884561386141 0.1603064335234251 0
2785 0.1927239441927888 0.9262705670550033 0
2786 0.1792874305582282 0.9409612091942822 0
2787 0.5666478531476303 0.901567382540311 0
2788 0.3387061470677781 0.07160186299361582 0
2789 0.6776636166719401 0.3939508254774514 0
2790 0.5861809442276763 0.905863767858476 0
2791 0.1171237102490043 0.2890903079589836 0
2792 0.1501315348997285 0.2785791942298403 0
2793 0.9360395602564967 0.2386252419076758 0
2794 0.5925452900337252 0.9257764280362681 0
2795 0.3192078243858035 0.06754110258959134 0
2796 0.6661362040008667 0.07227384658050862 0
2797 0.1036540950941418 0.3038744030472856 0
2798 0.7188109251263423 0.5802474741242918 0
2799 0.7053413098918851 0.5950315692986389 0
2800 0.09018447993927847 0.3186584981355877 0
2801 0.0705744953492386 0.314365923814054 0
2802 0.04621192773115723 0.2900691851334254 0
2803 0.6526632919189084 0.0869859916380975 0
2804 0.7040088834992584 0.6479298171953174 0
2805 0.7100774778934157 0.6669868935852975 0
2806 0.7444177266892935 0.6035775343803325 0
2807 0.7430853004651324 0.6564757820918569 0
2808 0.7969637304771591 0.597339416401814 0
2809 0.7882268252345396 0.6840799369794721 0
2810 0.7639559166912115 0.6078505367733916 0
2811 0.7774255326814601 0.5930664363372904 0
2812 0.7626235120065783 0.6607487612092473 0
2813 0.7686915161558718 0.6798060330850775 0
2814 0.8030320053992144 0.6163968323190741 0
2815 0.8016991466510073 0.6692943855742396 0
2816 0.8225683643161803 0.6206717469059635 0
2817 0.8165014196896823 0.6016128924319768 0
2818 0.8434411332574826 0.5720441267826049 0
2819 0.8299713562129094 0.5868284319318602 0
2820 0.8688906972268449 0.5952751089929413 0
2821 0.8820595046438444 0.5804558174035773 0
2822 0.8145841780171833 0.7088939381386841 0
2823 0.8671036003961545 0.6478598179369603 0
2824 0.01804968801680706 0.08856501450638582 0
2825 0.1039025222995508 0.5842240811369025 0
2826 0.8211733779696874 0.6736289826473459 0
2827 0.8078762138485052 0.6886067429607069 0
2828 0.4498355696938163 0.9823924164357561 0
2829 0.03928368985142455 0.6105034886209386 0
2830 0.7501745198798624 0.01683709454147087 0
2831 0.6920530920373451 0.01514921362231236 0
2832 0.6239643663595053 0.1669535278565898 0
2833 0.03491981016116497 0.1990538824779125 0
2834 0.9385407720042874 0.6011843703236678 0
2835 0.9111871496373084 0.01652799001653571 0
2836 0.01703948981044001 0.55 0
2837 0.7206530192243458 0.2423959770823451 0
2838 0.2282575269436168 0.3683897185304684 0
2839 0.9235902736255659 0.5077618109693069 0
2840 0.2099999999999999 0.9831808306550172 0
2841 0.9516966756362165 0.1693487020908256 0
2842 0.983939656046123 0.5800874265799902 0
2843 0.9646988448750629 0.3811982342508054 0
2844 0.3113175156677022 0.05008655797773204 0
2845 0.5775884574998043 0.1946017265301017 0
2846 0.983177594905984 0.2105518136319209 0
2847 0.7281853774343007 0.2096357156939483 0
2848 0.6864955472452611 0.3079773153530367 0
2849 0.2544869553965358 0.03611747744281019 0
2850 0.712825045092308 0.1668987219110712 0
2851 0.2141038717256042 0.5946025772018202 0
2852 0.8119369359319608 0.7603634359518689 0
2853 0.01630965981069815 0.9501685079776769 0
2854 0.9129608340356931 0.8590534862191113 0
2855 0.5836515639587673 0.2129560831131561 0
2856 0.2924002880942356 0.3842068040158447 0
2857 0.02849823761086034 0.6943303278722084 0
2858 0.6893498890350055 0.9820305940614857 0
2859 0.9001747751083352 0.5828097726030875 0
2860 0.3723636593772608 0.9829056761220838 0
2861 0.4615152029166962 0.9662699350350583 0
2862 0.3037143509776139 0.5963252654129763 0
2863 0.1057252573879907 0.4805797673354376 0
2864 0.1663391326046073 0.4414899087445397 0
2865 0.9514634169710096 0.8130413177272522 0
2866 0.03031234946161909 0.9811094367406993 0
2867 0.9704870881892163 0.9835629167117248 0
2868 0.9840628089462498 0.0306460687411132 0
2869 0.6102864047210579 0.2330833217988892 0
2870 0.8771455542753236 0.8483458991627717 0
2871 0.01672358584302636 0.4489661003648615 0
2872 0.9685974645024783 0.03948116765036047 0
2873 0.01752656663184959 0.8882190388091047 0
2874 0.1770832583421233 0.3794811407419928 0
2875 0.8809787186620193 0.6860157724756288 0
2876 0.9636880337126866 0.1550893648170502 0
2877 0.0348325073967245 0.4311406094082255 0
2878 0.6051137437485193 0.1636624055164611 0
2879 0.03178621012184213 0.01738456648029735 0
2880 0.03431844822021718 0.4822361385503757 0
2881 0.3384703859352652 0.40862527997995 0
2882 0.03496445500384088 0.7146467989314499 0
2883 0.2109525862675407 0.4994893105092229 0
2884 0.2968237793206655 0.9651949199916796 0
2885 0.7512503519147674 0.9834013829388843 0
2886 0.6488195449837814 0.01618716377029239 0
2887 0.9156936305916192 0.7385742407997877 0
2888 0.1150097009453679 0.5720095964832772 0
2889 0.3294123968194463 0.4422582541649136 0
2890 0.2493536993365585 0.9841310689742688 0
2891 0.177982600302966 0.4189903275899471 0
2892 0.03313472773737358 0.8183067449861392 0
2893 0.5917077512442209 0.178672863168195 0
2894 0.06199626163280114 0.9669287891275238 0
2895 0.6775810939310424 0.9631326612404063 0
2896 0.03466821321718716 0.5227427237317269 0
2897 0.2526421278583285 0.5766973472171674 0
2898 0.16144869869779 0.03380460956823444 0
2899 0.2496326274354944 0.4854598782025493 0
2900 0.7824196491395223 0.9461616464201389 0
2901 0.6707742385130137 0.9403124307322974 0
2902 0.1159861128794862 0.5134784425142792 0
2903 0.9670224532307183 0.2818360804362494 0
2904 0.3981029656078434 0.03300359538914799 0
2905 0.8289375908386032 0.9227410639229106 0
2906 0.61 0.9845699104047851 0
2907 0.3317105006253203 0.01710095643442677 0
2908 0.4898682351497968 0.03569331767548894 0
2909 0.6866120405682057 0.2797041147060489 0
2910 0.8258988088573962 0.7568988084813261 0
2911 0.8321064678576453 0.9429712806053319 0
2912 0.03318322374400606 0.141097798553382 0
2913 0.6182582643258928 0.1488327067161661 0
2914 0.8959411258244848 0.8549046031342644 0
2915 0.03432354463988174 0.7639621180405346 0
2916 0.632250089229101 0.1335438514001106 0
2917 0.2988756822869947 0.5038533890237902 0
2918 0.887274970781873 0.6520910399983886 0
2919 0.2517803874072473 0.6035598270681208 0
2920 0.9646923419209841 0.8508088657467352 0
2921 0.9663439829678035 0.9024101325383524 0
2922 0.03457645628662898 0.2538875226240499 0
2923 0.2017003727091836 0.4395259400098298 0
2924 0.07489819086258787 0.05060053707578249 0
2925 0.2198823473596726 0.5776383278636281 0
2926 0.724761053603621 0.03623469143838731 0
2927 0.03241644638832097 0.3575583228568981 0
2928 0.9839548223479346 0.1077910629098466 0
2929 0.888429339412609 0.03660748595845592 0
2930 0.8090262193348322 0.01661881401476417 0
2931 0.9691322735734257 0.9203947493209381 0
2932 0.9335121176944919 0.3439165342275282 0
2933 0.2723546816119258 0.6088669912150577 0
2934 0.1755546562803846 0.4747385082271906 0
2935 0.2240461162092104 0.9675445059738733 0
2936 0.7375602268078744 0.1212575222757004 0
2937 0.7447445834634691 0.1434718183494945 0
2938 0.9616017784148514 0.6042573525208959 0
2939 0.1461653727305084 0.4871079464301241 0
2940 0.9392774590529143 0.3646432452258578 0
2941 0.01505615675534888 0.3103458614931057 0
2942 0.9224455960767397 0.7075806110735796 0
2943 0.8495143494379969 0.8723874707716806 0
2944 0.2288478161635804 0.01597479050897765 0
2945 0.5049720142975518 0.01878439436415125 0
2946 0.2100268157136455 0.3601049792798989 0
2947 0.03156003884813186 0.6391841159023791 0
2948 0.5600327815601831 0.03363487264818449 0
2949 0.1300000000000002 0.9857212661007965 0
2950 0.48 0.9684051230064319 0
2951 0.3453505741464437 0.4264844102133509 0
2952 0.03286939547104079 0.07615039554242792 0
2953 0.7177714077147226 0.9686922030815415 0
2954 0.9478280317960129 0.7056739542021293 0
2955 0.2700434225183587 0.4671750167563135 0
2956 0.3548914654464671 0.5735742643261417 0
2957 0.9841244279504633 0.4486131019023448 0
2958 0.04969804994324528 0.1858442087726366 0
2959 0.9324858646266505 0.9170732201737184 0
2960 0.8303594373459666 0.9861241470888653 0
2961 0.3880720800590478 0.9667650451412082 0
2962 0.804376140689405 0.7424586575589335 0
2963 0.1428043911322381 0.9495676137777307 0
2964 0.7975281075092966 0.03192308096869162 0
2965 0.5519502188871406 0.9857817127568684 0
2966 0.7056514599611978 0.1963150648650132 0
2967 0.6988982033543205 0.1109062624599439 0
2968 0.1692439971177369 0.9546542603850366 0
2969 0.2172708447305103 0.4151626445006662 0
2970 0.9861995797345293 0.6318070684652913 0
2971 0.8755934558784335 0.79654819978604 0
2972 0.1407698935245008 0.03159506389186134 0
2973 0.9302646253913374 0.5360366875729837 0
2974 0.6293988931639051 0.01455272037333111 0
2975 0.3177037202791551 0.9675913917264447 0
2976 0.8835572206194046 0.7032627811397687 0
2977 0.7628720676278002 0.9679756915010698 0
2978 0.2853796314069444 0.4742292376496853 0
2979 0.9074207245269466 0.6012068559979722 0
2980 0.9868371466356767 0.9503238649756536 0
2981 0.6422309531172828 0.2189759571063357 0
2982 0.08116451944835323 0.9690733029721168 0
2983 0.9837783649438924 0.131259250075811 0
2984 0.9606802705128898 0.7230954436935603 0
2985 0.8479054233807254 0.9467580900685111 0
2986 0.9480822133717094 0.7559653598813325 0
2987 0.9902742832508493 0.5692908679022791 0
2988 0.9391164701901863 0.5113328408489071 0
2989 0.8009487473783452 0.9691481226834029 0
2990 0.3182952165161635 0.4592582713826266 0
2991 0.8926530873494368 0.8363631081163163 0
2992 0.3787659948270468 0.0307462357914528 0
2993 0.2975196833526542 0.4569317759704746 0
2994 0.03313953010706983 0.9249684618250732 0
2995 0.918143560041109 0.5255365896427935 0
2996 0.9678494112711856 0.8169066315695737 0
2997 0.6635216207946437 0.1219556206611089 0
2998 0.8908111790375853 0.4974679572862559 0
2999 0.9196255289339169 0.9288235673905831 0
3000 0.2399676644464421 0.971509675603933 0
3001 0.5411333419682394 0.02989795570721471 0
3002 0.9127852733373232 0.5670391229284826 0
3003 0.4697531552346053 0.01209187263896605 0
3004 0.1952742065914312 0.593179099141158 0
3005 0.5359881454943004 0.9629402943035471 0
3006 0.138178194734491 0.5963754296902706 0
3007 0.16337595289434 0.3912380890748965 0
3008 0.898243324783678 0.6351213659138046 0
3009 0.9870040632404186 0.1699999999999998 0
3010 0.6454227504831601 0.3008217960195746 0
3011 0.03128835095821925 0.8769100211252536 0
3012 0.665558909047768 0.3064967116820728 0
3013 0.2618554413918625 0.3720890349129149 0
3014 0.9177780928474073 0.4605069087343091 0
3015 0.3241692342756035 0.5300059047746407 0
3016 0.6379951886138686 0.2833295384353756 0
3017 0.01317630165280775 0.6921571753863882 0
3018 0.01276899561438849 0.41 0
3019 0.9048499096196463 0.7465856034218337 0
3020 0.9674242545136679 0.05922394259320463 0
3021 0.9681958481849932 0.2236847672126117 0
3022 0.93718073651969 0.9676789508659152 0
3023 0.02994510184046367 0.8004249355562947 0
3024 0.9405259384291583 0.03052765628497456 0
3025 0.9700554245388919 0.7400000000000005 0
3026 0.3192256691782251 0.5852826533591485 0
3027 0.09248823978061305 0.4919923860017344 0
3028 0.09699110308639969 0.03227953437006686 0
3029 0.96820067130734 0.3974348463612906 0
3030 0.01354264393587989 0.4702465595242369 0
3031 0.8983444824176249 0.8711735082279999 0
3032 0.8902022008062921 0.7272197417678807 0
3033 0.292183144568846 0.04772555151496427 0
3034 0.6988603840869732 0.2711414322407471 0
3035 0.7785625436511467 0.02997418315569178 0
3036 0.194644871289031 0.4262768700280151 0
3037 0.7100000000000001 0.01239331217701284 0
3038 0.8703875104613567 0.0129090294006598 0
3039 0.9699209129030517 0.2993294047834451 0
3040 0.6199036913447289 0.9704011339417798 0
3041 0.5028128705356874 0.9674812757408628 0
3042 0.9869061011475766 0.7087888971881605 0
3043 0.6200310535200285 0.2788088823732355 0
3044 0.8509685515231791 0.9859230915934838 0
3045 0.2173253465483566 0.03029498025092814 0
3046 0.3473295792699813 0.5470342143905758 0
3047 0.8535498733380364 0.7884485822208177 0
3048 0.9057715216221442 0.724118928251994 0
3049 0.8148201189528546 0.7760615286081001 0
3050 0.834947995005603 0.9586126873353126 0
3051 0.8234362770815297 0.8031185753945244 0
3052 0.8464305063484746 0.8131069783961238 0
3053 0.8633022656953766 0.7173950991530214 0
3054 0.6545285845180822 0.2258300787473489 0
3055 0.9656964224798644 0.9351230303164574 0
3056 0.05028060870160844 0.5179490836654181 0
3057 0.9133340684588203 0.6380807607009693 0
3058 0.9655919764505196 0.686453032922103 0
3059 0.6301000270199955 0.2334604237782058 0
3060 0.05321548015831679 0.5946765926479162 0
3061 0.07211591076189949 0.5819966503227394 0
3062 0.0319139164324399 0.1243701196436668 0
3063 0.651208230085397 0.9862872133819653 0
3064 0.01464101615137703 0.985358983848623 0
3065 0.9853589838486227 0.0146410161513772 0
3066 0.9853589838486227 0.9853589838486227 0
3067 0.8811971122233806 0.4711626403258024 0
3068 0.9870145748555721 0.6727200010350698 0
3069 0.01453918529110093 0.01453918529110093 0
3070 0.03092831051555983 0.2373476122194531 0
3071 0.9663035504360468 0.9683637596988525 0
3072 0.02913606374550964 0.5785805028795026 0
3073 0.9099999999999996 0.9882541287889507 0
3074 0.03206128737975433 0.7464417869836958 0
3075 0.680821004426426 0.1610935507746588 0
3076 0.6144452015861972 0.2626301540811288 0
3077 0.1951472424630482 0.3535792113341439 0
3078 0.2213650033131638 0.5028227956141911 0
3079 0.7243569871157365 0.9851297057049734 0
3080 0.4098373268122711 0.9881681943304219 0
3081 0.02896036892905735 0.05999999999999972 0
3082 0.9268708933378658 0.8846599909783454 0
3083 0.0289150759289683 0.3400000000000001 0
3084 0.6191801304389501 0.02952127711237962 0
3085 0.04920625930192057 0.8563405248553753 0
3086 0.04999999999999999 0.01145437725386028 0
3087 0.57 0.9886135223436001 0
3088 0.04602727328990003 0.1700000000000007 0
3089 0.8370264221166748 0.9054042613367679 0
3090 0.1229712782235129 0.03037343261585645 0
3091 0.9510477863055913 0.2439891261535916 0
3092 0.7017170074844706 0.1565424332681163 0
3093 0.3368809385947383 0.9692564472568859 0
3094 0.09913493879335478 0.9711269990568391 0
3095 0.5352833679835465 0.01427015414816019 0
3096 0.8596569233048339 0.8028042949233117 0
3097 0.9865851927685951 0.5936102717048721 0
3098 0.1667601797076476 0.60205228472137 0
3099 0.1657746553245021 0.4868647901922367 0
3100 0.03117769029407613 0.2849873445689289 0
3101 0.258835705550755 0.9522449785536133 0
3102 0.2671841032300061 0.4875096496525334 0
3103 0.9094969249484659 0.6204337865776689 0
3104 0.02978224057217893 0.6223357086621826 0
3105 0.9885708795751247 0.8699762381127487 0
3106 0.06523838540259608 0.03274831212745516 0
3107 0.6329729602085675 0.9672459898794399 0
3108 0.07377889582013275 0.5071986838581912 0
3109 0.3600000000000002 0.02829868110503925 0
3110 0.03198185719718016 0.5946358542343668 0
3111 0.2958672567450664 0.4861943652097023 0
3112 0.992056579322529 0.4872957771016662 0
3113 0.8292084289535968 0.7072191592271531 0
3114 0.953971044052164 0.369228129304245 0
3115 0.3163555430570395 0.5038310795219896 0
3116 0.8203811309235626 0.9716230180859403 0
3117 0.9054562039486544 0.8260572473202454 0
3118 0.8876092464521889 0.6698682409823447 0
3119 0.1218009686789648 0.5000844581830355 0
3120 0.1699933584189354 0.98792396575626 0
3121 0.2396405345763564 0.4921725836810112 0
3122 0.01407358324230767 0.6646983478782132 0
3123 0.4498008782631656 0.03101972288428134 0
3124 0.2857380857051385 0.03149992056235495 0
3125 0.1659691194764009 0.4604414763154888 0
3126 0.663731330676381 0.9695658782271706 0
3127 0.2841926367771884 0.5985243328390351 0
3128 0.916885524013779 0.5395368784228375 0
3129 0.02737783394259113 0.9595745244120555 0
3130 0.9321253164218843 0.7779318766398973 0
3131 0.2455527909272278 0.5898737056411595 0
3132 0.1217983689555391 0.9740772435752134 0
3133 0.9212992294557775 0.02881541503819668 0
3134 0.9554258409084354 0.03037940901006142 0
3135 0.9238093497905571 0.59572217937903 0
3136 0.9864633783144023 0.4641315470575885 0
3137 0.1801836738269513 0.5924857510047667 0
3138 0.7599050129360864 0.0274481762469227 0
3139 0.1999999999999997 0.02753120008750881 0
3140 0.9528344494359958 0.4479617600517392 0
3141 0.968629379064991 0.3257901508327785 0
3142 0.8469211218305519 0.8265347628164021 0
3143 0.9895550817299571 0.6492137144799948 0
3144 0.686282987110584 0.03001586857855099 0
3145 0.02747904194412254 0.5605148670419866 0
3146 0.1663460699563042 0.4087543513235098 0
3147 0.8655843068092429 0.8734221701153937 0
3148 0.3185674710043438 0.4338710128984696 0
3149 0.852832276687938 0.7632491406883499 0
3150 0.8427547770372363 0.7472219489039659 0
3151 0.8808412699918632 0.7769630908860445 0
3152 0.8723198539761288 0.7391023634842766 0
3153 0.8575857333469306 0.7354684666256204 0
3154 0.8898803449353794 0.7623242927109609 0
3155 0.8429335151949744 0.7320531019926971 0
3156 0.8714489028966824 0.7667857864003187 0
3157 0.8928068785509883 0.7737950742517369 0
3158 0.8635048136455185 0.750338856189901 0
3159 0.8796764884308744 0.7508668670014476 0
3160 0.8680146069714658 0.9270231409759857 0
3161 0.8737165599516536 0.9087269789452297 0
3162 0.8744632213076911 0.9593403733828656 0
3163 0.8940525834727334 0.9416893418636936 0
3164 0.8979889632329223 0.9266827701119353 0
3165 0.8820442073414521 0.8968769438741917 0
3166 0.8910336449600059 0.9578725048204262 0
3167 0.8905720369662639 0.9099155274597115 0
3168 0.874795976108561 0.9439375032655059 0
3169 0.8831901211172667 0.9263292104370103 0
3170 0.6846861110838305 0.2095098473994157 0
3171 0.6602053218743342 0.1843648087850792 0
3172 0.6799815808776453 0.2253303502750116 0
3173 0.6704098938956454 0.2127509103899407 0
3174 0.6778845515835379 0.1839912655582569 0
3175 0.6918675670224386 0.2189291767219676 0
3176 0.6588427497026311 0.2014618328149761 0
3177 0.674417485006501 0.1976585765656918 0
3178 0.26193576973121 0.5258475837546883 0
3179 0.1044134402475595 0.534456309357346 0
3180 0.2203184304299994 0.5506149537471381 0
3181 0.1881053157105595 0.548465580688989 0
3182 0.23530435429817 0.5252900726392645 0
3183 0.2482467769660748 0.5536708787590591 0
3184 0.1504607982006395 0.5462778911152719 0
3185 0.118571364292404 0.5481071151707457 0
3186 0.2686121657322263 0.5392898709899092 0
3187 0.1974868632882909 0.5313514329499713 0
3188 0.1690943244684938 0.5468876304552253 0
3189 0.2173898945111956 0.5310611671248414 0
3190 0.132497537922737 0.5466270960010465 0
3191 0.1786076058300194 0.5306218547540432 0
3192 0.2055128729367673 0.5485770223222978 0
3193 0.2344746908596759 0.551767245418053 0
3194 0.1598554142230034 0.5316116416914368 0
3195 0.1201096675670076 0.5364445658732817 0
3196 0.1057079486323916 0.5455948927225506 0
3197 0.2482689768441564 0.5386745355695587 0
3198 0.1411200616511841 0.5331781025442909 0
3199 0.2613713098987657 0.5515590102159442 0
3200 0.2283920474901534 0.5391149993382902 0
3201 0.24885538814781 0.5232828275828507 0
3202 0.922356806360645 0.6618998667647986 0
3203 0.9262970831528465 0.6874836169659468 0
3204 0.9573169496298339 0.6579245826762193 0
3205 0.9464939644880086 0.6715724731287864 0
3206 0.9374453004571318 0.6422393863320881 0
3207 0.9173276968898464 0.6804119778098803 0
3208 0.9164540530305932 0.6929829428888501 0
3209 0.9518804085861859 0.6435249014672819 0
3210 0.9318459702923984 0.6733284577765971 0
3211 0.9361248870683589 0.6838056374511861 0
3212 0.939372959358146 0.6572045708987738 0
3213 0.9283568373673712 0.6502253582515799 0
3214 0.2591767252161148 0.4219953986849608 0
3215 0.221333662486116 0.4812733091661533 0
3216 0.2523039536962239 0.4490126050120644 0
3217 0.2314090433972838 0.4687008363436915 0
3218 0.2348575478991748 0.4427678008866504 0
3219 0.2153668826654626 0.4656558122051125 0
3220 0.2661133976885784 0.4362116770199241 0
3221 0.2085976866492432 0.4763156585089993 0
3222 0.2491364584003648 0.4352836331422596 0
3223 0.2367008908844462 0.43068876807079 0
3224 0.2408597246186635 0.4581782924972705 0
3225 0.2453568716971459 0.4210376938284338 0
3226 0.2244751729512432 0.4546290821734972 0
3227 0.9838006921885338 0.5323776822016055 0
3228 0.9839763659696921 0.5134868295666509 0
3229 0.9585818819144797 0.5691336605913859 0
3230 0.9522610389947928 0.5408664428215593 0
3231 0.9575676807807642 0.5166284159462856 0
3232 0.9719027271023314 0.4926908066835208 0
3233 0.9713086740527993 0.5597235418928617 0
3234 0.9523291210021946 0.5544120802102994 0
3235 0.957096082293552 0.5296465515499411 0
3236 0.9651263760914333 0.5043367662469369 0
3237 0.9810850862714117 0.4995070548352107 0
3238 0.9676083624264693 0.5420360643323939 0
3239 0.9701584822183872 0.5233525183581678 0
3240 0.9801044448500741 0.5473406769711069 0
$EndNodes
$Elements
6278
1 2 2 1 1 189 1933 188
2 2 2 1 1 1429 1827 1632
3 2 2 1 1 113 272 146
4 2 2 1 1 50 1420 350
5 2 2 1 1 48 1419 346
6 2 2 1 1 2481 3041 1667
7 2 2 1 1 2871 2877 2291
8 2 2 1 1 2514 2920 1830
9 2 2 1 1 1505 3061 1883
10 2 2 1 1 82 1427 352
11 2 2 1 1 454 2896 1877
12 2 2 1 1 2137 2983 374
13 2 2 1 1 1427 2856 1428
14 2 2 1 1 1880 1881 442
15 2 2 1 1 2071 2879 2073
16 2 2 1 1 2404 2977 1609
17 2 2 1 1 240 2072 239
18 2 2 1 1 77 1885 78
19 2 2 1 1 1609 2900 2404
20 2 2 1 1 443 2941 1946
21 2 2 1 1 1877 2896 1840
22 2 2 1 1 2049 2907 2362
23 2 2 1 1 200 1896 199
24 2 2 1 1 199 1896 418
25 2 2 1 1 1946 2941 2022
26 2 2 1 1 366 2386 1919
27 2 2 1 1 1426 3013 353
28 2 2 1 1 1818 1890 345
29 2 2 1 1 2052 2907 2049
30 2 2 1 1 1659 2578 2355
31 2 2 1 1 421 2920 2514
32 2 2 1 1 1815 1818 345
33 2 2 1 1 46 1430 382
34 2 2 1 1 1646 3013 1992
35 2 2 1 1 1986 2339 400
36 2 2 1 1 392 2835 1847
37 2 2 1 1 1847 2929 392
38 2 2 1 1 2052 2423 363
39 2 2 1 1 1992 3013 1991
40 2 2 1 1 265 2171 264
41 2 2 1 1 1444 2879 2071
42 2 2 1 1 1980 2850 1401
43 2 2 1 1 226 1962 225
44 2 2 1 1 1429 1632 352
45 2 2 1 1 355 2035 1884
46 2 2 1 1 1887 2390 367
47 2 2 1 1 1446 2938 1897
48 2 2 1 1 1666 2481 1667
49 2 2 1 1 409 413 75
50 2 2 1 1 1970 3058 1969
51 2 2 1 1 112 271 113
52 2 2 1 1 1845 2916 1649
53 2 2 1 1 1848 2969 446
54 2 2 1 1 19 359 20
55 2 2 1 1 2908 2945 1859
56 2 2 1 1 438 2895 2858
57 2 2 1 1 1434 2969 1848
58 2 2 1 1 374 2876 2137
59 2 2 1 1 389 1962 226
60 2 2 1 1 2386 2915 1919
61 2 2 1 1 456 3058 1970
62 2 2 1 1 1660 1816 1815
63 2 2 1 1 1871 2388 422
64 2 2 1 1 446 3036 1848
65 2 2 1 1 406 2665 2544
66 2 2 1 1 2665 3020 2544
67 2 2 1 1 398 2877 2871
68 2 2 1 1 1781 1952 1951
69 2 2 1 1 1781 1956 1952
70 2 2 1 1 1665 2874 2594
71 2 2 1 1 188 1933 378
72 2 2 1 1 2834 2938 460
73 2 2 1 1 1426 2838 1872
74 2 2 1 1 20 1851 21
75 2 2 1 1 1958 2921 1903
76 2 2 1 1 1883 2825 1505
77 2 2 1 1 1508 3061 1505
78 2 2 1 1 2385 2663 1828
79 2 2 1 1 1884 2036 355
80 2 2 1 1 2169 2171 450
81 2 2 1 1 2052 2844 2423
82 2 2 1 1 133 1799 134
83 2 2 1 1 2825 2888 1831
84 2 2 1 1 1479 2850 1924
85 2 2 1 1 2864 2891 1895
86 2 2 1 1 1957 2822 1794
87 2 2 1 1 2007 2885 306
88 2 2 1 1 306 3079 2007
89 2 2 1 1 239 2072 390
90 2 2 1 1 1323 1924 1923
91 2 2 1 1 370 2945 2908
92 2 2 1 1 2921 2931 1903
93 2 2 1 1 1424 1426 353
94 2 2 1 1 1664 3082 1888
95 2 2 1 1 1581 2869 1870
96 2 2 1 1 1840 3056 1964
97 2 2 1 1 2355 3034 1659
98 2 2 1 1 1660 1815 1814
99 2 2 1 1 1913 2963 1393
100 2 2 1 1 1393 2968 1913
101 2 2 1 1 1888 2854 1664
102 2 2 1 1 2366 2912 2123
103 2 2 1 1 450 2170 2169
104 2 2 1 1 1872 3013 1426
105 2 2 1 1 442 2846 1880
106 2 2 1 1 1834 2709 1898
107 2 2 1 1 1834 1898 1460
108 2 2 1 1 1793 2748 1929
109 2 2 1 1 1667 3041 1690
110 2 2 1 1 1828 2961 2860
111 2 2 1 1 1794 2822 343
112 2 2 1 1 2872 3020 1833
113 2 2 1 1 1606 2891 2864
114 2 2 1 1 1413 2794 1951
115 2 2 1 1 2383 2922 1861
116 2 2 1 1 1986 2340 2339
117 2 2 1 1 422 3030 2880
118 2 2 1 1 1881 1882 442
119 2 2 1 1 133 1909 1799
120 2 2 1 1 1652 2849 2373
121 2 2 1 1 2860 2961 440
122 2 2 1 1 1929 2748 1594
123 2 2 1 1 1323 1932 1924
124 2 2 1 1 250 2983 2928
125 2 2 1 1 1828 2860 2385
126 2 2 1 1 1633 1923 1921
127 2 2 1 1 1270 1959 1067
128 2 2 1 1 1833 3020 1832
129 2 2 1 1 1420 1422 350
130 2 2 1 1 2398 2986 1975
131 2 2 1 1 1306 2848 1873
132 2 2 1 1 2839 2995 1813
133 2 2 1 1 1647 2850 1980
134 2 2 1 1 1427 1428 352
135 2 2 1 1 1931 2862 1422
136 2 2 1 1 2858 2895 2089
137 2 2 1 1 1975 3025 2398
138 2 2 1 1 2880 3030 2292
139 2 2 1 1 1465 2887 1974
140 2 2 1 1 189 3038 1933
141 2 2 1 1 1889 1944 439
142 2 2 1 1 1419 1925 346
143 2 2 1 1 1452 1950 1935
144 2 2 1 1 2310 3028 1771
145 2 2 1 1 450 2171 265
146 2 2 1 1 264 2171 385
147 2 2 1 1 422 2880 1871
148 2 2 1 1 1935 2870 1452
149 2 2 1 1 1924 1932 1479
150 2 2 1 1 1428 2856 1908
151 2 2 1 1 412 2887 1465
152 2 2 1 1 441 1905 1904
153 2 2 1 1 1771 2924 2310
154 2 2 1 1 353 3013 1646
155 2 2 1 1 2594 2874 1573
156 2 2 1 1 380 2825 1883
157 2 2 1 1 436 2926 1866
158 2 2 1 1 1431 1845 1649
159 2 2 1 1 463 2984 1970
160 2 2 1 1 1320 1956 1338
161 2 2 1 1 1873 2909 1306
162 2 2 1 1 1877 2836 454
163 2 2 1 1 1866 3037 436
164 2 2 1 1 269 3112 268
165 2 2 1 1 2071 2261 1444
166 2 2 1 1 2143 2722 2478
167 2 2 1 1 1289 2435 1908
168 2 2 1 1 1914 2354 1761
169 2 2 1 1 1945 2965 351
170 2 2 1 1 240 2824 2072
171 2 2 1 1 1971 2839 1813
172 2 2 1 1 2928 2983 2136
173 2 2 1 1 2850 3092 1924
174 2 2 1 1 1439 2834 460
175 2 2 1 1 351 3005 1945
176 2 2 1 1 1870 3076 1581
177 2 2 1 1 1909 2934 453
178 2 2 1 1 2136 2983 2137
179 2 2 1 1 2051 2737 2479
180 2 2 1 1 2932 2940 1169
181 2 2 1 1 2029 2937 2936
182 2 2 1 1 1460 1898 417
183 2 2 1 1 430 2483 2093
184 2 2 1 1 2387 2882 1857
185 2 2 1 1 1471 2402 2399
186 2 2 1 1 1897 2938 465
187 2 2 1 1 2399 2401 1471
188 2 2 1 1 2123 2912 2444
189 2 2 1 1 439 1943 1889
190 2 2 1 1 1840 1964 1807
191 2 2 1 1 1464 1841 1714
192 2 2 1 1 2479 3123 2051
193 2 2 1 1 1909 3099 2934
194 2 2 1 1 47 1419 48
195 2 2 1 1 49 1420 50
196 2 2 1 1 1882 2876 374
197 2 2 1 1 1964 3056 1679
198 2 2 1 1 1887 3070 2390
199 2 2 1 1 1975 2986 1974
200 2 2 1 1 1899 2621 1655
201 2 2 1 1 97 1427 82
202 2 2 1 1 1649 2916 2154
203 2 2 1 1 436 2830 2003
204 2 2 1 1 367 2833 1887
205 2 2 1 1 460 2938 1446
206 2 2 1 1 431 2922 2383
207 2 2 1 1 1826 2843 1825
208 2 2 1 1 2065 2342 432
209 2 2 1 1 374 3009 1882
210 2 2 1 1 465 3097 1897
211 2 2 1 1 25 1837 414
212 2 2 1 1 1659 2837 2578
213 2 2 1 1 1832 3020 2665
214 2 2 1 1 45 1430 46
215 2 2 1 1 33 1431 34
216 2 2 1 1 372 3006 1920
217 2 2 1 1 1860 3061 3060
218 2 2 1 1 2919 2933 2626
219 2 2 1 1 2621 3073 1655
220 2 2 1 1 2169 3029 2171
221 2 2 1 1 300 3044 1916
222 2 2 1 1 380 2888 2825
223 2 2 1 1 2862 3127 1422
224 2 2 1 1 463 3025 2984
225 2 2 1 1 1825 3029 2169
226 2 2 1 1 2373 2849 427
227 2 2 1 1 1420 1931 1422
228 2 2 1 1 1646 2856 1427
229 2 2 1 1 1401 2850 1479
230 2 2 1 1 1430 2832 382
231 2 2 1 1 1930 1960 452
232 2 2 1 1 1437 1967 1453
233 2 2 1 1 1951 2794 1781
234 2 2 1 1 1831 2888 1920
235 2 2 1 1 2017 2470 424
236 2 2 1 1 2960 3044 301
237 2 2 1 1 1633 2967 1923
238 2 2 1 1 1992 2856 1646
239 2 2 1 1 441 1912 1905
240 2 2 1 1 2843 3029 1825
241 2 2 1 1 1940 1983 396
242 2 2 1 1 2003 2926 436
243 2 2 1 1 2404 2900 1823
244 2 2 1 1 1067 1959 1066
245 2 2 1 1 1943 2965 1945
246 2 2 1 1 1699 2885 2007
247 2 2 1 1 2851 2925 2625
248 2 2 1 1 344 3002 2672
249 2 2 1 1 2303 2956 1928
250 2 2 1 1 2399 2402 2398
251 2 2 1 1 1413 1951 1889
252 2 2 1 1 2625 2925 448
253 2 2 1 1 2292 2871 2291
254 2 2 1 1 2017 2471 2470
255 2 2 1 1 27 1899 28
256 2 2 1 1 2065 2343 2342
257 2 2 1 1 2478 2722 2461
258 2 2 1 1 1868 3044 2960
259 2 2 1 1 1641 2938 2834
260 2 2 1 1 1943 3087 2965
261 2 2 1 1 411 1918 132
262 2 2 1 1 1648 3002 344
263 2 2 1 1 19 1805 359
264 2 2 1 1 1928 3046 2303
265 2 2 1 1 1980 2847 356
266 2 2 1 1 457 2980 1949
267 2 2 1 1 2395 2940 2932
268 2 2 1 1 1936 2837 1661
269 2 2 1 1 2093 2884 430
270 2 2 1 1 2936 2937 1932
271 2 2 1 1 1440 1968 1967
272 2 2 1 1 107 1460 417
273 2 2 1 1 413 2976 2875
274 2 2 1 1 2950 3041 2482
275 2 2 1 1 1823 2989 2404
276 2 2 1 1 400 3084 1986
277 2 2 1 1 1961 1962 389
278 2 2 1 1 1949 3055 457
279 2 2 1 1 1440 1979 1968
280 2 2 1 1 437 2915 2386
281 2 2 1 1 2 1462 403
282 2 2 1 1 1411 1956 1320
283 2 2 1 1 1338 1956 1781
284 2 2 1 1 200 2873 1896
285 2 2 1 1 1904 2840 441
286 2 2 1 1 1699 2977 2885
287 2 2 1 1 1970 2954 456
288 2 2 1 1 413 2875 1885
289 2 2 1 1 1872 2838 1795
290 2 2 1 1 175 2341 174
291 2 2 1 1 106 1460 107
292 2 2 1 1 2135 2665 406
293 2 2 1 1 110 269 111
294 2 2 1 1 2315 3016 3010
295 2 2 1 1 1 1462 2
296 2 2 1 1 300 1916 299
297 2 2 1 1 1837 1906 414
298 2 2 1 1 2978 3102 2955
299 2 2 1 1 434 3123 2479
300 2 2 1 1 1673 1958 1906
301 2 2 1 1 3010 3016 1819
302 2 2 1 1 72 2954 137
303 2 2 1 1 1839 2979 2859
304 2 2 1 1 1631 2893 2845
305 2 2 1 1 1693 2036 1695
306 2 2 1 1 1695 2036 1884
307 2 2 1 1 1761 2963 1914
308 2 2 1 1 355 3080 2035
309 2 2 1 1 1970 2984 2954
310 2 2 1 1 1991 3013 1872
311 2 2 1 1 1839 3135 2979
312 2 2 1 1 1423 2933 2919
313 2 2 1 1 434 3003 2077
314 2 2 1 1 375 1913 1912
315 2 2 1 1 1908 2435 1953
316 2 2 1 1 1974 2986 1465
317 2 2 1 1 437 3074 2915
318 2 2 1 1 2032 2853 418
319 2 2 1 1 1661 2837 1658
320 2 2 1 1 2866 3129 2033
321 2 2 1 1 1908 2856 1289
322 2 2 1 1 1860 3060 1966
323 2 2 1 1 383 2882 2387
324 2 2 1 1 1690 3041 2950
325 2 2 1 1 1824 2989 1823
326 2 2 1 1 1972 2474 1835
327 2 2 1 1 110 3112 269
328 2 2 1 1 1896 2994 418
329 2 2 1 1 2879 3086 2073
330 2 2 1 1 1456 2869 1941
331 2 2 1 1 2077 3123 434
332 2 2 1 1 1440 1967 1437
333 2 2 1 1 1453 1967 1933
334 2 2 1 1 2709 3140 1898
335 2 2 1 1 1857 3074 2387
336 2 2 1 1 1799 2883 134
337 2 2 1 1 1962 3018 225
338 2 2 1 1 1983 2886 396
339 2 2 1 1 1955 2863 2638
340 2 2 1 1 1907 2945 172
341 2 2 1 1 1938 1942 372
342 2 2 1 1 1838 3140 2170
343 2 2 1 1 1423 2897 350
344 2 2 1 1 363 2907 2052
345 2 2 1 1 1816 1817 1815
346 2 2 1 1 1813 2995 1812
347 2 2 1 1 1903 2959 1958
348 2 2 1 1 1824 3116 2989
349 2 2 1 1 1456 1941 1454
350 2 2 1 1 407 2911 2905
351 2 2 1 1 61 2902 131
352 2 2 1 1 132 1918 62
353 2 2 1 1 356 2966 1980
354 2 2 1 1 1871 2896 2388
355 2 2 1 1 1938 3098 1942
356 2 2 1 1 1382 2869 1581
357 2 2 1 1 1970 3042 463
358 2 2 1 1 1270 3026 1959
359 2 2 1 1 1464 1714 403
360 2 2 1 1 2483 2484 2093
361 2 2 1 1 1979 2771 1775
362 2 2 1 1 1710 2855 2845
363 2 2 1 1 2479 2737 357
364 2 2 1 1 174 2341 391
365 2 2 1 1 1933 1967 378
366 2 2 1 1 1423 3131 2897
367 2 2 1 1 2889 2951 2384
368 2 2 1 1 1942 3006 372
369 2 2 1 1 2706 2882 2857
370 2 2 1 1 1704 3129 2866
371 2 2 1 1 18 1805 19
372 2 2 1 1 1923 2967 1323
373 2 2 1 1 129 1938 372
374 2 2 1 1 1941 2855 1710
375 2 2 1 1 299 1910 298
376 2 2 1 1 370 2908 2077
377 2 2 1 1 1634 3051 1917
378 2 2 1 1 172 3095 1907
379 2 2 1 1 2339 2341 175
380 2 2 1 1 38 1661 39
381 2 2 1 1 1916 3044 1656
382 2 2 1 1 360 2839 1461
383 2 2 1 1 1938 3137 3098
384 2 2 1 1 371 2858 2089
385 2 2 1 1 1422 1423 350
386 2 2 1 1 1914 3132 2354
387 2 2 1 1 2868 2872 1703
388 2 2 1 1 1428 1429 352
389 2 2 1 1 418 2994 2032
390 2 2 1 1 1889 1951 1944
391 2 2 1 1 459 2866 2033
392 2 2 1 1 1421 1931 1420
393 2 2 1 1 2492 3046 1926
394 2 2 1 1 2081 2396 2080
395 2 2 1 1 1949 2980 1705
396 2 2 1 1 128 1938 129
397 2 2 1 1 2896 3056 1840
398 2 2 1 1 1462 1463 403
399 2 2 1 1 466 2976 1915
400 2 2 1 1 1673 3082 1664
401 2 2 1 1 1865 3102 2978
402 2 2 1 1 2080 2396 1307
403 2 2 1 1 1917 3052 1634
404 2 2 1 1 1419 1947 1925
405 2 2 1 1 1925 1926 1421
406 2 2 1 1 438 3126 2895
407 2 2 1 1 1708 3101 2484
408 2 2 1 1 1799 1909 453
409 2 2 1 1 1841 1934 1714
410 2 2 1 1 2402 2986 2398
411 2 2 1 1 1897 2970 1446
412 2 2 1 1 2170 2957 1838
413 2 2 1 1 392 2929 1911
414 2 2 1 1 2845 2893 1710
415 2 2 1 1 2594 3077 1665
416 2 2 1 1 1898 3140 1838
417 2 2 1 1 432 2892 2065
418 2 2 1 1 1609 2977 1699
419 2 2 1 1 1830 2996 2514
420 2 2 1 1 2638 3119 1955
421 2 2 1 1 346 1925 1421
422 2 2 1 1 1661 2847 1936
423 2 2 1 1 1804 1979 1775
424 2 2 1 1 1440 2771 1979
425 2 2 1 1 2077 3003 370
426 2 2 1 1 2829 3110 3060
427 2 2 1 1 1079 2435 1105
428 2 2 1 1 2343 3085 1853
429 2 2 1 1 1920 3006 1831
430 2 2 1 1 1960 3105 452
431 2 2 1 1 2036 2828 355
432 2 2 1 1 393 468 467
433 2 2 1 1 53 1937 128
434 2 2 1 1 2478 3139 2143
435 2 2 1 1 1078 2434 1953
436 2 2 1 1 430 2884 2288
437 2 2 1 1 3060 3110 1966
438 2 2 1 1 1948 3071 462
439 2 2 1 1 1881 2841 1882
440 2 2 1 1 1841 2991 1935
441 2 2 1 1 129 372 54
442 2 2 1 1 277 3068 1893
443 2 2 1 1 1963 2877 398
444 2 2 1 1 1893 3143 277
445 2 2 1 1 1431 1432 34
446 2 2 1 1 1915 3032 466
447 2 2 1 1 1382 2855 1941
448 2 2 1 1 1953 2435 1078
449 2 2 1 1 9 1794 10
450 2 2 1 1 3060 3061 1508
451 2 2 1 1 375 1914 1913
452 2 2 1 1 1859 2945 1907
453 2 2 1 1 1972 2998 1135
454 2 2 1 1 3063 3126 438
455 2 2 1 1 2089 2953 371
456 2 2 1 1 1296 2916 2913
457 2 2 1 1 1811 3099 2939
458 2 2 1 1 54 1920 130
459 2 2 1 1 1929 3089 1793
460 2 2 1 1 2373 3124 1652
461 2 2 1 1 1911 3038 392
462 2 2 1 1 2071 3081 2261
463 2 2 1 1 1816 1819 1817
464 2 2 1 1 1817 1818 1815
465 2 2 1 1 2939 3099 1918
466 2 2 1 1 1078 2435 1079
467 2 2 1 1 1105 2435 1289
468 2 2 1 1 1986 2752 2340
469 2 2 1 1 2340 2752 1803
470 2 2 1 1 1978 3126 3063
471 2 2 1 1 1411 1976 1956
472 2 2 1 1 1452 2870 1973
473 2 2 1 1 2857 2882 383
474 2 2 1 1 1435 2838 1425
475 2 2 1 1 1956 1976 1952
476 2 2 1 1 1135 3067 1972
477 2 2 1 1 2895 2901 1472
478 2 2 1 1 1428 1642 1429
479 2 2 1 1 1951 1952 1944
480 2 2 1 1 2484 3000 1708
481 2 2 1 1 211 3122 2086
482 2 2 1 1 1463 1464 403
483 2 2 1 1 2471 3091 1797
484 2 2 1 1 1926 1927 1421
485 2 2 1 1 1841 1935 1934
486 2 2 1 1 407 2905 1805
487 2 2 1 1 1874 2993 2990
488 2 2 1 1 1958 2959 1906
489 2 2 1 1 1926 3015 2492
490 2 2 1 1 1967 1968 378
491 2 2 1 1 1658 2837 1659
492 2 2 1 1 468 469 467
493 2 2 1 1 2340 2341 2339
494 2 2 1 1 1455 2832 1430
495 2 2 1 1 1796 2951 2889
496 2 2 1 1 1846 1883 1808
497 2 2 1 1 424 2903 2017
498 2 2 1 1 1972 3067 2474
499 2 2 1 1 1899 3022 2621
500 2 2 1 1 1411 1977 1976
501 2 2 1 1 1809 1965 1877
502 2 2 1 1 360 2988 2839
503 2 2 1 1 1817 1820 1818
504 2 2 1 1 1816 1873 1819
505 2 2 1 1 78 1885 1854
506 2 2 1 1 1933 3038 1911
507 2 2 1 1 1678 3027 1954
508 2 2 1 1 1642 1796 1429
509 2 2 1 1 1428 1908 1642
510 2 2 1 1 1463 1466 1464
511 2 2 1 1 1926 1928 1927
512 2 2 1 1 1927 1931 1421
513 2 2 1 1 1935 1950 1934
514 2 2 1 1 2401 2865 1471
515 2 2 1 1 2852 2962 348
516 2 2 1 1 452 2921 1930
517 2 2 1 1 468 470 469
518 2 2 1 1 1906 3082 1673
519 2 2 1 1 1977 1978 1976
520 2 2 1 1 2085 3122 399
521 2 2 1 1 1820 1870 1818
522 2 2 1 1 2072 2824 2067
523 2 2 1 1 1908 1953 1642
524 2 2 1 1 2826 2827 2815
525 2 2 1 1 1463 1471 1466
526 2 2 1 1 1466 1467 1464
527 2 2 1 1 1928 1959 1927
528 2 2 1 1 468 1792 470
529 2 2 1 1 470 471 469
530 2 2 1 1 2070 3106 2924
531 2 2 1 1 1466 1468 1467
532 2 2 1 1 470 472 471
533 2 2 1 1 471 1447 469
534 2 2 1 1 1468 1469 1467
535 2 2 1 1 472 473 471
536 2 2 1 1 2818 2819 1267
537 2 2 1 1 1468 1663 1469
538 2 2 1 1 1469 1470 1467
539 2 2 1 1 472 474 473
540 2 2 1 1 1790 2821 2820
541 2 2 1 1 2820 2821 1876
542 2 2 1 1 1663 1664 1469
543 2 2 1 1 1468 1830 1663
544 2 2 1 1 474 571 473
545 2 2 1 1 472 475 474
546 2 2 1 1 1792 2827 2826
547 2 2 1 1 1981 2819 2818
548 2 2 1 1 1663 1672 1664
549 2 2 1 1 571 1322 473
550 2 2 1 1 475 476 474
551 2 2 1 1 1672 1673 1664
552 2 2 1 1 571 1388 1322
553 2 2 1 1 475 477 476
554 2 2 1 1 1672 1930 1673
555 2 2 1 1 477 478 476
556 2 2 1 1 571 1791 1388
557 2 2 1 1 1388 1389 1322
558 2 2 1 1 1930 1958 1673
559 2 2 1 1 1672 1960 1930
560 2 2 1 1 1791 1981 1388
561 2 2 1 1 477 479 478
562 2 2 1 1 1389 1844 1322
563 2 2 1 1 1389 1875 1844
564 2 2 1 1 477 593 479
565 2 2 1 1 479 480 478
566 2 2 1 1 1628 2813 2809
567 2 2 1 1 479 2812 481
568 2 2 1 1 1389 1876 1875
569 2 2 1 1 479 481 480
570 2 2 1 1 480 538 478
571 2 2 1 1 482 2810 480
572 2 2 1 1 593 2812 479
573 2 2 1 1 481 482 480
574 2 2 1 1 1788 2811 2810
575 2 2 1 1 480 2810 538
576 2 2 1 1 481 483 482
577 2 2 1 1 483 484 482
578 2 2 1 1 483 2807 527
579 2 2 1 1 481 2807 483
580 2 2 1 1 483 485 484
581 2 2 1 1 497 2806 484
582 2 2 1 1 484 2806 482
583 2 2 1 1 485 486 484
584 2 2 1 1 483 527 485
585 2 2 1 1 2219 2805 2756
586 2 2 1 1 1982 1983 1940
587 2 2 1 1 1177 2796 1442
588 2 2 1 1 1442 1982 1940
589 2 2 1 1 1442 2796 1982
590 2 2 1 1 1717 1984 1983
591 2 2 1 1 1717 1983 1982
592 2 2 1 1 1409 1985 1332
593 2 2 1 1 1718 2154 2153
594 2 2 1 1 1289 1992 1145
595 2 2 1 1 1409 1986 1985
596 2 2 1 1 2790 2794 1400
597 2 2 1 1 1720 2653 2182
598 2 2 1 1 1147 1991 1990
599 2 2 1 1 2182 2653 815
600 2 2 1 1 2176 2800 2797
601 2 2 1 1 488 2799 486
602 2 2 1 1 637 2165 634
603 2 2 1 1 2681 2713 1987
604 2 2 1 1 1987 2165 637
605 2 2 1 1 1332 1985 1717
606 2 2 1 1 1780 2794 2790
607 2 2 1 1 1147 1990 1723
608 2 2 1 1 486 497 484
609 2 2 1 1 1995 2018 973
610 2 2 1 1 1776 2654 2002
611 2 2 1 1 637 2681 1987
612 2 2 1 1 1721 2191 1988
613 2 2 1 1 771 2011 2010
614 2 2 1 1 771 2010 2008
615 2 2 1 1 1683 2773 2700
616 2 2 1 1 1721 2464 2191
617 2 2 1 1 1145 1992 1147
618 2 2 1 1 1147 1992 1991
619 2 2 1 1 2008 2266 771
620 2 2 1 1 1994 2690 1729
621 2 2 1 1 2002 2654 1327
622 2 2 1 1 2235 2512 1480
623 2 2 1 1 1722 2266 2008
624 2 2 1 1 1331 2803 2153
625 2 2 1 1 2034 2732 1697
626 2 2 1 1 641 2707 2112
627 2 2 1 1 1753 2018 1995
628 2 2 1 1 792 2208 1998
629 2 2 1 1 2002 2718 2003
630 2 2 1 1 2112 2713 2681
631 2 2 1 1 2208 2262 2000
632 2 2 1 1 485 487 486
633 2 2 1 1 1988 2150 1721
634 2 2 1 1 499 2297 495
635 2 2 1 1 2214 2233 496
636 2 2 1 1 2112 2707 2111
637 2 2 1 1 494 2234 500
638 2 2 1 1 2720 2734 2020
639 2 2 1 1 631 2279 2004
640 2 2 1 1 2249 2653 1720
641 2 2 1 1 1990 2079 1723
642 2 2 1 1 1336 2019 1369
643 2 2 1 1 2004 2279 1989
644 2 2 1 1 1486 2004 1989
645 2 2 1 1 2728 2763 2168
646 2 2 1 1 1998 2208 2000
647 2 2 1 1 831 2249 2248
648 2 2 1 1 1742 2720 2020
649 2 2 1 1 761 2011 759
650 2 2 1 1 792 1998 1997
651 2 2 1 1 1996 2056 1199
652 2 2 1 1 1782 2166 2165
653 2 2 1 1 1532 2796 1177
654 2 2 1 1 2764 2772 2358
655 2 2 1 1 2523 2567 1151
656 2 2 1 1 670 2498 2497
657 2 2 1 1 2262 2263 2000
658 2 2 1 1 635 2690 1994
659 2 2 1 1 1989 2019 1486
660 2 2 1 1 2092 2163 1879
661 2 2 1 1 670 2497 2191
662 2 2 1 1 831 2248 2245
663 2 2 1 1 1365 2168 1488
664 2 2 1 1 1707 2732 2034
665 2 2 1 1 2182 2708 1724
666 2 2 1 1 2264 2473 2027
667 2 2 1 1 1486 2019 1336
668 2 2 1 1 759 2011 771
669 2 2 1 1 1551 2661 1225
670 2 2 1 1 2142 2144 2139
671 2 2 1 1 2497 2498 1719
672 2 2 1 1 1408 2126 1596
673 2 2 1 1 1488 2168 2078
674 2 2 1 1 2700 2773 2230
675 2 2 1 1 1199 2055 1996
676 2 2 1 1 654 2130 647
677 2 2 1 1 1498 2539 1500
678 2 2 1 1 1717 1985 1984
679 2 2 1 1 2226 2227 2056
680 2 2 1 1 961 2789 2615
681 2 2 1 1 2079 2231 1723
682 2 2 1 1 634 2165 633
683 2 2 1 1 1498 2581 2539
684 2 2 1 1 2788 2795 2050
685 2 2 1 1 1340 2055 682
686 2 2 1 1 2234 2512 2235
687 2 2 1 1 2233 2234 496
688 2 2 1 1 815 2708 2182
689 2 2 1 1 1491 2734 2720
690 2 2 1 1 2234 2235 500
691 2 2 1 1 2191 2464 670
692 2 2 1 1 2061 2571 585
693 2 2 1 1 2215 2297 1565
694 2 2 1 1 1997 2028 792
695 2 2 1 1 486 2799 497
696 2 2 1 1 1340 2057 2055
697 2 2 1 1 1396 2540 2188
698 2 2 1 1 2113 2130 654
699 2 2 1 1 2137 2187 2134
700 2 2 1 1 1722 2555 2266
701 2 2 1 1 2056 2655 2532
702 2 2 1 1 2265 2286 2263
703 2 2 1 1 1598 2770 2730
704 2 2 1 1 1089 2078 1613
705 2 2 1 1 682 2055 1199
706 2 2 1 1 1993 2074 658
707 2 2 1 1 1724 2708 2615
708 2 2 1 1 1725 2538 2173
709 2 2 1 1 2142 2145 2144
710 2 2 1 1 1343 2758 1155
711 2 2 1 1 2078 2168 1613
712 2 2 1 1 746 2026 748
713 2 2 1 1 1858 2664 2062
714 2 2 1 1 496 2297 2214
715 2 2 1 1 2024 2025 770
716 2 2 1 1 2243 2610 2335
717 2 2 1 1 2334 2353 1417
718 2 2 1 1 1999 2696 2231
719 2 2 1 1 616 2485 618
720 2 2 1 1 1048 2230 911
721 2 2 1 1 2005 2509 1042
722 2 2 1 1 821 2249 831
723 2 2 1 1 1742 2020 2019
724 2 2 1 1 2083 2085 1821
725 2 2 1 1 1760 2353 2334
726 2 2 1 1 1774 2771 2651
727 2 2 1 1 2759 2762 583
728 2 2 1 1 1089 2629 2078
729 2 2 1 1 1510 2083 1821
730 2 2 1 1 2090 2163 2092
731 2 2 1 1 647 2130 645
732 2 2 1 1 2244 2267 834
733 2 2 1 1 1617 2082 1616
734 2 2 1 1 658 2012 1993
735 2 2 1 1 496 2234 494
736 2 2 1 1 1415 2031 1829
737 2 2 1 1 2493 2731 2494
738 2 2 1 1 1485 2713 2112
739 2 2 1 1 2766 2777 879
740 2 2 1 1 2243 2335 2245
741 2 2 1 1 665 2183 2053
742 2 2 1 1 2118 2345 1113
743 2 2 1 1 1340 2087 2057
744 2 2 1 1 1341 2014 2013
745 2 2 1 1 2263 2286 2000
746 2 2 1 1 2221 2631 623
747 2 2 1 1 2037 2076 2044
748 2 2 1 1 2760 2774 1370
749 2 2 1 1 1730 2571 2061
750 2 2 1 1 2124 2633 2446
751 2 2 1 1 2222 2224 2223
752 2 2 1 1 2056 2227 1199
753 2 2 1 1 742 2452 744
754 2 2 1 1 2804 2805 1719
755 2 2 1 1 1565 2297 499
756 2 2 1 1 973 2726 1995
757 2 2 1 1 1155 2694 2656
758 2 2 1 1 1275 2138 1639
759 2 2 1 1 1496 2581 1498
760 2 2 1 1 1519 2567 2523
761 2 2 1 1 2248 2249 1720
762 2 2 1 1 1988 2441 2150
763 2 2 1 1 2185 2269 2220
764 2 2 1 1 1491 2717 2100
765 2 2 1 1 2188 2540 2187
766 2 2 1 1 612 2023 614
767 2 2 1 1 2245 2335 831
768 2 2 1 1 2782 2787 1037
769 2 2 1 1 1102 2485 2100
770 2 2 1 1 1484 2441 1988
771 2 2 1 1 1561 2267 2244
772 2 2 1 1 1596 2126 1859
773 2 2 1 1 2755 2775 2018
774 2 2 1 1 819 2249 821
775 2 2 1 1 1271 2654 1776
776 2 2 1 1 2190 2462 1343
777 2 2 1 1 2019 2020 1369
778 2 2 1 1 2216 2760 1619
779 2 2 1 1 2001 2466 1671
780 2 2 1 1 909 2175 2058
781 2 2 1 1 2134 2187 2133
782 2 2 1 1 2060 2619 1127
783 2 2 1 1 2461 2722 1404
784 2 2 1 1 1407 2126 1408
785 2 2 1 1 1640 2167 1881
786 2 2 1 1 2283 2284 1587
787 2 2 1 1 2082 2172 1616
788 2 2 1 1 1036 2029 1056
789 2 2 1 1 1285 2676 1529
790 2 2 1 1 758 2028 760
791 2 2 1 1 1042 2645 2005
792 2 2 1 1 770 2026 746
793 2 2 1 1 2231 2696 1723
794 2 2 1 1 760 2600 762
795 2 2 1 1 1035 2623 938
796 2 2 1 1 1339 2286 2265
797 2 2 1 1 755 2555 753
798 2 2 1 1 792 2028 758
799 2 2 1 1 2025 2026 770
800 2 2 1 1 2250 2719 2528
801 2 2 1 1 1074 2075 1384
802 2 2 1 1 1766 2692 2074
803 2 2 1 1 1561 2244 2242
804 2 2 1 1 1730 2101 2030
805 2 2 1 1 261 2486 260
806 2 2 1 1 489 2498 670
807 2 2 1 1 1341 2485 616
808 2 2 1 1 1398 2536 1148
809 2 2 1 1 2462 2463 1343
810 2 2 1 1 1587 2284 1585
811 2 2 1 1 1629 2749 2598
812 2 2 1 1 1993 2012 1727
813 2 2 1 1 1549 2448 893
814 2 2 1 1 1491 2720 2717
815 2 2 1 1 654 2131 2113
816 2 2 1 1 1304 2466 1301
817 2 2 1 1 2066 2069 1321
818 2 2 1 1 1537 2606 2463
819 2 2 1 1 1651 2664 1858
820 2 2 1 1 2264 2644 2265
821 2 2 1 1 1847 2096 1686
822 2 2 1 1 2244 2610 2243
823 2 2 1 1 2159 2716 2162
824 2 2 1 1 2074 2692 658
825 2 2 1 1 2269 2448 1549
826 2 2 1 1 2160 2283 1587
827 2 2 1 1 1729 2690 2004
828 2 2 1 1 1585 2284 1722
829 2 2 1 1 785 2263 2262
830 2 2 1 1 1297 2066 1321
831 2 2 1 1 2124 2258 1527
832 2 2 1 1 1696 2561 1694
833 2 2 1 1 2284 2555 1722
834 2 2 1 1 2260 2647 2117
835 2 2 1 1 1335 2079 1333
836 2 2 1 1 2158 2159 2157
837 2 2 1 1 592 2671 2172
838 2 2 1 1 495 2297 496
839 2 2 1 1 2220 2269 1549
840 2 2 1 1 2038 2076 2037
841 2 2 1 1 575 2599 588
842 2 2 1 1 1048 2700 2230
843 2 2 1 1 1765 2087 1340
844 2 2 1 1 2239 2626 1700
845 2 2 1 1 665 2125 619
846 2 2 1 1 785 2264 2263
847 2 2 1 1 2020 2710 1369
848 2 2 1 1 1480 2730 2235
849 2 2 1 1 2532 2655 1484
850 2 2 1 1 2082 2083 1510
851 2 2 1 1 1698 2740 1993
852 2 2 1 1 1356 2784 2750
853 2 2 1 1 1405 2063 1715
854 2 2 1 1 1728 2173 2172
855 2 2 1 1 2656 2694 2215
856 2 2 1 1 1223 2451 2450
857 2 2 1 1 2076 2077 2044
858 2 2 1 1 2027 2473 2026
859 2 2 1 1 2137 2188 2187
860 2 2 1 1 1644 2097 1287
861 2 2 1 1 2087 2661 1551
862 2 2 1 1 2274 2317 1756
863 2 2 1 1 2027 2644 2264
864 2 2 1 1 2068 2667 2444
865 2 2 1 1 1154 2190 1343
866 2 2 1 1 1525 2101 1730
867 2 2 1 1 2250 2528 609
868 2 2 1 1 1739 2506 2174
869 2 2 1 1 1317 2232 1315
870 2 2 1 1 1319 2110 1317
871 2 2 1 1 764 2192 2162
872 2 2 1 1 1136 2138 1275
873 2 2 1 1 899 2229 1356
874 2 2 1 1 1132 2224 2222
875 2 2 1 1 2131 2223 1526
876 2 2 1 1 2117 2652 2260
877 2 2 1 1 1051 2693 1137
878 2 2 1 1 1484 2655 2441
879 2 2 1 1 1500 2539 1725
880 2 2 1 1 2444 2667 1734
881 2 2 1 1 2430 2691 1773
882 2 2 1 1 911 2230 912
883 2 2 1 1 1836 2147 1509
884 2 2 1 1 2138 2144 1639
885 2 2 1 1 1697 2732 1698
886 2 2 1 1 1728 2172 2082
887 2 2 1 1 1296 2155 1171
888 2 2 1 1 2006 2088 1312
889 2 2 1 1 1526 2232 2131
890 2 2 1 1 2446 2633 2023
891 2 2 1 1 2028 2600 760
892 2 2 1 1 1450 2676 1285
893 2 2 1 1 1341 2023 2014
894 2 2 1 1 1994 2493 635
895 2 2 1 1 1327 2718 2002
896 2 2 1 1 1725 2539 2538
897 2 2 1 1 2622 2711 1762
898 2 2 1 1 2139 2144 2138
899 2 2 1 1 1773 2691 1254
900 2 2 1 1 2114 2282 1348
901 2 2 1 1 1565 2656 2215
902 2 2 1 1 1601 2619 2060
903 2 2 1 1 1995 2726 2662
904 2 2 1 1 1106 2290 1104
905 2 2 1 1 2368 2702 2559
906 2 2 1 1 766 2284 2283
907 2 2 1 1 1314 2088 1472
908 2 2 1 1 2088 2089 1472
909 2 2 1 1 621 2183 665
910 2 2 1 1 2015 2016 1522
911 2 2 1 1 1737 2599 2580
912 2 2 1 1 2733 2741 2727
913 2 2 1 1 1418 2271 1182
914 2 2 1 1 599 2128 1097
915 2 2 1 1 2174 2506 1566
916 2 2 1 1 2058 2176 909
917 2 2 1 1 1539 2177 1193
918 2 2 1 1 1330 2015 1522
919 2 2 1 1 2058 2175 1528
920 2 2 1 1 2242 2246 1561
921 2 2 1 1 1739 2596 2496
922 2 2 1 1 2162 2716 2614
923 2 2 1 1 2685 2686 2198
924 2 2 1 1 487 2498 489
925 2 2 1 1 646 2151 649
926 2 2 1 1 653 2132 650
927 2 2 1 1 651 2148 655
928 2 2 1 1 1064 2105 1576
929 2 2 1 1 2317 2542 1756
930 2 2 1 1 2112 2681 641
931 2 2 1 1 1181 2630 1053
932 2 2 1 1 2091 2523 1151
933 2 2 1 1 1531 2527 2282
934 2 2 1 1 2184 2405 2281
935 2 2 1 1 2358 2772 2357
936 2 2 1 1 2309 2310 423
937 2 2 1 1 569 2527 1531
938 2 2 1 1 583 2436 582
939 2 2 1 1 1259 2357 1256
940 2 2 1 1 2107 2108 1361
941 2 2 1 1 2666 2729 2039
942 2 2 1 1 2156 2158 2157
943 2 2 1 1 150 2309 423
944 2 2 1 1 1685 2773 1683
945 2 2 1 1 665 2561 2125
946 2 2 1 1 1610 2357 1259
947 2 2 1 1 2037 2044 1407
948 2 2 1 1 1770 2738 2705
949 2 2 1 1 2662 2726 978
950 2 2 1 1 1315 2232 1526
951 2 2 1 1 1400 2794 1413
952 2 2 1 1 1494 2648 1495
953 2 2 1 1 2100 2485 2013
954 2 2 1 1 194 2217 193
955 2 2 1 1 614 2023 1341
956 2 2 1 1 1182 2271 1073
957 2 2 1 1 2022 2802 2021
958 2 2 1 1 2013 2485 1341
959 2 2 1 1 1348 2115 2114
960 2 2 1 1 433 2391 2366
961 2 2 1 1 1060 2602 1327
962 2 2 1 1 2457 2507 1744
963 2 2 1 1 1994 2731 2493
964 2 2 1 1 2149 2670 2634
965 2 2 1 1 883 2419 885
966 2 2 1 1 1689 2665 1759
967 2 2 1 1 1335 2231 2079
968 2 2 1 1 1551 2620 2087
969 2 2 1 1 1996 2655 2056
970 2 2 1 1 573 2571 568
971 2 2 1 1 2172 2173 592
972 2 2 1 1 905 2107 1361
973 2 2 1 1 1170 2675 932
974 2 2 1 1 2103 2190 1157
975 2 2 1 1 1215 2242 2241
976 2 2 1 1 1325 2626 2239
977 2 2 1 1 1572 2197 1387
978 2 2 1 1 1523 2196 2195
979 2 2 1 1 1997 2551 2028
980 2 2 1 1 1005 2156 1109
981 2 2 1 1 1122 2218 1124
982 2 2 1 1 1133 2180 1184
983 2 2 1 1 1373 2606 1602
984 2 2 1 1 1509 2147 1506
985 2 2 1 1 2061 2763 2728
986 2 2 1 1 1171 2155 928
987 2 2 1 1 2594 2649 1029
988 2 2 1 1 1150 2180 1133
989 2 2 1 1 2450 2452 1223
990 2 2 1 1 2216 2774 2760
991 2 2 1 1 598 2116 1161
992 2 2 1 1 901 2229 899
993 2 2 1 1 1528 2175 1057
994 2 2 1 1 1311 2006 1312
995 2 2 1 1 1312 2088 1314
996 2 2 1 1 1416 2031 1415
997 2 2 1 1 2783 2793 1783
998 2 2 1 1 2260 2652 2102
999 2 2 1 1 2503 2776 2757
1000 2 2 1 1 487 488 486
1001 2 2 1 1 2150 2441 557
1002 2 2 1 1 657 2356 664
1003 2 2 1 1 987 2507 2457
1004 2 2 1 1 2098 2099 1376
1005 2 2 1 1 1623 2801 1449
1006 2 2 1 1 1250 2107 905
1007 2 2 1 1 2203 2352 937
1008 2 2 1 1 1025 2098 1376
1009 2 2 1 1 1561 2246 1205
1010 2 2 1 1 2053 2287 1692
1011 2 2 1 1 588 2128 599
1012 2 2 1 1 1356 2346 897
1013 2 2 1 1 2090 2091 1151
1014 2 2 1 1 193 2217 444
1015 2 2 1 1 1039 2474 1028
1016 2 2 1 1 1157 2190 1154
1017 2 2 1 1 1333 2079 1474
1018 2 2 1 1 1543 2413 2256
1019 2 2 1 1 1587 2533 2160
1020 2 2 1 1 2761 2780 1615
1021 2 2 1 1 1768 2725 1769
1022 2 2 1 1 2111 2707 2130
1023 2 2 1 1 2218 2495 2219
1024 2 2 1 1 617 2012 615
1025 2 2 1 1 753 2555 766
1026 2 2 1 1 2266 2555 755
1027 2 2 1 1 770 2452 2024
1028 2 2 1 1 2090 2092 2091
1029 2 2 1 1 243 2261 242
1030 2 2 1 1 2004 2690 631
1031 2 2 1 1 1040 2075 1074
1032 2 2 1 1 2162 2192 2161
1033 2 2 1 1 2156 2157 1109
1034 2 2 1 1 1417 2353 1869
1035 2 2 1 1 1525 2647 2260
1036 2 2 1 1 1539 2178 2177
1037 2 2 1 1 785 2473 2264
1038 2 2 1 1 1193 2177 914
1039 2 2 1 1 1097 2128 1350
1040 2 2 1 1 1602 2606 2559
1041 2 2 1 1 1756 2542 1755
1042 2 2 1 1 1157 2238 2103
1043 2 2 1 1 2030 2571 1730
1044 2 2 1 1 2223 2225 2222
1045 2 2 1 1 2148 2356 655
1046 2 2 1 1 1085 2090 1151
1047 2 2 1 1 2490 2491 1134
1048 2 2 1 1 1223 2472 2451
1049 2 2 1 1 1489 2775 2755
1050 2 2 1 1 1495 2648 1963
1051 2 2 1 1 1756 2275 2274
1052 2 2 1 1 2239 2658 2603
1053 2 2 1 1 1302 2094 1303
1054 2 2 1 1 428 2486 261
1055 2 2 1 1 505 2257 506
1056 2 2 1 1 619 2125 617
1057 2 2 1 1 656 2225 653
1058 2 2 1 1 1568 2530 675
1059 2 2 1 1 897 2346 786
1060 2 2 1 1 1668 2536 1398
1061 2 2 1 1 2719 2745 1589
1062 2 2 1 1 2131 2232 2113
1063 2 2 1 1 2192 2304 2161
1064 2 2 1 1 2494 2547 2205
1065 2 2 1 1 2565 2729 2666
1066 2 2 1 1 242 2261 410
1067 2 2 1 1 896 2660 894
1068 2 2 1 1 1239 2037 1407
1069 2 2 1 1 1595 2669 2641
1070 2 2 1 1 2172 2671 1616
1071 2 2 1 1 2219 2495 1624
1072 2 2 1 1 2551 2600 2028
1073 2 2 1 1 2371 2556 2228
1074 2 2 1 1 1223 2452 742
1075 2 2 1 1 984 2189 982
1076 2 2 1 1 1339 2290 1106
1077 2 2 1 1 2361 2439 1562
1078 2 2 1 1 2614 2716 1746
1079 2 2 1 1 2059 2148 652
1080 2 2 1 1 903 2285 797
1081 2 2 1 1 938 2623 862
1082 2 2 1 1 889 2176 891
1083 2 2 1 1 936 2409 1757
1084 2 2 1 1 940 2029 1036
1085 2 2 1 1 2712 2746 1082
1086 2 2 1 1 1184 2180 1634
1087 2 2 1 1 1377 2689 1779
1088 2 2 1 1 2736 2741 1383
1089 2 2 1 1 1504 2687 1507
1090 2 2 1 1 1601 2060 1657
1091 2 2 1 1 1687 2609 1685
1092 2 2 1 1 1694 2561 2053
1093 2 2 1 1 570 2563 576
1094 2 2 1 1 922 2305 873
1095 2 2 1 1 2271 2629 1089
1096 2 2 1 1 1301 2466 1299
1097 2 2 1 1 2102 2120 2119
1098 2 2 1 1 854 2280 856
1099 2 2 1 1 1168 2105 1064
1100 2 2 1 1 1260 2167 1640
1101 2 2 1 1 2698 2704 1764
1102 2 2 1 1 2030 2101 563
1103 2 2 1 1 586 601 594
1104 2 2 1 1 744 2452 770
1105 2 2 1 1 2228 2556 877
1106 2 2 1 1 1097 1326 1324
1107 2 2 1 1 1198 2526 1107
1108 2 2 1 1 2598 2749 2060
1109 2 2 1 1 2116 2345 2118
1110 2 2 1 1 2496 2596 2305
1111 2 2 1 1 290 2320 289
1112 2 2 1 1 521 2570 522
1113 2 2 1 1 602 2258 2124
1114 2 2 1 1 1741 1742 668
1115 2 2 1 1 761 2703 2011
1116 2 2 1 1 1057 2175 925
1117 2 2 1 1 2122 2608 1144
1118 2 2 1 1 2651 2771 1176
1119 2 2 1 1 2286 2696 1999
1120 2 2 1 1 2025 2027 2026
1121 2 2 1 1 2250 2745 2719
1122 2 2 1 1 502 1565 499
1123 2 2 1 1 515 2201 512
1124 2 2 1 1 524 669 523
1125 2 2 1 1 525 1024 528
1126 2 2 1 1 626 627 624
1127 2 2 1 1 628 629 627
1128 2 2 1 1 649 2151 652
1129 2 2 1 1 979 2289 687
1130 2 2 1 1 1018 2424 688
1131 2 2 1 1 866 2591 2255
1132 2 2 1 1 918 1099 935
1133 2 2 1 1 990 991 989
1134 2 2 1 1 991 995 994
1135 2 2 1 1 995 1130 1129
1136 2 2 1 1 1124 2218 1265
1137 2 2 1 1 1268 1744 1232
1138 2 2 1 1 1320 1337 1319
1139 2 2 1 1 1338 1476 1337
1140 2 2 1 1 1366 1736 1735
1141 2 2 1 1 1592 1700 1375
1142 2 2 1 1 1747 2406 1493
1143 2 2 1 1 1610 2358 2357
1144 2 2 1 1 2057 2212 1726
1145 2 2 1 1 2213 2214 1736
1146 2 2 1 1 1749 2522 2307
1147 2 2 1 1 2056 2532 2226
1148 2 2 1 1 2202 2417 2237
1149 2 2 1 1 2524 2525 2326
1150 2 2 1 1 1053 2630 915
1151 2 2 1 1 1671 2466 1304
1152 2 2 1 1 2185 2220 1352
1153 2 2 1 1 1527 2633 2124
1154 2 2 1 1 1612 2711 2622
1155 2 2 1 1 2164 2660 2155
1156 2 2 1 1 2161 2304 2283
1157 2 2 1 1 539 2258 602
1158 2 2 1 1 858 2772 2764
1159 2 2 1 1 1029 2649 865
1160 2 2 1 1 885 2419 1052
1161 2 2 1 1 1334 2351 1101
1162 2 2 1 1 2094 2152 1303
1163 2 2 1 1 1644 2648 2097
1164 2 2 1 1 1745 2439 2361
1165 2 2 1 1 2451 2472 2359
1166 2 2 1 1 576 577 575
1167 2 2 1 1 580 2345 591
1168 2 2 1 1 1003 2156 1005
1169 2 2 1 1 1113 2564 2118
1170 2 2 1 1 1207 2246 1210
1171 2 2 1 1 1215 2241 2240
1172 2 2 1 1 2169 2170 1445
1173 2 2 1 1 2016 2081 2080
1174 2 2 1 1 1210 2246 1215
1175 2 2 1 1 1380 2793 2783
1176 2 2 1 1 2173 2538 592
1177 2 2 1 1 777 2518 788
1178 2 2 1 1 1107 2526 1108
1179 2 2 1 1 1184 1634 1291
1180 2 2 1 1 2245 2248 1533
1181 2 2 1 1 1614 2761 2751
1182 2 2 1 1 1785 2762 2759
1183 2 2 1 1 2160 2533 2157
1184 2 2 1 1 511 514 512
1185 2 2 1 1 513 2487 1157
1186 2 2 1 1 560 2119 555
1187 2 2 1 1 582 2436 586
1188 2 2 1 1 611 2250 609
1189 2 2 1 1 639 2205 640
1190 2 2 1 1 643 648 644
1191 2 2 1 1 649 652 651
1192 2 2 1 1 652 2149 2059
1193 2 2 1 1 653 2225 2132
1194 2 2 1 1 1091 1131 667
1195 2 2 1 1 681 1541 683
1196 2 2 1 1 690 692 691
1197 2 2 1 1 704 707 706
1198 2 2 1 1 2412 2438 765
1199 2 2 1 1 769 2518 777
1200 2 2 1 1 835 837 836
1201 2 2 1 1 1202 2378 839
1202 2 2 1 1 904 2185 1047
1203 2 2 1 1 937 2352 939
1204 2 2 1 1 1154 1155 1019
1205 2 2 1 1 1127 2598 2060
1206 2 2 1 1 1166 1348 1156
1207 2 2 1 1 1546 2367 1191
1208 2 2 1 1 1203 1561 1205
1209 2 2 1 1 1219 1480 1217
1210 2 2 1 1 1762 2278 1246
1211 2 2 1 1 1397 1666 1398
1212 2 2 1 1 1478 2182 1724
1213 2 2 1 1 1492 1731 1493
1214 2 2 1 1 1552 2560 2515
1215 2 2 1 1 1654 2660 2164
1216 2 2 1 1 1686 2096 1688
1217 2 2 1 1 2132 2223 2131
1218 2 2 1 1 2299 2300 2298
1219 2 2 1 1 2302 2382 2303
1220 2 2 1 1 247 2544 458
1221 2 2 1 1 260 2486 365
1222 2 2 1 1 590 592 581
1223 2 2 1 1 1537 2463 2462
1224 2 2 1 1 1780 2790 1782
1225 2 2 1 1 284 2400 283
1226 2 2 1 1 580 581 579
1227 2 2 1 1 1093 2054 1393
1228 2 2 1 1 1144 2646 2122
1229 2 2 1 1 2158 2716 2159
1230 2 2 1 1 778 2324 780
1231 2 2 1 1 1534 2591 866
1232 2 2 1 1 1072 2370 1374
1233 2 2 1 1 1313 2224 1279
1234 2 2 1 1 1387 2197 1523
1235 2 2 1 1 1574 2121 2120
1236 2 2 1 1 1764 2704 2106
1237 2 2 1 1 2207 2513 2189
1238 2 2 1 1 2381 2582 2548
1239 2 2 1 1 2281 2405 549
1240 2 2 1 1 1120 2247 1353
1241 2 2 1 1 1225 2661 1253
1242 2 2 1 1 1853 2271 1418
1243 2 2 1 1 2689 2701 1779
1244 2 2 1 1 248 2544 247
1245 2 2 1 1 506 2257 509
1246 2 2 1 1 562 563 560
1247 2 2 1 1 2165 2166 633
1248 2 2 1 1 884 2639 796
1249 2 2 1 1 812 2708 815
1250 2 2 1 1 871 2440 921
1251 2 2 1 1 1173 2379 1033
1252 2 2 1 1 1374 1375 1071
1253 2 2 1 1 1177 1310 1094
1254 2 2 1 1 1523 2247 1120
1255 2 2 1 1 1153 2620 2586
1256 2 2 1 1 1219 2730 1480
1257 2 2 1 1 1348 2678 2115
1258 2 2 1 1 1383 2674 2597
1259 2 2 1 1 1397 2200 1666
1260 2 2 1 1 2449 2517 1563
1261 2 2 1 1 2568 2656 1565
1262 2 2 1 1 2800 2801 1623
1263 2 2 1 1 2087 2620 2057
1264 2 2 1 1 2103 2238 2104
1265 2 2 1 1 909 2176 889
1266 2 2 1 1 1116 2735 2604
1267 2 2 1 1 2116 2117 1161
1268 2 2 1 1 738 2360 741
1269 2 2 1 1 762 2600 772
1270 2 2 1 1 2283 2304 766
1271 2 2 1 1 1590 2643 795
1272 2 2 1 1 892 2280 854
1273 2 2 1 1 1570 2508 997
1274 2 2 1 1 1167 2377 2181
1275 2 2 1 1 1453 1933 1911
1276 2 2 1 1 2274 2275 1487
1277 2 2 1 1 2105 2537 1576
1278 2 2 1 1 1617 2083 2082
1279 2 2 1 1 498 2464 1721
1280 2 2 1 1 1527 2258 533
1281 2 2 1 1 591 2345 2116
1282 2 2 1 1 1092 2333 594
1283 2 2 1 1 714 715 713
1284 2 2 1 1 2311 2412 765
1285 2 2 1 1 765 2501 2311
1286 2 2 1 1 825 2296 830
1287 2 2 1 1 840 2429 837
1288 2 2 1 1 861 880 863
1289 2 2 1 1 918 2325 1216
1290 2 2 1 1 939 2352 1139
1291 2 2 1 1 973 2018 1618
1292 2 2 1 1 1201 2370 1072
1293 2 2 1 1 1760 2333 1092
1294 2 2 1 1 1141 2592 1328
1295 2 2 1 1 1204 1743 1202
1296 2 2 1 1 1230 2313 1243
1297 2 2 1 1 1312 1314 1313
1298 2 2 1 1 1314 1316 1315
1299 2 2 1 1 2265 2290 1339
1300 2 2 1 1 1350 2128 1737
1301 2 2 1 1 2238 2487 1555
1302 2 2 1 1 1571 2511 1625
1303 2 2 1 1 2210 2502 1618
1304 2 2 1 1 2209 2502 2210
1305 2 2 1 1 2280 2542 2317
1306 2 2 1 1 2456 2469 2299
1307 2 2 1 1 2311 2501 2312
1308 2 2 1 1 2411 2438 2412
1309 2 2 1 1 517 521 520
1310 2 2 1 1 1556 2632 2593
1311 2 2 1 1 866 2255 2206
1312 2 2 1 1 887 2640 888
1313 2 2 1 1 999 2305 922
1314 2 2 1 1 1488 2063 1405
1315 2 2 1 1 1453 1911 1682
1316 2 2 1 1 1520 2317 2274
1317 2 2 1 1 283 2400 455
1318 2 2 1 1 289 2320 452
1319 2 2 1 1 503 2150 557
1320 2 2 1 1 508 2487 513
1321 2 2 1 1 519 2374 2202
1322 2 2 1 1 563 2119 560
1323 2 2 1 1 588 2599 2128
1324 2 2 1 1 612 2446 2023
1325 2 2 1 1 618 2485 1102
1326 2 2 1 1 668 2279 626
1327 2 2 1 1 632 634 633
1328 2 2 1 1 652 2148 651
1329 2 2 1 1 813 2254 1534
1330 2 2 1 1 835 2267 838
1331 2 2 1 1 868 2268 867
1332 2 2 1 1 918 1216 1099
1333 2 2 1 1 2189 2513 982
1334 2 2 1 1 1104 2290 1190
1335 2 2 1 1 1298 2682 1142
1336 2 2 1 1 1348 2282 1156
1337 2 2 1 1 1218 1220 1219
1338 2 2 1 1 2106 2107 1250
1339 2 2 1 1 1366 2213 1736
1340 2 2 1 1 1523 2197 2196
1341 2 2 1 1 2223 2224 1526
1342 2 2 1 1 1576 2642 2545
1343 2 2 1 1 1691 1692 1669
1344 2 2 1 1 1832 2665 1689
1345 2 2 1 1 1740 2550 2324
1346 2 2 1 1 1776 1886 1804
1347 2 2 1 1 2043 2046 2045
1348 2 2 1 1 2183 2287 2053
1349 2 2 1 1 2104 2238 2237
1350 2 2 1 1 2237 2417 2104
1351 2 2 1 1 2213 2233 2214
1352 2 2 1 1 2420 2583 2351
1353 2 2 1 1 2375 2469 2456
1354 2 2 1 1 880 911 881
1355 2 2 1 1 1075 2179 1281
1356 2 2 1 1 2187 2540 1098
1357 2 2 1 1 2184 2281 1531
1358 2 2 1 1 1531 2282 2184
1359 2 2 1 1 2552 2612 2211
1360 2 2 1 1 562 2030 563
1361 2 2 1 1 1049 1175 1048
1362 2 2 1 1 1114 2433 2369
1363 2 2 1 1 1296 2164 2155
1364 2 2 1 1 2146 2685 1404
1365 2 2 1 1 1408 1596 1595
1366 2 2 1 1 2272 2273 1611
1367 2 2 1 1 1688 1833 1832
1368 2 2 1 1 2173 2687 1725
1369 2 2 1 1 2125 2561 1727
1370 2 2 1 1 1728 2687 2173
1371 2 2 1 1 1740 2551 2550
1372 2 2 1 1 1536 2257 505
1373 2 2 1 1 509 2257 1153
1374 2 2 1 1 512 2201 1555
1375 2 2 1 1 521 522 520
1376 2 2 1 1 602 2124 604
1377 2 2 1 1 610 611 609
1378 2 2 1 1 618 620 619
1379 2 2 1 1 635 636 634
1380 2 2 1 1 640 642 641
1381 2 2 1 1 649 651 650
1382 2 2 1 1 655 657 656
1383 2 2 1 1 657 663 661
1384 2 2 1 1 664 2356 1249
1385 2 2 1 1 1131 1132 667
1386 2 2 1 1 676 2227 2226
1387 2 2 1 1 1199 2227 680
1388 2 2 1 1 681 683 682
1389 2 2 1 1 875 2596 1739
1390 2 2 1 1 902 2535 2198
1391 2 2 1 1 921 2440 1362
1392 2 2 1 1 1368 2573 1123
1393 2 2 1 1 1137 2693 2140
1394 2 2 1 1 1675 2546 1351
1395 2 2 1 1 1534 2513 2207
1396 2 2 1 1 1535 2163 2129
1397 2 2 1 1 2360 2361 1562
1398 2 2 1 1 2014 2633 2499
1399 2 2 1 1 2294 2560 2517
1400 2 2 1 1 1555 2487 510
1401 2 2 1 1 632 635 634
1402 2 2 1 1 635 2493 636
1403 2 2 1 1 661 662 656
1404 2 2 1 1 657 664 663
1405 2 2 1 1 682 1199 680
1406 2 2 1 1 993 2189 984
1407 2 2 1 1 992 2541 1119
1408 2 2 1 1 1019 2656 2568
1409 2 2 1 1 1082 2489 1083
1410 2 2 1 1 1292 1644 1287
1411 2 2 1 1 1353 2207 2189
1412 2 2 1 1 2591 2601 1547
1413 2 2 1 1 1601 1657 1638
1414 2 2 1 1 1753 2755 2018
1415 2 2 1 1 2635 2680 1763
1416 2 2 1 1 2101 2260 2102
1417 2 2 1 1 2102 2119 563
1418 2 2 1 1 738 741 737
1419 2 2 1 1 752 2262 754
1420 2 2 1 1 1082 1083 928
1421 2 2 1 1 1190 2443 2306
1422 2 2 1 1 1305 2152 1623
1423 2 2 1 1 1843 2351 1334
1424 2 2 1 1 2179 2664 1651
1425 2 2 1 1 2268 2447 2269
1426 2 2 1 1 519 2201 515
1427 2 2 1 1 2756 2805 527
1428 2 2 1 1 577 2599 575
1429 2 2 1 1 652 2151 2149
1430 2 2 1 1 677 2573 1568
1431 2 2 1 1 695 696 693
1432 2 2 1 1 695 2426 966
1433 2 2 1 1 715 2407 713
1434 2 2 1 1 743 2377 1167
1435 2 2 1 1 957 2328 944
1436 2 2 1 1 1353 2189 993
1437 2 2 1 1 995 2330 1273
1438 2 2 1 1 1037 1148 1022
1439 2 2 1 1 1025 1376 1027
1440 2 2 1 1 1068 1070 1069
1441 2 2 1 1 1274 1790 1130
1442 2 2 1 1 1290 2490 1134
1443 2 2 1 1 1135 2236 2193
1444 2 2 1 1 1149 1397 1148
1445 2 2 1 1 1280 2617 1150
1446 2 2 1 1 1619 2105 1168
1447 2 2 1 1 1522 2379 1173
1448 2 2 1 1 1553 2313 1230
1449 2 2 1 1 1744 2507 1232
1450 2 2 1 1 1242 2460 2195
1451 2 2 1 1 1265 2218 1627
1452 2 2 1 1 1278 1311 1279
1453 2 2 1 1 1286 1617 1616
1454 2 2 1 1 1315 1526 1313
1455 2 2 1 1 1314 1472 1316
1456 2 2 1 1 1362 2440 2439
1457 2 2 1 1 1399 2200 1397
1458 2 2 1 1 2191 2497 1483
1459 2 2 1 1 1729 2004 1486
1460 2 2 1 1 1490 2013 1546
1461 2 2 1 1 1541 2547 2494
1462 2 2 1 1 1543 2256 2255
1463 2 2 1 1 2253 2425 2295
1464 2 2 1 1 425 2318 214
1465 2 2 1 1 2026 2473 748
1466 2 2 1 1 1080 1182 1073
1467 2 2 1 1 1155 2758 2694
1468 2 2 1 1 1196 1525 1524
1469 2 2 1 1 1271 1776 1775
1470 2 2 1 1 756 2208 792
1471 2 2 1 1 852 892 854
1472 2 2 1 1 857 858 855
1473 2 2 1 1 887 888 876
1474 2 2 1 1 1361 2285 903
1475 2 2 1 1 2133 2187 1098
1476 2 2 1 1 1170 2733 2727
1477 2 2 1 1 1485 2111 2110
1478 2 2 1 1 1562 2439 2251
1479 2 2 1 1 2181 2614 1746
1480 2 2 1 1 1750 2588 2587
1481 2 2 1 1 1703 2217 194
1482 2 2 1 1 557 1538 1536
1483 2 2 1 1 616 617 615
1484 2 2 1 1 639 2494 2205
1485 2 2 1 1 643 671 648
1486 2 2 1 1 663 2491 661
1487 2 2 1 1 1133 1134 663
1488 2 2 1 1 675 2530 672
1489 2 2 1 1 673 680 674
1490 2 2 1 1 677 1568 675
1491 2 2 1 1 676 2226 678
1492 2 2 1 1 679 2573 677
1493 2 2 1 1 678 1128 1121
1494 2 2 1 1 893 2448 876
1495 2 2 1 1 1062 1549 893
1496 2 2 1 1 1035 2657 2623
1497 2 2 1 1 1378 2075 1040
1498 2 2 1 1 1122 2495 2218
1499 2 2 1 1 1157 2487 2238
1500 2 2 1 1 1203 2267 1561
1501 2 2 1 1 1215 2246 2242
1502 2 2 1 1 1785 2272 1261
1503 2 2 1 1 1628 1629 1266
1504 2 2 1 1 2110 2232 1317
1505 2 2 1 1 1482 2231 1335
1506 2 2 1 1 1379 1622 1610
1507 2 2 1 1 1458 1670 1459
1508 2 2 1 1 2240 2241 1533
1509 2 2 1 1 2559 2702 1602
1510 2 2 1 1 1688 1689 1687
1511 2 2 1 1 1761 2353 1760
1512 2 2 1 1 1761 2354 2353
1513 2 2 1 1 1782 2165 1987
1514 2 2 1 1 2000 2286 1999
1515 2 2 1 1 2140 2141 2139
1516 2 2 1 1 2413 2468 2256
1517 2 2 1 1 2697 2701 2590
1518 2 2 1 1 2239 2603 1325
1519 2 2 1 1 1539 2198 2178
1520 2 2 1 1 1946 2021 1787
1521 2 2 1 1 2259 2639 2178
1522 2 2 1 1 457 2320 290
1523 2 2 1 1 447 2401 2400
1524 2 2 1 1 850 2378 2252
1525 2 2 1 1 856 2280 2204
1526 2 2 1 1 933 2558 1178
1527 2 2 1 1 1061 1095 1094
1528 2 2 1 1 1215 2240 1212
1529 2 2 1 1 1936 2275 1284
1530 2 2 1 1 2044 2126 1407
1531 2 2 1 1 1494 1495 1450
1532 2 2 1 1 1504 1505 1503
1533 2 2 1 1 1617 2706 2084
1534 2 2 1 1 1645 1866 1674
1535 2 2 1 1 2732 2740 1698
1536 2 2 1 1 2084 2086 2085
1537 2 2 1 1 2243 2245 2241
1538 2 2 1 1 1444 2261 243
1539 2 2 1 1 595 1073 1041
1540 2 2 1 1 958 2349 950
1541 2 2 1 1 1613 2679 1041
1542 2 2 1 1 1365 1405 1272
1543 2 2 1 1 1702 2033 2032
1544 2 2 1 1 2053 2561 665
1545 2 2 1 1 1530 2376 714
1546 2 2 1 1 724 2322 767
1547 2 2 1 1 1740 2324 778
1548 2 2 1 1 895 896 894
1549 2 2 1 1 2155 2660 896
1550 2 2 1 1 974 975 972
1551 2 2 1 1 1023 1046 977
1552 2 2 1 1 982 2513 980
1553 2 2 1 1 981 2211 983
1554 2 2 1 1 1020 1025 1021
1555 2 2 1 1 1025 1026 1021
1556 2 2 1 1 1135 2193 1021
1557 2 2 1 1 1038 1039 1028
1558 2 2 1 1 1056 1059 1058
1559 2 2 1 1 1059 1061 1060
1560 2 2 1 1 1062 1654 1631
1561 2 2 1 1 1083 2489 1277
1562 2 2 1 1 1087 2090 1085
1563 2 2 1 1 1087 2505 2129
1564 2 2 1 1 1118 1262 1261
1565 2 2 1 1 1165 2416 2321
1566 2 2 1 1 1205 2246 1207
1567 2 2 1 1 1212 2240 1214
1568 2 2 1 1 2650 2721 1243
1569 2 2 1 1 1381 2106 1250
1570 2 2 1 1 1581 1764 1381
1571 2 2 1 1 1495 1961 1450
1572 2 2 1 1 2241 2245 1533
1573 2 2 1 1 1631 2220 1549
1574 2 2 1 1 1554 2412 2311
1575 2 2 1 1 2237 2238 1555
1576 2 2 1 1 1640 1880 1797
1577 2 2 1 1 2369 2433 1751
1578 2 2 1 1 1760 2334 2333
1579 2 2 1 1 2069 2071 2070
1580 2 2 1 1 2465 2611 2437
1581 2 2 1 1 429 2482 319
1582 2 2 1 1 1552 2515 534
1583 2 2 1 1 1246 2278 548
1584 2 2 1 1 552 2121 553
1585 2 2 1 1 567 568 562
1586 2 2 1 1 565 2563 570
1587 2 2 1 1 574 2527 569
1588 2 2 1 1 1113 2345 578
1589 2 2 1 1 625 626 624
1590 2 2 1 1 1512 2505 659
1591 2 2 1 1 704 2298 707
1592 2 2 1 1 710 711 709
1593 2 2 1 1 741 2360 1562
1594 2 2 1 1 930 2186 929
1595 2 2 1 1 946 2431 948
1596 2 2 1 1 950 2349 952
1597 2 2 1 1 1013 2323 2322
1598 2 2 1 1 1070 2199 1200
1599 2 2 1 1 1111 2519 1544
1600 2 2 1 1 1279 2224 1132
1601 2 2 1 1 2593 2677 1248
1602 2 2 1 1 1273 2330 1637
1603 2 2 1 1 1751 2432 1359
1604 2 2 1 1 1829 1852 1418
1605 2 2 1 1 1507 2687 1728
1606 2 2 1 1 1731 2190 2103
1607 2 2 1 1 1733 2608 2122
1608 2 2 1 1 2228 2588 1750
1609 2 2 1 1 2051 2076 2038
1610 2 2 1 1 2050 2052 2049
1611 2 2 1 1 252 374 251
1612 2 2 1 1 256 376 255
1613 2 2 1 1 258 424 257
1614 2 2 1 1 262 428 261
1615 2 2 1 1 264 385 263
1616 2 2 1 1 279 1969 278
1617 2 2 1 1 281 463 280
1618 2 2 1 1 283 455 282
1619 2 2 1 1 289 452 288
1620 2 2 1 1 293 1705 292
1621 2 2 1 1 305 401 304
1622 2 2 1 1 312 364 311
1623 2 2 1 1 317 351 316
1624 2 2 1 1 320 429 319
1625 2 2 1 1 329 430 328
1626 2 2 1 1 332 361 331
1627 2 2 1 1 539 602 556
1628 2 2 1 1 598 1161 1076
1629 2 2 1 1 604 606 605
1630 2 2 1 1 622 623 621
1631 2 2 1 1 1258 2272 1611
1632 2 2 1 1 1281 2179 1651
1633 2 2 1 1 1417 1701 1416
1634 2 2 1 1 1515 1517 1516
1635 2 2 1 1 2447 2448 2269
1636 2 2 1 1 736 739 738
1637 2 2 1 1 798 868 867
1638 2 2 1 1 800 2524 2347
1639 2 2 1 1 819 2653 2249
1640 2 2 1 1 837 2429 836
1641 2 2 1 1 839 840 837
1642 2 2 1 1 843 886 844
1643 2 2 1 1 888 2640 895
1644 2 2 1 1 986 988 987
1645 2 2 1 1 2157 2533 1109
1646 2 2 1 1 1615 1619 1168
1647 2 2 1 1 1176 1440 1437
1648 2 2 1 1 1543 1547 1222
1649 2 2 1 1 2316 2328 1227
1650 2 2 1 1 1676 2291 1292
1651 2 2 1 1 2602 2718 1327
1652 2 2 1 1 1403 2461 1404
1653 2 2 1 1 1410 2169 1445
1654 2 2 1 1 1525 2260 2101
1655 2 2 1 1 1529 1786 1528
1656 2 2 1 1 2336 2376 1530
1657 2 2 1 1 2040 2051 2038
1658 2 2 1 1 568 2571 2030
1659 2 2 1 1 745 2377 743
1660 2 2 1 1 787 847 786
1661 2 2 1 1 827 2296 825
1662 2 2 1 1 1244 2211 981
1663 2 2 1 1 1415 1829 1418
1664 2 2 1 1 1474 2079 1990
1665 2 2 1 1 2306 2443 1550
1666 2 2 1 1 2651 2657 1774
1667 2 2 1 1 340 2557 339
1668 2 2 1 1 401 2404 2403
1669 2 2 1 1 524 2293 669
1670 2 2 1 1 550 554 552
1671 2 2 1 1 567 572 568
1672 2 2 1 1 585 2571 573
1673 2 2 1 1 581 596 579
1674 2 2 1 1 599 1096 600
1675 2 2 1 1 622 624 623
1676 2 2 1 1 880 936 911
1677 2 2 1 1 1144 2608 931
1678 2 2 1 1 1036 1055 1054
1679 2 2 1 1 1045 2592 1141
1680 2 2 1 1 1511 2184 2114
1681 2 2 1 1 1686 1687 1685
1682 2 2 1 1 1695 1697 1696
1683 2 2 1 1 2122 2123 1734
1684 2 2 1 1 2159 2160 2157
1685 2 2 1 1 2277 2579 2276
1686 2 2 1 1 888 893 876
1687 2 2 1 1 895 964 927
1688 2 2 1 1 1010 1355 1354
1689 2 2 1 1 1010 2475 1355
1690 2 2 1 1 1185 1333 1101
1691 2 2 1 1 1333 1334 1101
1692 2 2 1 1 1249 1280 1150
1693 2 2 1 1 1212 1214 1213
1694 2 2 1 1 1214 1345 1344
1695 2 2 1 1 1346 2240 1533
1696 2 2 1 1 1720 2182 1478
1697 2 2 1 1 1502 2687 1504
1698 2 2 1 1 2195 2247 1523
1699 2 2 1 1 1738 2148 2059
1700 2 2 1 1 2146 2686 2685
1701 2 2 1 1 2346 2750 2703
1702 2 2 1 1 491 492 490
1703 2 2 1 1 503 557 505
1704 2 2 1 1 512 1555 510
1705 2 2 1 1 517 2276 521
1706 2 2 1 1 540 541 537
1707 2 2 1 1 1577 2344 556
1708 2 2 1 1 602 604 603
1709 2 2 1 1 620 621 619
1710 2 2 1 1 625 1741 668
1711 2 2 1 1 628 2279 631
1712 2 2 1 1 636 2493 639
1713 2 2 1 1 640 641 638
1714 2 2 1 1 646 2529 2151
1715 2 2 1 1 649 650 647
1716 2 2 1 1 650 2132 654
1717 2 2 1 1 657 661 656
1718 2 2 1 1 664 1249 1150
1719 2 2 1 1 681 682 680
1720 2 2 1 1 2295 2425 694
1721 2 2 1 1 756 792 758
1722 2 2 1 1 841 2378 850
1723 2 2 1 1 849 2418 848
1724 2 2 1 1 921 1362 997
1725 2 2 1 1 1033 2379 1063
1726 2 2 1 1 1095 1177 1094
1727 2 2 1 1 1139 2352 1520
1728 2 2 1 1 1162 1196 1164
1729 2 2 1 1 1196 1524 1197
1730 2 2 1 1 1205 1207 1206
1731 2 2 1 1 1245 2421 1206
1732 2 2 1 1 1216 2325 1564
1733 2 2 1 1 1261 2272 1258
1734 2 2 1 1 1302 1303 1301
1735 2 2 1 1 2069 2070 1321
1736 2 2 1 1 2572 2748 1329
1737 2 2 1 1 2108 2109 1361
1738 2 2 1 1 2109 2285 1361
1739 2 2 1 1 1412 2466 2001
1740 2 2 1 1 1490 2100 2013
1741 2 2 1 1 1537 2462 1492
1742 2 2 1 1 1511 2114 1575
1743 2 2 1 1 1525 1730 1524
1744 2 2 1 1 1539 2685 2198
1745 2 2 1 1 2201 2237 1555
1746 2 2 1 1 1801 1802 1597
1747 2 2 1 1 1688 2096 1833
1748 2 2 1 1 2580 2581 1737
1749 2 2 1 1 2542 2543 1755
1750 2 2 1 1 1946 2022 2021
1751 2 2 1 1 1998 2000 1999
1752 2 2 1 1 2198 2535 2178
1753 2 2 1 1 2255 2256 2206
1754 2 2 1 1 2515 2560 2294
1755 2 2 1 1 2294 2517 2516
1756 2 2 1 1 291 457 290
1757 2 2 1 1 489 670 491
1758 2 2 1 1 1721 2150 501
1759 2 2 1 1 506 509 508
1760 2 2 1 1 509 511 510
1761 2 2 1 1 516 2276 517
1762 2 2 1 1 525 528 526
1763 2 2 1 1 530 2293 526
1764 2 2 1 1 540 2344 542
1765 2 2 1 1 543 2454 541
1766 2 2 1 1 614 616 615
1767 2 2 1 1 620 622 621
1768 2 2 1 1 629 1022 627
1769 2 2 1 1 636 639 638
1770 2 2 1 1 655 2356 657
1771 2 2 1 1 684 2277 2276
1772 2 2 1 1 686 687 685
1773 2 2 1 1 686 2516 1018
1774 2 2 1 1 688 689 687
1775 2 2 1 1 690 691 689
1776 2 2 1 1 692 693 691
1777 2 2 1 1 691 2428 2427
1778 2 2 1 1 696 698 697
1779 2 2 1 1 698 700 699
1780 2 2 1 1 700 702 701
1781 2 2 1 1 701 2368 963
1782 2 2 1 1 703 2456 2299
1783 2 2 1 1 707 708 706
1784 2 2 1 1 707 2298 941
1785 2 2 1 1 774 2442 708
1786 2 2 1 1 716 718 717
1787 2 2 1 1 718 2321 719
1788 2 2 1 1 720 2376 1013
1789 2 2 1 1 727 2501 765
1790 2 2 1 1 942 2410 774
1791 2 2 1 1 780 843 791
1792 2 2 1 1 782 2314 794
1793 2 2 1 1 801 803 802
1794 2 2 1 1 807 2525 805
1795 2 2 1 1 811 2206 809
1796 2 2 1 1 817 2254 814
1797 2 2 1 1 816 819 818
1798 2 2 1 1 848 2418 1030
1799 2 2 1 1 967 1357 878
1800 2 2 1 1 883 885 884
1801 2 2 1 1 918 935 908
1802 2 2 1 1 919 2408 1363
1803 2 2 1 1 941 2300 943
1804 2 2 1 1 944 945 942
1805 2 2 1 1 943 1159 957
1806 2 2 1 1 946 947 945
1807 2 2 1 1 950 951 949
1808 2 2 1 1 952 953 951
1809 2 2 1 1 959 1111 1110
1810 2 2 1 1 1079 1103 960
1811 2 2 1 1 1492 1493 962
1812 2 2 1 1 963 2559 1537
1813 2 2 1 1 1540 2500 969
1814 2 2 1 1 970 972 971
1815 2 2 1 1 1618 2502 971
1816 2 2 1 1 976 2329 1112
1817 2 2 1 1 977 2315 978
1818 2 2 1 1 979 2476 2417
1819 2 2 1 1 981 982 980
1820 2 2 1 1 991 994 989
1821 2 2 1 1 995 1129 994
1822 2 2 1 1 1025 1027 1026
1823 2 2 1 1 1070 1072 1071
1824 2 2 1 1 1200 1201 1072
1825 2 2 1 1 1074 1384 1294
1826 2 2 1 1 1075 1281 1077
1827 2 2 1 1 1104 1190 1103
1828 2 2 1 1 1105 1289 1145
1829 2 2 1 1 1112 1231 1230
1830 2 2 1 1 1119 1387 1120
1831 2 2 1 1 1159 2302 1160
1832 2 2 1 1 2300 2301 1159
1833 2 2 1 1 1160 1364 1228
1834 2 2 1 1 2117 2647 1161
1835 2 2 1 1 1224 1233 1201
1836 2 2 1 1 1220 1543 1222
1837 2 2 1 1 1224 2253 1542
1838 2 2 1 1 1391 1558 1229
1839 2 2 1 1 2329 2414 1231
1840 2 2 1 1 1233 1556 1248
1841 2 2 1 1 1267 1473 1268
1842 2 2 1 1 1318 1411 1320
1843 2 2 1 1 1351 2546 1326
1844 2 2 1 1 1569 1751 1359
1845 2 2 1 1 1363 2415 1748
1846 2 2 1 1 2302 2303 1364
1847 2 2 1 1 1365 2728 2168
1848 2 2 1 1 1366 1735 1367
1849 2 2 1 1 1367 2699 1373
1850 2 2 1 1 1571 1572 1387
1851 2 2 1 1 1852 1853 1418
1852 2 2 1 1 1491 2100 1490
1853 2 2 1 1 1494 2558 2097
1854 2 2 1 1 1502 1504 1503
1855 2 2 1 1 1521 2228 1750
1856 2 2 1 1 2308 2414 1540
1857 2 2 1 1 1550 2024 1545
1858 2 2 1 1 1545 2450 1578
1859 2 2 1 1 1749 2307 1552
1860 2 2 1 1 2307 2560 1552
1861 2 2 1 1 2517 2560 1563
1862 2 2 1 1 2634 2670 1568
1863 2 2 1 1 1625 1788 1572
1864 2 2 1 1 1637 1813 1812
1865 2 2 1 1 1751 2433 2432
1866 2 2 1 1 2023 2633 2014
1867 2 2 1 1 2098 2612 2552
1868 2 2 1 1 2202 2237 2201
1869 2 2 1 1 2202 2374 2289
1870 2 2 1 1 2233 2512 2234
1871 2 2 1 1 2424 2449 2295
1872 2 2 1 1 2301 2382 2302
1873 2 2 1 1 2382 2521 2303
1874 2 2 1 1 2395 2396 2394
1875 2 2 1 1 164 2362 163
1876 2 2 1 1 550 2278 554
1877 2 2 1 1 1574 2563 565
1878 2 2 1 1 599 1097 1096
1879 2 2 1 1 766 2555 2284
1880 2 2 1 1 847 2535 898
1881 2 2 1 1 937 938 862
1882 2 2 1 1 877 2588 2228
1883 2 2 1 1 892 2543 2542
1884 2 2 1 1 927 1082 928
1885 2 2 1 1 934 2558 933
1886 2 2 1 1 939 1138 940
1887 2 2 1 1 1138 2029 940
1888 2 2 1 1 1093 1393 1392
1889 2 2 1 1 2181 2361 1167
1890 2 2 1 1 1214 2240 1346
1891 2 2 1 1 1620 2094 1302
1892 2 2 1 1 1609 1699 1311
1893 2 2 1 1 1699 2006 1311
1894 2 2 1 1 1350 1351 1326
1895 2 2 1 1 1355 2475 1584
1896 2 2 1 1 1889 1943 1443
1897 2 2 1 1 1997 1998 1482
1898 2 2 1 1 1498 1499 1497
1899 2 2 1 1 1502 1503 1501
1900 2 2 1 1 1506 1508 1505
1901 2 2 1 1 2548 2582 1530
1902 2 2 1 1 1692 2287 1669
1903 2 2 1 1 1745 2361 2181
1904 2 2 1 1 1753 1995 1754
1905 2 2 1 1 2242 2244 2243
1906 2 2 1 1 2597 2674 2518
1907 2 2 1 1 433 2365 2364
1908 2 2 1 1 558 2445 566
1909 2 2 1 1 561 562 560
1910 2 2 1 1 572 573 568
1911 2 2 1 1 601 1092 594
1912 2 2 1 1 600 1166 1156
1913 2 2 1 1 749 2192 747
1914 2 2 1 1 748 750 749
1915 2 2 1 1 844 845 791
1916 2 2 1 1 869 2440 871
1917 2 2 1 1 1739 2174 887
1918 2 2 1 1 1108 2229 901
1919 2 2 1 1 1043 1255 1254
1920 2 2 1 1 1175 2700 1048
1921 2 2 1 1 1052 1733 1179
1922 2 2 1 1 1139 1520 1349
1923 2 2 1 1 1178 2558 1494
1924 2 2 1 1 1213 1306 1211
1925 2 2 1 1 1240 2037 1239
1926 2 2 1 1 1239 1407 1241
1927 2 2 1 1 1256 2357 1773
1928 2 2 1 1 1286 2706 1617
1929 2 2 1 1 1737 2581 1496
1930 2 2 1 1 1688 1832 1689
1931 2 2 1 1 847 897 786
1932 2 2 1 1 2641 2669 964
1933 2 2 1 1 1007 1010 1008
1934 2 2 1 1 2705 2738 1406
1935 2 2 1 1 1485 2112 2111
1936 2 2 1 1 2140 2146 2141
1937 2 2 1 1 358 2385 326
1938 2 2 1 1 522 523 520
1939 2 2 1 1 533 534 531
1940 2 2 1 1 535 536 534
1941 2 2 1 1 536 1749 1552
1942 2 2 1 1 542 543 541
1943 2 2 1 1 541 2454 2453
1944 2 2 1 1 548 549 546
1945 2 2 1 1 2124 2446 604
1946 2 2 1 1 660 1014 611
1947 2 2 1 1 2130 2707 645
1948 2 2 1 1 660 2505 1016
1949 2 2 1 1 686 688 687
1950 2 2 1 1 697 2428 693
1951 2 2 1 1 698 2456 700
1952 2 2 1 1 2359 2472 734
1953 2 2 1 1 783 2504 737
1954 2 2 1 1 748 749 747
1955 2 2 1 1 754 756 755
1956 2 2 1 1 754 2262 2208
1957 2 2 1 1 1052 1053 915
1958 2 2 1 1 2328 2431 946
1959 2 2 1 1 1110 2432 955
1960 2 2 1 1 968 1066 967
1961 2 2 1 1 967 2521 1357
1962 2 2 1 1 1036 1056 1055
1963 2 2 1 1 1070 1200 1072
1964 2 2 1 1 1160 2302 1364
1965 2 2 1 1 1415 1418 1182
1966 2 2 1 1 2199 2253 1200
1967 2 2 1 1 1260 1640 1380
1968 2 2 1 1 1297 1321 1309
1969 2 2 1 1 1299 2466 1412
1970 2 2 1 1 1305 1449 1448
1971 2 2 1 1 1374 2370 1593
1972 2 2 1 1 1500 1501 1499
1973 2 2 1 1 1513 1515 1514
1974 2 2 1 1 1879 2163 1535
1975 2 2 1 1 2014 2499 1546
1976 2 2 1 1 1550 2025 2024
1977 2 2 1 1 2586 2620 1551
1978 2 2 1 1 1637 2330 2236
1979 2 2 1 1 1697 1698 1696
1980 2 2 1 1 1727 2561 1696
1981 2 2 1 1 1776 2002 1886
1982 2 2 1 1 2120 2121 2119
1983 2 2 1 1 2536 2631 2221
1984 2 2 1 1 2301 2469 2382
1985 2 2 1 1 604 605 603
1986 2 2 1 1 607 610 609
1987 2 2 1 1 615 658 613
1988 2 2 1 1 733 2488 775
1989 2 2 1 1 735 2504 2488
1990 2 2 1 1 772 778 773
1991 2 2 1 1 772 1740 778
1992 2 2 1 1 850 2252 852
1993 2 2 1 1 856 2204 2203
1994 2 2 1 1 861 863 859
1995 2 2 1 1 882 916 883
1996 2 2 1 1 1101 2351 886
1997 2 2 1 1 1043 1254 913
1998 2 2 1 1 1140 2558 934
1999 2 2 1 1 940 1036 1035
2000 2 2 1 1 998 1001 1000
2001 2 2 1 1 1003 1004 1002
2002 2 2 1 1 1036 1054 1035
2003 2 2 1 1 1286 1616 1077
2004 2 2 1 1 1097 1350 1326
2005 2 2 1 1 1136 1275 1198
2006 2 2 1 1 1162 1164 1163
2007 2 2 1 1 1194 1195 1193
2008 2 2 1 1 1240 2039 2038
2009 2 2 1 1 1260 1380 1379
2010 2 2 1 1 1288 1292 1287
2011 2 2 1 1 1300 1301 1299
2012 2 2 1 1 1603 1620 1302
2013 2 2 1 1 1346 1347 1345
2014 2 2 1 1 1477 1478 1347
2015 2 2 1 1 1350 1737 1496
2016 2 2 1 1 1448 1861 1671
2017 2 2 1 1 1474 1990 1872
2018 2 2 1 1 1786 2058 1528
2019 2 2 1 1 1651 1858 1857
2020 2 2 1 1 1676 2292 2291
2021 2 2 1 1 1759 2134 2133
2022 2 2 1 1 1782 2790 2166
2023 2 2 1 1 1884 2035 2034
2024 2 2 1 1 2178 2639 2177
2025 2 2 1 1 550 551 549
2026 2 2 1 1 552 553 551
2027 2 2 1 1 595 1041 587
2028 2 2 1 1 714 716 715
2029 2 2 1 1 781 2437 717
2030 2 2 1 1 720 721 718
2031 2 2 1 1 719 1557 782
2032 2 2 1 1 722 723 721
2033 2 2 1 1 724 725 723
2034 2 2 1 1 729 2589 2501
2035 2 2 1 1 739 1223 742
2036 2 2 1 1 741 784 783
2037 2 2 1 1 744 770 746
2038 2 2 1 1 762 772 768
2039 2 2 1 1 769 776 763
2040 2 2 1 1 793 2465 781
2041 2 2 1 1 789 2259 787
2042 2 2 1 1 787 2259 847
2043 2 2 1 1 794 801 800
2044 2 2 1 1 2314 2408 801
2045 2 2 1 1 805 2524 802
2046 2 2 1 1 803 829 804
2047 2 2 1 1 813 866 811
2048 2 2 1 1 821 823 822
2049 2 2 1 1 965 2296 827
2050 2 2 1 1 919 920 829
2051 2 2 1 1 834 2610 2244
2052 2 2 1 1 868 2447 2268
2053 2 2 1 1 907 908 906
2054 2 2 1 1 907 2347 2325
2055 2 2 1 1 908 2327 1371
2056 2 2 1 1 969 970 920
2057 2 2 1 1 947 2348 1235
2058 2 2 1 1 954 955 953
2059 2 2 1 1 1227 2328 957
2060 2 2 1 1 974 2500 2329
2061 2 2 1 1 980 2513 2254
2062 2 2 1 1 983 2211 986
2063 2 2 1 1 988 1020 990
2064 2 2 1 1 2468 2525 1012
2065 2 2 1 1 1030 2270 1032
2066 2 2 1 1 1094 2602 1060
2067 2 2 1 1 1331 2153 1172
2068 2 2 1 1 2127 2526 1198
2069 2 2 1 1 1231 1554 1553
2070 2 2 1 1 1358 2371 1521
2071 2 2 1 1 1544 1545 1360
2072 2 2 1 1 2312 2313 1553
2073 2 2 1 1 1615 2780 1619
2074 2 2 1 1 2419 2608 1733
2075 2 2 1 1 1748 2416 2411
2076 2 2 1 1 1752 2369 1751
2077 2 2 1 1 2664 2673 2062
2078 2 2 1 1 2122 2646 2123
2079 2 2 1 1 2336 2582 2337
2080 2 2 1 1 2380 2566 2337
2081 2 2 1 1 2348 2566 2380
2082 2 2 1 1 400 2339 176
2083 2 2 1 1 529 532 531
2084 2 2 1 1 561 567 562
2085 2 2 1 1 2101 2102 563
2086 2 2 1 1 576 1113 578
2087 2 2 1 1 583 2762 2436
2088 2 2 1 1 2406 2428 697
2089 2 2 1 1 703 704 702
2090 2 2 1 1 704 706 705
2091 2 2 1 1 713 2407 842
2092 2 2 1 1 716 717 715
2093 2 2 1 1 882 883 796
2094 2 2 1 1 933 1057 925
2095 2 2 1 1 932 1143 1142
2096 2 2 1 1 1003 1005 1004
2097 2 2 1 1 1005 1007 1006
2098 2 2 1 1 1178 1285 1057
2099 2 2 1 1 2619 2680 1127
2100 2 2 1 1 1397 1398 1148
2101 2 2 1 1 1172 2153 1295
2102 2 2 1 1 1195 1539 1193
2103 2 2 1 1 2307 2522 1234
2104 2 2 1 1 1240 2038 2037
2105 2 2 1 1 1277 1409 1332
2106 2 2 1 1 1485 2110 1319
2107 2 2 1 1 1355 1582 1354
2108 2 2 1 1 1406 1864 1662
2109 2 2 1 1 1412 1887 1457
2110 2 2 1 1 1998 1999 1482
2111 2 2 1 1 1547 2601 2460
2112 2 2 1 1 1560 2549 1558
2113 2 2 1 1 1583 2554 1582
2114 2 2 1 1 1690 1691 1669
2115 2 2 1 1 1691 1693 1692
2116 2 2 1 1 1693 1695 1694
2117 2 2 1 1 1731 2462 2190
2118 2 2 1 1 1732 2476 1747
2119 2 2 1 1 2039 2040 2038
2120 2 2 1 1 2048 2049 2047
2121 2 2 1 1 2111 2113 2110
2122 2 2 1 1 2178 2535 2259
2123 2 2 1 1 2294 2516 2293
2124 2 2 1 1 206 2386 366
2125 2 2 1 1 591 2116 598
2126 2 2 1 1 865 890 889
2127 2 2 1 1 1596 1859 1800
2128 2 2 1 1 1822 1946 1787
2129 2 2 1 1 247 458 246
2130 2 2 1 1 249 406 248
2131 2 2 1 1 275 1897 274
2132 2 2 1 1 285 447 284
2133 2 2 1 1 287 421 286
2134 2 2 1 1 296 462 295
2135 2 2 1 1 308 371 307
2136 2 2 1 1 310 438 309
2137 2 2 1 1 314 439 313
2138 2 2 1 1 322 355 321
2139 2 2 1 1 324 440 323
2140 2 2 1 1 327 358 326
2141 2 2 1 1 334 441 333
2142 2 2 1 1 336 375 335
2143 2 2 1 1 339 402 338
2144 2 2 1 1 341 459 340
2145 2 2 1 1 489 490 488
2146 2 2 1 1 490 2645 1042
2147 2 2 1 1 493 494 492
2148 2 2 1 1 493 2464 498
2149 2 2 1 1 495 496 494
2150 2 2 1 1 498 1721 501
2151 2 2 1 1 501 2150 503
2152 2 2 1 1 508 513 507
2153 2 2 1 1 510 2487 508
2154 2 2 1 1 509 1153 511
2155 2 2 1 1 517 519 515
2156 2 2 1 1 518 1225 684
2157 2 2 1 1 520 2374 519
2158 2 2 1 1 519 2202 2201
2159 2 2 1 1 529 530 526
2160 2 2 1 1 529 2367 532
2161 2 2 1 1 537 2453 536
2162 2 2 1 1 544 545 543
2163 2 2 1 1 547 1247 1246
2164 2 2 1 1 555 2121 552
2165 2 2 1 1 565 570 569
2166 2 2 1 1 610 1252 659
2167 2 2 1 1 623 2631 2183
2168 2 2 1 1 629 1037 1022
2169 2 2 1 1 632 633 630
2170 2 2 1 1 655 656 653
2171 2 2 1 1 1989 2279 668
2172 2 2 1 1 2289 2374 685
2173 2 2 1 1 688 690 689
2174 2 2 1 1 692 695 693
2175 2 2 1 1 694 2424 2295
2176 2 2 1 1 696 2375 698
2177 2 2 1 1 701 962 699
2178 2 2 1 1 703 2298 704
2179 2 2 1 1 707 774 708
2180 2 2 1 1 712 713 711
2181 2 2 1 1 714 2376 716
2182 2 2 1 1 716 720 718
2183 2 2 1 1 719 781 717
2184 2 2 1 1 726 728 727
2185 2 2 1 1 730 732 731
2186 2 2 1 1 742 743 740
2187 2 2 1 1 744 745 743
2188 2 2 1 1 747 2192 764
2189 2 2 1 1 752 753 751
2190 2 2 1 1 941 942 774
2191 2 2 1 1 800 2347 799
2192 2 2 1 1 804 805 802
2193 2 2 1 1 806 2209 961
2194 2 2 1 1 808 809 807
2195 2 2 1 1 809 2206 1012
2196 2 2 1 1 814 2254 813
2197 2 2 1 1 825 830 822
2198 2 2 1 1 824 981 980
2199 2 2 1 1 828 834 833
2200 2 2 1 1 834 2267 835
2201 2 2 1 1 846 865 864
2202 2 2 1 1 916 2419 883
2203 2 2 1 1 1107 1108 901
2204 2 2 1 1 1142 1144 931
2205 2 2 1 1 1187 2327 935
2206 2 2 1 1 943 944 942
2207 2 2 1 1 943 2300 1159
2208 2 2 1 1 944 946 945
2209 2 2 1 1 946 948 947
2210 2 2 1 1 949 2348 947
2211 2 2 1 1 948 950 949
2212 2 2 1 1 952 954 953
2213 2 2 1 1 1160 1227 957
2214 2 2 1 1 963 1492 962
2215 2 2 1 1 1363 1540 969
2216 2 2 1 1 973 1618 971
2217 2 2 1 1 974 976 975
2218 2 2 1 1 1007 2475 1010
2219 2 2 1 1 1010 1354 1011
2220 2 2 1 1 1026 1135 1021
2221 2 2 1 1 1112 1115 1023
2222 2 2 1 1 1024 1192 1191
2223 2 2 1 1 1032 1033 1031
2224 2 2 1 1 1062 1631 1549
2225 2 2 1 1 1069 1270 1067
2226 2 2 1 1 1073 2271 1089
2227 2 2 1 1 1079 1104 1103
2228 2 2 1 1 1091 1269 1131
2229 2 2 1 1 1216 1217 1099
2230 2 2 1 1 1112 2329 1231
2231 2 2 1 1 1230 1243 1115
2232 2 2 1 1 1119 1571 1387
2233 2 2 1 1 2226 2532 1128
2234 2 2 1 1 1273 1274 1130
2235 2 2 1 1 1141 1288 1287
2236 2 2 1 1 1141 1328 1288
2237 2 2 1 1 1154 1343 1155
2238 2 2 1 1 1197 1272 1164
2239 2 2 1 1 1174 2194 1783
2240 2 2 1 1 1178 1450 1285
2241 2 2 1 1 1186 1567 1188
2242 2 2 1 1 1189 2338 1187
2243 2 2 1 1 1188 2213 1366
2244 2 2 1 1 1367 1372 1189
2245 2 2 1 1 1192 1491 1490
2246 2 2 1 1 1196 2647 1525
2247 2 2 1 1 1205 1206 1204
2248 2 2 1 1 1218 1219 1217
2249 2 2 1 1 1220 2413 1543
2250 2 2 1 1 1222 1242 1221
2251 2 2 1 1 1547 2460 1222
2252 2 2 1 1 1224 1234 1233
2253 2 2 1 1 1225 1253 1226
2254 2 2 1 1 1369 2277 1226
2255 2 2 1 1 1228 1229 1227
2256 2 2 1 1 1390 1391 1229
2257 2 2 1 1 1233 2522 1556
2258 2 2 1 1 1242 1599 1598
2259 2 2 1 1 1755 2421 1245
2260 2 2 1 1 1253 1342 1336
2261 2 2 1 1 1262 1385 1261
2262 2 2 1 1 1262 1386 1385
2263 2 2 1 1 1329 1458 1269
2264 2 2 1 1 1318 1319 1317
2265 2 2 1 1 1784 2015 1330
2266 2 2 1 1 1337 2713 1485
2267 2 2 1 1 1342 1729 1486
2268 2 2 1 1 1521 1569 1359
2269 2 2 1 1 1578 2371 1360
2270 2 2 1 1 1373 1579 1372
2271 2 2 1 1 1382 1581 1381
2272 2 2 1 1 1391 1706 1559
2273 2 2 1 1 1667 1668 1398
2274 2 2 1 1 1406 1662 1403
2275 2 2 1 1 1412 2001 1887
2276 2 2 1 1 1535 2129 1514
2277 2 2 1 1 1748 2308 1540
2278 2 2 1 1 1544 1550 1545
2279 2 2 1 1 2311 2312 1553
2280 2 2 1 1 1566 2641 2174
2281 2 2 1 1 1567 2233 2213
2282 2 2 1 1 1569 1752 1751
2283 2 2 1 1 1570 2585 2508
2284 2 2 1 1 1571 1625 1572
2285 2 2 1 1 1578 2556 2371
2286 2 2 1 1 1602 1767 1579
2287 2 2 1 1 1611 1612 1580
2288 2 2 1 1 1599 2509 2005
2289 2 2 1 1 1637 2236 1813
2290 2 2 1 1 1695 1696 1694
2291 2 2 1 1 1702 2032 2031
2292 2 2 1 1 2012 2125 1727
2293 2 2 1 1 1772 1994 1729
2294 2 2 1 1 2128 2599 1737
2295 2 2 1 1 2496 2506 1739
2296 2 2 1 1 2252 2378 1743
2297 2 2 1 1 1843 2420 2351
2298 2 2 1 1 2417 2476 2104
2299 2 2 1 1 2161 2283 2160
2300 2 2 1 1 2214 2297 2215
2301 2 2 1 1 2411 2412 2308
2302 2 2 1 1 2314 2415 2408
2303 2 2 1 1 2338 2467 2327
2304 2 2 1 1 2329 2500 2414
2305 2 2 1 1 869 870 868
2306 2 2 1 1 917 932 931
2307 2 2 1 1 932 1142 931
2308 2 2 1 1 1047 1352 1251
2309 2 2 1 1 1052 1179 1053
2310 2 2 1 1 1178 1494 1450
2311 2 2 1 1 1770 2630 1181
2312 2 2 1 1 1303 1304 1301
2313 2 2 1 1 1402 2667 2068
2314 2 2 1 1 1408 1595 1566
2315 2 2 1 1 1584 2533 1587
2316 2 2 1 1 1605 1608 1607
2317 2 2 1 1 1608 1810 1607
2318 2 2 1 1 1608 1811 1810
2319 2 2 1 1 2136 2137 2134
2320 2 2 1 1 159 427 158
2321 2 2 1 1 367 2390 234
2322 2 2 1 1 2392 2393 428
2323 2 2 1 1 487 489 488
2324 2 2 1 1 493 495 494
2325 2 2 1 1 501 502 499
2326 2 2 1 1 502 2568 1565
2327 2 2 1 1 516 517 515
2328 2 2 1 1 684 2276 516
2329 2 2 1 1 517 520 519
2330 2 2 1 1 522 524 523
2331 2 2 1 1 525 526 524
2332 2 2 1 1 528 529 526
2333 2 2 1 1 529 531 530
2334 2 2 1 1 532 533 531
2335 2 2 1 1 535 537 536
2336 2 2 1 1 539 540 537
2337 2 2 1 1 556 2344 540
2338 2 2 1 1 542 544 543
2339 2 2 1 1 559 2454 543
2340 2 2 1 1 548 550 549
2341 2 2 1 1 548 2278 550
2342 2 2 1 1 551 2281 549
2343 2 2 1 1 553 564 551
2344 2 2 1 1 558 561 560
2345 2 2 1 1 565 569 564
2346 2 2 1 1 570 576 575
2347 2 2 1 1 582 584 573
2348 2 2 1 1 575 588 574
2349 2 2 1 1 588 589 574
2350 2 2 1 1 576 578 577
2351 2 2 1 1 580 590 581
2352 2 2 1 1 580 591 590
2353 2 2 1 1 582 586 584
2354 2 2 1 1 586 594 587
2355 2 2 1 1 1102 2595 620
2356 2 2 1 1 626 628 627
2357 2 2 1 1 1022 2221 627
2358 2 2 1 1 628 630 629
2359 2 2 1 1 643 644 642
2360 2 2 1 1 660 1015 1014
2361 2 2 1 1 1742 1989 668
2362 2 2 1 1 1226 2277 684
2363 2 2 1 1 687 2289 685
2364 2 2 1 1 686 1018 688
2365 2 2 1 1 689 979 687
2366 2 2 1 1 690 694 692
2367 2 2 1 1 693 2428 691
2368 2 2 1 1 696 697 693
2369 2 2 1 1 695 966 878
2370 2 2 1 1 698 699 697
2371 2 2 1 1 700 701 699
2372 2 2 1 1 702 2368 701
2373 2 2 1 1 701 963 962
2374 2 2 1 1 704 705 702
2375 2 2 1 1 703 2299 2298
2376 2 2 1 1 708 709 706
2377 2 2 1 1 707 941 774
2378 2 2 1 1 712 2548 1530
2379 2 2 1 1 718 719 717
2380 2 2 1 1 721 2321 718
2381 2 2 1 1 719 782 781
2382 2 2 1 1 720 1013 722
2383 2 2 1 1 723 1165 721
2384 2 2 1 1 722 2322 724
2385 2 2 1 1 724 767 726
2386 2 2 1 1 727 765 725
2387 2 2 1 1 729 2501 727
2388 2 2 1 1 741 1562 784
2389 2 2 1 1 785 2262 752
2390 2 2 1 1 758 759 757
2391 2 2 1 1 777 787 786
2392 2 2 1 1 1557 2314 782
2393 2 2 1 1 788 2518 1590
2394 2 2 1 1 794 800 799
2395 2 2 1 1 799 2347 907
2396 2 2 1 1 801 802 800
2397 2 2 1 1 803 804 802
2398 2 2 1 1 803 2408 919
2399 2 2 1 1 829 2209 804
2400 2 2 1 1 806 808 807
2401 2 2 1 1 866 2206 811
2402 2 2 1 1 812 814 813
2403 2 2 1 1 816 818 817
2404 2 2 1 1 980 2254 817
2405 2 2 1 1 819 820 818
2406 2 2 1 1 821 822 820
2407 2 2 1 1 823 825 822
2408 2 2 1 1 824 1244 981
2409 2 2 1 1 832 1370 965
2410 2 2 1 1 921 922 873
2411 2 2 1 1 1357 2375 878
2412 2 2 1 1 907 2325 918
2413 2 2 1 1 915 1065 914
2414 2 2 1 1 970 971 920
2415 2 2 1 1 941 943 942
2416 2 2 1 1 945 2410 942
2417 2 2 1 1 943 957 944
2418 2 2 1 1 944 2328 946
2419 2 2 1 1 948 958 950
2420 2 2 1 1 955 2432 953
2421 2 2 1 1 959 1110 955
2422 2 2 1 1 956 1078 960
2423 2 2 1 1 1159 1160 957
2424 2 2 1 1 2431 2549 958
2425 2 2 1 1 1103 2519 960
2426 2 2 1 1 963 1537 1492
2427 2 2 1 1 966 968 967
2428 2 2 1 1 968 1067 1066
2429 2 2 1 1 972 973 971
2430 2 2 1 1 974 2329 976
2431 2 2 1 1 977 978 975
2432 2 2 1 1 976 1112 1023
2433 2 2 1 1 1046 2315 977
2434 2 2 1 1 2427 2476 979
2435 2 2 1 1 1119 1120 993
2436 2 2 1 1 1129 1232 994
2437 2 2 1 1 995 1273 1130
2438 2 2 1 1 998 1000 999
2439 2 2 1 1 1236 2305 999
2440 2 2 1 1 1148 2536 1022
2441 2 2 1 1 1046 2698 2684
2442 2 2 1 1 1052 2419 1733
2443 2 2 1 1 1068 1069 1067
2444 2 2 1 1 1070 1071 1069
2445 2 2 1 1 1190 2306 1103
2446 2 2 1 1 1105 1145 1106
2447 2 2 1 1 1119 2541 1571
2448 2 2 1 1 2301 2302 1159
2449 2 2 1 1 1160 1228 1227
2450 2 2 1 1 1490 1546 1191
2451 2 2 1 1 1200 2253 1224
2452 2 2 1 1 1233 1248 1201
2453 2 2 1 1 1222 2460 1242
2454 2 2 1 1 1224 1542 1234
2455 2 2 1 1 1336 1369 1226
2456 2 2 1 1 1228 1390 1229
2457 2 2 1 1 1558 2316 1229
2458 2 2 1 1 1231 1553 1230
2459 2 2 1 1 2348 2380 1235
2460 2 2 1 1 1242 2195 1599
2461 2 2 1 1 1588 1762 1246
2462 2 2 1 1 1251 1381 1250
2463 2 2 1 1 1251 1382 1381
2464 2 2 1 1 1252 1766 1513
2465 2 2 1 1 1473 2510 1268
2466 2 2 1 1 1311 1312 1279
2467 2 2 1 1 1283 1936 1284
2468 2 2 1 1 1384 1410 1294
2469 2 2 1 1 1402 2066 1297
2470 2 2 1 1 1316 1318 1317
2471 2 2 1 1 1326 1653 1324
2472 2 2 1 1 1329 1793 1458
2473 2 2 1 1 1353 2601 2207
2474 2 2 1 1 1358 1521 1359
2475 2 2 1 1 1360 2371 1358
2476 2 2 1 1 1545 1578 1360
2477 2 2 1 1 1363 1748 1540
2478 2 2 1 1 2327 2467 1371
2479 2 2 1 1 1374 1592 1375
2480 2 2 1 1 1639 1652 1394
2481 2 2 1 1 1521 1750 1569
2482 2 2 1 1 1878 1879 1535
2483 2 2 1 1 2559 2606 1537
2484 2 2 1 1 2414 2500 1540
2485 2 2 1 1 1550 2443 2025
2486 2 2 1 1 1554 2311 1553
2487 2 2 1 1 1619 2760 2105
2488 2 2 1 1 1884 2034 1697
2489 2 2 1 1 1744 2541 2457
2490 2 2 1 1 1747 2428 2406
2491 2 2 1 1 1748 2411 2308
2492 2 2 1 1 2265 2644 2290
2493 2 2 1 1 2336 2337 2323
2494 2 2 1 1 2380 2582 2381
2495 2 2 1 1 214 2318 213
2496 2 2 1 1 216 2319 215
2497 2 2 1 1 233 2390 431
2498 2 2 1 1 433 2364 236
2499 2 2 1 1 553 565 564
2500 2 2 1 1 570 575 574
2501 2 2 1 1 578 579 577
2502 2 2 1 1 731 2589 729
2503 2 2 1 1 732 2359 734
2504 2 2 1 1 735 2488 733
2505 2 2 1 1 744 746 745
2506 2 2 1 1 746 748 747
2507 2 2 1 1 766 2304 751
2508 2 2 1 1 758 760 759
2509 2 2 1 1 2162 2614 764
2510 2 2 1 1 779 1383 773
2511 2 2 1 1 780 2324 843
2512 2 2 1 1 784 2251 798
2513 2 2 1 1 795 796 789
2514 2 2 1 1 798 2251 869
2515 2 2 1 1 841 850 849
2516 2 2 1 1 844 846 845
2517 2 2 1 1 846 864 845
2518 2 2 1 1 879 2418 849
2519 2 2 1 1 857 860 859
2520 2 2 1 1 865 889 864
2521 2 2 1 1 900 901 899
2522 2 2 1 1 904 2268 2185
2523 2 2 1 1 923 924 910
2524 2 2 1 1 924 925 910
2525 2 2 1 1 912 929 913
2526 2 2 1 1 917 1170 932
2527 2 2 1 1 1044 1045 934
2528 2 2 1 1 939 940 938
2529 2 2 1 1 958 2384 2349
2530 2 2 1 1 1030 1031 996
2531 2 2 1 1 997 2508 998
2532 2 2 1 1 1050 2565 1002
2533 2 2 1 1 1047 2185 1352
2534 2 2 1 1 1063 1090 1064
2535 2 2 1 1 1208 1283 1245
2536 2 2 1 1 1257 2167 1260
2537 2 2 1 1 1362 2439 1745
2538 2 2 1 1 1384 2761 1614
2539 2 2 1 1 1595 2641 1566
2540 2 2 1 1 1678 1679 1677
2541 2 2 1 1 1682 1684 1683
2542 2 2 1 1 2204 2352 2203
2543 2 2 1 1 2369 2584 2566
2544 2 2 1 1 2490 2572 2491
2545 2 2 1 1 174 391 173
2546 2 2 1 1 177 400 176
2547 2 2 1 1 180 396 179
2548 2 2 1 1 183 436 182
2549 2 2 1 1 185 394 184
2550 2 2 1 1 188 378 187
2551 2 2 1 1 195 1703 194
2552 2 2 1 1 197 1704 196
2553 2 2 1 1 202 388 201
2554 2 2 1 1 206 366 205
2555 2 2 1 1 208 437 207
2556 2 2 1 1 210 383 209
2557 2 2 1 1 215 425 214
2558 2 2 1 1 217 416 216
2559 2 2 1 1 219 454 218
2560 2 2 1 1 221 422 220
2561 2 2 1 1 227 389 226
2562 2 2 1 1 229 443 228
2563 2 2 1 1 231 377 230
2564 2 2 1 1 233 431 232
2565 2 2 1 1 234 2390 233
2566 2 2 1 1 235 367 234
2567 2 2 1 1 237 433 236
2568 2 2 1 1 239 390 238
2569 2 2 1 1 244 1444 243
2570 2 2 1 1 880 2409 936
2571 2 2 1 1 1008 1081 1006
2572 2 2 1 1 1081 2503 1006
2573 2 2 1 1 1183 1417 1416
2574 2 2 1 1 1185 1481 1335
2575 2 2 1 1 1237 1240 1239
2576 2 2 1 1 1355 1583 1582
2577 2 2 1 1 1362 1745 1570
2578 2 2 1 1 1999 2231 1482
2579 2 2 1 1 2097 2648 1494
2580 2 2 1 1 1584 1585 1583
2581 2 2 1 1 357 2363 166
2582 2 2 1 1 191 392 190
2583 2 2 1 1 385 2392 263
2584 2 2 1 1 430 2288 328
2585 2 2 1 1 492 2645 490
2586 2 2 1 1 491 2464 493
2587 2 2 1 1 494 500 492
2588 2 2 1 1 493 498 495
2589 2 2 1 1 501 503 502
2590 2 2 1 1 503 505 504
2591 2 2 1 1 505 506 504
2592 2 2 1 1 511 512 510
2593 2 2 1 1 514 515 512
2594 2 2 1 1 513 1157 1154
2595 2 2 1 1 514 516 515
2596 2 2 1 1 669 685 523
2597 2 2 1 1 530 2294 2293
2598 2 2 1 1 536 1552 534
2599 2 2 1 1 535 539 537
2600 2 2 1 1 541 2453 537
2601 2 2 1 1 539 556 540
2602 2 2 1 1 2344 2455 542
2603 2 2 1 1 545 1511 559
2604 2 2 1 1 549 2405 546
2605 2 2 1 1 557 2441 1538
2606 2 2 1 1 610 659 611
2607 2 2 1 1 659 660 611
2608 2 2 1 1 1014 2250 611
2609 2 2 1 1 616 618 617
2610 2 2 1 1 618 1102 620
2611 2 2 1 1 623 2183 621
2612 2 2 1 1 627 2221 624
2613 2 2 1 1 626 2279 628
2614 2 2 1 1 628 631 630
2615 2 2 1 1 639 640 638
2616 2 2 1 1 644 646 645
2617 2 2 1 1 646 649 647
2618 2 2 1 1 662 2225 656
2619 2 2 1 1 659 2505 660
2620 2 2 1 1 1252 1512 659
2621 2 2 1 1 2222 2225 662
2622 2 2 1 1 664 1133 663
2623 2 2 1 1 669 686 685
2624 2 2 1 1 671 2547 673
2625 2 2 1 1 673 674 672
2626 2 2 1 1 676 677 675
2627 2 2 1 1 1123 2573 679
2628 2 2 1 1 1225 1226 684
2629 2 2 1 1 694 2426 692
2630 2 2 1 1 695 878 696
2631 2 2 1 1 699 2406 697
2632 2 2 1 1 2375 2456 698
2633 2 2 1 1 700 703 702
2634 2 2 1 1 712 1530 714
2635 2 2 1 1 1013 2322 722
2636 2 2 1 1 726 727 725
2637 2 2 1 1 728 730 729
2638 2 2 1 1 730 877 732
2639 2 2 1 1 734 735 733
2640 2 2 1 1 736 737 735
2641 2 2 1 1 740 2360 738
2642 2 2 1 1 754 2208 756
2643 2 2 1 1 756 758 757
2644 2 2 1 1 760 761 759
2645 2 2 1 1 760 762 761
2646 2 2 1 1 762 768 763
2647 2 2 1 1 784 797 783
2648 2 2 1 1 2285 2504 783
2649 2 2 1 1 784 798 797
2650 2 2 1 1 1562 2251 784
2651 2 2 1 1 812 815 814
2652 2 2 1 1 819 821 820
2653 2 2 1 1 823 826 825
2654 2 2 1 1 828 832 827
2655 2 2 1 1 838 839 837
2656 2 2 1 1 838 2267 1203
2657 2 2 1 1 841 849 848
2658 2 2 1 1 2259 2535 847
2659 2 2 1 1 856 857 855
2660 2 2 1 1 871 872 870
2661 2 2 1 1 966 967 878
2662 2 2 1 1 914 2177 884
2663 2 2 1 1 904 1047 905
2664 2 2 1 1 912 930 929
2665 2 2 1 1 950 952 951
2666 2 2 1 1 1152 2434 954
2667 2 2 1 1 968 2520 1068
2668 2 2 1 1 976 977 975
2669 2 2 1 1 979 2417 2289
2670 2 2 1 1 987 2457 985
2671 2 2 1 1 1001 1003 1002
2672 2 2 1 1 2206 2256 1012
2673 2 2 1 1 1013 2376 2336
2674 2 2 1 1 1016 1085 1017
2675 2 2 1 1 1085 1086 1017
2676 2 2 1 1 1018 2517 2449
2677 2 2 1 1 1032 1173 1033
2678 2 2 1 1 1063 1064 1034
2679 2 2 1 1 1098 2540 1043
2680 2 2 1 1 1045 1141 1140
2681 2 2 1 1 1051 1137 1136
2682 2 2 1 1 1068 2199 1070
2683 2 2 1 1 2129 2163 1087
2684 2 2 1 1 1605 1607 1088
2685 2 2 1 1 1217 2459 1099
2686 2 2 1 1 1105 1106 1104
2687 2 2 1 1 1358 1359 1110
2688 2 2 1 1 1580 2628 1117
2689 2 2 1 1 1124 1126 1125
2690 2 2 1 1 1129 1267 1232
2691 2 2 1 1 1143 1300 1299
2692 2 2 1 1 2212 2620 1153
2693 2 2 1 1 1170 2727 2675
2694 2 2 1 1 1172 1295 1171
2695 2 2 1 1 1188 1366 1189
2696 2 2 1 1 1567 2213 1188
2697 2 2 1 1 1372 2338 1189
2698 2 2 1 1 1192 1490 1191
2699 2 2 1 1 1197 1365 1272
2700 2 2 1 1 1200 1224 1201
2701 2 2 1 1 1248 2370 1201
2702 2 2 1 1 1203 1205 1204
2703 2 2 1 1 1208 1245 1206
2704 2 2 1 1 1216 1564 1218
2705 2 2 1 1 1242 1598 1221
2706 2 2 1 1 1253 1336 1226
2707 2 2 1 1 1234 2522 1233
2708 2 2 1 1 1542 1563 1234
2709 2 2 1 1 2381 2410 1235
2710 2 2 1 1 1238 2496 1236
2711 2 2 1 1 1284 1755 1245
2712 2 2 1 1 1247 1589 1588
2713 2 2 1 1 1252 1513 1512
2714 2 2 1 1 1396 2167 1257
2715 2 2 1 1 1458 1459 1269
2716 2 2 1 1 1305 1623 1449
2717 2 2 1 1 1401 1479 1308
2718 2 2 1 1 1374 1593 1592
2719 2 2 1 1 1392 1761 1760
2720 2 2 1 1 1453 1682 1438
2721 2 2 1 1 1945 2200 1443
2722 2 2 1 1 1496 1498 1497
2723 2 2 1 1 1728 2082 1510
2724 2 2 1 1 1511 2405 2184
2725 2 2 1 1 1515 1516 1514
2726 2 2 1 1 1538 1726 1536
2727 2 2 1 1 2295 2449 1542
2728 2 2 1 1 2013 2014 1546
2729 2 2 1 1 1554 2414 2308
2730 2 2 1 1 1557 2415 2314
2731 2 2 1 1 2321 2416 1557
2732 2 2 1 1 1706 1874 1559
2733 2 2 1 1 2114 2115 1575
2734 2 2 1 1 1584 1587 1585
2735 2 2 1 1 1588 2622 1762
2736 2 2 1 1 1592 2239 1700
2737 2 2 1 1 1599 2005 1598
2738 2 2 1 1 1604 1606 1605
2739 2 2 1 1 1640 1881 1880
2740 2 2 1 1 1669 2287 1668
2741 2 2 1 1 1679 1871 1677
2742 2 2 1 1 1698 1993 1727
2743 2 2 1 1 2615 2789 1724
2744 2 2 1 1 1996 2055 1726
2745 2 2 1 1 2103 2104 1732
2746 2 2 1 1 2214 2215 1736
2747 2 2 1 1 1742 2019 1989
2748 2 2 1 1 2427 2428 1747
2749 2 2 1 1 1747 2476 2427
2750 2 2 1 1 2025 2443 2027
2751 2 2 1 1 2488 2504 2109
2752 2 2 1 1 2199 2520 2425
2753 2 2 1 1 2299 2469 2301
2754 2 2 1 1 2553 2562 2534
2755 2 2 1 1 2574 2642 2537
2756 2 2 1 1 426 2362 164
2757 2 2 1 1 167 2479 357
2758 2 2 1 1 202 2342 388
2759 2 2 1 1 433 2366 2365
2760 2 2 1 1 595 1080 1073
2761 2 2 1 1 1354 1768 1011
2762 2 2 1 1 1768 1769 1011
2763 2 2 1 1 1275 1639 1394
2764 2 2 1 1 2064 2065 2063
2765 2 2 1 1 459 2557 340
2766 2 2 1 1 746 747 745
2767 2 2 1 1 750 751 749
2768 2 2 1 1 2576 2587 767
2769 2 2 1 1 772 773 768
2770 2 2 1 1 778 779 773
2771 2 2 1 1 843 844 791
2772 2 2 1 1 883 884 796
2773 2 2 1 1 2534 2562 820
2774 2 2 1 1 886 2583 844
2775 2 2 1 1 882 917 916
2776 2 2 1 1 1100 1101 886
2777 2 2 1 1 890 923 910
2778 2 2 1 1 1051 1107 901
2779 2 2 1 1 1065 1193 914
2780 2 2 1 1 926 1044 934
2781 2 2 1 1 956 2434 1078
2782 2 2 1 1 972 2726 973
2783 2 2 1 1 1002 2565 1000
2784 2 2 1 1 2603 2658 1166
2785 2 2 1 1 1177 1442 1310
2786 2 2 1 1 1407 1408 1241
2787 2 2 1 1 1257 1259 1256
2788 2 2 1 1 1257 1260 1259
2789 2 2 1 1 1624 2495 1263
2790 2 2 1 1 1277 2489 1409
2791 2 2 1 1 1293 1676 1292
2792 2 2 1 1 1300 1302 1301
2793 2 2 1 1 1442 1645 1310
2794 2 2 1 1 1474 1795 1334
2795 2 2 1 1 1474 1872 1795
2796 2 2 1 1 1782 1987 1476
2797 2 2 1 1 2204 2317 1520
2798 2 2 1 1 1529 2676 1822
2799 2 2 1 1 1558 2549 2316
2800 2 2 1 1 1745 1746 1570
2801 2 2 1 1 1800 1801 1597
2802 2 2 1 1 1625 2511 2510
2803 2 2 1 1 1738 2356 2148
2804 2 2 1 1 2133 2186 1758
2805 2 2 1 1 1829 1896 1852
2806 2 2 1 1 2024 2452 2450
2807 2 2 1 1 2048 2050 2049
2808 2 2 1 1 2084 2085 2083
2809 2 2 1 1 2264 2265 2263
2810 2 2 1 1 2584 2613 2323
2811 2 2 1 1 2359 2556 2451
2812 2 2 1 1 151 2309 150
2813 2 2 1 1 153 386 152
2814 2 2 1 1 162 363 161
2815 2 2 1 1 165 426 164
2816 2 2 1 1 168 2479 167
2817 2 2 1 1 169 434 168
2818 2 2 1 1 171 370 170
2819 2 2 1 1 303 2403 461
2820 2 2 1 1 339 2557 402
2821 2 2 1 1 2477 2478 435
2822 2 2 1 1 554 2445 558
2823 2 2 1 1 1531 2281 564
2824 2 2 1 1 572 583 582
2825 2 2 1 1 586 2436 601
2826 2 2 1 1 600 1156 589
2827 2 2 1 1 598 1076 1075
2828 2 2 1 1 643 2205 671
2829 2 2 1 1 674 675 672
2830 2 2 1 1 780 790 779
2831 2 2 1 1 1005 1109 1007
2832 2 2 1 1 1064 1576 1034
2833 2 2 1 1 1621 2054 1093
2834 2 2 1 1 1133 1184 1134
2835 2 2 1 1 1210 1211 1209
2836 2 2 1 1 1212 1213 1211
2837 2 2 1 1 1255 1257 1256
2838 2 2 1 1 1594 2490 1290
2839 2 2 1 1 1497 1675 1351
2840 2 2 1 1 1365 1488 1405
2841 2 2 1 1 1640 1797 1380
2842 2 2 1 1 1519 1680 1386
2843 2 2 1 1 1701 1702 1416
2844 2 2 1 1 1417 1869 1701
2845 2 2 1 1 1515 1518 1517
2846 2 2 1 1 2207 2591 1534
2847 2 2 1 1 1546 2499 2367
2848 2 2 1 1 1722 2008 1586
2849 2 2 1 1 1628 1630 1629
2850 2 2 1 1 2098 2552 2099
2851 2 2 1 1 2116 2118 2117
2852 2 2 1 1 2135 2136 2134
2853 2 2 1 1 2439 2440 2251
2854 2 2 1 1 215 2319 425
2855 2 2 1 1 319 2482 318
2856 2 2 1 1 749 2304 2192
2857 2 2 1 1 769 777 776
2858 2 2 1 1 777 786 776
2859 2 2 1 1 850 851 849
2860 2 2 1 1 852 853 851
2861 2 2 1 1 857 859 858
2862 2 2 1 1 860 861 859
2863 2 2 1 1 898 2535 902
2864 2 2 1 1 900 1051 901
2865 2 2 1 1 998 999 922
2866 2 2 1 1 1001 1002 1000
2867 2 2 1 1 2369 2566 1114
2868 2 2 1 1 1239 1241 1238
2869 2 2 1 1 1283 1284 1245
2870 2 2 1 1 1262 1519 1386
2871 2 2 1 1 1281 1651 1650
2872 2 2 1 1 1303 2152 1305
2873 2 2 1 1 1377 1779 1778
2874 2 2 1 1 2120 2564 1574
2875 2 2 1 1 1617 2084 2083
2876 2 2 1 1 2470 2471 376
2877 2 2 1 1 788 789 787
2878 2 2 1 1 788 1590 795
2879 2 2 1 1 796 2639 789
2880 2 2 1 1 795 882 796
2881 2 2 1 1 847 898 897
2882 2 2 1 1 899 1356 897
2883 2 2 1 1 898 900 899
2884 2 2 1 1 917 931 916
2885 2 2 1 1 926 933 925
2886 2 2 1 1 926 934 933
2887 2 2 1 1 1061 1094 1060
2888 2 2 1 1 1141 1287 1140
2889 2 2 1 1 1287 2097 1140
2890 2 2 1 1 1143 1299 1298
2891 2 2 1 1 1276 2127 1198
2892 2 2 1 1 1662 2461 1403
2893 2 2 1 1 1585 1586 1583
2894 2 2 1 1 1699 2007 2006
2895 2 2 1 1 1801 1803 1802
2896 2 2 1 1 2092 2093 2091
2897 2 2 1 1 2115 2678 2677
2898 2 2 1 1 2141 2142 2139
2899 2 2 1 1 2159 2161 2160
2900 2 2 1 1 514 518 516
2901 2 2 1 1 550 552 551
2902 2 2 1 1 564 2281 551
2903 2 2 1 1 554 555 552
2904 2 2 1 1 553 1574 565
2905 2 2 1 1 558 560 555
2906 2 2 1 1 569 1531 564
2907 2 2 1 1 586 587 584
2908 2 2 1 1 591 598 597
2909 2 2 1 1 598 1075 597
2910 2 2 1 1 705 2368 702
2911 2 2 1 1 708 2442 710
2912 2 2 1 1 713 842 711
2913 2 2 1 1 778 780 779
2914 2 2 1 1 780 791 790
2915 2 2 1 1 843 1100 886
2916 2 2 1 1 843 2324 1100
2917 2 2 1 1 2351 2583 886
2918 2 2 1 1 894 1062 893
2919 2 2 1 1 936 1049 1048
2920 2 2 1 1 1114 2348 949
2921 2 2 1 1 1120 1353 993
2922 2 2 1 1 1005 1006 1004
2923 2 2 1 1 1007 1008 1006
2924 2 2 1 1 1037 1149 1148
2925 2 2 1 1 1038 1377 1040
2926 2 2 1 1 1074 1282 1039
2927 2 2 1 1 1044 1088 1045
2928 2 2 1 1 1093 1392 1092
2929 2 2 1 1 1100 1185 1101
2930 2 2 1 1 2100 2717 1102
2931 2 2 1 1 1147 1723 1146
2932 2 2 1 1 1149 1399 1397
2933 2 2 1 1 1196 1197 1164
2934 2 2 1 1 1183 1416 1415
2935 2 2 1 1 2455 2605 1247
2936 2 2 1 1 1260 1379 1259
2937 2 2 1 1 1379 1610 1259
2938 2 2 1 1 1635 1636 1274
2939 2 2 1 1 1312 1313 1279
2940 2 2 1 1 1299 1412 1298
2941 2 2 1 1 1314 1315 1313
2942 2 2 1 1 1316 1317 1315
2943 2 2 1 1 1345 1753 1344
2944 2 2 1 1 1346 1533 1477
2945 2 2 1 1 1478 1489 1347
2946 2 2 1 1 1355 1584 1583
2947 2 2 1 1 1391 1559 1558
2948 2 2 1 1 1780 1782 1476
2949 2 2 1 1 1477 2248 1720
2950 2 2 1 1 1478 1724 1489
2951 2 2 1 1 1481 1997 1482
2952 2 2 1 1 1500 1502 1501
2953 2 2 1 1 1500 1725 1502
2954 2 2 1 1 1507 1509 1506
2955 2 2 1 1 1821 1836 1509
2956 2 2 1 1 1515 2723 1518
2957 2 2 1 1 1520 2352 2204
2958 2 2 1 1 1730 2061 1524
2959 2 2 1 1 2593 2632 1575
2960 2 2 1 1 2195 2196 1599
2961 2 2 1 1 1603 1777 1620
2962 2 2 1 1 1622 2777 2766
2963 2 2 1 1 1670 1824 1823
2964 2 2 1 1 1689 1758 1687
2965 2 2 1 1 1731 2103 1732
2966 2 2 1 1 2041 2043 2042
2967 2 2 1 1 2046 2047 2045
2968 2 2 1 1 2437 2611 2407
2969 2 2 1 1 2425 2520 2426
2970 2 2 1 1 266 450 265
2971 2 2 1 1 326 2385 325
2972 2 2 1 1 455 2398 2397
2973 2 2 1 1 521 2579 2570
2974 2 2 1 1 764 2377 745
2975 2 2 1 1 750 752 751
2976 2 2 1 1 788 795 789
2977 2 2 1 1 889 891 864
2978 2 2 1 1 872 874 870
2979 2 2 1 1 871 921 873
2980 2 2 1 1 1733 1734 1179
2981 2 2 1 1 1180 1297 1181
2982 2 2 1 1 1403 1404 1195
2983 2 2 1 1 1305 1448 1304
2984 2 2 1 1 1586 2554 1583
2985 2 2 1 1 2353 2354 1869
2986 2 2 1 1 150 423 149
2987 2 2 1 1 730 2588 877
2988 2 2 1 1 754 755 753
2989 2 2 1 1 756 757 755
2990 2 2 1 1 806 961 808
2991 2 2 1 1 839 841 840
2992 2 2 1 1 996 2429 840
2993 2 2 1 1 854 855 853
2994 2 2 1 1 860 2203 937
2995 2 2 1 1 871 873 872
2996 2 2 1 1 875 1739 887
2997 2 2 1 1 885 914 884
2998 2 2 1 1 928 2155 896
2999 2 2 1 1 898 902 900
3000 2 2 1 1 1047 1250 905
3001 2 2 1 1 925 2175 910
3002 2 2 1 1 2209 2210 961
3003 2 2 1 1 1033 1034 1031
3004 2 2 1 1 1044 1604 1088
3005 2 2 1 1 1090 1168 1064
3006 2 2 1 1 1065 1194 1193
3007 2 2 1 1 1137 2140 2139
3008 2 2 1 1 1295 1296 1171
3009 2 2 1 1 1174 1783 1330
3010 2 2 1 1 1281 1650 1286
3011 2 2 1 1 1284 1756 1755
3012 2 2 1 1 1645 1674 1310
3013 2 2 1 1 1332 1717 1716
3014 2 2 1 1 1384 1614 1410
3015 2 2 1 1 2325 2326 1564
3016 2 2 1 1 1568 2670 2530
3017 2 2 1 1 2268 2269 2185
3018 2 2 1 1 2316 2431 2328
3019 2 2 1 1 155 2477 435
3020 2 2 1 1 165 2363 426
3021 2 2 1 1 522 525 524
3022 2 2 1 1 2278 2445 554
3023 2 2 1 1 1511 1575 559
3024 2 2 1 1 570 574 569
3025 2 2 1 1 572 582 573
3026 2 2 1 1 584 585 573
3027 2 2 1 1 578 2345 580
3028 2 2 1 1 625 668 626
3029 2 2 1 1 690 2424 694
3030 2 2 1 1 878 2375 696
3031 2 2 1 1 962 2406 699
3032 2 2 1 1 712 714 713
3033 2 2 1 1 877 2359 732
3034 2 2 1 1 734 736 735
3035 2 2 1 1 736 738 737
3036 2 2 1 1 739 740 738
3037 2 2 1 1 1167 2360 740
3038 2 2 1 1 762 763 761
3039 2 2 1 1 768 769 763
3040 2 2 1 1 786 2346 776
3041 2 2 1 1 797 2285 783
3042 2 2 1 1 867 903 797
3043 2 2 1 1 846 1029 865
3044 2 2 1 1 860 862 861
3045 2 2 1 1 875 876 874
3046 2 2 1 1 2177 2639 884
3047 2 2 1 1 890 910 909
3048 2 2 1 1 895 2640 964
3049 2 2 1 1 904 905 903
3050 2 2 1 1 921 997 922
3051 2 2 1 1 997 998 922
3052 2 2 1 1 923 1084 924
3053 2 2 1 1 924 926 925
3054 2 2 1 1 937 939 938
3055 2 2 1 1 948 949 947
3056 2 2 1 1 948 2431 958
3057 2 2 1 1 952 2349 1152
3058 2 2 1 1 966 2520 968
3059 2 2 1 1 1066 2521 967
3060 2 2 1 1 1000 1009 999
3061 2 2 1 1 1009 1236 999
3062 2 2 1 1 1158 2156 1003
3063 2 2 1 1 1011 2577 1008
3064 2 2 1 1 1029 2583 2420
3065 2 2 1 1 1033 1063 1034
3066 2 2 1 1 1377 1378 1040
3067 2 2 1 1 1179 1180 1053
3068 2 2 1 1 1055 1271 1054
3069 2 2 1 1 1285 1528 1057
3070 2 2 1 1 1083 1277 1172
3071 2 2 1 1 1090 1169 1168
3072 2 2 1 1 1097 1324 1096
3073 2 2 1 1 1146 1339 1106
3074 2 2 1 1 1158 2158 2156
3075 2 2 1 1 1330 1522 1173
3076 2 2 1 1 1437 1438 1175
3077 2 2 1 1 1194 1406 1403
3078 2 2 1 1 1203 1204 1202
3079 2 2 1 1 1207 1208 1206
3080 2 2 1 1 1229 2316 1227
3081 2 2 1 1 1563 2307 1234
3082 2 2 1 1 2313 2650 1243
3083 2 2 1 1 1248 2677 2370
3084 2 2 1 1 1255 1256 1254
3085 2 2 1 1 1275 1394 1276
3086 2 2 1 1 1277 1332 1331
3087 2 2 1 1 1288 1293 1292
3088 2 2 1 1 1333 1474 1334
3089 2 2 1 1 1357 2469 2375
3090 2 2 1 1 1498 1500 1499
3091 2 2 1 1 2254 2513 1534
3092 2 2 1 1 2607 2632 1556
3093 2 2 1 1 2384 2549 1560
3094 2 2 1 1 1684 1685 1683
3095 2 2 1 1 1694 2053 1692
3096 2 2 1 1 2123 2444 1734
3097 2 2 1 1 1752 2584 2369
3098 2 2 1 1 2039 2041 2040
3099 2 2 1 1 2068 2072 2067
3100 2 2 1 1 2289 2417 2202
3101 2 2 1 1 2730 2770 2235
3102 2 2 1 1 2545 2642 2429
3103 2 2 1 1 422 2388 220
3104 2 2 1 1 447 2400 284
3105 2 2 1 1 303 461 302
3106 2 2 1 1 2394 2486 428
3107 2 2 1 1 455 2399 2398
3108 2 2 1 1 654 2132 2131
3109 2 2 1 1 1362 1570 997
3110 2 2 1 1 1394 1395 1276
3111 2 2 1 1 1585 1722 1586
3112 2 2 1 1 1784 2017 2015
3113 2 2 1 1 2141 2143 2142
3114 2 2 1 1 2312 2589 2531
3115 2 2 1 1 2400 2401 2399
3116 2 2 1 1 224 398 223
3117 2 2 1 1 236 2364 235
3118 2 2 1 1 242 410 241
3119 2 2 1 1 526 2293 524
3120 2 2 1 1 558 566 561
3121 2 2 1 1 568 2030 562
3122 2 2 1 1 591 597 590
3123 2 2 1 1 912 913 881
3124 2 2 1 1 885 915 914
3125 2 2 1 1 933 1178 1057
3126 2 2 1 1 1001 1158 1003
3127 2 2 1 1 1010 1011 1008
3128 2 2 1 1 1271 1774 1054
3129 2 2 1 1 1087 2163 2090
3130 2 2 1 1 1143 1298 1142
3131 2 2 1 1 1183 1415 1182
3132 2 2 1 1 1293 1677 1676
3133 2 2 1 1 1303 1305 1304
3134 2 2 1 1 1373 2699 2606
3135 2 2 1 1 1693 1694 1692
3136 2 2 1 1 155 435 154
3137 2 2 1 1 157 362 156
3138 2 2 1 1 166 2363 165
3139 2 2 1 1 185 2350 394
3140 2 2 1 1 554 558 555
3141 2 2 1 1 2119 2121 555
3142 2 2 1 1 1083 1171 928
3143 2 2 1 1 1086 2567 1118
3144 2 2 1 1 1604 1605 1088
3145 2 2 1 1 1137 2138 1136
3146 2 2 1 1 2153 2154 1295
3147 2 2 1 1 1349 1401 1308
3148 2 2 1 1 1487 1980 1401
3149 2 2 1 1 2280 2317 2204
3150 2 2 1 1 256 2470 376
3151 2 2 1 1 258 2332 424
3152 2 2 1 1 262 2392 428
3153 2 2 1 1 281 2397 463
3154 2 2 1 1 317 2480 351
3155 2 2 1 1 318 2482 2480
3156 2 2 1 1 327 2288 358
3157 2 2 1 1 329 2483 430
3158 2 2 1 1 578 580 579
3159 2 2 1 1 599 600 589
3160 2 2 1 1 617 2125 2012
3161 2 2 1 1 885 1052 915
3162 2 2 1 1 895 927 896
3163 2 2 1 1 929 1043 913
3164 2 2 1 1 1004 1050 1002
3165 2 2 1 1 1008 2577 1081
3166 2 2 1 1 1068 2520 2199
3167 2 2 1 1 1126 1127 1125
3168 2 2 1 1 1185 2550 1481
3169 2 2 1 1 1194 1403 1195
3170 2 2 1 1 1214 1346 1345
3171 2 2 1 1 1237 1239 1238
3172 2 2 1 1 1566 2506 1241
3173 2 2 1 1 1249 1600 1280
3174 2 2 1 1 1265 1627 1626
3175 2 2 1 1 1307 2379 2080
3176 2 2 1 1 1753 1754 1344
3177 2 2 1 1 1346 1477 1347
3178 2 2 1 1 1349 2274 1487
3179 2 2 1 1 1409 2752 1986
3180 2 2 1 1 2062 2673 1433
3181 2 2 1 1 1442 1940 1645
3182 2 2 1 1 1452 1973 1451
3183 2 2 1 1 1477 1720 1478
3184 2 2 1 1 1533 2248 1477
3185 2 2 1 1 1484 1988 1483
3186 2 2 1 1 1495 1963 1962
3187 2 2 1 1 1542 2449 1563
3188 2 2 1 1 1580 2735 2628
3189 2 2 1 1 2218 2219 1627
3190 2 2 1 1 1651 1857 1650
3191 2 2 1 1 1740 2600 2551
3192 2 2 1 1 2102 2652 2120
3193 2 2 1 1 2242 2243 2241
3194 2 2 1 1 2604 2735 2622
3195 2 2 1 1 235 2364 367
3196 2 2 1 1 767 2587 726
3197 2 2 1 1 732 734 733
3198 2 2 1 1 869 871 870
3199 2 2 1 1 888 894 893
3200 2 2 1 1 2252 2543 892
3201 2 2 1 1 900 2693 1051
3202 2 2 1 1 931 2608 916
3203 2 2 1 1 959 2519 1111
3204 2 2 1 1 988 990 989
3205 2 2 1 1 1020 1021 990
3206 2 2 1 1 1000 2565 1009
3207 2 2 1 1 1009 1237 1236
3208 2 2 1 1 1027 1028 1026
3209 2 2 1 1 1040 1074 1039
3210 2 2 1 1 1180 1181 1053
3211 2 2 1 1 1162 1163 1076
3212 2 2 1 1 2306 2519 1103
3213 2 2 1 1 1145 1146 1106
3214 2 2 1 1 1145 1147 1146
3215 2 2 1 1 1180 1402 1297
3216 2 2 1 1 1297 1309 1181
3217 2 2 1 1 1236 2496 2305
3218 2 2 1 1 1309 1771 1770
3219 2 2 1 1 1764 2106 1381
3220 2 2 1 1 1510 1821 1509
3221 2 2 1 1 1521 2371 2228
3222 2 2 1 1 2080 2379 1522
3223 2 2 1 1 2450 2451 1578
3224 2 2 1 1 1750 2587 2576
3225 2 2 1 1 1752 2613 2584
3226 2 2 1 1 2041 2042 2040
3227 2 2 1 1 176 2339 175
3228 2 2 1 1 186 2350 185
3229 2 2 1 1 213 2318 399
3230 2 2 1 1 227 2389 389
3231 2 2 1 1 1095 1633 1532
3232 2 2 1 1 1258 1611 1580
3233 2 2 1 1 2592 2637 1328
3234 2 2 1 1 1733 2122 1734
3235 2 2 1 1 1990 1991 1872
3236 2 2 1 1 153 2372 386
3237 2 2 1 1 557 1536 505
3238 2 2 1 1 513 1019 507
3239 2 2 1 1 1153 2586 511
3240 2 2 1 1 685 2374 523
3241 2 2 1 1 1191 2367 528
3242 2 2 1 1 533 535 534
3243 2 2 1 1 533 2258 535
3244 2 2 1 1 544 546 545
3245 2 2 1 1 547 548 546
3246 2 2 1 1 602 603 556
3247 2 2 1 1 603 1577 556
3248 2 2 1 1 594 595 587
3249 2 2 1 1 614 1341 616
3250 2 2 1 1 2493 2494 639
3251 2 2 1 1 640 643 642
3252 2 2 1 1 644 2529 646
3253 2 2 1 1 650 654 647
3254 2 2 1 1 671 672 648
3255 2 2 1 1 666 667 662
3256 2 2 1 1 664 1150 1133
3257 2 2 1 1 673 2547 681
3258 2 2 1 1 674 676 675
3259 2 2 1 1 680 2227 674
3260 2 2 1 1 676 678 677
3261 2 2 1 1 678 1121 679
3262 2 2 1 1 688 2424 690
3263 2 2 1 1 691 2427 689
3264 2 2 1 1 692 2426 695
3265 2 2 1 1 705 2702 2368
3266 2 2 1 1 710 712 711
3267 2 2 1 1 750 785 752
3268 2 2 1 1 753 766 751
3269 2 2 1 1 757 2266 755
3270 2 2 1 1 2410 2442 774
3271 2 2 1 1 777 788 787
3272 2 2 1 1 808 2615 810
3273 2 2 1 1 832 2574 1370
3274 2 2 1 1 898 899 897
3275 2 2 1 1 2298 2300 941
3276 2 2 1 1 947 1235 945
3277 2 2 1 1 951 1114 949
3278 2 2 1 1 951 2433 1114
3279 2 2 1 1 952 1152 954
3280 2 2 1 1 960 2519 959
3281 2 2 1 1 1493 2406 962
3282 2 2 1 1 2368 2559 963
3283 2 2 1 1 2426 2520 966
3284 2 2 1 1 1031 2545 996
3285 2 2 1 1 1016 1017 1015
3286 2 2 1 1 1018 2449 2424
3287 2 2 1 1 1024 1548 1192
3288 2 2 1 1 1089 1613 1041
3289 2 2 1 1 1069 2458 1270
3290 2 2 1 1 1072 1374 1071
3291 2 2 1 1 1079 1105 1104
3292 2 2 1 1 1085 1151 1086
3293 2 2 1 1 1136 1198 1107
3294 2 2 1 1 1109 2533 2475
3295 2 2 1 1 1111 1358 1110
3296 2 2 1 1 1359 2432 1110
3297 2 2 1 1 1114 2566 2348
3298 2 2 1 1 1121 2495 1122
3299 2 2 1 1 1128 1263 1121
3300 2 2 1 1 1125 1368 1123
3301 2 2 1 1 1124 1265 1126
3302 2 2 1 1 1131 1278 1132
3303 2 2 1 1 2097 2558 1140
3304 2 2 1 1 1150 2617 2180
3305 2 2 1 1 1153 2257 2212
3306 2 2 1 1 2282 2527 1156
3307 2 2 1 1 1218 2413 1220
3308 2 2 1 1 1364 2492 1228
3309 2 2 1 1 1237 1238 1236
3310 2 2 1 1 1264 1475 1263
3311 2 2 1 1 1265 1626 1266
3312 2 2 1 1 1278 1609 1311
3313 2 2 1 1 1300 1603 1302
3314 2 2 1 1 1350 1496 1351
3315 2 2 1 1 2382 2469 1357
3316 2 2 1 1 1357 2521 2382
3317 2 2 1 1 1370 2574 2537
3318 2 2 1 1 2099 2701 1376
3319 2 2 1 1 1413 1889 1443
3320 2 2 1 1 1961 2676 1450
3321 2 2 1 1 1670 1823 1459
3322 2 2 1 1 1483 2497 1475
3323 2 2 1 1 1475 1719 1624
3324 2 2 1 1 1492 2462 1731
3325 2 2 1 1 1514 2129 1512
3326 2 2 1 1 1516 1535 1514
3327 2 2 1 1 1517 2663 1516
3328 2 2 1 1 1707 1828 1517
3329 2 2 1 1 2253 2295 1542
3330 2 2 1 1 1544 2306 1550
3331 2 2 1 1 1596 1597 1595
3332 2 2 1 1 1627 1789 1626
3333 2 2 1 1 1686 1688 1687
3334 2 2 1 1 2104 2476 1732
3335 2 2 1 1 1745 2181 1746
3336 2 2 1 1 1749 2607 2522
3337 2 2 1 1 1762 2445 2278
3338 2 2 1 1 2199 2425 2253
3339 2 2 1 1 2299 2301 2300
3340 2 2 1 1 2337 2582 2380
3341 2 2 1 1 2344 2605 2455
3342 2 2 1 1 2454 2607 2453
3343 2 2 1 1 167 357 166
3344 2 2 1 1 579 2580 577
3345 2 2 1 1 716 2376 720
3346 2 2 1 1 726 2587 728
3347 2 2 1 1 733 775 731
3348 2 2 1 1 734 2472 736
3349 2 2 1 1 741 783 737
3350 2 2 1 1 739 742 740
3351 2 2 1 1 742 744 743
3352 2 2 1 1 752 754 753
3353 2 2 1 1 771 2266 757
3354 2 2 1 1 906 2465 793
3355 2 2 1 1 804 806 805
3356 2 2 1 1 1012 2525 807
3357 2 2 1 1 808 810 809
3358 2 2 1 1 810 812 811
3359 2 2 1 1 815 816 814
3360 2 2 1 1 826 827 825
3361 2 2 1 1 2335 2610 826
3362 2 2 1 1 830 2697 2590
3363 2 2 1 1 835 836 833
3364 2 2 1 1 2616 2636 842
3365 2 2 1 1 851 879 849
3366 2 2 1 1 867 904 903
3367 2 2 1 1 877 2556 2359
3368 2 2 1 1 888 895 894
3369 2 2 1 1 894 2660 1062
3370 2 2 1 1 908 1371 906
3371 2 2 1 1 919 1363 969
3372 2 2 1 1 1045 1140 934
3373 2 2 1 1 953 2433 951
3374 2 2 1 1 954 2434 956
3375 2 2 1 1 970 2500 974
3376 2 2 1 1 983 984 982
3377 2 2 1 1 983 986 985
3378 2 2 1 1 985 992 984
3379 2 2 1 1 992 1119 993
3380 2 2 1 1 1027 1038 1028
3381 2 2 1 1 1030 1032 1031
3382 2 2 1 1 1038 1040 1039
3383 2 2 1 1 1282 2474 1039
3384 2 2 1 1 1112 1230 1115
3385 2 2 1 1 1174 1330 1173
3386 2 2 1 1 1174 2270 2194
3387 2 2 1 1 1564 2413 1218
3388 2 2 1 1 1244 2552 2211
3389 2 2 1 1 1273 1637 1635
3390 2 2 1 1 1783 1784 1330
3391 2 2 1 1 1338 1781 1780
3392 2 2 1 1 1614 1825 1410
3393 2 2 1 1 2016 2080 1522
3394 2 2 1 1 2499 2633 1527
3395 2 2 1 1 1529 1787 1786
3396 2 2 1 1 1544 2519 2306
3397 2 2 1 1 2024 2450 1545
3398 2 2 1 1 2308 2412 1554
3399 2 2 1 1 2326 2468 1564
3400 2 2 1 1 1569 2576 1752
3401 2 2 1 1 1698 1727 1696
3402 2 2 1 1 2109 2504 2285
3403 2 2 1 1 2207 2601 2591
3404 2 2 1 1 2566 2584 2337
3405 2 2 1 1 2381 2548 2442
3406 2 2 1 1 612 613 608
3407 2 2 1 1 608 2692 2618
3408 2 2 1 1 615 2012 658
3409 2 2 1 1 2251 2440 869
3410 2 2 1 1 927 928 896
3411 2 2 1 1 912 2230 930
3412 2 2 1 1 1051 1136 1107
3413 2 2 1 1 1385 1785 1261
3414 2 2 1 1 1285 1529 1528
3415 2 2 1 1 1292 2291 1644
3416 2 2 1 1 1412 1457 1298
3417 2 2 1 1 1405 1715 1433
3418 2 2 1 1 1702 2031 1416
3419 2 2 1 1 1519 1708 1680
3420 2 2 1 1 1597 2669 1595
3421 2 2 1 1 1768 2744 2127
3422 2 2 1 1 2043 2045 2042
3423 2 2 1 1 2046 2048 2047
3424 2 2 1 1 435 2372 154
3425 2 2 1 1 159 2373 427
3426 2 2 1 1 219 2388 454
3427 2 2 1 1 231 2383 377
3428 2 2 1 1 365 2332 259
3429 2 2 1 1 2480 2481 351
3430 2 2 1 1 455 2400 2399
3431 2 2 1 1 540 542 541
3432 2 2 1 1 607 609 605
3433 2 2 1 1 606 612 608
3434 2 2 1 1 737 2504 735
3435 2 2 1 1 798 867 797
3436 2 2 1 1 1016 2505 1087
3437 2 2 1 1 1161 1162 1076
3438 2 2 1 1 1086 1118 1117
3439 2 2 1 1 1151 2567 1086
3440 2 2 1 1 1118 1261 1258
3441 2 2 1 1 1856 2458 1375
3442 2 2 1 1 1385 2778 1785
3443 2 2 1 1 1504 1506 1505
3444 2 2 1 1 1577 2605 2344
3445 2 2 1 1 259 2332 258
3446 2 2 1 1 304 2403 303
3447 2 2 1 1 576 2563 1113
3448 2 2 1 1 710 2548 712
3449 2 2 1 1 719 2321 1557
3450 2 2 1 1 720 722 721
3451 2 2 1 1 1165 2321 721
3452 2 2 1 1 722 724 723
3453 2 2 1 1 724 726 725
3454 2 2 1 1 765 2438 725
3455 2 2 1 1 747 764 745
3456 2 2 1 1 782 793 781
3457 2 2 1 1 794 2314 801
3458 2 2 1 1 799 907 906
3459 2 2 1 1 802 2524 800
3460 2 2 1 1 801 2408 803
3461 2 2 1 1 803 919 829
3462 2 2 1 1 806 807 805
3463 2 2 1 1 805 2525 2524
3464 2 2 1 1 810 811 809
3465 2 2 1 1 812 813 811
3466 2 2 1 1 813 1534 866
3467 2 2 1 1 816 817 814
3468 2 2 1 1 818 824 817
3469 2 2 1 1 821 831 823
3470 2 2 1 1 832 965 827
3471 2 2 1 1 835 838 837
3472 2 2 1 1 836 2642 2574
3473 2 2 1 1 838 1202 839
3474 2 2 1 1 839 2378 841
3475 2 2 1 1 848 996 840
3476 2 2 1 1 850 852 851
3477 2 2 1 1 852 854 853
3478 2 2 1 1 854 856 855
3479 2 2 1 1 860 937 862
3480 2 2 1 1 880 881 863
3481 2 2 1 1 872 875 874
3482 2 2 1 1 1371 2465 906
3483 2 2 1 1 907 918 908
3484 2 2 1 1 919 969 920
3485 2 2 1 1 971 2502 920
3486 2 2 1 1 939 1139 1138
3487 2 2 1 1 954 956 955
3488 2 2 1 1 1078 1079 960
3489 2 2 1 1 969 2500 970
3490 2 2 1 1 970 974 972
3491 2 2 1 1 981 983 982
3492 2 2 1 1 986 987 985
3493 2 2 1 1 988 989 987
3494 2 2 1 1 1030 2418 2270
3495 2 2 1 1 1032 2270 1174
3496 2 2 1 1 1063 1307 1090
3497 2 2 1 1 1111 1544 1360
3498 2 2 1 1 1139 1308 1138
3499 2 2 1 1 2411 2416 1165
3500 2 2 1 1 1165 2438 2411
3501 2 2 1 1 1743 2378 1202
3502 2 2 1 1 1207 1209 1208
3503 2 2 1 1 1208 2578 1283
3504 2 2 1 1 1231 2414 1554
3505 2 2 1 1 1410 1445 1294
3506 2 2 1 1 1448 1671 1304
3507 2 2 1 1 1402 2068 2067
3508 2 2 1 1 1825 2169 1410
3509 2 2 1 1 1488 2064 2063
3510 2 2 1 1 1557 2416 2415
3511 2 2 1 1 2451 2556 1578
3512 2 2 1 1 2475 2533 1584
3513 2 2 1 1 1620 2095 2094
3514 2 2 1 1 2153 2803 1718
3515 2 2 1 1 1759 2133 1758
3516 2 2 1 1 1765 2661 2087
3517 2 2 1 1 2659 2688 1767
3518 2 2 1 1 2078 2629 2064
3519 2 2 1 1 2109 2569 2488
3520 2 2 1 1 2312 2531 2313
3521 2 2 1 1 2501 2589 2312
3522 2 2 1 1 2323 2613 2322
3523 2 2 1 1 588 599 589
3524 2 2 1 1 594 2333 595
3525 2 2 1 1 595 2333 1080
3526 2 2 1 1 856 2203 857
3527 2 2 1 1 936 1048 911
3528 2 2 1 1 1281 1286 1077
3529 2 2 1 1 1142 2682 1144
3530 2 2 1 1 1158 2585 2158
3531 2 2 1 1 2290 2644 1190
3532 2 2 1 1 1240 2666 2039
3533 2 2 1 1 1408 1566 1241
3534 2 2 1 1 1271 1775 1774
3535 2 2 1 1 1433 2673 1272
3536 2 2 1 1 1284 2275 1756
3537 2 2 1 1 2071 2073 2070
3538 2 2 1 1 443 2389 228
3539 2 2 1 1 424 2470 257
3540 2 2 1 1 455 2397 282
3541 2 2 1 1 401 2403 304
3542 2 2 1 1 2342 2343 388
3543 2 2 1 1 923 1573 1084
3544 2 2 1 1 1109 2475 1007
3545 2 2 1 1 1117 2628 1017
3546 2 2 1 1 1185 1335 1333
3547 2 2 1 1 1481 1482 1335
3548 2 2 1 1 2074 2723 1766
3549 2 2 1 1 2008 2010 2009
3550 2 2 1 1 406 2544 248
3551 2 2 1 1 606 608 607
3552 2 2 1 1 644 645 642
3553 2 2 1 1 651 653 650
3554 2 2 1 1 661 666 662
3555 2 2 1 1 671 673 672
3556 2 2 1 1 2205 2547 671
3557 2 2 1 1 674 2227 676
3558 2 2 1 1 1122 1123 679
3559 2 2 1 1 775 2589 731
3560 2 2 1 1 826 2610 828
3561 2 2 1 1 910 2175 909
3562 2 2 1 1 929 1098 1043
3563 2 2 1 1 940 1035 938
3564 2 2 1 1 1004 2503 1050
3565 2 2 1 1 1016 1087 1085
3566 2 2 1 1 1576 2545 1034
3567 2 2 1 1 1083 1172 1171
3568 2 2 1 1 1124 1125 1123
3569 2 2 1 1 1125 2680 1368
3570 2 2 1 1 1128 1264 1263
3571 2 2 1 1 1184 1290 1134
3572 2 2 1 1 1139 1349 1308
3573 2 2 1 1 1309 1770 1181
3574 2 2 1 1 1207 1210 1209
3575 2 2 1 1 1210 1215 1212
3576 2 2 1 1 1220 1221 1219
3577 2 2 1 1 1255 1396 1257
3578 2 2 1 1 1264 1483 1475
3579 2 2 1 1 1291 1451 1290
3580 2 2 1 1 1293 1678 1677
3581 2 2 1 1 1457 2682 1298
3582 2 2 1 1 1795 1843 1334
3583 2 2 1 1 2247 2601 1353
3584 2 2 1 1 1715 1919 1433
3585 2 2 1 1 1516 2663 1878
3586 2 2 1 1 1518 1707 1517
3587 2 2 1 1 1519 2523 1708
3588 2 2 1 1 1538 1996 1726
3589 2 2 1 1 2573 2634 1568
3590 2 2 1 1 1738 1763 1600
3591 2 2 1 1 1630 1957 1629
3592 2 2 1 1 1743 2543 2252
3593 2 2 1 1 1755 2543 2421
3594 2 2 1 1 1859 1907 1800
3595 2 2 1 1 2108 2569 2109
3596 2 2 1 1 434 2479 168
3597 2 2 1 1 203 2342 202
3598 2 2 1 1 363 2423 2422
3599 2 2 1 1 523 2374 520
3600 2 2 1 1 528 2367 529
3601 2 2 1 1 1024 1191 528
3602 2 2 1 1 534 2515 531
3603 2 2 1 1 532 1527 533
3604 2 2 1 1 2367 2499 532
3605 2 2 1 1 545 559 543
3606 2 2 1 1 544 547 546
3607 2 2 1 1 547 1246 548
3608 2 2 1 1 553 2121 1574
3609 2 2 1 1 622 625 624
3610 2 2 1 1 660 1016 1015
3611 2 2 1 1 2425 2426 694
3612 2 2 1 1 708 710 709
3613 2 2 1 1 728 729 727
3614 2 2 1 1 730 731 729
3615 2 2 1 1 732 733 731
3616 2 2 1 1 736 2472 739
3617 2 2 1 1 743 1167 740
3618 2 2 1 1 759 771 757
3619 2 2 1 1 956 959 955
3620 2 2 1 1 968 1068 1067
3621 2 2 1 1 2420 2594 1029
3622 2 2 1 1 1073 1089 1041
3623 2 2 1 1 1076 2179 1075
3624 2 2 1 1 1080 1183 1182
3625 2 2 1 1 1324 1325 1096
3626 2 2 1 1 1111 1360 1358
3627 2 2 1 1 2563 2564 1113
3628 2 2 1 1 1275 1276 1198
3629 2 2 1 1 1228 2492 1390
3630 2 2 1 1 1247 1588 1246
3631 2 2 1 1 1700 1856 1375
3632 2 2 1 1 1377 1778 1378
3633 2 2 1 1 1943 1945 1443
3634 2 2 1 1 1731 1732 1493
3635 2 2 1 1 1495 1962 1961
3636 2 2 1 1 1506 2147 1508
3637 2 2 1 1 1513 1514 1512
3638 2 2 1 1 1516 1878 1535
3639 2 2 1 1 1633 1718 1532
3640 2 2 1 1 2570 2579 1548
3641 2 2 1 1 1574 2564 2563
3642 2 2 1 1 2008 2009 1586
3643 2 2 1 1 1592 2658 2239
3644 2 2 1 1 1596 1800 1597
3645 2 2 1 1 1904 1905 1681
3646 2 2 1 1 1695 1884 1697
3647 2 2 1 1 2159 2162 2161
3648 2 2 1 1 383 2387 209
3649 2 2 1 1 431 2383 232
3650 2 2 1 1 2442 2548 710
3651 2 2 1 1 775 2569 2531
3652 2 2 1 1 1235 2410 945
3653 2 2 1 1 956 960 959
3654 2 2 1 1 958 2549 2384
3655 2 2 1 1 1013 2336 2323
3656 2 2 1 1 2380 2381 1235
3657 2 2 1 1 1559 1560 1558
3658 2 2 1 1 2576 2613 1752
3659 2 2 1 1 2381 2442 2410
3660 2 2 1 1 2393 2394 428
3661 2 2 1 1 2429 2642 836
3662 2 2 1 1 1047 1251 1250
3663 2 2 1 1 1163 2179 1076
3664 2 2 1 1 1326 2546 1653
3665 2 2 1 1 1332 1716 1331
3666 2 2 1 1 2229 2784 1356
3667 2 2 1 1 2009 2554 1586
3668 2 2 1 1 1717 1982 1716
3669 2 2 1 1 1759 2135 2134
3670 2 2 1 1 2539 2581 596
3671 2 2 1 1 1096 2603 600
3672 2 2 1 1 751 2304 749
3673 2 2 1 1 798 869 868
3674 2 2 1 1 852 2252 892
3675 2 2 1 1 1769 2577 1011
3676 2 2 1 1 1056 1058 1055
3677 2 2 1 1 1059 1060 1058
3678 2 2 1 1 1258 1580 1117
3679 2 2 1 1 1149 1400 1399
3680 2 2 1 1 1166 2678 1348
3681 2 2 1 1 1183 2334 1417
3682 2 2 1 1 1256 1773 1254
3683 2 2 1 1 1262 2567 1519
3684 2 2 1 1 1338 1780 1476
3685 2 2 1 1 1349 1487 1401
3686 2 2 1 1 1680 1681 1386
3687 2 2 1 1 1400 1413 1399
3688 2 2 1 1 1443 2200 1399
3689 2 2 1 1 1919 2062 1433
3690 2 2 1 1 1507 1510 1509
3691 2 2 1 1 1759 2665 2135
3692 2 2 1 1 1810 2638 2637
3693 2 2 1 1 2120 2652 2564
3694 2 2 1 1 416 2319 216
3695 2 2 1 1 544 2455 547
3696 2 2 1 1 614 615 613
3697 2 2 1 1 709 2659 706
3698 2 2 1 1 769 2597 2518
3699 2 2 1 1 872 2596 875
3700 2 2 1 1 1086 1117 1017
3701 2 2 1 1 2324 2550 1100
3702 2 2 1 1 1496 1497 1351
3703 2 2 1 1 1766 2723 1513
3704 2 2 1 1 1763 2619 1600
3705 2 2 1 1 156 2477 155
3706 2 2 1 1 366 2331 205
3707 2 2 1 1 263 2392 262
3708 2 2 1 1 318 2480 317
3709 2 2 1 1 328 2288 327
3710 2 2 1 1 795 2643 882
3711 2 2 1 1 911 912 881
3712 2 2 1 1 916 2608 2419
3713 2 2 1 1 1006 2503 1004
3714 2 2 1 1 1689 1759 1758
3715 2 2 1 1 1802 2746 2712
3716 2 2 1 1 1529 1822 1787
3717 2 2 1 1 1746 2585 1570
3718 2 2 1 1 152 2668 151
3719 2 2 1 1 567 2753 2747
3720 2 2 1 1 581 2538 596
3721 2 2 1 1 601 1621 1093
3722 2 2 1 1 606 607 605
3723 2 2 1 1 606 2446 612
3724 2 2 1 1 620 2595 622
3725 2 2 1 1 631 2690 632
3726 2 2 1 1 645 2707 642
3727 2 2 1 1 1134 2491 663
3728 2 2 1 1 669 2516 686
3729 2 2 1 1 700 2456 703
3730 2 2 1 1 717 2437 715
3731 2 2 1 1 2587 2588 728
3732 2 2 1 1 781 2465 2437
3733 2 2 1 1 794 799 793
3734 2 2 1 1 976 1023 977
3735 2 2 1 1 983 985 984
3736 2 2 1 1 1021 2193 990
3737 2 2 1 1 2516 2517 1018
3738 2 2 1 1 1020 2098 1025
3739 2 2 1 1 1022 2536 2221
3740 2 2 1 1 1038 2689 1377
3741 2 2 1 1 1074 1294 1282
3742 2 2 1 1 1091 2572 1329
3743 2 2 1 1 1118 1258 1117
3744 2 2 1 1 1387 1523 1120
3745 2 2 1 1 1127 2680 1125
3746 2 2 1 1 1210 1212 1211
3747 2 2 1 1 1221 2730 1219
3748 2 2 1 1 1244 2562 2553
3749 2 2 1 1 1249 2356 1738
3750 2 2 1 1 1264 2532 1484
3751 2 2 1 1 1273 1635 1274
3752 2 2 1 1 1600 1601 1280
3753 2 2 1 1 1451 1594 1290
3754 2 2 1 1 1320 1338 1337
3755 2 2 1 1 1342 1772 1729
3756 2 2 1 1 1369 2710 2277
3757 2 2 1 1 1666 1667 1398
3758 2 2 1 1 1988 2191 1483
3759 2 2 1 1 1732 1747 1493
3760 2 2 1 1 2528 2719 1577
3761 2 2 1 1 1591 2636 2616
3762 2 2 1 1 1810 2637 1607
3763 2 2 1 1 1607 2637 2592
3764 2 2 1 1 1637 1812 1635
3765 2 2 1 1 2194 2783 1783
3766 2 2 1 1 2552 2553 2099
3767 2 2 1 1 2132 2225 2223
3768 2 2 1 1 2166 2787 2782
3769 2 2 1 1 2460 2601 2247
3770 2 2 1 1 208 2387 437
3771 2 2 1 1 254 442 253
3772 2 2 1 1 260 365 259
3773 2 2 1 1 498 501 499
3774 2 2 1 1 518 2586 1551
3775 2 2 1 1 689 2427 979
3776 2 2 1 1 723 2438 1165
3777 2 2 1 1 2531 2589 775
3778 2 2 1 1 804 2209 806
3779 2 2 1 1 824 980 817
3780 2 2 1 1 826 828 827
3781 2 2 1 1 829 2502 2209
3782 2 2 1 1 890 909 889
3783 2 2 1 1 2628 2735 1116
3784 2 2 1 1 1180 2667 1402
3785 2 2 1 1 1241 2506 1238
3786 2 2 1 1 1405 1433 1272
3787 2 2 1 1 1337 1485 1319
3788 2 2 1 1 1543 2255 1547
3789 2 2 1 1 2522 2607 1556
3790 2 2 1 1 1564 2468 2413
3791 2 2 1 1 2196 2509 1599
3792 2 2 1 1 1614 1826 1825
3793 2 2 1 1 1680 1904 1681
3794 2 2 1 1 2111 2130 2113
3795 2 2 1 1 2115 2677 2593
3796 2 2 1 1 2347 2524 2326
3797 2 2 1 1 2326 2525 2468
3798 2 2 1 1 363 2422 161
3799 2 2 1 1 193 444 192
3800 2 2 1 1 199 418 198
3801 2 2 1 1 204 432 203
3802 2 2 1 1 213 399 212
3803 2 2 1 1 228 2389 227
3804 2 2 1 1 489 491 490
3805 2 2 1 1 491 493 492
3806 2 2 1 1 500 2645 492
3807 2 2 1 1 498 499 495
3808 2 2 1 1 503 504 502
3809 2 2 1 1 504 2568 502
3810 2 2 1 1 506 507 504
3811 2 2 1 1 506 508 507
3812 2 2 1 1 509 510 508
3813 2 2 1 1 511 2586 514
3814 2 2 1 1 513 1154 1019
3815 2 2 1 1 514 2586 518
3816 2 2 1 1 518 1551 1225
3817 2 2 1 1 531 2515 530
3818 2 2 1 1 536 2453 1749
3819 2 2 1 1 547 2455 1247
3820 2 2 1 1 596 2580 579
3821 2 2 1 1 1075 1077 597
3822 2 2 1 1 624 2221 623
3823 2 2 1 1 631 632 630
3824 2 2 1 1 636 637 634
3825 2 2 1 1 636 638 637
3826 2 2 1 1 651 655 653
3827 2 2 1 1 666 1091 667
3828 2 2 1 1 2491 2572 666
3829 2 2 1 1 2293 2516 669
3830 2 2 1 1 681 2547 1541
3831 2 2 1 1 683 1340 682
3832 2 2 1 1 683 1765 1340
3833 2 2 1 1 706 2659 705
3834 2 2 1 1 715 2437 2407
3835 2 2 1 1 725 2438 723
3836 2 2 1 1 739 2472 1223
3837 2 2 1 1 782 794 793
3838 2 2 1 1 789 2639 2259
3839 2 2 1 1 820 2562 818
3840 2 2 1 1 823 2335 826
3841 2 2 1 1 920 2502 829
3842 2 2 1 1 838 1203 1202
3843 2 2 1 1 848 1030 996
3844 2 2 1 1 935 2327 908
3845 2 2 1 1 1186 1187 935
3846 2 2 1 1 992 993 984
3847 2 2 1 1 985 2457 992
3848 2 2 1 1 994 2507 989
3849 2 2 1 1 990 2193 991
3850 2 2 1 1 1232 2507 994
3851 2 2 1 1 2256 2468 1012
3852 2 2 1 1 1071 2458 1069
3853 2 2 1 1 1091 1329 1269
3854 2 2 1 1 1325 2603 1096
3855 2 2 1 1 1099 2459 1186
3856 2 2 1 1 1278 1279 1132
3857 2 2 1 1 2508 2585 1158
3858 2 2 1 1 1188 1189 1187
3859 2 2 1 1 1187 2338 2327
3860 2 2 1 1 1366 1367 1189
3861 2 2 1 1 1190 2644 2443
3862 2 2 1 1 1216 1218 1217
3863 2 2 1 1 1480 2459 1217
3864 2 2 1 1 1220 1222 1221
3865 2 2 1 1 1267 1268 1232
3866 2 2 1 1 1247 2605 1589
3867 2 2 1 1 1556 2593 1248
3868 2 2 1 1 2510 2511 1268
3869 2 2 1 1 1526 2224 1313
3870 2 2 1 1 1318 1320 1319
3871 2 2 1 1 1520 2274 1349
3872 2 2 1 1 1367 1373 1372
3873 2 2 1 1 1368 2680 2635
3874 2 2 1 1 2467 2611 1371
3875 2 2 1 1 1591 2338 1372
3876 2 2 1 1 1373 1602 1579
3877 2 2 1 1 1475 2497 1719
3878 2 2 1 1 1488 2078 2064
3879 2 2 1 1 1503 1831 1501
3880 2 2 1 1 2129 2505 1512
3881 2 2 1 1 1726 2212 1536
3882 2 2 1 1 2212 2257 1536
3883 2 2 1 1 2441 2655 1538
3884 2 2 1 1 2255 2591 1547
3885 2 2 1 1 1567 2512 2233
3886 2 2 1 1 1579 2636 1591
3887 2 2 1 1 1591 2616 2467
3888 2 2 1 1 1667 1669 1668
3889 2 2 1 1 2055 2057 1726
3890 2 2 1 1 2215 2694 1736
3891 2 2 1 1 2415 2416 1748
3892 2 2 1 1 2059 2635 1763
3893 2 2 1 1 1763 2680 2619
3894 2 2 1 1 2151 2670 2149
3895 2 2 1 1 2195 2460 2247
3896 2 2 1 1 2325 2347 2326
3897 2 2 1 1 2454 2632 2607
3898 2 2 1 1 204 2331 432
3899 2 2 1 1 1413 1443 1399
3900 2 2 1 1 2002 2003 1886
3901 2 2 1 1 390 2391 238
3902 2 2 1 1 728 2588 730
3903 2 2 1 1 2488 2569 775
3904 2 2 1 1 867 2268 904
3905 2 2 1 1 1049 1176 1175
3906 2 2 1 1 1504 1507 1506
3907 2 2 1 1 1777 2741 2736
3908 2 2 1 1 2443 2644 2027
3909 2 2 1 1 154 2372 153
3910 2 2 1 1 160 2373 159
3911 2 2 1 1 160 2422 2373
3912 2 2 1 1 432 2342 203
3913 2 2 1 1 421 2514 286
3914 2 2 1 1 772 2600 1740
3915 2 2 1 1 2305 2596 873
3916 2 2 1 1 1204 2421 1743
3917 2 2 1 1 670 2464 491
3918 2 2 1 1 545 2405 1511
3919 2 2 1 1 610 2618 1252
3920 2 2 1 1 612 614 613
3921 2 2 1 1 673 681 680
3922 2 2 1 1 678 679 677
3923 2 2 1 1 1121 1122 679
3924 2 2 1 1 1383 2597 773
3925 2 2 1 1 818 2562 824
3926 2 2 1 1 828 2610 834
3927 2 2 1 1 2636 2688 842
3928 2 2 1 1 1084 2627 924
3929 2 2 1 1 936 1757 1049
3930 2 2 1 1 2211 2612 986
3931 2 2 1 1 991 2330 995
3932 2 2 1 1 1034 2545 1031
3933 2 2 1 1 1060 1327 1058
3934 2 2 1 1 2526 2765 1108
3935 2 2 1 1 1122 1124 1123
3936 2 2 1 1 1265 1266 1126
3937 2 2 1 1 1128 2532 1264
3938 2 2 1 1 1176 1437 1175
3939 2 2 1 1 1184 1291 1290
3940 2 2 1 1 1186 2459 1567
3941 2 2 1 1 1249 1738 1600
3942 2 2 1 1 1475 1624 1263
3943 2 2 1 1 1264 1484 1483
3944 2 2 1 1 1626 1628 1266
3945 2 2 1 1 1268 2511 1744
3946 2 2 1 1 1459 2695 1269
3947 2 2 1 1 1601 1638 1280
3948 2 2 1 1 1291 1452 1451
3949 2 2 1 1 1530 2582 2336
3950 2 2 1 1 1538 2655 1996
3951 2 2 1 1 2115 2593 1575
3952 2 2 1 1 2005 2770 1598
3953 2 2 1 1 2273 2715 1611
3954 2 2 1 1 1738 2059 1763
3955 2 2 1 1 2703 2750 2011
3956 2 2 1 1 2377 2614 2181
3957 2 2 1 1 2393 2395 2394
3958 2 2 1 1 2606 2699 2463
3959 2 2 1 1 2276 2579 521
3960 2 2 1 1 542 2455 544
3961 2 2 1 1 559 2632 2454
3962 2 2 1 1 603 2528 1577
3963 2 2 1 1 618 619 617
3964 2 2 1 1 621 665 619
3965 2 2 1 1 1015 1116 1014
3966 2 2 1 1 1044 2627 1604
3967 2 2 1 1 1375 2458 1071
3968 2 2 1 1 1277 1331 1172
3969 2 2 1 1 1339 2696 2286
3970 2 2 1 1 1402 2067 2066
3971 2 2 1 1 1771 2738 1770
3972 2 2 1 1 2107 2721 2108
3973 2 2 1 1 2316 2549 2431
3974 2 2 1 1 2337 2584 2323
3975 2 2 1 1 205 2331 204
3976 2 2 1 1 799 906 793
3977 2 2 1 1 809 1012 807
3978 2 2 1 1 824 2562 1244
3979 2 2 1 1 828 833 832
3980 2 2 1 1 834 835 833
3981 2 2 1 1 1059 1323 1061
3982 2 2 1 1 1137 2139 2138
3983 2 2 1 1 1244 2553 2552
3984 2 2 1 1 1437 1453 1438
3985 2 2 1 1 2553 2590 2099
3986 2 2 1 1 2611 2616 2407
3987 2 2 1 1 362 2477 156
3988 2 2 1 1 220 2388 219
3989 2 2 1 1 525 2570 1024
3990 2 2 1 1 658 2692 613
3991 2 2 1 1 648 2529 644
3992 2 2 1 1 2174 2640 887
3993 2 2 1 1 1155 2656 1019
3994 2 2 1 1 1095 1532 1177
3995 2 2 1 1 1100 2550 1185
3996 2 2 1 1 1163 2673 2664
3997 2 2 1 1 1214 1344 1213
3998 2 2 1 1 2463 2758 1343
3999 2 2 1 1 1735 2699 1367
4000 2 2 1 1 1828 2663 1517
4001 2 2 1 1 1667 1690 1669
4002 2 2 1 1 1684 1686 1685
4003 2 2 1 1 2057 2620 2212
4004 2 2 1 1 237 2391 433
4005 2 2 1 1 1098 2186 2133
4006 2 2 1 1 1778 2216 1378
4007 2 2 1 1 2550 2551 1481
4008 2 2 1 1 1573 2649 2594
4009 2 2 1 1 2140 2686 2146
4010 2 2 1 1 2746 2752 2489
4011 2 2 1 1 532 2499 1527
4012 2 2 1 1 605 2528 603
4013 2 2 1 1 604 2446 606
4014 2 2 1 1 640 2205 643
4015 2 2 1 1 646 647 645
4016 2 2 1 1 2407 2616 842
4017 2 2 1 1 875 887 876
4018 2 2 1 1 1254 2691 913
4019 2 2 1 1 2432 2433 953
4020 2 2 1 1 965 2768 2296
4021 2 2 1 1 2193 2330 991
4022 2 2 1 1 1088 2592 1045
4023 2 2 1 1 1146 2696 1339
4024 2 2 1 1 1167 2361 2360
4025 2 2 1 1 2494 2731 1541
4026 2 2 1 1 2459 2512 1567
4027 2 2 1 1 2113 2232 2110
4028 2 2 1 1 2184 2282 2114
4029 2 2 1 1 600 2603 1166
4030 2 2 1 1 844 2583 846
4031 2 2 1 1 865 2649 890
4032 2 2 1 1 870 2447 868
4033 2 2 1 1 1063 2379 1307
4034 2 2 1 1 1081 2776 2503
4035 2 2 1 1 1306 2355 1211
4036 2 2 1 1 1404 2722 2146
4037 2 2 1 1 1682 1683 1438
4038 2 2 1 1 1480 2512 2459
4039 2 2 1 1 1767 2636 1579
4040 2 2 1 1 2370 2677 1593
4041 2 2 1 1 2618 2692 1766
4042 2 2 1 1 1785 2778 2762
4043 2 2 1 1 386 2668 152
4044 2 2 1 1 816 2653 819
4045 2 2 1 1 1020 2612 2098
4046 2 2 1 1 1023 2698 1046
4047 2 2 1 1 1054 2657 1035
4048 2 2 1 1 2537 2642 1576
4049 2 2 1 1 1619 2780 2216
4050 2 2 1 1 2590 2701 2099
4051 2 2 1 1 490 1042 488
4052 2 2 1 1 518 684 516
4053 2 2 1 1 2715 2753 566
4054 2 2 1 1 596 2581 2580
4055 2 2 1 1 767 2613 2576
4056 2 2 1 1 768 2597 769
4057 2 2 1 1 810 2708 812
4058 2 2 1 1 857 2203 860
4059 2 2 1 1 892 2542 2280
4060 2 2 1 1 1099 1186 935
4061 2 2 1 1 989 2507 987
4062 2 2 1 1 1032 1174 1173
4063 2 2 1 1 1169 1615 1168
4064 2 2 1 1 1186 1188 1187
4065 2 2 1 1 1328 2683 1288
4066 2 2 1 1 1342 1486 1336
4067 2 2 1 1 1579 1591 1372
4068 2 2 1 1 1571 2541 2511
4069 2 2 1 1 1591 2467 2338
4070 2 2 1 1 2236 2330 2193
4071 2 2 1 1 2531 2650 2313
4072 2 2 1 1 207 2386 206
4073 2 2 1 1 232 2383 231
4074 2 2 1 1 522 2570 525
4075 2 2 1 1 2580 2599 577
4076 2 2 1 1 601 1093 1092
4077 2 2 1 1 709 2688 2659
4078 2 2 1 1 998 2508 1001
4079 2 2 1 1 1164 2673 1163
4080 2 2 1 1 1563 2560 2307
4081 2 2 1 1 1802 2669 1597
4082 2 2 1 1 161 2422 160
4083 2 2 1 1 632 2690 635
4084 2 2 1 1 1132 2222 667
4085 2 2 1 1 924 2627 926
4086 2 2 1 1 1774 2657 1054
4087 2 2 1 1 1404 2685 1195
4088 2 2 1 1 1638 2617 1280
4089 2 2 1 1 2490 2748 2572
4090 2 2 1 1 2744 2765 2526
4091 2 2 1 1 592 2538 581
4092 2 2 1 1 2615 2708 810
4093 2 2 1 1 2408 2415 1363
4094 2 2 1 1 2168 2763 1613
4095 2 2 1 1 1653 2625 2624
4096 2 2 1 1 1776 1804 1775
4097 2 2 1 1 2108 2721 2650
4098 2 2 1 1 590 2671 592
4099 2 2 1 1 2198 2686 902
4100 2 2 1 1 905 1361 903
4101 2 2 1 1 927 2712 1082
4102 2 2 1 1 1144 2682 2646
4103 2 2 1 1 1354 2744 1768
4104 2 2 1 1 2684 2698 1764
4105 2 2 1 1 286 2514 285
4106 2 2 1 1 285 2514 447
4107 2 2 1 1 846 2583 1029
4108 2 2 1 1 257 2470 256
4109 2 2 1 1 282 2397 281
4110 2 2 1 1 330 2483 329
4111 2 2 1 1 608 2618 607
4112 2 2 1 1 763 2703 761
4113 2 2 1 1 2322 2613 767
4114 2 2 1 1 841 848 840
4115 2 2 1 1 1734 2667 1179
4116 2 2 1 1 1371 2611 2465
4117 2 2 1 1 2757 2776 2043
4118 2 2 1 1 2511 2541 1744
4119 2 2 1 1 1575 2632 559
4120 2 2 1 1 609 2528 605
4121 2 2 1 1 625 2595 1741
4122 2 2 1 1 764 2614 2377
4123 2 2 1 1 790 2792 2779
4124 2 2 1 1 831 2335 823
4125 2 2 1 1 1118 2567 1262
4126 2 2 1 1 1725 2687 1502
4127 2 2 1 1 1593 2658 1592
4128 2 2 1 1 2106 2721 2107
4129 2 2 1 1 2604 2745 1116
4130 2 2 1 1 2797 2800 1623
4131 2 2 1 1 1684 1847 1686
4132 2 2 1 1 2704 2721 2106
4133 2 2 1 1 437 2386 207
4134 2 2 1 1 711 2688 709
4135 2 2 1 1 750 2473 785
4136 2 2 1 1 822 2534 820
4137 2 2 1 1 1507 1728 1510
4138 2 2 1 1 1581 2684 1764
4139 2 2 1 1 874 2447 870
4140 2 2 1 1 1043 2540 1255
4141 2 2 1 1 1392 1760 1092
4142 2 2 1 1 2489 2752 1409
4143 2 2 1 1 926 2627 1044
4144 2 2 1 1 1238 2506 2496
4145 2 2 1 1 613 2692 608
4146 2 2 1 1 642 2707 641
4147 2 2 1 1 648 2530 2529
4148 2 2 1 1 773 2597 768
4149 2 2 1 1 836 2574 833
4150 2 2 1 1 2658 2678 1166
4151 2 2 1 1 1209 2578 1208
4152 2 2 1 1 1211 2355 1209
4153 2 2 1 1 1629 2598 1266
4154 2 2 1 1 1278 2695 1609
4155 2 2 1 1 1572 2724 2197
4156 2 2 1 1 1600 2619 1601
4157 2 2 1 1 1957 2749 1629
4158 2 2 1 1 1765 2743 2742
4159 2 2 1 1 932 2675 1143
4160 2 2 1 1 507 2568 504
4161 2 2 1 1 566 2753 561
4162 2 2 1 1 842 2688 711
4163 2 2 1 1 830 2534 822
4164 2 2 1 1 2640 2641 964
4165 2 2 1 1 1116 2745 1014
4166 2 2 1 1 1084 2714 2627
4167 2 2 1 1 1194 2705 1406
4168 2 2 1 1 1195 2685 1539
4169 2 2 1 1 1206 2421 1204
4170 2 2 1 1 1481 2551 1997
4171 2 2 1 1 1750 2576 1569
4172 2 2 1 1 1589 2604 1588
4173 2 2 1 1 1995 2662 1754
4174 2 2 1 1 1762 2711 2445
4175 2 2 1 1 1775 2771 1774
4176 2 2 1 1 2118 2652 2117
4177 2 2 1 1 2127 2744 2526
4178 2 2 1 1 930 2609 2186
4179 2 2 1 1 1255 2540 1396
4180 2 2 1 1 1993 2740 2074
4181 2 2 1 1 2020 2734 2710
4182 2 2 1 1 209 2387 208
4183 2 2 1 1 238 2391 237
4184 2 2 1 1 535 2258 539
4185 2 2 1 1 587 2679 584
4186 2 2 1 1 1001 2508 1158
4187 2 2 1 1 1607 2592 1088
4188 2 2 1 1 1548 2734 1192
4189 2 2 1 1 1197 2728 1365
4190 2 2 1 1 1324 2624 1325
4191 2 2 1 1 1376 2701 2689
4192 2 2 1 1 530 2515 2294
4193 2 2 1 1 915 2630 1065
4194 2 2 1 1 1102 2717 2595
4195 2 2 1 1 2216 2780 1378
4196 2 2 1 1 2627 2714 1604
4197 2 2 1 1 1635 2672 1636
4198 2 2 1 1 2273 2753 2715
4199 2 2 1 1 988 2612 1020
4200 2 2 1 1 996 2545 2429
4201 2 2 1 1 1019 2568 507
4202 2 2 1 1 1041 2679 587
4203 2 2 1 1 748 2473 750
4204 2 2 1 1 2346 2703 776
4205 2 2 1 1 815 2653 816
4206 2 2 1 1 986 2612 988
4207 2 2 1 1 2355 2578 1209
4208 2 2 1 1 2624 2626 1325
4209 2 2 1 1 2421 2543 1743
4210 2 2 1 1 2467 2616 2611
4211 2 2 1 1 601 2436 1621
4212 2 2 1 1 607 2618 610
4213 2 2 1 1 1370 2774 965
4214 2 2 1 1 1252 2618 1766
4215 2 2 1 1 1368 2635 2634
4216 2 2 1 1 2579 2710 1548
4217 2 2 1 1 1612 2735 1580
4218 2 2 1 1 1614 2751 1826
4219 2 2 1 1 1812 2672 1635
4220 2 2 1 1 2108 2650 2569
4221 2 2 1 1 1604 2714 1606
4222 2 2 1 1 567 2747 572
4223 2 2 1 1 661 2491 666
4224 2 2 1 1 666 2572 1091
4225 2 2 1 1 678 2226 1128
4226 2 2 1 1 961 2615 808
4227 2 2 1 1 2296 2697 830
4228 2 2 1 1 858 2764 855
4229 2 2 1 1 975 2726 972
4230 2 2 1 1 1263 2495 1121
4231 2 2 1 1 1126 2598 1127
4232 2 2 1 1 2333 2334 1080
4233 2 2 1 1 929 2186 1098
4234 2 2 1 1 1345 2755 1753
4235 2 2 1 1 546 2405 545
4236 2 2 1 1 589 2527 574
4237 2 2 1 1 2538 2539 596
4238 2 2 1 1 672 2530 648
4239 2 2 1 1 2750 2784 2010
4240 2 2 1 1 2534 2590 2553
4241 2 2 1 1 1156 2527 589
4242 2 2 1 1 1077 2671 597
4243 2 2 1 1 776 2703 763
4244 2 2 1 1 1062 2660 1654
4245 2 2 1 1 1723 2696 1146
4246 2 2 1 1 1368 2634 2573
4247 2 2 1 1 1736 2694 1735
4248 2 2 1 1 338 2575 337
4249 2 2 1 1 597 2671 590
4250 2 2 1 1 1080 2334 1183
4251 2 2 1 1 151 2668 2309
4252 2 2 1 1 667 2222 662
4253 2 2 1 1 1541 2743 683
4254 2 2 1 1 779 2736 1383
4255 2 2 1 1 2457 2541 992
4256 2 2 1 1 1616 2671 1077
4257 2 2 1 1 2529 2670 2151
4258 2 2 1 1 622 2595 625
4259 2 2 1 1 863 2691 2430
4260 2 2 1 1 874 2448 2447
4261 2 2 1 1 1115 2704 2698
4262 2 2 1 1 1294 2709 1282
4263 2 2 1 1 2453 2607 1749
4264 2 2 1 1 1767 2688 2636
4265 2 2 1 1 2604 2622 1588
4266 2 2 1 1 1612 2715 2711
4267 2 2 1 1 2564 2652 2118
4268 2 2 1 1 876 2448 874
4269 2 2 1 1 1288 2683 1293
4270 2 2 1 1 1757 2657 2651
4271 2 2 1 1 2742 2743 1772
4272 2 2 1 1 830 2590 2534
4273 2 2 1 1 1179 2667 1180
4274 2 2 1 1 859 2430 858
4275 2 2 1 1 1115 2698 1023
4276 2 2 1 1 1192 2734 1491
4277 2 2 1 1 1650 2706 1286
4278 2 2 1 1 1853 2629 2271
4279 2 2 1 1 1024 2570 1548
4280 2 2 1 1 1082 2746 2489
4281 2 2 1 1 964 2712 927
4282 2 2 1 1 1293 2683 1678
4283 2 2 1 1 1383 2741 2674
4284 2 2 1 1 2140 2693 2686
4285 2 2 1 1 2677 2678 1593
4286 2 2 1 1 2747 2753 2273
4287 2 2 1 1 1065 2705 1194
4288 2 2 1 1 1622 2783 2194
4289 2 2 1 1 2710 2734 1548
4290 2 2 1 1 1611 2715 1612
4291 2 2 1 1 2569 2650 2531
4292 2 2 1 1 2659 2702 705
4293 2 2 1 1 873 2596 872
4294 2 2 1 1 890 2649 923
4295 2 2 1 1 1050 2729 2565
4296 2 2 1 1 1269 2695 1131
4297 2 2 1 1 1131 2695 1278
4298 2 2 1 1 1445 2709 1294
4299 2 2 1 1 1653 2624 1324
4300 2 2 1 1 1668 2631 2536
4301 2 2 1 1 2149 2635 2059
4302 2 2 1 1 585 2763 2061
4303 2 2 1 1 1310 2602 1094
4304 2 2 1 1 2409 2623 1757
4305 2 2 1 1 833 2574 832
4306 2 2 1 1 879 2777 2418
4307 2 2 1 1 1379 2783 1622
4308 2 2 1 1 923 2649 1573
4309 2 2 1 1 1513 2723 1515
4310 2 2 1 1 2723 2740 1518
4311 2 2 1 1 2018 2775 1618
4312 2 2 1 1 1769 2795 2788
4313 2 2 1 1 862 2409 861
4314 2 2 1 1 863 2430 859
4315 2 2 1 1 2210 2789 961
4316 2 2 1 1 1329 2748 1793
4317 2 2 1 1 1589 2745 2604
4318 2 2 1 1 978 2726 975
4319 2 2 1 1 2765 2767 1108
4320 2 2 1 1 1266 2598 1126
4321 2 2 1 1 2622 2735 1612
4322 2 2 1 1 2183 2631 2287
4323 2 2 1 1 861 2409 880
4324 2 2 1 1 2565 2666 1009
4325 2 2 1 1 1161 2647 1162
4326 2 2 1 1 1438 2700 1175
4327 2 2 1 1 2518 2674 1590
4328 2 2 1 1 1055 2654 1271
4329 2 2 1 1 1162 2647 1196
4330 2 2 1 1 1489 2755 1347
4331 2 2 1 1 1356 2750 2346
4332 2 2 1 1 2075 2761 1384
4333 2 2 1 1 2194 2777 1622
4334 2 2 1 1 2095 2791 2094
4335 2 2 1 1 882 2643 917
4336 2 2 1 1 902 2693 900
4337 2 2 1 1 2595 2717 1741
4338 2 2 1 1 584 2679 585
4339 2 2 1 1 1017 2628 1015
4340 2 2 1 1 917 2643 1170
4341 2 2 1 1 2219 2756 1627
4342 2 2 1 1 2717 2720 1741
4343 2 2 1 1 2277 2710 2579
4344 2 2 1 1 1015 2628 1116
4345 2 2 1 1 2751 2761 1615
4346 2 2 1 1 2011 2750 2010
4347 2 2 1 1 2530 2670 2529
4348 2 2 1 1 641 2681 638
4349 2 2 1 1 2174 2641 2640
4350 2 2 1 1 638 2681 637
4351 2 2 1 1 1758 2609 1687
4352 2 2 1 1 1741 2720 1742
4353 2 2 1 1 1049 2651 1176
4354 2 2 1 1 1327 2654 1058
4355 2 2 1 1 1598 2730 1221
4356 2 2 1 1 1788 2724 1572
4357 2 2 1 1 1602 2702 1767
4358 2 2 1 1 1779 2701 2697
4359 2 2 1 1 2634 2635 2149
4360 2 2 1 1 2686 2693 902
4361 2 2 1 1 2609 2773 1685
4362 2 2 1 1 2727 2741 1777
4363 2 2 1 1 1674 2602 1310
4364 2 2 1 1 1050 2757 2729
4365 2 2 1 1 1163 2664 2179
4366 2 2 1 1 1253 2742 1342
4367 2 2 1 1 1590 2733 2643
4368 2 2 1 1 402 2575 338
4369 2 2 1 1 851 2754 879
4370 2 2 1 1 1272 2673 1164
4371 2 2 1 1 1406 2738 1864
4372 2 2 1 1 1772 2731 1994
4373 2 2 1 1 2039 2729 2041
4374 2 2 1 1 1582 2744 1354
4375 2 2 1 1 1014 2745 2250
4376 2 2 1 1 1777 2779 1620
4377 2 2 1 1 2060 2749 1657
4378 2 2 1 1 2445 2711 566
4379 2 2 1 1 683 2743 1765
4380 2 2 1 1 853 2764 2754
4381 2 2 1 1 1593 2678 2658
4382 2 2 1 1 1735 2758 2699
4383 2 2 1 1 2577 2781 1081
4384 2 2 1 1 1770 2705 2630
4385 2 2 1 1 2736 2779 1777
4386 2 2 1 1 2669 2712 964
4387 2 2 1 1 1300 2675 1603
4388 2 2 1 1 2623 2657 1757
4389 2 2 1 1 1779 2768 1778
4390 2 2 1 1 1027 2689 1038
4391 2 2 1 1 1582 2765 2744
4392 2 2 1 1 1143 2675 1300
4393 2 2 1 1 1681 2786 2785
4394 2 2 1 1 2041 2757 2043
4395 2 2 1 1 2731 2743 1541
4396 2 2 1 1 1767 2702 2659
4397 2 2 1 1 1772 2743 2731
4398 2 2 1 1 1058 2654 1055
4399 2 2 1 1 1243 2704 1115
4400 2 2 1 1 1243 2721 2704
4401 2 2 1 1 1746 2716 2585
4402 2 2 1 1 1718 2803 1532
4403 2 2 1 1 1613 2763 2679
4404 2 2 1 1 572 2747 583
4405 2 2 1 1 790 2736 779
4406 2 2 1 1 2503 2757 1050
4407 2 2 1 1 1683 2700 1438
4408 2 2 1 1 2058 2800 2176
4409 2 2 1 1 2054 2786 1393
4410 2 2 1 1 1108 2767 2229
4411 2 2 1 1 1802 2712 2669
4412 2 2 1 1 891 2769 864
4413 2 2 1 1 1169 2751 1615
4414 2 2 1 1 2643 2733 1170
4415 2 2 1 1 1797 2793 1380
4416 2 2 1 1 1577 2719 2605
4417 2 2 1 1 2585 2716 2158
4418 2 2 1 1 1803 2746 1802
4419 2 2 1 1 1757 2651 1049
4420 2 2 1 1 2729 2757 2041
4421 2 2 1 1 862 2623 2409
4422 2 2 1 1 1674 2718 2602
4423 2 2 1 1 1803 2752 2746
4424 2 2 1 1 296 2621 462
4425 2 2 1 1 1081 2781 2776
4426 2 2 1 1 1176 2771 1440
4427 2 2 1 1 2166 2782 633
4428 2 2 1 1 853 2754 851
4429 2 2 1 1 855 2764 853
4430 2 2 1 1 2661 2742 1253
4431 2 2 1 1 1627 2756 1789
4432 2 2 1 1 500 2770 2645
4433 2 2 1 1 1342 2742 1772
4434 2 2 1 1 2754 2764 2358
4435 2 2 1 1 2769 2792 845
4436 2 2 1 1 2699 2758 2463
4437 2 2 1 1 1237 2666 1240
4438 2 2 1 1 2186 2609 1758
4439 2 2 1 1 2767 2784 2229
4440 2 2 1 1 2074 2740 2723
4441 2 2 1 1 561 2753 567
4442 2 2 1 1 2270 2777 2194
4443 2 2 1 1 2711 2715 566
4444 2 2 1 1 1785 2759 2272
4445 2 2 1 1 2075 2780 2761
4446 2 2 1 1 1386 2785 1385
4447 2 2 1 1 2645 2770 2005
4448 2 2 1 1 2785 2786 2054
4449 2 2 1 1 2630 2705 1065
4450 2 2 1 1 1681 2785 1386
4451 2 2 1 1 2235 2770 500
4452 2 2 1 1 1376 2689 1027
4453 2 2 1 1 1476 2713 1337
4454 2 2 1 1 1594 2748 2490
4455 2 2 1 1 1603 2727 1777
4456 2 2 1 1 2287 2631 1668
4457 2 2 1 1 1765 2742 2661
4458 2 2 1 1 1518 2732 1707
4459 2 2 1 1 1771 2739 2738
4460 2 2 1 1 2040 2737 2051
4461 2 2 1 1 965 2774 2768
4462 2 2 1 1 2605 2719 1589
4463 2 2 1 1 2738 2739 1864
4464 2 2 1 1 2141 2722 2143
4465 2 2 1 1 864 2769 845
4466 2 2 1 1 2127 2725 1768
4467 2 2 1 1 2674 2741 2733
4468 2 2 1 1 1009 2666 1237
4469 2 2 1 1 1524 2728 1197
4470 2 2 1 1 1395 2725 1276
4471 2 2 1 1 2554 2765 1582
4472 2 2 1 1 1610 2766 2358
4473 2 2 1 1 2061 2728 1524
4474 2 2 1 1 629 2782 1037
4475 2 2 1 1 2754 2766 879
4476 2 2 1 1 2021 2802 1449
4477 2 2 1 1 1724 2789 1489
4478 2 2 1 1 1449 2801 2021
4479 2 2 1 1 2146 2722 2141
4480 2 2 1 1 1622 2766 1610
4481 2 2 1 1 2009 2767 2554
4482 2 2 1 1 1042 2799 488
4483 2 2 1 1 2272 2759 2273
4484 2 2 1 1 2675 2727 1603
4485 2 2 1 1 1987 2713 1476
4486 2 2 1 1 2779 2792 2095
4487 2 2 1 1 2042 2737 2040
4488 2 2 1 1 1347 2755 1345
4489 2 2 1 1 791 2792 790
4490 2 2 1 1 2679 2763 585
4491 2 2 1 1 633 2782 630
4492 2 2 1 1 297 2621 296
4493 2 2 1 1 881 2691 863
4494 2 2 1 1 913 2691 881
4495 2 2 1 1 2697 2768 1779
4496 2 2 1 1 2769 2791 2095
4497 2 2 1 1 2296 2768 2697
4498 2 2 1 1 2095 2792 2769
4499 2 2 1 1 2674 2733 1590
4500 2 2 1 1 2043 2776 2046
4501 2 2 1 1 2009 2784 2767
4502 2 2 1 1 1621 2778 2054
4503 2 2 1 1 2694 2758 1735
4504 2 2 1 1 2798 2799 2509
4505 2 2 1 1 2747 2759 583
4506 2 2 1 1 1037 2787 1149
4507 2 2 1 1 1276 2725 2127
4508 2 2 1 1 1769 2788 2577
4509 2 2 1 1 497 2798 2724
4510 2 2 1 1 1618 2775 2210
4511 2 2 1 1 2436 2762 1621
4512 2 2 1 1 2418 2777 2270
4513 2 2 1 1 2358 2766 2754
4514 2 2 1 1 2725 2795 1769
4515 2 2 1 1 2724 2798 2197
4516 2 2 1 1 2273 2759 2747
4517 2 2 1 1 1620 2779 2095
4518 2 2 1 1 2021 2801 1787
4519 2 2 1 1 2554 2767 2765
4520 2 2 1 1 2357 2772 1773
4521 2 2 1 1 2105 2760 2537
4522 2 2 1 1 630 2782 629
4523 2 2 1 1 790 2779 2736
4524 2 2 1 1 1778 2774 2216
4525 2 2 1 1 1378 2780 2075
4526 2 2 1 1 1380 2783 1379
4527 2 2 1 1 1385 2785 2778
4528 2 2 1 1 2010 2784 2009
4529 2 2 1 1 2046 2781 2048
4530 2 2 1 1 2768 2774 1778
4531 2 2 1 1 2537 2760 1370
4532 2 2 1 1 1518 2740 2732
4533 2 2 1 1 1449 2802 1448
4534 2 2 1 1 1489 2789 2775
4535 2 2 1 1 2776 2781 2046
4536 2 2 1 1 2048 2788 2050
4537 2 2 1 1 1905 2786 1681
4538 2 2 1 1 2430 2772 858
4539 2 2 1 1 2196 2798 2509
4540 2 2 1 1 2762 2778 1621
4541 2 2 1 1 1716 2803 1331
4542 2 2 1 1 845 2792 791
4543 2 2 1 1 930 2773 2609
4544 2 2 1 1 2230 2773 930
4545 2 2 1 1 2094 2791 2152
4546 2 2 1 1 2577 2788 2781
4547 2 2 1 1 2778 2785 2054
4548 2 2 1 1 1773 2772 2430
4549 2 2 1 1 1149 2787 1400
4550 2 2 1 1 2166 2790 2787
4551 2 2 1 1 1783 2793 1784
4552 2 2 1 1 2176 2797 891
4553 2 2 1 1 891 2791 2769
4554 2 2 1 1 1781 2794 1780
4555 2 2 1 1 891 2797 2791
4556 2 2 1 1 2791 2797 2152
4557 2 2 1 1 2781 2788 2048
4558 2 2 1 1 2775 2789 2210
4559 2 2 1 1 1532 2803 2796
4560 2 2 1 1 497 2799 2798
4561 2 2 1 1 2787 2790 1400
4562 2 2 1 1 1395 2795 2725
4563 2 2 1 1 1982 2796 1716
4564 2 2 1 1 2152 2797 1623
4565 2 2 1 1 2197 2798 2196
4566 2 2 1 1 2509 2799 1042
4567 2 2 1 1 1787 2801 1786
4568 2 2 1 1 1448 2802 1861
4569 2 2 1 1 1786 2800 2058
4570 2 2 1 1 1786 2801 2800
4571 2 2 1 1 2498 2804 1719
4572 2 2 1 1 2796 2803 1716
4573 2 2 1 1 527 2804 485
4574 2 2 1 1 527 2805 2804
4575 2 2 1 1 485 2804 487
4576 2 2 1 1 1624 2805 2219
4577 2 2 1 1 487 2804 2498
4578 2 2 1 1 1719 2805 1624
4579 2 2 1 1 2724 2806 497
4580 2 2 1 1 1788 2806 2724
4581 2 2 1 1 527 2807 2756
4582 2 2 1 1 2756 2807 1789
4583 2 2 1 1 1473 2808 2510
4584 2 2 1 1 2809 2813 593
4585 2 2 1 1 2810 2811 538
4586 2 2 1 1 2806 2810 482
4587 2 2 1 1 1625 2811 1788
4588 2 2 1 1 538 2811 2808
4589 2 2 1 1 2808 2811 2510
4590 2 2 1 1 1628 2809 1630
4591 2 2 1 1 1788 2810 2806
4592 2 2 1 1 2510 2811 1625
4593 2 2 1 1 481 2812 2807
4594 2 2 1 1 1626 2813 1628
4595 2 2 1 1 478 2814 476
4596 2 2 1 1 2807 2812 1789
4597 2 2 1 1 2812 2813 1789
4598 2 2 1 1 593 2813 2812
4599 2 2 1 1 1789 2813 1626
4600 2 2 1 1 538 2814 478
4601 2 2 1 1 475 2815 477
4602 2 2 1 1 2808 2814 538
4603 2 2 1 1 477 2815 593
4604 2 2 1 1 593 2815 2809
4605 2 2 1 1 1981 2818 1790
4606 2 2 1 1 474 2816 571
4607 2 2 1 1 476 2816 474
4608 2 2 1 1 1790 2820 1981
4609 2 2 1 1 2814 2816 476
4610 2 2 1 1 571 2816 1791
4611 2 2 1 1 1473 2817 2808
4612 2 2 1 1 1267 2819 1473
4613 2 2 1 1 1129 2818 1267
4614 2 2 1 1 1790 2818 1130
4615 2 2 1 1 2814 2817 2816
4616 2 2 1 1 2816 2817 1791
4617 2 2 1 1 1389 2820 1876
4618 2 2 1 1 1981 2820 1388
4619 2 2 1 1 2808 2817 2814
4620 2 2 1 1 1130 2818 1129
4621 2 2 1 1 1274 2821 1790
4622 2 2 1 1 1473 2819 2817
4623 2 2 1 1 1791 2819 1981
4624 2 2 1 1 1388 2820 1389
4625 2 2 1 1 2817 2819 1791
4626 2 2 1 1 1636 2821 1274
4627 2 2 1 1 1848 1849 1436
4628 2 2 1 1 471 2823 1447
4629 2 2 1 1 1844 2823 1322
4630 2 2 1 1 1902 1949 1948
4631 2 2 1 1 473 2823 471
4632 2 2 1 1 1630 2822 1957
4633 2 2 1 1 241 2824 240
4634 2 2 1 1 1322 2823 473
4635 2 2 1 1 1436 1665 1435
4636 2 2 1 1 1434 1848 1436
4637 2 2 1 1 1860 1966 1965
4638 2 2 1 1 1792 2826 470
4639 2 2 1 1 410 2824 241
4640 2 2 1 1 1505 2825 1503
4641 2 2 1 1 475 2826 2815
4642 2 2 1 1 1902 1948 1900
4643 2 2 1 1 1901 1903 1902
4644 2 2 1 1 470 2826 472
4645 2 2 1 1 1923 1924 1922
4646 2 2 1 1 2815 2827 2809
4647 2 2 1 1 1944 2906 439
4648 2 2 1 1 2822 2827 1792
4649 2 2 1 1 1630 2827 2822
4650 2 2 1 1 1306 3034 2355
4651 2 2 1 1 1503 2825 1831
4652 2 2 1 1 472 2826 475
4653 2 2 1 1 1971 1972 1835
4654 2 2 1 1 2809 2827 1630
4655 2 2 1 1 2739 3028 2668
4656 2 2 1 1 1853 3011 2343
4657 2 2 1 1 1434 1436 1435
4658 2 2 1 1 1809 1877 1840
4659 2 2 1 1 1860 1965 1809
4660 2 2 1 1 2959 2999 414
4661 2 2 1 1 1901 1902 1900
4662 2 2 1 1 2872 3134 1703
4663 2 2 1 1 320 2828 429
4664 2 2 1 1 355 2828 321
4665 2 2 1 1 1921 1923 1922
4666 2 2 1 1 1705 3071 1949
4667 2 2 1 1 1713 1975 1974
4668 2 2 1 1 399 2947 2085
4669 2 2 1 1 131 411 132
4670 2 2 1 1 1454 1941 1710
4671 2 2 1 1 1461 1971 1835
4672 2 2 1 1 1984 2886 1983
4673 2 2 1 1 321 2828 320
4674 2 2 1 1 427 2849 2145
4675 2 2 1 1 1901 2999 2959
4676 2 2 1 1 1434 1435 1425
4677 2 2 1 1 462 3071 2867
4678 2 2 1 1 1808 1860 1809
4679 2 2 1 1 1809 1840 1807
4680 2 2 1 1 394 2830 184
4681 2 2 1 1 183 2830 436
4682 2 2 1 1 181 2831 180
4683 2 2 1 1 2884 2975 2288
4684 2 2 1 1 2913 2916 1845
4685 2 2 1 1 1594 2943 1929
4686 2 2 1 1 2164 2878 1654
4687 2 2 1 1 2365 2833 2364
4688 2 2 1 1 1887 2833 1457
4689 2 2 1 1 2870 2914 1863
4690 2 2 1 1 1912 3120 375
4691 2 2 1 1 1289 2856 1992
4692 2 2 1 1 415 1901 1900
4693 2 2 1 1 444 2835 192
4694 2 2 1 1 191 2835 392
4695 2 2 1 1 1941 2869 1382
4696 2 2 1 1 1978 3063 364
4697 2 2 1 1 454 2836 218
4698 2 2 1 1 217 2836 416
4699 2 2 1 1 1836 2829 2147
4700 2 2 1 1 2123 3088 2366
4701 2 2 1 1 415 1899 27
4702 2 2 1 1 1921 1922 1432
4703 2 2 1 1 21 1851 387
4704 2 2 1 1 1713 1974 1712
4705 2 2 1 1 1660 2909 1816
4706 2 2 1 1 1969 3042 1970
4707 2 2 1 1 2578 2837 1283
4708 2 2 1 1 131 2902 411
4709 2 2 1 1 1841 3117 2991
4710 2 2 1 1 1914 2963 1913
4711 2 2 1 1 1693 2861 2036
4712 2 2 1 1 184 2830 183
4713 2 2 1 1 180 2831 396
4714 2 2 1 1 2364 2833 367
4715 2 2 1 1 1454 1710 1455
4716 2 2 1 1 62 1909 133
4717 2 2 1 1 2022 2941 377
4718 2 2 1 1 1894 2864 1895
4719 2 2 1 1 441 2840 333
4720 2 2 1 1 332 2840 361
4721 2 2 1 1 2167 2841 1881
4722 2 2 1 1 2188 2841 1396
4723 2 2 1 1 1461 1835 1834
4724 2 2 1 1 192 2835 191
4725 2 2 1 1 2392 2843 2393
4726 2 2 1 1 398 3018 1963
4727 2 2 1 1 218 2836 217
4728 2 2 1 1 62 1918 1909
4729 2 2 1 1 2050 2844 2052
4730 2 2 1 1 1395 2844 2795
4731 2 2 1 1 1631 2845 2220
4732 2 2 1 1 1654 2893 1631
4733 2 2 1 1 376 2846 255
4734 2 2 1 1 254 2846 442
4735 2 2 1 1 2188 2876 2841
4736 2 2 1 1 7 1891 119
4737 2 2 1 1 1487 2847 1980
4738 2 2 1 1 1936 2847 2275
4739 2 2 1 1 1283 2837 1936
4740 2 2 1 1 2878 2893 1654
4741 2 2 1 1 1425 1426 1424
4742 2 2 1 1 368 1434 1425
4743 2 2 1 1 1754 2848 1344
4744 2 2 1 1 1213 2848 1306
4745 2 2 1 1 1665 2946 1435
4746 2 2 1 1 2145 2849 2144
4747 2 2 1 1 1639 2849 1652
4748 2 2 1 1 1808 1809 1807
4749 2 2 1 1 2461 2898 2478
4750 2 2 1 1 2546 2851 1653
4751 2 2 1 1 2387 3074 437
4752 2 2 1 1 197 2853 1704
4753 2 2 1 1 418 2853 198
4754 2 2 1 1 1664 2854 1469
4755 2 2 1 1 1954 3108 1678
4756 2 2 1 1 1868 3116 3050
4757 2 2 1 1 1251 2855 1382
4758 2 2 1 1 365 3141 2081
4759 2 2 1 1 2706 2857 2084
4760 2 2 1 1 2918 3008 369
4761 2 2 1 1 308 2858 371
4762 2 2 1 1 438 2858 309
4763 2 2 1 1 2483 2890 2484
4764 2 2 1 1 1425 2838 1426
4765 2 2 1 1 1842 1964 1954
4766 2 2 1 1 1771 3028 2739
4767 2 2 1 1 450 2957 2170
4768 2 2 1 1 1819 3012 3010
4769 2 2 1 1 2899 3102 1798
4770 2 2 1 1 1873 3012 1819
4771 2 2 1 1 1926 3046 1928
4772 2 2 1 1 268 3136 267
4773 2 2 1 1 1636 2859 2821
4774 2 2 1 1 324 2860 440
4775 2 2 1 1 2385 2860 325
4776 2 2 1 1 1461 2839 1971
4777 2 2 1 1 2341 2948 391
4778 2 2 1 1 1323 2936 1932
4779 2 2 1 1 1932 2937 1479
4780 2 2 1 1 2458 2862 1270
4781 2 2 1 1 1977 2901 2895
4782 2 2 1 1 1328 2863 2683
4783 2 2 1 1 2638 2863 2637
4784 2 2 1 1 411 2939 1918
4785 2 2 1 1 333 2840 332
4786 2 2 1 1 1396 2841 2167
4787 2 2 1 1 1605 2864 1608
4788 2 2 1 1 1468 2865 1830
4789 2 2 1 1 415 1900 1899
4790 2 2 1 1 246 2868 245
4791 2 2 1 1 295 2867 294
4792 2 2 1 1 342 2866 341
4793 2 2 1 1 1471 2865 1466
4794 2 2 1 1 2828 2861 429
4795 2 2 1 1 385 2843 2392
4796 2 2 1 1 223 2871 222
4797 2 2 1 1 1882 3009 442
4798 2 2 1 1 1798 3102 1711
4799 2 2 1 1 2924 3106 2310
4800 2 2 1 1 201 2873 200
4801 2 2 1 1 1436 2874 1665
4802 2 2 1 1 2841 2876 1882
4803 2 2 1 1 2795 2844 2050
4804 2 2 1 1 1649 1921 1432
4805 2 2 1 1 2291 2877 1644
4806 2 2 1 1 2648 2877 1963
4807 2 2 1 1 1896 2873 1852
4808 2 2 1 1 1676 2880 2292
4809 2 2 1 1 1871 2880 1677
4810 2 2 1 1 2220 2845 1352
4811 2 2 1 1 1709 3136 268
4812 2 2 1 1 397 1713 1712
4813 2 2 1 1 2909 3034 1306
4814 2 2 1 1 2902 3119 411
4815 2 2 1 1 1650 2882 2706
4816 2 2 1 1 299 1916 1910
4817 2 2 1 1 255 2846 254
4818 2 2 1 1 1441 2834 1439
4819 2 2 1 1 1892 3051 2617
4820 2 2 1 1 2832 2913 1845
4821 2 2 1 1 1960 2920 421
4822 2 2 1 1 1447 2875 469
4823 2 2 1 1 2092 2884 2093
4824 2 2 1 1 306 2885 305
4825 2 2 1 1 2275 2847 1487
4826 2 2 1 1 396 2886 179
4827 2 2 1 1 1837 3082 1906
4828 2 2 1 1 2036 2861 2828
4829 2 2 1 1 2017 3091 2471
4830 2 2 1 1 361 2890 331
4831 2 2 1 1 330 2890 2483
4832 2 2 1 1 1861 3100 2383
4833 2 2 1 1 1883 3061 1808
4834 2 2 1 1 2617 3049 1892
4835 2 2 1 1 1429 3148 1827
4836 2 2 1 1 2955 3102 464
4837 2 2 1 1 1344 2848 1213
4838 2 2 1 1 2845 2855 1352
4839 2 2 1 1 2086 3017 211
4840 2 2 1 1 1921 2997 1633
4841 2 2 1 1 2981 3059 1456
4842 2 2 1 1 1808 3061 1860
4843 2 2 1 1 1411 2901 1977
4844 2 2 1 1 1797 3021 2471
4845 2 2 1 1 435 2898 2372
4846 2 2 1 1 1793 3089 2905
4847 2 2 1 1 2144 2849 1639
4848 2 2 1 1 1823 2900 1459
4849 2 2 1 1 2695 2900 1609
4850 2 2 1 1 1472 2901 1316
4851 2 2 1 1 1318 2901 1411
4852 2 2 1 1 377 3100 2022
4853 2 2 1 1 1653 2851 2625
4854 2 2 1 1 2434 2881 1953
4855 2 2 1 1 1657 2852 1638
4856 2 2 1 1 417 1898 1838
4857 2 2 1 1 2385 3093 2663
4858 2 2 1 1 2840 2935 361
4859 2 2 1 1 198 2853 197
4860 2 2 1 1 1469 2854 1470
4861 2 2 1 1 1793 2905 1458
4862 2 2 1 1 1794 2962 1957
4863 2 2 1 1 439 2906 313
4864 2 2 1 1 312 2906 364
4865 2 2 1 1 2362 2907 163
4866 2 2 1 1 162 2907 363
4867 2 2 1 1 1352 2855 1251
4868 2 2 1 1 1912 2968 1905
4869 2 2 1 1 2045 2904 2042
4870 2 2 1 1 2126 2908 1859
4871 2 2 1 1 2077 2908 2044
4872 2 2 1 1 1984 2974 2886
4873 2 2 1 1 2871 3030 222
4874 2 2 1 1 2033 2894 459
4875 2 2 1 1 2145 2944 427
4876 2 2 1 1 1636 3002 2859
4877 2 2 1 1 2084 2857 2086
4878 2 2 1 1 347 1456 1454
4879 2 2 1 1 1454 1455 1430
4880 2 2 1 1 382 2832 1845
4881 2 2 1 1 1662 2898 2461
4882 2 2 1 1 2065 3085 2343
4883 2 2 1 1 2086 3122 2085
4884 2 2 1 1 309 2858 308
4885 2 2 1 1 2391 2912 2366
4886 2 2 1 1 1499 3006 1942
4887 2 2 1 1 381 3075 1922
4888 2 2 1 1 1919 2915 2062
4889 2 2 1 1 1973 2870 1863
4890 2 2 1 1 1295 2916 1296
4891 2 2 1 1 2065 2892 2063
4892 2 2 1 1 1805 3089 359
4893 2 2 1 1 1953 2881 1642
4894 2 2 1 1 2864 3125 1608
4895 2 2 1 1 2624 2919 2626
4896 2 2 1 1 2823 2918 1447
4897 2 2 1 1 2948 3001 391
4898 2 2 1 1 2930 2964 2350
4899 2 2 1 1 1672 2920 1960
4900 2 2 1 1 1830 2920 1663
4901 2 2 1 1 1861 2922 1671
4902 2 2 1 1 1937 1938 128
4903 2 2 1 1 1701 2894 1702
4904 2 2 1 1 2821 2859 1876
4905 2 2 1 1 1464 3117 1841
4906 2 2 1 1 1309 2924 1771
4907 2 2 1 1 2070 2924 1321
4908 2 2 1 1 325 2860 324
4909 2 2 1 1 1691 2861 1693
4910 2 2 1 1 1913 2968 1912
4911 2 2 1 1 1461 1834 1460
4912 2 2 1 1 2718 2926 2003
4913 2 2 1 1 1866 2926 1674
4914 2 2 1 1 379 1917 1892
4915 2 2 1 1 1856 2862 2458
4916 2 2 1 1 1968 2930 378
4917 2 2 1 1 250 2928 249
4918 2 2 1 1 2637 2863 1328
4919 2 2 1 1 1911 2929 1682
4920 2 2 1 1 1684 2929 1847
4921 2 2 1 1 2396 2932 1307
4922 2 2 1 1 378 2930 187
4923 2 2 1 1 186 2930 2350
4924 2 2 1 1 1904 2935 2840
4925 2 2 1 1 2834 3135 419
4926 2 2 1 1 1894 1895 373
4927 2 2 1 1 1606 2864 1605
4928 2 2 1 1 1466 2865 1468
4929 2 2 1 1 1754 3012 2848
4930 2 2 1 1 1090 2932 1169
4931 2 2 1 1 375 2949 1914
4932 2 2 1 1 2626 2933 1700
4933 2 2 1 1 1708 2935 1680
4934 2 2 1 1 1642 2881 1796
4935 2 2 1 1 2889 2990 1827
4936 2 2 1 1 2029 2936 1056
4937 2 2 1 1 1479 2937 1308
4938 2 2 1 1 1138 2937 2029
4939 2 2 1 1 1059 2936 1323
4940 2 2 1 1 462 2867 295
4941 2 2 1 1 458 2868 246
4942 2 2 1 1 341 2866 459
4943 2 2 1 1 1942 3098 1499
4944 2 2 1 1 441 3120 1912
4945 2 2 1 1 1169 2940 2751
4946 2 2 1 1 377 2941 230
4947 2 2 1 1 229 2941 443
4948 2 2 1 1 2824 2952 2067
4949 2 2 1 1 1803 2948 2340
4950 2 2 1 1 273 2987 272
4951 2 2 1 1 1973 2943 1451
4952 2 2 1 1 439 3087 1943
4953 2 2 1 1 157 2944 362
4954 2 2 1 1 427 2944 158
4955 2 2 1 1 172 2945 171
4956 2 2 1 1 1947 3115 1390
4957 2 2 1 1 376 3021 2846
4958 2 2 1 1 410 2952 2824
4959 2 2 1 1 1890 3059 2981
4960 2 2 1 1 1659 1660 349
4961 2 2 1 1 398 2871 223
4962 2 2 1 1 2085 2947 1821
4963 2 2 1 1 2990 2993 1827
4964 2 2 1 1 1666 3005 2481
4965 2 2 1 1 2575 2949 337
4966 2 2 1 1 336 2949 375
4967 2 2 1 1 2384 2951 2349
4968 2 2 1 1 2066 2952 2069
4969 2 2 1 1 2088 2953 2089
4970 2 2 1 1 2007 2953 2006
4971 2 2 1 1 1395 3033 2844
4972 2 2 1 1 388 2873 201
4973 2 2 1 1 396 3144 1940
4974 2 2 1 1 2081 3141 2396
4975 2 2 1 1 469 2875 467
4976 2 2 1 1 440 2961 2035
4977 2 2 1 1 2340 2948 2341
4978 2 2 1 1 2521 2956 2303
4979 2 2 1 1 1849 2874 1436
4980 2 2 1 1 267 2957 266
4981 2 2 1 1 2682 2958 2646
4982 2 2 1 1 2017 2903 2015
4983 2 2 1 1 1456 3059 2869
4984 2 2 1 1 302 2960 301
4985 2 2 1 1 1419 2917 1947
4986 2 2 1 1 2137 2876 2188
4987 2 2 1 1 2676 2927 1822
4988 2 2 1 1 1644 2877 2648
4989 2 2 1 1 372 1920 54
4990 2 2 1 1 2035 2961 2034
4991 2 2 1 1 1707 2961 1828
4992 2 2 1 1 148 2879 147
4993 2 2 1 1 1711 1865 404
4994 2 2 1 1 2063 2892 1715
4995 2 2 1 1 1957 2962 2749
4996 2 2 1 1 2668 3090 2739
4997 2 2 1 1 2015 2903 2016
4998 2 2 1 1 1393 2963 1392
4999 2 2 1 1 1660 1814 349
5000 2 2 1 1 1677 2880 1676
5001 2 2 1 1 2870 2991 2914
5002 2 2 1 1 351 2965 316
5003 2 2 1 1 1095 2967 1633
5004 2 2 1 1 1323 2967 1061
5005 2 2 1 1 2073 3086 423
5006 2 2 1 1 2786 2968 1393
5007 2 2 1 1 421 3105 1960
5008 2 2 1 1 2007 3079 2953
5009 2 2 1 1 1702 2894 2033
5010 2 2 1 1 1865 2917 404
5011 2 2 1 1 1827 2993 1632
5012 2 2 1 1 1455 2878 2832
5013 2 2 1 1 1152 2881 2434
5014 2 2 1 1 2859 3002 1839
5015 2 2 1 1 177 2974 400
5016 2 2 1 1 1857 2882 1650
5017 2 2 1 1 368 1425 1424
5018 2 2 1 1 1850 3113 468
5019 2 2 1 1 1816 2909 1873
5020 2 2 1 1 1919 3023 366
5021 2 2 1 1 1705 2980 292
5022 2 2 1 1 291 2980 457
5023 2 2 1 1 2292 3030 2871
5024 2 2 1 1 419 3135 1839
5025 2 2 1 1 2365 2958 2833
5026 2 2 1 1 1894 3125 2864
5027 2 2 1 1 251 2983 250
5028 2 2 1 1 2288 2975 358
5029 2 2 1 1 1879 2884 2092
5030 2 2 1 1 2395 2932 2396
5031 2 2 1 1 2484 3101 2093
5032 2 2 1 1 1870 3059 1818
5033 2 2 1 1 2320 2921 452
5034 2 2 1 1 305 2885 401
5035 2 2 1 1 2404 2989 2403
5036 2 2 1 1 1874 2990 1559
5037 2 2 1 1 1876 2979 1875
5038 2 2 1 1 1818 3059 1890
5039 2 2 1 1 179 2886 178
5040 2 2 1 1 2032 2994 2031
5041 2 2 1 1 1829 2994 1896
5042 2 2 1 1 347 2981 1456
5043 2 2 1 1 2905 3089 1805
5044 2 2 1 1 2848 3012 1873
5045 2 2 1 1 1135 2998 2236
5046 2 2 1 1 1907 3001 1800
5047 2 2 1 1 169 3003 434
5048 2 2 1 1 370 3003 170
5049 2 2 1 1 1890 3054 345
5050 2 2 1 1 1900 3022 1899
5051 2 2 1 1 181 3037 2831
5052 2 2 1 1 1954 1955 384
5053 2 2 1 1 1560 2889 2384
5054 2 2 1 1 2200 3005 1666
5055 2 2 1 1 1501 3006 1499
5056 2 2 1 1 2638 2939 411
5057 2 2 1 1 442 3009 253
5058 2 2 1 1 252 3009 374
5059 2 2 1 1 2315 3010 978
5060 2 2 1 1 331 2890 330
5061 2 2 1 1 1974 2887 1712
5062 2 2 1 1 1675 3004 2546
5063 2 2 1 1 2846 3021 1880
5064 2 2 1 1 1807 1964 405
5065 2 2 1 1 1806 1808 1807
5066 2 2 1 1 1848 2891 1849
5067 2 2 1 1 2833 2958 1457
5068 2 2 1 1 210 3017 383
5069 2 2 1 1 224 3018 398
5070 2 2 1 1 2331 2892 432
5071 2 2 1 1 2844 3033 2423
5072 2 2 1 1 467 2976 466
5073 2 2 1 1 2398 3025 2397
5074 2 2 1 1 1455 2893 2878
5075 2 2 1 1 2668 3028 2309
5076 2 2 1 1 221 3030 422
5077 2 2 1 1 1652 3033 1394
5078 2 2 1 1 2831 3037 1866
5079 2 2 1 1 2984 3025 1975
5080 2 2 1 1 436 3037 182
5081 2 2 1 1 392 3038 190
5082 2 2 1 1 2482 3041 2480
5083 2 2 1 1 279 3042 1969
5084 2 2 1 1 463 3042 280
5085 2 2 1 1 2143 3045 2142
5086 2 2 1 1 2303 3046 1364
5087 2 2 1 1 1573 3007 1084
5088 2 2 1 1 1903 3055 1902
5089 2 2 1 1 2617 3051 2180
5090 2 2 1 1 459 2894 2557
5091 2 2 1 1 1712 3048 409
5092 2 2 1 1 2089 2895 1472
5093 2 2 1 1 2035 3080 440
5094 2 2 1 1 2388 2896 454
5095 2 2 1 1 364 3107 1978
5096 2 2 1 1 2045 2992 2904
5097 2 2 1 1 2069 3081 2071
5098 2 2 1 1 368 2969 1434
5099 2 2 1 1 364 3063 311
5100 2 2 1 1 310 3063 438
5101 2 2 1 1 1959 3026 1927
5102 2 2 1 1 245 3065 115
5103 2 2 1 1 117 3066 293
5104 2 2 1 1 294 3066 117
5105 2 2 1 1 115 3065 195
5106 2 2 1 1 196 3064 116
5107 2 2 1 1 116 3064 342
5108 2 2 1 1 2072 3062 390
5109 2 2 1 1 2474 3067 1028
5110 2 2 1 1 1026 3067 1135
5111 2 2 1 1 1471 3130 2402
5112 2 2 1 1 2878 2913 2832
5113 2 2 1 1 1645 3144 1866
5114 2 2 1 1 1710 2893 1455
5115 2 2 1 1 2486 3141 365
5116 2 2 1 1 2396 3141 2394
5117 2 2 1 1 1445 3140 2709
5118 2 2 1 1 2478 2898 435
5119 2 2 1 1 297 3073 2621
5120 2 2 1 1 2477 3139 2478
5121 2 2 1 1 1925 3015 1926
5122 2 2 1 1 2420 3077 2594
5123 2 2 1 1 2737 2904 357
5124 2 2 1 1 307 3079 306
5125 2 2 1 1 322 3080 355
5126 2 2 1 1 440 3080 323
5127 2 2 1 1 1665 3077 2946
5128 2 2 1 1 1986 3084 1985
5129 2 2 1 1 2064 3085 2065
5130 2 2 1 1 1853 3085 2629
5131 2 2 1 1 423 3086 149
5132 2 2 1 1 314 3087 439
5133 2 2 1 1 2422 3124 2373
5134 2 2 1 1 2076 3123 2077
5135 2 2 1 1 212 3122 211
5136 2 2 1 1 375 3120 335
5137 2 2 1 1 334 3120 441
5138 2 2 1 1 1784 3091 2017
5139 2 2 1 1 1797 3091 2793
5140 2 2 1 1 1459 2900 2695
5141 2 2 1 1 1390 3115 1391
5142 2 2 1 1 173 3095 172
5143 2 2 1 1 1467 3117 1464
5144 2 2 1 1 274 3097 273
5145 2 2 1 1 1499 3098 1497
5146 2 2 1 1 2022 3100 2802
5147 2 2 1 1 2523 3101 1708
5148 2 2 1 1 2093 3101 2091
5149 2 2 1 1 452 3105 288
5150 2 2 1 1 287 3105 421
5151 2 2 1 1 1638 3049 2617
5152 2 2 1 1 2873 3011 1852
5153 2 2 1 1 1888 3082 1837
5154 2 2 1 1 1316 2901 1318
5155 2 2 1 1 2684 3043 1046
5156 2 2 1 1 409 3048 1915
5157 2 2 1 1 2514 2996 447
5158 2 2 1 1 468 3113 1792
5159 2 2 1 1 1854 2918 369
5160 2 2 1 1 2829 3060 2147
5161 2 2 1 1 1915 2976 413
5162 2 2 1 1 1866 3144 2831
5163 2 2 1 1 1888 3031 2854
5164 2 2 1 1 87 3078 88
5165 2 2 1 1 2332 2903 424
5166 2 2 1 1 147 3069 114
5167 2 2 1 1 114 3069 244
5168 2 2 1 1 389 2927 1961
5169 2 2 1 1 2481 3005 351
5170 2 2 1 1 1865 3111 2917
5171 2 2 1 1 2081 3039 365
5172 2 2 1 1 2042 2904 2737
5173 2 2 1 1 381 2850 1647
5174 2 2 1 1 2646 3088 2123
5175 2 2 1 1 2881 2951 1796
5176 2 2 1 1 1963 3018 1962
5177 2 2 1 1 1701 2982 2894
5178 2 2 1 1 357 2904 2363
5179 2 2 1 1 134 3078 63
5180 2 2 1 1 2372 2972 386
5181 2 2 1 1 1458 2905 1670
5182 2 2 1 1 1657 2962 2852
5183 2 2 1 1 2001 3070 1887
5184 2 2 1 1 458 2872 2868
5185 2 2 1 1 313 2906 312
5186 2 2 1 1 163 2907 162
5187 2 2 1 1 2044 2908 2126
5188 2 2 1 1 1819 3016 1817
5189 2 2 1 1 1390 3015 1947
5190 2 2 1 1 2684 3076 3043
5191 2 2 1 1 2905 2911 1670
5192 2 2 1 1 1463 3130 1471
5193 2 2 1 1 1811 2939 1810
5194 2 2 1 1 39 1661 1658
5195 2 2 1 1 406 2928 2135
5196 2 2 1 1 1810 2939 2638
5197 2 2 1 1 383 3017 2857
5198 2 2 1 1 276 3143 2970
5199 2 2 1 1 1641 2834 419
5200 2 2 1 1 2318 2947 399
5201 2 2 1 1 2822 3113 343
5202 2 2 1 1 1804 2964 1979
5203 2 2 1 1 2383 3100 377
5204 2 2 1 1 2474 3014 1835
5205 2 2 1 1 2861 2950 429
5206 2 2 1 1 2960 3116 1868
5207 2 2 1 1 2319 3110 425
5208 2 2 1 1 1670 2911 1824
5209 2 2 1 1 1795 2946 1843
5210 2 2 1 1 2975 3093 358
5211 2 2 1 1 390 2912 2391
5212 2 2 1 1 1152 2951 2881
5213 2 2 1 1 1296 2913 2164
5214 2 2 1 1 1435 2946 2838
5215 2 2 1 1 1581 3076 2684
5216 2 2 1 1 2683 3027 1678
5217 2 2 1 1 2062 2915 1858
5218 2 2 1 1 425 3110 2829
5219 2 2 1 1 1917 3051 1892
5220 2 2 1 1 1691 2950 2861
5221 2 2 1 1 2154 2916 1295
5222 2 2 1 1 1708 3000 2935
5223 2 2 1 1 130 2888 55
5224 2 2 1 1 1976 3107 1952
5225 2 2 1 1 1961 2927 2676
5226 2 2 1 1 275 2970 1897
5227 2 2 1 1 445 2993 2978
5228 2 2 1 1 1844 2918 2823
5229 2 2 1 1 2898 2972 2372
5230 2 2 1 1 2625 2919 2624
5231 2 2 1 1 2927 3083 1822
5232 2 2 1 1 1906 2959 414
5233 2 2 1 1 1663 2920 1672
5234 2 2 1 1 2970 3143 1867
5235 2 2 1 1 1930 2921 1958
5236 2 2 1 1 2874 3007 1573
5237 2 2 1 1 2135 2928 2136
5238 2 2 1 1 2838 2946 1795
5239 2 2 1 1 1671 2922 2001
5240 2 2 1 1 1879 2975 2884
5241 2 2 1 1 2886 2974 178
5242 2 2 1 1 2885 2977 401
5243 2 2 1 1 1712 2942 397
5244 2 2 1 1 2854 3031 2914
5245 2 2 1 1 1968 2964 2930
5246 2 2 1 1 380 1883 1846
5247 2 2 1 1 2903 3039 2016
5248 2 2 1 1 1321 2924 1309
5249 2 2 1 1 388 3011 2873
5250 2 2 1 1 2892 3023 1715
5251 2 2 1 1 2944 3045 362
5252 2 2 1 1 458 3020 2872
5253 2 2 1 1 1922 3092 381
5254 2 2 1 1 1674 2926 2718
5255 2 2 1 1 2389 2927 389
5256 2 2 1 1 420 1441 1439
5257 2 2 1 1 462 3022 1948
5258 2 2 1 1 1560 2990 2889
5259 2 2 1 1 2393 3114 2395
5260 2 2 1 1 2402 3130 1465
5261 2 2 1 1 1431 1649 1432
5262 2 2 1 1 2894 2982 2557
5263 2 2 1 1 2831 3144 396
5264 2 2 1 1 1282 3014 2474
5265 2 2 1 1 249 2928 406
5266 2 2 1 1 2891 3036 1895
5267 2 2 1 1 2972 3090 386
5268 2 2 1 1 1959 2956 1066
5269 2 2 1 1 1422 3127 1423
5270 2 2 1 1 1682 2929 1684
5271 2 2 1 1 187 2930 186
5272 2 2 1 1 2974 3084 400
5273 2 2 1 1 2492 3015 1390
5274 2 2 1 1 457 2931 2320
5275 2 2 1 1 1633 2997 1718
5276 2 2 1 1 2979 3103 1875
5277 2 2 1 1 2143 3139 3045
5278 2 2 1 1 1307 2932 1090
5279 2 2 1 1 2854 2914 1470
5280 2 2 1 1 1700 2933 1856
5281 2 2 1 1 2331 3023 2892
5282 2 2 1 1 148 3086 2879
5283 2 2 1 1 1680 2935 1904
5284 2 2 1 1 1656 1868 449
5285 2 2 1 1 1056 2936 1059
5286 2 2 1 1 1308 2937 1138
5287 2 2 1 1 356 2847 1661
5288 2 2 1 1 276 2970 275
5289 2 2 1 1 2904 2992 2363
5290 2 2 1 1 1690 2950 1691
5291 2 2 1 1 2154 2997 1649
5292 2 2 1 1 2917 3111 1706
5293 2 2 1 1 2751 2940 1826
5294 2 2 1 1 230 2941 229
5295 2 2 1 1 2978 2993 1874
5296 2 2 1 1 278 3068 277
5297 2 2 1 1 1834 3014 2709
5298 2 2 1 1 1910 3073 298
5299 2 2 1 1 393 1850 468
5300 2 2 1 1 2047 2992 2045
5301 2 2 1 1 1451 2943 1594
5302 2 2 1 1 158 2944 157
5303 2 2 1 1 171 2945 370
5304 2 2 1 1 1856 3127 2862
5305 2 2 1 1 2953 3079 371
5306 2 2 1 1 1946 3083 443
5307 2 2 1 1 2332 3039 2903
5308 2 2 1 1 1855 2934 1894
5309 2 2 1 1 1718 2997 2154
5310 2 2 1 1 2931 3055 1903
5311 2 2 1 1 1821 2947 1836
5312 2 2 1 1 1801 2948 1803
5313 2 2 1 1 337 2949 336
5314 2 2 1 1 1652 3124 3033
5315 2 2 1 1 429 2950 2482
5316 2 2 1 1 2164 2913 2878
5317 2 2 1 1 1907 3095 3001
5318 2 2 1 1 2444 3062 2068
5319 2 2 1 1 2349 2951 1152
5320 2 2 1 1 2067 2952 2066
5321 2 2 1 1 2318 3104 2947
5322 2 2 1 1 2919 3131 1423
5323 2 2 1 1 419 1839 1648
5324 2 2 1 1 1844 3008 2918
5325 2 2 1 1 1869 2982 1701
5326 2 2 1 1 2869 3059 1870
5327 2 2 1 1 2006 2953 2088
5328 2 2 1 1 2918 3118 1447
5329 2 2 1 1 1928 2956 1959
5330 2 2 1 1 1886 3035 1804
5331 2 2 1 1 1813 2998 1971
5332 2 2 1 1 1703 3134 2217
5333 2 2 1 1 1066 2956 2521
5334 2 2 1 1 2862 3026 1270
5335 2 2 1 1 266 2957 450
5336 2 2 1 1 1457 2958 2682
5337 2 2 1 1 3008 3103 3057
5338 2 2 1 1 1929 2943 1851
5339 2 2 1 1 1901 2959 1903
5340 2 2 1 1 461 2960 302
5341 2 2 1 1 1465 2986 2402
5342 2 2 1 1 2915 3074 1858
5343 2 2 1 1 2390 3070 431
5344 2 2 1 1 1973 3147 2943
5345 2 2 1 1 2034 2961 1707
5346 2 2 1 1 2171 3029 385
5347 2 2 1 1 358 3093 2385
5348 2 2 1 1 448 3131 2625
5349 2 2 1 1 2749 2962 1657
5350 2 2 1 1 1675 3137 3004
5351 2 2 1 1 1447 3118 2875
5352 2 2 1 1 1979 2964 1968
5353 2 2 1 1 2575 3094 2354
5354 2 2 1 1 1679 3056 1871
5355 2 2 1 1 409 1915 413
5356 2 2 1 1 1392 2963 1761
5357 2 2 1 1 2621 3022 462
5358 2 2 1 1 316 2965 315
5359 2 2 1 1 2709 3014 1282
5360 2 2 1 1 1801 3001 2948
5361 2 2 1 1 1061 2967 1095
5362 2 2 1 1 1634 3142 1291
5363 2 2 1 1 1662 2972 2898
5364 2 2 1 1 2362 3109 2049
5365 2 2 1 1 1905 2968 2786
5366 2 2 1 1 2863 3027 2683
5367 2 2 1 1 417 1838 1709
5368 2 2 1 1 2389 3083 2927
5369 2 2 1 1 301 3044 300
5370 2 2 1 1 273 3097 2842
5371 2 2 1 1 2958 3088 2646
5372 2 2 1 1 1852 3011 1853
5373 2 2 1 1 2217 3024 444
5374 2 2 1 1 2354 3132 2575
5375 2 2 1 1 409 2942 1712
5376 2 2 1 1 1804 3035 2964
5377 2 2 1 1 2047 3109 2992
5378 2 2 1 1 1971 2998 1972
5379 2 2 1 1 1864 2972 1662
5380 2 2 1 1 178 2974 177
5381 2 2 1 1 2952 3081 2069
5382 2 2 1 1 1878 2975 1879
5383 2 2 1 1 2320 2931 2921
5384 2 2 1 1 1886 3138 3035
5385 2 2 1 1 1839 3002 1648
5386 2 2 1 1 401 2977 2404
5387 2 2 1 1 292 2980 291
5388 2 2 1 1 2546 3004 2851
5389 2 2 1 1 65 1711 404
5390 2 2 1 1 2557 2982 402
5391 2 2 1 1 346 1421 1420
5392 2 2 1 1 1679 3108 1964
5393 2 2 1 1 1643 3068 1969
5394 2 2 1 1 374 2983 251
5395 2 2 1 1 353 1646 1427
5396 2 2 1 1 3047 3096 1917
5397 2 2 1 1 386 3090 2668
5398 2 2 1 1 447 2996 2401
5399 2 2 1 1 1869 3094 2982
5400 2 2 1 1 359 3089 1929
5401 2 2 1 1 2906 3040 364
5402 2 2 1 1 1880 3021 1797
5403 2 2 1 1 1713 2984 1975
5404 2 2 1 1 1863 3147 1973
5405 2 2 1 1 51 2897 126
5406 2 2 1 1 135 1798 64
5407 2 2 1 1 96 1424 353
5408 2 2 1 1 352 1632 83
5409 2 2 1 1 368 1424 95
5410 2 2 1 1 382 1845 1431
5411 2 2 1 1 347 1454 1430
5412 2 2 1 1 2068 3062 2072
5413 2 2 1 1 467 3053 393
5414 2 2 1 1 2403 2989 461
5415 2 2 1 1 1559 2990 1560
5416 2 2 1 1 1947 3015 1925
5417 2 2 1 1 1465 3130 1462
5418 2 2 1 1 2363 2992 426
5419 2 2 1 1 466 3053 467
5420 2 2 1 1 268 3112 1709
5421 2 2 1 1 2865 2996 1830
5422 2 2 1 1 1848 3036 2891
5423 2 2 1 1 405 1964 1842
5424 2 2 1 1 1806 1846 1808
5425 2 2 1 1 2947 3104 1836
5426 2 2 1 1 2031 2994 1829
5427 2 2 1 1 361 3000 2890
5428 2 2 1 1 381 1647 36
5429 2 2 1 1 1084 3007 2714
5430 2 2 1 1 2236 2998 1813
5431 2 2 1 1 44 2981 347
5432 2 2 1 1 2985 3050 2911
5433 2 2 1 1 1800 3001 1801
5434 2 2 1 1 2672 3002 1636
5435 2 2 1 1 170 3003 169
5436 2 2 1 1 1452 3142 1950
5437 2 2 1 1 1945 3005 2200
5438 2 2 1 1 1831 3006 1501
5439 2 2 1 1 1822 3083 1946
5440 2 2 1 1 1827 3148 2889
5441 2 2 1 1 1969 3058 1643
5442 2 2 1 1 1875 3008 1844
5443 2 2 1 1 1931 3026 2862
5444 2 2 1 1 126 448 52
5445 2 2 1 1 1969 3068 278
5446 2 2 1 1 253 3009 252
5447 2 2 1 1 52 2925 127
5448 2 2 1 1 127 354 53
5449 2 2 1 1 978 3010 2662
5450 2 2 1 1 1966 3072 1965
5451 2 2 1 1 141 2923 93
5452 2 2 1 1 2395 3114 2940
5453 2 2 1 1 84 1632 445
5454 2 2 1 1 423 3106 2073
5455 2 2 1 1 3010 3012 2662
5456 2 2 1 1 2016 3039 2081
5457 2 2 1 1 1649 2997 1921
5458 2 2 1 1 1715 3023 1919
5459 2 2 1 1 3024 3133 444
5460 2 2 1 1 2965 3087 315
5461 2 2 1 1 2343 3011 388
5462 2 2 1 1 1949 3071 1948
5463 2 2 1 1 2662 3012 1754
5464 2 2 1 1 1817 3016 1820
5465 2 2 1 1 348 2962 1794
5466 2 2 1 1 411 3119 2638
5467 2 2 1 1 3050 3116 1824
5468 2 2 1 1 211 3017 210
5469 2 2 1 1 1964 3108 1954
5470 2 2 1 1 2672 3128 344
5471 2 2 1 1 1864 3090 2972
5472 2 2 1 1 225 3018 224
5473 2 2 1 1 1915 3048 3032
5474 2 2 1 1 1878 3093 2975
5475 2 2 1 1 1835 3014 1834
5476 2 2 1 1 2875 3118 1885
5477 2 2 1 1 3072 3145 1965
5478 2 2 1 1 1659 3034 1660
5479 2 2 1 1 2544 3020 458
5480 2 2 1 1 92 373 141
5481 2 2 1 1 1950 3096 1934
5482 2 2 1 1 2982 3094 402
5483 2 2 1 1 2471 3021 376
5484 2 2 1 1 1948 3022 1900
5485 2 2 1 1 1927 3026 1931
5486 2 2 1 1 366 3023 2331
5487 2 2 1 1 2096 3024 1833
5488 2 2 1 1 2397 3025 463
5489 2 2 1 1 2935 3000 361
5490 2 2 1 1 2867 3066 294
5491 2 2 1 1 2868 3065 245
5492 2 2 1 1 342 3064 2866
5493 2 2 1 1 451 2995 2839
5494 2 2 1 1 124 2966 37
5495 2 2 1 1 267 3136 2957
5496 2 2 1 1 2851 3004 354
5497 2 2 1 1 2309 3028 2310
5498 2 2 1 1 119 2910 8
5499 2 2 1 1 1955 3027 2863
5500 2 2 1 1 222 3030 221
5501 2 2 1 1 1952 3040 1944
5502 2 2 1 1 354 1937 53
5503 2 2 1 1 1394 3033 1395
5504 2 2 1 1 2978 3111 1865
5505 2 2 1 1 2350 3035 394
5506 2 2 1 1 1046 3043 2315
5507 2 2 1 1 137 2954 397
5508 2 2 1 1 2992 3109 426
5509 2 2 1 1 2912 3062 2444
5510 2 2 1 1 1952 3107 3040
5511 2 2 1 1 2145 3045 2944
5512 2 2 1 1 1423 3127 2933
5513 2 2 1 1 182 3037 181
5514 2 2 1 1 190 3038 189
5515 2 2 1 1 365 3039 2332
5516 2 2 1 1 2480 3041 2481
5517 2 2 1 1 2859 2979 1876
5518 2 2 1 1 280 3042 279
5519 2 2 1 1 2049 3109 2047
5520 2 2 1 1 2142 3045 2145
5521 2 2 1 1 360 1461 1460
5522 2 2 1 1 412 1465 1462
5523 2 2 1 1 1364 3046 2492
5524 2 2 1 1 425 3104 2318
5525 2 2 1 1 385 3029 2843
5526 2 2 1 1 379 1892 1891
5527 2 2 1 1 2180 3051 1634
5528 2 2 1 1 359 1929 1851
5529 2 2 1 1 1871 3056 2896
5530 2 2 1 1 1902 3055 1949
5531 2 2 1 1 1965 3145 1877
5532 2 2 1 1 2354 3094 1869
5533 2 2 1 1 2003 3138 1886
5534 2 2 1 1 2875 2976 467
5535 2 2 1 1 2147 3060 1508
5536 2 2 1 1 1980 2966 1647
5537 2 2 1 1 2401 2996 2865
5538 2 2 1 1 3035 3138 394
5539 2 2 1 1 2829 3104 425
5540 2 2 1 1 244 3069 1444
5541 2 2 1 1 311 3063 310
5542 2 2 1 1 2857 3017 2086
5543 2 2 1 1 2033 3129 2032
5544 2 2 1 1 1704 3064 196
5545 2 2 1 1 195 3065 1703
5546 2 2 1 1 293 3066 1705
5547 2 2 1 1 1632 2993 445
5548 2 2 1 1 1028 3067 1026
5549 2 2 1 1 2096 3133 3024
5550 2 2 1 1 1854 3118 2918
5551 2 2 1 1 2310 3106 423
5552 2 2 1 1 1885 3118 1854
5553 2 2 1 1 1855 1894 373
5554 2 2 1 1 3043 3076 1820
5555 2 2 1 1 1462 3130 1463
5556 2 2 1 1 1954 3027 1955
5557 2 2 1 1 416 3145 3072
5558 2 2 1 1 354 2925 2851
5559 2 2 1 1 416 3072 2319
5560 2 2 1 1 298 3073 297
5561 2 2 1 1 1934 2971 1714
5562 2 2 1 1 1291 3142 1452
5563 2 2 1 1 35 3075 381
5564 2 2 1 1 1820 3076 1870
5565 2 2 1 1 1858 3074 1857
5566 2 2 1 1 2843 3114 2393
5567 2 2 1 1 444 3133 2835
5568 2 2 1 1 2830 3138 2003
5569 2 2 1 1 1843 3077 2420
5570 2 2 1 1 1922 3075 1432
5571 2 2 1 1 2989 3116 461
5572 2 2 1 1 2575 3132 2949
5573 2 2 1 1 1935 2991 2870
5574 2 2 1 1 371 3079 307
5575 2 2 1 1 323 3080 322
5576 2 2 1 1 2261 3081 410
5577 2 2 1 1 397 2954 1713
5578 2 2 1 1 2917 3115 1947
5579 2 2 1 1 443 3083 2389
5580 2 2 1 1 2946 3077 1843
5581 2 2 1 1 1985 3084 1984
5582 2 2 1 1 36 1647 124
5583 2 2 1 1 2629 3085 2064
5584 2 2 1 1 1924 3092 1922
5585 2 2 1 1 3007 3146 2714
5586 2 2 1 1 431 3070 2922
5587 2 2 1 1 149 3086 148
5588 2 2 1 1 1706 3111 1874
5589 2 2 1 1 315 3087 314
5590 2 2 1 1 2366 3088 2365
5591 2 2 1 1 1978 3107 1976
5592 2 2 1 1 2739 3090 1864
5593 2 2 1 1 1849 3146 3007
5594 2 2 1 1 2793 3091 1784
5595 2 2 1 1 2663 3093 1878
5596 2 2 1 1 1812 3128 2672
5597 2 2 1 1 402 3094 2575
5598 2 2 1 1 2964 3035 2350
5599 2 2 1 1 391 3095 173
5600 2 2 1 1 1897 3097 274
5601 2 2 1 1 1497 3098 1675
5602 2 2 1 1 2914 2991 1470
5603 2 2 1 1 2802 3100 1861
5604 2 2 1 1 2091 3101 2523
5605 2 2 1 1 1441 3103 2979
5606 2 2 1 1 288 3105 287
5607 2 2 1 1 404 2917 1419
5608 2 2 1 1 1655 3073 1910
5609 2 2 1 1 1849 3007 2874
5610 2 2 1 1 2073 3106 2070
5611 2 2 1 1 1891 3049 2852
5612 2 2 1 1 1678 3108 1679
5613 2 2 1 1 1984 3084 2974
5614 2 2 1 1 2835 3133 1847
5615 2 2 1 1 426 3109 2362
5616 2 2 1 1 1895 2923 373
5617 2 2 1 1 1792 3113 2822
5618 2 2 1 1 1391 3115 1706
5619 2 2 1 1 1470 3117 1467
5620 2 2 1 1 2853 3129 1704
5621 2 2 1 1 1977 3126 1978
5622 2 2 1 1 335 3120 334
5623 2 2 1 1 399 3122 212
5624 2 2 1 1 2051 3123 2076
5625 2 2 1 1 1658 1659 349
5626 2 2 1 1 1814 1815 345
5627 2 2 1 1 2423 3124 2422
5628 2 2 1 1 1608 3125 1811
5629 2 2 1 1 2890 3000 2484
5630 2 2 1 1 2714 3146 1606
5631 2 2 1 1 1877 3145 2836
5632 2 2 1 1 1796 3148 1429
5633 2 2 1 1 1847 3133 2096
5634 2 2 1 1 1836 3104 2829
5635 2 2 1 1 395 1888 1837
5636 2 2 1 1 394 3138 2830
5637 2 2 1 1 362 3139 2477
5638 2 2 1 1 2170 3140 1445
5639 2 2 1 1 2394 3141 2486
5640 2 2 1 1 2836 3145 416
5641 2 2 1 1 277 3143 276
5642 2 2 1 1 1940 3144 1645
5643 2 2 1 1 2914 3031 1863
5644 2 2 1 1 359 1851 20
5645 2 2 1 1 408 3096 3047
5646 2 2 1 1 86 2899 140
5647 2 2 1 1 1920 2888 130
5648 2 2 1 1 1863 3031 1862
5649 2 2 1 1 2852 3049 1638
5650 2 2 1 1 379 3047 1917
5651 2 2 1 1 6 379 7
5652 2 2 1 1 1656 3044 1868
5653 2 2 1 1 2991 3117 1470
5654 2 2 1 1 465 2938 1641
5655 2 2 1 1 415 2999 1901
5656 2 2 1 1 1944 3040 2906
5657 2 2 1 1 2839 2988 451
5658 2 2 1 1 10 1794 343
5659 2 2 1 1 1868 3050 449
5660 2 2 1 1 1918 3099 1909
5661 2 2 1 1 2943 3147 1851
5662 2 2 1 1 2866 3064 1704
5663 2 2 1 1 1705 3066 2867
5664 2 2 1 1 1703 3065 2868
5665 2 2 1 1 1826 3114 2843
5666 2 2 1 1 1955 2902 384
5667 2 2 1 1 2032 3129 2853
5668 2 2 1 1 66 1439 460
5669 2 2 1 1 460 1446 67
5670 2 2 1 1 1446 1867 68
5671 2 2 1 1 2954 2984 1713
5672 2 2 1 1 43 3054 125
5673 2 2 1 1 125 2981 44
5674 2 2 1 1 1711 3102 1865
5675 2 2 1 1 104 451 144
5676 2 2 1 1 1441 3135 2834
5677 2 2 1 1 64 1798 1711
5678 2 2 1 1 2979 3135 1441
5679 2 2 1 1 1414 3048 2887
5680 2 2 1 1 2887 3048 1712
5681 2 2 1 1 2911 3050 1824
5682 2 2 1 1 144 2988 105
5683 2 2 1 1 139 2955 85
5684 2 2 1 1 395 3031 1888
5685 2 2 1 1 84 445 139
5686 2 2 1 1 420 1439 81
5687 2 2 1 1 1867 1893 69
5688 2 2 1 1 1446 2970 1867
5689 2 2 1 1 457 3055 2931
5690 2 2 1 1 1892 3049 1891
5691 2 2 1 1 2887 3019 1414
5692 2 2 1 1 381 3092 2850
5693 2 2 1 1 387 3147 1863
5694 2 2 1 1 63 1939 135
5695 2 2 1 1 25 414 26
5696 2 2 1 1 3045 3139 362
5697 2 2 1 1 412 3019 2887
5698 2 2 1 1 64 1711 65
5699 2 2 1 1 48 346 49
5700 2 2 1 1 50 350 51
5701 2 2 1 1 65 404 47
5702 2 2 1 1 1833 3134 2872
5703 2 2 1 1 2867 3071 1705
5704 2 2 1 1 1444 3069 2879
5705 2 2 1 1 1706 3115 2917
5706 2 2 1 1 2852 2910 1891
5707 2 2 1 1 420 3103 1441
5708 2 2 1 1 94 368 95
5709 2 2 1 1 83 1632 84
5710 2 2 1 1 95 1424 96
5711 2 2 1 1 96 353 97
5712 2 2 1 1 82 352 83
5713 2 2 1 1 93 446 142
5714 2 2 1 1 142 2969 94
5715 2 2 1 1 1875 3103 3008
5716 2 2 1 1 3001 3095 391
5717 2 2 1 1 1937 3137 1938
5718 2 2 1 1 346 1420 49
5719 2 2 1 1 404 1419 47
5720 2 2 1 1 103 344 143
5721 2 2 1 1 2879 3069 147
5722 2 2 1 1 2895 3126 1977
5723 2 2 1 1 410 3081 2952
5724 2 2 1 1 353 1427 97
5725 2 2 1 1 1660 3034 2909
5726 2 2 1 1 3052 3142 1634
5727 2 2 1 1 71 456 72
5728 2 2 1 1 2365 3088 2958
5729 2 2 1 1 143 2973 104
5730 2 2 1 1 1432 3075 34
5731 2 2 1 1 32 1656 449
5732 2 2 1 1 1655 1910 29
5733 2 2 1 1 31 1916 1656
5734 2 2 1 1 1910 1916 30
5735 2 2 1 1 46 382 33
5736 2 2 1 1 35 381 36
5737 2 2 1 1 44 347 45
5738 2 2 1 1 3098 3137 1675
5739 2 2 1 1 449 3050 2985
5740 2 2 1 1 382 1431 33
5741 2 2 1 1 347 1430 45
5742 2 2 1 1 350 2897 51
5743 2 2 1 1 78 1854 79
5744 2 2 1 1 3033 3124 2423
5745 2 2 1 1 3032 3048 1414
5746 2 2 1 1 348 2910 2852
5747 2 2 1 1 3057 3103 420
5748 2 2 1 1 3004 3137 1937
5749 2 2 1 1 103 1648 344
5750 2 2 1 1 1842 1954 384
5751 2 2 1 1 2934 3125 1894
5752 2 2 1 1 453 2934 1855
5753 2 2 1 1 390 3062 2912
5754 2 2 1 1 1917 3096 3052
5755 2 2 1 1 85 464 86
5756 2 2 1 1 1806 1807 405
5757 2 2 1 1 1838 3136 1709
5758 2 2 1 1 1934 3096 2971
5759 2 2 1 1 4 2971 5
5760 2 2 1 1 2973 2995 451
5761 2 2 1 1 99 2842 465
5762 2 2 1 1 101 1641 419
5763 2 2 1 1 419 1648 102
5764 2 2 1 1 465 1641 100
5765 2 2 1 1 407 1805 18
5766 2 2 1 1 1798 3121 2899
5767 2 2 1 1 13 3053 120
5768 2 2 1 1 354 3004 1937
5769 2 2 1 1 17 2985 122
5770 2 2 1 1 122 407 18
5771 2 2 1 1 69 1893 70
5772 2 2 1 1 80 420 81
5773 2 2 1 1 2889 3148 1796
5774 2 2 1 1 123 415 27
5775 2 2 1 1 26 2999 123
5776 2 2 1 1 81 1439 66
5777 2 2 1 1 67 1446 68
5778 2 2 1 1 68 1867 69
5779 2 2 1 1 66 460 67
5780 2 2 1 1 120 466 14
5781 2 2 1 1 387 1863 1862
5782 2 2 1 1 2922 3070 2001
5783 2 2 1 1 1895 3036 2923
5784 2 2 1 1 407 2985 2911
5785 2 2 1 1 1606 3146 2891
5786 2 2 1 1 140 3121 87
5787 2 2 1 1 28 1899 1655
5788 2 2 1 1 1939 3078 87
5789 2 2 1 1 1714 2971 4
5790 2 2 1 1 137 397 73
5791 2 2 1 1 2971 3096 408
5792 2 2 1 1 2899 3121 140
5793 2 2 1 1 2934 3099 1811
5794 2 2 1 1 448 2925 52
5795 2 2 1 1 2891 3146 1849
5796 2 2 1 1 31 1656 32
5797 2 2 1 1 30 1916 31
5798 2 2 1 1 28 1655 29
5799 2 2 1 1 32 449 17
5800 2 2 1 1 29 1910 30
5801 2 2 1 1 2842 3097 465
5802 2 2 1 1 1867 3143 1893
5803 2 2 1 1 2973 3128 2995
5804 2 2 1 1 2957 3136 1838
5805 2 2 1 1 379 1891 7
5806 2 2 1 1 127 2925 354
5807 2 2 1 1 466 3032 14
5808 2 2 1 1 16 3019 412
5809 2 2 1 1 456 2954 72
5810 2 2 1 1 417 1709 108
5811 2 2 1 1 464 3102 2899
5812 2 2 1 1 102 1648 103
5813 2 2 1 1 100 1641 101
5814 2 2 1 1 99 465 100
5815 2 2 1 1 101 419 102
5816 2 2 1 1 98 2842 99
5817 2 2 1 1 403 1714 3
5818 2 2 1 1 360 1460 106
5819 2 2 1 1 412 1462 1
5820 2 2 1 1 15 3019 16
5821 2 2 1 1 93 2923 446
5822 2 2 1 1 2315 3043 3016
5823 2 2 1 1 1811 3125 2934
5824 2 2 1 1 1851 3147 387
5825 2 2 1 1 2625 3131 2919
5826 2 2 1 1 126 2897 448
5827 2 2 1 1 3016 3043 1820
5828 2 2 1 1 414 2999 26
5829 2 2 1 1 121 1414 15
5830 2 2 1 1 14 3032 121
5831 2 2 1 1 73 2942 74
5832 2 2 1 1 2923 3036 446
5833 2 2 1 1 34 3075 35
5834 2 2 1 1 105 360 106
5835 2 2 1 1 108 1709 109
5836 2 2 1 1 107 417 108
5837 2 2 1 1 2 403 3
5838 2 2 1 1 16 412 1
5839 2 2 1 1 3 1714 4
5840 2 2 1 1 2940 3114 1826
5841 2 2 1 1 2933 3127 1856
5842 2 2 1 1 1709 3112 109
5843 2 2 1 1 445 2978 2955
5844 2 2 1 1 118 3047 6
5845 2 2 1 1 5 408 118
5846 2 2 1 1 2842 2987 273
5847 2 2 1 1 1874 3111 2978
5848 2 2 1 1 1891 2910 119
5849 2 2 1 1 98 2987 2842
5850 2 2 1 1 3024 3134 1833
5851 2 2 1 1 2883 3078 134
5852 2 2 1 1 79 369 138
5853 2 2 1 1 138 3057 80
5854 2 2 1 1 2949 3132 1914
5855 2 2 1 1 70 1643 136
5856 2 2 1 1 136 3058 71
5857 2 2 1 1 146 2987 98
5858 2 2 1 1 461 3116 2960
5859 2 2 1 1 272 2987 146
5860 2 2 1 1 2995 3128 1812
5861 2 2 1 1 79 1854 369
5862 2 2 1 1 135 1939 1798
5863 2 2 1 1 6 3047 379
5864 2 2 1 1 1955 3119 2902
5865 2 2 1 1 356 1661 38
5866 2 2 1 1 3052 3096 1950
5867 2 2 1 1 2897 3131 448
5868 2 2 1 1 1939 3121 1798
5869 2 2 1 1 3040 3107 364
5870 2 2 1 1 92 1855 373
5871 2 2 1 1 464 2899 86
5872 2 2 1 1 94 2969 368
5873 2 2 1 1 1893 3068 1643
5874 2 2 1 1 3008 3057 369
5875 2 2 1 1 1966 3110 3072
5876 2 2 1 1 3072 3110 2319
5877 2 2 1 1 104 2973 451
5878 2 2 1 1 373 2923 141
5879 2 2 1 1 109 3112 110
5880 2 2 1 1 384 2902 61
5881 2 2 1 1 2217 3134 3024
5882 2 2 1 1 70 1893 1643
5883 2 2 1 1 395 1837 24
5884 2 2 1 1 1862 3031 395
5885 2 2 1 1 1950 3142 3052
5886 2 2 1 1 91 1855 92
5887 2 2 1 1 90 453 91
5888 2 2 1 1 88 2883 89
5889 2 2 1 1 89 1799 90
5890 2 2 1 1 348 1794 9
5891 2 2 1 1 344 3128 2973
5892 2 2 1 1 1647 2966 124
5893 2 2 1 1 445 2955 139
5894 2 2 1 1 39 1658 40
5895 2 2 1 1 41 1814 42
5896 2 2 1 1 42 345 43
5897 2 2 1 1 37 356 38
5898 2 2 1 1 40 349 41
5899 2 2 1 1 446 2969 142
5900 2 2 1 1 85 2955 464
5901 2 2 1 1 451 2988 144
5902 2 2 1 1 55 2888 380
5903 2 2 1 1 449 2985 17
5904 2 2 1 1 71 3058 456
5905 2 2 1 1 90 1799 453
5906 2 2 1 1 453 1855 91
5907 2 2 1 1 89 2883 1799
5908 2 2 1 1 87 3121 1939
5909 2 2 1 1 413 1885 77
5910 2 2 1 1 344 2973 143
5911 2 2 1 1 125 3054 2981
5912 2 2 1 1 349 1814 41
5913 2 2 1 1 40 1658 349
5914 2 2 1 1 42 1814 345
5915 2 2 1 1 5 2971 408
5916 2 2 1 1 80 3057 420
5917 2 2 1 1 343 3113 1850
5918 2 2 1 1 8 2910 348
5919 2 2 1 1 105 2988 360
5920 2 2 1 1 122 2985 407
5921 2 2 1 1 37 2966 356
5922 2 2 1 1 123 2999 415
5923 2 2 1 1 10 343 11
5924 2 2 1 1 8 348 9
5925 2 2 1 1 11 1850 12
5926 2 2 1 1 12 393 13
5927 2 2 1 1 63 3078 1939
5928 2 2 1 1 345 3054 43
5929 2 2 1 1 60 384 61
5930 2 2 1 1 1414 3019 15
5931 2 2 1 1 56 1846 57
5932 2 2 1 1 57 1806 58
5933 2 2 1 1 55 380 56
5934 2 2 1 1 58 405 59
5935 2 2 1 1 59 1842 60
5936 2 2 1 1 120 3053 466
5937 2 2 1 1 121 3032 1414
5938 2 2 1 1 88 3078 2883
5939 2 2 1 1 23 395 24
5940 2 2 1 1 408 3047 118
5941 2 2 1 1 343 1850 11
5942 2 2 1 1 12 1850 393
5943 2 2 1 1 21 387 22
5944 2 2 1 1 22 1862 23
5945 2 2 1 1 2981 3054 1890
5946 2 2 1 1 369 3057 138
5947 2 2 1 1 1643 3058 136
5948 2 2 1 1 60 1842 384
5949 2 2 1 1 393 3053 13
5950 2 2 1 1 405 1842 59
5951 2 2 1 1 57 1846 1806
5952 2 2 1 1 58 1806 405
5953 2 2 1 1 380 1846 56
5954 2 2 1 1 23 1862 395
5955 2 2 1 1 397 2942 73
5956 2 2 1 1 387 1862 22
5957 2 2 1 1 76 413 77
5958 2 2 1 1 74 2942 409
5959 2 2 1 1 74 409 75
5960 2 2 1 1 75 413 76
5961 2 2 1 1 111 269 270
5962 2 2 1 1 112 270 271
5963 2 2 1 1 113 271 272
5964 2 2 1 1 24 1837 25
5965 2 2 1 1 111 270 145
5966 2 2 1 1 145 270 112
5967 2 2 2 2 10 3155 9
5968 2 2 2 2 6 3149 118
5969 2 2 2 2 118 3156 5
5970 2 2 2 2 9 3150 8
5971 2 2 2 2 119 3150 3149
5972 2 2 2 2 3158 3159 3156
5973 2 2 2 2 3151 3156 3154
5974 2 2 2 2 3152 3159 3158
5975 2 2 2 2 14 3152 120
5976 2 2 2 2 3156 3159 3154
5977 2 2 2 2 9 3155 3150
5978 2 2 2 2 3154 3157 3151
5979 2 2 2 2 2 3157 1
5980 2 2 2 2 1 3154 16
5981 2 2 2 2 4 3151 3
5982 2 2 2 2 3152 3153 120
5983 2 2 2 2 3149 3156 118
5984 2 2 2 2 3150 3158 3149
5985 2 2 2 2 3153 3158 3150
5986 2 2 2 2 5 3156 3151
5987 2 2 2 2 1 3157 3154
5988 2 2 2 2 3150 3155 3153
5989 2 2 2 2 7 3149 6
5990 2 2 2 2 3152 3158 3153
5991 2 2 2 2 11 3155 10
5992 2 2 2 2 13 3155 12
5993 2 2 2 2 120 3153 13
5994 2 2 2 2 3149 3158 3156
5995 2 2 2 2 3151 3157 3
5996 2 2 2 2 121 3152 14
5997 2 2 2 2 3 3157 2
5998 2 2 2 2 5 3151 4
5999 2 2 2 2 16 3154 15
6000 2 2 2 2 3153 3155 13
6001 2 2 2 2 8 3150 119
6002 2 2 2 2 15 3159 121
6003 2 2 2 2 12 3155 11
6004 2 2 2 2 121 3159 3152
6005 2 2 2 2 3154 3159 15
6006 2 2 2 2 119 3149 7
6007 2 2 2 3 25 3167 24
6008 2 2 2 3 20 3161 19
6009 2 2 2 3 123 3164 26
6010 2 2 2 3 3167 3169 3161
6011 2 2 2 3 3164 3169 3167
6012 2 2 2 3 3161 3169 3160
6013 2 2 2 3 19 3160 18
6014 2 2 2 3 19 3161 3160
6015 2 2 2 3 3163 3164 123
6016 2 2 2 3 21 3165 20
6017 2 2 2 3 3166 3168 3163
6018 2 2 2 3 3162 3168 3166
6019 2 2 2 3 31 3162 30
6020 2 2 2 3 28 3166 27
6021 2 2 2 3 17 3162 32
6022 2 2 2 3 30 3166 29
6023 2 2 2 3 122 3168 17
6024 2 2 2 3 3168 3169 3163
6025 2 2 2 3 3162 3166 30
6026 2 2 2 3 3163 3169 3164
6027 2 2 2 3 20 3165 3161
6028 2 2 2 3 17 3168 3162
6029 2 2 2 3 27 3166 3163
6030 2 2 2 3 26 3164 25
6031 2 2 2 3 3160 3168 122
6032 2 2 2 3 18 3160 122
6033 2 2 2 3 27 3163 123
6034 2 2 2 3 3165 3167 3161
6035 2 2 2 3 24 3167 3165
6036 2 2 2 3 29 3166 28
6037 2 2 2 3 32 3162 31
6038 2 2 2 3 22 3165 21
6039 2 2 2 3 3164 3167 25
6040 2 2 2 3 3160 3169 3168
6041 2 2 2 3 24 3165 23
6042 2 2 2 3 23 3165 22
6043 2 2 2 4 45 3176 44
6044 2 2 2 4 124 3174 36
6045 2 2 2 4 3171 3176 45
6046 2 2 2 4 124 3177 3174
6047 2 2 2 4 3170 3177 124
6048 2 2 2 4 46 3171 45
6049 2 2 2 4 34 3171 33
6050 2 2 2 4 35 3174 34
6051 2 2 2 4 3172 3173 3170
6052 2 2 2 4 3170 3175 3172
6053 2 2 2 4 34 3174 3171
6054 2 2 2 4 43 3172 42
6055 2 2 2 4 38 3175 37
6056 2 2 2 4 40 3175 39
6057 2 2 2 4 41 3172 40
6058 2 2 2 4 3173 3177 3170
6059 2 2 2 4 3171 3177 3176
6060 2 2 2 4 125 3173 43
6061 2 2 2 4 37 3170 124
6062 2 2 2 4 3174 3177 3171
6063 2 2 2 4 44 3176 125
6064 2 2 2 4 43 3173 3172
6065 2 2 2 4 37 3175 3170
6066 2 2 2 4 36 3174 35
6067 2 2 2 4 33 3171 46
6068 2 2 2 4 3172 3175 40
6069 2 2 2 4 3176 3177 3173
6070 2 2 2 4 125 3176 3173
6071 2 2 2 4 42 3172 41
6072 2 2 2 4 39 3175 38
6073 2 2 2 5 3189 3192 3187
6074 2 2 2 5 3180 3192 3189
6075 2 2 2 5 3189 3200 3180
6076 2 2 2 5 47 3186 3178
6077 2 2 2 5 47 3178 65
6078 2 2 2 5 48 3186 47
6079 2 2 2 5 131 3195 61
6080 2 2 2 5 3181 3191 3187
6081 2 2 2 5 50 3199 49
6082 2 2 2 5 128 3181 53
6083 2 2 2 5 54 3184 129
6084 2 2 2 5 3188 3191 3181
6085 2 2 2 5 3186 3199 3197
6086 2 2 2 5 134 3187 133
6087 2 2 2 5 63 3189 134
6088 2 2 2 5 129 3188 128
6089 2 2 2 5 3186 3197 3178
6090 2 2 2 5 3187 3192 3181
6091 2 2 2 5 128 3188 3181
6092 2 2 2 5 3187 3191 133
6093 2 2 2 5 3193 3200 3197
6094 2 2 2 5 134 3189 3187
6095 2 2 2 5 3184 3188 129
6096 2 2 2 5 133 3191 62
6097 2 2 2 5 55 3185 130
6098 2 2 2 5 3197 3199 3183
6099 2 2 2 5 3195 3198 3190
6100 2 2 2 5 62 3194 132
6101 2 2 2 5 3184 3194 3188
6102 2 2 2 5 54 3190 3184
6103 2 2 2 5 130 3190 54
6104 2 2 2 5 3193 3197 3183
6105 2 2 2 5 131 3198 3195
6106 2 2 2 5 61 3195 3179
6107 2 2 2 5 126 3183 51
6108 2 2 2 5 3184 3198 3194
6109 2 2 2 5 135 3182 63
6110 2 2 2 5 127 3180 52
6111 2 2 2 5 53 3192 127
6112 2 2 2 5 3181 3192 53
6113 2 2 2 5 3197 3200 3182
6114 2 2 2 5 49 3199 3186
6115 2 2 2 5 132 3198 131
6116 2 2 2 5 3191 3194 62
6117 2 2 2 5 3182 3189 63
6118 2 2 2 5 52 3193 126
6119 2 2 2 5 3188 3194 3191
6120 2 2 2 5 56 3196 55
6121 2 2 2 5 58 3196 57
6122 2 2 2 5 3194 3198 132
6123 2 2 2 5 49 3186 48
6124 2 2 2 5 65 3178 64
6125 2 2 2 5 3195 3196 3179
6126 2 2 2 5 3185 3196 3195
6127 2 2 2 5 59 3179 58
6128 2 2 2 5 64 3201 135
6129 2 2 2 5 127 3192 3180
6130 2 2 2 5 3190 3198 3184
6131 2 2 2 5 3180 3193 52
6132 2 2 2 5 126 3193 3183
6133 2 2 2 5 3185 3190 130
6134 2 2 2 5 51 3199 50
6135 2 2 2 5 3185 3195 3190
6136 2 2 2 5 57 3196 56
6137 2 2 2 5 55 3196 3185
6138 2 2 2 5 61 3179 60
6139 2 2 2 5 135 3201 3182
6140 2 2 2 5 3182 3200 3189
6141 2 2 2 5 3182 3201 3197
6142 2 2 2 5 3180 3200 3193
6143 2 2 2 5 3183 3199 51
6144 2 2 2 5 3197 3201 3178
6145 2 2 2 5 3179 3196 58
6146 2 2 2 5 3178 3201 64
6147 2 2 2 5 60 3179 59
6148 2 2 2 6 78 3207 77
6149 2 2 2 6 136 3204 70
6150 2 2 2 6 72 3211 71
6151 2 2 2 6 79 3202 78
6152 2 2 2 6 3202 3207 78
6153 2 2 2 6 67 3209 66
6154 2 2 2 6 66 3206 81
6155 2 2 2 6 69 3204 68
6156 2 2 2 6 136 3205 3204
6157 2 2 2 6 66 3209 3206
6158 2 2 2 6 3202 3210 3207
6159 2 2 2 6 74 3208 73
6160 2 2 2 6 71 3211 3205
6161 2 2 2 6 3209 3212 3206
6162 2 2 2 6 3205 3212 3204
6163 2 2 2 6 3204 3212 3209
6164 2 2 2 6 3204 3209 68
6165 2 2 2 6 3202 3212 3210
6166 2 2 2 6 68 3209 67
6167 2 2 2 6 70 3204 69
6168 2 2 2 6 81 3206 80
6169 2 2 2 6 3207 3210 3203
6170 2 2 2 6 73 3203 137
6171 2 2 2 6 3210 3212 3205
6172 2 2 2 6 137 3211 72
6173 2 2 2 6 3210 3211 3203
6174 2 2 2 6 138 3202 79
6175 2 2 2 6 71 3205 136
6176 2 2 2 6 3202 3213 3212
6177 2 2 2 6 3205 3211 3210
6178 2 2 2 6 80 3213 138
6179 2 2 2 6 3207 3208 77
6180 2 2 2 6 73 3208 3203
6181 2 2 2 6 3212 3213 3206
6182 2 2 2 6 3203 3208 3207
6183 2 2 2 6 75 3208 74
6184 2 2 2 6 3203 3211 137
6185 2 2 2 6 3206 3213 80
6186 2 2 2 6 138 3213 3202
6187 2 2 2 6 77 3208 76
6188 2 2 2 6 76 3208 75
6189 2 2 2 7 3224 3226 3218
6190 2 2 2 7 3217 3226 3224
6191 2 2 2 7 3216 3224 3218
6192 2 2 2 7 3218 3222 3216
6193 2 2 2 7 3215 3219 3217
6194 2 2 2 7 139 3220 84
6195 2 2 2 7 87 3215 140
6196 2 2 2 7 3219 3226 3217
6197 2 2 2 7 82 3220 3214
6198 2 2 2 7 82 3214 97
6199 2 2 2 7 83 3220 82
6200 2 2 2 7 3215 3217 140
6201 2 2 2 7 3218 3223 3222
6202 2 2 2 7 96 3225 95
6203 2 2 2 7 3216 3220 139
6204 2 2 2 7 3216 3222 3220
6205 2 2 2 7 3215 3221 3219
6206 2 2 2 7 90 3221 89
6207 2 2 2 7 89 3215 88
6208 2 2 2 7 92 3221 91
6209 2 2 2 7 3214 3225 96
6210 2 2 2 7 141 3219 92
6211 2 2 2 7 3220 3222 3214
6212 2 2 2 7 140 3217 86
6213 2 2 2 7 85 3216 139
6214 2 2 2 7 97 3214 96
6215 2 2 2 7 84 3220 83
6216 2 2 2 7 142 3218 93
6217 2 2 2 7 94 3223 142
6218 2 2 2 7 89 3221 3215
6219 2 2 2 7 93 3226 141
6220 2 2 2 7 3219 3221 92
6221 2 2 2 7 86 3224 85
6222 2 2 2 7 95 3225 94
6223 2 2 2 7 3222 3225 3214
6224 2 2 2 7 91 3221 90
6225 2 2 2 7 88 3215 87
6226 2 2 2 7 142 3223 3218
6227 2 2 2 7 141 3226 3219
6228 2 2 2 7 85 3224 3216
6229 2 2 2 7 3217 3224 86
6230 2 2 2 7 3218 3226 93
6231 2 2 2 7 94 3225 3223
6232 2 2 2 7 3223 3225 3222
6233 2 2 2 8 112 3227 145
6234 2 2 2 8 99 3233 98
6235 2 2 2 8 3227 3228 145
6236 2 2 2 8 3228 3239 3236
6237 2 2 2 8 103 3234 102
6238 2 2 2 8 3236 3239 3231
6239 2 2 2 8 3236 3237 3228
6240 2 2 2 8 3229 3233 99
6241 2 2 2 8 3234 3238 3233
6242 2 2 2 8 3229 3234 3233
6243 2 2 2 8 102 3234 3229
6244 2 2 2 8 100 3229 99
6245 2 2 2 8 102 3229 101
6246 2 2 2 8 3227 3239 3228
6247 2 2 2 8 3232 3237 3236
6248 2 2 2 8 3235 3239 3238
6249 2 2 2 8 111 3237 110
6250 2 2 2 8 109 3232 108
6251 2 2 2 8 107 3236 106
6252 2 2 2 8 3238 3239 3227
6253 2 2 2 8 3235 3238 3230
6254 2 2 2 8 3230 3238 3234
6255 2 2 2 8 143 3234 103
6256 2 2 2 8 105 3231 144
6257 2 2 2 8 3228 3237 111
6258 2 2 2 8 113 3227 112
6259 2 2 2 8 98 3233 146
6260 2 2 2 8 145 3228 111
6261 2 2 2 8 104 3230 143
6262 2 2 2 8 144 3235 104
6263 2 2 2 8 109 3237 3232
6264 2 2 2 8 3232 3236 107
6265 2 2 2 8 101 3229 100
6266 2 2 2 8 110 3237 109
6267 2 2 2 8 106 3236 105
6268 2 2 2 8 108 3232 107
6269 2 2 2 8 146 3240 113
6270 2 2 2 8 3231 3239 3235
6271 2 2 2 8 3230 3234 143
6272 2 2 2 8 3231 3235 144
6273 2 2 2 8 104 3235 3230
6274 2 2 2 8 105 3236 3231
6275 2 2 2 8 3233 3240 146
6276 2 2 2 8 3238 3240 3233
6277 2 2 2 8 113 3240 3227
6278 2 2 2 8 3227 3240 3238
$EndElements
