$MeshFormat
2.2 0 8
$EndMeshFormat
$PhysicalNames
2
2 1 "matrix"
2 2 "inclusions"
$EndPhysicalNames
$Nodes
6610
1 0.5182960089102372 0.7129720749389751 0
2 0.502617175015588 0.7215729605502638 0
3 0.4851945230789753 0.7268035166467615 0
4 0.4771516386813535 0.7289586010259211 0
5 0.4606167281511113 0.7317083761085325 0
6 0.4549550515460233 0.730191334434393 0
7 0.4508104166150747 0.7260466995034445 0
8 0.4492933749409352 0.7203850228983564 0
9 0.4508104166150747 0.7147233462932683 0
10 0.4549550515460233 0.7105787113623198 0
11 0.4691087542837316 0.6989421478145934 0
12 0.4857242488524173 0.6923135541471425 0
13 0.4941707119340026 0.6900503311855324 0
14 0.5111200271056354 0.6861909462500113 0
15 0.5284933400417527 0.6885191769492878 0
16 0.5315312898064809 0.689333193135393 0
17 0.5337552233851037 0.6915571267140158 0
18 0.5345692395712089 0.694595076478744 0
19 0.5337552233851037 0.6976330262434721 0
20 0.5315312898064809 0.6998569598220949 0
21 0.7410263284718732 0.2641423133702358 0
22 0.7336483043275325 0.2661192489814492 0
23 0.7262702801831917 0.2641423133702358 0
24 0.7129990934765138 0.2591277389107925 0
25 0.706926719140851 0.2530553645751297 0
26 0.7016824360737985 0.2419792559198068 0
27 0.7006813512992283 0.2382431566784267 0
28 0.7016824360737985 0.2345070574370466 0
29 0.7044174505406083 0.2317720429702369 0
30 0.7081535497819884 0.2307709581956666 0
31 0.7212941110803177 0.228170311763718 0
32 0.7295891286841216 0.2303929550318592 0
33 0.7410263284718732 0.2385840880152998 0
34 0.7464274170050005 0.2439851765484271 0
35 0.7484043526162139 0.2513632006927678 0
36 0.7464274170050005 0.2587412248371085 0
37 0.154564285659591 0.5509867384945726 0
38 0.156395497604904 0.5441525624752374 0
39 0.1613984616789262 0.5391495984012151 0
40 0.1682326376982615 0.537318386455902 0
41 0.1750668137175967 0.5391495984012151 0
42 0.180069777791619 0.5441525624752374 0
43 0.1895505942107249 0.5597503059156708 0
44 0.1906354411319737 0.563799009744206 0
45 0.1895505942107249 0.5678477135727412 0
46 0.1865867373034384 0.5708115704800277 0
47 0.1825380334749032 0.5718964174012765 0
48 0.178489329646368 0.5708115704800277 0
49 0.1613984616789262 0.56282387858793 0
50 0.156395497604904 0.5578209145139078 0
51 0.6486400144616983 0.1956399433481709 0
52 0.6567808536214703 0.1978212746267434 0
53 0.6627403615026697 0.2037807825079428 0
54 0.6649216927812422 0.2119216216677149 0
55 0.6627403615026697 0.2200624608274869 0
56 0.6567808536214703 0.2260219687086863 0
57 0.6189658420073906 0.2391444228928311 0
58 0.6000511512459679 0.2456505897771408 0
59 0.562024980810261 0.2583795673626145 0
60 0.5542158301758641 0.2604720229686741 0
61 0.5464066795414672 0.2583795673626145 0
62 0.5406899845131298 0.2526628723342771 0
63 0.5385975289070701 0.2448537216998802 0
64 0.5406899845131298 0.2370445710654832 0
65 0.546406679541467 0.2313278760371459 0
66 0.5650038067651738 0.2240604892748194 0
67 0.6214728372525318 0.2040793141018896 0
68 0.6404991753019262 0.1978212746267434 0
69 0.4250092160937538 0.2693404243833942 0
70 0.4271123581133252 0.2614913915108207 0
71 0.4328582489663273 0.2557455006578186 0
72 0.4407072818389007 0.2536423586382472 0
73 0.4600853618371891 0.257807019571546 0
74 0.4667699234050242 0.2595981424454035 0
75 0.4818988183962585 0.2673385313031585 0
76 0.4839874359614849 0.2694271488683848 0
77 0.4847519230491481 0.2722802535212744 0
78 0.4839874359614849 0.2751333581741641 0
79 0.4818988183962585 0.2772219757393904 0
80 0.4667699234050242 0.282754142969029 0
81 0.4600853618371891 0.2845452658428865 0
82 0.4407072818389007 0.2850384901285411 0
83 0.4328582489663273 0.2829353481089697 0
84 0.4271123581133252 0.2771894572559676 0
85 0.2055256319368118 0.5341778635295634 0
86 0.211559073892552 0.5281444215738232 0
87 0.2198009088763518 0.5259360285457635 0
88 0.2280427438601517 0.5281444215738232 0
89 0.2340761858158918 0.5341778635295634 0
90 0.2362845788439515 0.5424196985133632 0
91 0.2351946854215299 0.5595085756052228 0
92 0.2330037234421644 0.5676853570296665 0
93 0.2279208747348012 0.5823015545477489 0
94 0.2239468488346281 0.5862755804479221 0
95 0.2185182284996943 0.5877301748826826 0
96 0.2130896081647604 0.5862755804479221 0
97 0.2091155822645873 0.5823015545477489 0
98 0.2046785217031209 0.5676853570296665 0
99 0.2024875597237554 0.5595085756052228 0
100 0.2033172389087521 0.5424196985133632 0
101 0.58034721950631 0.2821191703428898 0
102 0.5821093063785592 0.2886953680774738 0
103 0.58034721950631 0.2952715658120578 0
104 0.570056238564696 0.3098984582933932 0
105 0.5640255900483747 0.3159291068097145 0
106 0.551947261825162 0.3279889011983032 0
107 0.5367154743003167 0.3378154459545892 0
108 0.5302960125420627 0.3395355355485558 0
109 0.5238765507838087 0.3378154459545892 0
110 0.5191771786195213 0.3331160737903018 0
111 0.5174570890255547 0.3266966120320478 0
112 0.5191771786195213 0.3202771502737938 0
113 0.5296650055897792 0.3057066449629204 0
114 0.5415189033828737 0.2934224201442135 0
115 0.547549551899195 0.2873917716278922 0
116 0.5623807131748072 0.277305059480555 0
117 0.5689569109093912 0.2755429726083058 0
118 0.5755331086439751 0.277305059480555 0
119 0.6703753272231896 0.5820972302241104 0
120 0.6725979442569914 0.573802310528194 0
121 0.678670246919106 0.5677300078660793 0
122 0.6869651666150225 0.5655073908322775 0
123 0.6952600863109389 0.5677300078660793 0
124 0.7137384610990399 0.5748651697019589 0
125 0.7503683150217153 0.5903072391591287 0
126 0.7861458424936829 0.6075917290009137 0
127 0.7909928808460179 0.6124387673532488 0
128 0.79276702001609 0.6190599448756559 0
129 0.7909928808460179 0.6256811223980629 0
130 0.7861458424936829 0.630528160750398 0
131 0.7795246649712758 0.63230229992047 0
132 0.7729034874488687 0.630528160750398 0
133 0.7159918824192328 0.6108695441071615 0
134 0.678670246919106 0.5964644525821415 0
135 0.6725979442569914 0.5903921499200269 0
136 0.1328569644888115 0.2596641868223193 0
137 0.1413095396995994 0.2619290475240133 0
138 0.1474972542086934 0.2681167620331073 0
139 0.1497621149103873 0.2765693372438952 0
140 0.1474972542086934 0.2850219124546831 0
141 0.1413095396995994 0.2912096269637771 0
142 0.1248978179205806 0.2989046496975803 0
143 0.1168703793650748 0.3010555953758186 0
144 0.1022933023186895 0.3021287902631271 0
145 0.09802439888828449 0.3009849410363836 0
146 0.09489934468462295 0.297859886832722 0
147 0.09375549545787948 0.293590983402317 0
148 0.09489934468462295 0.2893220799719121 0
149 0.1029664479323014 0.2769732797093011 0
150 0.1088429408095689 0.2710967868320335 0
151 0.1244043892780236 0.2619290475240133 0
152 0.03716578804569138 0.7429542540625843 0
153 0.03546009498779634 0.7365885209084025 0
154 0.03716578804569138 0.7302227877542208 0
155 0.04182582814197815 0.7255627476579339 0
156 0.04819156129615997 0.7238570546000389 0
157 0.06657816695345833 0.7200339291228181 0
158 0.08565557336783973 0.7194850542859006 0
159 0.1047110346326716 0.7193692991697977 0
160 0.1234575752298486 0.7206001095687153 0
161 0.1296699772665229 0.7222647176774997 0
162 0.1342177711944128 0.7268125116053896 0
163 0.1358823793031971 0.7330249136420639 0
164 0.1342177711944128 0.7392373156787382 0
165 0.1296699772665229 0.7437851096066281 0
166 0.1126887185792255 0.7491424209850638 0
167 0.1047110346326716 0.7512800349560136 0
168 0.08565557336783973 0.7534497375820197 0
169 0.06657816695345833 0.7528800553190734 0
170 0.04819156129615997 0.7493199872167662 0
171 0.04182582814197815 0.7476142941588712 0
172 0.2407593904555192 0.6921177531496572 0
173 0.2326780020686021 0.6899523516576606 0
174 0.2267620151736817 0.6840363647627401 0
175 0.224596613681685 0.675954976375823 0
176 0.2267620151736817 0.6678735879889059 0
177 0.2326780020686021 0.6619576010939855 0
178 0.2908617729966282 0.6460414466183687 0
179 0.2976325388760599 0.6442272253688348 0
180 0.3359977449937006 0.6363378926294688 0
181 0.3412964719665534 0.6377576822427578 0
182 0.3451754093261173 0.6416366196023217 0
183 0.3465951989394063 0.6469353465751745 0
184 0.3451754093261173 0.6522340735480273 0
185 0.3412964719665534 0.6561130109075912 0
186 0.3235596529711691 0.66450799046369 0
187 0.2867281058982108 0.6781058125875229 0
188 0.2681859804402173 0.6847165838631364 0
189 0.2488407788424363 0.6899523516576606 0
190 0.4560653553814249 0.6454133393515857 0
191 0.4475653999326504 0.643135783153386 0
192 0.4413430006820755 0.6369133839028112 0
193 0.4390654444838759 0.6284134284540367 0
194 0.4413430006820755 0.6199134730052622 0
195 0.4475653999326504 0.6136910737546873 0
196 0.4653269821389875 0.6044403760113138 0
197 0.4833978955100434 0.5965430959483433 0
198 0.502243459767009 0.5904199414847116 0
199 0.5215111677066456 0.5845154782260271 0
200 0.5408927945285064 0.5789232602662525 0
201 0.5454144542763537 0.5777116851883686 0
202 0.5499361140242011 0.5789232602662525 0
203 0.5532461986941644 0.5822333449362158 0
204 0.5544577737720483 0.5867550046840632 0
205 0.5532461986941644 0.5912766644319105 0
206 0.5499361140242011 0.5945867491018738 0
207 0.5347543398341711 0.6074533252042811 0
208 0.4645653108301994 0.643135783153386 0
209 0.98411195944074 0.1247238328204656 0
210 0.9851258948926001 0.1209397741985297 0
211 0.9863014537232491 0.1328951367256707 0
212 0.9966021912982101 0.1471540472136961 0
213 1 0.1505518559154859 0
214 1 0.09310811431215103 0
215 5.421010862427522e-19 0.1505518559154859 0
216 6.145257913647839e-16 0.09310811431215105 0
217 0.0007838370253711634 0.1513356929408571 0
218 0.006496071318299731 0.1528662815066247 0
219 0.0122083056112283 0.1513356929408571 0
220 0.0163899513383893 0.1471540472136961 0
221 0.01792053990415687 0.1414418129207675 0
222 0.01679717506156047 0.1247238328204656 0
223 0.01460768077905148 0.1165525289152605 0
224 0.01155774381169727 0.1135025919479062 0
225 0.01223681990142889 0.1088541728156969 0
226 0.4849571356647401 0.1810280105392584 0
227 0.4928861090689803 0.1831525725597324 0
228 0.4986905204527465 0.1889569839434986 0
229 0.5008150824732206 0.1968859573477388 0
230 0.4986905204527465 0.2048149307519791 0
231 0.4928861090689803 0.2106193421357453 0
232 0.4849571356647401 0.2127439041562193 0
233 0.4670636415985061 0.2156585153728058 0
234 0.4490991252666283 0.2159917725451295 0
235 0.4462561002261674 0.2152299862814765 0
236 0.4441748614493595 0.2131487475046686 0
237 0.4434130751857066 0.2103057224642077 0
238 0.4441748614493595 0.2074626974237468 0
239 0.4462561002261674 0.2053814586469389 0
240 0.4608337750647866 0.192408336944592 0
241 0.4770281622604999 0.1831525725597324 0
242 0.2912419207726587 0.4664573702823087 0
243 0.2980957187425476 0.4646209006511909 0
244 0.3049495167124365 0.4664573702823087 0
245 0.3806766573493257 0.5319399926325031 0
246 0.3854637977469451 0.5367271330301226 0
247 0.3872160127439566 0.5432664884247536 0
248 0.3854637977469451 0.5498058438193845 0
249 0.3806766573493257 0.554592984217004 0
250 0.3741373019546947 0.5563451992140154 0
251 0.3675979465600638 0.554592984217004 0
252 0.3208043008667149 0.5171010245472608 0
253 0.2912419207726588 0.4901996228996287 0
254 0.2862245924338876 0.4851822945608577 0
255 0.2843881228027698 0.4783284965909687 0
256 0.2862245924338876 0.4714746986210798 0
257 0.2110267366716342 0.7448253737681957 0
258 0.2028779684137319 0.7426419178941824 0
259 0.1969126560298428 0.7366766055102933 0
260 0.1947292001558295 0.728527837252391 0
261 0.1969126560298428 0.7203790689944887 0
262 0.2028779684137318 0.7144137566105996 0
263 0.2403790588613498 0.7026846462148295 0
264 0.2488647697100661 0.7004109068457119 0
265 0.2681236321276675 0.695839510684347 0
266 0.3064211875137002 0.6877393605657941 0
267 0.3138838636777175 0.6897389786173176 0
268 0.3193469217902115 0.6952020367298115 0
269 0.3213465398417349 0.7026647128938289 0
270 0.3193469217902115 0.7101273890578463 0
271 0.3138838636777176 0.7155904471703403 0
272 0.2955287576605669 0.7220380137321067 0
273 0.2385960046815727 0.7380114654507601 0
274 0.2301961376396002 0.7402622030411855 0
275 0.488282504781463 0.7325139290547337 0
276 0.4967698604506989 0.7302397489572862 0
277 0.5052572161199348 0.7325139290547337 0
278 0.5141835037877869 0.7362855747691421 0
279 0.5177114130077083 0.7398134839890635 0
280 0.5190027174044448 0.7446326976057216 0
281 0.5177114130077083 0.7494519112223796 0
282 0.5114703916917233 0.7557018159649939 0
283 0.5052572161199348 0.7619149915367823 0
284 0.4967698604506989 0.7641891716342298 0
285 0.4848867799038398 0.7638200886368428 0
286 0.4789517581886913 0.7622298043612076 0
287 0.474607020749178 0.7578850669216943 0
288 0.4730167364735428 0.7519500452065458 0
289 0.474607020749178 0.7460150234913974 0
290 0.4789517581886913 0.7416702860518841 0
291 0.6061643566109697 0.5739930343357438 0
292 0.6080349210554715 0.5670119927900312 0
293 0.6131453981566822 0.5619015156888205 0
294 0.6283574685696852 0.5578034462832454 0
295 0.6368545392877182 0.5555266630463184 0
296 0.652612759317255 0.5588260272223701 0
297 0.6594356702682066 0.560654220701707 0
298 0.6644303877398213 0.5656489381733217 0
299 0.6662585812191583 0.5724718491242733 0
300 0.6644303877398213 0.5792947600752248 0
301 0.6594356702682066 0.5842894775468396 0
302 0.652612759317255 0.5861176710261765 0
303 0.6368545392877182 0.5895149459184502 0
304 0.6201264397023948 0.5879551174271689 0
305 0.6131453981566822 0.586084552982667 0
306 0.6080349210554715 0.5809740758814563 0
307 0.3489326450444415 0.01533622928975893 0
308 0.3017331210717858 0.02611055985402642 0
309 0.355603991137765 0.0135486474916244 0
310 0.3604877554329538 0.008664883196435526 0
311 0.3609089225308382 0.007093066188653974 0
312 0.3804977372758599 5.551115123125783e-17 0
313 0.2747347770573709 8.803721640582296e-17 0
314 0.2625738803108213 0.002426080795657887 0
315 0.2544908143260773 0.004591931798637532 0
316 0.2485735993443129 0.01050914678040192 0
317 0.2464077483413332 0.01859221276514595 0
318 0.2485735993443129 0.02667527874988998 0
319 0.2544908143260773 0.03259249373165436 0
320 0.2625738803108213 0.034758344734634 0
321 0.3809395002416114 0.9966763427123522 0
322 0.38049773727586 1 0
323 0.3566149773600924 0.991449412936927 0
324 0.3556039911377649 0.9904384267145998 0
325 0.3489326450444415 0.9886508449164653 0
326 0.3210936848978163 0.9919656733103724 0
327 0.3017331210717858 0.9950342023205315 0
328 0.282033506872401 0.9985439142683322 0
329 0.2747347770573718 1 0
330 0.5711398905022911 0.1556006956311025 0
331 0.5761864661708307 0.1606472712996422 0
332 0.5828899294876455 0.1744454646565476 0
333 0.5851668882935741 0.1829431906070147 0
334 0.584026275777316 0.1986376113398887 0
335 0.5822567022407149 0.2052417496862135 0
336 0.5774221374309912 0.2100763144959372 0
337 0.5708179990846663 0.2118458880325384 0
338 0.5642138607383415 0.2100763144959372 0
339 0.5593792959286178 0.2052417496862135 0
340 0.5534529432976343 0.1914409165574819 0
341 0.5511759844917057 0.1829431906070147 0
342 0.5504586388062543 0.1675410218649877 0
343 0.5523058137030603 0.1606472712996422 0
344 0.5573523893715999 0.1556006956311025 0
345 0.5642461399369455 0.1537535207342966 0
346 0.7881363570930533 0.08089195778178285 0
347 0.7860392162037836 0.08871859413116746 0
348 0.7803097207436687 0.0944480895912824 0
349 0.772483084394284 0.09654523048055208 0
350 0.7646564480448994 0.0944480895912824 0
351 0.7589269525847845 0.08871859413116746 0
352 0.751020773761504 0.0719710103005084 0
353 0.7487443811428912 0.06347539738987097 0
354 0.7442849937492081 0.04646108236458736 0
355 0.7402540749117112 0.02880147017867556 0
356 0.7418688912630437 0.02277489351060965 0
357 0.7462806515797771 0.01836313319387625 0
358 0.752307228247843 0.01674831684254374 0
359 0.758333804915909 0.01836313319387625 0
360 0.7627455652326424 0.02277489351060965 0
361 0.7732386168393608 0.03870298243962582 0
362 0.7804504401668282 0.05497978447923355 0
363 0.7860392162037836 0.07306532143239823 0
364 0.2415105765457156 0.4727975515290187 0
365 0.2353772344622916 0.4711541274708614 0
366 0.2308873164370248 0.4666642094455947 0
367 0.2292438923788675 0.4605308673621706 0
368 0.2308873164370248 0.4543975252787466 0
369 0.25562532594632 0.4228118778317335 0
370 0.2579115976172326 0.4205256061608209 0
371 0.261034702799652 0.4196887726493141 0
372 0.2641578079820714 0.4205256061608209 0
373 0.2664440796529841 0.4228118778317335 0
374 0.2672809131644908 0.4259349830141529 0
375 0.2664440796529841 0.4290580881965723 0
376 0.2596746579514211 0.4481502263786029 0
377 0.2521338366544064 0.4666642094455947 0
378 0.2476439186291396 0.4711541274708614 0
379 0.7341438439447584 0.6558431908751315 0
380 0.7357602513980325 0.6498106761337796 0
381 0.7401763586861103 0.6453945688457018 0
382 0.7556346012602805 0.6402652271989295 0
383 0.7639061385358438 0.6380488754657784 0
384 0.7804129163394012 0.6410545696121489 0
385 0.7884351922277991 0.6432041319579048 0
386 0.8020283867668471 0.6486762372093682 0
387 0.8053108447254002 0.6519586951679213 0
388 0.806512307725085 0.6564426161261591 0
389 0.8053108447254002 0.6609265370843969 0
390 0.8020283867668471 0.6642089950429499 0
391 0.7884351922277991 0.6709941108199847 0
392 0.7804129163394012 0.6731436731657406 0
393 0.7639061385358438 0.6711350245680313 0
394 0.7462088734274622 0.6679082203578354 0
395 0.7401763586861103 0.6662918129045613 0
396 0.7357602513980325 0.6618757056164835 0
397 0.3166093312088054 0.1051319598175 0
398 0.3081679333668511 0.1073938255522415 0
399 0.2906932356416816 0.1029669769768253 0
400 0.2839405095613661 0.1011575894768962 0
401 0.2789971709809796 0.09621425089650976 0
402 0.2771877834810505 0.08946152481619421 0
403 0.2789971709809796 0.08270879873587866 0
404 0.283940509561366 0.07776546015549225 0
405 0.2906932356416816 0.07595607265556312 0
406 0.3081679333668511 0.07362823418442424 0
407 0.3166093312088054 0.07589009991916572 0
408 0.3227888633160182 0.08206963202637854 0
409 0.3250507290507597 0.09051102986833287 0
410 0.3227888633160182 0.09895242771028719 0
411 0.747198808162355 0.1000180397591817 0
412 0.7533949778063834 0.1062142094032101 0
413 0.7556629333022558 0.1146783345431109 0
414 0.7585787898733752 0.1317527496223315 0
415 0.7552907361468448 0.1487856071477409 0
416 0.7541683507339102 0.1529744065344873 0
417 0.7511019367600985 0.156040820508299 0
418 0.7469131373733521 0.1571632059212337 0
419 0.7427243379866056 0.156040820508299 0
420 0.739657924012794 0.1529744065344873 0
421 0.7293116256107334 0.1395948626512554 0
422 0.7240743882385251 0.1231424596830116 0
423 0.7218064327426528 0.1146783345431109 0
424 0.7240743882385251 0.1062142094032101 0
425 0.7302705578825535 0.1000180397591818 0
426 0.7387346830224543 0.09775008426330939 0
427 0.2776388032830947 0.1763360332984044 0
428 0.2760609125365892 0.1822248017331557 0
429 0.2717500348483434 0.1865356794214015 0
430 0.2658612664135921 0.188113570167907 0
431 0.2458590009621114 0.1866681373021129 0
432 0.2259104441759889 0.1847313625137152 0
433 0.2060689763622982 0.1797058675901589 0
434 0.2032258765000236 0.1789440612780614 0
435 0.2011445829498466 0.1768627677278843 0
436 0.200382776637749 0.1740196678656098 0
437 0.2011445829498466 0.1711765680033352 0
438 0.2032258765000236 0.1690952744531581 0
439 0.2060689763622982 0.1683334681410606 0
440 0.2259104441759889 0.1648160863323594 0
441 0.2458590009621114 0.1638654992402433 0
442 0.2658612664135921 0.1645584964289019 0
443 0.2717500348483434 0.1661363871754074 0
444 0.2760609125365892 0.1704472648636532 0
445 0.2462345925048657 0.3219411549999651 0
446 0.2385822564318831 0.3198907177289979 0
447 0.2329803576298677 0.3142888189269825 0
448 0.2309299203589005 0.3066364828539999 0
449 0.2329803576298677 0.2989841467810173 0
450 0.2385822564318831 0.293382247979002 0
451 0.2462345925048657 0.2913318107080348 0
452 0.2657834439126174 0.2866473913562543 0
453 0.3444189952693929 0.2732663365619811 0
454 0.3516450837952684 0.2752025611469253 0
455 0.3569349477361998 0.2804924250878567 0
456 0.358871172321144 0.2877185136137322 0
457 0.3569349477361998 0.2949446021396077 0
458 0.3516450837952684 0.3002344660805391 0
459 0.3444189952693929 0.3021706906654833 0
460 0.3248354860104485 0.3065647886220518 0
461 0.3623691937985077 0.5897437945173974 0
462 0.3601028361594811 0.5812856326604281 0
463 0.3623691937985077 0.5728274708034587 0
464 0.3685609980164504 0.5666356665855161 0
465 0.3770191598734197 0.5643693089464895 0
466 0.4165726320485827 0.5591070062933968 0
467 0.4562967344421993 0.5550243933590999 0
468 0.4763068702805315 0.5533591487293549 0
469 0.4845134601585032 0.5555580978597707 0
470 0.4905211009060589 0.5615657386073265 0
471 0.4927200500364748 0.5697723284852981 0
472 0.4905211009060589 0.5779789183632698 0
473 0.4845134601585032 0.5839865591108255 0
474 0.4763068702805315 0.5861855082412414 0
475 0.4366194638552948 0.5914370067354513 0
476 0.3770191598734197 0.5982019563743667 0
477 0.3685609980164504 0.5959355987353401 0
478 0.4113225734161901 0.5513384611765344 0
479 0.4028444070944525 0.5490667433573281 0
480 0.3966379585919212 0.5428602948547968 0
481 0.3943662407727149 0.5343821285330592 0
482 0.3966379585919212 0.5259039622113216 0
483 0.4028444070944525 0.5196975137087904 0
484 0.4192815323800127 0.5123838285969035 0
485 0.4265516653267507 0.5104358023449581 0
486 0.4338217982734887 0.5123838285969035 0
487 0.4391439049682814 0.5177059352916961 0
488 0.4410919312202267 0.5249760682384341 0
489 0.4391439049682814 0.5322462011851722 0
490 0.4338217982734887 0.5375683078799648 0
491 0.4198007397379277 0.5490667433573281 0
492 0.6145201246482425 0.489434197565522 0
493 0.6217880799047986 0.4874867548239022 0
494 0.6290560351613546 0.489434197565522 0
495 0.7030197258052862 0.5193692012690156 0
496 0.720976823149369 0.5279906133082489 0
497 0.7255502468968344 0.5325640370557144 0
498 0.7272242361706779 0.5388114500770232 0
499 0.7255502468968344 0.5450588630983321 0
500 0.720976823149369 0.5496322868457976 0
501 0.7147294101280601 0.551306276119641 0
502 0.7084819971067513 0.5496322868457976 0
503 0.6705144135406099 0.5365419233293488 0
504 0.6517189707600537 0.5295951441820771 0
505 0.6145201246482425 0.5146111331085067 0
506 0.6091996121333062 0.5092906205935704 0
507 0.6072521693916865 0.5020226653370143 0
508 0.6091996121333062 0.4947547100804583 0
509 0.1097357577526174 0.182989522030399 0
510 0.1074740720892367 0.191430247836886 0
511 0.1012950319461304 0.1976092879799923 0
512 0.09285430613964338 0.199870973643373 0
513 0.07416751653391883 0.1961201801026592 0
514 0.05559379417886862 0.1917122847786201 0
515 0.04854734397285018 0.1898241941364113 0
516 0.03152330004095485 0.1830804006121021 0
517 0.02791893490044054 0.1794760354715878 0
518 0.02659964569449724 0.1745523811251302 0
519 0.02791893490044054 0.1696287267786726 0
520 0.03152330004095485 0.1660243616381583 0
521 0.03644695438741247 0.1647050724322149 0
522 0.05559379417886862 0.1635264839545463 0
523 0.07416751653391883 0.162758426976767 0
524 0.09285430613964338 0.1661080704174249 0
525 0.1012950319461304 0.1683697560808057 0
526 0.1074740720892367 0.174548796223912 0
527 0.223973215147496 0.06981221233032273 0
528 0.2217044899163175 0.06134521449915094 0
529 0.223973215147496 0.05287821666797918 0
530 0.2301714877474892 0.04667994406798595 0
531 0.238638485578661 0.0444112188368074 0
532 0.258202385668541 0.04082324038249763 0
533 0.2774533817505119 0.03805681193750315 0
534 0.2965377444608635 0.03628254666928105 0
535 0.3158879483239935 0.0350549719263277 0
536 0.3352889251023856 0.03561836913468336 0
537 0.3395541230500621 0.03676122548032215 0
538 0.3426764646520997 0.03988356708235983 0
539 0.3438193209977385 0.04414876503003631 0
540 0.3426764646520997 0.04841396297771279 0
541 0.3395541230500621 0.05153630457975047 0
542 0.3220775775031787 0.0581549825030578 0
543 0.3038801427091181 0.06368474998117189 0
544 0.2856706320409313 0.06872400751985829 0
545 0.2774533817505119 0.07092581309918056 0
546 0.258202385668541 0.07479563652588569 0
547 0.238638485578661 0.07827921016149449 0
548 0.2301714877474892 0.07601048493031595 0
549 0.8622045620756081 0.06308972006221586 0
550 0.854317416832503 0.06520307426069287 0
551 0.8464302715893978 0.06308972006221586 0
552 0.8275590141502144 0.05783188492669456 0
553 0.8097127148137 0.05127579299737346 0
554 0.7922162177251281 0.04424654311146126 0
555 0.7891017128881589 0.04113203827449213 0
556 0.7879617249976187 0.03687754554698278 0
557 0.7891017128881589 0.03262305281947343 0
558 0.7922162177251281 0.0295085479825043 0
559 0.7964707104526374 0.02836856009196408 0
560 0.8158165123596164 0.02849611043689933 0
561 0.8349354755932438 0.03030255604123586 0
562 0.854317416832503 0.03365449328827218 0
563 0.8622045620756081 0.03576784748674917 0
564 0.8679783531202363 0.04154163853137734 0
565 0.8700917073187133 0.04942878377448252 0
566 0.8679783531202363 0.0573159290175877 0
567 0.1022536335491516 0.3408768457932069 0
568 0.09998217195479539 0.332399635715628 0
569 0.1022536335491516 0.323922425638049 0
570 0.1084593820323743 0.3177166771548263 0
571 0.1252509299110083 0.3069238219492719 0
572 0.1601172536284276 0.2874915678456326 0
573 0.1775887264859678 0.2781131027004091 0
574 0.1951419051956709 0.2689856455760722 0
575 0.2019703479713444 0.2671559698487683 0
576 0.2087987907470178 0.2689856455760722 0
577 0.2137975577953874 0.2739844126244418 0
578 0.2156272335226913 0.2808128554001152 0
579 0.2137975577953874 0.2876412981757887 0
580 0.2087987907470178 0.2926400652241583 0
581 0.1928459858677436 0.3045394511339016 0
582 0.1763038900877789 0.3155276445968759 0
583 0.1594438722537167 0.3261689620579541 0
584 0.1254138021875322 0.3470825942764296 0
585 0.1169365921099533 0.3493540558707859 0
586 0.1084593820323743 0.3470825942764296 0
587 0.7260885374390941 0.3418693818625217 0
588 0.7342690415805251 0.3440613413408976 0
589 0.7402575862435802 0.3500498860039527 0
590 0.7424495457219561 0.3582303901453837 0
591 0.7402575862435802 0.3664108942868147 0
592 0.7342690415805251 0.3723994389498698 0
593 0.7260885374390941 0.3745913984282457 0
594 0.7072486625956439 0.3762414302896549 0
595 0.6884649463255336 0.3739834201453741 0
596 0.6699407398020418 0.3691773452105972 0
597 0.6647090942102879 0.3677755299992009 0
598 0.6608792638299302 0.3639456996188432 0
599 0.6594774486185339 0.3587140540270892 0
600 0.6608792638299302 0.3534824084353352 0
601 0.6647090942102879 0.3496525780549776 0
602 0.6807167986503151 0.3450669393569121 0
603 0.6884649463255336 0.3429908294445002 0
604 0.7072486625956439 0.342310970378807 0
605 0.5748316398029891 0.6072839503620175 0
606 0.5770951195984996 0.5988365287632668 0
607 0.5832790614017398 0.5926525869600265 0
608 0.5917264830004906 0.5903891071645161 0
609 0.6001739045992414 0.5926525869600265 0
610 0.6152194471806508 0.6055858799621497 0
611 0.659729112111805 0.6457180651754592 0
612 0.6743115505738901 0.6594405785942022 0
613 0.6801462483083619 0.665275276328674 0
614 0.6822818959025821 0.673245621657366 0
615 0.6801462483083619 0.681215966986058 0
616 0.6743115505738901 0.6870506647205298 0
617 0.6663412052451981 0.68918631231475 0
618 0.6583708599165061 0.6870506647205298 0
619 0.6279147961007778 0.6613384437168739 0
620 0.6130207798178011 0.6484534151574238 0
621 0.5832790614017398 0.6219153137640085 0
622 0.5770951195984996 0.6157313719607683 0
623 0.4600112952752214 0.6707549192456687 0
624 0.4578245061080727 0.6789161275229089 0
625 0.4518500869979812 0.6848905466330003 0
626 0.443688878720741 0.687077335800149 0
627 0.4355276704435009 0.6848905466330003 0
628 0.4010284368060064 0.664698950549475 0
629 0.3498497697256532 0.6334078380962475 0
630 0.3443006927323525 0.6278587611029468 0
631 0.3422695895852486 0.6202785809625422 0
632 0.3443006927323524 0.6126984008221377 0
633 0.3498497697256532 0.6071493238288369 0
634 0.3574299498660578 0.605118220681733 0
635 0.3650101300064623 0.6071493238288369 0
636 0.3826039044210089 0.6166347362757872 0
637 0.4346871979890233 0.6463345263411654 0
638 0.4518500869979812 0.656619291858337 0
639 0.4578245061080727 0.6625937109684285 0
640 0.2261981065960087 0.15975273533106 0
641 0.2179796952255073 0.1575506186412674 0
642 0.2119634005447986 0.1515343239605587 0
643 0.209761283855006 0.1433159125900573 0
644 0.2119634005447986 0.1350975012195559 0
645 0.2179796952255073 0.1290812065388472 0
646 0.2261981065960087 0.1268790898490546 0
647 0.245820764710894 0.1234033046658883 0
648 0.3247748368540008 0.1108519897186633 0
649 0.3326719257133608 0.1129680083010856 0
650 0.3384529959902986 0.1187490785780233 0
651 0.3405690145727209 0.1266461674373834 0
652 0.3384529959902986 0.1345432562967435 0
653 0.3326719257133608 0.1403243265736813 0
654 0.3247748368540008 0.1424403451561036 0
655 0.3051486078348753 0.1464977006455872 0
656 0.2657034259914373 0.1531318916549378 0
657 0.750490826409948 0.3217322346332805 0
658 0.7484307187562022 0.3294206610661217 0
659 0.7428023999771067 0.335048979845217 0
660 0.7351139735442656 0.337109087498963 0
661 0.7274255471114244 0.335048979845217 0
662 0.7144660815469678 0.3234253059278023 0
663 0.708246518377928 0.3172057427587626 0
664 0.6991076522870374 0.303154016829292 0
665 0.6972019646981379 0.2960418939241655 0
666 0.6991076522870374 0.2889297710190389 0
667 0.7043140876032644 0.2837233357028119 0
668 0.7114262105083909 0.2818176481139124 0
669 0.7185383334135175 0.2837233357028119 0
670 0.7314582441256684 0.2939940170110221 0
671 0.7376778072947082 0.3002135801800618 0
672 0.7484307187562022 0.3140438082004393 0
673 0.1591132700644634 0.09001803203047447 0
674 0.1669750714054984 0.09212459535085872 0
675 0.1727303094261492 0.0978798333715095 0
676 0.1748368727465335 0.1057416347125445 0
677 0.1727303094261492 0.1136034360535796 0
678 0.1669750714054984 0.1193586740742303 0
679 0.1525183981206828 0.127677495298204 0
680 0.1441414136087919 0.1299221015331732 0
681 0.1279813291055594 0.1333411745562148 0
682 0.1214765263537498 0.1315982179119437 0
683 0.1167146802462113 0.1268363718044052 0
684 0.1149717236019401 0.1203315690525955 0
685 0.1167146802462113 0.1138267663007859 0
686 0.1214765263537498 0.1090649201932473 0
687 0.1357644290969011 0.09865876972057895 0
688 0.1512514687234284 0.09212459535085873 0
689 0.6285523936610761 0.374450551581103 0
690 0.6370511419977675 0.3721733188276112 0
691 0.6455498903344588 0.374450551581103 0
692 0.6635202194759536 0.3809552693990266 0
693 0.6814916801254534 0.387880128343382 0
694 0.6989075725770187 0.3963366045169408 0
695 0.7137524202539997 0.4083081522267011 0
696 0.7156492046691744 0.4102049366418759 0
697 0.7163434759506307 0.4127959923385071 0
698 0.7156492046691744 0.4153870480351382 0
699 0.7137524202539997 0.417283832450313 0
700 0.7111613645573684 0.4179781037317694 0
701 0.6927446158605541 0.4193370721076348 0
702 0.6553885265622325 0.4113031605045819 0
703 0.6472568336485113 0.4091242799552524 0
704 0.6285523936610761 0.4038910794208848 0
705 0.6223308780778766 0.3976695638376852 0
706 0.6200536453243848 0.3891708155009939 0
707 0.6223308780778766 0.3806720671643025 0
708 0.4021342760809159 0.2282136535157445 0
709 0.3936343898795791 0.2304911911591492 0
710 0.3757527367184218 0.2278914612352118 0
711 0.3681242809434098 0.2258474226708007 0
712 0.3551659184061217 0.2167721166021172 0
713 0.352853755023565 0.2144599532195605 0
714 0.3520074444878491 0.2113014793012878 0
715 0.352853755023565 0.2081430053830152 0
716 0.3551659184061217 0.2058308420004585 0
717 0.3681242809434097 0.1994216766995745 0
718 0.3757527367184218 0.1973776381351635 0
719 0.3936343898795791 0.196491646353802 0
720 0.4021342760809159 0.1987691839972066 0
721 0.4083566246388481 0.2049915325551388 0
722 0.4106341622822527 0.2134914187564756 0
723 0.4083566246388481 0.2219913049578124 0
724 0.2447687200319165 0.5975151466758823 0
725 0.242877605059252 0.5904574095149442 0
726 0.2447687200319165 0.583399672354006 0
727 0.2499353422201902 0.5782330501657323 0
728 0.2569930793811284 0.5763419351930679 0
729 0.2753913168976239 0.5716638122255659 0
730 0.2933178463404705 0.5703354798707465 0
731 0.3117610547240426 0.5712961559447819 0
732 0.3183525109192145 0.5730623313092232 0
733 0.3231777917499449 0.5778876121399538 0
734 0.3249439671143863 0.5844790683351256 0
735 0.3231777917499449 0.5910705245302975 0
736 0.3183525109192145 0.5958958053610279 0
737 0.3015261042998789 0.60096911561689 0
738 0.2933178463404705 0.6031685117083798 0
739 0.2753913168976239 0.6051213205556438 0
740 0.2569930793811284 0.6045728838368205 0
741 0.2499353422201902 0.602681768864156 0
742 0.6838761723400161 0.7953482317008523 0
743 0.690907526073776 0.7972322772555109 0
744 0.6960548342528774 0.8023795854346123 0
745 0.697938879807536 0.8094109391683723 0
746 0.6960548342528774 0.8164422929021322 0
747 0.690907526073776 0.8215896010812336 0
748 0.6838761723400161 0.8234736466358922 0
749 0.6644309253735537 0.822409157883182 0
750 0.6590905793203184 0.820978216470915 0
751 0.6551811746793503 0.8170688118299468 0
752 0.6537502332670833 0.8117284657767115 0
753 0.6551811746793503 0.8063881197234762 0
754 0.6590905793203184 0.8024787150825081 0
755 0.6768448186062561 0.7972322772555109 0
756 0.4202542965887698 0.2549786678947548 0
757 0.4132656906339773 0.2531060765729488 0
758 0.4081496760009907 0.2479900619399623 0
759 0.4062770846791847 0.2410014559851698 0
760 0.4081496760009907 0.2340128500303772 0
761 0.4204084450116688 0.2184333955952784 0
762 0.4244305760538355 0.2144112645531117 0
763 0.4299249092347852 0.2129390624143286 0
764 0.4354192424157349 0.2144112645531116 0
765 0.4394413734579016 0.2184333955952784 0
766 0.4409135755966846 0.2239277287762281 0
767 0.4394413734579016 0.2294220619571778 0
768 0.4323589171765488 0.2479900619399623 0
769 0.4272429025435623 0.2531060765729488 0
770 0.4729119432767496 0.3259521420288343 0
771 0.4750858164804047 0.3178391367835808 0
772 0.4810249485220031 0.3119000047419825 0
773 0.4891379537672566 0.3097261315383273 0
774 0.49725095901251 0.3119000047419824 0
775 0.5031900910541084 0.3178391367835808 0
776 0.5053639642577635 0.3259521420288343 0
777 0.5051107139052318 0.3364454869010992 0
778 0.5032100746463464 0.3435387691821194 0
779 0.4980174316242116 0.3487314122042542 0
780 0.4909241493431914 0.3506320514631396 0
781 0.4838308670621712 0.3487314122042542 0
782 0.4786382240400364 0.3435387691821194 0
783 0.4750858164804047 0.3340651472740878 0
784 0.5161032830629998 0.3857951278932729 0
785 0.517874809742944 0.3791837003167574 0
786 0.5227147106395152 0.3743437994201861 0
787 0.5293261382160307 0.372572272740242 0
788 0.5474443500758811 0.3706349789853846 0
789 0.5644712095543529 0.3746811982972181 0
790 0.5726028605333769 0.3768600676101793 0
791 0.5882125483637507 0.3825437004913091 0
792 0.5924660018628446 0.3867971539904029 0
793 0.5940228738973288 0.392607479523981 0
794 0.5924660018628446 0.398417805057559 0
795 0.5882125483637507 0.4026712585566528 0
796 0.5824022228301727 0.404228130591137 0
797 0.5644712095543529 0.407207802213314 0
798 0.5474443500758811 0.4039132281207817 0
799 0.5391247877920318 0.4016840081254439 0
800 0.5227147106395152 0.3972464563663596 0
801 0.517874809742944 0.3924065554697883 0
802 0.236479304134629 0.3997263690368081 0
803 0.2442103722398813 0.4017979024922405 0
804 0.2498699068897013 0.4074574371420604 0
805 0.2519414403451337 0.4151885052473128 0
806 0.2498699068897013 0.4229195733525651 0
807 0.2442103722398814 0.4285791080023851 0
808 0.236479304134629 0.4306506414578175 0
809 0.2166037370897381 0.4315976577997794 0
810 0.1370772146207574 0.4266617605504584 0
811 0.1336026118228595 0.4257307435367427 0
812 0.1310590260386772 0.4231871577525605 0
813 0.1301280090249615 0.4197125549546625 0
814 0.1310590260386772 0.4162379521567646 0
815 0.1336026118228595 0.4136943663725823 0
816 0.1370772146207574 0.4127633493588667 0
817 0.1569676213125983 0.4085707960095088 0
818 0.1967235232644476 0.4030144542064474 0
819 0.2492584948897485 0.4926363701334199 0
820 0.2511539952592639 0.485562266448623 0
821 0.2563325985745454 0.4803836631333415 0
822 0.2634067022593423 0.4784881627638261 0
823 0.2704808059441392 0.4803836631333415 0
824 0.2756594092594207 0.485562266448623 0
825 0.2775549096289361 0.4926363701334199 0
826 0.2905239823698899 0.549919989464048 0
827 0.2891845316671181 0.5549188875410259 0
828 0.2855250842929118 0.5585783349152322 0
829 0.2805261862159338 0.559917785618004 0
830 0.2755272881389558 0.5585783349152322 0
831 0.2718678407647496 0.5549188875410259 0
832 0.2511539952592639 0.4997104738182168 0
833 0.3566708333272009 0.3747471709994007 0
834 0.3546729046119034 0.3672907995240096 0
835 0.3566708333272009 0.3598344280486186 0
836 0.3621292760872944 0.354375985288525 0
837 0.377297832992154 0.3442371177105353 0
838 0.3932435759109892 0.3347562685184658 0
839 0.4013243250052934 0.3325910383244086 0
840 0.4177557150075843 0.3286706487360321 0
841 0.4237255189863738 0.3302702528911209 0
842 0.4280957188100745 0.3346404527148216 0
843 0.4296953229651633 0.3406102566936111 0
844 0.4280957188100745 0.3465800606724005 0
845 0.4237255189863738 0.3509502604961012 0
846 0.4094050740995975 0.3627488045075677 0
847 0.3942603160834598 0.3736170002472048 0
848 0.3770420190380766 0.3802056137594942 0
849 0.3695856475626855 0.3822035424747917 0
850 0.3621292760872945 0.3802056137594942 0
851 0.08671862914501741 0.5387247909162027 0
852 0.0845795949165923 0.5467077753358142 0
853 0.07873564472540599 0.5525517255270005 0
854 0.07075266030579458 0.5546907597554256 0
855 0.06276967588618317 0.5525517255270005 0
856 0.05211853839538433 0.5431330283298248 0
857 0.04633570825669746 0.5373501981911378 0
858 0.04421904552016777 0.5294507053159213 0
859 0.04633570825669745 0.5215512124407048 0
860 0.05211853839538431 0.5157683823020179 0
861 0.06001803127060088 0.5136517195654882 0
862 0.06791752414581742 0.5157683823020178 0
863 0.07873564472540598 0.524897856305405 0
864 0.08457959491659228 0.5307418064965913 0
865 0.3415821039761311 0.1904174097365232 0
866 0.3393743993037439 0.1986566757419796 0
867 0.3307820759316467 0.2106705207048081 0
868 0.3251718560796917 0.2162807405567631 0
869 0.3175081532411054 0.2183342235433944 0
870 0.3098444504025192 0.2162807405567631 0
871 0.3042342305505642 0.2106705207048081 0
872 0.3021807475639329 0.2030068178662219 0
873 0.3042342305505642 0.1953431150276356 0
874 0.3108327446266926 0.1821781437310668 0
875 0.3168643059597618 0.1761465823979976 0
876 0.3251035719652182 0.1739388777256103 0
877 0.3325932413886454 0.1723819639795699 0
878 0.3354647809451342 0.1731513906847651 0
879 0.3375668937964279 0.1752535035360588 0
880 0.3383363205016231 0.1781250430925476 0
881 0.1212524235483153 0.3665022683549157 0
882 0.1234784089623501 0.3581947776928307 0
883 0.1295599142104003 0.3521132724447805 0
884 0.1378674048724853 0.3498872870307457 0
885 0.2167477915616501 0.3638050342810947 0
886 0.2363425036738006 0.3686457919587804 0
887 0.2427125256537111 0.3703526342040659 0
888 0.2473757053883361 0.3750158139386909 0
889 0.2490825476336216 0.3813858359186015 0
890 0.2473757053883361 0.387755857898512 0
891 0.2427125256537111 0.392419037633137 0
892 0.2363425036738006 0.3941258798784226 0
893 0.1968094442481079 0.3908683103193437 0
894 0.1574172492468791 0.3862408597402096 0
895 0.1378674048724853 0.3831172496790858 0
896 0.1295599142104003 0.380891264265051 0
897 0.1234784089623501 0.3748097590170008 0
898 0.2234378100626439 0.1963102580282771 0
899 0.224574025119322 0.1920698457084297 0
900 0.2276782223824912 0.1889656484452605 0
901 0.2319186347023386 0.1878294333885824 0
902 0.2361590470221859 0.1889656484452605 0
903 0.2672120460766693 0.2144301602218774 0
904 0.2819903170386345 0.22849236531315 0
905 0.2838711339582126 0.2303731822327281 0
906 0.2845595607306458 0.2329424259247394 0
907 0.2838711339582126 0.2355116696167506 0
908 0.2819903170386345 0.2373924865363287 0
909 0.2794210733466232 0.2380809133087619 0
910 0.276851829654612 0.2373924865363287 0
911 0.2596328844526758 0.2275576532334104 0
912 0.2435584991382793 0.2155417356976757 0
913 0.2276782223824912 0.2036548676112936 0
914 0.224574025119322 0.2005506703481244 0
915 0.439587944053407 0.4431100312523207 0
916 0.4322497092231124 0.4411437571556734 0
917 0.4268777484894652 0.4357717964220262 0
918 0.4249114743928178 0.4284335615917316 0
919 0.4268777484894652 0.4210953267614371 0
920 0.4322497092231124 0.4157233660277899 0
921 0.439587944053407 0.4137570919311425 0
922 0.4595356664927983 0.4119523136080839 0
923 0.499392802435529 0.4102318133934958 0
924 0.5193300284338557 0.4097134720782288 0
925 0.5393335560547117 0.4097134121216935 0
926 0.5455566625404457 0.4113808884789588 0
927 0.5501122926689144 0.4159365186074275 0
928 0.5517797690261798 0.4221596250931615 0
929 0.5501122926689144 0.4283827315788956 0
930 0.5455566625404457 0.4329383617073642 0
931 0.5393335560547117 0.4346058380646295 0
932 0.7384862781982755 0.398342837989339 0
933 0.7364574491327717 0.3907711448370063 0
934 0.7384862781982755 0.3831994516846735 0
935 0.7440291422851044 0.3776565875978446 0
936 0.7516008354374372 0.3756277585323408 0
937 0.7690100946405962 0.3730442765286723 0
938 0.7850290404617356 0.3750102957034243 0
939 0.7915845606586698 0.3767668420461587 0
940 0.7963835345128695 0.3815658159003584 0
941 0.798140080855604 0.3881213360972926 0
942 0.7963835345128695 0.3946768562942268 0
943 0.7915845606586698 0.3994758301484265 0
944 0.7775020202325649 0.4047365742919939 0
945 0.7690100946405962 0.4070119788965471 0
946 0.7516008354374372 0.4059145311416718 0
947 0.7440291422851044 0.4038857020761679 0
948 0.685475272803185 0.6280452474284531 0
949 0.6939693585964408 0.6257692639997096 0
950 0.7024634443896967 0.6280452474284531 0
951 0.7086815467542089 0.6342633497929654 0
952 0.7109575301829525 0.6427574355862212 0
953 0.7086815467542089 0.6512515213794771 0
954 0.7024634443896967 0.6574696237439893 0
955 0.6939693585964408 0.6597456071727329 0
956 0.685475272803185 0.6574696237439893 0
957 0.6787296202476439 0.6526948495732259 0
958 0.6751372721680376 0.6491025014936196 0
959 0.6738223815116655 0.6441952627576412 0
960 0.6751372721680376 0.6392880240216627 0
961 0.6792571704386727 0.6342633497929654 0
962 0.5002787339683564 0.2325886815962596 0
963 0.5133253161153963 0.1334390277160037 0
964 0.5156022035752448 0.1249415680327326 0
965 0.5218227757986674 0.11872099580931 0
966 0.5303202354819385 0.1164441083494614 0
967 0.5388176951652096 0.1187209958093099 0
968 0.5450382673886323 0.1249415680327325 0
969 0.5473151548484807 0.1334390277160037 0
970 0.545323717000426 0.153347478711145 0
971 0.5430507091301915 0.1732319314102478 0
972 0.5404564982510314 0.1930687972700389 0
973 0.5377000188471454 0.2128712658599762 0
974 0.5342171144637745 0.2325886815962596 0
975 0.5319436740522326 0.2410732767201141 0
976 0.5257325193399199 0.2472844314324267 0
977 0.5172479242160655 0.2495578718439686 0
978 0.508763329092211 0.2472844314324267 0
979 0.5025521743798983 0.2410732767201141 0
980 0.05567515774947127 0.2116140229156685 0
981 0.05826195509426387 0.2142008202604611 0
982 0.01906043970468295 0.1760461217981096 0
983 0.01223913669803234 0.1742183591661496 0
984 0.00541783369138171 0.1760461217981096 0
985 0.0004242933166911152 0.1810396621728002 0
986 -6.602791230436722e-17 0.1826231463880039 0
987 4.285580137292078e-16 0.1930987839709016 0
988 0.0004242933166911204 0.1946822681861015 0
989 0.02348282105373362 0.2259900620889965 0
990 0.02728679271035814 0.229794033745621 0
991 0.03248311462858322 0.2311863840072216 0
992 0.0376794365468083 0.229794033745621 0
993 0.05567515774947127 0.2238548793801114 0
994 0.05826195509426388 0.2212680820353188 0
995 0.05920878863690011 0.21773445114789 0
996 0.9985965306847311 0.1878609651794509 0
997 1 0.1826231463880033 0
998 0.9999999999999999 0.1930987839708972 0
999 0.3197331064342192 0.2695104502593508 0
1000 0.312236246858296 0.2675016727902126 0
1001 0.306748164751511 0.2620135906834276 0
1002 0.3047393872823728 0.2545167311075044 0
1003 0.306748164751511 0.2470198715315812 0
1004 0.312236246858296 0.2415317894247962 0
1005 0.3273706781617615 0.23434321464793 0
1006 0.3358577998281013 0.2320690972513696 0
1007 0.3516967262469173 0.2307481250016896 0
1008 0.3583994792557326 0.2325441222574669 0
1009 0.3633062350087705 0.2374508780105049 0
1010 0.3651022322645478 0.2441536310193201 0
1011 0.3633062350087705 0.2508563840281354 0
1012 0.3583994792557326 0.2557631397811734 0
1013 0.344344921494441 0.2637434665201681 0
1014 0.3358577998281013 0.2660175839167285 0
1015 0.02125511489606926 0.3662996499318135 0
1016 0.02860394565892909 0.3643305366635922 0
1017 0.004810528502979367 0.3752616704886858 0
1018 0.0009081818846298721 0.3791640171070353 0
1019 -5.182486384480711e-17 0.382553398042988 0
1020 1.845854198656571e-16 0.3864360454011598 0
1021 0.0009081818846298755 0.3898254263371107 0
1022 0.004810528502979374 0.3937277729554602 0
1023 0.01014123311801708 0.3951561309521484 0
1024 0.0286039456589291 0.3937258597150315 0
1025 0.03595277642178894 0.3917567464468102 0
1026 0.04133249391642749 0.3863770289521717 0
1027 0.04330160718464877 0.3790281981893118 0
1028 0.04133249391642748 0.371679367426452 0
1029 0.03595277642178892 0.3662996499318134 0
1030 0.9994798238879417 0.384494721722073 0
1031 1 0.3825533980429874 0
1032 0.9999999999999998 0.3864360454011566 0
1033 0.2655323322520975 0.7663099251510282 0
1034 0.2582925358209502 0.7643700275439366 0
1035 0.2529926369968944 0.7590701287198809 0
1036 0.2510527393898028 0.7518303322887335 0
1037 0.2529926369968944 0.7445905358575862 0
1038 0.2582925358209502 0.7392906370335305 0
1039 0.2655323322520975 0.7373507394264388 0
1040 0.2830765902488739 0.7361862473887174 0
1041 0.2874379356054357 0.7373548663549214 0
1042 0.2906306619957937 0.7405475927452794 0
1043 0.2917992809619976 0.7449089381018412 0
1044 0.2906306619957937 0.7492702834584031 0
1045 0.2874379356054358 0.752463009848761 0
1046 0.2727721286832449 0.7643700275439366 0
1047 0.4364659357386799 0.8194034889058418 0
1048 0.4344888120485398 0.8120247628413911 0
1049 0.4364659357386799 0.8046460367769405 0
1050 0.4418675381129905 0.7992444344026298 0
1051 0.455536769638617 0.7900074437434507 0
1052 0.4640114261413858 0.7877366663774026 0
1053 0.4788957810344843 0.7870628534790797 0
1054 0.485028937971327 0.78870622792736 0
1055 0.4895187204598893 0.7931960104159224 0
1056 0.4911620949081696 0.7993291673527649 0
1057 0.4895187204598893 0.8054623242896075 0
1058 0.485028937971327 0.8099521067781699 0
1059 0.4724860826441546 0.8193645150224297 0
1060 0.4566249902418918 0.8248050912801524 0
1061 0.4492462641774412 0.8267822149702925 0
1062 0.4418675381129905 0.8248050912801524 0
1063 0.07115783765342955 0.1372820007546942 0
1064 0.06275369601688766 0.135030117790106 0
1065 0.05660143734493393 0.1288778591181523 0
1066 0.04795188932834221 0.1202266586162649 0
1067 0.04611852117240345 0.1133844355093226 0
1068 0.04795188932834221 0.1065422124023802 0
1069 0.05296074427934578 0.1015333574513766 0
1070 0.05980296738628813 0.09969998929543789 0
1071 0.06664519049323045 0.1015333574513766 0
1072 0.07956197928997143 0.1059173171731148 0
1073 0.08571423796192516 0.1120695758450685 0
1074 0.08796612092651333 0.1204737174816104 0
1075 0.08571423796192516 0.1288778591181523 0
1076 0.07956197928997144 0.135030117790106 0
1077 0.5999677225834358 0.2861383197239984 0
1078 0.597703956273108 0.2776898288373925 0
1079 0.5999677225834358 0.2692413379507866 0
1080 0.6061524471597139 0.2630566133745085 0
1081 0.6205380435628047 0.2520943372711815 0
1082 0.6352947088947533 0.2412060786572184 0
1083 0.6406056190128016 0.2397830245800131 0
1084 0.6459165291308498 0.2412060786572184 0
1085 0.6498043851716928 0.2450939346980614 0
1086 0.6512274392488981 0.2504048448161096 0
1087 0.6498043851716928 0.2557157549341579 0
1088 0.6407030420567082 0.272259335765085 0
1089 0.6292341535092038 0.2861383197239984 0
1090 0.6230494289329256 0.2923230443002765 0
1091 0.6146009380463198 0.2945868106106043 0
1092 0.6061524471597139 0.2923230443002765 0
1093 0.1335329028175331 0.5082428919963865 0
1094 0.1314526602385799 0.5160064629931082 0
1095 0.1257693318208115 0.5216897914108765 0
1096 0.11800576082409 0.5237700339898297 0
1097 0.1102421898273684 0.5216897914108765 0
1098 0.1045588614096 0.5160064629931082 0
1099 0.09183505320073018 0.5027680262886143 0
1100 0.08131194735131116 0.4880343085549937 0
1101 0.07663249290122344 0.4705938217187304 0
1102 0.07560224302878227 0.4667488768502886 0
1103 0.07663249290122344 0.4629039319818468 0
1104 0.0794471878972241 0.4600892369858461 0
1105 0.08329213276566594 0.4590589871134049 0
1106 0.08713707763410777 0.4600892369858461 0
1107 0.1023287616753275 0.4670174942309774 0
1108 0.115051777345321 0.4795513021440235 0
1109 0.1212726798307602 0.4857722046294627 0
1110 0.1314526602385799 0.5004793209996649 0
1111 0.2546278122430711 0.7706252808460895 0
1112 0.2630143766453767 0.7728724540049589 0
1113 0.2691537678888129 0.7790118452483951 0
1114 0.2714009410476823 0.7873984096507006 0
1115 0.2691537678888129 0.7957849740530062 0
1116 0.2630143766453767 0.8019243652964424 0
1117 0.2546278122430711 0.8041715384553118 0
1118 0.2158969412484779 0.8125241981613976 0
1119 0.1576978746929515 0.82280139081374 0
1120 0.1512746769749674 0.8210803001723808 0
1121 0.1465725698983426 0.816378193095756 0
1122 0.1448514792569834 0.8099549953777719 0
1123 0.1465725698983426 0.8035317976597879 0
1124 0.1512746769749674 0.7988296905831631 0
1125 0.1694501678554948 0.7918022927693631 0
1126 0.1767754520604433 0.7898394887823187 0
1127 0.7505006931335627 0.4387015645247886 0
1128 0.752706403648162 0.4469333882320621 0
1129 0.7505006931335627 0.4551652119393356 0
1130 0.7444745799408885 0.4611913251320097 0
1131 0.736242756233615 0.4633970356466091 0
1132 0.7164201376429818 0.4658384612521167 0
1133 0.6566418704973037 0.4706548441378118 0
1134 0.6367163019985148 0.4720044394881895 0
1135 0.6288694581594213 0.4699018840183712 0
1136 0.623125169790146 0.4641575956490959 0
1137 0.6210226143203277 0.4563107518100024 0
1138 0.623125169790146 0.4484639079709088 0
1139 0.6288694581594212 0.4427196196016335 0
1140 0.6367163019985148 0.4406170641318152 0
1141 0.6963691414081321 0.4338437209827908 0
1142 0.736242756233615 0.4304697408175151 0
1143 0.7444745799408885 0.4326754513321144 0
1144 0.06320385614275487 0.8438045114470677 0
1145 0.06540779095923842 0.8355793147353811 0
1146 0.07142905285444147 0.829558052840178 0
1147 0.07965424956612809 0.8273541180236945 0
1148 0.08787944627781469 0.829558052840178 0
1149 0.1048247923524084 0.8369422097149449 0
1150 0.1219189207917636 0.8453382274705481 0
1151 0.1257061596318388 0.8491254663106234 0
1152 0.1270923852575054 0.8542989307763652 0
1153 0.1257061596318388 0.8594723952421071 0
1154 0.1219189207917636 0.8632596340821823 0
1155 0.1167454563260217 0.8646458597078489 0
1156 0.09789972338671488 0.8627869189408317 0
1157 0.07965424956612809 0.8602549048704409 0
1158 0.07142905285444148 0.8580509700539574 0
1159 0.06540779095923843 0.8520297081587543 0
1160 0.5918659419611082 0.7643792072566984 0
1161 0.589699009655838 0.7724663087165293 0
1162 0.5837788405012773 0.7783864778710901 0
1163 0.5756917390414463 0.7805534101763603 0
1164 0.5616533393098373 0.7791953744068458 0
1165 0.5539018719299496 0.7771183749822488 0
1166 0.5482274039746589 0.7714439070269581 0
1167 0.5461504045500618 0.7636924396470703 0
1168 0.5482274039746589 0.7559409722671826 0
1169 0.5539018719299496 0.7502665043118919 0
1170 0.5616533393098373 0.7481895048872949 0
1171 0.5756917390414463 0.7482050043370365 0
1172 0.5837788405012773 0.7503719366423067 0
1173 0.5896990096558379 0.7562921057968675 0
1174 0.1845549390174007 0.1000834746609758 0
1175 0.1827681415380605 0.09341505568524215 0
1176 0.1845549390174007 0.08674663670950852 0
1177 0.1894365605137941 0.08186501521311508 0
1178 0.1961049794895278 0.08007821773377488 0
1179 0.2135365520723234 0.08039730268604975 0
1180 0.2312373450604485 0.08351706521683691 0
1181 0.2393937836108677 0.0857025763395358 0
1182 0.2548403887774359 0.09225391185507981 0
1183 0.2591201841610623 0.09653370723870627 0
1184 0.260686697994469 0.1023800164557394 0
1185 0.2591201841610623 0.1082263256727725 0
1186 0.2548403887774359 0.112506121056399 0
1187 0.2489940795604027 0.1140726348898056 0
1188 0.2312373450604485 0.1161428194185136 0
1189 0.2135365520723234 0.1139245835183014 0
1190 0.2051547318642605 0.111678681562448 0
1191 0.1894365605137941 0.1049650961573692 0
1192 0.4743647568170721 0.1085571336477362 0
1193 0.472209109279153 0.1166021197824606 0
1194 0.4663197706823476 0.1224914583792661 0
1195 0.4582747845476232 0.1246471059171851 0
1196 0.4502297984128987 0.1224914583792661 0
1197 0.4443404598160933 0.1166021197824606 0
1198 0.4183323208488214 0.08656848743073034 0
1199 0.3806295827268164 0.04050041358674123 0
1200 0.3788750359348933 0.03395235581502706 0
1201 0.3806295827268164 0.02740429804331289 0
1202 0.3854230937066074 0.02261078706352187 0
1203 0.3919711514783216 0.02085624027159871 0
1204 0.3985192092500358 0.02261078706352186 0
1205 0.4126521986681342 0.03627758483859284 0
1206 0.4178328039225358 0.04145819009299448 0
1207 0.4586779452622983 0.08568680610231043 0
1208 0.472209109279153 0.1005121475130117 0
1209 0.7283960123953941 0.1982974727671875 0
1210 0.7305898414678464 0.2064849543287016 0
1211 0.7283960123953941 0.2146724358902156 0
1212 0.7224023599063324 0.2206660883792773 0
1213 0.7142148783448183 0.2228599174517297 0
1214 0.7060273967833043 0.2206660883792773 0
1215 0.7000337442942426 0.2146724358902156 0
1216 0.6978399152217902 0.2064849543287016 0
1217 0.7000337442942426 0.1982974727671875 0
1218 0.7055601955543113 0.1882383662283357 0
1219 0.708003688829198 0.185794872953449 0
1220 0.7113415627166697 0.184900492340864 0
1221 0.7146794366041413 0.185794872953449 0
1222 0.7224023599063324 0.1923038202781258 0
1223 0.4561798345205125 0.4777780904507718 0
1224 0.4638903494866619 0.475712064192364 0
1225 0.5026196044576547 0.4789814339545897 0
1226 0.5217198044312755 0.4813537323296533 0
1227 0.5414966841059665 0.4840523367363376 0
1228 0.5607685388069619 0.4891542158354917 0
1229 0.5667020417327363 0.4907440931527406 0
1230 0.5710456673412617 0.4950877187612661 0
1231 0.5726355446585107 0.5010212216870406 0
1232 0.5710456673412617 0.506954724612815 0
1233 0.5667020417327363 0.5112983502213404 0
1234 0.5607685388069619 0.5128882275385894 0
1235 0.5414966841059665 0.5141522748647344 0
1236 0.5217198044312755 0.5136160976088141 0
1237 0.5026196044576547 0.5129757203137223 0
1238 0.4830752292508438 0.5108174027323925 0
1239 0.4638903494866619 0.5065541240569612 0
1240 0.4561798345205125 0.5044880977985534 0
1241 0.450535345812771 0.4988436090908119 0
1242 0.4484693195543633 0.4911330941246626 0
1243 0.450535345812771 0.4834225791585133 0
1244 0.376639254282629 0.6941373064378312 0
1245 0.3745785241692486 0.7018280559216541 0
1246 0.3689485047988061 0.7074580752920966 0
1247 0.3612577553149832 0.709518805405477 0
1248 0.3535670058311604 0.7074580752920966 0
1249 0.3479369864607179 0.7018280559216541 0
1250 0.3458762563473374 0.6941373064378312 0
1251 0.3421408167873445 0.6778598772161575 0
1252 0.3435092608451484 0.6727527744651175 0
1253 0.3472479195383845 0.6690141157718814 0
1254 0.3523550222894245 0.6676456717140775 0
1255 0.3574621250404645 0.6690141157718814 0
1256 0.3612007837337006 0.6727527744651175 0
1257 0.3745785241692486 0.6864465569540084 0
1258 0.1488233533973236 0.7469719637672669 0
1259 0.1571880937566913 0.7492132891914555 0
1260 0.1633115086918704 0.7553367041266346 0
1261 0.165552834116059 0.7637014444860023 0
1262 0.1633115086918704 0.77206618484537 0
1263 0.1571880937566913 0.7781895997805491 0
1264 0.1214585662728711 0.7960903148810924 0
1265 0.0670617518221658 0.8208886055769002 0
1266 0.05875326011552801 0.8231148592200145 0
1267 0.05044476840889023 0.8208886055769002 0
1268 0.04436253034536672 0.8148063675133768 0
1269 0.04213627670225244 0.8064978758067389 0
1270 0.0443625303453667 0.7981893841001011 0
1271 0.05044476840889021 0.7921071460365776 0
1272 0.1219679636809259 0.7569260284141072 0
1273 0.140458613037956 0.7492132891914556 0
1274 0.1860684207581983 0.02643703350186686 0
1275 0.1934638724215926 0.02841863880273674 0
1276 0.1988777187841169 0.03383248516526109 0
1277 0.2008593240849868 0.04122793682865533 0
1278 0.1988777187841169 0.04862338849204956 0
1279 0.1934638724215926 0.05403723485457392 0
1280 0.1785640320430307 0.06123600092120556 0
1281 0.1700732440773565 0.06351110069971186 0
1282 0.1543717881800382 0.06440093022795339 0
1283 0.1477351926706501 0.06262265982072085 0
1284 0.1428768675684946 0.05776433471856536 0
1285 0.1410985971612621 0.05112773920917732 0
1286 0.1428768675684946 0.04449114369978929 0
1287 0.1477351926706501 0.03963281859763379 0
1288 0.1615824561116823 0.03182304861552139 0
1289 0.1700732440773565 0.02954794883701509 0
1290 1 0.7785368338702637 0
1291 0.9999999999999998 0.8275151817051931 0
1292 0.9990248624070776 0.7787981212007965 0
1293 0.9930854161598864 0.7847375674479876 0
1294 0.9909114279490024 0.7928510019060627 0
1295 0.9923805073346923 0.7983336808138092 0
1296 0.007138296865152717 0.8090778708222131 0
1297 0.004279201171929693 0.8083117784401306 0
1298 0.01525173132322787 0.8069038826113289 0
1299 0.03167318857099089 0.7983774458641639 0
1300 0.04719725185553111 0.7869391714105713 0
1301 0.05010748812346173 0.7840289351426407 0
1302 0.05117270852853915 0.7800534784696327 0
1303 0.05010748812346173 0.7760780217966247 0
1304 0.0471972518555311 0.773167785528694 0
1305 0.04322179518252306 0.7721025651236166 0
1306 0.02508123733679873 0.7737759489371424 0
1307 0.007138296865152713 0.7766241329899124 0
1308 -4.174178364069192e-18 0.7785368338702637 0
1309 -1.543903893619358e-16 0.8275151817051931 0
1310 0.005609085994264129 0.8149009450025111 0
1311 0.6760394780469572 0.07915861190896892 0
1312 0.6688255931185862 0.07722565726812088 0
1313 0.6635446628310634 0.07194472698059799 0
1314 0.6616117081902153 0.06473084205222707 0
1315 0.6635446628310634 0.05751695712385615 0
1316 0.6716555961853887 0.04607008318945253 0
1317 0.6777935331667738 0.03993214620806742 0
1318 0.6861781110101739 0.03768550534605249 0
1319 0.6967760123235247 0.03792364873873277 0
1320 0.7006386792379466 0.03895864721908254 0
1321 0.7034663476720188 0.0417863156531547 0
1322 0.7045013461523686 0.04564898256757664 0
1323 0.7029472666969739 0.05445466103285255 0
1324 0.7007006258349591 0.06283923887625258 0
1325 0.694562688853574 0.06897717585763768 0
1326 0.6832533629753281 0.07722565726812088 0
1327 0.175201729755373 0.5208018570749382 0
1328 0.1670653897509133 0.5229819828084782 0
1329 0.1589290497464536 0.5208018570749382 0
1330 0.1474176931270993 0.5168490272791924 0
1331 0.1419971570910407 0.5114284912431337 0
1332 0.1400131031997142 0.5040239013157486 0
1333 0.1419971570910407 0.4966193113883635 0
1334 0.1474176931270993 0.4911987753523048 0
1335 0.1548222830544844 0.4892147214609784 0
1336 0.1670653897509133 0.4904366227906395 0
1337 0.1752017297553729 0.4926167485241795 0
1338 0.1811579440262926 0.4985729627950992 0
1339 0.1833380697598326 0.5067093027995588 0
1340 0.1811579440262926 0.5148456428040185 0
1341 0.05629799830287712 0.3564043647088539 0
1342 0.05629387422136395 0.3383367045680899 0
1343 0.05981005375131729 0.3209223799087971 0
1344 0.06197292434487754 0.3128504369634335 0
1345 0.07158993372146802 0.2986838792378622 0
1346 0.07539929017420069 0.2948745227851295 0
1347 0.08060296786070371 0.2934802015513592 0
1348 0.08580664554720673 0.2948745227851295 0
1349 0.08961600199993941 0.2986838792378622 0
1350 0.09101032323370974 0.3038875569243653 0
1351 0.09209782553277146 0.3209223799087971 0
1352 0.08987047992898681 0.3383367045680899 0
1353 0.08762127383300286 0.3467308559949956 0
1354 0.08242987479595963 0.3634063799118852 0
1355 0.07730404391197102 0.3685322107958738 0
1356 0.07030202870893972 0.3704083951149165 0
1357 0.06330001350590843 0.3685322107958738 0
1358 0.05817418262191981 0.3634063799118852 0
1359 0.9401192729250343 0.279137066085517 0
1360 0.9319606439581323 0.2813231641285436 0
1361 0.9238020149912303 0.279137066085517 0
1362 0.9079672824491747 0.2719511583608183 0
1363 0.9034774565286935 0.2674613324403372 0
1364 0.9018340661832275 0.2613281161743899 0
1365 0.9034774565286935 0.2551948999084427 0
1366 0.9079672824491747 0.2507050739879615 0
1367 0.9141004987151219 0.2490616836424956 0
1368 0.9319606439581323 0.2486886482609357 0
1369 0.9401192729250343 0.2508747463039622 0
1370 0.9460918038489097 0.2568472772278377 0
1371 0.9482779018919362 0.2650059061947396 0
1372 0.9460918038489097 0.2731645351616416 0
1373 0.1368561346866877 0.5833321093222108 0
1374 0.1389727269502941 0.5754328794555243 0
1375 0.1447553645533741 0.5696502418524444 0
1376 0.1526545944200605 0.567533649588838 0
1377 0.1605538242867469 0.5696502418524444 0
1378 0.1663364618898268 0.5754328794555243 0
1379 0.1730520160710818 0.5925586715691933 0
1380 0.1753295461966235 0.6010585297134837 0
1381 0.1772465243655414 0.6196616389593068 0
1382 0.1784017095909072 0.6378426762645779 0
1383 0.1767529550863771 0.6439959118446925 0
1384 0.1722484740107926 0.6485003929202771 0
1385 0.1660952384306779 0.6501491474248072 0
1386 0.1599420028505633 0.6485003929202771 0
1387 0.1554375217749788 0.6439959118446925 0
1388 0.1475015800202559 0.6276317727755347 0
1389 0.1453659891006296 0.6196616389593068 0
1390 0.5988395579030247 0.8549580022166545 0
1391 0.596713841635128 0.8628912833309207 0
1392 0.5909062767887585 0.8686988481772902 0
1393 0.5829729956744923 0.8708245644451869 0
1394 0.5750397145602262 0.8686988481772902 0
1395 0.5692321497138567 0.8628912833309207 0
1396 0.5416232719358076 0.8345712952732447 0
1397 0.5282045291755465 0.820219635107897 0
1398 0.5153748228559742 0.8054708234656254 0
1399 0.5033739961484438 0.7904270496869934 0
1400 0.5014847987531658 0.783376469022289 0
1401 0.5033739961484438 0.7763258883575846 0
1402 0.5085353794178701 0.7711645050881583 0
1403 0.5155859600825745 0.7692753076928802 0
1404 0.5226365407472788 0.7711645050881583 0
1405 0.537080343390902 0.7837653029306976 0
1406 0.5510138829183124 0.7974102813651309 0
1407 0.5571256308335625 0.8035220292803809 0
1408 0.5710622126565592 0.8175747149234613 0
1409 0.5847081607404747 0.831554496954 0
1410 0.596713841635128 0.8470247211023884 0
1411 0.7981416215410433 0.6290308928813994 0
1412 0.8002721045708523 0.621079821969489 0
1413 0.8060926924529537 0.6152592340873876 0
1414 0.8096906134601848 0.6123535617326745 0
1415 0.8164150789586125 0.6105517466328398 0
1416 0.8231395444570403 0.6123535617326745 0
1417 0.8280621948556334 0.6172762121312676 0
1418 0.8298640099554681 0.6240006776296954 0
1419 0.8299459051886848 0.6290308928813994 0
1420 0.8278154221588758 0.6369819637933097 0
1421 0.8219948342767744 0.6428025516754111 0
1422 0.8140437633648641 0.6449330347052201 0
1423 0.8060926924529537 0.6428025516754111 0
1424 0.8002721045708523 0.6369819637933097 0
1425 0.4501253773433882 0.2916381395934025 0
1426 0.457630185631167 0.2936490469134632 0
1427 0.463124086598885 0.2991429478811813 0
1428 0.4651349939189457 0.3066477561689601 0
1429 0.463124086598885 0.3141525644567388 0
1430 0.457630185631167 0.3196464654244568 0
1431 0.4501253773433882 0.3216573727445176 0
1432 0.3509518085489561 0.3308946792375337 0
1433 0.3448409074923647 0.3292572682343935 0
1434 0.3403674174389135 0.3247837781809423 0
1435 0.3387300064357733 0.3186728771243508 0
1436 0.3403674174389135 0.3125619760677594 0
1437 0.3448409074923647 0.3080884860143082 0
1438 0.3509518085489561 0.306451075011168 0
1439 0.4103337746211076 0.2962709943900363 0
1440 0.4302131559407023 0.2938482131515039 0
1441 0.3585292630341647 0.084533990051699 0
1442 0.3669970342585993 0.08226505759042024 0
1443 0.3850237275181158 0.08681405694724728 0
1444 0.3931171570308769 0.08898268484918985 0
1445 0.4094212520659911 0.09482892956876081 0
1446 0.4138998286091176 0.09930750611188736 0
1447 0.415539101396695 0.1054253554425913 0
1448 0.4138998286091176 0.1115432047732953 0
1449 0.4094212520659911 0.1160217813164218 0
1450 0.4033034027352871 0.1176610541039992 0
1451 0.3850237275181158 0.1191877749982919 0
1452 0.3669970342585993 0.1161361424881585 0
1453 0.3585292630341647 0.1138672100268798 0
1454 0.3523304242710089 0.1076683712637239 0
1455 0.3500614918097301 0.09920060003928938 0
1456 0.3523304242710089 0.09073282881485482 0
1457 0.3191654238049228 0.447870070105356 0
1458 0.3256523706462365 0.4461318979378824 0
1459 0.3321393174875502 0.447870070105356 0
1460 0.3368880921613903 0.4526188447791961 0
1461 0.3461873570480066 0.4699047318444541 0
1462 0.3475035455286873 0.4748168141266913 0
1463 0.3461873570480066 0.4797288964089285 0
1464 0.3425914632464501 0.483324790210485 0
1465 0.3376793809642129 0.4846409786911657 0
1466 0.3327672986819757 0.483324790210485 0
1467 0.3191654238049229 0.4703415131356636 0
1468 0.3144166491310827 0.4655927384618235 0
1469 0.3126784769636091 0.4591057916205098 0
1470 0.3144166491310827 0.4526188447791961 0
1471 0.6137641682332865 0.4707117270442814 0
1472 0.6115748635607023 0.4788823233156134 0
1473 0.6055935719619545 0.4848636149143611 0
1474 0.5974229756906226 0.4870529195869453 0
1475 0.5892523794192908 0.4848636149143611 0
1476 0.5832710878205429 0.4788823233156134 0
1477 0.5776816473658907 0.4655027871309762 0
1478 0.5766279020485934 0.461570156068585 0
1479 0.5776816473658907 0.4576375250061938 0
1480 0.5805605331109847 0.4547586392610998 0
1481 0.5844931641733758 0.4537048939438026 0
1482 0.5974229756906226 0.4543705345016176 0
1483 0.6055935719619545 0.4565598391742017 0
1484 0.6115748635607023 0.4625411307729495 0
1485 0.6892260187406091 0.4905299464019295 0
1486 0.6912098503729999 0.4831261859561848 0
1487 0.6966297791863538 0.4777062571428308 0
1488 0.7040335396320986 0.47572242551044 0
1489 0.7219587518716118 0.4797101500320035 0
1490 0.7303637983103159 0.4819622754376003 0
1491 0.7461955279187612 0.4881202541821952 0
1492 0.7607651225592122 0.4984408776829495 0
1493 0.7645674366935314 0.5022431918172687 0
1494 0.7659591802598609 0.5074372495179174 0
1495 0.7645674366935314 0.512631307218566 0
1496 0.7607651225592122 0.5164336213528852 0
1497 0.7555710648585636 0.5178253649192146 0
1498 0.7383086514037325 0.5175544780493044 0
1499 0.7219587518716118 0.5133303357868199 0
1500 0.7135537054329077 0.5110782103812229 0
1501 0.6966297791863538 0.5033536356610282 0
1502 0.6912098503729999 0.4979337068476742 0
1503 0.5961564727869042 0.7940148281260242 0
1504 0.594109919025719 0.7863769855088597 0
1505 0.5961564727869042 0.7787391428916952 0
1506 0.6017477616428833 0.7731478540357161 0
1507 0.6093856042600478 0.7711013002745308 0
1508 0.6883134274625984 0.7587663280287827 0
1509 0.7080724418476561 0.7569378078719616 0
1510 0.7148649971528339 0.7587578675805278 0
1511 0.7198374927494458 0.7637303631771396 0
1512 0.7216575524580119 0.7705229184823175 0
1513 0.7198374927494458 0.7773154737874953 0
1514 0.7148649971528339 0.7822879693841072 0
1515 0.7080724418476561 0.7841080290926733 0
1516 0.6883134274625984 0.7880201997831723 0
1517 0.6489959690223123 0.7956269224749919 0
1518 0.6093856042600478 0.8016526707431886 0
1519 0.6017477616428833 0.7996061169820033 0
1520 0.6833368783458457 0.1320717257046346 0
1521 0.675649218915508 0.1300118235685901 0
1522 0.6700214616212149 0.124384066274297 0
1523 0.6679615594851704 0.1166964068439593 0
1524 0.6700214616212149 0.1090087474136217 0
1525 0.6805125639266045 0.09724143815334697 0
1526 0.6866474782682669 0.09110652381168455 0
1527 0.7014064006266775 0.08407250222389322 0
1528 0.7073149618217356 0.08248930802324753 0
1529 0.7132235230167937 0.0840725022238932 0
1530 0.717548890011206 0.08839786921830561 0
1531 0.7191320842118517 0.0943064304133637 0
1532 0.717548890011206 0.1002149916084218 0
1533 0.709543290291434 0.1140023358348517 0
1534 0.7034083759497717 0.1201372501765141 0
1535 0.6910245377761833 0.1300118235685901 0
1536 0.5729395566221852 0.1365708490364543 0
1537 0.5644680500295762 0.1343009156862898 0
1538 0.5534353023407272 0.1246496189512128 0
1539 0.5493920787075026 0.1206063953179882 0
1540 0.5479121561445608 0.1150832491218217 0
1541 0.5493920787075026 0.1095601029256553 0
1542 0.5534353023407272 0.1055168792924306 0
1543 0.5589584485368937 0.1040369567294888 0
1544 0.5729395566221852 0.1026848226660183 0
1545 0.5814110632147942 0.1049547560161828 0
1546 0.593725968407848 0.1117443243942368 0
1547 0.5986750818759007 0.1166934378622896 0
1548 0.6004865831314197 0.1234540525858613 0
1549 0.5986750818759007 0.130214667309433 0
1550 0.593725968407848 0.1351637807774857 0
1551 0.5869653536842763 0.1369752820330047 0
1552 0.819779474177928 0.1257885564171861 0
1553 0.8178978659802419 0.1328108138108883 0
1554 0.8127572167842256 0.1379514630069046 0
1555 0.8057349593905234 0.1398330712045905 0
1556 0.7921652167270496 0.1384457328973033 0
1557 0.7837502631860798 0.136190952891655 0
1558 0.777590089650758 0.1300307793563334 0
1559 0.769359610878911 0.1213021225955895 0
1560 0.7680047139457079 0.1162455784018562 0
1561 0.769359610878911 0.1111890342081228 0
1562 0.7730612581394413 0.1074873869475926 0
1563 0.7781178023331746 0.1061324900143895 0
1564 0.7921652167270496 0.1047859187334235 0
1565 0.8005801702680195 0.1070406987390718 0
1566 0.8127572167842256 0.1136256498274676 0
1567 0.8178978659802419 0.1187662990234838 0
1568 0.1826715748395717 0.8848984908950562 0
1569 0.1809772079906809 0.8912219540617772 0
1570 0.1763481116728508 0.8958510503796072 0
1571 0.1700246485061299 0.897545417228498 0
1572 0.163701185339409 0.8958510503796072 0
1573 0.1473244489546021 0.8860255272699222 0
1574 0.1444085427246779 0.8831096210399981 0
1575 0.1433412469694723 0.8791264190548683 0
1576 0.1444085427246779 0.8751432170697385 0
1577 0.1473244489546021 0.8722273108398144 0
1578 0.1513076509397318 0.8711600150846088 0
1579 0.1700246485061299 0.8722515645616145 0
1580 0.1763481116728508 0.8739459314105053 0
1581 0.1809772079906809 0.8785750277283353 0
1582 0.3396090404750014 0.8545032113402743 0
1583 0.3344588568805047 0.859653394934771 0
1584 0.3274235752562684 0.8615384929645106 0
1585 0.3203882936320321 0.859653394934771 0
1586 0.3152381100375354 0.8545032113402743 0
1587 0.3133530120077958 0.847467929716038 0
1588 0.3116994243111091 0.8286506719047579 0
1589 0.3173340877962941 0.7915902766059666 0
1590 0.3192877690501312 0.7842990389048514 0
1591 0.327651665595705 0.7699336571020469 0
1592 0.3301511876684349 0.7674341350293169 0
1593 0.333565598317104 0.7665192464533778 0
1594 0.336980008965773 0.7674341350293169 0
1595 0.3394795310385029 0.7699336571020469 0
1596 0.3445453573469175 0.7842990389048514 0
1597 0.3464990386007546 0.7915902766059666 0
1598 0.3482410314540699 0.81073751145399 0
1599 0.341494138504741 0.847467929716038 0
1600 0.04382235009993042 0.6826418254439655 0
1601 0.03544249080997597 0.6848872019733951 0
1602 0.02706263152002152 0.6826418254439655 0
1603 0.01072911633800381 0.6726973458630919 0
1604 0.005818327692637109 0.6677865572177253 0
1605 0.004020854295816726 0.6610782951755382 0
1606 0.005818327692637106 0.6543700331333511 0
1607 0.0107291163380038 0.6494592444879844 0
1608 0.01743737838019088 0.6476617710911641 0
1609 0.03544249080997597 0.6513677648135774 0
1610 0.04382235009993041 0.6536131413430071 0
1611 0.04995683286045513 0.6597476241035318 0
1612 0.05220220938988487 0.6681274833934863 0
1613 0.04995683286045514 0.6765073426834407 0
1614 0.07018639098579818 0.6628275509652175 0
1615 0.07241924963641039 0.6544944090350131 0
1616 0.07851953291600261 0.6483941257554209 0
1617 0.08685267484620704 0.6461612671048087 0
1618 0.09518581677641146 0.6483941257554209 0
1619 0.1119335999897392 0.6593779498134023 0
1620 0.1448052113952762 0.6821339810596435 0
1621 0.1770383297971472 0.7058537505492123 0
1622 0.1827089996668723 0.7115244204189374 0
1623 0.1847846088956667 0.7192706995174568 0
1624 0.1827089996668723 0.7270169786159763 0
1625 0.1770383297971472 0.7326876484857013 0
1626 0.1692920506986278 0.7347632577144957 0
1627 0.1615457716001084 0.7326876484857013 0
1628 0.1448514068782828 0.7217106892992805 0
1629 0.07851953291600261 0.6772609761750141 0
1630 0.07241924963641039 0.6711606928954219 0
1631 0.02067007257535271 0.604435415659723 0
1632 0.02274765185036218 0.5966817842486356 0
1633 0.02842370398644014 0.5910057321125577 0
1634 0.03617733539752757 0.5889281528375482 0
1635 0.04393096680861499 0.5910057321125576 0
1636 0.06267857134173592 0.5980593449695694 0
1637 0.09960406121704972 0.6129876727029018 0
1638 0.1363822812044196 0.6285529438765093 0
1639 0.141595689570272 0.6337663522423616 0
1640 0.1435039294724762 0.6408880005104182 0
1641 0.141595689570272 0.6480096487784748 0
1642 0.1363822812044196 0.653223057144327 0
1643 0.1292606329363631 0.6551312970465314 0
1644 0.1221389846683065 0.653223057144327 0
1645 0.1031221467966666 0.6469110668558941 0
1646 0.02842370398644015 0.6178650992068884 0
1647 0.02274765185036218 0.6121890470708105 0
1648 0.3413571084855462 0.7616069447661385 0
1649 0.3344963920614777 0.7597686213408104 0
1650 0.3294739990627372 0.7547462283420699 0
1651 0.3276356756374091 0.7478855119180013 0
1652 0.3294739990627372 0.7410247954939327 0
1653 0.3380799611702517 0.7305200706903744 0
1654 0.3442693267911839 0.7243307050694421 0
1655 0.3527241574626874 0.7220652400188708 0
1656 0.3635172818528268 0.722152090611335 0
1657 0.3680103731994381 0.7233560108091787 0
1658 0.3712995443482056 0.7266451819579463 0
1659 0.3725034645460494 0.7311382733045575 0
1660 0.3712995443482056 0.7356313646511687 0
1661 0.3673683537551232 0.7474297320333813 0
1662 0.3611789881341909 0.7536190976543136 0
1663 0.3482178249096148 0.7597686213408104 0
1664 0.8787481434914242 0.3434186882336835 0
1665 0.8795262316910165 0.3238796962204212 0
1666 0.881866632092504 0.3052687443683439 0
1667 0.8849944767640571 0.2857634441705681 0
1668 0.886580766025273 0.2798433320522091 0
1669 0.890914588882416 0.2755095091950661 0
1670 0.8968347010007751 0.27392321993385 0
1671 0.9027548131191341 0.2755095091950661 0
1672 0.9070886359762772 0.2798433320522091 0
1673 0.9086749252374932 0.2857634441705681 0
1674 0.9115850738310002 0.3052687443683439 0
1675 0.9133182579617064 0.3238796962204212 0
1676 0.9125303076501969 0.3434186882336835 0
1677 0.9104631239205261 0.3621594468537709 0
1678 0.906912980344828 0.3813713950372543 0
1679 0.9054021586060694 0.3870098585274812 0
1680 0.9012745168546011 0.3911375002789494 0
1681 0.8956360533643742 0.3926483220177081 0
1682 0.8899975898741473 0.3911375002789494 0
1683 0.8858699481226791 0.3870098585274812 0
1684 0.8843591263839204 0.3813713950372543 0
1685 0.8804137520428994 0.3621594468537709 0
1686 0.7714902951720589 0.6910188108846259 0
1687 0.7794561650324854 0.6888843624885131 0
1688 0.8192123584883924 0.6935686207033476 0
1689 0.8589625404076398 0.6986668673587423 0
1690 0.8787519126823877 0.701802432834317 0
1691 0.8858880889479797 0.7037145655017285 0
1692 0.8911121325461602 0.7089386090999089 0
1693 0.8930242652135717 0.716074785365501 0
1694 0.8911121325461602 0.723210961631093 0
1695 0.8858880889479798 0.7284350052292734 0
1696 0.8787519126823877 0.7303471378966849 0
1697 0.7794561650324854 0.7207478419302192 0
1698 0.7714902951720589 0.7186133935341065 0
1699 0.7656588737077451 0.7127819720697927 0
1700 0.7635244253116323 0.7048161022093662 0
1701 0.7656588737077451 0.6968502323489397 0
1702 0.7176252438385216 0.838167628491251 0
1703 0.7103308843739131 0.8362131107634069 0
1704 0.7049910426371488 0.8308732690266426 0
1705 0.7030365249093047 0.8235789095620342 0
1706 0.7049910426371488 0.8162845500974257 0
1707 0.7377348929124142 0.7662204938867458 0
1708 0.7511204872585552 0.7509829512675902 0
1709 0.7537349879004186 0.7483684506257268 0
1710 0.7573064621954149 0.7474114769725939 0
1711 0.7608779364904111 0.7483684506257268 0
1712 0.7634924371322745 0.7509829512675902 0
1713 0.7644494107854074 0.7545544255625865 0
1714 0.7634924371322745 0.7581258998575827 0
1715 0.7485001284387997 0.7954206318848248 0
1716 0.7402141308520113 0.8135854835834475 0
1717 0.7302594450398943 0.8308732690266426 0
1718 0.72491960330313 0.8362131107634069 0
1719 0.644464199438776 0.6113888727661041 0
1720 0.646070246340339 0.6053950241301319 0
1721 0.6504580480747482 0.6010072223957228 0
1722 0.6564518967107204 0.5994011754941597 0
1723 0.6624457453466925 0.6010072223957228 0
1724 0.6793451623758543 0.6099787700768659 0
1725 0.6822373063725818 0.6128709140735935 0
1726 0.6832959045467869 0.6168216562445261 0
1727 0.682237306372582 0.6207723984154587 0
1728 0.6793451623758543 0.6236645424121863 0
1729 0.6753944202049217 0.6247231405863913 0
1730 0.6564518967107204 0.6233765700380485 0
1731 0.6504580480747482 0.6217705231364854 0
1732 0.646070246340339 0.6173827214020763 0
1733 0.3928439289597446 0.7115535135303355 0
1734 0.3981018313148227 0.7101446628404107 0
1735 0.4080726819286679 0.712292257716731 0
1736 0.4165680944566386 0.7145685966429699 0
1737 0.4227871680583704 0.7207876702447017 0
1738 0.4250635069846094 0.7292830827726725 0
1739 0.4270248240950469 0.736849172664762 0
1740 0.4256333378391003 0.7420422700699886 0
1741 0.4218317266898204 0.7458438812192685 0
1742 0.4166386292845938 0.7472353674752151 0
1743 0.4080726819286679 0.746273907828614 0
1744 0.3995772694006971 0.743997568902375 0
1745 0.3933581957989653 0.7377784953006433 0
1746 0.3889948772945914 0.7259183699056451 0
1747 0.3875860266046665 0.7206604675505669 0
1748 0.3889948772945914 0.7154025651954887 0
1749 0.8853003585485325 0.2224608795283467 0
1750 0.8769368167039006 0.2247018838114797 0
1751 0.8685732748592686 0.2224608795283467 0
1752 0.8624507372977698 0.2163383419668478 0
1753 0.8602097330146368 0.2079748001222159 0
1754 0.8502827987040236 0.1704418212731036 0
1755 0.8465855500750685 0.1510168311247539 0
1756 0.8415621778079987 0.1136913239442713 0
1757 0.842330799161024 0.1108227900029983 0
1758 0.8444307117492716 0.1087228774147506 0
1759 0.8472992456905447 0.1079542560617252 0
1760 0.8501677796318178 0.1087228774147506 0
1761 0.8522676922200654 0.1108227900029983 0
1762 0.8625369817714224 0.1275108434735035 0
1763 0.8717869521420095 0.1442641357927851 0
1764 0.8861863619161773 0.1805576256006751 0
1765 0.8914228961100313 0.199611258277584 0
1766 0.8936639003931643 0.2079748001222159 0
1767 0.8914228961100313 0.2163383419668478 0
1768 0.2741916145676344 0.8383267313128215 0
1769 0.2658948081335431 0.8361036087290494 0
1770 0.259821124283224 0.8300299248787303 0
1771 0.2575980016994519 0.821733118444639 0
1772 0.259821124283224 0.8134363120105478 0
1773 0.2658948081335431 0.8073626281602286 0
1774 0.2741916145676344 0.8051395055764565 0
1775 0.2894363002585699 0.8028391527827881 0
1776 0.2971925022956308 0.8049174208549511 0
1777 0.3028704362605286 0.8105953548198489 0
1778 0.3049487043326917 0.8183515568569099 0
1779 0.3028704362605286 0.8261077588939708 0
1780 0.2971925022956308 0.8317856928588686 0
1781 0.2824884210017256 0.8361036087290494 0
1782 0.30761060966248 0.8670041880495966 0
1783 0.3054768643386271 0.8749674340086278 0
1784 0.2996473637034487 0.8807969346438063 0
1785 0.2916841177444175 0.8829306799676591 0
1786 0.2723826037592161 0.8785420058778518 0
1787 0.2148292389553876 0.8649646714150789 0
1788 0.2066547766068621 0.8627743308302329 0
1789 0.1882645419882801 0.8568119743148082 0
1790 0.1827539506740752 0.8513013830006033 0
1791 0.1807369342632024 0.8437737752755256 0
1792 0.1827539506740752 0.8362461675504478 0
1793 0.1882645419882801 0.8307355762362429 0
1794 0.1957921497133579 0.82871855982537 0
1795 0.2343376019425317 0.8355342256201792 0
1796 0.2536687907240147 0.839225441646132 0
1797 0.2621645938215155 0.8415018852251611 0
1798 0.2996473637034487 0.8532114414553869 0
1799 0.3054768643386271 0.8590409420905653 0
1800 0.4978806680857135 0.8659543927539735 0
1801 0.4998887429960563 0.8584601551631694 0
1802 0.5053749056765175 0.8529739924827082 0
1803 0.5128691432673216 0.8509659175723653 0
1804 0.5203633808581256 0.8529739924827082 0
1805 0.5336929937921304 0.8596025509309847 0
1806 0.539789987514331 0.8656995446531853 0
1807 0.5494748068073056 0.8773343551073817 0
1808 0.5509939426988834 0.8830038474383513 0
1809 0.5494748068073056 0.8886733397693208 0
1810 0.5453244503679139 0.8928236962087126 0
1811 0.5396549580369443 0.8943428321002903 0
1812 0.5253643454808901 0.8906854895869064 0
1813 0.5170356971696497 0.8884538349978667 0
1814 0.5053749056765175 0.8789347930252387 0
1815 0.4998887429960563 0.8734486303447775 0
1816 0.4845890833533687 0.01675208493760132 0
1817 0.4925318859960681 0.01888035249135241 0
1818 0.4983464210850164 0.02469488758030074 0
1819 0.5004746886387675 0.03263769022300017 0
1820 0.4983464210850165 0.04058049286569959 0
1821 0.4925318859960681 0.04639502795464792 0
1822 0.477398335998113 0.05375896909426059 0
1823 0.4598884892900201 0.05854809986003853 0
1824 0.4535372658359456 0.0602499050555074 0
1825 0.447186042381871 0.05854809986003853 0
1826 0.4425366241232654 0.05389868160143289 0
1827 0.4408348189277965 0.04754745814735836 0
1828 0.4425366241232654 0.04119623469328385 0
1829 0.447186042381871 0.0365468164346782 0
1830 0.4606857566561554 0.02481193254846393 0
1831 0.4766462807106693 0.01888035249135243 0
1832 0.4587847114534401 0.8690962005322511 0
1833 0.4565871954752095 0.8772974418134522 0
1834 0.450583470172239 0.8833011671164226 0
1835 0.442382228891038 0.8854986830946532 0
1836 0.434180987609837 0.8833011671164226 0
1837 0.4281772623068665 0.8772974418134522 0
1838 0.4259797463286359 0.8690962005322511 0
1839 0.424247012204205 0.8607590460609054 0
1840 0.4260399345011679 0.8540677689546164 0
1841 0.4309382893104938 0.8491694141452906 0
1842 0.4376295664167827 0.8473764918483276 0
1843 0.4443208435230716 0.8491694141452906 0
1844 0.450583470172239 0.8548912339480796 0
1845 0.4565871954752095 0.8608949592510501 0
1846 0.8186414906699934 0.07244945663544755 0
1847 0.8269674013947215 0.07021853558050301 0
1848 0.8390006858566244 0.07256685963537385 0
1849 0.8457958235548216 0.07438761129406408 0
1850 0.8507702095943287 0.07936199733357115 0
1851 0.852590961253019 0.08615713503176847 0
1852 0.8507702095943287 0.09295227272996578 0
1853 0.8457958235548216 0.09792665876947285 0
1854 0.8352933121194496 0.1012912574244711 0
1855 0.8269674013947215 0.1035221784794156 0
1856 0.8186414906699934 0.1012912574244711 0
1857 0.8101515932382286 0.09534956229768252 0
1858 0.8078034437603421 0.09300141281979601 0
1859 0.8069439613995525 0.0897937809811199 0
1860 0.8078034437603421 0.08658614914244378 0
1861 0.8125465010002098 0.07854444630523116 0
1862 0.9277754391144089 0.08148199304415264 0
1863 0.9347541590971336 0.08335193542772666 0
1864 0.9398629366962842 0.08846071302687732 0
1865 0.9417328790798583 0.095439433009602 0
1866 0.9398629366962842 0.1024181529923267 0
1867 0.9347541590971336 0.1075269305914773 0
1868 0.9205365877224992 0.1179545444923907 0
1869 0.9047388237067991 0.1239901387616952 0
1870 0.8971925761426465 0.1260121497023953 0
1871 0.8813146077233817 0.124920290305895 0
1872 0.8782011054585797 0.1240860298884088 0
1873 0.8759218636112638 0.121806788041093 0
1874 0.8750876031937775 0.1186932857762909 0
1875 0.8759218636112638 0.1155797835114889 0
1876 0.8841220919550412 0.1033734070099373 0
1877 0.8896463285784938 0.09784917038648466 0
1878 0.9036066285084446 0.08863099496357943 0
1879 0.9207967191316841 0.08335193542772666 0
1880 0.8261870969378303 0.5289790736028881 0
1881 0.8284503832101984 0.5205323742423374 0
1882 0.836136206609431 0.5116420318037839 0
1883 0.8392289550238021 0.5085492833894127 0
1884 0.8434537279253471 0.5074172589022389 0
1885 0.8476785008268921 0.5085492833894127 0
1886 0.8507712492412632 0.5116420318037839 0
1887 0.8577106081076651 0.5205323742423374 0
1888 0.8599738943800331 0.5289790736028881 0
1889 0.8577106081076651 0.5374257729634387 0
1890 0.8534859236284131 0.5502070477967546 0
1891 0.8484396683736551 0.5552533030515125 0
1892 0.841546355501675 0.5571003606687347 0
1893 0.8346530426296949 0.5552533030515125 0
1894 0.8296067873749369 0.5502070477967546 0
1895 0.8277597297577147 0.5433137349247744 0
1896 0.2743968831722841 0.9227528963349475 0
1897 0.2723288504786489 0.9150348932505874 0
1898 0.2743968831722841 0.9073168901662273 0
1899 0.280046853563009 0.9016669197755024 0
1900 0.3129319226493583 0.8798977745413897 0
1901 0.3467262667945974 0.8594675726438032 0
1902 0.3509508794905351 0.8583355910835925 0
1903 0.3551754921864727 0.8594675726438032 0
1904 0.3582681233221996 0.8625602037795301 0
1905 0.3594001048824104 0.8667848164754678 0
1906 0.3582681233221996 0.8710094291714054 0
1907 0.3551754921864727 0.8741020603071323 0
1908 0.3405967202466703 0.8883118987328212 0
1909 0.3115771598666223 0.9165403244262985 0
1910 0.2954828597317292 0.9284028667256724 0
1911 0.2877648566473691 0.9304708994193076 0
1912 0.280046853563009 0.9284028667256724 0
1913 0.9098196986712032 0.01291935014624728 0
1914 0.9270088234164728 -4.076600168545497e-17 0
1915 0.904005299758202 0.01873374905924837 0
1916 0.8913513462083118 0.05667107153186242 0
1917 0.8892126734107266 0.06465270707321574 0
1918 0.8913513462083118 0.07263434261456908 0
1919 0.89719430895208 0.07847730535833723 0
1920 0.9051759444934333 0.0806159781559224 0
1921 0.9131575800347866 0.07847730535833723 0
1922 0.9190005427785548 0.07263434261456908 0
1923 0.9570459173182384 0.01611020110035576 0
1924 0.9592120422471161 0.008026112810242791 0
1925 0.9575272936144412 0.001738545315118239 0
1926 0.9592658389295592 8.370040771588094e-17 0
1927 0.9411239647809007 0.9617882848387586 0
1928 0.9470525804095196 0.9558596692101397 0
1929 0.9346745187075683 0.9807457205948831 0
1930 0.9325244135595978 0.9887700222487246 0
1931 0.9341044783009518 0.9946669041427056 0
1932 0.9270088234164726 1 0
1933 0.9592658389295595 1 0
1934 0.9624715150269935 0.9967943239025661 0
1935 0.9691784751540722 0.9779855639546923 0
1936 0.9713484990834201 0.9698869243967254 0
1937 0.9691784751540722 0.9617882848387586 0
1938 0.9632498595254533 0.9558596692101397 0
1939 0.9551512199674864 0.9536896452807917 0
1940 0.2364487009979486 0.90475896999553 0
1941 0.2449485244300694 0.9024814491710861 0
1942 0.2302263983902716 0.9109812726032069 0
1943 0.157918377326778 0.9900976092348145 0
1944 0.1568133476376717 0.9942216361784312 0
1945 0.157918377326778 0.9983456631220479 0
1946 0.1595727142047298 0.9999999999999999 0
1947 0.1728586093272604 1 0
1948 0.2004179695828607 0.989761144797806 0
1949 0.2140703842204963 0.9765857585270957 0
1950 0.2191414036495815 0.9715147390980107 0
1951 0.2331117133367356 0.9573636393075062 0
1952 0.246511358236625 0.9425809712597309 0
1953 0.2596706504698671 0.9279809194674485 0
1954 0.261948171294311 0.9194810960353277 0
1955 0.2596706504698671 0.9109812726032068 0
1956 0.2534483478621902 0.90475896999553 0
1957 0.1609373745812884 0.001364660376558247 0
1958 0.1595727142047302 1.398620802506301e-17 0
1959 0.165061401524905 0.002469690065664443 0
1960 0.1691854284685216 0.001364660376558247 0
1961 0.1728586093272622 -8.673617379884035e-17 0
1962 0.9458751550076628 0.714748115677296 0
1963 0.9378794733236533 0.7126056792271294 0
1964 0.9320262280898104 0.7067524339932865 0
1965 0.9298837916396437 0.6987567523092769 0
1966 0.9320262280898104 0.6907610706252674 0
1967 0.9394892709859729 0.6785232080736128 0
1968 0.9452949446220935 0.6727175344374922 0
1969 0.9532256422951159 0.6705925104005904 0
1970 0.9611563399681382 0.6727175344374922 0
1971 0.9669620136042588 0.6785232080736128 0
1972 0.9690870376411606 0.6864539057466351 0
1973 0.9669620136042588 0.6943846034196575 0
1974 0.9597240819255153 0.7067524339932865 0
1975 0.9538708366916724 0.7126056792271294 0
1976 0.9685240760627604 0.3270494715266118 0
1977 0.9602880128656774 0.3248426250441418 0
1978 0.9542587961510646 0.3188134083295289 0
1979 0.9520519496685944 0.3105773451324459 0
1980 0.955341925284931 0.293512002552392 0
1981 0.9575457104836147 0.2852873642219362 0
1982 0.965382379711743 0.2692449829561644 0
1983 0.9701259826717908 0.2645013799961166 0
1984 0.9766058648206832 0.262765100807272 0
1985 0.9830857469695756 0.2645013799961166 0
1986 0.9878293499296235 0.2692449829561643 0
1987 0.989565629118468 0.2757248651050567 0
1988 0.9882404786067543 0.293512002552392 0
1989 0.9849962024569263 0.3105773451324459 0
1990 0.9827893559744562 0.3188134083295289 0
1991 0.9767601392598433 0.3248426250441418 0
1992 0.465437323054221 0.8830354687842161 0
1993 0.4722213840928386 0.8848532524609172 0
1994 0.4771876614547551 0.8898195298228337 0
1995 0.4790054451314561 0.8966035908614512 0
1996 0.4771876614547551 0.9033876519000688 0
1997 0.4656346824661196 0.9171633315233213 0
1998 0.4596057305972125 0.9231922833922284 0
1999 0.4452535950322599 0.9364857705045052 0
2000 0.4151652661877501 0.9573188211814857 0
2001 0.4092589859944695 0.9589014041895472 0
2002 0.4033527058011889 0.9573188211814857 0
2003 0.3990290086159698 0.9529951239962666 0
2004 0.3974464256079083 0.947088843802986 0
2005 0.3990290086159698 0.9411825636097053 0
2006 0.4087151206635315 0.9252604232564317 0
2007 0.4144153444187834 0.9195601995011798 0
2008 0.4282536564496474 0.90704101315387 0
2009 0.4431343277749711 0.8946629768321728 0
2010 0.4586532620156035 0.8848532524609172 0
2011 0.6839365956125391 0.9124393089974547 0
2012 0.6924345666266652 0.914716333467993 0
2013 0.6986555131702533 0.9209372800115809 0
2014 0.7009325376407916 0.9294352510257072 0
2015 0.6986555131702533 0.9379332220398335 0
2016 0.6859507655642685 0.9513214418596594 0
2017 0.6803848423516747 0.9568873650722531 0
2018 0.6645704462978882 0.9627615939296573 0
2019 0.6612754800027822 0.9636444774875187 0
2020 0.6579805137076763 0.9627615939296573 0
2021 0.6555684309704318 0.9603495111924129 0
2022 0.6546855474125705 0.9570545448973069 0
2023 0.6575752648399249 0.9437182493557428 0
2024 0.6596125341312478 0.9361150568518262 0
2025 0.6692176780548248 0.9209372800115809 0
2026 0.6754386245984128 0.914716333467993 0
2027 0.7379227972222872 0.8696860430211559 0
2028 0.7357449329419469 0.877813943167375 0
2029 0.7297948970760679 0.883763979033254 0
2030 0.7216669969298488 0.8859418433135943 0
2031 0.664363185751761 0.871012783420498 0
2032 0.655966562557002 0.868762915016314 0
2033 0.6193783136069467 0.8559493068429845 0
2034 0.6141136109096209 0.8506846041456587 0
2035 0.6121865959790271 0.843492886517739 0
2036 0.6141136109096209 0.8363011688898193 0
2037 0.6193783136069467 0.8310364661924935 0
2038 0.6265700312348664 0.8291094512618997 0
2039 0.6456507890959243 0.8326964251231904 0
2040 0.6838206558249977 0.8414915067648944 0
2041 0.6923150029187757 0.8437675602089019 0
2042 0.711122775787673 0.8490806491607247 0
2043 0.7297948970760679 0.8556081070090579 0
2044 0.7357449329419469 0.8615581428749367 0
2045 0.7602920194349417 0.8809557020136417 0
2046 0.7685954887774543 0.878730794108939 0
2047 0.7855475546296334 0.8803376456466194 0
2048 0.7936067962066966 0.8824971129188008 0
2049 0.809085351186337 0.8886337931546878 0
2050 0.8131810301052386 0.8927294720735894 0
2051 0.8146801526353009 0.8983242735225534 0
2052 0.8131810301052386 0.9039190749715174 0
2053 0.809085351186337 0.908014753890419 0
2054 0.803490549737373 0.9095138764204813 0
2055 0.7855475546296334 0.9125746119548723 0
2056 0.7685954887774543 0.9119446714789893 0
2057 0.7602920194349417 0.9097197635742865 0
2058 0.7542134579971319 0.9036412021364767 0
2059 0.7519885500924292 0.8953377327939641 0
2060 0.7542134579971319 0.8870342634514515 0
2061 0.8531148060524533 0.9999999999999998 0
2062 0.8739000023589101 0.989540903323719 0
2063 0.8947060548077461 0.9999999999999997 0
2064 0.8531148060524533 -1.981921571303502e-16 0
2065 0.8947060548077461 -3.46077333457373e-16 0
2066 0.8643033908103138 0.005960606284605119 0
2067 0.8952146944751074 0.003940954197653168 0
2068 0.9467144886529126 0.1505366989389688 0
2069 0.9528927845234687 0.1521921683280849 0
2070 0.9574156110049087 0.1567149948095249 0
2071 0.9590710803940248 0.1628932906800809 0
2072 0.9574156110049087 0.1690715865506369 0
2073 0.9528927845234687 0.173594413032077 0
2074 0.9389325933888523 0.1824075531055671 0
2075 0.9305339901616958 0.1846579520578331 0
2076 0.9144935412515354 0.1888669358924686 0
2077 0.8988702462055701 0.1848509930266289 0
2078 0.8959148103893432 0.1840590863863889 0
2079 0.8937512812133562 0.181895557210402 0
2080 0.8929593745731162 0.1789401213941751 0
2081 0.8937512812133562 0.1759846855779482 0
2082 0.9008858016313774 0.1652976394941872 0
2083 0.9066371091187748 0.1595463320067898 0
2084 0.9221353869345393 0.1533139381014733 0
2085 0.9305339901616958 0.1510635391492074 0
2086 0.9185300778087402 0.3836004900591546 0
2087 0.9167584269154757 0.3769885989122171 0
2088 0.9233703180624132 0.3884407303128277 0
2089 0.9299822092093507 0.390212381206092 0
2090 0.9365941003562882 0.3884407303128277 0
2091 0.9533950800190765 0.3807727066090774 0
2092 0.9703139165010611 0.3725298863372018 0
2093 0.9981870823248377 0.3563651403177996 0
2094 1 0.3545522226426373 0
2095 1 0.3410561942942534 0
2096 0.9981870823248377 0.339243276619091 0
2097 0.9840346476629198 0.3339973942855061 0
2098 0.9766636895481361 0.3320223520112062 0
2099 0.9692927314333524 0.3339973942855061 0
2100 0.9368920534536096 0.3521886261190298 0
2101 0.9233703180624132 0.3655364675116065 0
2102 0.9185300778087401 0.3703767077652796 0
2103 6.949735925632083e-17 0.354552222642637 0
2104 -6.949735925632083e-17 0.3410561942942531 0
2105 0.001805357866453194 0.3527468647761841 0
2106 0.003129738632576373 0.3478042084684453 0
2107 0.001805357866453194 0.3428615521607065 0
2108 0.9003427369120148 0.6581159449546169 0
2109 0.905779296418992 0.6526793854476397 0
2110 0.9132057748147087 0.6506894665589003 0
2111 0.9206322532104253 0.6526793854476397 0
2112 0.9260688127174025 0.6581159449546169 0
2113 0.9280587316061419 0.6655424233503335 0
2114 0.9272245611111938 0.6806036441147681 0
2115 0.9249770586452827 0.6889914375076847 0
2116 0.9154614381150284 0.7018109069726548 0
2117 0.9113132808177836 0.7059590642698996 0
2118 0.9056467925708532 0.7074773952195851 0
2119 0.8999803043239228 0.7059590642698996 0
2120 0.895832147026678 0.7018109069726548 0
2121 0.8943138160769926 0.6961444187257244 0
2122 0.8936733875395277 0.6806036441147681 0
2123 0.8959208900054388 0.6722158507218516 0
2124 -9.540979117872439e-17 0.6188610453361839 0
2125 0.01607768137914093 0.6299797021268998 0
2126 -9.974659986866641e-17 0.6410983589176157 0
2127 0.9999999999999999 0.6188610453361839 0
2128 0.9999999999999999 0.6410983589176157 0
2129 0.9964599192397483 0.6862116269398985 0
2130 1 0.6871601887207489 0
2131 0.9879883544049691 0.6884815758960054 0
2132 0.9817867385262969 0.6946831917746776 0
2133 0.9795167895701899 0.7031547566094568 0
2134 0.9774009512104938 0.718800171589163 0
2135 0.9793647823996224 0.7261292893644793 0
2136 0.9847300689858101 0.7314945759506669 0
2137 0.9920591867611264 0.7334584071397956 0
2138 0.9993883045364427 0.7314945759506669 0
2139 1 0.7308828804871095 0
2140 0.00493148407452737 0.6884815758960054 0
2141 0.01113309995319978 0.6946831917746776 0
2142 -9.107298248878237e-18 0.6871601887207488 0
2143 -2.47198095326695e-17 0.7308828804871097 0
2144 0.004753591122630407 0.7261292893644793 0
2145 0.01113309995319978 0.711626321444236 0
2146 0.01340304890930666 0.7031547566094568 0
2147 0.4005345549921649 0.8795920316869982 0
2148 0.3920694392470561 0.8773238107592602 0
2149 0.3858725444296851 0.8711269159418893 0
2150 0.3787381287533717 0.8617213302272336 0
2151 0.3773615744908549 0.8565839597801455 0
2152 0.3787381287533717 0.8514465893330573 0
2153 0.3824989449379431 0.8476857731484859 0
2154 0.3876363153850313 0.8463092188859691 0
2155 0.4005345549921649 0.8457315687065626 0
2156 0.4089996707372738 0.8479997896343006 0
2157 0.4151965655546448 0.8541966844516715 0
2158 0.4174647864823827 0.8626618001967804 0
2159 0.4151965655546448 0.8711269159418893 0
2160 0.4089996707372738 0.8773238107592602 0
2161 0.8862470522109525 0.6095218312822267 0
2162 0.8944100578369 0.6073345605169433 0
2163 0.9096111542973878 0.6093077031237963 0
2164 0.9175163624798472 0.6114258972722862 0
2165 0.9233033765138169 0.6172129113062559 0
2166 0.9254215706623068 0.6251181194887153 0
2167 0.9233033765138169 0.6330233276711748 0
2168 0.9175163624798472 0.6388103417051444 0
2169 0.9096111542973878 0.6409285358536343 0
2170 0.8944100578369 0.6399865830207332 0
2171 0.8862470522109525 0.6377993122554498 0
2172 0.8802713173502884 0.6318235773947858 0
2173 0.8780840465850051 0.6236605717688383 0
2174 0.8802713173502884 0.6154975661428909 0
2175 0.6012057514128057 0.8916223215565147 0
2176 0.603373605329158 0.8997128625157282 0
2177 0.6012057514128057 0.9078034034749418 0
2178 0.5952830643699444 0.9137260905178032 0
2179 0.5871925234107308 0.9158939444341554 0
2180 0.5791019824515172 0.9137260905178032 0
2181 0.5717539959369585 0.9115799859428924 0
2182 0.5667612998067191 0.9065872898126529 0
2183 0.5649338461896752 0.8997671400653696 0
2184 0.5667612998067191 0.8929469903180863 0
2185 0.5717539959369585 0.8879542941878469 0
2186 0.5791019824515172 0.8856996345136533 0
2187 0.5871925234107308 0.8835317805973011 0
2188 0.5952830643699444 0.8856996345136533 0
2189 0.02067805504118552 0.8938301584767167 0
2190 0.01930974654371076 0.8759885535971367 0
2191 0.02145064461784252 0.8679986132106505 0
2192 0.02729968693019685 0.8621495708982962 0
2193 0.03528962731668296 0.8600086728241645 0
2194 0.04327956770316906 0.8621495708982962 0
2195 0.0491286100155234 0.8679986132106505 0
2196 0.05126950808965516 0.8759885535971367 0
2197 0.05452197874979071 0.8938301584767167 0
2198 0.05470351274239132 0.9111091362718273 0
2199 0.05284373383125373 0.918049925659038 0
2200 0.04777240627144409 0.9322916221990527 0
2201 0.04580124618398764 0.9342627822865091 0
2202 0.04310859142959619 0.9349842769534441 0
2203 0.04041593667520473 0.9342627822865091 0
2204 0.03844477658774829 0.9322916221990527 0
2205 0.02880013410468642 0.918049925659038 0
2206 0.02294516804779085 0.902291139403868 0
2207 0.2600734646572622 0.9579101948649109 0
2208 0.268426245128041 0.9601483156466105 0
2209 0.2745409048171202 0.9662629753356897 0
2210 0.2767790255988199 0.9746157558064685 0
2211 0.2745409048171202 0.9829685362772473 0
2212 0.268426245128041 0.9890831959663265 0
2213 0.2600734646572622 0.9913213167480261 0
2214 0.2491377082110393 0.9903496703272597 0
2215 0.2426147492404445 0.9886018487388275 0
2216 0.237839611858282 0.983826711356665 0
2217 0.2360917902698498 0.9773037523860703 0
2218 0.237839611858282 0.9707807934154755 0
2219 0.2426147492404445 0.966005656033313 0
2220 0.2517206841864834 0.9601483156466105 0
2221 0.744889924168978 0.9284887867728591 0
2222 0.8246397871138067 0.921639543667332 0
2223 0.8447160429074498 0.9222671566801393 0
2224 0.8511109384534764 0.9239806637773784 0
2225 0.8557923269022638 0.9286620522261658 0
2226 0.857505833999503 0.9350569477721924 0
2227 0.8557923269022638 0.941451843318219 0
2228 0.8511109384534764 0.9461332317670064 0
2229 0.8447160429074498 0.9478467388642455 0
2230 0.7848088296225886 0.9520289402999245 0
2231 0.744889924168978 0.9540497093686242 0
2232 0.7384996935200367 0.9523374522267918 0
2233 0.7338217200129279 0.9476594787196829 0
2234 0.7321094628710956 0.9412692480707416 0
2235 0.7338217200129279 0.9348790174218004 0
2236 0.7384996935200367 0.9302010439146915 0
2237 0.8795107335552587 0.3991630761886316 0
2238 0.8816083247606997 0.4069913931408476 0
2239 0.8795107335552587 0.4148197100930636 0
2240 0.8737800078084837 0.4205504358398385 0
2241 0.85919457331185 0.4319465421740581 0
2242 0.8423568747474609 0.439999629590478 0
2243 0.8344915043890169 0.4421071492261948 0
2244 0.8179149303057336 0.446381744837034 0
2245 0.8122042630709362 0.4448515761632271 0
2246 0.8080237645099457 0.4406710776022366 0
2247 0.8064935958361389 0.4349604103674393 0
2248 0.8080237645099457 0.4292497431326419 0
2249 0.8122042630709362 0.4250692445716514 0
2250 0.8266261340305728 0.4127531874281354 0
2251 0.8421959253364049 0.4025040202206091 0
2252 0.8581233739040518 0.3934323504418568 0
2253 0.8659516908562678 0.3913347592364156 0
2254 0.8737800078084837 0.3934323504418568 0
2255 0.9545722096645051 0.390298708303751 0
2256 0.9589049999313274 0.3859659180369285 0
2257 0.9529862983575781 0.3962174098775003 0
2258 0.9545722096645051 0.4021361114512497 0
2259 0.9623714040657964 0.4115822815669901 0
2260 0.9685937198026163 0.4178045973038101 0
2261 0.9770935611694802 0.4200821229338539 0
2262 0.9886272432400343 0.421711571650947 0
2263 0.9944128541237516 0.4201613218869342 0
2264 0.9986482152434563 0.4159259607672297 0
2265 1 0.4108810313749108 0
2266 1 0.4093996683921143 0
2267 0.9986482152434561 0.4043547389997949 0
2268 0.9918157182731641 0.3945825988332625 0
2269 0.985593402536344 0.3883602830964424 0
2270 0.9770935611694802 0.3860827574663986 0
2271 0.9648237015050768 0.3843800067300016 0
2272 -5.896704565605537e-17 0.4108810313749113 0
2273 -2.461138931542095e-16 0.4093996683921119 0
2274 0.0001984650074688954 0.4101403498835123 0
2275 1 0.5253017479509419 0
2276 0.9999999999999998 0.530377673907483 0
2277 0.9985583529215819 0.5199214478077001 0
2278 0.9927617820089375 0.5141248768950557 0
2279 0.9773345494717393 0.5020795244958651 0
2280 0.9439280266773268 0.4831777901615982 0
2281 0.9269249161919473 0.4750189366609361 0
2282 0.92140260510579 0.4735392378650469 0
2283 0.9158802940196327 0.4750189366609361 0
2284 0.9118376817293646 0.4790615489512042 0
2285 0.9103579829334753 0.4845838600373615 0
2286 0.9118376817293646 0.4901061711235189 0
2287 0.9230700551887788 0.5040357616501462 0
2288 0.9286589318048867 0.509624638266254 0
2289 0.9440463474972272 0.5218448291442074 0
2290 0.976925255765917 0.541554544963365 0
2291 0.9848435188874273 0.5436762371722308 0
2292 0.9927617820089375 0.541554544963365 0
2293 0.9985583529215819 0.5357579740507206 0
2294 -2.564138137928218e-16 0.5253017479509379 0
2295 0.0006800451304476152 0.5278397109292103 0
2296 1.325437155863529e-16 0.5303776739074797 0
2297 0.9482967035047651 0.1239509692837894 0
2298 0.9457937218786331 0.08486647868376862 0
2299 0.9483962654693219 0.0460313747882474 0
2300 0.9506719617116534 0.03753836078927275 0
2301 0.9568892794682966 0.03132104303262958 0
2302 0.9653822934672712 0.0290453467902981 0
2303 0.9738753074662458 0.03132104303262957 0
2304 0.9800926252228891 0.03753836078927274 0
2305 0.9823683214652206 0.0460313747882474 0
2306 0.9801061893819086 0.06547562619910177 0
2307 0.9737449915309535 0.1046761646734436 0
2308 0.9719859824786095 0.1112408758277652 0
2309 0.9649615358318263 0.1284162976478256 0
2310 0.9616926885968735 0.1316851448827784 0
2311 0.9572273602328374 0.1328816260118617 0
2312 0.9527620318688013 0.1316851448827784 0
2313 0.9494931846338485 0.1284162976478256 0
2314 0.8765620641017227 0.2602138358479307 0
2315 0.8786448659648273 0.2679869582231361 0
2316 0.8765620641017227 0.2757600805983416 0
2317 0.8708717435896218 0.2814504011104424 0
2318 0.8630986212144164 0.283533202973547 0
2319 0.8553254988392109 0.2814504011104424 0
2320 0.851874868984283 0.2802062140093683 0
2321 0.8467771483840583 0.2751084934091437 0
2322 0.8449112531429808 0.2681448775678415 0
2323 0.8467771483840583 0.2611812617265393 0
2324 0.851874868984283 0.2560835411263147 0
2325 0.8553254988392109 0.2545235153358298 0
2326 0.8630986212144164 0.2524407134727252 0
2327 0.8708717435896218 0.2545235153358298 0
2328 0.885343254602997 0.7612259339696316 0
2329 0.8938327880392735 0.7635006975979989 0
2330 0.9000475578471826 0.769715467405908 0
2331 0.9023223214755499 0.7782050008421845 0
2332 0.9000475578471826 0.7866945342784609 0
2333 0.8882697824251226 0.8026916271266381 0
2334 0.8762411317148793 0.8180866067146155 0
2335 0.8626468459282051 0.8326438325072631 0
2336 0.8573671075672639 0.8379235708682043 0
2337 0.842890490648054 0.849873826209139 0
2338 0.8372670105761733 0.851380633153052 0
2339 0.8316435305042925 0.849873826209139 0
2340 0.8275268573763247 0.8457571530811713 0
2341 0.8260200504324117 0.8401336730092904 0
2342 0.8275268573763246 0.8345101929374097 0
2343 0.8376628557535608 0.8182193190545013 0
2344 0.8589511576568966 0.7857645112244332 0
2345 0.8706389513588114 0.769715467405908 0
2346 0.8768537211667206 0.7635006975979989 0
2347 0.9372377806811846 0.7628787750055506 0
2348 0.9392843651425418 0.7552408178137848 0
2349 0.9448757378729504 0.7496494450833762 0
2350 0.9525136950647162 0.747602860622019 0
2351 0.9830104745263267 0.7529348224001057 0
2352 0.9881441948942773 0.7543103986268652 0
2353 0.9919023390354682 0.7580685427680561 0
2354 0.9932779152622278 0.7632022631360067 0
2355 0.9919023390354682 0.7683359835039573 0
2356 0.9881441948942773 0.7720941276451482 0
2357 0.9761374660021531 0.7817052111134498 0
2358 0.9677644834005057 0.7839487450398011 0
2359 0.9593915007988583 0.7817052111134498 0
2360 0.9448757378729504 0.776108104927725 0
2361 0.9392843651425418 0.7705167321973163 0
2362 0.9730002040092999 0.5562165886092245 0
2363 0.9807093630213528 0.5582822515408271 0
2364 0.986352859101803 0.5639257476212775 0
2365 0.9884185220334057 0.5716349066333304 0
2366 0.986352859101803 0.5793440656453833 0
2367 0.9807093630213528 0.5849875617258335 0
2368 0.9730002040092999 0.5870532246574363 0
2369 0.9131189246512069 0.5890057506113825 0
2370 0.8731781791218743 0.5885976365026014 0
2371 0.8667388168918374 0.5868722145932916 0
2372 0.8620248765711103 0.5821582742725645 0
2373 0.8602994546618005 0.5757189120425276 0
2374 0.8620248765711103 0.5692795498124906 0
2375 0.8667388168918374 0.5645656094917635 0
2376 0.8731781791218743 0.5628401875824537 0
2377 0.8931237603686089 0.5609090498098901 0
2378 0.9330372998532088 0.5577959339037553 0
2379 0.9530035901585763 0.5566297304794202 0
2380 0.9349759738176281 0.7381791449814474 0
2381 0.9328144088535492 0.7462462152512508 0
2382 0.9215401904794999 0.7586165238209166 0
2383 0.9183793429420358 0.7617773713583806 0
2384 0.9140615449083703 0.762934321854582 0
2385 0.9097437468747048 0.7617773713583806 0
2386 0.9065828993372408 0.7586165238209166 0
2387 0.9054259488410394 0.7542987257872511 0
2388 0.9027076927384144 0.7381791449814474 0
2389 0.9048692577024934 0.7301120747116441 0
2390 0.9107747630082179 0.7242065694059195 0
2391 0.9188418332780213 0.7220450044418406 0
2392 0.9269089035478246 0.7242065694059195 0
2393 0.9328144088535492 0.7301120747116441 0
2394 0.8375918450718843 -5.464378949326942e-17 0
2395 0.8366412681914623 0.0008952910368266662 0
2396 0.8143426785106938 2.099015405931937e-16 0
2397 0.8165979262472953 0.001917067932733543 0
2398 0.8380743281620239 0.006377139657357977 0
2399 0.8422419719578538 0.9886098615215532 0
2400 0.8375918450718843 1 0
2401 0.8143426785106938 1 0
2402 0.9590007578743619 0.893296648844718 0
2403 0.9663059934854517 0.8952540808272287 0
2404 0.9716537971140309 0.9006018844558078 0
2405 0.9736112290965415 0.9079071200668977 0
2406 0.9716537971140309 0.9152123556779875 0
2407 0.9663059934854518 0.9205601593065666 0
2408 0.952495778356792 0.9287641869369272 0
2409 0.9440200291508046 0.9310352570919203 0
2410 0.9281093902662981 0.9338958987111775 0
2411 0.9213126338833646 0.9320747133272194 0
2412 0.9163370628843891 0.9270991423282439 0
2413 0.914515877500431 0.9203023859453103 0
2414 0.9163370628843891 0.9135056295623768 0
2415 0.9213126338833646 0.9085300585634013 0
2416 0.9355442799448173 0.8994033304229638 0
2417 0.9440200291508046 0.8971322602679708 0
2418 0.9073806675924236 0.864426563475194 0
2419 0.9151186068708492 0.8623531888944588 0
2420 0.9231239831289296 0.8641703355851135 0
2421 0.9304711406908333 0.8661390005204898 0
2422 0.9358496333173607 0.8715174931470171 0
2423 0.937818298252737 0.8788646507089208 0
2424 0.9358496333173607 0.8862118082708246 0
2425 0.9304711406908334 0.8915903008973519 0
2426 0.9231239831289296 0.8935589658327282 0
2427 0.9151186068708492 0.8933049460081609 0
2428 0.9073806675924238 0.8912315714274257 0
2429 0.9017161028947334 0.8855670067297354 0
2430 0.8996427283139982 0.8778290674513098 0
2431 0.9017161028947334 0.8700911281728844 0
2432 0 0 0
2433 0 1 0
2434 1 1 0
2435 1 0 0
2436 0.6378733478144304 0.2325831958007587 0
2437 0.5810380660281144 0.2520150785698776 0
2438 0.5838268169276265 0.2174000975505095 0
2439 0.6026498270900791 0.2107397058261996 0
2440 0.7320533880603776 0.5825862044305438 0
2441 0.7682570787576991 0.5989494840800212 0
2442 0.7586755861914597 0.6256135065895888 0
2443 0.7444476849340508 0.6206988524287798 0
2444 0.7302197836766418 0.6157841982679706 0
2445 0.6973310646691694 0.6036669983446515 0
2446 0.2472239448006086 0.6579785624750812 0
2447 0.2617698875326152 0.6539995238561771 0
2448 0.2763158302646217 0.6500204852372728 0
2449 0.3168151419348803 0.6402825589991518 0
2450 0.30514387943469 0.6713069015256065 0
2451 0.5172070825831782 0.6163739396915573 0
2452 0.4996598253321852 0.6252945541788336 0
2453 0.4821125680811923 0.6342151686661098 0
2454 1 0.1122560281799294 0
2455 1 0.1314039420477077 0
2456 0.9797567748630404 0.1080802465962138 0
2457 0.9863251040243005 0.09578992715057361 0
2458 0 0.1314039420477077 0
2459 0 0.1122560281799294 0
2460 0.008817945874844869 0.09888323856035899 0
2461 0.3200949448398143 0.4795538947523476 0
2462 0.3352403729671921 0.4926504192223864 0
2463 0.35038580109457 0.5057469436924253 0
2464 0.3655312292219478 0.5188434681624642 0
2465 0.3520000646622808 0.5420956643270896 0
2466 0.3364021827644979 0.5295983444371752 0
2467 0.3060231108196869 0.5036503237234448 0
2468 0.2216285136375409 0.7085492014127145 0
2469 0.2872724098206839 0.6917894356250706 0
2470 0.2765511733342355 0.7273624976383245 0
2471 0.2575735890079041 0.7326869815445424 0
2472 0.3331994703868897 0.01892767281118142 0
2473 0.3174662957293378 0.02251911633260392 0
2474 0.3725476755759928 0.008640034937717898 0
2475 0.2923619370937858 0 0
2476 0.3099890971302007 0 0
2477 0.3276162571666155 0 0
2478 0.3452434172030303 0 0
2479 0.3628705772394452 0 0
2480 0.2821535006913036 0.0304344522943302 0
2481 0.3651741099069793 0.9843213671191022 0
2482 0.376064097842023 0.9866614418851708 0
2483 0.3350131649711289 0.9903082591134189 0
2484 0.3628705772394452 1 0
2485 0.3452434172030303 1 0
2486 0.3276162571666155 1 0
2487 0.3099890971302006 1 0
2488 0.2923619370937858 1 0
2489 0.2432563211916724 0.43860470155524 0
2490 0.2630593688022026 0.4386041572875876 0
2491 0.2159897102691435 0.1822186150519371 0
2492 0.2854423317518112 0.283302127657686 0
2493 0.3051012195910051 0.2799568639591177 0
2494 0.324760107430199 0.2766116002605494 0
2495 0.3051852626340527 0.3104088802165301 0
2496 0.285535039257657 0.3142529718110085 0
2497 0.2658848158812613 0.3180970634054868 0
2498 0.3967958959610012 0.5617381576199432 0
2499 0.436434683245391 0.5570656998262484 0
2500 0.4564631670679132 0.5888112574883463 0
2501 0.4167526958613365 0.5936919899484231 0
2502 0.3968859278673781 0.5959469731613949 0
2503 0.6475469578223375 0.4969179484913954 0
2504 0.6660378804833205 0.5044016994172689 0
2505 0.6845288031443033 0.5118854503431423 0
2506 0.6894982053236807 0.5430871050875732 0
2507 0.633119547704148 0.5221031386452919 0
2508 0.142684091769718 0.2972076948974522 0
2509 0.1424288372206245 0.3366257781671919 0
2510 0.6300560021577022 0.6189632750332529 0
2511 0.6448925571347535 0.6323406701043559 0
2512 0.643142828008642 0.6741945542187018 0
2513 0.5981499206097705 0.6351843644607161 0
2514 0.4182780536247536 0.6747947485912377 0
2515 0.3839688811125553 0.6542685797317326 0
2516 0.3669093254191044 0.64383820891399 0
2517 0.3999650022770137 0.6265346662975799 0
2518 0.4173261001330185 0.6364345963193727 0
2519 0.2655592827466707 0.120265475929082 0
2520 0.2852978007824474 0.1171276471922758 0
2521 0.3050363188182241 0.1139898184554695 0
2522 0.2854260169131563 0.1498147961502625 0
2523 0.2459507662937229 0.1564423134929989 0
2524 0.6740665712113932 0.4153201163061083 0
2525 0.1967221064724929 0.4303636834874492 0
2526 0.1768404758552478 0.4291297091751189 0
2527 0.1569588452380027 0.4278957348627886 0
2528 0.1470224179666779 0.4106670726841877 0
2529 0.176845572288523 0.4057926251079781 0
2530 0.2166014136995383 0.4013704116216277 0
2531 0.2818779338759207 0.511730909910296 0
2532 0.2862009581229053 0.530825449687172 0
2533 0.2649632255962543 0.5365160829667562 0
2534 0.2580586104277591 0.5181132783924866 0
2535 0.1575875015447765 0.353366723843333 0
2536 0.1773075982170678 0.3568461606559202 0
2537 0.1970276948893589 0.3603255974685075 0
2538 0.2165759739609543 0.3924970950988831 0
2539 0.1771133467474935 0.3885545850297767 0
2540 0.2516855465494276 0.2016979043335689 0
2541 0.2746011815576519 0.2214612627675137 0
2542 0.4794642344641636 0.4110920635007898 0
2543 0.5193844336544508 0.4363066767021678 0
2544 0.4994353112541898 0.438007515339706 0
2545 0.4794861888539289 0.4397083539772443 0
2546 0.4595370664536679 0.4414091926147825 0
2547 0.5028880503977644 0.2127587508202083 0
2548 0.5054973668271724 0.1929288200441572 0
2549 0.5081066832565804 0.1730988892681059 0
2550 0.5107159996859884 0.1532689584920547 0
2551 0.03126534571961236 0.1879020888372959 0
2552 0.0434702517345418 0.1997580558764822 0
2553 0.01195355718521238 0.210336165137549 0
2554 0.2352623767457745 0.8083478683083547 0
2555 0.1964972523966358 0.8159499290455118 0
2556 0.1770975635447936 0.8193756599296259 0
2557 0.1962385421061003 0.7850359367982613 0
2558 0.2157016321517572 0.7802323848142041 0
2559 0.2351647221974142 0.7754288328301467 0
2560 0.6964940485944224 0.4674439222140151 0
2561 0.6765679595458631 0.4690493831759134 0
2562 0.6566005818017207 0.4383592830821404 0
2563 0.6764848616049264 0.4361015020324656 0
2564 0.7163059488208736 0.4321567309001529 0
2565 0.4313363903324573 0.1015853036065955 0
2566 0.4057647414748197 0.07121246281606727 0
2567 0.393197162100818 0.05585643820140419 0
2568 0.4280440892574764 0.05251534409532348 0
2569 0.4382553745924171 0.0635724980976525 0
2570 0.4484666599273577 0.07462965209998149 0
2571 0.4832549769721583 0.4773467490734769 0
2572 0.1393233300147813 0.7871399573308208 0
2573 0.1033262947893026 0.8043564117796951 0
2574 0.08519402330573414 0.8126225086782977 0
2575 0.06832556722689914 0.78331186663096 0
2576 0.08620636604490806 0.7745165872253423 0
2577 0.104087164862917 0.7657213078197248 0
2578 1 0.7948629498152402 0
2579 1 0.8111890657602167 0
2580 0.9837511143177511 0.8311767208371583 0
2581 0.9721830158364297 0.8191928878837103 0
2582 0.9764157400554002 0.8030833503231272 0
2583 0 0.8111890657602167 0
2584 0 0.7948629498152402 0
2585 0.1411110618936587 0.6014968741407588 0
2586 0.5554277108248322 0.8487312893020827 0
2587 0.4302906635845018 0.3235048340431208 0
2588 0.4104559498256154 0.3253522953417241 0
2589 0.390621236066729 0.3271997566403272 0
2590 0.3707865223078426 0.3290472179389304 0
2591 0.365797300066994 0.3039060548558851 0
2592 0.3806427915850319 0.3013610347006021 0
2593 0.3954882831030698 0.2988160145453192 0
2594 0.6291175600606854 0.7680175572130938 0
2595 0.648849515861323 0.7649338141516568 0
2596 0.6685814716619607 0.7618500710902197 0
2597 0.6686546982424553 0.7918235611290821 0
2598 0.62919078664118 0.7986397966090902 0
2599 0.3145167560537016 0.8101204742553623 0
2600 0.3448675849794055 0.829102720585014 0
2601 0.1283694056925077 0.6707559654365229 0
2602 0.1609217705962117 0.6939938658044279 0
2603 0.1282684383877127 0.7105982610182139 0
2604 0.1116854698971426 0.6994858327371473 0
2605 0.09510250140657263 0.6883734044560808 0
2606 0.08114131627939285 0.6055235088362356 0
2607 0.1179931712107347 0.6207703082897055 0
2608 0.08444753609411002 0.6396495749436426 0
2609 0.0657729253915534 0.6323880830313913 0
2610 0.04709831468899678 0.6251265911191398 0
2611 0.7993342617604389 0.6912264915959304 0
2612 0.8390874494480161 0.696117744031045 0
2613 0.8588927631524073 0.7284272787033917 0
2614 0.8390336136224269 0.7265074195100987 0
2615 0.8191744640924463 0.7245875603168055 0
2616 0.7993153145624659 0.7226677011235124 0
2617 0.7159056593955706 0.7995965313605324 0
2618 0.7268202761539925 0.7829085126236391 0
2619 0.7444276900854847 0.7586017225771681 0
2620 0.7559962827855371 0.7767732658712037 0
2621 0.8552462658593302 0.1892083106976597 0
2622 0.8440738639415336 0.1323540775345126 0
2623 0.8789866570290934 0.1624108806967301 0
2624 0.2531981488246066 0.8740162277235942 0
2625 0.2340136938899971 0.8694904495693365 0
2626 0.2150648758279448 0.8321263927227747 0
2627 0.280905978762482 0.8473566633402739 0
2628 0.2964893881061837 0.8907823471584461 0
2629 0.3298290947219779 0.8696826735925964 0
2630 0.3478861062165715 0.8812069795199768 0
2631 0.3309235334533209 0.8977213739639803 0
2632 0.3212503466599716 0.9071308491951394 0
2633 0.9184142610438381 0.006459675073123612 0
2634 0.8976783229832569 0.0377024102955554 0
2635 0.9475345736833175 0.03024123647890909 0
2636 0.9380232300483966 0.04437227185746243 0
2637 0.9285118864134757 0.05850330723601575 0
2638 0.943137331173016 0 0
2639 0.943137331173016 1 0
2640 0.1699697141706936 0.9769115531295466 0
2641 0.1820210510146092 0.9637254970242786 0
2642 0.1940723878585248 0.9505394409190107 0
2643 0.2061237247024404 0.9373533848137428 0
2644 0.218175061546356 0.9241673287084748 0
2645 0.1866382894550606 0.9948805723989033 0
2646 0.430209430610005 0.9469022958429955 0
2647 0.7025657265371529 0.8809654900158955 0
2648 0.6834644561444571 0.8759891367181968 0
2649 0.6376724380819744 0.8623561109296493 0
2650 0.664735722460461 0.8370939659440424 0
2651 0.8521761931891906 0.9909255028327741 0
2652 0.8580675494946693 0.9839599150020909 0
2653 0.8671719859073727 0.983379630113342 0
2654 0.8808423052226485 1 0
2655 0.8669785556375509 1 0
2656 0.8866644302603749 0.9900729669109221 0
2657 0.8669785556375509 0 0
2658 0.8808423052226485 0 0
2659 0.8578267439741053 0.004636560435663907 0
2660 0.8880310356328969 0.01703290771730888 0
2661 0.8731294833682551 0.01800653055303497 0
2662 0.9842504994129494 0.3644475133275007 0
2663 0.953092392443481 0.343093010202268 0
2664 0.01095346235554607 0.6202058036293847 0
2665 0 0.6299797021268998 0
2666 0.01095346235554606 0.6397536006244149 0
2667 1 0.6299797021268998 0
2668 0.993264470147652 0.6346440679531796 0
2669 0.993264470147652 0.6253153363006199 0
2670 1 0.7017344193095357 0
2671 1 0.7163086498983227 0
2672 0 0.7163086498983227 0
2673 0 0.7017344193095357 0
2674 0.7648273899051852 0.9267764759964773 0
2675 0.7847648556413923 0.9250641652200956 0
2676 0.8047023213775996 0.9233518544437138 0
2677 0.8247469718124961 0.9492408060094718 0
2678 0.8047779007175424 0.9506348731546982 0
2679 0.7648493768957834 0.9530393248342743 0
2680 0.960631288074533 0.4926286573287317 0
2681 0.9604858016315722 0.5316996870537862 0
2682 0.9470452126916992 0.1044087239837791 0
2683 0.9470949936739775 0.065448926736008 0
2684 0.9769255904564311 0.08507589543627267 0
2685 0.8483070067052286 0.8019919151394673 0
2686 0.9677620847955214 0.7502688415110623 0
2687 0.9530397775566023 0.587704066642085 0
2688 0.9330793511039047 0.5883549086267338 0
2689 0.8931485518865406 0.588801693556992 0
2690 0.9130805301109088 0.5593524918568227 0
2691 0.825967261791289 0 0
2692 0.833942564659522 0.01506569169528059 0
2693 0.8245953917679749 0.01734445563474908 0
2694 0.8169284806294703 0.01153232351730961 0
2695 0.8100299878105368 0.9853129707032001 0
2696 0.8198158608408177 0.9735424643557439 0
2697 0.8350434372914222 0.9751010040829512 0
2698 0.825967261791289 1 0
2699 0 0.07448649144972086 0
2700 0 0.05586486858729067 0
2701 0 0.03724324572486049 0
2702 0 0.01862162286243019 0
2703 0 0.1665875011517449 0
2704 0 0.3225615180038343 0
2705 0 0.3040668417134154 0
2706 0 0.2855721654229965 0
2707 0 0.2670774891325776 0
2708 0 0.2485828128421587 0
2709 0 0.2300881365517397 0
2710 0 0.2115934602613206 0
2711 0 0.3685528103428125 0
2712 0 0.3979178568966358 0
2713 0 0.5062316285216001 0
2714 0 0.4871615090922623 0
2715 0 0.4680913896629245 0
2716 0 0.4490212702335867 0
2717 0 0.4299511508042491 0
2718 0 0.6011643710504431 0
2719 0 0.5834676967647022 0
2720 0 0.5657710224789614 0
2721 0 0.5480743481932205 0
2722 0 0.6718062454530378 0
2723 0 0.6564523021853267 0
2724 0 0.7626521827425456 0
2725 0 0.7467675316148277 0
2726 0 0.9808350201894659 0
2727 0 0.9616700403789318 0
2728 0 0.9425050605683977 0
2729 0 0.9233400807578637 0
2730 0 0.9041751009473294 0
2731 0 0.8850101211367953 0
2732 0 0.8658451413262611 0
2733 0 0.8466801615157271 0
2734 0.139626124929139 1 0
2735 0.1196795356535477 1 0
2736 0.09973294637795649 1 0
2737 0.07978635710236515 1 0
2738 0.05983976782677392 1 0
2739 0.03989317855118268 1 0
2740 0.01994658927559134 1 0
2741 0.2577554157690194 1 0
2742 0.240776054480668 1 0
2743 0.2237966931923164 1 0
2744 0.206817331903965 1 0
2745 0.1898379706156136 1 0
2746 0.7946224539091103 1 0
2747 0.7749022293075269 1 0
2748 0.7551820047059435 1 0
2749 0.7354617801043601 1 0
2750 0.7157415555027766 1 0
2751 0.6960213309011933 1 0
2752 0.67630110629961 1 0
2753 0.6565808816980268 1 0
2754 0.6368606570964433 1 0
2755 0.6171404324948601 1 0
2756 0.5974202078932767 1 0
2757 0.5776999832916934 1 0
2758 0.55797975869011 1 0
2759 0.5382595340885267 1 0
2760 0.5185393094869434 1 0
2761 0.49881908488536 1 0
2762 0.4790988602837767 1 0
2763 0.4593786356821934 1 0
2764 0.43965841108061 1 0
2765 0.4199381864790266 1 0
2766 0.4002179618774433 1 0
2767 0.9108574391121095 1 0
2768 0.986421946309853 1 0
2769 0.9728438926197062 1 0
2770 1 0.8466801615157271 0
2771 1 0.8658451413262611 0
2772 1 0.8850101211367953 0
2773 1 0.9041751009473294 0
2774 1 0.9233400807578637 0
2775 1 0.9425050605683977 0
2776 1 0.9616700403789318 0
2777 1 0.9808350201894659 0
2778 1 0.7467675316148277 0
2779 1 0.7626521827425456 0
2780 1 0.6564523021853267 0
2781 1 0.6718062454530378 0
2782 1 0.5480743481932205 0
2783 1 0.5657710224789614 0
2784 1 0.5834676967647022 0
2785 1 0.6011643710504431 0
2786 1 0.4299511508042491 0
2787 1 0.4490212702335867 0
2788 1 0.4680913896629245 0
2789 1 0.4871615090922623 0
2790 1 0.5062316285216001 0
2791 1 0.3979178568966358 0
2792 1 0.3685528103428125 0
2793 1 0.2115934602613206 0
2794 1 0.2300881365517397 0
2795 1 0.2485828128421587 0
2796 1 0.2670774891325776 0
2797 1 0.2855721654229965 0
2798 1 0.3040668417134154 0
2799 1 0.3225615180038343 0
2800 1 0.1665875011517449 0
2801 1 0.01862162286243019 0
2802 1 0.03724324572486049 0
2803 1 0.05586486858729067 0
2804 1 0.07448649144972086 0
2805 0.9728438926197062 0 0
2806 0.986421946309853 0 0
2807 0.9108574391121095 0 0
2808 0.4002179618774433 0 0
2809 0.4199381864790266 0 0
2810 0.43965841108061 0 0
2811 0.4593786356821933 0 0
2812 0.4790988602837767 0 0
2813 0.49881908488536 0 0
2814 0.5185393094869434 0 0
2815 0.5382595340885267 0 0
2816 0.55797975869011 0 0
2817 0.5776999832916934 0 0
2818 0.5974202078932767 0 0
2819 0.6171404324948601 0 0
2820 0.6368606570964433 0 0
2821 0.6565808816980268 0 0
2822 0.67630110629961 0 0
2823 0.6960213309011933 0 0
2824 0.7157415555027766 0 0
2825 0.7354617801043601 0 0
2826 0.7551820047059435 0 0
2827 0.7749022293075269 0 0
2828 0.7946224539091103 0 0
2829 0.1898379706156136 0 0
2830 0.206817331903965 0 0
2831 0.2237966931923164 0 0
2832 0.2407760544806679 0 0
2833 0.2577554157690194 0 0
2834 0.01994658927559131 0 0
2835 0.03989317855118263 0 0
2836 0.05983976782677394 0 0
2837 0.0797863571023652 0 0
2838 0.09973294637795645 0 0
2839 0.1196795356535477 0 0
2840 0.139626124929139 0 0
2841 0.2677857670513168 0.416470724920101 0
2842 0.1968108704186649 0.1785345906637633 0
2843 0.7966028953666165 0.1481535248734512 0
2844 0.1253832608308409 0.417298144524685 0
2845 0.07396395562341923 0.4564632057008994 0
2846 0.1379304693039999 0.8906534933287154 0
2847 0.7556990926335633 0.2455587424818768 0
2848 0.5655281622997486 0.916851489284787 0
2849 0.7461937533285289 0.7462946743472356 0
2850 0.8382381660464369 0.2728671575642003 0
2851 0.554479503977787 0.0974574538866162 0
2852 0.07621526714304744 0.09550619192102272 0
2853 0.8534390726823271 0.5041582386025902 0
2854 0.7890848600804972 0.3676784495642569 0
2855 0.203744082247637 0.182696290823743 0
2856 0.5908720633298904 0.1023575724943566 0
2857 0.7683379465674018 0.5214296226646051 0
2858 0.1950186580250958 0.2592329435942676 0
2859 0.5565231477359119 0.5763325277221977 0
2860 0.8156552441231049 0.4520572483285109 0
2861 0.5741112974674725 0.6269759829617397 0
2862 0.9504698450910269 0.4113323219227027 0
2863 0.3544272701717308 0.4699686388523172 0
2864 0.7085886459100894 0.1817635753661299 0
2865 0.9233705578214646 0.3977876049163757 0
2866 0.7777870974017708 0.8714799363776111 0
2867 0.9156976793475513 0.4652302608374644 0
2868 0.5682892688969706 0.7372271340488858 0
2869 0.7720321011574947 0.5027982577315917 0
2870 0.8517892855274457 0.217097407168632 0
2871 0.39365749274678 0.8367817388299479 0
2872 0.7385200329984859 0.1982060174037269 0
2873 0.2703329754615781 0.4284264476649202 0
2874 0.5923281805008016 0.7465417695865855 0
2875 0.1383415286429284 0.2507311288006662 0
2876 0.3528038398554382 0.384044180298297 0
2877 0.07776818758279219 0.2871095560092634 0
2878 0.5390321525354507 0.6911652693045459 0
2879 0.4753418200098151 0.3508188265176072 0
2880 0.4094429733712414 0.1256030370904007 0
2881 0.6215158479864773 0.302598273391945 0
2882 0.3784203900036126 0.3897190419220206 0
2883 0.6405779249753109 0.1874857971048838 0
2884 0.4063464396413057 0.7530760755282904 0
2885 0.8210051315259816 0.8915568626618466 0
2886 0.6083272532128453 0.1293017425628552 0
2887 0.8654400405862078 0.941049680882869 0
2888 0.6973378635461464 0.2450374198762414 0
2889 0.649911897358066 0.9490389664923156 0
2890 0.1634207754519019 0.1299029323038333 0
2891 0.6018846252788983 0.5588950579618258 0
2892 0.517622351096844 0.8986144022448295 0
2893 0.4685327892239107 0.7559480072497657 0
2894 0.3446037805577353 0.1761067142428374 0
2895 0.8249132982297851 0.5609609586620478 0
2896 0.2412843280436392 0.6073114825080602 0
2897 0.6607026833801817 0.1093186431433845 0
2898 0.6838568694000072 0.6902159024315034 0
2899 0.06181311254303423 0.2259045807874009 0
2900 0.05647490554966972 0.927366723177899 0
2901 0.5741847250920606 0.3170717676274626 0
2902 0.891928556331653 0.8839697358474102 0
2903 0.4202530721735498 0.5030958602189606 0
2904 0.6902701532478256 0.3037085578383066 0
2905 0.2541672403854567 0.3776818583049313 0
2906 0.5234266766189021 0.1086663281860895 0
2907 0.3472416237856072 0.3610634665668147 0
2908 0.4196876996234734 0.7568849695263051 0
2909 0.2219455374626987 0.4654728095857116 0
2910 0.73211222564878 0.5440488257524175 0
2911 0.8519832983299269 0.287004996455311 0
2912 0.3884316832554903 0.9433286590834572 0
2913 0.7315140860539362 0.6728216461185842 0
2914 0.1188160424082885 0.1740519713004494 0
2915 0.6779712664682875 0.1407712168361644 0
2916 0.7533341084484866 0.2976036439986911 0
2917 0.5737854497738271 0.5147085570596646 0
2918 0.1797368630974874 0.6519700878430255 0
2919 0.5597042182408283 0.4258136420229737 0
2920 0.6536385716597852 0.05763963234799296 0
2921 0.8528869122215192 0.5795733790179542 0
2922 0.3198639322886176 0.438449079132783 0
2923 0.7606305492794092 0.4532735737825649 0
2924 0.509877534942521 0.039364355478403 0
2925 0.05594397424022368 0.08949799444208606 0
2926 0.9326360861685129 0.6312292189623103 0
2927 0.9206182316969642 0.8566670599209028 0
2928 0.937237356073946 0.2398695354133804 0
2929 0.7039920745912425 0.03395133895707753 0
2930 0.6118683314142245 0.9073465439753059 0
2931 0.112653917475787 0.2597746123313413 0
2932 0.9907263758259377 0.1919076710884531 0
2933 0.8372298211294394 0.6249164962596012 0
2934 0.9034119998885851 0.4799083327952673 0
2935 0.6186230416997127 0.4405033840021716 0
2936 0.1468373863698036 0.4824177472618867 0
2937 0.09044571142723501 0.5542351641023482 0
2938 0.5313470276704189 0.6839449692596312 0
2939 0.9070894168176598 0.501860977399307 0
2940 0.8174476357566589 0.8343749073352991 0
2941 0.5915286413357866 0.4456887993859859 0
2942 0.8994472586035469 0.3999224560523971 0
2943 0.0546544977623199 0.5044846096325917 0
2944 0.07644709592585375 0.378329259449891 0
2945 0.6962571337075332 0.1883761476011098 0
2946 0.1876824758278804 0.8891377662601765 0
2947 0.1351866610425225 0.05678656423051343 0
2948 0.6955977823692492 0.2809714578995262 0
2949 0.5789289679001467 0.9218767729004578 0
2950 0.2989807998471447 0.7431384794661484 0
2951 0.4695477681838793 0.9276837461429099 0
2952 0.3598742386086281 0.8819941161693186 0
2953 0.8245303150159621 0.8522864344584677 0
2954 0.5083600164093873 0.3782855786006977 0
2955 0.4166381362638604 0.4368642357514962 0
2956 0.5966359863690176 0.4076535435749969 0
2957 0.3411126930469708 0.9798557063293494 0
2958 0.0418284175257605 0.5472535261154909 0
2959 0.4771704147675643 0.1754765776089182 0
2960 0.6170645859975837 0.3696963807455654 0
2961 0.4255036636927504 0.8073617506529253 0
2962 0.1354918122154546 0.5650167228454109 0
2963 0.04330160718464859 0.3937258597150316 0
2964 0.9287777156458039 0.9680757201198664 0
2965 0.351427862313649 0.04086250191733637 0
2966 0.7217455344039559 0.1809666405329201 0
2967 0.4135060966630402 0.1959559629572941 0
2968 0.9605719766336498 0.6618840819073381 0
2969 0.5250942143944167 0.739848926819844 0
2970 0.1638519291642745 0.9046131619916034 0
2971 0.352728522303434 0.7860137289708966 0
2972 0.7754823468855255 0.4149138083204781 0
2973 0.8303464686600381 0.5074164784744556 0
2974 0.843840218297944 0.2511721349226481 0
2975 0.8402724330974262 0.3859703953098967 0
2976 0.9083299462355146 0.9154515031395778 0
2977 0.6520806047780774 0.3540720466092803 0
2978 0.03454430966584587 0.2389373955100115 0
2979 0.5100264624664772 0.2581304393816354 0
2980 0.3846123678370522 0.1874603961469175 0
2981 0.1553794510765691 0.9756770082898848 0
2982 0.7003910636838502 0.9499774938832517 0
2983 0.432106913498569 0.7393583720265019 0
2984 0.3724550872661739 0.2479078735038719 0
2985 0.02025555609475682 0.4041920231996691 0
2986 0.4951605061618572 0.3037853103262589 0
2987 0.506649939836331 0.8458070968493099 0
2988 0.3226132826386686 0.7529079049167416 0
2989 0.08353258400262781 0.4533313348770337 0
2990 0.285012262097556 0.2402259055714543 0
2991 0.1541466682744215 0.8312871707937357 0
2992 0.9454733318863564 0.8733155173065648 0
2993 0.6648525972036639 0.9111842718313268 0
2994 0.8974039533040419 0.8618561962022345 0
2995 0.2828936852878992 0.9685010961173897 0
2996 0.09050889145248803 0.1015278471924897 0
2997 0.4519281553333373 0.1325737670028851 0
2998 0.7167658076492188 0.7494923173468381 0
2999 0.2149609814425318 0.5957108878082156 0
3000 0.3945558861946681 0.8875423735642884 0
3001 0.4336352644937547 0.4522595169042768 0
3002 0.1155690312135502 0.1348202277119874 0
3003 0.2186806267867646 0.6818709632707435 0
3004 0.06064712959591118 0.3016028708863675 0
3005 0.3404571330270766 0.4414363176578973 0
3006 0.8118729632320533 0.6023521647710517 0
3007 0.9133356472282522 0.9377430569113745 0
3008 0.7626732832630385 0.7383716047626917 0
3009 0.6610692644677931 0.6982935757561884 0
3010 0.2137674669206117 0.5199025865900234 0
3011 0.3729803254982401 0.1301362447173033 0
3012 0.8771643777608207 0.6405727911791339 0
3013 0.2218273010294967 0.2094488476816714 0
3014 0.7280678168475659 0.9253339553230224 0
3015 0.2025833255027727 0.1513782316031224 0
3016 0.7625201873652439 0.1492101432194039 0
3017 0.1382596135112044 0.8731476394495209 0
3018 0.8508022055204916 0.913959454642958 0
3019 0.9477349622376887 0.7872053033750441 0
3020 0.5877972333109653 0.161422653669192 0
3021 0.1475654857108035 0.5454666414720399 0
3022 0.7484380903850112 0.3522418454823285 0
3023 0.7587616649682456 0.3278192278380461 0
3024 0.04175435688549467 0.8235725756066283 0
3025 0.222397104938163 0.2768793370988223 0
3026 0.8290112894185792 0.8009397915861607 0
3027 0.7721408432181958 0.7558434369557747 0
3028 0.9687362582779467 0.4275735972465642 0
3029 0.7227300025617658 0.08050013852965421 0
3030 0.1148962038219647 0.4644748300984296 0
3031 0.475471916748227 0.1264553323268449 0
3032 0.4342788747154193 0.3550083742652651 0
3033 0.2819496809713404 0.1720251556101584 0
3034 0.06780785018072383 0.4725546917354041 0
3035 0.8180787320590936 0.5374311590806338 0
3036 0.5392976999665615 0.5694449782165431 0
3037 0.4907269339087805 0.06143924361620667 0
3038 0.4054630638784526 0.2585639970187048 0
3039 0.9371225371440456 0.7794915256946165 0
3040 0.570086699468233 0.4671231083004194 0
3041 0.58341571445532 0.3699583972571125 0
3042 0.7552058074270716 0.7131556236489749 0
3043 0.1113968813432303 0.2012694497300585 0
3044 0.1325297175323976 0.8620735331042879 0
3045 0.9670213751876602 0.1580499252004041 0
3046 0.5382840977629108 0.284157209643019 0
3047 0.362073035686943 0.07340814524116007 0
3048 0.2845791433430276 0.7654483645200247 0
3049 0.4685675532399822 0.6633702819387297 0
3050 0.7182402603658055 0.414692776753682 0
3051 0.03331511100194723 0.1081857661329634 0
3052 0.829844211937504 0.649005698432604 0
3053 0.7469609404518704 0.1629535886806077 0
3054 0.8577538591756189 0.2478273133729536 0
3055 0.862880849133401 0.3330018269425985 0
3056 0.1105320385330049 0.5295693592778778 0
3057 0.2254925960981671 0.9019386177469069 0
3058 0.8435345587170456 0.8585505334630554 0
3059 0.4898100144335841 0.8590598809817467 0
3060 0.03749842658053204 0.5230814295641164 0
3061 0.2428210250105918 0.3594602801317205 0
3062 0.2853066607519497 0.2270568385194126 0
3063 0.7620198629575763 0.8714545075750401 0
3064 0.3540435106262619 0.8552429599478656 0
3065 0.1117821527449943 0.9825204316562185 0
3066 0.8447682105422345 0.4508234716655216 0
3067 0.06493965572382054 0.9025627942458898 0
3068 0.8833099661977883 0.4243623109741368 0
3069 0.9498306452320762 0.1842071046115143 0
3070 0.06857152147244222 0.9821828955175811 0
3071 0.4240591622465977 0.03158086763156936 0
3072 0.6998518072858246 0.6668020548368241 0
3073 0.3650063488734878 0.8713453385184002 0
3074 0.8979655823999864 0.245101364752098 0
3075 0.3706696245013925 0.973250452867199 0
3076 0.8799656284309982 0.09495063902385031 0
3077 0.1133271103421284 0.372827217892628 0
3078 0.5881830337586543 0.01630666105782241 0
3079 0.6701076470547005 0.3373908486358561 0
3080 0.1741001982571312 0.4827490447130496 0
3081 0.1341979029298976 0.4089867657821633 0
3082 0.2790189555953278 0.193537967150213 0
3083 0.5272099246931421 0.9833985541094599 0
3084 0.5393990304282626 0.7024472795983578 0
3085 0.9715470031985329 0.2572610891660391 0
3086 0.6101659648092733 0.6671325821215557 0
3087 0.4235200500080436 0.4124559918922316 0
3088 0.3266831565514476 0.92275914910224 0
3089 0.4598737446152688 0.850769261910992 0
3090 0.04517505176043024 0.1314300349669445 0
3091 0.5118737748465254 0.3537879763031474 0
3092 0.1726324722794353 0.8506474713690432 0
3093 0.1919601955376846 0.7458020959557565 0
3094 0.3353178690765684 0.5803355657380821 0
3095 0.04431513601454895 0.7171570188964325 0
3096 0.1375789430334625 0.1388043677182744 0
3097 0.7422389707846004 0.9020866867355049 0
3098 0.1710059722428843 0.007586791421163475 0
3099 0.1943662042534745 0.1151804402189828 0
3100 0.2893710013405347 0.6365328331977357 0
3101 0.8835479417245478 0.6761349077419964 0
3102 0.8622160440908808 0.9756675835051336 0
3103 0.01812503737473736 0.04642974970986447 0
3104 0.1882904586667741 0.1881665279811064 0
3105 0.06981306246456942 0.01727425303151625 0
3106 0.3453321124125378 0.9013521048910607 0
3107 0.187360651901457 0.7007808019336855 0
3108 0.49145780355729 0.2383338553826728 0
3109 0.9837789442695939 0.6329563003524975 0
3110 0.731180314541632 0.9549859369719329 0
3111 0.5256034928435479 0.3477462373789046 0
3112 0.3931101700828357 0.7035739471965523 0
3113 0.7668438699823978 0.1710664570669357 0
3114 0.8023130972751484 0.4391409089284298 0
3115 0.9044346670606134 0.8022587293590098 0
3116 0.1899012288457878 0.5730292325874072 0
3117 0.833073892987745 0.183897631991554 0
3118 0.2364556486792849 0.4822185290383343 0
3119 0.1061371424109565 0.8757343225292052 0
3120 0.4368557954655194 0.6950073133741821 0
3121 0.3051370817775908 0.2370195022698122 0
3122 0.2958112674491359 0.7948997595397804 0
3123 0.01903090124179124 0.3554720086851275 0
3124 0.6571719188654601 0.2544220129846106 0
3125 0.145335944503262 0.6551100440741535 0
3126 0.05480146536185654 0.9402036756574177 0
3127 0.2696360529945221 0.472700223167689 0
3128 0.610429660782519 0.8264232117462877 0
3129 0.03591425257826031 0.9373900322774834 0
3130 0.3710519039944877 0.02604932184171604 0
3131 0.2078567124306948 0.03583596091165442 0
3132 0.8682709452756722 0.5221717179772966 0
3133 0.9018890452269182 0.2135944922017532 0
3134 0.6049946035250851 0.8824847112802072 0
3135 0.03058273616825818 0.7315925481165713 0
3136 0.3671898930224543 0.2825882171510775 0
3137 0.6492922140240833 0.9601323356205125 0
3138 0.2292750337672382 0.322690240170125 0
3139 0.7393667735418585 0.8533339809578121 0
3140 0.7034163832711957 0.9116419960703805 0
3141 0.04161281836309116 0.8533864343570905 0
3142 0.02816904590009772 0.5809827893150842 0
3143 0.2953499467196125 0.3292430578550952 0
3144 0.0877017142944555 0.1380292670705924 0
3145 0.9662108021246363 0.8836958218552 0
3146 0.5370545987409308 0.7588824936340339 0
3147 0.673138631336945 0.2178100990780387 0
3148 0.2387923183794914 0.02548096469154171 0
3149 0.2801211964210822 0.4644371933847129 0
3150 0.7828147633611059 0.5916515136622226 0
3151 0.4930637735902042 0.5535525543731358 0
3152 0.8038837322146779 0.421135324920809 0
3153 0.8038620816101583 0.3821347750125617 0
3154 0.1223342896862364 0.09366008263888703 0
3155 0.7498859337249641 0.2672630219171678 0
3156 0.1896330471083623 0.6280018427985099 0
3157 0.372427126725883 0.7222476575056231 0
3158 0.1848122359083263 0.592682816756916 0
3159 0.9902024654314177 0.1762730137242077 0
3160 0.3288637592150621 0.166668533219678 0
3161 0.8165755145987992 0.6537884215281938 0
3162 0.3358941388885265 0.6137362377431566 0
3163 0.860211308086008 0.07864073736746269 0
3164 0.13732368385787 0.034876271499032 0
3165 0.4882602843317582 0.8903308722984674 0
3166 0.6073015623080094 0.9831919290287623 0
3167 0.3728031925270491 0.8446422791516984 0
3168 0.4324506613631912 0.8298272780081095 0
3169 0.8698338738900973 0.5966904650871949 0
3170 0.4421265221387083 0.7156284189945117 0
3171 0.07229829993222942 0.8695347660108863 0
3172 0.7331162468473862 0.6412446151455803 0
3173 0.6050681095876006 0.5205276375938558 0
3174 0.2791140002604341 0.9416154415397723 0
3175 0.02018490599993739 0.1552801693136698 0
3176 0.933084315201383 0.8531137223025678 0
3177 0.4439901251876588 0.78688790425424 0
3178 0.4826111593695312 0.09985383100848882 0
3179 0.9042623615347436 0.1335902385239641 0
3180 0.5548501030236063 0.6955289204050388 0
3181 0.5945594321554091 0.4944801821928488 0
3182 0.4767298695800668 0.2865390630510077 0
3183 0.9537944717640939 0.7230161852429113 0
3184 0.9448450540963836 0.3018379787522922 0
3185 0.7396574403158931 0.2271143116776021 0
3186 0.6982964453114137 0.2277269550886234 0
3187 0.2431393329745908 0.5514360747549103 0
3188 0.9631176766330327 0.930918817008433 0
3189 0.1911192604314818 0.168671374290279 0
3190 0.5479474895821804 0.01488787122861124 0
3191 0.01615747342269891 0.4380367746351507 0
3192 0.0723336505893063 0.930508078662122 0
3193 0.9383876512453926 0.1435339417051968 0
3194 0.05082256947318398 0.3142702436628896 0
3195 0.759553909972184 0.811139130802205 0
3196 0.7594778112512326 0.41499505167753 0
3197 0.1377138879297489 0.8150384973729261 0
3198 0.5857912026700731 0.5786377092379333 0
3199 0.6698904227359661 0.09833161324669398 0
3200 0.5741972597357277 0.5896379332936476 0
3201 0.7140227423415697 0.05113565261394604 0
3202 0.6461436232308831 0.2895629044801354 0
3203 0.6347874640309122 0.7493512953739274 0
3204 0.8419474177997446 0.01360361326398396 0
3205 0.9486059413985002 0.4004631881821515 0
3206 0.1092961557530181 0.1154179257387759 0
3207 0.5653469017356791 0.9829183895831634 0
3208 0.7093995775681471 0.9375038787111597 0
3209 0.6682662397345496 0.03578920081504638 0
3210 0.2355088071927683 0.6491187826581557 0
3211 0.2226056900561881 0.6573203546234743 0
3212 0.4882277036594343 0.9831016125430709 0
3213 0.1828851297581555 0.536993630161871 0
3214 0.9420382323193337 0.4653360158420587 0
3215 0.5438432870521798 0.4436028488778242 0
3216 0.8311113155428519 0.608445789418118 0
3217 0.316582163104848 0.5634786168421834 0
3218 0.3729172085018383 0.7547982125819593 0
3219 0.1906244073168366 0.5001379085889051 0
3220 0.6015649034771333 0.3878288432805301 0
3221 0.5764235215672372 0.4504854918812493 0
3222 0.4412800139906546 0.4843782110316981 0
3223 0.8533179365433351 0.7707459641318858 0
3224 0.3285202866007435 0.7083966277451171 0
3225 0.4367360123650756 0.208933084748065 0
3226 0.05299239878259199 0.6847333070283819 0
3227 0.4711359106872612 0.7803820048623815 0
3228 0.2524910532157598 0.2760876156532268 0
3229 0.2346809321785507 0.5970791080219624 0
3230 0.1716762490512382 0.7698248594211812 0
3231 0.9252421793925698 0.197160435997641 0
3232 0.5551653524764405 0.5571026391630093 0
3233 0.3423281732618901 0.1453052069629603 0
3234 0.9536605951005229 0.1369536332946839 0
3235 0.4480578270769277 0.2271144257263262 0
3236 0.4565724523675837 0.3305672999963671 0
3237 0.8815063201421679 0.06910359177036335 0
3238 0.4483927696861548 0.3999336713541398 0
3239 0.4643322555555744 0.5414631459698509 0
3240 0.3242566303033365 0.6842084663603005 0
3241 0.5001335452440163 0.6770894246726276 0
3242 0.149234845661877 0.0705866264839945 0
3243 0.2771877834810508 0.1029669769768255 0
3244 0.493224485741315 0.8162560537546772 0
3245 0.9700417420186711 0.1351303091104387 0
3246 0.4355199595222542 0.3368327677207291 0
3247 0.5558551708535258 0.8786630134969367 0
3248 0.8033813884002627 0.08901918767063255 0
3249 0.9348243016178983 0.6579293062653755 0
3250 0.08464131126329089 0.2096897220920045 0
3251 0.3327238291984406 0.3239898045311526 0
3252 0.6337949367789907 0.4171596934824282 0
3253 0.8154323447931501 0.5254022256572535 0
3254 0.2649961118631501 0.6380195378482003 0
3255 0.5316189360626132 0.62833344093383 0
3256 0.0160168595022725 0.276324827277787 0
3257 0.00751140002861661 0.3605744248614836 0
3258 0.1722854708140279 0.1768295224929092 0
3259 0.1685913775459438 0.1962525035653661 0
3260 0.6270005447956517 0.01707821547330601 0
3261 0.4450761352744261 0.1893262184581069 0
3262 0.4958043674348444 0.7775274747248412 0
3263 0.1354966765388612 0.5231054547593446 0
3264 0.8846955998061229 0.7398930273368771 0
3265 0.8688199739078666 0.246621919872009 0
3266 0.1763586647158381 0.7411420587960487 0
3267 0.06671284522984633 0.5614815500619288 0
3268 0.642658158997397 0.877441895374508 0
3269 0.8681621040451573 0.843026788335697 0
3270 0.6642505976593038 0.9681578351499386 0
3271 0.07306042869030405 0.4416472064194366 0
3272 0.8032030389086473 0.5381622440690499 0
3273 0.458039209019578 0.5129698476300421 0
3274 0.9667081969072887 0.01342973561272015 0
3275 0.983052483346351 0.2207020738323865 0
3276 0.01722051058174345 0.4760381249755751 0
3277 0.2386880471171535 0.4972191911023767 0
3278 0.3426294009917313 0.2211339566988273 0
3279 0.8588682767517291 0.01383995566333052 0
3280 0.8547627980384723 0.1041609091902703 0
3281 0.2026113329033065 0.05754933447204591 0
3282 0.415093210925257 0.9668352706710219 0
3283 0.3580167086103458 0.1962617982766106 0
3284 0.8040062403611334 0.8788557118753129 0
3285 0.6668109556573159 0.1934863016777681 0
3286 0.2020217801359058 0.9183972859823242 0
3287 0.09311743797162103 0.3572098070274692 0
3288 0.3318551358267192 0.08342409391157968 0
3289 0.3056117522763889 0.4571901660205491 0
3290 0.7017072028067624 0.1307064430662065 0
3291 0.4658078705385738 0.2483116065108473 0
3292 0.5683387330244695 0.6004533694758298 0
3293 0.1827681415380603 0.08007821773377516 0
3294 0.4705760535685706 0.8755349377581603 0
3295 0.8083667999586088 0.7412193316861329 0
3296 0.4428248308466218 0.4967775828324041 0
3297 0.7315584569994901 0.02446358152941763 0
3298 0.5558035008843515 0.2116284335919769 0
3299 0.5839043536317343 0.7894670508314889 0
3300 0.8889893358393972 0.6476527643386719 0
3301 0.8948491809595973 0.2685387785303574 0
3302 0.3763568850263134 0.7438903091958196 0
3303 0.5781969126844914 0.1535902491174419 0
3304 0.3599002007873588 0.2724689653842128 0
3305 0.5653817446665625 0.9331841146178588 0
3306 0.5502625001114971 0.9217338937439343 0
3307 0.1834873301868533 0.2095629385429026 0
3308 0.09860132872959071 0.2665515470542444 0
3309 0.8633016927623758 0.5457094096795343 0
3310 0.6118370550770567 0.5476398823372703 0
3311 0.08918165516848225 0.08394004931531868 0
3312 0.7059507639225038 0.2735883411430787 0
3313 0.6553068579216881 0.09420726884543174 0
3314 0.2198666080603361 0.2860276417676557 0
3315 0.4189862930641554 0.276014601048219 0
3316 0.9281178471205886 0.7675101180064012 0
3317 0.328465938954864 0.7314213796525664 0
3318 0.03605403863872891 0.8125801138702624 0
3319 0.05718259424755195 0.8377832495518642 0
3320 0.1587961577068949 0.6568548440605508 0
3321 0.1488106096130987 0.441942475628246 0
3322 0.17825136466531 0.9486202213626831 0
3323 0.3945511784726939 0.5166407628907285 0
3324 0.8670472167556338 0.618275325374018 0
3325 0.1614130353640179 0.07203737542399691 0
3326 0.3172493245347724 0.7734946745619031 0
3327 0.9364425242159142 0.9528412967072688 0
3328 0.1957016272075239 0.8697383553667949 0
3329 0.4468174358205177 0.9536782701829468 0
3330 0.2851626712723385 0.4178699227190301 0
3331 0.6931715056260195 0.02883325480716542 0
3332 0.8102696732432961 0.146907988723285 0
3333 0.6775478768349066 0.7437754926403639 0
3334 0.5814434774624805 0.2770609131378971 0
3335 0.1400131031997138 0.4892147214609788 0
3336 0.9442185634248161 0.3169969558214942 0
3337 0.7459589990386473 0.411826764925282 0
3338 0.2599462118368467 0.0885215859576991 0
3339 0.7309145850459428 0.3963140089238352 0
3340 0.2586080089597448 0.4107178329908175 0
3341 0.5999709512976598 0.7598567981232114 0
3342 0.8105065292243763 0.6657247500642312 0
3343 0.9787984319152332 0.6149543496438926 0
3344 0.3796282045296549 0.7260705999384334 0
3345 0.3127255807122937 0.6066903746910867 0
3346 0.7321171163515059 0.2826488099445581 0
3347 0.08636438713590433 0.2895131279946516 0
3348 0.2264094256629151 0.9826464194637279 0
3349 0.2973327084938925 0.2627298270264434 0
3350 0.5682155617235141 0.7876486999724194 0
3351 0.5570832611626281 0.3594146860420098 0
3352 0.4029388700497287 0.9160795962366173 0
3353 0.5552720432481769 0.8957554124722125 0
3354 0.7163605634992298 0.6504640522635821 0
3355 0.3847681897438892 0.6918478917985172 0
3356 0.03109612188729349 0.6919501639865226 0
3357 0.3974629773134597 0.9606074622915046 0
3358 0.3280069468044997 0.6960861316283149 0
3359 0.04432818333650584 0.3479715633649894 0
3360 0.97172700438127 0.9536134064506709 0
3361 0.875142518590295 0.9725951753560585 0
3362 0.736690079214796 0.1597043985693169 0
3363 0.584471592748801 0.9393353557811381 0
3364 0.7249123415141701 0.09167865532455383 0
3365 0.7344832419992311 0.7566149758577012 0
3366 0.4428709915447873 0.8421238535610718 0
3367 0.3868002263309632 0.7100153362169186 0
3368 0.1471352181650039 0.5574729730464865 0
3369 0.3420623122916067 0.2090739208195426 0
3370 0.21101566712295 0.30782413798985 0
3371 0.2426519639251193 0.2342242545623653 0
3372 0.1910201053360643 0.07443804699442358 0
3373 0.9080402071149515 0.7696810050205092 0
3374 0.0361239278909482 0.7503327528543493 0
3375 0.1006971693294117 0.5230901091817938 0
3376 0.2077442175208881 0.04684106292263956 0
3377 0.5490219859121088 0.276320320171826 0
3378 0.6478880380758678 0.8155531912751592 0
3379 0.9735556101347934 0.9246478477585165 0
3380 0.9846719387718225 0.4563828036949183 0
3381 0.9144769373344882 0.3888701586482312 0
3382 0.1643997445248226 0.2160513666222996 0
3383 0.9492482324483551 0.8860849543767887 0
3384 0.9575861463119505 0.8682795791298206 0
3385 0.852683992355411 0.6813888981175573 0
3386 0.2589839281310279 0.331131813643309 0
3387 0.1097062410157521 0.01712213341382685 0
3388 0.502607708346259 0.1266485827584748 0
3389 0.7518369944691782 0.6810372767423709 0
3390 0.5145156432151784 0.3405494248152138 0
3391 0.01099773007253652 0.8248512715761354 0
3392 0.9260926797840767 0.5267536680403213 0
3393 0.9634523200381869 0.2619224451904578 0
3394 0.4142917555303996 0.7060731841149992 0
3395 0.0462685297496726 0.7657013346186631 0
3396 0.6186791710796721 0.4061989077566186 0
3397 0.5385997366772298 0.5554113244399785 0
3398 0.02958035586449331 0.9839437270015658 0
3399 0.9858621158297596 0.6651714690013959 0
3400 0.352820616149179 0.9819726701471641 0
3401 0.3086088011342225 0.1722451751474902 0
3402 0.5491230897527423 0.9433187047881225 0
3403 0.5297944531702705 0.9318530635669444 0
3404 0.5390398188655339 0.1105559865670863 0
3405 0.5300603027573176 0.09430685801070071 0
3406 0.5506575236411142 0.08347376392911315 0
3407 0.7689933883397859 0.8561516604707308 0
3408 0.4867648102594317 0.2646982019598744 0
3409 0.7953308672456494 0.07445647899048996 0
3410 0.7474993996706402 0.08520927722176724 0
3411 0.5999739416233124 0.2966119953456723 0
3412 0.4228676325080174 0.8481907266944004 0
3413 0.4863136471547499 0.2795481869326555 0
3414 0.9870403961612682 0.7481623908438818 0
3415 0.351880872872757 0.5995691436884323 0
3416 0.2677569234781227 0.09654914261589986 0
3417 0.3634734980335512 0.9016476551770565 0
3418 0.05715659829180636 0.4567327688934453 0
3419 0.3317710272598299 0.09920671723511038 0
3420 0.8258684627851058 0.1203380529950259 0
3421 0.8881481791279893 0.3994420102481946 0
3422 0.2523276363099521 0.3974520713699 0
3423 0.05369181597655881 0.4368197191406944 0
3424 0.09585812001325977 0.5928326591141658 0
3425 0.2178223099378889 0.2941148654827553 0
3426 0.1765813112438172 0.8626252615714696 0
3427 0.5374389212567636 0.259839799942965 0
3428 0.9257792025303759 0.1430527150613168 0
3429 0.06724081739490068 0.4219379067155307 0
3430 0.09598352631165036 0.2508640177967512 0
3431 0.1120589663236506 0.2416711875737521 0
3432 0.7599666436280597 0.4841238488378357 0
3433 0.3678418329080018 0.496592939408337 0
3434 0.4584489017438136 0.7395118050522594 0
3435 0.3030029078182901 0.5621010289898468 0
3436 0.8852478623727305 0.6904575492099259 0
3437 0.8902035131856836 0.7543964917512997 0
3438 0.8032734925640748 0.1631610603024388 0
3439 0.2421017189142362 0.5661546221924822 0
3440 0.5935828698660691 0.1921308169766583 0
3441 0.0531532471597802 0.3718430960195648 0
3442 0.663735758353271 0.6318420580029798 0
3443 0.9109564909447829 0.7848535978516962 0
3444 0.02804467695002105 0.6417183255712763 0
3445 0.6046374528909975 0.1044849037426347 0
3446 0.5961552758795011 0.08725096836350865 0
3447 0.01966235464593197 0.1673845898825384 0
3448 0.1109440352013589 0.3602334544838495 0
3449 0.4114838688020754 0.7703307363655949 0
3450 0.9643622738999006 0.7149219589845195 0
3451 0.6589415373207447 0.3703790652190665 0
3452 0.556906319982997 0.1458343957708179 0
3453 0.9604371394546964 0.1773262067120218 0
3454 0.2183816659653177 0.1897386926776347 0
3455 0.4516598003284578 0.695498632220232 0
3456 0.08813305176234476 0.4242146156678809 0
3457 0.1283514269300514 0.8404506979832145 0
3458 0.9881506559818524 0.4388187908807301 0
3459 0.1750213224452642 0.1229762838926396 0
3460 0.8577479533972203 0.5603910012636865 0
3461 0.6383836524486015 0.6079830147409386 0
3462 0.7771823643726334 0.02337838142256499 0
3463 0.6455138991648173 0.984972016633785 0
3464 0.5394123494405528 0.7714949370073902 0
3465 0.71623252651197 0.2759756766001199 0
3466 0.9479273104978357 0.9479998466141373 0
3467 0.5276095525178151 0.07391380922296376 0
3468 0.543588538839775 0.06017362437351081 0
3469 0.5629628289845692 0.0627022707071706 0
3470 0.1823730213771965 0.5786191266402657 0
3471 0.01149432712046289 0.5392260110503503 0
3472 0.5735895641622346 0.4886842143097369 0
3473 0.5558169452718449 0.8872084648087256 0
3474 0.6444356280727804 0.1115880601505607 0
3475 0.8578773112318687 0.2981622664473118 0
3476 0.8422487785538098 0.2984083147827948 0
3477 0.4714077914333353 0.7386155379733756 0
3478 0.9777370058522716 0.6804572104856969 0
3479 0.4061584990995241 0.8322633523918139 0
3480 0.3936456675073971 0.8236113580827173 0
3481 0.01700369466157731 0.1016480818685077 0
3482 0.1247358907523252 0.8713086540336537 0
3483 0.1851400697341019 0.4461629048446052 0
3484 0.01999525778869049 0.2334892413562804 0
3485 0.0132300724007352 0.6857689165422353 0
3486 0.63360325186601 0.9542361496256886 0
3487 0.634935862752123 0.9364661184721357 0
3488 0.7419642050046306 0.8881811091672218 0
3489 0.2210659031218483 0.7500396428572267 0
3490 0.1500591124940237 0.2030881337982001 0
3491 0.2338434038118234 0.7496799976379225 0
3492 0.9199901009605465 0.7086845640131869 0
3493 0.4750904838654638 0.08723588014505579 0
3494 0.7504320771324032 0.9133946269079294 0
3495 0.6556872399057648 0.2389385230722434 0
3496 0.7555259145381339 0.9665085619317353 0
3497 0.74800430123524 0.8769802250787375 0
3498 0.4580515013253434 0.469342216128942 0
3499 0.927204118936453 0.6403641114209626 0
3500 0.6004512517756965 0.5805437161149936 0
3501 0.9210949224443632 0.8402169872949115 0
3502 0.5504853366610318 0.5248546154801516 0
3503 0.422322549689742 0.8877656281158659 0
3504 0.09888295549584059 0.158795679040219 0
3505 0.8981056589420539 0.1555036980191336 0
3506 0.7620442249208028 0.3117819847304525 0
3507 0.7753320504576144 0.324032397383758 0
3508 0.7807543497585412 0.3050750771710298 0
3509 0.7946182916712884 0.3174096379470164 0
3510 0.7995421507570963 0.2981232813316339 0
3511 0.7826294331162209 0.2843040221300958 0
3512 0.5053101317692646 0.8903944495979328 0
3513 0.5050320735932703 0.9085174721760081 0
3514 0.05126950808965552 0.8600086728241649 0
3515 0.5934996534831271 0.5448480809037659 0
3516 0.3489965259118691 0.4881815155624054 0
3517 0.0154262036228634 0.3132479169825211 0
3518 0.3782625190047014 0.07334566090840333 0
3519 0.4297933662784368 0.1175615362779167 0
3520 0.8009097276202293 0.09722609765958062 0
3521 0.5205997180512306 0.7595374037881799 0
3522 0.8581861202312711 0.3797444483537746 0
3523 0.8394505668647445 0.3685831208311453 0
3524 0.8843737172675432 0.2325473448469901 0
3525 0.2627253524131527 0.9034673388863251 0
3526 0.688138290755286 0.9811824636685686 0
3527 0.3448260601133931 0.7126454312876994 0
3528 0.5118713242475984 0.727667761937104 0
3529 0.3064399868369632 0.7996810293770341 0
3530 0.7665017986287875 0.1042623549989048 0
3531 0.5550780987826669 0.73865838539161 0
3532 0.1179299510901476 0.4012874802772073 0
3533 0.6568190829063223 0.3414732057999669 0
3534 0.6388711722414415 0.3481285668656028 0
3535 0.8040364616253821 0.27895011252527 0
3536 0.7913222627199961 0.2646558808339583 0
3537 0.8126456246769593 0.2592850162422521 0
3538 0.7974569502994843 0.2452924632361751 0
3539 0.8145604876306123 0.2399387826399952 0
3540 0.8009430039882361 0.2256250481370276 0
3541 0.8998424502082478 0.5449170561226014 0
3542 0.3148460219376468 0.2273856838525258 0
3543 0.9779213360744287 0.1209833915141304 0
3544 0.2060933220824248 0.1238231603429095 0
3545 0.04189960569619777 0.9465695070449385 0
3546 0.4580764266081661 0.7770178155099319 0
3547 0.4319457871185281 0.6208288408317654 0
3548 0.6291622957315141 0.5480859863834737 0
3549 0.9786982140226457 0.1460158933208184 0
3550 0.5151169283475052 0.3059623619781999 0
3551 0.4452358682817543 0.5083897730700653 0
3552 0.350784174004862 0.642912708487777 0
3553 0.2698350559705549 0.398332160106851 0
3554 0.2920613958244742 0.3975333904006817 0
3555 0.2827025815468966 0.3802209457756431 0
3556 0.3021860406462824 0.3801577184469264 0
3557 0.3117696650093406 0.3974655381061623 0
3558 0.00943637900667077 0.7356983289948313 0
3559 0.9445925611794309 0.834090691527422 0
3560 0.2510031964700103 0.8154713883622043 0
3561 0.3866627506518821 0.01253570119373126 0
3562 0.9257422276020244 0.9822518958844436 0
3563 0.9091862551070967 0.9740742545539418 0
3564 0.6929710356659543 0.142740999317631 0
3565 0.6802786117408808 0.1585544580077297 0
3566 0.6614516011775469 0.1474258358549274 0
3567 0.1286340014755374 0.5963787757619253 0
3568 0.1219830390577565 0.5836276157596487 0
3569 0.0756457013430889 0.7033829365814191 0
3570 0.2775403322911184 0.7935378008941372 0
3571 0.3911125582294371 0.9882619226734729 0
3572 0.6030537674575233 0.8366740909321326 0
3573 0.4101868421898751 0.3813941523520529 0
3574 0.3628471235474406 0.7661934404534781 0
3575 0.8917157589396807 0.1389398469756141 0
3576 0.1234188694380858 0.1452506185317507 0
3577 0.911509350927373 0.9034531037307354 0
3578 0.923156935033008 0.2395721723379652 0
3579 0.3080391003930871 0.9812048212851179 0
3580 0.04617464927326675 0.3623650343617875 0
3581 0.8192800315126325 0.2208526945862828 0
3582 0.80532774579447 0.2065643287680529 0
3583 0.7864219016578644 0.2115744165792285 0
3584 0.5908126929370734 0.1451982607993149 0
3585 0.6043328348836349 0.1558338448875867 0
3586 0.5801890079235422 0.09509522556049577 0
3587 0.6093660863281712 0.8599746038466296 0
3588 0.292889988792576 0.841252332689945 0
3589 0.5963601209687777 0.1748153066832109 0
3590 0.9436232100228084 0.6053157240128164 0
3591 0.6668031703139947 0.5587917814310983 0
3592 0.5118744083690449 0.08493368482111585 0
3593 0.3537410737177277 0.9169996884234722 0
3594 0.1926251496973233 0.5483606951199691 0
3595 0.7401687711261484 0.07138440189019579 0
3596 0.09973999125056543 0.3088235104128149 0
3597 0.3474088473335833 0.339537730938506 0
3598 0.3498494618463778 0.2032768299689683 0
3599 0.1798673814760454 0.2285509931047586 0
3600 0.4915935792742308 0.2230006944437795 0
3601 0.7491484755851773 0.5700491180253868 0
3602 0.3708049276506766 0.2375905137927067 0
3603 0.1419199979237587 0.154058493764669 0
3604 0.3006583022906997 0.5397812492698842 0
3605 0.9454997229860698 0.7385259335384765 0
3606 0.09367746011480516 0.2173681218623977 0
3607 0.1498459659408262 0.7349482532447822 0
3608 0.7898374748233745 0.1931096046174203 0
3609 0.6457035265730674 0.6946604533892765 0
3610 0.652650652974889 0.7118048969492767 0
3611 0.6328690077435261 0.707535002850195 0
3612 0.2945781068967754 0.2113352551840439 0
3613 0.9097840686156257 0.7137166417160594 0
3614 0.7881053620082612 0.8568252800141996 0
3615 0.7786452503719389 0.841495301214784 0
3616 0.3502930742534024 0.5587737214115761 0
3617 0.6921697546095839 0.9044327190160938 0
3618 0.7109575301829525 0.6597456071727329 0
3619 0.8498836315023224 0.955908040127325 0
3620 0.3789537889331274 0.8834904082201962 0
3621 0.4068627331402842 0.8885267873414585 0
3622 0.1516522295976198 0.2549793877928171 0
3623 0.01795469868575428 0.5875861209310761 0
3624 0.2354451164223865 0.8915647848157036 0
3625 0.6087362989411496 0.3018842053785627 0
3626 0.6122789467689396 0.3171281905326301 0
3627 0.1214431796561932 0.1893303698593595 0
3628 0.4005206732617374 0.1884338588897359 0
3629 0.4154918610271763 0.1769744669984722 0
3630 0.3682853048252949 0.1862870006503641 0
3631 0.379827984606586 0.1703592068995377 0
3632 0.6766175036002173 0.9016597620866558 0
3633 0.2618544454419096 0.2436591028633063 0
3634 0.2765566537750113 0.2441854052880825 0
3635 0.1957929875007988 0.5676833916366675 0
3636 0.6971556587036623 0.3153545784475458 0
3637 0.8737974976696662 0.384374906082192 0
3638 0.671768454570326 0.7110907595861544 0
3639 0.8968392633521576 0.2266273213283492 0
3640 0.7005398800282936 0.7943648265027362 0
3641 0.7895590513939919 0.9838713747365051 0
3642 0.9672436063276835 0.6305304299136327 0
3643 0.06172766091592025 0.658757593376469 0
3644 0.713016626556957 0.9243355751419985 0
3645 0.159860677517575 0.2705580410940791 0
3646 0.02192104123237892 0.1190760080294317 0
3647 0.06046931930049915 0.6724444747788154 0
3648 0.7920529830065867 0.02197034321513602 0
3649 0.6306495267248869 0.3631647580656026 0
3650 0.6210350382499378 0.350864686311188 0
3651 0.05317104490091101 0.4737051989992569 0
3652 0.3010336384394448 0.1846458344351319 0
3653 0.9259603139130985 0.2873994427849901 0
3654 0.2204889569580837 0.6395106518898797 0
3655 0.6179655652479491 0.08993647376343505 0
3656 0.6120891509909903 0.07143760262082871 0
3657 0.7230987778469177 0.9099959407337962 0
3658 0.8795570991341581 0.05667951508618496 0
3659 0.2255204692584046 0.5141830262079706 0
3660 0.2012358166724437 0.5236242643468476 0
3661 0.02229379733331299 0.7105798272997639 0
3662 0.7602063483023809 0.4410303493877969 0
3663 0.8104699454597707 0.1043795512630092 0
3664 0.1980242801426209 0.1375952035583792 0
3665 0.1803856010963646 0.009857559743608135 0
3666 0.3674005165414876 0.7167133377807645 0
3667 0.6661123148272252 0.3239897405019799 0
3668 0.5035392961650268 0.5606560552530457 0
3669 0.4718494883307891 0.8614601202582568 0
3670 0.02686031847128123 0.1312288731712258 0
3671 0.02916290440745456 0.1453845645021595 0
3672 0.592450106467997 0.9227029060151943 0
3673 0.1114286122089753 0.1609588166281735 0
3674 0.6578429359347244 0.924367019109292 0
3675 0.5736762201260051 0.4193223465775539 0
3676 0.4758068720543703 0.6844741665526806 0
3677 0.8688221151576118 0.6313454161841099 0
3678 0.2832574601096895 0.9794970443710684 0
3679 0.2926141536164847 0.3628351606489021 0
3680 0.3120128297723068 0.3637303600061283 0
3681 0.6759333173582963 0.203346822885372 0
3682 0.7027043563737634 0.07368364687311085 0
3683 0.1848734245299339 0.4889116303163681 0
3684 0.6074638336398869 0.8131309791329577 0
3685 0.862664227486831 0.7565242606801764 0
3686 0.2474066217307817 0.8272840352094482 0
3687 0.5085308667234476 0.1137016762476441 0
3688 0.01577441834367344 0.3313889357445051 0
3689 0.6029662725268167 0.9189912175687932 0
3690 0.6126050581167872 0.8919479594138393 0
3691 0.5820362732403603 0.7395056323374053 0
3692 0.5953991791164022 0.7302449197597563 0
3693 0.2131838440733814 0.6695223827737847 0
3694 0.005778134562653303 0.6811828544950238 0
3695 0.04234808735554124 0.6922652465390995 0
3696 0.3119718804629109 0.9341804556817019 0
3697 0.3316643673781764 0.939815619044843 0
3698 0.01569178055869203 0.8580964610870777 0
3699 0.2387275415187807 0.5239610709676751 0
3700 0.3802058494542693 0.7711086925965266 0
3701 0.9958730622537683 0.3863042898390378 0
3702 0.5636115688057129 0.6148002627521191 0
3703 0.464056127260322 0.132931645236284 0
3704 0.4574984347016992 0.1464380379476674 0
3705 0.4415123993427651 0.1423443834407893 0
3706 0.3495124370100805 0.118172109975575 0
3707 0.5931548024345484 0.06665128716171526 0
3708 0.6067980480114963 0.0521447172908584 0
3709 0.8658580154617463 0.1137637251044783 0
3710 0.7991993710247687 0.4047977449946478 0
3711 0.6167835473258165 0.9445952620080876 0
3712 0.1446239418082729 0.864002099405875 0
3713 0.1190820904403126 0.5676941517073835 0
3714 0.6331975230187175 0.3150850146759198 0
3715 0.8602097330146363 0.2247018838114793 0
3716 0.02978802002937209 0.01552077000750901 0
3717 0.7895919150709924 0.3367642435849479 0
3718 0.807744830995903 0.3310071218129225 0
3719 0.3671748879101056 0.6649622448688934 0
3720 0.9761313436543735 0.7332241697464776 0
3721 0.4986116754700375 0.6449512319685722 0
3722 0.7725646939164685 0.1991629660507529 0
3723 0.2705342812545866 0.9306494034796229 0
3724 0.02717915180554531 0.8489859677509191 0
3725 0.9506574403558427 0.2440351817978365 0
3726 0.9459987184430265 0.2258274828438719 0
3727 0.07872032760859315 0.5647769795294898 0
3728 0.09331473136436025 0.5436657925114636 0
3729 0.3555203725079076 0.02228263658683283 0
3730 0.752874673287701 0.6984749263596871 0
3731 0.7392480994884463 0.710876969286893 0
3732 0.7613648869351126 0.7258248404783124 0
3733 0.5878361106636139 0.04799463756723621 0
3734 0.5555446436728568 0.04806024137188025 0
3735 0.1342721663827284 0.4392572613010203 0
3736 0.7428326396982821 0.2884610836317962 0
3737 0.7518029357395466 0.8298498220973634 0
3738 0.5074021474045981 0.02666759051505518 0
3739 0.07368778798295805 0.9503270866377271 0
3740 0.09161303654263608 0.9418159246212821 0
3741 0.09184218110894132 0.9221126989568122 0
3742 0.109018647400199 0.9319763329857198 0
3743 0.1101189629533325 0.9090405876457578 0
3744 0.1264207114763208 0.9221196616816983 0
3745 0.1262344074557812 0.9421494201979217 0
3746 0.1430903833370198 0.9308549994489385 0
3747 0.1470351126010864 0.2231408702255463 0
3748 0.01238640590925705 0.5157666882362694 0
3749 0.03693756798533693 0.5357637565316635 0
3750 0.0671907240244618 0.5025272462417854 0
3751 0.04318457625635097 0.5116327729546051 0
3752 0.3517599427149996 0.1325360929748869 0
3753 0.9344295665752915 0.7966990012921809 0
3754 0.5035647818921005 0.05147038288388273 0
3755 0.8814234416100195 0.03042484195217321 0
3756 0.2370389669110022 0.5773043772584349 0
3757 0.6465291622422545 0.9079830866323959 0
3758 0.6881165936370539 0.679080319391838 0
3759 0.6988352645849562 0.6940434452036214 0
3760 0.2776263510124355 0.9570522760473852 0
3761 0.5116151214389089 0.5298371673557867 0
3762 0.2100224795817434 0.3431018309428835 0
3763 0.3423133355808121 0.1069007025323124 0
3764 0.2724128147587322 0.4470073842709971 0
3765 0.8815613664172743 0.2474936358055581 0
3766 0.2675789569989447 0.562340892924958 0
3767 0.1240588480111297 0.5320747314526041 0
3768 0.544002699597282 0.7472587562894579 0
3769 0.8912138259492181 0.87168491755624 0
3770 0.8766576555406191 0.8778290674513094 0
3771 0.8811498283112286 0.8975470588331945 0
3772 0.9796264477642566 0.9625068448941247 0
3773 0.1663808926017304 0.8310319388387633 0
3774 0.6594408286186016 0.1213179323799516 0
3775 0.947083579264097 0.3928230368889892 0
3776 0.6552769047810209 0.1844337321113199 0
3777 0.640039271759554 0.1719141849523785 0
3778 0.5869234172408939 0.2838812572151389 0
3779 0.6702179324673125 0.2428040456560939 0
3780 0.5726653572235271 0.8797329428486301 0
3781 0.4838671597234012 0.5430704326500441 0
3782 0.1770865274803659 0.08926443304362797 0
3783 0.9895731206354134 0.5546820743302233 0
3784 0.04271208880693755 0.3011498726009852 0
3785 0.05428811940051514 0.2868564289704027 0
3786 0.2062057036204021 0.7544547499016139 0
3787 0.721494052549548 0.8434189811691245 0
3788 0.08014895628369406 0.406451711978163 0
3789 0.3403028148517653 0.6017008743564247 0
3790 0.9905336516759236 0.158805969793297 0
3791 0.4908681701593435 0.169500502971787 0
3792 0.5236438399557753 0.3637288202683092 0
3793 0.4341866954878899 0.04268962193472181 0
3794 0.7467451092296801 0.8629977193531396 0
3795 0.06395339893659868 0.1454174602398222 0
3796 0.006827455518925607 0.4044214133384454 0
3797 0.5696638612073138 0.1462056233064043 0
3798 0.9006785841952514 0.711941503702752 0
3799 0.8947188311348098 0.7320325330335347 0
3800 0.05655196713195171 0.7769087440524948 0
3801 0.4859758226086011 0.1145404804475679 0
3802 0.8367662651253475 0.1108690203079356 0
3803 0.4170793736679298 0.2088925063094422 0
3804 0.8601848543995956 0.8889598254879714 0
3805 0.4685243009009041 0.8352334473537488 0
3806 0.2460923718682144 0.5365456734671721 0
3807 0.8440580260463177 0.105154163194771 0
3808 0.197013059736806 0.2231512931860775 0
3809 0.5186253644093356 0.8397235337498901 0
3810 0.4969061520577411 0.8497098894691764 0
3811 0.4894884954048964 0.8713933550536523 0
3812 0.3037220551649031 0.8401486663417781 0
3813 0.9919355840200879 0.7396233886728161 0
3814 0.1869754232288037 0.7337766835451284 0
3815 0.2933088437703279 0.755141191623295 0
3816 0.889693072453555 0.4122567286829347 0
3817 0.8999960844887505 0.4258918397717671 0
3818 0.8904210561204675 0.4405282110987699 0
3819 0.6043304581366705 0.4432738907475325 0
3820 0.173668393969158 0.7553046074866276 0
3821 0.3469863330066874 0.3726774825080095 0
3822 0.8416516060693007 0.7560446234515679 0
3823 0.9822149526176256 0.9006695178159343 0
3824 0.2013161768952926 0.4869346016217952 0
3825 0.6203859063181341 0.8105744843075442 0
3826 0.9896094790653498 0.6784256255552069 0
3827 0.2029456236643855 0.02589750484749398 0
3828 0.7551816101637427 0.465015762915739 0
3829 0.9816841004825907 0.5965440784473139 0
3830 0.7481618789083212 0.3651176403518996 0
3831 0.4239171287465415 0.8199952935866041 0
3832 0.759567361178624 0.2571251207220506 0
3833 0.4456296061596034 0.2404594032601323 0
3834 0.9322705497792032 0.07482379188476024 0
3835 0.2172623479574987 0.8884447229155481 0
3836 0.05263579512396011 0.3854905799684971 0
3837 0.3637165907123235 0.8260342470382716 0
3838 0.4144357420871936 0.4217604529478318 0
3839 0.4006734181697754 0.4359051272259787 0
3840 0.3969803001265926 0.4147874479120986 0
3841 0.3831800458995488 0.4302602527877466 0
3842 0.3883241058337284 0.4512788825212022 0
3843 0.6450906246534277 0.5471069283531946 0
3844 0.2436479723425734 0.3376726660577394 0
3845 0.6253820575139866 0.05703813907674049 0
3846 0.01714270719914057 0.0877365005299236 0
3847 0.4515318359953392 0.5305352620007552 0
3848 0.2361521101673953 0.01284127203054081 0
3849 0.308492888336269 0.7872111531212097 0
3850 0.6914728655145739 0.8317923575929584 0
3851 0.08192101743204161 0.2618122925230245 0
3852 0.581535359269133 0.3070411375153752 0
3853 0.9825652984377204 0.9754513725516394 0
3854 0.686314571048848 0.6215144080504754 0
3855 0.2292315392653891 0.4419916873148068 0
3856 0.371295014361852 0.9182681824361167 0
3857 0.3608594572039354 0.9362895314723196 0
3858 0.9083381228352077 0.8541844321405848 0
3859 0.9019011822706584 0.837124424282647 0
3860 0.9768798645120726 0.8885324398995754 0
3861 0.9024442220524596 0.2004762403957591 0
3862 0.6743378587868818 0.2603053472698647 0
3863 0.9658881772629513 0.8373902373500297 0
3864 0.8337560672325481 0.7717776853497742 0
3865 0.3508840083570877 0.5737269758011584 0
3866 0.767070754664301 0.2189066908381181 0
3867 0.4480887979802086 0.4735865900771167 0
3868 0.3474681558536756 0.6606380668397633 0
3869 0.6551019167087393 0.06974029268302051 0
3870 0.3828922182211193 0.2852073388229261 0
3871 0.393729838833046 0.9296615245645206 0
3872 0.3480950002318242 0.07867427526554349 0
3873 0.2533848165098063 0.8947121448247761 0
3874 0.4305208128541648 0.6331258524216754 0
3875 0.5567829278037155 0.7858902518235945 0
3876 0.3431941781505592 0.02694904843725499 0
3877 0.7796427327706061 0.156220176223534 0
3878 0.7273589088373079 0.9825449157573518 0
3879 0.4296790143549919 0.794074353474942 0
3880 0.4123117257141477 0.7986479054530358 0
3881 0.7641249249099964 0.1210931798111001 0
3882 0.9815059014743757 0.9144276735365353 0
3883 0.9622618920890021 0.7934799139086457 0
3884 0.4274859468801852 0.7107250803098886 0
3885 0.4410667866612048 0.7583644642326228 0
3886 0.1732712779885896 0.5298808049700401 0
3887 0.7722116591701951 0.7321388014147978 0
3888 0.7285455256539777 0.04206219807638567 0
3889 0.7146906629307763 0.1270927907073466 0
3890 0.8174302130251299 0.8780909683105066 0
3891 0.5527447286630989 0.8664562681907911 0
3892 0.8600381615888651 0.6440988547503997 0
3893 0.5602568475661143 0.6349915940027582 0
3894 0.2626995538687055 0.9409327279992904 0
3895 0.6197454598320343 0.4766930186430293 0
3896 0.4993617641114492 0.3620232098765952 0
3897 0.4922618974914935 0.3785910891155386 0
3898 0.4831883168758992 0.3598205849772675 0
3899 0.9373231684801473 0.1299228140309147 0
3900 0.5908324757462811 0.8063774936141064 0
3901 0.4478073457384397 0.0184862021772001 0
3902 0.9830980295227536 0.7874249086918121 0
3903 0.3173209090240763 0.8685606788923942 0
3904 0.7531432586082372 0.2336058901767248 0
3905 0.4892976267165743 0.1502559957651595 0
3906 0.04075072197632229 0.5779794887868751 0
3907 0.8977135016208659 0.8952459056381237 0
3908 0.7877132573147043 0.5136207254536836 0
3909 0.7837891161351926 0.499772893045251 0
3910 0.6916183079889192 0.08253567514664734 0
3911 0.6204979770893658 0.8745452724080571 0
3912 0.1750474768914949 0.1581968988999938 0
3913 0.3634365445547261 0.3933732079897438 0
3914 0.347311861810957 0.3994106531223607 0
3915 0.3582234960918584 0.4123024102907465 0
3916 0.819516059973082 0.1418610151015295 0
3917 0.148887101754642 0.02675226886203308 0
3918 0.3656811224306668 0.01667362738765416 0
3919 0.6145555211391576 0.4527258260132888 0
3920 0.2956882295554009 0.9391495317475502 0
3921 0.7377336013078665 0.2126896293691246 0
3922 0.366527662815464 0.05799678792485541 0
3923 0.7308521955386843 0.3853737868877898 0
3924 0.5319677333342903 0.9529349124530171 0
3925 0.5139563501586337 0.9448420660949681 0
3926 0.06473924702294631 0.3777315319473188 0
3927 0.8926332622974931 0.08742994832662132 0
3928 0.396866918265258 0.2488539287516378 0
3929 0.9003926068934276 0.721873391902997 0
3930 0.9397185623862422 0.7211373385200701 0
3931 0.1509107526813461 0.5254145979801879 0
3932 0.2360143457472772 0.9912692472485047 0
3933 0.8340312907153156 0.262362635740401 0
3934 0.9904453183283415 0.2624237165940512 0
3935 0.3775352637297855 0.01952008894279655 0
3936 0.3403120527746467 0.421541579704936 0
3937 0.07075430012653483 0.07970428995068368 0
3938 0.08627084939289142 0.06541735006827798 0
3939 0.06829267665771066 0.0584370338268887 0
3940 0.08337369347343071 0.046422204018573 0
3941 0.1021086063616984 0.0520487035378151 0
3942 0.09194327448647538 0.9018403732765303 0
3943 0.4966177942999904 0.2702173305302111 0
3944 0.6811060561441826 0.4850484892690722 0
3945 0.3189149023051605 0.9499379818079017 0
3946 0.9484303448881179 0.2853620047739953 0
3947 0.7462503414355492 0.6336549005174961 0
3948 0.9900798270952114 0.6459958842111406 0
3949 0.09434416285487851 0.1272883857027734 0
3950 0.9143363296038391 0.5140486753980521 0
3951 0.8972826340524719 0.5131506056324011 0
3952 0.8354912945172797 0.5648034000420039 0
3953 0.8242502453875546 0.5751713985033726 0
3954 0.523226349089167 0.03071298081654772 0
3955 0.3694908960759189 0.4440298731469508 0
3956 0.8173332034972633 0.5506124661429402 0
3957 0.7979012760726365 0.5588060536953501 0
3958 0.7836170837422314 0.548070206212205 0
3959 0.9859898165551436 0.02580486888284805 0
3960 0.3174705623703655 0.7432718098725651 0
3961 0.2924025150701729 0.4546193185622068 0
3962 0.6895788559064726 0.2138894954645364 0
3963 0.4663011047267903 0.3429424154089218 0
3964 0.4635115889765422 0.3613410903882581 0
3965 0.04385634540974426 0.09713134161568204 0
3966 0.04059902070245769 0.0836012208885199 0
3967 0.9636983466875032 0.1935491183816774 0
3968 0.3604695959836141 0.3416735286178681 0
3969 0.1500348920433638 0.1381802859908304 0
3970 0.4500399761606789 0.9840346866603611 0
3971 0.2934921954242213 0.1973772428740721 0
3972 0.2184460510819292 0.2640561305262281 0
3973 0.231447622507869 0.9706445296859453 0
3974 0.6796686003561228 0.02902192910213242 0
3975 0.9547911131988502 0.2714296758226947 0
3976 0.2461020049249848 0.4777939323537799 0
3977 0.9694757317545126 0.7041575028423706 0
3978 0.08011298710466591 0.5140853696376636 0
3979 0.4090237599517927 0.4529786857474794 0
3980 0.3963521533838499 0.4700643971858155 0
3981 0.415253363661278 0.4729431447124613 0
3982 0.7940913902701838 0.6036284293279639 0
3983 0.7979657250779637 0.6133219301342145 0
3984 0.6862494015281565 0.290089026198221 0
3985 0.9041182253095548 0.9274674854355354 0
3986 0.9007529599520957 0.9450228527689452 0
3987 0.8633558509689525 0.09194763870819461 0
3988 0.03787362092850932 0.4044408153306436 0
3989 0.1805921107671846 0.1114968727331941 0
3990 0.6650160760780419 0.1329599278461339 0
3991 0.5493955500275629 0.2008071224686497 0
3992 0.5972582855917467 0.5700569441130555 0
3993 0.3010812741912343 0.6098821722289858 0
3994 0.192832428429898 0.7111872798537159 0
3995 0.5146368061500093 0.4633963534183456 0
3996 0.6091639574126763 0.1175981296052038 0
3997 0.6026255253538985 0.1397977534307778 0
3998 0.4704565592374558 0.4638322427150196 0
3999 0.2779109583450445 0.779411727191666 0
4000 0.03743551878886664 0.4630241798311271 0
4001 0.6894279397423488 0.9619495736286181 0
4002 0.07731009632538399 0.1434342594266478 0
4003 0.8225643634863603 0.6027762473195525 0
4004 0.09091853794186061 0.9603636808338361 0
4005 0.7737010057732621 0.6822028505418858 0
4006 0.7869520482541407 0.6804738613411039 0
4007 0.8055468029653456 0.01820702667946617 0
4008 0.423500164247201 0.4464354716755872 0
4009 0.5747476598186347 0.6450316596721463 0
4010 0.5558586094425148 0.6577241691651583 0
4011 0.5756561084180964 0.6656919205466458 0
4012 0.3426639511352447 0.1636826717678571 0
4013 0.5301865407585556 0.8499370221697276 0
4014 0.1074941573447331 0.4494885256548384 0
4015 0.6489173959932931 0.4184888568599298 0
4016 0.4406669129949766 0.1267813889434563 0
4017 0.5958249073500846 0.5088494657011327 0
4018 0.0389569396600381 0.1195133613501391 0
4019 0.7349730952121353 0.4077553560169719 0
4020 0.8077397962691548 0.06867592001825318 0
4021 0.910460816240901 0.4494651103870596 0
4022 0.9201510974961622 0.429939064345677 0
4023 0.7467664786386672 0.5287386241577706 0
4024 0.615535658716086 0.7548059115999886 0
4025 0.6199763282194503 0.7360401196324035 0
4026 0.6253821478445674 0.1781992691195153 0
4027 0.6455620796670922 0.1338486921628733 0
4028 0.891247132123032 0.4967575420677956 0
4029 0.8901320407924017 0.4769081844631735 0
4030 0.4437274216835577 0.5422238888882581 0
4031 0.3340018361357302 0.626622631153729 0
4032 0.6339824189303565 0.299148553746557 0
4033 0.4381677537627274 0.6088420105725066 0
4034 0.1248860619568711 0.4319037076185505 0
4035 0.7037964276601515 0.8390436453427261 0
4036 0.5071400021712289 0.3914043198557107 0
4037 0.8269699818900638 0.1319959023238695 0
4038 0.2023496856718173 0.7007549316471275 0
4039 0.1907082519315086 0.6861983500325819 0
4040 0.5025360706816434 0.5764621897183446 0
4041 0.265840801214042 0.6166353065103654 0
4042 0.03114490627220357 0.5636378156100976 0
4043 0.5981220808571699 0.3738841691751799 0
4044 0.5879189736519379 0.355854788526648 0
4045 0.7333230540698954 0.6899155736986705 0
4046 0.01983586196265974 0.7260914950027968 0
4047 0.5740366383568781 0.2702192990049946 0
4048 0.440324196993462 0.2136460742515288 0
4049 0.7197534848812686 0.7088213827586725 0
4050 0.4316734521476353 0.4031975170511027 0
4051 0.4378000279202219 0.3852816405824109 0
4052 0.7302372993003421 0.7390478774141889 0
4053 0.1545168127637889 0.7888268933696989 0
4054 0.4066993928555439 0.5074332559441428 0
4055 0.7120434239958424 0.7294089916540529 0
4056 0.4576758576098182 0.06926973355285126 0
4057 0.7291070510741816 0.4725223126200359 0
4058 0.08759372482736549 0.373032617074479 0
4059 0.5867787761457561 0.5603642906878155 0
4060 0.5723560483723991 0.5461274360257931 0
4061 0.6289829916846548 0.4327409489999027 0
4062 0.8201852697152753 0.1113938794173233 0
4063 0.8782794940640135 0.547673041320406 0
4064 0.7317053573130607 0.5642526635470284 0
4065 0.9107834829522379 0.1479117096588465 0
4066 0.3095806228682936 0.4456269432019992 0
4067 0.1621023855019035 0.5299947380046371 0
4068 0.936991134986433 0.6696215430444282 0
4069 0.9819997872834194 0.2533796465301428 0
4070 0.8495097217011613 0.5676060669950841 0
4071 0.5169351545713868 0.6703401227626566 0
4072 0.8170552137732494 0.5096695093817833 0
4073 0.8241427242109722 0.4937191519203988 0
4074 0.8399129231927003 0.4894837994281915 0
4075 0.5526160256136533 0.96459386879551 0
4076 0.06196825894661712 0.2082627381757957 0
4077 0.9252628783740083 0.9418831434381634 0
4078 0.2507055835980926 0.614781747191376 0
4079 0.8557787790501576 0.3615669535802041 0
4080 0.839370957566591 0.3500587116008369 0
4081 0.8215806293496 0.3598716629919558 0
4082 0.135924827048587 0.8038067296905518 0
4083 0.1198579075965626 0.3843447151970754 0
4084 0.2790560288292952 0.2100900229861348 0
4085 0.828331107991032 0.4736914556075322 0
4086 0.8090163176577709 0.4779169606576973 0
4087 0.8467072060974994 0.4687460472680834 0
4088 0.659931751338414 0.08002203372529504 0
4089 0.4974131517102378 0.2525935622191357 0
4090 0.2464077483413342 0.03475834473463491 0
4091 0.4611966224396764 0.6529817277325169 0
4092 0.08819746046216848 0.2778104122686983 0
4093 0.8673894249957551 0.9309162637618797 0
4094 0.7737584778402105 0.1400506012759005 0
4095 0.7242957328209385 0.9355967214159351 0
4096 0.7218333773656211 0.9478717262724139 0
4097 0.2732904295038075 0.3638756632420021 0
4098 0.5139764240810725 0.272623756847321 0
4099 0.6567349685483886 0.8803508023881921 0
4100 0.8753408276241472 0.491691335730942 0
4101 0.8257477951709797 0.6646549780731312 0
4102 0.1900791907297098 0.5124796704191857 0
4103 0.025813391069054 0.7427530760838049 0
4104 0.1034390463167583 0.3862304547506615 0
4105 0.4536566566296235 0.1761492183889256 0
4106 0.933155817800286 0.6188836327304348 0
4107 0.6607894519254743 0.5493135909451957 0
4108 0.5373897678206091 0.7351059783865608 0
4109 0.8096154643530501 0.1860224667748194 0
4110 0.6808435740422071 0.4974105409476166 0
4111 0.1366267371634037 0.06762908900719894 0
4112 0.04291277191520343 0.6407671091529622 0
4113 0.7430759953242235 0.4737618306817178 0
4114 0.2567108096213558 0.3873322699195663 0
4115 0.3692615046405911 0.2593063628139274 0
4116 0.8080491754769237 0.3933231903330615 0
4117 0.1453403826743705 0.9537700999876569 0
4118 0.1239447525405835 0.9644488854960971 0
4119 0.1324395786058712 0.04697041149759029 0
4120 0.1871140606216973 0.9014780735458472 0
4121 0.8706643747444124 0.1039626837580366 0
4122 0.1105227969755425 0.3073296790311718 0
4123 0.50042938902942 0.01650103287475368 0
4124 0.06304283464368365 0.9173589524570824 0
4125 0.5122346022766705 0.330749301906806 0
4126 0.7743005196851769 0.4481861820564608 0
4127 0.9407947863429855 0.114490600588911 0
4128 0.7472929195260853 0.01070365856392375 0
4129 0.9278359016291199 0.6068681510561772 0
4130 0.6054499777003293 0.8491519878064202 0
4131 0.02047587453310151 0.2542233231086513 0
4132 0.04345316379300168 0.2534089949568761 0
4133 0.01068829310265579 0.4177012586727855 0
4134 0.02681465926545512 0.9472830998684103 0
4135 0.8778950688888384 0.7529111863984432 0
4136 0.140180694539023 0.4550874260398217 0
4137 0.1575613052311795 0.4554921159275542 0
4138 0.2380071773679446 0.2826196766195195 0
4139 0.8378717364991615 0.886209743832264 0
4140 0.4321537534348708 0.7312468243725643 0
4141 0.4793338577127088 0.9163035174618883 0
4142 0.486841246140656 0.9321436653223918 0
4143 0.4740178023102736 0.9446680814356534 0
4144 0.6772471112804164 0.5558174410770711 0
4145 0.7061773784193603 0.3273666638017331 0
4146 0.7141778062496855 0.6251455427953219 0
4147 0.208199179904145 0.2564227930084274 0
4148 0.9948540515952288 0.7749074449541214 0
4149 0.9712586828193914 0.6683176641199917 0
4150 0.4947641982187739 0.9513167538503688 0
4151 0.8020884220658049 0.3706487866984139 0
4152 0.3271096215174332 0.7618916616283289 0
4153 0.9771715544048358 0.4841949875294879 0
4154 0.3596063664555761 0.2274233432745226 0
4155 0.3282827973198965 0.2237361732249052 0
4156 0.5351627465706472 0.6639006278756523 0
4157 0.1305402838512815 0.6122765527054148 0
4158 0.9590710803940248 0.1505366989389689 0
4159 0.5504654889686417 0.3424104624620838 0
4160 0.4895856545183274 0.9030720380286258 0
4161 0.1252781832087561 0.251472524280076 0
4162 0.1600465984728507 0.8614122168283145 0
4163 0.5879252624197409 0.3247583964176933 0
4164 0.678029206120113 0.08847356808012652 0
4165 0.9278703693434809 0.4436443069972402 0
4166 0.1723697214776656 0.6603543623738448 0
4167 0.3243507347083036 0.07251877701829357 0
4168 0.3313459043636695 0.1512488262693988 0
4169 0.3662051210944358 0.8040386907407279 0
4170 0.1458729697065837 0.3957529916668511 0
4171 0.2251779684268193 0.4771738606847704 0
4172 0.893009115197163 0.257660640307847 0
4173 0.3014126479785051 0.2220472189151215 0
4174 0.9329269784548598 0.7565708013817558 0
4175 0.2345298985865807 0.2641472160662628 0
4176 0.3524451319690617 0.06257652649892287 0
4177 0.7275646862802869 0.7656108330391931 0
4178 0.5139714859509328 0.3685588474642822 0
4179 0.661540989492534 0.5927118724812328 0
4180 0.3507178731315012 0.4560592590384318 0
4181 0.2822292744558516 0.8891812102271754 0
4182 0.2143023609125107 0.9897986645577259 0
4183 0.520067869114418 0.6496189188605368 0
4184 0.9520519496685943 0.3270494715266116 0
4185 0.388919165429824 0.1373141751274934 0
4186 0.4071067357640482 0.1423579509757092 0
4187 0.3290008640848647 0.5670190410241185 0
4188 0.6577368400813208 0.04539193248245654 0
4189 0.6523509489057084 0.03070855924609883 0
4190 0.007990907666888258 0.352064024339608 0
4191 0.5552421825606689 0.4740365201411352 0
4192 0.7242620631044989 0.6615231850365108 0
4193 0.3545825103843238 0.9694625630869804 0
4194 0.8327944700414405 0.2350689362069311 0
4195 0.2135572700014102 0.06583470049077927 0
4196 0.7628414932453403 0.1122804485610508 0
4197 0.2686348102290988 0.2653641238926198 0
4198 0.6805153626727417 0.3330407133038604 0
4199 0.3687213871588239 0.2926209602139718 0
4200 0.5609981660919543 0.2694867534924272 0
4201 0.8018111856232379 0.5920232075585931 0
4202 0.4706957396001203 0.300593503807679 0
4203 0.2965480834022735 0.2477853756165843 0
4204 0.1618826329691631 0.02205936775269435 0
4205 0.2372660253389346 0.6261975600945325 0
4206 0.2192485285563486 0.6218223102929255 0
4207 0.4695363636238468 0.7667767552915374 0
4208 0.5803568665934815 0.5089878840168667 0
4209 0.6524746068247459 0.5951902898853597 0
4210 0.06411968059577206 0.8828632662034903 0
4211 0.6907091103481786 0.263651925247871 0
4212 0.7815905246152014 0.5678735379975406 0
4213 0.5606522410651485 0.6754285391135095 0
4214 0.5753019125099418 0.6861822515292815 0
4215 0.5761035228666201 0.7055728097624124 0
4216 0.5945598142948174 0.6950514563881487 0
4217 0.3929381307784725 0.5507562378464705 0
4218 0.8004726698613824 0.6752649505757553 0
4219 0.4807587935418468 0.8313923239172412 0
4220 0.4160796426852251 0.2648536809724398 0
4221 0.4521325553220449 0.8374967826022226 0
4222 0.3062123608252434 0.4286278837715065 0
4223 0.393194334983285 0.07684287178137084 0
4224 0.7050369095688153 0.9663089312840702 0
4225 0.7195248513116284 0.6383616827774776 0
4226 0.5236299931627131 0.2568385541846325 0
4227 0.2873012941977777 0.1818481725142295 0
4228 0.1104661178240702 0.1035164193707059 0
4229 0.9292238576650524 0.7154080496518868 0
4230 0.941027860458211 0.4288124261815967 0
4231 0.2690973130521093 0.1990675507135172 0
4232 0.514649015790868 0.9648299689860065 0
4233 0.3302633667984716 0.4359748199149045 0
4234 0.9038684966923669 0.7644917740032544 0
4235 0.8570931250931189 0.8514462615092614 0
4236 0.983083039389871 0.8506687666812931 0
4237 0.7931310252064276 0.8718627594493076 0
4238 0.1681332449251555 0.7811268027850859 0
4239 0.4363523402340345 0.1729297812576925 0
4240 0.1308810084010128 0.3923967444779057 0
4241 0.766618730766261 0.01344151342716593 0
4242 0.8480766906093757 0.9763097475161747 0
4243 0.1967382467640349 0.325255664895588 0
4244 0.7081084865535072 0.5590470508596126 0
4245 0.0786175823421067 0.2451030729342369 0
4246 0.9889520327459199 0.5870734778680272 0
4247 0.122085443034316 0.8177794940383128 0
4248 0.2094853211239894 0.8738160319855375 0
4249 0.5580137170039551 0.9074763177082672 0
4250 0.6040866529300005 0.3984178050575589 0
4251 0.03200658124977673 0.4234048876361827 0
4252 0.8561659538477636 0.5927311373166376 0
4253 0.139992631881471 0.8277434131641008 0
4254 0.9767908052207254 0.9894058723253873 0
4255 0.4444214364518839 0.21955692326138 0
4256 0.0127724200227739 0.6110408986358902 0
4257 0.03415889202141631 0.7223918013421377 0
4258 0.9014773446354644 0.6463216848537828 0
4259 0.4669377457691001 0.3964861578812207 0
4260 0.4884133978460502 0.6820305502674284 0
4261 0.7891688287956975 0.411645786941631 0
4262 0.0168915905491942 0.1116051273832901 0
4263 0.8850254702111404 0.2729893830628012 0
4264 0.7486924319930071 0.1798185815018237 0
4265 0.5978500465623171 0.2589054880377246 0
4266 0.425009216093754 0.2850384901285412 0
4267 0.8737270625226061 0.2936621314867239 0
4268 0.7586551538593518 0.279111999171489 0
4269 0.8600501033520576 0.9497079562843622 0
4270 0.8618497538325671 0.9208601878997575 0
4271 0.879421306595549 0.9216577465043401 0
4272 0.1883338216115935 0.4756529980778882 0
4273 0.4994119262324974 0.8050394537559578 0
4274 0.5378334386122706 0.4639458952133076 0
4275 0.9660758357760084 0.1689505238118884 0
4276 0.5718225047792884 0.3635090929743681 0
4277 0.3902812734988179 0.7474937846609389 0
4278 0.1445785413965636 0.9131619485924292 0
4279 0.2537701258366384 0.3655126990060648 0
4280 0.1756042786243869 0.9048776515246758 0
4281 0.1721690148484103 0.9194726465333104 0
4282 0.9302452214016294 0.819310915281095 0
4283 0.9465857049305657 0.8137816085431684 0
4284 0.5358644217561205 0.3457716088742533 0
4285 0.6302149562679327 0.8952709330740753 0
4286 0.825048979100834 0.3973042141232654 0
4287 0.8330592592556845 0.164348092441535 0
4288 0.6583879288708456 0.275795966892314 0
4289 0.6634768909046951 0.2931948427509832 0
4290 0.3901066553466869 0.5020565396125026 0
4291 0.6189536358360831 0.5304378155235104 0
4292 0.9046430885829901 0.5995458985033089 0
4293 0.7542580894632337 0.430299935721579 0
4294 0.4943268971349037 0.458575607833317 0
4295 0.4375956947929803 0.03084914966629115 0
4296 0.756020142918269 0.09710127980120553 0
4297 0.7660707230103529 0.557685344613126 0
4298 0.4826024244897555 0.8821458025549355 0
4299 0.4820991865204599 0.7754950604190681 0
4300 0.4658391944420754 0.2912039950775411 0
4301 0.1311754054229682 0.4741348389987338 0
4302 0.3647798611561821 0.03952824161462226 0
4303 0.4665607821688401 0.7484199911150096 0
4304 0.7510643136633188 0.3390081759048702 0
4305 0.7678448807336926 0.3457499091733407 0
4306 0.3959089966968177 0.3925942209319304 0
4307 0.8785047727408783 0.1291797326918723 0
4308 0.3577204954445631 0.1504577952299925 0
4309 0.9824760559825696 0.3790882565031948 0
4310 0.2834831370724856 0.5647788416346993 0
4311 0.1211153610783153 0.8893988729901723 0
4312 0.6881661222497467 0.6672874059266626 0
4313 0.7022653486859345 0.6177493657779479 0
4314 0.6274453231029159 0.9159731811560241 0
4315 0.2234970051293118 0.6922839062284055 0
4316 0.6727393827788406 0.1783306410030797 0
4317 0.4772982590479392 0.9647479995244873 0
4318 0.01723847910648113 0.06490850903684814 0
4319 0.03464885698681641 0.05506360928509707 0
4320 0.1304390056422108 0.208793076890437 0
4321 0.4294530800706002 0.9618820299385276 0
4322 0.01457254232964533 0.8147230921273285 0
4323 0.8243706330031608 0.903919074971514 0
4324 0.5538770429433973 0.4362448625805858 0
4325 0.5144199630437829 0.399869531641045 0
4326 0.9004689678247773 0.9878882386832087 0
4327 0.06356315152237768 0.03702956553456549 0
4328 0.1512582408377766 0.8980296236949267 0
4329 0.8457430844266548 0.6590995390650991 0
4330 0.8663254114015499 0.665722395997114 0
4331 0.8457380544400127 0.6115817498667848 0
4332 0.2236319236965739 0.3130135327445959 0
4333 0.9918179485870998 0.3289112018261484 0
4334 0.1629432436165218 0.7425529151390027 0
4335 0.3725327274654627 0.9538349198631665 0
4336 0.01394747469367097 0.9131995543459124 0
4337 0.4768808902010888 0.6508132447064123 0
4338 0.2802944277169837 0.1633420031811752 0
4339 0.8504038405534189 0.3147110347909533 0
4340 0.8309389513696441 0.3142507400279166 0
4341 0.6988203640217809 0.7441589188151764 0
4342 0.6891905319721779 0.7260106959792361 0
4343 0.0416596197636353 0.4948200860407798 0
4344 0.772038061037265 0.4672238428363197 0
4345 0.7929769159479312 0.4607541721246308 0
4346 0.6278088075637086 0.6897887349782141 0
4347 0.3708632710374933 0.4673485769117627 0
4348 0.6754314754484838 0.8307462129530143 0
4349 0.8230918624189408 0.756607926938372 0
4350 0.8153568722683763 0.7739125297635706 0
4351 0.6307031053439082 0.478923551984493 0
4352 0.5931152104535913 0.8776090935544395 0
4353 0.08880357338437234 0.5231432192404075 0
4354 0.7015703140903548 0.1614266247939621 0
4355 0.9063153706432068 0.4694966255747784 0
4356 0.2838557119733202 0.3469505000383006 0
4357 0.4959331652469002 0.8810608078476668 0
4358 0.2062575758323533 0.3969633726058306 0
4359 0.9634695826437412 0.7372929100225212 0
4360 0.5336277032799102 0.531919430582919 0
4361 0.8824836269218949 0.5997134579104837 0
4362 0.7694373121183544 0.2415191121358762 0
4363 0.334840738638742 0.3347839470345652 0
4364 0.2193108058204104 0.04225981095444015 0
4365 0.8834612916977116 0.3940369591370227 0
4366 0.6198793208060888 0.143074224247991 0
4367 0.7373219333085168 0.01501376956513523 0
4368 0.1909659313258767 0.01792983259090475 0
4369 0.7388025548120096 0.9630204168311202 0
4370 0.3846096309949299 0.2405481749191979 0
4371 0.3572154628527564 0.7150921633993739 0
4372 0.738287445967306 0.9182127012673849 0
4373 0.05347198769368577 0.2016719946712903 0
4374 0.949413576302404 0.2031118695377789 0
4375 0.5733459001406626 0.3449239278626146 0
4376 0.1798047053751932 0.3354852662692834 0
4377 0.411755945145016 0.01712157149595139 0
4378 0.06587233987786489 0.09318836461212143 0
4379 0.947002823776097 0.6603060830540199 0
4380 0.932466464528951 0.3341785347455298 0
4381 0.9096650167093908 0.2389908686445449 0
4382 0.2247949460820058 0.5937136933018023 0
4383 0.9663087471772666 0.5990083021739805 0
4384 0.7690315525749971 0.7892983307647836 0
4385 0.7796646694051097 0.8082537571225524 0
4386 0.7890259230779499 0.7899345062155672 0
4387 0.7981372016862961 0.8075869348454257 0
4388 0.3942062721280615 0.1562611066211635 0
4389 0.8996708116640235 0.7570912407975516 0
4390 0.3337207047865086 0.5910018360324657 0
4391 0.3348995894711719 0.6753057443027877 0
4392 0.1867124640940834 0.6456305354862526 0
4393 0.465152666307549 0.3220019203387077 0
4394 0.4355818465953964 0.3457863452450227 0
4395 0.7088841254529905 0.8958603057182175 0
4396 0.6473727178970634 0.235706558163784 0
4397 0.727941328849176 0.8943049774502647 0
4398 0.8285928601437147 0.4535113097836507 0
4399 0.8613471558502168 0.4547516748098761 0
4400 0.3482328369808559 0.7749227808663258 0
4401 0.7887484632189711 0.09637048291572836 0
4402 0.255843614915216 0.1594995502042704 0
4403 0.8791195705846144 0.8581648815591221 0
4404 0.1098575781825692 0.418724138624482 0
4405 0.6742565033980774 0.6969951830598935 0
4406 0.1010149518920672 0.8220022905650115 0
4407 0.1714890745090454 0.2581509457579148 0
4408 0.01235747385570723 0.5973960478817451 0
4409 0.613378159405407 0.7020986782444911 0
4410 0.1892022113211839 0.8800509512356218 0
4411 0.7683983134168745 0.9824984698336672 0
4412 0.6400589081259426 0.7276968860160472 0
4413 0.6203656653754033 0.03510048266470533 0
4414 0.2440015167063869 0.9570253253113121 0
4415 0.8220858353258713 0.2943016760624715 0
4416 0.6120406797399159 0.3828064401713868 0
4417 0.383077364002131 0.6751572252350799 0
4418 0.9032840658448276 0.009867019234522489 0
4419 0.1407639532756356 0.7395899443536205 0
4420 0.5589163582750825 0.4179497034919737 0
4421 0.4037365206399022 0.9676572035972244 0
4422 0.6450106357913252 0.807551391758782 0
4423 0.03262551317097223 0.3191329665406805 0
4424 0.06255928037988123 0.2573520575658804 0
4425 0.05671142194835854 0.9607105210510232 0
4426 0.3825548243476411 0.9012075064340053 0
4427 0.3905276632110273 0.9551267731057514 0
4428 0.3765821844382969 0.8701214536207919 0
4429 0.1500858936409172 0.01264343965500303 0
4430 0.1298369632735381 0.9838763052145829 0
4431 0.3526030357080253 0.3513546186114754 0
4432 0.7173343130960294 0.3917740825241374 0
4433 0.9150093330577528 0.2831084623273332 0
4434 0.1932615527747627 0.6643456999779093 0
4435 0.7406118733413165 0.6755949059644044 0
4436 0.09755620785192837 0.5696661962084144 0
4437 0.5678591944515525 0.9519493620834045 0
4438 0.5854758624796861 0.9611923171217893 0
4439 0.6560282101738225 0.7460543625225269 0
4440 0.9379975687929987 0.1940314483577218 0
4441 0.3251301529251336 0.5490609010655775 0
4442 0.4180679768244716 0.1191853644900753 0
4443 0.4728990457415394 0.3089057629113248 0
4444 0.7928333699031387 0.6350796813900728 0
4445 0.9376663097617918 0.39994448856366 0
4446 0.5450698571067289 0.903806924329406 0
4447 0.9575689854184128 0.473051252050371 0
4448 0.9546776754501661 0.4535141953410025 0
4449 0.9609554979462576 0.9467215348864111 0
4450 0.2431876331719663 0.7591056798779752 0
4451 0.8687323809753525 0.5352702598112562 0
4452 0.4956518773967317 0.7948393848642021 0
4453 0.01699235215948358 0.9315297571813743 0
4454 0.6426997421906071 0.3625852571911037 0
4455 0.7049905546851367 0.01710701671504178 0
4456 0.8337224780147139 0.5941855360593309 0
4457 0.9698930444880598 0.725174304688034 0
4458 0.4805430290191655 0.7340343719122687 0
4459 0.8878140761258925 0.6622772417555713 0
4460 0.5461774217149971 0.1001451741019337 0
4461 0.8036526129228906 0.4496321912060454 0
4462 0.1068187680166661 0.1261259984170875 0
4463 0.2192171545511417 0.02293150549853956 0
4464 0.9651730496891326 0.2300690989160304 0
4465 0.1887930056928208 0.6071244236413853 0
4466 0.6250002537327704 0.1235872900830327 0
4467 0.2190862683024701 0.4541870912359405 0
4468 0.3369602029602047 0.6876160846036221 0
4469 0.4324619068997582 0.8416232862452511 0
4470 0.2322511909315925 0.03729464581271297 0
4471 0.03378385607696832 0.356458494912699 0
4472 0.5929503721116538 0.653493223737357 0
4473 0.1605456157126741 0.4801398106233822 0
4474 0.4024170848790958 0.6890369069416868 0
4475 0.7175604857083667 0.5194031597335462 0
4476 0.6303489328560362 0.07581870997296059 0
4477 0.4456235358296928 0.7353782152197753 0
4478 0.6904101017807512 0.1998922274021259 0
4479 0.8020577885401465 0.8409873393383098 0
4480 0.8355323595327291 0.06561842675404689 0
4481 0.01576015972826406 0.7652364197392257 0
4482 0.1038446706591393 0.07112332058063309 0
4483 0.7192516212553941 0.5590819139480713 0
4484 0.4931709792418417 0.5276134080799163 0
4485 0.9577443475326457 0.4221612294580928 0
4486 0.3719902478549509 0.85392248165313 0
4487 0.5551214629292132 0.719598467818539 0
4488 0.6503394495645467 0.9353518511458609 0
4489 0.7993482707239636 0.431400164498109 0
4490 0.7354275795728954 0.53338751509392 0
4491 0.8765113730953166 0.04284653500066099 0
4492 0.8355263131890607 0.959928829578528 0
4493 0.05578113029643128 0.5823426343081527 0
4494 0.8176945184460154 0.9125215363605794 0
4495 0.9585406636042451 0.6461666350207422 0
4496 0.3350534865289871 0.7215294331424335 0
4497 0.3986119959834764 0.2371868757268794 0
4498 0.4776860575936342 0.2569173331774829 0
4499 0.4059507568550175 0.08521490998294767 0
4500 0.1377580915546832 0.6605196375560975 0
4501 0.3915328010524136 0.266991281192946 0
4502 0.1385011187743754 0.08291462728760668 0
4503 0.5980271935491549 0.033226157681218 0
4504 0.1079176965951797 0.9513845210318813 0
4505 0.8243190923462086 0.2025513723774529 0
4506 0.6170581296432696 0.9648923535982312 0
4507 0.1627364214456145 0.2379023457151233 0
4508 0.08975965174016082 0.01630999197277583 0
4509 0.09035972349941579 0.9800316079071414 0
4510 0.04878530954548377 0.9817218548879052 0
4511 0.0504650598242431 0.01740322494679925 0
4512 0.03876216871927096 0.03518514718521742 0
4513 0.1321411595007737 0.01799841064815716 0
4514 0.1193758909480407 0.03565620037201828 0
4515 0.6665785378559506 0.01791473603106691 0
4516 0.2907467485248979 0.5620771875511503 0
4517 0.9786843171174266 0.5499369050398796 0
4518 0.07837409933710715 0.5858022207633002 0
4519 0.8054441721627296 0.3487423304914691 0
4520 0.2643370780575002 0.461045778113127 0
4521 0.3124060742463307 0.8602212086968467 0
4522 0.6094455841150326 0.4212221509326263 0
4523 0.4620083814192985 0.6868708134626588 0
4524 0.5863294932650883 0.9805638953778357 0
4525 0.4295627033897359 0.9810251049335895 0
4526 0.5679150012174069 0.01560638219821697 0
4527 0.6265822053307627 0.983957640164948 0
4528 0.831844709263678 0.8603699770014683 0
4529 0.6942601755317195 0.5568035470947352 0
4530 0.258406913045177 0.4729008238263721 0
4531 0.520841915243022 0.9134537547527365 0
4532 0.915913643607275 0.2240602003423343 0
4533 0.8559244432862109 0.8704390038156875 0
4534 0.5307885379454604 0.9017065516497026 0
4535 0.5667389174423842 0.523027734050918 0
4536 0.0521290007265256 0.5605472532547789 0
4537 0.5088901243595726 0.8201859371172113 0
4538 0.8178859579587625 0.8457867295143068 0
4539 0.4306789736264895 0.7508895170066574 0
4540 0.7752185209946837 0.5126755531126925 0
4541 0.09680060384339473 0.1149510157566889 0
4542 0.5882125483637507 0.4142919096238083 0
4543 0.5558331446389833 0.1333449062150379 0
4544 0.4403165721429364 0.7258244333069723 0
4545 0.05836690239347841 0.8696228042035815 0
4546 0.08638881654372449 0.8841198585182422 0
4547 0.2190090042073425 0.1219701719335252 0
4548 0.8220186481330893 0.8223807537563812 0
4549 0.3545585519431398 0.4334454289940182 0
4550 0.7878712918201936 0.7354995736453307 0
4551 0.7907545588276556 0.7530354841879459 0
4552 0.7766790805479011 0.7431595553269271 0
4553 0.469238747982985 0.9830739668463599 0
4554 0.05750189753985996 0.4032123440365283 0
4555 0.2003401821369528 0.2038171486918449 0
4556 0.3208285455807819 0.3823922931312783 0
4557 0.1536160595462766 0.1846103471892944 0
4558 0.7133064906326204 0.6778900915058093 0
4559 0.8105179117382906 0.006939397094243238 0
4560 0.2097612838550057 0.1597527353310598 0
4561 0.04527064756578653 0.1519360414858298 0
4562 0.5460708316730259 0.9833417424687736 0
4563 0.5682766857585629 0.4814374125091895 0
4564 0.9841712147965025 0.3262129468976832 0
4565 0.5422442055814592 0.8541663284200026 0
4566 0.8525909612530194 0.07256685963537429 0
4567 0.7467882460691049 0.9824287273923124 0
4568 0.6702300334320592 0.6477876108372476 0
4569 0.01751358652096646 0.456992460651887 0
4570 0.01830721515872752 0.4958585999094679 0
4571 0.8920755382760088 0.1671410079838863 0
4572 0.2899547773081662 0.6198418583984232 0
4573 0.05638615000406844 0.703689298028181 0
4574 0.2257452499771611 0.2468878183539318 0
4575 0.541674387063854 0.6437625486601172 0
4576 0.5864190767945421 0.5249390057096096 0
4577 0.788382067802698 0.1741919402265254 0
4578 0.665938776192339 0.586326135573221 0
4579 0.8010384068776912 0.9676523462334059 0
4580 0.05572982202814342 0.6485724696853616 0
4581 0.8684346039692983 0.2352441457520071 0
4582 0.5218602785631872 0.05223896913152121 0
4583 0.04924902642690365 0.2346168324233305 0
4584 0.7830442177690632 0.7715492330823688 0
4585 0.2036869619296532 0.591704200782856 0
4586 0.507455792303724 0.9831326366564164 0
4587 0.4224760511372424 0.6934212966608324 0
4588 0.3686191364918536 0.8619111601211912 0
4589 0.4375956541515627 0.2005277752999627 0
4590 0.8676040394465117 0.4727231736146997 0
4591 0.9373564175500662 0.9396499441193512 0
4592 0.4428770289646803 0.2161862268831449 0
4593 0.7218106464405144 0.4048415521812006 0
4594 0.6710012402882479 0.5657103880333396 0
4595 0.5330614438215737 0.250522022439888 0
4596 0.8848576512623563 0.5296625433239733 0
4597 0.7419909008989679 0.3429198860127048 0
4598 0.5056412826191317 0.9272212724562112 0
4599 0.2773382275233234 0.4787048448694392 0
4600 0.6403361865999977 0.1532904914605345 0
4601 0.01544119098221425 0.2943996648632503 0
4602 0.01252588776811292 0.8852617711166633 0
4603 0.8610690041526446 0.02671872841727485 0
4604 0.1363103063234689 0.1745748458505068 0
4605 0.9430414875157473 0.5405186026794487 0
4606 0.4499510130271457 0.4565353406916447 0
4607 0.8740656105416531 0.9534126363329896 0
4608 0.7301730280891325 0.2224431040730165 0
4609 0.3824989449379431 0.8374110322543071 0
4610 0.7048338797887225 0.8021812747739261 0
4611 0.4443155367854685 0.7064240935680662 0
4612 0.642622138878668 0.5973299229476662 0
4613 0.9795466152968674 0.01158130126515899 0
4614 0.723737668431337 0.06287023255042445 0
4615 0.6438747739773149 0.6225623754171377 0
4616 0.2789454501309551 0.9900211000390579 0
4617 0.5652470814040746 0.09381248442664869 0
4618 0.1898109553123584 0.76508364165438 0
4619 0.7664815996334817 0.5797892997087515 0
4620 0.868445672875181 0.7413110784088622 0
4621 0.7682344186296157 0.5376749124099804 0
4622 0.2501327215494046 0.08344746522254776 0
4623 0.491705110243992 0.08356352415232277 0
4624 0.5215189103194395 0.7313757105294908 0
4625 0.5273498402410256 0.7494519112223803 0
4626 0.7404738663015769 0.2749509396996772 0
4627 0.7686823786306503 0.128845886532251 0
4628 0.8708236891877971 0.6878237910009213 0
4629 0.5825669311876021 0.4951070781123583 0
4630 0.3333754404904599 0.9615402954872032 0
4631 0.1858587230846091 0.932302431848666 0
4632 0.1645759230297631 0.9598817612205188 0
4633 0.01089491888029814 0.223188525705717 0
4634 0.4029680109465062 0.2781025582843701 0
4635 0.5892684983803611 0.2048299962758939 0
4636 0.9514384459499986 0.8511497084142717 0
4637 0.3610815640784378 0.5983843987776816 0
4638 0.9239171759447183 0.9919860008260355 0
4639 0.6275047048250841 0.5993069017349051 0
4640 0.1941775890596272 0.2417677514166934 0
4641 0.3098974182937904 0.7298344012614497 0
4642 0.09735174010690795 0.0329055442322661 0
4643 0.973135522213963 0.7899284258153672 0
4644 0.01246075854196027 0.8980804706749371 0
4645 0.1763336315164167 0.6899309261860773 0
4646 0.1608939576964861 0.009774748283774615 0
4647 0.8923883242915116 0.9602270935243129 0
4648 0.2075510997014117 0.4664966557064589 0
4649 0.2220767016343285 0.4938729421851844 0
4650 0.5719547233821409 0.7997562991865593 0
4651 0.2045527615704606 0.647949399524433 0
4652 0.3130400341655535 0.6807169694393445 0
4653 0.272160451192934 0.7712373906100015 0
4654 0.9284439847200718 0.3067355691558796 0
4655 0.7127886679996618 0.1463407092291625 0
4656 0.3254606598856516 0.02803003255119907 0
4657 0.6520586766146537 0.8246633820321974 0
4658 0.7559469376324084 0.01185132440550196 0
4659 0.5112676834226244 0.3195533736911066 0
4660 0.5814753400139961 0.8783760436029215 0
4661 0.4836792923322478 0.299065704382962 0
4662 0.9786854107724294 0.8706441012918121 0
4663 0.1843949873318153 0.5239490443799283 0
4664 0.7159451366410473 0.3348124980417689 0
4665 0.3326581910535108 0.3132441739337494 0
4666 0.7132069309620593 0.07403949306749558 0
4667 0.3763729920741554 0.1499327247360444 0
4668 0.109744976299698 0.2203735099814228 0
4669 0.8944401638143562 0.8196880560432527 0
4670 0.1493222831882276 0.8462682558000622 0
4671 0.9172636051421657 0.6005412270150204 0
4672 0.7342884202991946 0.8393791623691935 0
4673 0.4754403028592701 0.2315227025750376 0
4674 0.2874269727242749 0.7312773493385044 0
4675 0.8802569838393062 0.4576870977769173 0
4676 0.8412006479041136 0.3312350569459871 0
4677 0.03388906547975079 0.2855538513720001 0
4678 0.3885749650632494 0.5272158874978964 0
4679 0.1313533330433353 0.2350649826283641 0
4680 0.01635444336649272 0.02778113683420458 0
4681 0.8098739514224377 0.8606331499952349 0
4682 0.7275769263214211 0.5539603207584671 0
4683 0.9269249161919479 0.46397431448862 0
4684 0.01661050924210716 0.9688786334147454 0
4685 0.5565540254098487 0.4549750330549204 0
4686 0.3978254036805398 0.0146248600049606 0
4687 0.2290701485696351 0.3512771538094562 0
4688 0.04966294661792109 0.4179631345719159 0
4689 0.8730012557300455 0.4365347845410803 0
4690 0.4322289612603829 0.5036813637694776 0
4691 0.4298860149996367 0.7716957595830456 0
4692 0.06900572172354158 0.6831238662467392 0
4693 0.1533177402361445 0.08113479910114108 0
4694 0.1353740780328236 0.849137485220647 0
4695 0.6854484632256188 0.6071961466139285 0
4696 0.540313593670351 0.04118070162255327 0
4697 0.9819645586978607 0.4272378717659742 0
4698 0.3047393872823732 0.2695104502593511 0
4699 0.9906310624086998 0.4275761413977669 0
4700 0.9231444535231393 0.3514963526927241 0
4701 0.9104547480776496 0.4110168503948598 0
4702 0.570353931611749 0.4402850343658152 0
4703 0.1949973257175503 0.5349208660085905 0
4704 0.9411250227257933 0.8624116086309788 0
4705 0.0701863909857981 0.6461612671048087 0
4706 0.0300242859925598 0.1600490751476062 0
4707 0.8127922275398114 0.3131586515825925 0
4708 0.5793477897018556 0.7241871239248288 0
4709 0.7955656775496593 0.917179891522626 0
4710 0.1466127931070262 0.9856895161817519 0
4711 0.550826407375967 0.6080815592247275 0
4712 0.9204480588834677 0.5428675026204565 0
4713 0.6072803201940684 0.01556920783034038 0
4714 0.3552371053187005 0.8443823037057467 0
4715 0.7755475757298719 0.9185235396427572 0
4716 0.2089055104753463 0.9020982143708723 0
4717 0.8714682907163476 0.06782503369696724 0
4718 0.9744227201181965 0.6921336456312301 0
4719 0.5930636507888081 0.6754611789998514 0
4720 0.3236751468146573 0.7201780629809056 0
4721 0.5373888348852455 0.359369789088449 0
4722 0.3475219302934943 0.8530487991791101 0
4723 0.1631931097868262 0.937248951399114 0
4724 0.3829872918194288 0.3338100902020647 0
4725 0.7201658023616522 0.1648246552200774 0
4726 0.3472000423654089 0.948785040564178 0
4727 0.3323242595942617 0.3660092011531849 0
4728 0.3794774515882718 0.7156700800433067 0
4729 0.4136861665432198 0.4022110560461008 0
4730 0.5619461574206027 0.5822711453442528 0
4731 0.5616589968481708 0.5915837543465708 0
4732 0.03615195022723006 0.4449312655761669 0
4733 0.964783764422221 0.2129064184277605 0
4734 0.7891253655483297 0.480082921468373 0
4735 0.4072004399454686 0.6083695481235135 0
4736 0.03811561160965155 0.9634939857572613 0
4737 0.163167283406497 0.6751568787600927 0
4738 0.3187851876624142 0.3266107316675457 0
4739 0.06827841279540731 0.2911454189159276 0
4740 0.2667345906794769 0.9118228391587052 0
4741 0.7233722864067154 0.7594811460722928 0
4742 0.3028909656264828 0.3472465829005809 0
4743 0.5302333585688451 0.4468024148362616 0
4744 0.9479547951435335 0.6269737772311922 0
4745 0.9609441878464499 0.02351499244651389 0
4746 0.7902807542255528 0.8241724573796674 0
4747 0.3572281996598059 0.6596729316755986 0
4748 0.7607651225592117 0.5268217367541836 0
4749 0.9472312158976101 0.1357620898749533 0
4750 0.09453341273120491 0.233528050357665 0
4751 0.5000585762077059 0.7703558695157998 0
4752 0.725748637514785 0.774085981403368 0
4753 0.1317263974132571 0.54998905989629 0
4754 0.7266304231004683 0.5240383565045923 0
4755 0.8820673975136051 0.8368523768350351 0
4756 0.2513282020538383 0.2597784830872649 0
4757 0.529916685272691 0.01433532263792425 0
4758 0.4893843302870672 0.01046323345199474 0
4759 0.7464230341421314 0.5462910067902534 0
4760 0.4260765807472443 0.3702552603617619 0
4761 0.4440419447728419 0.3671159810934781 0
4762 0.4195166766281951 0.0995107286241565 0
4763 0.3599743824201413 0.1695293168820115 0
4764 0.6070026697149001 0.5871030556331528 0
4765 0.0114963432480597 0.8730334435790974 0
4766 0.7472589848223741 0.7289464066157392 0
4767 0.6263390554618317 0.3324247020178196 0
4768 0.7537821667132081 0.2018661200453513 0
4769 0.2893506600427265 0.4370296500317766 0
4770 0.1216381942460402 0.0581756669883049 0
4771 0.8181240834595569 0.06409031803165433 0
4772 0.3502640929368653 0.5888616546962366 0
4773 0.646418417011148 0.01534425361453806 0
4774 0.2273780956620234 0.2237128588316994 0
4775 0.7692855679456145 0.4951320179760911 0
4776 0.9179662175060821 0.6456909674636431 0
4777 0.1566348559367686 0.1661644055873669 0
4778 0.355967150804718 0.4797096368404412 0
4779 0.3224631463414701 0.3477592536832558 0
4780 0.4068662489547294 0.4901171931664668 0
4781 0.1783623802561546 0.1394260200489029 0
4782 0.1507685409797412 0.6488931403647611 0
4783 0.005144457189183549 0.6481322381253549 0
4784 0.9179502403594958 0.1308914849151196 0
4785 0.9716490090535639 0.4427375144128972 0
4786 0.7939875597792443 0.05908920442833782 0
4787 0.205339896618518 0.6097432135099973 0
4788 0.4068463283640965 0.982383590210348 0
4789 0.117030629536844 0.7125133756234685 0
4790 0.3250634920715789 0.9782544292491901 0
4791 0.5788032660097365 0.03156307477677672 0
4792 0.7081340167470368 0.9834636360114734 0
4793 0.2580439618341844 0.5507757269301489 0
4794 0.01133113122588802 0.1606711590762843 0
4795 0.6004515216266781 0.9515406230187531 0
4796 0.9278335384279052 0.8983357639766896 0
4797 0.2703028310854622 0.108918766758564 0
4798 0.2510509676400014 0.643391887237718 0
4799 0.09511174934899536 0.3442395106684624 0
4800 0.3088098684231209 0.6218699218123875 0
4801 0.4595546190543286 0.9382400053666977 0
4802 0.5751514339688049 0.07854627063622671 0
4803 0.04672716381853259 0.3285866981235259 0
4804 0.3295093023998881 0.4024927386984072 0
4805 0.3376110993307667 0.6984288614372089 0
4806 0.6861612186004017 0.01481325196315625 0
4807 0.3159457870574961 0.1597280653599484 0
4808 0.6709200176782357 0.5981108934911979 0
4809 0.3777570905615704 0.4083342451370619 0
4810 0.6872073403105847 0.7057249627573198 0
4811 0.2962093892862273 0.6829108139743798 0
4812 0.2871372806192982 0.5009970048676905 0
4813 0.454733508860057 0.2470994605774009 0
4814 0.9172497273664831 0.769142400641931 0
4815 0.1196980278136796 0.8317093888226887 0
4816 0.01398828096836313 0.5565540886069759 0
4817 0.007245596323341708 0.169224818791459 0
4818 0.1411122953184709 0.7312172624290273 0
4819 0.2936229434618469 0.9549619843882499 0
4820 0.2429746651072344 0.5112452499703027 0
4821 0.8970403598333475 0.9101371338802511 0
4822 0.1849371742494968 0.870781261483868 0
4823 0.5235012550130469 0.5678844451263819 0
4824 0.5191901036297089 0.5481642340361372 0
4825 0.809188060492631 0.7905934114770388 0
4826 0.8197593159067091 0.3774176264152509 0
4827 0.6516537357764802 0.3080470511530135 0
4828 0.1953694198580628 0.5600514901724221 0
4829 0.6642525111773001 0.8282166428971165 0
4830 0.8232121652387118 0.3419922946410596 0
4831 0.9314826433124758 0.2115977443038685 0
4832 0.7843396222559633 0.02992853968194298 0
4833 0.4305899382489006 0.5479251909614339 0
4834 0.6603620396086374 0.4247455106143104 0
4835 0.6227569385650357 0.10652236867692 0
4836 0.783719443763107 0.2316752760184592 0
4837 0.4301357909137784 0.01633963182850201 0
4838 0.4514390001435484 0.5200466050333056 0
4839 0.2152626175176304 0.3249037041150536 0
4840 0.4670013776121744 0.01194767637888294 0
4841 0.7782752069609098 0.3637964501537727 0
4842 0.1682064087750069 0.0823119462874109 0
4843 0.3018057099550079 0.412164414699182 0
4844 0.6411110912985195 0.04523848493437715 0
4845 0.8746067239140357 0.6078914550454975 0
4846 0.4686682523020986 0.5241337785191584 0
4847 0.3515837735993249 0.04880056711719211 0
4848 0.1655638642105908 0.397574392095185 0
4849 0.6442307721596008 0.4824203395439103 0
4850 0.6647203621341862 0.48658705559605 0
4851 0.1751023030896603 0.01853738054293008 0
4852 0.8435335445655922 0.2029904404327537 0
4853 0.7051013915128289 0.2268523469451819 0
4854 0.1862476145920249 0.3968669725083279 0
4855 0.06925664826446021 0.2757671515689343 0
4856 0.4545874865905112 0.3814815280936461 0
4857 0.9151637578306689 0.9542667740034104 0
4858 0.8257609867426758 0.2752035697436554 0
4859 0.66623765847085 0.9846864297448487 0
4860 0.6782524799421954 0.9710185074112598 0
4861 0.3413930470113761 0.0923400323333789 0
4862 0.97700604018526 0.1313608101898915 0
4863 0.2067550828466936 0.8229201654163913 0
4864 0.8459040658641059 0.8995838646838594 0
4865 0.9641901093664231 0.546092676470854 0
4866 0.4845172302415811 0.6677664609022225 0
4867 0.3624927360181392 0.8552429599478659 0
4868 0.09315410488378106 0.7040201176713153 0
4869 0.473840377761987 0.3785771788923814 0
4870 0.3004636283079264 0.5196421401371339 0
4871 0.2443316381740871 0.4870860578153068 0
4872 0.5134330777124865 0.632914417126666 0
4873 0.5023675400375504 0.2914595916557344 0
4874 0.3853732558639861 0.7311843033210805 0
4875 0.7624301128954648 0.6868624580177933 0
4876 0.2032924881682993 0.4466721715606206 0
4877 0.05078402876331733 0.06957972200225071 0
4878 0.3659990043387645 0.2314579568735356 0
4879 0.05121017652989862 0.05105901556680387 0
4880 0.8040219643413455 0.495932315173209 0
4881 0.6670299924684229 0.229380247449113 0
4882 0.1319037145077182 0.9037340313222832 0
4883 0.6744905683310884 0.3065109148490008 0
4884 0.05475084632492738 0.1385383027201709 0
4885 0.2711321392947301 0.08282276993526438 0
4886 0.496710628519133 0.9688657628800387 0
4887 0.03396817298469051 0.4794951502948367 0
4888 0.5078901775824867 0.06792660230466885 0
4889 0.3374818130917694 0.7642465312057032 0
4890 0.6088009988384083 0.3346405127243686 0
4891 0.005211383355026078 0.3363181630220198 0
4892 0.9120837424239157 0.8214409730761385 0
4893 0.0951489488637785 0.532187825098773 0
4894 0.4133735189814717 0.904544404244666 0
4895 0.3599558005032168 0.1221695600365607 0
4896 0.4088209113166696 0.1612887832778337 0
4897 0.3834904844264626 0.4851394008518681 0
4898 0.5244202395902243 0.2894714765603634 0
4899 0.6359483197199187 0.8176081553408856 0
4900 0.9894535771771025 0.4987585053068542 0
4901 0.9385953242253759 0.289766870044069 0
4902 0.9019123346552016 0.4894585236536108 0
4903 0.9752626450282706 0.6511524808144149 0
4904 0.6713601390865834 0.8842061861268172 0
4905 0.1890165229438187 0.06385126966469679 0
4906 0.4237327567662747 0.1330589317808497 0
4907 0.4478149396580769 0.5997493545458704 0
4908 0.03043314697644728 0.6295213452263679 0
4909 0.7320614742815132 0.1871008059988304 0
4910 0.8282830065037514 0.7400130208188269 0
4911 0.6100649136853319 0.684390851157156 0
4912 0.5991370311615676 0.7129737798219739 0
4913 0.611463768601478 0.1891571283273403 0
4914 0.9936059802959096 0.7515746768195306 0
4915 0.9405065939012929 0.05358897015443342 0
4916 0.4031987047471643 0.704224191762076 0
4917 0.4272212531756684 0.4889499375105416 0
4918 0.1217456590542224 0.07700596347597233 0
4919 0.2951311754305672 0.7777034585897238 0
4920 0.8421889589707352 0.2833984208966617 0
4921 0.8563838385967691 0.4915485323054296 0
4922 0.7370962680207125 0.05725066245429278 0
4923 0.06205451752039315 0.8294644756079491 0
4924 0.7851839171781125 0.1438121976323688 0
4925 0.01520948863773647 0.5729999222844828 0
4926 0.8805006898145458 0.5096556378949372 0
4927 0.6168031022953826 0.7194315643874778 0
4928 0.6400763977043669 0.6157766745005132 0
4929 0.66634402452789 0.7287186158629462 0
4930 0.8368274190669327 0.2190265259565487 0
4931 0.5123892818473726 0.7628338816924328 0
4932 0.6138620940298256 0.5931146824500116 0
4933 0.033216026770435 0.7627979487087629 0
4934 0.6029723143630263 0.4914221409180988 0
4935 0.3375663629736241 0.0659219678562375 0
4936 0.8677136545374692 0.3114476167093921 0
4937 0.1827434603237106 0.777645824346773 0
4938 0.9609834600093865 0.8090458049726157 0
4939 0.7271946366842557 0.6495412337053437 0
4940 0.6529070438134734 0.3638809758476547 0
4941 0.1527681443684249 0.5369073308981941 0
4942 0.3972466783628805 0.1734629698056101 0
4943 0.3150171438992513 0.06877536872122264 0
4944 0.4340547500830471 0.8916538936625968 0
4945 0.7739399160881762 0.2675586382795607 0
4946 0.2317883940304648 0.6971175717326534 0
4947 0.254610333528464 0.9516933600993182 0
4948 0.5499184493654701 0.5700883361911337 0
4949 0.7034950424274438 0.7112482262378603 0
4950 0.4594877786047232 0.9688548204966105 0
4951 0.337396174058837 0.9130223261671344 0
4952 0.1077331217381258 0.5473852850318943 0
4953 0.7544654040400405 0.8468581814632046 0
4954 0.4490242400694819 0.06525397773320624 0
4955 0.02011204810757811 0.6211108961981691 0
4956 0.7713000785850601 0.4304771324004542 0
4957 0.3231553945667019 0.4204199749505722 0
4958 0.2108975687343733 0.2351437620790605 0
4959 0.08788937068309577 0.152873949784243 0
4960 0.2764763640300089 0.5642765559892552 0
4961 0.8781168718702312 0.28300520887895 0
4962 0.434000867627133 0.4697496541429014 0
4963 0.473023308025498 0.07135746521757802 0
4964 0.380285952932201 0.5169166953049599 0
4965 0.5669823714157737 0.3288470937296454 0
4966 0.2146237094990679 0.05367260401048984 0
4967 0.7235309375833771 0.09861422285676014 0
4968 0.5648533497287274 0.873536387963971 0
4969 0.3083072465831069 0.8524322332734815 0
4970 0.683614935976375 0.2306443873521285 0
4971 0.8086052800760026 0.649166821646293 0
4972 0.4266462938007205 0.1565035904110083 0
4973 0.6228711882893517 0.1605155051289338 0
4974 0.6146444199815464 0.4834719818524856 0
4975 0.961525063074216 0.1399902146436434 0
4976 0.3544924560779297 0.1837204479576694 0
4977 0.04361048824070546 0.7556378893303675 0
4978 0.4811291387217375 0.8471492216380461 0
4979 0.1723842993254718 0.4639655696470681 0
4980 0.5528288491515659 0.5397405299571283 0
4981 0.3274774743028275 0.6001954879139109 0
4982 0.3795747037293727 0.7038765751189101 0
4983 0.008067984284978236 0.5279937562316949 0
4984 0.6903752887373118 0.1762349863563099 0
4985 0.4470576179622098 0.3458693267000554 0
4986 0.3466695328116687 0.03276815732075133 0
4987 0.9960068611785849 0.7695269416413789 0
4988 0.9907613367842474 0.3179811605408667 0
4989 0.4883088520848042 0.1339263347992411 0
4990 0.06757966783353703 0.766957186338882 0
4991 0.9383354564507997 0.8928686445442151 0
4992 0.6767322508545953 0.2772541275090341 0
4993 0.9723806493403435 0.3804056556857385 0
4994 0.986136407237456 0.9327991121991108 0
4995 0.658685689589718 0.1662599538834618 0
4996 0.8374539217036627 0.9112655577447124 0
4997 0.7683510532136976 0.8264155609521138 0
4998 0.02849724546733928 0.5101046646873919 0
4999 0.3494731925835253 0.2090373025114975 0
5000 0.6153704954037562 0.927772092066155 0
5001 0.7856123768722367 0.6367809107222402 0
5002 0.8091963675684651 0.9153702427175252 0
5003 0.2607719437640389 0.3495127234235498 0
5004 0.703735268690601 0.4248341254614781 0
5005 0.9800418010177723 0.2024757915735141 0
5006 0.02863654625457779 0.3416118457210777 0
5007 0.7169578656348428 0.02885796692067694 0
5008 0.846657443234349 0.5014358316975742 0
5009 0.9091294586392874 0.3956869671554047 0
5010 0.05515064951969012 0.8503702312911672 0
5011 0.4871744760544949 0.3951834572599602 0
5012 0.7140589609833967 0.4224341864298236 0
5013 0.09800855293676669 0.4049601450570036 0
5014 0.1037894943547139 0.4329331640985405 0
5015 0.5883011309714256 0.4329967869670914 0
5016 0.1892221775954029 0.7257942535850882 0
5017 0.9720831067263755 0.02201893190764015 0
5018 0.4201420224910407 0.8750891329797386 0
5019 0.2957135317831621 0.166268362880498 0
5020 0.114502519496044 0.6000908285830637 0
5021 0.3516866537819584 0.6521410804486093 0
5022 0.9396464221017344 0.6446221663791774 0
5023 0.2948570859976709 0.7338641660341304 0
5024 0.8388086229397863 0.5007363975969583 0
5025 0.06525012263841801 0.4859429906301603 0
5026 0.7740947328478712 0.1017751104065442 0
5027 0.6092482722071733 0.2521990916491029 0
5028 0.7839039021256917 0.5265808169268524 0
5029 0.2063743184896611 0.5073049999942731 0
5030 0.4094128440860081 0.8142486265299903 0
5031 0.3954716484792478 0.8045737273730034 0
5032 0.3991117235929268 0.7838542589281661 0
5033 0.3809576396520581 0.7935076066386481 0
5034 0.8981112238885371 0.7472432318245896 0
5035 0.6597080716421175 0.8957985082102183 0
5036 0.5018563067229109 0.1411504590924331 0
5037 0.2069372770681543 0.6303404283466942 0
5038 0.6969829402423569 0.8225177070707125 0
5039 0.1767710753364976 0.0715261713280021 0
5040 0.7428477215436906 0.4223783587608599 0
5041 0.9606498324947732 0.3312063945170278 0
5042 0.6454988140386697 0.3281913801690504 0
5043 0.6044554469401886 0.3550373059391189 0
5044 0.5898938230657154 0.7811541784787939 0
5045 0.08228551245459731 0.6912322602261137 0
5046 0.178395358041702 0.09727688629478004 0
5047 0.9898479862118791 0.08328194983431758 0
5048 0.4790718150643828 0.01100835562462765 0
5049 0.8833679846103324 0.9399648227444103 0
5050 0.579715675427068 0.143708052858524 0
5051 0.7028367800331338 0.2608425807775553 0
5052 0.5477364632430152 0.7811871758560033 0
5053 0.4439132141559876 0.331686320240958 0
5054 0.4926423974046516 0.5850781409250989 0
5055 0.6763015116494583 0.3772942323249284 0
5056 0.4668299463505073 0.3307122212936089 0
5057 0.7312894524091569 0.6291482986554376 0
5058 0.2160477013644659 0.2003350570733424 0
5059 0.02654010457030498 0.5453143172050833 0
5060 0.2529653987205459 0.5642137170268833 0
5061 0.8703860362370133 0.03255102032354518 0
5062 0.8133908907569677 0.4118568650326387 0
5063 0.08847564636795063 0.8704861541739213 0
5064 0.88561813928689 0.2654779191944145 0
5065 0.2776102761317919 0.6312822237286496 0
5066 0.5781958156085121 0.06051604908740882 0
5067 0.07714731722066931 0.9118341804806148 0
5068 0.9554546956293114 0.4360419246732654 0
5069 0.07165171835572726 0.3913819813855222 0
5070 0.8963566850205613 0.4568275866880965 0
5071 0.8669643692697797 0.5546981064001226 0
5072 0.7864236660304655 0.04692458996915505 0
5073 0.7820478560511634 0.04114091461015851 0
5074 0.8514378634687964 0.6288781969906403 0
5075 0.9927843649890741 0.5755952936636409 0
5076 0.25373474985077 0.6275985146273587 0
5077 0.2759644980940124 0.3308051999238055 0
5078 0.8010030487225586 0.5144324545657505 0
5079 0.2055244136287745 0.7690524760388541 0
5080 0.5958880274688787 0.76971786220477 0
5081 0.2699692461443068 0.8921705552265659 0
5082 0.7220576803120704 0.9663659271880604 0
5083 0.5572327265111013 0.03202942347823368 0
5084 0.138215114258707 0.1918547716169944 0
5085 0.8419606395879785 0.786349035463048 0
5086 0.9193750114528896 0.8017022097699124 0
5087 0.9894186838920259 0.04317168817047484 0
5088 0.9307308977459852 0.4140446765030295 0
5089 0.1994931219317468 0.1634622138180759 0
5090 0.2607907241760969 0.1147361601408053 0
5091 0.4472120590002893 0.1594129452399763 0
5092 0.4682582544293299 0.1623625868867285 0
5093 0.4738152019901594 0.1420616554936542 0
5094 0.7994072377802228 0.7714892296617815 0
5095 0.1606298241215845 0.1487163253268282 0
5096 0.7264075448119676 0.2735218964959621 0
5097 0.6361938885994951 0.09325685336516421 0
5098 0.1935568672427919 0.3443411615284502 0
5099 0.4363379724644268 0.05215726904687779 0
5100 0.6038833428711449 0.8710061658337734 0
5101 0.2916924900995334 0.2346555623476964 0
5102 0.397485830997879 0.7651727096159033 0
5103 0.07604979856900707 0.9667231583894618 0
5104 0.6534945521820484 0.9702498948571521 0
5105 0.2285534032789341 0.2901388061941801 0
5106 0.3156769924616431 0.5339107757545573 0
5107 0.3771326165825883 0.9352449412458638 0
5108 0.758092137024446 0.160159705390836 0
5109 0.2843938653663002 0.2574774473015243 0
5110 0.7607640791914723 0.9181413107288831 0
5111 0.1679856749644838 0.4439405019779862 0
5112 0.5927185113117658 0.3420657136873101 0
5113 0.9826416450500516 0.2379265680487173 0
5114 0.504053094928288 0.6619532318333231 0
5115 0.7111916815008655 0.04178631565315483 0
5116 0.6531903577271021 0.6296017103124111 0
5117 0.7773633154575105 0.9675998363115852 0
5118 0.4579828896338088 0.2363747032185164 0
5119 0.2738070343767025 0.159396714918137 0
5120 0.1443254913622292 0.7962305321068923 0
5121 0.4213588900115622 0.1091352488691051 0
5122 0.2369648782596935 0.9643119948049981 0
5123 0.3715078899537965 0.6748297003807747 0
5124 0.1401024943984608 0.9702645381727983 0
5125 0.8903764270251302 0.700236100841828 0
5126 0.8909819438674622 0.9765134432503727 0
5127 0.5338760783690404 0.7168927451823364 0
5128 0.7758955075085545 0.1848633979357308 0
5129 0.2528575654580459 0.9941046189045204 0
5130 0.1032566855256935 0.1430178678608534 0
5131 0.9852814066244678 0.9488134874318206 0
5132 0.8632024616203414 0.507342838365331 0
5133 0.07711796499531803 0.2257883919974291 0
5134 0.06816841543047775 0.2139572692233773 0
5135 0.3517417361204387 0.2680888938788921 0
5136 0.6719940786023303 0.6370970027544886 0
5137 0.4288604041180289 0.1902976114018139 0
5138 0.7878662916591364 0.4247785629578975 0
5139 0.8457262432634784 0.02183920858328769 0
5140 0.7095532651067771 0.06317048750234705 0
5141 0.08004299567981288 0.02990378001677774 0
5142 0.7267094721770864 0.4224852835018692 0
5143 0.5994054112212439 0.9684296830742004 0
5144 0.1051495717386289 0.08837245163019758 0
5145 0.2021138440307049 0.07097170408949116 0
5146 0.5442173171796579 0.1190331233645128 0
5147 0.08984734421893592 0.294643180566134 0
5148 0.838426287073335 0.6369898431545552 0
5149 0.4260259543221262 0.2053030249268573 0
5150 0.06226192167619249 0.8603381238860591 0
5151 0.8170230384015578 0.5899052308288956 0
5152 0.4166415030667578 0.7838927330651149 0
5153 0.08621484910769434 0.3900643616159534 0
5154 0.4990064123733763 0.09940294583924469 0
5155 0.6791195254346125 0.6287452611994666 0
5156 0.2253679483229327 0.6073683222196422 0
5157 0.3102662300156114 0.7582213115226724 0
5158 0.3786595297951799 0.8153855361555379 0
5159 0.6939373307920038 0.3304304677378869 0
5160 0.6899040066168753 0.8904189234118651 0
5161 0.8475928087250597 0.008613782514803381 0
5162 0.3886190621958501 0.9709729708117296 0
5163 0.8492416197943686 0.7409833657408529 0
5164 0.04316145007491573 0.8387668609240266 0
5165 0.02673674939533482 0.8264230115842752 0
5166 0.03312380462130826 0.2675589782889315 0
5167 0.7979323491843182 0.6413489132052133 0
5168 0.1362162649080979 0.8823023404326018 0
5169 0.1035370824024126 0.8917476110528733 0
5170 0.1308883131372978 0.4902115115732912 0
5171 0.599297579673337 0.8228320544758969 0
5172 0.960785758117305 0.6153565165951029 0
5173 0.3648992208281189 0.7841427148362021 0
5174 0.9281918241913046 0.649753376239351 0
5175 0.8191290391410708 0.171655107286164 0
5176 0.6421582023711945 0.9224056965938534 0
5177 0.6896585357913823 0.6129995979923899 0
5178 0.9085899462007465 0.6470525942790577 0
5179 0.6446470384068483 0.4293400167684805 0
5180 0.17950229771615 0.6744523477571519 0
5181 0.0538325779365354 0.7695247032952464 0
5182 0.02107707719223173 0.696555091705368 0
5183 0.6409061735821869 0.06284815285050738 0
5184 0.4919237541035097 0.7702775329861563 0
5185 0.9748107693114925 0.180108626294358 0
5186 0.9384450780252271 0.7478392878800482 0
5187 0.8561336140363616 0.4428112205562028 0
5188 0.5848490923086486 0.6357207784936627 0
5189 0.2676022378915291 0.9212870079544399 0
5190 0.4681226397230877 0.6753587949374782 0
5191 0.9891556099936598 0.9891384530132985 0
5192 0.03038337579497341 0.09566058220711926 0
5193 0.01343423530535148 0.8387586758698879 0
5194 0.5659834342749424 0.216680452842262 0
5195 0.3389891767993429 0.3501226162706716 0
5196 0.6278791707951629 0.1913485566560745 0
5197 0.02306029455974457 0.5281786605009385 0
5198 0.4453365623321143 0.7708668024647911 0
5199 0.02485765005158558 0.8118015092114719 0
5200 0.1052109226717241 0.9676935558625768 0
5201 0.5577678584420118 0.5991084088497214 0
5202 0.8110071453858319 0.5718225209511442 0
5203 0.7670639114272728 0.7447969763307286 0
5204 0.3736876564392984 0.6035481364074384 0
5205 0.351049659355157 0.8911144927996503 0
5206 0.8315096009976201 0.1474802026238921 0
5207 0.2222957320718553 0.8769828368817342 0
5208 0.5703714215028671 0.4577862465243021 0
5209 0.5539230005121526 0.2215022217030053 0
5210 0.9925199235298574 0.3761892536111067 0
5211 0.1828370374819892 0.2650657724959 0
5212 0.3878501822400112 0.6049828044526182 0
5213 0.2844902711903113 0.4919339441432049 0
5214 0.2690851517562764 0.8018557491639052 0
5215 0.8715637733864497 0.3713048606448803 0
5216 0.8258545858000226 0.7847144907279184 0
5217 0.3396635084410172 0.6663886171251385 0
5218 0.5714512805342857 0.9678313002241199 0
5219 0.2854383581842339 0.1090729944749402 0
5220 0.7345815865655575 0.08785544737015061 0
5221 0.8130540779833679 0.8094039807916338 0
5222 0.2229562016719981 0.7625705377082777 0
5223 0.4566477685239487 0.7565354820169616 0
5224 0.1573765957066189 0.9210703415930791 0
5225 0.2173212222186281 0.9116839296676191 0
5226 0.843788800622436 0.06913528224925009 0
5227 0.2331619356609202 0.821881351397393 0
5228 0.9720464396959569 0.4637027227209248 0
5229 0.06889908859205018 0.463507586782973 0
5230 0.8502356555847594 0.2328769067416001 0
5231 0.4502729325481512 0.6488969336873982 0
5232 0.5812661218953937 0.4466008076624349 0
5233 0.788643145915179 0.3545937934991711 0
5234 0.1510133897847385 0.4684906384868668 0
5235 0.08570517818214407 0.8212221384191241 0
5236 0.7135729826109086 0.7910512160798782 0
5237 0.8071660177208519 0.8231510622411194 0
5238 0.5641108901704192 0.884043511126048 0
5239 0.950481285247923 0.9381974947150997 0
5240 0.8154654891811246 0.9600085981630518 0
5241 0.1559739213971968 0.339594355916518 0
5242 0.3871764381106115 0.5566946186363608 0
5243 0.5605881057011949 0.793947806497499 0
5244 0.6828670274808261 0.6246120022217502 0
5245 0.4237179313297385 0.607432314562003 0
5246 0.7277228198399275 0.15268780644086 0
5247 0.3681498605578368 0.4253031341251465 0
5248 0.340305544822492 0.6324515574760665 0
5249 0.4211631862500835 0.8559752052716748 0
5250 0.8273316062738707 0.2485147728224402 0
5251 0.2455158670500768 0.9943937856484368 0
5252 0.5040589513393593 0.3084166298628105 0
5253 0.6031555061556819 0.5336784844136024 0
5254 0.9149817812320625 0.2065306619027611 0
5255 0.6020822560166442 0.9341562427430201 0
5256 0.05117084842591502 0.2690125014881139 0
5257 0.5116033613524797 0.4486177136259596 0
5258 0.2241555970041859 0.3017853286743998 0
5259 0.3756408498319529 0.2702653802166171 0
5260 0.9063185298401505 0.5283250386978682 0
5261 0.3908110068375033 0.5389392714689892 0
5262 0.6049426238128046 0.7443835832534119 0
5263 0.5017457685570244 0.5436617389582111 0
5264 0.4932868229168189 0.917451593089025 0
5265 0.7343860437844658 0.1725614450839295 0
5266 0.5673701193064044 0.567786940467182 0
5267 0.7687410666960135 0.7703180333063427 0
5268 0.2001491663255605 0.8862677033770116 0
5269 0.458702178204415 0.2243207238779024 0
5270 0.8076161234413961 0.7583552434530392 0
5271 0.1079586898672319 0.5821339630242334 0
5272 0.5350128452170447 0.9691396423245084 0
5273 0.1016842709318464 0.3699067102458174 0
5274 0.2122506514440197 0.2159348279239494 0
5275 0.5895103303142748 0.2705502230579407 0
5276 0.01374075265162922 0.9863873938688766 0
5277 0.7605551645109947 0.3625963133703924 0
5278 0.3382940237080024 0.3845044248185896 0
5279 0.7151161648232134 0.2678664245496241 0
5280 0.4227081655136915 0.45940701439597 0
5281 0.7675921110342456 0.295133679950757 0
5282 0.3798972717346958 0.7356285552576116 0
5283 0.8919607842373649 0.8492320484026488 0
5284 0.6463360927547048 0.0809078767256029 0
5285 0.4418383195700356 0.8337764177778499 0
5286 0.03434901254938683 0.7056896827741508 0
5287 0.4427806009248275 0.9694974466633859 0
5288 0.9226001661677274 0.07815387366590909 0
5289 0.09583901713672699 0.4552523178591796 0
5290 0.9007181784488565 0.2712701090242777 0
5291 0.5335706523158873 0.272352963194574 0
5292 0.3615375079565954 0.5645093265491541 0
5293 0.6122579047310031 0.1714458854636595 0
5294 0.06236492400671295 0.2422020106037892 0
5295 0.9315906880760473 0.119118415331214 0
5296 0.6684155601097901 0.5769165374879506 0
5297 0.7290455794573145 0.7229854315862575 0
5298 0.2326627942872618 0.5875501083292415 0
5299 0.1266694243965532 0.1617932051881241 0
5300 0.1907716408593787 0.153121657036459 0
5301 0.1456891019088473 0.2398885206013908 0
5302 0.9245418634340135 0.7832331422094563 0
5303 0.2670916580758904 0.9515587193662145 0
5304 0.4926448604011912 0.7855800879860579 0
5305 0.6945722584595613 0.2353316950458888 0
5306 0.9903916756323727 0.01120155860208749 0
5307 0.6131259884381639 0.3936820626007956 0
5308 0.7151906819216174 0.6944459091318911 0
5309 0.3461266816301949 0.05565155604380695 0
5310 0.0137191309336816 0.01332317161268926 0
5311 0.7950370555208688 0.086818635211387 0
5312 0.552498040626041 0.1540718642759501 0
5313 0.5965073540722886 0.3077285554828111 0
5314 0.8152519074015702 0.6786316259617873 0
5315 0.6363538816431284 0.5356995457641139 0
5316 0.7379968625281068 0.377167171927676 0
5317 0.6374163147358374 0.02821636734242483 0
5318 0.7201688772363931 0.7815298306556975 0
5319 0.8345626264912593 0.6801052043333279 0
5320 0.354930758513141 0.7991484221096528 0
5321 0.3043587219182475 0.6342863451108348 0
5322 0.878772176196883 0.9824204237908828 0
5323 0.3788494371652833 0.05319205282928663 0
5324 0.1800420613680258 0.2465394325574151 0
5325 0.7230425603741845 0.01410809239921829 0
5326 0.3429240452125888 0.9296118924623646 0
5327 0.2778808003968969 0.07855571048145399 0
5328 0.3375853049645344 0.1711616850679778 0
5329 0.8951890693405443 0.7072232803850561 0
5330 0.5469420392156742 0.2661419045221801 0
5331 0.9775805331427463 0.7433542535113308 0
5332 0.6375907087018319 0.9697400650833862 0
5333 0.5136635315515202 0.09992282807267416 0
5334 0.9886645520099143 0.05666678748602266 0
5335 0.2958333055724268 0.9720605950042799 0
5336 0.0423766352339886 0.9386708567574907 0
5337 0.9134657828610862 0.9864908476400401 0
5338 0.195765791361353 0.5791008114259325 0
5339 0.8759155224322791 0.6537673225177154 0
5340 0.6173235709623645 0.4613774142926125 0
5341 0.4149816706866309 0.09293860395161402 0
5342 0.853740046489125 0.3459100657656274 0
5343 0.8649771454131782 0.9056768195060757 0
5344 0.950399117168387 0.800042326418331 0
5345 0.5446525902439343 0.6767291715311701 0
5346 0.7630682188784719 0.1871927951478049 0
5347 0.6206255543837346 0.5538577076732025 0
5348 0.9307578592939463 0.2281854270482842 0
5349 0.6736959971800447 0.9631044869800829 0
5350 0.8035782623116849 0.6084653831915425 0
5351 0.9907494005090951 0.6113678361556907 0
5352 0.01354027457026041 0.7509355476796895 0
5353 0.03351427307819183 0.06986983465919183 0
5354 0.09605102774142638 0.328895286457641 0
5355 0.05222515787546234 0.8289317710812304 0
5356 0.6843926319142342 0.2469581995466913 0
5357 0.4180309000973335 0.6216285403190618 0
5358 0.1864639246756129 0.916289284689966 0
5359 0.6890760472758485 0.5054874387581791 0
5360 0.398645622131047 0.9015940386165793 0
5361 0.753835992012138 0.7416024545124412 0
5362 0.8772131438357541 0.08036170450114699 0
5363 0.2598119976275599 0.8073535015045645 0
5364 0.1223175063257614 0.4517750816578659 0
5365 0.7581602461431048 0.6331479876723816 0
5366 0.1379794179626229 0.515126465654233 0
5367 0.02755135479356885 0.3040668417134148 0
5368 0.3877695190125383 0.3837865638578583 0
5369 0.2073718842562894 0.01401486010145325 0
5370 0.1937054370427082 0.4593830571784857 0
5371 0.7810757522724237 0.01175804761297339 0
5372 0.6938888355088259 0.3840726139933116 0
5373 0.8392313370518514 0.5788318332665614 0
5374 0.6230136781221031 0.6751064783944165 0
5375 0.3116041457113418 0.9639822255076911 0
5376 0.3987592009637033 0.1284247984591789 0
5377 0.4659122317732396 0.1806313942961935 0
5378 0.9671183681635156 0.2492306459870217 0
5379 0.2911698666092452 0.9880065472068278 0
5380 0.1350975381455656 0.745385238736458 0
5381 0.4830702747602175 0.820405445871903 0
5382 0.6200293442170453 0.8213137913303448 0
5383 0.05482737207597149 0.7594485238498215 0
5384 0.06846512438283447 0.5750112402880106 0
5385 0.5893139060257294 0.2945681935871324 0
5386 0.6820876966700082 0.1899445211542943 0
5387 0.5390128615166984 0.02669678688911103 0
5388 0.7745929875001971 0.4834130387416496 0
5389 0.831003237528767 0.02260960447829052 0
5390 0.3393019088475868 0.5497802109134827 0
5391 0.4201763403290814 0.867924800715713 0
5392 0.570890927033469 0.04682937028807754 0
5393 0.8036398420327479 0.08068346955640626 0
5394 0.01130138133737485 0.9512129422128008 0
5395 0.3697705828722448 0.5612904971024358 0
5396 0.6471690635396181 0.891369045135878 0
5397 0.5471237477847387 0.6229037884629722 0
5398 0.9170627894718963 0.2942279056015609 0
5399 0.8860603393173785 0.04490267610539417 0
5400 0.9921883869199604 0.566301621343505 0
5401 0.01009807856835365 0.3438292062911942 0
5402 0.993981415595638 0.2714919498459804 0
5403 0.8623829088677768 0.9626201975592308 0
5404 0.6796656729832702 0.6587200820600229 0
5405 0.6692078931921104 0.08589828363621366 0
5406 0.5475063370396251 0.1882983916626866 0
5407 0.3095192389705969 0.5507502053457516 0
5408 0.8230848519925413 0.3266512406338538 0
5409 0.3693612734038391 0.482900244309737 0
5410 0.4211425832257177 0.8366499544267466 0
5411 0.1486430009839765 0.6679554482665024 0
5412 0.8871819288866468 0.1297630049189442 0
5413 0.3056653447694517 0.9462036555850495 0
5414 0.2662535606986682 0.3800797628610718 0
5415 0.2401957625004133 0.2496616940146668 0
5416 0.3085088302395078 0.8208076154777502 0
5417 0.1622386145053087 0.8435216673827475 0
5418 0.6511431777805771 0.2661762530358218 0
5419 0.6660634696033445 0.37400155853455 0
5420 0.7955857948763075 0.6235475890784782 0
5421 0.7127801962382081 0.8415705522192398 0
5422 0.8350481503100098 0.121849675421123 0
5423 0.0559990565310336 0.7152807098929951 0
5424 0.8626783645695086 0.6054340265380266 0
5425 0.4234992271194719 0.3888694031350637 0
5426 0.5355850994030866 0.9147337681959992 0
5427 0.8678393977015149 0.3531205373144274 0
5428 0.9550648245828735 0.2580785220367647 0
5429 0.9413322915654084 0.4485538639206306 0
5430 0.2279300945743531 0.3347369394186037 0
5431 0.8409822014416293 0.8714790445948395 0
5432 0.7502774443219011 0.2188365284213842 0
5433 0.3821108508445229 0.2554696761477701 0
5434 0.02877325604179415 0.9311455429135405 0
5435 0.9584944897090472 0.8231431612865101 0
5436 0.9867098404323567 0.4720292256134661 0
5437 0.2972726186069155 0.5532580913602845 0
5438 0.3861317338309675 0.9168729639550486 0
5439 0.967251037974879 0.8547265815563867 0
5440 0.2371339899241827 0.3273863436750862 0
5441 0.1304069560294794 0.5756787382671842 0
5442 0.3225710470188006 0.6174890805898945 0
5443 0.1736400713114243 0.8374327800576922 0
5444 0.790251112399901 0.4406241877388611 0
5445 0.885358021464119 0.1511077817095702 0
5446 0.7950249790116027 0.5764353667729701 0
5447 0.1393509604585015 0.5363613176445867 0
5448 0.9517606640569483 0.1440607076883199 0
5449 0.5003007692842989 0.9388809394309849 0
5450 0.8194119749082536 0.156375697034616 0
5451 0.1680299633702478 0.3440308815862242 0
5452 0.4619022436100017 0.9544375722189532 0
5453 0.2439344836104119 0.7486436022225955 0
5454 0.5139766634163977 0.01384674507114786 0
5455 0.7407969616618675 0.8254310462114994 0
5456 0.187973825878836 0.1270733196635629 0
5457 0.3452853437630051 0.6360041945013528 0
5458 0.09320152888575595 0.5158186374683175 0
5459 0.091003884209092 0.4421036623335227 0
5460 0.8996525360628628 0.08378855670111507 0
5461 0.09853368371374771 0.2071686270295972 0
5462 0.4961567841785121 0.8338286877959319 0
5463 0.8148617168832835 0.4633215922349841 0
5464 0.9734622671595462 0.9395857009558272 0
5465 0.6837468980957578 0.3188391621130968 0
5466 0.9111729818829916 0.00695084654524647 0
5467 0.2058334911857377 0.6857723955816298 0
5468 0.3419581872453437 0.7663187783850569 0
5469 0.7830943115689269 0.2524948618252332 0
5470 0.07782589970153531 0.8966333634789774 0
5471 0.9778903852341913 0.1647006586908288 0
5472 0.4573459302151985 0.7214488797516885 0
5473 0.490602336963935 0.7124140818635701 0
5474 0.4680935754337893 0.712894673286127 0
5475 0.5051571937956217 0.6991518527629161 0
5476 0.5210215249110348 0.6967453451693206 0
5477 0.4912500945617952 0.6995054960523961 0
5478 0.5306653044153093 0.6940342720731898 0
5479 0.468381573883916 0.7227323828171095 0
5480 0.4784404311852947 0.7181147901588305 0
5481 0.4805959812629997 0.7035976603028191 0
5482 0.727050928522525 0.2437708984496759 0
5483 0.7056574128817017 0.236765246606544 0
5484 0.7346386474090073 0.2599995458713881 0
5485 0.7153400710557384 0.249415723428875 0
5486 0.7161477306944761 0.2367538841730412 0
5487 0.7390493928606597 0.2499159833820673 0
5488 0.7258914022512727 0.2543953672355058 0
5489 0.7091508739693131 0.2435938949406793 0
5490 0.1618181330363646 0.5507343001646235 0
5491 0.1839232474992092 0.5656565104564267 0
5492 0.1734026677107269 0.5594171616177137 0
5493 0.1703471391174009 0.5452098131848071 0
5494 0.1794586852659362 0.5548372707299711 0
5495 0.6566011210261905 0.2116905433114752 0
5496 0.5466147319492303 0.2449737988092246 0
5497 0.6350422719242879 0.213282572184805 0
5498 0.5673976666867291 0.2428479618640115 0
5499 0.6170054323774542 0.2213820887967355 0
5500 0.6008021957012267 0.2281279432539869 0
5501 0.5826742300691979 0.2347396689838482 0
5502 0.6470434566808263 0.2063299828892845 0
5503 0.5558345147569258 0.2499179708355483 0
5504 0.6461050940808535 0.2190509773386497 0
5505 0.5562514799399052 0.2386256193641499 0
5506 0.4360950230318056 0.2748196961863873 0
5507 0.4614387581762459 0.276227086607354 0
5508 0.4795726072029934 0.272807146980899 0
5509 0.4475808682569944 0.2652152555303505 0
5510 0.4511859784005878 0.2754716733280063 0
5511 0.4348938327168512 0.2633757711511698 0
5512 0.4711250241158131 0.268847657065906 0
5513 0.4596976523653091 0.267194472424761 0
5514 0.2242830429501605 0.5496409999729224 0
5515 0.2144208421244652 0.575192442701666 0
5516 0.2139162778595682 0.5370786634487972 0
5517 0.2108085624731173 0.550634289912358 0
5518 0.2257778717466212 0.5621550783207406 0
5519 0.2239381948838363 0.5727246690825712 0
5520 0.2260672897010126 0.5362329459307055 0
5521 0.2144193662555345 0.5621373086104535 0
5522 0.2203057662070309 0.5817500003517522 0
5523 0.5263470266473282 0.3311739611179766 0
5524 0.5593328070171286 0.2887704967703757 0
5525 0.5454101268662028 0.3068911229285966 0
5526 0.5594135073002398 0.3053537288603113 0
5527 0.5758070739521028 0.2875634273912628 0
5528 0.5373179628103871 0.3208257449112826 0
5529 0.5506449792931279 0.2963659080662779 0
5530 0.5688138421259824 0.297020319915196 0
5531 0.5519636658243996 0.3159269879427983 0
5532 0.5676669737915546 0.283881257215139 0
5533 0.7852642271449541 0.6202263609525455 0
5534 0.6804258798190876 0.5815617151587484 0
5535 0.7725553568481375 0.6173141369313334 0
5536 0.698031312613507 0.5818707001394117 0
5537 0.7263617543924177 0.601977936236162 0
5538 0.7559823285687474 0.6098005034342957 0
5539 0.7106311813347129 0.5926233586627946 0
5540 0.7415899496594218 0.6059198014169225 0
5541 0.6862609990536824 0.5720535531438553 0
5542 0.6914590136959385 0.5921912869429685 0
5543 0.7804213245039574 0.6271232546681179 0
5544 0.130034486896954 0.2857102888474315 0
5545 0.1086372802254187 0.2950801994289886 0
5546 0.1347132876306319 0.2687736455446352 0
5547 0.121086003954035 0.2754402549866121 0
5548 0.1112143322003155 0.2793446711000477 0
5549 0.1414891254234431 0.2789797509955159 0
5550 0.1175751927654734 0.2899331810398141 0
5551 0.1048633151770914 0.2869152496988964 0
5552 0.09962464020522992 0.2951260186620495 0
5553 0.04369045576776438 0.7369096521169122 0
5554 0.1179404350097965 0.7377358075706686 0
5555 0.05869545008772245 0.7370710055497959 0
5556 0.09384162686878052 0.7362180275464885 0
5557 0.1065545101894001 0.7384485015772514 0
5558 0.1273270061150541 0.7314285540588884 0
5559 0.07616742626651651 0.7365229682343494 0
5560 0.1141947807865282 0.7283710362685457 0
5561 0.2365592723804274 0.672294819400607 0
5562 0.3404957332814692 0.6459755584914399 0
5563 0.2976501943896175 0.653556447969358 0
5564 0.255152906036304 0.6749181342054275 0
5565 0.2724888074252288 0.6646071604746362 0
5566 0.2401253941594951 0.6838786291389588 0
5567 0.3278882350987239 0.6498583698879556 0
5568 0.3102022767881676 0.6522278773361969 0
5569 0.2881980984014995 0.6606063757354609 0
5570 0.4483993161394867 0.6259942439273883 0
5571 0.5477957027685114 0.5853801902261085 0
5572 0.4661984600330042 0.6286143142333059 0
5573 0.535185137801531 0.5918132851887268 0
5574 0.4798373796217608 0.6162126428400272 0
5575 0.4540228071664735 0.6372011412869772 0
5576 0.4997610584602211 0.6074774803752151 0
5577 0.5178085649078472 0.5997741844796763 0
5578 0.4605997328861234 0.6168031252637207 0
5579 0.9908564225485444 0.1222900259250699 0
5580 0.9897931062139409 0.1107984557950124 0
5581 0.008046818433435712 0.1449534916415892 0
5582 0.009829130894580009 0.1186514873108798 0
5583 0.01057584227004033 0.1335386076467175 0
5584 0.007791022484738027 0.1105785090746977 0
5585 0.4884078149276365 0.1905481160825568 0
5586 0.4751086475448678 0.2006873257775814 0
5587 0.4579350727038299 0.2079381374840457 0
5588 0.4901442183553653 0.2027165960419701 0
5589 0.4466474212863531 0.2109626545658026 0
5590 0.3798920522142969 0.5408541992540598 0
5591 0.2918391490321989 0.4784612267549672 0
5592 0.3046107710636276 0.484012337898154 0
5593 0.3672600041464801 0.5369887783860995 0
5594 0.3353732371896068 0.5104433103060881 0
5595 0.3511587531798973 0.5239527515518904 0
5596 0.3203577896244404 0.4979018850749469 0
5597 0.3758379599953011 0.5488633315179279 0
5598 0.2967513296660121 0.469638228989962 0
5599 0.2049392127072056 0.7264902259960808 0
5600 0.3116811191852195 0.700708820590392 0
5601 0.2446264431011189 0.723022920900853 0
5602 0.2186355262699191 0.7342431942978963 0
5603 0.2614412513684259 0.7105408553513981 0
5604 0.2331775206609488 0.7300408058708348 0
5605 0.2840195542145775 0.707453993245635 0
5606 0.3006760907024597 0.7084542286840697 0
5607 0.2458290029306988 0.7102647149952542 0
5608 0.2339419198256606 0.7164346546525526 0
5609 0.2981749260894909 0.6974817998263052 0
5610 0.4882882318892734 0.7557996518044826 0
5611 0.5122040201854614 0.7453476021830577 0
5612 0.500980905704152 0.7387285527546654 0
5613 0.4796899504397248 0.7512203222130939 0
5614 0.5006253932686804 0.7520963090760939 0
5615 0.4894518867484321 0.7446679473006693 0
5616 0.6413711172944522 0.5648829058411405 0
5617 0.6153706738737552 0.5773127976191891 0
5618 0.6576074767888698 0.577466566595888 0
5619 0.6226231213907738 0.5678765785579808 0
5620 0.6294591493945966 0.5783468131254578 0
5621 0.6439922497309449 0.5773799406282605 0
5622 0.6551011774798154 0.5681900640409945 0
5623 0.2566566653290569 0.01267499778338156 0
5624 0.3548737753260627 0.007934667384733252 0
5625 0.2709861733645192 0.01456462565900895 0
5626 0.2602631973867749 0.02432748653114928 0
5627 0.2886826007287798 0.01496389718289821 0
5628 0.339331649375771 0.009533961780610178 0
5629 0.3055796676573744 0.01252838295149302 0
5630 0.3232449541903566 0.01157672433942955 0
5631 0.3719969301422766 0.9948355590475478 0
5632 0.3538531215969549 0.9941077369135984 0
5633 0.5694618953116057 0.1727115193504609 0
5634 0.5652591021584591 0.1975401460302929 0
5635 0.5589904396150764 0.1737170796115135 0
5636 0.574573926816708 0.191368777666052 0
5637 0.562517709177208 0.1625273844278435 0
5638 0.5740814291781711 0.2035409716781229 0
5639 0.5628123490512077 0.1845530372247203 0
5640 0.5749809977921482 0.1812043979009591 0
5641 0.7726202461548566 0.08852742162804635 0
5642 0.7506924118965105 0.02277489351060966 0
5643 0.7719639426371604 0.06750856185842025 0
5644 0.7575661459206241 0.05207169455465258 0
5645 0.7629556911247629 0.07693234982602248 0
5646 0.7547969680916762 0.03526450275979344 0
5647 0.7581599476897359 0.06619406273027957 0
5648 0.7781202080304805 0.079326602096842 0
5649 0.2620975796373923 0.4240940263289985 0
5650 0.2392025126568997 0.4645887164784129 0
5651 0.2463854235110142 0.4521453162844576 0
5652 0.2572734285675387 0.4322732282950468 0
5653 0.2537092846247386 0.441530095277319 0
5654 0.8008877635206464 0.6564869438125014 0
5655 0.7827884911134538 0.6627996805045399 0
5656 0.7422697271513401 0.6565637496029497 0
5657 0.7611177367283068 0.6476592794281926 0
5658 0.7825562820741574 0.65178709427795 0
5659 0.7565535471072934 0.6589578464696825 0
5660 0.7920008264598632 0.6609617233150553 0
5661 0.7928803080634333 0.6517814729209314 0
5662 0.7716782141685011 0.6475768954214279 0
5663 0.7511503941866662 0.6497681343090912 0
5664 0.7712876180095654 0.6590084991193664 0
5665 0.3019087792311335 0.09679654786570666 0
5666 0.2861063347178223 0.08430620965688601 0
5667 0.3133184765929037 0.08509759422879019 0
5668 0.2982175439499876 0.08519216962516699 0
5669 0.3146406854610786 0.09731389750714307 0
5670 0.2881501939377173 0.09372789561631216 0
5671 0.7424823584160327 0.1079736386457243 0
5672 0.7456172500726727 0.1243934102608737 0
5673 0.7459250245238572 0.1502704174391024 0
5674 0.7318472663181428 0.1150385714460472 0
5675 0.745843579645615 0.1376501259815906 0
5676 0.7346054886360377 0.1288499078272178 0
5677 0.270205278014793 0.1763360332984044 0
5678 0.2042386417131548 0.1740196678656098 0
5679 0.2562507212178771 0.1761968705762019 0
5680 0.2135671548734407 0.1739961810294064 0
5681 0.236897639903359 0.1752668182711781 0
5682 0.2233189275595916 0.1753653168528951 0
5683 0.239237126898919 0.3100134213802707 0
5684 0.3497088592103243 0.2930083775546636 0
5685 0.2584423956497962 0.3011571969088688 0
5686 0.3339876163972543 0.2922957942329801 0
5687 0.2779654805552845 0.2988000840976549 0
5688 0.2955592324542021 0.2967677425989387 0
5689 0.3145233873728809 0.2938253665234342 0
5690 0.345760968879969 0.2826565154940983 0
5691 0.2450299149113527 0.3013252514769931 0
5692 0.250965769169239 0.3105068176343169 0
5693 0.3709514221143664 0.5841780410832598 0
5694 0.4821039800197643 0.5668844837234164 0
5695 0.3846152576621424 0.5750436763398533 0
5696 0.4646795445102518 0.5746095195493292 0
5697 0.4258510136090827 0.5758582725561811 0
5698 0.4455939901389029 0.5739175429771148 0
5699 0.4033537396571965 0.5785846775748485 0
5700 0.3727032062929773 0.5726108327517154 0
5701 0.4820502382630024 0.5779659236304362 0
5702 0.3861491380883656 0.5881038968532893 0
5703 0.4684307220346421 0.5622633524474291 0
5704 0.4220418183288694 0.5355214477314608 0
5705 0.4276209823382321 0.5172155008691469 0
5706 0.4023960023152335 0.5310984385879411 0
5707 0.4159576627559904 0.5253646526781237 0
5708 0.4096595605520715 0.5405885770355905 0
5709 0.4326971047925395 0.5272254552003323 0
5710 0.6198406371631788 0.4947547100804582 0
5711 0.720028964283292 0.5372525307155215 0
5712 0.633100530162347 0.5037943823303078 0
5713 0.7060202252097481 0.5356541780399167 0
5714 0.6518065157293261 0.5129790413511032 0
5715 0.6180331761908879 0.5059044800250868 0
5716 0.6681744260285895 0.5205499026156395 0
5717 0.6869592998420362 0.5278479601141061 0
5718 0.7159646111290091 0.5447560702775011 0
5719 0.09903334628274968 0.1891685621735053 0
5720 0.03266229326836088 0.1732435160891869 0
5721 0.04656113525831874 0.1756161023119667 0
5722 0.0813654350501227 0.1764023029212622 0
5723 0.06469102671277188 0.1765442230799497 0
5724 0.09672445725344521 0.1780861666306421 0
5725 0.08882901225197595 0.1879296370942884 0
5726 0.05629076272148356 0.1848418422124966 0
5727 0.2316974629969146 0.05747151075191498 0
5728 0.3385826801452639 0.04313921226996804 0
5729 0.2779817478404753 0.05798637672326643 0
5730 0.250925001425772 0.05579187940248364 0
5731 0.2914215164320129 0.05214950380121242 0
5732 0.2369776634410249 0.06754348709914418 0
5733 0.309385711490261 0.0484898410809937 0
5734 0.3267961609358574 0.04533228024913018 0
5735 0.2662738667773042 0.06302835299043752 0
5736 0.2661672766925209 0.05113733228723767 0
5737 0.8579596955673231 0.05503093543668234 0
5738 0.7930087246529589 0.03613995631246632 0
5739 0.8424836511810349 0.04436883042945525 0
5740 0.8591725643492365 0.04329875482450313 0
5741 0.8224166906652819 0.04208309686534079 0
5742 0.8043380695835098 0.03957165840443315 0
5743 0.1089345394553878 0.3327457334405384 0
5744 0.2076778051617322 0.2806898376429129 0
5745 0.1922937731470411 0.2849504981480689 0
5746 0.1238645964498418 0.3232255524723298 0
5747 0.1404880489140724 0.3189828659524019 0
5748 0.1591638897411073 0.3070703641822254 0
5749 0.1763855864930111 0.2962821047678523 0
5750 0.1189996060738691 0.3392660962018949 0
5751 0.130238978169188 0.3330365774140496 0
5752 0.2006309323775824 0.2758140883517456 0
5753 0.7329148622127751 0.361865917238588 0
5754 0.6647090942102879 0.3601158692384855 0
5755 0.6885985748082372 0.3518706640981301 0
5756 0.7170095634531557 0.3628837015916965 0
5757 0.6748276239214062 0.3555375064172564 0
5758 0.7009180865135706 0.3600604767530431 0
5759 0.7278935146354287 0.3515572626839258 0
5760 0.6845499942741579 0.3621258825248802 0
5761 0.7161144797719681 0.3508440699145415 0
5762 0.6704108094905225 0.6798689340024823 0
5763 0.58946300320498 0.5988365287632669 0
5764 0.5993329922463444 0.6188909327246701 0
5765 0.658121220698044 0.6620360977235693 0
5766 0.5861450558608611 0.6096193960642087 0
5767 0.6154185040601313 0.6298703853855246 0
5768 0.6290817906407008 0.6408814636556338 0
5769 0.6433509567377833 0.6539136370393726 0
5770 0.5999533661145263 0.6054717169193206 0
5771 0.6701901448762114 0.6690722683942192 0
5772 0.6600471725979852 0.6744445038119005 0
5773 0.4452866829935715 0.6783481766193695 0
5774 0.3505943080826 0.6193398276391853 0
5775 0.3649384618560881 0.6238067015211597 0
5776 0.4382553749052649 0.6626081725462238 0
5777 0.420153042173748 0.6577349252505548 0
5778 0.4010166964455275 0.6458802327279587 0
5779 0.383233711921883 0.635160520911368 0
5780 0.4518420753980307 0.6683067331268228 0
5781 0.3559430791669647 0.6106672976750338 0
5782 0.4309402859928974 0.6728304780589158 0
5783 0.3305559071309385 0.1324272377143212 0
5784 0.2212791365385932 0.1365736468109947 0
5785 0.3141692317913552 0.1313843947639108 0
5786 0.2243914257672441 0.1484761696825139 0
5787 0.2541649649757778 0.1389649167517752 0
5788 0.2739687169987921 0.1360495850306872 0
5789 0.2938475360484008 0.1329498164162524 0
5790 0.3266043186958427 0.121002384995551 0
5791 0.2369408920806612 0.1363539107218562 0
5792 0.7351004616559825 0.3152036623574702 0
5793 0.7203975159030683 0.2953340144923175 0
5794 0.720473800708072 0.3146818115365689 0
5795 0.737909914245043 0.3281656621042618 0
5796 0.7037567721410458 0.2947186064871149 0
5797 0.7270751610534979 0.323305084354264 0
5798 0.7258250623482205 0.3042661859948138 0
5799 0.7129677219049066 0.3028075670221154 0
5800 0.7122048568142538 0.2903365150065876 0
5801 0.1516300671822517 0.117518527762533 0
5802 0.1236203582240593 0.1214928184241923 0
5803 0.1369790984979791 0.1151732470935479 0
5804 0.1612198333848477 0.0978798333715095 0
5805 0.1489057402969871 0.105324402928008 0
5806 0.1335486428599936 0.1247316059086729 0
5807 0.1641468862669167 0.1081866203248449 0
5808 0.6363992433132284 0.3829096794251856 0
5809 0.6511461237727036 0.3891649493448573 0
5810 0.6663341965313926 0.3983078245687668 0
5811 0.6413711427373279 0.3959984269668713 0
5812 0.6285063635319617 0.3917186053859872 0
5813 0.6527974420685611 0.4005748653565723 0
5814 0.6857252158221742 0.4043921870610359 0
5815 0.700458237814223 0.4092704239288164 0
5816 0.3872838646781656 0.2195111153662101 0
5817 0.355754915503863 0.2107733017016765 0
5818 0.3725694443604679 0.2066049991119066 0
5819 0.3992652144818484 0.2075362372675176 0
5820 0.364920837003453 0.2143418497956851 0
5821 0.3837604736087267 0.2077473411158395 0
5822 0.4002180886736016 0.2202058201704849 0
5823 0.3635746018701644 0.2072457898775234 0
5824 0.3750177258326131 0.2175540445715122 0
5825 0.2523188997635623 0.5963339357164145 0
5826 0.3151012413096455 0.5878630680953619 0
5827 0.2943958511550541 0.5948943477799925 0
5828 0.2691231676465994 0.5855298629573775 0
5829 0.3019662868097165 0.5818195040184287 0
5830 0.2541437135987795 0.5864410500208335 0
5831 0.2852637836857719 0.5832697963305775 0
5832 0.2639579490085379 0.5963801784336729 0
5833 0.3062683988987019 0.5922883681743403 0
5834 0.3151333269416126 0.5792568265176538 0
5835 0.68956177924902 0.812693525847792 0
5836 0.6625517879815609 0.8111973435931602 0
5837 0.6770868121600345 0.8118782637008014 0
5838 0.6857219904469967 0.8027940268658467 0
5839 0.4195850226156937 0.2472755623330856 0
5840 0.4318012589102935 0.2204204846101241 0
5841 0.4233053989264669 0.2342752434915071 0
5842 0.4118356941509088 0.2419919117723046 0
5843 0.4847367418993366 0.3372202019595668 0
5844 0.4920375508948581 0.3177933962529177 0
5845 0.4984225312876125 0.3310343433170871 0
5846 0.4931902993104783 0.3433146983884036 0
5847 0.4830840479990027 0.3245570688535005 0
5848 0.5242741283225821 0.3840097944016496 0
5849 0.5859320774761705 0.393461888880443 0
5850 0.5533296832801188 0.3837173582825696 0
5851 0.5721810847319442 0.3951822026055262 0
5852 0.5338882243498528 0.3913758335094085 0
5853 0.5451493052701891 0.3936463985165478 0
5854 0.5769833867834162 0.3866660533605837 0
5855 0.5659883628118386 0.385282407215461 0
5856 0.5578232519735583 0.3960305106588991 0
5857 0.5390063000686662 0.3818570945526545 0
5858 0.2415617129083992 0.4104853961036508 0
5859 0.1346271377404365 0.4195203368452115 0
5860 0.1434113879339422 0.418174810079054 0
5861 0.2280732644840223 0.4158346794950227 0
5862 0.2072042627367696 0.4164782549273611 0
5863 0.2414937712675994 0.4205694491142075 0
5864 0.1675373677850869 0.4182380674898032 0
5865 0.1869788847337613 0.4171694657323596 0
5866 0.1541008055878895 0.4174550288487469 0
5867 0.2819213093466059 0.5541473704034008 0
5868 0.2663489609301944 0.4873170308631454 0
5869 0.2663696156115835 0.5038655204637641 0
5870 0.2567696100874333 0.4915792208100851 0
5871 0.2790973773551484 0.5418958770321736 0
5872 0.2727612868315952 0.5238245197421081 0
5873 0.3678918815269483 0.3748109011104355 0
5874 0.4218347821173835 0.3403011132342402 0
5875 0.3998533614714836 0.3427016017211453 0
5876 0.378355887040607 0.3676869972947847 0
5877 0.4112425634667221 0.3393231156317259 0
5878 0.3937704541458294 0.356968790391693 0
5879 0.3632827807688931 0.3649837901608123 0
5880 0.3751416061002869 0.3556029056457515 0
5881 0.4105343443626577 0.3495190484527432 0
5882 0.3886436448565496 0.345169606952569 0
5883 0.06635944907531904 0.5414919501857263 0
5884 0.05801989696503991 0.5211993555183433 0
5885 0.07873564472540598 0.5365857566877776 0
5886 0.06733389346148372 0.5284905851634698 0
5887 0.07583259874970358 0.5464055934983488 0
5888 0.05423520113191402 0.5310002099815487 0
5889 0.31619954012321 0.197016922597728 0
5890 0.333726671305685 0.1859169207670598 0
5891 0.3331667668932857 0.1776510296251924 0
5892 0.3195616362277367 0.2106705207048081 0
5893 0.3271814904659814 0.1978596128121033 0
5894 0.3232964416199764 0.1843868699509655 0
5895 0.3093758059030879 0.2054981062429941 0
5896 0.24069159444562 0.3809866745544548 0
5897 0.1310076668059189 0.3700735473496992 0
5898 0.1481128649849141 0.3707056194750953 0
5899 0.2253648419775505 0.3794078024199442 0
5900 0.1686583960669454 0.3724483771191356 0
5901 0.1870675274530752 0.3742382282234522 0
5902 0.2065988790151161 0.3768570113018709 0
5903 0.1379356268968076 0.3590568713060807 0
5904 0.2294425888402842 0.1948807122832941 0
5905 0.2388589370710762 0.200790014112952 0
5906 0.2744994572100395 0.2295692387550284 0
5907 0.2799534273992211 0.2332255600731496 0
5908 0.2555019851961506 0.2152596950611694 0
5909 0.5430008395551413 0.4181065877692207 0
5910 0.4335606553245404 0.4309179334471018 0
5911 0.4476895380777063 0.4269888892685195 0
5912 0.5302294341907053 0.4227156216934502 0
5913 0.4683283684026589 0.4266803352647678 0
5914 0.4885092007367531 0.4252834734876945 0
5915 0.5093802017842473 0.4237097621157905 0
5916 0.4342888711569939 0.4212518226813041 0
5917 0.5430329232295722 0.4264644538390798 0
5918 0.760782569387815 0.3988947550715851 0
5919 0.7880336531062954 0.3911476389379204 0
5920 0.7460579713506083 0.3852282807501773 0
5921 0.7768537361217428 0.3840636847217872 0
5922 0.7610300248127009 0.3866927277987853 0
5923 0.748349181514959 0.3956757113806761 0
5924 0.7722020163836192 0.3954245599531032 0
5925 0.7867748280961356 0.3827350784307156 0
5926 0.6877987163260911 0.6505174531533067 0
5927 0.7001874609609531 0.636539333221709 0
5928 0.6894173917389537 0.6382054687287341 0
5929 0.7001874609609531 0.6489755379507335 0
5930 0.6796466088474835 0.6446025590226881 0
5931 0.5343369624852826 0.1261651043566842 0
5932 0.513290663286906 0.2398842545318352 0
5933 0.5261482960586581 0.1466142725609763 0
5934 0.5231642094049398 0.2204699654417253 0
5935 0.5234376141634751 0.1842607851853914 0
5936 0.5256085841143 0.1653152339596178 0
5937 0.5203782671717684 0.2028201110744653 0
5938 0.5248420083684285 0.1320706124250776 0
5939 0.5234590789283781 0.2342529554854885 0
5940 0.512616147197269 0.2279909215751034 0
5941 0.5355932277522553 0.1383272991539774 0
5942 0.004865135361586642 0.1879099979271103 0
5943 0.03205408758653615 0.2244853880333121 0
5944 0.04410556786937549 0.219032080702402 0
5945 0.05455499990454375 0.2181191394919414 0
5946 0.02728679271035815 0.2111157339100102 0
5947 0.01540549834354463 0.191648232797107 0
5948 0.006003085559380283 0.1796932830211402 0
5949 0.325545330439006 0.2579329114963818 0
5950 0.3435593880184087 0.2409264449352869 0
5951 0.3238834630072864 0.2461828286983928 0
5952 0.3369072956772812 0.2529601124155214 0
5953 0.358483640552298 0.2468151779187641 0
5954 0.3139837637978123 0.2557762307489559 0
5955 0.348265069256053 0.2521406562727045 0
5956 0.3335157249385678 0.2412963395897001 0
5957 0.3530114874884006 0.2392468752662822 0
5958 0.006379540508460024 0.385408065183104 0
5959 0.03689044940665621 0.3771847092806204 0
5960 0.01659924151187955 0.3778887626304891 0
5961 0.02009697970904013 0.3863043486916287 0
5962 0.03167318330226249 0.3848328622968226 0
5963 0.02721110672080256 0.3740442092746434 0
5964 0.2863846051211077 0.744129293141445 0
5965 0.2597334979337241 0.7484823737340346 0
5966 0.2736791694344237 0.7481741140921916 0
5967 0.2638337168535558 0.7584627661308347 0
5968 0.4569595903107235 0.8002343951013619 0
5969 0.4716948525522357 0.7952037726520331 0
5970 0.4480646978378775 0.8196275680545537 0
5971 0.4829699976919257 0.798222629521673 0
5972 0.4591517803353523 0.8130938699288502 0
5973 0.4436546512216273 0.809746052179389 0
5974 0.4729119361780835 0.8068685732784465 0
5975 0.07386390000843815 0.1138121289857045 0
5976 0.05372896465723847 0.1161407069127881 0
5977 0.07514619297694873 0.1272859903987169 0
5978 0.05938207620621502 0.1079393990015064 0
5979 0.06357937786844366 0.1215143670344957 0
5980 0.6074104407454457 0.2842884718684013 0
5981 0.6439277533942362 0.2473812698783619 0
5982 0.6190737955299142 0.2673167479503389 0
5983 0.6348412071289653 0.2582591728057544 0
5984 0.6187771621890498 0.2820822545775724 0
5985 0.6081809207467779 0.2739458757598334 0
5986 0.6290891306485821 0.2741675625479034 0
5987 0.1148301509612476 0.5156869165498646 0
5988 0.08101692747479725 0.4651821906373552 0
5989 0.1067156726437576 0.5011996842382485 0
5990 0.09945536684577065 0.4865166499640816 0
5991 0.1190983137342687 0.4975055834088775 0
5992 0.1105694905085935 0.4902544914661903 0
5993 0.08798042898042295 0.4729056170153307 0
5994 0.1232645274935398 0.5086872359424324 0
5995 0.153465101268731 0.8112235871819912 0
5996 0.2614588026707667 0.7912489047997697 0
5997 0.1740855276538438 0.8014869525252376 0
5998 0.2442209601116726 0.7927989482736911 0
5999 0.1628984960739638 0.8035489502261087 0
6000 0.2234363370682424 0.7958357137385746 0
6001 0.2060835813989026 0.7976710399568673 0
6002 0.2562728571687686 0.7812590184072644 0
6003 0.1877963198601199 0.8015598345063037 0
6004 0.165382653781121 0.8124629995454686 0
6005 0.7422688694262892 0.4529595014247362 0
6006 0.6305688832547255 0.4589751149011243 0
6007 0.6481249137090188 0.4524033921911284 0
6008 0.725780944182397 0.4507140714789671 0
6009 0.7054103964410104 0.4505628574251432 0
6010 0.6863836722726017 0.4517418496790172 0
6011 0.7383257421979698 0.4406586355300481 0
6012 0.6668006432385724 0.4530517090497461 0
6013 0.6304086355890601 0.4484639079709088 0
6014 0.6462103874131063 0.4644097226420021 0
6015 0.0765034510597096 0.8381804679959859 0
6016 0.1211747658249106 0.8552360293608521 0
6017 0.09042157785719505 0.8496701290311022 0
6018 0.07443666307324459 0.8503317819262181 0
6019 0.1089800085542851 0.851493768688704 0
6020 0.5658478601692446 0.7597848129445427 0
6021 0.5817007046804609 0.7711138568014151 0
6022 0.5559788713545466 0.769366907602361 0
6023 0.569922977358171 0.7708091497101134 0
6024 0.5800256036519866 0.7600453426461579 0
6025 0.5552932918813831 0.7578735236100572 0
6026 0.2526257775465585 0.1030503113669309 0
6027 0.1910107009469716 0.0916153057761422 0
6028 0.2204011240999163 0.0932242811887654 0
6029 0.2390447140715214 0.104468969551925 0
6030 0.2023395545454618 0.09857459384241872 0
6031 0.2129699376423138 0.1048421159200411 0
6032 0.2331184412707625 0.09394304762714939 0
6033 0.2438046210554292 0.09588376334812418 0
6034 0.2238429720737816 0.1061878291651021 0
6035 0.2046890967215908 0.08743082509228516 0
6036 0.4561191370097042 0.1166021197824607 0
6037 0.3885407768312087 0.03086338657957484 0
6038 0.4485444915456664 0.1020301258952702 0
6039 0.4055195242098999 0.04414848214285581 0
6040 0.4235739556653731 0.06688715360183807 0
6041 0.39946895271614 0.03556463517769886 0
6042 0.4367088737917659 0.08403133548295066 0
6043 0.4640634742679136 0.107497415871788 0
6044 0.4123220461051538 0.05534634515841388 0
6045 0.3934711997169766 0.04138667113765499 0
6046 0.7071659602882979 0.2088277827531307 0
6047 0.7116651554066418 0.1888601507161557 0
6048 0.7209700588908959 0.207323161230867 0
6049 0.7141561308427298 0.2160686076388564 0
6050 0.7103578961346187 0.1969713220090843 0
6051 0.5651121644154874 0.5053648472955661 0
6052 0.4576718657777909 0.4944665100283389 0
6053 0.4738533698150448 0.4944509855940709 0
6054 0.5518831605158369 0.5001340406132136 0
6055 0.511425404242833 0.4962063896972678 0
6056 0.5316235903055256 0.4982524786416701 0
6057 0.492922626729351 0.4946278970651511 0
6058 0.4642309570641566 0.4838628297495893 0
6059 0.5646911862451325 0.4969176895575531 0
6060 0.3643597317749747 0.7008731731954143 0
6061 0.3506051966658376 0.6733699181171362 0
6062 0.3634442913696849 0.6898465675410107 0
6063 0.3528057251225109 0.6847143234258709 0
6064 0.3546649994843977 0.696476250302313 0
6065 0.05652700647241369 0.8148063675133768 0
6066 0.1522969346456912 0.7569843746746736 0
6067 0.1378505670100029 0.765870218809573 0
6068 0.06923244734361519 0.8049934957319025 0
6069 0.1045466807510063 0.7852404602741857 0
6070 0.08613856324357758 0.7941735550533972 0
6071 0.1219935304299301 0.7768388355355301 0
6072 0.05362730383497201 0.8021017861904334 0
6073 0.152587211372516 0.7706586299878315 0
6074 0.1604399459371185 0.05516662104859243 0
6075 0.1770707587787076 0.04020496987308513 0
6076 0.1828367502372527 0.05024681523159342 0
6077 0.1623481079642963 0.04317930763586188 0
6078 0.1499353199651256 0.05229819436978679 0
6079 0.1920181096446126 0.04005506818202996 0
6080 0.1717999655039091 0.05297373686277546 0
6081 0.9874550629240456 0.8150818145538691 0
6082 0.9966043413031933 0.7859572948480702 0
6083 0.04608087967205177 0.7795796212482686 0
6084 0.01693592933063404 0.7911196202784379 0
6085 0.008721031738188861 0.8020552203934701 0
6086 0.006018556548946685 0.7852858842384636 0
6087 0.03503171365808827 0.7836490621437001 0
6088 0.6820611066766388 0.06444435516557652 0
6089 0.6986746752520584 0.04604824035084515 0
6090 0.6812724306913054 0.05064220065214927 0
6091 0.6711878034924008 0.06076584821480135 0
6092 0.6930787863778086 0.05594776930210379 0
6093 0.6741520011901624 0.07179414280103109 0
6094 0.6911960031309742 0.04564947287797669 0
6095 0.1603858505219448 0.5099611827057803 0
6096 0.1739613484131663 0.5037965705043581 0
6097 0.1584269107689695 0.4984318707344264 0
6098 0.1482365092752727 0.5040732228598499 0
6099 0.1694502187023573 0.5155315154954185 0
6100 0.06843821670243036 0.3618785477065824 0
6101 0.08154553913502847 0.2993622592204938 0
6102 0.07988225634663332 0.328209575596675 0
6103 0.07679361140797102 0.311051252021748 0
6104 0.07684412637736052 0.3519911654482828 0
6105 0.07866692059976158 0.3406448362039435 0
6106 0.06906417113609861 0.3208884100037711 0
6107 0.06686200982969387 0.3314084055282018 0
6108 0.06639827650276148 0.3469462996923487 0
6109 0.9409510708484263 0.2678332861090366 0
6110 0.9101663286280736 0.260037160915876 0
6111 0.922835084250637 0.2567006139537055 0
6112 0.9219821113185042 0.2670350012985749 0
6113 0.932062682139547 0.2722498264963422 0
6114 0.9335609787959547 0.2590333752708642 0
6115 0.1671909342684844 0.641825652012346 0
6116 0.1595945917618275 0.5818374923320624 0
6117 0.1550368863371185 0.6078156002606649 0
6118 0.1585554309700934 0.6323774787288418 0
6119 0.1650222512912058 0.5987992437677115 0
6120 0.1575873434110214 0.6224034045465952 0
6121 0.1509799193755168 0.5920362375013603 0
6122 0.1473022219579601 0.5783037683420734 0
6123 0.1684528893532881 0.6303710655446959 0
6124 0.5821675221532108 0.8620359625160036 0
6125 0.513324697594235 0.7769692830261533 0
6126 0.5490708384552072 0.807271905780094 0
6127 0.5732664078616077 0.8482965742092078 0
6128 0.518871031026981 0.7897708285854054 0
6129 0.5592823432164098 0.8311645432461614 0
6130 0.5363171957272771 0.7999446454958102 0
6131 0.556497752317696 0.8166555274835416 0
6132 0.5887805605208618 0.8534018699060785 0
6133 0.5433918843123247 0.8195973825285481 0
6134 0.5104245768131481 0.7847594575011593 0
6135 0.8229053851318406 0.6263363924756817 0
6136 0.8096046559357681 0.6226168684387442 0
6137 0.8126088099291215 0.6353107774298109 0
6138 0.8182168940584472 0.6172762121312676 0
6139 0.4556192783111063 0.3121416571366781 0
6140 0.3470569019139397 0.3221470487891826 0
6141 0.3583315738102861 0.3174248781200302 0
6142 0.44001141994056 0.3099889001958804 0
6143 0.4210700074803657 0.3098942190627051 0
6144 0.4045716915577753 0.3107319944119952 0
6145 0.3760626249948293 0.315242780587531 0
6146 0.3894773254614871 0.310670316177155 0
6147 0.4516940710978221 0.3010080944344385 0
6148 0.3467131026067056 0.3142243901877999 0
6149 0.3595415551983802 0.09526064287797771 0
6150 0.4071278415566219 0.1072146288248905 0
6151 0.3786765546554486 0.1067000241351978 0
6152 0.3980280858697242 0.1000815115423517 0
6153 0.3740406063859519 0.09234534442331926 0
6154 0.3870816621482692 0.09777439574202494 0
6155 0.3650192396339256 0.1053296225358762 0
6156 0.3933202968945548 0.109137380414093 0
6157 0.3259315087291549 0.453317193606002 0
6158 0.3382718887987802 0.4764186472968646 0
6159 0.3318373304893247 0.4642958199336987 0
6160 0.3197410063748629 0.4608786502561489 0
6161 0.5943059779904172 0.4751118054763375 0
6162 0.5813743812443741 0.4588723910380357 0
6163 0.6034042672893705 0.4647304354455337 0
6164 0.6057285698071462 0.4748599812392254 0
6165 0.5897804022923419 0.4620488079227172 0
6166 0.6987390791136249 0.4845100928388569 0
6167 0.7598841957819751 0.5082069850765872 0
6168 0.7210645151417383 0.503836197843291 0
6169 0.7342472961192024 0.4954081963307668 0
6170 0.709433359614667 0.4875991696683226 0
6171 0.7100430190760239 0.4989716988534729 0
6172 0.7468177047209674 0.5040407164294592 0
6173 0.7233663294231593 0.4912670919714434 0
6174 0.7324162537351148 0.5069438384317251 0
6175 0.6992135176840464 0.493816375045214 0
6176 0.7130449374442678 0.7754954140789292 0
6177 0.6062161272718257 0.7813377983029407 0
6178 0.6989472066396483 0.7720154867468889 0
6179 0.6037943154040686 0.791968274364839 0
6180 0.6395826386890708 0.7802941003256678 0
6181 0.6586515666242192 0.778395026115583 0
6182 0.6138218351160922 0.7902578367020212 0
6183 0.6785769663489134 0.7751451121489548 0
6184 0.712737438048644 0.7662433096562941 0
6185 0.6205223420033391 0.7776906434900476 0
6186 0.6819723740571844 0.1095007906073111 0
6187 0.7025133028012038 0.1049456269093925 0
6188 0.691804491436888 0.1168704235342643 0
6189 0.6900043156895386 0.1021003568687199 0
6190 0.7094079670184698 0.09142957110210469 0
6191 0.6789739979074012 0.1210694759394085 0
6192 0.6979958928808313 0.09473091618315897 0
6193 0.5802480691972229 0.1281802930139632 0
6194 0.5690918368558112 0.1111349133163458 0
6195 0.5832304504900363 0.115185733324369 0
6196 0.5652106113748957 0.1240714365231306 0
6197 0.5919665696338066 0.1247014464125804 0
6198 0.5558534768760777 0.1143324440222592 0
6199 0.8010631613863423 0.1262888765248427 0
6200 0.774600329508619 0.1134575225266882 0
6201 0.794932696270763 0.1153327877317964 0
6202 0.78720559781041 0.1261130584799097 0
6203 0.8110702051038483 0.1208518366252254 0
6204 0.7788111882938029 0.1205087566092199 0
6205 0.8113838138038516 0.1305874362649396 0
6206 0.7846970314629647 0.1134300953158884 0
6207 0.8040806899626397 0.1166279698896808 0
6208 0.1727073534333541 0.8897340325821361 0
6209 0.1483842688755201 0.8784704258445901 0
6210 0.1605750008608765 0.8825008705531806 0
6211 0.17465374482396 0.8802693945772261 0
6212 0.3299662026835663 0.8528407163733345 0
6213 0.332966174630131 0.7713663707456961 0
6214 0.3260561783306755 0.790787837238083 0
6215 0.3238326158302637 0.8393699967083639 0
6216 0.3297774077291009 0.8199062250508182 0
6217 0.33537085045556 0.8022555656961842 0
6218 0.3360651203898338 0.7792136197501276 0
6219 0.3360116093143283 0.7891415462101062 0
6220 0.3283002001207183 0.7799605326302617 0
6221 0.323358888377049 0.8019855598673935 0
6222 0.3204492824098042 0.8522645598144768 0
6223 0.3363321103716487 0.8370272999354805 0
6224 0.04317786101774194 0.6644022474610074 0
6225 0.01286619531409771 0.655342869291087 0
6226 0.02980842108980319 0.6668036548660484 0
6227 0.03821176456632137 0.6763140163119704 0
6228 0.02160584870468011 0.6732185318018639 0
6229 0.02187938343612357 0.6571698604062112 0
6230 0.0138424315865501 0.6646732419691789 0
6231 0.08518098957130374 0.6551262219786104 0
6232 0.1761419092711791 0.7189911658394981 0
6233 0.09192152410356257 0.671726096869386 0
6234 0.161779102588214 0.7114044067158485 0
6235 0.1095815588348192 0.6774341907766687 0
6236 0.1278323358683083 0.6903487261642819 0
6237 0.07844115614158131 0.6654326579864438 0
6238 0.1445181724734505 0.7016913686715022 0
6239 0.1651080951389265 0.7253741360900876 0
6240 0.09912734959116085 0.6609588873813879 0
6241 0.03324470437549606 0.598187112151233 0
6242 0.1352639598260474 0.641724752494348 0
6243 0.04758991274457539 0.6059970390427372 0
6244 0.1208408483051737 0.6387366788197705 0
6245 0.06612937824745757 0.614986116997792 0
6246 0.08290384169363296 0.6225986151514822 0
6247 0.1014852675528946 0.6302756527938994 0
6248 0.03202217684750857 0.6085905742097419 0
6249 0.1301681247761948 0.6495247920150141 0
6250 0.3424435181358989 0.7397657992129758 0
6251 0.3549796967542758 0.730568742500358 0
6252 0.3576079579555586 0.7442821607035274 0
6253 0.3431045059633028 0.7530931707672123 0
6254 0.3344380149872604 0.7493806878458338 0
6255 0.3656025518577943 0.7305391177911531 0
6256 0.8969681052845478 0.2816870357217485 0
6257 0.8957440789151989 0.3851498860799553 0
6258 0.8968025110285591 0.2964822446311297 0
6259 0.8954905025349876 0.3706043016680262 0
6260 0.8961821270021486 0.3333736770785298 0
6261 0.8954699815819417 0.3522057649133605 0
6262 0.8967258529617521 0.3151420549872055 0
6263 0.8826610482097944 0.720199138272157 0
6264 0.7736247435681716 0.6989846807450524 0
6265 0.7906327249222863 0.7088088755339782 0
6266 0.869437717724315 0.7144459026903209 0
6267 0.7765331214143056 0.7097319430618998 0
6268 0.810402389124072 0.708970070993495 0
6269 0.8290974748115801 0.7102318607073408 0
6270 0.8490852598610642 0.7123995121668232 0
6271 0.8834791942207014 0.7108625722939889 0
6272 0.7839162033395376 0.6995272706850748 0
6273 0.7583995980864456 0.7522417552978085 0
6274 0.7172158039654133 0.8304448174456451 0
6275 0.7527226257968087 0.7591394362030709 0
6276 0.7213375252661619 0.816406174058755 0
6277 0.7415778409815454 0.7806472346140855 0
6278 0.7323925935146802 0.7980940946875474 0
6279 0.7464918665123581 0.7682764306304548 0
6280 0.7088808494753501 0.8246212912791239 0
6281 0.6525174480407941 0.6057010370050389 0
6282 0.6783373575511183 0.6178112748346229 0
6283 0.6668598992786956 0.6157528657090647 0
6284 0.6546872649352632 0.614864786372721 0
6285 0.415150455601619 0.7272264188998765 0
6286 0.3971174981922109 0.718038947090624 0
6287 0.4020395894446979 0.727392158234706 0
6288 0.4181947335042915 0.7389049941723101 0
6289 0.4060654876131564 0.7369289238897542 0
6290 0.4096511048150381 0.7206758444452649 0
6291 0.8725967965385302 0.2135964519491134 0
6292 0.8699171918731217 0.1953676889244289 0
6293 0.8837246589690761 0.2067675839331823 0
6294 0.8691956160818598 0.1783081421271166 0
6295 0.8494974277656302 0.1209950188029251 0
6296 0.8623847261447091 0.1579466799536858 0
6297 0.8467936905751932 0.1116759905206313 0
6298 0.8574707828361994 0.1412382687076257 0
6299 0.8811438982028079 0.192059670046851 0
6300 0.2898410499245484 0.8252342357791842 0
6301 0.2674627115749768 0.8177004635601529 0
6302 0.2825558806041011 0.8147462986468372 0
6303 0.2746079442985362 0.828320695947975 0
6304 0.2956736157052285 0.8146845398049272 0
6305 0.2975183049474547 0.8690507567219236 0
6306 0.1903109863987408 0.8423243955152941 0
6307 0.2546316854728389 0.8498053136807117 0
6308 0.2126054725886438 0.8540671821101385 0
6309 0.2003432328138444 0.8510311326595865 0
6310 0.2861464977465 0.8607250459491341 0
6311 0.2674142082671407 0.8607716689416124 0
6312 0.2273627138402456 0.8573520858053003 0
6313 0.2422376467250354 0.8466261558586636 0
6314 0.2038803864866954 0.8391777805274587 0
6315 0.2837288014877261 0.8732797461453287 0
6316 0.2461553562622409 0.8609464635908437 0
6317 0.2225814495685161 0.8441473037740859 0
6318 0.5262203957432391 0.8683132805609982 0
6319 0.5425903636924692 0.8862900207322701 0
6320 0.5241784989403084 0.8808734309652876 0
6321 0.5053156327233549 0.8690834932560754 0
6322 0.5346030663630906 0.8781993536010049 0
6323 0.5127015992114349 0.8614618524504426 0
6324 0.5151377882440841 0.8745201142093182 0
6325 0.4528334843203573 0.05369337599354345 0
6326 0.488532360825699 0.02618281302864423 0
6327 0.4743565113550511 0.0329213169471782 0
6328 0.4646018180541386 0.04604523140303857 0
6329 0.4799994499664741 0.04283515479907678 0
6330 0.4893799517255304 0.03742855859516187 0
6331 0.4493984630768534 0.04517576075402452 0
6332 0.4589011027117389 0.03650517568369404 0
6333 0.445195212435476 0.86353064606813 0
6334 0.4315598439311915 0.8597849999961925 0
6335 0.4363637410350417 0.8745904985974361 0
6336 0.4483160932437407 0.8755524395370575 0
6337 0.4400378709648758 0.8539870333585519 0
6338 0.8285968361517261 0.07973918480499767 0
6339 0.8155233065219785 0.08708858607460362 0
6340 0.8427151363575482 0.0926732039041256 0
6341 0.828550479832146 0.0926572892195624 0
6342 0.8418786912426769 0.08251081095802845 0
6343 0.8182167175655866 0.0940966737540799 0
6344 0.9311991175376283 0.0906822322919085 0
6345 0.8984834458377021 0.1171074601548091 0
6346 0.9213670271142781 0.1034731945012152 0
6347 0.8802095336924388 0.1199179514078007 0
6348 0.90308545424355 0.1034513542852979 0
6349 0.8877897401125291 0.1117620226954737 0
6350 0.9145493269162712 0.0936360786351573 0
6351 0.9097930874842264 0.1135267438095215 0
6352 0.8889979807017396 0.1199439748532747 0
6353 0.9355139754963739 0.09899837454861869 0
6354 0.8489541405795287 0.5196950507574901 0
6355 0.8359921889779289 0.5336372798494498 0
6356 0.8483523429098095 0.5459420729796003 0
6357 0.8370826163466508 0.5202276373224251 0
6358 0.8489346187767493 0.5313248577536031 0
6359 0.8381207237040728 0.5452540938606327 0
6360 0.8433293423647021 0.5125317967669353 0
6361 0.3532373628451941 0.8652938895366432 0
6362 0.2806085850722306 0.9153726423946725 0
6363 0.2953378581313768 0.9069043729297185 0
6364 0.3279182839416642 0.8835871085533957 0
6365 0.3425050024218906 0.8726125794863333 0
6366 0.3125600767829362 0.8964198072880659 0
6367 0.299956250396616 0.9176229590035596 0
6368 0.2898662105903885 0.9211961011997671 0
6369 0.89719430895208 0.06679137987080092 0
6370 0.9157471709089058 0.02272171934818251 0
6371 0.9295472486034257 0.01215276591391653 0
6372 0.9062811025287851 0.05472591258371162 0
6373 0.951871484636976 0.008108074266337806 0
6374 0.9432796036102045 0.01594699445262334 0
6375 0.932599598261694 0.0281548671787171 0
6376 0.9079613240415683 0.07046169587913602 0
6377 0.9195095416708245 0.04395573367313121 0
6378 0.9166736226479606 0.06047146948730157 0
6379 0.9614723680661121 0.9697177415653835 0
6380 0.9579704459675616 0.9829306734479051 0
6381 0.9402917298357273 0.9885380402823281 0
6382 0.9478979398804244 0.976329777022567 0
6383 0.9526579887716494 0.9622074645212967 0
6384 0.9512015850512877 0.9929858999209125 0
6385 0.2451795174045256 0.9114035492954544 0
6386 0.2103661863908195 0.967450886953252 0
6387 0.236113264220992 0.9253289423956912 0
6388 0.1886986940378531 0.9801341956153252 0
6389 0.2242962429651283 0.9426077791797125 0
6390 0.1645354919644671 0.992686306845001 0
6391 0.2013692832762291 0.9770858514905346 0
6392 0.2515156020160313 0.9229594585094766 0
6393 0.2095230507045878 0.9525603442534532 0
6394 0.2198890950495948 0.9585935344576531 0
6395 0.1968069884623606 0.9647904474859446 0
6396 0.1765850580671501 0.9890097143555873 0
6397 0.9547066480030655 0.6921180805517138 0
6398 0.9368520925675308 0.7003075567237926 0
6399 0.9511006182582141 0.6785232080736128 0
6400 0.9431031335543324 0.6901078211355169 0
6401 0.9474435273411723 0.7046099975431198 0
6402 0.9616624451798493 0.6837867567171206 0
6403 0.9627426111184256 0.3044574286926194 0
6404 0.9783669155621481 0.2708467047599566 0
6405 0.970912869971321 0.2829864396175881 0
6406 0.9742500397913413 0.3160786949450167 0
6407 0.9754088990989818 0.2982608676138105 0
6408 0.9643904031914549 0.2929008205396693 0
6409 0.962019247609644 0.3169698289450608 0
6410 0.9815071641424804 0.2842071564748918 0
6411 0.4659122570676563 0.9035638731294532 0
6412 0.4063785563591434 0.9496288466692617 0
6413 0.4180382486946537 0.9294820065441685 0
6414 0.4435400520975572 0.920267771125738 0
6415 0.4559434122377946 0.9107965504374015 0
6416 0.467255106730922 0.8898195298228337 0
6417 0.4100534540469683 0.9382096456649551 0
6418 0.4272589739389509 0.9213501346474884 0
6419 0.4569175276698358 0.8969687004859683 0
6420 0.4184643910180344 0.9433162596786042 0
6421 0.4318007224892647 0.9331284336089084 0
6422 0.4733096263679089 0.8966388351073281 0
6423 0.6823959852941717 0.9377363515768886 0
6424 0.6602271016924254 0.9576095165613153 0
6425 0.6706696106443085 0.9510382085880129 0
6426 0.6712490754871647 0.9322556310999577 0
6427 0.6813308608144817 0.9215819196730164 0
6428 0.6924008294527695 0.9270567262991699 0
6429 0.6675410666709453 0.9406391623313921 0
6430 0.6231718157240081 0.8389697246614912 0
6431 0.7276986217850608 0.8717591002383972 0
6432 0.6771460572286192 0.8610943210158748 0
6433 0.6981433582400137 0.860111026327986 0
6434 0.6478038344679035 0.8491946055900699 0
6435 0.6633631721160452 0.8579516387277327 0
6436 0.7161654132339222 0.8625047238137385 0
6437 0.6318040200965875 0.8484248763571041 0
6438 0.6847364879971337 0.8509054686263434 0
6439 0.6735344338100933 0.848901934631263 0
6440 0.7137688017882317 0.8746133151989248 0
6441 0.622716001373679 0.8473469163789265 0
6442 0.6349721595835089 0.838422008471241 0
6443 0.7732752687674795 0.8907965092081868 0
6444 0.8067475953450666 0.9000215685832592 0
6445 0.7625169273396445 0.9014162942317739 0
6446 0.7978733060524663 0.8941512729251179 0
6447 0.7783682561461358 0.9021656194837947 0
6448 0.7868458468661075 0.8916108362111522 0
6449 0.7618136187348469 0.8890452159679928 0
6450 0.7932263559486158 0.9025237727073075 0
6451 0.8619015154400245 0.9913009918786543 0
6452 0.8739104304300997 0.006691697588102043 0
6453 0.886468738214496 0.007658820638505027 0
6454 0.9156775782661793 0.1664227725037073 0
6455 0.9403033798082433 0.1600670977987777 0
6456 0.8987425542164097 0.1786817207251971 0
6457 0.909158060906801 0.1777092448317336 0
6458 0.9322692207939397 0.1760709556041117 0
6459 0.9511553965884312 0.1622155949452707 0
6460 0.9289907869544726 0.163570736858159 0
6461 0.9412659524722193 0.1705115683287617 0
6462 0.9218538630557707 0.1762164329580022 0
6463 0.904142064225483 0.1706070658565939 0
6464 0.9258936988647377 0.3796612835179534 0
6465 0.988509609243404 0.3436069039132755 0
6466 0.9400140626944806 0.3736941620636223 0
6467 0.9660031199220608 0.3488412822046802 0
6468 0.953365784721285 0.3618603816638682 0
6469 0.9776198119703609 0.343195970782775 0
6470 0.9864441148071673 0.3529525126352252 0
6471 0.9953226537141739 0.3478042084684453 0
6472 0.9365911742903824 0.3634016600471809 0
6473 0.9726445817588995 0.3595029341531288 0
6474 0.9080994892202134 0.6708203104354283 0
6475 0.9047815588851453 0.6866081692176802 0
6476 0.9168627265312148 0.6820644954516351 0
6477 0.9198136610688289 0.6671331525139683 0
6478 0.9039041911166291 0.7008242750925855 0
6479 0.9113122019408638 0.6586862742263655 0
6480 0.008038840689570465 0.6279640708169765 0
6481 0.9944481998748873 0.7277160899096673 0
6482 0.9877417552522371 0.7107466005782441 0
6483 0.9936985119183207 0.6928490441854962 0
6484 0.9885487590534089 0.7006336024914821 0
6485 0.9865431130164228 0.7211891187487052 0
6486 0.007133849763141242 0.7055014678072458 0
6487 0.3923149890916592 0.8668565074009762 0
6488 0.3845240517929558 0.8547439044289427 0
6489 0.4068812303923157 0.8554652154974863 0
6490 0.395288482811164 0.8543625358671908 0
6491 0.4050709968476408 0.8671982420522562 0
6492 0.9049342128909472 0.6287554443301162 0
6493 0.8883778283082515 0.6168997191152269 0
6494 0.9153981683313575 0.6193311054547458 0
6495 0.9006389380509119 0.6174735927842137 0
6496 0.8900355163063334 0.6280351132994049 0
6497 0.9160308075292772 0.6309944790839218 0
6498 0.5849438692738798 0.9081049540031064 0
6499 0.5737362870093682 0.8935206503455704 0
6500 0.5846087528511942 0.8924738345018065 0
6501 0.5951291227171046 0.8998775858690792 0
6502 0.574919238450154 0.9034220472994574 0
6503 0.02841990971492196 0.8849036083274994 0
6504 0.04434408993656069 0.9052062942717259 0
6505 0.04414123455302806 0.9229748246801917 0
6506 0.04344633655032562 0.9309946600835335 0
6507 0.0419769302127465 0.8707947478857032 0
6508 0.03189465226360914 0.8967724937524076 0
6509 0.04049070001938623 0.8856003733942946 0
6510 0.03090305440786401 0.871911167739066 0
6511 0.0330942538581669 0.9074874426995377 0
6512 0.2518486595811418 0.9725928867431991 0
6513 0.2644888345826343 0.978366794196164 0
6514 0.2495528508261166 0.98337749638593 0
6515 0.2623115854389619 0.9662629753356897 0
6516 0.2426312122723528 0.9756478827201088 0
6517 0.849376967052397 0.9350449184258089 0
6518 0.7402119506618692 0.9365912745636328 0
6519 0.8342712858932926 0.9349607130011248 0
6520 0.7541580636241919 0.9405362471000405 0
6521 0.81482867211114 0.9361409710679436 0
6522 0.794960723622401 0.9376303132156641 0
6523 0.7747282065519238 0.9391792444444127 0
6524 0.7406151358098499 0.9454072350082523 0
6525 0.8141058553970718 0.435163572316203 0
6526 0.8732933958408402 0.4068056377474396 0
6527 0.835872354063273 0.432201481001165 0
6528 0.8590259294471346 0.415989116568207 0
6529 0.8243734089398053 0.4359555972270854 0
6530 0.8412290954693212 0.4172206798934043 0
6531 0.8639300570271057 0.4007770055200452 0
6532 0.8475415774299366 0.4279771756937761 0
6533 0.8252169247203783 0.4257636131578122 0
6534 0.8529008762368037 0.4059846345288245 0
6535 0.9968060229303262 0.4113679387388472 0
6536 0.9631432552134491 0.4027677805857492 0
6537 0.9826515307749509 0.39859751644983 0
6538 0.9871640527363292 0.4120774671939298 0
6539 0.9679492971589966 0.3948478764203759 0
6540 0.971908941672305 0.4082670596973016 0
6541 0.9586880449983936 0.3953723007792591 0
6542 0.9945389078629067 0.5271516592609824 0
6543 0.9192851481151292 0.4818274428648295 0
6544 0.9758907162120762 0.5265772460098578 0
6545 0.9327843038752014 0.4975498501098588 0
6546 0.9637652115974197 0.5131289227231107 0
6547 0.9239063308061349 0.4917205742722954 0
6548 0.9872530889431411 0.5360453677367536 0
6549 0.9456356849210992 0.5029924479556268 0
6550 0.9801458815901316 0.5143808611316418 0
6551 0.929365745133148 0.4858589188139036 0
6552 0.9694134856634876 0.038727501465882 0
6553 0.9560555208833365 0.1272223892900346 0
6554 0.9580633653721635 0.05699509705287815 0
6555 0.958603512691372 0.1158924111711905 0
6556 0.9626045426833888 0.09281017045332335 0
6557 0.9633750555658918 0.0722102401096697 0
6558 0.9591649757106281 0.04436544951626719 0
6559 0.9714741502420757 0.05449630179756679 0
6560 0.9633783807487809 0.1058057667552679 0
6561 0.8565794949691093 0.2602247180325616 0
6562 0.8620291047309268 0.2787684715043353 0
6563 0.8689337388632834 0.2616646624875749 0
6564 0.8526565035431433 0.2743268588502833 0
6565 0.8666110736803764 0.2714545929723822 0
6566 0.8331503374482054 0.8442503461372582 0
6567 0.885019073170597 0.7704610509360236 0
6568 0.8771490010177979 0.7852350491314462 0
6569 0.8531195539504827 0.8291516042319809 0
6570 0.842835808993378 0.8362499861451628 0
6571 0.8676667223078339 0.8022939653839278 0
6572 0.8921425489639054 0.7821671216201103 0
6573 0.8576073527266984 0.8170645405052926 0
6574 0.9777143253956343 0.7713698197758444 0
6575 0.953188761101904 0.7565621943840347 0
6576 0.9572945244743061 0.7691024625503009 0
6577 0.9859954572884176 0.7625753101851476 0
6578 0.9677881492944155 0.7749404527463823 0
6579 0.9451942557359048 0.765068181146452 0
6580 0.9713861048586508 0.7618934867044317 0
6581 0.9777651233743275 0.5762002010577001 0
6582 0.8691505818399473 0.5795066683483971 0
6583 0.9632702355751883 0.5694110980175516 0
6584 0.9438945121809684 0.5721775275438654 0
6585 0.8820631796098899 0.5751215505101487 0
6586 0.9237881824688668 0.5732875824488357 0
6587 0.9772775288960921 0.5656094800809415 0
6588 0.903053854849337 0.5744130197990119 0
6589 0.8684642388011472 0.5710049717218004 0
6590 0.9133154262274952 0.7563728269769342 0
6591 0.9237157316620677 0.7335703309989505 0
6592 0.9201375220724896 0.7467789818210241 0
6593 0.9115515876084456 0.7362739978570836 0
6594 0.9106276354975769 0.746380735484748 0
6595 0.830818538476973 0.006317698172519412 0
6596 0.8221739341735693 0.006602372534974426 0
6597 0.8264332918963567 0.9889380429519212 0
6598 0.951494001163859 0.906710423315554 0
6599 0.9351153877342547 0.9106702662537187 0
6600 0.9469906626550931 0.9191144793071234 0
6601 0.9224780204532875 0.9258192442837362 0
6602 0.9607918509657102 0.9145978725234447 0
6603 0.9327821539853406 0.9229471909963282 0
6604 0.9638096049499925 0.9030613383389419 0
6605 0.9237568560735112 0.9169624626008119 0
6606 0.9151727373306789 0.8717987437107619 0
6607 0.9278949054509427 0.8851201133608727 0
6608 0.9136442479510375 0.885252498609183 0
6609 0.9065454311629342 0.8758275013581781 0
6610 0.9265047574001664 0.8747611565295133 0
$EndNodes
$Elements
12984
1 2 2 1 1 2748 4567 4411
2 2 2 1 1 2180 2949 2181
3 2 2 1 1 671 2916 672
4 2 2 1 1 2773 3823 2772
5 2 2 1 1 600 3533 601
6 2 2 1 1 1353 3287 1354
7 2 2 1 1 1409 3572 1410
8 2 2 1 1 593 4432 594
9 2 2 1 1 855 4536 856
10 2 2 1 1 492 508 1473
11 2 2 1 1 3925 4232 4150
12 2 2 1 1 1404 3521 3146
13 2 2 1 1 989 4633 2553
14 2 2 1 1 4060 4980 4535
15 2 2 1 1 3167 4714 3837
16 2 2 1 1 1979 3184 1980
17 2 2 1 1 4232 4886 4150
18 2 2 1 1 945 3196 946
19 2 2 1 1 1825 2569 1826
20 2 2 1 1 661 4664 662
21 2 2 1 1 1966 2115 2114
22 2 2 1 1 4375 4965 4163
23 2 2 1 1 1923 4745 2635
24 2 2 1 1 2054 4709 2055
25 2 2 1 1 3161 3342 388
26 2 2 1 1 1444 4499 1445
27 2 2 1 1 1037 5453 273
28 2 2 1 1 3566 4995 4600
29 2 2 1 1 1877 3927 1878
30 2 2 1 1 1162 3299 1163
31 2 2 1 1 1220 2864 1221
32 2 2 1 1 753 1517 754
33 2 2 1 1 3791 5092 3905
34 2 2 1 1 968 1538 969
35 2 2 1 1 1822 4963 1823
36 2 2 1 1 2387 5034 2388
37 2 2 1 1 421 4655 3889
38 2 2 1 1 1111 4450 1035
39 2 2 1 1 10 3455 11
40 2 2 1 1 1099 3750 1100
41 2 2 1 1 4 3477 5
42 2 2 1 1 2552 4373 980
43 2 2 1 1 647 5090 2519
44 2 2 1 1 4573 4692 3569
45 2 2 1 1 97 5338 98
46 2 2 1 1 2134 3977 2133
47 2 2 1 1 1778 1777 2599
48 2 2 1 1 2183 3353 2184
49 2 2 1 1 723 722 761
50 2 2 1 1 1333 1332 1110
51 2 2 1 1 4329 5148 3892
52 2 2 1 1 4139 4533 3804
53 2 2 1 1 3553 3554 3330
54 2 2 1 1 4403 4533 4235
55 2 2 1 1 90 3187 91
56 2 2 1 1 1344 3004 1345
57 2 2 1 1 4535 4980 3502
58 2 2 1 1 869 3542 870
59 2 2 1 1 3961 4769 4066
60 2 2 1 1 981 5134 995
61 2 2 1 1 1662 3574 1663
62 2 2 1 1 3837 4609 3167
63 2 2 1 1 2393 3930 3605
64 2 2 1 1 2100 4700 4380
65 2 2 1 1 2041 4035 2042
66 2 2 1 1 2042 3787 2043
67 2 2 1 1 4045 4558 2913
68 2 2 1 1 3955 4347 4180
69 2 2 1 1 2126 4783 2723
70 2 2 1 1 1761 3709 1762
71 2 2 1 1 2097 4333 2096
72 2 2 1 1 2650 4348 2040
73 2 2 1 1 1951 3973 1950
74 2 2 1 1 2427 3577 2428
75 2 2 1 1 4180 4347 2863
76 2 2 1 1 885 4687 886
77 2 2 1 1 1310 1297 1296
78 2 2 1 1 3103 4680 4512
79 2 2 1 1 4366 4466 4027
80 2 2 1 1 2599 3529 1589
81 2 2 1 1 3406 4802 4617
82 2 2 1 1 1965 2115 1966
83 2 2 1 1 1737 4140 1738
84 2 2 1 1 3277 4649 3118
85 2 2 1 1 2019 3270 2020
86 2 2 1 1 3610 4929 4412
87 2 2 1 1 4066 4769 4222
88 2 2 1 1 1976 1991 2098
89 2 2 1 1 4021 4683 2867
90 2 2 1 1 74 4498 75
91 2 2 1 1 4380 4700 1676
92 2 2 1 1 2243 4398 2244
93 2 2 1 1 2027 3497 2028
94 2 2 1 1 2709 3484 2708
95 2 2 1 1 2334 4755 2335
96 2 2 1 1 681 3576 682
97 2 2 1 1 2059 3488 2060
98 2 2 1 1 2809 4377 2808
99 2 2 1 1 1190 3099 1191
100 2 2 1 1 4060 5266 3232
101 2 2 1 1 2046 2866 2047
102 2 2 1 1 495 5359 1501
103 2 2 1 1 4061 4522 3252
104 2 2 1 1 3823 3860 2772
105 2 2 1 1 4117 4723 4632
106 2 2 1 1 3866 4362 3904
107 2 2 1 1 2492 5109 3349
108 2 2 1 1 4953 4997 3615
109 2 2 1 1 191 637 192
110 2 2 1 1 3770 4533 4403
111 2 2 1 1 460 4738 2495
112 2 2 1 1 3469 4802 3406
113 2 2 1 1 2699 3846 216
114 2 2 1 1 232 4673 233
115 2 2 1 1 3717 4305 3507
116 2 2 1 1 1468 244 1469
117 2 2 1 1 3484 4131 2708
118 2 2 1 1 3848 4463 2831
119 2 2 1 1 1238 4846 1239
120 2 2 1 1 2777 3853 2776
121 2 2 1 1 4369 4567 3878
122 2 2 1 1 1949 4182 1948
123 2 2 1 1 4040 4823 199
124 2 2 1 1 1919 3927 1918
125 2 2 1 1 1944 4710 1943
126 2 2 1 1 713 4999 714
127 2 2 1 1 1181 4622 1182
128 2 2 1 1 66 5194 2438
129 2 2 1 1 4213 4214 3180
130 2 2 1 1 561 5139 562
131 2 2 1 1 1270 1269 1299
132 2 2 1 1 569 3596 570
133 2 2 1 1 1950 3348 1949
134 2 2 1 1 1789 3426 1790
135 2 2 1 1 2841 3553 3330
136 2 2 1 1 2545 3998 2546
137 2 2 1 1 3431 4750 4668
138 2 2 1 1 4302 4986 3729
139 2 2 1 1 3218 4277 3700
140 2 2 1 1 1250 4468 1251
141 2 2 1 1 3847 4846 3239
142 2 2 1 1 4838 4846 3847
143 2 2 1 1 222 3670 221
144 2 2 1 1 4327 4512 4511
145 2 2 1 1 2221 5110 2674
146 2 2 1 1 601 3079 602
147 2 2 1 1 1112 1034 1033
148 2 2 1 1 2145 4046 2144
149 2 2 1 1 2076 3861 2077
150 2 2 1 1 1225 4294 3995
151 2 2 1 1 2048 3284 2049
152 2 2 1 1 1590 3326 1591
153 2 2 1 1 2077 3861 1765
154 2 2 1 1 4165 4683 4021
155 2 2 1 1 2675 4709 2676
156 2 2 1 1 165 5380 1272
157 2 2 1 1 4377 4686 2808
158 2 2 1 1 3897 4869 3898
159 2 2 1 1 4600 4995 3777
160 2 2 1 1 4623 4963 3037
161 2 2 1 1 113 4898 114
162 2 2 1 1 1287 3917 1288
163 2 2 1 1 4343 5025 2943
164 2 2 1 1 4139 5431 4533
165 2 2 1 1 1475 4629 1476
166 2 2 1 1 4215 4912 4708
167 2 2 1 1 2679 5117 3496
168 2 2 1 1 4163 4965 2901
169 2 2 1 1 4086 4880 4734
170 2 2 1 1 3936 4549 3005
171 2 2 1 1 700 5004 701
172 2 2 1 1 3070 4510 4425
173 2 2 1 1 672 3506 657
174 2 2 1 1 3037 4888 4623
175 2 2 1 1 3840 4809 4306
176 2 2 1 1 4205 5156 2896
177 2 2 1 1 3496 5117 4411
178 2 2 1 1 1218 2864 1219
179 2 2 1 1 3005 4233 3936
180 2 2 1 1 3438 3877 2843
181 2 2 1 1 4399 4689 4675
182 2 2 1 1 1351 3596 569
183 2 2 1 1 3232 4980 4060
184 2 2 1 1 3467 4888 4582
185 2 2 1 1 628 4474 4417
186 2 2 1 1 3841 4809 3840
187 2 2 1 1 790 3041 791
188 2 2 1 1 3438 4577 3877
189 2 2 1 1 701 2563 2524
190 2 2 1 1 4163 5112 4375
191 2 2 1 1 3692 4927 4025
192 2 2 1 1 769 70 756
193 2 2 1 1 2609 4112 2610
194 2 2 1 1 168 2577 2576
195 2 2 1 1 3401 4807 875
196 2 2 1 1 1258 4334 1259
197 2 2 1 1 4214 4215 3180
198 2 2 1 1 3226 4692 4573
199 2 2 1 1 791 4043 792
200 2 2 1 1 2649 3911 2033
201 2 2 1 1 3566 4600 4027
202 2 2 1 1 3407 4953 3615
203 2 2 1 1 2609 4580 4112
204 2 2 1 1 1742 2908 2884
205 2 2 1 1 25 5051 2888
206 2 2 1 1 1858 3248 1859
207 2 2 1 1 4027 4600 4366
208 2 2 1 1 426 3410 411
209 2 2 1 1 4412 4929 4439
210 2 2 1 1 3252 4522 3396
211 2 2 1 1 4734 4880 3909
212 2 2 1 1 3118 4649 4171
213 2 2 1 1 3130 4302 3729
214 2 2 1 1 4306 4729 3840
215 2 2 1 1 2952 3620 3417
216 2 2 1 1 2520 5219 2521
217 2 2 1 1 2083 4065 2084
218 2 2 1 1 4109 4577 3438
219 2 2 1 1 2937 4952 4436
220 2 2 1 1 1464 3516 2462
221 2 2 1 1 678 2890 679
222 2 2 1 1 663 3636 664
223 2 2 1 1 1004 3542 1005
224 2 2 1 1 3349 4698 2492
225 2 2 1 1 2356 3902 2357
226 2 2 1 1 1774 3570 1775
227 2 2 1 1 1279 4905 1280
228 2 2 1 1 1408 3900 1409
229 2 2 1 1 1395 3891 2586
230 2 2 1 1 4320 4679 4668
231 2 2 1 1 3668 4823 4040
232 2 2 1 1 4514 4770 3941
233 2 2 1 1 3063 3794 3407
234 2 2 1 1 3794 4953 3407
235 2 2 1 1 2571 4294 1225
236 2 2 1 1 1863 3834 2298
237 2 2 1 1 1506 3341 1507
238 2 2 1 1 1604 1603 2722
239 2 2 1 1 2382 3316 2383
240 2 2 1 1 3841 5247 4809
241 2 2 1 1 3844 5003 3061
242 2 2 1 1 4180 4549 3955
243 2 2 1 1 1391 5100 1392
244 2 2 1 1 1389 1388 1638
245 2 2 1 1 712 3278 713
246 2 2 1 1 1675 4380 1676
247 2 2 1 1 2629 1584 1583
248 2 2 1 1 1085 3495 3124
249 2 2 1 1 4277 5102 3700
250 2 2 1 1 1537 4543 1538
251 2 2 1 1 725 5298 726
252 2 2 1 1 880 2894 865
253 2 2 1 1 2867 4355 4021
254 2 2 1 1 845 4760 846
255 2 2 1 1 3878 5082 4369
256 2 2 1 1 4800 5321 4572
257 2 2 1 1 867 4155 868
258 2 2 1 1 4059 5266 4060
259 2 2 1 1 2811 3901 2810
260 2 2 1 1 486 3551 487
261 2 2 1 1 837 4724 838
262 2 2 1 1 882 584 883
263 2 2 1 1 4780 4897 3980
264 2 2 1 1 4572 5321 3100
265 2 2 1 1 4250 4522 2956
266 2 2 1 1 572 3645 573
267 2 2 1 1 2200 3126 2201
268 2 2 1 1 79 3182 80
269 2 2 1 1 3103 4512 4319
270 2 2 1 1 4487 5127 3084
271 2 2 1 1 4025 5262 3692
272 2 2 1 1 5003 5077 4356
273 2 2 1 1 3011 4308 3752
274 2 2 1 1 680 3096 681
275 2 2 1 1 4056 4963 1207
276 2 2 1 1 18 3084 19
277 2 2 1 1 4331 4456 4252
278 2 2 1 1 199 4823 200
279 2 2 1 1 2943 5025 3750
280 2 2 1 1 912 4774 913
281 2 2 1 1 2073 3069 2074
282 2 2 1 1 1028 3441 1027
283 2 2 1 1 2049 3890 2050
284 2 2 1 1 1417 4331 2933
285 2 2 1 1 3109 4903 3642
286 2 2 1 1 3386 5077 5003
287 2 2 1 1 1206 3793 2568
288 2 2 1 1 4631 4723 4281
289 2 2 1 1 2394 5161 2398
290 2 2 1 1 1207 4963 3493
291 2 2 1 1 1099 3978 3750
292 2 2 1 1 2913 4435 4045
293 2 2 1 1 4498 4673 3108
294 2 2 1 1 3634 4197 3633
295 2 2 1 1 2666 3444 1608
296 2 2 1 1 3146 3464 1404
297 2 2 1 1 3322 4723 4631
298 2 2 1 1 4010 5345 4156
299 2 2 1 1 148 4092 149
300 2 2 1 1 3045 4158 3549
301 2 2 1 1 4158 4975 3549
302 2 2 1 1 1535 3564 1520
303 2 2 1 1 1050 3177 1051
304 2 2 1 1 4427 5162 4335
305 2 2 1 1 669 3346 670
306 2 2 1 1 3216 4331 1417
307 2 2 1 1 2395 2394 2398
308 2 2 1 1 1080 5027 1081
309 2 2 1 1 4324 4702 4685
310 2 2 1 1 2965 4986 4302
311 2 2 1 1 4869 5011 4259
312 2 2 1 1 3865 4187 3616
313 2 2 1 1 2559 4450 1111
314 2 2 1 1 4064 4759 3601
315 2 2 1 1 2449 5442 4031
316 2 2 1 1 3207 4562 4075
317 2 2 1 1 65 64 974
318 2 2 1 1 1131 4057 1132
319 2 2 1 1 459 4665 460
320 2 2 1 1 2975 4826 3523
321 2 2 1 1 875 4807 3160
322 2 2 1 1 3866 4836 4362
323 2 2 1 1 3796 4133 2274
324 2 2 1 1 3898 4869 3964
325 2 2 1 1 145 1350 146
326 2 2 1 1 691 3451 692
327 2 2 1 1 4075 5218 3207
328 2 2 1 1 381 3947 382
329 2 2 1 1 3791 3905 2550
330 2 2 1 1 3117 4505 4109
331 2 2 1 1 1207 3493 1208
332 2 2 1 1 4858 4920 4415
333 2 2 1 1 3840 4729 3838
334 2 2 1 1 2064 5161 2394
335 2 2 1 1 3111 3792 3091
336 2 2 1 1 3634 5109 4197
337 2 2 1 1 3396 4522 4250
338 2 2 1 1 3788 5013 3456
339 2 2 1 1 3276 4569 4000
340 2 2 1 1 648 397 410
341 2 2 1 1 3897 5011 4869
342 2 2 1 1 3961 4066 3289
343 2 2 1 1 465 250 249
344 2 2 1 1 3424 4518 4436
345 2 2 1 1 4118 4430 3065
346 2 2 1 1 2463 3516 3433
347 2 2 1 1 3644 3657 3014
348 2 2 1 1 2439 4913 67
349 2 2 1 1 3524 3639 3074
350 2 2 1 1 3011 4667 4308
351 2 2 1 1 1872 4307 1873
352 2 2 1 1 1425 81 1426
353 2 2 1 1 16 2938 17
354 2 2 1 1 2776 3853 3772
355 2 2 1 1 4117 4632 2981
356 2 2 1 1 2181 2949 2848
357 2 2 1 1 3804 4864 4139
358 2 2 1 1 3651 5025 4343
359 2 2 1 1 3877 4924 2843
360 2 2 1 1 1857 3520 1858
361 2 2 1 1 3507 4305 3023
362 2 2 1 1 760 708 723
363 2 2 1 1 1289 4851 1274
364 2 2 1 1 4085 4398 4087
365 2 2 1 1 160 2603 161
366 2 2 1 1 401 3416 402
367 2 2 1 1 3995 4743 4274
368 2 2 1 1 1214 4853 1215
369 2 2 1 1 1753 4852 2621
370 2 2 1 1 3765 4172 2314
371 2 2 1 1 2420 3176 2421
372 2 2 1 1 272 4674 2470
373 2 2 1 1 3728 4952 2937
374 2 2 1 1 3631 4763 4667
375 2 2 1 1 4327 4511 3105
376 2 2 1 1 2708 4131 2707
377 2 2 1 1 2734 4710 1944
378 2 2 1 1 3988 4251 2985
379 2 2 1 1 2279 4900 2278
380 2 2 1 1 553 4786 554
381 2 2 1 1 1476 4563 3040
382 2 2 1 1 865 3598 866
383 2 2 1 1 2769 4254 2768
384 2 2 1 1 3900 5171 1409
385 2 2 1 1 3888 4614 3201
386 2 2 1 1 2255 2091 2256
387 2 2 1 1 2748 4411 2747
388 2 2 1 1 4096 4224 2982
389 2 2 1 1 882 585 584
390 2 2 1 1 4604 4777 4557
391 2 2 1 1 2981 5124 4117
392 2 2 1 1 3758 4558 3759
393 2 2 1 1 2462 3516 2463
394 2 2 1 1 4119 4770 4514
395 2 2 1 1 1490 4113 1491
396 2 2 1 1 2545 4294 3998
397 2 2 1 1 4213 5345 4010
398 2 2 1 1 3072 4558 3758
399 2 2 1 1 5031 5158 5033
400 2 2 1 1 2595 4439 2596
401 2 2 1 1 2985 4251 4133
402 2 2 1 1 3653 4901 4654
403 2 2 1 1 2085 3193 2068
404 2 2 1 1 3971 4084 3082
405 2 2 1 1 2437 4047 59
406 2 2 1 1 2295 4983 2296
407 2 2 1 1 4000 4887 3276
408 2 2 1 1 4286 4826 2975
409 2 2 1 1 1630 3647 1614
410 2 2 1 1 2707 4131 3256
411 2 2 1 1 3101 4628 4330
412 2 2 1 1 4411 4567 3496
413 2 2 1 1 1886 5132 1887
414 2 2 1 1 3639 4381 3074
415 2 2 1 1 3029 4614 3595
416 2 2 1 1 1436 4665 459
417 2 2 1 1 3299 3350 1163
418 2 2 1 1 1759 3280 1760
419 2 2 1 1 1012 5135 1013
420 2 2 1 1 559 4007 560
421 2 2 1 1 2510 4615 2511
422 2 2 1 1 1673 5398 1674
423 2 2 1 1 3571 5162 4788
424 2 2 1 1 4078 4205 2896
425 2 2 1 1 4087 4398 3066
426 2 2 1 1 390 4218 391
427 2 2 1 1 1611 3643 1612
428 2 2 1 1 2549 3791 2550
429 2 2 1 1 1301 3800 2575
430 2 2 1 1 373 2873 374
431 2 2 1 1 3044 3482 1153
432 2 2 1 1 3595 5220 3029
433 2 2 1 1 2582 3902 1294
434 2 2 1 1 321 3571 2766
435 2 2 1 1 2125 3444 2666
436 2 2 1 1 513 4373 514
437 2 2 1 1 4109 5175 3117
438 2 2 1 1 2409 4591 2410
439 2 2 1 1 2492 4698 2493
440 2 2 1 1 2695 2401 2746
441 2 2 1 1 4425 5103 3070
442 2 2 1 1 3403 4598 4531
443 2 2 1 1 3180 4487 3084
444 2 2 1 1 3925 4598 3403
445 2 2 1 1 4345 5463 4086
446 2 2 1 1 4413 4713 3260
447 2 2 1 1 49 1376 50
448 2 2 1 1 4271 5343 3771
449 2 2 1 1 4667 4763 4308
450 2 2 1 1 2415 3577 2426
451 2 2 1 1 3094 4187 3865
452 2 2 1 1 660 588 587
453 2 2 1 1 3693 4651 3211
454 2 2 1 1 3642 4903 4495
455 2 2 1 1 5092 5093 3905
456 2 2 1 1 3456 5013 4404
457 2 2 1 1 4668 4750 3606
458 2 2 1 1 3093 4618 3820
459 2 2 1 1 810 3735 811
460 2 2 1 1 197 5054 198
461 2 2 1 1 1350 3596 1351
462 2 2 1 1 2567 4223 3518
463 2 2 1 1 3483 5370 4979
464 2 2 1 1 3093 3820 3266
465 2 2 1 1 4979 5111 3483
466 2 2 1 1 2624 3624 2625
467 2 2 1 1 2617 5236 2618
468 2 2 1 1 1716 5455 1717
469 2 2 1 1 1100 5025 1101
470 2 2 1 1 295 3843 296
471 2 2 1 1 3659 4649 3277
472 2 2 1 1 3186 3962 1215
473 2 2 1 1 4415 4920 3476
474 2 2 1 1 2624 5081 3873
475 2 2 1 1 3603 4777 4604
476 2 2 1 1 1404 3464 1405
477 2 2 1 1 3771 4821 4271
478 2 2 1 1 1992 2010 1833
479 2 2 1 1 3065 5200 4118
480 2 2 1 1 3824 4648 4171
481 2 2 1 1 4436 4952 3713
482 2 2 1 1 3923 4432 593
483 2 2 1 1 3446 4802 3707
484 2 2 1 1 2580 1291 2770
485 2 2 1 1 4583 5294 4132
486 2 2 1 1 3669 3811 3294
487 2 2 1 1 2426 3577 2427
488 2 2 1 1 2407 3188 2408
489 2 2 1 1 3863 4636 3559
490 2 2 1 1 3892 5148 5074
491 2 2 1 1 3557 4957 4843
492 2 2 1 1 4001 4224 3526
493 2 2 1 1 4220 4634 3038
494 2 2 1 1 4172 5064 2314
495 2 2 1 1 216 3846 2460
496 2 2 1 1 2540 4231 903
497 2 2 1 1 1263 4053 2572
498 2 2 1 1 2678 4579 2230
499 2 2 1 1 1796 1770 1797
500 2 2 1 1 4290 4897 4780
501 2 2 1 1 1746 3344 1747
502 2 2 1 1 1539 1538 968
503 2 2 1 1 4912 4927 3692
504 2 2 1 1 1757 3802 1758
505 2 2 1 1 4264 4768 2872
506 2 2 1 1 727 5060 728
507 2 2 1 1 2683 4915 2299
508 2 2 1 1 2574 5235 1265
509 2 2 1 1 4340 4415 3476
510 2 2 1 1 4150 5449 3925
511 2 2 1 1 3516 4778 3433
512 2 2 1 1 936 5277 937
513 2 2 1 1 2958 4536 4042
514 2 2 1 1 1595 4400 1596
515 2 2 1 1 4582 4888 3754
516 2 2 1 1 3622 4507 4407
517 2 2 1 1 3255 4575 4183
518 2 2 1 1 3747 4679 4320
519 2 2 1 1 2908 4691 3449
520 2 2 1 1 2793 2932 998
521 2 2 1 1 4384 4584 4386
522 2 2 1 1 4014 5014 4034
523 2 2 1 1 2055 4715 2056
524 2 2 1 1 4360 4824 3761
525 2 2 1 1 4197 4756 3633
526 2 2 1 1 3074 3765 3524
527 2 2 1 1 3531 4487 2868
528 2 2 1 1 3753 4283 4282
529 2 2 1 1 3898 3964 2879
530 2 2 1 1 2317 4267 2318
531 2 2 1 1 3549 5471 3045
532 2 2 1 1 1439 4266 1440
533 2 2 1 1 4384 5267 4584
534 2 2 1 1 2774 3882 2773
535 2 2 1 1 4702 5208 4685
536 2 2 1 1 4682 4759 4064
537 2 2 1 1 3273 4846 4838
538 2 2 1 1 4800 5442 2449
539 2 2 1 1 221 3671 220
540 2 2 1 1 262 4038 2468
541 2 2 1 1 4539 4691 2908
542 2 2 1 1 2789 4900 4153
543 2 2 1 1 2808 3561 312
544 2 2 1 1 4222 4769 3330
545 2 2 1 1 3927 5362 1918
546 2 2 1 1 1398 4273 1399
547 2 2 1 1 2533 3806 2534
548 2 2 1 1 3215 4685 4274
549 2 2 1 1 2199 2900 2200
550 2 2 1 1 3885 4691 4539
551 2 2 1 1 4579 5117 2230
552 2 2 1 1 3440 4913 2439
553 2 2 1 1 884 5241 2535
554 2 2 1 1 3566 4027 3990
555 2 2 1 1 3005 4549 4180
556 2 2 1 1 4302 4847 2965
557 2 2 1 1 1006 3278 1007
558 2 2 1 1 4316 4995 3565
559 2 2 1 1 2481 4193 3075
560 2 2 1 1 2423 3383 2424
561 2 2 1 1 3052 5148 4329
562 2 2 1 1 1534 3290 1535
563 2 2 1 1 4570 4887 4343
564 2 2 1 1 3518 5323 2567
565 2 2 1 1 1507 4024 2594
566 2 2 1 1 71 70 769
567 2 2 1 1 648 3419 649
568 2 2 1 1 2589 839 838
569 2 2 1 1 3324 5074 4331
570 2 2 1 1 3291 4673 4498
571 2 2 1 1 1197 3519 2565
572 2 2 1 1 4665 4738 460
573 2 2 1 1 3052 4329 4101
574 2 2 1 1 4778 5409 3433
575 2 2 1 1 4171 4649 3824
576 2 2 1 1 2747 4411 3641
577 2 2 1 1 4522 4542 2956
578 2 2 1 1 5033 5158 4169
579 2 2 1 1 1917 3658 1916
580 2 2 1 1 3546 5223 4207
581 2 2 1 1 2113 4068 2114
582 2 2 1 1 3846 5353 3966
583 2 2 1 1 3406 4460 3405
584 2 2 1 1 3559 5435 3863
585 2 2 1 1 2038 4899 2039
586 2 2 1 1 2511 5116 611
587 2 2 1 1 2992 3384 3383
588 2 2 1 1 2444 4146 133
589 2 2 1 1 4216 4912 4215
590 2 2 1 1 2445 4695 134
591 2 2 1 1 4233 4957 3936
592 2 2 1 1 92 3756 93
593 2 2 1 1 3966 5192 3846
594 2 2 1 1 328 5379 327
595 2 2 1 1 3586 4802 3446
596 2 2 1 1 1957 4646 1958
597 2 2 1 1 4654 5398 3653
598 2 2 1 1 1524 3199 1525
599 2 2 1 1 360 3462 361
600 2 2 1 1 123 4244 124
601 2 2 1 1 385 5167 386
602 2 2 1 1 2807 4418 2067
603 2 2 1 1 264 263 172
604 2 2 1 1 2674 4715 2675
605 2 2 1 1 1486 3944 2561
606 2 2 1 1 4712 5260 3392
607 2 2 1 1 3383 3384 3145
608 2 2 1 1 2798 1988 2797
609 2 2 1 1 4132 5294 4424
610 2 2 1 1 4355 5070 4021
611 2 2 1 1 4503 4713 4413
612 2 2 1 1 1239 4846 3273
613 2 2 1 1 4271 4821 3985
614 2 2 1 1 3693 5467 4434
615 2 2 1 1 3629 4972 4239
616 2 2 1 1 2556 3773 1119
617 2 2 1 1 4183 4872 3255
618 2 2 1 1 2254 3637 1683
619 2 2 1 1 4461 5463 4345
620 2 2 1 1 4297 4619 3601
621 2 2 1 1 2742 5251 2741
622 2 2 1 1 3860 4662 2772
623 2 2 1 1 333 3440 334
624 2 2 1 1 5028 5078 3272
625 2 2 1 1 3351 4721 4159
626 2 2 1 1 2857 5028 4621
627 2 2 1 1 1281 3325 1282
628 2 2 1 1 1764 4571 2081
629 2 2 1 1 473 197 474
630 2 2 1 1 3620 4426 3417
631 2 2 1 1 3343 5172 4383
632 2 2 1 1 2910 4759 4682
633 2 2 1 1 825 4812 2531
634 2 2 1 1 4487 4708 2868
635 2 2 1 1 4274 4743 3215
636 2 2 1 1 195 4907 196
637 2 2 1 1 1866 1865 2682
638 2 2 1 1 1768 1781 2627
639 2 2 1 1 1456 3872 1441
640 2 2 1 1 2811 4840 3901
641 2 2 1 1 3038 4634 4501
642 2 2 1 1 2920 4844 4188
643 2 2 1 1 4606 4962 3001
644 2 2 1 1 2252 3522 2253
645 2 2 1 1 64 63 975
646 2 2 1 1 2783 3783 2782
647 2 2 1 1 3608 4577 4109
648 2 2 1 1 3762 5098 4243
649 2 2 1 1 4538 4681 4479
650 2 2 1 1 1616 4705 2608
651 2 2 1 1 618 3609 2512
652 2 2 1 1 2100 4380 2663
653 2 2 1 1 20 5127 1
654 2 2 1 1 1007 3278 712
655 2 2 1 1 3985 5049 4271
656 2 2 1 1 4951 5326 3088
657 2 2 1 1 4319 4879 4877
658 2 2 1 1 899 432 900
659 2 2 1 1 4290 4964 3433
660 2 2 1 1 1890 3460 1891
661 2 2 1 1 4289 4992 3984
662 2 2 1 1 2373 4070 2374
663 2 2 1 1 3051 4262 3481
664 2 2 1 1 2590 3968 1432
665 2 2 1 1 4243 4839 3762
666 2 2 1 1 2519 4797 2520
667 2 2 1 1 1965 3492 2116
668 2 2 1 1 4556 5278 4804
669 2 2 1 1 4374 4733 3726
670 2 2 1 1 4877 5353 4319
671 2 2 1 1 4434 5467 4039
672 2 2 1 1 2020 5104 2021
673 2 2 1 1 2895 5202 3956
674 2 2 1 1 494 4849 2503
675 2 2 1 1 4024 4025 3203
676 2 2 1 1 2121 3436 2122
677 2 2 1 1 1683 4365 2254
678 2 2 1 1 802 891 803
679 2 2 1 1 3941 4642 4514
680 2 2 1 1 2959 5092 3791
681 2 2 1 1 1358 3580 1341
682 2 2 1 1 3061 4687 3844
683 2 2 1 1 4340 4707 4415
684 2 2 1 1 1964 3492 1965
685 2 2 1 1 3066 4399 4087
686 2 2 1 1 3073 3620 2952
687 2 2 1 1 4804 4957 3557
688 2 2 1 1 4647 4857 3563
689 2 2 1 1 730 3435 731
690 2 2 1 1 4569 4732 4000
691 2 2 1 1 4906 4972 4186
692 2 2 1 1 4675 4689 3818
693 2 2 1 1 886 4687 3061
694 2 2 1 1 430 4231 2540
695 2 2 1 1 1916 5399 2634
696 2 2 1 1 2771 4236 2770
697 2 2 1 1 4342 4929 3638
698 2 2 1 1 4654 4901 3184
699 2 2 1 1 198 4040 199
700 2 2 1 1 3198 4059 3992
701 2 2 1 1 4197 5109 2492
702 2 2 1 1 2124 4256 2664
703 2 2 1 1 2515 3719 2516
704 2 2 1 1 2637 3834 1922
705 2 2 1 1 2444 5057 4146
706 2 2 1 1 2359 3019 2360
707 2 2 1 1 777 3390 778
708 2 2 1 1 3953 5202 2895
709 2 2 1 1 76 3408 77
710 2 2 1 1 1087 5418 1088
711 2 2 1 1 2624 3873 3624
712 2 2 1 1 3269 4755 4403
713 2 2 1 1 3272 5078 3253
714 2 2 1 1 3418 3423 3271
715 2 2 1 1 4472 4719 4011
716 2 2 1 1 1488 1487 2560
717 2 2 1 1 4753 4952 3767
718 2 2 1 1 3805 4978 3089
719 2 2 1 1 1873 4307 1762
720 2 2 1 1 3014 4095 3644
721 2 2 1 1 2978 3484 991
722 2 2 1 1 1396 3809 1397
723 2 2 1 1 3571 4788 2766
724 2 2 1 1 4512 4680 3716
725 2 2 1 1 4477 5223 3885
726 2 2 1 1 3384 4662 3145
727 2 2 1 1 3995 4274 1226
728 2 2 1 1 4507 5324 4407
729 2 2 1 1 4206 5156 4205
730 2 2 1 1 3059 3811 3669
731 2 2 1 1 2925 4877 3937
732 2 2 1 1 3836 5069 4554
733 2 2 1 1 1918 5362 3237
734 2 2 1 1 2417 3383 2402
735 2 2 1 1 4386 5094 4825
736 2 2 1 1 1880 3253 1881
737 2 2 1 1 4434 4651 3693
738 2 2 1 1 3438 5175 4109
739 2 2 1 1 2747 3641 2746
740 2 2 1 1 1958 4429 2840
741 2 2 1 1 2 277 276
742 2 2 1 1 2335 4755 3269
743 2 2 1 1 4156 4575 4010
744 2 2 1 1 3191 4732 4569
745 2 2 1 1 549 4717 3163
746 2 2 1 1 2596 4439 3333
747 2 2 1 1 1218 2945 2864
748 2 2 1 1 4692 5045 3569
749 2 2 1 1 3646 4262 3051
750 2 2 1 1 3993 4800 4572
751 2 2 1 1 3717 5233 4305
752 2 2 1 1 3481 5192 3051
753 2 2 1 1 3445 4835 3996
754 2 2 1 1 189 264 172
755 2 2 1 1 2771 4662 4236
756 2 2 1 1 4042 5059 2958
757 2 2 1 1 3736 4268 2916
758 2 2 1 1 4540 5028 2857
759 2 2 1 1 2517 5212 4735
760 2 2 1 1 4436 4518 3727
761 2 2 1 1 2891 4059 3515
762 2 2 1 1 2528 4170 817
763 2 2 1 1 3211 4651 3654
764 2 2 1 1 4417 4474 3355
765 2 2 1 1 5005 5185 2932
766 2 2 1 1 644 3544 645
767 2 2 1 1 817 4848 2529
768 2 2 1 1 2770 4236 2580
769 2 2 1 1 3216 4456 4331
770 2 2 1 1 4525 4788 3282
771 2 2 1 1 139 3645 572
772 2 2 1 1 3911 4285 3690
773 2 2 1 1 1405 5052 1406
774 2 2 1 1 3867 4962 4606
775 2 2 1 1 3392 5260 3950
776 2 2 1 1 2345 3685 2346
777 2 2 1 1 1293 3902 2356
778 2 2 1 1 2123 4459 2108
779 2 2 1 1 1390 3587 1391
780 2 2 1 1 2529 4854 818
781 2 2 1 1 4335 4726 3857
782 2 2 1 1 4034 5364 4014
783 2 2 1 1 2954 3897 3896
784 2 2 1 1 3626 4890 4163
785 2 2 1 1 3418 4732 3423
786 2 2 1 1 893 4854 2539
787 2 2 1 1 77 3413 78
788 2 2 1 1 285 4299 286
789 2 2 1 1 1439 4634 3315
790 2 2 1 1 4268 5281 2916
791 2 2 1 1 3757 4314 4285
792 2 2 1 1 2426 4796 2415
793 2 2 1 1 4286 5062 4116
794 2 2 1 1 4335 5107 2912
795 2 2 1 1 4450 5222 3491
796 2 2 1 1 797 4420 927
797 2 2 1 1 4683 5429 3214
798 2 2 1 1 1786 5081 2624
799 2 2 1 1 3792 4178 3091
800 2 2 1 1 3601 4759 4297
801 2 2 1 1 4086 4734 4345
802 2 2 1 1 1638 1388 1639
803 2 2 1 1 1271 1270 1300
804 2 2 1 1 3397 4824 4360
805 2 2 1 1 3984 4883 4289
806 2 2 1 1 3815 5157 4919
807 2 2 1 1 331 3020 332
808 2 2 1 1 3198 5266 4059
809 2 2 1 1 3922 4847 4302
810 2 2 1 1 3667 5042 4827
811 2 2 1 1 2305 5334 2306
812 2 2 1 1 4825 5216 3026
813 2 2 1 1 4311 4882 3743
814 2 2 1 1 549 4566 550
815 2 2 1 1 3026 5221 4825
816 2 2 1 1 522 3795 523
817 2 2 1 1 3180 5345 4213
818 2 2 1 1 3417 4426 3856
819 2 2 1 1 4668 4679 3431
820 2 2 1 1 502 4529 2506
821 2 2 1 1 3746 4723 4117
822 2 2 1 1 3815 4919 3048
823 2 2 1 1 4096 5082 4224
824 2 2 1 1 2978 4132 4131
825 2 2 1 1 4301 5234 2936
826 2 2 1 1 4708 4912 3692
827 2 2 1 1 3549 4975 3245
828 2 2 1 1 3697 4630 3945
829 2 2 1 1 3315 4266 1439
830 2 2 1 1 3565 4995 3566
831 2 2 1 1 3998 4606 2546
832 2 2 1 1 383 5365 132
833 2 2 1 1 1875 4121 1876
834 2 2 1 1 2033 3911 3587
835 2 2 1 1 3145 4662 3860
836 2 2 1 1 3743 5169 4311
837 2 2 1 1 453 1014 1013
838 2 2 1 1 3194 4423 3784
839 2 2 1 1 3837 5158 4609
840 2 2 1 1 4331 5424 3324
841 2 2 1 1 3330 4843 4222
842 2 2 1 1 2851 4460 3406
843 2 2 1 1 3201 5115 3888
844 2 2 1 1 3677 5074 3324
845 2 2 1 1 2733 3698 2732
846 2 2 1 1 2292 3783 2291
847 2 2 1 1 2467 4812 253
848 2 2 1 1 4108 4487 3531
849 2 2 1 1 3696 3920 1910
850 2 2 1 1 2809 4837 4377
851 2 2 1 1 1823 4963 4056
852 2 2 1 1 4285 4314 2930
853 2 2 1 1 4134 4736 4684
854 2 2 1 1 4510 4736 4425
855 2 2 1 1 1806 3891 1807
856 2 2 1 1 2505 5359 495
857 2 2 1 1 1780 3588 1781
858 2 2 1 1 4224 4792 3526
859 2 2 1 1 2162 4292 2163
860 2 2 1 1 636 5212 2517
861 2 2 1 1 3889 4655 3290
862 2 2 1 1 3503 4894 3621
863 2 2 1 1 3584 3585 3020
864 2 2 1 1 271 4641 272
865 2 2 1 1 4479 4681 3614
866 2 2 1 1 3995 5257 4743
867 2 2 1 1 2832 3848 2831
868 2 2 1 1 2689 4361 2370
869 2 2 1 1 227 3791 2549
870 2 2 1 1 3996 4835 4466
871 2 2 1 1 2518 3874 637
872 2 2 1 1 4979 5370 4272
873 2 2 1 1 2912 4427 4335
874 2 2 1 1 3400 4193 2481
875 2 2 1 1 1264 4247 2573
876 2 2 1 1 2298 3834 2683
877 2 2 1 1 4165 5429 4683
878 2 2 1 1 3673 5130 3576
879 2 2 1 1 4000 4732 3418
880 2 2 1 1 3686 5227 3560
881 2 2 1 1 3926 5069 3836
882 2 2 1 1 3884 4544 1737
883 2 2 1 1 4788 5162 4421
884 2 2 1 1 341 5406 971
885 2 2 1 1 1898 5081 1899
886 2 2 1 1 745 1706 746
887 2 2 1 1 3908 5028 4540
888 2 2 1 1 4193 4726 4335
889 2 2 1 1 2594 4024 3203
890 2 2 1 1 362 4786 363
891 2 2 1 1 5228 5436 4153
892 2 2 1 1 2619 2849 1708
893 2 2 1 1 4330 4628 3385
894 2 2 1 1 3726 4733 4464
895 2 2 1 1 4985 5053 3236
896 2 2 1 1 4327 4879 4512
897 2 2 1 1 2559 5222 4450
898 2 2 1 1 2603 4789 2604
899 2 2 1 1 200 4823 3036
900 2 2 1 1 3315 4634 4220
901 2 2 1 1 2920 5183 4844
902 2 2 1 1 3200 5266 3198
903 2 2 1 1 3897 3898 3896
904 2 2 1 1 3203 4439 2595
905 2 2 1 1 4036 5011 3897
906 2 2 1 1 4120 4716 3286
907 2 2 1 1 4447 5228 4153
908 2 2 1 1 414 4094 3016
909 2 2 1 1 3960 5157 2950
910 2 2 1 1 2565 4762 1198
911 2 2 1 1 3992 4059 2891
912 2 2 1 1 1638 4157 1389
913 2 2 1 1 315 2833 314
914 2 2 1 1 370 3340 371
915 2 2 1 1 2161 4361 2162
916 2 2 1 1 3088 5326 3697
917 2 2 1 1 2830 5369 2829
918 2 2 1 1 3639 4532 4381
919 2 2 1 1 836 3968 837
920 2 2 1 1 1792 5443 2556
921 2 2 1 1 2942 4701 3816
922 2 2 1 1 2132 4718 2131
923 2 2 1 1 4138 4175 3228
924 2 2 1 1 4108 5127 4487
925 2 2 1 1 4528 5431 3890
926 2 2 1 1 3933 4858 3537
927 2 2 1 1 3967 5185 5005
928 2 2 1 1 2566 4223 2567
929 2 2 1 1 3986 4857 4647
930 2 2 1 1 2610 4908 1646
931 2 2 1 1 3645 4407 573
932 2 2 1 1 4251 4688 3423
933 2 2 1 1 3073 4428 3620
934 2 2 1 1 3753 5344 4283
935 2 2 1 1 312 3561 2474
936 2 2 1 1 2829 5369 4368
937 2 2 1 1 3865 4772 3094
938 2 2 1 1 4159 4375 3351
939 2 2 1 1 218 4794 2703
940 2 2 1 1 2634 3755 2660
941 2 2 1 1 3333 4929 4342
942 2 2 1 1 3828 4344 3432
943 2 2 1 1 3697 4726 4630
944 2 2 1 1 4896 4972 3629
945 2 2 1 1 451 3228 452
946 2 2 1 1 4230 5088 2862
947 2 2 1 1 3721 4866 4337
948 2 2 1 1 3164 4514 4513
949 2 2 1 1 4556 4804 3557
950 2 2 1 1 3343 4383 3829
951 2 2 1 1 3862 4288 3124
952 2 2 1 1 1111 1034 1112
953 2 2 1 1 3705 4972 4906
954 2 2 1 1 467 3239 468
955 2 2 1 1 4104 5153 4058
956 2 2 1 1 1224 3998 2571
957 2 2 1 1 943 4261 944
958 2 2 1 1 2718 4256 2124
959 2 2 1 1 545 4885 546
960 2 2 1 1 2344 3223 2345
961 2 2 1 1 1617 1616 2608
962 2 2 1 1 4463 5369 2831
963 2 2 1 1 4465 4787 3156
964 2 2 1 1 4017 4576 4208
965 2 2 1 1 1813 3512 1814
966 2 2 1 1 2567 5323 1199
967 2 2 1 1 339 3991 340
968 2 2 1 1 466 4833 2499
969 2 2 1 1 921 3238 922
970 2 2 1 1 2491 3454 2855
971 2 2 1 1 4188 4844 4189
972 2 2 1 1 3649 3650 3534
973 2 2 1 1 3052 4101 3161
974 2 2 1 1 923 5011 4036
975 2 2 1 1 2332 3115 2333
976 2 2 1 1 2313 3899 2297
977 2 2 1 1 2507 4291 505
978 2 2 1 1 2376 4063 2377
979 2 2 1 1 3937 4378 2925
980 2 2 1 1 1762 3709 1874
981 2 2 1 1 2598 3825 1518
982 2 2 1 1 239 3261 240
983 2 2 1 1 4042 4536 3906
984 2 2 1 1 2497 3386 445
985 2 2 1 1 3494 5110 2221
986 2 2 1 1 3981 4780 3980
987 2 2 1 1 4163 5313 3626
988 2 2 1 1 3423 4732 4251
989 2 2 1 1 251 3616 2465
990 2 2 1 1 2679 3496 2231
991 2 2 1 1 4306 4809 2882
992 2 2 1 1 716 3283 717
993 2 2 1 1 2515 4417 3719
994 2 2 1 1 973 5209 65
995 2 2 1 1 1540 3404 1541
996 2 2 1 1 2514 4474 628
997 2 2 1 1 4870 5106 3604
998 2 2 1 1 2782 3783 2292
999 2 2 1 1 2616 4550 1697
1000 2 2 1 1 4078 5076 4205
1001 2 2 1 1 3721 5114 4866
1002 2 2 1 1 4919 5157 3326
1003 2 2 1 1 436 3189 437
1004 2 2 1 1 1227 4191 1228
1005 2 2 1 1 143 4122 144
1006 2 2 1 1 252 5106 4870
1007 2 2 1 1 2289 3392 2288
1008 2 2 1 1 580 3370 581
1009 2 2 1 1 1597 5320 1598
1010 2 2 1 1 2700 4318 2699
1011 2 2 1 1 2527 3321 810
1012 2 2 1 1 210 3543 2456
1013 2 2 1 1 609 4932 610
1014 2 2 1 1 3103 4318 2700
1015 2 2 1 1 4100 5132 4921
1016 2 2 1 1 4264 5346 4768
1017 2 2 1 1 1832 3294 1833
1018 2 2 1 1 627 4587 2514
1019 2 2 1 1 1236 4360 3761
1020 2 2 1 1 1953 3894 1952
1021 2 2 1 1 1098 5458 1099
1022 2 2 1 1 4116 4826 4286
1023 2 2 1 1 1684 5215 1685
1024 2 2 1 1 3888 4922 4614
1025 2 2 1 1 2441 3150 126
1026 2 2 1 1 3537 5250 3933
1027 2 2 1 1 4335 5162 3075
1028 2 2 1 1 1325 3910 1326
1029 2 2 1 1 4089 4498 3108
1030 2 2 1 1 3335 4301 2936
1031 2 2 1 1 1508 4341 1509
1032 2 2 1 1 1332 1331 1093
1033 2 2 1 1 4330 4459 3101
1034 2 2 1 1 3737 4997 4953
1035 2 2 1 1 910 3633 911
1036 2 2 1 1 1608 1607 2666
1037 2 2 1 1 3150 4619 4212
1038 2 2 1 1 4827 4883 3667
1039 2 2 1 1 4787 5037 3156
1040 2 2 1 1 1861 4020 1846
1041 2 2 1 1 1714 5267 2620
1042 2 2 1 1 1052 3227 1053
1043 2 2 1 1 3892 4330 4329
1044 2 2 1 1 2772 4662 2771
1045 2 2 1 1 3998 4294 2571
1046 2 2 1 1 3730 4045 3389
1047 2 2 1 1 4684 4736 3398
1048 2 2 1 1 2546 4606 915
1049 2 2 1 1 4495 4744 3642
1050 2 2 1 1 2696 4492 2697
1051 2 2 1 1 3890 4681 4528
1052 2 2 1 1 3858 3859 3501
1053 2 2 1 1 4554 4688 3988
1054 2 2 1 1 2030 4395 2647
1055 2 2 1 1 1563 4401 1564
1056 2 2 1 1 4584 5094 4386
1057 2 2 1 1 2746 3641 2695
1058 2 2 1 1 2099 1976 2098
1059 2 2 1 1 4632 4723 3322
1060 2 2 1 1 1319 3331 2929
1061 2 2 1 1 4429 4513 2840
1062 2 2 1 1 3357 5162 4427
1063 2 2 1 1 2955 3979 3839
1064 2 2 1 1 2453 4337 208
1065 2 2 1 1 114 4898 3046
1066 2 2 1 1 3877 4577 3113
1067 2 2 1 1 2805 3274 1924
1068 2 2 1 1 4027 4466 3474
1069 2 2 1 1 2622 5422 1756
1070 2 2 1 1 4399 5187 4689
1071 2 2 1 1 1635 4493 1636
1072 2 2 1 1 644 3664 3544
1073 2 2 1 1 2008 4894 3503
1074 2 2 1 1 3276 4887 4570
1075 2 2 1 1 2534 3806 3699
1076 2 2 1 1 816 3081 2528
1077 2 2 1 1 179 5321 2449
1078 2 2 1 1 2156 3412 2157
1079 2 2 1 1 1689 4628 1690
1080 2 2 1 1 1811 4534 1812
1081 2 2 1 1 2592 4199 3870
1082 2 2 1 1 3447 4706 519
1083 2 2 1 1 1696 4620 2613
1084 2 2 1 1 1546 3445 1547
1085 2 2 1 1 2502 5212 476
1086 2 2 1 1 3642 5172 3343
1087 2 2 1 1 542 4943 543
1088 2 2 1 1 4208 4576 2917
1089 2 2 1 1 4294 5257 3995
1090 2 2 1 1 2532 3604 826
1091 2 2 1 1 156 5423 157
1092 2 2 1 1 3593 5326 4951
1093 2 2 1 1 3132 4926 4596
1094 2 2 1 1 4624 5127 4108
1095 2 2 1 1 4321 4525 3282
1096 2 2 1 1 4151 4519 4081
1097 2 2 1 1 3759 5308 4949
1098 2 2 1 1 4746 4997 4385
1099 2 2 1 1 4049 5297 4055
1100 2 2 1 1 521 4561 522
1101 2 2 1 1 1795 3686 1796
1102 2 2 1 1 1398 4537 4273
1103 2 2 1 1 1804 4013 1805
1104 2 2 1 1 3385 5319 4329
1105 2 2 1 1 3816 4701 3817
1106 2 2 1 1 3025 4175 4138
1107 2 2 1 1 2306 5047 2684
1108 2 2 1 1 3246 5053 4985
1109 2 2 1 1 1377 1376 49
1110 2 2 1 1 1407 4650 1408
1111 2 2 1 1 2602 4645 1621
1112 2 2 1 1 3768 4625 4108
1113 2 2 1 1 3577 3907 2428
1114 2 2 1 1 5211 5324 2858
1115 2 2 1 1 3542 4173 870
1116 2 2 1 1 4212 4619 4297
1117 2 2 1 1 2797 5402 2796
1118 2 2 1 1 4055 4949 4049
1119 2 2 1 1 2448 5065 3100
1120 2 2 1 1 4058 5273 4104
1121 2 2 1 1 3108 3600 962
1122 2 2 1 1 3638 4810 4342
1123 2 2 1 1 3091 4178 3896
1124 2 2 1 1 1794 4863 2626
1125 2 2 1 1 3401 5019 4807
1126 2 2 1 1 4412 4927 3611
1127 2 2 1 1 4330 5339 4459
1128 2 2 1 1 1666 4267 1667
1129 2 2 1 1 1 5127 4624
1130 2 2 1 1 2593 4634 1439
1131 2 2 1 1 881 3448 882
1132 2 2 1 1 1654 3527 1655
1133 2 2 1 1 4921 5132 2853
1134 2 2 1 1 4183 5114 3721
1135 2 2 1 1 4755 5283 4403
1136 2 2 1 1 4038 4315 2468
1137 2 2 1 1 434 2855 435
1138 2 2 1 1 696 3050 697
1139 2 2 1 1 698 3050 699
1140 2 2 1 1 4120 5268 4716
1141 2 2 1 1 2032 3268 2649
1142 2 2 1 1 3610 4412 3611
1143 2 2 1 1 1874 3709 1875
1144 2 2 1 1 3398 4736 4510
1145 2 2 1 1 4730 5266 3200
1146 2 2 1 1 3890 5431 4139
1147 2 2 1 1 1998 4801 1999
1148 2 2 1 1 185 5217 186
1149 2 2 1 1 1234 3502 1235
1150 2 2 1 1 1785 4181 1786
1151 2 2 1 1 635 5204 636
1152 2 2 1 1 4045 4435 3389
1153 2 2 1 1 4043 5043 2960
1154 2 2 1 1 1212 31 1213
1155 2 2 1 1 1795 5227 3686
1156 2 2 1 1 2288 3950 2287
1157 2 2 1 1 2865 5088 4701
1158 2 2 1 1 4503 4791 3078
1159 2 2 1 1 5166 5256 4677
1160 2 2 1 1 2368 4383 2687
1161 2 2 1 1 4329 5319 4101
1162 2 2 1 1 3233 4308 4012
1163 2 2 1 1 3055 4676 4339
1164 2 2 1 1 3118 4871 3277
1165 2 2 1 1 2790 4900 2789
1166 2 2 1 1 3413 4873 4661
1167 2 2 1 1 1155 3119 1156
1168 2 2 1 1 3133 4532 3639
1169 2 2 1 1 3560 5227 2554
1170 2 2 1 1 3804 4533 3770
1171 2 2 1 1 4034 5014 4404
1172 2 2 1 1 3612 4084 3971
1173 2 2 1 1 3348 4182 1949
1174 2 2 1 1 4247 4406 2573
1175 2 2 1 1 2774 4994 3882
1176 2 2 1 1 3174 4819 3760
1177 2 2 1 1 660 587 661
1178 2 2 1 1 3388 3801 3687
1179 2 2 1 1 2778 3813 2138
1180 2 2 1 1 3980 4347 3842
1181 2 2 1 1 3842 4347 3955
1182 2 2 1 1 67 5196 68
1183 2 2 1 1 4522 5015 4542
1184 2 2 1 1 3302 4277 3218
1185 2 2 1 1 3061 5003 4279
1186 2 2 1 1 206 4711 207
1187 2 2 1 1 3732 3887 3008
1188 2 2 1 1 4792 5082 3878
1189 2 2 1 1 1089 4032 1090
1190 2 2 1 1 1543 4617 1544
1191 2 2 1 1 2467 4870 4812
1192 2 2 1 1 3434 5223 4477
1193 2 2 1 1 808 3855 809
1194 2 2 1 1 1833 3294 1992
1195 2 2 1 1 908 2990 909
1196 2 2 1 1 3327 4857 4077
1197 2 2 1 1 694 4432 695
1198 2 2 1 1 2272 4133 2717
1199 2 2 1 1 2713 3748 2294
1200 2 2 1 1 3008 5361 3732
1201 2 2 1 1 5032 5033 3700
1202 2 2 1 1 512 3250 513
1203 2 2 1 1 3644 4095 3208
1204 2 2 1 1 335 4635 2438
1205 2 2 1 1 3333 4342 4341
1206 2 2 1 1 4108 4625 2969
1207 2 2 1 1 375 2873 2490
1208 2 2 1 1 2996 5144 4228
1209 2 2 1 1 3359 5006 4803
1210 2 2 1 1 3104 3258 3189
1211 2 2 1 1 712 4154 1007
1212 2 2 1 1 866 3369 867
1213 2 2 1 1 3657 4397 3097
1214 2 2 1 1 2101 4700 2100
1215 2 2 1 1 1389 4157 2585
1216 2 2 1 1 3221 5208 4702
1217 2 2 1 1 913 4774 3013
1218 2 2 1 1 3553 3555 3554
1219 2 2 1 1 230 2547 231
1220 2 2 1 1 3526 4860 4001
1221 2 2 1 1 3811 4298 3294
1222 2 2 1 1 3269 4403 4235
1223 2 2 1 1 4052 4766 2849
1224 2 2 1 1 3119 5169 4546
1225 2 2 1 1 3365 4052 2849
1226 2 2 1 1 2699 4318 3846
1227 2 2 1 1 467 4030 3239
1228 2 2 1 1 1140 5179 2562
1229 2 2 1 1 2777 5191 3853
1230 2 2 1 1 1536 3797 1537
1231 2 2 1 1 796 3675 797
1232 2 2 1 1 4551 4584 3027
1233 2 2 1 1 3619 5403 4242
1234 2 2 1 1 3956 5202 3957
1235 2 2 1 1 3600 4673 232
1236 2 2 1 1 582 4376 583
1237 2 2 1 1 3491 5222 3489
1238 2 2 1 1 573 5211 574
1239 2 2 1 1 742 1516 743
1240 2 2 1 1 169 5383 170
1241 2 2 1 1 2513 5188 621
1242 2 2 1 1 4271 5049 4093
1243 2 2 1 1 4187 5390 3616
1244 2 2 1 1 1 4624 3528
1245 2 2 1 1 4392 4651 4434
1246 2 2 1 1 4318 5353 3846
1247 2 2 1 1 603 5159 604
1248 2 2 1 1 2222 4996 2223
1249 2 2 1 1 868 4155 869
1250 2 2 1 1 4093 5049 2887
1251 2 2 1 1 541 4935 542
1252 2 2 1 1 4175 4756 3228
1253 2 2 1 1 2998 4052 3365
1254 2 2 1 1 4289 4883 4827
1255 2 2 1 1 873 3652 874
1256 2 2 1 1 3153 4826 4116
1257 2 2 1 1 2281 3214 2280
1258 2 2 1 1 2948 4992 4211
1259 2 2 1 1 4157 5020 3567
1260 2 2 1 1 410 3419 648
1261 2 2 1 1 2872 4909 4264
1262 2 2 1 1 2978 4131 3484
1263 2 2 1 1 186 4391 3240
1264 2 2 1 1 2625 5207 1787
1265 2 2 1 1 2229 4492 2677
1266 2 2 1 1 2963 4554 3988
1267 2 2 1 1 649 3763 650
1268 2 2 1 1 2527 5111 3321
1269 2 2 1 1 4328 4882 2846
1270 2 2 1 1 1117 3560 2554
1271 2 2 1 1 604 4664 587
1272 2 2 1 1 3082 4231 429
1273 2 2 1 1 628 4417 2515
1274 2 2 1 1 4224 5082 4792
1275 2 2 1 1 2864 4984 4354
1276 2 2 1 1 3809 4537 1397
1277 2 2 1 1 2960 4416 4043
1278 2 2 1 1 3575 4065 3505
1279 2 2 1 1 3733 4791 4503
1280 2 2 1 1 2955 4008 3979
1281 2 2 1 1 1403 3521 1404
1282 2 2 1 1 2733 5193 3698
1283 2 2 1 1 1226 4274 1227
1284 2 2 1 1 2608 4705 2609
1285 2 2 1 1 2845 3418 3271
1286 2 2 1 1 4278 4882 4328
1287 2 2 1 1 571 4122 143
1288 2 2 1 1 393 3389 394
1289 2 2 1 1 1687 4006 2611
1290 2 2 1 1 3576 5130 3002
1291 2 2 1 1 2663 5041 2099
1292 2 2 1 1 2960 5043 3650
1293 2 2 1 1 1178 5145 1179
1294 2 2 1 1 3972 4574 4175
1295 2 2 1 1 240 5377 241
1296 2 2 1 1 4329 4330 3385
1297 2 2 1 1 4647 5049 3986
1298 2 2 1 1 4607 5049 4647
1299 2 2 1 1 191 5231 637
1300 2 2 1 1 1380 4465 1381
1301 2 2 1 1 2979 4098 3943
1302 2 2 1 1 3633 5415 3371
1303 2 2 1 1 106 4159 107
1304 2 2 1 1 4214 4216 4215
1305 2 2 1 1 3966 4877 2925
1306 2 2 1 1 1101 5025 3034
1307 2 2 1 1 2516 3552 629
1308 2 2 1 1 2438 4635 2439
1309 2 2 1 1 3388 4989 3801
1310 2 2 1 1 4343 4998 4570
1311 2 2 1 1 1891 4070 1892
1312 2 2 1 1 2585 3567 1373
1313 2 2 1 1 3922 5323 3518
1314 2 2 1 1 2008 4944 2009
1315 2 2 1 1 4803 5006 4423
1316 2 2 1 1 3148 4463 3848
1317 2 2 1 1 2687 4383 3590
1318 2 2 1 1 2828 4007 3648
1319 2 2 1 1 4194 5230 2974
1320 2 2 1 1 237 3225 238
1321 2 2 1 1 3503 3621 2160
1322 2 2 1 1 2607 5020 4157
1323 2 2 1 1 4170 4848 817
1324 2 2 1 1 739 4041 740
1325 2 2 1 1 2858 5324 4640
1326 2 2 1 1 332 3589 333
1327 2 2 1 1 2196 4210 2197
1328 2 2 1 1 507 4017 3181
1329 2 2 1 1 3097 4372 3657
1330 2 2 1 1 14 4071 2938
1331 2 2 1 1 3086 4719 4472
1332 2 2 1 1 894 4170 895
1333 2 2 1 1 2301 2300 2635
1334 2 2 1 1 1895 3035 1880
1335 2 2 1 1 2964 4857 3327
1336 2 2 1 1 2607 4157 1638
1337 2 2 1 1 2974 5250 4194
1338 2 2 1 1 3614 4681 4237
1339 2 2 1 1 3627 4320 3043
1340 2 2 1 1 1141 5004 2564
1341 2 2 1 1 1852 3280 1853
1342 2 2 1 1 3027 4552 4551
1343 2 2 1 1 3631 4667 4388
1344 2 2 1 1 1133 4849 1134
1345 2 2 1 1 4812 4870 2531
1346 2 2 1 1 4139 4864 4323
1347 2 2 1 1 654 4807 655
1348 2 2 1 1 3251 4738 4665
1349 2 2 1 1 4079 5215 3522
1350 2 2 1 1 931 4743 2543
1351 2 2 1 1 4436 5271 3424
1352 2 2 1 1 2862 4485 4230
1353 2 2 1 1 4289 4827 3202
1354 2 2 1 1 478 491 466
1355 2 2 1 1 3884 4587 3120
1356 2 2 1 1 3090 4561 3671
1357 2 2 1 1 3832 5469 4945
1358 2 2 1 1 3163 4566 549
1359 2 2 1 1 1683 3637 1684
1360 2 2 1 1 1107 3030 1108
1361 2 2 1 1 4026 4973 3777
1362 2 2 1 1 1126 4937 2557
1363 2 2 1 1 3208 4096 2982
1364 2 2 1 1 2155 3479 2156
1365 2 2 1 1 1148 4406 1149
1366 2 2 1 1 831 4793 2533
1367 2 2 1 1 4362 5469 3832
1368 2 2 1 1 3083 4586 4232
1369 2 2 1 1 3321 5111 4137
1370 2 2 1 1 2831 5369 2830
1371 2 2 1 1 4193 4335 3075
1372 2 2 1 1 2379 4865 2362
1373 2 2 1 1 1053 4299 1054
1374 2 2 1 1 1110 1332 1093
1375 2 2 1 1 974 64 975
1376 2 2 1 1 2870 5230 4930
1377 2 2 1 1 4423 5367 3784
1378 2 2 1 1 3433 4897 4290
1379 2 2 1 1 657 3506 3023
1380 2 2 1 1 2550 5036 963
1381 2 2 1 1 2464 4964 245
1382 2 2 1 1 133 4313 2445
1383 2 2 1 1 3954 4582 2924
1384 2 2 1 1 4467 4876 809
1385 2 2 1 1 112 3550 113
1386 2 2 1 1 3885 4539 4477
1387 2 2 1 1 3655 4835 3445
1388 2 2 1 1 2605 5045 1629
1389 2 2 1 1 4536 5384 4493
1390 2 2 1 1 2622 5206 4037
1391 2 2 1 1 3648 5371 2828
1392 2 2 1 1 1453 3706 1454
1393 2 2 1 1 2767 4638 1932
1394 2 2 1 1 3764 3961 3149
1395 2 2 1 1 2878 5345 3180
1396 2 2 1 1 3103 4319 4318
1397 2 2 1 1 354 3888 355
1398 2 2 1 1 3592 4888 3467
1399 2 2 1 1 3496 4567 4369
1400 2 2 1 1 4268 4945 3511
1401 2 2 1 1 2534 4820 832
1402 2 2 1 1 3832 4268 3155
1403 2 2 1 1 413 3881 414
1404 2 2 1 1 2396 4559 2828
1405 2 2 1 1 1526 4164 1326
1406 2 2 1 1 1149 4815 1150
1407 2 2 1 1 3790 5471 3549
1408 2 2 1 1 2162 4361 2689
1409 2 2 1 1 3405 3467 3406
1410 2 2 1 1 1829 3901 1830
1411 2 2 1 1 3032 4760 845
1412 2 2 1 1 2495 4738 3143
1413 2 2 1 1 3676 5190 4866
1414 2 2 1 1 2251 2975 2252
1415 2 2 1 1 4456 5373 4252
1416 2 2 1 1 3737 4953 4672
1417 2 2 1 1 3917 4513 4429
1418 2 2 1 1 4354 4725 2864
1419 2 2 1 1 23 5279 24
1420 2 2 1 1 4949 5308 4049
1421 2 2 1 1 3721 4872 4183
1422 2 2 1 1 3443 5302 5086
1423 2 2 1 1 1491 3432 1492
1424 2 2 1 1 522 4561 3795
1425 2 2 1 1 2978 4583 4132
1426 2 2 1 1 670 3736 671
1427 2 2 1 1 4153 4900 2279
1428 2 2 1 1 2646 4321 2000
1429 2 2 1 1 1450 5376 1451
1430 2 2 1 1 2768 5191 2434
1431 2 2 1 1 545 544 404
1432 2 2 1 1 2342 4548 2343
1433 2 2 1 1 1451 3011 1452
1434 2 2 1 1 4097 5414 4279
1435 2 2 1 1 3340 3553 2841
1436 2 2 1 1 369 805 370
1437 2 2 1 1 3149 4520 3764
1438 2 2 1 1 3832 4945 4268
1439 2 2 1 1 5043 5112 4890
1440 2 2 1 1 2648 4904 2031
1441 2 2 1 1 4215 4487 3180
1442 2 2 1 1 586 3448 3287
1443 2 2 1 1 2318 2911 2319
1444 2 2 1 1 3533 5042 3667
1445 2 2 1 1 3774 4027 3474
1446 2 2 1 1 811 4034 812
1447 2 2 1 1 2787 3458 2786
1448 2 2 1 1 4484 5263 3781
1449 2 2 1 1 1375 3368 1376
1450 2 2 1 1 4137 5111 4979
1451 2 2 1 1 1341 3359 1342
1452 2 2 1 1 1754 4287 1755
1453 2 2 1 1 1381 3156 1382
1454 2 2 1 1 4071 4156 2938
1455 2 2 1 1 2680 4447 4153
1456 2 2 1 1 4038 5467 4315
1457 2 2 1 1 3286 5358 4120
1458 2 2 1 1 2468 4946 263
1459 2 2 1 1 3134 3911 3690
1460 2 2 1 1 2600 4714 1599
1461 2 2 1 1 4314 5000 2930
1462 2 2 1 1 4866 5190 3049
1463 2 2 1 1 1235 4360 1236
1464 2 2 1 1 2489 808 807
1465 2 2 1 1 847 5368 848
1466 2 2 1 1 4159 4721 4284
1467 2 2 1 1 2103 3257 2711
1468 2 2 1 1 2969 4624 4108
1469 2 2 1 1 3997 4366 3585
1470 2 2 1 1 3443 5086 3115
1471 2 2 1 1 2230 5117 2679
1472 2 2 1 1 348 4401 1563
1473 2 2 1 1 4577 5128 3113
1474 2 2 1 1 4243 4376 582
1475 2 2 1 1 121 4144 122
1476 2 2 1 1 686 3154 687
1477 2 2 1 1 3365 4741 2998
1478 2 2 1 1 4242 4492 3619
1479 2 2 1 1 4212 5446 3150
1480 2 2 1 1 4059 4060 3515
1481 2 2 1 1 2290 4865 2681
1482 2 2 1 1 4506 4527 3166
1483 2 2 1 1 2669 5351 2127
1484 2 2 1 1 3402 4437 4075
1485 2 2 1 1 925 798 926
1486 2 2 1 1 3384 4704 4636
1487 2 2 1 1 3546 4207 3227
1488 2 2 1 1 1952 4414 1951
1489 2 2 1 1 3268 4285 3911
1490 2 2 1 1 4011 4719 4214
1491 2 2 1 1 4009 4472 4011
1492 2 2 1 1 2601 5411 1620
1493 2 2 1 1 4063 4596 3541
1494 2 2 1 1 3212 4553 4317
1495 2 2 1 1 2735 4430 2734
1496 2 2 1 1 1396 4013 3809
1497 2 2 1 1 3179 4065 3575
1498 2 2 1 1 692 5055 693
1499 2 2 1 1 4495 5022 4744
1500 2 2 1 1 3277 4820 3659
1501 2 2 1 1 788 4721 3351
1502 2 2 1 1 3126 5336 2201
1503 2 2 1 1 1088 3202 1089
1504 2 2 1 1 3089 4221 3805
1505 2 2 1 1 2623 4571 1764
1506 2 2 1 1 3408 4498 4089
1507 2 2 1 1 2784 5075 2783
1508 2 2 1 1 1491 4113 3432
1509 2 2 1 1 3090 3671 3670
1510 2 2 1 1 3071 3793 1206
1511 2 2 1 1 4351 4849 494
1512 2 2 1 1 2850 4920 4858
1513 2 2 1 1 4025 4412 3203
1514 2 2 1 1 4279 5414 2905
1515 2 2 1 1 3239 4030 3847
1516 2 2 1 1 4317 4886 3212
1517 2 2 1 1 1326 3910 1526
1518 2 2 1 1 3355 4474 3112
1519 2 2 1 1 2524 4834 702
1520 2 2 1 1 3615 4997 4746
1521 2 2 1 1 2330 3373 2331
1522 2 2 1 1 2779 4914 2778
1523 2 2 1 1 4933 5352 4103
1524 2 2 1 1 2930 5000 3689
1525 2 2 1 1 4153 5436 2789
1526 2 2 1 1 3352 5438 5360
1527 2 2 1 1 3511 5281 4268
1528 2 2 1 1 4392 4434 2918
1529 2 2 1 1 2785 5351 3829
1530 2 2 1 1 2689 4292 2162
1531 2 2 1 1 2108 4258 2109
1532 2 2 1 1 2504 4110 2505
1533 2 2 1 1 2992 4704 3384
1534 2 2 1 1 4169 5320 5173
1535 2 2 1 1 4186 5376 2880
1536 2 2 1 1 523 4959 524
1537 2 2 1 1 3423 3429 3271
1538 2 2 1 1 1372 3946 1359
1539 2 2 1 1 3713 5271 4436
1540 2 2 1 1 11 3676 12
1541 2 2 1 1 4025 4927 4412
1542 2 2 1 1 4661 4873 2986
1543 2 2 1 1 4807 5019 655
1544 2 2 1 1 3781 4846 4484
1545 2 2 1 1 5198 5223 3546
1546 2 2 1 1 3090 4884 4561
1547 2 2 1 1 1943 2981 2640
1548 2 2 1 1 4259 5011 2542
1549 2 2 1 1 787 4721 788
1550 2 2 1 1 3901 4837 2810
1551 2 2 1 1 72 71 768
1552 2 2 1 1 3430 4750 3431
1553 2 2 1 1 3590 4129 2688
1554 2 2 1 1 2802 3959 2801
1555 2 2 1 1 327 3579 326
1556 2 2 1 1 2932 3159 996
1557 2 2 1 1 3181 4934 507
1558 2 2 1 1 2522 5119 656
1559 2 2 1 1 560 4007 2694
1560 2 2 1 1 4320 4668 3043
1561 2 2 1 1 2696 5240 4492
1562 2 2 1 1 4549 5247 3955
1563 2 2 1 1 2022 2889 2023
1564 2 2 1 1 3152 4261 3710
1565 2 2 1 1 3609 4346 2512
1566 2 2 1 1 4185 5376 4186
1567 2 2 1 1 2570 4056 1207
1568 2 2 1 1 1350 1349 146
1569 2 2 1 1 2249 5062 2250
1570 2 2 1 1 2999 5156 4787
1571 2 2 1 1 1395 4968 3891
1572 2 2 1 1 1465 2462 1466
1573 2 2 1 1 3699 4820 2534
1574 2 2 1 1 4535 4576 4060
1575 2 2 1 1 3764 4769 3961
1576 2 2 1 1 1397 4537 1398
1577 2 2 1 1 296 4107 297
1578 2 2 1 1 1690 5125 1691
1579 2 2 1 1 3214 5429 4448
1580 2 2 1 1 2237 3421 2238
1581 2 2 1 1 3896 4178 2954
1582 2 2 1 1 4873 4898 3550
1583 2 2 1 1 4493 4518 1636
1584 2 2 1 1 3700 5102 5032
1585 2 2 1 1 2870 4852 1753
1586 2 2 1 1 2160 5018 3503
1587 2 2 1 1 2296 3471 2721
1588 2 2 1 1 738 4572 739
1589 2 2 1 1 4546 5063 3119
1590 2 2 1 1 4029 5070 4355
1591 2 2 1 1 4147 4574 3972
1592 2 2 1 1 3287 4799 586
1593 2 2 1 1 3167 4867 4714
1594 2 2 1 1 1307 4481 1306
1595 2 2 1 1 3156 4651 4392
1596 2 2 1 1 4136 5234 4301
1597 2 2 1 1 1545 2856 1546
1598 2 2 1 1 4384 4385 3195
1599 2 2 1 1 2846 4882 4311
1600 2 2 1 1 4227 5019 3652
1601 2 2 1 1 4211 5356 2888
1602 2 2 1 1 3115 4892 4669
1603 2 2 1 1 4383 5172 3590
1604 2 2 1 1 3988 4688 4251
1605 2 2 1 1 2240 4689 2241
1606 2 2 1 1 906 5101 907
1607 2 2 1 1 2888 5051 4211
1608 2 2 1 1 4339 4936 3055
1609 2 2 1 1 1973 3977 1974
1610 2 2 1 1 3652 5019 3401
1611 2 2 1 1 3202 4827 4032
1612 2 2 1 1 1309 5193 2733
1613 2 2 1 1 3140 4395 3657
1614 2 2 1 1 3267 5384 4536
1615 2 2 1 1 3541 5260 4712
1616 2 2 1 1 3855 4467 809
1617 2 2 1 1 4081 4826 4151
1618 2 2 1 1 560 5389 561
1619 2 2 1 1 2573 4406 2574
1620 2 2 1 1 3829 5351 3343
1621 2 2 1 1 782 3963 783
1622 2 2 1 1 2241 5187 2242
1623 2 2 1 1 3493 4963 4623
1624 2 2 1 1 2663 4380 4184
1625 2 2 1 1 33 3904 34
1626 2 2 1 1 3565 4984 4316
1627 2 2 1 1 1551 5050 1536
1628 2 2 1 1 3887 5203 3008
1629 2 2 1 1 5360 5438 4426
1630 2 2 1 1 4574 4958 4774
1631 2 2 1 1 2729 4453 2728
1632 2 2 1 1 964 3687 965
1633 2 2 1 1 1940 3624 1941
1634 2 2 1 1 2026 3632 2011
1635 2 2 1 1 4756 5415 3633
1636 2 2 1 1 4677 5256 3785
1637 2 2 1 1 2719 4408 2718
1638 2 2 1 1 2586 4565 1396
1639 2 2 1 1 2204 5434 2205
1640 2 2 1 1 4097 5003 4356
1641 2 2 1 1 2148 3620 2149
1642 2 2 1 1 452 4197 2492
1643 2 2 1 1 4084 4231 3082
1644 2 2 1 1 788 3351 789
1645 2 2 1 1 3240 4652 186
1646 2 2 1 1 3487 5000 4314
1647 2 2 1 1 137 3622 138
1648 2 2 1 1 622 3702 605
1649 2 2 1 1 509 3627 510
1650 2 2 1 1 3054 5230 4581
1651 2 2 1 1 2450 4811 187
1652 2 2 1 1 525 3673 526
1653 2 2 1 1 4524 5218 4438
1654 2 2 1 1 4662 5439 4236
1655 2 2 1 1 3156 5037 4651
1656 2 2 1 1 3829 4246 2785
1657 2 2 1 1 1867 5295 1868
1658 2 2 1 1 4252 5373 2921
1659 2 2 1 1 969 4543 3452
1660 2 2 1 1 3406 4617 2851
1661 2 2 1 1 3474 5097 3313
1662 2 2 1 1 1497 4023 1498
1663 2 2 1 1 3670 4018 3090
1664 2 2 1 1 4537 5462 3244
1665 2 2 1 1 3417 3593 3106
1666 2 2 1 1 4486 4867 3167
1667 2 2 1 1 4253 4815 4247
1668 2 2 1 1 3295 4910 4349
1669 2 2 1 1 4670 4694 4253
1670 2 2 1 1 2862 5088 4445
1671 2 2 1 1 4481 5352 4933
1672 2 2 1 1 1715 4384 3195
1673 2 2 1 1 2886 4466 4366
1674 2 2 1 1 3244 5462 5381
1675 2 2 1 1 3143 4742 4356
1676 2 2 1 1 3305 4437 3402
1677 2 2 1 1 4045 5308 4558
1678 2 2 1 1 728 5060 3766
1679 2 2 1 1 2096 4333 2799
1680 2 2 1 1 5173 5320 2971
1681 2 2 1 1 2007 4894 2008
1682 2 2 1 1 591 3830 935
1683 2 2 1 1 2499 4030 467
1684 2 2 1 1 4689 5187 2241
1685 2 2 1 1 1409 5171 3572
1686 2 2 1 1 4493 5384 4518
1687 2 2 1 1 159 4789 160
1688 2 2 1 1 3278 4155 867
1689 2 2 1 1 729 4310 730
1690 2 2 1 1 4301 5364 4136
1691 2 2 1 1 3690 4285 2930
1692 2 2 1 1 610 4639 2510
1693 2 2 1 1 13 3241 14
1694 2 2 1 1 1785 1784 2628
1695 2 2 1 1 4311 5168 2846
1696 2 2 1 1 3258 3912 3189
1697 2 2 1 1 3104 3259 3258
1698 2 2 1 1 4437 5218 4075
1699 2 2 1 1 3948 4903 3109
1700 2 2 1 1 3555 3556 3554
1701 2 2 1 1 3604 5437 826
1702 2 2 1 1 3457 4815 4253
1703 2 2 1 1 87 3659 88
1704 2 2 1 1 4232 5272 3083
1705 2 2 1 1 2998 4055 4052
1706 2 2 1 1 643 3664 644
1707 2 2 1 1 3592 5154 4623
1708 2 2 1 1 3100 5065 4572
1709 2 2 1 1 470 3668 471
1710 2 2 1 1 3857 5107 4335
1711 2 2 1 1 1845 3669 1832
1712 2 2 1 1 1059 3805 1060
1713 2 2 1 1 2960 3650 3649
1714 2 2 1 1 4239 5137 3629
1715 2 2 1 1 4189 4515 3209
1716 2 2 1 1 4112 4908 2610
1717 2 2 1 1 2681 4605 2289
1718 2 2 1 1 3909 5078 3908
1719 2 2 1 1 4738 4779 4742
1720 2 2 1 1 4864 5343 3018
1721 2 2 1 1 3303 3584 3020
1722 2 2 1 1 3862 4992 4288
1723 2 2 1 1 2197 3067 2198
1724 2 2 1 1 3719 4747 2516
1725 2 2 1 1 51 3776 52
1726 2 2 1 1 2961 5030 3880
1727 2 2 1 1 4186 4388 4185
1728 2 2 1 1 1369 3725 1370
1729 2 2 1 1 53 3681 54
1730 2 2 1 1 2343 4548 3026
1731 2 2 1 1 2804 5047 2306
1732 2 2 1 1 581 4243 582
1733 2 2 1 1 4151 5233 4519
1734 2 2 1 1 2356 4148 1293
1735 2 2 1 1 3295 4551 4550
1736 2 2 1 1 4738 4742 3143
1737 2 2 1 1 3452 5312 970
1738 2 2 1 1 2609 4705 4580
1739 2 2 1 1 4273 4537 3244
1740 2 2 1 1 717 3630 718
1741 2 2 1 1 175 3693 176
1742 2 2 1 1 3906 4536 4493
1743 2 2 1 1 1260 4334 3820
1744 2 2 1 1 4596 4926 3951
1745 2 2 1 1 922 4259 2542
1746 2 2 1 1 2954 4036 3897
1747 2 2 1 1 890 3422 891
1748 2 2 1 1 1192 3801 1193
1749 2 2 1 1 1675 4654 4380
1750 2 2 1 1 2950 5157 3815
1751 2 2 1 1 57 5027 58
1752 2 2 1 1 3904 4362 2847
1753 2 2 1 1 1482 3819 1483
1754 2 2 1 1 3467 3468 3406
1755 2 2 1 1 3405 3592 3467
1756 2 2 1 1 2773 3882 3823
1757 2 2 1 1 862 3978 863
1758 2 2 1 1 2704 4891 2104
1759 2 2 1 1 3089 4978 3669
1760 2 2 1 1 32 3185 33
1761 2 2 1 1 3310 4291 3548
1762 2 2 1 1 2854 5233 4151
1763 2 2 1 1 4071 4183 4156
1764 2 2 1 1 4282 5086 3753
1765 2 2 1 1 2533 4793 3806
1766 2 2 1 1 2192 3724 2193
1767 2 2 1 1 1315 4188 1316
1768 2 2 1 1 853 3727 854
1769 2 2 1 1 1342 4803 1343
1770 2 2 1 1 3158 4585 4465
1771 2 2 1 1 1700 3730 1701
1772 2 2 1 1 3384 5439 4662
1773 2 2 1 1 2114 4068 1967
1774 2 2 1 1 2306 5334 2804
1775 2 2 1 1 3831 5030 2961
1776 2 2 1 1 303 4639 304
1777 2 2 1 1 2924 4582 3754
1778 2 2 1 1 1306 4933 1305
1779 2 2 1 1 2591 4199 2592
1780 2 2 1 1 923 4325 924
1781 2 2 1 1 2280 4447 2680
1782 2 2 1 1 3538 5469 4836
1783 2 2 1 1 226 3791 227
1784 2 2 1 1 3467 4582 3468
1785 2 2 1 1 4412 4439 3203
1786 2 2 1 1 3786 5222 5079
1787 2 2 1 1 1163 3350 1164
1788 2 2 1 1 861 3750 862
1789 2 2 1 1 3429 3456 3271
1790 2 2 1 1 651 3752 652
1791 2 2 1 1 3745 4504 3742
1792 2 2 1 1 404 544 405
1793 2 2 1 1 2439 4635 3440
1794 2 2 1 1 2970 5224 4278
1795 2 2 1 1 4169 5173 5033
1796 2 2 1 1 4399 4590 4087
1797 2 2 1 1 3849 4919 3326
1798 2 2 1 1 4288 4992 4289
1799 2 2 1 1 3239 4846 3781
1800 2 2 1 1 3550 5252 4873
1801 2 2 1 1 4384 4386 4385
1802 2 2 1 1 3650 5043 4890
1803 2 2 1 1 1520 3564 2915
1804 2 2 1 1 1156 5063 1157
1805 2 2 1 1 3512 4160 3165
1806 2 2 1 1 3311 5144 2996
1807 2 2 1 1 3164 4513 3917
1808 2 2 1 1 2327 3765 2314
1809 2 2 1 1 3772 5131 2776
1810 2 2 1 1 3165 4357 3512
1811 2 2 1 1 3684 5382 3128
1812 2 2 1 1 3568 5271 3713
1813 2 2 1 1 2827 4241 2826
1814 2 2 1 1 3489 5222 3786
1815 2 2 1 1 2030 4397 4395
1816 2 2 1 1 4071 5114 4183
1817 2 2 1 1 3417 3856 3593
1818 2 2 1 1 3734 5392 3469
1819 2 2 1 1 4118 4504 3745
1820 2 2 1 1 3254 5065 2448
1821 2 2 1 1 2434 5191 2777
1822 2 2 1 1 2456 3543 2308
1823 2 2 1 1 2829 3665 1961
1824 2 2 1 1 726 3756 727
1825 2 2 1 1 3761 4484 1237
1826 2 2 1 1 586 4799 567
1827 2 2 1 1 3104 3307 3259
1828 2 2 1 1 3555 3679 3556
1829 2 2 1 1 3556 3557 3554
1830 2 2 1 1 620 4472 2513
1831 2 2 1 1 608 3500 609
1832 2 2 1 1 911 3371 912
1833 2 2 1 1 1565 3663 1566
1834 2 2 1 1 3534 4454 3649
1835 2 2 1 1 4376 5451 583
1836 2 2 1 1 3291 5118 4673
1837 2 2 1 1 3592 5333 5154
1838 2 2 1 1 3742 4504 3740
1839 2 2 1 1 935 3830 936
1840 2 2 1 1 1519 3900 1503
1841 2 2 1 1 3115 5086 4892
1842 2 2 1 1 4010 4575 3893
1843 2 2 1 1 3959 5306 2801
1844 2 2 1 1 4004 5200 4509
1845 2 2 1 1 3468 3469 3406
1846 2 2 1 1 1820 3754 1821
1847 2 2 1 1 233 5269 234
1848 2 2 1 1 1 3528 2
1849 2 2 1 1 2620 4384 1715
1850 2 2 1 1 1170 2868 1171
1851 2 2 1 1 1782 3903 1783
1852 2 2 1 1 3962 4970 3147
1853 2 2 1 1 4288 5418 3124
1854 2 2 1 1 1672 1671 1362
1855 2 2 1 1 4253 4694 3457
1856 2 2 1 1 3432 4113 3828
1857 2 2 1 1 3638 4929 3610
1858 2 2 1 1 4216 4911 4409
1859 2 2 1 1 4278 4328 2970
1860 2 2 1 1 333 3589 3440
1861 2 2 1 1 3429 3788 3456
1862 2 2 1 1 4183 4575 4156
1863 2 2 1 1 3656 4476 3655
1864 2 2 1 1 4519 4830 4081
1865 2 2 1 1 4036 4325 923
1866 2 2 1 1 4506 5332 4527
1867 2 2 1 1 5020 5271 3568
1868 2 2 1 1 3938 4482 3311
1869 2 2 1 1 4843 4957 4222
1870 2 2 1 1 4386 4387 4385
1871 2 2 1 1 3685 5163 4620
1872 2 2 1 1 632 3789 633
1873 2 2 1 1 3601 4619 125
1874 2 2 1 1 4305 5233 4841
1875 2 2 1 1 3856 3857 3593
1876 2 2 1 1 4574 4774 3371
1877 2 2 1 1 3307 3382 3259
1878 2 2 1 1 3679 3680 3556
1879 2 2 1 1 3555 4097 3679
1880 2 2 1 1 3523 4826 4081
1881 2 2 1 1 2612 3385 1689
1882 2 2 1 1 3468 3734 3469
1883 2 2 1 1 2537 3762 885
1884 2 2 1 1 2495 3143 2496
1885 2 2 1 1 2463 3433 2464
1886 2 2 1 1 2544 4294 2545
1887 2 2 1 1 3963 4985 3236
1888 2 2 1 1 2377 3541 2690
1889 2 2 1 1 1408 4650 3900
1890 2 2 1 1 3382 3490 3259
1891 2 2 1 1 3307 3599 3382
1892 2 2 1 1 4097 4356 3679
1893 2 2 1 1 3708 4503 4413
1894 2 2 1 1 2466 5390 4441
1895 2 2 1 1 3030 5364 4301
1896 2 2 1 1 4451 4596 4063
1897 2 2 1 1 4835 5097 3474
1898 2 2 1 1 2596 3333 1508
1899 2 2 1 1 3307 3808 3599
1900 2 2 1 1 3382 3747 3490
1901 2 2 1 1 3747 4320 3490
1902 2 2 1 1 3838 4729 3087
1903 2 2 1 1 3582 4505 3581
1904 2 2 1 1 4109 4505 3582
1905 2 2 1 1 3583 3866 3722
1906 2 2 1 1 3608 4109 3582
1907 2 2 1 1 3583 3722 3608
1908 2 2 1 1 3583 3608 3582
1909 2 2 1 1 3540 3583 3582
1910 2 2 1 1 3581 4194 3539
1911 2 2 1 1 3540 3582 3581
1912 2 2 1 1 3540 3581 3539
1913 2 2 1 1 3538 3540 3539
1914 2 2 1 1 3538 3539 3537
1915 2 2 1 1 4117 4118 3745
1916 2 2 1 1 3536 3538 3537
1917 2 2 1 1 3744 4278 3746
1918 2 2 1 1 3746 4117 3745
1919 2 2 1 1 3536 3537 3535
1920 2 2 1 1 3744 3746 3745
1921 2 2 1 1 3535 4415 3510
1922 2 2 1 1 3511 3536 3535
1923 2 2 1 1 3744 3745 3742
1924 2 2 1 1 3924 4232 3925
1925 2 2 1 1 3511 3535 3510
1926 2 2 1 1 3941 4482 3938
1927 2 2 1 1 3741 3942 3743
1928 2 2 1 1 3743 3744 3742
1929 2 2 1 1 3845 4476 3656
1930 2 2 1 1 3708 4413 3845
1931 2 2 1 1 3733 4503 3708
1932 2 2 1 1 3979 3981 3980
1933 2 2 1 1 3402 4075 3924
1934 2 2 1 1 3924 3925 3403
1935 2 2 1 1 3509 3718 3717
1936 2 2 1 1 3508 3511 3510
1937 2 2 1 1 3940 3941 3938
1938 2 2 1 1 3939 4327 3940
1939 2 2 1 1 4011 4214 4213
1940 2 2 1 1 3741 3743 3742
1941 2 2 1 1 3708 3845 3656
1942 2 2 1 1 3707 3733 3708
1943 2 2 1 1 3979 3980 3842
1944 2 2 1 1 3402 3924 3403
1945 2 2 1 1 4022 4230 4165
1946 2 2 1 1 1803 3809 1804
1947 2 2 1 1 1821 3037 1822
1948 2 2 1 1 3509 3717 3507
1949 2 2 1 1 3508 3510 3509
1950 2 2 1 1 4212 4297 3958
1951 2 2 1 1 2594 3203 2595
1952 2 2 1 1 2687 3590 2688
1953 2 2 1 1 3939 3940 3938
1954 2 2 1 1 1715 3195 1716
1955 2 2 1 1 3599 4507 3382
1956 2 2 1 1 3382 4507 3747
1957 2 2 1 1 3579 5379 5335
1958 2 2 1 1 4011 4213 4010
1959 2 2 1 1 4675 5070 4029
1960 2 2 1 1 4356 5077 3143
1961 2 2 1 1 3740 4504 4004
1962 2 2 1 1 3741 3742 3740
1963 2 2 1 1 3152 5138 4261
1964 2 2 1 1 3707 3708 3656
1965 2 2 1 1 3842 3955 3841
1966 2 2 1 1 3839 3979 3842
1967 2 2 1 1 3955 5247 3841
1968 2 2 1 1 3402 3403 3306
1969 2 2 1 1 3363 4438 4437
1970 2 2 1 1 4022 4165 4021
1971 2 2 1 1 4913 5196 67
1972 2 2 1 1 1664 3055 1665
1973 2 2 1 1 3623 4408 2719
1974 2 2 1 1 3120 4611 3884
1975 2 2 1 1 326 4790 2483
1976 2 2 1 1 2615 3295 2616
1977 2 2 1 1 3195 3737 1716
1978 2 2 1 1 849 3913 850
1979 2 2 1 1 687 4502 688
1980 2 2 1 1 4079 5427 5215
1981 2 2 1 1 2740 3398 2739
1982 2 2 1 1 2835 3716 2834
1983 2 2 1 1 2838 4508 2837
1984 2 2 1 1 2839 3387 2838
1985 2 2 1 1 2837 3105 2836
1986 2 2 1 1 2736 3065 2735
1987 2 2 1 1 2738 3070 2737
1988 2 2 1 1 2840 4513 2839
1989 2 2 1 1 2737 4509 2736
1990 2 2 1 1 2739 4510 2738
1991 2 2 1 1 2836 4511 2835
1992 2 2 1 1 1517 4422 2598
1993 2 2 1 1 3718 4519 3717
1994 2 2 1 1 4790 5375 4630
1995 2 2 1 1 3675 5015 4702
1996 2 2 1 1 4836 5469 4362
1997 2 2 1 1 4511 4512 3716
1998 2 2 1 1 4513 4514 3387
1999 2 2 1 1 2525 3483 2526
2000 2 2 1 1 3508 3509 3507
2001 2 2 1 1 2606 3424 1637
2002 2 2 1 1 1636 4518 2606
2003 2 2 1 1 4349 4910 3822
2004 2 2 1 1 3615 4479 3614
2005 2 2 1 1 3864 4350 4349
2006 2 2 1 1 3851 4424 4245
2007 2 2 1 1 4343 4887 3651
2008 2 2 1 1 3605 3930 3183
2009 2 2 1 1 3957 4212 3958
2010 2 2 1 1 4028 4100 4029
2011 2 2 1 1 3387 4508 2838
2012 2 2 1 1 2835 4511 3716
2013 2 2 1 1 2837 4508 3105
2014 2 2 1 1 3070 4509 2737
2015 2 2 1 1 3065 4430 2735
2016 2 2 1 1 2839 4513 3387
2017 2 2 1 1 2736 4509 3065
2018 2 2 1 1 2738 4510 3070
2019 2 2 1 1 3398 4510 2739
2020 2 2 1 1 3105 4511 2836
2021 2 2 1 1 3523 4081 4080
2022 2 2 1 1 3161 4101 3342
2023 2 2 1 1 4131 5166 3256
2024 2 2 1 1 3937 3939 3938
2025 2 2 1 1 4506 4795 3711
2026 2 2 1 1 640 440 641
2027 2 2 1 1 4150 4317 4143
2028 2 2 1 1 4453 5394 2728
2029 2 2 1 1 2440 3601 125
2030 2 2 1 1 1047 3831 1048
2031 2 2 1 1 4282 4283 3559
2032 2 2 1 1 35 3832 36
2033 2 2 1 1 3611 4409 4346
2034 2 2 1 1 4630 5375 3945
2035 2 2 1 1 1755 5206 2622
2036 2 2 1 1 3373 3443 2331
2037 2 2 1 1 4009 4011 4010
2038 2 2 1 1 3740 4004 3739
2039 2 2 1 1 3192 3741 3740
2040 2 2 1 1 3446 3707 3656
2041 2 2 1 1 3839 3842 3841
2042 2 2 1 1 2724 4481 1307
2043 2 2 1 1 3140 3657 3644
2044 2 2 1 1 4585 4787 4465
2045 2 2 1 1 3363 4437 3305
2046 2 2 1 1 3305 3402 3306
2047 2 2 1 1 4618 5079 2557
2048 2 2 1 1 3817 4022 4021
2049 2 2 1 1 506 4017 507
2050 2 2 1 1 1868 4784 1869
2051 2 2 1 1 2651 4242 2652
2052 2 2 1 1 918 3838 919
2053 2 2 1 1 911 3633 3371
2054 2 2 1 1 3486 4506 3711
2055 2 2 1 1 2683 3834 2637
2056 2 2 1 1 2606 4518 3424
2057 2 2 1 1 2557 4937 4618
2058 2 2 1 1 2580 4236 3863
2059 2 2 1 1 3094 4772 4390
2060 2 2 1 1 1237 4484 1238
2061 2 2 1 1 2403 3860 2404
2062 2 2 1 1 4727 5278 4556
2063 2 2 1 1 4880 5078 3909
2064 2 2 1 1 2644 5225 1942
2065 2 2 1 1 1396 4565 4013
2066 2 2 1 1 3969 5095 3603
2067 2 2 1 1 3760 5303 3174
2068 2 2 1 1 3574 4400 1663
2069 2 2 1 1 3870 4199 3136
2070 2 2 1 1 3183 4359 3605
2071 2 2 1 1 3732 5361 4766
2072 2 2 1 1 3228 4756 4197
2073 2 2 1 1 3563 5126 4647
2074 2 2 1 1 243 3289 244
2075 2 2 1 1 3940 4642 3941
2076 2 2 1 1 4477 4539 2983
2077 2 2 1 1 2817 4526 2816
2078 2 2 1 1 2756 3166 2755
2079 2 2 1 1 2750 3878 2749
2080 2 2 1 1 2757 4524 2756
2081 2 2 1 1 2764 3970 2763
2082 2 2 1 1 2765 4525 2764
2083 2 2 1 1 2816 3190 2815
2084 2 2 1 1 2818 3078 2817
2085 2 2 1 1 2820 3260 2819
2086 2 2 1 1 2822 4515 2821
2087 2 2 1 1 2824 4455 2823
2088 2 2 1 1 2752 3526 2751
2089 2 2 1 1 2754 3463 2753
2090 2 2 1 1 2755 4527 2754
2091 2 2 1 1 2758 3207 2757
2092 2 2 1 1 2760 3083 2759
2093 2 2 1 1 2762 3212 2761
2094 2 2 1 1 142 571 143
2095 2 2 1 1 2205 4336 2206
2096 2 2 1 1 3183 4457 4359
2097 2 2 1 1 2855 5058 4555
2098 2 2 1 1 3307 4555 3808
2099 2 2 1 1 619 3086 620
2100 2 2 1 1 1060 4221 1061
2101 2 2 1 1 2947 4770 4119
2102 2 2 1 1 2452 3721 2453
2103 2 2 1 1 207 3255 2451
2104 2 2 1 1 3506 3508 3507
2105 2 2 1 1 3577 4821 3907
2106 2 2 1 1 4146 5057 4225
2107 2 2 1 1 867 3369 3278
2108 2 2 1 1 4623 4888 3592
2109 2 2 1 1 799 798 925
2110 2 2 1 1 3654 4206 4205
2111 2 2 1 1 353 4922 354
2112 2 2 1 1 4268 4626 3155
2113 2 2 1 1 4464 4733 3275
2114 2 2 1 1 3259 4557 3258
2115 2 2 1 1 3198 3992 3500
2116 2 2 1 1 2075 3231 2076
2117 2 2 1 1 3570 4919 3122
2118 2 2 1 1 3062 4084 3612
2119 2 2 1 1 3086 4472 620
2120 2 2 1 1 2390 3613 2391
2121 2 2 1 1 779 3896 780
2122 2 2 1 1 4060 4576 3515
2123 2 2 1 1 3407 3615 3614
2124 2 2 1 1 3864 4349 3822
2125 2 2 1 1 665 3984 666
2126 2 2 1 1 2793 5005 2932
2127 2 2 1 1 4426 5438 3856
2128 2 2 1 1 865 4976 3283
2129 2 2 1 1 3851 4245 3430
2130 2 2 1 1 2697 4492 4242
2131 2 2 1 1 4270 5343 4271
2132 2 2 1 1 3323 4964 4290
2133 2 2 1 1 3957 3958 3272
2134 2 2 1 1 3777 4973 4600
2135 2 2 1 1 4672 4953 3139
2136 2 2 1 1 3148 4470 4463
2137 2 2 1 1 3479 5030 3831
2138 2 2 1 1 3915 4549 3936
2139 2 2 1 1 3523 4080 4079
2140 2 2 1 1 1363 3301 1364
2141 2 2 1 1 3669 4978 3059
2142 2 2 1 1 3104 4555 3307
2143 2 2 1 1 1881 4072 2973
2144 2 2 1 1 3429 4554 3788
2145 2 2 1 1 3915 3936 3914
2146 2 2 1 1 4041 5065 3254
2147 2 2 1 1 1832 3669 3294
2148 2 2 1 1 3469 5392 5066
2149 2 2 1 1 3937 3938 3311
2150 2 2 1 1 4605 4712 3392
2151 2 2 1 1 3556 4556 3557
2152 2 2 1 1 682 3576 3002
2153 2 2 1 1 758 3928 759
2154 2 2 1 1 4142 4150 4143
2155 2 2 1 1 1387 4782 1640
2156 2 2 1 1 3781 5263 3151
2157 2 2 1 1 1198 4499 2566
2158 2 2 1 1 4274 4685 4191
2159 2 2 1 1 4677 5367 4601
2160 2 2 1 1 3501 4282 3559
2161 2 2 1 1 3680 4556 3556
2162 2 2 1 1 3611 4346 3609
2163 2 2 1 1 3490 4557 3259
2164 2 2 1 1 2322 3933 2323
2165 2 2 1 1 3986 5049 3985
2166 2 2 1 1 3718 4830 4519
2167 2 2 1 1 575 4147 576
2168 2 2 1 1 3254 5076 4041
2169 2 2 1 1 4009 4010 3893
2170 2 2 1 1 4339 4340 3476
2171 2 2 1 1 2561 4850 1133
2172 2 2 1 1 4581 5230 3715
2173 2 2 1 1 3278 3369 713
2174 2 2 1 1 3565 3566 2915
2175 2 2 1 1 3564 4354 3565
2176 2 2 1 1 3739 4425 3126
2177 2 2 1 1 3192 3740 3739
2178 2 2 1 1 3731 4049 4045
2179 2 2 1 1 2763 4553 2762
2180 2 2 1 1 2343 3026 2685
2181 2 2 1 1 3736 4626 4268
2182 2 2 1 1 4500 5411 2601
2183 2 2 1 1 3446 3656 3655
2184 2 2 1 1 3078 4526 2817
2185 2 2 1 1 3166 4527 2755
2186 2 2 1 1 3207 4524 2757
2187 2 2 1 1 2754 4527 3463
2188 2 2 1 1 2756 4524 3166
2189 2 2 1 1 2816 4526 3190
2190 2 2 1 1 2764 4525 3970
2191 2 2 1 1 4100 4590 4029
2192 2 2 1 1 3659 5029 4649
2193 2 2 1 1 3839 3841 3840
2194 2 2 1 1 4621 4759 4748
2195 2 2 1 1 1071 2852 1072
2196 2 2 1 1 2887 5049 4607
2197 2 2 1 1 1651 3960 1652
2198 2 2 1 1 3651 4000 3418
2199 2 2 1 1 4360 4980 3397
2200 2 2 1 1 242 3961 243
2201 2 2 1 1 4126 4345 4344
2202 2 2 1 1 1830 4840 1831
2203 2 2 1 1 2621 3117 1754
2204 2 2 1 1 2949 3363 3305
2205 2 2 1 1 3305 3306 2848
2206 2 2 1 1 4189 4773 4515
2207 2 2 1 1 2127 5351 2785
2208 2 2 1 1 4073 4086 4085
2209 2 2 1 1 4085 4087 4074
2210 2 2 1 1 3084 5127 20
2211 2 2 1 1 3817 4021 3818
2212 2 2 1 1 3771 3804 3770
2213 2 2 1 1 3275 5113 4464
2214 2 2 1 1 2412 3985 2413
2215 2 2 1 1 1851 3987 1852
2216 2 2 1 1 2759 4562 2758
2217 2 2 1 1 3078 4713 4503
2218 2 2 1 1 3486 3711 3487
2219 2 2 1 1 4573 5286 3695
2220 2 2 1 1 3713 4952 4753
2221 2 2 1 1 4512 4879 4319
2222 2 2 1 1 2749 4567 2748
2223 2 2 1 1 4264 5265 3053
2224 2 2 1 1 1894 3956 1895
2225 2 2 1 1 2762 4553 3212
2226 2 2 1 1 3970 4553 2763
2227 2 2 1 1 4485 5068 4230
2228 2 2 1 1 4376 5098 2536
2229 2 2 1 1 5113 5378 4464
2230 2 2 1 1 3822 5163 3685
2231 2 2 1 1 2504 4850 4110
2232 2 2 1 1 3051 4018 3646
2233 2 2 1 1 3726 4831 4374
2234 2 2 1 1 4133 4251 3191
2235 2 2 1 1 4186 4972 4896
2236 2 2 1 1 3759 4949 4810
2237 2 2 1 1 3752 4895 3011
2238 2 2 1 1 3117 4287 1754
2239 2 2 1 1 2758 4562 3207
2240 2 2 1 1 3083 4562 2759
2241 2 2 1 1 732 4187 733
2242 2 2 1 1 4150 4886 4317
2243 2 2 1 1 3675 4702 2919
2244 2 2 1 1 3374 4933 4103
2245 2 2 1 1 1259 4334 1260
2246 2 2 1 1 4291 5315 3548
2247 2 2 1 1 594 4432 694
2248 2 2 1 1 3878 4567 2749
2249 2 2 1 1 3131 4463 4364
2250 2 2 1 1 1225 3995 1226
2251 2 2 1 1 2855 4555 3104
2252 2 2 1 1 2437 5275 4047
2253 2 2 1 1 4509 5200 3065
2254 2 2 1 1 2129 3826 2781
2255 2 2 1 1 1283 4111 1284
2256 2 2 1 1 3111 4721 3792
2257 2 2 1 1 3627 5084 4320
2258 2 2 1 1 4648 4876 4467
2259 2 2 1 1 4748 4759 4023
2260 2 2 1 1 4009 5188 4472
2261 2 2 1 1 3676 4866 4260
2262 2 2 1 1 3283 3598 865
2263 2 2 1 1 4251 4732 3191
2264 2 2 1 1 1527 3682 1528
2265 2 2 1 1 2680 4153 2279
2266 2 2 1 1 4308 4763 4012
2267 2 2 1 1 1614 3647 3643
2268 2 2 1 1 3825 5382 3684
2269 2 2 1 1 939 4151 940
2270 2 2 1 1 1843 4221 3089
2271 2 2 1 1 4012 4168 3233
2272 2 2 1 1 3306 4446 4249
2273 2 2 1 1 157 3569 158
2274 2 2 1 1 4374 4831 4440
2275 2 2 1 1 4073 4880 4086
2276 2 2 1 1 3821 5278 4727
2277 2 2 1 1 2760 4586 3083
2278 2 2 1 1 3212 4586 2761
2279 2 2 1 1 2945 4984 2864
2280 2 2 1 1 3532 4104 4083
2281 2 2 1 1 4514 4642 3387
2282 2 2 1 1 1984 4069 1985
2283 2 2 1 1 3643 3647 1612
2284 2 2 1 1 3831 5410 3479
2285 2 2 1 1 1555 2843 1556
2286 2 2 1 1 4134 5394 4453
2287 2 2 1 1 789 4276 790
2288 2 2 1 1 4046 4103 3558
2289 2 2 1 1 3054 4581 3265
2290 2 2 1 1 1236 3761 1237
2291 2 2 1 1 2761 4586 2760
2292 2 2 1 1 438 5089 439
2293 2 2 1 1 3943 4089 2979
2294 2 2 1 1 1012 4115 3304
2295 2 2 1 1 1122 4082 1123
2296 2 2 1 1 4080 4830 4676
2297 2 2 1 1 3320 4782 1386
2298 2 2 1 1 1118 4863 2555
2299 2 2 1 1 2233 4096 2234
2300 2 2 1 1 1652 3317 1653
2301 2 2 1 1 4910 5163 3822
2302 2 2 1 1 2714 4570 2713
2303 2 2 1 1 2716 4569 2715
2304 2 2 1 1 2788 3380 2787
2305 2 2 1 1 2715 3276 2714
2306 2 2 1 1 2717 3191 2716
2307 2 2 1 1 3472 4563 1476
2308 2 2 1 1 2828 4559 4007
2309 2 2 1 1 392 4005 393
2310 2 2 1 1 152 4103 153
2311 2 2 1 1 2950 3815 1043
2312 2 2 1 1 3892 5339 4330
2313 2 2 1 1 2927 3858 3501
2314 2 2 1 1 3668 4824 4823
2315 2 2 1 1 972 3991 973
2316 2 2 1 1 1569 4120 1570
2317 2 2 1 1 4242 5403 3102
2318 2 2 1 1 4159 4965 4375
2319 2 2 1 1 2491 2855 433
2320 2 2 1 1 694 5372 594
2321 2 2 1 1 1676 4700 1677
2322 2 2 1 1 3128 5171 3684
2323 2 2 1 1 252 4870 2467
2324 2 2 1 1 3624 5207 2625
2325 2 2 1 1 2935 4522 4061
2326 2 2 1 1 2882 5368 4306
2327 2 2 1 1 3207 5218 4524
2328 2 2 1 1 4058 5153 2944
2329 2 2 1 1 132 5365 2442
2330 2 2 1 1 812 4034 2844
2331 2 2 1 1 4802 5066 3707
2332 2 2 1 1 3711 5000 3487
2333 2 2 1 1 5381 5462 4219
2334 2 2 1 1 4546 5169 3942
2335 2 2 1 1 3256 4677 4601
2336 2 2 1 1 3567 5020 3568
2337 2 2 1 1 105 4965 106
2338 2 2 1 1 3830 5277 936
2339 2 2 1 1 4609 5158 3480
2340 2 2 1 1 2681 4865 4605
2341 2 2 1 1 1384 4166 1385
2342 2 2 1 1 3554 4843 3330
2343 2 2 1 1 365 4171 366
2344 2 2 1 1 4575 5397 3893
2345 2 2 1 1 1108 4301 1109
2346 2 2 1 1 3399 3948 2780
2347 2 2 1 1 2576 4990 168
2348 2 2 1 1 2399 4242 2651
2349 2 2 1 1 1049 3879 1050
2350 2 2 1 1 4215 4708 4487
2351 2 2 1 1 3509 4707 3718
2352 2 2 1 1 396 4192 379
2353 2 2 1 1 4415 4707 3510
2354 2 2 1 1 2371 4252 2372
2355 2 2 1 1 10 4611 3455
2356 2 2 1 1 905 3062 906
2357 2 2 1 1 3541 4712 2690
2358 2 2 1 1 4129 4671 2688
2359 2 2 1 1 4272 4648 3824
2360 2 2 1 1 378 4530 821
2361 2 2 1 1 2804 5334 2803
2362 2 2 1 1 1120 4253 1121
2363 2 2 1 1 4385 4997 3195
2364 2 2 1 1 4684 5394 4134
2365 2 2 1 1 427 4227 428
2366 2 2 1 1 2913 4558 4192
2367 2 2 1 1 3095 5286 4573
2368 2 2 1 1 3506 3507 3023
2369 2 2 1 1 821 3976 378
2370 2 2 1 1 4548 5221 3026
2371 2 2 1 1 4399 4675 4590
2372 2 2 1 1 3521 4625 3146
2373 2 2 1 1 2800 3790 213
2374 2 2 1 1 997 3159 2800
2375 2 2 1 1 157 4573 3569
2376 2 2 1 1 4531 4598 3513
2377 2 2 1 1 4375 5112 4044
2378 2 2 1 1 1775 3570 3122
2379 2 2 1 1 266 4811 2450
2380 2 2 1 1 3705 4906 4016
2381 2 2 1 1 2250 4286 2251
2382 2 2 1 1 602 4198 603
2383 2 2 1 1 3697 3945 3696
2384 2 2 1 1 846 3573 847
2385 2 2 1 1 3091 3390 3111
2386 2 2 1 1 4297 4621 3958
2387 2 2 1 1 4407 5324 5211
2388 2 2 1 1 3757 5176 4314
2389 2 2 1 1 3779 3862 3124
2390 2 2 1 1 125 4619 2441
2391 2 2 1 1 4804 5278 3914
2392 2 2 1 1 3698 4765 2732
2393 2 2 1 1 3654 4205 3210
2394 2 2 1 1 937 4841 938
2395 2 2 1 1 4509 5103 4004
2396 2 2 1 1 2108 4459 3300
2397 2 2 1 1 387 4971 388
2398 2 2 1 1 1598 3837 2600
2399 2 2 1 1 1643 4500 2601
2400 2 2 1 1 4243 5098 4376
2401 2 2 1 1 3380 5436 5228
2402 2 2 1 1 3252 3396 704
2403 2 2 1 1 3999 4919 3570
2404 2 2 1 1 4228 4541 2996
2405 2 2 1 1 3333 4341 1508
2406 2 2 1 1 3990 4027 3774
2407 2 2 1 1 4237 4681 3284
2408 2 2 1 1 2701 3103 2700
2409 2 2 1 1 1498 4754 1499
2410 2 2 1 1 793 4250 794
2411 2 2 1 1 5137 5149 2967
2412 2 2 1 1 186 4652 2450
2413 2 2 1 1 4356 4742 3679
2414 2 2 1 1 1737 4544 4140
2415 2 2 1 1 4441 5106 2466
2416 2 2 1 1 4613 5306 3959
2417 2 2 1 1 2224 4270 2225
2418 2 2 1 1 2856 3586 3446
2419 2 2 1 1 1889 3309 1890
2420 2 2 1 1 3016 4094 3877
2421 2 2 1 1 4640 4958 4147
2422 2 2 1 1 3944 4850 2561
2423 2 2 1 1 1821 3754 3037
2424 2 2 1 1 1833 2010 1834
2425 2 2 1 1 3920 4819 3174
2426 2 2 1 1 3964 4856 4761
2427 2 2 1 1 4252 5424 4331
2428 2 2 1 1 4463 4470 4364
2429 2 2 1 1 1762 4307 1763
2430 2 2 1 1 3622 4407 3645
2431 2 2 1 1 3407 3614 2866
2432 2 2 1 1 3223 3864 3822
2433 2 2 1 1 4607 4647 3361
2434 2 2 1 1 4825 5094 4350
2435 2 2 1 1 2705 3517 2704
2436 2 2 1 1 2794 3275 2793
2437 2 2 1 1 2707 3256 2706
2438 2 2 1 1 2706 4601 2705
2439 2 2 1 1 2801 5306 2435
2440 2 2 1 1 2039 4657 2650
2441 2 2 1 1 2796 3934 2795
2442 2 2 1 1 2791 3701 1032
2443 2 2 1 1 4241 4658 2826
2444 2 2 1 1 3331 4806 4455
2445 2 2 1 1 3784 3785 3004
2446 2 2 1 1 3808 4640 3599
2447 2 2 1 1 2711 3257 1017
2448 2 2 1 1 3308 3851 3430
2449 2 2 1 1 3430 3431 2931
2450 2 2 1 1 4453 5434 4134
2451 2 2 1 1 4346 5374 2512
2452 2 2 1 1 3117 5175 4287
2453 2 2 1 1 2378 4605 2379
2454 2 2 1 1 124 4064 2440
2455 2 2 1 1 4201 5151 3006
2456 2 2 1 1 3336 4654 3184
2457 2 2 1 1 4211 4992 3862
2458 2 2 1 1 1386 4782 1387
2459 2 2 1 1 887 4279 888
2460 2 2 1 1 2676 5002 2222
2461 2 2 1 1 3956 3957 3272
2462 2 2 1 1 1598 4169 3837
2463 2 2 1 1 3984 4992 2948
2464 2 2 1 1 2442 3947 2443
2465 2 2 1 1 2897 3474 3313
2466 2 2 1 1 2392 3930 2393
2467 2 2 1 1 4349 5270 3295
2468 2 2 1 1 4501 4634 3870
2469 2 2 1 1 3171 4546 4210
2470 2 2 1 1 4134 5434 3129
2471 2 2 1 1 2818 4713 3078
2472 2 2 1 1 3260 4713 2819
2473 2 2 1 1 3351 4375 4276
2474 2 2 1 1 3306 4249 2848
2475 2 2 1 1 3523 4079 3522
2476 2 2 1 1 4303 5223 3434
2477 2 2 1 1 3870 4634 2593
2478 2 2 1 1 4930 5230 4194
2479 2 2 1 1 2860 5463 4461
2480 2 2 1 1 2892 4531 3513
2481 2 2 1 1 1110 5170 1333
2482 2 2 1 1 3321 4137 4136
2483 2 2 1 1 1664 5427 3055
2484 2 2 1 1 3387 4642 4508
2485 2 2 1 1 2378 4712 4605
2486 2 2 1 1 3042 4766 3731
2487 2 2 1 1 2743 4182 3348
2488 2 2 1 1 3739 5103 4425
2489 2 2 1 1 3901 4840 1830
2490 2 2 1 1 3538 4836 3540
2491 2 2 1 1 3583 4836 3866
2492 2 2 1 1 420 5246 421
2493 2 2 1 1 1999 3329 2646
2494 2 2 1 1 3429 4688 4554
2495 2 2 1 1 5040 5142 4019
2496 2 2 1 1 2353 4914 2779
2497 2 2 1 1 2388 5034 3799
2498 2 2 1 1 2620 5267 4384
2499 2 2 1 1 3913 3915 3914
2500 2 2 1 1 3341 4024 1507
2501 2 2 1 1 4404 5014 3456
2502 2 2 1 1 3715 5230 2870
2503 2 2 1 1 2503 4850 2504
2504 2 2 1 1 802 892 891
2505 2 2 1 1 3573 4306 847
2506 2 2 1 1 4445 5088 2865
2507 2 2 1 1 1606 1605 2723
2508 2 2 1 1 2852 3937 3311
2509 2 2 1 1 4238 4937 1126
2510 2 2 1 1 4781 5095 2890
2511 2 2 1 1 2719 4925 3623
2512 2 2 1 1 3537 4858 3535
2513 2 2 1 1 5314 5319 1688
2514 2 2 1 1 4472 5188 2513
2515 2 2 1 1 4388 4667 4185
2516 2 2 1 1 3123 5401 5006
2517 2 2 1 1 2710 4633 2709
2518 2 2 1 1 3617 5160 4395
2519 2 2 1 1 3892 5074 3677
2520 2 2 1 1 3255 5397 4575
2521 2 2 1 1 3276 4570 2714
2522 2 2 1 1 2715 4569 3276
2523 2 2 1 1 3191 4569 2716
2524 2 2 1 1 2877 4855 4092
2525 2 2 1 1 4132 5256 5166
2526 2 2 1 1 2531 4870 2532
2527 2 2 1 1 536 3876 537
2528 2 2 1 1 2798 4988 1989
2529 2 2 1 1 3942 5169 3743
2530 2 2 1 1 3369 4999 713
2531 2 2 1 1 3450 3977 2134
2532 2 2 1 1 4142 4143 2951
2533 2 2 1 1 4297 4759 4621
2534 2 2 1 1 3743 4882 3744
2535 2 2 1 1 1724 4808 134
2536 2 2 1 1 4791 5392 5083
2537 2 2 1 1 3559 4636 3176
2538 2 2 1 1 809 4876 2525
2539 2 2 1 1 3423 4688 3429
2540 2 2 1 1 3482 5168 4311
2541 2 2 1 1 3511 4945 3536
2542 2 2 1 1 2946 5268 4120
2543 2 2 1 1 3190 4757 2815
2544 2 2 1 1 4191 4685 3040
2545 2 2 1 1 3501 3559 3176
2546 2 2 1 1 4341 4342 4055
2547 2 2 1 1 4438 5143 4524
2548 2 2 1 1 3610 3611 3609
2549 2 2 1 1 3009 3638 3610
2550 2 2 1 1 3385 4628 1689
2551 2 2 1 1 302 4612 303
2552 2 2 1 1 207 5397 3255
2553 2 2 1 1 414 4627 4094
2554 2 2 1 1 1999 4801 3329
2555 2 2 1 1 4696 5387 5083
2556 2 2 1 1 2908 3449 2884
2557 2 2 1 1 2884 5102 4277
2558 2 2 1 1 3104 3189 2842
2559 2 2 1 1 4962 5280 3001
2560 2 2 1 1 1674 5398 4654
2561 2 2 1 1 3055 4936 1665
2562 2 2 1 1 2076 5254 3861
2563 2 2 1 1 2081 4571 2082
2564 2 2 1 1 4515 4773 2821
2565 2 2 1 1 2820 4773 3260
2566 2 2 1 1 548 547 1180
2567 2 2 1 1 2541 3062 904
2568 2 2 1 1 2922 4957 4233
2569 2 2 1 1 3767 4952 3056
2570 2 2 1 1 4495 4903 2968
2571 2 2 1 1 4337 4866 3049
2572 2 2 1 1 1637 5020 2607
2573 2 2 1 1 1106 5289 1107
2574 2 2 1 1 1678 3381 1679
2575 2 2 1 1 3105 5141 4327
2576 2 2 1 1 3196 4956 4293
2577 2 2 1 1 3646 4018 3670
2578 2 2 1 1 3007 4857 3986
2579 2 2 1 1 3486 5332 4506
2580 2 2 1 1 3672 5255 3363
2581 2 2 1 1 2615 4910 3295
2582 2 2 1 1 2861 4009 3893
2583 2 2 1 1 2377 4063 3541
2584 2 2 1 1 3023 4305 4304
2585 2 2 1 1 3475 4339 3476
2586 2 2 1 1 2750 4792 3878
2587 2 2 1 1 3526 4792 2751
2588 2 2 1 1 2599 5416 1778
2589 2 2 1 1 4285 5396 3757
2590 2 2 1 1 2765 4788 4525
2591 2 2 1 1 2731 4644 2730
2592 2 2 1 1 4873 5252 2986
2593 2 2 1 1 4052 5297 4766
2594 2 2 1 1 159 4868 2604
2595 2 2 1 1 3801 5154 3687
2596 2 2 1 1 2883 4026 3777
2597 2 2 1 1 3214 4448 4447
2598 2 2 1 1 4245 5294 5133
2599 2 2 1 1 3836 4554 2963
2600 2 2 1 1 4023 4759 4490
2601 2 2 1 1 3726 4464 3725
2602 2 2 1 1 1341 3580 3359
2603 2 2 1 1 552 4771 553
2604 2 2 1 1 5031 5033 5032
2605 2 2 1 1 739 4572 4041
2606 2 2 1 1 4455 4806 2823
2607 2 2 1 1 2822 4806 4515
2608 2 2 1 1 3564 3565 2915
2609 2 2 1 1 3192 3739 3126
2610 2 2 1 1 3261 4239 4105
2611 2 2 1 1 4490 4759 2910
2612 2 2 1 1 3731 4045 3730
2613 2 2 1 1 3967 4374 3069
2614 2 2 1 1 4762 5341 1198
2615 2 2 1 1 2977 4454 3534
2616 2 2 1 1 2333 4669 2334
2617 2 2 1 1 4339 4676 4340
2618 2 2 1 1 3136 5259 3870
2619 2 2 1 1 2635 4745 2301
2620 2 2 1 1 4214 4719 4216
2621 2 2 1 1 4118 5200 4504
2622 2 2 1 1 4409 4912 4216
2623 2 2 1 1 1481 2941 1482
2624 2 2 1 1 3762 4687 885
2625 2 2 1 1 3126 4425 3545
2626 2 2 1 1 3446 3655 3445
2627 2 2 1 1 3186 4970 3962
2628 2 2 1 1 369 806 805
2629 2 2 1 1 4264 5108 3113
2630 2 2 1 1 583 5241 2509
2631 2 2 1 1 3232 4948 3397
2632 2 2 1 1 3839 3840 3838
2633 2 2 1 1 3134 5100 3911
2634 2 2 1 1 4515 4806 3974
2635 2 2 1 1 4102 5029 3660
2636 2 2 1 1 1904 4588 1905
2637 2 2 1 1 4147 4958 4574
2638 2 2 1 1 3908 5078 5028
2639 2 2 1 1 1674 4654 1675
2640 2 2 1 1 4505 4930 3581
2641 2 2 1 1 2642 4631 2643
2642 2 2 1 1 2641 3322 2642
2643 2 2 1 1 2643 3286 2644
2644 2 2 1 1 2640 4632 2641
2645 2 2 1 1 3053 5108 4264
2646 2 2 1 1 3940 5141 4642
2647 2 2 1 1 4506 5143 4795
2648 2 2 1 1 3681 3962 3147
2649 2 2 1 1 2881 3714 3626
2650 2 2 1 1 2932 5185 3159
2651 2 2 1 1 4596 5260 3541
2652 2 2 1 1 4276 4375 4044
2653 2 2 1 1 168 4990 169
2654 2 2 1 1 243 3961 3289
2655 2 2 1 1 3096 3969 3603
2656 2 2 1 1 4206 5037 4787
2657 2 2 1 1 3795 4002 523
2658 2 2 1 1 2350 4359 2686
2659 2 2 1 1 3463 4859 2753
2660 2 2 1 1 2752 4859 3526
2661 2 2 1 1 2619 3365 2849
2662 2 2 1 1 3246 4985 4394
2663 2 2 1 1 768 71 769
2664 2 2 1 1 4254 5191 2768
2665 2 2 1 1 3468 4696 3734
2666 2 2 1 1 3380 4785 3458
2667 2 2 1 1 4126 4344 2923
2668 2 2 1 1 3784 5367 4677
2669 2 2 1 1 3590 4744 4106
2670 2 2 1 1 3418 5229 3651
2671 2 2 1 1 3951 4028 2939
2672 2 2 1 1 3651 5229 3034
2673 2 2 1 1 3503 4944 2008
2674 2 2 1 1 4864 4996 4323
2675 2 2 1 1 2949 3305 2848
2676 2 2 1 1 3439 5060 727
2677 2 2 1 1 3174 5303 3894
2678 2 2 1 1 3143 5077 2496
2679 2 2 1 1 3480 5158 5031
2680 2 2 1 1 3650 4767 3534
2681 2 2 1 1 3710 5062 3152
2682 2 2 1 1 3784 4677 3785
2683 2 2 1 1 2979 4226 4098
2684 2 2 1 1 1208 3493 3178
2685 2 2 1 1 4425 4736 3545
2686 2 2 1 1 3704 3705 2997
2687 2 2 1 1 4551 4552 4550
2688 2 2 1 1 3397 4948 3036
2689 2 2 1 1 3032 4985 4761
2690 2 2 1 1 3255 4872 2451
2691 2 2 1 1 2452 4872 3721
2692 2 2 1 1 1039 1038 2471
2693 2 2 1 1 4344 5388 3432
2694 2 2 1 1 4073 4085 4074
2695 2 2 1 1 3168 5410 3831
2696 2 2 1 1 3158 5338 4585
2697 2 2 1 1 4528 4681 2953
2698 2 2 1 1 4388 4942 3631
2699 2 2 1 1 2067 4418 2660
2700 2 2 1 1 2536 5098 2537
2701 2 2 1 1 3817 3818 3068
2702 2 2 1 1 1783 3903 1900
2703 2 2 1 1 3817 4701 4022
2704 2 2 1 1 2695 4579 2696
2705 2 2 1 1 2940 4538 4479
2706 2 2 1 1 2829 4368 3665
2707 2 2 1 1 2318 4267 3475
2708 2 2 1 1 3355 4982 1244
2709 2 2 1 1 4139 4323 2885
2710 2 2 1 1 2709 4633 3484
2711 2 2 1 1 4092 4855 3851
2712 2 2 1 1 4034 4404 2844
2713 2 2 1 1 2727 4684 2726
2714 2 2 1 1 3260 5317 4413
2715 2 2 1 1 2902 3771 3770
2716 2 2 1 1 3770 4403 3769
2717 2 2 1 1 3724 5193 5165
2718 2 2 1 1 4590 4675 4029
2719 2 2 1 1 3070 5103 4509
2720 2 2 1 1 3489 3786 257
2721 2 2 1 1 2587 3246 842
2722 2 2 1 1 3295 4550 2616
2723 2 2 1 1 2526 5111 2527
2724 2 2 1 1 3510 4707 3509
2725 2 2 1 1 3017 3482 3044
2726 2 2 1 1 3964 4869 4856
2727 2 2 1 1 1406 5052 3875
2728 2 2 1 1 2512 5374 619
2729 2 2 1 1 2250 5062 4286
2730 2 2 1 1 3683 4272 3824
2731 2 2 1 1 3113 5108 3877
2732 2 2 1 1 5133 5294 2899
2733 2 2 1 1 4347 4778 2863
2734 2 2 1 1 3486 3487 2889
2735 2 2 1 1 1011 4115 1012
2736 2 2 1 1 2873 3764 2490
2737 2 2 1 1 3135 4103 4046
2738 2 2 1 1 2785 4246 2784
2739 2 2 1 1 2690 4712 2378
2740 2 2 1 1 3010 5029 3659
2741 2 2 1 1 2273 3796 2274
2742 2 2 1 1 3508 5281 3511
2743 2 2 1 1 2693 5389 560
2744 2 2 1 1 518 3447 519
2745 2 2 1 1 2950 4641 3960
2746 2 2 1 1 271 4720 4641
2747 2 2 1 1 2553 4633 2710
2748 2 2 1 1 4417 5123 3719
2749 2 2 1 1 3433 4964 2464
2750 2 2 1 1 3767 5447 4753
2751 2 2 1 1 4390 4772 3789
2752 2 2 1 1 4082 4247 1264
2753 2 2 1 1 4473 5234 4979
2754 2 2 1 1 1968 4379 1969
2755 2 2 1 1 3394 4587 3884
2756 2 2 1 1 3463 5104 4859
2757 2 2 1 1 536 4656 2472
2758 2 2 1 1 2472 3876 536
2759 2 2 1 1 2544 5257 4294
2760 2 2 1 1 2702 4680 2701
2761 2 2 1 1 3408 4089 3943
2762 2 2 1 1 4226 5291 4098
2763 2 2 1 1 3615 4746 4479
2764 2 2 1 1 4830 5408 4676
2765 2 2 1 1 3275 5005 2793
2766 2 2 1 1 2143 3558 2725
2767 2 2 1 1 1688 5319 2612
2768 2 2 1 1 3331 4455 2929
2769 2 2 1 1 5091 5092 4105
2770 2 2 1 1 1790 3426 3092
2771 2 2 1 1 3047 3518 1442
2772 2 2 1 1 3517 4423 3688
2773 2 2 1 1 3006 5350 4201
2774 2 2 1 1 3304 5135 1012
2775 2 2 1 1 3539 5250 3537
2776 2 2 1 1 2730 4336 2729
2777 2 2 1 1 1330 3931 3263
2778 2 2 1 1 3174 3894 3723
2779 2 2 1 1 1379 3470 3158
2780 2 2 1 1 3924 5272 4232
2781 2 2 1 1 4814 5302 3443
2782 2 2 1 1 4069 5378 5113
2783 2 2 1 1 213 3790 212
2784 2 2 1 1 2844 4404 3532
2785 2 2 1 1 1518 3825 3684
2786 2 2 1 1 4557 4777 3258
2787 2 2 1 1 3954 4696 4582
2788 2 2 1 1 4582 4696 3468
2789 2 2 1 1 2819 4713 2818
2790 2 2 1 1 3513 4160 3512
2791 2 2 1 1 4288 4289 3202
2792 2 2 1 1 4978 5462 3810
2793 2 2 1 1 2808 4686 3561
2794 2 2 1 1 3750 3978 862
2795 2 2 1 1 2051 4323 2052
2796 2 2 1 1 4149 4903 3399
2797 2 2 1 1 2977 3533 600
2798 2 2 1 1 1025 3988 1024
2799 2 2 1 1 4185 4667 3011
2800 2 2 1 1 2154 2871 2155
2801 2 2 1 1 2332 3443 3115
2802 2 2 1 1 3629 4942 4896
2803 2 2 1 1 3737 5455 1716
2804 2 2 1 1 4440 4831 3231
2805 2 2 1 1 1083 1082 2436
2806 2 2 1 1 4750 5133 3606
2807 2 2 1 1 4572 5065 4041
2808 2 2 1 1 3454 5058 2855
2809 2 2 1 1 3055 5427 5342
2810 2 2 1 1 3905 5036 2550
2811 2 2 1 1 2976 4821 3577
2812 2 2 1 1 256 4599 3149
2813 2 2 1 1 3877 5108 3016
2814 2 2 1 1 2289 4605 3392
2815 2 2 1 1 2572 4082 1264
2816 2 2 1 1 1690 4628 3436
2817 2 2 1 1 3750 5025 1100
2818 2 2 1 1 1634 3906 1635
2819 2 2 1 1 4423 5006 3688
2820 2 2 1 1 4904 5160 3632
2821 2 2 1 1 706 4416 707
2822 2 2 1 1 2450 4652 266
2823 2 2 1 1 1330 5366 1331
2824 2 2 1 1 4719 4911 4216
2825 2 2 1 1 503 4144 4107
2826 2 2 1 1 3470 5338 3158
2827 2 2 1 1 4019 5142 3050
2828 2 2 1 1 4222 4957 2922
2829 2 2 1 1 3980 4897 4347
2830 2 2 1 1 2957 4630 4193
2831 2 2 1 1 4072 4073 2973
2832 2 2 1 1 4207 5223 2893
2833 2 2 1 1 4787 5156 4206
2834 2 2 1 1 2501 4735 2502
2835 2 2 1 1 3108 4673 3600
2836 2 2 1 1 307 3876 2472
2837 2 2 1 1 4377 4837 3071
2838 2 2 1 1 1620 4737 2602
2839 2 2 1 1 1996 4160 4141
2840 2 2 1 1 3212 4886 4586
2841 2 2 1 1 3194 4803 4423
2842 2 2 1 1 4247 4815 4406
2843 2 2 1 1 3599 5324 4507
2844 2 2 1 1 475 5245 2501
2845 2 2 1 1 3097 3488 2059
2846 2 2 1 1 4469 5410 3168
2847 2 2 1 1 4203 5109 2990
2848 2 2 1 1 3313 5405 3199
2849 2 2 1 1 1077 3778 1078
2850 2 2 1 1 3493 4623 3178
2851 2 2 1 1 4345 4734 4344
2852 2 2 1 1 3679 4742 3680
2853 2 2 1 1 4138 5105 3025
2854 2 2 1 1 3154 4918 4502
2855 2 2 1 1 3256 4601 2706
2856 2 2 1 1 2705 4601 3517
2857 2 2 1 1 4347 5409 4778
2858 2 2 1 1 3053 3362 418
2859 2 2 1 1 3721 4337 2453
2860 2 2 1 1 2949 3672 3363
2861 2 2 1 1 5335 5379 3678
2862 2 2 1 1 3529 3849 1589
2863 2 2 1 1 4387 4746 4385
2864 2 2 1 1 4621 5028 3958
2865 2 2 1 1 3724 5165 5164
2866 2 2 1 1 4088 5405 3313
2867 2 2 1 1 2725 5352 2724
2868 2 2 1 1 3630 3631 2980
2869 2 2 1 1 4176 4847 3922
2870 2 2 1 1 3326 4152 1591
2871 2 2 1 1 2991 4670 4253
2872 2 2 1 1 3680 4727 4556
2873 2 2 1 1 3664 5456 3544
2874 2 2 1 1 3053 5265 3362
2875 2 2 1 1 3761 5263 4484
2876 2 2 1 1 3268 5396 4285
2877 2 2 1 1 2582 4938 3883
2878 2 2 1 1 2662 4309 2092
2879 2 2 1 1 4314 5176 3487
2880 2 2 1 1 693 5372 694
2881 2 2 1 1 4605 4865 2379
2882 2 2 1 1 718 3630 2980
2883 2 2 1 1 2474 3935 3918
2884 2 2 1 1 4696 5083 3734
2885 2 2 1 1 3419 3763 649
2886 2 2 1 1 3661 5286 4257
2887 2 2 1 1 1433 4363 1434
2888 2 2 1 1 249 5242 465
2889 2 2 1 1 3859 4892 3501
2890 2 2 1 1 2845 5229 3418
2891 2 2 1 1 2944 5153 5069
2892 2 2 1 1 3713 4753 2962
2893 2 2 1 1 2862 4445 3205
2894 2 2 1 1 3299 4650 3350
2895 2 2 1 1 3223 5085 3864
2896 2 2 1 1 3431 4679 4161
2897 2 2 1 1 2465 5390 2466
2898 2 2 1 1 921 4050 3238
2899 2 2 1 1 2918 4434 4166
2900 2 2 1 1 3729 3918 3130
2901 2 2 1 1 2063 4326 2767
2902 2 2 1 1 2880 4906 4186
2903 2 2 1 1 4245 4750 3430
2904 2 2 1 1 4989 5093 3031
2905 2 2 1 1 2015 3208 2982
2906 2 2 1 1 2284 4355 2283
2907 2 2 1 1 3804 5343 4864
2908 2 2 1 1 2221 4372 3494
2909 2 2 1 1 3258 4777 3912
2910 2 2 1 1 1704 5038 1705
2911 2 2 1 1 3081 4170 2528
2912 2 2 1 1 4033 5245 475
2913 2 2 1 1 3819 4522 2935
2914 2 2 1 1 3117 4852 4505
2915 2 2 1 1 3121 4173 3542
2916 2 2 1 1 3741 5067 3942
2917 2 2 1 1 3413 4661 3182
2918 2 2 1 1 3569 4868 158
2919 2 2 1 1 3386 3844 445
2920 2 2 1 1 3884 4611 3170
2921 2 2 1 1 2637 4915 2683
2922 2 2 1 1 5031 5032 3880
2923 2 2 1 1 356 4367 357
2924 2 2 1 1 1584 3903 1585
2925 2 2 1 1 3967 4733 4374
2926 2 2 1 1 1987 5402 2797
2927 2 2 1 1 4586 4886 4232
2928 2 2 1 1 4171 4648 2909
2929 2 2 1 1 3300 4258 2108
2930 2 2 1 1 3866 4768 3722
2931 2 2 1 1 2780 3948 2128
2932 2 2 1 1 2815 4757 2814
2933 2 2 1 1 2271 4993 2270
2934 2 2 1 1 3941 4770 4482
2935 2 2 1 1 1745 4874 1746
2936 2 2 1 1 3239 3781 468
2937 2 2 1 1 2864 4725 2966
2938 2 2 1 1 4630 4726 4193
2939 2 2 1 1 4439 4929 3333
2940 2 2 1 1 4098 4873 3943
2941 2 2 1 1 2701 4680 3103
2942 2 2 1 1 4055 5297 4052
2943 2 2 1 1 3055 5342 4676
2944 2 2 1 1 3563 4857 2964
2945 2 2 1 1 4116 5062 3710
2946 2 2 1 1 4076 4373 513
2947 2 2 1 1 1269 3318 1299
2948 2 2 1 1 900 432 901
2949 2 2 1 1 1779 3812 1780
2950 2 2 1 1 1381 4465 3156
2951 2 2 1 1 228 2548 229
2952 2 2 1 1 3714 4767 3626
2953 2 2 1 1 3154 5144 4918
2954 2 2 1 1 3532 5013 4104
2955 2 2 1 1 3738 5454 3954
2956 2 2 1 1 2814 5454 2813
2957 2 2 1 1 4859 5104 3270
2958 2 2 1 1 177 3210 2446
2959 2 2 1 1 1326 4164 1311
2960 2 2 1 1 2563 4834 2524
2961 2 2 1 1 3498 4606 3998
2962 2 2 1 1 3399 4903 3948
2963 2 2 1 1 2660 4418 1915
2964 2 2 1 1 2474 3918 310
2965 2 2 1 1 5083 5392 3734
2966 2 2 1 1 792 4043 3220
2967 2 2 1 1 2974 3054 2324
2968 2 2 1 1 2611 5314 1688
2969 2 2 1 1 3532 4240 3081
2970 2 2 1 1 3371 4774 912
2971 2 2 1 1 2086 3381 1678
2972 2 2 1 1 2433 5276 2740
2973 2 2 1 1 3966 5353 4877
2974 2 2 1 1 4219 5462 4978
2975 2 2 1 1 505 4291 3173
2976 2 2 1 1 4267 4936 3475
2977 2 2 1 1 4648 5370 4876
2978 2 2 1 1 3077 3448 881
2979 2 2 1 1 2821 4773 2820
2980 2 2 1 1 4711 5397 207
2981 2 2 1 1 1135 3895 1136
2982 2 2 1 1 3691 4708 3692
2983 2 2 1 1 2441 4619 3150
2984 2 2 1 1 2998 4341 4055
2985 2 2 1 1 3075 5162 2482
2986 2 2 1 1 2766 4788 2765
2987 2 2 1 1 2968 4903 4149
2988 2 2 1 1 1058 5381 1059
2989 2 2 1 1 3584 3997 3585
2990 2 2 1 1 2661 3279 2066
2991 2 2 1 1 2964 3327 1927
2992 2 2 1 1 4466 4835 3474
2993 2 2 1 1 3870 5259 4501
2994 2 2 1 1 4321 5287 4525
2995 2 2 1 1 4111 4918 4770
2996 2 2 1 1 3363 4795 4438
2997 2 2 1 1 58 4265 2437
2998 2 2 1 1 3115 4669 2333
2999 2 2 1 1 2536 5451 4376
3000 2 2 1 1 2795 5113 2794
3001 2 2 1 1 2726 5276 2433
3002 2 2 1 1 56 4881 3495
3003 2 2 1 1 2541 4084 3062
3004 2 2 1 1 2006 3871 3352
3005 2 2 1 1 3026 5085 2685
3006 2 2 1 1 4051 4856 3238
3007 2 2 1 1 2998 4741 1510
3008 2 2 1 1 3173 4576 4017
3009 2 2 1 1 3641 4579 2695
3010 2 2 1 1 2789 5436 2788
3011 2 2 1 1 3564 4655 4354
3012 2 2 1 1 4462 5130 3949
3013 2 2 1 1 4557 5084 4604
3014 2 2 1 1 4890 5112 4163
3015 2 2 1 1 4409 4927 4912
3016 2 2 1 1 3704 5092 5091
3017 2 2 1 1 3809 5462 4537
3018 2 2 1 1 4894 5360 3621
3019 2 2 1 1 2917 4576 4535
3020 2 2 1 1 2751 4792 2750
3021 2 2 1 1 2580 3863 2581
3022 2 2 1 1 4326 5126 3563
3023 2 2 1 1 4998 5197 3748
3024 2 2 1 1 4474 4587 3394
3025 2 2 1 1 3612 4173 3062
3026 2 2 1 1 3813 5331 2136
3027 2 2 1 1 123 4529 4244
3028 2 2 1 1 2440 4064 3601
3029 2 2 1 1 2834 5310 2432
3030 2 2 1 1 2557 5079 2558
3031 2 2 1 1 4283 5435 3559
3032 2 2 1 1 2027 3794 3497
3033 2 2 1 1 4407 5211 573
3034 2 2 1 1 3047 3922 3518
3035 2 2 1 1 1136 3895 1471
3036 2 2 1 1 747 3850 748
3037 2 2 1 1 3819 5015 4522
3038 2 2 1 1 4958 5274 4774
3039 2 2 1 1 3607 4334 1258
3040 2 2 1 1 4642 5141 4508
3041 2 2 1 1 4265 5275 2437
3042 2 2 1 1 3238 4856 4259
3043 2 2 1 1 3071 4837 4295
3044 2 2 1 1 2744 4182 2743
3045 2 2 1 1 361 5073 362
3046 2 2 1 1 3555 5414 4097
3047 2 2 1 1 1951 5122 3973
3048 2 2 1 1 3048 4653 1046
3049 2 2 1 1 4126 5444 4345
3050 2 2 1 1 3223 3685 2345
3051 2 2 1 1 3651 4887 4000
3052 2 2 1 1 1995 4160 1996
3053 2 2 1 1 4320 5084 3490
3054 2 2 1 1 3253 4072 1881
3055 2 2 1 1 3936 4804 3914
3056 2 2 1 1 3907 4821 3771
3057 2 2 1 1 327 5379 3579
3058 2 2 1 1 3788 5153 5013
3059 2 2 1 1 4350 5270 4349
3060 2 2 1 1 3631 4942 2980
3061 2 2 1 1 3858 5283 3859
3062 2 2 1 1 3912 5095 4781
3063 2 2 1 1 3517 3688 2704
3064 2 2 1 1 2823 4806 2822
3065 2 2 1 1 3078 4791 4526
3066 2 2 1 1 3573 4729 4306
3067 2 2 1 1 2482 5162 3571
3068 2 2 1 1 4766 5297 3731
3069 2 2 1 1 1677 4700 2101
3070 2 2 1 1 4827 5042 3714
3071 2 2 1 1 3630 4763 3631
3072 2 2 1 1 4434 5180 4166
3073 2 2 1 1 2636 4915 2637
3074 2 2 1 1 4281 5358 4631
3075 2 2 1 1 4819 5413 5375
3076 2 2 1 1 4743 5257 2543
3077 2 2 1 1 504 4107 3843
3078 2 2 1 1 3150 4201 3982
3079 2 2 1 1 3557 4843 3554
3080 2 2 1 1 2604 4789 159
3081 2 2 1 1 4014 5459 5014
3082 2 2 1 1 2897 3774 3474
3083 2 2 1 1 3107 4039 4038
3084 2 2 1 1 920 4050 921
3085 2 2 1 1 4542 5015 3675
3086 2 2 1 1 4386 4825 4387
3087 2 2 1 1 3380 3458 2787
3088 2 2 1 1 2712 3796 2273
3089 2 2 1 1 4701 5088 4022
3090 2 2 1 1 3173 5253 4576
3091 2 2 1 1 655 5019 2522
3092 2 2 1 1 4273 4452 1399
3093 2 2 1 1 3680 4779 4727
3094 2 2 1 1 5289 5459 4014
3095 2 2 1 1 2826 4128 2825
3096 2 2 1 1 4760 4761 4051
3097 2 2 1 1 3032 4761 4760
3098 2 2 1 1 2873 4769 3764
3099 2 2 1 1 4621 4748 2857
3100 2 2 1 1 4456 5151 3953
3101 2 2 1 1 4081 4830 4080
3102 2 2 1 1 3657 4372 3014
3103 2 2 1 1 4050 4051 3238
3104 2 2 1 1 4409 4911 4346
3105 2 2 1 1 3540 4836 3583
3106 2 2 1 1 3851 4855 4424
3107 2 2 1 1 2686 5331 2351
3108 2 2 1 1 4561 4884 3795
3109 2 2 1 1 1623 3994 261
3110 2 2 1 1 4395 4397 3657
3111 2 2 1 1 4244 4529 502
3112 2 2 1 1 4119 4514 3164
3113 2 2 1 1 3748 4983 2294
3114 2 2 1 1 3954 5454 4757
3115 2 2 1 1 4413 4844 3845
3116 2 2 1 1 2432 5310 2702
3117 2 2 1 1 4602 4644 2731
3118 2 2 1 1 3661 4257 4046
3119 2 2 1 1 3237 3658 1917
3120 2 2 1 1 4801 5452 3329
3121 2 2 1 1 1868 5295 4784
3122 2 2 1 1 2743 3932 2742
3123 2 2 1 1 3579 4790 326
3124 2 2 1 1 2251 4286 2975
3125 2 2 1 1 4735 5212 2502
3126 2 2 1 1 3392 3950 2288
3127 2 2 1 1 2001 4421 2002
3128 2 2 1 1 4455 5007 2929
3129 2 2 1 1 3913 4809 3915
3130 2 2 1 1 3629 5137 2967
3131 2 2 1 1 2825 5325 2824
3132 2 2 1 1 612 4568 958
3133 2 2 1 1 3475 4936 4339
3134 2 2 1 1 4810 4949 4342
3135 2 2 1 1 3617 4395 3140
3136 2 2 1 1 2810 4837 2809
3137 2 2 1 1 3186 5305 4970
3138 2 2 1 1 4044 5112 5043
3139 2 2 1 1 3501 4892 4282
3140 2 2 1 1 583 5451 5241
3141 2 2 1 1 2962 3368 1375
3142 2 2 1 1 124 4483 4064
3143 2 2 1 1 3057 4716 3835
3144 2 2 1 1 2812 4840 2811
3145 2 2 1 1 3535 4858 4415
3146 2 2 1 1 2713 4570 3748
3147 2 2 1 1 2717 4133 3191
3148 2 2 1 1 3066 5187 4399
3149 2 2 1 1 5236 5318 2618
3150 2 2 1 1 2510 4639 3461
3151 2 2 1 1 671 3736 2916
3152 2 2 1 1 3036 4823 3397
3153 2 2 1 1 4649 5029 3824
3154 2 2 1 1 4336 4453 2729
3155 2 2 1 1 3606 5133 3250
3156 2 2 1 1 3953 5373 4456
3157 2 2 1 1 685 4228 686
3158 2 2 1 1 3056 4952 4893
3159 2 2 1 1 3882 4994 3379
3160 2 2 1 1 2919 4420 3675
3161 2 2 1 1 4124 5067 3192
3162 2 2 1 1 4107 4144 3591
3163 2 2 1 1 3450 4457 3183
3164 2 2 1 1 4877 4879 3939
3165 2 2 1 1 3909 4540 2869
3166 2 2 1 1 1031 5210 2792
3167 2 2 1 1 3505 5445 3575
3168 2 2 1 1 3316 5302 4814
3169 2 2 1 1 4737 5411 3320
3170 2 2 1 1 4532 5254 4831
3171 2 2 1 1 3908 4540 3909
3172 2 2 1 1 3142 4925 4042
3173 2 2 1 1 1174 3989 676
3174 2 2 1 1 3436 4628 3101
3175 2 2 1 1 753 4422 1517
3176 2 2 1 1 2092 4993 2271
3177 2 2 1 1 2643 4631 3286
3178 2 2 1 1 3322 4631 2642
3179 2 2 1 1 2641 4632 3322
3180 2 2 1 1 2753 4859 2752
3181 2 2 1 1 3209 4515 3974
3182 2 2 1 1 3040 4563 4191
3183 2 2 1 1 3394 4916 4474
3184 2 2 1 1 503 4107 504
3185 2 2 1 1 4186 4896 4388
3186 2 2 1 1 3939 4879 4327
3187 2 2 1 1 3937 4877 3939
3188 2 2 1 1 3309 4451 4063
3189 2 2 1 1 3744 4882 4278
3190 2 2 1 1 3458 4785 4697
3191 2 2 1 1 846 4760 3573
3192 2 2 1 1 3060 5197 4998
3193 2 2 1 1 2525 4876 3483
3194 2 2 1 1 4201 5350 3982
3195 2 2 1 1 752 4422 753
3196 2 2 1 1 3433 5409 4897
3197 2 2 1 1 1660 3302 1661
3198 2 2 1 1 2451 4872 2452
3199 2 2 1 1 4742 4779 3680
3200 2 2 1 1 4531 5426 3403
3201 2 2 1 1 4424 5256 4132
3202 2 2 1 1 3252 5179 4061
3203 2 2 1 1 4290 4780 4054
3204 2 2 1 1 3522 3637 2253
3205 2 2 1 1 2653 5322 2062
3206 2 2 1 1 4026 5196 4913
3207 2 2 1 1 4110 4850 3944
3208 2 2 1 1 2977 3534 3533
3209 2 2 1 1 1081 5027 57
3210 2 2 1 1 3399 3826 3478
3211 2 2 1 1 423 3889 1533
3212 2 2 1 1 4669 4755 2334
3213 2 2 1 1 368 4467 3855
3214 2 2 1 1 4921 5008 4074
3215 2 2 1 1 422 3889 423
3216 2 2 1 1 2575 4990 2576
3217 2 2 1 1 1180 547 1181
3218 2 2 1 1 4546 5470 4210
3219 2 2 1 1 2602 4737 4645
3220 2 2 1 1 2090 4445 2089
3221 2 2 1 1 4077 4857 3007
3222 2 2 1 1 4701 5009 2865
3223 2 2 1 1 4809 5247 3915
3224 2 2 1 1 4852 4930 4505
3225 2 2 1 1 59 4200 60
3226 2 2 1 1 3502 4980 4360
3227 2 2 1 1 4744 5022 2926
3228 2 2 1 1 3581 4930 4194
3229 2 2 1 1 4087 4921 4074
3230 2 2 1 1 3403 5426 3306
3231 2 2 1 1 877 5328 878
3232 2 2 1 1 3863 5439 4636
3233 2 2 1 1 3641 5117 4579
3234 2 2 1 1 158 4868 159
3235 2 2 1 1 4896 4942 4388
3236 2 2 1 1 3757 5035 2993
3237 2 2 1 1 3685 4135 2346
3238 2 2 1 1 3800 4990 2575
3239 2 2 1 1 214 5047 2804
3240 2 2 1 1 3985 4821 2976
3241 2 2 1 1 4484 4846 1238
3242 2 2 1 1 3116 3470 46
3243 2 2 1 1 2614 4910 2615
3244 2 2 1 1 3132 5132 4926
3245 2 2 1 1 3628 4942 3629
3246 2 2 1 1 4219 4978 3805
3247 2 2 1 1 1852 3987 3280
3248 2 2 1 1 4287 5206 1755
3249 2 2 1 1 2621 4852 3117
3250 2 2 1 1 756 4220 757
3251 2 2 1 1 3386 5003 3844
3252 2 2 1 1 3112 4982 3355
3253 2 2 1 1 3144 5130 4959
3254 2 2 1 1 4775 5388 3909
3255 2 2 1 1 1125 4238 1126
3256 2 2 1 1 2987 5462 3809
3257 2 2 1 1 1588 3812 1779
3258 2 2 1 1 5221 5237 4387
3259 2 2 1 1 157 5423 4573
3260 2 2 1 1 3544 5456 3099
3261 2 2 1 1 4210 5470 3067
3262 2 2 1 1 4697 4785 3028
3263 2 2 1 1 4132 5166 4131
3264 2 2 1 1 3455 4523 11
3265 2 2 1 1 4028 4926 4100
3266 2 2 1 1 3883 4643 2582
3267 2 2 1 1 4366 4973 3585
3268 2 2 1 1 3611 4927 4409
3269 2 2 1 1 476 5212 5204
3270 2 2 1 1 3160 4168 4012
3271 2 2 1 1 2547 3600 231
3272 2 2 1 1 4655 4725 4354
3273 2 2 1 1 4118 5124 4430
3274 2 2 1 1 2050 3890 2885
3275 2 2 1 1 4668 5461 3043
3276 2 2 1 1 856 4536 2958
3277 2 2 1 1 4117 5124 4118
3278 2 2 1 1 4024 5262 4025
3279 2 2 1 1 3228 4197 452
3280 2 2 1 1 1763 4307 3575
3281 2 2 1 1 2604 4868 2605
3282 2 2 1 1 2483 2957 325
3283 2 2 1 1 3121 5101 4173
3284 2 2 1 1 3310 5253 4291
3285 2 2 1 1 3951 5260 4596
3286 2 2 1 1 1828 4295 1829
3287 2 2 1 1 3843 5315 504
3288 2 2 1 1 4100 4921 4590
3289 2 2 1 1 5 3477 3434
3290 2 2 1 1 3238 4259 922
3291 2 2 1 1 2919 4702 4324
3292 2 2 1 1 2721 4816 2720
3293 2 2 1 1 2388 3799 2389
3294 2 2 1 1 745 4610 1706
3295 2 2 1 1 4029 4355 2934
3296 2 2 1 1 2506 4144 503
3297 2 2 1 1 4380 4654 3336
3298 2 2 1 1 3603 5095 4777
3299 2 2 1 1 1810 4446 1811
3300 2 2 1 1 3834 5288 1922
3301 2 2 1 1 4673 5269 233
3302 2 2 1 1 3321 3735 810
3303 2 2 1 1 3018 5343 4270
3304 2 2 1 1 4350 5216 4825
3305 2 2 1 1 1227 4274 4191
3306 2 2 1 1 486 4690 3551
3307 2 2 1 1 3170 4544 3884
3308 2 2 1 1 4205 4798 3210
3309 2 2 1 1 915 4606 3001
3310 2 2 1 1 805 3340 370
3311 2 2 1 1 3545 4736 4134
3312 2 2 1 1 2562 4834 2563
3313 2 2 1 1 4324 4685 3215
3314 2 2 1 1 3083 5272 4562
3315 2 2 1 1 3370 4243 581
3316 2 2 1 1 4322 5199 5165
3317 2 2 1 1 3859 4755 4669
3318 2 2 1 1 4235 4533 3058
3319 2 2 1 1 255 4599 256
3320 2 2 1 1 5032 5102 3449
3321 2 2 1 1 4672 5455 3737
3322 2 2 1 1 4098 4898 4873
3323 2 2 1 1 4072 4880 4073
3324 2 2 1 1 1943 4710 2981
3325 2 2 1 1 882 3448 585
3326 2 2 1 1 4590 4921 4087
3327 2 2 1 1 4825 5221 4387
3328 2 2 1 1 458 1438 459
3329 2 2 1 1 3722 5128 3608
3330 2 2 1 1 2923 4344 3828
3331 2 2 1 1 4524 5143 3166
3332 2 2 1 1 4047 4200 59
3333 2 2 1 1 2799 4988 2798
3334 2 2 1 1 2853 5008 4921
3335 2 2 1 1 3449 5152 5032
3336 2 2 1 1 4208 4629 4017
3337 2 2 1 1 3585 3589 3020
3338 2 2 1 1 3890 4139 2885
3339 2 2 1 1 4791 5083 4526
3340 2 2 1 1 3122 4919 3849
3341 2 2 1 1 5083 5387 3190
3342 2 2 1 1 594 5372 595
3343 2 2 1 1 3879 4691 3177
3344 2 2 1 1 3431 4161 2931
3345 2 2 1 1 3732 4766 3042
3346 2 2 1 1 3569 5045 4868
3347 2 2 1 1 5215 5427 1685
3348 2 2 1 1 3120 4587 627
3349 2 2 1 1 4345 5444 4461
3350 2 2 1 1 2886 4366 3997
3351 2 2 1 1 4405 4810 3638
3352 2 2 1 1 2245 4461 2246
3353 2 2 1 1 2159 5018 2160
3354 2 2 1 1 2688 4671 2369
3355 2 2 1 1 2514 4587 4474
3356 2 2 1 1 1215 4853 3186
3357 2 2 1 1 2802 5087 3959
3358 2 2 1 1 3082 4227 3971
3359 2 2 1 1 4707 5408 3718
3360 2 2 1 1 5010 5164 3319
3361 2 2 1 1 3712 4694 4670
3362 2 2 1 1 3950 3951 2939
3363 2 2 1 1 4166 4737 3320
3364 2 2 1 1 425 5220 426
3365 2 2 1 1 3785 4855 4739
3366 2 2 1 1 3837 4714 2600
3367 2 2 1 1 4301 5170 1109
3368 2 2 1 1 2259 2862 2258
3369 2 2 1 1 24 5279 5051
3370 2 2 1 1 3593 4951 3106
3371 2 2 1 1 4562 5272 4075
3372 2 2 1 1 5087 5334 2305
3373 2 2 1 1 3575 5445 1763
3374 2 2 1 1 4391 4468 3240
3375 2 2 1 1 3370 4839 4243
3376 2 2 1 1 4039 5180 4434
3377 2 2 1 1 4476 5097 3655
3378 2 2 1 1 3405 4460 3404
3379 2 2 1 1 3905 5093 4989
3380 2 2 1 1 4192 4558 3618
3381 2 2 1 1 3835 5207 3624
3382 2 2 1 1 3654 5037 4206
3383 2 2 1 1 3264 4620 1696
3384 2 2 1 1 3802 4062 1855
3385 2 2 1 1 1310 3391 1309
3386 2 2 1 1 3444 4908 4112
3387 2 2 1 1 3567 3568 1373
3388 2 2 1 1 532 4090 319
3389 2 2 1 1 1429 4443 771
3390 2 2 1 1 778 3390 3091
3391 2 2 1 1 3033 5019 4227
3392 2 2 1 1 3574 5173 4400
3393 2 2 1 1 3127 4520 3149
3394 2 2 1 1 3517 5367 4423
3395 2 2 1 1 1906 3073 2952
3396 2 2 1 1 1476 4629 3472
3397 2 2 1 1 3588 3812 1798
3398 2 2 1 1 4824 5263 3761
3399 2 2 1 1 3970 4950 4553
3400 2 2 1 1 4411 5117 3641
3401 2 2 1 1 2781 3399 2780
3402 2 2 1 1 3323 4290 4054
3403 2 2 1 1 2517 5357 2518
3404 2 2 1 1 3867 4606 3498
3405 2 2 1 1 3088 3697 3696
3406 2 2 1 1 4979 5234 4137
3407 2 2 1 1 4918 5144 4482
3408 2 2 1 1 3696 5413 3920
3409 2 2 1 1 4844 5183 3845
3410 2 2 1 1 4555 5274 3808
3411 2 2 1 1 4363 4779 4738
3412 2 2 1 1 1366 4381 1367
3413 2 2 1 1 6 4477 7
3414 2 2 1 1 2803 5087 2802
3415 2 2 1 1 1622 3994 1623
3416 2 2 1 1 4342 4949 4055
3417 2 2 1 1 4685 5208 3040
3418 2 2 1 1 4737 5180 4645
3419 2 2 1 1 4327 5141 3940
3420 2 2 1 1 196 4907 2500
3421 2 2 1 1 3495 3779 3124
3422 2 2 1 1 2493 4698 1000
3423 2 2 1 1 3626 5313 3625
3424 2 2 1 1 3150 5446 4201
3425 2 2 1 1 1665 4936 1666
3426 2 2 1 1 3192 5067 3741
3427 2 2 1 1 4831 5254 3231
3428 2 2 1 1 3391 5193 1309
3429 2 2 1 1 1509 4341 2998
3430 2 2 1 1 1301 1271 1300
3431 2 2 1 1 4111 4770 2947
3432 2 2 1 1 3211 3654 3210
3433 2 2 1 1 3268 3911 2649
3434 2 2 1 1 3017 3712 1576
3435 2 2 1 1 4354 4984 3565
3436 2 2 1 1 3405 5333 3592
3437 2 2 1 1 2827 5371 4241
3438 2 2 1 1 3482 4311 3119
3439 2 2 1 1 4239 5091 4105
3440 2 2 1 1 4892 5086 4282
3441 2 2 1 1 3245 4862 3549
3442 2 2 1 1 2962 5441 3713
3443 2 2 1 1 4553 4950 4317
3444 2 2 1 1 4525 5287 3970
3445 2 2 1 1 3195 4997 3737
3446 2 2 1 1 1352 5354 568
3447 2 2 1 1 4898 5291 3046
3448 2 2 1 1 4761 4856 4051
3449 2 2 1 1 592 5316 593
3450 2 2 1 1 3502 4360 1235
3451 2 2 1 1 3967 5005 4733
3452 2 2 1 1 3081 4240 4170
3453 2 2 1 1 2727 5394 4684
3454 2 2 1 1 4733 5005 3275
3455 2 2 1 1 4387 5237 4746
3456 2 2 1 1 4761 4985 3964
3457 2 2 1 1 4702 5232 3221
3458 2 2 1 1 3266 3814 3093
3459 2 2 1 1 3282 4788 4421
3460 2 2 1 1 2962 4753 3368
3461 2 2 1 1 3608 5128 4577
3462 2 2 1 1 1483 3919 1484
3463 2 2 1 1 3490 5084 4557
3464 2 2 1 1 3197 4253 4247
3465 2 2 1 1 3911 5100 3587
3466 2 2 1 1 3786 4618 3093
3467 2 2 1 1 3912 5300 3189
3468 2 2 1 1 2542 5011 923
3469 2 2 1 1 3330 4769 2873
3470 2 2 1 1 3618 4558 3072
3471 2 2 1 1 1371 3975 1372
3472 2 2 1 1 2344 5085 3223
3473 2 2 1 1 2697 4242 2399
3474 2 2 1 1 4057 4113 1490
3475 2 2 1 1 2369 4292 2689
3476 2 2 1 1 259 3814 260
3477 2 2 1 1 4069 5113 2795
3478 2 2 1 1 4823 4824 3397
3479 2 2 1 1 4008 5280 3979
3480 2 2 1 1 473 5054 197
3481 2 2 1 1 2858 4640 4147
3482 2 2 1 1 3590 5172 4744
3483 2 2 1 1 2942 3816 3421
3484 2 2 1 1 3261 4105 240
3485 2 2 1 1 4441 5390 4187
3486 2 2 1 1 2052 4494 2053
3487 2 2 1 1 1789 4822 3426
3488 2 2 1 1 3366 4221 1843
3489 2 2 1 1 3723 3894 1953
3490 2 2 1 1 3044 4694 3712
3491 2 2 1 1 771 4393 1429
3492 2 2 1 1 2539 4848 894
3493 2 2 1 1 2614 5163 4910
3494 2 2 1 1 4077 4591 3327
3495 2 2 1 1 4400 5173 2971
3496 2 2 1 1 3824 5029 3219
3497 2 2 1 1 3951 4926 4028
3498 2 2 1 1 2972 4956 3196
3499 2 2 1 1 2287 3950 2939
3500 2 2 1 1 3428 4784 3899
3501 2 2 1 1 2975 3522 2252
3502 2 2 1 1 4103 5352 3558
3503 2 2 1 1 3424 5020 1637
3504 2 2 1 1 3397 4980 3232
3505 2 2 1 1 2953 4681 4538
3506 2 2 1 1 3359 4803 1342
3507 2 2 1 1 3759 4810 2898
3508 2 2 1 1 3044 3712 3017
3509 2 2 1 1 568 4799 1352
3510 2 2 1 1 1866 4127 1867
3511 2 2 1 1 2900 4124 3192
3512 2 2 1 1 3329 4321 2646
3513 2 2 1 1 2813 5454 4123
3514 2 2 1 1 2869 4775 3909
3515 2 2 1 1 2720 4925 2719
3516 2 2 1 1 513 5134 4076
3517 2 2 1 1 4135 4620 3264
3518 2 2 1 1 4859 4860 3526
3519 2 2 1 1 2447 3254 2448
3520 2 2 1 1 2446 4798 2447
3521 2 2 1 1 3776 4316 3285
3522 2 2 1 1 4926 5132 4100
3523 2 2 1 1 3179 4784 4065
3524 2 2 1 1 2775 4994 2774
3525 2 2 1 1 2592 3870 2593
3526 2 2 1 1 3996 4466 2886
3527 2 2 1 1 4101 5319 5314
3528 2 2 1 1 3958 5028 3272
3529 2 2 1 1 4479 5237 2940
3530 2 2 1 1 5291 5330 3377
3531 2 2 1 1 106 4965 4159
3532 2 2 1 1 3046 5291 3377
3533 2 2 1 1 5106 5407 3604
3534 2 2 1 1 5015 5232 4702
3535 2 2 1 1 3525 5081 1898
3536 2 2 1 1 4687 5430 3844
3537 2 2 1 1 3150 3982 126
3538 2 2 1 1 3786 5079 4618
3539 2 2 1 1 567 4799 568
3540 2 2 1 1 2585 4157 3567
3541 2 2 1 1 611 5116 3442
3542 2 2 1 1 4717 5362 3163
3543 2 2 1 1 2569 4954 2570
3544 2 2 1 1 1558 4627 1559
3545 2 2 1 1 3017 5168 3482
3546 2 2 1 1 4021 5070 3818
3547 2 2 1 1 3214 4447 2280
3548 2 2 1 1 3417 5205 2952
3549 2 2 1 1 4600 4973 4366
3550 2 2 1 1 4797 5219 2520
3551 2 2 1 1 3132 4596 4451
3552 2 2 1 1 2813 4758 2812
3553 2 2 1 1 3154 4502 687
3554 2 2 1 1 3660 4663 4102
3555 2 2 1 1 3904 5432 3866
3556 2 2 1 1 1392 5100 4352
3557 2 2 1 1 3478 4149 3399
3558 2 2 1 1 4657 4829 2650
3559 2 2 1 1 5107 5438 3871
3560 2 2 1 1 1666 4936 4267
3561 2 2 1 1 3707 5066 3733
3562 2 2 1 1 4849 4850 2503
3563 2 2 1 1 3987 4121 3280
3564 2 2 1 1 2660 3755 2661
3565 2 2 1 1 1132 4057 1489
3566 2 2 1 1 2568 5099 2569
3567 2 2 1 1 3261 5137 4239
3568 2 2 1 1 324 3400 2481
3569 2 2 1 1 1847 4480 1848
3570 2 2 1 1 4716 5268 3835
3571 2 2 1 1 3141 5164 5010
3572 2 2 1 1 2500 4907 475
3573 2 2 1 1 208 4337 4091
3574 2 2 1 1 4317 5452 4143
3575 2 2 1 1 4201 5202 5151
3576 2 2 1 1 2338 4528 2339
3577 2 2 1 1 2496 5077 2497
3578 2 2 1 1 4049 5308 4045
3579 2 2 1 1 1204 4686 4377
3580 2 2 1 1 2497 5077 3386
3581 2 2 1 1 4669 4892 3859
3582 2 2 1 1 545 5327 4885
3583 2 2 1 1 2902 3907 3771
3584 2 2 1 1 3769 4403 2994
3585 2 2 1 1 3471 5197 5059
3586 2 2 1 1 284 5184 285
3587 2 2 1 1 3725 5428 1370
3588 2 2 1 1 4278 5224 3746
3589 2 2 1 1 4095 4096 3208
3590 2 2 1 1 2268 3701 2791
3591 2 2 1 1 3752 4308 3233
3592 2 2 1 1 4570 4998 3748
3593 2 2 1 1 3589 4913 3440
3594 2 2 1 1 1142 5142 5040
3595 2 2 1 1 3808 4958 4640
3596 2 2 1 1 3705 4016 2997
3597 2 2 1 1 4304 4305 3022
3598 2 2 1 1 3202 4032 1089
3599 2 2 1 1 3566 3990 2915
3600 2 2 1 1 2934 4902 4029
3601 2 2 1 1 3063 3407 2866
3602 2 2 1 1 3223 3822 3685
3603 2 2 1 1 3606 5461 4668
3604 2 2 1 1 4022 5088 4230
3605 2 2 1 1 1191 3989 1174
3606 2 2 1 1 2537 5098 3762
3607 2 2 1 1 4279 5003 4097
3608 2 2 1 1 4507 5301 3747
3609 2 2 1 1 7 4544 8
3610 2 2 1 1 4017 4629 3181
3611 2 2 1 1 3497 3794 3063
3612 2 2 1 1 3698 5193 3724
3613 2 2 1 1 3348 3932 2743
3614 2 2 1 1 3410 4296 411
3615 2 2 1 1 4026 5293 4973
3616 2 2 1 1 4404 5013 3532
3617 2 2 1 1 4959 5130 3504
3618 2 2 1 1 3751 4998 4343
3619 2 2 1 1 4780 4917 2903
3620 2 2 1 1 3704 5093 5092
3621 2 2 1 1 4502 4918 4111
3622 2 2 1 1 3856 5107 3857
3623 2 2 1 1 4381 4532 3578
3624 2 2 1 1 2466 5106 252
3625 2 2 1 1 4029 4902 4028
3626 2 2 1 1 1065 3090 1066
3627 2 2 1 1 4004 5103 3739
3628 2 2 1 1 4430 4710 2734
3629 2 2 1 1 48 3470 1378
3630 2 2 1 1 4316 5386 3285
3631 2 2 1 1 4374 4440 3069
3632 2 2 1 1 512 5461 3250
3633 2 2 1 1 3496 4369 2231
3634 2 2 1 1 3899 4127 2297
3635 2 2 1 1 2028 3497 3488
3636 2 2 1 1 2236 4372 2221
3637 2 2 1 1 4482 5144 3311
3638 2 2 1 1 4651 5037 3654
3639 2 2 1 1 3488 3497 2060
3640 2 2 1 1 4306 5368 847
3641 2 2 1 1 3515 5253 3310
3642 2 2 1 1 3106 5205 3417
3643 2 2 1 1 1335 4473 1336
3644 2 2 1 1 3483 5111 2526
3645 2 2 1 1 3622 5301 4507
3646 2 2 1 1 3194 3784 3004
3647 2 2 1 1 1740 4539 1741
3648 2 2 1 1 1494 4540 1495
3649 2 2 1 1 4554 5069 3788
3650 2 2 1 1 2255 3775 2091
3651 2 2 1 1 3231 5254 2076
3652 2 2 1 1 4795 5143 4438
3653 2 2 1 1 2581 4938 2582
3654 2 2 1 1 3086 4911 4719
3655 2 2 1 1 3714 5042 4767
3656 2 2 1 1 3856 5438 5107
3657 2 2 1 1 3888 5115 5007
3658 2 2 1 1 4236 5439 3863
3659 2 2 1 1 5032 5152 3880
3660 2 2 1 1 134 4695 1724
3661 2 2 1 1 4281 5224 2970
3662 2 2 1 1 4841 5277 4305
3663 2 2 1 1 3308 3430 2931
3664 2 2 1 1 3674 3757 2993
3665 2 2 1 1 2629 3903 1584
3666 2 2 1 1 3002 5130 4462
3667 2 2 1 1 2685 5085 2344
3668 2 2 1 1 2985 4133 3796
3669 2 2 1 1 1179 4195 527
3670 2 2 1 1 795 4542 796
3671 2 2 1 1 3290 4655 3564
3672 2 2 1 1 2489 3855 808
3673 2 2 1 1 3421 3816 2238
3674 2 2 1 1 371 3340 2841
3675 2 2 1 1 4161 4679 2875
3676 2 2 1 1 3777 4995 3776
3677 2 2 1 1 3844 5440 445
3678 2 2 1 1 1451 4185 3011
3679 2 2 1 1 3012 5339 3892
3680 2 2 1 1 2197 4210 3067
3681 2 2 1 1 3424 5271 5020
3682 2 2 1 1 4676 5408 4340
3683 2 2 1 1 4190 5401 3123
3684 2 2 1 1 2992 3383 2423
3685 2 2 1 1 3713 5441 3568
3686 2 2 1 1 4526 5083 3190
3687 2 2 1 1 3166 5143 4506
3688 2 2 1 1 4690 4917 3296
3689 2 2 1 1 3614 4237 2866
3690 2 2 1 1 1563 5026 348
3691 2 2 1 1 3480 5030 3479
3692 2 2 1 1 3806 4793 3187
3693 2 2 1 1 3660 5029 3010
3694 2 2 1 1 891 3422 803
3695 2 2 1 1 3553 5414 3555
3696 2 2 1 1 3735 5364 4034
3697 2 2 1 1 4767 4890 3626
3698 2 2 1 1 3650 4890 4767
3699 2 2 1 1 3363 5255 4795
3700 2 2 1 1 3437 4135 3264
3701 2 2 1 1 768 3833 72
3702 2 2 1 1 3787 4672 2043
3703 2 2 1 1 2981 4632 2640
3704 2 2 1 1 3286 5225 2644
3705 2 2 1 1 1118 5227 2626
3706 2 2 1 1 426 5220 3410
3707 2 2 1 1 1024 3988 2985
3708 2 2 1 1 4508 5141 3105
3709 2 2 1 1 3441 3836 1027
3710 2 2 1 1 2043 4672 3139
3711 2 2 1 1 3034 5025 3651
3712 2 2 1 1 2149 4428 2150
3713 2 2 1 1 2897 3313 3199
3714 2 2 1 1 2626 5227 1795
3715 2 2 1 1 5006 5401 3688
3716 2 2 1 1 2892 4534 4531
3717 2 2 1 1 837 3968 2590
3718 2 2 1 1 3471 5059 4816
3719 2 2 1 1 757 4220 3038
3720 2 2 1 1 4620 5163 2613
3721 2 2 1 1 4893 4952 3728
3722 2 2 1 1 21 4626 22
3723 2 2 1 1 2507 5315 4291
3724 2 2 1 1 3026 5216 5085
3725 2 2 1 1 220 3671 3175
3726 2 2 1 1 1015 3257 3123
3727 2 2 1 1 4786 5072 554
3728 2 2 1 1 1456 4861 3872
3729 2 2 1 1 3562 3563 2964
3730 2 2 1 1 1134 4849 4351
3731 2 2 1 1 4589 5149 5137
3732 2 2 1 1 2914 5299 4604
3733 2 2 1 1 349 3530 350
3734 2 2 1 1 1376 3368 50
3735 2 2 1 1 2945 5386 4984
3736 2 2 1 1 1602 5182 3485
3737 2 2 1 1 3469 5066 4802
3738 2 2 1 1 4085 5463 4398
3739 2 2 1 1 3785 4739 3004
3740 2 2 1 1 3449 5102 2884
3741 2 2 1 1 3776 4995 4316
3742 2 2 1 1 4218 5314 2611
3743 2 2 1 1 4016 4906 3519
3744 2 2 1 1 3133 5254 4532
3745 2 2 1 1 320 532 319
3746 2 2 1 1 1088 4288 3202
3747 2 2 1 1 1697 4550 3887
3748 2 2 1 1 2613 5163 2614
3749 2 2 1 1 2732 4765 2731
3750 2 2 1 1 5086 5302 3753
3751 2 2 1 1 2975 3523 3522
3752 2 2 1 1 4142 5264 4598
3753 2 2 1 1 5151 5202 3953
3754 2 2 1 1 4284 4721 3111
3755 2 2 1 1 3047 4176 3922
3756 2 2 1 1 4551 5094 4584
3757 2 2 1 1 4785 5068 3028
3758 2 2 1 1 3704 5091 3705
3759 2 2 1 1 3226 4573 3695
3760 2 2 1 1 4576 5253 3515
3761 2 2 1 1 5067 5470 3942
3762 2 2 1 1 2892 3513 3512
3763 2 2 1 1 3658 5399 1916
3764 2 2 1 1 3871 5438 3352
3765 2 2 1 1 3048 4919 3999
3766 2 2 1 1 4770 4918 4482
3767 2 2 1 1 1329 3931 1330
3768 2 2 1 1 4319 5353 4318
3769 2 2 1 1 4395 5160 2647
3770 2 2 1 1 709 4497 4370
3771 2 2 1 1 4614 5140 3201
3772 2 2 1 1 3576 5299 3673
3773 2 2 1 1 3321 4136 3735
3774 2 2 1 1 3361 5403 4607
3775 2 2 1 1 2647 5160 2648
3776 2 2 1 1 3754 4888 3037
3777 2 2 1 1 261 5016 1623
3778 2 2 1 1 493 4351 494
3779 2 2 1 1 727 3756 3439
3780 2 2 1 1 1253 3868 1254
3781 2 2 1 1 3845 5183 4476
3782 2 2 1 1 4767 5042 3534
3783 2 2 1 1 4518 5384 3727
3784 2 2 1 1 1979 3336 3184
3785 2 2 1 1 4784 5295 3899
3786 2 2 1 1 3426 4162 3092
3787 2 2 1 1 4098 5291 4898
3788 2 2 1 1 3981 4917 4780
3789 2 2 1 1 1233 4535 1234
3790 2 2 1 1 2555 4863 1794
3791 2 2 1 1 4340 5408 4707
3792 2 2 1 1 3534 5042 3533
3793 2 2 1 1 2776 5131 2775
3794 2 2 1 1 772 4661 773
3795 2 2 1 1 4332 4839 3370
3796 2 2 1 1 4156 5345 2938
3797 2 2 1 1 2212 4616 329
3798 2 2 1 1 4856 4869 4259
3799 2 2 1 1 5058 5274 4555
3800 2 2 1 1 4604 5299 3603
3801 2 2 1 1 3050 4593 4019
3802 2 2 1 1 3250 5134 513
3803 2 2 1 1 4037 5206 3916
3804 2 2 1 1 367 4467 368
3805 2 2 1 1 4413 5317 4844
3806 2 2 1 1 3979 5280 3981
3807 2 2 1 1 2105 3257 2103
3808 2 2 1 1 244 3289 1469
3809 2 2 1 1 3295 5270 4551
3810 2 2 1 1 3716 5310 2834
3811 2 2 1 1 4063 5071 3309
3812 2 2 1 1 4598 5449 4142
3813 2 2 1 1 3917 4204 1288
3814 2 2 1 1 3326 5157 4152
3815 2 2 1 1 3862 5356 4211
3816 2 2 1 1 4245 5133 4750
3817 2 2 1 1 2977 4940 4454
3818 2 2 1 1 3821 4727 2907
3819 2 2 1 1 4676 5342 4080
3820 2 2 1 1 4504 5200 4004
3821 2 2 1 1 3852 4163 2901
3822 2 2 1 1 99 4828 3594
3823 2 2 1 1 4725 5265 2966
3824 2 2 1 1 5094 5270 4350
3825 2 2 1 1 2959 5377 5092
3826 2 2 1 1 3662 4956 4126
3827 2 2 1 1 2999 4787 4585
3828 2 2 1 1 4691 5198 3177
3829 2 2 1 1 3074 4172 3765
3830 2 2 1 1 2682 4127 1866
3831 2 2 1 1 3113 5346 4264
3832 2 2 1 1 2740 5276 3398
3833 2 2 1 1 2957 4790 4630
3834 2 2 1 1 2775 5131 4994
3835 2 2 1 1 1506 5080 3341
3836 2 2 1 1 3957 5446 4212
3837 2 2 1 1 2909 4648 4467
3838 2 2 1 1 3019 3753 3039
3839 2 2 1 1 2904 4883 3984
3840 2 2 1 1 459 1438 1437
3841 2 2 1 1 4839 5430 3762
3842 2 2 1 1 1245 4982 1246
3843 2 2 1 1 1598 5320 4169
3844 2 2 1 1 3373 4814 3443
3845 2 2 1 1 3097 4397 3488
3846 2 2 1 1 3960 4641 3317
3847 2 2 1 1 4641 4720 3317
3848 2 2 1 1 2792 5210 2662
3849 2 2 1 1 3864 5216 4350
3850 2 2 1 1 2781 3826 3399
3851 2 2 1 1 2558 5222 2559
3852 2 2 1 1 4438 5218 4437
3853 2 2 1 1 3660 4703 4663
3854 2 2 1 1 1781 3588 2627
3855 2 2 1 1 3416 4885 402
3856 2 2 1 1 4241 5371 3462
3857 2 2 1 1 4382 5156 2999
3858 2 2 1 1 4972 5091 4239
3859 2 2 1 1 3705 5091 4972
3860 2 2 1 1 2213 5129 2214
3861 2 2 1 1 96 4585 97
3862 2 2 1 1 4868 5045 2605
3863 2 2 1 1 3448 5273 3287
3864 2 2 1 1 3913 3914 2876
3865 2 2 1 1 2845 2989 1104
3866 2 2 1 1 2150 4588 2151
3867 2 2 1 1 4735 5357 2517
3868 2 2 1 1 5375 5413 3945
3869 2 2 1 1 3380 5228 4785
3870 2 2 1 1 2163 4671 2164
3871 2 2 1 1 4331 5074 2933
3872 2 2 1 1 4142 5449 4150
3873 2 2 1 1 4162 5417 3092
3874 2 2 1 1 4194 5250 3539
3875 2 2 1 1 3818 5070 4675
3876 2 2 1 1 4403 5283 2994
3877 2 2 1 1 4519 5233 3717
3878 2 2 1 1 2881 4032 3714
3879 2 2 1 1 2990 5109 3634
3880 2 2 1 1 4293 5040 3196
3881 2 2 1 1 2543 5257 2544
3882 2 2 1 1 2554 5227 1118
3883 2 2 1 1 3298 5209 973
3884 2 2 1 1 2980 4942 3628
3885 2 2 1 1 2852 3311 2996
3886 2 2 1 1 1234 4535 3502
3887 2 2 1 1 3900 4650 3299
3888 2 2 1 1 3624 3873 1941
3889 2 2 1 1 5131 5464 4994
3890 2 2 1 1 1119 3773 2991
3891 2 2 1 1 355 3888 3297
3892 2 2 1 1 2872 4768 3921
3893 2 2 1 1 2376 5071 4063
3894 2 2 1 1 4047 5275 3334
3895 2 2 1 1 3353 3473 2184
3896 2 2 1 1 2011 3632 3617
3897 2 2 1 1 4747 5021 2516
3898 2 2 1 1 2741 5251 5129
3899 2 2 1 1 4406 5235 2574
3900 2 2 1 1 3241 4071 14
3901 2 2 1 1 4075 5272 3924
3902 2 2 1 1 4474 4916 3112
3903 2 2 1 1 736 4981 3345
3904 2 2 1 1 4527 5332 3463
3905 2 2 1 1 4422 4899 2598
3906 2 2 1 1 2516 5021 3552
3907 2 2 1 1 3964 4985 3963
3908 2 2 1 1 4205 5076 4798
3909 2 2 1 1 5118 5269 4673
3910 2 2 1 1 3869 5284 5183
3911 2 2 1 1 3452 4543 1537
3912 2 2 1 1 2870 4930 4852
3913 2 2 1 1 1107 4014 3030
3914 2 2 1 1 3335 5170 4301
3915 2 2 1 1 3198 3500 608
3916 2 2 1 1 3080 4979 4272
3917 2 2 1 1 1908 3106 2631
3918 2 2 1 1 4816 4925 2720
3919 2 2 1 1 3735 4034 811
3920 2 2 1 1 3160 5328 877
3921 2 2 1 1 2262 4697 2261
3922 2 2 1 1 3587 5100 1391
3923 2 2 1 1 2894 4976 865
3924 2 2 1 1 3035 3956 3272
3925 2 2 1 1 1217 2945 1218
3926 2 2 1 1 412 4196 413
3927 2 2 1 1 3137 5332 3486
3928 2 2 1 1 4379 5022 4495
3929 2 2 1 1 2824 5325 4455
3930 2 2 1 1 3936 4957 4804
3931 2 2 1 1 3622 3645 138
3932 2 2 1 1 3942 5470 4546
3933 2 2 1 1 4424 5294 4245
3934 2 2 1 1 504 5315 2507
3935 2 2 1 1 2991 5417 4670
3936 2 2 1 1 2612 5319 3385
3937 2 2 1 1 4517 4865 2290
3938 2 2 1 1 4766 5361 2849
3939 2 2 1 1 4773 5317 3260
3940 2 2 1 1 3527 4496 3224
3941 2 2 1 1 3543 4862 2309
3942 2 2 1 1 3316 4814 2383
3943 2 2 1 1 3506 5281 3508
3944 2 2 1 1 2391 4229 2392
3945 2 2 1 1 1230 4629 1231
3946 2 2 1 1 2803 5334 5087
3947 2 2 1 1 510 3627 3043
3948 2 2 1 1 1441 3872 3047
3949 2 2 1 1 100 4703 85
3950 2 2 1 1 3857 5326 3593
3951 2 2 1 1 4141 4142 2951
3952 2 2 1 1 2134 4457 3450
3953 2 2 1 1 3196 5040 3337
3954 2 2 1 1 4053 5120 2572
3955 2 2 1 1 3915 5247 4549
3956 2 2 1 1 4101 5314 3342
3957 2 2 1 1 1652 3960 3317
3958 2 2 1 1 4679 5301 2875
3959 2 2 1 1 688 4693 673
3960 2 2 1 1 4448 5228 4447
3961 2 2 1 1 3456 5459 3271
3962 2 2 1 1 4768 5346 3722
3963 2 2 1 1 2648 5160 4904
3964 2 2 1 1 1856 3663 1857
3965 2 2 1 1 2906 5333 3405
3966 2 2 1 1 4115 5259 3304
3967 2 2 1 1 965 3687 2906
3968 2 2 1 1 4492 5240 2677
3969 2 2 1 1 3873 5081 3525
3970 2 2 1 1 1392 4352 1393
3971 2 2 1 1 4042 4925 4816
3972 2 2 1 1 4315 5467 3003
3973 2 2 1 1 507 4934 508
3974 2 2 1 1 3041 4276 4044
3975 2 2 1 1 3731 5297 4049
3976 2 2 1 1 4917 4962 3222
3977 2 2 1 1 2153 4609 2154
3978 2 2 1 1 4032 4827 3714
3979 2 2 1 1 9 4611 10
3980 2 2 1 1 4051 5425 4760
3981 2 2 1 1 4394 4985 3032
3982 2 2 1 1 4448 5068 4785
3983 2 2 1 1 4044 5043 4043
3984 2 2 1 1 3107 4645 4039
3985 2 2 1 1 4573 5423 3095
3986 2 2 1 1 3747 5301 4679
3987 2 2 1 1 4302 5323 3922
3988 2 2 1 1 3675 4420 797
3989 2 2 1 1 2522 5019 4338
3990 2 2 1 1 2927 3501 3176
3991 2 2 1 1 2136 5331 3720
3992 2 2 1 1 4137 5234 4136
3993 2 2 1 1 4819 5375 5335
3994 2 2 1 1 1327 3886 1328
3995 2 2 1 1 4002 4959 523
3996 2 2 1 1 3800 5181 4990
3997 2 2 1 1 2812 5048 4840
3998 2 2 1 1 526 3673 2914
3999 2 2 1 1 3139 4953 3794
4000 2 2 1 1 4080 5342 4079
4001 2 2 1 1 4146 4313 133
4002 2 2 1 1 4598 5264 3513
4003 2 2 1 1 4623 5154 3178
4004 2 2 1 1 4020 4786 553
4005 2 2 1 1 2794 5113 3275
4006 2 2 1 1 3009 3610 3609
4007 2 2 1 1 2205 4453 4336
4008 2 2 1 1 2472 4656 2473
4009 2 2 1 1 4379 4495 2968
4010 2 2 1 1 3762 5430 4687
4011 2 2 1 1 4277 5282 1745
4012 2 2 1 1 1654 4496 3527
4013 2 2 1 1 4406 4815 1149
4014 2 2 1 1 4166 5180 4737
4015 2 2 1 1 2626 4863 1118
4016 2 2 1 1 4716 5225 3286
4017 2 2 1 1 3308 4092 3851
4018 2 2 1 1 3771 5343 3804
4019 2 2 1 1 2598 4899 3825
4020 2 2 1 1 3632 5035 4904
4021 2 2 1 1 605 3702 3292
4022 2 2 1 1 2535 5451 2536
4023 2 2 1 1 4230 5429 4165
4024 2 2 1 1 3480 5031 5030
4025 2 2 1 1 5030 5031 3880
4026 2 2 1 1 1050 3879 3177
4027 2 2 1 1 2677 5240 2678
4028 2 2 1 1 2767 5337 4638
4029 2 2 1 1 4760 5425 3573
4030 2 2 1 1 3536 5469 3538
4031 2 2 1 1 4795 5255 3711
4032 2 2 1 1 973 3991 3298
4033 2 2 1 1 995 5134 2899
4034 2 2 1 1 4779 5195 4727
4035 2 2 1 1 2828 5371 2827
4036 2 2 1 1 2974 5230 3054
4037 2 2 1 1 3945 5413 3696
4038 2 2 1 1 5033 5173 3700
4039 2 2 1 1 4037 5422 2622
4040 2 2 1 1 3422 4114 3553
4041 2 2 1 1 3313 5284 4088
4042 2 2 1 1 3850 5038 1704
4043 2 2 1 1 1763 5445 2623
4044 2 2 1 1 280 4625 281
4045 2 2 1 1 3277 4871 819
4046 2 2 1 1 4091 4337 3049
4047 2 2 1 1 3217 5407 4441
4048 2 2 1 1 3632 5160 3617
4049 2 2 1 1 4136 5364 3735
4050 2 2 1 1 2916 5281 3506
4051 2 2 1 1 3109 3642 3343
4052 2 2 1 1 2988 5157 3960
4053 2 2 1 1 1890 5071 3460
4054 2 2 1 1 3909 5388 4734
4055 2 2 1 1 5035 5396 4099
4056 2 2 1 1 4169 5158 3837
4057 2 2 1 1 1621 4645 3107
4058 2 2 1 1 1527 3910 3682
4059 2 2 1 1 5059 5197 3749
4060 2 2 1 1 4558 5308 3759
4061 2 2 1 1 2362 4865 4517
4062 2 2 1 1 4603 5139 3279
4063 2 2 1 1 4534 5426 4531
4064 2 2 1 1 2806 4613 2805
4065 2 2 1 1 3918 3935 3130
4066 2 2 1 1 869 4155 3542
4067 2 2 1 1 580 3425 3370
4068 2 2 1 1 2421 4704 2422
4069 2 2 1 1 3495 4881 3779
4070 2 2 1 1 3460 4070 1891
4071 2 2 1 1 566 4717 549
4072 2 2 1 1 4602 4765 2190
4073 2 2 1 1 3284 4681 3890
4074 2 2 1 1 3533 3667 3079
4075 2 2 1 1 4280 5358 4281
4076 2 2 1 1 3041 4044 4043
4077 2 2 1 1 3328 5268 4410
4078 2 2 1 1 824 4599 254
4079 2 2 1 1 4950 5287 3329
4080 2 2 1 1 3096 3603 3576
4081 2 2 1 1 514 4373 515
4082 2 2 1 1 3160 4807 4168
4083 2 2 1 1 3035 3272 3253
4084 2 2 1 1 2957 4193 3400
4085 2 2 1 1 3558 5352 2725
4086 2 2 1 1 3765 4581 3524
4087 2 2 1 1 5183 5284 4476
4088 2 2 1 1 1537 3797 3452
4089 2 2 1 1 3087 4729 4050
4090 2 2 1 1 2982 4224 4001
4091 2 2 1 1 4086 5463 4085
4092 2 2 1 1 2632 3088 1909
4093 2 2 1 1 2631 4951 2632
4094 2 2 1 1 4768 5432 3921
4095 2 2 1 1 3779 5356 3862
4096 2 2 1 1 4244 4483 124
4097 2 2 1 1 619 5374 3086
4098 2 2 1 1 3119 5063 1156
4099 2 2 1 1 515 4373 2552
4100 2 2 1 1 1528 4666 1529
4101 2 2 1 1 3746 5224 4723
4102 2 2 1 1 3906 4493 1635
4103 2 2 1 1 3933 5250 2974
4104 2 2 1 1 3323 4054 483
4105 2 2 1 1 894 4848 4170
4106 2 2 1 1 2724 5352 4481
4107 2 2 1 1 4073 5024 2973
4108 2 2 1 1 3190 5387 4757
4109 2 2 1 1 726 5298 3756
4110 2 2 1 1 451 4138 3228
4111 2 2 1 1 3265 4581 3765
4112 2 2 1 1 4054 4780 2903
4113 2 2 1 1 3981 4962 4917
4114 2 2 1 1 4604 5084 3627
4115 2 2 1 1 2684 5047 2457
4116 2 2 1 1 3655 5097 4835
4117 2 2 1 1 1199 5323 4302
4118 2 2 1 1 3077 5273 3448
4119 2 2 1 1 2871 3480 3479
4120 2 2 1 1 2308 2307 2456
4121 2 2 1 1 39 4067 40
4122 2 2 1 1 2483 4790 2957
4123 2 2 1 1 2861 3893 3702
4124 2 2 1 1 3320 5411 3125
4125 2 2 1 1 177 3211 3210
4126 2 2 1 1 3475 3476 2911
4127 2 2 1 1 4909 5265 4264
4128 2 2 1 1 5000 5255 3689
4129 2 2 1 1 1854 3802 1855
4130 2 2 1 1 4200 5330 60
4131 2 2 1 1 3057 3835 3624
4132 2 2 1 1 4311 5169 3119
4133 2 2 1 1 2898 4810 4405
4134 2 2 1 1 3548 3843 295
4135 2 2 1 1 3371 5415 4574
4136 2 2 1 1 4574 5415 4175
4137 2 2 1 1 3000 4426 3620
4138 2 2 1 1 3218 3700 3574
4139 2 2 1 1 2914 4604 3627
4140 2 2 1 1 2532 4870 3604
4141 2 2 1 1 2852 4378 3937
4142 2 2 1 1 2032 4099 3268
4143 2 2 1 1 251 5292 3616
4144 2 2 1 1 2993 5035 3632
4145 2 2 1 1 2137 3813 2136
4146 2 2 1 1 1853 3807 1854
4147 2 2 1 1 3893 5397 3702
4148 2 2 1 1 2883 3777 3776
4149 2 2 1 1 2337 4235 3058
4150 2 2 1 1 3872 4176 3047
4151 2 2 1 1 3009 4405 3638
4152 2 2 1 1 4074 5024 4073
4153 2 2 1 1 254 5213 824
4154 2 2 1 1 3712 4670 4162
4155 2 2 1 1 2728 5394 2727
4156 2 2 1 1 3288 4935 3872
4157 2 2 1 1 710 4878 711
4158 2 2 1 1 4173 5101 3062
4159 2 2 1 1 3088 3696 1909
4160 2 2 1 1 4831 5348 4532
4161 2 2 1 1 5407 5437 3604
4162 2 2 1 1 3730 4875 1701
4163 2 2 1 1 2928 3726 3725
4164 2 2 1 1 3471 4816 2721
4165 2 2 1 1 1124 5120 4053
4166 2 2 1 1 4691 5152 3449
4167 2 2 1 1 3879 5152 4691
4168 2 2 1 1 674 3782 675
4169 2 2 1 1 3264 5034 3437
4170 2 2 1 1 4050 5425 4051
4171 2 2 1 1 3659 3699 88
4172 2 2 1 1 3478 3826 2131
4173 2 2 1 1 1627 4334 3607
4174 2 2 1 1 1059 4219 3805
4175 2 2 1 1 3256 5166 4677
4176 2 2 1 1 4584 5267 3027
4177 2 2 1 1 4152 5157 2988
4178 2 2 1 1 4248 5268 3328
4179 2 2 1 1 4670 5417 4162
4180 2 2 1 1 3664 5300 4781
4181 2 2 1 1 4370 5433 2984
4182 2 2 1 1 935 5316 591
4183 2 2 1 1 1959 4646 1957
4184 2 2 1 1 3270 4860 4859
4185 2 2 1 1 3504 5130 3673
4186 2 2 1 1 3682 3910 1325
4187 2 2 1 1 2868 4708 3691
4188 2 2 1 1 761 3803 762
4189 2 2 1 1 238 4589 239
4190 2 2 1 1 3874 5357 3547
4191 2 2 1 1 2443 5057 2444
4192 2 2 1 1 4464 5378 3725
4193 2 2 1 1 3563 5337 4326
4194 2 2 1 1 2529 4848 2539
4195 2 2 1 1 4023 4490 1498
4196 2 2 1 1 587 4664 661
4197 2 2 1 1 5378 5428 3725
4198 2 2 1 1 4143 4801 2951
4199 2 2 1 1 2900 3192 3126
4200 2 2 1 1 3703 5093 3704
4201 2 2 1 1 3668 5263 4824
4202 2 2 1 1 475 4907 4033
4203 2 2 1 1 316 3848 2832
4204 2 2 1 1 4367 5325 2825
4205 2 2 1 1 2937 4436 3727
4206 2 2 1 1 3296 4917 3222
4207 2 2 1 1 3872 4935 4176
4208 2 2 1 1 3306 5426 4446
4209 2 2 1 1 3042 3731 3730
4210 2 2 1 1 3453 3967 3069
4211 2 2 1 1 254 4599 255
4212 2 2 1 1 3235 5118 3833
4213 2 2 1 1 5092 5377 4105
4214 2 2 1 1 3459 4781 2890
4215 2 2 1 1 4083 4240 3532
4216 2 2 1 1 3171 5063 4546
4217 2 2 1 1 3818 4689 3068
4218 2 2 1 1 2144 4046 3558
4219 2 2 1 1 2871 4609 3480
4220 2 2 1 1 2125 4908 3444
4221 2 2 1 1 2927 3176 2420
4222 2 2 1 1 3668 4040 471
4223 2 2 1 1 2582 4643 3902
4224 2 2 1 1 3674 5176 3757
4225 2 2 1 1 1515 5236 3640
4226 2 2 1 1 461 4772 462
4227 2 2 1 1 1246 3666 1247
4228 2 2 1 1 3122 3849 3529
4229 2 2 1 1 4293 4956 3662
4230 2 2 1 1 4167 4935 3288
4231 2 2 1 1 4322 5165 3391
4232 2 2 1 1 5165 5199 3318
4233 2 2 1 1 2498 4217 479
4234 2 2 1 1 4548 5237 5221
4235 2 2 1 1 3142 4042 3906
4236 2 2 1 1 3287 4058 1354
4237 2 2 1 1 5139 5161 3279
4238 2 2 1 1 270 4720 271
4239 2 2 1 1 2131 4718 3478
4240 2 2 1 1 4490 4754 1498
4241 2 2 1 1 2518 5357 3874
4242 2 2 1 1 4777 5095 3912
4243 2 2 1 1 3809 4013 1804
4244 2 2 1 1 98 5338 3635
4245 2 2 1 1 650 3763 3706
4246 2 2 1 1 3833 5118 4813
4247 2 2 1 1 2678 5240 4579
4248 2 2 1 1 2861 5188 4009
4249 2 2 1 1 3522 5215 3637
4250 2 2 1 1 3673 5299 2914
4251 2 2 1 1 4106 4129 3590
4252 2 2 1 1 1685 5427 1664
4253 2 2 1 1 2856 3446 3445
4254 2 2 1 1 4115 5433 5259
4255 2 2 1 1 4099 5396 3268
4256 2 2 1 1 2296 4983 3471
4257 2 2 1 1 2883 5196 4026
4258 2 2 1 1 3332 3438 2843
4259 2 2 1 1 3549 4862 211
4260 2 2 1 1 3659 4820 3699
4261 2 2 1 1 4151 4826 3153
4262 2 2 1 1 351 4296 3410
4263 2 2 1 1 3487 5176 4488
4264 2 2 1 1 3206 4541 4228
4265 2 2 1 1 2891 3515 3310
4266 2 2 1 1 4072 5078 4880
4267 2 2 1 1 1133 4850 4849
4268 2 2 1 1 4191 4563 1228
4269 2 2 1 1 3076 4121 3987
4270 2 2 1 1 2890 5095 3969
4271 2 2 1 1 4727 5195 2907
4272 2 2 1 1 211 4862 209
4273 2 2 1 1 2661 4603 3279
4274 2 2 1 1 3341 5262 4024
4275 2 2 1 1 3700 5173 3574
4276 2 2 1 1 4209 4612 302
4277 2 2 1 1 3885 5198 4691
4278 2 2 1 1 3950 5260 3951
4279 2 2 1 1 4647 5126 3361
4280 2 2 1 1 2941 5232 5015
4281 2 2 1 1 2961 3880 3879
4282 2 2 1 1 2847 4362 3832
4283 2 2 1 1 4188 4189 3209
4284 2 2 1 1 3337 5040 4019
4285 2 2 1 1 4734 5388 4344
4286 2 2 1 1 4481 4933 1306
4287 2 2 1 1 2955 3839 3838
4288 2 2 1 1 54 3681 3147
4289 2 2 1 1 3789 4772 3415
4290 2 2 1 1 3487 4488 2889
4291 2 2 1 1 910 3634 3633
4292 2 2 1 1 3304 5259 3136
4293 2 2 1 1 4617 4802 3586
4294 2 2 1 1 4729 5425 4050
4295 2 2 1 1 1500 4475 495
4296 2 2 1 1 5259 5433 4501
4297 2 2 1 1 2039 4899 4657
4298 2 2 1 1 899 3454 432
4299 2 2 1 1 2281 4683 3214
4300 2 2 1 1 1151 4694 1152
4301 2 2 1 1 3628 3629 2967
4302 2 2 1 1 3880 5152 3879
4303 2 2 1 1 982 3447 518
4304 2 2 1 1 2805 4613 3274
4305 2 2 1 1 2906 3405 3404
4306 2 2 1 1 3263 5366 1330
4307 2 2 1 1 3934 4069 2795
4308 2 2 1 1 2879 3964 3963
4309 2 2 1 1 301 4179 302
4310 2 2 1 1 3711 5255 5000
4311 2 2 1 1 3706 3763 1454
4312 2 2 1 1 3925 5449 4598
4313 2 2 1 1 695 4593 696
4314 2 2 1 1 2881 3626 3625
4315 2 2 1 1 4012 4763 2894
4316 2 2 1 1 3697 5326 4726
4317 2 2 1 1 4726 5326 3857
4318 2 2 1 1 4210 4545 3171
4319 2 2 1 1 3888 5007 3297
4320 2 2 1 1 2282 4683 2281
4321 2 2 1 1 3038 4501 3928
4322 2 2 1 1 3356 5182 1602
4323 2 2 1 1 3685 4620 4135
4324 2 2 1 1 3030 4301 1108
4325 2 2 1 1 3013 5274 5058
4326 2 2 1 1 686 4228 3154
4327 2 2 1 1 388 4971 3161
4328 2 2 1 1 4744 5172 3642
4329 2 2 1 1 3351 4276 789
4330 2 2 1 1 4640 5324 3599
4331 2 2 1 1 3766 4793 831
4332 2 2 1 1 1293 4148 1292
4333 2 2 1 1 2442 5365 3947
4334 2 2 1 1 3820 4618 3230
4335 2 2 1 1 1090 4032 2881
4336 2 2 1 1 3217 4441 4187
4337 2 2 1 1 1628 4818 162
4338 2 2 1 1 176 3693 3211
4339 2 2 1 1 4105 5377 240
4340 2 2 1 1 3007 3986 3985
4341 2 2 1 1 4866 5114 3241
4342 2 2 1 1 4270 4271 4093
4343 2 2 1 1 4855 5256 4424
4344 2 2 1 1 2904 5465 4883
4345 2 2 1 1 1155 3482 3119
4346 2 2 1 1 3453 5185 3967
4347 2 2 1 1 1148 5235 4406
4348 2 2 1 1 4083 4104 3077
4349 2 2 1 1 2133 4718 2132
4350 2 2 1 1 3029 4666 4614
4351 2 2 1 1 3949 4541 4462
4352 2 2 1 1 3410 5220 3595
4353 2 2 1 1 3965 5192 3966
4354 2 2 1 1 1407 5243 4650
4355 2 2 1 1 4655 5246 4725
4356 2 2 1 1 3280 4121 3709
4357 2 2 1 1 2788 5436 3380
4358 2 2 1 1 4446 4534 1811
4359 2 2 1 1 3859 5283 4755
4360 2 2 1 1 3568 5441 1373
4361 2 2 1 1 4579 5240 2696
4362 2 2 1 1 1516 3640 743
4363 2 2 1 1 676 5046 1174
4364 2 2 1 1 4104 5273 3077
4365 2 2 1 1 1950 3973 3348
4366 2 2 1 1 1948 4182 2744
4367 2 2 1 1 2656 4326 2063
4368 2 2 1 1 4295 4837 3901
4369 2 2 1 1 4065 4784 3428
4370 2 2 1 1 4184 4380 3336
4371 2 2 1 1 4950 5452 4317
4372 2 2 1 1 4305 5277 3022
4373 2 2 1 1 4631 5358 3286
4374 2 2 1 1 4462 4541 3206
4375 2 2 1 1 52 3776 3285
4376 2 2 1 1 3662 4126 2923
4377 2 2 1 1 5181 5383 4990
4378 2 2 1 1 354 4922 3888
4379 2 2 1 1 2000 4321 3282
4380 2 2 1 1 3550 4898 113
4381 2 2 1 1 4363 5195 4779
4382 2 2 1 1 3197 4247 4082
4383 2 2 1 1 4001 4860 2017
4384 2 2 1 1 3241 5114 4071
4385 2 2 1 1 3785 5256 4855
4386 2 2 1 1 3236 5056 3963
4387 2 2 1 1 3012 3892 3677
4388 2 2 1 1 4110 5359 2505
4389 2 2 1 1 2845 3271 2989
4390 2 2 1 1 4956 5444 4126
4391 2 2 1 1 247 4217 248
4392 2 2 1 1 4039 5467 4038
4393 2 2 1 1 3949 5130 3144
4394 2 2 1 1 1372 3975 3946
4395 2 2 1 1 3080 4272 3683
4396 2 2 1 1 3683 3824 3219
4397 2 2 1 1 4272 5370 4648
4398 2 2 1 1 3812 4969 1798
4399 2 2 1 1 4225 5057 3172
4400 2 2 1 1 3156 4392 1382
4401 2 2 1 1 4003 5151 4456
4402 2 2 1 1 4020 4771 1846
4403 2 2 1 1 4614 4922 3595
4404 2 2 1 1 2556 5443 3773
4405 2 2 1 1 3691 3692 2874
4406 2 2 1 1 3603 5299 3576
4407 2 2 1 1 1510 4741 1511
4408 2 2 1 1 3811 4357 4298
4409 2 2 1 1 4471 5006 3359
4410 2 2 1 1 2731 4765 4602
4411 2 2 1 1 3343 5351 2669
4412 2 2 1 1 1362 4433 1672
4413 2 2 1 1 4348 4829 749
4414 2 2 1 1 3098 4851 4646
4415 2 2 1 1 4028 4902 2939
4416 2 2 1 1 112 4659 3550
4417 2 2 1 1 2278 4900 2790
4418 2 2 1 1 3703 3704 2997
4419 2 2 1 1 4141 5264 4142
4420 2 2 1 1 192 3874 193
4421 2 2 1 1 4646 4851 4204
4422 2 2 1 1 2193 3724 3141
4423 2 2 1 1 4723 5224 4281
4424 2 2 1 1 3398 5276 4684
4425 2 2 1 1 3914 5278 2876
4426 2 2 1 1 1432 3968 3597
4427 2 2 1 1 2299 4915 2636
4428 2 2 1 1 854 3727 3267
4429 2 2 1 1 1747 4728 1748
4430 2 2 1 1 2972 5138 4956
4431 2 2 1 1 4763 4976 2894
4432 2 2 1 1 4636 5439 3384
4433 2 2 1 1 3891 4565 2586
4434 2 2 1 1 3329 5287 4321
4435 2 2 1 1 3758 3759 2898
4436 2 2 1 1 3368 4753 3021
4437 2 2 1 1 3667 4198 3079
4438 2 2 1 1 4533 5431 3058
4439 2 2 1 1 4400 5468 1663
4440 2 2 1 1 4363 4738 3251
4441 2 2 1 1 1579 4162 3426
4442 2 2 1 1 3147 4970 4881
4443 2 2 1 1 3753 5302 3039
4444 2 2 1 1 421 5246 4655
4445 2 2 1 1 4041 4078 740
4446 2 2 1 1 3738 3954 2924
4447 2 2 1 1 3427 5291 4226
4448 2 2 1 1 638 4091 639
4449 2 2 1 1 1712 5203 3027
4450 2 2 1 1 3987 5362 3076
4451 2 2 1 1 4532 5348 3578
4452 2 2 1 1 3345 4800 3993
4453 2 2 1 1 3816 3817 3068
4454 2 2 1 1 4636 4704 3176
4455 2 2 1 1 5139 5389 2692
4456 2 2 1 1 3852 5313 4163
4457 2 2 1 1 4945 5469 3536
4458 2 2 1 1 4106 4744 2926
4459 2 2 1 1 3751 4343 2943
4460 2 2 1 1 1455 4861 1456
4461 2 2 1 1 2980 3628 719
4462 2 2 1 1 3808 5274 4958
4463 2 2 1 1 4816 5059 4042
4464 2 2 1 1 1629 5045 4692
4465 2 2 1 1 3285 5386 3681
4466 2 2 1 1 286 4299 4207
4467 2 2 1 1 2572 5120 4082
4468 2 2 1 1 1193 3801 3031
4469 2 2 1 1 2661 5061 4603
4470 2 2 1 1 2501 5245 4735
4471 2 2 1 1 3270 5104 2020
4472 2 2 1 1 1451 5376 4185
4473 2 2 1 1 3076 5362 3927
4474 2 2 1 1 3362 5265 4725
4475 2 2 1 1 4684 5276 2726
4476 2 2 1 1 4785 5228 4448
4477 2 2 1 1 1028 3580 3441
4478 2 2 1 1 2138 3813 2137
4479 2 2 1 1 547 4622 1181
4480 2 2 1 1 1088 5418 4288
4481 2 2 1 1 3441 3580 1358
4482 2 2 1 1 3866 5432 4768
4483 2 2 1 1 2590 4724 837
4484 2 2 1 1 3445 3996 1547
4485 2 2 1 1 2457 5047 214
4486 2 2 1 1 4015 5179 3252
4487 2 2 1 1 2190 4765 2191
4488 2 2 1 1 3952 5373 3953
4489 2 2 1 1 3110 5082 4096
4490 2 2 1 1 4781 5456 3664
4491 2 2 1 1 5079 5222 2558
4492 2 2 1 1 3928 5433 4370
4493 2 2 1 1 1668 4961 2316
4494 2 2 1 1 4680 5310 3716
4495 2 2 1 1 3224 4805 3527
4496 2 2 1 1 2623 5445 4571
4497 2 2 1 1 673 4842 674
4498 2 2 1 1 2882 4809 3913
4499 2 2 1 1 4260 4866 3241
4500 2 2 1 1 3585 5293 3589
4501 2 2 1 1 4746 5237 4479
4502 2 2 1 1 3623 4925 3142
4503 2 2 1 1 4881 4970 3779
4504 2 2 1 1 1393 4660 1394
4505 2 2 1 1 4170 4240 895
4506 2 2 1 1 4883 5465 3667
4507 2 2 1 1 3768 4108 3531
4508 2 2 1 1 3281 5145 4905
4509 2 2 1 1 820 3976 821
4510 2 2 1 1 2853 5132 1886
4511 2 2 1 1 3492 4229 2391
4512 2 2 1 1 3019 5344 3753
4513 2 2 1 1 2902 3770 3769
4514 2 2 1 1 2402 3383 3145
4515 2 2 1 1 3422 3553 3340
4516 2 2 1 1 4299 5304 1054
4517 2 2 1 1 3116 5338 3470
4518 2 2 1 1 5165 5193 3391
4519 2 2 1 1 4369 5082 3110
4520 2 2 1 1 1796 3686 1770
4521 2 2 1 1 4298 4357 3165
4522 2 2 1 1 652 3752 3233
4523 2 2 1 1 3329 5452 4950
4524 2 2 1 1 3011 4895 1452
4525 2 2 1 1 2205 5434 4453
4526 2 2 1 1 744 4610 745
4527 2 2 1 1 3605 4359 2350
4528 2 2 1 1 1399 5304 1400
4529 2 2 1 1 4181 5081 1786
4530 2 2 1 1 203 4730 204
4531 2 2 1 1 204 4731 205
4532 2 2 1 1 1099 5458 3978
4533 2 2 1 1 1704 4035 3850
4534 2 2 1 1 2972 3196 945
4535 2 2 1 1 4114 5414 3553
4536 2 2 1 1 2183 4249 3353
4537 2 2 1 1 4488 5176 3674
4538 2 2 1 1 4432 4593 695
4539 2 2 1 1 2897 3199 1524
4540 2 2 1 1 1254 4747 1255
4541 2 2 1 1 3775 4445 2090
4542 2 2 1 1 722 3803 761
4543 2 2 1 1 4990 5383 169
4544 2 2 1 1 3726 5348 4831
4545 2 2 1 1 3692 5262 2874
4546 2 2 1 1 4911 5374 4346
4547 2 2 1 1 3954 5387 4696
4548 2 2 1 1 3495 4396 56
4549 2 2 1 1 2055 4709 2675
4550 2 2 1 1 2046 3063 2866
4551 2 2 1 1 3427 5330 5291
4552 2 2 1 1 5430 5440 3844
4553 2 2 1 1 3505 4065 2083
4554 2 2 1 1 3931 5447 3263
4555 2 2 1 1 1701 4875 1686
4556 2 2 1 1 3458 4699 2786
4557 2 2 1 1 480 4217 247
4558 2 2 1 1 212 3790 3549
4559 2 2 1 1 487 4838 488
4560 2 2 1 1 4571 5445 3505
4561 2 2 1 1 3031 5093 3703
4562 2 2 1 1 4897 5409 4347
4563 2 2 1 1 3943 4873 3413
4564 2 2 1 1 4938 5344 3883
4565 2 2 1 1 4159 4284 107
4566 2 2 1 1 2569 5099 1826
4567 2 2 1 1 3000 5360 4426
4568 2 2 1 1 3819 3919 1483
4569 2 2 1 1 4431 5195 3597
4570 2 2 1 1 3393 5428 5378
4571 2 2 1 1 3561 3935 2474
4572 2 2 1 1 1777 3529 2599
4573 2 2 1 1 2903 4917 4690
4574 2 2 1 1 4984 5386 4316
4575 2 2 1 1 1274 4851 4368
4576 2 2 1 1 2539 4854 2529
4577 2 2 1 1 3619 4492 2229
4578 2 2 1 1 2156 5410 3412
4579 2 2 1 1 3801 4989 3031
4580 2 2 1 1 2702 5310 4680
4581 2 2 1 1 412 4296 3530
4582 2 2 1 1 3970 5287 4950
4583 2 2 1 1 4189 5317 4773
4584 2 2 1 1 163 4419 164
4585 2 2 1 1 3175 4706 3447
4586 2 2 1 1 3137 3486 2889
4587 2 2 1 1 2928 5348 3726
4588 2 2 1 1 2994 5283 3858
4589 2 2 1 1 3760 4819 2995
4590 2 2 1 1 2316 4263 1668
4591 2 2 1 1 3360 5464 5131
4592 2 2 1 1 3620 4428 2149
4593 2 2 1 1 3827 4463 3131
4594 2 2 1 1 2320 4920 2321
4595 2 2 1 1 4291 5253 3173
4596 2 2 1 1 2850 4858 3933
4597 2 2 1 1 3067 5470 5067
4598 2 2 1 1 864 4893 851
4599 2 2 1 1 2730 4644 4336
4600 2 2 1 1 1958 4646 4429
4601 2 2 1 1 1184 4797 1185
4602 2 2 1 1 3242 4502 4111
4603 2 2 1 1 818 4854 893
4604 2 2 1 1 4228 5144 3154
4605 2 2 1 1 3029 5220 3364
4606 2 2 1 1 4552 5203 3887
4607 2 2 1 1 1197 4016 3519
4608 2 2 1 1 1359 4901 1360
4609 2 2 1 1 5138 5444 4956
4610 2 2 1 1 219 4794 218
4611 2 2 1 1 3805 4221 1060
4612 2 2 1 1 1556 4924 1557
4613 2 2 1 1 2244 4398 2860
4614 2 2 1 1 457 4199 2591
4615 2 2 1 1 903 4231 4084
4616 2 2 1 1 3676 4260 12
4617 2 2 1 1 4798 5076 3254
4618 2 2 1 1 3519 4906 4442
4619 2 2 1 1 4323 4996 2222
4620 2 2 1 1 5164 5355 3319
4621 2 2 1 1 1829 4295 3901
4622 2 2 1 1 4160 5264 4141
4623 2 2 1 1 4774 5274 3013
4624 2 2 1 1 2893 5223 4303
4625 2 2 1 1 5089 5300 3015
4626 2 2 1 1 1222 4909 1209
4627 2 2 1 1 1496 4748 1497
4628 2 2 1 1 5013 5153 4104
4629 2 2 1 1 2939 4902 2286
4630 2 2 1 1 2447 4798 3254
4631 2 2 1 1 1655 4371 1656
4632 2 2 1 1 2312 4749 2313
4633 2 2 1 1 4441 5407 5106
4634 2 2 1 1 3681 4478 3962
4635 2 2 1 1 3773 5417 2991
4636 2 2 1 1 239 4589 3261
4637 2 2 1 1 4601 5367 3517
4638 2 2 1 1 2313 4749 3899
4639 2 2 1 1 1367 4381 3578
4640 2 2 1 1 3388 5036 4989
4641 2 2 1 1 556 4832 557
4642 2 2 1 1 1717 5455 4672
4643 2 2 1 1 3204 5139 2692
4644 2 2 1 1 521 4706 4561
4645 2 2 1 1 3820 4334 3266
4646 2 2 1 1 3476 4920 2911
4647 2 2 1 1 2062 5322 2656
4648 2 2 1 1 4970 5356 3779
4649 2 2 1 1 3545 4134 3129
4650 2 2 1 1 3249 5022 4379
4651 2 2 1 1 3037 4963 1822
4652 2 2 1 1 3562 5337 3563
4653 2 2 1 1 3667 5465 4198
4654 2 2 1 1 4781 5300 3912
4655 2 2 1 1 1462 4778 1463
4656 2 2 1 1 3579 5375 4790
4657 2 2 1 1 2668 3948 3109
4658 2 2 1 1 3303 5050 3584
4659 2 2 1 1 3428 3899 3193
4660 2 2 1 1 3332 5450 3438
4661 2 2 1 1 1318 3331 1319
4662 2 2 1 1 963 5036 3388
4663 2 2 1 1 5204 5212 636
4664 2 2 1 1 2931 4161 151
4665 2 2 1 1 499 4682 500
4666 2 2 1 1 790 4276 3041
4667 2 2 1 1 1855 4062 1856
4668 2 2 1 1 3301 5064 4172
4669 2 2 1 1 3589 5293 4913
4670 2 2 1 1 2222 4494 4323
4671 2 2 1 1 3146 4625 3768
4672 2 2 1 1 3709 4121 1875
4673 2 2 1 1 4502 4693 688
4674 2 2 1 1 3138 4839 4332
4675 2 2 1 1 3344 4728 1747
4676 2 2 1 1 3257 4190 3123
4677 2 2 1 1 2 3528 277
4678 2 2 1 1 604 5159 4145
4679 2 2 1 1 2482 3571 321
4680 2 2 1 1 3974 4806 3331
4681 2 2 1 1 3689 5255 3672
4682 2 2 1 1 2878 3180 3084
4683 2 2 1 1 4580 4705 3643
4684 2 2 1 1 121 4594 4144
4685 2 2 1 1 4144 4529 122
4686 2 2 1 1 2380 5186 2381
4687 2 2 1 1 2844 3532 3081
4688 2 2 1 1 3339 4432 3923
4689 2 2 1 1 391 4006 392
4690 2 2 1 1 1473 4974 492
4691 2 2 1 1 4711 5201 3702
4692 2 2 1 1 90 3806 3187
4693 2 2 1 1 2995 5335 3678
4694 2 2 1 1 3952 3953 2895
4695 2 2 1 1 1252 5217 1253
4696 2 2 1 1 3573 5425 4729
4697 2 2 1 1 1620 5411 4737
4698 2 2 1 1 1471 5340 1136
4699 2 2 1 1 1344 3194 3004
4700 2 2 1 1 3028 5068 4485
4701 2 2 1 1 3067 4124 2198
4702 2 2 1 1 1934 4254 2769
4703 2 2 1 1 776 4125 777
4704 2 2 1 1 3999 4653 3048
4705 2 2 1 1 3965 3966 2925
4706 2 2 1 1 2936 5234 4473
4707 2 2 1 1 3039 5302 3316
4708 2 2 1 1 3436 5125 1690
4709 2 2 1 1 3972 4175 3025
4710 2 2 1 1 4195 5145 3281
4711 2 2 1 1 3309 5071 1890
4712 2 2 1 1 4764 4932 609
4713 2 2 1 1 402 4885 403
4714 2 2 1 1 1059 5381 4219
4715 2 2 1 1 696 4593 3050
4716 2 2 1 1 2219 4414 2220
4717 2 2 1 1 5159 5465 3636
4718 2 2 1 1 5007 5325 3297
4719 2 2 1 1 1899 5081 4181
4720 2 2 1 1 3441 3926 3836
4721 2 2 1 1 4876 5370 3483
4722 2 2 1 1 2942 5009 4701
4723 2 2 1 1 3981 5280 4962
4724 2 2 1 1 4618 4937 3230
4725 2 2 1 1 2786 4699 2263
4726 2 2 1 1 924 4325 800
4727 2 2 1 1 3479 5410 2156
4728 2 2 1 1 3086 5374 4911
4729 2 2 1 1 4003 4456 3216
4730 2 2 1 1 2967 5149 3803
4731 2 2 1 1 637 3874 192
4732 2 2 1 1 2038 5382 4899
4733 2 2 1 1 2581 5435 4938
4734 2 2 1 1 3435 5407 3217
4735 2 2 1 1 4041 5076 4078
4736 2 2 1 1 3764 4520 376
4737 2 2 1 1 2989 5459 5289
4738 2 2 1 1 1022 3796 2712
4739 2 2 1 1 3242 4693 4502
4740 2 2 1 1 5104 5332 3137
4741 2 2 1 1 1107 5289 4014
4742 2 2 1 1 4501 5433 3928
4743 2 2 1 1 3551 4838 487
4744 2 2 1 1 5128 5346 3113
4745 2 2 1 1 1497 4748 4023
4746 2 2 1 1 3389 4875 3730
4747 2 2 1 1 3688 4891 2704
4748 2 2 1 1 2874 5262 3341
4749 2 2 1 1 5085 5216 3864
4750 2 2 1 1 2877 4092 3347
4751 2 2 1 1 1368 3578 2928
4752 2 2 1 1 2844 3081 814
4753 2 2 1 1 5342 5427 4079
4754 2 2 1 1 4280 4281 2970
4755 2 2 1 1 796 4542 3675
4756 2 2 1 1 4175 5415 4756
4757 2 2 1 1 4198 5159 603
4758 2 2 1 1 1162 5044 3299
4759 2 2 1 1 3835 5268 4248
4760 2 2 1 1 3630 4976 4763
4761 2 2 1 1 4757 5387 3954
4762 2 2 1 1 3530 4296 350
4763 2 2 1 1 4442 4906 2880
4764 2 2 1 1 2948 4211 3312
4765 2 2 1 1 5069 5153 3788
4766 2 2 1 1 595 5372 693
4767 2 2 1 1 3548 5347 3310
4768 2 2 1 1 2916 3506 672
4769 2 2 1 1 3328 4822 1789
4770 2 2 1 1 241 5377 2959
4771 2 2 1 1 4819 5335 2995
4772 2 2 1 1 4725 5246 3362
4773 2 2 1 1 3349 5109 4203
4774 2 2 1 1 432 3454 2491
4775 2 2 1 1 4844 5317 4189
4776 2 2 1 1 3702 5201 3292
4777 2 2 1 1 959 5136 960
4778 2 2 1 1 4066 4222 2922
4779 2 2 1 1 3236 5053 1431
4780 2 2 1 1 4913 5293 4026
4781 2 2 1 1 4326 5337 2767
4782 2 2 1 1 2562 5179 4834
4783 2 2 1 1 3733 5392 4791
4784 2 2 1 1 3057 5225 4716
4785 2 2 1 1 4714 4722 1599
4786 2 2 1 1 3271 5459 2989
4787 2 2 1 1 4753 5447 3021
4788 2 2 1 1 750 4657 751
4789 2 2 1 1 206 5201 4711
4790 2 2 1 1 633 3789 3415
4791 2 2 1 1 2887 4607 4269
4792 2 2 1 1 2196 4545 4210
4793 2 2 1 1 391 4218 4006
4794 2 2 1 1 2950 5023 4641
4795 2 2 1 1 2841 3330 2873
4796 2 2 1 1 3177 3546 1051
4797 2 2 1 1 3702 5397 4711
4798 2 2 1 1 3281 4966 4195
4799 2 2 1 1 1298 5199 4322
4800 2 2 1 1 4994 5464 3379
4801 2 2 1 1 1964 4229 3492
4802 2 2 1 1 3067 5067 4124
4803 2 2 1 1 3162 5442 4981
4804 2 2 1 1 3494 4372 3097
4805 2 2 1 1 1371 5428 3975
4806 2 2 1 1 4568 5136 959
4807 2 2 1 1 4757 5454 2814
4808 2 2 1 1 3060 4998 3751
4809 2 2 1 1 4904 5035 4099
4810 2 2 1 1 3071 4295 3793
4811 2 2 1 1 442 4402 656
4812 2 2 1 1 3459 5456 4781
4813 2 2 1 1 1453 4895 3706
4814 2 2 1 1 1150 4815 3457
4815 2 2 1 1 2302 5017 2303
4816 2 2 1 1 4120 5358 4280
4817 2 2 1 1 2921 4070 2373
4818 2 2 1 1 4607 5403 4269
4819 2 2 1 1 3757 5396 5035
4820 2 2 1 1 2024 4488 3674
4821 2 2 1 1 2222 5002 4494
4822 2 2 1 1 4448 5429 5068
4823 2 2 1 1 5206 5450 3916
4824 2 2 1 1 4338 5019 3033
4825 2 2 1 1 832 4820 3277
4826 2 2 1 1 1503 3900 3299
4827 2 2 1 1 3963 5056 783
4828 2 2 1 1 646 4547 1188
4829 2 2 1 1 702 4834 4015
4830 2 2 1 1 1159 5010 1144
4831 2 2 1 1 1825 4954 2569
4832 2 2 1 1 3602 4370 2984
4833 2 2 1 1 1394 4968 1395
4834 2 2 1 1 3850 4348 748
4835 2 2 1 1 3636 5465 2904
4836 2 2 1 1 4989 5036 3905
4837 2 2 1 1 3005 4180 1460
4838 2 2 1 1 2921 5373 4070
4839 2 2 1 1 4710 5124 2981
4840 2 2 1 1 1591 4152 1592
4841 2 2 1 1 4461 5444 3114
4842 2 2 1 1 3799 5034 3264
4843 2 2 1 1 3230 4937 4238
4844 2 2 1 1 2892 3512 1813
4845 2 2 1 1 4455 5325 5007
4846 2 2 1 1 3547 5357 5245
4847 2 2 1 1 2951 4801 1998
4848 2 2 1 1 3085 5378 4069
4849 2 2 1 1 5164 5165 3024
4850 2 2 1 1 1895 3956 3035
4851 2 2 1 1 3920 5413 4819
4852 2 2 1 1 2530 4358 2538
4853 2 2 1 1 149 4092 3308
4854 2 2 1 1 3222 4962 3867
4855 2 2 1 1 553 4771 4020
4856 2 2 1 1 150 3308 2931
4857 2 2 1 1 2025 3674 2993
4858 2 2 1 1 4739 4855 2877
4859 2 2 1 1 3253 5078 4072
4860 2 2 1 1 1249 4805 1250
4861 2 2 1 1 3827 5369 4463
4862 2 2 1 1 3718 5408 4830
4863 2 2 1 1 2718 4408 4256
4864 2 2 1 1 4473 4979 3080
4865 2 2 1 1 3003 5467 3693
4866 2 2 1 1 3370 5258 4332
4867 2 2 1 1 3852 5385 5313
4868 2 2 1 1 2031 4904 4099
4869 2 2 1 1 1745 5282 4874
4870 2 2 1 1 1280 5039 1281
4871 2 2 1 1 542 4935 4167
4872 2 2 1 1 539 4847 540
4873 2 2 1 1 2855 3104 2842
4874 2 2 1 1 3019 3039 2360
4875 2 2 1 1 4315 4946 2468
4876 2 2 1 1 1861 5393 4020
4877 2 2 1 1 3243 5219 4797
4878 2 2 1 1 4834 5179 4015
4879 2 2 1 1 103 5385 3852
4880 2 2 1 1 4061 5179 1140
4881 2 2 1 1 2269 3701 2268
4882 2 2 1 1 5154 5333 3687
4883 2 2 1 1 379 4939 380
4884 2 2 1 1 3968 4431 3597
4885 2 2 1 1 3346 3736 670
4886 2 2 1 1 3670 3671 221
4887 2 2 1 1 1954 5189 1953
4888 2 2 1 1 2990 5101 4203
4889 2 2 1 1 2499 4833 4030
4890 2 2 1 1 3229 5156 4382
4891 2 2 1 1 3249 5174 5022
4892 2 2 1 1 34 3904 2847
4893 2 2 1 1 3345 5442 4800
4894 2 2 1 1 3684 5171 3900
4895 2 2 1 1 4973 5293 3585
4896 2 2 1 1 3352 5360 4894
4897 2 2 1 1 2347 4174 2348
4898 2 2 1 1 2628 4181 1785
4899 2 2 1 1 1780 3812 3588
4900 2 2 1 1 3096 3576 681
4901 2 2 1 1 4813 5118 3291
4902 2 2 1 1 4014 5364 3030
4903 2 2 1 1 3410 3595 352
4904 2 2 1 1 3284 3890 2049
4905 2 2 1 1 3041 4043 791
4906 2 2 1 1 3647 4692 3226
4907 2 2 1 1 3025 5105 3314
4908 2 2 1 1 3177 5198 3546
4909 2 2 1 1 601 3533 3079
4910 2 2 1 1 3079 4198 602
4911 2 2 1 1 4645 5180 4039
4912 2 2 1 1 3138 5430 4839
4913 2 2 1 1 3219 5029 4102
4914 2 2 1 1 160 4789 2603
4915 2 2 1 1 552 4480 1847
4916 2 2 1 1 4499 5341 1445
4917 2 2 1 1 2941 5015 3819
4918 2 2 1 1 524 4959 3504
4919 2 2 1 1 693 5055 595
4920 2 2 1 1 1221 2966 1222
4921 2 2 1 1 937 5277 4841
4922 2 2 1 1 2912 5107 3871
4923 2 2 1 1 1428 4443 1429
4924 2 2 1 1 2460 3481 225
4925 2 2 1 1 2634 5399 3755
4926 2 2 1 1 13 4260 3241
4927 2 2 1 1 1903 4867 1904
4928 2 2 1 1 2410 4591 4077
4929 2 2 1 1 2481 3075 2482
4930 2 2 1 1 4551 5270 5094
4931 2 2 1 1 1048 3831 2961
4932 2 2 1 1 36 3832 3155
4933 2 2 1 1 3210 4798 2446
4934 2 2 1 1 3099 5456 3989
4935 2 2 1 1 3069 4440 2074
4936 2 2 1 1 2382 4174 3316
4937 2 2 1 1 4257 5286 3095
4938 2 2 1 1 1961 3665 3098
4939 2 2 1 1 3527 4371 1655
4940 2 2 1 1 1246 4728 3666
4941 2 2 1 1 3243 3416 401
4942 2 2 1 1 4489 5138 3152
4943 2 2 1 1 3843 4107 296
4944 2 2 1 1 3724 5164 3141
4945 2 2 1 1 850 3913 2876
4946 2 2 1 1 1734 4916 1735
4947 2 2 1 1 2286 4902 2285
4948 2 2 1 1 710 4370 3602
4949 2 2 1 1 2370 4361 3169
4950 2 2 1 1 1472 4974 1473
4951 2 2 1 1 3863 5435 2581
4952 2 2 1 1 4359 4457 3720
4953 2 2 1 1 4430 5124 4710
4954 2 2 1 1 4250 5307 3396
4955 2 2 1 1 598 4940 599
4956 2 2 1 1 4860 5349 2017
4957 2 2 1 1 3121 3542 1004
4958 2 2 1 1 2201 5336 2202
4959 2 2 1 1 5305 5356 4970
4960 2 2 1 1 4905 5145 3372
4961 2 2 1 1 919 3838 3087
4962 2 2 1 1 4094 4924 3877
4963 2 2 1 1 4489 5444 5138
4964 2 2 1 1 1847 4771 552
4965 2 2 1 1 360 4241 3462
4966 2 2 1 1 750 4829 4657
4967 2 2 1 1 691 4940 3451
4968 2 2 1 1 4841 5233 2854
4969 2 2 1 1 3232 5266 4948
4970 2 2 1 1 3125 4782 3320
4971 2 2 1 1 2435 5306 2806
4972 2 2 1 1 3123 5006 4471
4973 2 2 1 1 2389 3929 2390
4974 2 2 1 1 2985 3796 1023
4975 2 2 1 1 2944 5069 3926
4976 2 2 1 1 3853 4254 1935
4977 2 2 1 1 1603 3694 2722
4978 2 2 1 1 3006 5151 4003
4979 2 2 1 1 543 4943 406
4980 2 2 1 1 2783 5400 3783
4981 2 2 1 1 893 4358 818
4982 2 2 1 1 4589 5137 3261
4983 2 2 1 1 2391 3613 3492
4984 2 2 1 1 1248 4371 3527
4985 2 2 1 1 1720 4612 1721
4986 2 2 1 1 4981 5442 3345
4987 2 2 1 1 4336 4644 2206
4988 2 2 1 1 2269 4309 3701
4989 2 2 1 1 3018 4996 4864
4990 2 2 1 1 3462 5371 3648
4991 2 2 1 1 4446 5426 4534
4992 2 2 1 1 3172 4939 4225
4993 2 2 1 1 3290 3564 1535
4994 2 2 1 1 4845 5424 3169
4995 2 2 1 1 5051 5279 3312
4996 2 2 1 1 5202 5446 3957
4997 2 2 1 1 3947 5057 2443
4998 2 2 1 1 3946 3975 1981
4999 2 2 1 1 2656 5126 4326
5000 2 2 1 1 3149 4599 3127
5001 2 2 1 1 574 5211 2858
5002 2 2 1 1 5014 5459 3456
5003 2 2 1 1 2404 3860 3823
5004 2 2 1 1 4476 5284 5097
5005 2 2 1 1 4033 4907 195
5006 2 2 1 1 1212 4608 31
5007 2 2 1 1 2242 5187 3066
5008 2 2 1 1 2652 4242 3102
5009 2 2 1 1 1419 5148 1420
5010 2 2 1 1 1007 4154 1008
5011 2 2 1 1 2318 3475 2911
5012 2 2 1 1 836 4431 3968
5013 2 2 1 1 3572 5171 3128
5014 2 2 1 1 3024 5165 3318
5015 2 2 1 1 735 4981 736
5016 2 2 1 1 2390 3929 3613
5017 2 2 1 1 3188 5464 4449
5018 2 2 1 1 1857 3663 3520
5019 2 2 1 1 1611 4580 3643
5020 2 2 1 1 541 5309 4935
5021 2 2 1 1 2523 4402 441
5022 2 2 1 1 5066 5392 3733
5023 2 2 1 1 5068 5429 4230
5024 2 2 1 1 1630 4692 3647
5025 2 2 1 1 2449 5321 4800
5026 2 2 1 1 3020 3589 332
5027 2 2 1 1 4211 5051 3312
5028 2 2 1 1 1343 4803 3194
5029 2 2 1 1 1982 3975 3393
5030 2 2 1 1 701 5004 1141
5031 2 2 1 1 5097 5284 3313
5032 2 2 1 1 3189 5300 5089
5033 2 2 1 1 4043 4416 3220
5034 2 2 1 1 2189 4644 4602
5035 2 2 1 1 731 3435 3217
5036 2 2 1 1 955 4312 956
5037 2 2 1 1 3059 4978 3810
5038 2 2 1 1 1580 4822 1581
5039 2 2 1 1 706 5307 4416
5040 2 2 1 1 3377 4200 116
5041 2 2 1 1 1746 4874 3344
5042 2 2 1 1 3151 5263 3668
5043 2 2 1 1 621 5188 2861
5044 2 2 1 1 1157 5063 3171
5045 2 2 1 1 591 5316 592
5046 2 2 1 1 528 4966 529
5047 2 2 1 1 3681 5386 4478
5048 2 2 1 1 3364 5220 425
5049 2 2 1 1 3530 4196 412
5050 2 2 1 1 1955 4740 1954
5051 2 2 1 1 674 4842 3782
5052 2 2 1 1 2374 4070 3460
5053 2 2 1 1 3755 5061 2661
5054 2 2 1 1 4983 5197 3471
5055 2 2 1 1 4459 5339 3300
5056 2 2 1 1 4398 5463 2860
5057 2 2 1 1 3921 5432 3185
5058 2 2 1 1 3347 4092 148
5059 2 2 1 1 3885 5223 5198
5060 2 2 1 1 3758 4312 3072
5061 2 2 1 1 201 4948 202
5062 2 2 1 1 3548 5315 3843
5063 2 2 1 1 2970 4328 1572
5064 2 2 1 1 3188 5239 2408
5065 2 2 1 1 3099 3989 1191
5066 2 2 1 1 4370 4497 3928
5067 2 2 1 1 2890 3969 679
5068 2 2 1 1 4935 5309 4176
5069 2 2 1 1 5008 5024 4074
5070 2 2 1 1 1907 2952 2630
5071 2 2 1 1 4005 4875 393
5072 2 2 1 1 3046 3377 115
5073 2 2 1 1 956 4312 613
5074 2 2 1 1 3281 4905 1279
5075 2 2 1 1 770 4393 771
5076 2 2 1 1 3637 5215 1684
5077 2 2 1 1 4941 5447 3931
5078 2 2 1 1 2473 4656 535
5079 2 2 1 1 3172 3947 381
5080 2 2 1 1 3547 5245 4033
5081 2 2 1 1 3361 5322 2653
5082 2 2 1 1 2926 5022 3499
5083 2 2 1 1 1077 5385 3778
5084 2 2 1 1 707 4416 2960
5085 2 2 1 1 4143 5452 4801
5086 2 2 1 1 1860 5393 1861
5087 2 2 1 1 550 4566 551
5088 2 2 1 1 3485 3694 1603
5089 2 2 1 1 187 4811 2469
5090 2 2 1 1 3056 4893 3375
5091 2 2 1 1 3748 5197 4983
5092 2 2 1 1 2865 5009 3381
5093 2 2 1 1 4948 5266 2859
5094 2 2 1 1 890 4114 3422
5095 2 2 1 1 449 5105 450
5096 2 2 1 1 3853 5191 4254
5097 2 2 1 1 3131 4364 3376
5098 2 2 1 1 377 4530 378
5099 2 2 1 1 1323 5140 1324
5100 2 2 1 1 2630 5205 1908
5101 2 2 1 1 4840 5048 1831
5102 2 2 1 1 3687 5333 2906
5103 2 2 1 1 31 4608 32
5104 2 2 1 1 4221 5285 1061
5105 2 2 1 1 4449 5239 3188
5106 2 2 1 1 245 4964 4678
5107 2 2 1 1 68 5196 2883
5108 2 2 1 1 824 5213 825
5109 2 2 1 1 2852 2996 1072
5110 2 2 1 1 1679 5009 1680
5111 2 2 1 1 22 5096 23
5112 2 2 1 1 3432 4775 1492
5113 2 2 1 1 193 3874 3547
5114 2 2 1 1 4261 5138 2972
5115 2 2 1 1 4905 5039 1280
5116 2 2 1 1 3513 5264 4160
5117 2 2 1 1 1929 3562 2964
5118 2 2 1 1 4550 4552 3887
5119 2 2 1 1 3671 4706 3175
5120 2 2 1 1 3665 4851 3098
5121 2 2 1 1 3989 5456 3459
5122 2 2 1 1 4248 5207 3835
5123 2 2 1 1 1913 5466 2633
5124 2 2 1 1 3035 3253 1880
5125 2 2 1 1 274 3491 3489
5126 2 2 1 1 3596 4122 570
5127 2 2 1 1 1440 4266 83
5128 2 2 1 1 3916 5450 3332
5129 2 2 1 1 1869 4784 3179
5130 2 2 1 1 3176 4704 2421
5131 2 2 1 1 3159 3790 2800
5132 2 2 1 1 104 3852 2901
5133 2 2 1 1 1131 4113 4057
5134 2 2 1 1 1023 3796 1022
5135 2 2 1 1 297 4107 3591
5136 2 2 1 1 3204 5161 5139
5137 2 2 1 1 1499 4754 4475
5138 2 2 1 1 2940 5237 4548
5139 2 2 1 1 3896 3898 780
5140 2 2 1 1 2310 4975 2311
5141 2 2 1 1 3688 5401 4891
5142 2 2 1 1 1158 5150 1159
5143 2 2 1 1 1898 4740 3525
5144 2 2 1 1 3722 5346 5128
5145 2 2 1 1 819 4871 820
5146 2 2 1 1 3389 4435 394
5147 2 2 1 1 3438 5450 5175
5148 2 2 1 1 5175 5450 4287
5149 2 2 1 1 3287 5273 4058
5150 2 2 1 1 4657 4899 3378
5151 2 2 1 1 3971 4227 3652
5152 2 2 1 1 4639 4932 304
5153 2 2 1 1 4338 5119 2522
5154 2 2 1 1 363 4786 3409
5155 2 2 1 1 3383 4991 2424
5156 2 2 1 1 2900 3126 2200
5157 2 2 1 1 3594 4703 100
5158 2 2 1 1 1538 4543 969
5159 2 2 1 1 2566 4499 4223
5160 2 2 1 1 3301 4172 1364
5161 2 2 1 1 2935 3919 3819
5162 2 2 1 1 1246 4982 4728
5163 2 2 1 1 3163 5362 3987
5164 2 2 1 1 2971 5320 1597
5165 2 2 1 1 2938 5345 2878
5166 2 2 1 1 3185 3904 33
5167 2 2 1 1 4938 5435 4283
5168 2 2 1 1 4283 5344 4938
5169 2 2 1 1 678 3459 2890
5170 2 2 1 1 2958 5059 3749
5171 2 2 1 1 4275 5471 5185
5172 2 2 1 1 508 4934 1473
5173 2 2 1 1 1607 4783 2666
5174 2 2 1 1 3616 5390 2465
5175 2 2 1 1 2323 3933 2974
5176 2 2 1 1 1788 4248 3328
5177 2 2 1 1 3144 4959 4002
5178 2 2 1 1 666 3984 2948
5179 2 2 1 1 3024 5355 5164
5180 2 2 1 1 4561 4706 3671
5181 2 2 1 1 3648 4832 3462
5182 2 2 1 1 537 4986 538
5183 2 2 1 1 1892 4070 3952
5184 2 2 1 1 4265 5027 1080
5185 2 2 1 1 1787 5207 4248
5186 2 2 1 1 2040 4348 3850
5187 2 2 1 1 2141 5182 2146
5188 2 2 1 1 3093 3814 259
5189 2 2 1 1 3917 4429 4204
5190 2 2 1 1 2506 4529 4144
5191 2 2 1 1 3178 5154 3801
5192 2 2 1 1 3379 5464 3188
5193 2 2 1 1 4145 5159 3636
5194 2 2 1 1 562 5139 4603
5195 2 2 1 1 664 3636 2904
5196 2 2 1 1 3442 5136 611
5197 2 2 1 1 4128 4367 2825
5198 2 2 1 1 1693 3929 1694
5199 2 2 1 1 3283 3630 717
5200 2 2 1 1 1858 3520 3248
5201 2 2 1 1 4715 5110 2056
5202 2 2 1 1 1663 5468 1648
5203 2 2 1 1 2122 3436 3101
5204 2 2 1 1 277 3528 278
5205 2 2 1 1 4031 5442 3162
5206 2 2 1 1 3425 5258 3370
5207 2 2 1 1 663 4145 3636
5208 2 2 1 1 3544 4547 645
5209 2 2 1 1 2104 4891 2107
5210 2 2 1 1 4076 5134 981
5211 2 2 1 1 2856 3445 1546
5212 2 2 1 1 77 3943 3413
5213 2 2 1 1 3393 5378 3085
5214 2 2 1 1 3187 3439 91
5215 2 2 1 1 30 4853 1213
5216 2 2 1 1 1544 4617 3586
5217 2 2 1 1 3213 3594 42
5218 2 2 1 1 3109 3343 2669
5219 2 2 1 1 3846 5192 3481
5220 2 2 1 1 5245 5357 4735
5221 2 2 1 1 3461 4928 2510
5222 2 2 1 1 38 4941 39
5223 2 2 1 1 3959 5017 4613
5224 2 2 1 1 1251 4468 4391
5225 2 2 1 1 903 4084 2541
5226 2 2 1 1 234 5269 3235
5227 2 2 1 1 1281 5039 3325
5228 2 2 1 1 1692 5329 1693
5229 2 2 1 1 2632 4951 3088
5230 2 2 1 1 2375 5071 2376
5231 2 2 1 1 2907 5195 4431
5232 2 2 1 1 531 4470 4090
5233 2 2 1 1 4195 4966 528
5234 2 2 1 1 3269 4235 2336
5235 2 2 1 1 747 5038 3850
5236 2 2 1 1 4070 5373 3952
5237 2 2 1 1 1305 4933 3395
5238 2 2 1 1 970 5312 343
5239 2 2 1 1 3158 4465 1380
5240 2 2 1 1 4421 5162 3357
5241 2 2 1 1 1041 5023 1042
5242 2 2 1 1 3580 4471 3359
5243 2 2 1 1 3388 3687 964
5244 2 2 1 1 1707 3365 2619
5245 2 2 1 1 2490 3764 376
5246 2 2 1 1 4184 5041 2663
5247 2 2 1 1 2871 3479 2155
5248 2 2 1 1 3994 4038 262
5249 2 2 1 1 24 5051 25
5250 2 2 1 1 3102 3361 2653
5251 2 2 1 1 2861 3702 622
5252 2 2 1 1 3869 5183 2920
5253 2 2 1 1 3009 3609 618
5254 2 2 1 1 4168 4807 654
5255 2 2 1 1 1883 5024 1884
5256 2 2 1 1 2910 4682 499
5257 2 2 1 1 2075 4440 3231
5258 2 2 1 1 3352 4894 2007
5259 2 2 1 1 703 4015 3252
5260 2 2 1 1 4198 5465 5159
5261 2 2 1 1 2899 5294 4583
5262 2 2 1 1 4068 4379 1968
5263 2 2 1 1 1969 4379 2968
5264 2 2 1 1 3162 4981 3789
5265 2 2 1 1 2460 3846 3481
5266 2 2 1 1 3404 4460 1541
5267 2 2 1 1 1590 3849 3326
5268 2 2 1 1 4006 4218 2611
5269 2 2 1 1 2111 5174 2112
5270 2 2 1 1 4793 5060 3187
5271 2 2 1 1 392 4006 4005
5272 2 2 1 1 2941 3819 1482
5273 2 2 1 1 2675 4715 2055
5274 2 2 1 1 3829 4383 2368
5275 2 2 1 1 1707 4752 4177
5276 2 2 1 1 3021 5447 4941
5277 2 2 1 1 5313 5385 3411
5278 2 2 1 1 3477 4303 3434
5279 2 2 1 1 2694 4559 2397
5280 2 2 1 1 3372 5145 1178
5281 2 2 1 1 2085 3428 3193
5282 2 2 1 1 3727 5384 3267
5283 2 2 1 1 3542 4155 1005
5284 2 2 1 1 3504 3673 525
5285 2 2 1 1 3527 4805 1249
5286 2 2 1 1 4842 5039 3293
5287 2 2 1 1 3578 5348 2928
5288 2 2 1 1 3412 5410 4469
5289 2 2 1 1 3463 5332 5104
5290 2 2 1 1 948 3854 949
5291 2 2 1 1 4292 4671 2163
5292 2 2 1 1 3595 4922 353
5293 2 2 1 1 4013 4565 1805
5294 2 2 1 1 3102 5403 3361
5295 2 2 1 1 3646 3670 222
5296 2 2 1 1 2408 5239 2409
5297 2 2 1 1 393 4875 3389
5298 2 2 1 1 2883 3776 51
5299 2 2 1 1 3883 5344 3019
5300 2 2 1 1 3107 4038 3994
5301 2 2 1 1 3159 5471 3790
5302 2 2 1 1 3196 3337 946
5303 2 2 1 1 1435 4665 1436
5304 2 2 1 1 2703 4817 984
5305 2 2 1 1 2899 4583 993
5306 2 2 1 1 5004 5012 2564
5307 2 2 1 1 4520 4530 377
5308 2 2 1 1 183 5021 184
5309 2 2 1 1 3498 3998 1224
5310 2 2 1 1 3710 4261 943
5311 2 2 1 1 611 5136 4568
5312 2 2 1 1 3928 4497 759
5313 2 2 1 1 4560 5089 3015
5314 2 2 1 1 1247 4371 1248
5315 2 2 1 1 2993 3632 2026
5316 2 2 1 1 3178 3801 1192
5317 2 2 1 1 3993 4572 738
5318 2 2 1 1 1587 4969 3812
5319 2 2 1 1 5182 5286 3661
5320 2 2 1 1 4368 5369 3827
5321 2 2 1 1 3015 5300 3664
5322 2 2 1 1 3057 3624 1940
5323 2 2 1 1 1831 5048 1816
5324 2 2 1 1 1997 4141 2951
5325 2 2 1 1 563 5061 564
5326 2 2 1 1 70 4220 756
5327 2 2 1 1 3420 4062 3802
5328 2 2 1 1 2413 3985 2976
5329 2 2 1 1 3360 5131 3772
5330 2 2 1 1 3444 4112 1609
5331 2 2 1 1 1257 4417 3355
5332 2 2 1 1 4693 4842 673
5333 2 2 1 1 2957 3400 325
5334 2 2 1 1 914 5058 898
5335 2 2 1 1 3766 5060 4793
5336 2 2 1 1 3661 4046 2145
5337 2 2 1 1 1198 5341 4499
5338 2 2 1 1 3000 3620 2148
5339 2 2 1 1 1182 4622 3338
5340 2 2 1 1 3218 3574 1662
5341 2 2 1 1 3339 4593 4432
5342 2 2 1 1 2875 3622 137
5343 2 2 1 1 3782 4842 3293
5344 2 2 1 1 2914 3627 509
5345 2 2 1 1 555 5073 556
5346 2 2 1 1 2470 4674 1040
5347 2 2 1 1 2398 3204 2692
5348 2 2 1 1 3695 5286 3356
5349 2 2 1 1 2875 5301 3622
5350 2 2 1 1 1190 3544 3099
5351 2 2 1 1 2314 5064 2315
5352 2 2 1 1 2888 5356 5305
5353 2 2 1 1 2392 4229 3930
5354 2 2 1 1 3068 4689 2240
5355 2 2 1 1 1078 5275 1079
5356 2 2 1 1 2142 3694 2140
5357 2 2 1 1 11 4523 3676
5358 2 2 1 1 3049 5190 623
5359 2 2 1 1 3051 5192 3965
5360 2 2 1 1 4275 5185 3453
5361 2 2 1 1 2294 4983 2295
5362 2 2 1 1 5185 5471 3159
5363 2 2 1 1 4207 4299 3227
5364 2 2 1 1 2807 5466 4418
5365 2 2 1 1 2866 4237 2047
5366 2 2 1 1 3414 5331 3813
5367 2 2 1 1 472 5054 473
5368 2 2 1 1 2666 4783 2126
5369 2 2 1 1 4416 5307 3220
5370 2 2 1 1 3187 5060 3439
5371 2 2 1 1 1887 5132 3132
5372 2 2 1 1 874 3652 3401
5373 2 2 1 1 1244 4982 1245
5374 2 2 1 1 2928 3725 1369
5375 2 2 1 1 4145 4664 604
5376 2 2 1 1 3297 5325 4367
5377 2 2 1 1 1327 4663 3886
5378 2 2 1 1 3235 4255 234
5379 2 2 1 1 283 4931 1402
5380 2 2 1 1 3899 5295 4127
5381 2 2 1 1 3720 5331 4359
5382 2 2 1 1 2896 5156 3229
5383 2 2 1 1 3684 3900 1519
5384 2 2 1 1 2959 3791 226
5385 2 2 1 1 4359 5331 2686
5386 2 2 1 1 3001 5280 4008
5387 2 2 1 1 3010 3659 87
5388 2 2 1 1 3872 4861 3288
5389 2 2 1 1 2659 5161 2064
5390 2 2 1 1 1403 4931 3521
5391 2 2 1 1 463 5292 464
5392 2 2 1 1 3015 3664 643
5393 2 2 1 1 4201 5446 5202
5394 2 2 1 1 669 5096 3346
5395 2 2 1 1 3125 5411 4500
5396 2 2 1 1 3151 3668 470
5397 2 2 1 1 5335 5375 3579
5398 2 2 1 1 3089 3669 1845
5399 2 2 1 1 4046 4257 3135
5400 2 2 1 1 4123 4758 2813
5401 2 2 1 1 484 4054 2903
5402 2 2 1 1 3895 4351 493
5403 2 2 1 1 4382 5298 3229
5404 2 2 1 1 2901 4965 105
5405 2 2 1 1 2223 4996 3018
5406 2 2 1 1 705 5307 706
5407 2 2 1 1 1661 3302 3218
5408 2 2 1 1 3250 5461 3606
5409 2 2 1 1 3285 3681 53
5410 2 2 1 1 3237 4717 3658
5411 2 2 1 1 1942 5225 3057
5412 2 2 1 1 2723 4783 1606
5413 2 2 1 1 3106 4951 2631
5414 2 2 1 1 3225 4589 238
5415 2 2 1 1 3545 5336 3126
5416 2 2 1 1 783 5056 770
5417 2 2 1 1 576 4147 3972
5418 2 2 1 1 1592 4152 1593
5419 2 2 1 1 1461 4180 2863
5420 2 2 1 1 2207 5303 2208
5421 2 2 1 1 762 5149 763
5422 2 2 1 1 1406 5243 1407
5423 2 2 1 1 949 5177 4313
5424 2 2 1 1 4309 4993 2092
5425 2 2 1 1 4225 4939 3354
5426 2 2 1 1 448 5258 449
5427 2 2 1 1 938 4841 2854
5428 2 2 1 1 3411 5385 1077
5429 2 2 1 1 3003 3693 175
5430 2 2 1 1 3778 5275 1078
5431 2 2 1 1 3215 4743 931
5432 2 2 1 1 3648 4007 559
5433 2 2 1 1 350 4296 351
5434 2 2 1 1 4603 5061 563
5435 2 2 1 1 3318 5199 1299
5436 2 2 1 1 3861 5254 3133
5437 2 2 1 1 3138 5440 5430
5438 2 2 1 1 416 5108 417
5439 2 2 1 1 1333 5170 3335
5440 2 2 1 1 3043 5461 511
5441 2 2 1 1 3027 5203 4552
5442 2 2 1 1 3698 3724 2192
5443 2 2 1 1 3173 4017 506
5444 2 2 1 1 2937 3727 853
5445 2 2 1 1 3267 4536 855
5446 2 2 1 1 1205 4377 3071
5447 2 2 1 1 557 4832 558
5448 2 2 1 1 3042 3730 1700
5449 2 2 1 1 3442 5116 1730
5450 2 2 1 1 3316 4174 2347
5451 2 2 1 1 4313 5177 2445
5452 2 2 1 1 1447 5121 1448
5453 2 2 1 1 3977 4718 2133
5454 2 2 1 1 2924 3754 1820
5455 2 2 1 1 3616 5292 3865
5456 2 2 1 1 3076 3927 1877
5457 2 2 1 1 4287 5450 5206
5458 2 2 1 1 3518 4223 1443
5459 2 2 1 1 3220 5307 4250
5460 2 2 1 1 3465 5096 669
5461 2 2 1 1 2943 3750 861
5462 2 2 1 1 848 5368 2882
5463 2 2 1 1 3706 3752 651
5464 2 2 1 1 2806 5306 4613
5465 2 2 1 1 362 5072 4786
5466 2 2 1 1 774 5252 775
5467 2 2 1 1 2882 3913 849
5468 2 2 1 1 2168 4776 2169
5469 2 2 1 1 3749 5197 3060
5470 2 2 1 1 1991 4564 2098
5471 2 2 1 1 3066 4398 2243
5472 2 2 1 1 4616 5379 328
5473 2 2 1 1 2662 5210 4309
5474 2 2 1 1 3597 5195 4363
5475 2 2 1 1 2170 4258 3300
5476 2 2 1 1 3854 5177 949
5477 2 2 1 1 4361 4845 3169
5478 2 2 1 1 3298 3991 339
5479 2 2 1 1 1321 5115 1322
5480 2 2 1 1 4714 4867 3064
5481 2 2 1 1 1284 4111 2947
5482 2 2 1 1 5007 5115 2929
5483 2 2 1 1 331 3303 3020
5484 2 2 1 1 3179 3575 1870
5485 2 2 1 1 2184 5238 2185
5486 2 2 1 1 3291 4498 74
5487 2 2 1 1 3792 4721 787
5488 2 2 1 1 2841 2873 373
5489 2 2 1 1 3552 5021 183
5490 2 2 1 1 3324 5424 4845
5491 2 2 1 1 3265 3765 2327
5492 2 2 1 1 346 5311 347
5493 2 2 1 1 2098 4564 2097
5494 2 2 1 1 2407 3379 3188
5495 2 2 1 1 4475 4754 496
5496 2 2 1 1 3142 3906 1634
5497 2 2 1 1 129 4444 130
5498 2 2 1 1 1165 5052 1166
5499 2 2 1 1 656 5119 442
5500 2 2 1 1 3263 5447 3767
5501 2 2 1 1 1061 5285 1062
5502 2 2 1 1 186 5217 4391
5503 2 2 1 1 4585 5338 97
5504 2 2 1 1 975 4595 976
5505 2 2 1 1 3551 4690 3296
5506 2 2 1 1 1266 5355 1267
5507 2 2 1 1 2084 4065 3428
5508 2 2 1 1 3227 4299 1053
5509 2 2 1 1 1006 4155 3278
5510 2 2 1 1 3833 4813 72
5511 2 2 1 1 4223 4499 1444
5512 2 2 1 1 5022 5174 3499
5513 2 2 1 1 1963 4229 1964
5514 2 2 1 1 1411 4444 129
5515 2 2 1 1 3810 5462 2987
5516 2 2 1 1 3184 3946 1980
5517 2 2 1 1 775 5252 4659
5518 2 2 1 1 3100 5321 179
5519 2 2 1 1 4641 5023 272
5520 2 2 1 1 4082 5120 1123
5521 2 2 1 1 662 4664 4145
5522 2 2 1 1 248 5242 249
5523 2 2 1 1 2940 4548 2342
5524 2 2 1 1 2858 4147 575
5525 2 2 1 1 73 4813 3291
5526 2 2 1 1 60 5330 61
5527 2 2 1 1 437 5089 438
5528 2 2 1 1 2912 3871 2005
5529 2 2 1 1 4007 4559 2694
5530 2 2 1 1 1985 4069 3934
5531 2 2 1 1 634 4637 635
5532 2 2 1 1 3152 5062 2249
5533 2 2 1 1 1282 3325 3242
5534 2 2 1 1 3756 5298 93
5535 2 2 1 1 3162 3789 632
5536 2 2 1 1 2899 5134 5133
5537 2 2 1 1 2128 3948 2668
5538 2 2 1 1 2668 3109 2669
5539 2 2 1 1 63 4595 975
5540 2 2 1 1 3302 5282 4277
5541 2 2 1 1 3193 5448 2068
5542 2 2 1 1 2034 4130 2035
5543 2 2 1 1 3605 5186 2380
5544 2 2 1 1 4663 4703 3213
5545 2 2 1 1 940 4151 3153
5546 2 2 1 1 2987 3809 1803
5547 2 2 1 1 2982 4001 2016
5548 2 2 1 1 3640 5236 4610
5549 2 2 1 1 85 4703 3660
5550 2 2 1 1 462 4772 3865
5551 2 2 1 1 773 4661 2986
5552 2 2 1 1 4443 4661 772
5553 2 2 1 1 1322 3201 1323
5554 2 2 1 1 1402 4751 283
5555 2 2 1 1 733 4187 3094
5556 2 2 1 1 3342 5314 4218
5557 2 2 1 1 3356 5286 5182
5558 2 2 1 1 2878 3084 18
5559 2 2 1 1 3755 5399 4491
5560 2 2 1 1 4192 4939 379
5561 2 2 1 1 44 3635 45
5562 2 2 1 1 3484 4633 989
5563 2 2 1 1 3169 5424 4252
5564 2 2 1 1 4496 4720 3224
5565 2 2 1 1 1257 5123 4417
5566 2 2 1 1 3022 5277 3830
5567 2 2 1 1 3473 5238 2184
5568 2 2 1 1 263 4946 172
5569 2 2 1 1 3182 4661 4202
5570 2 2 1 1 3185 5432 3904
5571 2 2 1 1 3850 4035 2041
5572 2 2 1 1 3124 5418 1087
5573 2 2 1 1 2904 3984 665
5574 2 2 1 1 692 5419 5055
5575 2 2 1 1 1646 4955 1647
5576 2 2 1 1 2961 3879 1049
5577 2 2 1 1 3168 3831 1047
5578 2 2 1 1 2587 5053 3246
5579 2 2 1 1 2847 3832 35
5580 2 2 1 1 1807 3891 3247
5581 2 2 1 1 1953 5189 3723
5582 2 2 1 1 3432 5388 4775
5583 2 2 1 1 2317 4961 4267
5584 2 2 1 1 3625 5313 3411
5585 2 2 1 1 3145 3860 2403
5586 2 2 1 1 2963 3988 1025
5587 2 2 1 1 3338 4622 546
5588 2 2 1 1 3780 4968 1394
5589 2 2 1 1 3345 3993 737
5590 2 2 1 1 2234 4096 4095
5591 2 2 1 1 2955 3838 918
5592 2 2 1 1 3087 4050 920
5593 2 2 1 1 2048 4237 3284
5594 2 2 1 1 2089 4445 2865
5595 2 2 1 1 2891 3310 293
5596 2 2 1 1 2859 5266 4730
5597 2 2 1 1 1390 4130 3587
5598 2 2 1 1 4637 4772 461
5599 2 2 1 1 4030 4833 490
5600 2 2 1 1 4323 4494 2052
5601 2 2 1 1 17 2938 2878
5602 2 2 1 1 1961 3098 1960
5603 2 2 1 1 1353 4799 3287
5604 2 2 1 1 153 4103 3135
5605 2 2 1 1 3435 5437 5407
5606 2 2 1 1 3185 4608 3921
5607 2 2 1 1 246 4678 481
5608 2 2 1 1 3114 5444 4489
5609 2 2 1 1 3217 4187 732
5610 2 2 1 1 639 4091 3049
5611 2 2 1 1 623 5190 624
5612 2 2 1 1 2652 3102 2653
5613 2 2 1 1 3229 5298 725
5614 2 2 1 1 4626 5096 22
5615 2 2 1 1 1574 5168 1575
5616 2 2 1 1 3090 4018 1066
5617 2 2 1 1 2880 5376 1450
5618 2 2 1 1 119 5296 120
5619 2 2 1 1 3164 3917 1287
5620 2 2 1 1 5074 5148 2933
5621 2 2 1 1 4545 5150 3171
5622 2 2 1 1 556 5073 4832
5623 2 2 1 1 2409 5239 4591
5624 2 2 1 1 1846 4771 1847
5625 2 2 1 1 2510 4928 4615
5626 2 2 1 1 4433 5398 1673
5627 2 2 1 1 58 5027 4265
5628 2 2 1 1 1706 5038 746
5629 2 2 1 1 3300 5339 3012
5630 2 2 1 1 3500 4764 609
5631 2 2 1 1 4120 4280 1570
5632 2 2 1 1 2674 5110 4715
5633 2 2 1 1 3462 4832 361
5634 2 2 1 1 3783 4517 2291
5635 2 2 1 1 482 4678 3323
5636 2 2 1 1 3682 4666 1528
5637 2 2 1 1 3763 4861 1455
5638 2 2 1 1 1052 3546 3227
5639 2 2 1 1 3621 5360 3000
5640 2 2 1 1 3169 4252 2371
5641 2 2 1 1 2879 3963 782
5642 2 2 1 1 3091 3896 779
5643 2 2 1 1 2920 4188 1315
5644 2 2 1 1 1304 5181 1303
5645 2 2 1 1 1725 5177 1726
5646 2 2 1 1 546 4885 3338
5647 2 2 1 1 98 3635 99
5648 2 2 1 1 2966 5265 4909
5649 2 2 1 1 2991 4253 1120
5650 2 2 1 1 2131 3826 2129
5651 2 2 1 1 1536 5050 3797
5652 2 2 1 1 281 3521 282
5653 2 2 1 1 2664 4955 2125
5654 2 2 1 1 5126 5322 3361
5655 2 2 1 1 3375 5458 1098
5656 2 2 1 1 2656 5322 5126
5657 2 2 1 1 3235 3833 767
5658 2 2 1 1 3062 5101 906
5659 2 2 1 1 4758 5048 2812
5660 2 2 1 1 3447 4794 3175
5661 2 2 1 1 3038 3928 758
5662 2 2 1 1 3875 5243 1406
5663 2 2 1 1 1484 5340 1471
5664 2 2 1 1 2164 4671 4129
5665 2 2 1 1 561 5389 5139
5666 2 2 1 1 4410 5268 2946
5667 2 2 1 1 1292 4148 1290
5668 2 2 1 1 3181 4629 1475
5669 2 2 1 1 4167 4943 542
5670 2 2 1 1 2850 3933 2322
5671 2 2 1 1 3712 4162 1578
5672 2 2 1 1 1054 5304 1055
5673 2 2 1 1 439 5089 4560
5674 2 2 1 1 3018 4270 2224
5675 2 2 1 1 4090 4470 3148
5676 2 2 1 1 3235 5269 5118
5677 2 2 1 1 127 3983 128
5678 2 2 1 1 2254 4365 2237
5679 2 2 1 1 3021 4941 38
5680 2 2 1 1 3409 4786 4020
5681 2 2 1 1 569 5354 1351
5682 2 2 1 1 3242 4111 1283
5683 2 2 1 1 2854 4151 939
5684 2 2 1 1 2895 3956 1894
5685 2 2 1 1 1159 5150 5010
5686 2 2 1 1 2161 4845 4361
5687 2 2 1 1 5241 5451 2535
5688 2 2 1 1 3572 4130 1410
5689 2 2 1 1 4088 5284 3869
5690 2 2 1 1 163 4818 4419
5691 2 2 1 1 2988 3960 1651
5692 2 2 1 1 5417 5443 3092
5693 2 2 1 1 866 3598 3369
5694 2 2 1 1 3149 3961 242
5695 2 2 1 1 1540 5146 3404
5696 2 2 1 1 2372 4252 2921
5697 2 2 1 1 2140 3485 2141
5698 2 2 1 1 2040 3850 2041
5699 2 2 1 1 481 5261 246
5700 2 2 1 1 2876 5278 3821
5701 2 2 1 1 3061 4279 887
5702 2 2 1 1 2329 4234 2330
5703 2 2 1 1 1121 4253 3197
5704 2 2 1 1 1573 4328 2846
5705 2 2 1 1 1705 5038 1706
5706 2 2 1 1 3602 4878 710
5707 2 2 1 1 1557 4924 4094
5708 2 2 1 1 3007 3985 2412
5709 2 2 1 1 3163 3987 1851
5710 2 2 1 1 3165 4160 1995
5711 2 2 1 1 2843 4924 1556
5712 2 2 1 1 194 4033 195
5713 2 2 1 1 963 3388 964
5714 2 2 1 1 1213 4853 1214
5715 2 2 1 1 2315 4263 2316
5716 2 2 1 1 208 4091 190
5717 2 2 1 1 4005 4006 1687
5718 2 2 1 1 1379 3158 1380
5719 2 2 1 1 2331 3443 2332
5720 2 2 1 1 979 3108 962
5721 2 2 1 1 704 3396 705
5722 2 2 1 1 2211 4616 2212
5723 2 2 1 1 2304 5087 2305
5724 2 2 1 1 4678 4964 3323
5725 2 2 1 1 1921 5288 1879
5726 2 2 1 1 690 4454 691
5727 2 2 1 1 273 3491 274
5728 2 2 1 1 404 5327 545
5729 2 2 1 1 1402 4931 1403
5730 2 2 1 1 530 4470 531
5731 2 2 1 1 1478 5208 1479
5732 2 2 1 1 2984 4115 1011
5733 2 2 1 1 3224 4720 270
5734 2 2 1 1 2031 4099 2032
5735 2 2 1 1 2014 3208 2015
5736 2 2 1 1 352 3595 353
5737 2 2 1 1 3168 5285 4469
5738 2 2 1 1 205 5201 206
5739 2 2 1 1 1311 5405 1312
5740 2 2 1 1 1385 4166 3320
5741 2 2 1 1 719 3628 720
5742 2 2 1 1 1942 3057 1940
5743 2 2 1 1 2025 2993 2026
5744 2 2 1 1 593 5316 3923
5745 2 2 1 1 621 2861 622
5746 2 2 1 1 193 3547 194
5747 2 2 1 1 721 3803 722
5748 2 2 1 1 720 2967 721
5749 2 2 1 1 2270 4309 2269
5750 2 2 1 1 2261 3028 2260
5751 2 2 1 1 2260 4485 2259
5752 2 2 1 1 1941 3873 1956
5753 2 2 1 1 1956 3525 1955
5754 2 2 1 1 3519 5121 2565
5755 2 2 1 1 689 3649 690
5756 2 2 1 1 707 2960 689
5757 2 2 1 1 3045 5471 4275
5758 2 2 1 1 2012 3140 2013
5759 2 2 1 1 2011 3617 2012
5760 2 2 1 1 2013 3644 2014
5761 2 2 1 1 966 3404 967
5762 2 2 1 1 965 2906 966
5763 2 2 1 1 294 3548 295
5764 2 2 1 1 4123 5454 3738
5765 2 2 1 1 662 4145 663
5766 2 2 1 1 1736 3884 1737
5767 2 2 1 1 1735 3394 1736
5768 2 2 1 1 1744 4277 1745
5769 2 2 1 1 951 4225 952
5770 2 2 1 1 954 3072 955
5771 2 2 1 1 949 4313 950
5772 2 2 1 1 950 4146 951
5773 2 2 1 1 952 3354 953
5774 2 2 1 1 953 3618 954
5775 2 2 1 1 2303 3959 2304
5776 2 2 1 1 4204 4851 1289
5777 2 2 1 1 1974 3977 3450
5778 2 2 1 1 944 2972 945
5779 2 2 1 1 1288 4204 1289
5780 2 2 1 1 1743 2884 1744
5781 2 2 1 1 2328 3437 2329
5782 2 2 1 1 2346 4135 2328
5783 2 2 1 1 2225 4270 4093
5784 2 2 1 1 3658 4717 566
5785 2 2 1 1 775 4659 776
5786 2 2 1 1 3101 4459 2123
5787 2 2 1 1 4666 5140 4614
5788 2 2 1 1 1005 4155 1006
5789 2 2 1 1 1441 3047 1442
5790 2 2 1 1 482 3323 483
5791 2 2 1 1 1534 3889 3290
5792 2 2 1 1 4127 5295 1867
5793 2 2 1 1 976 4226 977
5794 2 2 1 1 977 2979 978
5795 2 2 1 1 978 4089 979
5796 2 2 1 1 3237 5362 4717
5797 2 2 1 1 1711 5203 1712
5798 2 2 1 1 3891 4968 3247
5799 2 2 1 1 1452 4895 1453
5800 2 2 1 1 1973 4718 3977
5801 2 2 1 1 479 4217 480
5802 2 2 1 1 2369 4671 4292
5803 2 2 1 1 680 3969 3096
5804 2 2 1 1 585 3448 586
5805 2 2 1 1 366 4171 2909
5806 2 2 1 1 1051 3546 1052
5807 2 2 1 1 2146 3661 2145
5808 2 2 1 1 1544 3586 1545
5809 2 2 1 1 4333 4988 2799
5810 2 2 1 1 524 3504 525
5811 2 2 1 1 4428 4588 2150
5812 2 2 1 1 1454 3763 1455
5813 2 2 1 1 2206 4644 2189
5814 2 2 1 1 527 4195 528
5815 2 2 1 1 529 4364 530
5816 2 2 1 1 347 4401 348
5817 2 2 1 1 4449 5464 3360
5818 2 2 1 1 2147 3000 2148
5819 2 2 1 1 2160 3621 2147
5820 2 2 1 1 2056 5110 2057
5821 2 2 1 1 411 4296 412
5822 2 2 1 1 151 4161 136
5823 2 2 1 1 4650 5243 3350
5824 2 2 1 1 5133 5134 3250
5825 2 2 1 1 1079 4265 1080
5826 2 2 1 1 462 3865 463
5827 2 2 1 1 4477 4544 7
5828 2 2 1 1 1653 4496 1654
5829 2 2 1 1 1661 3218 1662
5830 2 2 1 1 12 4260 13
5831 2 2 1 1 136 2875 137
5832 2 2 1 1 138 3645 139
5833 2 2 1 1 3107 3994 1622
5834 2 2 1 1 1092 3411 1077
5835 2 2 1 1 1090 2881 1091
5836 2 2 1 1 1091 3625 1092
5837 2 2 1 1 3946 4901 1359
5838 2 2 1 1 605 3292 606
5839 2 2 1 1 607 3198 608
5840 2 2 1 1 606 3200 607
5841 2 2 1 1 1887 3132 1888
5842 2 2 1 1 1888 4451 1889
5843 2 2 1 1 1922 5288 1921
5844 2 2 1 1 777 4125 3390
5845 2 2 1 1 1555 3332 2843
5846 2 2 1 1 406 4943 407
5847 2 2 1 1 1593 4152 1649
5848 2 2 1 1 407 4167 408
5849 2 2 1 1 408 3288 409
5850 2 2 1 1 409 3419 410
5851 2 2 1 1 526 2914 509
5852 2 2 1 1 510 3043 511
5853 2 2 1 1 2303 5017 3959
5854 2 2 1 1 1499 4475 1500
5855 2 2 1 1 888 4279 2905
5856 2 2 1 1 1545 3586 2856
5857 2 2 1 1 1262 4238 1263
5858 2 2 1 1 4612 4639 303
5859 2 2 1 1 1489 4057 1490
5860 2 2 1 1 4053 4238 1125
5861 2 2 1 1 1765 3861 1766
5862 2 2 1 1 4638 5337 3562
5863 2 2 1 1 1601 3356 1602
5864 2 2 1 1 1557 4094 1558
5865 2 2 1 1 1564 3520 1565
5866 2 2 1 1 2191 4765 3698
5867 2 2 1 1 1752 2870 1753
5868 2 2 1 1 3172 5057 3947
5869 2 2 1 1 3206 4228 685
5870 2 2 1 1 170 5383 4977
5871 2 2 1 1 81 4300 1426
5872 2 2 1 1 1076 4002 1063
5873 2 2 1 1 1072 2996 1073
5874 2 2 1 1 1073 4541 1074
5875 2 2 1 1 1063 3795 1064
5876 2 2 1 1 1074 3949 1075
5877 2 2 1 1 1075 3144 1076
5878 2 2 1 1 1064 4884 1065
5879 2 2 1 1 3653 4433 1361
5880 2 2 1 1 1609 4112 1610
5881 2 2 1 1 2084 3428 2085
5882 2 2 1 1 2074 4440 2075
5883 2 2 1 1 1629 4692 1630
5884 2 2 1 1 3377 5330 4200
5885 2 2 1 1 827 4516 828
5886 2 2 1 1 2868 3691 1171
5887 2 2 1 1 3594 4828 43
5888 2 2 1 1 3085 4069 1984
5889 2 2 1 1 1189 3544 1190
5890 2 2 1 1 2122 3101 2123
5891 2 2 1 1 1113 3999 1114
5892 2 2 1 1 1114 3570 1115
5893 2 2 1 1 1317 3974 1318
5894 2 2 1 1 1324 3682 1325
5895 2 2 1 1 1316 3209 1317
5896 2 2 1 1 40 4067 3886
5897 2 2 1 1 1525 4164 1526
5898 2 2 1 1 1533 3889 1534
5899 2 2 1 1 1612 3647 1613
5900 2 2 1 1 1610 4580 1611
5901 2 2 1 1 1600 3695 1601
5902 2 2 1 1 1613 3226 1600
5903 2 2 1 1 679 3969 680
5904 2 2 1 1 1373 5441 1374
5905 2 2 1 1 2357 4643 2358
5906 2 2 1 1 2358 3883 2359
5907 2 2 1 1 1102 5229 1103
5908 2 2 1 1 895 4240 896
5909 2 2 1 1 3182 4300 80
5910 2 2 1 1 1260 3820 1261
5911 2 2 1 1 1261 3230 1262
5912 2 2 1 1 1749 3524 1750
5913 2 2 1 1 1751 3715 1752
5914 2 2 1 1 1767 3639 1749
5915 2 2 1 1 1766 3133 1767
5916 2 2 1 1 1750 4581 1751
5917 2 2 1 1 3197 4082 1122
5918 2 2 1 1 2037 5382 2038
5919 2 2 1 1 122 4529 123
5920 2 2 1 1 2220 4947 2207
5921 2 2 1 1 2209 2995 2210
5922 2 2 1 1 2208 3760 2209
5923 2 2 1 1 2210 3678 2211
5924 2 2 1 1 2073 3453 3069
5925 2 2 1 1 3110 4096 2233
5926 2 2 1 1 3014 4372 2236
5927 2 2 1 1 1686 4875 4005
5928 2 2 1 1 1787 4248 1788
5929 2 2 1 1 3240 4468 3358
5930 2 2 1 1 223 3646 222
5931 2 2 1 1 1908 5205 3106
5932 2 2 1 1 1360 4901 3653
5933 2 2 1 1 1209 4909 2872
5934 2 2 1 1 1614 3643 1615
5935 2 2 1 1 1615 4705 1616
5936 2 2 1 1 3374 4103 152
5937 2 2 1 1 3367 4982 3112
5938 2 2 1 1 1805 4565 1806
5939 2 2 1 1 1812 2892 1813
5940 2 2 1 1 1997 2951 1998
5941 2 2 1 1 3793 4295 1828
5942 2 2 1 1 1258 4419 3607
5943 2 2 1 1 2984 5433 4115
5944 2 2 1 1 3575 5412 1870
5945 2 2 1 1 1824 4954 1825
5946 2 2 1 1 1161 5080 1505
5947 2 2 1 1 2946 4120 1569
5948 2 2 1 1 1268 3318 1269
5949 2 2 1 1 1267 3024 1268
5950 2 2 1 1 1142 5040 1143
5951 2 2 1 1 897 3077 881
5952 2 2 1 1 896 4083 897
5953 2 2 1 1 1130 4113 1131
5954 2 2 1 1 1759 3807 3280
5955 2 2 1 1 2060 3497 2045
5956 2 2 1 1 2057 3494 2058
5957 2 2 1 1 2045 3063 2046
5958 2 2 1 1 2058 3097 2059
5959 2 2 1 1 3095 5423 156
5960 2 2 1 1 1771 3560 1772
5961 2 2 1 1 1770 3686 1771
5962 2 2 1 1 645 4547 646
5963 2 2 1 1 147 5147 148
5964 2 2 1 1 468 3781 469
5965 2 2 1 1 4745 5017 2302
5966 2 2 1 1 1480 5232 1481
5967 2 2 1 1 702 4015 703
5968 2 2 1 1 2359 3883 3019
5969 2 2 1 1 4267 4961 1667
5970 2 2 1 1 3155 4626 21
5971 2 2 1 1 1036 5453 1037
5972 2 2 1 1 1170 3531 2868
5973 2 2 1 1 481 4678 482
5974 2 2 1 1 3283 4976 3630
5975 2 2 1 1 114 3046 115
5976 2 2 1 1 1157 3171 1158
5977 2 2 1 1 104 2901 105
5978 2 2 1 1 4140 4477 2983
5979 2 2 1 1 348 5026 349
5980 2 2 1 1 1980 3946 1981
5981 2 2 1 1 247 5261 480
5982 2 2 1 1 737 3993 738
5983 2 2 1 1 626 3120 627
5984 2 2 1 1 4478 5386 2945
5985 2 2 1 1 89 3806 90
5986 2 2 1 1 1978 3336 1979
5987 2 2 1 1 1989 4988 1990
5988 2 2 1 1 88 3699 89
5989 2 2 1 1 85 3660 86
5990 2 2 1 1 86 3010 87
5991 2 2 1 1 874 3401 875
5992 2 2 1 1 3342 4218 390
5993 2 2 1 1 1977 4184 1978
5994 2 2 1 1 1143 4293 1127
5995 2 2 1 1 1128 2923 1129
5996 2 2 1 1 1127 3662 1128
5997 2 2 1 1 1129 3828 1130
5998 2 2 1 1 3902 4643 2357
5999 2 2 1 1 68 2883 51
6000 2 2 1 1 55 4881 56
6001 2 2 1 1 4352 5100 3134
6002 2 2 1 1 4202 4300 3182
6003 2 2 1 1 1144 3319 1145
6004 2 2 1 1 257 3786 258
6005 2 2 1 1 261 3994 262
6006 2 2 1 1 1659 5282 1660
6007 2 2 1 1 3426 4822 1580
6008 2 2 1 1 2918 4166 1384
6009 2 2 1 1 642 3015 643
6010 2 2 1 1 641 4560 642
6011 2 2 1 1 3802 3807 1758
6012 2 2 1 1 3876 4986 537
6013 2 2 1 1 445 5440 446
6014 2 2 1 1 2021 5104 3137
6015 2 2 1 1 3886 4067 1328
6016 2 2 1 1 4491 5399 3658
6017 2 2 1 1 2043 3139 2044
6018 2 2 1 1 2909 4467 367
6019 2 2 1 1 3118 4171 365
6020 2 2 1 1 3074 4381 1366
6021 2 2 1 1 469 3151 470
6022 2 2 1 1 471 4040 472
6023 2 2 1 1 2029 4397 2030
6024 2 2 1 1 3408 3943 77
6025 2 2 1 1 992 4583 2978
6026 2 2 1 1 102 5385 103
6027 2 2 1 1 1836 3503 1837
6028 2 2 1 1 1844 3089 1845
6029 2 2 1 1 3947 5365 382
6030 2 2 1 1 3520 3663 1565
6031 2 2 1 1 873 3971 3652
6032 2 2 1 1 1927 3327 1928
6033 2 2 1 1 1756 5422 3802
6034 2 2 1 1 1936 3853 1935
6035 2 2 1 1 1209 2872 1210
6036 2 2 1 1 1215 3962 1216
6037 2 2 1 1 1210 3921 1211
6038 2 2 1 1 1216 4478 1217
6039 2 2 1 1 4832 5073 361
6040 2 2 1 1 1363 5290 3301
6041 2 2 1 1 285 5184 4299
6042 2 2 1 1 590 3830 591
6043 2 2 1 1 589 3022 590
6044 2 2 1 1 91 3439 92
6045 2 2 1 1 1368 2928 1369
6046 2 2 1 1 1298 4322 1296
6047 2 2 1 1 1474 3181 1475
6048 2 2 1 1 1471 3895 1472
6049 2 2 1 1 1360 3653 1361
6050 2 2 1 1 1952 4947 4414
6051 2 2 1 1 2170 3300 2171
6052 2 2 1 1 2174 4845 2161
6053 2 2 1 1 2171 3012 2172
6054 2 2 1 1 2173 3324 2174
6055 2 2 1 1 2172 3677 2173
6056 2 2 1 1 639 3049 623
6057 2 2 1 1 625 3455 626
6058 2 2 1 1 624 4523 625
6059 2 2 1 1 1443 4223 1444
6060 2 2 1 1 4269 5403 3619
6061 2 2 1 1 2913 4192 396
6062 2 2 1 1 198 5054 4040
6063 2 2 1 1 4226 4595 3427
6064 2 2 1 1 4353 5458 3375
6065 2 2 1 1 258 3093 259
6066 2 2 1 1 1144 5010 3319
6067 2 2 1 1 851 4893 3728
6068 2 2 1 1 4353 4893 864
6069 2 2 1 1 1208 3178 1192
6070 2 2 1 1 3310 5347 293
6071 2 2 1 1 52 3285 53
6072 2 2 1 1 54 3147 55
6073 2 2 1 1 730 4516 3435
6074 2 2 1 1 1196 4016 1197
6075 2 2 1 1 1328 4067 1329
6076 2 2 1 1 1338 3219 1339
6077 2 2 1 1 1337 3683 1338
6078 2 2 1 1 1336 3080 1337
6079 2 2 1 1 1340 4663 1327
6080 2 2 1 1 1339 4102 1340
6081 2 2 1 1 1410 4130 1390
6082 2 2 1 1 4035 5421 2042
6083 2 2 1 1 2028 3488 2029
6084 2 2 1 1 2044 3794 2027
6085 2 2 1 1 1294 3902 1293
6086 2 2 1 1 2425 4991 2416
6087 2 2 1 1 428 4227 3082
6088 2 2 1 1 1505 5044 1161
6089 2 2 1 1 3027 5267 1714
6090 2 2 1 1 773 2986 774
6091 2 2 1 1 610 4932 4639
6092 2 2 1 1 1343 3194 1344
6093 2 2 1 1 1370 5428 1371
6094 2 2 1 1 2917 4535 1233
6095 2 2 1 1 1928 3466 1939
6096 2 2 1 1 1937 3772 1936
6097 2 2 1 1 1938 3360 1937
6098 2 2 1 1 1939 4449 1938
6099 2 2 1 1 3991 5406 340
6100 2 2 1 1 771 4443 772
6101 2 2 1 1 4659 5252 3550
6102 2 2 1 1 2188 3134 2175
6103 2 2 1 1 2177 3689 2178
6104 2 2 1 1 2175 3690 2176
6105 2 2 1 1 2178 3672 2179
6106 2 2 1 1 2176 2930 2177
6107 2 2 1 1 2187 4352 2188
6108 2 2 1 1 3802 5422 3420
6109 2 2 1 1 1412 3983 1413
6110 2 2 1 1 1171 3691 1172
6111 2 2 1 1 1172 2874 1173
6112 2 2 1 1 1173 3341 1160
6113 2 2 1 1 3199 4164 1525
6114 2 2 1 1 317 3848 316
6115 2 2 1 1 318 3148 317
6116 2 2 1 1 319 4090 318
6117 2 2 1 1 173 4315 174
6118 2 2 1 1 174 3003 175
6119 2 2 1 1 176 3211 177
6120 2 2 1 1 3033 4227 427
6121 2 2 1 1 1394 4660 3780
6122 2 2 1 1 3378 4899 4422
6123 2 2 1 1 617 3009 618
6124 2 2 1 1 1686 4005 1687
6125 2 2 1 1 4483 4682 4064
6126 2 2 1 1 2107 5401 2106
6127 2 2 1 1 1697 3887 1698
6128 2 2 1 1 2179 2949 2180
6129 2 2 1 1 2146 5182 3661
6130 2 2 1 1 2047 4237 2048
6131 2 2 1 1 1647 4955 4256
6132 2 2 1 1 149 3308 150
6133 2 2 1 1 1324 5140 3682
6134 2 2 1 1 1924 3274 1923
6135 2 2 1 1 3894 4947 1952
6136 2 2 1 1 659 4597 660
6137 2 2 1 1 1147 5235 1148
6138 2 2 1 1 1876 4121 3076
6139 2 2 1 1 1194 3703 1195
6140 2 2 1 1 1195 2997 1196
6141 2 2 1 1 1193 3031 1194
6142 2 2 1 1 1331 5366 1093
6143 2 2 1 1 3440 4635 334
6144 2 2 1 1 2195 4545 2196
6145 2 2 1 1 1045 3815 3048
6146 2 2 1 1 3597 4363 1433
6147 2 2 1 1 3461 4639 4612
6148 2 2 1 1 4352 4660 1393
6149 2 2 1 1 27 5305 28
6150 2 2 1 1 3419 4861 3763
6151 2 2 1 1 3584 5050 1551
6152 2 2 1 1 2054 5002 4709
6153 2 2 1 1 653 4168 654
6154 2 2 1 1 3978 5458 4353
6155 2 2 1 1 1930 3562 1929
6156 2 2 1 1 3396 5307 705
6157 2 2 1 1 3799 3929 2389
6158 2 2 1 1 1962 3930 1963
6159 2 2 1 1 1974 3450 1975
6160 2 2 1 1 1975 3183 1962
6161 2 2 1 1 794 4250 2956
6162 2 2 1 1 3220 4250 793
6163 2 2 1 1 2956 4542 795
6164 2 2 1 1 241 2959 226
6165 2 2 1 1 562 4603 563
6166 2 2 1 1 1915 4418 1913
6167 2 2 1 1 2692 5389 2693
6168 2 2 1 1 2191 3698 2192
6169 2 2 1 1 2193 3141 2194
6170 2 2 1 1 2194 3514 2195
6171 2 2 1 1 3325 5039 4842
6172 2 2 1 1 1413 5350 1414
6173 2 2 1 1 1856 4062 3663
6174 2 2 1 1 3464 5052 1405
6175 2 2 1 1 863 4353 864
6176 2 2 1 1 854 3267 855
6177 2 2 1 1 852 2937 853
6178 2 2 1 1 851 3728 852
6179 2 2 1 1 838 4724 2589
6180 2 2 1 1 1918 3237 1917
6181 2 2 1 1 3280 3807 1853
6182 2 2 1 1 3706 4895 3752
6183 2 2 1 1 2422 4704 2992
6184 2 2 1 1 231 3600 232
6185 2 2 1 1 4368 4851 3665
6186 2 2 1 1 944 4261 2972
6187 2 2 1 1 615 2898 616
6188 2 2 1 1 613 4312 614
6189 2 2 1 1 616 4405 617
6190 2 2 1 1 614 3758 615
6191 2 2 1 1 1139 4061 1140
6192 2 2 1 1 2237 4365 3421
6193 2 2 1 1 2006 3352 2007
6194 2 2 1 1 1211 4608 1212
6195 2 2 1 1 1134 4351 1135
6196 2 2 1 1 1699 3042 1700
6197 2 2 1 1 1698 3732 1699
6198 2 2 1 1 2242 3066 2243
6199 2 2 1 1 1421 3161 1422
6200 2 2 1 1 1420 3052 1421
6201 2 2 1 1 1817 4123 1818
6202 2 2 1 1 1818 3738 1819
6203 2 2 1 1 1819 2924 1820
6204 2 2 1 1 1816 4758 1817
6205 2 2 1 1 708 4497 709
6206 2 2 1 1 3354 4192 3618
6207 2 2 1 1 3663 4062 1566
6208 2 2 1 1 1729 5136 3442
6209 2 2 1 1 3171 5150 1158
6210 2 2 1 1 1967 4068 1968
6211 2 2 1 1 1970 4149 1971
6212 2 2 1 1 1971 3478 1972
6213 2 2 1 1 1969 2968 1970
6214 2 2 1 1 3372 5039 4905
6215 2 2 1 1 540 5309 541
6216 2 2 1 1 1806 4565 3891
6217 2 2 1 1 1514 5236 1515
6218 2 2 1 1 1079 5275 4265
6219 2 2 1 1 613 5404 956
6220 2 2 1 1 3375 4893 4353
6221 2 2 1 1 363 3409 346
6222 2 2 1 1 2154 4609 2871
6223 2 2 1 1 4364 4966 3376
6224 2 2 1 1 2986 5252 774
6225 2 2 1 1 2164 4129 2165
6226 2 2 1 1 2167 3499 2168
6227 2 2 1 1 2166 2926 2167
6228 2 2 1 1 2165 4106 2166
6229 2 2 1 1 3729 3876 307
6230 2 2 1 1 2419 2927 2420
6231 2 2 1 1 856 2958 857
6232 2 2 1 1 860 2943 861
6233 2 2 1 1 857 3749 858
6234 2 2 1 1 858 3060 859
6235 2 2 1 1 859 3751 860
6236 2 2 1 1 1374 2962 1375
6237 2 2 1 1 652 3233 653
6238 2 2 1 1 650 3706 651
6239 2 2 1 1 2416 4796 2425
6240 2 2 1 1 2239 3068 2240
6241 2 2 1 1 131 5001 384
6242 2 2 1 1 3338 4885 3416
6243 2 2 1 1 3439 3756 92
6244 2 2 1 1 2325 3054 2326
6245 2 2 1 1 564 4491 565
6246 2 2 1 1 565 3658 566
6247 2 2 1 1 4307 5412 3575
6248 2 2 1 1 294 5347 3548
6249 2 2 1 1 1621 3107 1622
6250 2 2 1 1 3773 5443 5417
6251 2 2 1 1 1626 4334 1627
6252 2 2 1 1 3381 5009 1679
6253 2 2 1 1 3297 4367 356
6254 2 2 1 1 677 3459 678
6255 2 2 1 1 2082 3505 2083
6256 2 2 1 1 1434 4363 3251
6257 2 2 1 1 1316 4188 3209
6258 2 2 1 1 3865 5292 463
6259 2 2 1 1 3485 5182 2141
6260 2 2 1 1 676 3989 677
6261 2 2 1 1 4444 5167 385
6262 2 2 1 1 749 4829 750
6263 2 2 1 1 1910 3920 1911
6264 2 2 1 1 1505 5080 1506
6265 2 2 1 1 4144 4594 3591
6266 2 2 1 1 1030 3701 1031
6267 2 2 1 1 3004 4739 1345
6268 2 2 1 1 83 4266 84
6269 2 2 1 1 69 4220 70
6270 2 2 1 1 84 3315 69
6271 2 2 1 1 2367 3829 2368
6272 2 2 1 1 1138 2935 1139
6273 2 2 1 1 1137 3919 1138
6274 2 2 1 1 3919 5340 1484
6275 2 2 1 1 1239 3273 1240
6276 2 2 1 1 3327 4591 3466
6277 2 2 1 1 1097 3375 1098
6278 2 2 1 1 1189 4547 3544
6279 2 2 1 1 3058 5431 4528
6280 2 2 1 1 2238 3816 2239
6281 2 2 1 1 2253 3637 2254
6282 2 2 1 1 2068 5448 2069
6283 2 2 1 1 4899 5382 3825
6284 2 2 1 1 961 5155 948
6285 2 2 1 1 1223 3498 1224
6286 2 2 1 1 2291 4517 2290
6287 2 2 1 1 4249 4446 3353
6288 2 2 1 1 4794 4817 2703
6289 2 2 1 1 1990 4564 1991
6290 2 2 1 1 1253 5217 3868
6291 2 2 1 1 1273 4419 1258
6292 2 2 1 1 3547 4033 194
6293 2 2 1 1 61 3427 62
6294 2 2 1 1 450 4138 451
6295 2 2 1 1 4389 5034 2387
6296 2 2 1 1 1257 3355 1244
6297 2 2 1 1 1799 4521 1782
6298 2 2 1 1 145 3596 1350
6299 2 2 1 1 62 4595 63
6300 2 2 1 1 1518 3684 1519
6301 2 2 1 1 979 4089 3108
6302 2 2 1 1 1146 4923 1265
6303 2 2 1 1 2936 4473 1335
6304 2 2 1 1 2326 3265 2327
6305 2 2 1 1 357 4367 4128
6306 2 2 1 1 3959 5087 2304
6307 2 2 1 1 4148 4987 1290
6308 2 2 1 1 1096 3056 1097
6309 2 2 1 1 1095 3767 1096
6310 2 2 1 1 1094 3263 1095
6311 2 2 1 1 4364 4470 530
6312 2 2 1 1 511 5461 512
6313 2 2 1 1 1775 3122 1776
6314 2 2 1 1 1776 3529 1777
6315 2 2 1 1 1631 4408 1632
6316 2 2 1 1 1647 4256 1631
6317 2 2 1 1 1633 3142 1634
6318 2 2 1 1 1632 3623 1633
6319 2 2 1 1 5096 5279 23
6320 2 2 1 1 1166 3464 1167
6321 2 2 1 1 1169 3531 1170
6322 2 2 1 1 1167 3146 1168
6323 2 2 1 1 1168 3768 1169
6324 2 2 1 1 1164 3875 1165
6325 2 2 1 1 3280 3709 1761
6326 2 2 1 1 449 5258 5105
6327 2 2 1 1 1625 3266 1626
6328 2 2 1 1 1624 3814 1625
6329 2 2 1 1 477 4637 461
6330 2 2 1 1 3649 4454 690
6331 2 2 1 1 2016 4001 2017
6332 2 2 1 1 2431 2994 2418
6333 2 2 1 1 2428 3907 2429
6334 2 2 1 1 2429 2902 2430
6335 2 2 1 1 2418 3858 2419
6336 2 2 1 1 2430 3769 2431
6337 2 2 1 1 1709 5361 1710
6338 2 2 1 1 2208 5303 3760
6339 2 2 1 1 4947 5303 2207
6340 2 2 1 1 1791 5443 1792
6341 2 2 1 1 967 5146 968
6342 2 2 1 1 804 3340 805
6343 2 2 1 1 803 3422 804
6344 2 2 1 1 660 4597 588
6345 2 2 1 1 4020 5393 3409
6346 2 2 1 1 3092 5443 1791
6347 2 2 1 1 425 4967 3364
6348 2 2 1 1 1912 3723 1896
6349 2 2 1 1 1911 3174 1912
6350 2 2 1 1 3975 5428 3393
6351 2 2 1 1 4613 5017 3274
6352 2 2 1 1 435 2855 2842
6353 2 2 1 1 1242 3222 1243
6354 2 2 1 1 1241 3296 1242
6355 2 2 1 1 1243 3867 1223
6356 2 2 1 1 1240 3551 1241
6357 2 2 1 1 2366 4246 2367
6358 2 2 1 1 2365 5075 2366
6359 2 2 1 1 2363 3783 2364
6360 2 2 1 1 362 5073 5072
6361 2 2 1 1 1707 4177 3365
6362 2 2 1 1 2362 4517 2363
6363 2 2 1 1 1932 4638 1931
6364 2 2 1 1 4454 4940 691
6365 2 2 1 1 2014 3644 3208
6366 2 2 1 1 1179 5145 4195
6367 2 2 1 1 1248 3527 1249
6368 2 2 1 1 3353 4446 1810
6369 2 2 1 1 657 3023 658
6370 2 2 1 1 658 4304 659
6371 2 2 1 1 1522 3774 1523
6372 2 2 1 1 1521 3990 1522
6373 2 2 1 1 1520 2915 1521
6374 2 2 1 1 1523 2897 1524
6375 2 2 1 1 3022 4597 4304
6376 2 2 1 1 260 5016 261
6377 2 2 1 1 120 4594 121
6378 2 2 1 1 3170 4611 9
6379 2 2 1 1 2023 4488 2024
6380 2 2 1 1 1430 3236 1431
6381 2 2 1 1 4697 4699 3458
6382 2 2 1 1 2398 5161 3204
6383 2 2 1 1 870 4173 871
6384 2 2 1 1 871 3612 872
6385 2 2 1 1 872 3971 873
6386 2 2 1 1 80 4300 81
6387 2 2 1 1 2330 4234 3373
6388 2 2 1 1 720 3628 2967
6389 2 2 1 1 3512 4357 1814
6390 2 2 1 1 2905 5414 4114
6391 2 2 1 1 447 4332 448
6392 2 2 1 1 446 3138 447
6393 2 2 1 1 2335 3269 2336
6394 2 2 1 1 3230 4238 1262
6395 2 2 1 1 3350 3875 1164
6396 2 2 1 1 2967 3803 721
6397 2 2 1 1 3028 4485 2260
6398 2 2 1 1 1956 3873 3525
6399 2 2 1 1 1310 4322 3391
6400 2 2 1 1 2960 3649 689
6401 2 2 1 1 3140 3644 2013
6402 2 2 1 1 2012 3617 3140
6403 2 2 1 1 1424 4444 1411
6404 2 2 1 1 2906 3404 966
6405 2 2 1 1 2360 3039 2361
6406 2 2 1 1 2361 3316 2347
6407 2 2 1 1 2349 3605 2350
6408 2 2 1 1 1503 3299 1504
6409 2 2 1 1 2057 5110 3494
6410 2 2 1 1 1596 4400 2971
6411 2 2 1 1 3394 3884 1736
6412 2 2 1 1 950 4313 4146
6413 2 2 1 1 3354 3618 953
6414 2 2 1 1 954 3618 3072
6415 2 2 1 1 952 4225 3354
6416 2 2 1 1 4146 4225 951
6417 2 2 1 1 1766 3861 3133
6418 2 2 1 1 66 5209 5194
6419 2 2 1 1 1774 5214 3570
6420 2 2 1 1 588 4597 589
6421 2 2 1 1 2328 4135 3437
6422 2 2 1 1 4040 5054 472
6423 2 2 1 1 946 3337 947
6424 2 2 1 1 2851 4617 1543
6425 2 2 1 1 1296 4322 1310
6426 2 2 1 1 760 4497 708
6427 2 2 1 1 977 4226 2979
6428 2 2 1 1 2979 4089 978
6429 2 2 1 1 1135 4351 3895
6430 2 2 1 1 266 4652 267
6431 2 2 1 1 3282 4421 2001
6432 2 2 1 1 2301 4745 2302
6433 2 2 1 1 298 4594 299
6434 2 2 1 1 136 4161 2875
6435 2 2 1 1 2884 4277 1744
6436 2 2 1 1 1267 5355 3024
6437 2 2 1 1 4410 4822 3328
6438 2 2 1 1 2186 4660 2187
6439 2 2 1 1 300 4578 301
6440 2 2 1 1 4564 4988 4333
6441 2 2 1 1 1752 3715 2870
6442 2 2 1 1 1601 3695 3356
6443 2 2 1 1 2147 3621 3000
6444 2 2 1 1 1869 3179 1870
6445 2 2 1 1 3678 4616 2211
6446 2 2 1 1 4012 5328 3160
6447 2 2 1 1 450 5105 4138
6448 2 2 1 1 4908 4955 1646
6449 2 2 1 1 630 4031 631
6450 2 2 1 1 631 3162 632
6451 2 2 1 1 633 3415 634
6452 2 2 1 1 1876 3076 1877
6453 2 2 1 1 134 4808 135
6454 2 2 1 1 1092 3625 3411
6455 2 2 1 1 2881 3625 1091
6456 2 2 1 1 407 4943 4167
6457 2 2 1 1 3 4458 4
6458 2 2 1 1 606 3292 3200
6459 2 2 1 1 607 3200 3198
6460 2 2 1 1 3132 4451 1888
6461 2 2 1 1 932 3339 933
6462 2 2 1 1 947 4019 932
6463 2 2 1 1 933 3923 934
6464 2 2 1 1 128 3983 1412
6465 2 2 1 1 299 4594 120
6466 2 2 1 1 896 4240 4083
6467 2 2 1 1 1514 5318 5236
6468 2 2 1 1 408 4167 3288
6469 2 2 1 1 3288 3419 409
6470 2 2 1 1 848 2882 849
6471 2 2 1 1 835 4431 836
6472 2 2 1 1 2826 4658 4128
6473 2 2 1 1 4256 4955 2664
6474 2 2 1 1 4112 4580 1610
6475 2 2 1 1 4091 5231 190
6476 2 2 1 1 1691 5125 1692
6477 2 2 1 1 1838 5391 1839
6478 2 2 1 1 281 4625 3521
6479 2 2 1 1 2121 5125 3436
6480 2 2 1 1 915 3001 916
6481 2 2 1 1 3064 4722 4714
6482 2 2 1 1 1263 4238 4053
6483 2 2 1 1 3570 5214 1115
6484 2 2 1 1 1003 3121 1004
6485 2 2 1 1 4933 4977 3395
6486 2 2 1 1 2885 4323 2051
6487 2 2 1 1 275 4458 3
6488 2 2 1 1 4203 5101 3121
6489 2 2 1 1 1790 3092 1791
6490 2 2 1 1 3205 4445 3775
6491 2 2 1 1 1667 4961 1668
6492 2 2 1 1 1161 5044 1162
6493 2 2 1 1 1063 4002 3795
6494 2 2 1 1 1074 4541 3949
6495 2 2 1 1 1075 3949 3144
6496 2 2 1 1 2996 4541 1073
6497 2 2 1 1 3144 4002 1076
6498 2 2 1 1 3795 4884 1064
6499 2 2 1 1 1738 4140 1739
6500 2 2 1 1 3262 5304 4299
6501 2 2 1 1 1589 3849 1590
6502 2 2 1 1 759 4497 760
6503 2 2 1 1 488 4838 3847
6504 2 2 1 1 2417 4991 3383
6505 2 2 1 1 1429 4393 1430
6506 2 2 1 1 1427 4202 1428
6507 2 2 1 1 1426 4300 1427
6508 2 2 1 1 2002 4421 3357
6509 2 2 1 1 1113 4653 3999
6510 2 2 1 1 1717 4672 1718
6511 2 2 1 1 1000 4698 1001
6512 2 2 1 1 1001 3349 1002
6513 2 2 1 1 1002 4203 1003
6514 2 2 1 1 1143 5040 4293
6515 2 2 1 1 1800 3059 1801
6516 2 2 1 1 1801 3810 1802
6517 2 2 1 1 1814 4357 1815
6518 2 2 1 1 1815 3811 1800
6519 2 2 1 1 1802 2987 1803
6520 2 2 1 1 3828 4113 1130
6521 2 2 1 1 3404 5146 967
6522 2 2 1 1 1114 3999 3570
6523 2 2 1 1 3209 3974 1317
6524 2 2 1 1 1112 4653 1113
6525 2 2 1 1 1352 4799 1353
6526 2 2 1 1 3226 3695 1600
6527 2 2 1 1 1613 3647 3226
6528 2 2 1 1 1015 3123 1016
6529 2 2 1 1 505 3173 506
6530 2 2 1 1 3451 5419 692
6531 2 2 1 1 2358 4643 3883
6532 2 2 1 1 469 3781 3151
6533 2 2 1 1 3244 5381 1058
6534 2 2 1 1 1972 4718 1973
6535 2 2 1 1 1261 3820 3230
6536 2 2 1 1 1596 2971 1597
6537 2 2 1 1 1751 4581 3715
6538 2 2 1 1 3524 4581 1750
6539 2 2 1 1 3133 3639 1767
6540 2 2 1 1 1749 3639 3524
6541 2 2 1 1 269 3224 270
6542 2 2 1 1 267 3240 268
6543 2 2 1 1 268 3358 269
6544 2 2 1 1 1816 5048 4758
6545 2 2 1 1 2862 3205 2258
6546 2 2 1 1 850 2876 833
6547 2 2 1 1 834 2907 835
6548 2 2 1 1 833 3821 834
6549 2 2 1 1 876 3160 877
6550 2 2 1 1 3072 4312 955
6551 2 2 1 1 2209 3760 2995
6552 2 2 1 1 2995 3678 2210
6553 2 2 1 1 4610 5236 2617
6554 2 2 1 1 2009 4944 1835
6555 2 2 1 1 329 4616 328
6556 2 2 1 1 2633 5466 2807
6557 2 2 1 1 1278 3281 1279
6558 2 2 1 1 3719 5123 1256
6559 2 2 1 1 5055 5419 596
6560 2 2 1 1 3325 4693 3242
6561 2 2 1 1 2112 3249 2113
6562 2 2 1 1 1274 4368 1275
6563 2 2 1 1 283 4751 284
6564 2 2 1 1 3643 4705 1615
6565 2 2 1 1 626 3455 3120
6566 2 2 1 1 2352 4914 2353
6567 2 2 1 1 1334 2936 1335
6568 2 2 1 1 1333 3335 1334
6569 2 2 1 1 1502 4110 1485
6570 2 2 1 1 1485 3944 1486
6571 2 2 1 1 135 4808 4179
6572 2 2 1 1 589 4597 3022
6573 2 2 1 1 3213 4703 3594
6574 2 2 1 1 1277 3376 1278
6575 2 2 1 1 1276 3131 1277
6576 2 2 1 1 1275 3827 1276
6577 2 2 1 1 2185 3780 2186
6578 2 2 1 1 3147 4881 55
6579 2 2 1 1 3024 3318 1268
6580 2 2 1 1 638 5231 4091
6581 2 2 1 1 897 4083 3077
6582 2 2 1 1 489 4030 490
6583 2 2 1 1 2042 5421 3787
6584 2 2 1 1 2058 3494 3097
6585 2 2 1 1 2045 3497 3063
6586 2 2 1 1 2867 4683 2282
6587 2 2 1 1 2283 4355 2867
6588 2 2 1 1 2934 4355 2284
6589 2 2 1 1 2033 3587 2034
6590 2 2 1 1 484 2903 485
6591 2 2 1 1 1250 4805 4468
6592 2 2 1 1 258 3786 3093
6593 2 2 1 1 1062 3168 1047
6594 2 2 1 1 1048 2961 1049
6595 2 2 1 1 36 3155 21
6596 2 2 1 1 34 2847 35
6597 2 2 1 1 1771 3686 3560
6598 2 2 1 1 3200 4731 4730
6599 2 2 1 1 135 4578 119
6600 2 2 1 1 3560 5363 1772
6601 2 2 1 1 1782 4521 3903
6602 2 2 1 1 1695 3264 1696
6603 2 2 1 1 3139 3794 2044
6604 2 2 1 1 3488 4397 2029
6605 2 2 1 1 1027 3836 1026
6606 2 2 1 1 1016 4471 1029
6607 2 2 1 1 1026 2963 1025
6608 2 2 1 1 1029 3580 1028
6609 2 2 1 1 2135 4457 2134
6610 2 2 1 1 2422 2992 2423
6611 2 2 1 1 3327 3466 1928
6612 2 2 1 1 972 5406 3991
6613 2 2 1 1 3772 3853 1936
6614 2 2 1 1 1115 5214 1116
6615 2 2 1 1 2199 4124 2900
6616 2 2 1 1 919 3087 920
6617 2 2 1 1 916 4008 917
6618 2 2 1 1 917 2955 918
6619 2 2 1 1 1835 4944 1836
6620 2 2 1 1 2406 3379 2407
6621 2 2 1 1 4494 5002 2053
6622 2 2 1 1 675 5046 676
6623 2 2 1 1 2842 3189 436
6624 2 2 1 1 2136 3720 2135
6625 2 2 1 1 3640 4610 744
6626 2 2 1 1 1205 3071 1206
6627 2 2 1 1 3312 5279 3465
6628 2 2 1 1 1978 4184 3336
6629 2 2 1 1 2125 4955 4908
6630 2 2 1 1 2402 3145 2403
6631 2 2 1 1 3409 5311 346
6632 2 2 1 1 347 5311 4401
6633 2 2 1 1 3607 4818 1628
6634 2 2 1 1 2424 4991 2425
6635 2 2 1 1 3699 3806 89
6636 2 2 1 1 3653 5398 4433
6637 2 2 1 1 3362 5246 420
6638 2 2 1 1 86 3660 3010
6639 2 2 1 1 2405 3882 2406
6640 2 2 1 1 2404 3823 2405
6641 2 2 1 1 3978 4353 863
6642 2 2 1 1 2053 5002 2054
6643 2 2 1 1 3930 4229 1963
6644 2 2 1 1 832 3277 819
6645 2 2 1 1 172 4946 173
6646 2 2 1 1 4429 4646 4204
6647 2 2 1 1 3073 4588 4428
6648 2 2 1 1 1718 3787 1702
6649 2 2 1 1 1703 4035 1704
6650 2 2 1 1 1127 4293 3662
6651 2 2 1 1 2923 3828 1129
6652 2 2 1 1 1128 3662 2923
6653 2 2 1 1 399 5219 400
6654 2 2 1 1 956 5404 957
6655 2 2 1 1 1812 4534 2892
6656 2 2 1 1 1897 4740 1898
6657 2 2 1 1 3678 5379 4616
6658 2 2 1 1 465 5395 250
6659 2 2 1 1 642 4560 3015
6660 2 2 1 1 2997 4016 1196
6661 2 2 1 1 485 4690 486
6662 2 2 1 1 488 3847 489
6663 2 2 1 1 4977 5383 3395
6664 2 2 1 1 3814 5016 260
6665 2 2 1 1 3789 4981 4390
6666 2 2 1 1 1839 5391 2158
6667 2 2 1 1 3317 4496 1653
6668 2 2 1 1 1773 5214 1774
6669 2 2 1 1 2860 4461 2245
6670 2 2 1 1 3325 4842 4693
6671 2 2 1 1 1035 4450 1036
6672 2 2 1 1 3962 4478 1216
6673 2 2 1 1 2872 3921 1210
6674 2 2 1 1 1649 4889 1593
6675 2 2 1 1 1772 5363 1773
6676 2 2 1 1 2990 3634 909
6677 2 2 1 1 3022 3830 590
6678 2 2 1 1 2105 4190 3257
6679 2 2 1 1 456 4199 457
6680 2 2 1 1 454 3304 455
6681 2 2 1 1 455 3136 456
6682 2 2 1 1 3455 4611 3120
6683 2 2 1 1 1976 5041 1977
6684 2 2 1 1 740 4078 741
6685 2 2 1 1 3886 4663 3213
6686 2 2 1 1 382 5365 383
6687 2 2 1 1 79 3413 3182
6688 2 2 1 1 1729 5155 5136
6689 2 2 1 1 1312 4088 1313
6690 2 2 1 1 1314 2920 1315
6691 2 2 1 1 1313 3869 1314
6692 2 2 1 1 551 5226 4480
6693 2 2 1 1 1779 5416 1588
6694 2 2 1 1 130 5001 131
6695 2 2 1 1 4591 5239 3466
6696 2 2 1 1 2171 3300 3012
6697 2 2 1 1 3012 3677 2172
6698 2 2 1 1 3324 4845 2174
6699 2 2 1 1 2173 3677 3324
6700 2 2 1 1 3251 4665 1435
6701 2 2 1 1 1013 5135 453
6702 2 2 1 1 73 3291 74
6703 2 2 1 1 625 4523 3455
6704 2 2 1 1 1798 4969 1799
6705 2 2 1 1 617 4405 3009
6706 2 2 1 1 1698 3887 3732
6707 2 2 1 1 2035 3572 2036
6708 2 2 1 1 2036 3128 2037
6709 2 2 1 1 2565 5121 4762
6710 2 2 1 1 2999 4585 96
6711 2 2 1 1 664 2904 665
6712 2 2 1 1 1532 4967 424
6713 2 2 1 1 3366 5285 4221
6714 2 2 1 1 668 3465 669
6715 2 2 1 1 2157 5249 2158
6716 2 2 1 1 2309 4862 3245
6717 2 2 1 1 3219 4102 1339
6718 2 2 1 1 3080 3683 1337
6719 2 2 1 1 4102 4663 1340
6720 2 2 1 1 1338 3683 3219
6721 2 2 1 1 1420 5148 3052
6722 2 2 1 1 3127 4530 4520
6723 2 2 1 1 4179 4578 135
6724 2 2 1 1 2158 5391 2159
6725 2 2 1 1 4885 5327 403
6726 2 2 1 1 2082 4571 3505
6727 2 2 1 1 2246 4461 3114
6728 2 2 1 1 3434 4477 6
6729 2 2 1 1 4309 5210 3701
6730 2 2 1 1 1374 5441 2962
6731 2 2 1 1 2519 5090 4797
6732 2 2 1 1 75 4498 3408
6733 2 2 1 1 1595 5468 4400
6734 2 2 1 1 4299 5184 3262
6735 2 2 1 1 3346 4626 3736
6736 2 2 1 1 340 5406 341
6737 2 2 1 1 1559 4627 3881
6738 2 2 1 1 1694 3799 1695
6739 2 2 1 1 119 4578 300
6740 2 2 1 1 1117 5363 3560
6741 2 2 1 1 477 5204 4637
6742 2 2 1 1 1354 4058 1355
6743 2 2 1 1 3233 4168 653
6744 2 2 1 1 3360 3772 1937
6745 2 2 1 1 3466 4449 1939
6746 2 2 1 1 1938 4449 3360
6747 2 2 1 1 1641 3125 1642
6748 2 2 1 1 1642 4500 1643
6749 2 2 1 1 2989 5289 1106
6750 2 2 1 1 61 5330 3427
6751 2 2 1 1 1990 4988 4564
6752 2 2 1 1 178 3100 179
6753 2 2 1 1 579 3425 580
6754 2 2 1 1 2188 4352 3134
6755 2 2 1 1 3134 3690 2175
6756 2 2 1 1 2930 3689 2177
6757 2 2 1 1 2178 3689 3672
6758 2 2 1 1 2176 3690 2930
6759 2 2 1 1 1145 4923 1146
6760 2 2 1 1 666 2948 667
6761 2 2 1 1 667 3312 668
6762 2 2 1 1 251 5395 5292
6763 2 2 1 1 1172 3691 2874
6764 2 2 1 1 2874 3341 1173
6765 2 2 1 1 3050 5012 699
6766 2 2 1 1 574 2858 575
6767 2 2 1 1 4 4458 3477
6768 2 2 1 1 318 4090 3148
6769 2 2 1 1 3148 3848 317
6770 2 2 1 1 174 4315 3003
6771 2 2 1 1 2198 4124 2199
6772 2 2 1 1 3921 4608 1211
6773 2 2 1 1 3881 4627 414
6774 2 2 1 1 5075 5400 2783
6775 2 2 1 1 2316 4961 2317
6776 2 2 1 1 3249 4068 2113
6777 2 2 1 1 781 2879 782
6778 2 2 1 1 780 3898 781
6779 2 2 1 1 778 3091 779
6780 2 2 1 1 3354 4939 4192
6781 2 2 1 1 3141 5010 3514
6782 2 2 1 1 3514 4545 2195
6783 2 2 1 1 1166 5052 3464
6784 2 2 1 1 3875 5052 1165
6785 2 2 1 1 1509 2998 1510
6786 2 2 1 1 3701 5210 1031
6787 2 2 1 1 304 4932 305
6788 2 2 1 1 821 4530 822
6789 2 2 1 1 822 3127 823
6790 2 2 1 1 2140 3694 3485
6791 2 2 1 1 2935 4061 1139
6792 2 2 1 1 3058 4528 2338
6793 2 2 1 1 4414 4947 2220
6794 2 2 1 1 1836 4944 3503
6795 2 2 1 1 741 2896 724
6796 2 2 1 1 724 3229 725
6797 2 2 1 1 3184 4901 3946
6798 2 2 1 1 4332 5258 448
6799 2 2 1 1 3031 3703 1194
6800 2 2 1 1 1195 3703 2997
6801 2 2 1 1 1977 5041 4184
6802 2 2 1 1 3319 4923 1145
6803 2 2 1 1 1400 3262 1401
6804 2 2 1 1 3358 4805 3224
6805 2 2 1 1 2179 3672 2949
6806 2 2 1 1 1501 5359 1502
6807 2 2 1 1 1585 4521 1586
6808 2 2 1 1 3249 4379 4068
6809 2 2 1 1 743 3640 744
6810 2 2 1 1 292 2891 293
6811 2 2 1 1 4140 4544 4477
6812 2 2 1 1 41 3213 42
6813 2 2 1 1 1582 4722 1901
6814 2 2 1 1 1552 4037 1553
6815 2 2 1 1 1554 3332 1555
6816 2 2 1 1 1553 3916 1554
6817 2 2 1 1 1567 3420 1552
6818 2 2 1 1 1566 4062 1567
6819 2 2 1 1 3903 4521 1585
6820 2 2 1 1 1904 4867 4588
6821 2 2 1 1 3161 4971 1422
6822 2 2 1 1 4179 4209 302
6823 2 2 1 1 3378 4422 752
6824 2 2 1 1 3503 5018 1837
6825 2 2 1 1 3868 4747 1254
6826 2 2 1 1 446 5440 3138
6827 2 2 1 1 1356 3926 1357
6828 2 2 1 1 1357 3441 1358
6829 2 2 1 1 1355 2944 1356
6830 2 2 1 1 1975 3450 3183
6831 2 2 1 1 3183 3930 1962
6832 2 2 1 1 3293 5039 3372
6833 2 2 1 1 757 3038 758
6834 2 2 1 1 3141 3514 2194
6835 2 2 1 1 4452 5304 1399
6836 2 2 1 1 1599 4722 1582
6837 2 2 1 1 1889 4451 3309
6838 2 2 1 1 291 3992 292
6839 2 2 1 1 305 4764 306
6840 2 2 1 1 306 3500 291
6841 2 2 1 1 1862 3834 1863
6842 2 2 1 1 852 3728 2937
6843 2 2 1 1 2112 5174 3249
6844 2 2 1 1 1474 4934 3181
6845 2 2 1 1 1854 3807 3802
6846 2 2 1 1 2321 2850 2322
6847 2 2 1 1 614 4312 3758
6848 2 2 1 1 615 3758 2898
6849 2 2 1 1 2898 4405 616
6850 2 2 1 1 282 4931 283
6851 2 2 1 1 1699 3732 3042
6852 2 2 1 1 3266 4334 1626
6853 2 2 1 1 2323 2974 2324
6854 2 2 1 1 3225 5149 4589
6855 2 2 1 1 729 4960 4310
6856 2 2 1 1 4390 4981 735
6857 2 2 1 1 983 3447 982
6858 2 2 1 1 126 3982 127
6859 2 2 1 1 2187 4660 4352
6860 2 2 1 1 1640 4782 1641
6861 2 2 1 1 4923 5355 1266
6862 2 2 1 1 3052 3161 1421
6863 2 2 1 1 330 3303 331
6864 2 2 1 1 2239 3816 3068
6865 2 2 1 1 3189 5089 437
6866 2 2 1 1 1837 5018 1838
6867 2 2 1 1 1817 4758 4123
6868 2 2 1 1 1818 4123 3738
6869 2 2 1 1 1819 3738 2924
6870 2 2 1 1 2425 4796 2426
6871 2 2 1 1 1911 3920 3174
6872 2 2 1 1 173 4946 4315
6873 2 2 1 1 2414 3577 2415
6874 2 2 1 1 8 4544 3170
6875 2 2 1 1 2570 4954 4056
6876 2 2 1 1 1682 4365 1683
6877 2 2 1 1 2367 4246 3829
6878 2 2 1 1 2968 4149 1970
6879 2 2 1 1 1971 4149 3478
6880 2 2 1 1 1116 5363 1117
6881 2 2 1 1 2339 4528 2953
6882 2 2 1 1 190 5231 191
6883 2 2 1 1 3766 4960 729
6884 2 2 1 1 1265 4923 1266
6885 2 2 1 1 629 5457 630
6886 2 2 1 1 529 4966 4364
6887 2 2 1 1 2416 4991 2417
6888 2 2 1 1 1336 4473 3080
6889 2 2 1 1 345 3797 330
6890 2 2 1 1 344 3452 345
6891 2 2 1 1 1892 3952 1893
6892 2 2 1 1 1893 2895 1894
6893 2 2 1 1 245 4678 246
6894 2 2 1 1 3273 3551 1240
6895 2 2 1 1 1199 4302 1200
6896 2 2 1 1 2410 4077 2411
6897 2 2 1 1 2165 4129 4106
6898 2 2 1 1 2926 3499 2167
6899 2 2 1 1 2166 4106 2926
6900 2 2 1 1 4776 5174 2111
6901 2 2 1 1 3472 4629 1230
6902 2 2 1 1 1231 4629 4208
6903 2 2 1 1 5012 5142 2564
6904 2 2 1 1 1203 4686 1204
6905 2 2 1 1 3341 5080 1160
6906 2 2 1 1 858 3749 3060
6907 2 2 1 1 2958 3749 857
6908 2 2 1 1 3060 3751 859
6909 2 2 1 1 860 3751 2943
6910 2 2 1 1 3460 5071 2375
6911 2 2 1 1 1223 3867 3498
6912 2 2 1 1 3466 5239 4449
6913 2 2 1 1 1401 4751 1402
6914 2 2 1 1 1650 2988 1651
6915 2 2 1 1 1217 4478 2945
6916 2 2 1 1 565 4491 3658
6917 2 2 1 1 826 5437 827
6918 2 2 1 1 2262 4699 4697
6919 2 2 1 1 4637 5204 635
6920 2 2 1 1 256 3149 242
6921 2 2 1 1 2650 4829 4348
6922 2 2 1 1 3056 3375 1097
6923 2 2 1 1 2270 4993 4309
6924 2 2 1 1 677 3989 3459
6925 2 2 1 1 144 4122 3596
6926 2 2 1 1 1185 5090 1186
6927 2 2 1 1 1068 3965 1069
6928 2 2 1 1 1066 4018 1067
6929 2 2 1 1 1067 3051 1068
6930 2 2 1 1 1069 2925 1070
6931 2 2 1 1 1070 4378 1071
6932 2 2 1 1 2110 4776 2111
6933 2 2 1 1 424 4967 425
6934 2 2 1 1 1177 3372 1178
6935 2 2 1 1 786 3792 787
6936 2 2 1 1 731 3217 732
6937 2 2 1 1 2351 5331 3414
6938 2 2 1 1 50 3368 37
6939 2 2 1 1 40 3886 41
6940 2 2 1 1 37 3021 38
6941 2 2 1 1 2741 5129 2213
6942 2 2 1 1 4491 5061 3755
6943 2 2 1 1 578 3314 579
6944 2 2 1 1 576 3972 577
6945 2 2 1 1 577 3025 578
6946 2 2 1 1 1459 3005 1460
6947 2 2 1 1 297 3591 298
6948 2 2 1 1 984 4817 983
6949 2 2 1 1 2182 4249 2183
6950 2 2 1 1 2181 2848 2182
6951 2 2 1 1 4019 4593 3339
6952 2 2 1 1 1473 4934 1474
6953 2 2 1 1 568 5354 569
6954 2 2 1 1 3315 4220 69
6955 2 2 1 1 84 4266 3315
6956 2 2 1 1 2370 3169 2371
6957 2 2 1 1 1138 3919 2935
6958 2 2 1 1 1905 4588 3073
6959 2 2 1 1 1694 3929 3799
6960 2 2 1 1 4709 5002 2676
6961 2 2 1 1 3478 4718 1972
6962 2 2 1 1 2778 4914 3813
6963 2 2 1 1 2411 3007 2412
6964 2 2 1 1 2413 2976 2414
6965 2 2 1 1 1850 3163 1851
6966 2 2 1 1 1849 4566 1850
6967 2 2 1 1 1512 4752 1513
6968 2 2 1 1 1511 4177 1512
6969 2 2 1 1 116 4200 117
6970 2 2 1 1 493 4974 3895
6971 2 2 1 1 823 4599 824
6972 2 2 1 1 3587 4130 2034
6973 2 2 1 1 1033 4653 1112
6974 2 2 1 1 3270 5349 4860
6975 2 2 1 1 2385 4234 2386
6976 2 2 1 1 476 5204 477
6977 2 2 1 1 464 5395 465
6978 2 2 1 1 3798 3929 1693
6979 2 2 1 1 2223 3018 2224
6980 2 2 1 1 1994 3165 1995
6981 2 2 1 1 1993 4298 1994
6982 2 2 1 1 1992 3294 1993
6983 2 2 1 1 1119 2991 1120
6984 2 2 1 1 2228 3619 2229
6985 2 2 1 1 2231 4369 2232
6986 2 2 1 1 1318 3974 3331
6987 2 2 1 1 309 3729 307
6988 2 2 1 1 886 3061 887
6989 2 2 1 1 2363 4517 3783
6990 2 2 1 1 800 4325 801
6991 2 2 1 1 1123 5120 1124
6992 2 2 1 1 3982 3983 127
6993 2 2 1 1 1550 3584 1551
6994 2 2 1 1 1547 3996 1548
6995 2 2 1 1 1549 3997 1550
6996 2 2 1 1 1548 2886 1549
6997 2 2 1 1 1046 4653 1033
6998 2 2 1 1 2889 4488 2023
6999 2 2 1 1 400 3243 401
7000 2 2 1 1 2364 5400 2365
7001 2 2 1 1 558 4832 3648
7002 2 2 1 1 1529 4666 3029
7003 2 2 1 1 2966 4909 1222
7004 2 2 1 1 2144 3558 2143
7005 2 2 1 1 1062 5285 3168
7006 2 2 1 1 700 5012 5004
7007 2 2 1 1 5105 5258 3425
7008 2 2 1 1 1286 3164 1287
7009 2 2 1 1 2857 4748 1496
7010 2 2 1 1 1415 4003 1416
7011 2 2 1 1 1416 3216 1417
7012 2 2 1 1 1282 3242 1283
7013 2 2 1 1 32 4608 3185
7014 2 2 1 1 829 4960 830
7015 2 2 1 1 237 4048 3225
7016 2 2 1 1 3427 4595 62
7017 2 2 1 1 1424 5167 4444
7018 2 2 1 1 3899 4749 3193
7019 2 2 1 1 4740 5189 1954
7020 2 2 1 1 825 5213 4812
7021 2 2 1 1 1982 3393 1983
7022 2 2 1 1 3263 3767 1095
7023 2 2 1 1 1096 3767 3056
7024 2 2 1 1 3374 4977 4933
7025 2 2 1 1 1481 5232 2941
7026 2 2 1 1 1010 2984 1011
7027 2 2 1 1 1009 3602 1010
7028 2 2 1 1 3122 3529 1776
7029 2 2 1 1 1633 3623 3142
7030 2 2 1 1 4256 4408 1631
7031 2 2 1 1 1632 4408 3623
7032 2 2 1 1 334 4635 335
7033 2 2 1 1 3146 3768 1168
7034 2 2 1 1 1169 3768 3531
7035 2 2 1 1 1167 3464 3146
7036 2 2 1 1 1430 4393 3236
7037 2 2 1 1 1840 3412 1841
7038 2 2 1 1 1842 3366 1843
7039 2 2 1 1 1841 4469 1842
7040 2 2 1 1 4468 4805 3358
7041 2 2 1 1 1625 3814 3266
7042 2 2 1 1 3128 5382 2037
7043 2 2 1 1 2902 3769 2430
7044 2 2 1 1 2431 3769 2994
7045 2 2 1 1 2429 3907 2902
7046 2 2 1 1 2994 3858 2418
7047 2 2 1 1 107 4284 108
7048 2 2 1 1 155 3095 156
7049 2 2 1 1 938 2854 939
7050 2 2 1 1 501 4244 502
7051 2 2 1 1 170 4977 171
7052 2 2 1 1 1175 3782 1176
7053 2 2 1 1 1176 3293 1177
7054 2 2 1 1 804 3422 3340
7055 2 2 1 1 4812 5213 253
7056 2 2 1 1 111 4659 112
7057 2 2 1 1 1571 2970 1572
7058 2 2 1 1 1094 5366 3263
7059 2 2 1 1 338 3298 339
7060 2 2 1 1 496 4754 497
7061 2 2 1 1 1606 4783 1607
7062 2 2 1 1 1137 5340 3919
7063 2 2 1 1 3174 3723 1912
7064 2 2 1 1 960 5136 961
7065 2 2 1 1 930 3215 931
7066 2 2 1 1 3292 4731 3200
7067 2 2 1 1 310 3918 309
7068 2 2 1 1 1414 3006 1415
7069 2 2 1 1 1242 3296 3222
7070 2 2 1 1 1241 3551 3296
7071 2 2 1 1 3222 3867 1243
7072 2 2 1 1 2366 5075 4246
7073 2 2 1 1 3729 4986 3876
7074 2 2 1 1 1579 3426 1580
7075 2 2 1 1 325 3400 324
7076 2 2 1 1 1285 4119 1286
7077 2 2 1 1 1284 2947 1285
7078 2 2 1 1 2259 4485 2862
7079 2 2 1 1 1823 4056 1824
7080 2 2 1 1 1931 4638 1930
7081 2 2 1 1 267 4652 3240
7082 2 2 1 1 942 3710 943
7083 2 2 1 1 3793 5099 2568
7084 2 2 1 1 3167 4609 2153
7085 2 2 1 1 3023 4304 658
7086 2 2 1 1 3314 5105 3425
7087 2 2 1 1 1522 3990 3774
7088 2 2 1 1 2915 3990 1521
7089 2 2 1 1 1523 3774 2897
7090 2 2 1 1 2088 3381 2086
7091 2 2 1 1 2089 2865 2088
7092 2 2 1 1 785 4178 786
7093 2 2 1 1 784 2954 785
7094 2 2 1 1 801 4036 784
7095 2 2 1 1 3288 4861 3419
7096 2 2 1 1 1623 5016 1624
7097 2 2 1 1 3682 5140 4666
7098 2 2 1 1 337 5194 338
7099 2 2 1 1 480 5261 481
7100 2 2 1 1 733 3094 734
7101 2 2 1 1 734 4390 735
7102 2 2 1 1 1160 5080 1161
7103 2 2 1 1 3612 3971 872
7104 2 2 1 1 871 4173 3612
7105 2 2 1 1 3337 4019 947
7106 2 2 1 1 3803 5149 762
7107 2 2 1 1 3376 4966 3281
7108 2 2 1 1 118 3334 101
7109 2 2 1 1 101 3778 102
7110 2 2 1 1 117 4047 118
7111 2 2 1 1 1071 4378 2852
7112 2 2 1 1 3635 5338 3116
7113 2 2 1 1 3138 4332 447
7114 2 2 1 1 4731 5201 205
7115 2 2 1 1 4730 4731 204
7116 2 2 1 1 4469 5285 3366
7117 2 2 1 1 1432 3597 1433
7118 2 2 1 1 3039 3316 2361
7119 2 2 1 1 941 4116 942
7120 2 2 1 1 940 3153 941
7121 2 2 1 1 907 5101 2990
7122 2 2 1 1 2869 4540 1494
7123 2 2 1 1 1495 4540 2857
7124 2 2 1 1 1741 4539 2908
7125 2 2 1 1 2983 4539 1740
7126 2 2 1 1 1202 3561 1203
7127 2 2 1 1 1201 3935 1202
7128 2 2 1 1 1200 3130 1201
7129 2 2 1 1 2035 4130 3572
7130 2 2 1 1 4442 5121 3519
7131 2 2 1 1 1423 5167 1424
7132 2 2 1 1 3613 3929 3798
7133 2 2 1 1 2285 4902 2934
7134 2 2 1 1 2151 4588 4486
7135 2 2 1 1 1422 4971 1423
7136 2 2 1 1 3001 4008 916
7137 2 2 1 1 2218 5122 2219
7138 2 2 1 1 2215 3932 2216
7139 2 2 1 1 2217 3973 2218
7140 2 2 1 1 2216 3348 2217
7141 2 2 1 1 2022 3137 2889
7142 2 2 1 1 4246 5075 2784
7143 2 2 1 1 2419 3858 2927
7144 2 2 1 1 2907 4431 835
7145 2 2 1 1 3412 5249 2157
7146 2 2 1 1 3129 5434 2204
7147 2 2 1 1 682 3002 683
7148 2 2 1 1 684 3206 685
7149 2 2 1 1 683 4462 684
7150 2 2 1 1 3279 5161 2659
7151 2 2 1 1 2261 4697 3028
7152 2 2 1 1 3054 3265 2326
7153 2 2 1 1 2397 4559 2396
7154 2 2 1 1 1470 4066 1457
7155 2 2 1 1 1458 4233 1459
7156 2 2 1 1 1469 3289 1470
7157 2 2 1 1 1457 2922 1458
7158 2 2 1 1 631 4031 3162
7159 2 2 1 1 1504 5044 1505
7160 2 2 1 1 1985 3934 1986
7161 2 2 1 1 1983 3085 1984
7162 2 2 1 1 932 4019 3339
7163 2 2 1 1 3339 3923 933
7164 2 2 1 1 1718 4672 3787
7165 2 2 1 1 209 4862 3543
7166 2 2 1 1 384 5001 385
7167 2 2 1 1 1624 5016 3814
7168 2 2 1 1 1382 4392 1383
7169 2 2 1 1 2321 4920 2850
7170 2 2 1 1 2066 3279 2659
7171 2 2 1 1 1003 4203 3121
7172 2 2 1 1 1449 2880 1450
7173 2 2 1 1 3783 5400 2364
7174 2 2 1 1 2365 5400 5075
7175 2 2 1 1 1702 5421 1703
7176 2 2 1 1 1411 5420 1412
7177 2 2 1 1 2374 3460 2375
7178 2 2 1 1 2372 2921 2373
7179 2 2 1 1 4797 5090 1185
7180 2 2 1 1 3123 4471 1016
7181 2 2 1 1 3723 5189 1896
7182 2 2 1 1 359 4241 360
7183 2 2 1 1 1649 4152 1650
7184 2 2 1 1 1228 4563 1229
7185 2 2 1 1 1329 4067 3931
7186 2 2 1 1 1121 3197 1122
7187 2 2 1 1 2185 5238 3780
7188 2 2 1 1 5194 5209 3298
7189 2 2 1 1 110 4125 111
7190 2 2 1 1 109 3390 110
7191 2 2 1 1 108 3111 109
7192 2 2 1 1 1312 5405 4088
7193 2 2 1 1 1722 4179 1723
7194 2 2 1 1 3274 4745 1923
7195 2 2 1 1 1730 5116 1731
7196 2 2 1 1 1672 4433 1673
7197 2 2 1 1 1427 4300 4202
7198 2 2 1 1 2225 4093 2226
7199 2 2 1 1 2227 4269 2228
7200 2 2 1 1 2226 2887 2227
7201 2 2 1 1 3346 5096 4626
7202 2 2 1 1 2234 4095 2235
7203 2 2 1 1 2232 3110 2233
7204 2 2 1 1 2235 3014 2236
7205 2 2 1 1 1001 4698 3349
7206 2 2 1 1 3349 4203 1002
7207 2 2 1 1 957 5404 612
7208 2 2 1 1 2386 4389 2387
7209 2 2 1 1 1815 4357 3811
7210 2 2 1 1 3059 3810 1801
7211 2 2 1 1 1802 3810 2987
7212 2 2 1 1 1800 3811 3059
7213 2 2 1 1 4516 5437 3435
7214 2 2 1 1 2072 3453 2073
7215 2 2 1 1 2158 5249 1839
7216 2 2 1 1 888 2905 889
7217 2 2 1 1 889 4114 890
7218 2 2 1 1 492 4974 493
7219 2 2 1 1 4450 5453 1036
7220 2 2 1 1 154 4257 155
7221 2 2 1 1 153 3135 154
7222 2 2 1 1 171 3374 152
7223 2 2 1 1 355 3297 356
7224 2 2 1 1 394 4435 395
7225 2 2 1 1 1896 5189 1897
7226 2 2 1 1 4418 5466 1913
7227 2 2 1 1 1826 5099 1827
7228 2 2 1 1 1827 3793 1828
7229 2 2 1 1 844 3032 845
7230 2 2 1 1 2349 5186 3605
7231 2 2 1 1 4751 5184 284
7232 2 2 1 1 3240 3358 268
7233 2 2 1 1 269 3358 3224
7234 2 2 1 1 4762 5121 1447
7235 2 2 1 1 3299 5044 1504
7236 2 2 1 1 2876 3821 833
7237 2 2 1 1 834 3821 2907
7238 2 2 1 1 1278 3376 3281
7239 2 2 1 1 3420 5422 4037
7240 2 2 1 1 1502 5359 4110
7241 2 2 1 1 2436 4396 1083
7242 2 2 1 1 1581 4410 1568
7243 2 2 1 1 1570 4280 1571
7244 2 2 1 1 1568 2946 1569
7245 2 2 1 1 3416 4797 1184
7246 2 2 1 1 1275 4368 3827
7247 2 2 1 1 380 4939 3172
7248 2 2 1 1 1695 3799 3264
7249 2 2 1 1 3847 4030 489
7250 2 2 1 1 1897 5189 4740
7251 2 2 1 1 2004 2912 2005
7252 2 2 1 1 349 5026 3530
7253 2 2 1 1 3923 5316 934
7254 2 2 1 1 2952 5205 2630
7255 2 2 1 1 2903 4690 485
7256 2 2 1 1 1057 3244 1058
7257 2 2 1 1 3457 4694 1151
7258 2 2 1 1 2445 5177 4695
7259 2 2 1 1 2000 3282 2001
7260 2 2 1 1 1334 3335 2936
7261 2 2 1 1 1485 4110 3944
7262 2 2 1 1 129 5420 1411
7263 2 2 1 1 3131 3376 1277
7264 2 2 1 1 1276 3827 3131
7265 2 2 1 1 1920 5460 1919
7266 2 2 1 1 4566 5226 551
7267 2 2 1 1 976 4595 4226
7268 2 2 1 1 500 4483 501
7269 2 2 1 1 498 2910 499
7270 2 2 1 1 497 4490 498
7271 2 2 1 1 1065 4884 3090
7272 2 2 1 1 380 3172 381
7273 2 2 1 1 2348 5186 2349
7274 2 2 1 1 1412 5420 128
7275 2 2 1 1 3720 4457 2135
7276 2 2 1 1 929 4324 930
7277 2 2 1 1 927 4420 928
7278 2 2 1 1 928 2919 929
7279 2 2 1 1 3175 4794 219
7280 2 2 1 1 442 5119 443
7281 2 2 1 1 3666 4371 1247
7282 2 2 1 1 2406 3882 3379
7283 2 2 1 1 1026 3836 2963
7284 2 2 1 1 1029 4471 3580
7285 2 2 1 1 162 4818 163
7286 2 2 1 1 3415 4772 4637
7287 2 2 1 1 3274 5017 4745
7288 2 2 1 1 1136 5340 1137
7289 2 2 1 1 4094 4627 1558
7290 2 2 1 1 3112 4916 1734
7291 2 2 1 1 917 4008 2955
7292 2 2 1 1 272 5023 4674
7293 2 2 1 1 3481 4262 225
7294 2 2 1 1 3409 5393 5311
7295 2 2 1 1 2248 3152 2249
7296 2 2 1 1 1423 4971 386
7297 2 2 1 1 1586 4969 1587
7298 2 2 1 1 4202 4661 4443
7299 2 2 1 1 2214 5251 2215
7300 2 2 1 1 2071 4275 2072
7301 2 2 1 1 2070 3045 2071
7302 2 2 1 1 2069 4158 2070
7303 2 2 1 1 1778 5416 1779
7304 2 2 1 1 3317 4720 4496
7305 2 2 1 1 4749 5448 3193
7306 2 2 1 1 716 3598 3283
7307 2 2 1 1 3199 5405 4164
7308 2 2 1 1 3823 3882 2405
7309 2 2 1 1 4310 4516 730
7310 2 2 1 1 764 4048 765
7311 2 2 1 1 1093 5366 1094
7312 2 2 1 1 1383 2918 1384
7313 2 2 1 1 1385 3320 1386
7314 2 2 1 1 1693 5329 3798
7315 2 2 1 1 1008 4878 1009
7316 2 2 1 1 1930 4638 3562
7317 2 2 1 1 2341 2940 2342
7318 2 2 1 1 366 2909 367
7319 2 2 1 1 378 3976 364
7320 2 2 1 1 364 3118 365
7321 2 2 1 1 1365 3074 1366
7322 2 2 1 1 1364 4172 1365
7323 2 2 1 1 1055 4452 1056
7324 2 2 1 1 1056 4273 1057
7325 2 2 1 1 5010 5150 3514
7326 2 2 1 1 1182 3338 1183
7327 2 2 1 1 1448 4442 1449
7328 2 2 1 1 1446 4762 1447
7329 2 2 1 1 741 4078 2896
7330 2 2 1 1 1434 3251 1435
7331 2 2 1 1 3778 5385 102
7332 2 2 1 1 2337 3058 2338
7333 2 2 1 1 3782 5046 675
7334 2 2 1 1 766 3235 767
7335 2 2 1 1 2109 5178 2110
7336 2 2 1 1 3461 4612 1720
7337 2 2 1 1 1721 4612 4209
7338 2 2 1 1 1152 4694 3044
7339 2 2 1 1 4523 5190 3676
7340 2 2 1 1 3491 5453 4450
7341 2 2 1 1 1255 4747 3719
7342 2 2 1 1 3520 5311 3248
7343 2 2 1 1 3136 4199 456
7344 2 2 1 1 455 3304 3136
7345 2 2 1 1 4776 5178 2169
7346 2 2 1 1 934 5316 935
7347 2 2 1 1 1314 3869 2920
7348 2 2 1 1 1313 4088 3869
7349 2 2 1 1 386 4971 387
7350 2 2 1 1 4304 4597 659
7351 2 2 1 1 2244 2860 2245
7352 2 2 1 1 3666 4728 3157
7353 2 2 1 1 39 4941 4067
7354 2 2 1 1 3312 3465 668
7355 2 2 1 1 453 5135 454
7356 2 2 1 1 395 2913 396
7357 2 2 1 1 1748 4728 3367
7358 2 2 1 1 2036 3572 3128
7359 2 2 1 1 357 4128 358
7360 2 2 1 1 358 4658 359
7361 2 2 1 1 2969 4625 280
7362 2 2 1 1 1116 5214 1773
7363 2 2 1 1 148 5147 3347
7364 2 2 1 1 3314 3425 579
7365 2 2 1 1 564 5061 4491
7366 2 2 1 1 4847 5309 540
7367 2 2 1 1 2018 5349 3270
7368 2 2 1 1 3243 4797 3416
7369 2 2 1 1 3273 4838 3551
7370 2 2 1 1 1732 4928 1719
7371 2 2 1 1 1719 3461 1720
7372 2 2 1 1 1721 4209 1722
7373 2 2 1 1 1731 4615 1732
7374 2 2 1 1 1355 4058 2944
7375 2 2 1 1 1773 5363 1116
7376 2 2 1 1 4174 5186 2348
7377 2 2 1 1 273 5453 3491
7378 2 2 1 1 5 3434 6
7379 2 2 1 1 980 4373 4076
7380 2 2 1 1 746 5038 747
7381 2 2 1 1 3787 5421 1702
7382 2 2 1 1 1703 5421 4035
7383 2 2 1 1 3780 5238 4968
7384 2 2 1 1 4164 5405 1311
7385 2 2 1 1 3201 5140 1323
7386 2 2 1 1 289 3477 290
7387 2 2 1 1 842 3246 843
7388 2 2 1 1 843 4394 844
7389 2 2 1 1 1878 5460 1920
7390 2 2 1 1 454 5135 3304
7391 2 2 1 1 4401 5311 3520
7392 2 2 1 1 2099 5041 1976
7393 2 2 1 1 1871 5412 4307
7394 2 2 1 1 3125 4500 1642
7395 2 2 1 1 1848 5226 1849
7396 2 2 1 1 2110 5178 4776
7397 2 2 1 1 2948 3312 667
7398 2 2 1 1 184 3868 185
7399 2 2 1 1 343 5312 344
7400 2 2 1 1 288 4303 289
7401 2 2 1 1 286 4207 287
7402 2 2 1 1 287 2893 288
7403 2 2 1 1 1231 4208 1232
7404 2 2 1 1 1229 3472 1230
7405 2 2 1 1 1232 2917 1233
7406 2 2 1 1 3050 5142 5012
7407 2 2 1 1 305 4932 4764
7408 2 2 1 1 2116 3492 2117
7409 2 2 1 1 3334 5275 3778
7410 2 2 1 1 1986 5402 1987
7411 2 2 1 1 1669 3301 1670
7412 2 2 1 1 1668 4263 1669
7413 2 2 1 1 781 3898 2879
7414 2 2 1 1 2258 3205 2257
7415 2 2 1 1 2257 3775 2255
7416 2 2 1 1 4480 5226 1848
7417 2 2 1 1 1529 3029 1530
7418 2 2 1 1 1530 3364 1531
7419 2 2 1 1 3894 5303 4947
7420 2 2 1 1 1641 4782 3125
7421 2 2 1 1 2003 4427 2004
7422 2 2 1 1 2002 3357 2003
7423 2 2 1 1 400 5219 3243
7424 2 2 1 1 4056 4954 1824
7425 2 2 1 1 2863 4778 1462
7426 2 2 1 1 822 4530 3127
7427 2 2 1 1 3395 5383 5181
7428 2 2 1 1 612 5404 613
7429 2 2 1 1 2381 5186 4174
7430 2 2 1 1 443 4338 444
7431 2 2 1 1 444 3033 427
7432 2 2 1 1 428 3082 429
7433 2 2 1 1 4031 5248 180
7434 2 2 1 1 1174 5046 1175
7435 2 2 1 1 3868 5217 185
7436 2 2 1 1 1086 3124 1087
7437 2 2 1 1 41 3886 3213
7438 2 2 1 1 2896 3229 724
7439 2 2 1 1 1445 5341 1446
7440 2 2 1 1 2219 5122 4414
7441 2 2 1 1 253 5213 254
7442 2 2 1 1 624 5190 4523
7443 2 2 1 1 5292 5395 464
7444 2 2 1 1 1807 3247 1808
7445 2 2 1 1 292 3992 2891
7446 2 2 1 1 990 3484 989
7447 2 2 1 1 1183 3416 1184
7448 2 2 1 1 3157 4728 3344
7449 2 2 1 1 1553 4037 3916
7450 2 2 1 1 3420 4037 1552
7451 2 2 1 1 1554 3916 3332
7452 2 2 1 1 1567 4062 3420
7453 2 2 1 1 3127 4599 823
7454 2 2 1 1 3262 4751 1401
7455 2 2 1 1 2097 4564 4333
7456 2 2 1 1 2944 3926 1356
7457 2 2 1 1 1357 3926 3441
7458 2 2 1 1 1322 5115 3201
7459 2 2 1 1 1564 4401 3520
7460 2 2 1 1 792 3220 793
7461 2 2 1 1 794 2956 795
7462 2 2 1 1 992 2978 991
7463 2 2 1 1 386 5167 1423
7464 2 2 1 1 4521 4969 1586
7465 2 2 1 1 751 4657 3378
7466 2 2 1 1 1150 3457 1151
7467 2 2 1 1 998 2932 996
7468 2 2 1 1 3500 3992 291
7469 2 2 1 1 306 4764 3500
7470 2 2 1 1 1154 3482 1155
7471 2 2 1 1 1660 5282 3302
7472 2 2 1 1 4217 5242 248
7473 2 2 1 1 2263 4699 2262
7474 2 2 1 1 1531 4967 1532
7475 2 2 1 1 983 4817 3447
7476 2 2 1 1 2796 5402 3934
7477 2 2 1 1 3813 4914 3414
7478 2 2 1 1 1919 5460 3927
7479 2 2 1 1 1255 3719 1256
7480 2 2 1 1 2976 3577 2414
7481 2 2 1 1 330 3797 3303
7482 2 2 1 1 1200 4302 3130
7483 2 2 1 1 830 3766 831
7484 2 2 1 1 1680 5009 2942
7485 2 2 1 1 3561 4686 1203
7486 2 2 1 1 1492 4775 1493
7487 2 2 1 1 4391 5217 1252
7488 2 2 1 1 220 3175 219
7489 2 2 1 1 2247 4489 2248
7490 2 2 1 1 2246 3114 2247
7491 2 2 1 1 2411 4077 3007
7492 2 2 1 1 93 5298 94
7493 2 2 1 1 4179 4808 1723
7494 2 2 1 1 3452 3797 345
7495 2 2 1 1 1893 3952 2895
7496 2 2 1 1 776 4659 4125
7497 2 2 1 1 3477 4458 290
7498 2 2 1 1 1799 4969 4521
7499 2 2 1 1 403 5327 404
7500 2 2 1 1 827 5437 4516
7501 2 2 1 1 299 5296 300
7502 2 2 1 1 1735 4916 3394
7503 2 2 1 1 1542 2851 1543
7504 2 2 1 1 1839 5249 1840
7505 2 2 1 1 3598 4999 3369
7506 2 2 1 1 1461 2863 1462
7507 2 2 1 1 1808 3473 1809
7508 2 2 1 1 1809 3353 1810
7509 2 2 1 1 2118 3798 2119
7510 2 2 1 1 2117 3613 2118
7511 2 2 1 1 786 4178 3792
7512 2 2 1 1 3293 3372 1177
7513 2 2 1 1 8 3170 9
7514 2 2 1 1 1459 4233 3005
7515 2 2 1 1 5136 5155 961
7516 2 2 1 1 1345 4739 1346
7517 2 2 1 1 1463 4778 3516
7518 2 2 1 1 3319 5355 4923
7519 2 2 1 1 1681 3421 1682
7520 2 2 1 1 1680 2942 1681
7521 2 2 1 1 520 4706 521
7522 2 2 1 1 1067 4018 3051
7523 2 2 1 1 3051 3965 1068
7524 2 2 1 1 2925 4378 1070
7525 2 2 1 1 1069 3965 2925
7526 2 2 1 1 3927 5460 1878
7527 2 2 1 1 37 3368 3021
7528 2 2 1 1 5129 5251 2214
7529 2 2 1 1 968 5146 1539
7530 2 2 1 1 2340 4538 2341
7531 2 2 1 1 2339 2953 2340
7532 2 2 1 1 577 3972 3025
7533 2 2 1 1 3025 3314 578
7534 2 2 1 1 1862 5288 3834
7535 2 2 1 1 820 4871 3976
7536 2 2 1 1 2848 4249 2182
7537 2 2 1 1 117 4200 4047
7538 2 2 1 1 2069 5448 4158
7539 2 2 1 1 596 5419 597
7540 2 2 1 1 2228 4269 3619
7541 2 2 1 1 3437 5034 4389
7542 2 2 1 1 2232 4369 3110
7543 2 2 1 1 3350 5243 3875
7544 2 2 1 1 4419 4818 3607
7545 2 2 1 1 1055 5304 4452
7546 2 2 1 1 3465 5279 5096
7547 2 2 1 1 2050 2885 2051
7548 2 2 1 1 4968 5238 3247
7549 2 2 1 1 4176 5309 4847
7550 2 2 1 1 1879 5288 1862
7551 2 2 1 1 1850 4566 3163
7552 2 2 1 1 1671 5290 1362
7553 2 2 1 1 4177 4752 1512
7554 2 2 1 1 413 4196 3881
7555 2 2 1 1 801 4325 4036
7556 2 2 1 1 3451 4940 598
7557 2 2 1 1 599 4940 2977
7558 2 2 1 1 246 5261 247
7559 2 2 1 1 1994 4298 3165
7560 2 2 1 1 3294 4298 1993
7561 2 2 1 1 3514 5150 4545
7562 2 2 1 1 1251 4391 1252
7563 2 2 1 1 1550 3997 3584
7564 2 2 1 1 2886 3997 1549
7565 2 2 1 1 1548 3996 2886
7566 2 2 1 1 1650 4152 2988
7567 2 2 1 1 1362 5290 1363
7568 2 2 1 1 1286 4119 3164
7569 2 2 1 1 1541 4460 1542
7570 2 2 1 1 2283 2867 2282
7571 2 2 1 1 2285 2934 2284
7572 2 2 1 1 1648 4889 1649
7573 2 2 1 1 344 5312 3452
7574 2 2 1 1 2911 4920 2320
7575 2 2 1 1 3932 5251 2742
7576 2 2 1 1 1983 3393 3085
7577 2 2 1 1 1416 4003 3216
7578 2 2 1 1 2859 4730 203
7579 2 2 1 1 763 3225 764
7580 2 2 1 1 301 4578 4179
7581 2 2 1 1 1513 5318 1514
7582 2 2 1 1 1010 3602 2984
7583 2 2 1 1 4414 5122 1951
7584 2 2 1 1 501 4483 4244
7585 2 2 1 1 155 4257 3095
7586 2 2 1 1 108 4284 3111
7587 2 2 1 1 4891 5401 2107
7588 2 2 1 1 171 4977 3374
7589 2 2 1 1 2351 3414 2352
7590 2 2 1 1 1842 4469 3366
7591 2 2 1 1 3412 4469 1841
7592 2 2 1 1 497 4754 4490
7593 2 2 1 1 1571 4280 2970
7594 2 2 1 1 2355 4148 2356
7595 2 2 1 1 4125 4659 111
7596 2 2 1 1 200 3036 201
7597 2 2 1 1 930 4324 3215
7598 2 2 1 1 338 5194 3298
7599 2 2 1 1 1176 3782 3293
7600 2 2 1 1 309 3918 3729
7601 2 2 1 1 94 4382 95
7602 2 2 1 1 95 2999 96
7603 2 2 1 1 146 5147 147
7604 2 2 1 1 1849 5226 4566
7605 2 2 1 1 3437 4389 2329
7606 2 2 1 1 2329 4389 4234
7607 2 2 1 1 2947 4119 1285
7608 2 2 1 1 3234 4749 2312
7609 2 2 1 1 3292 5201 4731
7610 2 2 1 1 942 4116 3710
7611 2 2 1 1 2865 3381 2088
7612 2 2 1 1 784 4036 2954
7613 2 2 1 1 2954 4178 785
7614 2 2 1 1 3036 4948 201
7615 2 2 1 1 4728 4982 3367
7616 2 2 1 1 1009 4878 3602
7617 2 2 1 1 2894 5328 4012
7618 2 2 1 1 3094 4390 734
7619 2 2 1 1 2779 4987 2354
7620 2 2 1 1 43 4828 44
7621 2 2 1 1 3006 4003 1415
7622 2 2 1 1 1349 5147 146
7623 2 2 1 1 763 5149 3225
7624 2 2 1 1 118 4047 3334
7625 2 2 1 1 3334 3778 101
7626 2 2 1 1 2933 5148 1419
7627 2 2 1 1 3528 4624 278
7628 2 2 1 1 751 3378 752
7629 2 2 1 1 164 5380 165
7630 2 2 1 1 3153 4116 941
7631 2 2 1 1 2498 5242 4217
7632 2 2 1 1 3130 3935 1201
7633 2 2 1 1 1202 3935 3561
7634 2 2 1 1 128 5420 129
7635 2 2 1 1 1084 3495 1085
7636 2 2 1 1 1083 4396 1084
7637 2 2 1 1 3797 5050 3303
7638 2 2 1 1 1840 5249 3412
7639 2 2 1 1 182 3552 183
7640 2 2 1 1 1175 5046 3782
7641 2 2 1 1 2216 3932 3348
7642 2 2 1 1 3973 5122 2218
7643 2 2 1 1 3348 3973 2217
7644 2 2 1 1 5311 5393 3248
7645 2 2 1 1 684 4462 3206
7646 2 2 1 1 3002 4462 683
7647 2 2 1 1 223 4262 3646
7648 2 2 1 1 2309 3245 2310
7649 2 2 1 1 3934 5402 1986
7650 2 2 1 1 1748 3367 1733
7651 2 2 1 1 1733 3112 1734
7652 2 2 1 1 300 5296 119
7653 2 2 1 1 1457 4066 2922
7654 2 2 1 1 3289 4066 1470
7655 2 2 1 1 2922 4233 1458
7656 2 2 1 1 913 3013 914
7657 2 2 1 1 1383 4392 2918
7658 2 2 1 1 1400 5304 3262
7659 2 2 1 1 599 2977 600
7660 2 2 1 1 597 3451 598
7661 2 2 1 1 1044 3815 1045
7662 2 2 1 1 1901 4722 1902
7663 2 2 1 1 1448 5121 4442
7664 2 2 1 1 3591 4594 298
7665 2 2 1 1 1539 5146 1540
7666 2 2 1 1 4202 4443 1428
7667 2 2 1 1 1449 4442 2880
7668 2 2 1 1 2215 5251 3932
7669 2 2 1 1 558 3648 559
7670 2 2 1 1 1347 3347 1348
7671 2 2 1 1 1346 2877 1347
7672 2 2 1 1 3635 4828 99
7673 2 2 1 1 3245 4975 2310
7674 2 2 1 1 359 4658 4241
7675 2 2 1 1 1493 2869 1494
7676 2 2 1 1 1495 2857 1496
7677 2 2 1 1 1739 2983 1740
7678 2 2 1 1 1741 2908 1742
7679 2 2 1 1 1229 4563 3472
7680 2 2 1 1 3415 4637 634
7681 2 2 1 1 250 5395 251
7682 2 2 1 1 3111 3390 109
7683 2 2 1 1 3390 4125 110
7684 2 2 1 1 1152 3044 1153
7685 2 2 1 1 1722 4209 4179
7686 2 2 1 1 1731 5116 4615
7687 2 2 1 1 554 5072 555
7688 2 2 1 1 1559 3881 1560
7689 2 2 1 1 2887 4269 2227
7690 2 2 1 1 2226 4093 2887
7691 2 2 1 1 2235 4095 3014
7692 2 2 1 1 4158 5448 4975
7693 2 2 1 1 2072 4275 3453
7694 2 2 1 1 2152 3167 2153
7695 2 2 1 1 2151 4486 2152
7696 2 2 1 1 2905 4114 889
7697 2 2 1 1 3135 4257 154
7698 2 2 1 1 1739 4140 2983
7699 2 2 1 1 395 4435 2913
7700 2 2 1 1 1827 5099 3793
7701 2 2 1 1 844 4394 3032
7702 2 2 1 1 1040 4674 1041
7703 2 2 1 1 4177 4741 3365
7704 2 2 1 1 770 5056 4393
7705 2 2 1 1 3525 4740 1955
7706 2 2 1 1 443 5119 4338
7707 2 2 1 1 1568 4410 2946
7708 2 2 1 1 2965 4847 539
7709 2 2 1 1 2354 4987 2355
7710 2 2 1 1 202 4948 2859
7711 2 2 1 1 120 5296 299
7712 2 2 1 1 1560 4196 1561
7713 2 2 1 1 1561 3530 1562
7714 2 2 1 1 2004 4427 2912
7715 2 2 1 1 4588 4867 4486
7716 2 2 1 1 1562 5026 1563
7717 2 2 1 1 3262 5184 4751
7718 2 2 1 1 4154 4878 1008
7719 2 2 1 1 1057 4273 3244
7720 2 2 1 1 765 4255 766
7721 2 2 1 1 385 5001 4444
7722 2 2 1 1 47 3470 48
7723 2 2 1 1 1656 4371 3666
7724 2 2 1 1 1573 2846 1574
7725 2 2 1 1 3064 4867 1903
7726 2 2 1 1 2120 5125 2121
7727 2 2 1 1 4674 5023 1041
7728 2 2 1 1 828 4310 829
7729 2 2 1 1 498 4490 2910
7730 2 2 1 1 1724 4695 1725
7731 2 2 1 1 234 4255 235
7732 2 2 1 1 3013 5058 914
7733 2 2 1 1 1446 5341 4762
7734 2 2 1 1 1577 3712 1578
7735 2 2 1 1 928 4420 2919
7736 2 2 1 1 2919 4324 929
7737 2 2 1 1 4419 5380 164
7738 2 2 1 1 3098 4646 1959
7739 2 2 1 1 415 3016 416
7740 2 2 1 1 389 3342 390
7741 2 2 1 1 2315 5064 4263
7742 2 2 1 1 2311 4975 3234
7743 2 2 1 1 948 5244 3854
7744 2 2 1 1 3552 5457 629
7745 2 2 1 1 2202 5336 2203
7746 2 2 1 1 5072 5073 555
7747 2 2 1 1 3045 4275 2071
7748 2 2 1 1 2070 4158 3045
7749 2 2 1 1 419 3362 420
7750 2 2 1 1 2248 4489 3152
7751 2 2 1 1 1463 3516 1464
7752 2 2 1 1 1305 3395 1304
7753 2 2 1 1 958 4568 959
7754 2 2 1 1 1581 4822 4410
7755 2 2 1 1 4393 5056 3236
7756 2 2 1 1 711 4878 4154
7757 2 2 1 1 3499 5174 4776
7758 2 2 1 1 364 3976 3118
7759 2 2 1 1 1365 4172 3074
7760 2 2 1 1 1056 4452 4273
7761 2 2 1 1 1713 3027 1714
7762 2 2 1 1 1418 2933 1419
7763 2 2 1 1 3338 3416 1183
7764 2 2 1 1 2341 4538 2940
7765 2 2 1 1 3129 5336 3545
7766 2 2 1 1 4615 5116 2511
7767 2 2 1 1 1414 5350 3006
7768 2 2 1 1 181 5457 182
7769 2 2 1 1 1670 5290 1671
7770 2 2 1 1 278 4624 279
7771 2 2 1 1 279 2969 280
7772 2 2 1 1 538 4986 2965
7773 2 2 1 1 1101 3034 1102
7774 2 2 1 1 3499 4776 2168
7775 2 2 1 1 1042 5023 2950
7776 2 2 1 1 3982 5350 3983
7777 2 2 1 1 2106 4190 2105
7778 2 2 1 1 630 5457 5248
7779 2 2 1 1 4128 4658 358
7780 2 2 1 1 2119 5329 2120
7781 2 2 1 1 766 4255 3235
7782 2 2 1 1 3016 5108 416
7783 2 2 1 1 3364 4967 1531
7784 2 2 1 1 144 3596 145
7785 2 2 1 1 2973 5024 1883
7786 2 2 1 1 1719 4928 3461
7787 2 2 1 1 4615 4928 1732
7788 2 2 1 1 224 4262 223
7789 2 2 1 1 44 4828 3635
7790 2 2 1 1 830 4960 3766
7791 2 2 1 1 3780 4660 2186
7792 2 2 1 1 3421 4365 1682
7793 2 2 1 1 994 2899 993
7794 2 2 1 1 289 4303 3477
7795 2 2 1 1 1884 5024 5008
7796 2 2 1 1 3246 4394 843
7797 2 2 1 1 3414 4914 2352
7798 2 2 1 1 4067 4941 3931
7799 2 2 1 1 287 4207 2893
7800 2 2 1 1 2893 4303 288
7801 2 2 1 1 1232 4208 2917
7802 2 2 1 1 1105 2989 1106
7803 2 2 1 1 1669 4263 3301
7804 2 2 1 1 898 5058 3454
7805 2 2 1 1 3205 3775 2257
7806 2 2 1 1 3521 4931 282
7807 2 2 1 1 3344 5282 1659
7808 2 2 1 1 3029 3364 1530
7809 2 2 1 1 3447 4817 4794
7810 2 2 1 1 3357 4427 2003
7811 2 2 1 1 3492 3613 2117
7812 2 2 1 1 444 4338 3033
7813 2 2 1 1 3248 5393 1860
7814 2 2 1 1 2846 5168 1574
7815 2 2 1 1 180 5248 181
7816 2 2 1 1 1656 3666 1657
7817 2 2 1 1 3247 3473 1808
7818 2 2 1 1 5125 5329 1692
7819 2 2 1 1 4695 5177 1725
7820 2 2 1 1 4258 5178 2109
7821 2 2 1 1 225 4262 224
7822 2 2 1 1 3301 5290 1670
7823 2 2 1 1 417 5108 3053
7824 2 2 1 1 3221 5232 1480
7825 2 2 1 1 3395 5181 1304
7826 2 2 1 1 714 4999 715
7827 2 2 1 1 202 2859 203
7828 2 2 1 1 4752 5318 1513
7829 2 2 1 1 3983 5350 1413
7830 2 2 1 1 980 4076 981
7831 2 2 1 1 1477 3040 1478
7832 2 2 1 1 2169 5178 4258
7833 2 2 1 1 1658 3344 1659
7834 2 2 1 1 1657 3157 1658
7835 2 2 1 1 2311 3234 2312
7836 2 2 1 1 1882 2973 1883
7837 2 2 1 1 3114 4489 2247
7838 2 2 1 1 1273 5380 4419
7839 2 2 1 1 2929 5115 1321
7840 2 2 1 1 597 5419 3451
7841 2 2 1 1 1885 2853 1886
7842 2 2 1 1 3895 4974 1472
7843 2 2 1 1 1809 3473 3353
7844 2 2 1 1 94 5298 4382
7845 2 2 1 1 1760 3280 1761
7846 2 2 1 1 3613 3798 2118
7847 2 2 1 1 4444 5001 130
7848 2 2 1 1 209 3543 210
7849 2 2 1 1 1542 4460 2851
7850 2 2 1 1 1493 4775 2869
7851 2 2 1 1 19 3084 20
7852 2 2 1 1 2942 3421 1681
7853 2 2 1 1 3034 5229 1102
7854 2 2 1 1 45 3635 3116
7855 2 2 1 1 4975 5448 3234
7856 2 2 1 1 3234 5448 4749
7857 2 2 1 1 2953 4538 2340
7858 2 2 1 1 1042 2950 1043
7859 2 2 1 1 878 5328 879
7860 2 2 1 1 1346 4739 2877
7861 2 2 1 1 3225 4048 764
7862 2 2 1 1 2018 3270 2019
7863 2 2 1 1 2384 3373 2385
7864 2 2 1 1 2383 4814 2384
7865 2 2 1 1 1756 3802 1757
7866 2 2 1 1 3040 5208 1478
7867 2 2 1 1 1575 5168 3017
7868 2 2 1 1 500 4682 4483
7869 2 2 1 1 3798 5329 2119
7870 2 2 1 1 909 3634 910
7871 2 2 1 1 1303 5181 3800
7872 2 2 1 1 538 2965 539
7873 2 2 1 1 1726 5177 3854
7874 2 2 1 1 15 2938 16
7875 2 2 1 1 1348 5147 1349
7876 2 2 1 1 29 4853 30
7877 2 2 1 1 898 3454 899
7878 2 2 1 1 4310 4960 829
7879 2 2 1 1 2120 5329 5125
7880 2 2 1 1 2618 5318 4752
7881 2 2 1 1 1884 5008 1885
7882 2 2 1 1 1902 3064 1903
7883 2 2 1 1 1905 3073 1906
7884 2 2 1 1 2106 5401 4190
7885 2 2 1 1 3247 5238 3473
7886 2 2 1 1 417 3053 418
7887 2 2 1 1 1479 5208 3221
7888 2 2 1 1 4874 5282 3344
7889 2 2 1 1 95 4382 2999
7890 2 2 1 1 2355 4987 4148
7891 2 2 1 1 26 2888 27
7892 2 2 1 1 630 5248 4031
7893 2 2 1 1 699 5012 700
7894 2 2 1 1 1871 4307 1872
7895 2 2 1 1 1728 5155 1729
7896 2 2 1 1 1103 5229 2845
7897 2 2 1 1 75 3408 76
7898 2 2 1 1 1960 3098 1959
7899 2 2 1 1 3976 4871 3118
7900 2 2 1 1 1084 4396 3495
7901 2 2 1 1 45 3116 46
7902 2 2 1 1 2203 3129 2204
7903 2 2 1 1 1733 3367 3112
7904 2 2 1 1 3008 5203 1711
7905 2 2 1 1 2888 5305 27
7906 2 2 1 1 1575 3017 1576
7907 2 2 1 1 78 3413 79
7908 2 2 1 1 1303 3800 1302
7909 2 2 1 1 715 3598 716
7910 2 2 1 1 2021 3137 2022
7911 2 2 1 1 182 5457 3552
7912 2 2 1 1 2877 3347 1347
7913 2 2 1 1 1726 3854 1727
7914 2 2 1 1 4263 5064 3301
7915 2 2 1 1 28 5305 3186
7916 2 2 1 1 3530 5026 1562
7917 2 2 1 1 1479 3221 1480
7918 2 2 1 1 4234 4389 2386
7919 2 2 1 1 1727 5244 1728
7920 2 2 1 1 2152 4486 3167
7921 2 2 1 1 3881 4196 1560
7922 2 2 1 1 3347 5147 1348
7923 2 2 1 1 1320 2929 1321
7924 2 2 1 1 3373 4234 2385
7925 2 2 1 1 1902 4722 3064
7926 2 2 1 1 1103 2845 1104
7927 2 2 1 1 1561 4196 3530
7928 2 2 1 1 1708 2849 1709
7929 2 2 1 1 5248 5457 181
7930 2 2 1 1 2849 5361 1709
7931 2 2 1 1 1710 5361 3008
7932 2 2 1 1 815 3081 816
7933 2 2 1 1 28 3186 29
7934 2 2 1 1 5018 5391 1838
7935 2 2 1 1 2159 5391 5018
7936 2 2 1 1 235 4592 236
7937 2 2 1 1 184 5021 3868
7938 2 2 1 1 279 4624 2969
7939 2 2 1 1 2319 2911 2320
7940 2 2 1 1 3868 5021 4747
7941 2 2 1 1 879 2894 880
7942 2 2 1 1 1710 3008 1711
7943 2 2 1 1 813 2844 814
7944 2 2 1 1 374 2873 375
7945 2 2 1 1 1859 3248 1860
7946 2 2 1 1 1594 5468 1595
7947 2 2 1 1 1511 4741 4177
7948 2 2 1 1 1593 4889 1594
7949 2 2 1 1 1657 3666 3157
7950 2 2 1 1 2203 5336 3129
7951 2 2 1 1 1219 2864 1220
7952 2 2 1 1 3157 3344 1658
7953 2 2 1 1 5155 5244 948
7954 2 2 1 1 433 2855 434
7955 2 2 1 1 828 4516 4310
7956 2 2 1 1 1728 5244 5155
7957 2 2 1 1 1885 5008 2853
7958 2 2 1 1 2384 4814 3373
7959 2 2 1 1 372 2841 373
7960 2 2 1 1 4048 4592 765
7961 2 2 1 1 904 3062 905
7962 2 2 1 1 17 2878 18
7963 2 2 1 1 3186 4853 29
7964 2 2 1 1 1758 3807 1759
7965 2 2 1 1 1032 3701 1030
7966 2 2 1 1 715 4999 3598
7967 2 2 1 1 435 2842 436
7968 2 2 1 1 236 4048 237
7969 2 2 1 1 3854 5244 1727
7970 2 2 1 1 879 5328 2894
7971 2 2 1 1 1648 5468 4889
7972 2 2 1 1 4889 5468 1594
7973 2 2 1 1 697 3050 698
7974 2 2 1 1 907 2990 908
7975 2 2 1 1 4255 4592 235
7976 2 2 1 1 765 4592 4255
7977 2 2 1 1 236 4592 4048
7978 2 2 1 1 276 3 2
7979 2 2 1 1 14 2938 15
7980 2 2 1 1 25 2888 26
7981 2 2 1 1 42 3594 43
7982 2 2 1 1 46 3470 47
7983 2 2 1 1 48 1378 49
7984 2 2 1 1 56 4396 2436
7985 2 2 1 1 2436 1082 57
7986 2 2 1 1 65 5209 66
7987 2 2 1 1 72 4813 73
7988 2 2 1 1 1425 82 81
7989 2 2 1 1 103 3852 104
7990 2 2 1 1 115 3377 116
7991 2 2 1 1 150 2931 151
7992 2 2 1 1 161 2603 1628
7993 2 2 1 1 2448 3100 178
7994 2 2 1 1 212 3549 211
7995 2 2 1 1 217 2703 215
7996 2 2 1 1 229 2547 230
7997 2 2 1 1 229 2548 2547
7998 2 2 1 1 1467 244 1468
7999 2 2 1 1 274 3489 257
8000 2 2 1 1 2469 4811 266
8001 2 2 1 1 290 4458 275
8002 2 2 1 1 293 5347 294
8003 2 2 1 1 314 2833 313
8004 2 2 1 1 320 533 532
8005 2 2 1 1 351 3410 352
8006 2 2 1 1 368 3855 2489
8007 2 2 1 1 369 807 806
8008 2 2 1 1 369 2489 807
8009 2 2 1 1 371 2841 372
8010 2 2 1 1 376 4520 377
8011 2 2 1 1 388 3342 389
8012 2 2 1 1 398 397 2521
8013 2 2 1 1 414 3016 415
8014 2 2 1 1 418 3362 419
8015 2 2 1 1 432 431 901
8016 2 2 1 1 901 431 902
8017 2 2 1 1 439 4560 440
8018 2 2 1 1 440 4560 641
8019 2 2 1 1 441 4402 442
8020 2 2 1 1 465 5242 2498
8021 2 2 1 1 483 4054 484
8022 2 2 1 1 490 4833 491
8023 2 2 1 1 495 4475 496
8024 2 2 1 1 516 2551 517
8025 2 2 1 1 517 2551 982
8026 2 2 1 1 519 4706 520
8027 2 2 1 1 531 4090 532
8028 2 2 1 1 535 4656 536
8029 2 2 1 1 546 4622 547
8030 2 2 1 1 551 4480 552
8031 2 2 1 1 570 4122 571
8032 2 2 1 1 595 5055 596
8033 2 2 1 1 611 4568 612
8034 2 2 1 1 637 5231 638
8035 2 2 1 1 1186 5090 647
8036 2 2 1 1 656 4402 2523
8037 2 2 1 1 703 3252 704
8038 2 2 1 1 709 4370 710
8039 2 2 1 1 711 4154 712
8040 2 2 1 1 718 2980 719
8041 2 2 1 1 760 723 761
8042 2 2 1 1 736 3345 737
8043 2 2 1 1 755 2597 742
8044 2 2 1 1 748 4348 749
8045 2 2 1 1 754 1517 2597
8046 2 2 1 1 767 3833 768
8047 2 2 1 1 812 2844 813
8048 2 2 1 1 814 3081 815
8049 2 2 1 1 818 4358 2530
8050 2 2 1 1 2587 841 840
8051 2 2 1 1 2587 840 2588
8052 2 2 1 1 875 3160 876
8053 2 2 1 1 2538 4358 893
8054 2 2 1 1 971 5406 972
8055 2 2 1 1 985 2703 984
8056 2 2 1 1 987 988 2710
8057 2 2 1 1 991 3484 990
8058 2 2 1 1 993 4583 992
8059 2 2 1 1 995 2899 994
8060 2 2 1 1 1018 2711 1017
8061 2 2 1 1 1019 2711 1018
8062 2 2 1 1 1020 1021 2712
8063 2 2 1 1 1024 2985 1023
8064 2 2 1 1 1043 3815 1044
8065 2 2 1 1 1045 3048 1046
8066 2 2 1 1 1085 3124 1086
8067 2 2 1 1 1104 2989 1105
8068 2 2 1 1 1109 5170 1110
8069 2 2 1 1 1124 4053 1125
8070 2 2 1 1 2564 5142 1142
8071 2 2 1 1 1153 3482 1154
8072 2 2 1 1 1188 4547 1189
8073 2 2 1 1 1204 4377 1205
8074 2 2 1 1 2864 2966 1221
8075 2 2 1 1 1256 5123 1257
8076 2 2 1 1 1300 1270 1299
8077 2 2 1 1 1272 5380 1273
8078 2 2 1 1 1290 4987 2779
8079 2 2 1 1 1299 5199 1298
8080 2 2 1 1 1319 2929 1320
8081 2 2 1 1 1351 5354 1352
8082 2 2 1 1 1361 4433 1362
8083 2 2 1 1 1367 3578 1368
8084 2 2 1 1 1417 2933 1418
8085 2 2 1 1 1431 5053 2587
8086 2 2 1 1 1442 3518 1443
8087 2 2 1 1 1460 4180 1461
8088 2 2 1 1 1466 2462 2461
8089 2 2 1 1 1476 3040 1477
8090 2 2 1 1 1515 3640 1516
8091 2 2 1 1 1526 3910 1527
8092 2 2 1 1 1572 4328 1573
8093 2 2 1 1 1576 3712 1577
8094 2 2 1 1 1583 1901 2629
8095 2 2 1 1 1587 3812 1588
8096 2 2 1 1 1588 5416 2599
8097 2 2 1 1 2723 1605 2722
8098 2 2 1 1 1608 3444 1609
8099 2 2 1 1 1618 1617 2608
8100 2 2 1 1 1645 1618 2608
8101 2 2 1 1 1627 3607 1628
8102 2 2 1 1 1706 4610 2617
8103 2 2 1 1 2618 4752 1707
8104 2 2 1 1 1712 3027 1713
8105 2 2 1 1 1723 4808 1724
8106 2 2 1 1 1729 3442 1730
8107 2 2 1 1 1742 2884 1743
8108 2 2 1 1 1784 1900 2628
8109 2 2 1 1 1788 3328 1789
8110 2 2 1 1 2627 3588 1798
8111 2 2 1 1 1843 3089 1844
8112 2 2 1 1 1865 2298 2682
8113 2 2 1 1 1870 5412 1871
8114 2 2 1 1 1881 2973 1882
8115 2 2 1 1 1900 3903 2629
8116 2 2 1 1 1906 2952 1907
8117 2 2 1 1 1929 2964 1927
8118 2 2 1 1 1935 4254 1934
8119 2 2 1 1 1945 1946 2734
8120 2 2 1 1 1981 3975 1982
8121 2 2 1 1 1996 4141 1997
8122 2 2 1 1 2015 2982 2016
8123 2 2 1 1 2017 5349 2018
8124 2 2 1 1 2024 3674 2025
8125 2 2 1 1 2091 3775 2090
8126 2 2 1 1 2093 2094 2792
8127 2 2 1 1 2778 2138 2139
8128 2 2 1 1 2722 3694 2142
8129 2 2 1 1 2169 4258 2170
8130 2 2 1 1 2189 4602 2190
8131 2 2 1 1 2265 2786 2264
8132 2 2 1 1 2266 2267 2791
8133 2 2 1 1 2790 2275 2277
8134 2 2 1 1 2782 2293 2276
8135 2 2 1 1 2287 2939 2286
8136 2 2 1 1 2297 4127 2682
8137 2 2 1 1 2635 2300 2636
8138 2 2 1 1 2324 3054 2325
8139 2 2 1 1 2381 4174 2382
8140 2 2 1 1 2415 4796 2416
8141 2 2 1 1 2589 4724 2590
8142 2 2 1 1 275 3 276
8143 2 2 1 1 31 30 1213
8144 2 2 1 1 1378 1377 49
8145 2 2 1 1 1082 1081 57
8146 2 2 1 1 973 65 974
8147 2 2 1 1 82 1440 83
8148 2 2 1 1 1425 1440 82
8149 2 2 1 1 99 3594 100
8150 2 2 1 1 384 132 131
8151 2 2 1 1 383 132 384
8152 2 2 1 1 139 572 140
8153 2 2 1 1 2508 141 140
8154 2 2 1 1 140 572 2508
8155 2 2 1 1 2508 142 141
8156 2 2 1 1 2508 571 142
8157 2 2 1 1 161 1628 162
8158 2 2 1 1 165 1272 166
8159 2 2 1 1 166 2577 167
8160 2 2 1 1 166 1272 2577
8161 2 2 1 1 167 2577 168
8162 2 2 1 1 2449 4031 180
8163 2 2 1 1 187 2469 188
8164 2 2 1 1 188 265 189
8165 2 2 1 1 2469 265 188
8166 2 2 1 1 265 264 189
8167 2 2 1 1 197 196 474
8168 2 2 1 1 474 196 2500
8169 2 2 1 1 218 2703 217
8170 2 2 1 1 227 2549 228
8171 2 2 1 1 228 2549 2548
8172 2 2 1 1 2461 244 1467
8173 2 2 1 1 2471 1037 273
8174 2 2 1 1 308 535 534
8175 2 2 1 1 308 534 2480
8176 2 2 1 1 2473 535 308
8177 2 2 1 1 2474 310 311
8178 2 2 1 1 316 2832 315
8179 2 2 1 1 2832 2833 315
8180 2 2 1 1 2480 533 320
8181 2 2 1 1 322 321 2766
8182 2 2 1 1 323 324 2481
8183 2 2 1 1 2741 2212 329
8184 2 2 1 1 335 2438 336
8185 2 2 1 1 336 2438 337
8186 2 2 1 1 2438 5194 337
8187 2 2 1 1 971 342 341
8188 2 2 1 1 970 343 342
8189 2 2 1 1 970 342 971
8190 2 2 1 1 2521 397 648
8191 2 2 1 1 399 398 2521
8192 2 2 1 1 2521 5219 399
8193 2 2 1 1 405 543 406
8194 2 2 1 1 405 544 543
8195 2 2 1 1 421 3889 422
8196 2 2 1 1 424 423 1533
8197 2 2 1 1 1533 1532 424
8198 2 2 1 1 429 4231 430
8199 2 2 1 1 430 2540 431
8200 2 2 1 1 431 2540 902
8201 2 2 1 1 441 440 640
8202 2 2 1 1 2523 441 640
8203 2 2 1 1 2494 1014 453
8204 2 2 1 1 457 2591 458
8205 2 2 1 1 2591 1438 458
8206 2 2 1 1 459 1437 1436
8207 2 2 1 1 2498 478 466
8208 2 2 1 1 491 4833 466
8209 2 2 1 1 2498 479 478
8210 2 2 1 1 1500 495 1501
8211 2 2 1 1 515 2551 516
8212 2 2 1 1 515 2552 2551
8213 2 2 1 1 518 517 982
8214 2 2 1 1 527 548 1179
8215 2 2 1 1 2480 534 533
8216 2 2 1 1 1179 548 1180
8217 2 2 1 1 2693 560 2694
8218 2 2 1 1 883 584 884
8219 2 2 1 1 884 584 2509
8220 2 2 1 1 957 612 958
8221 2 2 1 1 646 1188 647
8222 2 2 1 1 647 1187 1186
8223 2 2 1 1 1188 1187 647
8224 2 2 1 1 1141 2563 701
8225 2 2 1 1 728 3766 729
8226 2 2 1 1 2597 1516 742
8227 2 2 1 1 754 2597 755
8228 2 2 1 1 798 797 927
8229 2 2 1 1 926 798 927
8230 2 2 1 1 800 799 924
8231 2 2 1 1 924 799 925
8232 2 2 1 1 802 2530 892
8233 2 2 1 1 2588 840 839
8234 2 2 1 1 2588 839 2589
8235 2 2 1 1 2587 842 841
8236 2 2 1 1 2509 5241 884
8237 2 2 1 1 2530 2538 892
8238 2 2 1 1 962 3600 2547
8239 2 2 1 1 969 3452 970
8240 2 2 1 1 986 2703 985
8241 2 2 1 1 988 2553 2710
8242 2 2 1 1 996 3159 997
8243 2 2 1 1 1000 999 2493
8244 2 2 1 1 2494 999 1014
8245 2 2 1 1 2493 999 2494
8246 2 2 1 1 1017 3257 1015
8247 2 2 1 1 1021 1022 2712
8248 2 2 1 1 1111 1035 1034
8249 2 2 1 1 1038 1037 2471
8250 2 2 1 1 1040 1039 2470
8251 2 2 1 1 2470 1039 2471
8252 2 2 1 1 1489 1488 1132
8253 2 2 1 1 1132 1488 2560
8254 2 2 1 1 1147 1146 1265
8255 2 2 1 1 1265 5235 1147
8256 2 2 1 1 2575 1271 1301
8257 2 2 1 1 2582 1294 1295
8258 2 2 1 1 1302 3800 1301
8259 2 2 1 1 1308 2724 1307
8260 2 2 1 1 1378 3470 1379
8261 2 2 1 1 1388 1387 1640
8262 2 2 1 1 1639 1388 1640
8263 2 2 1 1 1464 2462 1465
8264 2 2 1 1 1466 2461 1467
8265 2 2 1 1 2561 1487 1486
8266 2 2 1 1 2560 1487 2561
8267 2 2 1 1 1578 4162 1579
8268 2 2 1 1 1582 1901 1583
8269 2 2 1 1 1602 3485 1603
8270 2 2 1 1 1605 1604 2722
8271 2 2 1 1 1619 1618 1645
8272 2 2 1 1 1644 1619 1645
8273 2 2 1 1 2601 1619 1644
8274 2 2 1 1 1644 1643 2601
8275 2 2 1 1 1678 1677 2087
8276 2 2 1 1 2087 1677 2102
8277 2 2 1 1 2102 1677 2101
8278 2 2 1 1 2086 1678 2087
8279 2 2 1 1 1873 1762 1874
8280 2 2 1 1 1764 2078 1765
8281 2 2 1 1 2079 2078 1764
8282 2 2 1 1 2080 2079 1764
8283 2 2 1 1 2081 2080 1764
8284 2 2 1 1 2078 2077 1765
8285 2 2 1 1 1797 1769 1768
8286 2 2 1 1 1797 1768 2627
8287 2 2 1 1 1797 1770 1769
8288 2 2 1 1 1783 1900 1784
8289 2 2 1 1 1793 1792 2556
8290 2 2 1 1 1794 1793 2555
8291 2 2 1 1 2555 1793 2556
8292 2 2 1 1 1834 2009 1835
8293 2 2 1 1 2010 2009 1834
8294 2 2 1 1 1863 2298 1864
8295 2 2 1 1 1864 2298 1865
8296 2 2 1 1 1879 1878 1921
8297 2 2 1 1 1921 1878 1920
8298 2 2 1 1 1899 4181 2628
8299 2 2 1 1 1909 3696 1910
8300 2 2 1 1 2807 1914 2633
8301 2 2 1 1 2634 2660 1915
8302 2 2 1 1 1925 1926 1924
8303 2 2 1 1 1924 1926 2805
8304 2 2 1 1 2769 1933 1934
8305 2 2 1 1 2734 1944 1945
8306 2 2 1 1 2745 1947 2645
8307 2 2 1 1 2645 1948 2745
8308 2 2 1 1 2745 1948 2744
8309 2 2 1 1 1965 2116 2115
8310 2 2 1 1 1966 2114 1967
8311 2 2 1 1 1988 1987 2797
8312 2 2 1 1 1989 1988 2798
8313 2 2 1 1 2005 3871 2006
8314 2 2 1 1 2061 2400 2399
8315 2 2 1 1 2061 2399 2651
8316 2 2 1 1 2067 2065 2807
8317 2 2 1 1 2091 2092 2271
8318 2 2 1 1 2256 2091 2271
8319 2 2 1 1 2662 2093 2792
8320 2 2 1 1 2799 2095 2096
8321 2 2 1 1 2781 2130 2129
8322 2 2 1 1 2213 2212 2741
8323 2 2 1 1 2264 2786 2263
8324 2 2 1 1 2267 2268 2791
8325 2 2 1 1 2274 4133 2272
8326 2 2 1 1 2277 2278 2790
8327 2 2 1 1 2782 2292 2293
8328 2 2 1 1 2300 2299 2636
8329 2 2 1 1 2456 2307 2457
8330 2 2 1 1 2457 2307 2684
8331 2 2 1 1 2308 3543 2309
8332 2 2 1 1 2336 4235 2337
8333 2 2 1 1 2353 2779 2354
8334 2 2 1 1 2393 3605 2380
8335 2 2 2 2 2 5475 1
8336 2 2 2 2 1 5476 20
8337 2 2 2 2 11 5474 10
8338 2 2 2 2 3 5473 2
8339 2 2 2 2 5473 5475 2
8340 2 2 2 2 14 5475 13
8341 2 2 2 2 15 5476 14
8342 2 2 2 2 12 5481 11
8343 2 2 2 2 10 5474 5472
8344 2 2 2 2 6 5472 5
8345 2 2 2 2 5473 5477 5475
8346 2 2 2 2 10 5472 9
8347 2 2 2 2 5475 5476 1
8348 2 2 2 2 3 5480 5473
8349 2 2 2 2 4 5480 3
8350 2 2 2 2 5475 5477 13
8351 2 2 2 2 11 5481 5474
8352 2 2 2 2 15 5478 5476
8353 2 2 2 2 5472 5479 5
8354 2 2 2 2 5476 5478 20
8355 2 2 2 2 5474 5479 5472
8356 2 2 2 2 14 5476 5475
8357 2 2 2 2 5480 5481 5473
8358 2 2 2 2 5477 5481 12
8359 2 2 2 2 13 5477 12
8360 2 2 2 2 5474 5481 5480
8361 2 2 2 2 5479 5480 4
8362 2 2 2 2 5473 5481 5477
8363 2 2 2 2 9 5472 8
8364 2 2 2 2 7 5472 6
8365 2 2 2 2 5474 5480 5479
8366 2 2 2 2 8 5472 7
8367 2 2 2 2 16 5478 15
8368 2 2 2 2 20 5478 19
8369 2 2 2 2 19 5478 18
8370 2 2 2 2 17 5478 16
8371 2 2 2 2 18 5478 17
8372 2 2 2 2 5 5479 4
8373 2 2 2 3 26 5489 25
8374 2 2 2 3 32 5486 31
8375 2 2 2 3 24 5488 23
8376 2 2 2 3 33 5482 32
8377 2 2 2 3 31 5486 30
8378 2 2 2 3 5487 5488 5482
8379 2 2 2 3 5482 5486 32
8380 2 2 2 3 5482 5488 5485
8381 2 2 2 3 34 5487 33
8382 2 2 2 3 36 5487 35
8383 2 2 2 3 5485 5486 5482
8384 2 2 2 3 5484 5488 5487
8385 2 2 2 3 23 5484 22
8386 2 2 2 3 21 5484 36
8387 2 2 2 3 23 5488 5484
8388 2 2 2 3 35 5487 34
8389 2 2 2 3 33 5487 5482
8390 2 2 2 3 5483 5489 26
8391 2 2 2 3 25 5485 24
8392 2 2 2 3 5484 5487 36
8393 2 2 2 3 27 5483 26
8394 2 2 2 3 5485 5489 5486
8395 2 2 2 3 22 5484 21
8396 2 2 2 3 5486 5489 5483
8397 2 2 2 3 30 5486 5483
8398 2 2 2 3 5485 5488 24
8399 2 2 2 3 28 5483 27
8400 2 2 2 3 25 5489 5485
8401 2 2 2 3 30 5483 29
8402 2 2 2 3 29 5483 28
8403 2 2 2 4 50 5490 49
8404 2 2 2 4 5490 5492 49
8405 2 2 2 4 40 5493 39
8406 2 2 2 4 44 5491 43
8407 2 2 2 4 45 5491 44
8408 2 2 2 4 37 5490 50
8409 2 2 2 4 39 5490 38
8410 2 2 2 4 42 5494 5493
8411 2 2 2 4 5491 5494 43
8412 2 2 2 4 42 5493 41
8413 2 2 2 4 48 5492 5491
8414 2 2 2 4 5490 5493 5492
8415 2 2 2 4 41 5493 40
8416 2 2 2 4 5493 5494 5492
8417 2 2 2 4 39 5493 5490
8418 2 2 2 4 5492 5494 5491
8419 2 2 2 4 38 5490 37
8420 2 2 2 4 46 5491 45
8421 2 2 2 4 48 5491 47
8422 2 2 2 4 47 5491 46
8423 2 2 2 4 43 5494 42
8424 2 2 2 4 49 5492 48
8425 2 2 2 5 56 5495 55
8426 2 2 2 5 65 5496 64
8427 2 2 2 5 66 5505 65
8428 2 2 2 5 68 5497 67
8429 2 2 2 5 59 5498 2437
8430 2 2 2 5 2436 5499 5497
8431 2 2 2 5 2436 5504 56
8432 2 2 2 5 57 5499 2436
8433 2 2 2 5 57 5500 5499
8434 2 2 2 5 58 5500 57
8435 2 2 2 5 2437 5501 58
8436 2 2 2 5 2438 5501 66
8437 2 2 2 5 58 5501 5500
8438 2 2 2 5 66 5501 5498
8439 2 2 2 5 56 5504 5495
8440 2 2 2 5 67 5499 2439
8441 2 2 2 5 5499 5500 2439
8442 2 2 2 5 2439 5500 2438
8443 2 2 2 5 65 5505 5496
8444 2 2 2 5 5497 5499 67
8445 2 2 2 5 52 5502 51
8446 2 2 2 5 61 5503 60
8447 2 2 2 5 5500 5501 2438
8448 2 2 2 5 68 5502 5497
8449 2 2 2 5 59 5503 5498
8450 2 2 2 5 5497 5504 2436
8451 2 2 2 5 5498 5501 2437
8452 2 2 2 5 53 5495 52
8453 2 2 2 5 55 5495 54
8454 2 2 2 5 5498 5505 66
8455 2 2 2 5 64 5496 63
8456 2 2 2 5 62 5496 61
8457 2 2 2 5 51 5502 68
8458 2 2 2 5 5496 5505 5503
8459 2 2 2 5 5495 5504 5502
8460 2 2 2 5 60 5503 59
8461 2 2 2 5 5495 5502 52
8462 2 2 2 5 5503 5505 5498
8463 2 2 2 5 5502 5504 5497
8464 2 2 2 5 5496 5503 61
8465 2 2 2 5 54 5495 53
8466 2 2 2 5 63 5496 62
8467 2 2 2 6 80 5508 79
8468 2 2 2 6 72 5511 71
8469 2 2 2 6 80 5512 5508
8470 2 2 2 6 5509 5511 72
8471 2 2 2 6 5507 5512 80
8472 2 2 2 6 69 5506 84
8473 2 2 2 6 5506 5510 82
8474 2 2 2 6 5509 5510 5506
8475 2 2 2 6 83 5506 82
8476 2 2 2 6 5506 5511 5509
8477 2 2 2 6 5509 5513 5510
8478 2 2 2 6 73 5513 5509
8479 2 2 2 6 71 5511 70
8480 2 2 2 6 5510 5513 5507
8481 2 2 2 6 74 5513 73
8482 2 2 2 6 84 5506 83
8483 2 2 2 6 81 5510 5507
8484 2 2 2 6 5507 5513 5512
8485 2 2 2 6 81 5507 80
8486 2 2 2 6 5512 5513 74
8487 2 2 2 6 69 5511 5506
8488 2 2 2 6 70 5511 69
8489 2 2 2 6 77 5508 76
8490 2 2 2 6 78 5508 77
8491 2 2 2 6 5508 5512 75
8492 2 2 2 6 76 5508 75
8493 2 2 2 6 79 5508 78
8494 2 2 2 6 73 5509 72
8495 2 2 2 6 75 5512 74
8496 2 2 2 6 82 5510 81
8497 2 2 2 7 91 5514 90
8498 2 2 2 7 100 5517 99
8499 2 2 2 7 93 5519 92
8500 2 2 2 7 98 5515 97
8501 2 2 2 7 97 5515 96
8502 2 2 2 7 96 5522 95
8503 2 2 2 7 5514 5520 90
8504 2 2 2 7 5514 5517 5516
8505 2 2 2 7 5516 5520 5514
8506 2 2 2 7 87 5516 86
8507 2 2 2 7 85 5516 100
8508 2 2 2 7 5514 5521 5517
8509 2 2 2 7 5518 5521 5514
8510 2 2 2 7 5516 5517 100
8511 2 2 2 7 5515 5522 96
8512 2 2 2 7 99 5521 98
8513 2 2 2 7 89 5520 88
8514 2 2 2 7 5519 5521 5518
8515 2 2 2 7 5515 5521 5519
8516 2 2 2 7 95 5522 94
8517 2 2 2 7 86 5516 85
8518 2 2 2 7 92 5518 91
8519 2 2 2 7 98 5521 5515
8520 2 2 2 7 87 5520 5516
8521 2 2 2 7 5517 5521 99
8522 2 2 2 7 91 5518 5514
8523 2 2 2 7 92 5519 5518
8524 2 2 2 7 88 5520 87
8525 2 2 2 7 93 5522 5519
8526 2 2 2 7 5519 5522 5515
8527 2 2 2 7 94 5522 93
8528 2 2 2 7 90 5520 89
8529 2 2 2 8 113 5528 112
8530 2 2 2 8 108 5523 107
8531 2 2 2 8 107 5528 106
8532 2 2 2 8 109 5523 108
8533 2 2 2 8 114 5525 113
8534 2 2 2 8 112 5528 5523
8535 2 2 2 8 106 5531 105
8536 2 2 2 8 5523 5528 107
8537 2 2 2 8 5525 5528 113
8538 2 2 2 8 5526 5529 5524
8539 2 2 2 8 5524 5530 5526
8540 2 2 2 8 5525 5529 5526
8541 2 2 2 8 118 5532 117
8542 2 2 2 8 5526 5531 5525
8543 2 2 2 8 114 5529 5525
8544 2 2 2 8 5528 5531 106
8545 2 2 2 8 5525 5531 5528
8546 2 2 2 8 101 5527 118
8547 2 2 2 8 110 5523 109
8548 2 2 2 8 103 5530 5527
8549 2 2 2 8 105 5531 5526
8550 2 2 2 8 103 5527 102
8551 2 2 2 8 115 5529 114
8552 2 2 2 8 105 5526 104
8553 2 2 2 8 112 5523 111
8554 2 2 2 8 5526 5530 104
8555 2 2 2 8 5524 5529 115
8556 2 2 2 8 117 5532 116
8557 2 2 2 8 5524 5532 5530
8558 2 2 2 8 116 5532 5524
8559 2 2 2 8 5530 5532 5527
8560 2 2 2 8 5527 5532 118
8561 2 2 2 8 102 5527 101
8562 2 2 2 8 111 5523 110
8563 2 2 2 8 104 5530 103
8564 2 2 2 8 116 5524 115
8565 2 2 2 9 126 5535 2441
8566 2 2 2 9 135 5534 134
8567 2 2 2 9 125 5540 2440
8568 2 2 2 9 2440 5540 5537
8569 2 2 2 9 5533 5535 126
8570 2 2 2 9 2440 5539 124
8571 2 2 2 9 124 5536 123
8572 2 2 2 9 134 5542 2445
8573 2 2 2 9 5537 5539 2440
8574 2 2 2 9 2445 5539 133
8575 2 2 2 9 2441 5538 125
8576 2 2 2 9 5536 5541 123
8577 2 2 2 9 127 5533 126
8578 2 2 2 9 5534 5542 134
8579 2 2 2 9 2442 5535 132
8580 2 2 2 9 5538 5540 125
8581 2 2 2 9 5536 5542 5534
8582 2 2 2 9 5534 5541 5536
8583 2 2 2 9 2445 5542 5539
8584 2 2 2 9 5539 5542 5536
8585 2 2 2 9 2444 5540 2443
8586 2 2 2 9 133 5537 2444
8587 2 2 2 9 2443 5538 2442
8588 2 2 2 9 124 5539 5536
8589 2 2 2 9 5535 5538 2441
8590 2 2 2 9 133 5539 5537
8591 2 2 2 9 119 5534 135
8592 2 2 2 9 121 5534 120
8593 2 2 2 9 2443 5540 5538
8594 2 2 2 9 5537 5540 2444
8595 2 2 2 9 5535 5543 132
8596 2 2 2 9 2442 5538 5535
8597 2 2 2 9 5533 5543 5535
8598 2 2 2 9 130 5533 129
8599 2 2 2 9 128 5533 127
8600 2 2 2 9 123 5541 122
8601 2 2 2 9 120 5534 119
8602 2 2 2 9 121 5541 5534
8603 2 2 2 9 132 5543 131
8604 2 2 2 9 122 5541 121
8605 2 2 2 9 129 5533 128
8606 2 2 2 9 131 5543 130
8607 2 2 2 9 130 5543 5533
8608 2 2 2 10 149 5551 148
8609 2 2 2 10 144 5545 143
8610 2 2 2 10 5544 5547 5546
8611 2 2 2 10 5546 5549 5544
8612 2 2 2 10 138 5546 137
8613 2 2 2 10 139 5549 138
8614 2 2 2 10 136 5546 151
8615 2 2 2 10 141 5549 140
8616 2 2 2 10 5546 5547 151
8617 2 2 2 10 5544 5550 5547
8618 2 2 2 10 5544 5549 141
8619 2 2 2 10 5547 5550 5548
8620 2 2 2 10 143 5550 142
8621 2 2 2 10 138 5549 5546
8622 2 2 2 10 147 5552 146
8623 2 2 2 10 140 5549 139
8624 2 2 2 10 137 5546 136
8625 2 2 2 10 142 5550 5544
8626 2 2 2 10 148 5552 147
8627 2 2 2 10 146 5552 145
8628 2 2 2 10 150 5548 149
8629 2 2 2 10 5550 5551 5548
8630 2 2 2 10 5547 5548 150
8631 2 2 2 10 5545 5551 5550
8632 2 2 2 10 145 5552 144
8633 2 2 2 10 5545 5550 143
8634 2 2 2 10 5548 5551 149
8635 2 2 2 10 5551 5552 148
8636 2 2 2 10 144 5552 5545
8637 2 2 2 10 5545 5552 5551
8638 2 2 2 10 142 5544 141
8639 2 2 2 10 151 5547 150
8640 2 2 2 11 157 5555 156
8641 2 2 2 11 171 5553 170
8642 2 2 2 11 165 5558 164
8643 2 2 2 11 159 5556 158
8644 2 2 2 11 169 5559 168
8645 2 2 2 11 168 5556 167
8646 2 2 2 11 156 5555 5553
8647 2 2 2 11 170 5555 169
8648 2 2 2 11 159 5557 5556
8649 2 2 2 11 152 5553 171
8650 2 2 2 11 160 5560 159
8651 2 2 2 11 164 5558 163
8652 2 2 2 11 5553 5555 170
8653 2 2 2 11 5556 5559 158
8654 2 2 2 11 168 5559 5556
8655 2 2 2 11 156 5553 155
8656 2 2 2 11 157 5559 5555
8657 2 2 2 11 5555 5559 169
8658 2 2 2 11 158 5559 157
8659 2 2 2 11 159 5560 5557
8660 2 2 2 11 167 5557 166
8661 2 2 2 11 5554 5558 165
8662 2 2 2 11 5556 5557 167
8663 2 2 2 11 5558 5560 160
8664 2 2 2 11 166 5557 5554
8665 2 2 2 11 155 5553 154
8666 2 2 2 11 153 5553 152
8667 2 2 2 11 163 5558 162
8668 2 2 2 11 5554 5560 5558
8669 2 2 2 11 161 5558 160
8670 2 2 2 11 5557 5560 5554
8671 2 2 2 11 154 5553 153
8672 2 2 2 11 162 5558 161
8673 2 2 2 11 166 5554 165
8674 2 2 2 12 175 5561 174
8675 2 2 2 12 174 5566 173
8676 2 2 2 12 2447 5564 2446
8677 2 2 2 12 187 5569 2450
8678 2 2 2 12 2450 5569 5563
8679 2 2 2 12 189 5564 188
8680 2 2 2 12 2447 5565 5564
8681 2 2 2 12 180 5567 2449
8682 2 2 2 12 2449 5568 179
8683 2 2 2 12 2446 5564 5561
8684 2 2 2 12 2450 5568 186
8685 2 2 2 12 186 5567 185
8686 2 2 2 12 2446 5561 177
8687 2 2 2 12 188 5565 187
8688 2 2 2 12 5565 5569 187
8689 2 2 2 12 5561 5566 174
8690 2 2 2 12 5564 5565 188
8691 2 2 2 12 5563 5568 2450
8692 2 2 2 12 186 5568 5567
8693 2 2 2 12 178 5569 2448
8694 2 2 2 12 5564 5566 5561
8695 2 2 2 12 2448 5565 2447
8696 2 2 2 12 5562 5567 180
8697 2 2 2 12 189 5566 5564
8698 2 2 2 12 173 5566 172
8699 2 2 2 12 176 5561 175
8700 2 2 2 12 5567 5568 2449
8701 2 2 2 12 181 5562 180
8702 2 2 2 12 185 5562 184
8703 2 2 2 12 185 5567 5562
8704 2 2 2 12 2448 5569 5565
8705 2 2 2 12 179 5568 5563
8706 2 2 2 12 172 5566 189
8707 2 2 2 12 177 5561 176
8708 2 2 2 12 182 5562 181
8709 2 2 2 12 184 5562 183
8710 2 2 2 12 5563 5569 178
8711 2 2 2 12 179 5563 178
8712 2 2 2 12 183 5562 182
8713 2 2 2 13 192 5575 191
8714 2 2 2 13 208 5572 2453
8715 2 2 2 13 196 5578 195
8716 2 2 2 13 200 5573 199
8717 2 2 2 13 207 5573 206
8718 2 2 2 13 5574 5578 196
8719 2 2 2 13 197 5576 5574
8720 2 2 2 13 197 5574 196
8721 2 2 2 13 5572 5578 5574
8722 2 2 2 13 198 5576 197
8723 2 2 2 13 2453 5574 2452
8724 2 2 2 13 2451 5577 207
8725 2 2 2 13 207 5577 5573
8726 2 2 2 13 5574 5576 2452
8727 2 2 2 13 5572 5574 2453
8728 2 2 2 13 5570 5575 192
8729 2 2 2 13 2452 5576 2451
8730 2 2 2 13 199 5577 198
8731 2 2 2 13 5573 5577 199
8732 2 2 2 13 5571 5573 200
8733 2 2 2 13 191 5575 190
8734 2 2 2 13 5570 5578 5572
8735 2 2 2 13 201 5571 200
8736 2 2 2 13 5572 5575 5570
8737 2 2 2 13 193 5570 192
8738 2 2 2 13 206 5573 5571
8739 2 2 2 13 198 5577 5576
8740 2 2 2 13 195 5578 5570
8741 2 2 2 13 5576 5577 2451
8742 2 2 2 13 208 5575 5572
8743 2 2 2 13 195 5570 194
8744 2 2 2 13 202 5571 201
8745 2 2 2 13 190 5575 208
8746 2 2 2 13 206 5571 205
8747 2 2 2 13 194 5570 193
8748 2 2 2 13 205 5571 204
8749 2 2 2 13 203 5571 202
8750 2 2 2 13 204 5571 203
8751 2 2 2 14 214 5580 2457
8752 2 2 2 14 2454 5580 214
8753 2 2 2 14 2455 5579 2454
8754 2 2 2 14 210 5580 5579
8755 2 2 2 14 2456 5580 210
8756 2 2 2 14 2457 5580 2456
8757 2 2 2 14 211 5579 2455
8758 2 2 2 14 5579 5580 2454
8759 2 2 2 14 210 5579 209
8760 2 2 2 14 209 5579 211
8761 2 2 2 14 211 2455 212
8762 2 2 2 14 2455 213 212
8763 2 2 2 15 221 5583 222
8764 2 2 2 15 2458 5581 215
8765 2 2 2 15 217 5581 218
8766 2 2 2 15 2460 5584 2459
8767 2 2 2 15 2459 5582 2458
8768 2 2 2 15 215 5581 217
8769 2 2 2 15 222 5583 5582
8770 2 2 2 15 225 5584 2460
8771 2 2 2 15 2458 5583 5581
8772 2 2 2 15 5582 5583 2458
8773 2 2 2 15 222 5582 223
8774 2 2 2 15 218 5581 219
8775 2 2 2 15 5581 5583 221
8776 2 2 2 15 220 5581 221
8777 2 2 2 15 2459 5584 5582
8778 2 2 2 15 219 5581 220
8779 2 2 2 15 5582 5584 224
8780 2 2 2 15 224 5584 225
8781 2 2 2 15 223 5582 224
8782 2 2 2 15 2460 2459 216
8783 2 2 2 18 233 5586 232
8784 2 2 2 18 226 5585 241
8785 2 2 2 18 240 5587 239
8786 2 2 2 18 241 5586 240
8787 2 2 2 18 234 5587 233
8788 2 2 2 18 5585 5586 241
8789 2 2 2 18 5586 5588 232
8790 2 2 2 18 233 5587 5586
8791 2 2 2 18 230 5588 229
8792 2 2 2 18 5586 5587 240
8793 2 2 2 18 229 5585 228
8794 2 2 2 18 227 5585 226
8795 2 2 2 18 232 5588 231
8796 2 2 2 18 5585 5588 5586
8797 2 2 2 18 229 5588 5585
8798 2 2 2 18 231 5588 230
8799 2 2 2 18 228 5585 227
8800 2 2 2 18 234 5589 5587
8801 2 2 2 18 5587 5589 239
8802 2 2 2 18 235 5589 234
8803 2 2 2 18 239 5589 238
8804 2 2 2 18 238 5589 237
8805 2 2 2 18 236 5589 235
8806 2 2 2 18 237 5589 236
8807 2 2 2 19 2461 5592 244
8808 2 2 2 19 2465 5593 251
8809 2 2 2 19 5592 5598 244
8810 2 2 2 19 5593 5597 251
8811 2 2 2 19 253 5592 2467
8812 2 2 2 19 245 5593 2464
8813 2 2 2 19 5591 5592 253
8814 2 2 2 19 254 5591 253
8815 2 2 2 19 252 5594 2466
8816 2 2 2 19 5594 5595 2466
8817 2 2 2 19 2466 5595 2465
8818 2 2 2 19 2462 5596 2461
8819 2 2 2 19 2465 5595 5593
8820 2 2 2 19 2461 5596 5592
8821 2 2 2 19 5591 5598 5592
8822 2 2 2 19 2467 5596 252
8823 2 2 2 19 2463 5594 2462
8824 2 2 2 19 5590 5593 245
8825 2 2 2 19 2463 5595 5594
8826 2 2 2 19 2464 5595 2463
8827 2 2 2 19 5593 5595 2464
8828 2 2 2 19 5592 5596 2467
8829 2 2 2 19 252 5596 5594
8830 2 2 2 19 249 5597 248
8831 2 2 2 19 5594 5596 2462
8832 2 2 2 19 5590 5597 5593
8833 2 2 2 19 242 5591 256
8834 2 2 2 19 255 5591 254
8835 2 2 2 19 248 5590 247
8836 2 2 2 19 246 5590 245
8837 2 2 2 19 251 5597 250
8838 2 2 2 19 250 5597 249
8839 2 2 2 19 248 5597 5590
8840 2 2 2 19 256 5591 255
8841 2 2 2 19 244 5598 243
8842 2 2 2 19 247 5590 246
8843 2 2 2 19 242 5598 5591
8844 2 2 2 19 243 5598 242
8845 2 2 2 20 2468 5602 5599
8846 2 2 2 20 259 5599 258
8847 2 2 2 20 2468 5608 5602
8848 2 2 2 20 5602 5608 5604
8849 2 2 2 20 2471 5603 2470
8850 2 2 2 20 266 5609 2469
8851 2 2 2 20 265 5603 264
8852 2 2 2 20 271 5600 270
8853 2 2 2 20 5599 5602 258
8854 2 2 2 20 267 5600 266
8855 2 2 2 20 273 5601 2471
8856 2 2 2 20 5603 5605 2470
8857 2 2 2 20 272 5606 271
8858 2 2 2 20 263 5608 2468
8859 2 2 2 20 5601 5603 2471
8860 2 2 2 20 2469 5605 265
8861 2 2 2 20 2470 5605 272
8862 2 2 2 20 265 5605 5603
8863 2 2 2 20 2469 5609 5605
8864 2 2 2 20 5605 5609 5606
8865 2 2 2 20 5601 5607 5603
8866 2 2 2 20 271 5606 5600
8867 2 2 2 20 5605 5606 272
8868 2 2 2 20 5600 5609 266
8869 2 2 2 20 273 5604 5601
8870 2 2 2 20 5603 5607 264
8871 2 2 2 20 260 5599 259
8872 2 2 2 20 262 5599 261
8873 2 2 2 20 268 5600 267
8874 2 2 2 20 270 5600 269
8875 2 2 2 20 5607 5608 263
8876 2 2 2 20 5602 5604 274
8877 2 2 2 20 5604 5608 5601
8878 2 2 2 20 5606 5609 5600
8879 2 2 2 20 264 5607 263
8880 2 2 2 20 274 5604 273
8881 2 2 2 20 261 5599 260
8882 2 2 2 20 5601 5608 5607
8883 2 2 2 20 269 5600 268
8884 2 2 2 20 258 5602 257
8885 2 2 2 20 257 5602 274
8886 2 2 2 20 2468 5599 262
8887 2 2 2 21 286 5610 285
8888 2 2 2 21 287 5613 286
8889 2 2 2 21 275 5615 290
8890 2 2 2 21 5611 5612 278
8891 2 2 2 21 284 5614 283
8892 2 2 2 21 285 5610 284
8893 2 2 2 21 283 5614 282
8894 2 2 2 21 279 5611 278
8895 2 2 2 21 276 5612 275
8896 2 2 2 21 286 5613 5610
8897 2 2 2 21 282 5611 281
8898 2 2 2 21 282 5614 5611
8899 2 2 2 21 5611 5614 5612
8900 2 2 2 21 5610 5614 284
8901 2 2 2 21 290 5615 5613
8902 2 2 2 21 277 5612 276
8903 2 2 2 21 288 5613 287
8904 2 2 2 21 5612 5615 275
8905 2 2 2 21 5613 5615 5610
8906 2 2 2 21 290 5613 289
8907 2 2 2 21 5610 5615 5614
8908 2 2 2 21 5614 5615 5612
8909 2 2 2 21 280 5611 279
8910 2 2 2 21 289 5613 288
8911 2 2 2 21 281 5611 280
8912 2 2 2 21 278 5612 277
8913 2 2 2 22 295 5616 294
8914 2 2 2 22 296 5616 295
8915 2 2 2 22 293 5619 292
8916 2 2 2 22 294 5619 293
8917 2 2 2 22 5616 5619 294
8918 2 2 2 22 292 5617 291
8919 2 2 2 22 299 5622 298
8920 2 2 2 22 304 5620 303
8921 2 2 2 22 303 5621 302
8922 2 2 2 22 5616 5620 5619
8923 2 2 2 22 292 5619 5617
8924 2 2 2 22 5616 5621 5620
8925 2 2 2 22 302 5621 5618
8926 2 2 2 22 5617 5620 304
8927 2 2 2 22 291 5617 306
8928 2 2 2 22 5618 5622 299
8929 2 2 2 22 298 5622 297
8930 2 2 2 22 300 5618 299
8931 2 2 2 22 305 5617 304
8932 2 2 2 22 5621 5622 5618
8933 2 2 2 22 302 5618 301
8934 2 2 2 22 5616 5622 5621
8935 2 2 2 22 5619 5620 5617
8936 2 2 2 22 5620 5621 303
8937 2 2 2 22 296 5622 5616
8938 2 2 2 22 306 5617 305
8939 2 2 2 22 297 5622 296
8940 2 2 2 22 301 5618 300
8941 2 2 2 23 317 5626 318
8942 2 2 2 23 320 5626 2480
8943 2 2 2 23 2475 5627 313
8944 2 2 2 23 2480 5626 5625
8945 2 2 2 23 313 5627 5625
8946 2 2 2 23 2479 5624 2478
8947 2 2 2 23 5625 5627 2480
8948 2 2 2 23 2476 5629 2475
8949 2 2 2 23 2480 5627 308
8950 2 2 2 23 2475 5629 5627
8951 2 2 2 23 2472 5628 307
8952 2 2 2 23 311 5624 2479
8953 2 2 2 23 2477 5630 2476
8954 2 2 2 23 5623 5626 317
8955 2 2 2 23 5627 5629 308
8956 2 2 2 23 2478 5628 2477
8957 2 2 2 23 318 5626 319
8958 2 2 2 23 307 5628 5624
8959 2 2 2 23 313 5625 314
8960 2 2 2 23 308 5629 2473
8961 2 2 2 23 2476 5630 5629
8962 2 2 2 23 314 5623 315
8963 2 2 2 23 316 5623 317
8964 2 2 2 23 5625 5626 5623
8965 2 2 2 23 2473 5630 2472
8966 2 2 2 23 314 5625 5623
8967 2 2 2 23 5629 5630 2473
8968 2 2 2 23 5628 5630 2477
8969 2 2 2 23 2472 5630 5628
8970 2 2 2 23 5624 5628 2478
8971 2 2 2 23 307 5624 309
8972 2 2 2 23 319 5626 320
8973 2 2 2 23 315 5623 316
8974 2 2 2 23 309 5624 310
8975 2 2 2 23 310 5624 311
8976 2 2 2 23 311 2479 2474
8977 2 2 2 23 2479 312 2474
8978 2 2 2 24 323 5631 2484
8979 2 2 2 24 326 2483 2486
8980 2 2 2 24 2485 5632 2484
8981 2 2 2 24 2481 5631 323
8982 2 2 2 24 2484 5632 323
8983 2 2 2 24 321 5631 2482
8984 2 2 2 24 325 5632 2485
8985 2 2 2 24 2482 5631 2481
8986 2 2 2 24 322 5631 321
8987 2 2 2 24 324 5632 325
8988 2 2 2 24 323 5632 324
8989 2 2 2 24 2484 5631 322
8990 2 2 2 24 2488 328 327
8991 2 2 2 24 2487 2488 327
8992 2 2 2 24 329 328 2488
8993 2 2 2 24 2485 2483 325
8994 2 2 2 24 2487 327 326
8995 2 2 2 24 2486 2487 326
8996 2 2 2 24 2486 2483 2485
8997 2 2 2 27 339 5634 338
8998 2 2 2 27 334 5636 333
8999 2 2 2 27 342 5635 341
9000 2 2 2 27 332 5633 331
9001 2 2 2 27 340 5634 339
9002 2 2 2 27 331 5637 330
9003 2 2 2 27 343 5637 342
9004 2 2 2 27 338 5638 337
9005 2 2 2 27 5634 5638 338
9006 2 2 2 27 342 5637 5635
9007 2 2 2 27 5633 5637 331
9008 2 2 2 27 341 5639 340
9009 2 2 2 27 5633 5639 5635
9010 2 2 2 27 5633 5640 5639
9011 2 2 2 27 330 5637 345
9012 2 2 2 27 344 5637 343
9013 2 2 2 27 5635 5637 5633
9014 2 2 2 27 5634 5639 5636
9015 2 2 2 27 337 5638 336
9016 2 2 2 27 333 5640 332
9017 2 2 2 27 5639 5640 5636
9018 2 2 2 27 5636 5638 5634
9019 2 2 2 27 334 5638 5636
9020 2 2 2 27 335 5638 334
9021 2 2 2 27 340 5639 5634
9022 2 2 2 27 5635 5639 341
9023 2 2 2 27 332 5640 5633
9024 2 2 2 27 345 5637 344
9025 2 2 2 27 5636 5640 333
9026 2 2 2 27 336 5638 335
9027 2 2 2 28 355 5646 354
9028 2 2 2 28 351 5641 350
9029 2 2 2 28 362 5644 361
9030 2 2 2 28 361 5646 360
9031 2 2 2 28 363 5643 362
9032 2 2 2 28 5643 5644 362
9033 2 2 2 28 5642 5646 355
9034 2 2 2 28 354 5644 353
9035 2 2 2 28 351 5645 5641
9036 2 2 2 28 5644 5646 361
9037 2 2 2 28 5643 5647 5644
9038 2 2 2 28 356 5642 355
9039 2 2 2 28 360 5642 359
9040 2 2 2 28 360 5646 5642
9041 2 2 2 28 347 5648 346
9042 2 2 2 28 348 5641 347
9043 2 2 2 28 350 5641 349
9044 2 2 2 28 354 5646 5644
9045 2 2 2 28 363 5648 5643
9046 2 2 2 28 5644 5647 353
9047 2 2 2 28 346 5648 363
9048 2 2 2 28 5645 5648 5641
9049 2 2 2 28 5643 5648 5645
9050 2 2 2 28 5641 5648 347
9051 2 2 2 28 359 5642 358
9052 2 2 2 28 357 5642 356
9053 2 2 2 28 353 5647 352
9054 2 2 2 28 352 5647 5645
9055 2 2 2 28 5645 5647 5643
9056 2 2 2 28 349 5641 348
9057 2 2 2 28 358 5642 357
9058 2 2 2 28 352 5645 351
9059 2 2 2 29 378 5650 377
9060 2 2 2 29 369 5652 2489
9061 2 2 2 29 2489 5651 368
9062 2 2 2 29 364 5650 378
9063 2 2 2 29 368 5650 367
9064 2 2 2 29 5650 5651 377
9065 2 2 2 29 368 5651 5650
9066 2 2 2 29 5651 5653 376
9067 2 2 2 29 2490 5652 375
9068 2 2 2 29 376 5653 2490
9069 2 2 2 29 5652 5653 2489
9070 2 2 2 29 367 5650 366
9071 2 2 2 29 365 5650 364
9072 2 2 2 29 2489 5653 5651
9073 2 2 2 29 371 5649 370
9074 2 2 2 29 370 5649 369
9075 2 2 2 29 375 5649 374
9076 2 2 2 29 2490 5653 5652
9077 2 2 2 29 366 5650 365
9078 2 2 2 29 375 5652 5649
9079 2 2 2 29 5649 5652 369
9080 2 2 2 29 372 5649 371
9081 2 2 2 29 374 5649 373
9082 2 2 2 29 373 5649 372
9083 2 2 2 29 377 5651 376
9084 2 2 2 30 395 5656 394
9085 2 2 2 30 396 5656 395
9086 2 2 2 30 391 5660 390
9087 2 2 2 30 386 5661 385
9088 2 2 2 30 393 5664 392
9089 2 2 2 30 394 5659 393
9090 2 2 2 30 379 5656 396
9091 2 2 2 30 5656 5659 394
9092 2 2 2 30 392 5664 5655
9093 2 2 2 30 5658 5664 5662
9094 2 2 2 30 5655 5664 5658
9095 2 2 2 30 387 5654 386
9096 2 2 2 30 5662 5664 5657
9097 2 2 2 30 380 5656 379
9098 2 2 2 30 5658 5660 5655
9099 2 2 2 30 5657 5664 5659
9100 2 2 2 30 5659 5664 393
9101 2 2 2 30 5656 5663 5659
9102 2 2 2 30 5658 5662 384
9103 2 2 2 30 5659 5663 5657
9104 2 2 2 30 383 5657 382
9105 2 2 2 30 5658 5661 5660
9106 2 2 2 30 385 5658 384
9107 2 2 2 30 392 5655 391
9108 2 2 2 30 5657 5663 382
9109 2 2 2 30 5654 5661 386
9110 2 2 2 30 5655 5660 391
9111 2 2 2 30 385 5661 5658
9112 2 2 2 30 390 5660 5654
9113 2 2 2 30 381 5656 380
9114 2 2 2 30 388 5654 387
9115 2 2 2 30 383 5662 5657
9116 2 2 2 30 390 5654 389
9117 2 2 2 30 5660 5661 5654
9118 2 2 2 30 381 5663 5656
9119 2 2 2 30 389 5654 388
9120 2 2 2 30 382 5663 381
9121 2 2 2 30 384 5662 383
9122 2 2 2 31 402 5670 401
9123 2 2 2 31 5665 5669 398
9124 2 2 2 31 409 5667 408
9125 2 2 2 31 407 5667 406
9126 2 2 2 31 5665 5668 5667
9127 2 2 2 31 5667 5669 5665
9128 2 2 2 31 405 5668 5666
9129 2 2 2 31 5667 5668 406
9130 2 2 2 31 401 5670 400
9131 2 2 2 31 5665 5670 5668
9132 2 2 2 31 5668 5670 5666
9133 2 2 2 31 403 5666 402
9134 2 2 2 31 5666 5670 402
9135 2 2 2 31 397 5669 410
9136 2 2 2 31 405 5666 404
9137 2 2 2 31 408 5667 407
9138 2 2 2 31 399 5670 5665
9139 2 2 2 31 409 5669 5667
9140 2 2 2 31 400 5670 399
9141 2 2 2 31 410 5669 409
9142 2 2 2 31 404 5666 403
9143 2 2 2 31 399 5665 398
9144 2 2 2 31 406 5668 405
9145 2 2 2 31 398 5669 397
9146 2 2 2 32 413 5671 412
9147 2 2 2 32 425 5674 424
9148 2 2 2 32 421 5673 420
9149 2 2 2 32 413 5672 5671
9150 2 2 2 32 414 5672 413
9151 2 2 2 32 422 5676 421
9152 2 2 2 32 415 5675 414
9153 2 2 2 32 5671 5674 425
9154 2 2 2 32 421 5675 5673
9155 2 2 2 32 5672 5674 5671
9156 2 2 2 32 421 5676 5675
9157 2 2 2 32 424 5674 423
9158 2 2 2 32 412 5671 411
9159 2 2 2 32 426 5671 425
9160 2 2 2 32 417 5673 416
9161 2 2 2 32 416 5673 415
9162 2 2 2 32 5672 5676 5674
9163 2 2 2 32 418 5673 417
9164 2 2 2 32 5675 5676 5672
9165 2 2 2 32 5673 5675 415
9166 2 2 2 32 414 5675 5672
9167 2 2 2 32 5674 5676 422
9168 2 2 2 32 423 5674 422
9169 2 2 2 32 411 5671 426
9170 2 2 2 32 419 5673 418
9171 2 2 2 32 420 5673 419
9172 2 2 2 33 443 5677 442
9173 2 2 2 33 440 5680 439
9174 2 2 2 33 442 5679 441
9175 2 2 2 33 431 5679 430
9176 2 2 2 33 432 5681 431
9177 2 2 2 33 444 5677 443
9178 2 2 2 33 5677 5679 442
9179 2 2 2 33 430 5677 429
9180 2 2 2 33 5679 5681 441
9181 2 2 2 33 441 5681 440
9182 2 2 2 33 431 5681 5679
9183 2 2 2 33 430 5679 5677
9184 2 2 2 33 433 5680 2491
9185 2 2 2 33 432 5682 5681
9186 2 2 2 33 2491 5682 432
9187 2 2 2 33 440 5682 5680
9188 2 2 2 33 427 5677 444
9189 2 2 2 33 429 5677 428
9190 2 2 2 33 5681 5682 440
9191 2 2 2 33 434 5678 433
9192 2 2 2 33 5680 5682 2491
9193 2 2 2 33 435 5678 434
9194 2 2 2 33 5678 5680 433
9195 2 2 2 33 428 5677 427
9196 2 2 2 33 439 5680 5678
9197 2 2 2 33 439 5678 438
9198 2 2 2 33 438 5678 437
9199 2 2 2 33 436 5678 435
9200 2 2 2 33 437 5678 436
9201 2 2 2 34 453 5690 2494
9202 2 2 2 34 445 5692 2497
9203 2 2 2 34 446 5683 445
9204 2 2 2 34 452 5685 451
9205 2 2 2 34 460 5686 459
9206 2 2 2 34 456 5690 455
9207 2 2 2 34 2497 5687 2496
9208 2 2 2 34 5685 5687 2497
9209 2 2 2 34 5687 5688 2496
9210 2 2 2 34 2496 5688 2495
9211 2 2 2 34 5685 5691 451
9212 2 2 2 34 2494 5690 5686
9213 2 2 2 34 2494 5689 2493
9214 2 2 2 34 459 5686 5684
9215 2 2 2 34 2495 5689 460
9216 2 2 2 34 5686 5689 2494
9217 2 2 2 34 2492 5687 452
9218 2 2 2 34 2492 5688 5687
9219 2 2 2 34 2493 5688 2492
9220 2 2 2 34 5683 5692 445
9221 2 2 2 34 5685 5692 5691
9222 2 2 2 34 452 5687 5685
9223 2 2 2 34 5691 5692 5683
9224 2 2 2 34 5688 5689 2495
9225 2 2 2 34 460 5689 5686
9226 2 2 2 34 2493 5689 5688
9227 2 2 2 34 5686 5690 5684
9228 2 2 2 34 455 5690 454
9229 2 2 2 34 447 5683 446
9230 2 2 2 34 449 5683 448
9231 2 2 2 34 5684 5690 456
9232 2 2 2 34 457 5684 456
9233 2 2 2 34 2497 5692 5685
9234 2 2 2 34 459 5684 458
9235 2 2 2 34 451 5691 450
9236 2 2 2 34 448 5683 447
9237 2 2 2 34 454 5690 453
9238 2 2 2 34 458 5684 457
9239 2 2 2 34 449 5691 5683
9240 2 2 2 34 450 5691 449
9241 2 2 2 35 477 5693 476
9242 2 2 2 35 469 5694 468
9243 2 2 2 35 2500 5696 474
9244 2 2 2 35 2498 5695 465
9245 2 2 2 35 468 5703 467
9246 2 2 2 35 5696 5698 467
9247 2 2 2 35 476 5702 2502
9248 2 2 2 35 2499 5697 466
9249 2 2 2 35 467 5698 2499
9250 2 2 2 35 2499 5698 5697
9251 2 2 2 35 466 5699 2498
9252 2 2 2 35 467 5703 5696
9253 2 2 2 35 2502 5702 5699
9254 2 2 2 35 5699 5702 5695
9255 2 2 2 35 5697 5699 466
9256 2 2 2 35 5693 5702 476
9257 2 2 2 35 5694 5703 468
9258 2 2 2 35 5695 5700 465
9259 2 2 2 35 2502 5699 2501
9260 2 2 2 35 2501 5697 475
9261 2 2 2 35 5696 5701 474
9262 2 2 2 35 475 5698 2500
9263 2 2 2 35 5697 5698 475
9264 2 2 2 35 2500 5698 5696
9265 2 2 2 35 5695 5702 5693
9266 2 2 2 35 5693 5700 5695
9267 2 2 2 35 2501 5699 5697
9268 2 2 2 35 5696 5703 5694
9269 2 2 2 35 5694 5701 5696
9270 2 2 2 35 2498 5699 5695
9271 2 2 2 35 463 5693 462
9272 2 2 2 35 461 5693 477
9273 2 2 2 35 470 5694 469
9274 2 2 2 35 472 5694 471
9275 2 2 2 35 465 5700 464
9276 2 2 2 35 474 5701 473
9277 2 2 2 35 462 5693 461
9278 2 2 2 35 471 5694 470
9279 2 2 2 35 463 5700 5693
9280 2 2 2 35 472 5701 5694
9281 2 2 2 35 464 5700 463
9282 2 2 2 35 473 5701 472
9283 2 2 2 36 480 5708 479
9284 2 2 2 36 478 5708 491
9285 2 2 2 36 481 5706 480
9286 2 2 2 36 483 5706 482
9287 2 2 2 36 488 5709 487
9288 2 2 2 36 5707 5709 5704
9289 2 2 2 36 479 5708 478
9290 2 2 2 36 5705 5709 5707
9291 2 2 2 36 5705 5707 484
9292 2 2 2 36 483 5707 5706
9293 2 2 2 36 5704 5708 5707
9294 2 2 2 36 5704 5709 490
9295 2 2 2 36 487 5705 486
9296 2 2 2 36 5707 5708 5706
9297 2 2 2 36 491 5708 5704
9298 2 2 2 36 485 5705 484
9299 2 2 2 36 5706 5708 480
9300 2 2 2 36 490 5709 489
9301 2 2 2 36 482 5706 481
9302 2 2 2 36 489 5709 488
9303 2 2 2 36 487 5709 5705
9304 2 2 2 36 486 5705 485
9305 2 2 2 36 484 5707 483
9306 2 2 2 36 491 5704 490
9307 2 2 2 37 505 5715 2507
9308 2 2 2 37 496 5713 495
9309 2 2 2 37 508 5715 507
9310 2 2 2 37 2503 5712 494
9311 2 2 2 37 2506 5713 502
9312 2 2 2 37 5711 5713 496
9313 2 2 2 37 5712 5714 2507
9314 2 2 2 37 5714 5716 504
9315 2 2 2 37 504 5716 503
9316 2 2 2 37 2507 5714 504
9317 2 2 2 37 2507 5715 5712
9318 2 2 2 37 495 5717 2505
9319 2 2 2 37 5713 5717 495
9320 2 2 2 37 494 5712 5710
9321 2 2 2 37 2504 5714 2503
9322 2 2 2 37 2504 5716 5714
9323 2 2 2 37 2503 5714 5712
9324 2 2 2 37 2505 5716 2504
9325 2 2 2 37 503 5717 2506
9326 2 2 2 37 2506 5717 5713
9327 2 2 2 37 5713 5718 502
9328 2 2 2 37 507 5715 506
9329 2 2 2 37 5716 5717 503
9330 2 2 2 37 2505 5717 5716
9331 2 2 2 37 5710 5715 508
9332 2 2 2 37 492 5710 508
9333 2 2 2 37 5711 5718 5713
9334 2 2 2 37 500 5718 499
9335 2 2 2 37 5712 5715 5710
9336 2 2 2 37 494 5710 493
9337 2 2 2 37 499 5711 498
9338 2 2 2 37 506 5715 505
9339 2 2 2 37 497 5711 496
9340 2 2 2 37 493 5710 492
9341 2 2 2 37 502 5718 501
9342 2 2 2 37 501 5718 500
9343 2 2 2 37 499 5718 5711
9344 2 2 2 37 498 5711 497
9345 2 2 2 38 509 5724 526
9346 2 2 2 38 514 5726 513
9347 2 2 2 38 513 5723 5722
9348 2 2 2 38 524 5722 523
9349 2 2 2 38 522 5721 521
9350 2 2 2 38 513 5725 512
9351 2 2 2 38 513 5726 5723
9352 2 2 2 38 5722 5725 513
9353 2 2 2 38 523 5723 522
9354 2 2 2 38 5722 5723 523
9355 2 2 2 38 5719 5724 509
9356 2 2 2 38 5720 5721 516
9357 2 2 2 38 526 5724 525
9358 2 2 2 38 510 5719 509
9359 2 2 2 38 512 5719 511
9360 2 2 2 38 521 5721 5720
9361 2 2 2 38 524 5724 5722
9362 2 2 2 38 512 5725 5719
9363 2 2 2 38 5721 5726 515
9364 2 2 2 38 522 5723 5721
9365 2 2 2 38 5719 5725 5724
9366 2 2 2 38 517 5720 516
9367 2 2 2 38 521 5720 520
9368 2 2 2 38 5724 5725 5722
9369 2 2 2 38 525 5724 524
9370 2 2 2 38 511 5719 510
9371 2 2 2 38 5723 5726 5721
9372 2 2 2 38 515 5726 514
9373 2 2 2 38 520 5720 519
9374 2 2 2 38 518 5720 517
9375 2 2 2 38 519 5720 518
9376 2 2 2 38 516 5721 515
9377 2 2 2 39 531 5727 530
9378 2 2 2 39 547 5732 546
9379 2 2 2 39 531 5730 5727
9380 2 2 2 39 534 5731 533
9381 2 2 2 39 533 5731 5729
9382 2 2 2 39 5729 5736 533
9383 2 2 2 39 532 5730 531
9384 2 2 2 39 546 5732 5730
9385 2 2 2 39 546 5735 545
9386 2 2 2 39 536 5734 535
9387 2 2 2 39 544 5731 543
9388 2 2 2 39 542 5734 541
9389 2 2 2 39 534 5733 5731
9390 2 2 2 39 543 5733 542
9391 2 2 2 39 5730 5735 546
9392 2 2 2 39 527 5732 548
9393 2 2 2 39 5730 5732 5727
9394 2 2 2 39 5733 5734 542
9395 2 2 2 39 535 5733 534
9396 2 2 2 39 535 5734 5733
9397 2 2 2 39 5730 5736 5735
9398 2 2 2 39 533 5736 532
9399 2 2 2 39 532 5736 5730
9400 2 2 2 39 528 5727 527
9401 2 2 2 39 530 5727 529
9402 2 2 2 39 5731 5733 543
9403 2 2 2 39 548 5732 547
9404 2 2 2 39 541 5734 5728
9405 2 2 2 39 5729 5731 544
9406 2 2 2 39 5727 5732 527
9407 2 2 2 39 545 5735 5729
9408 2 2 2 39 5728 5734 536
9409 2 2 2 39 5735 5736 5729
9410 2 2 2 39 529 5727 528
9411 2 2 2 39 545 5729 544
9412 2 2 2 39 541 5728 540
9413 2 2 2 39 537 5728 536
9414 2 2 2 39 538 5728 537
9415 2 2 2 39 540 5728 539
9416 2 2 2 39 539 5728 538
9417 2 2 2 40 552 5739 551
9418 2 2 2 40 565 5740 564
9419 2 2 2 40 551 5739 5737
9420 2 2 2 40 551 5737 550
9421 2 2 2 40 562 5739 561
9422 2 2 2 40 560 5742 559
9423 2 2 2 40 554 5742 553
9424 2 2 2 40 552 5741 5739
9425 2 2 2 40 5741 5742 560
9426 2 2 2 40 553 5741 552
9427 2 2 2 40 5739 5740 5737
9428 2 2 2 40 553 5742 5741
9429 2 2 2 40 561 5741 560
9430 2 2 2 40 5737 5740 565
9431 2 2 2 40 5739 5741 561
9432 2 2 2 40 564 5740 563
9433 2 2 2 40 555 5738 554
9434 2 2 2 40 562 5740 5739
9435 2 2 2 40 566 5737 565
9436 2 2 2 40 550 5737 549
9437 2 2 2 40 556 5738 555
9438 2 2 2 40 559 5742 5738
9439 2 2 2 40 5738 5742 554
9440 2 2 2 40 563 5740 562
9441 2 2 2 40 549 5737 566
9442 2 2 2 40 557 5738 556
9443 2 2 2 40 559 5738 558
9444 2 2 2 40 558 5738 557
9445 2 2 2 41 570 5743 569
9446 2 2 2 41 581 5745 580
9447 2 2 2 41 584 5751 2509
9448 2 2 2 41 571 5746 570
9449 2 2 2 41 574 5745 573
9450 2 2 2 41 570 5746 5743
9451 2 2 2 41 580 5745 5744
9452 2 2 2 41 2509 5747 583
9453 2 2 2 41 5747 5751 5746
9454 2 2 2 41 580 5744 579
9455 2 2 2 41 5747 5748 583
9456 2 2 2 41 2509 5751 5747
9457 2 2 2 41 583 5748 582
9458 2 2 2 41 2508 5747 571
9459 2 2 2 41 581 5749 5745
9460 2 2 2 41 2508 5748 5747
9461 2 2 2 41 572 5748 2508
9462 2 2 2 41 573 5749 572
9463 2 2 2 41 582 5749 581
9464 2 2 2 41 572 5749 5748
9465 2 2 2 41 5748 5749 582
9466 2 2 2 41 5745 5749 573
9467 2 2 2 41 571 5747 5746
9468 2 2 2 41 586 5750 585
9469 2 2 2 41 567 5743 586
9470 2 2 2 41 569 5743 568
9471 2 2 2 41 574 5752 5745
9472 2 2 2 41 5746 5750 5743
9473 2 2 2 41 5745 5752 5744
9474 2 2 2 41 576 5752 575
9475 2 2 2 41 585 5750 584
9476 2 2 2 41 579 5744 578
9477 2 2 2 41 577 5744 576
9478 2 2 2 41 5743 5750 586
9479 2 2 2 41 5746 5751 5750
9480 2 2 2 41 5750 5751 584
9481 2 2 2 41 568 5743 567
9482 2 2 2 41 575 5752 574
9483 2 2 2 41 5744 5752 576
9484 2 2 2 41 578 5744 577
9485 2 2 2 42 602 5757 601
9486 2 2 2 42 593 5753 592
9487 2 2 2 42 587 5761 604
9488 2 2 2 42 596 5760 595
9489 2 2 2 42 594 5756 593
9490 2 2 2 42 604 5758 5755
9491 2 2 2 42 593 5756 5753
9492 2 2 2 42 604 5761 5758
9493 2 2 2 42 5758 5761 5756
9494 2 2 2 42 589 5759 588
9495 2 2 2 42 595 5758 594
9496 2 2 2 42 592 5753 591
9497 2 2 2 42 590 5753 589
9498 2 2 2 42 5758 5760 5755
9499 2 2 2 42 601 5754 600
9500 2 2 2 42 5757 5760 596
9501 2 2 2 42 595 5760 5758
9502 2 2 2 42 5754 5757 596
9503 2 2 2 42 5756 5759 5753
9504 2 2 2 42 594 5758 5756
9505 2 2 2 42 597 5754 596
9506 2 2 2 42 588 5759 587
9507 2 2 2 42 5753 5759 589
9508 2 2 2 42 5756 5761 5759
9509 2 2 2 42 591 5753 590
9510 2 2 2 42 601 5757 5754
9511 2 2 2 42 5759 5761 587
9512 2 2 2 42 5755 5757 602
9513 2 2 2 42 603 5755 602
9514 2 2 2 42 5755 5760 5757
9515 2 2 2 42 598 5754 597
9516 2 2 2 42 600 5754 599
9517 2 2 2 42 599 5754 598
9518 2 2 2 42 604 5755 603
9519 2 2 2 43 606 5766 605
9520 2 2 2 43 618 5762 617
9521 2 2 2 43 610 5767 5764
9522 2 2 2 43 2510 5767 610
9523 2 2 2 43 612 5765 611
9524 2 2 2 43 2511 5768 2510
9525 2 2 2 43 621 5764 2513
9526 2 2 2 43 2510 5768 5767
9527 2 2 2 43 2512 5772 618
9528 2 2 2 43 610 5770 609
9529 2 2 2 43 611 5769 2511
9530 2 2 2 43 2511 5769 5768
9531 2 2 2 43 619 5769 2512
9532 2 2 2 43 2513 5767 620
9533 2 2 2 43 620 5768 619
9534 2 2 2 43 2512 5769 5765
9535 2 2 2 43 5767 5768 620
9536 2 2 2 43 618 5772 5762
9537 2 2 2 43 5764 5767 2513
9538 2 2 2 43 5764 5770 610
9539 2 2 2 43 5763 5766 606
9540 2 2 2 43 614 5771 613
9541 2 2 2 43 5768 5769 619
9542 2 2 2 43 5765 5769 611
9543 2 2 2 43 605 5766 622
9544 2 2 2 43 612 5771 5765
9545 2 2 2 43 607 5763 606
9546 2 2 2 43 621 5766 5764
9547 2 2 2 43 5765 5772 2512
9548 2 2 2 43 609 5763 608
9549 2 2 2 43 615 5762 614
9550 2 2 2 43 617 5762 616
9551 2 2 2 43 609 5770 5763
9552 2 2 2 43 5763 5770 5766
9553 2 2 2 43 5766 5770 5764
9554 2 2 2 43 613 5771 612
9555 2 2 2 43 5762 5772 5771
9556 2 2 2 43 5771 5772 5765
9557 2 2 2 43 5762 5771 614
9558 2 2 2 43 622 5766 621
9559 2 2 2 43 608 5763 607
9560 2 2 2 43 616 5762 615
9561 2 2 2 44 629 5775 2516
9562 2 2 2 44 624 5780 623
9563 2 2 2 44 5774 5775 629
9564 2 2 2 44 2514 5782 627
9565 2 2 2 44 630 5774 629
9566 2 2 2 44 638 5776 637
9567 2 2 2 44 636 5775 635
9568 2 2 2 44 5775 5779 2516
9569 2 2 2 44 628 5777 2514
9570 2 2 2 44 637 5777 2518
9571 2 2 2 44 2518 5778 2517
9572 2 2 2 44 5778 5779 2517
9573 2 2 2 44 2515 5778 628
9574 2 2 2 44 5777 5778 2518
9575 2 2 2 44 628 5778 5777
9576 2 2 2 44 2517 5779 636
9577 2 2 2 44 2515 5779 5778
9578 2 2 2 44 5776 5782 5777
9579 2 2 2 44 2516 5779 2515
9580 2 2 2 44 5777 5782 2514
9581 2 2 2 44 636 5779 5775
9582 2 2 2 44 5776 5777 637
9583 2 2 2 44 5775 5781 635
9584 2 2 2 44 5773 5780 624
9585 2 2 2 44 623 5780 639
9586 2 2 2 44 638 5780 5776
9587 2 2 2 44 627 5782 5773
9588 2 2 2 44 625 5773 624
9589 2 2 2 44 5773 5782 5776
9590 2 2 2 44 5776 5780 5773
9591 2 2 2 44 5774 5781 5775
9592 2 2 2 44 631 5774 630
9593 2 2 2 44 633 5774 632
9594 2 2 2 44 627 5773 626
9595 2 2 2 44 639 5780 638
9596 2 2 2 44 626 5773 625
9597 2 2 2 44 635 5781 634
9598 2 2 2 44 632 5774 631
9599 2 2 2 44 633 5781 5774
9600 2 2 2 44 634 5781 633
9601 2 2 2 45 644 5784 643
9602 2 2 2 45 640 5786 2523
9603 2 2 2 45 643 5786 642
9604 2 2 2 45 648 5790 2521
9605 2 2 2 45 651 5790 650
9606 2 2 2 45 5786 5791 2523
9607 2 2 2 45 655 5785 654
9608 2 2 2 45 5785 5789 2521
9609 2 2 2 45 647 5791 646
9610 2 2 2 45 2519 5787 647
9611 2 2 2 45 2519 5788 5787
9612 2 2 2 45 2520 5788 2519
9613 2 2 2 45 2520 5789 5788
9614 2 2 2 45 2521 5789 2520
9615 2 2 2 45 2523 5791 5787
9616 2 2 2 45 2521 5790 5785
9617 2 2 2 45 5784 5786 643
9618 2 2 2 45 654 5785 5783
9619 2 2 2 45 2523 5787 656
9620 2 2 2 45 5787 5788 656
9621 2 2 2 45 656 5788 2522
9622 2 2 2 45 5788 5789 2522
9623 2 2 2 45 2522 5789 655
9624 2 2 2 45 5784 5791 5786
9625 2 2 2 45 655 5789 5785
9626 2 2 2 45 5783 5790 651
9627 2 2 2 45 5785 5790 5783
9628 2 2 2 45 642 5786 641
9629 2 2 2 45 645 5784 644
9630 2 2 2 45 650 5790 649
9631 2 2 2 45 652 5783 651
9632 2 2 2 45 5787 5791 647
9633 2 2 2 45 654 5783 653
9634 2 2 2 45 646 5791 5784
9635 2 2 2 45 641 5786 640
9636 2 2 2 45 646 5784 645
9637 2 2 2 45 649 5790 648
9638 2 2 2 45 653 5783 652
9639 2 2 2 46 672 5792 671
9640 2 2 2 46 662 5797 661
9641 2 2 2 46 664 5799 663
9642 2 2 2 46 670 5793 669
9643 2 2 2 46 658 5795 657
9644 2 2 2 46 657 5795 5792
9645 2 2 2 46 5794 5798 5792
9646 2 2 2 46 5792 5797 5794
9647 2 2 2 46 5794 5799 5798
9648 2 2 2 46 5798 5799 5793
9649 2 2 2 46 668 5800 667
9650 2 2 2 46 659 5795 658
9651 2 2 2 46 661 5795 660
9652 2 2 2 46 5795 5797 5792
9653 2 2 2 46 667 5796 666
9654 2 2 2 46 665 5796 664
9655 2 2 2 46 5796 5799 664
9656 2 2 2 46 661 5797 5795
9657 2 2 2 46 5799 5800 5793
9658 2 2 2 46 663 5794 662
9659 2 2 2 46 671 5798 670
9660 2 2 2 46 5796 5800 5799
9661 2 2 2 46 5794 5797 662
9662 2 2 2 46 669 5800 668
9663 2 2 2 46 5792 5798 671
9664 2 2 2 46 660 5795 659
9665 2 2 2 46 670 5798 5793
9666 2 2 2 46 667 5800 5796
9667 2 2 2 46 663 5799 5794
9668 2 2 2 46 666 5796 665
9669 2 2 2 46 5793 5800 669
9670 2 2 2 46 657 5792 672
9671 2 2 2 47 686 5802 685
9672 2 2 2 47 680 5803 5801
9673 2 2 2 47 679 5801 678
9674 2 2 2 47 681 5806 680
9675 2 2 2 47 680 5806 5803
9676 2 2 2 47 676 5807 675
9677 2 2 2 47 685 5802 684
9678 2 2 2 47 687 5803 686
9679 2 2 2 47 688 5805 687
9680 2 2 2 47 686 5803 5802
9681 2 2 2 47 5803 5805 5801
9682 2 2 2 47 677 5807 676
9683 2 2 2 47 5804 5805 688
9684 2 2 2 47 675 5807 5804
9685 2 2 2 47 675 5804 674
9686 2 2 2 47 673 5804 688
9687 2 2 2 47 678 5807 677
9688 2 2 2 47 687 5805 5803
9689 2 2 2 47 5803 5806 5802
9690 2 2 2 47 5804 5807 5805
9691 2 2 2 47 684 5802 683
9692 2 2 2 47 5805 5807 5801
9693 2 2 2 47 682 5802 681
9694 2 2 2 47 674 5804 673
9695 2 2 2 47 5802 5806 681
9696 2 2 2 47 5801 5807 678
9697 2 2 2 47 683 5802 682
9698 2 2 2 47 680 5801 679
9699 2 2 2 48 698 700 696
9700 2 2 2 48 702 5810 2524
9701 2 2 2 48 692 5809 691
9702 2 2 2 48 695 5815 694
9703 2 2 2 48 701 5815 700
9704 2 2 2 48 700 5815 695
9705 2 2 2 48 691 5809 5808
9706 2 2 2 48 693 5810 692
9707 2 2 2 48 2524 5814 701
9708 2 2 2 48 702 5813 5810
9709 2 2 2 48 707 5812 706
9710 2 2 2 48 705 5812 704
9711 2 2 2 48 5810 5814 2524
9712 2 2 2 48 692 5810 5809
9713 2 2 2 48 694 5814 693
9714 2 2 2 48 693 5814 5810
9715 2 2 2 48 689 5808 707
9716 2 2 2 48 5809 5811 5808
9717 2 2 2 48 5811 5812 5808
9718 2 2 2 48 691 5808 690
9719 2 2 2 48 5810 5813 5809
9720 2 2 2 48 5814 5815 701
9721 2 2 2 48 706 5812 705
9722 2 2 2 48 703 5813 702
9723 2 2 2 48 694 5815 5814
9724 2 2 2 48 5811 5813 703
9725 2 2 2 48 704 5812 5811
9726 2 2 2 48 5808 5812 707
9727 2 2 2 48 690 5808 689
9728 2 2 2 48 5809 5813 5811
9729 2 2 2 48 704 5811 703
9730 2 2 2 48 696 700 695
9731 2 2 2 48 697 698 696
9732 2 2 2 48 699 700 698
9733 2 2 2 49 712 5820 711
9734 2 2 2 49 717 5823 716
9735 2 2 2 49 5816 5822 709
9736 2 2 2 49 5816 5821 5819
9737 2 2 2 49 5819 5822 5816
9738 2 2 2 49 722 5819 721
9739 2 2 2 49 720 5819 719
9740 2 2 2 49 5816 5824 5821
9741 2 2 2 49 5819 5821 719
9742 2 2 2 49 5821 5824 5818
9743 2 2 2 49 708 5822 723
9744 2 2 2 49 711 5824 710
9745 2 2 2 49 721 5819 720
9746 2 2 2 49 710 5824 5816
9747 2 2 2 49 722 5822 5819
9748 2 2 2 49 718 5818 717
9749 2 2 2 49 718 5821 5818
9750 2 2 2 49 5817 5820 712
9751 2 2 2 49 723 5822 722
9752 2 2 2 49 5818 5824 5820
9753 2 2 2 49 5820 5824 711
9754 2 2 2 49 5818 5823 717
9755 2 2 2 49 5820 5823 5818
9756 2 2 2 49 713 5817 712
9757 2 2 2 49 716 5823 5817
9758 2 2 2 49 5817 5823 5820
9759 2 2 2 49 714 5817 713
9760 2 2 2 49 716 5817 715
9761 2 2 2 49 715 5817 714
9762 2 2 2 49 710 5816 709
9763 2 2 2 49 719 5821 718
9764 2 2 2 49 709 5822 708
9765 2 2 2 50 739 5831 5827
9766 2 2 2 50 5828 5831 739
9767 2 2 2 50 729 5828 728
9768 2 2 2 50 739 5832 5828
9769 2 2 2 50 731 5829 730
9770 2 2 2 50 740 5832 739
9771 2 2 2 50 734 5834 733
9772 2 2 2 50 730 5831 729
9773 2 2 2 50 5828 5830 728
9774 2 2 2 50 726 5830 725
9775 2 2 2 50 729 5831 5828
9776 2 2 2 50 5829 5831 730
9777 2 2 2 50 5828 5832 5830
9778 2 2 2 50 5825 5832 740
9779 2 2 2 50 5827 5831 5829
9780 2 2 2 50 725 5825 724
9781 2 2 2 50 733 5834 732
9782 2 2 2 50 5830 5832 5825
9783 2 2 2 50 735 5826 734
9784 2 2 2 50 731 5834 5829
9785 2 2 2 50 741 5825 740
9786 2 2 2 50 5826 5834 734
9787 2 2 2 50 5827 5833 737
9788 2 2 2 50 728 5830 727
9789 2 2 2 50 5829 5833 5827
9790 2 2 2 50 5826 5833 5829
9791 2 2 2 50 738 5827 737
9792 2 2 2 50 727 5830 726
9793 2 2 2 50 5829 5834 5826
9794 2 2 2 50 725 5830 5825
9795 2 2 2 50 724 5825 741
9796 2 2 2 50 732 5834 731
9797 2 2 2 50 736 5826 735
9798 2 2 2 50 736 5833 5826
9799 2 2 2 50 737 5833 736
9800 2 2 2 50 739 5827 738
9801 2 2 2 51 751 5836 750
9802 2 2 2 51 755 5837 5836
9803 2 2 2 51 748 5835 747
9804 2 2 2 51 750 5836 749
9805 2 2 2 51 5836 5837 749
9806 2 2 2 51 752 5836 751
9807 2 2 2 51 748 5837 5835
9808 2 2 2 51 744 5838 743
9809 2 2 2 51 742 5838 755
9810 2 2 2 51 747 5835 746
9811 2 2 2 51 745 5835 744
9812 2 2 2 51 755 5838 5837
9813 2 2 2 51 743 5838 742
9814 2 2 2 51 753 5836 752
9815 2 2 2 51 5835 5838 744
9816 2 2 2 51 746 5835 745
9817 2 2 2 51 5837 5838 5835
9818 2 2 2 51 754 5836 753
9819 2 2 2 51 749 5837 748
9820 2 2 2 51 755 5836 754
9821 2 2 2 52 766 5840 765
9822 2 2 2 52 767 5840 766
9823 2 2 2 52 5839 5841 768
9824 2 2 2 52 769 5839 768
9825 2 2 2 52 765 5840 764
9826 2 2 2 52 5841 5842 760
9827 2 2 2 52 767 5841 5840
9828 2 2 2 52 5839 5842 5841
9829 2 2 2 52 756 5839 769
9830 2 2 2 52 758 5839 757
9831 2 2 2 52 5840 5841 761
9832 2 2 2 52 764 5840 763
9833 2 2 2 52 757 5839 756
9834 2 2 2 52 760 5842 759
9835 2 2 2 52 762 5840 761
9836 2 2 2 52 758 5842 5839
9837 2 2 2 52 759 5842 758
9838 2 2 2 52 763 5840 762
9839 2 2 2 52 761 5841 760
9840 2 2 2 52 768 5841 767
9841 2 2 2 53 778 5845 777
9842 2 2 2 53 776 5845 775
9843 2 2 2 53 782 5843 781
9844 2 2 2 53 770 5847 783
9845 2 2 2 53 772 5847 771
9846 2 2 2 53 775 5845 5844
9847 2 2 2 53 773 5844 772
9848 2 2 2 53 775 5844 774
9849 2 2 2 53 778 5846 5845
9850 2 2 2 53 771 5847 770
9851 2 2 2 53 777 5845 776
9852 2 2 2 53 781 5846 780
9853 2 2 2 53 779 5846 778
9854 2 2 2 53 783 5843 782
9855 2 2 2 53 5843 5847 5845
9856 2 2 2 53 5843 5846 781
9857 2 2 2 53 5845 5847 5844
9858 2 2 2 53 5844 5847 772
9859 2 2 2 53 5845 5846 5843
9860 2 2 2 53 783 5847 5843
9861 2 2 2 53 774 5844 773
9862 2 2 2 53 780 5846 779
9863 2 2 2 54 791 5854 790
9864 2 2 2 54 800 5852 799
9865 2 2 2 54 797 5851 796
9866 2 2 2 54 788 5857 787
9867 2 2 2 54 789 5850 788
9868 2 2 2 54 801 5848 800
9869 2 2 2 54 787 5848 786
9870 2 2 2 54 798 5856 797
9871 2 2 2 54 792 5849 791
9872 2 2 2 54 787 5857 5848
9873 2 2 2 54 796 5851 5849
9874 2 2 2 54 796 5849 795
9875 2 2 2 54 790 5855 789
9876 2 2 2 54 789 5855 5850
9877 2 2 2 54 5848 5852 800
9878 2 2 2 54 5853 5857 5850
9879 2 2 2 54 784 5848 801
9880 2 2 2 54 786 5848 785
9881 2 2 2 54 5848 5857 5852
9882 2 2 2 54 5849 5854 791
9883 2 2 2 54 5852 5857 5853
9884 2 2 2 54 797 5856 5851
9885 2 2 2 54 5850 5857 788
9886 2 2 2 54 5852 5853 799
9887 2 2 2 54 5851 5854 5849
9888 2 2 2 54 5853 5856 798
9889 2 2 2 54 5854 5855 790
9890 2 2 2 54 799 5853 798
9891 2 2 2 54 793 5849 792
9892 2 2 2 54 795 5849 794
9893 2 2 2 54 5850 5856 5853
9894 2 2 2 54 5855 5856 5850
9895 2 2 2 54 5851 5856 5855
9896 2 2 2 54 785 5848 784
9897 2 2 2 54 794 5849 793
9898 2 2 2 54 5851 5855 5854
9899 2 2 2 55 802 5861 2530
9900 2 2 2 55 5858 5861 802
9901 2 2 2 55 809 5861 808
9902 2 2 2 55 810 5860 2527
9903 2 2 2 55 2529 5864 817
9904 2 2 2 55 2525 5862 809
9905 2 2 2 55 2530 5862 818
9906 2 2 2 55 5861 5862 2530
9907 2 2 2 55 5864 5865 2526
9908 2 2 2 55 2529 5865 5864
9909 2 2 2 55 2526 5865 2525
9910 2 2 2 55 2525 5865 5862
9911 2 2 2 55 5862 5865 818
9912 2 2 2 55 818 5865 2529
9913 2 2 2 55 806 5863 805
9914 2 2 2 55 5861 5863 808
9915 2 2 2 55 2527 5864 2526
9916 2 2 2 55 809 5862 5861
9917 2 2 2 55 805 5858 804
9918 2 2 2 55 816 5859 815
9919 2 2 2 55 5858 5863 5861
9920 2 2 2 55 5864 5866 817
9921 2 2 2 55 2528 5860 816
9922 2 2 2 55 803 5858 802
9923 2 2 2 55 5860 5866 2527
9924 2 2 2 55 808 5863 807
9925 2 2 2 55 817 5866 2528
9926 2 2 2 55 807 5863 806
9927 2 2 2 55 805 5863 5858
9928 2 2 2 55 815 5859 814
9929 2 2 2 55 804 5858 803
9930 2 2 2 55 2527 5866 5864
9931 2 2 2 55 816 5860 5859
9932 2 2 2 55 2528 5866 5860
9933 2 2 2 55 5859 5860 810
9934 2 2 2 55 811 5859 810
9935 2 2 2 55 812 5859 811
9936 2 2 2 55 814 5859 813
9937 2 2 2 55 813 5859 812
9938 2 2 2 56 2531 5869 825
9939 2 2 2 56 832 5869 2534
9940 2 2 2 56 2533 5871 831
9941 2 2 2 56 821 5870 820
9942 2 2 2 56 826 5871 2532
9943 2 2 2 56 825 5868 824
9944 2 2 2 56 825 5869 5868
9945 2 2 2 56 2533 5872 5871
9946 2 2 2 56 5871 5872 2532
9947 2 2 2 56 2531 5872 5869
9948 2 2 2 56 2532 5872 2531
9949 2 2 2 56 5869 5872 2534
9950 2 2 2 56 2534 5872 2533
9951 2 2 2 56 832 5870 5869
9952 2 2 2 56 5869 5870 5868
9953 2 2 2 56 820 5870 819
9954 2 2 2 56 831 5871 5867
9955 2 2 2 56 5868 5870 821
9956 2 2 2 56 822 5868 821
9957 2 2 2 56 824 5868 823
9958 2 2 2 56 827 5867 826
9959 2 2 2 56 831 5867 830
9960 2 2 2 56 5867 5871 826
9961 2 2 2 56 819 5870 832
9962 2 2 2 56 823 5868 822
9963 2 2 2 56 830 5867 829
9964 2 2 2 56 828 5867 827
9965 2 2 2 56 829 5867 828
9966 2 2 2 57 840 5877 839
9967 2 2 2 57 841 5874 840
9968 2 2 2 57 838 5882 837
9969 2 2 2 57 848 5876 847
9970 2 2 2 57 846 5881 845
9971 2 2 2 57 837 5880 836
9972 2 2 2 57 842 5874 841
9973 2 2 2 57 847 5878 846
9974 2 2 2 57 5876 5878 847
9975 2 2 2 57 5880 5882 5878
9976 2 2 2 57 5875 5881 5878
9977 2 2 2 57 5876 5880 5878
9978 2 2 2 57 834 5879 833
9979 2 2 2 57 5878 5881 846
9980 2 2 2 57 5874 5877 840
9981 2 2 2 57 837 5882 5880
9982 2 2 2 57 833 5873 850
9983 2 2 2 57 5873 5876 848
9984 2 2 2 57 845 5881 5874
9985 2 2 2 57 849 5873 848
9986 2 2 2 57 836 5880 5879
9987 2 2 2 57 836 5879 835
9988 2 2 2 57 5878 5882 5875
9989 2 2 2 57 839 5877 5875
9990 2 2 2 57 835 5879 834
9991 2 2 2 57 5877 5881 5875
9992 2 2 2 57 5879 5880 5876
9993 2 2 2 57 843 5874 842
9994 2 2 2 57 833 5879 5873
9995 2 2 2 57 839 5875 838
9996 2 2 2 57 5873 5879 5876
9997 2 2 2 57 5874 5881 5877
9998 2 2 2 57 850 5873 849
9999 2 2 2 57 5875 5882 838
10000 2 2 2 57 845 5874 844
10001 2 2 2 57 844 5874 843
10002 2 2 2 58 855 5883 854
10003 2 2 2 58 856 5883 855
10004 2 2 2 58 863 5886 862
10005 2 2 2 58 857 5888 856
10006 2 2 2 58 859 5888 858
10007 2 2 2 58 5883 5887 854
10008 2 2 2 58 5883 5886 5885
10009 2 2 2 58 864 5885 863
10010 2 2 2 58 852 5885 851
10011 2 2 2 58 860 5884 859
10012 2 2 2 58 862 5884 861
10013 2 2 2 58 5883 5888 5886
10014 2 2 2 58 5885 5886 863
10015 2 2 2 58 858 5888 857
10016 2 2 2 58 856 5888 5883
10017 2 2 2 58 5885 5887 5883
10018 2 2 2 58 854 5887 853
10019 2 2 2 58 5884 5888 859
10020 2 2 2 58 862 5886 5884
10021 2 2 2 58 851 5885 864
10022 2 2 2 58 861 5884 860
10023 2 2 2 58 5886 5888 5884
10024 2 2 2 58 852 5887 5885
10025 2 2 2 58 853 5887 852
10026 2 2 2 59 873 5895 872
10027 2 2 2 59 867 5893 866
10028 2 2 2 59 874 5889 873
10029 2 2 2 59 866 5890 865
10030 2 2 2 59 5889 5895 873
10031 2 2 2 59 865 5890 880
10032 2 2 2 59 875 5894 874
10033 2 2 2 59 5889 5893 5892
10034 2 2 2 59 5892 5895 5889
10035 2 2 2 59 866 5893 5890
10036 2 2 2 59 876 5894 875
10037 2 2 2 59 868 5892 867
10038 2 2 2 59 870 5892 869
10039 2 2 2 59 5889 5894 5893
10040 2 2 2 59 877 5891 876
10041 2 2 2 59 5892 5893 867
10042 2 2 2 59 5893 5894 5890
10043 2 2 2 59 874 5894 5889
10044 2 2 2 59 872 5895 871
10045 2 2 2 59 5891 5894 876
10046 2 2 2 59 869 5892 868
10047 2 2 2 59 870 5895 5892
10048 2 2 2 59 871 5895 870
10049 2 2 2 59 5890 5894 5891
10050 2 2 2 59 878 5891 877
10051 2 2 2 59 5890 5891 880
10052 2 2 2 59 879 5891 878
10053 2 2 2 59 880 5891 879
10054 2 2 2 60 2535 5903 884
10055 2 2 2 60 892 5896 891
10056 2 2 2 60 896 5897 895
10057 2 2 2 60 2538 5899 892
10058 2 2 2 60 892 5899 5896
10059 2 2 2 60 5897 5898 895
10060 2 2 2 60 895 5898 894
10061 2 2 2 60 886 5899 885
10062 2 2 2 60 2535 5900 5898
10063 2 2 2 60 5898 5903 2535
10064 2 2 2 60 891 5896 890
10065 2 2 2 60 2536 5900 2535
10066 2 2 2 60 2536 5901 5900
10067 2 2 2 60 5896 5899 886
10068 2 2 2 60 2537 5901 2536
10069 2 2 2 60 893 5902 2538
10070 2 2 2 60 894 5900 2539
10071 2 2 2 60 887 5896 886
10072 2 2 2 60 5900 5901 2539
10073 2 2 2 60 885 5902 2537
10074 2 2 2 60 2539 5901 893
10075 2 2 2 60 2538 5902 5899
10076 2 2 2 60 5898 5900 894
10077 2 2 2 60 5897 5903 5898
10078 2 2 2 60 2537 5902 5901
10079 2 2 2 60 883 5903 882
10080 2 2 2 60 5901 5902 893
10081 2 2 2 60 5899 5902 885
10082 2 2 2 60 882 5897 881
10083 2 2 2 60 897 5897 896
10084 2 2 2 60 882 5903 5897
10085 2 2 2 60 890 5896 889
10086 2 2 2 60 888 5896 887
10087 2 2 2 60 884 5903 883
10088 2 2 2 60 881 5897 897
10089 2 2 2 60 889 5896 888
10090 2 2 2 61 911 903 2541
10091 2 2 2 61 2540 5905 902
10092 2 2 2 61 903 5908 2540
10093 2 2 2 61 913 5905 912
10094 2 2 2 61 912 5908 911
10095 2 2 2 61 2541 5906 911
10096 2 2 2 61 911 5908 903
10097 2 2 2 61 912 5905 2540
10098 2 2 2 61 2540 5908 912
10099 2 2 2 61 902 5904 901
10100 2 2 2 61 901 5904 900
10101 2 2 2 61 904 5906 2541
10102 2 2 2 61 902 5905 5904
10103 2 2 2 61 5904 5905 913
10104 2 2 2 61 914 5904 913
10105 2 2 2 61 898 5904 914
10106 2 2 2 61 900 5904 899
10107 2 2 2 61 908 5907 907
10108 2 2 2 61 909 5907 908
10109 2 2 2 61 907 5907 906
10110 2 2 2 61 906 5907 905
10111 2 2 2 61 905 5907 904
10112 2 2 2 61 904 5907 5906
10113 2 2 2 61 899 5904 898
10114 2 2 2 61 5906 5907 910
10115 2 2 2 61 910 5907 909
10116 2 2 2 61 911 5906 910
10117 2 2 2 62 915 5911 2546
10118 2 2 2 62 5910 5911 915
10119 2 2 2 62 925 5912 924
10120 2 2 2 62 922 5911 921
10121 2 2 2 62 2543 5912 931
10122 2 2 2 62 916 5910 915
10123 2 2 2 62 2542 5913 922
10124 2 2 2 62 2542 5914 5913
10125 2 2 2 62 923 5914 2542
10126 2 2 2 62 923 5915 5914
10127 2 2 2 62 5911 5916 921
10128 2 2 2 62 924 5915 923
10129 2 2 2 62 5912 5915 924
10130 2 2 2 62 2546 5913 2545
10131 2 2 2 62 5909 5912 925
10132 2 2 2 62 5913 5914 2545
10133 2 2 2 62 2545 5914 2544
10134 2 2 2 62 5914 5915 2544
10135 2 2 2 62 2544 5915 2543
10136 2 2 2 62 2543 5915 5912
10137 2 2 2 62 5911 5913 2546
10138 2 2 2 62 922 5913 5911
10139 2 2 2 62 5912 5917 931
10140 2 2 2 62 5910 5916 5911
10141 2 2 2 62 917 5910 916
10142 2 2 2 62 919 5910 918
10143 2 2 2 62 929 5917 928
10144 2 2 2 62 5909 5917 5912
10145 2 2 2 62 928 5909 927
10146 2 2 2 62 921 5916 920
10147 2 2 2 62 926 5909 925
10148 2 2 2 62 918 5910 917
10149 2 2 2 62 931 5917 930
10150 2 2 2 62 930 5917 929
10151 2 2 2 62 928 5917 5909
10152 2 2 2 62 919 5916 5910
10153 2 2 2 62 927 5909 926
10154 2 2 2 62 920 5916 919
10155 2 2 2 63 946 5918 945
10156 2 2 2 63 944 5924 5919
10157 2 2 2 63 933 5923 932
10158 2 2 2 63 937 5922 936
10159 2 2 2 63 938 5921 937
10160 2 2 2 63 5919 5924 5921
10161 2 2 2 63 5921 5925 5919
10162 2 2 2 63 936 5922 5920
10163 2 2 2 63 5920 5923 933
10164 2 2 2 63 932 5923 947
10165 2 2 2 63 934 5920 933
10166 2 2 2 63 5922 5923 5920
10167 2 2 2 63 940 5925 939
10168 2 2 2 63 936 5920 935
10169 2 2 2 63 945 5924 944
10170 2 2 2 63 5918 5923 5922
10171 2 2 2 63 941 5919 940
10172 2 2 2 63 5921 5922 937
10173 2 2 2 63 943 5919 942
10174 2 2 2 63 938 5925 5921
10175 2 2 2 63 5921 5924 5922
10176 2 2 2 63 939 5925 938
10177 2 2 2 63 5922 5924 5918
10178 2 2 2 63 947 5923 946
10179 2 2 2 63 5918 5924 945
10180 2 2 2 63 935 5920 934
10181 2 2 2 63 946 5923 5918
10182 2 2 2 63 5919 5925 940
10183 2 2 2 63 942 5919 941
10184 2 2 2 63 944 5919 943
10185 2 2 2 64 961 5930 960
10186 2 2 2 64 956 5926 955
10187 2 2 2 64 949 5928 948
10188 2 2 2 64 948 5928 961
10189 2 2 2 64 950 5927 949
10190 2 2 2 64 952 5927 951
10191 2 2 2 64 953 5929 952
10192 2 2 2 64 955 5929 954
10193 2 2 2 64 5926 5929 955
10194 2 2 2 64 5928 5930 961
10195 2 2 2 64 952 5929 5927
10196 2 2 2 64 5927 5928 949
10197 2 2 2 64 5928 5929 5926
10198 2 2 2 64 951 5927 950
10199 2 2 2 64 954 5929 953
10200 2 2 2 64 957 5926 956
10201 2 2 2 64 960 5930 959
10202 2 2 2 64 5927 5929 5928
10203 2 2 2 64 5926 5930 5928
10204 2 2 2 64 958 5930 957
10205 2 2 2 64 959 5930 958
10206 2 2 2 64 957 5930 5926
10207 2 2 2 65 969 5931 968
10208 2 2 2 65 962 5932 979
10209 2 2 2 65 970 5936 5933
10210 2 2 2 65 974 5934 973
10211 2 2 2 65 963 5933 2550
10212 2 2 2 65 972 5935 971
10213 2 2 2 65 5935 5936 971
10214 2 2 2 65 970 5941 969
10215 2 2 2 65 971 5936 970
10216 2 2 2 65 2547 5940 962
10217 2 2 2 65 973 5937 972
10218 2 2 2 65 5933 5941 970
10219 2 2 2 65 972 5937 5935
10220 2 2 2 65 2547 5937 5934
10221 2 2 2 65 5934 5940 2547
10222 2 2 2 65 969 5941 5931
10223 2 2 2 65 962 5940 5932
10224 2 2 2 65 2549 5935 2548
10225 2 2 2 65 2549 5936 5935
10226 2 2 2 65 2550 5936 2549
10227 2 2 2 65 2548 5937 2547
10228 2 2 2 65 5933 5936 2550
10229 2 2 2 65 965 5938 964
10230 2 2 2 65 976 5939 975
10231 2 2 2 65 5935 5937 2548
10232 2 2 2 65 5934 5937 973
10233 2 2 2 65 968 5931 967
10234 2 2 2 65 966 5931 965
10235 2 2 2 65 974 5939 5934
10236 2 2 2 65 977 5932 976
10237 2 2 2 65 979 5932 978
10238 2 2 2 65 963 5938 5933
10239 2 2 2 65 5931 5941 5938
10240 2 2 2 65 964 5938 963
10241 2 2 2 65 975 5939 974
10242 2 2 2 65 5932 5940 5939
10243 2 2 2 65 5938 5941 5933
10244 2 2 2 65 5931 5938 965
10245 2 2 2 65 5932 5939 976
10246 2 2 2 65 5939 5940 5934
10247 2 2 2 65 967 5931 966
10248 2 2 2 65 978 5932 977
10249 2 2 2 66 988 5947 2553
10250 2 2 2 66 982 5948 983
10251 2 2 2 66 2552 5946 2551
10252 2 2 2 66 980 5944 2552
10253 2 2 2 66 5946 5947 2551
10254 2 2 2 66 2553 5947 5946
10255 2 2 2 66 2553 5946 989
10256 2 2 2 66 5942 5947 988
10257 2 2 2 66 5944 5946 2552
10258 2 2 2 66 2551 5947 982
10259 2 2 2 66 986 5942 987
10260 2 2 2 66 5947 5948 982
10261 2 2 2 66 5943 5946 5944
10262 2 2 2 66 989 5946 5943
10263 2 2 2 66 980 5945 5944
10264 2 2 2 66 5943 5944 992
10265 2 2 2 66 5944 5945 993
10266 2 2 2 66 987 5942 988
10267 2 2 2 66 985 5948 986
10268 2 2 2 66 5942 5948 5947
10269 2 2 2 66 995 5945 981
10270 2 2 2 66 983 5948 984
10271 2 2 2 66 994 5945 995
10272 2 2 2 66 981 5945 980
10273 2 2 2 66 984 5948 985
10274 2 2 2 66 991 5943 992
10275 2 2 2 66 989 5943 990
10276 2 2 2 66 990 5943 991
10277 2 2 2 66 986 5948 5942
10278 2 2 2 66 993 5945 994
10279 2 2 2 66 992 5944 993
10280 2 2 2 67 996 997 998
10281 2 2 2 68 1005 5951 1004
10282 2 2 2 68 999 5949 1014
10283 2 2 2 68 1013 5955 1012
10284 2 2 2 68 1007 5950 1006
10285 2 2 2 68 1000 5954 999
10286 2 2 2 68 1004 5954 1003
10287 2 2 2 68 1014 5952 1013
10288 2 2 2 68 5951 5954 1004
10289 2 2 2 68 999 5954 5949
10290 2 2 2 68 1006 5956 1005
10291 2 2 2 68 1009 5957 1008
10292 2 2 2 68 1003 5954 1002
10293 2 2 2 68 1001 5954 1000
10294 2 2 2 68 5949 5954 5951
10295 2 2 2 68 5949 5952 1014
10296 2 2 2 68 5951 5952 5949
10297 2 2 2 68 1010 5953 1009
10298 2 2 2 68 1012 5953 1011
10299 2 2 2 68 5950 5955 5952
10300 2 2 2 68 5952 5955 1013
10301 2 2 2 68 1012 5955 5953
10302 2 2 2 68 5951 5956 5952
10303 2 2 2 68 5952 5956 5950
10304 2 2 2 68 1008 5957 1007
10305 2 2 2 68 5950 5957 5955
10306 2 2 2 68 1005 5956 5951
10307 2 2 2 68 5950 5956 1006
10308 2 2 2 68 5955 5957 5953
10309 2 2 2 68 1002 5954 1001
10310 2 2 2 68 5953 5957 1009
10311 2 2 2 68 1011 5953 1010
10312 2 2 2 68 1007 5957 5950
10313 2 2 2 69 1017 5958 1018
10314 2 2 2 69 1018 5958 1019
10315 2 2 2 69 1017 5960 5958
10316 2 2 2 69 1022 5958 1023
10317 2 2 2 69 1029 5963 1016
10318 2 2 2 69 5961 5962 1024
10319 2 2 2 69 5958 5961 1023
10320 2 2 2 69 5961 5963 5962
10321 2 2 2 69 1028 5959 1029
10322 2 2 2 69 1026 5959 1027
10323 2 2 2 69 5960 5963 5961
10324 2 2 2 69 5960 5961 5958
10325 2 2 2 69 1016 5963 1015
10326 2 2 2 69 1015 5963 5960
10327 2 2 2 69 5959 5963 1029
10328 2 2 2 69 1024 5962 1025
10329 2 2 2 69 5962 5963 5959
10330 2 2 2 69 1027 5959 1028
10331 2 2 2 69 1026 5962 5959
10332 2 2 2 69 1021 5958 1022
10333 2 2 2 69 1019 5958 1020
10334 2 2 2 69 1025 5962 1026
10335 2 2 2 69 1020 5958 1021
10336 2 2 2 69 1015 5960 1017
10337 2 2 2 69 1023 5961 1024
10338 2 2 2 70 1030 1031 1032
10339 2 2 2 71 1036 5965 1035
10340 2 2 2 71 1046 5967 5966
10341 2 2 2 71 5964 5966 1040
10342 2 2 2 71 5965 5967 1035
10343 2 2 2 71 1045 5966 5964
10344 2 2 2 71 1035 5967 1034
10345 2 2 2 71 1037 5965 1036
10346 2 2 2 71 1039 5966 5965
10347 2 2 2 71 1039 5965 1038
10348 2 2 2 71 1033 5967 1046
10349 2 2 2 71 1041 5964 1040
10350 2 2 2 71 5966 5967 5965
10351 2 2 2 71 1045 5964 1044
10352 2 2 2 71 1038 5965 1037
10353 2 2 2 71 1034 5967 1033
10354 2 2 2 71 1044 5964 1043
10355 2 2 2 71 1042 5964 1041
10356 2 2 2 71 1043 5964 1042
10357 2 2 2 71 1040 5966 1039
10358 2 2 2 71 1046 5966 1045
10359 2 2 2 72 1054 5971 1053
10360 2 2 2 72 1051 5968 1050
10361 2 2 2 72 1053 5969 1052
10362 2 2 2 72 1052 5969 5968
10363 2 2 2 72 1060 5972 1059
10364 2 2 2 72 1055 5971 1054
10365 2 2 2 72 1059 5974 1058
10366 2 2 2 72 5969 5974 5968
10367 2 2 2 72 5968 5974 5972
10368 2 2 2 72 1053 5971 5969
10369 2 2 2 72 1048 5973 1047
10370 2 2 2 72 5970 5972 1060
10371 2 2 2 72 5972 5973 5968
10372 2 2 2 72 1047 5970 1062
10373 2 2 2 72 5970 5973 5972
10374 2 2 2 72 1061 5970 1060
10375 2 2 2 72 1050 5973 1049
10376 2 2 2 72 1058 5974 5971
10377 2 2 2 72 5968 5973 1050
10378 2 2 2 72 1056 5971 1055
10379 2 2 2 72 1049 5973 1048
10380 2 2 2 72 5972 5974 1059
10381 2 2 2 72 1047 5973 5970
10382 2 2 2 72 5971 5974 5969
10383 2 2 2 72 1058 5971 1057
10384 2 2 2 72 1062 5970 1061
10385 2 2 2 72 1057 5971 1056
10386 2 2 2 72 1052 5968 1051
10387 2 2 2 73 1075 5977 1074
10388 2 2 2 73 1074 5977 5975
10389 2 2 2 73 1073 5975 1072
10390 2 2 2 73 1066 5976 1065
10391 2 2 2 73 1065 5979 1064
10392 2 2 2 73 1072 5975 1071
10393 2 2 2 73 1064 5977 1063
10394 2 2 2 73 1076 5977 1075
10395 2 2 2 73 5977 5979 5975
10396 2 2 2 73 1069 5978 1068
10397 2 2 2 73 1064 5979 5977
10398 2 2 2 73 5976 5979 1065
10399 2 2 2 73 1068 5976 1067
10400 2 2 2 73 1071 5978 1070
10401 2 2 2 73 5975 5978 1071
10402 2 2 2 73 1063 5977 1076
10403 2 2 2 73 1070 5978 1069
10404 2 2 2 73 5975 5979 5978
10405 2 2 2 73 1068 5978 5976
10406 2 2 2 73 5978 5979 5976
10407 2 2 2 73 1067 5976 1066
10408 2 2 2 73 1074 5975 1073
10409 2 2 2 74 1082 5983 1081
10410 2 2 2 74 1088 5983 1087
10411 2 2 2 74 1081 5982 1080
10412 2 2 2 74 1089 5986 1088
10413 2 2 2 74 5982 5985 1080
10414 2 2 2 74 1091 5984 1090
10415 2 2 2 74 5981 5983 1082
10416 2 2 2 74 1092 5980 1091
10417 2 2 2 74 1078 5980 1077
10418 2 2 2 74 1087 5983 5981
10419 2 2 2 74 5984 5985 5982
10420 2 2 2 74 1083 5981 1082
10421 2 2 2 74 1087 5981 1086
10422 2 2 2 74 1081 5983 5982
10423 2 2 2 74 1090 5984 1089
10424 2 2 2 74 1088 5986 5983
10425 2 2 2 74 5983 5986 5982
10426 2 2 2 74 5980 5984 1091
10427 2 2 2 74 5980 5985 5984
10428 2 2 2 74 1080 5985 1079
10429 2 2 2 74 5984 5986 1089
10430 2 2 2 74 1077 5980 1092
10431 2 2 2 74 5982 5986 5984
10432 2 2 2 74 1078 5985 5980
10433 2 2 2 74 1086 5981 1085
10434 2 2 2 74 1084 5981 1083
10435 2 2 2 74 1079 5985 1078
10436 2 2 2 74 1085 5981 1084
10437 2 2 2 75 1100 5990 1099
10438 2 2 2 75 1107 5993 1106
10439 2 2 2 75 1099 5990 5989
10440 2 2 2 75 1099 5989 1098
10441 2 2 2 75 1108 5990 1107
10442 2 2 2 75 1101 5993 1100
10443 2 2 2 75 5990 5992 5989
10444 2 2 2 75 1100 5993 5990
10445 2 2 2 75 1098 5989 5987
10446 2 2 2 75 1106 5993 5988
10447 2 2 2 75 1095 5994 1094
10448 2 2 2 75 1109 5992 1108
10449 2 2 2 75 1093 5994 1110
10450 2 2 2 75 5989 5994 5987
10451 2 2 2 75 5991 5994 5989
10452 2 2 2 75 1096 5987 1095
10453 2 2 2 75 1108 5992 5990
10454 2 2 2 75 5990 5993 1107
10455 2 2 2 75 1098 5987 1097
10456 2 2 2 75 1106 5988 1105
10457 2 2 2 75 1094 5994 1093
10458 2 2 2 75 5988 5993 1101
10459 2 2 2 75 1110 5994 5991
10460 2 2 2 75 1105 5988 1104
10461 2 2 2 75 5991 5992 1109
10462 2 2 2 75 5987 5994 1095
10463 2 2 2 75 1097 5987 1096
10464 2 2 2 75 5989 5992 5991
10465 2 2 2 75 1104 5988 1103
10466 2 2 2 75 1102 5988 1101
10467 2 2 2 75 1103 5988 1102
10468 2 2 2 75 1110 5991 1109
10469 2 2 2 76 1117 5996 1116
10470 2 2 2 76 2556 6003 2555
10471 2 2 2 76 1111 6002 2559
10472 2 2 2 76 5997 6003 2556
10473 2 2 2 76 1117 5998 5996
10474 2 2 2 76 1119 6004 2556
10475 2 2 2 76 5998 6000 2559
10476 2 2 2 76 2554 5998 1117
10477 2 2 2 76 2559 6000 2558
10478 2 2 2 76 2557 6003 1126
10479 2 2 2 76 2558 6001 2557
10480 2 2 2 76 6000 6001 2558
10481 2 2 2 76 2559 6002 5998
10482 2 2 2 76 1124 5995 1123
10483 2 2 2 76 1120 5995 1119
10484 2 2 2 76 2555 6003 6001
10485 2 2 2 76 1118 6000 2554
10486 2 2 2 76 5998 6002 5996
10487 2 2 2 76 2555 6001 1118
10488 2 2 2 76 1113 6002 1112
10489 2 2 2 76 2554 6000 5998
10490 2 2 2 76 1118 6001 6000
10491 2 2 2 76 2556 6004 5997
10492 2 2 2 76 1116 5996 1115
10493 2 2 2 76 1114 5996 1113
10494 2 2 2 76 1124 5999 5995
10495 2 2 2 76 5995 6004 1119
10496 2 2 2 76 1112 6002 1111
10497 2 2 2 76 6001 6003 2557
10498 2 2 2 76 5997 6004 5999
10499 2 2 2 76 1126 6003 5997
10500 2 2 2 76 5996 6002 1113
10501 2 2 2 76 1123 5995 1122
10502 2 2 2 76 1121 5995 1120
10503 2 2 2 76 5999 6004 5995
10504 2 2 2 76 5997 5999 1125
10505 2 2 2 76 1115 5996 1114
10506 2 2 2 76 1126 5997 1125
10507 2 2 2 76 1122 5995 1121
10508 2 2 2 76 1125 5999 1124
10509 2 2 2 77 1142 6011 2564
10510 2 2 2 77 1128 6011 1127
10511 2 2 2 77 1134 6014 1133
10512 2 2 2 77 1135 6006 1134
10513 2 2 2 77 2562 6007 1140
10514 2 2 2 77 1132 6008 1131
10515 2 2 2 77 2564 6011 6008
10516 2 2 2 77 6008 6009 2564
10517 2 2 2 77 6009 6010 1141
10518 2 2 2 77 1141 6010 2563
10519 2 2 2 77 2564 6009 1141
10520 2 2 2 77 6007 6012 1133
10521 2 2 2 77 1133 6012 2561
10522 2 2 2 77 2563 6012 2562
10523 2 2 2 77 2560 6009 1132
10524 2 2 2 77 6006 6014 1134
10525 2 2 2 77 2560 6010 6009
10526 2 2 2 77 2561 6010 2560
10527 2 2 2 77 6007 6013 1140
10528 2 2 2 77 6010 6012 2563
10529 2 2 2 77 1131 6008 6005
10530 2 2 2 77 1133 6014 6007
10531 2 2 2 77 1132 6009 6008
10532 2 2 2 77 2561 6012 6010
10533 2 2 2 77 6005 6011 1128
10534 2 2 2 77 2562 6012 6007
10535 2 2 2 77 6007 6014 6006
10536 2 2 2 77 6006 6013 6007
10537 2 2 2 77 1127 6011 1143
10538 2 2 2 77 6008 6011 6005
10539 2 2 2 77 1129 6005 1128
10540 2 2 2 77 1138 6006 1137
10541 2 2 2 77 1136 6006 1135
10542 2 2 2 77 1131 6005 1130
10543 2 2 2 77 1143 6011 1142
10544 2 2 2 77 1130 6005 1129
10545 2 2 2 77 1140 6013 1139
10546 2 2 2 77 1137 6006 1136
10547 2 2 2 77 1138 6013 6006
10548 2 2 2 77 1139 6013 1138
10549 2 2 2 78 1149 6017 1148
10550 2 2 2 78 1145 6015 1144
10551 2 2 2 78 1144 6018 1159
10552 2 2 2 78 1148 6017 6015
10553 2 2 2 78 1156 6019 1155
10554 2 2 2 78 1157 6017 1156
10555 2 2 2 78 1150 6019 1149
10556 2 2 2 78 6015 6018 1144
10557 2 2 2 78 1149 6019 6017
10558 2 2 2 78 6017 6019 1156
10559 2 2 2 78 1155 6019 6016
10560 2 2 2 78 1159 6018 1158
10561 2 2 2 78 1146 6015 1145
10562 2 2 2 78 6017 6018 6015
10563 2 2 2 78 1148 6015 1147
10564 2 2 2 78 1157 6018 6017
10565 2 2 2 78 1155 6016 1154
10566 2 2 2 78 1151 6016 1150
10567 2 2 2 78 6016 6019 1150
10568 2 2 2 78 1158 6018 1157
10569 2 2 2 78 1147 6015 1146
10570 2 2 2 78 1154 6016 1153
10571 2 2 2 78 1152 6016 1151
10572 2 2 2 78 1153 6016 1152
10573 2 2 2 79 1170 6025 1169
10574 2 2 2 79 1164 6023 1163
10575 2 2 2 79 1171 6020 1170
10576 2 2 2 79 6020 6025 1170
10577 2 2 2 79 1160 6024 1173
10578 2 2 2 79 1172 6024 1171
10579 2 2 2 79 6020 6023 6022
10580 2 2 2 79 1161 6021 1160
10581 2 2 2 79 1163 6021 1162
10582 2 2 2 79 6022 6025 6020
10583 2 2 2 79 1165 6022 1164
10584 2 2 2 79 1167 6022 1166
10585 2 2 2 79 1173 6024 1172
10586 2 2 2 79 6020 6024 6023
10587 2 2 2 79 6022 6023 1164
10588 2 2 2 79 1171 6024 6020
10589 2 2 2 79 6021 6024 1160
10590 2 2 2 79 6023 6024 6021
10591 2 2 2 79 1163 6023 6021
10592 2 2 2 79 1169 6025 1168
10593 2 2 2 79 1162 6021 1161
10594 2 2 2 79 1166 6022 1165
10595 2 2 2 79 1167 6025 6022
10596 2 2 2 79 1168 6025 1167
10597 2 2 2 80 1180 6028 1179
10598 2 2 2 80 1188 6029 1187
10599 2 2 2 80 1174 6027 1191
10600 2 2 2 80 1178 6027 1177
10601 2 2 2 80 1179 6035 1178
10602 2 2 2 80 1189 6034 1188
10603 2 2 2 80 1183 6026 1182
10604 2 2 2 80 1187 6026 1186
10605 2 2 2 80 1187 6029 6026
10606 2 2 2 80 1178 6035 6027
10607 2 2 2 80 6030 6035 6028
10608 2 2 2 80 6027 6030 1191
10609 2 2 2 80 6028 6031 6030
10610 2 2 2 80 6029 6034 6032
10611 2 2 2 80 6032 6034 6028
10612 2 2 2 80 1180 6032 6028
10613 2 2 2 80 6028 6035 1179
10614 2 2 2 80 6026 6033 1182
10615 2 2 2 80 1177 6027 1176
10616 2 2 2 80 1175 6027 1174
10617 2 2 2 80 6030 6031 1190
10618 2 2 2 80 1188 6034 6029
10619 2 2 2 80 6029 6033 6026
10620 2 2 2 80 6027 6035 6030
10621 2 2 2 80 1190 6031 1189
10622 2 2 2 80 6028 6034 6031
10623 2 2 2 80 6031 6034 1189
10624 2 2 2 80 1186 6026 1185
10625 2 2 2 80 1184 6026 1183
10626 2 2 2 80 1181 6032 1180
10627 2 2 2 80 1181 6033 6032
10628 2 2 2 80 1176 6027 1175
10629 2 2 2 80 6032 6033 6029
10630 2 2 2 80 1185 6026 1184
10631 2 2 2 80 1182 6033 1181
10632 2 2 2 80 1191 6030 1190
10633 2 2 2 81 1207 6042 2570
10634 2 2 2 81 1200 6037 1199
10635 2 2 2 81 1194 6043 1193
10636 2 2 2 81 6038 6042 1207
10637 2 2 2 81 2570 6042 2569
10638 2 2 2 81 2567 6044 2566
10639 2 2 2 81 1199 6045 2567
10640 2 2 2 81 1207 6043 6038
10641 2 2 2 81 2569 6042 6040
10642 2 2 2 81 2565 6038 1197
10643 2 2 2 81 6039 6044 2567
10644 2 2 2 81 1201 6037 1200
10645 2 2 2 81 6040 6042 1198
10646 2 2 2 81 2566 6040 1198
10647 2 2 2 81 2566 6044 6040
10648 2 2 2 81 1197 6038 6036
10649 2 2 2 81 2568 6044 1206
10650 2 2 2 81 6037 6045 1199
10651 2 2 2 81 1198 6042 2565
10652 2 2 2 81 2569 6040 2568
10653 2 2 2 81 2565 6042 6038
10654 2 2 2 81 2567 6045 6039
10655 2 2 2 81 6036 6043 1194
10656 2 2 2 81 6038 6043 6036
10657 2 2 2 81 1193 6043 1192
10658 2 2 2 81 1195 6036 1194
10659 2 2 2 81 1197 6036 1196
10660 2 2 2 81 6040 6044 2568
10661 2 2 2 81 6039 6045 6041
10662 2 2 2 81 1202 6037 1201
10663 2 2 2 81 6041 6045 6037
10664 2 2 2 81 6039 6041 1205
10665 2 2 2 81 1204 6041 6037
10666 2 2 2 81 1192 6043 1208
10667 2 2 2 81 1196 6036 1195
10668 2 2 2 81 1204 6037 1203
10669 2 2 2 81 1206 6039 1205
10670 2 2 2 81 1206 6044 6039
10671 2 2 2 81 1203 6037 1202
10672 2 2 2 81 1205 6041 1204
10673 2 2 2 81 1208 6043 1207
10674 2 2 2 82 1215 6046 1214
10675 2 2 2 82 1209 6048 1222
10676 2 2 2 82 6048 6050 1222
10677 2 2 2 82 1222 6047 1221
10678 2 2 2 82 6046 6049 1214
10679 2 2 2 82 1218 6050 1217
10680 2 2 2 82 1210 6048 1209
10681 2 2 2 82 1216 6046 1215
10682 2 2 2 82 1212 6048 1211
10683 2 2 2 82 6046 6050 6048
10684 2 2 2 82 1222 6050 6047
10685 2 2 2 82 6048 6049 6046
10686 2 2 2 82 1214 6049 1213
10687 2 2 2 82 1211 6048 1210
10688 2 2 2 82 1217 6046 1216
10689 2 2 2 82 1212 6049 6048
10690 2 2 2 82 1213 6049 1212
10691 2 2 2 82 1217 6050 6046
10692 2 2 2 82 6047 6050 1218
10693 2 2 2 82 1221 6047 1220
10694 2 2 2 82 1219 6047 1218
10695 2 2 2 82 1220 6047 1219
10696 2 2 2 83 2571 6058 1224
10697 2 2 2 83 1235 6054 1234
10698 2 2 2 83 1240 6052 1239
10699 2 2 2 83 6052 6053 1239
10700 2 2 2 83 1228 6054 1227
10701 2 2 2 83 1239 6053 1238
10702 2 2 2 83 1238 6057 1237
10703 2 2 2 83 6053 6058 2571
10704 2 2 2 83 1237 6055 1236
10705 2 2 2 83 1234 6054 6051
10706 2 2 2 83 1236 6056 1235
10707 2 2 2 83 6055 6056 1236
10708 2 2 2 83 1237 6057 6055
10709 2 2 2 83 1226 6055 1225
10710 2 2 2 83 2571 6057 6053
10711 2 2 2 83 1225 6057 2571
10712 2 2 2 83 1227 6056 1226
10713 2 2 2 83 1226 6056 6055
10714 2 2 2 83 1235 6056 6054
10715 2 2 2 83 6053 6057 1238
10716 2 2 2 83 6055 6057 1225
10717 2 2 2 83 6052 6058 6053
10718 2 2 2 83 1228 6059 6054
10719 2 2 2 83 6054 6056 1227
10720 2 2 2 83 1223 6058 1243
10721 2 2 2 83 1243 6052 1242
10722 2 2 2 83 1241 6052 1240
10723 2 2 2 83 6054 6059 6051
10724 2 2 2 83 1231 6059 1230
10725 2 2 2 83 1243 6058 6052
10726 2 2 2 83 1232 6051 1231
10727 2 2 2 83 1224 6058 1223
10728 2 2 2 83 1230 6059 1229
10729 2 2 2 83 1229 6059 1228
10730 2 2 2 83 1242 6052 1241
10731 2 2 2 83 1234 6051 1233
10732 2 2 2 83 1233 6051 1232
10733 2 2 2 83 6051 6059 1231
10734 2 2 2 84 1251 6063 1250
10735 2 2 2 84 1245 6060 1244
10736 2 2 2 84 6060 6062 1244
10737 2 2 2 84 1256 6061 1255
10738 2 2 2 84 1255 6061 1254
10739 2 2 2 84 6063 6064 1250
10740 2 2 2 84 6062 6063 1256
10741 2 2 2 84 1256 6063 6061
10742 2 2 2 84 1248 6060 1247
10743 2 2 2 84 1246 6060 1245
10744 2 2 2 84 6062 6064 6063
10745 2 2 2 84 6060 6064 6062
10746 2 2 2 84 1250 6064 1249
10747 2 2 2 84 1247 6060 1246
10748 2 2 2 84 1254 6061 1253
10749 2 2 2 84 1248 6064 6060
10750 2 2 2 84 6061 6063 1251
10751 2 2 2 84 1249 6064 1248
10752 2 2 2 84 1252 6061 1251
10753 2 2 2 84 1253 6061 1252
10754 2 2 2 84 1244 6062 1257
10755 2 2 2 84 1257 6062 1256
10756 2 2 2 85 1269 6072 1268
10757 2 2 2 85 1258 6066 1273
10758 2 2 2 85 2575 6070 6068
10759 2 2 2 85 6067 6073 2572
10760 2 2 2 85 6066 6067 1273
10761 2 2 2 85 1273 6067 1272
10762 2 2 2 85 6068 6072 2575
10763 2 2 2 85 1265 6068 2574
10764 2 2 2 85 1272 6071 2577
10765 2 2 2 85 6068 6070 2574
10766 2 2 2 85 2577 6069 2576
10767 2 2 2 85 6069 6070 2576
10768 2 2 2 85 2576 6070 2575
10769 2 2 2 85 2572 6071 6067
10770 2 2 2 85 2577 6071 6069
10771 2 2 2 85 2573 6069 1264
10772 2 2 2 85 2573 6070 6069
10773 2 2 2 85 2574 6070 2573
10774 2 2 2 85 1264 6071 2572
10775 2 2 2 85 6069 6071 1264
10776 2 2 2 85 6067 6071 1272
10777 2 2 2 85 1268 6072 6065
10778 2 2 2 85 6066 6073 6067
10779 2 2 2 85 1262 6073 1261
10780 2 2 2 85 1270 6072 1269
10781 2 2 2 85 1259 6066 1258
10782 2 2 2 85 1261 6066 1260
10783 2 2 2 85 1268 6065 1267
10784 2 2 2 85 6065 6068 1265
10785 2 2 2 85 1266 6065 1265
10786 2 2 2 85 6065 6072 6068
10787 2 2 2 85 1261 6073 6066
10788 2 2 2 85 1263 6073 1262
10789 2 2 2 85 1271 6072 1270
10790 2 2 2 85 1260 6066 1259
10791 2 2 2 85 1267 6065 1266
10792 2 2 2 85 2572 6073 1263
10793 2 2 2 85 2575 6072 1271
10794 2 2 2 86 6075 6077 1289
10795 2 2 2 86 1280 6076 1279
10796 2 2 2 86 1274 6075 1289
10797 2 2 2 86 1288 6077 1287
10798 2 2 2 86 1282 6074 1281
10799 2 2 2 86 1275 6079 1274
10800 2 2 2 86 1279 6079 1278
10801 2 2 2 86 1283 6078 1282
10802 2 2 2 86 1287 6078 1286
10803 2 2 2 86 6075 6080 6077
10804 2 2 2 86 6076 6079 1279
10805 2 2 2 86 1274 6079 6075
10806 2 2 2 86 6077 6078 1287
10807 2 2 2 86 6076 6080 6075
10808 2 2 2 86 1282 6078 6074
10809 2 2 2 86 1281 6080 1280
10810 2 2 2 86 1278 6079 1277
10811 2 2 2 86 1276 6079 1275
10812 2 2 2 86 6075 6079 6076
10813 2 2 2 86 6077 6080 6074
10814 2 2 2 86 1284 6078 1283
10815 2 2 2 86 1286 6078 1285
10816 2 2 2 86 6074 6078 6077
10817 2 2 2 86 1280 6080 6076
10818 2 2 2 86 6074 6080 1281
10819 2 2 2 86 1277 6079 1276
10820 2 2 2 86 1285 6078 1284
10821 2 2 2 86 1289 6077 1288
10822 2 2 2 87 2580 6081 1291
10823 2 2 2 87 1291 6081 2579
10824 2 2 2 87 1290 6082 1292
10825 2 2 2 87 1294 2578 1295
10826 2 2 2 87 2581 6081 2580
10827 2 2 2 87 1295 6081 2582
10828 2 2 2 87 2579 6081 1295
10829 2 2 2 87 1292 6082 1293
10830 2 2 2 87 2582 6081 2581
10831 2 2 2 87 1294 6082 2578
10832 2 2 2 87 1293 6082 1294
10833 2 2 2 87 2578 6082 1290
10834 2 2 2 87 1295 2578 2579
10835 2 2 2 88 1306 6084 1307
10836 2 2 2 88 1308 6086 2584
10837 2 2 2 88 6084 6086 1307
10838 2 2 2 88 1298 6084 1299
10839 2 2 2 88 1299 6087 1300
10840 2 2 2 88 1305 6087 1306
10841 2 2 2 88 1310 2583 1297
10842 2 2 2 88 2584 6085 1297
10843 2 2 2 88 1306 6087 6084
10844 2 2 2 88 2584 6086 6084
10845 2 2 2 88 6084 6085 2584
10846 2 2 2 88 6083 6087 1305
10847 2 2 2 88 6084 6087 1299
10848 2 2 2 88 1298 6085 6084
10849 2 2 2 88 1300 6087 6083
10850 2 2 2 88 1297 6085 1296
10851 2 2 2 88 1296 6085 1298
10852 2 2 2 88 1307 6086 1308
10853 2 2 2 88 1304 6083 1305
10854 2 2 2 88 1300 6083 1301
10855 2 2 2 88 1301 6083 1302
10856 2 2 2 88 1303 6083 1304
10857 2 2 2 88 1302 6083 1303
10858 2 2 2 88 1297 2583 2584
10859 2 2 2 88 1309 2583 1310
10860 2 2 2 91 1326 6088 1325
10861 2 2 2 91 1320 6089 1319
10862 2 2 2 91 6090 6091 1316
10863 2 2 2 91 1321 6089 1320
10864 2 2 2 91 6088 6091 6090
10865 2 2 2 91 1324 6092 1323
10866 2 2 2 91 6090 6092 6088
10867 2 2 2 91 1318 6090 1317
10868 2 2 2 91 1322 6089 1321
10869 2 2 2 91 1311 6093 1326
10870 2 2 2 91 1313 6093 1312
10871 2 2 2 91 1319 6094 1318
10872 2 2 2 91 6088 6093 6091
10873 2 2 2 91 1325 6092 1324
10874 2 2 2 91 1314 6091 1313
10875 2 2 2 91 1312 6093 1311
10876 2 2 2 91 6090 6094 6092
10877 2 2 2 91 1323 6089 1322
10878 2 2 2 91 1323 6092 6089
10879 2 2 2 91 1317 6090 1316
10880 2 2 2 91 1318 6094 6090
10881 2 2 2 91 1326 6093 6088
10882 2 2 2 91 6091 6093 1313
10883 2 2 2 91 6092 6094 6089
10884 2 2 2 91 6089 6094 1319
10885 2 2 2 91 1315 6091 1314
10886 2 2 2 91 6088 6092 1325
10887 2 2 2 91 1316 6091 1315
10888 2 2 2 92 1329 6099 1328
10889 2 2 2 92 1337 6096 1336
10890 2 2 2 92 1334 6098 1333
10891 2 2 2 92 1335 6097 1334
10892 2 2 2 92 6095 6099 1329
10893 2 2 2 92 6097 6098 1334
10894 2 2 2 92 6095 6097 6096
10895 2 2 2 92 6096 6097 1336
10896 2 2 2 92 6096 6099 6095
10897 2 2 2 92 1336 6097 1335
10898 2 2 2 92 1330 6095 1329
10899 2 2 2 92 1340 6096 1339
10900 2 2 2 92 1338 6096 1337
10901 2 2 2 92 1331 6098 1330
10902 2 2 2 92 1333 6098 1332
10903 2 2 2 92 6095 6098 6097
10904 2 2 2 92 1328 6099 1327
10905 2 2 2 92 1339 6096 1338
10906 2 2 2 92 1330 6098 6095
10907 2 2 2 92 1340 6099 6096
10908 2 2 2 92 1332 6098 1331
10909 2 2 2 92 1327 6099 1340
10910 2 2 2 93 1354 6104 1353
10911 2 2 2 93 1351 6103 1350
10912 2 2 2 93 1355 6100 1354
10913 2 2 2 93 1341 6100 1358
10914 2 2 2 93 1352 6102 1351
10915 2 2 2 93 1342 6108 1341
10916 2 2 2 93 1343 6107 1342
10917 2 2 2 93 1341 6108 6100
10918 2 2 2 93 6102 6103 1351
10919 2 2 2 93 6105 6108 6107
10920 2 2 2 93 1350 6103 6101
10921 2 2 2 93 6100 6104 1354
10922 2 2 2 93 1350 6101 1349
10923 2 2 2 93 1346 6101 1345
10924 2 2 2 93 6103 6106 1344
10925 2 2 2 93 6104 6108 6105
10926 2 2 2 93 6101 6103 1345
10927 2 2 2 93 1358 6100 1357
10928 2 2 2 93 1356 6100 1355
10929 2 2 2 93 6102 6106 6103
10930 2 2 2 93 1352 6105 6102
10931 2 2 2 93 6105 6107 6102
10932 2 2 2 93 6104 6105 1353
10933 2 2 2 93 6107 6108 1342
10934 2 2 2 93 6100 6108 6104
10935 2 2 2 93 6106 6107 1343
10936 2 2 2 93 1353 6105 1352
10937 2 2 2 93 6102 6107 6106
10938 2 2 2 93 1344 6106 1343
10939 2 2 2 93 1347 6101 1346
10940 2 2 2 93 1349 6101 1348
10941 2 2 2 93 1357 6100 1356
10942 2 2 2 93 1348 6101 1347
10943 2 2 2 93 1345 6103 1344
10944 2 2 2 94 1362 6112 1361
10945 2 2 2 94 1363 6110 1362
10946 2 2 2 94 1367 6110 1366
10947 2 2 2 94 1370 6114 1369
10948 2 2 2 94 6112 6113 1361
10949 2 2 2 94 1371 6109 1370
10950 2 2 2 94 1359 6109 1372
10951 2 2 2 94 1367 6111 6110
10952 2 2 2 94 6112 6114 6113
10953 2 2 2 94 1369 6114 1368
10954 2 2 2 94 6110 6112 1362
10955 2 2 2 94 1361 6113 1360
10956 2 2 2 94 6111 6114 6112
10957 2 2 2 94 6109 6114 1370
10958 2 2 2 94 6113 6114 6109
10959 2 2 2 94 1366 6110 1365
10960 2 2 2 94 1364 6110 1363
10961 2 2 2 94 6111 6112 6110
10962 2 2 2 94 1372 6109 1371
10963 2 2 2 94 1368 6114 6111
10964 2 2 2 94 1359 6113 6109
10965 2 2 2 94 1360 6113 1359
10966 2 2 2 94 1365 6110 1364
10967 2 2 2 94 1368 6111 1367
10968 2 2 2 95 1379 6119 6116
10969 2 2 2 95 6117 6119 1381
10970 2 2 2 95 1381 6120 6117
10971 2 2 2 95 1381 6123 6120
10972 2 2 2 95 2585 6117 1389
10973 2 2 2 95 1373 6121 2585
10974 2 2 2 95 1382 6123 1381
10975 2 2 2 95 6119 6121 6116
10976 2 2 2 95 1387 6115 1386
10977 2 2 2 95 1383 6115 1382
10978 2 2 2 95 6117 6121 6119
10979 2 2 2 95 1376 6122 1375
10980 2 2 2 95 1374 6122 1373
10981 2 2 2 95 2585 6121 6117
10982 2 2 2 95 1377 6116 1376
10983 2 2 2 95 6117 6120 1389
10984 2 2 2 95 6115 6123 1382
10985 2 2 2 95 1387 6118 6115
10986 2 2 2 95 1373 6122 6121
10987 2 2 2 95 1375 6122 1374
10988 2 2 2 95 6120 6123 6118
10989 2 2 2 95 1384 6115 1383
10990 2 2 2 95 1386 6115 1385
10991 2 2 2 95 6116 6122 1376
10992 2 2 2 95 1380 6119 1379
10993 2 2 2 95 6118 6123 6115
10994 2 2 2 95 1389 6120 1388
10995 2 2 2 95 1388 6120 6118
10996 2 2 2 95 1378 6116 1377
10997 2 2 2 95 6121 6122 6116
10998 2 2 2 95 1385 6115 1384
10999 2 2 2 95 1388 6118 1387
11000 2 2 2 95 1379 6116 1378
11001 2 2 2 95 1381 6119 1380
11002 2 2 2 96 1405 6128 1404
11003 2 2 2 96 1410 6132 1409
11004 2 2 2 96 1398 6130 1397
11005 2 2 2 96 6127 6129 1409
11006 2 2 2 96 1409 6129 1408
11007 2 2 2 96 1395 6124 1394
11008 2 2 2 96 1395 6127 6124
11009 2 2 2 96 6130 6133 1397
11010 2 2 2 96 2586 6127 1395
11011 2 2 2 96 1404 6128 6125
11012 2 2 2 96 1399 6128 1398
11013 2 2 2 96 1408 6131 1407
11014 2 2 2 96 1406 6130 1405
11015 2 2 2 96 1409 6132 6127
11016 2 2 2 96 6126 6133 6130
11017 2 2 2 96 6128 6130 1398
11018 2 2 2 96 1396 6129 2586
11019 2 2 2 96 1405 6130 6128
11020 2 2 2 96 2586 6129 6127
11021 2 2 2 96 6127 6132 6124
11022 2 2 2 96 1396 6133 6129
11023 2 2 2 96 1391 6132 1390
11024 2 2 2 96 1397 6133 1396
11025 2 2 2 96 6129 6133 6131
11026 2 2 2 96 1401 6134 1400
11027 2 2 2 96 1392 6124 1391
11028 2 2 2 96 1394 6124 1393
11029 2 2 2 96 1399 6134 6128
11030 2 2 2 96 6129 6131 1408
11031 2 2 2 96 1407 6131 6126
11032 2 2 2 96 1402 6125 1401
11033 2 2 2 96 6126 6130 1406
11034 2 2 2 96 1390 6132 1410
11035 2 2 2 96 1404 6125 1403
11036 2 2 2 96 6131 6133 6126
11037 2 2 2 96 6124 6132 1391
11038 2 2 2 96 1407 6126 1406
11039 2 2 2 96 1400 6134 1399
11040 2 2 2 96 6128 6134 6125
11041 2 2 2 96 1393 6124 1392
11042 2 2 2 96 6125 6134 1401
11043 2 2 2 96 1403 6125 1402
11044 2 2 2 97 1421 6137 1420
11045 2 2 2 97 1411 6137 1424
11046 2 2 2 97 1414 6136 1413
11047 2 2 2 97 1420 6137 6135
11048 2 2 2 97 6136 6137 1411
11049 2 2 2 97 6135 6137 6136
11050 2 2 2 97 1420 6135 1419
11051 2 2 2 97 6136 6138 6135
11052 2 2 2 97 1422 6137 1421
11053 2 2 2 97 1424 6137 1423
11054 2 2 2 97 1418 6135 1417
11055 2 2 2 97 1412 6136 1411
11056 2 2 2 97 1415 6138 1414
11057 2 2 2 97 1417 6138 1416
11058 2 2 2 97 1414 6138 6136
11059 2 2 2 97 1413 6136 1412
11060 2 2 2 97 6135 6138 1417
11061 2 2 2 97 1423 6137 1422
11062 2 2 2 97 1416 6138 1415
11063 2 2 2 97 1419 6135 1418
11064 2 2 2 98 1425 6147 1440
11065 2 2 2 98 1432 6141 2590
11066 2 2 2 98 1428 6147 1427
11067 2 2 2 98 2587 6142 1431
11068 2 2 2 98 2589 6144 2588
11069 2 2 2 98 1440 6143 1439
11070 2 2 2 98 1440 6147 6142
11071 2 2 2 98 2589 6146 6144
11072 2 2 2 98 2588 6143 2587
11073 2 2 2 98 6140 6141 1432
11074 2 2 2 98 2591 6141 1438
11075 2 2 2 98 2590 6145 2589
11076 2 2 2 98 1431 6142 6139
11077 2 2 2 98 2588 6144 6143
11078 2 2 2 98 1439 6144 2593
11079 2 2 2 98 6143 6144 1439
11080 2 2 2 98 2592 6145 2591
11081 2 2 2 98 2593 6146 2592
11082 2 2 2 98 6142 6143 1440
11083 2 2 2 98 6145 6146 2589
11084 2 2 2 98 2587 6143 6142
11085 2 2 2 98 1427 6147 1426
11086 2 2 2 98 6139 6147 1428
11087 2 2 2 98 6144 6146 2593
11088 2 2 2 98 6141 6145 2590
11089 2 2 2 98 2592 6146 6145
11090 2 2 2 98 1429 6139 1428
11091 2 2 2 98 2591 6145 6141
11092 2 2 2 98 6142 6147 6139
11093 2 2 2 98 1436 6148 1435
11094 2 2 2 98 1431 6139 1430
11095 2 2 2 98 6141 6148 1438
11096 2 2 2 98 1435 6140 1434
11097 2 2 2 98 6140 6148 6141
11098 2 2 2 98 1438 6148 1437
11099 2 2 2 98 1426 6147 1425
11100 2 2 2 98 1430 6139 1429
11101 2 2 2 98 1433 6140 1432
11102 2 2 2 98 1437 6148 1436
11103 2 2 2 98 1435 6148 6140
11104 2 2 2 98 1434 6140 1433
11105 2 2 2 99 1445 6152 1444
11106 2 2 2 99 1442 6149 1441
11107 2 2 2 99 1446 6150 1445
11108 2 2 2 99 1451 6156 1450
11109 2 2 2 99 1452 6151 1451
11110 2 2 2 99 1447 6150 1446
11111 2 2 2 99 1442 6153 6149
11112 2 2 2 99 1454 6155 1453
11113 2 2 2 99 6150 6152 1445
11114 2 2 2 99 1455 6149 1454
11115 2 2 2 99 1441 6149 1456
11116 2 2 2 99 1453 6155 1452
11117 2 2 2 99 6154 6156 6151
11118 2 2 2 99 1452 6155 6151
11119 2 2 2 99 6152 6156 6154
11120 2 2 2 99 6151 6156 1451
11121 2 2 2 99 1450 6156 6150
11122 2 2 2 99 6149 6155 1454
11123 2 2 2 99 6153 6155 6149
11124 2 2 2 99 6152 6154 1444
11125 2 2 2 99 1443 6154 6153
11126 2 2 2 99 6151 6155 6153
11127 2 2 2 99 1448 6150 1447
11128 2 2 2 99 1456 6149 1455
11129 2 2 2 99 6153 6154 6151
11130 2 2 2 99 1444 6154 1443
11131 2 2 2 99 1450 6150 1449
11132 2 2 2 99 6150 6156 6152
11133 2 2 2 99 1449 6150 1448
11134 2 2 2 99 1443 6153 1442
11135 2 2 2 100 1457 6157 1470
11136 2 2 2 100 1467 6159 6158
11137 2 2 2 100 1463 6158 1462
11138 2 2 2 100 1462 6158 1461
11139 2 2 2 100 1467 6160 6159
11140 2 2 2 100 1464 6158 1463
11141 2 2 2 100 6158 6159 1461
11142 2 2 2 100 1460 6159 6157
11143 2 2 2 100 6157 6160 1470
11144 2 2 2 100 1470 6160 1469
11145 2 2 2 100 1458 6157 1457
11146 2 2 2 100 6159 6160 6157
11147 2 2 2 100 1465 6158 1464
11148 2 2 2 100 1468 6160 1467
11149 2 2 2 100 1460 6157 1459
11150 2 2 2 100 1469 6160 1468
11151 2 2 2 100 1459 6157 1458
11152 2 2 2 100 1466 6158 1465
11153 2 2 2 100 1461 6159 1460
11154 2 2 2 100 1467 6158 1466
11155 2 2 2 101 1474 6161 1473
11156 2 2 2 101 1477 6165 6161
11157 2 2 2 101 1482 6165 1481
11158 2 2 2 101 6161 6164 1473
11159 2 2 2 101 1475 6161 1474
11160 2 2 2 101 1483 6163 1482
11161 2 2 2 101 1471 6163 1484
11162 2 2 2 101 6162 6165 1477
11163 2 2 2 101 6161 6165 6163
11164 2 2 2 101 6163 6164 6161
11165 2 2 2 101 6163 6165 1482
11166 2 2 2 101 1473 6164 1472
11167 2 2 2 101 1476 6161 1475
11168 2 2 2 101 1484 6163 1483
11169 2 2 2 101 1478 6162 1477
11170 2 2 2 101 1471 6164 6163
11171 2 2 2 101 1472 6164 1471
11172 2 2 2 101 1481 6165 6162
11173 2 2 2 101 1479 6162 1478
11174 2 2 2 101 1481 6162 1480
11175 2 2 2 101 1480 6162 1479
11176 2 2 2 101 1477 6161 1476
11177 2 2 2 102 1498 6172 1497
11178 2 2 2 102 1492 6172 1491
11179 2 2 2 102 1493 6167 1492
11180 2 2 2 102 1491 6169 1490
11181 2 2 2 102 1499 6174 1498
11182 2 2 2 102 1497 6172 6167
11183 2 2 2 102 1494 6167 1493
11184 2 2 2 102 6167 6172 1492
11185 2 2 2 102 1490 6173 1489
11186 2 2 2 102 1485 6175 1502
11187 2 2 2 102 1498 6174 6172
11188 2 2 2 102 1486 6166 1485
11189 2 2 2 102 6169 6173 1490
11190 2 2 2 102 6170 6173 6171
11191 2 2 2 102 1488 6166 1487
11192 2 2 2 102 1489 6173 6170
11193 2 2 2 102 6171 6173 6168
11194 2 2 2 102 1491 6172 6169
11195 2 2 2 102 6168 6173 6169
11196 2 2 2 102 6169 6174 6168
11197 2 2 2 102 1502 6175 1501
11198 2 2 2 102 1488 6170 6166
11199 2 2 2 102 6172 6174 6169
11200 2 2 2 102 6168 6174 1499
11201 2 2 2 102 1500 6168 1499
11202 2 2 2 102 1500 6171 6168
11203 2 2 2 102 6166 6175 1485
11204 2 2 2 102 6171 6175 6170
11205 2 2 2 102 1501 6175 6171
11206 2 2 2 102 1487 6166 1486
11207 2 2 2 102 1495 6167 1494
11208 2 2 2 102 6170 6175 6166
11209 2 2 2 102 1497 6167 1496
11210 2 2 2 102 1496 6167 1495
11211 2 2 2 102 1489 6170 1488
11212 2 2 2 102 1501 6171 1500
11213 2 2 2 103 1509 6178 1508
11214 2 2 2 103 1509 6184 6178
11215 2 2 2 103 1505 6177 1504
11216 2 2 2 103 2598 6185 6180
11217 2 2 2 103 1516 6178 1515
11218 2 2 2 103 6182 6185 2598
11219 2 2 2 103 2594 6185 1507
11220 2 2 2 103 1518 6182 2598
11221 2 2 2 103 1512 6184 1511
11222 2 2 2 103 6180 6181 1517
11223 2 2 2 103 1517 6181 2597
11224 2 2 2 103 2598 6180 1517
11225 2 2 2 103 1508 6183 2596
11226 2 2 2 103 6178 6183 1508
11227 2 2 2 103 1515 6178 6176
11228 2 2 2 103 2597 6183 1516
11229 2 2 2 103 2595 6180 2594
11230 2 2 2 103 2595 6181 6180
11231 2 2 2 103 2596 6181 2595
11232 2 2 2 103 6180 6185 2594
11233 2 2 2 103 1516 6183 6178
11234 2 2 2 103 6181 6183 2597
11235 2 2 2 103 6177 6179 1504
11236 2 2 2 103 1506 6177 1505
11237 2 2 2 103 2596 6183 6181
11238 2 2 2 103 1504 6179 1503
11239 2 2 2 103 6179 6182 1518
11240 2 2 2 103 1511 6184 1510
11241 2 2 2 103 6178 6184 6176
11242 2 2 2 103 1519 6179 1518
11243 2 2 2 103 1513 6176 1512
11244 2 2 2 103 6176 6184 1512
11245 2 2 2 103 1507 6185 6177
11246 2 2 2 103 6177 6182 6179
11247 2 2 2 103 1515 6176 1514
11248 2 2 2 103 6177 6185 6182
11249 2 2 2 103 1507 6177 1506
11250 2 2 2 103 1503 6179 1519
11251 2 2 2 103 1510 6184 1509
11252 2 2 2 103 1514 6176 1513
11253 2 2 2 104 1527 6192 1526
11254 2 2 2 104 1534 6188 6187
11255 2 2 2 104 1532 6190 1531
11256 2 2 2 104 1524 6191 1523
11257 2 2 2 104 1520 6191 1535
11258 2 2 2 104 1533 6187 1532
11259 2 2 2 104 1535 6188 1534
11260 2 2 2 104 1525 6186 1524
11261 2 2 2 104 6188 6189 6187
11262 2 2 2 104 1531 6190 1530
11263 2 2 2 104 1535 6191 6188
11264 2 2 2 104 6186 6189 6188
11265 2 2 2 104 6186 6191 1524
11266 2 2 2 104 6187 6190 1532
11267 2 2 2 104 6189 6192 6187
11268 2 2 2 104 1523 6191 1522
11269 2 2 2 104 1521 6191 1520
11270 2 2 2 104 6188 6191 6186
11271 2 2 2 104 6187 6192 6190
11272 2 2 2 104 6190 6192 1527
11273 2 2 2 104 1530 6190 1529
11274 2 2 2 104 1526 6189 1525
11275 2 2 2 104 1522 6191 1521
11276 2 2 2 104 1528 6190 1527
11277 2 2 2 104 1525 6189 6186
11278 2 2 2 104 1526 6192 6189
11279 2 2 2 104 1529 6190 1528
11280 2 2 2 104 1534 6187 1533
11281 2 2 2 105 1545 6194 1544
11282 2 2 2 105 1537 6196 1536
11283 2 2 2 105 1543 6198 1542
11284 2 2 2 105 1551 6197 1550
11285 2 2 2 105 1547 6197 1546
11286 2 2 2 105 1538 6196 1537
11287 2 2 2 105 1546 6195 1545
11288 2 2 2 105 1544 6194 1543
11289 2 2 2 105 1536 6193 1551
11290 2 2 2 105 6193 6196 6195
11291 2 2 2 105 6195 6196 6194
11292 2 2 2 105 1545 6195 6194
11293 2 2 2 105 1542 6198 1541
11294 2 2 2 105 1536 6196 6193
11295 2 2 2 105 6194 6198 1543
11296 2 2 2 105 1546 6197 6195
11297 2 2 2 105 6193 6197 1551
11298 2 2 2 105 1548 6197 1547
11299 2 2 2 105 1550 6197 1549
11300 2 2 2 105 6195 6197 6193
11301 2 2 2 105 6196 6198 6194
11302 2 2 2 105 1538 6198 6196
11303 2 2 2 105 1541 6198 1540
11304 2 2 2 105 1539 6198 1538
11305 2 2 2 105 1549 6197 1548
11306 2 2 2 105 1540 6198 1539
11307 2 2 2 106 1555 6205 1554
11308 2 2 2 106 1564 6206 1563
11309 2 2 2 106 1566 6207 1565
11310 2 2 2 106 1556 6199 1555
11311 2 2 2 106 1559 6204 1558
11312 2 2 2 106 6199 6202 6201
11313 2 2 2 106 1560 6200 1559
11314 2 2 2 106 6201 6207 6199
11315 2 2 2 106 1557 6202 1556
11316 2 2 2 106 6199 6205 1555
11317 2 2 2 106 1556 6202 6199
11318 2 2 2 106 1552 6203 1567
11319 2 2 2 106 6199 6207 6203
11320 2 2 2 106 6202 6206 6201
11321 2 2 2 106 6204 6206 6202
11322 2 2 2 106 6203 6205 6199
11323 2 2 2 106 1558 6202 1557
11324 2 2 2 106 1565 6201 1564
11325 2 2 2 106 1554 6205 1553
11326 2 2 2 106 1567 6203 1566
11327 2 2 2 106 1561 6200 1560
11328 2 2 2 106 1563 6206 6200
11329 2 2 2 106 6200 6204 1559
11330 2 2 2 106 1563 6200 1562
11331 2 2 2 106 1558 6204 6202
11332 2 2 2 106 1552 6205 6203
11333 2 2 2 106 1553 6205 1552
11334 2 2 2 106 1565 6207 6201
11335 2 2 2 106 6200 6206 6204
11336 2 2 2 106 6201 6206 1564
11337 2 2 2 106 6203 6207 1566
11338 2 2 2 106 1562 6200 1561
11339 2 2 2 107 1569 6208 1568
11340 2 2 2 107 1574 6209 1573
11341 2 2 2 107 1579 6211 6210
11342 2 2 2 107 1572 6210 6208
11343 2 2 2 107 1578 6210 6209
11344 2 2 2 107 6209 6210 1573
11345 2 2 2 107 1575 6209 1574
11346 2 2 2 107 6208 6211 1568
11347 2 2 2 107 1570 6208 1569
11348 2 2 2 107 1568 6211 1581
11349 2 2 2 107 6210 6211 6208
11350 2 2 2 107 1580 6211 1579
11351 2 2 2 107 1572 6208 1571
11352 2 2 2 107 1581 6211 1580
11353 2 2 2 107 1571 6208 1570
11354 2 2 2 107 1576 6209 1575
11355 2 2 2 107 1578 6209 1577
11356 2 2 2 107 1577 6209 1576
11357 2 2 2 107 1573 6210 1572
11358 2 2 2 107 1579 6210 1578
11359 2 2 2 108 1596 6218 1595
11360 2 2 2 108 1598 6217 1597
11361 2 2 2 108 2599 6216 1588
11362 2 2 2 108 1599 6223 2600
11363 2 2 2 108 1588 6215 1587
11364 2 2 2 108 1588 6216 6215
11365 2 2 2 108 1589 6221 2599
11366 2 2 2 108 1582 6212 1599
11367 2 2 2 108 6212 6223 1599
11368 2 2 2 108 2600 6216 1598
11369 2 2 2 108 6216 6223 6215
11370 2 2 2 108 2600 6223 6216
11371 2 2 2 108 6215 6222 1587
11372 2 2 2 108 6215 6223 6212
11373 2 2 2 108 6216 6217 1598
11374 2 2 2 108 2599 6221 6216
11375 2 2 2 108 6217 6219 1597
11376 2 2 2 108 6212 6222 6215
11377 2 2 2 108 1597 6219 1596
11378 2 2 2 108 1585 6212 1584
11379 2 2 2 108 1583 6212 1582
11380 2 2 2 108 6216 6221 6217
11381 2 2 2 108 6217 6221 6214
11382 2 2 2 108 6214 6221 1589
11383 2 2 2 108 6214 6219 6217
11384 2 2 2 108 1596 6219 6218
11385 2 2 2 108 1590 6214 1589
11386 2 2 2 108 1587 6222 1586
11387 2 2 2 108 6214 6220 6219
11388 2 2 2 108 6219 6220 6218
11389 2 2 2 108 1584 6212 1583
11390 2 2 2 108 1590 6220 6214
11391 2 2 2 108 1595 6213 1594
11392 2 2 2 108 6213 6220 1591
11393 2 2 2 108 1595 6218 6213
11394 2 2 2 108 1585 6222 6212
11395 2 2 2 108 1586 6222 1585
11396 2 2 2 108 6218 6220 6213
11397 2 2 2 108 1594 6213 1593
11398 2 2 2 108 1592 6213 1591
11399 2 2 2 108 1593 6213 1592
11400 2 2 2 108 1591 6220 1590
11401 2 2 2 109 1602 6227 1601
11402 2 2 2 109 1610 6224 1609
11403 2 2 2 109 6226 6227 1602
11404 2 2 2 109 1602 6228 6226
11405 2 2 2 109 6224 6226 1609
11406 2 2 2 109 1611 6224 1610
11407 2 2 2 109 1613 6224 1612
11408 2 2 2 109 1605 6230 1604
11409 2 2 2 109 6226 6229 1609
11410 2 2 2 109 6224 6227 6226
11411 2 2 2 109 1606 6225 1605
11412 2 2 2 109 1601 6227 1600
11413 2 2 2 109 1608 6225 1607
11414 2 2 2 109 1612 6224 1611
11415 2 2 2 109 1608 6229 6225
11416 2 2 2 109 6226 6230 6229
11417 2 2 2 109 1604 6230 1603
11418 2 2 2 109 1613 6227 6224
11419 2 2 2 109 6229 6230 6225
11420 2 2 2 109 6228 6230 6226
11421 2 2 2 109 1603 6230 6228
11422 2 2 2 109 1600 6227 1613
11423 2 2 2 109 6225 6230 1605
11424 2 2 2 109 1607 6225 1606
11425 2 2 2 109 1603 6228 1602
11426 2 2 2 109 1609 6229 1608
11427 2 2 2 110 1628 6239 1627
11428 2 2 2 110 1615 6237 1614
11429 2 2 2 110 1622 6232 1621
11430 2 2 2 110 1621 6234 2602
11431 2 2 2 110 1629 6233 2605
11432 2 2 2 110 1619 6240 1618
11433 2 2 2 110 6235 6240 1619
11434 2 2 2 110 6233 6240 6235
11435 2 2 2 110 6232 6234 1621
11436 2 2 2 110 6234 6239 1628
11437 2 2 2 110 2601 6235 1619
11438 2 2 2 110 2601 6236 6235
11439 2 2 2 110 1620 6236 2601
11440 2 2 2 110 1628 6238 6234
11441 2 2 2 110 2603 6238 1628
11442 2 2 2 110 2602 6238 1620
11443 2 2 2 110 2605 6235 2604
11444 2 2 2 110 6235 6236 2604
11445 2 2 2 110 2604 6236 2603
11446 2 2 2 110 1620 6238 6236
11447 2 2 2 110 6233 6235 2605
11448 2 2 2 110 6236 6238 2603
11449 2 2 2 110 6231 6237 1615
11450 2 2 2 110 6234 6238 2602
11451 2 2 2 110 6231 6240 6233
11452 2 2 2 110 1614 6237 1630
11453 2 2 2 110 6233 6237 6231
11454 2 2 2 110 1616 6231 1615
11455 2 2 2 110 1629 6237 6233
11456 2 2 2 110 1618 6240 6231
11457 2 2 2 110 1626 6239 1625
11458 2 2 2 110 6232 6239 6234
11459 2 2 2 110 1618 6231 1617
11460 2 2 2 110 1625 6232 1624
11461 2 2 2 110 1623 6232 1622
11462 2 2 2 110 1625 6239 6232
11463 2 2 2 110 1630 6237 1629
11464 2 2 2 110 1617 6231 1616
11465 2 2 2 110 1627 6239 1626
11466 2 2 2 110 1624 6232 1623
11467 2 2 2 111 1638 6244 2607
11468 2 2 2 111 6242 6244 1638
11469 2 2 2 111 1646 6248 2610
11470 2 2 2 111 1635 6241 1634
11471 2 2 2 111 1636 6243 1635
11472 2 2 2 111 1645 6244 1644
11473 2 2 2 111 1635 6243 6241
11474 2 2 2 111 1639 6242 1638
11475 2 2 2 111 6243 6245 2610
11476 2 2 2 111 2610 6245 2609
11477 2 2 2 111 2609 6246 2608
11478 2 2 2 111 6245 6246 2609
11479 2 2 2 111 2610 6248 6243
11480 2 2 2 111 6244 6249 1644
11481 2 2 2 111 2607 6247 1637
11482 2 2 2 111 2608 6247 1645
11483 2 2 2 111 6244 6247 2607
11484 2 2 2 111 2606 6245 1636
11485 2 2 2 111 2606 6246 6245
11486 2 2 2 111 1637 6246 2606
11487 2 2 2 111 1636 6245 6243
11488 2 2 2 111 6246 6247 2608
11489 2 2 2 111 6242 6249 6244
11490 2 2 2 111 1631 6248 1647
11491 2 2 2 111 1645 6247 6244
11492 2 2 2 111 6243 6248 6241
11493 2 2 2 111 1637 6247 6246
11494 2 2 2 111 1634 6241 1633
11495 2 2 2 111 1632 6241 1631
11496 2 2 2 111 1642 6242 1641
11497 2 2 2 111 1640 6242 1639
11498 2 2 2 111 1647 6248 1646
11499 2 2 2 111 6241 6248 1631
11500 2 2 2 111 1633 6241 1632
11501 2 2 2 111 1641 6242 1640
11502 2 2 2 111 1644 6249 1643
11503 2 2 2 111 1642 6249 6242
11504 2 2 2 111 1643 6249 1642
11505 2 2 2 112 1654 6251 6250
11506 2 2 2 112 1661 6252 1660
11507 2 2 2 112 1655 6251 1654
11508 2 2 2 112 1652 6254 1651
11509 2 2 2 112 1663 6253 6252
11510 2 2 2 112 6251 6252 6250
11511 2 2 2 112 6252 6255 1660
11512 2 2 2 112 1653 6250 1652
11513 2 2 2 112 6252 6253 6250
11514 2 2 2 112 1656 6251 1655
11515 2 2 2 112 6250 6254 1652
11516 2 2 2 112 1657 6255 1656
11517 2 2 2 112 6251 6255 6252
11518 2 2 2 112 1649 6253 1648
11519 2 2 2 112 1662 6252 1661
11520 2 2 2 112 1651 6254 1650
11521 2 2 2 112 6253 6254 6250
11522 2 2 2 112 1648 6253 1663
11523 2 2 2 112 1656 6255 6251
11524 2 2 2 112 1658 6255 1657
11525 2 2 2 112 1649 6254 6253
11526 2 2 2 112 1650 6254 1649
11527 2 2 2 112 1660 6255 1659
11528 2 2 2 112 1659 6255 1658
11529 2 2 2 112 1654 6250 1653
11530 2 2 2 112 1663 6252 1662
11531 2 2 2 113 1667 6258 1666
11532 2 2 2 113 1685 6259 1684
11533 2 2 2 113 1668 6256 1667
11534 2 2 2 113 1674 6258 1673
11535 2 2 2 113 1678 6259 1677
11536 2 2 2 113 1684 6257 1683
11537 2 2 2 113 1665 6260 1664
11538 2 2 2 113 6256 6258 1667
11539 2 2 2 113 1676 6260 1675
11540 2 2 2 113 1669 6256 1668
11541 2 2 2 113 1677 6261 1676
11542 2 2 2 113 1684 6259 6257
11543 2 2 2 113 6260 6261 1664
11544 2 2 2 113 1666 6262 1665
11545 2 2 2 113 1665 6262 6260
11546 2 2 2 113 1675 6262 1674
11547 2 2 2 113 1676 6261 6260
11548 2 2 2 113 1683 6257 1682
11549 2 2 2 113 1664 6261 1685
11550 2 2 2 113 6260 6262 1675
11551 2 2 2 113 1673 6258 6256
11552 2 2 2 113 6257 6259 1678
11553 2 2 2 113 1685 6261 6259
11554 2 2 2 113 6258 6262 1666
11555 2 2 2 113 6259 6261 1677
11556 2 2 2 113 1673 6256 1672
11557 2 2 2 113 1674 6262 6258
11558 2 2 2 113 1679 6257 1678
11559 2 2 2 113 1670 6256 1669
11560 2 2 2 113 1672 6256 1671
11561 2 2 2 113 1682 6257 1681
11562 2 2 2 113 1680 6257 1679
11563 2 2 2 113 1671 6256 1670
11564 2 2 2 113 1681 6257 1680
11565 2 2 2 114 2613 6266 1696
11566 2 2 2 114 1700 6267 1699
11567 2 2 2 114 2611 6272 1687
11568 2 2 2 114 1696 6266 6263
11569 2 2 2 114 1690 6266 1689
11570 2 2 2 114 1697 6265 2616
11571 2 2 2 114 1693 6271 1692
11572 2 2 2 114 2611 6268 6265
11573 2 2 2 114 1688 6268 2611
11574 2 2 2 114 1688 6269 6268
11575 2 2 2 114 2612 6269 1688
11576 2 2 2 114 2614 6270 2613
11577 2 2 2 114 2613 6270 6266
11578 2 2 2 114 2616 6268 2615
11579 2 2 2 114 6268 6269 2615
11580 2 2 2 114 2615 6269 2614
11581 2 2 2 114 1689 6270 2612
11582 2 2 2 114 6265 6268 2616
11583 2 2 2 114 6265 6272 2611
11584 2 2 2 114 6266 6270 1689
11585 2 2 2 114 2612 6270 6269
11586 2 2 2 114 6264 6267 1700
11587 2 2 2 114 6269 6270 2614
11588 2 2 2 114 1690 6271 6266
11589 2 2 2 114 1697 6267 6265
11590 2 2 2 114 1699 6267 1698
11591 2 2 2 114 1701 6264 1700
11592 2 2 2 114 6266 6271 6263
11593 2 2 2 114 6264 6272 6267
11594 2 2 2 114 6267 6272 6265
11595 2 2 2 114 1692 6271 1691
11596 2 2 2 114 1687 6272 6264
11597 2 2 2 114 1687 6264 1686
11598 2 2 2 114 6263 6271 1693
11599 2 2 2 114 1694 6263 1693
11600 2 2 2 114 1696 6263 1695
11601 2 2 2 114 1698 6267 1697
11602 2 2 2 114 1686 6264 1701
11603 2 2 2 114 1691 6271 1690
11604 2 2 2 114 1695 6263 1694
11605 2 2 2 115 2617 6276 1706
11606 2 2 2 115 1717 6276 1716
11607 2 2 2 115 1718 6274 1717
11608 2 2 2 115 2620 6275 1714
11609 2 2 2 115 1707 6277 2618
11610 2 2 2 115 6276 6280 1706
11611 2 2 2 115 6274 6276 1717
11612 2 2 2 115 1715 6278 6277
11613 2 2 2 115 6277 6278 2618
11614 2 2 2 115 2618 6278 2617
11615 2 2 2 115 1716 6278 1715
11616 2 2 2 115 2617 6278 6276
11617 2 2 2 115 1715 6277 2620
11618 2 2 2 115 6276 6278 1716
11619 2 2 2 115 1709 6273 1708
11620 2 2 2 115 2620 6279 6275
11621 2 2 2 115 1707 6279 6277
11622 2 2 2 115 6274 6280 6276
11623 2 2 2 115 1702 6274 1718
11624 2 2 2 115 1704 6274 1703
11625 2 2 2 115 1708 6275 2619
11626 2 2 2 115 2619 6279 1707
11627 2 2 2 115 1710 6273 1709
11628 2 2 2 115 6277 6279 2620
11629 2 2 2 115 1706 6280 1705
11630 2 2 2 115 1703 6274 1702
11631 2 2 2 115 6273 6275 1708
11632 2 2 2 115 6275 6279 2619
11633 2 2 2 115 1704 6280 6274
11634 2 2 2 115 1714 6275 6273
11635 2 2 2 115 1705 6280 1704
11636 2 2 2 115 1714 6273 1713
11637 2 2 2 115 1713 6273 1712
11638 2 2 2 115 1711 6273 1710
11639 2 2 2 115 1712 6273 1711
11640 2 2 2 116 1719 6284 1732
11641 2 2 2 116 6283 6284 1723
11642 2 2 2 116 1723 6281 1722
11643 2 2 2 116 1723 6284 6281
11644 2 2 2 116 1729 6282 1728
11645 2 2 2 116 1728 6282 1727
11646 2 2 2 116 1732 6284 1731
11647 2 2 2 116 6282 6283 1724
11648 2 2 2 116 1729 6283 6282
11649 2 2 2 116 1720 6281 1719
11650 2 2 2 116 1722 6281 1721
11651 2 2 2 116 6281 6284 1719
11652 2 2 2 116 1730 6284 6283
11653 2 2 2 116 1731 6284 1730
11654 2 2 2 116 1721 6281 1720
11655 2 2 2 116 1727 6282 1726
11656 2 2 2 116 1725 6282 1724
11657 2 2 2 116 1726 6282 1725
11658 2 2 2 116 1730 6283 1729
11659 2 2 2 116 1724 6283 1723
11660 2 2 2 117 1739 6288 1738
11661 2 2 2 117 1746 6287 1745
11662 2 2 2 117 1747 6286 1746
11663 2 2 2 117 1748 6286 1747
11664 2 2 2 117 1740 6288 1739
11665 2 2 2 117 1735 6286 1734
11666 2 2 2 117 1745 6289 1744
11667 2 2 2 117 1737 6285 1736
11668 2 2 2 117 6286 6287 1746
11669 2 2 2 117 1738 6288 6285
11670 2 2 2 117 1743 6288 1742
11671 2 2 2 117 1735 6290 6286
11672 2 2 2 117 1744 6289 1743
11673 2 2 2 117 6287 6289 1745
11674 2 2 2 117 6288 6289 6285
11675 2 2 2 117 1743 6289 6288
11676 2 2 2 117 1736 6290 1735
11677 2 2 2 117 1738 6285 1737
11678 2 2 2 117 6285 6289 6287
11679 2 2 2 117 6287 6290 6285
11680 2 2 2 117 6285 6290 1736
11681 2 2 2 117 6286 6290 6287
11682 2 2 2 117 1733 6286 1748
11683 2 2 2 117 1741 6288 1740
11684 2 2 2 117 1734 6286 1733
11685 2 2 2 117 1742 6288 1741
11686 2 2 2 118 1750 6291 1749
11687 2 2 2 118 1749 6293 1767
11688 2 2 2 118 1765 6299 1764
11689 2 2 2 118 1756 6295 2622
11690 2 2 2 118 2621 6292 1753
11691 2 2 2 118 1762 6295 1761
11692 2 2 2 118 6291 6293 1749
11693 2 2 2 118 1753 6292 6291
11694 2 2 2 118 1754 6294 2621
11695 2 2 2 118 1754 6296 6294
11696 2 2 2 118 1764 6294 2623
11697 2 2 2 118 6294 6296 2623
11698 2 2 2 118 1755 6296 1754
11699 2 2 2 118 2623 6296 1763
11700 2 2 2 118 6292 6293 6291
11701 2 2 2 118 1764 6299 6294
11702 2 2 2 118 2621 6294 6292
11703 2 2 2 118 6294 6299 6292
11704 2 2 2 118 1762 6298 2622
11705 2 2 2 118 2622 6298 1755
11706 2 2 2 118 1767 6293 1766
11707 2 2 2 118 1763 6298 1762
11708 2 2 2 118 2622 6295 1762
11709 2 2 2 118 1751 6291 1750
11710 2 2 2 118 1755 6298 6296
11711 2 2 2 118 6296 6298 1763
11712 2 2 2 118 1753 6291 1752
11713 2 2 2 118 6292 6299 6293
11714 2 2 2 118 6293 6299 1765
11715 2 2 2 118 1766 6293 1765
11716 2 2 2 118 1752 6291 1751
11717 2 2 2 118 1756 6297 6295
11718 2 2 2 118 6295 6297 1761
11719 2 2 2 118 1757 6297 1756
11720 2 2 2 118 1761 6297 1760
11721 2 2 2 118 1760 6297 1759
11722 2 2 2 118 1758 6297 1757
11723 2 2 2 118 1759 6297 1758
11724 2 2 2 119 1774 6301 1773
11725 2 2 2 119 1770 6303 1769
11726 2 2 2 119 1776 6304 1775
11727 2 2 2 119 1780 6300 1779
11728 2 2 2 119 1775 6302 1774
11729 2 2 2 119 1781 6300 1780
11730 2 2 2 119 1774 6302 6301
11731 2 2 2 119 6301 6303 1770
11732 2 2 2 119 6302 6303 6301
11733 2 2 2 119 1775 6304 6302
11734 2 2 2 119 6300 6303 6302
11735 2 2 2 119 6300 6304 1779
11736 2 2 2 119 1773 6301 1772
11737 2 2 2 119 1769 6303 1768
11738 2 2 2 119 1771 6301 1770
11739 2 2 2 119 1779 6304 1778
11740 2 2 2 119 1777 6304 1776
11741 2 2 2 119 6302 6304 6300
11742 2 2 2 119 1772 6301 1771
11743 2 2 2 119 1768 6303 1781
11744 2 2 2 119 1778 6304 1777
11745 2 2 2 119 1781 6303 6300
11746 2 2 2 120 2627 6311 1797
11747 2 2 2 120 1799 6305 1798
11748 2 2 2 120 1785 6305 1784
11749 2 2 2 120 1790 6306 1789
11750 2 2 2 120 1794 6306 1793
11751 2 2 2 120 1786 6315 1785
11752 2 2 2 120 1797 6311 6307
11753 2 2 2 120 1798 6310 2627
11754 2 2 2 120 1796 6313 1795
11755 2 2 2 120 2626 6314 1794
11756 2 2 2 120 1787 6312 2625
11757 2 2 2 120 2624 6316 6311
11758 2 2 2 120 6311 6316 6307
11759 2 2 2 120 2624 6311 1786
11760 2 2 2 120 6305 6310 1798
11761 2 2 2 120 6313 6316 6312
11762 2 2 2 120 1785 6315 6305
11763 2 2 2 120 6314 6317 6308
11764 2 2 2 120 6312 6317 6313
11765 2 2 2 120 1794 6314 6306
11766 2 2 2 120 6306 6309 1789
11767 2 2 2 120 6311 6315 1786
11768 2 2 2 120 2625 6316 2624
11769 2 2 2 120 6312 6316 2625
11770 2 2 2 120 6310 6315 6311
11771 2 2 2 120 6310 6311 2627
11772 2 2 2 120 1795 6317 2626
11773 2 2 2 120 2626 6317 6314
11774 2 2 2 120 6313 6317 1795
11775 2 2 2 120 1784 6305 1783
11776 2 2 2 120 1782 6305 1799
11777 2 2 2 120 6309 6314 6308
11778 2 2 2 120 1791 6306 1790
11779 2 2 2 120 1793 6306 1792
11780 2 2 2 120 6308 6312 1787
11781 2 2 2 120 6307 6313 1796
11782 2 2 2 120 6306 6314 6309
11783 2 2 2 120 6305 6315 6310
11784 2 2 2 120 6307 6316 6313
11785 2 2 2 120 1788 6309 6308
11786 2 2 2 120 6308 6317 6312
11787 2 2 2 120 1797 6307 1796
11788 2 2 2 120 1788 6308 1787
11789 2 2 2 120 1783 6305 1782
11790 2 2 2 120 1792 6306 1791
11791 2 2 2 120 1789 6309 1788
11792 2 2 2 121 1814 6324 1813
11793 2 2 2 121 1807 6322 1806
11794 2 2 2 121 1806 6322 6318
11795 2 2 2 121 1802 6323 1801
11796 2 2 2 121 1805 6318 1804
11797 2 2 2 121 1812 6322 6319
11798 2 2 2 121 6320 6322 1812
11799 2 2 2 121 6318 6322 6320
11800 2 2 2 121 1808 6319 1807
11801 2 2 2 121 6320 6324 6318
11802 2 2 2 121 1803 6323 1802
11803 2 2 2 121 6318 6324 6323
11804 2 2 2 121 6323 6324 6321
11805 2 2 2 121 6321 6324 1814
11806 2 2 2 121 1801 6323 6321
11807 2 2 2 121 1815 6321 1814
11808 2 2 2 121 1801 6321 1800
11809 2 2 2 121 1804 6323 1803
11810 2 2 2 121 6319 6322 1807
11811 2 2 2 121 1813 6320 1812
11812 2 2 2 121 1809 6319 1808
11813 2 2 2 121 1800 6321 1815
11814 2 2 2 121 1811 6319 1810
11815 2 2 2 121 6318 6323 1804
11816 2 2 2 121 1810 6319 1809
11817 2 2 2 121 1813 6324 6320
11818 2 2 2 121 1806 6318 1805
11819 2 2 2 121 1812 6319 1811
11820 2 2 2 122 1816 6326 1831
11821 2 2 2 122 1823 6328 1822
11822 2 2 2 122 1830 6332 1829
11823 2 2 2 122 6326 6327 1831
11824 2 2 2 122 1831 6327 1830
11825 2 2 2 122 1822 6329 1821
11826 2 2 2 122 6325 6328 1823
11827 2 2 2 122 1820 6330 1819
11828 2 2 2 122 1819 6326 1818
11829 2 2 2 122 1817 6326 1816
11830 2 2 2 122 6326 6330 6327
11831 2 2 2 122 6327 6330 6329
11832 2 2 2 122 1827 6331 1826
11833 2 2 2 122 6325 6331 6328
11834 2 2 2 122 6331 6332 6328
11835 2 2 2 122 6328 6329 1822
11836 2 2 2 122 1829 6332 6331
11837 2 2 2 122 1821 6330 1820
11838 2 2 2 122 1826 6325 1825
11839 2 2 2 122 6327 6329 6328
11840 2 2 2 122 1819 6330 6326
11841 2 2 2 122 6327 6332 1830
11842 2 2 2 122 6328 6332 6327
11843 2 2 2 122 6329 6330 1821
11844 2 2 2 122 1824 6325 1823
11845 2 2 2 122 1818 6326 1817
11846 2 2 2 122 1829 6331 1828
11847 2 2 2 122 1828 6331 1827
11848 2 2 2 122 1826 6331 6325
11849 2 2 2 122 1825 6325 1824
11850 2 2 2 123 1844 6337 1843
11851 2 2 2 123 6334 6335 1838
11852 2 2 2 123 1835 6336 1834
11853 2 2 2 123 1833 6336 1832
11854 2 2 2 123 6333 6337 1844
11855 2 2 2 123 6333 6335 6334
11856 2 2 2 123 1836 6335 1835
11857 2 2 2 123 1838 6335 1837
11858 2 2 2 123 1832 6333 1845
11859 2 2 2 123 1839 6334 1838
11860 2 2 2 123 1834 6336 1833
11861 2 2 2 123 6334 6337 6333
11862 2 2 2 123 6333 6336 6335
11863 2 2 2 123 1841 6334 1840
11864 2 2 2 123 1832 6336 6333
11865 2 2 2 123 6335 6336 1835
11866 2 2 2 123 1837 6335 1836
11867 2 2 2 123 1845 6333 1844
11868 2 2 2 123 1843 6337 1842
11869 2 2 2 123 1840 6334 1839
11870 2 2 2 123 1842 6337 1841
11871 2 2 2 123 1841 6337 6334
11872 2 2 2 124 1859 6339 1858
11873 2 2 2 124 1846 6339 1861
11874 2 2 2 124 1847 6338 1846
11875 2 2 2 124 1858 6339 1857
11876 2 2 2 124 6338 6339 1846
11877 2 2 2 124 1854 6340 1853
11878 2 2 2 124 1860 6339 1859
11879 2 2 2 124 1848 6338 1847
11880 2 2 2 124 6338 6341 6339
11881 2 2 2 124 6341 6343 6339
11882 2 2 2 124 1856 6341 1855
11883 2 2 2 124 6338 6342 6341
11884 2 2 2 124 1854 6341 6340
11885 2 2 2 124 1849 6342 1848
11886 2 2 2 124 1851 6342 1850
11887 2 2 2 124 1857 6343 1856
11888 2 2 2 124 6341 6342 6340
11889 2 2 2 124 1852 6340 1851
11890 2 2 2 124 1861 6339 1860
11891 2 2 2 124 1850 6342 1849
11892 2 2 2 124 1855 6341 1854
11893 2 2 2 124 1848 6342 6338
11894 2 2 2 124 1856 6343 6341
11895 2 2 2 124 6339 6343 1857
11896 2 2 2 124 6340 6342 1851
11897 2 2 2 124 1853 6340 1852
11898 2 2 2 125 1876 6349 1875
11899 2 2 2 125 6348 6349 1877
11900 2 2 2 125 1862 6344 1879
11901 2 2 2 125 1868 6346 1867
11902 2 2 2 125 1879 6350 1878
11903 2 2 2 125 1878 6348 1877
11904 2 2 2 125 6344 6350 1879
11905 2 2 2 125 1869 6351 1868
11906 2 2 2 125 6345 6349 6348
11907 2 2 2 125 6346 6353 1867
11908 2 2 2 125 6346 6350 6344
11909 2 2 2 125 6346 6351 6348
11910 2 2 2 125 6348 6350 6346
11911 2 2 2 125 6344 6353 6346
11912 2 2 2 125 1865 6344 1864
11913 2 2 2 125 1863 6344 1862
11914 2 2 2 125 1868 6351 6346
11915 2 2 2 125 1878 6350 6348
11916 2 2 2 125 6348 6351 6345
11917 2 2 2 125 6345 6351 1869
11918 2 2 2 125 1870 6345 1869
11919 2 2 2 125 1867 6353 1866
11920 2 2 2 125 6345 6352 6349
11921 2 2 2 125 1864 6344 1863
11922 2 2 2 125 1875 6349 6347
11923 2 2 2 125 1870 6352 6345
11924 2 2 2 125 6347 6352 1871
11925 2 2 2 125 1865 6353 6344
11926 2 2 2 125 1866 6353 1865
11927 2 2 2 125 1875 6347 1874
11928 2 2 2 125 6349 6352 6347
11929 2 2 2 125 1874 6347 1873
11930 2 2 2 125 1872 6347 1871
11931 2 2 2 125 1873 6347 1872
11932 2 2 2 125 1871 6352 1870
11933 2 2 2 125 1877 6349 1876
11934 2 2 2 126 1890 6356 1889
11935 2 2 2 126 1880 6355 1895
11936 2 2 2 126 1881 6357 1880
11937 2 2 2 126 1893 6359 1892
11938 2 2 2 126 6356 6358 1889
11939 2 2 2 126 1882 6357 1881
11940 2 2 2 126 6357 6358 6355
11941 2 2 2 126 1888 6358 1887
11942 2 2 2 126 1887 6354 1886
11943 2 2 2 126 1894 6359 1893
11944 2 2 2 126 6358 6359 6355
11945 2 2 2 126 6356 6359 6358
11946 2 2 2 126 1880 6357 6355
11947 2 2 2 126 6354 6358 6357
11948 2 2 2 126 1895 6359 1894
11949 2 2 2 126 1892 6356 1891
11950 2 2 2 126 1886 6360 1885
11951 2 2 2 126 1892 6359 6356
11952 2 2 2 126 1889 6358 1888
11953 2 2 2 126 1887 6358 6354
11954 2 2 2 126 6354 6360 1886
11955 2 2 2 126 1891 6356 1890
11956 2 2 2 126 6355 6359 1895
11957 2 2 2 126 1882 6360 6357
11958 2 2 2 126 1885 6360 1884
11959 2 2 2 126 6357 6360 6354
11960 2 2 2 126 1883 6360 1882
11961 2 2 2 126 1884 6360 1883
11962 2 2 2 127 1908 6365 2630
11963 2 2 2 127 1909 6366 2632
11964 2 2 2 127 6363 6366 1909
11965 2 2 2 127 1899 6362 1898
11966 2 2 2 127 2632 6366 2631
11967 2 2 2 127 1901 6365 2629
11968 2 2 2 127 2628 6363 1899
11969 2 2 2 127 6364 6365 1908
11970 2 2 2 127 2630 6365 1907
11971 2 2 2 127 1899 6363 6362
11972 2 2 2 127 2631 6366 6364
11973 2 2 2 127 1903 6361 1902
11974 2 2 2 127 1909 6367 6363
11975 2 2 2 127 1902 6361 1901
11976 2 2 2 127 2629 6364 1900
11977 2 2 2 127 6364 6366 1900
11978 2 2 2 127 2628 6366 6363
11979 2 2 2 127 1900 6366 2628
11980 2 2 2 127 2631 6364 1908
11981 2 2 2 127 1912 6368 1911
11982 2 2 2 127 2629 6365 6364
11983 2 2 2 127 1896 6362 1912
11984 2 2 2 127 1898 6362 1897
11985 2 2 2 127 1907 6365 6361
11986 2 2 2 127 6363 6368 6362
11987 2 2 2 127 1904 6361 1903
11988 2 2 2 127 6361 6365 1901
11989 2 2 2 127 1911 6368 1910
11990 2 2 2 127 6362 6368 1912
11991 2 2 2 127 1897 6362 1896
11992 2 2 2 127 1910 6368 6367
11993 2 2 2 127 6367 6368 6363
11994 2 2 2 127 1905 6361 1904
11995 2 2 2 127 1907 6361 1906
11996 2 2 2 127 1906 6361 1905
11997 2 2 2 127 1910 6367 1909
11998 2 2 2 128 6370 6377 2634
11999 2 2 2 128 1919 6376 1920
12000 2 2 2 128 1915 6370 2634
12001 2 2 2 128 2633 6370 1913
12002 2 2 2 128 2634 6372 1916
12003 2 2 2 128 2634 6377 6372
12004 2 2 2 128 2635 6374 1923
12005 2 2 2 128 2638 6371 1914
12006 2 2 2 128 6375 6377 6370
12007 2 2 2 128 1925 6373 2638
12008 2 2 2 128 1922 6378 2637
12009 2 2 2 128 2633 6371 6370
12010 2 2 2 128 1916 6372 6369
12011 2 2 2 128 6371 6375 6370
12012 2 2 2 128 2636 6375 2635
12013 2 2 2 128 2637 6377 2636
12014 2 2 2 128 2635 6375 6374
12015 2 2 2 128 2638 6374 6371
12016 2 2 2 128 2636 6377 6375
12017 2 2 2 128 6369 6376 1919
12018 2 2 2 128 6372 6376 6369
12019 2 2 2 128 6374 6375 6371
12020 2 2 2 128 6372 6378 6376
12021 2 2 2 128 2637 6378 6377
12022 2 2 2 128 1923 6374 6373
12023 2 2 2 128 6377 6378 6372
12024 2 2 2 128 1920 6376 1921
12025 2 2 2 128 1918 6369 1919
12026 2 2 2 128 1916 6369 1917
12027 2 2 2 128 1923 6373 1924
12028 2 2 2 128 1914 6371 2633
12029 2 2 2 128 6373 6374 2638
12030 2 2 2 128 1913 6370 1915
12031 2 2 2 128 1921 6376 1922
12032 2 2 2 128 1917 6369 1918
12033 2 2 2 128 6376 6378 1922
12034 2 2 2 128 1924 6373 1925
12035 2 2 2 128 1926 1925 2638
12036 2 2 2 129 2639 6384 1933
12037 2 2 2 129 1929 6382 6381
12038 2 2 2 129 1935 6380 6379
12039 2 2 2 129 1938 6383 1939
12040 2 2 2 129 6382 6384 6381
12041 2 2 2 129 6380 6382 6379
12042 2 2 2 129 1928 6383 1927
12043 2 2 2 129 6380 6384 6382
12044 2 2 2 129 1937 6379 1938
12045 2 2 2 129 6382 6383 6379
12046 2 2 2 129 1933 6384 1934
12047 2 2 2 129 1935 6379 1936
12048 2 2 2 129 1939 6383 1928
12049 2 2 2 129 1931 6381 2639
12050 2 2 2 129 1927 6383 6382
12051 2 2 2 129 1929 6381 1930
12052 2 2 2 129 6379 6383 1938
12053 2 2 2 129 1934 6384 6380
12054 2 2 2 129 6381 6384 2639
12055 2 2 2 129 1936 6379 1937
12056 2 2 2 129 1930 6381 1931
12057 2 2 2 129 1927 6382 1929
12058 2 2 2 129 1932 1931 2639
12059 2 2 2 129 1934 6380 1935
12060 2 2 2 132 1940 6385 1942
12061 2 2 2 132 1952 6392 1953
12062 2 2 2 132 1948 6391 1949
12063 2 2 2 132 6385 6387 1942
12064 2 2 2 132 6387 6392 1952
12065 2 2 2 132 1952 6389 6387
12066 2 2 2 132 1950 6394 1951
12067 2 2 2 132 1951 6389 1952
12068 2 2 2 132 1942 6387 2644
12069 2 2 2 132 2640 6390 1943
12070 2 2 2 132 2641 6388 2640
12071 2 2 2 132 2644 6389 2643
12072 2 2 2 132 1944 6390 1945
12073 2 2 2 132 6385 6392 6387
12074 2 2 2 132 6389 6393 2643
12075 2 2 2 132 2645 6388 1948
12076 2 2 2 132 6387 6389 2644
12077 2 2 2 132 2643 6393 2642
12078 2 2 2 132 6388 6396 2640
12079 2 2 2 132 1954 6392 1955
12080 2 2 2 132 2641 6395 6388
12081 2 2 2 132 1946 6390 1947
12082 2 2 2 132 1941 6385 1940
12083 2 2 2 132 1955 6385 1956
12084 2 2 2 132 1951 6394 6389
12085 2 2 2 132 1945 6390 1946
12086 2 2 2 132 2642 6395 2641
12087 2 2 2 132 6393 6395 2642
12088 2 2 2 132 6389 6394 6393
12089 2 2 2 132 6386 6395 6393
12090 2 2 2 132 1947 6396 2645
12091 2 2 2 132 2640 6396 6390
12092 2 2 2 132 2645 6396 6388
12093 2 2 2 132 6388 6395 6391
12094 2 2 2 132 1955 6392 6385
12095 2 2 2 132 1943 6390 1944
12096 2 2 2 132 6388 6391 1948
12097 2 2 2 132 6386 6394 1950
12098 2 2 2 132 1949 6391 6386
12099 2 2 2 132 6391 6395 6386
12100 2 2 2 132 6393 6394 6386
12101 2 2 2 132 1953 6392 1954
12102 2 2 2 132 1956 6385 1941
12103 2 2 2 132 1949 6386 1950
12104 2 2 2 132 6390 6396 1947
12105 2 2 2 133 1959 1957 1958
12106 2 2 2 133 1959 1958 1960
12107 2 2 2 133 1960 1958 1961
12108 2 2 2 134 1973 6402 1972
12109 2 2 2 134 1967 6400 1966
12110 2 2 2 134 1974 6397 1973
12111 2 2 2 134 6397 6402 1973
12112 2 2 2 134 1963 6401 1962
12113 2 2 2 134 1975 6401 1974
12114 2 2 2 134 6397 6400 6399
12115 2 2 2 134 6399 6402 6397
12116 2 2 2 134 1964 6398 1963
12117 2 2 2 134 1966 6398 1965
12118 2 2 2 134 1970 6399 1969
12119 2 2 2 134 1968 6399 1967
12120 2 2 2 134 6397 6401 6400
12121 2 2 2 134 1962 6401 1975
12122 2 2 2 134 6399 6400 1967
12123 2 2 2 134 6400 6401 6398
12124 2 2 2 134 1966 6400 6398
12125 2 2 2 134 1974 6401 6397
12126 2 2 2 134 1972 6402 1971
12127 2 2 2 134 6398 6401 1963
12128 2 2 2 134 1965 6398 1964
12129 2 2 2 134 1969 6399 1968
12130 2 2 2 134 1970 6402 6399
12131 2 2 2 134 1971 6402 1970
12132 2 2 2 135 1979 6409 1978
12133 2 2 2 135 1980 6403 1979
12134 2 2 2 135 1988 6410 1987
12135 2 2 2 135 1989 6407 1988
12136 2 2 2 135 1987 6404 1986
12137 2 2 2 135 1983 6404 1982
12138 2 2 2 135 6403 6409 1979
12139 2 2 2 135 6406 6407 1989
12140 2 2 2 135 6403 6407 6406
12141 2 2 2 135 1976 6406 1991
12142 2 2 2 135 6404 6405 1982
12143 2 2 2 135 1990 6406 1989
12144 2 2 2 135 1987 6410 6404
12145 2 2 2 135 6406 6409 6403
12146 2 2 2 135 6405 6410 6407
12147 2 2 2 135 6407 6408 6405
12148 2 2 2 135 6407 6410 1988
12149 2 2 2 135 6405 6408 1981
12150 2 2 2 135 1978 6409 1977
12151 2 2 2 135 1986 6404 1985
12152 2 2 2 135 1984 6404 1983
12153 2 2 2 135 6403 6408 6407
12154 2 2 2 135 6404 6410 6405
12155 2 2 2 135 1981 6408 1980
12156 2 2 2 135 1991 6406 1990
12157 2 2 2 135 1980 6408 6403
12158 2 2 2 135 1976 6409 6406
12159 2 2 2 135 1977 6409 1976
12160 2 2 2 135 1985 6404 1984
12161 2 2 2 135 1982 6405 1981
12162 2 2 2 136 2009 6414 2008
12163 2 2 2 136 2009 6415 6414
12164 2 2 2 136 2009 6419 6415
12165 2 2 2 136 2005 6412 2004
12166 2 2 2 136 1999 6414 1998
12167 2 2 2 136 2008 6418 2007
12168 2 2 2 136 2000 6420 2646
12169 2 2 2 136 2010 6419 2009
12170 2 2 2 136 2004 6412 2003
12171 2 2 2 136 6414 6418 2008
12172 2 2 2 136 2005 6417 6412
12173 2 2 2 136 6413 6421 6420
12174 2 2 2 136 2646 6421 1999
12175 2 2 2 136 6414 6415 1998
12176 2 2 2 136 6420 6421 2646
12177 2 2 2 136 1999 6421 6414
12178 2 2 2 136 6414 6421 6418
12179 2 2 2 136 6416 6419 2010
12180 2 2 2 136 1994 6416 1993
12181 2 2 2 136 6413 6420 6417
12182 2 2 2 136 6415 6419 6411
12183 2 2 2 136 2007 6418 6413
12184 2 2 2 136 6417 6420 6412
12185 2 2 2 136 6411 6422 1996
12186 2 2 2 136 1992 6416 2010
12187 2 2 2 136 6411 6419 6416
12188 2 2 2 136 6418 6421 6413
12189 2 2 2 136 6412 6420 2000
12190 2 2 2 136 1997 6415 6411
12191 2 2 2 136 2003 6412 2002
12192 2 2 2 136 1998 6415 1997
12193 2 2 2 136 2007 6413 2006
12194 2 2 2 136 6416 6422 6411
12195 2 2 2 136 6413 6417 2006
12196 2 2 2 136 2001 6412 2000
12197 2 2 2 136 1996 6422 1995
12198 2 2 2 136 1993 6416 1992
12199 2 2 2 136 2002 6412 2001
12200 2 2 2 136 1994 6422 6416
12201 2 2 2 136 1995 6422 1994
12202 2 2 2 136 1997 6411 1996
12203 2 2 2 136 2006 6417 2005
12204 2 2 2 137 2017 6425 2016
12205 2 2 2 137 2018 6425 2017
12206 2 2 2 137 2016 6425 6423
12207 2 2 2 137 6423 6428 2015
12208 2 2 2 137 6425 6429 6423
12209 2 2 2 137 2023 6425 6424
12210 2 2 2 137 6423 6429 6426
12211 2 2 2 137 6426 6427 6423
12212 2 2 2 137 2012 6427 2011
12213 2 2 2 137 2026 6427 2025
12214 2 2 2 137 2025 6427 6426
12215 2 2 2 137 2023 6429 6425
12216 2 2 2 137 6427 6428 6423
12217 2 2 2 137 2014 6428 2013
12218 2 2 2 137 2011 6427 2026
12219 2 2 2 137 6424 6425 2018
12220 2 2 2 137 2012 6428 6427
12221 2 2 2 137 2024 6429 2023
12222 2 2 2 137 6426 6429 2024
12223 2 2 2 137 2013 6428 2012
12224 2 2 2 137 2019 6424 2018
12225 2 2 2 137 2020 6424 2019
12226 2 2 2 137 2022 6424 2021
12227 2 2 2 137 2021 6424 2020
12228 2 2 2 137 2016 6423 2015
12229 2 2 2 137 2023 6424 2022
12230 2 2 2 137 2025 6426 2024
12231 2 2 2 137 2015 6428 2014
12232 2 2 2 138 2030 6431 2029
12233 2 2 2 138 2044 6431 2043
12234 2 2 2 138 2039 6442 2038
12235 2 2 2 138 2648 6433 2647
12236 2 2 2 138 2031 6432 2648
12237 2 2 2 138 2650 6434 2039
12238 2 2 2 138 2042 6433 2041
12239 2 2 2 138 2647 6440 2030
12240 2 2 2 138 2649 6434 2032
12241 2 2 2 138 2043 6436 2042
12242 2 2 2 138 6433 6440 2647
12243 2 2 2 138 2033 6437 2649
12244 2 2 2 138 2040 6439 2650
12245 2 2 2 138 6432 6433 2648
12246 2 2 2 138 6434 6442 2039
12247 2 2 2 138 6436 6440 6433
12248 2 2 2 138 6437 6442 6434
12249 2 2 2 138 2650 6435 6434
12250 2 2 2 138 6431 6436 2043
12251 2 2 2 138 2650 6439 6435
12252 2 2 2 138 6432 6438 6433
12253 2 2 2 138 2030 6440 6431
12254 2 2 2 138 2032 6435 2031
12255 2 2 2 138 2031 6435 6432
12256 2 2 2 138 2042 6436 6433
12257 2 2 2 138 2649 6437 6434
12258 2 2 2 138 6434 6435 2032
12259 2 2 2 138 6433 6438 2041
12260 2 2 2 138 2035 6441 2034
12261 2 2 2 138 2029 6431 2028
12262 2 2 2 138 2027 6431 2044
12263 2 2 2 138 2033 6441 6437
12264 2 2 2 138 2036 6430 2035
12265 2 2 2 138 6438 6439 2040
12266 2 2 2 138 6431 6440 6436
12267 2 2 2 138 2038 6430 2037
12268 2 2 2 138 2038 6442 6430
12269 2 2 2 138 2041 6438 2040
12270 2 2 2 138 2034 6441 2033
12271 2 2 2 138 6435 6439 6432
12272 2 2 2 138 6432 6439 6438
12273 2 2 2 138 2028 6431 2027
12274 2 2 2 138 6430 6442 6437
12275 2 2 2 138 6437 6441 6430
12276 2 2 2 138 6430 6441 2035
12277 2 2 2 138 2037 6430 2036
12278 2 2 2 139 2047 6443 2046
12279 2 2 2 139 2049 6446 2048
12280 2 2 2 139 2050 6444 2049
12281 2 2 2 139 2055 6450 2054
12282 2 2 2 139 2056 6447 2055
12283 2 2 2 139 6443 6449 2046
12284 2 2 2 139 2051 6444 2050
12285 2 2 2 139 6445 6449 6443
12286 2 2 2 139 6443 6447 6445
12287 2 2 2 139 2048 6448 2047
12288 2 2 2 139 6445 6447 2056
12289 2 2 2 139 2057 6445 2056
12290 2 2 2 139 2059 6445 2058
12291 2 2 2 139 6444 6446 2049
12292 2 2 2 139 2054 6450 6444
12293 2 2 2 139 6447 6450 2055
12294 2 2 2 139 6448 6450 6447
12295 2 2 2 139 2045 6449 2060
12296 2 2 2 139 6446 6448 2048
12297 2 2 2 139 2047 6448 6443
12298 2 2 2 139 2058 6445 2057
12299 2 2 2 139 2052 6444 2051
12300 2 2 2 139 6443 6448 6447
12301 2 2 2 139 2059 6449 6445
12302 2 2 2 139 6444 6450 6446
12303 2 2 2 139 6446 6450 6448
12304 2 2 2 139 2060 6449 2059
12305 2 2 2 139 2054 6444 2053
12306 2 2 2 139 2053 6444 2052
12307 2 2 2 139 2046 6449 2045
12308 2 2 2 140 2654 2655 2062
12309 2 2 2 140 2654 2062 2656
12310 2 2 2 140 2656 2063 2654
12311 2 2 2 140 2062 6451 2653
12312 2 2 2 140 2061 6451 2655
12313 2 2 2 140 2655 6451 2062
12314 2 2 2 140 2651 6451 2061
12315 2 2 2 140 2653 6451 2652
12316 2 2 2 140 2652 6451 2651
12317 2 2 2 141 2660 6453 2067
12318 2 2 2 141 2066 6452 2661
12319 2 2 2 141 2065 6453 2658
12320 2 2 2 141 2661 6453 2660
12321 2 2 2 141 2658 6452 2657
12322 2 2 2 141 2067 6453 2065
12323 2 2 2 141 6452 6453 2661
12324 2 2 2 141 2657 6452 2066
12325 2 2 2 141 2658 6453 6452
12326 2 2 2 141 2659 2064 2657
12327 2 2 2 141 2659 2657 2066
12328 2 2 2 144 2074 6461 2073
12329 2 2 2 144 2069 6459 2068
12330 2 2 2 144 2084 6454 2083
12331 2 2 2 144 2068 6455 2085
12332 2 2 2 144 2082 6463 2081
12333 2 2 2 144 2070 6459 2069
12334 2 2 2 144 2077 6457 2076
12335 2 2 2 144 2076 6462 2075
12336 2 2 2 144 2068 6459 6455
12337 2 2 2 144 2081 6463 6456
12338 2 2 2 144 6460 6462 6454
12339 2 2 2 144 6458 6462 6460
12340 2 2 2 144 2085 6460 2084
12341 2 2 2 144 6460 6461 6458
12342 2 2 2 144 6455 6461 6460
12343 2 2 2 144 6456 6457 2077
12344 2 2 2 144 6454 6462 6457
12345 2 2 2 144 6459 6461 6455
12346 2 2 2 144 2071 6459 2070
12347 2 2 2 144 2073 6461 6459
12348 2 2 2 144 2075 6458 2074
12349 2 2 2 144 2075 6462 6458
12350 2 2 2 144 2084 6460 6454
12351 2 2 2 144 6457 6463 6454
12352 2 2 2 144 6456 6463 6457
12353 2 2 2 144 2073 6459 2072
12354 2 2 2 144 6454 6463 2083
12355 2 2 2 144 6455 6460 2085
12356 2 2 2 144 2083 6463 2082
12357 2 2 2 144 6457 6462 2076
12358 2 2 2 144 6458 6461 2074
12359 2 2 2 144 2072 6459 2071
12360 2 2 2 144 2078 6456 2077
12361 2 2 2 144 2079 6456 2078
12362 2 2 2 144 2081 6456 2080
12363 2 2 2 144 2080 6456 2079
12364 2 2 2 145 2101 6464 2102
12365 2 2 2 145 2096 6465 2097
12366 2 2 2 145 2094 6471 2095
12367 2 2 2 145 2100 6472 2101
12368 2 2 2 145 2663 6468 2100
12369 2 2 2 145 2102 6464 2087
12370 2 2 2 145 2101 6466 6464
12371 2 2 2 145 2099 6467 2663
12372 2 2 2 145 2090 6466 2091
12373 2 2 2 145 2101 6472 6466
12374 2 2 2 145 2091 6468 2092
12375 2 2 2 145 2089 6464 2090
12376 2 2 2 145 6468 6472 2100
12377 2 2 2 145 2662 6470 2093
12378 2 2 2 145 6467 6468 2663
12379 2 2 2 145 6464 6466 2090
12380 2 2 2 145 6466 6472 6468
12381 2 2 2 145 2098 6469 2099
12382 2 2 2 145 6466 6468 2091
12383 2 2 2 145 2097 6469 2098
12384 2 2 2 145 6468 6473 2092
12385 2 2 2 145 6467 6473 6468
12386 2 2 2 145 2099 6469 6467
12387 2 2 2 145 6470 6473 6469
12388 2 2 2 145 2092 6473 2662
12389 2 2 2 145 6469 6473 6467
12390 2 2 2 145 2662 6473 6470
12391 2 2 2 145 2087 6464 2086
12392 2 2 2 145 2088 6464 2089
12393 2 2 2 145 2095 6471 2096
12394 2 2 2 145 2093 6471 2094
12395 2 2 2 145 6465 6469 2097
12396 2 2 2 145 6470 6471 2093
12397 2 2 2 145 6465 6470 6469
12398 2 2 2 145 2086 6464 2088
12399 2 2 2 145 2096 6471 6465
12400 2 2 2 145 6465 6471 6470
12401 2 2 2 146 2106 2103 2104
12402 2 2 2 146 2105 2103 2106
12403 2 2 2 146 2106 2104 2107
12404 2 2 2 147 6475 6476 2116
12405 2 2 2 147 2116 6478 6475
12406 2 2 2 147 6474 6475 2123
12407 2 2 2 147 2121 6478 2120
12408 2 2 2 147 2122 6475 2121
12409 2 2 2 147 2108 6474 2123
12410 2 2 2 147 6476 6477 2114
12411 2 2 2 147 6474 6476 6475
12412 2 2 2 147 2120 6478 2119
12413 2 2 2 147 6474 6477 6476
12414 2 2 2 147 2111 6479 2110
12415 2 2 2 147 2109 6479 2108
12416 2 2 2 147 6475 6478 2121
12417 2 2 2 147 2112 6477 2111
12418 2 2 2 147 2110 6479 2109
12419 2 2 2 147 6474 6479 6477
12420 2 2 2 147 2115 6476 2114
12421 2 2 2 147 2119 6478 2118
12422 2 2 2 147 6477 6479 2111
12423 2 2 2 147 2108 6479 6474
12424 2 2 2 147 2113 6477 2112
12425 2 2 2 147 2117 6478 2116
12426 2 2 2 147 2118 6478 2117
12427 2 2 2 147 2114 6477 2113
12428 2 2 2 147 2116 6476 2115
12429 2 2 2 147 2123 6475 2122
12430 2 2 2 148 2666 2126 2665
12431 2 2 2 148 2665 6480 2666
12432 2 2 2 148 2124 6480 2665
12433 2 2 2 148 2664 6480 2124
12434 2 2 2 148 2666 6480 2125
12435 2 2 2 148 2125 6480 2664
12436 2 2 2 149 2667 2128 2668
12437 2 2 2 149 2669 2127 2667
12438 2 2 2 149 2669 2667 2668
12439 2 2 2 150 2133 6482 2134
12440 2 2 2 150 2671 6482 2670
12441 2 2 2 150 2670 6483 2130
12442 2 2 2 150 2139 6481 2671
12443 2 2 2 150 6482 6484 2670
12444 2 2 2 150 2131 6483 2132
12445 2 2 2 150 2135 6485 2136
12446 2 2 2 150 2136 6481 2137
12447 2 2 2 150 2132 6484 2133
12448 2 2 2 150 2671 6485 6482
12449 2 2 2 150 6481 6485 2671
12450 2 2 2 150 2129 6483 2131
12451 2 2 2 150 2130 6483 2129
12452 2 2 2 150 2134 6485 2135
12453 2 2 2 150 2136 6485 6481
12454 2 2 2 150 6483 6484 2132
12455 2 2 2 150 2133 6484 6482
12456 2 2 2 150 2137 6481 2138
12457 2 2 2 150 6482 6485 2134
12458 2 2 2 150 2670 6484 6483
12459 2 2 2 150 2138 6481 2139
12460 2 2 2 151 2673 6486 2672
12461 2 2 2 151 2146 6486 2141
12462 2 2 2 151 2672 6486 2145
12463 2 2 2 151 2141 6486 2673
12464 2 2 2 151 2145 6486 2146
12465 2 2 2 151 2673 2140 2141
12466 2 2 2 151 2142 2140 2673
12467 2 2 2 151 2672 2144 2143
12468 2 2 2 151 2672 2145 2144
12469 2 2 2 152 2150 6488 6487
12470 2 2 2 152 2155 6490 2154
12471 2 2 2 152 2147 6491 2160
12472 2 2 2 152 2159 6491 2158
12473 2 2 2 152 2151 6488 2150
12474 2 2 2 152 2148 6487 2147
12475 2 2 2 152 2156 6489 2155
12476 2 2 2 152 2158 6489 2157
12477 2 2 2 152 6488 6490 6487
12478 2 2 2 152 2160 6491 2159
12479 2 2 2 152 6490 6491 6487
12480 2 2 2 152 6489 6491 6490
12481 2 2 2 152 6487 6491 2147
12482 2 2 2 152 2158 6491 6489
12483 2 2 2 152 6489 6490 2155
12484 2 2 2 152 2149 6487 2148
12485 2 2 2 152 2157 6489 2156
12486 2 2 2 152 2152 6488 2151
12487 2 2 2 152 2154 6488 2153
12488 2 2 2 152 2154 6490 6488
12489 2 2 2 152 2153 6488 2152
12490 2 2 2 152 2150 6487 2149
12491 2 2 2 153 2169 6497 2168
12492 2 2 2 153 2163 6495 2162
12493 2 2 2 153 2170 6492 2169
12494 2 2 2 153 6492 6497 2169
12495 2 2 2 153 2171 6496 2170
12496 2 2 2 153 2173 6496 2172
12497 2 2 2 153 6492 6495 6494
12498 2 2 2 153 2174 6493 2173
12499 2 2 2 153 2162 6493 2161
12500 2 2 2 153 6494 6497 6492
12501 2 2 2 153 2164 6494 2163
12502 2 2 2 153 2166 6494 2165
12503 2 2 2 153 6492 6496 6495
12504 2 2 2 153 2172 6496 2171
12505 2 2 2 153 6494 6495 2163
12506 2 2 2 153 2170 6496 6492
12507 2 2 2 153 2162 6495 6493
12508 2 2 2 153 6493 6496 2173
12509 2 2 2 153 6495 6496 6493
12510 2 2 2 153 2168 6497 2167
12511 2 2 2 153 2161 6493 2174
12512 2 2 2 153 2165 6494 2164
12513 2 2 2 153 2166 6497 6494
12514 2 2 2 153 2167 6497 2166
12515 2 2 2 154 2175 6501 2188
12516 2 2 2 154 2178 6501 2177
12517 2 2 2 154 2176 6501 2175
12518 2 2 2 154 2188 6501 6500
12519 2 2 2 154 2181 6502 2180
12520 2 2 2 154 2188 6500 2187
12521 2 2 2 154 2179 6498 2178
12522 2 2 2 154 2183 6502 2182
12523 2 2 2 154 2177 6501 2176
12524 2 2 2 154 2186 6499 2185
12525 2 2 2 154 2184 6499 2183
12526 2 2 2 154 6498 6502 6500
12527 2 2 2 154 6498 6501 2178
12528 2 2 2 154 2182 6502 2181
12529 2 2 2 154 6500 6501 6498
12530 2 2 2 154 6500 6502 6499
12531 2 2 2 154 2187 6500 2186
12532 2 2 2 154 2180 6498 2179
12533 2 2 2 154 2186 6500 6499
12534 2 2 2 154 2180 6502 6498
12535 2 2 2 154 6499 6502 2183
12536 2 2 2 154 2185 6499 2184
12537 2 2 2 155 2200 6505 2199
12538 2 2 2 155 2199 6505 6504
12539 2 2 2 155 2197 6509 2196
12540 2 2 2 155 2205 6505 2204
12541 2 2 2 155 2198 6504 2197
12542 2 2 2 155 2206 6511 2205
12543 2 2 2 155 2196 6509 6507
12544 2 2 2 155 6505 6511 6504
12545 2 2 2 155 2193 6510 2192
12546 2 2 2 155 2191 6510 2190
12547 2 2 2 155 2205 6511 6505
12548 2 2 2 155 2194 6507 2193
12549 2 2 2 155 6509 6510 6507
12550 2 2 2 155 2196 6507 2195
12551 2 2 2 155 6503 6510 6509
12552 2 2 2 155 2192 6510 2191
12553 2 2 2 155 6508 6509 6504
12554 2 2 2 155 6504 6509 2197
12555 2 2 2 155 2190 6510 6503
12556 2 2 2 155 6507 6510 2193
12557 2 2 2 155 6503 6509 6508
12558 2 2 2 155 2189 6508 2206
12559 2 2 2 155 6504 6511 6508
12560 2 2 2 155 2195 6507 2194
12561 2 2 2 155 6503 6508 2189
12562 2 2 2 155 6508 6511 2206
12563 2 2 2 155 6505 6506 2204
12564 2 2 2 155 2200 6506 6505
12565 2 2 2 155 2203 6506 2202
12566 2 2 2 155 2202 6506 2201
12567 2 2 2 155 2204 6506 2203
12568 2 2 2 155 2201 6506 2200
12569 2 2 2 155 2190 6503 2189
12570 2 2 2 155 2199 6504 2198
12571 2 2 2 156 2210 6513 2209
12572 2 2 2 156 2214 6514 2213
12573 2 2 2 156 2219 6516 2218
12574 2 2 2 156 2213 6514 6513
12575 2 2 2 156 6513 6515 2209
12576 2 2 2 156 6513 6514 6512
12577 2 2 2 156 2207 6515 2220
12578 2 2 2 156 2213 6513 2212
12579 2 2 2 156 2211 6513 2210
12580 2 2 2 156 2209 6515 2208
12581 2 2 2 156 6512 6515 6513
12582 2 2 2 156 2220 6512 2219
12583 2 2 2 156 6512 6516 2219
12584 2 2 2 156 2216 6514 2215
12585 2 2 2 156 2208 6515 2207
12586 2 2 2 156 2212 6513 2211
12587 2 2 2 156 2220 6515 6512
12588 2 2 2 156 6514 6516 6512
12589 2 2 2 156 2218 6516 2217
12590 2 2 2 156 2215 6514 2214
12591 2 2 2 156 2217 6516 2216
12592 2 2 2 156 2216 6516 6514
12593 2 2 2 157 2229 6517 2228
12594 2 2 2 157 2231 6520 2679
12595 2 2 2 157 2677 6519 2229
12596 2 2 2 157 2223 6519 2222
12597 2 2 2 157 2674 6520 2221
12598 2 2 2 157 2228 6517 2227
12599 2 2 2 157 2229 6519 6517
12600 2 2 2 157 2234 6524 2233
12601 2 2 2 157 2231 6524 6520
12602 2 2 2 157 2224 6517 2223
12603 2 2 2 157 6517 6519 2223
12604 2 2 2 157 2678 6521 2677
12605 2 2 2 157 2678 6522 6521
12606 2 2 2 157 2230 6522 2678
12607 2 2 2 157 2230 6523 6522
12608 2 2 2 157 2679 6523 2230
12609 2 2 2 157 6520 6523 2679
12610 2 2 2 157 2222 6521 2676
12611 2 2 2 157 6521 6522 2676
12612 2 2 2 157 2676 6522 2675
12613 2 2 2 157 6522 6523 2675
12614 2 2 2 157 2675 6523 2674
12615 2 2 2 157 2674 6523 6520
12616 2 2 2 157 2677 6521 6519
12617 2 2 2 157 2221 6520 6518
12618 2 2 2 157 6519 6521 2222
12619 2 2 2 157 2233 6524 2232
12620 2 2 2 157 2227 6517 2226
12621 2 2 2 157 2225 6517 2224
12622 2 2 2 157 2235 6518 2234
12623 2 2 2 157 6518 6524 2234
12624 2 2 2 157 6520 6524 6518
12625 2 2 2 157 2221 6518 2236
12626 2 2 2 157 2232 6524 2231
12627 2 2 2 157 2226 6517 2225
12628 2 2 2 157 2236 6518 2235
12629 2 2 2 158 2244 6529 2243
12630 2 2 2 158 2240 6526 2239
12631 2 2 2 158 2245 6525 2244
12632 2 2 2 158 2250 6533 2249
12633 2 2 2 158 2252 6534 2251
12634 2 2 2 158 2241 6528 2240
12635 2 2 2 158 2242 6532 2241
12636 2 2 2 158 2240 6528 6526
12637 2 2 2 158 2246 6525 2245
12638 2 2 2 158 2251 6530 2250
12639 2 2 2 158 2254 6531 2253
12640 2 2 2 158 6530 6534 6528
12641 2 2 2 158 2251 6534 6530
12642 2 2 2 158 6527 6533 6530
12643 2 2 2 158 6530 6533 2250
12644 2 2 2 158 2239 6526 2238
12645 2 2 2 158 2237 6526 2254
12646 2 2 2 158 6528 6531 6526
12647 2 2 2 158 6528 6532 6530
12648 2 2 2 158 6525 6529 2244
12649 2 2 2 158 2249 6533 6525
12650 2 2 2 158 2241 6532 6528
12651 2 2 2 158 2253 6531 2252
12652 2 2 2 158 6528 6534 6531
12653 2 2 2 158 2243 6529 6527
12654 2 2 2 158 6526 6531 2254
12655 2 2 2 158 6530 6532 6527
12656 2 2 2 158 6529 6533 6527
12657 2 2 2 158 2247 6525 2246
12658 2 2 2 158 2243 6527 2242
12659 2 2 2 158 6527 6532 2242
12660 2 2 2 158 2238 6526 2237
12661 2 2 2 158 6531 6534 2252
12662 2 2 2 158 6525 6533 6529
12663 2 2 2 158 2249 6525 2248
12664 2 2 2 158 2248 6525 2247
12665 2 2 2 159 2267 6538 6537
12666 2 2 2 159 6535 6538 2267
12667 2 2 2 159 2271 6539 2256
12668 2 2 2 159 2263 6535 2264
12669 2 2 2 159 2256 6541 2255
12670 2 2 2 159 2262 6538 2263
12671 2 2 2 159 2270 6539 2271
12672 2 2 2 159 2258 6536 2259
12673 2 2 2 159 2260 6540 2261
12674 2 2 2 159 2261 6538 2262
12675 2 2 2 159 2269 6537 2270
12676 2 2 2 159 6539 6541 2256
12677 2 2 2 159 2263 6538 6535
12678 2 2 2 159 6538 6540 6537
12679 2 2 2 159 2259 6540 2260
12680 2 2 2 159 6537 6539 2270
12681 2 2 2 159 6537 6540 6539
12682 2 2 2 159 2261 6540 6538
12683 2 2 2 159 2268 6537 2269
12684 2 2 2 159 2255 6541 2257
12685 2 2 2 159 6539 6540 6536
12686 2 2 2 159 6536 6540 2259
12687 2 2 2 159 6536 6541 6539
12688 2 2 2 159 2264 6535 2265
12689 2 2 2 159 2266 6535 2267
12690 2 2 2 159 2258 6541 6536
12691 2 2 2 159 2257 6541 2258
12692 2 2 2 159 2265 6535 2266
12693 2 2 2 159 2267 6537 2268
12694 2 2 2 160 2272 2273 2274
12695 2 2 2 161 2288 6549 2289
12696 2 2 2 161 2277 6542 2278
12697 2 2 2 161 6545 6549 2288
12698 2 2 2 161 6542 6550 2278
12699 2 2 2 161 2280 6551 2281
12700 2 2 2 161 2285 6543 2286
12701 2 2 2 161 2278 6550 2279
12702 2 2 2 161 2681 6544 2290
12703 2 2 2 161 2279 6546 2680
12704 2 2 2 161 2280 6549 6545
12705 2 2 2 161 2289 6546 2681
12706 2 2 2 161 6545 6551 2280
12707 2 2 2 161 2680 6549 2280
12708 2 2 2 161 2284 6543 2285
12709 2 2 2 161 2289 6549 6546
12710 2 2 2 161 6544 6550 6542
12711 2 2 2 161 2681 6546 6544
12712 2 2 2 161 2279 6550 6546
12713 2 2 2 161 6546 6549 2680
12714 2 2 2 161 6542 6548 6544
12715 2 2 2 161 6546 6550 6544
12716 2 2 2 161 2292 6548 2293
12717 2 2 2 161 6544 6548 2290
12718 2 2 2 161 6543 6547 2286
12719 2 2 2 161 2290 6548 2291
12720 2 2 2 161 2275 6542 2277
12721 2 2 2 161 2293 6542 2276
12722 2 2 2 161 2281 6551 6543
12723 2 2 2 161 2293 6548 6542
12724 2 2 2 161 6547 6551 6545
12725 2 2 2 161 2287 6547 6545
12726 2 2 2 161 2291 6548 2292
12727 2 2 2 161 2287 6545 2288
12728 2 2 2 161 2283 6543 2284
12729 2 2 2 161 6543 6551 6547
12730 2 2 2 161 2281 6543 2282
12731 2 2 2 161 2282 6543 2283
12732 2 2 2 161 2276 6542 2275
12733 2 2 2 161 2286 6547 2287
12734 2 2 2 162 2294 2295 2296
12735 2 2 2 163 2305 6552 2304
12736 2 2 2 163 2307 6556 2684
12737 2 2 2 163 2299 6554 2683
12738 2 2 2 163 2306 6559 2305
12739 2 2 2 163 2682 6555 2297
12740 2 2 2 163 2305 6559 6552
12741 2 2 2 163 2298 6556 2682
12742 2 2 2 163 2683 6557 2298
12743 2 2 2 163 6557 6559 2306
12744 2 2 2 163 2684 6557 2306
12745 2 2 2 163 2298 6557 6556
12746 2 2 2 163 6554 6559 6557
12747 2 2 2 163 2301 6558 2300
12748 2 2 2 163 6556 6557 2684
12749 2 2 2 163 6553 6555 2309
12750 2 2 2 163 2310 6553 2309
12751 2 2 2 163 6554 6557 2683
12752 2 2 2 163 6556 6560 2682
12753 2 2 2 163 2302 6552 2301
12754 2 2 2 163 2304 6552 2303
12755 2 2 2 163 2307 6560 6556
12756 2 2 2 163 2299 6558 6554
12757 2 2 2 163 2311 6553 2310
12758 2 2 2 163 6552 6559 6558
12759 2 2 2 163 2300 6558 2299
12760 2 2 2 163 2682 6560 6555
12761 2 2 2 163 2297 6555 6553
12762 2 2 2 163 6552 6558 2301
12763 2 2 2 163 6558 6559 6554
12764 2 2 2 163 6555 6560 2308
12765 2 2 2 163 2303 6552 2302
12766 2 2 2 163 2308 6560 2307
12767 2 2 2 163 2312 6553 2311
12768 2 2 2 163 2297 6553 2313
12769 2 2 2 163 2313 6553 2312
12770 2 2 2 163 2309 6555 2308
12771 2 2 2 164 2323 6564 2322
12772 2 2 2 164 6561 6564 2323
12773 2 2 2 164 6561 6565 6564
12774 2 2 2 164 6563 6565 6561
12775 2 2 2 164 2326 6561 2325
12776 2 2 2 164 6564 6565 6562
12777 2 2 2 164 2316 6565 2315
12778 2 2 2 164 2315 6563 2314
12779 2 2 2 164 2327 6563 2326
12780 2 2 2 164 2318 6562 2317
12781 2 2 2 164 2326 6563 6561
12782 2 2 2 164 2322 6564 2321
12783 2 2 2 164 2324 6561 2323
12784 2 2 2 164 2320 6564 2319
12785 2 2 2 164 2317 6565 2316
12786 2 2 2 164 2315 6565 6563
12787 2 2 2 164 2319 6562 2318
12788 2 2 2 164 2314 6563 2327
12789 2 2 2 164 2321 6564 2320
12790 2 2 2 164 6562 6565 2317
12791 2 2 2 164 2319 6564 6562
12792 2 2 2 164 2325 6561 2324
12793 2 2 2 165 2333 6572 2332
12794 2 2 2 165 2343 6570 2342
12795 2 2 2 165 2346 6567 2345
12796 2 2 2 165 2685 6573 2343
12797 2 2 2 165 2343 6573 6569
12798 2 2 2 165 6568 6572 2333
12799 2 2 2 165 6567 6568 2345
12800 2 2 2 165 2345 6568 2344
12801 2 2 2 165 2333 6571 6568
12802 2 2 2 165 2335 6573 2334
12803 2 2 2 165 2334 6571 2333
12804 2 2 2 165 6571 6573 2685
12805 2 2 2 165 2344 6571 2685
12806 2 2 2 165 6569 6570 2343
12807 2 2 2 165 2342 6570 6566
12808 2 2 2 165 6568 6571 2344
12809 2 2 2 165 6567 6572 6568
12810 2 2 2 165 2331 6572 2330
12811 2 2 2 165 2328 6567 2346
12812 2 2 2 165 2330 6567 2329
12813 2 2 2 165 2338 6566 2337
12814 2 2 2 165 2342 6566 2341
12815 2 2 2 165 2334 6573 6571
12816 2 2 2 165 2330 6572 6567
12817 2 2 2 165 6566 6570 2337
12818 2 2 2 165 6569 6573 2335
12819 2 2 2 165 2332 6572 2331
12820 2 2 2 165 2329 6567 2328
12821 2 2 2 165 2336 6570 6569
12822 2 2 2 165 2341 6566 2340
12823 2 2 2 165 2339 6566 2338
12824 2 2 2 165 2336 6569 2335
12825 2 2 2 165 2340 6566 2339
12826 2 2 2 165 2337 6570 2336
12827 2 2 2 166 2686 6580 6575
12828 2 2 2 166 2360 6576 2359
12829 2 2 2 166 2357 6574 2356
12830 2 2 2 166 6575 6580 6576
12831 2 2 2 166 2686 6575 2350
12832 2 2 2 166 2356 6577 2355
12833 2 2 2 166 6576 6580 6578
12834 2 2 2 166 2351 6580 2686
12835 2 2 2 166 2355 6577 2354
12836 2 2 2 166 2361 6579 2360
12837 2 2 2 166 2348 6579 2347
12838 2 2 2 166 2358 6578 2357
12839 2 2 2 166 6574 6577 2356
12840 2 2 2 166 6576 6579 6575
12841 2 2 2 166 2349 6575 2348
12842 2 2 2 166 2347 6579 2361
12843 2 2 2 166 6578 6580 6574
12844 2 2 2 166 2357 6578 6574
12845 2 2 2 166 6577 6580 2351
12846 2 2 2 166 2360 6579 6576
12847 2 2 2 166 2359 6578 2358
12848 2 2 2 166 6575 6579 2348
12849 2 2 2 166 6574 6580 6577
12850 2 2 2 166 2350 6575 2349
12851 2 2 2 166 6576 6578 2359
12852 2 2 2 166 2354 6577 2353
12853 2 2 2 166 2352 6577 2351
12854 2 2 2 166 2353 6577 2352
12855 2 2 2 167 2687 6583 2368
12856 2 2 2 167 2370 6585 2689
12857 2 2 2 167 2365 6587 2364
12858 2 2 2 167 6582 6585 2370
12859 2 2 2 167 2362 6583 2379
12860 2 2 2 167 2368 6583 6581
12861 2 2 2 167 2377 6585 2376
12862 2 2 2 167 2373 6582 2372
12863 2 2 2 167 2687 6584 6583
12864 2 2 2 167 2688 6584 2687
12865 2 2 2 167 2369 6586 2688
12866 2 2 2 167 2688 6586 6584
12867 2 2 2 167 2369 6588 6586
12868 2 2 2 167 6585 6588 2689
12869 2 2 2 167 2379 6584 2378
12870 2 2 2 167 2689 6588 2369
12871 2 2 2 167 2378 6586 2690
12872 2 2 2 167 6584 6586 2378
12873 2 2 2 167 6586 6588 2690
12874 2 2 2 167 2690 6588 2377
12875 2 2 2 167 6583 6584 2379
12876 2 2 2 167 2377 6588 6585
12877 2 2 2 167 2362 6587 6583
12878 2 2 2 167 6581 6587 2365
12879 2 2 2 167 6585 6589 2376
12880 2 2 2 167 2364 6587 2363
12881 2 2 2 167 2366 6581 2365
12882 2 2 2 167 2372 6582 2371
12883 2 2 2 167 2368 6581 2367
12884 2 2 2 167 6583 6587 6581
12885 2 2 2 167 2374 6589 2373
12886 2 2 2 167 2373 6589 6582
12887 2 2 2 167 6582 6589 6585
12888 2 2 2 167 2363 6587 2362
12889 2 2 2 167 2376 6589 2375
12890 2 2 2 167 2367 6581 2366
12891 2 2 2 167 2371 6582 2370
12892 2 2 2 167 2375 6589 2374
12893 2 2 2 168 2382 6592 2381
12894 2 2 2 168 2391 6591 2390
12895 2 2 2 168 2381 6591 2380
12896 2 2 2 168 2381 6592 6591
12897 2 2 2 168 6591 6593 2390
12898 2 2 2 168 2383 6590 2382
12899 2 2 2 168 2380 6591 2393
12900 2 2 2 168 2392 6591 2391
12901 2 2 2 168 2390 6593 2389
12902 2 2 2 168 2384 6590 2383
12903 2 2 2 168 6590 6592 2382
12904 2 2 2 168 6592 6593 6591
12905 2 2 2 168 6592 6594 6593
12906 2 2 2 168 2389 6593 2388
12907 2 2 2 168 2393 6591 2392
12908 2 2 2 168 6590 6594 6592
12909 2 2 2 168 2387 6594 6590
12910 2 2 2 168 6593 6594 2388
12911 2 2 2 168 2385 6590 2384
12912 2 2 2 168 2387 6590 2386
12913 2 2 2 168 2386 6590 2385
12914 2 2 2 168 2388 6594 2387
12915 2 2 2 169 2693 6595 2692
12916 2 2 2 169 2694 6596 2693
12917 2 2 2 169 2395 6595 2691
12918 2 2 2 169 2693 6596 6595
12919 2 2 2 169 2692 6595 2398
12920 2 2 2 169 2691 6596 2397
12921 2 2 2 169 2397 6596 2694
12922 2 2 2 169 2398 6595 2395
12923 2 2 2 169 6595 6596 2691
12924 2 2 2 169 2691 2397 2396
12925 2 2 2 169 2691 2394 2395
12926 2 2 2 170 2401 6597 2698
12927 2 2 2 170 2695 6597 2401
12928 2 2 2 170 2696 6597 2695
12929 2 2 2 170 2698 6597 2400
12930 2 2 2 170 2400 6597 2399
12931 2 2 2 170 2697 6597 2696
12932 2 2 2 170 2399 6597 2697
12933 2 2 2 173 6598 6599 2417
12934 2 2 2 173 2416 6599 2415
12935 2 2 2 173 2410 6603 2409
12936 2 2 2 173 2402 6598 2417
12937 2 2 2 173 6600 6602 2408
12938 2 2 2 173 6598 6600 6599
12939 2 2 2 173 6598 6602 6600
12940 2 2 2 173 2405 6604 2404
12941 2 2 2 173 2403 6604 2402
12942 2 2 2 173 6600 6603 6599
12943 2 2 2 173 2406 6602 2405
12944 2 2 2 173 6599 6605 2415
12945 2 2 2 173 2413 6601 2412
12946 2 2 2 173 6603 6605 6599
12947 2 2 2 173 2404 6604 2403
12948 2 2 2 173 6601 6605 6603
12949 2 2 2 173 2411 6601 2410
12950 2 2 2 173 6598 6604 6602
12951 2 2 2 173 2409 6600 2408
12952 2 2 2 173 6601 6603 2410
12953 2 2 2 173 2409 6603 6600
12954 2 2 2 173 2402 6604 6598
12955 2 2 2 173 6602 6604 2405
12956 2 2 2 173 2407 6602 2406
12957 2 2 2 173 2415 6605 2414
12958 2 2 2 173 2412 6601 2411
12959 2 2 2 173 2413 6605 6601
12960 2 2 2 173 2414 6605 2413
12961 2 2 2 173 2408 6602 2407
12962 2 2 2 173 2417 6599 2416
12963 2 2 2 174 2418 6609 2431
12964 2 2 2 174 2427 6608 2426
12965 2 2 2 174 6606 6609 2418
12966 2 2 2 174 2426 6608 6607
12967 2 2 2 174 2421 6610 2420
12968 2 2 2 174 2423 6610 2422
12969 2 2 2 174 2419 6606 2418
12970 2 2 2 174 2429 6608 2428
12971 2 2 2 174 2424 6607 2423
12972 2 2 2 174 2426 6607 2425
12973 2 2 2 174 6606 6610 6608
12974 2 2 2 174 6608 6610 6607
12975 2 2 2 174 2422 6610 2421
12976 2 2 2 174 6608 6609 6606
12977 2 2 2 174 2431 6609 2430
12978 2 2 2 174 2420 6606 2419
12979 2 2 2 174 6607 6610 2423
12980 2 2 2 174 2428 6608 2427
12981 2 2 2 174 2420 6610 6606
12982 2 2 2 174 2425 6607 2424
12983 2 2 2 174 2429 6609 6608
12984 2 2 2 174 2430 6609 2429
$EndElements
