nfib vfrac angle ratio mu lambda
40 0.32 0.0 1.75 0.7670214534732863 0.62
50 0.4 0.0 2.00 0.2779539540258205 0.62
20 0.16 0.0 1.50 1.2594447828927453 0.62
20 0.16 0.0 2.00 2.234658576299335 0.62
60 0.48 0.0 2.00 1.9134959365643336 0.62
30 0.24 0.0 1.00 0.9710968439621899 0.62
10 0.08 0.0 1.00 2.287302575680274 0.62
40 0.32 0.0 2.50 1.959565815767559 0.62
10 0.08 0.0 1.50 0.8941300630645884 0.62
10 0.08 0.0 2.25 2.320873332985973 0.62
60 0.48 0.0 2.50 1.16962758784915 0.62
60 0.48 0.0 1.75 1.000812538798705 0.62
50 0.4 0.0 1.75 0.885176127984478 0.62
20 0.16 0.0 1.50 2.3291592867213806 0.62
40 0.32 0.0 2.00 1.9509796920195779 0.62
30 0.24 0.0 2.50 2.01409260150126 0.62
40 0.32 0.0 2.00 1.671160217292329 0.62
50 0.4 0.0 1.25 1.9002551992301127 0.62
60 0.48 0.0 1.75 0.12809231737138382 0.62
20 0.16 0.0 1.25 1.1510873367300036 0.62
60 0.48 0.0 1.25 2.0233662458445982 0.62
60 0.48 0.0 2.00 2.3488970648764154 0.62
30 0.24 0.0 2.25 1.3810339788606696 0.62
40 0.32 0.0 1.25 1.7876115199665834 0.62
30 0.24 0.0 2.00 2.4323368124871143 0.62
70 0.56 0.0 1.25 1.4677954972199523 0.62
70 0.56 0.0 2.00 1.5556225519743543 0.62
60 0.48 0.0 1.75 1.1652805982291357 0.62
10 0.08 0.0 2.50 0.8260709488891392 0.62
20 0.16 0.0 1.00 1.8098969698866243 0.62
40 0.32 0.0 1.75 1.2427798126450824 0.62
50 0.4 0.0 2.50 0.19401176862360364 0.62
60 0.48 0.0 1.25 0.6758208075372393 0.62
60 0.48 0.0 1.75 2.48423556899402 0.62
40 0.32 0.0 1.75 1.9134427388973165 0.62
30 0.24 0.0 1.25 1.514041689614366 0.62
20 0.16 0.0 2.25 0.7954539823102267 0.62
30 0.24 0.0 1.25 0.3006837665419966 0.62
30 0.24 0.0 1.25 1.7207966520422402 0.62
70 0.56 0.0 1.75 0.9308700263589998 0.62
20 0.16 0.0 1.25 2.2519503902425497 0.62
60 0.48 0.0 2.00 2.437866003419276 0.62
60 0.48 0.0 2.50 2.0136187590232635 0.62
70 0.56 0.0 1.75 1.056075834075498 0.62
20 0.16 0.0 1.50 0.9639434835834619 0.62
40 0.32 0.0 1.00 1.037715720008858 0.62
50 0.4 0.0 1.50 1.9642397244127778 0.62
40 0.32 0.0 2.25 1.405077563389752 0.62
40 0.32 0.0 1.25 2.0973757264808968 0.62
70 0.56 0.0 1.00 1.1352962108106606 0.62
50 0.4 0.0 2.25 1.1209729822774877 0.62
60 0.48 0.0 2.50 1.9385717599337087 0.62
60 0.48 0.0 1.00 1.4880307406644828 0.62
10 0.08 0.0 1.75 0.19008856088088827 0.62
50 0.4 0.0 2.00 1.0095857570795446 0.62
50 0.4 0.0 1.00 0.7507621392042728 0.62
30 0.24 0.0 1.50 0.27788147759619164 0.62
10 0.08 0.0 2.25 0.18657768120055754 0.62
60 0.48 0.0 2.00 1.2632643171633027 0.62
30 0.24 0.0 2.50 0.441712999897132 0.62
70 0.56 0.0 2.50 0.7409462531222997 0.62
50 0.4 0.0 1.50 0.5720212024202869 0.62
40 0.32 0.0 1.25 1.2033626807397646 0.62
10 0.08 0.0 1.50 2.3892361923028513 0.62
20 0.16 0.0 1.50 1.033552185203938 0.62
50 0.4 0.0 1.75 0.45674262887763006 0.62
70 0.56 0.0 1.75 1.4959017281266591 0.62
40 0.32 0.0 1.50 0.2613048830351229 0.62
50 0.4 0.0 1.50 0.14331739213295075 0.62
60 0.48 0.0 2.50 1.7201554394142948 0.62
40 0.32 0.0 1.25 1.580060933545294 0.62
30 0.24 0.0 1.75 1.5789518558516844 0.62
30 0.24 0.0 1.75 0.9807660857881662 0.62
70 0.56 0.0 2.50 0.8560411269174135 0.62
70 0.56 0.0 1.50 2.1175243011908407 0.62
70 0.56 0.0 1.25 1.4748675405535017 0.62
30 0.24 0.0 2.00 0.951556461693619 0.62
70 0.56 0.0 2.50 1.7513529472448974 0.62
20 0.16 0.0 2.25 1.8159499940352701 0.62
70 0.56 0.0 1.75 1.752437736930692 0.62
10 0.08 0.0 1.75 1.7496217020669307 0.62
20 0.16 0.0 2.00 2.1908881251713894 0.62
30 0.24 0.0 2.50 1.392839903969811 0.62
70 0.56 0.0 1.75 1.484975033673698 0.62
20 0.16 0.0 2.25 2.0296051076179036 0.62
30 0.24 0.0 2.25 1.607157348959982 0.62
70 0.56 0.0 2.50 1.184156355391114 0.62
30 0.24 0.0 1.00 0.4964334377980819 0.62
40 0.32 0.0 2.50 1.3518640127727148 0.62
40 0.32 0.0 2.50 1.7466718469355638 0.62
10 0.08 0.0 1.50 1.640686784257289 0.62
20 0.16 0.0 2.00 2.0388182382244473 0.62
10 0.08 0.0 2.50 2.087100017269542 0.62
10 0.08 0.0 2.00 0.9633514717767128 0.62
70 0.56 0.0 1.75 1.8306650012109262 0.62
70 0.56 0.0 1.25 0.2410753140052898 0.62
20 0.16 0.0 1.50 1.5944506932712619 0.62
50 0.4 0.0 1.75 0.18811456117794312 0.62
20 0.16 0.0 2.00 2.3271206141580127 0.62
50 0.4 0.0 1.25 1.2985821094850216 0.62
10 0.08 0.0 2.00 2.308663647593583 0.62
30 0.24 0.0 1.25 1.3713349472575147 0.62
30 0.24 0.0 1.25 1.5435182237572587 0.62
10 0.08 0.0 2.25 0.7870356327015844 0.62
70 0.56 0.0 1.75 0.978153464749658 0.62
50 0.4 0.0 1.75 1.4690193002322742 0.62
60 0.48 0.0 2.25 1.4751359255700447 0.62
30 0.24 0.0 2.25 1.294786139462985 0.62
40 0.32 0.0 2.50 2.495979898167919 0.62
40 0.32 0.0 2.00 0.9881631988849228 0.62
40 0.32 0.0 1.25 2.24420818775069 0.62
40 0.32 0.0 2.00 1.3144260650784159 0.62
70 0.56 0.0 1.00 1.2935798147708404 0.62
50 0.4 0.0 1.25 2.4459899646887218 0.62
10 0.08 0.0 2.50 1.0434313424281154 0.62
20 0.16 0.0 1.50 2.153155112604023 0.62
70 0.56 0.0 2.50 1.7795429124874087 0.62
40 0.32 0.0 1.00 0.8768961815103902 0.62
30 0.24 0.0 1.50 0.6012954947779952 0.62
10 0.08 0.0 1.75 2.425301979649275 0.62
10 0.08 0.0 1.50 2.1603449347826507 0.62
60 0.48 0.0 2.50 2.243703985364435 0.62
50 0.4 0.0 2.00 0.8854860983309951 0.62
40 0.32 0.0 2.50 0.24219683920730328 0.62
50 0.4 0.0 1.25 0.5877461256451463 0.62
40 0.32 0.0 1.50 1.0696697878145782 0.62
10 0.08 0.0 1.75 0.8935568441842324 0.62
20 0.16 0.0 1.00 1.0308013818300374 0.62
10 0.08 0.0 1.00 2.2636397131751758 0.62
40 0.32 0.0 1.25 0.9305860017509996 0.62
30 0.24 0.0 1.25 0.12082572996502756 0.62
20 0.16 0.0 1.50 0.7173762457793055 0.62
60 0.48 0.0 2.50 1.4626570743003178 0.62
30 0.24 0.0 1.00 1.9291392960958673 0.62
70 0.56 0.0 1.25 1.5637731882561712 0.62
70 0.56 0.0 2.50 1.8364947137501615 0.62
40 0.32 0.0 2.25 2.0686349513103703 0.62
10 0.08 0.0 1.25 2.217742560790888 0.62
30 0.24 0.0 1.00 1.978601608354976 0.62
20 0.16 0.0 2.00 1.5898812532567532 0.62
60 0.48 0.0 2.50 1.3935784862834455 0.62
70 0.56 0.0 1.50 1.9206352474937107 0.62
50 0.4 0.0 1.50 2.533609695761422 0.62
50 0.4 0.0 1.00 1.3522942587825233 0.62
60 0.48 0.0 2.50 1.9271925962114052 0.62
20 0.16 0.0 1.25 0.37207489763009194 0.62
40 0.32 0.0 1.50 0.5382975980647948 0.62
60 0.48 0.0 1.75 1.4016342602252858 0.62
60 0.48 0.0 2.25 2.5245265657518603 0.62
50 0.4 0.0 2.50 1.7153053265182934 0.62
10 0.08 0.0 2.25 0.48455935739864253 0.62
10 0.08 0.0 2.00 0.46383780799632235 0.62
50 0.4 0.0 1.75 0.11551984161720975 0.62
10 0.08 0.0 2.50 2.2057418070102752 0.62
70 0.56 0.0 1.75 1.1272887014013198 0.62
10 0.08 0.0 1.25 2.397405512650427 0.62
20 0.16 0.0 1.50 0.7927774874819637 0.62
10 0.08 0.0 1.25 0.7234319716521574 0.62
10 0.08 0.0 2.25 2.0807066575586455 0.62
20 0.16 0.0 2.50 0.690349056455852 0.62
70 0.56 0.0 1.50 1.7816423324384902 0.62
60 0.48 0.0 1.50 0.41857279410719783 0.62
60 0.48 0.0 2.00 1.6307710091396466 0.62
50 0.4 0.0 2.25 2.549665780701978 0.62
30 0.24 0.0 1.75 1.8689534476896243 0.62
30 0.24 0.0 1.00 1.418385125704612 0.62
60 0.48 0.0 1.75 0.5355205637736924 0.62
70 0.56 0.0 1.00 0.8961679244227676 0.62
30 0.24 0.0 1.75 1.0849601855276585 0.62
50 0.4 0.0 2.00 0.9560800617747943 0.62
30 0.24 0.0 1.75 0.8713943354462889 0.62
70 0.56 0.0 1.75 0.5066561490878116 0.62
60 0.48 0.0 2.25 2.46180577006105 0.62
30 0.24 0.0 1.50 0.6871162653428061 0.62
10 0.08 0.0 1.00 1.348020365429984 0.62
50 0.4 0.0 1.00 0.36981937547672916 0.62
40 0.32 0.0 2.25 0.2745150290039695 0.62
30 0.24 0.0 1.50 1.9662214045439028 0.62
50 0.4 0.0 2.25 0.2511167805554037 0.62
20 0.16 0.0 2.50 1.4132001234789533 0.62
60 0.48 0.0 1.00 0.4854646885059595 0.62
70 0.56 0.0 2.25 0.9730298872570727 0.62
40 0.32 0.0 1.75 1.8480610707015293 0.62
40 0.32 0.0 1.50 2.1750679849963364 0.62
10 0.08 0.0 2.50 1.4627369764419829 0.62
50 0.4 0.0 1.00 0.1883086744822232 0.62
50 0.4 0.0 1.75 0.48271488963098597 0.62
70 0.56 0.0 2.00 2.023138611521531 0.62
10 0.08 0.0 1.00 1.494023198571331 0.62
50 0.4 0.0 2.50 0.6776760946357048 0.62
70 0.56 0.0 2.00 1.8378469515072537 0.62
20 0.16 0.0 2.50 1.5248033069386058 0.62
10 0.08 0.0 1.00 1.9097499271009508 0.62
60 0.48 0.0 1.25 1.3517453372894879 0.62
40 0.32 0.0 2.25 1.4851603042382346 0.62
50 0.4 0.0 1.75 0.26774502799254796 0.62
10 0.08 0.0 1.00 2.5216648715504055 0.62
30 0.24 0.0 1.25 1.545424499579935 0.62
40 0.32 0.0 1.00 1.7479900123706849 0.62
30 0.24 0.0 2.00 0.27591555868418194 0.62
60 0.48 0.0 1.75 1.9222267330750984 0.62
30 0.24 0.0 2.00 2.175049400318219 0.62
60 0.48 0.0 1.25 1.8283808339543879 0.62
30 0.24 0.0 2.50 1.5306748623283457 0.62
40 0.32 0.0 2.00 0.1591552084878554 0.62
70 0.56 0.0 1.00 0.17891760076409158 0.62
20 0.16 0.0 1.75 1.7016585090328804 0.62
70 0.56 0.0 1.25 1.5284037864347895 0.62
30 0.24 0.0 1.75 1.6337913523474128 0.62
50 0.4 0.0 2.50 1.5230847403737005 0.62
30 0.24 0.0 1.75 0.8692716164441241 0.62
20 0.16 0.0 1.25 2.226415630100295 0.62
30 0.24 0.0 1.50 1.4107646133885192 0.62
50 0.4 0.0 2.00 0.21593186280583007 0.62
30 0.24 0.0 1.25 1.8936679000268593 0.62
50 0.4 0.0 1.50 1.966849940886699 0.62
70 0.56 0.0 1.50 2.399680979365973 0.62
40 0.32 0.0 1.75 0.47669458299846235 0.62
20 0.16 0.0 1.50 0.5917490860470558 0.62
20 0.16 0.0 2.25 0.5329350226693553 0.62
20 0.16 0.0 1.50 1.1891141383767712 0.62
40 0.32 0.0 2.50 2.0409709815338037 0.62
50 0.4 0.0 1.75 1.2406281981156841 0.62
10 0.08 0.0 1.00 1.8195032011313141 0.62
30 0.24 0.0 2.00 1.7113305396869887 0.62
10 0.08 0.0 2.00 0.30429202938126976 0.62
10 0.08 0.0 1.50 1.0517335977864184 0.62
20 0.16 0.0 1.00 1.3925253060413245 0.62
60 0.48 0.0 1.75 0.7466082274856047 0.62
30 0.24 0.0 1.25 1.477191363963589 0.62
50 0.4 0.0 1.75 1.536135085074022 0.62
40 0.32 0.0 2.00 1.7936967168506466 0.62
30 0.24 0.0 1.25 1.6460478703921826 0.62
50 0.4 0.0 2.50 1.6629114940373888 0.62
60 0.48 0.0 2.25 2.320262481786054 0.62
20 0.16 0.0 1.00 0.3040873780473043 0.62
20 0.16 0.0 1.00 2.012180647963215 0.62
70 0.56 0.0 2.00 0.7521350911254261 0.62
10 0.08 0.0 1.50 1.7187265867987167 0.62
20 0.16 0.0 1.25 0.9583021883451309 0.62
50 0.4 0.0 2.00 0.8367130356707836 0.62
10 0.08 0.0 1.00 1.441903810779539 0.62
10 0.08 0.0 1.25 0.7907843579013164 0.62
60 0.48 0.0 1.25 2.193001141192058 0.62
50 0.4 0.0 1.25 2.150965990050633 0.62
10 0.08 0.0 2.00 1.0678683546749528 0.62
20 0.16 0.0 1.00 0.17218320865271064 0.62
70 0.56 0.0 1.75 0.14470500400090214 0.62
10 0.08 0.0 1.50 0.5165778254180274 0.62
70 0.56 0.0 1.75 1.658332064815485 0.62
20 0.16 0.0 1.25 1.1463849539627864 0.62
50 0.4 0.0 1.25 1.7008060773157674 0.62
60 0.48 0.0 1.25 1.993155453223083 0.62
60 0.48 0.0 2.50 1.1860101653298143 0.62
20 0.16 0.0 1.25 1.9761941531848268 0.62
20 0.16 0.0 1.25 2.2847386164482617 0.62
70 0.56 0.0 1.25 0.43811532905028416 0.62
50 0.4 0.0 2.00 2.463339758263756 0.62
20 0.16 0.0 2.50 1.9252487524642756 0.62
30 0.24 0.0 2.25 1.6750515224749838 0.62
40 0.32 0.0 1.00 2.307146744695548 0.62
70 0.56 0.0 2.50 2.472706327129348 0.62
40 0.32 0.0 1.00 1.5992321522487265 0.62
70 0.56 0.0 2.25 0.8695329370238138 0.62
50 0.4 0.0 1.50 2.535029239700604 0.62
40 0.32 0.0 1.75 0.6337370440706444 0.62
40 0.32 0.0 2.00 1.5714605076604504 0.62
40 0.32 0.0 2.00 1.06861326482247 0.62
50 0.4 0.0 1.25 1.7198384541864489 0.62
30 0.24 0.0 1.75 0.40708808690913145 0.62
30 0.24 0.0 2.50 2.031410961024964 0.62
10 0.08 0.0 2.50 0.5441704385981597 0.62
50 0.4 0.0 1.25 0.6752043995267648 0.62
10 0.08 0.0 1.50 0.909533295081654 0.62
70 0.56 0.0 1.00 0.29934589772290104 0.62
40 0.32 0.0 2.25 1.9257947471348982 0.62
20 0.16 0.0 1.25 1.9107963565870971 0.62
10 0.08 0.0 1.75 1.4689362224051048 0.62
20 0.16 0.0 2.25 1.3074820605333504 0.62
50 0.4 0.0 2.00 2.4300165414194916 0.62
70 0.56 0.0 1.50 0.9915443378604515 0.62
70 0.56 0.0 2.50 2.389687762519841 0.62
30 0.24 0.0 2.25 1.61820976488272 0.62
50 0.4 0.0 1.50 1.0210535979892887 0.62
30 0.24 0.0 1.75 0.5201612622769104 0.62
60 0.48 0.0 1.50 1.3675315922579692 0.62
20 0.16 0.0 2.25 0.5107459173561057 0.62
60 0.48 0.0 2.25 2.3352905247329576 0.62
40 0.32 0.0 1.25 1.1834417931202965 0.62
60 0.48 0.0 2.25 2.281592084555794 0.62
50 0.4 0.0 2.25 1.1835030834186282 0.62
50 0.4 0.0 1.00 1.6421619114327217 0.62
30 0.24 0.0 1.25 1.319402946905288 0.62
70 0.56 0.0 2.50 2.380853833062683 0.62
60 0.48 0.0 2.00 1.1239319634390768 0.62
60 0.48 0.0 1.00 1.5119891338761846 0.62
20 0.16 0.0 1.75 0.43825829046373654 0.62
30 0.24 0.0 1.00 1.2565466227206126 0.62
60 0.48 0.0 1.00 1.4043210034126015 0.62
50 0.4 0.0 2.50 1.5523316716188216 0.62
30 0.24 0.0 2.25 2.142695898481222 0.62
40 0.32 0.0 1.50 2.1811012487054344 0.62
20 0.16 0.0 1.25 1.1146584860534186 0.62
70 0.56 0.0 1.50 2.490568725454267 0.62
50 0.4 0.0 1.75 2.415530739020615 0.62
30 0.24 0.0 2.50 0.8037362813654195 0.62
20 0.16 0.0 2.00 0.6168579329836431 0.62
50 0.4 0.0 1.50 2.489772234957257 0.62
30 0.24 0.0 2.50 2.541666853270019 0.62
10 0.08 0.0 1.50 0.5318445865752742 0.62
60 0.48 0.0 2.25 2.3359766745835047 0.62
40 0.32 0.0 2.50 1.8387660110639066 0.62
20 0.16 0.0 1.00 2.5433029678565515 0.62
50 0.4 0.0 1.25 2.1537969549677007 0.62
60 0.48 0.0 1.25 1.2138850369525978 0.62
40 0.32 0.0 1.75 1.5390477618344325 0.62
30 0.24 0.0 2.25 0.4090864205741547 0.62
70 0.56 0.0 1.50 2.4690542380656884 0.62
20 0.16 0.0 2.50 0.8899736470672978 0.62
60 0.48 0.0 2.25 0.859700450096195 0.62
40 0.32 0.0 1.50 1.7421021658730622 0.62
60 0.48 0.0 1.00 0.5061653938976165 0.62
50 0.4 0.0 1.75 0.6789234908172216 0.62
30 0.24 0.0 2.25 1.7204024707154577 0.62
50 0.4 0.0 1.50 1.5267739174025377 0.62
60 0.48 0.0 2.50 2.3093517920639086 0.62
10 0.08 0.0 2.00 1.7745627620806455 0.62
10 0.08 0.0 2.50 0.8989477736304163 0.62
30 0.24 0.0 1.00 2.4164096423838 0.62
50 0.4 0.0 1.50 0.4791026786861666 0.62
40 0.32 0.0 2.50 1.023146627270312 0.62
50 0.4 0.0 2.25 1.3163938417216314 0.62
40 0.32 0.0 2.00 1.6850044092942025 0.62
20 0.16 0.0 2.25 0.14342388741998185 0.62
20 0.16 0.0 1.00 2.151669697958086 0.62
10 0.08 0.0 1.75 2.514079707617402 0.62
20 0.16 0.0 1.75 1.155439414821542 0.62
20 0.16 0.0 2.25 0.3928174189013236 0.62
60 0.48 0.0 1.50 0.6975774941287556 0.62
70 0.56 0.0 1.25 2.4637882704113863 0.62
30 0.24 0.0 2.50 1.4690338296193002 0.62
40 0.32 0.0 1.25 2.1168174415418597 0.62
40 0.32 0.0 1.25 1.1479255853748156 0.62
70 0.56 0.0 1.25 1.4695633474173235 0.62
30 0.24 0.0 2.00 0.7139743902444539 0.62
30 0.24 0.0 1.50 1.4927994469936599 0.62
50 0.4 0.0 2.50 2.159613720958179 0.62
20 0.16 0.0 2.25 1.5696199027863842 0.62
70 0.56 0.0 2.50 0.49417734749752584 0.62
30 0.24 0.0 1.75 1.8861755674398248 0.62
50 0.4 0.0 1.50 0.516333345250029 0.62
20 0.16 0.0 1.25 0.2484425767263726 0.62
50 0.4 0.0 2.25 0.2831961492850024 0.62
40 0.32 0.0 1.50 1.0440969818830275 0.62
10 0.08 0.0 1.00 0.12519950252823228 0.62
70 0.56 0.0 2.25 0.17069421242328106 0.62
30 0.24 0.0 2.50 0.5700334800698539 0.62
70 0.56 0.0 1.00 2.4870978605005893 0.62
50 0.4 0.0 1.25 2.1093445869710474 0.62
20 0.16 0.0 2.25 1.6086427288186376 0.62
60 0.48 0.0 1.75 1.5406268983585376 0.62
50 0.4 0.0 2.25 0.8551950211985705 0.62
60 0.48 0.0 2.25 0.37401618083448107 0.62
10 0.08 0.0 2.25 2.1208269942933553 0.62
40 0.32 0.0 2.00 2.3141162478192614 0.62
30 0.24 0.0 1.00 2.1427823931847834 0.62
10 0.08 0.0 1.75 0.615702532842461 0.62
20 0.16 0.0 1.50 0.42728445310835494 0.62
20 0.16 0.0 2.00 2.3042182355760956 0.62
40 0.32 0.0 2.50 0.545864566842659 0.62
60 0.48 0.0 2.50 2.3198874603741078 0.62
40 0.32 0.0 2.50 2.3897241663638065 0.62
30 0.24 0.0 1.25 2.1226826767821487 0.62
60 0.48 0.0 1.00 2.0973055715013667 0.62
60 0.48 0.0 1.25 0.28486740694300916 0.62
40 0.32 0.0 2.00 0.9057696338491565 0.62
20 0.16 0.0 1.75 1.6041498788707562 0.62
10 0.08 0.0 2.25 1.6303929807614825 0.62
40 0.32 0.0 2.50 1.5125714191204465 0.62
60 0.48 0.0 2.00 1.4179593185630062 0.62
70 0.56 0.0 1.00 0.9006605112725398 0.62
10 0.08 0.0 2.50 0.9499818536211492 0.62
20 0.16 0.0 1.75 0.28264297025302654 0.62
50 0.4 0.0 1.00 2.3325992783468767 0.62
70 0.56 0.0 1.50 2.128282929317415 0.62
20 0.16 0.0 1.75 0.20213639520586205 0.62
60 0.48 0.0 1.50 2.3025337709290983 0.62
20 0.16 0.0 2.00 1.9887698265417244 0.62
50 0.4 0.0 2.50 2.514042884691592 0.62
60 0.48 0.0 1.00 2.0451323576913536 0.62
20 0.16 0.0 2.25 0.8270871767915235 0.62
50 0.4 0.0 1.25 1.4896753781626269 0.62
30 0.24 0.0 1.00 2.3962169757294354 0.62
60 0.48 0.0 1.50 1.7096445750948552 0.62
40 0.32 0.0 1.75 1.4033433953507215 0.62
40 0.32 0.0 2.50 0.8087749184524696 0.62
10 0.08 0.0 2.25 0.5005001440021788 0.62
40 0.32 0.0 1.00 1.2226097456245235 0.62
10 0.08 0.0 1.50 1.0050961815664237 0.62
70 0.56 0.0 1.00 0.5292860123466757 0.62
30 0.24 0.0 2.25 2.290861974594916 0.62
70 0.56 0.0 1.00 0.7221426795287239 0.62
50 0.4 0.0 2.00 1.2817290329204467 0.62
60 0.48 0.0 1.00 1.2066494243702512 0.62
30 0.24 0.0 1.75 2.3009847645087573 0.62
70 0.56 0.0 1.50 0.5483130582780719 0.62
20 0.16 0.0 1.75 1.026449625123454 0.62
70 0.56 0.0 1.75 0.33651077206361446 0.62
70 0.56 0.0 1.50 1.779609048641613 0.62
20 0.16 0.0 1.00 0.7437377013578501 0.62
40 0.32 0.0 2.25 1.766525447803238 0.62
40 0.32 0.0 2.25 2.3916843272596164 0.62
10 0.08 0.0 1.25 0.3606660883779089 0.62
60 0.48 0.0 2.50 0.23025168446178682 0.62
20 0.16 0.0 1.75 1.5269818163994409 0.62
30 0.24 0.0 1.50 0.27121695713050453 0.62
30 0.24 0.0 1.75 0.25188173377200196 0.62
70 0.56 0.0 2.25 0.8630872652456407 0.62
30 0.24 0.0 1.25 2.1615182901640018 0.62
40 0.32 0.0 1.00 1.0570101345964706 0.62
40 0.32 0.0 2.50 2.2942641382352473 0.62
30 0.24 0.0 1.50 0.3430584080489022 0.62
20 0.16 0.0 1.75 2.3310515401142435 0.62
10 0.08 0.0 1.25 1.8862358750402755 0.62
50 0.4 0.0 1.50 0.4133488824363062 0.62
20 0.16 0.0 1.25 1.8598074819173822 0.62
70 0.56 0.0 1.25 2.3224834120780358 0.62
30 0.24 0.0 1.25 2.181487010256155 0.62
20 0.16 0.0 1.75 1.527795251314203 0.62
70 0.56 0.0 2.00 0.796711920862524 0.62
30 0.24 0.0 1.50 1.2271295934031383 0.62
40 0.32 0.0 1.50 2.3754359935318528 0.62
60 0.48 0.0 1.00 1.1898704278385215 0.62
60 0.48 0.0 1.25 1.229071586058193 0.62
70 0.56 0.0 1.75 0.5314529064426817 0.62
60 0.48 0.0 1.50 0.7901045502483046 0.62
50 0.4 0.0 2.00 2.0669884443849775 0.62
50 0.4 0.0 1.25 0.23003177726586843 0.62
50 0.4 0.0 2.00 1.1178764243574841 0.62
20 0.16 0.0 1.00 2.2694528303441417 0.62
60 0.48 0.0 2.25 2.06187189478592 0.62
60 0.48 0.0 1.25 1.0401419773282001 0.62
40 0.32 0.0 2.50 0.9315063902815787 0.62
40 0.32 0.0 2.50 1.628840156915163 0.62
60 0.48 0.0 1.50 1.5727812897093048 0.62
40 0.32 0.0 2.00 2.329943001074186 0.62
10 0.08 0.0 1.75 1.4194187819881534 0.62
60 0.48 0.0 1.75 0.6152422491515577 0.62
70 0.56 0.0 2.25 1.0211294617510525 0.62
50 0.4 0.0 1.00 1.7664884227191409 0.62
20 0.16 0.0 1.25 1.319128304531445 0.62
60 0.48 0.0 1.50 0.6827723953245916 0.62
20 0.16 0.0 1.25 2.033274753287957 0.62
70 0.56 0.0 2.00 1.6884152780690658 0.62
30 0.24 0.0 2.50 1.8077912132133596 0.62
70 0.56 0.0 1.00 0.3831412429797545 0.62
10 0.08 0.0 2.50 1.6866537953852438 0.62
40 0.32 0.0 2.25 1.6375183570247107 0.62
20 0.16 0.0 1.00 0.4285240869617374 0.62
60 0.48 0.0 2.50 1.7572909271223236 0.62
10 0.08 0.0 2.00 0.5871029384560185 0.62
30 0.24 0.0 2.25 0.53706261371907 0.62
20 0.16 0.0 1.50 2.37410108407156 0.62
70 0.56 0.0 2.50 0.9456572749972829 0.62
20 0.16 0.0 2.50 0.8095054330820068 0.62
40 0.32 0.0 1.75 1.2782467066422547 0.62
50 0.4 0.0 1.50 1.7909000335422562 0.62
50 0.4 0.0 2.00 1.1820875480289152 0.62
70 0.56 0.0 1.50 0.43389140959968664 0.62
70 0.56 0.0 1.50 1.9619342876847594 0.62
30 0.24 0.0 2.00 2.1289873183330754 0.62
60 0.48 0.0 2.25 0.5439532493322057 0.62
50 0.4 0.0 2.25 2.3702956383432414 0.62
40 0.32 0.0 2.25 0.20916888068613615 0.62
40 0.32 0.0 2.50 2.4178859141697746 0.62
20 0.16 0.0 1.25 2.1805373177617686 0.62
60 0.48 0.0 1.25 0.5781160686443911 0.62
10 0.08 0.0 2.25 1.0358545547504743 0.62
60 0.48 0.0 1.75 2.016022231464729 0.62
60 0.48 0.0 2.25 2.2269536956366633 0.62
70 0.56 0.0 1.00 0.19017889822945314 0.62
40 0.32 0.0 1.75 1.1408910945593063 0.62
40 0.32 0.0 2.50 0.7959194052706782 0.62
30 0.24 0.0 1.75 0.924725209195562 0.62
60 0.48 0.0 2.50 0.5155142300823071 0.62
10 0.08 0.0 1.25 1.8049348128753855 0.62
40 0.32 0.0 1.00 0.12202973256294683 0.62
30 0.24 0.0 2.25 1.2436213617296648 0.62
70 0.56 0.0 1.25 1.3464516829891124 0.62
30 0.24 0.0 1.50 1.820938706427977 0.62
40 0.32 0.0 1.25 1.4787674631597125 0.62
30 0.24 0.0 2.50 1.473003182775482 0.62
70 0.56 0.0 2.00 1.6821112704937018 0.62
20 0.16 0.0 1.00 1.4018203428672347 0.62
70 0.56 0.0 1.00 0.5503692271103331 0.62
40 0.32 0.0 1.75 0.2245918591609601 0.62
30 0.24 0.0 1.50 1.482864027867174 0.62
60 0.48 0.0 2.25 1.456320184915481 0.62
60 0.48 0.0 1.00 0.873552721303087 0.62
50 0.4 0.0 1.75 0.526628837265703 0.62
50 0.4 0.0 1.75 0.1453301682259769 0.62
50 0.4 0.0 2.50 0.2159052276042153 0.62
20 0.16 0.0 2.25 0.16376291275692534 0.62
30 0.24 0.0 2.25 0.777710469838229 0.62
10 0.08 0.0 1.25 2.0601389604264453 0.62
20 0.16 0.0 2.25 1.296241411287964 0.62
20 0.16 0.0 2.00 1.3884821838873533 0.62
40 0.32 0.0 1.75 0.8039392191470054 0.62
20 0.16 0.0 1.00 1.7536965003115652 0.62
30 0.24 0.0 2.50 1.7495748886818767 0.62
10 0.08 0.0 1.50 0.23631917275789674 0.62
60 0.48 0.0 1.75 1.3629300964896227 0.62
70 0.56 0.0 2.25 0.3735201153063281 0.62
50 0.4 0.0 2.25 2.222355947403953 0.62
70 0.56 0.0 1.75 1.8589182763086172 0.62
60 0.48 0.0 1.25 2.0121113654457714 0.62
70 0.56 0.0 2.25 0.5480517737838388 0.62
10 0.08 0.0 1.50 1.5516661933510647 0.62
40 0.32 0.0 1.75 2.317760844798326 0.62
70 0.56 0.0 2.50 2.3034840568024113 0.62
60 0.48 0.0 1.00 1.0391856336936762 0.62
20 0.16 0.0 1.00 1.9366136904951403 0.62
70 0.56 0.0 1.75 1.9031252266247785 0.62
50 0.4 0.0 2.50 0.8868973372532123 0.62
40 0.32 0.0 2.00 0.9747933762944977 0.62
10 0.08 0.0 2.25 0.46895777173412856 0.62
30 0.24 0.0 2.25 0.9546733999965442 0.62
20 0.16 0.0 2.00 1.2272927632255093 0.62
10 0.08 0.0 2.25 0.8944107234712061 0.62
60 0.48 0.0 2.25 1.4420381771972373 0.62
40 0.32 0.0 1.75 0.8993105721484913 0.62
20 0.16 0.0 2.25 0.31314599324494596 0.62
60 0.48 0.0 1.00 1.4905866427067322 0.62
50 0.4 0.0 1.25 1.3838537193621558 0.62
10 0.08 0.0 2.25 2.081217472919466 0.62
50 0.4 0.0 2.50 2.1924181451129234 0.62
70 0.56 0.0 1.25 1.008297486818558 0.62
40 0.32 0.0 2.00 0.8974391977098044 0.62
10 0.08 0.0 2.25 1.9297340781281422 0.62
30 0.24 0.0 2.00 2.2278417790936094 0.62
10 0.08 0.0 1.00 1.3274997987883494 0.62
60 0.48 0.0 1.75 0.4912281636665844 0.62
70 0.56 0.0 2.25 0.7432298930122967 0.62
30 0.24 0.0 2.50 1.9892002888837614 0.62
50 0.4 0.0 1.75 0.6688893880374929 0.62
10 0.08 0.0 1.25 2.4347555198962976 0.62
50 0.4 0.0 1.50 1.302291192797989 0.62
30 0.24 0.0 2.50 1.4005280772686561 0.62
70 0.56 0.0 1.25 1.8892430456494131 0.62
10 0.08 0.0 1.00 0.2419628642924766 0.62
20 0.16 0.0 1.25 0.817290121797987 0.62
10 0.08 0.0 1.25 2.2187017126464292 0.62
40 0.32 0.0 2.00 1.142291461536415 0.62
40 0.32 0.0 2.00 2.4700275769165576 0.62
60 0.48 0.0 1.25 0.25905900810704796 0.62
40 0.32 0.0 1.75 0.10635583324083056 0.62
70 0.56 0.0 2.25 0.14979893127639296 0.62
20 0.16 0.0 2.25 2.457995402025559 0.62
10 0.08 0.0 1.00 1.9302217086505111 0.62
10 0.08 0.0 1.00 2.283616121363131 0.62
20 0.16 0.0 2.25 2.5431153071042782 0.62
10 0.08 0.0 1.00 0.9959368959830875 0.62
60 0.48 0.0 1.75 0.10999106204015202 0.62
40 0.32 0.0 1.75 2.2941704485862147 0.62
30 0.24 0.0 1.25 1.504121525090264 0.62
20 0.16 0.0 1.00 2.0772546082821823 0.62
60 0.48 0.0 2.25 0.9608592608783728 0.62
60 0.48 0.0 2.00 0.9038599246766184 0.62
50 0.4 0.0 2.00 1.9005060389567505 0.62
30 0.24 0.0 2.00 0.7595850338464618 0.62
70 0.56 0.0 2.50 1.4745581147457028 0.62
70 0.56 0.0 1.50 1.1999733205324927 0.62
30 0.24 0.0 1.25 0.49111886485468215 0.62
10 0.08 0.0 1.00 1.6745474160570541 0.62
50 0.4 0.0 1.50 2.167001299848877 0.62
60 0.48 0.0 2.00 0.19378350484053156 0.62
40 0.32 0.0 1.75 0.8911092414196398 0.62
50 0.4 0.0 2.50 0.2710686700135318 0.62
30 0.24 0.0 1.50 1.0248703707419036 0.62
10 0.08 0.0 1.75 0.20856496197140345 0.62
30 0.24 0.0 1.50 0.24553017124351975 0.62
10 0.08 0.0 2.00 1.9382153848214696 0.62
10 0.08 0.0 1.75 1.7328306176173576 0.62
50 0.4 0.0 1.75 1.642826736496937 0.62
60 0.48 0.0 2.50 0.8382774053045386 0.62
50 0.4 0.0 2.00 0.5736802690618225 0.62
10 0.08 0.0 1.25 0.38100092161537247 0.62
40 0.32 0.0 2.50 1.6093717810274801 0.62
70 0.56 0.0 2.25 1.5172434032437283 0.62
10 0.08 0.0 1.25 2.175611238259264 0.62
50 0.4 0.0 1.25 2.25923562604285 0.62
40 0.32 0.0 2.00 2.37486877116536 0.62
10 0.08 0.0 1.75 0.5665659317574806 0.62
10 0.08 0.0 2.50 1.1409265644722582 0.62
20 0.16 0.0 1.50 0.5045639193848593 0.62
30 0.24 0.0 1.75 1.4151192534750563 0.62
60 0.48 0.0 1.75 0.9540661058443349 0.62
40 0.32 0.0 2.25 0.13014299969183876 0.62
50 0.4 0.0 2.00 0.4369000302086127 0.62
40 0.32 0.0 1.25 0.7861725793712078 0.62
60 0.48 0.0 2.00 1.7963932904935802 0.62
30 0.24 0.0 2.25 1.1610729740850982 0.62
10 0.08 0.0 1.00 1.6801832419435594 0.62
50 0.4 0.0 1.25 1.6764401263859163 0.62
70 0.56 0.0 1.50 1.7591378431045583 0.62
70 0.56 0.0 1.75 1.0886638232610144 0.62
30 0.24 0.0 1.50 2.4203488374890876 0.62
60 0.48 0.0 2.50 1.5460709707137472 0.62
30 0.24 0.0 1.50 1.7995211624324963 0.62
30 0.24 0.0 1.50 0.31595551502198893 0.62
60 0.48 0.0 1.50 0.7708754908000511 0.62
70 0.56 0.0 1.50 2.067256732409195 0.62
40 0.32 0.0 1.75 0.520876075545507 0.62
20 0.16 0.0 2.00 0.5865963034536832 0.62
30 0.24 0.0 1.25 0.23156975371731991 0.62
30 0.24 0.0 1.75 1.1788589039662754 0.62
20 0.16 0.0 2.25 0.38358830316378245 0.62
40 0.32 0.0 1.50 1.1969650989263834 0.62
10 0.08 0.0 1.00 0.5030767413765029 0.62
20 0.16 0.0 2.25 1.6539223728060752 0.62
10 0.08 0.0 1.25 2.1907875175074034 0.62
30 0.24 0.0 2.00 1.3297792653849216 0.62
10 0.08 0.0 2.25 0.8165362984308028 0.62
50 0.4 0.0 1.75 1.1449446554211122 0.62
30 0.24 0.0 1.75 0.9364140296638278 0.62
10 0.08 0.0 2.50 0.7661355749700257 0.62
10 0.08 0.0 1.00 0.7774740291409382 0.62
70 0.56 0.0 2.00 2.105701988039297 0.62
40 0.32 0.0 2.50 0.41607996530147007 0.62
60 0.48 0.0 1.50 0.31175619364365575 0.62
40 0.32 0.0 1.75 0.4197737853727449 0.62
10 0.08 0.0 2.50 0.8460462421404188 0.62
30 0.24 0.0 1.00 0.9898295309283195 0.62
50 0.4 0.0 2.00 0.18628393911140378 0.62
40 0.32 0.0 2.50 2.3589115717359226 0.62
10 0.08 0.0 2.00 1.264596049763412 0.62
20 0.16 0.0 1.25 1.246159422276289 0.62
70 0.56 0.0 2.00 0.2220937643389639 0.62
50 0.4 0.0 1.50 1.5777525600960263 0.62
70 0.56 0.0 1.75 1.056930155617767 0.62
20 0.16 0.0 2.50 1.7724927929792182 0.62
50 0.4 0.0 2.00 1.176469147654223 0.62
70 0.56 0.0 1.25 1.4035916149440588 0.62
30 0.24 0.0 2.25 0.8681663533645974 0.62
60 0.48 0.0 2.50 0.8891645164429349 0.62
10 0.08 0.0 1.75 0.7943633963290131 0.62
10 0.08 0.0 1.50 1.5915598886236564 0.62
20 0.16 0.0 2.00 0.9333749783173391 0.62
60 0.48 0.0 2.50 2.196347627945489 0.62
40 0.32 0.0 1.75 0.577069881293798 0.62
60 0.48 0.0 2.00 0.8554718704131746 0.62
10 0.08 0.0 1.00 0.9599038368574021 0.62
70 0.56 0.0 1.75 1.147756982528052 0.62
50 0.4 0.0 1.50 0.3093269378682052 0.62
70 0.56 0.0 1.00 2.4186953103364557 0.62
40 0.32 0.0 2.00 0.40162339650394685 0.62
70 0.56 0.0 1.50 0.18952934299988128 0.62
20 0.16 0.0 2.00 1.571517960406506 0.62
30 0.24 0.0 1.75 1.4736343261307308 0.62
70 0.56 0.0 2.50 1.728161509049291 0.62
50 0.4 0.0 2.25 2.2155617165210977 0.62
60 0.48 0.0 2.50 1.4834388042593958 0.62
10 0.08 0.0 1.75 1.0611526062952954 0.62
20 0.16 0.0 1.75 1.0399668626598215 0.62
10 0.08 0.0 1.50 1.1167253482441015 0.62
60 0.48 0.0 1.25 0.8523869959411094 0.62
30 0.24 0.0 2.00 1.4622293040512295 0.62
60 0.48 0.0 1.25 1.6806366253118894 0.62
30 0.24 0.0 1.75 1.0635389485376856 0.62
40 0.32 0.0 1.25 1.1025834194996926 0.62
70 0.56 0.0 1.50 0.5949793443193965 0.62
60 0.48 0.0 1.00 2.1147893649609233 0.62
40 0.32 0.0 2.00 0.10539450830207407 0.62
70 0.56 0.0 1.00 2.378011186789975 0.62
20 0.16 0.0 1.75 0.42984512170265177 0.62
70 0.56 0.0 1.50 2.090716769398873 0.62
20 0.16 0.0 1.75 0.8504373682485297 0.62
10 0.08 0.0 1.00 1.821738244903602 0.62
10 0.08 0.0 2.25 2.4591711661472866 0.62
70 0.56 0.0 2.50 0.5279912015901437 0.62
10 0.08 0.0 1.50 0.4053563050396696 0.62
20 0.16 0.0 1.75 0.23873171802300053 0.62
30 0.24 0.0 1.25 2.463563556310166 0.62
10 0.08 0.0 1.50 1.980822876146551 0.62
60 0.48 0.0 2.50 1.9578406573314597 0.62
20 0.16 0.0 2.00 1.5478714845092176 0.62
30 0.24 0.0 2.25 1.8556680243779213 0.62
40 0.32 0.0 2.00 1.6520258997204424 0.62
70 0.56 0.0 1.50 0.7633533910233673 0.62
30 0.24 0.0 1.75 0.708955104585051 0.62
10 0.08 0.0 2.25 1.4307063972989398 0.62
60 0.48 0.0 1.50 2.1370027645243077 0.62
50 0.4 0.0 2.50 0.6033743074100436 0.62
30 0.24 0.0 1.00 0.14700816994784682 0.62
10 0.08 0.0 1.25 2.5331517092496965 0.62
40 0.32 0.0 1.50 2.2200699051815427 0.62
10 0.08 0.0 1.50 1.6758926258684939 0.62
20 0.16 0.0 1.25 0.761758651864052 0.62
30 0.24 0.0 2.25 1.9073947009484122 0.62
50 0.4 0.0 1.25 0.23779480099946682 0.62
30 0.24 0.0 2.50 0.10713901932850897 0.62
40 0.32 0.0 1.25 1.6140878975140696 0.62
10 0.08 0.0 2.25 0.3001210560088514 0.62
20 0.16 0.0 2.50 1.6539644221910967 0.62
70 0.56 0.0 1.25 2.240238448984761 0.62
50 0.4 0.0 2.25 0.5695656405190205 0.62
20 0.16 0.0 2.00 0.27002453201906373 0.62
40 0.32 0.0 1.25 2.3785643042034534 0.62
40 0.32 0.0 1.50 0.6346124103419971 0.62
60 0.48 0.0 2.00 0.38011530785047487 0.62
20 0.16 0.0 1.25 1.184763024325191 0.62
20 0.16 0.0 1.50 0.9695357948681846 0.62
50 0.4 0.0 1.25 1.6051506761920085 0.62
30 0.24 0.0 2.50 1.4302791182372916 0.62
20 0.16 0.0 2.00 1.8457861935205735 0.62
20 0.16 0.0 1.75 0.7792297270910432 0.62
10 0.08 0.0 2.25 0.5966088624296588 0.62
30 0.24 0.0 1.50 1.2828429092542544 0.62
30 0.24 0.0 1.00 1.7969104015567843 0.62
20 0.16 0.0 1.50 1.3725294766644505 0.62
40 0.32 0.0 1.50 0.7941332045293444 0.62
50 0.4 0.0 2.00 1.8873961378108859 0.62
30 0.24 0.0 1.00 2.2607042454187596 0.62
40 0.32 0.0 2.25 0.617711991378314 0.62
30 0.24 0.0 1.00 1.9161891419129926 0.62
40 0.32 0.0 2.00 0.6306151378897284 0.62
20 0.16 0.0 1.75 2.398201009627821 0.62
60 0.48 0.0 1.75 0.392354122966583 0.62
30 0.24 0.0 1.00 1.1215233050863127 0.62
30 0.24 0.0 2.50 0.1968107653631366 0.62
30 0.24 0.0 1.25 1.7416706249933434 0.62
70 0.56 0.0 1.25 0.9967026103971347 0.62
40 0.32 0.0 1.25 1.537478230345599 0.62
70 0.56 0.0 1.50 0.723494138262673 0.62
40 0.32 0.0 1.50 0.541034169244472 0.62
60 0.48 0.0 2.25 2.4116564197026573 0.62
20 0.16 0.0 2.25 0.6422898946312445 0.62
60 0.48 0.0 2.00 0.8299591699836458 0.62
30 0.24 0.0 1.50 1.290535891146435 0.62
50 0.4 0.0 1.25 1.7727816604175282 0.62
50 0.4 0.0 1.75 0.3581088027390976 0.62
20 0.16 0.0 1.75 2.2300820933141154 0.62
60 0.48 0.0 2.00 1.775776431796008 0.62
70 0.56 0.0 1.50 2.314794790550751 0.62
40 0.32 0.0 1.75 0.6329309583711854 0.62
40 0.32 0.0 2.50 0.9145667719936026 0.62
60 0.48 0.0 1.00 0.8338480096157662 0.62
30 0.24 0.0 2.25 0.47984740825523176 0.62
50 0.4 0.0 1.25 2.051077652790144 0.62
60 0.48 0.0 1.75 1.3616453480111759 0.62
60 0.48 0.0 1.75 1.8515843511097043 0.62
20 0.16 0.0 2.50 1.944202930101895 0.62
40 0.32 0.0 1.50 1.7402467385717546 0.62
70 0.56 0.0 1.75 1.5663810073893711 0.62
30 0.24 0.0 1.75 2.0529459941927595 0.62
60 0.48 0.0 1.00 0.3810693421027157 0.62
20 0.16 0.0 1.00 2.226975524658759 0.62
50 0.4 0.0 1.00 1.1314986770731663 0.62
60 0.48 0.0 1.75 2.225405887091472 0.62
60 0.48 0.0 2.00 1.0554436567968082 0.62
30 0.24 0.0 2.50 1.5675993905437726 0.62
30 0.24 0.0 2.25 1.3261049062409043 0.62
20 0.16 0.0 2.50 0.8393375425545166 0.62
60 0.48 0.0 2.50 0.7816758222028578 0.62
70 0.56 0.0 1.50 1.4715302344171681 0.62
50 0.4 0.0 1.00 2.177198543695906 0.62
30 0.24 0.0 1.25 0.859478894303163 0.62
20 0.16 0.0 1.00 0.2219240497784004 0.62
50 0.4 0.0 1.75 2.1002362066367857 0.62
10 0.08 0.0 2.50 1.4510076220214199 0.62
60 0.48 0.0 1.50 2.201426259234123 0.62
30 0.24 0.0 1.50 0.9352831794813923 0.62
10 0.08 0.0 2.00 1.3261501056976321 0.62
20 0.16 0.0 2.25 0.9548351349245352 0.62
10 0.08 0.0 2.50 2.548639361911272 0.62
50 0.4 0.0 2.50 0.4507050539672951 0.62
30 0.24 0.0 2.50 1.9343678467891632 0.62
70 0.56 0.0 2.50 0.32210505642294673 0.62
20 0.16 0.0 2.00 1.1317378954447526 0.62
30 0.24 0.0 1.00 0.8346877478750913 0.62
20 0.16 0.0 2.50 1.0560407479823959 0.62
30 0.24 0.0 1.75 1.8696854610700135 0.62
40 0.32 0.0 1.50 1.9493889389433463 0.62
50 0.4 0.0 1.00 2.0933090582526286 0.62
30 0.24 0.0 1.00 1.6870365221845418 0.62
40 0.32 0.0 2.25 1.9964049011014522 0.62
20 0.16 0.0 1.75 0.5306347299289531 0.62
20 0.16 0.0 1.50 0.4238571217166164 0.62
10 0.08 0.0 2.25 1.654462674906909 0.62
10 0.08 0.0 1.25 1.2803420485165513 0.62
20 0.16 0.0 1.00 1.1007751986653354 0.62
50 0.4 0.0 2.25 1.1796033976869031 0.62
10 0.08 0.0 2.00 0.3266145826304216 0.62
40 0.32 0.0 2.25 0.5180335293688898 0.62
40 0.32 0.0 2.00 2.412806809590933 0.62
40 0.32 0.0 1.00 0.353556941644092 0.62
70 0.56 0.0 2.50 1.96559823980194 0.62
50 0.4 0.0 1.25 1.5151994679780698 0.62
60 0.48 0.0 2.50 1.7966963554472926 0.62
70 0.56 0.0 1.25 0.6527847580806333 0.62
10 0.08 0.0 2.50 2.069888938716178 0.62
20 0.16 0.0 2.00 2.1253637291913727 0.62
70 0.56 0.0 1.00 0.4259264242019025 0.62
10 0.08 0.0 1.50 1.4892848628336772 0.62
60 0.48 0.0 1.75 1.75403056687128 0.62
70 0.56 0.0 1.50 1.801433500026899 0.62
20 0.16 0.0 1.25 1.971093254902586 0.62
70 0.56 0.0 1.25 1.1225917230822768 0.62
50 0.4 0.0 1.25 2.244488981922294 0.62
50 0.4 0.0 1.50 2.261164975943261 0.62
40 0.32 0.0 2.00 0.7002009572616839 0.62
10 0.08 0.0 2.50 2.535340292083574 0.62
40 0.32 0.0 1.75 0.24545934461283983 0.62
40 0.32 0.0 1.50 2.2376974183936467 0.62
40 0.32 0.0 1.00 1.6279621892184293 0.62
30 0.24 0.0 1.25 1.9237048960741925 0.62
10 0.08 0.0 1.00 2.20602064686543 0.62
70 0.56 0.0 2.00 2.229036862207734 0.62
60 0.48 0.0 1.75 1.1365785310680727 0.62
30 0.24 0.0 1.25 2.063092644764329 0.62
40 0.32 0.0 2.00 1.7278938760249087 0.62
70 0.56 0.0 2.50 0.18286522846478453 0.62
60 0.48 0.0 2.50 1.8191264930841382 0.62
30 0.24 0.0 1.50 1.9192266736008792 0.62
70 0.56 0.0 2.50 1.5581706473003876 0.62
70 0.56 0.0 2.00 0.43858470223915125 0.62
30 0.24 0.0 2.00 2.007418034740682 0.62
70 0.56 0.0 1.75 0.5904456463468392 0.62
60 0.48 0.0 1.00 2.1428277574312213 0.62
60 0.48 0.0 1.50 0.2635661694820266 0.62
70 0.56 0.0 1.00 0.4710654218054807 0.62
70 0.56 0.0 1.50 1.8733308799236315 0.62
60 0.48 0.0 1.75 0.9814968745819839 0.62
50 0.4 0.0 2.25 0.946000228114911 0.62
50 0.4 0.0 1.75 1.1350834060428063 0.62
50 0.4 0.0 1.50 2.5283752564121795 0.62
20 0.16 0.0 1.75 0.8787866922591314 0.62
10 0.08 0.0 2.25 1.1507593981215842 0.62
10 0.08 0.0 1.75 1.5951485179797236 0.62
70 0.56 0.0 1.75 1.3146642982647774 0.62
50 0.4 0.0 2.25 0.6044460803678722 0.62
60 0.48 0.0 1.75 0.31498877501494227 0.62
40 0.32 0.0 1.50 1.7820970504234268 0.62
70 0.56 0.0 2.00 0.900784661777952 0.62
10 0.08 0.0 2.00 1.0348101112957602 0.62
50 0.4 0.0 2.50 1.1579564805442897 0.62
40 0.32 0.0 2.00 1.7658276316560026 0.62
30 0.24 0.0 1.75 1.0380584120984746 0.62
10 0.08 0.0 1.75 1.4985319722185009 0.62
50 0.4 0.0 1.25 0.7332885520330588 0.62
30 0.24 0.0 1.50 1.9361962707666984 0.62
70 0.56 0.0 1.00 0.2663408160081854 0.62
70 0.56 0.0 2.50 2.304449905658325 0.62
10 0.08 0.0 1.00 0.21968036694531623 0.62
20 0.16 0.0 2.25 0.9356214955544712 0.62
40 0.32 0.0 2.25 1.2888482226001685 0.62
30 0.24 0.0 2.50 2.2960612238905673 0.62
50 0.4 0.0 2.25 1.9657981413708798 0.62
20 0.16 0.0 2.00 1.1299078034773886 0.62
20 0.16 0.0 1.25 2.5124376576086385 0.62
20 0.16 0.0 1.00 2.458501819004808 0.62
70 0.56 0.0 1.00 1.3025224795340955 0.62
50 0.4 0.0 2.25 2.5113641546673597 0.62
10 0.08 0.0 2.50 0.14646337230886006 0.62
60 0.48 0.0 1.50 1.8434402551836537 0.62
40 0.32 0.0 1.50 1.3551714537828425 0.62
40 0.32 0.0 1.50 2.470090228626093 0.62
40 0.32 0.0 2.00 0.1445178703732503 0.62
40 0.32 0.0 2.00 0.6960421818614936 0.62
40 0.32 0.0 2.00 0.30141011264435663 0.62
70 0.56 0.0 2.00 1.9036823168325094 0.62
50 0.4 0.0 2.50 1.5006458509453613 0.62
60 0.48 0.0 1.50 0.5387119985261111 0.62
20 0.16 0.0 2.25 2.2471884303254015 0.62
40 0.32 0.0 2.00 2.2365374425434235 0.62
20 0.16 0.0 2.50 1.9688066648281897 0.62
10 0.08 0.0 2.00 0.730084706000481 0.62
20 0.16 0.0 2.50 2.0241696288235316 0.62
30 0.24 0.0 1.75 1.2409402213126486 0.62
40 0.32 0.0 1.00 1.1487890557121234 0.62
10 0.08 0.0 2.00 1.7670405957519368 0.62
20 0.16 0.0 1.00 2.300938177912327 0.62
60 0.48 0.0 2.50 2.145434736758554 0.62
10 0.08 0.0 1.00 2.04167694022155 0.62
10 0.08 0.0 1.75 0.41267995017536074 0.62
70 0.56 0.0 2.50 2.172891304006471 0.62
70 0.56 0.0 1.25 1.210799312792329 0.62
70 0.56 0.0 1.25 0.3257584881812925 0.62
60 0.48 0.0 2.25 2.4523621752613507 0.62
50 0.4 0.0 2.50 1.1567990560081214 0.62
30 0.24 0.0 2.25 0.4461486984286879 0.62
70 0.56 0.0 1.25 1.2844980933640213 0.62
10 0.08 0.0 1.00 2.079481302065857 0.62
20 0.16 0.0 1.25 0.9311288036593728 0.62
20 0.16 0.0 1.75 1.5020392984820032 0.62
70 0.56 0.0 1.25 0.13322956815659254 0.62
70 0.56 0.0 1.75 0.15019719925765468 0.62
40 0.32 0.0 1.50 1.309565641019143 0.62
40 0.32 0.0 1.00 0.5967591285230637 0.62
50 0.4 0.0 1.50 2.2345088068792887 0.62
50 0.4 0.0 1.50 1.6178333303400134 0.62
30 0.24 0.0 1.50 1.6192237666520746 0.62
40 0.32 0.0 1.75 1.4276400567169696 0.62
50 0.4 0.0 1.00 0.9167174163212112 0.62
10 0.08 0.0 1.50 0.9445495755467388 0.62
10 0.08 0.0 1.25 2.2197554021116894 0.62
60 0.48 0.0 1.75 1.9176063304591686 0.62
10 0.08 0.0 1.00 1.9343978978856102 0.62
60 0.48 0.0 1.50 1.5623823452341181 0.62
70 0.56 0.0 1.75 0.15930184443275114 0.62
30 0.24 0.0 1.25 2.036027889861406 0.62
50 0.4 0.0 2.00 1.7926625648581997 0.62
30 0.24 0.0 2.00 2.2263106568175104 0.62
70 0.56 0.0 1.00 1.669149653868569 0.62
20 0.16 0.0 1.75 0.7651967059854855 0.62
50 0.4 0.0 1.25 2.3553642062498494 0.62
10 0.08 0.0 2.25 1.2652646920343564 0.62
60 0.48 0.0 1.25 0.6043018732026102 0.62
60 0.48 0.0 2.25 2.4788045799314378 0.62
30 0.24 0.0 1.75 1.9641918579032678 0.62
40 0.32 0.0 1.75 0.9876990115791041 0.62
40 0.32 0.0 1.50 0.2563181453919723 0.62
40 0.32 0.0 1.75 2.201359417771471 0.62
10 0.08 0.0 1.75 2.2599856920455976 0.62
10 0.08 0.0 1.00 0.6955838426017925 0.62
20 0.16 0.0 1.75 2.2424594611202866 0.62
30 0.24 0.0 2.50 1.0820465509465518 0.62
30 0.24 0.0 2.00 0.8326270786300495 0.62
50 0.4 0.0 2.25 0.4724699242729866 0.62
70 0.56 0.0 1.50 1.3247175171110108 0.62
50 0.4 0.0 1.00 0.7051483783935252 0.62
50 0.4 0.0 1.75 2.3977556174366073 0.62
60 0.48 0.0 2.50 1.1529317324305817 0.62
70 0.56 0.0 1.00 0.7099776548334001 0.62
70 0.56 0.0 1.75 1.5272355536209967 0.62
70 0.56 0.0 1.25 1.1335679436460642 0.62
20 0.16 0.0 1.25 1.102414341466946 0.62
10 0.08 0.0 1.50 0.4229890243540647 0.62
40 0.32 0.0 2.25 2.2498468208143185 0.62
50 0.4 0.0 1.75 0.8118656709098636 0.62
30 0.24 0.0 2.00 0.30695115718117527 0.62
40 0.32 0.0 1.75 1.7940292568491367 0.62
50 0.4 0.0 1.25 2.30552111454987 0.62
60 0.48 0.0 2.50 2.023480908073589 0.62
40 0.32 0.0 1.50 2.153543452718762 0.62
70 0.56 0.0 2.25 0.49371212818263455 0.62
70 0.56 0.0 2.25 1.5718364606809734 0.62
70 0.56 0.0 1.00 0.4865854103793157 0.62
20 0.16 0.0 2.50 2.4200025196329396 0.62
40 0.32 0.0 2.25 1.8071725434247088 0.62
20 0.16 0.0 1.50 0.7832097362596863 0.62
30 0.24 0.0 2.25 2.135081440662167 0.62
70 0.56 0.0 1.25 0.47268842407160827 0.62
70 0.56 0.0 2.50 1.3885428922698373 0.62
40 0.32 0.0 2.25 0.9507681856139866 0.62
60 0.48 0.0 1.50 1.3377902770379553 0.62
60 0.48 0.0 2.50 1.1604692736417384 0.62
60 0.48 0.0 1.00 1.992486741816453 0.62
50 0.4 0.0 2.00 0.1871092902873332 0.62
10 0.08 0.0 1.50 1.7705070076663474 0.62
30 0.24 0.0 1.25 0.9148385860969132 0.62
70 0.56 0.0 2.00 0.29653311760668716 0.62
40 0.32 0.0 2.25 2.250066261949919 0.62
50 0.4 0.0 1.25 0.6468063585988323 0.62
20 0.16 0.0 1.75 0.18000598893052272 0.62
50 0.4 0.0 1.25 2.148239213848448 0.62
50 0.4 0.0 2.50 0.9916542088735003 0.62
30 0.24 0.0 1.75 1.6692949011299212 0.62
30 0.24 0.0 1.75 1.4235210076420068 0.62
30 0.24 0.0 1.00 0.529156378151888 0.62
60 0.48 0.0 2.50 1.1653591635122764 0.62
70 0.56 0.0 1.00 0.8870806869325872 0.62
50 0.4 0.0 2.25 0.11994197374302695 0.62
50 0.4 0.0 1.25 0.8016273373555608 0.62
50 0.4 0.0 2.50 0.9475188207487538 0.62
20 0.16 0.0 1.00 0.5868404453517783 0.62
20 0.16 0.0 1.50 0.15694440840132903 0.62
20 0.16 0.0 2.50 2.0670356738516755 0.62
30 0.24 0.0 1.75 1.9789270267298837 0.62
30 0.24 0.0 1.50 0.8399117922215071 0.62
20 0.16 0.0 1.25 0.38190283017859783 0.62
50 0.4 0.0 2.50 1.2485733865311814 0.62
60 0.48 0.0 1.25 2.3687185284248846 0.62
10 0.08 0.0 1.25 0.675761645021797 0.62
50 0.4 0.0 1.00 2.071924550830378 0.62
50 0.4 0.0 2.50 2.038243292168431 0.62
50 0.4 0.0 2.50 0.6361976170701087 0.62
60 0.48 0.0 1.50 1.318389079419393 0.62
50 0.4 0.0 1.00 0.33193215915346724 0.62
50 0.4 0.0 1.25 0.7448357668647498 0.62
20 0.16 0.0 2.50 1.9044452196044679 0.62
50 0.4 0.0 1.00 2.102244849519568 0.62
50 0.4 0.0 1.00 1.117901948154646 0.62
60 0.48 0.0 2.25 1.010159172369648 0.62
20 0.16 0.0 1.25 2.455672028688219 0.62
50 0.4 0.0 1.75 0.7823756821796455 0.62
20 0.16 0.0 1.50 1.9532476470852735 0.62
30 0.24 0.0 2.50 2.0933539448250658 0.62
60 0.48 0.0 2.00 0.7570024071942983 0.62
50 0.4 0.0 2.00 0.24475952175052448 0.62
40 0.32 0.0 1.00 2.3314542538169043 0.62
10 0.08 0.0 1.75 0.8855007940567619 0.62
50 0.4 0.0 2.50 1.6035260260587845 0.62
40 0.32 0.0 1.25 2.1523650800434617 0.62
50 0.4 0.0 2.25 1.8222979351604425 0.62
40 0.32 0.0 1.75 1.3268659981406294 0.62
20 0.16 0.0 1.50 2.2894226448479973 0.62
60 0.48 0.0 2.25 0.34430109378718154 0.62
40 0.32 0.0 2.25 1.379192034532179 0.62
40 0.32 0.0 2.50 0.3783995429986753 0.62
20 0.16 0.0 1.25 0.7325530418835545 0.62
30 0.24 0.0 1.00 2.0881597199821322 0.62
50 0.4 0.0 2.25 0.8493989224947273 0.62
10 0.08 0.0 2.50 0.9231848828908943 0.62
40 0.32 0.0 2.25 0.3170183492845245 0.62
50 0.4 0.0 1.25 0.9328329989481239 0.62
40 0.32 0.0 1.25 1.3555338919267204 0.62
20 0.16 0.0 2.25 0.4537121602744215 0.62
60 0.48 0.0 2.25 0.8719069344630052 0.62
40 0.32 0.0 2.50 1.5647954864882547 0.62
40 0.32 0.0 1.50 0.5251257231827686 0.62
60 0.48 0.0 1.75 0.9837555382813659 0.62
60 0.48 0.0 1.50 0.8042476227734633 0.62
20 0.16 0.0 1.50 0.927895364866755 0.62
20 0.16 0.0 2.50 1.5567865882694514 0.62
60 0.48 0.0 1.25 0.7896957510524911 0.62
50 0.4 0.0 2.50 1.919511691297653 0.62
10 0.08 0.0 1.50 0.8335289774057681 0.62
20 0.16 0.0 2.25 1.9564498028510036 0.62
40 0.32 0.0 1.25 0.6561296178701204 0.62
50 0.4 0.0 2.00 0.11278991477167373 0.62
20 0.16 0.0 1.50 0.44418212785665545 0.62
60 0.48 0.0 1.50 0.8260295430839097 0.62
10 0.08 0.0 1.75 0.5808136621818524 0.62
60 0.48 0.0 1.25 1.4456632286393987 0.62
20 0.16 0.0 2.25 0.6160608323804323 0.62
30 0.24 0.0 1.50 2.0077488328422626 0.62
10 0.08 0.0 1.25 1.2884964026474912 0.62
20 0.16 0.0 1.50 1.667105281386598 0.62
10 0.08 0.0 1.75 0.5125205606002012 0.62
30 0.24 0.0 2.50 2.3656230140590413 0.62
10 0.08 0.0 1.50 1.8580482009373687 0.62
70 0.56 0.0 2.00 0.4809837209475125 0.62
50 0.4 0.0 2.50 1.8734550670458747 0.62
40 0.32 0.0 2.00 0.5583314984199045 0.62
10 0.08 0.0 1.75 2.1330188557160303 0.62
50 0.4 0.0 1.50 0.5833790366557187 0.62
40 0.32 0.0 1.75 2.45526403798548 0.62
70 0.56 0.0 1.75 1.4425188876306891 0.62
10 0.08 0.0 1.25 0.6475700921538753 0.62
40 0.32 0.0 1.50 0.622754938378625 0.62
30 0.24 0.0 2.25 1.6393145319709652 0.62
70 0.56 0.0 1.00 1.6522599641590825 0.62
20 0.16 0.0 1.50 0.8444270832757896 0.62
10 0.08 0.0 2.25 2.100468255558086 0.62
50 0.4 0.0 2.50 1.1278508432377734 0.62
70 0.56 0.0 1.50 2.0943250822528077 0.62
20 0.16 0.0 2.00 0.751246737533404 0.62
40 0.32 0.0 2.25 2.5094255539957353 0.62
70 0.56 0.0 2.50 2.237403429871453 0.62
60 0.48 0.0 1.75 1.1999881947653868 0.62
60 0.48 0.0 1.00 0.9230212801063946 0.62
60 0.48 0.0 1.75 0.17472042015135908 0.62
40 0.32 0.0 2.50 2.5278131606941634 0.62
20 0.16 0.0 1.75 1.7689644367852826 0.62
70 0.56 0.0 1.00 0.5650592403111007 0.62
60 0.48 0.0 1.50 0.21227150516907975 0.62
50 0.4 0.0 1.25 0.13416560704739772 0.62
70 0.56 0.0 2.25 1.72211238950925 0.62
70 0.56 0.0 1.25 0.3651902198171001 0.62
70 0.56 0.0 1.00 0.8607763010178762 0.62
20 0.16 0.0 1.50 0.8558553534232469 0.62
50 0.4 0.0 1.75 0.3895720096515245 0.62
20 0.16 0.0 1.25 2.4200881181061606 0.62
20 0.16 0.0 2.00 2.494652064528761 0.62
50 0.4 0.0 1.50 2.316165214449799 0.62
40 0.32 0.0 1.00 2.0510490058904063 0.62
30 0.24 0.0 1.50 0.26217122718044306 0.62
60 0.48 0.0 1.00 1.8573105564404708 0.62
60 0.48 0.0 1.00 1.2180687431167965 0.62
70 0.56 0.0 1.00 0.4728321293028276 0.62
70 0.56 0.0 2.50 1.6851710376595375 0.62
10 0.08 0.0 2.25 0.1735662319612548 0.62
40 0.32 0.0 1.75 1.9466190959046075 0.62
50 0.4 0.0 1.00 2.2800662520286976 0.62
30 0.24 0.0 1.00 0.12741033615047687 0.62
10 0.08 0.0 1.00 0.9035433591906589 0.62
20 0.16 0.0 1.50 2.130146191924653 0.62
30 0.24 0.0 1.00 0.3776389100151061 0.62
10 0.08 0.0 2.50 0.162455166412766 0.62
70 0.56 0.0 2.00 2.0955374386793064 0.62
10 0.08 0.0 1.50 0.7113201057952041 0.62
40 0.32 0.0 2.50 0.7120332661001162 0.62
20 0.16 0.0 1.25 0.48936368654745255 0.62
70 0.56 0.0 1.75 0.7777849620680811 0.62
40 0.32 0.0 1.50 1.151482925964339 0.62
50 0.4 0.0 1.00 0.7346165796301447 0.62
20 0.16 0.0 2.00 1.0002863590743178 0.62
50 0.4 0.0 1.75 0.9570756123921355 0.62
30 0.24 0.0 2.25 0.9172715905105739 0.62
10 0.08 0.0 2.25 0.8446429001536402 0.62
10 0.08 0.0 1.25 0.8734315965047721 0.62
50 0.4 0.0 2.25 0.7635112342554359 0.62
60 0.48 0.0 1.00 2.305921226705883 0.62
50 0.4 0.0 2.50 2.4691528496631805 0.62
10 0.08 0.0 2.25 2.2971180438923975 0.62
10 0.08 0.0 1.25 1.0157781297422304 0.62
30 0.24 0.0 2.50 1.6889875214339143 0.62
50 0.4 0.0 1.25 0.8644095642491537 0.62
70 0.56 0.0 2.50 2.084811705504329 0.62
30 0.24 0.0 2.25 2.072084051143182 0.62
10 0.08 0.0 1.75 2.046734501864984 0.62
60 0.48 0.0 1.25 0.37479330309117 0.62
10 0.08 0.0 2.25 2.088792255614317 0.62
60 0.48 0.0 1.25 2.010344124884375 0.62
70 0.56 0.0 2.50 2.26867621967902 0.62
70 0.56 0.0 1.50 0.8912867348634069 0.62
60 0.48 0.0 2.00 0.36434097689948153 0.62
30 0.24 0.0 1.50 0.4967394057922596 0.62
70 0.56 0.0 1.00 1.7489810128611032 0.62
40 0.32 0.0 1.25 1.8502389389319647 0.62
10 0.08 0.0 1.50 0.682749328896385 0.62
50 0.4 0.0 1.00 2.074396118038881 0.62
50 0.4 0.0 1.50 2.3499893360308035 0.62
10 0.08 0.0 1.00 2.51235427954363 0.62
70 0.56 0.0 2.50 2.5427714110100195 0.62
70 0.56 0.0 2.50 1.3649818557028872 0.62
20 0.16 0.0 1.00 1.8158063874948676 0.62
20 0.16 0.0 2.50 0.2894158817365904 0.62
50 0.4 0.0 2.50 2.3079943840480395 0.62
10 0.08 0.0 2.00 2.093650320129485 0.62
30 0.24 0.0 1.50 0.9809830740374171 0.62
60 0.48 0.0 1.00 2.4905227484036008 0.62
20 0.16 0.0 2.50 1.0468939654466867 0.62
40 0.32 0.0 2.00 0.1416805915940765 0.62
20 0.16 0.0 2.50 0.14771506672937126 0.62
30 0.24 0.0 2.25 1.4340536021505557 0.62
60 0.48 0.0 1.25 1.1868221845870577 0.62
10 0.08 0.0 2.00 0.1649139609504476 0.62
20 0.16 0.0 1.50 1.0036094516397907 0.62
20 0.16 0.0 1.25 1.1309446033658912 0.62
60 0.48 0.0 2.25 1.0944288971453267 0.62
10 0.08 0.0 1.25 2.5452941230599984 0.62
30 0.24 0.0 2.00 0.48554131908177256 0.62
40 0.32 0.0 1.75 1.17167540383127 0.62
60 0.48 0.0 2.50 0.7635295377504503 0.62
10 0.08 0.0 1.75 2.4740224927959753 0.62
50 0.4 0.0 1.25 1.5458525336307407 0.62
30 0.24 0.0 1.00 1.825848366296761 0.62
10 0.08 0.0 1.00 1.693044973576625 0.62
70 0.56 0.0 1.50 1.9512365400519134 0.62
40 0.32 0.0 1.50 2.269249335475742 0.62
40 0.32 0.0 1.75 0.7214730947792001 0.62
20 0.16 0.0 1.50 0.6601288383513859 0.62
30 0.24 0.0 2.25 1.5772669018636638 0.62
60 0.48 0.0 2.25 0.6801298647235252 0.62
20 0.16 0.0 1.25 1.891454463364802 0.62
70 0.56 0.0 2.25 1.7274693502671 0.62
10 0.08 0.0 2.00 0.6877450047301592 0.62
30 0.24 0.0 2.50 0.5571192579456294 0.62
20 0.16 0.0 2.25 0.8676749528746251 0.62
10 0.08 0.0 1.75 0.9987733096670668 0.62
20 0.16 0.0 1.75 1.546091822439552 0.62
20 0.16 0.0 1.50 1.9606169249055398 0.62
10 0.08 0.0 1.75 0.891114705218288 0.62
20 0.16 0.0 2.00 1.3309502112167633 0.62
30 0.24 0.0 2.50 1.5312184478485746 0.62
50 0.4 0.0 2.00 0.7546389605391738 0.62
30 0.24 0.0 1.50 1.8494965858477905 0.62
70 0.56 0.0 1.75 1.2213996700551288 0.62
20 0.16 0.0 2.50 1.6937663996165115 0.62
20 0.16 0.0 1.00 1.332533316694729 0.62
50 0.4 0.0 1.00 1.1580514481411832 0.62
10 0.08 0.0 1.50 1.8590922967432995 0.62
10 0.08 0.0 1.25 0.132259342614213 0.62
60 0.48 0.0 1.25 0.29856063013544154 0.62
20 0.16 0.0 2.00 1.5129609702139755 0.62
10 0.08 0.0 2.00 2.0937459619264036 0.62
50 0.4 0.0 2.00 1.476640699971247 0.62
50 0.4 0.0 1.25 1.579592472202788 0.62
70 0.56 0.0 2.25 0.6419818601297768 0.62
70 0.56 0.0 1.00 2.3530364723193484 0.62
70 0.56 0.0 1.75 0.605065714602086 0.62
10 0.08 0.0 1.00 1.7870528061333508 0.62
30 0.24 0.0 1.00 1.0205136435533742 0.62
40 0.32 0.0 1.25 0.6198230575531082 0.62
70 0.56 0.0 1.50 2.1117868057350733 0.62
40 0.32 0.0 2.25 0.3824782244335694 0.62
40 0.32 0.0 2.50 1.9944280995995871 0.62
30 0.24 0.0 1.50 1.2845321482066625 0.62
70 0.56 0.0 1.75 2.426889483456758 0.62
70 0.56 0.0 2.50 1.4476746974981114 0.62
60 0.48 0.0 2.25 1.3857953600489674 0.62
30 0.24 0.0 1.75 2.2405356159611163 0.62
40 0.32 0.0 1.00 1.6851848077469602 0.62
10 0.08 0.0 1.00 0.9079569242703402 0.62
60 0.48 0.0 1.50 0.12757993469680667 0.62
60 0.48 0.0 1.00 0.4376095593724856 0.62
60 0.48 0.0 1.75 1.9877382495184044 0.62
40 0.32 0.0 1.25 2.141347077694874 0.62
20 0.16 0.0 1.25 1.7291357956200801 0.62
40 0.32 0.0 1.00 1.5109615884377707 0.62
70 0.56 0.0 1.00 2.325880961900951 0.62
60 0.48 0.0 2.25 1.8507903709234277 0.62
40 0.32 0.0 1.50 1.2816912462116272 0.62
60 0.48 0.0 2.25 1.8336904504994689 0.62
20 0.16 0.0 2.00 1.6671849130522736 0.62
40 0.32 0.0 1.50 0.1630517624379792 0.62
10 0.08 0.0 1.25 2.067925328855383 0.62
10 0.08 0.0 1.25 1.9290616600661825 0.62
60 0.48 0.0 1.25 1.0495457758226694 0.62
20 0.16 0.0 1.50 1.5373137639761727 0.62
10 0.08 0.0 1.75 0.6806015333744283 0.62
60 0.48 0.0 2.25 2.522166758738614 0.62
40 0.32 0.0 2.00 1.5433391449798168 0.62
40 0.32 0.0 1.50 0.589342661291825 0.62
30 0.24 0.0 2.00 2.525930633872955 0.62
10 0.08 0.0 1.25 2.190392211840759 0.62
60 0.48 0.0 1.00 0.944408290571782 0.62
10 0.08 0.0 2.50 1.7104364619709647 0.62
50 0.4 0.0 1.00 2.386131822853612 0.62
60 0.48 0.0 2.00 1.4706189056868668 0.62
70 0.56 0.0 1.75 1.612673229502901 0.62
40 0.32 0.0 1.00 1.250085573222507 0.62
20 0.16 0.0 2.00 2.5373432677094216 0.62
20 0.16 0.0 2.00 2.387143640159044 0.62
70 0.56 0.0 1.50 0.17116924952633905 0.62
20 0.16 0.0 1.25 1.1996659168495922 0.62
60 0.48 0.0 1.50 0.9342610321498986 0.62
70 0.56 0.0 1.00 0.48330622112448773 0.62
60 0.48 0.0 1.00 0.825738210091449 0.62
20 0.16 0.0 2.50 1.8578284750699954 0.62
20 0.16 0.0 1.00 1.2941993262326386 0.62
50 0.4 0.0 1.75 0.8567132253868018 0.62
70 0.56 0.0 2.25 2.3540344133493614 0.62
50 0.4 0.0 2.50 1.8052057944345983 0.62
40 0.32 0.0 1.75 0.779409214764088 0.62
20 0.16 0.0 2.50 2.0436407329512836 0.62
70 0.56 0.0 1.75 2.5466685463370777 0.62
10 0.08 0.0 1.50 1.8261274531922707 0.62
40 0.32 0.0 1.25 1.2643816999421937 0.62
20 0.16 0.0 1.25 2.0492942804073904 0.62
50 0.4 0.0 2.50 1.405574963252526 0.62
50 0.4 0.0 1.25 1.5087013678231886 0.62
50 0.4 0.0 2.50 2.4673309915872115 0.62
70 0.56 0.0 1.25 2.409698952090724 0.62
70 0.56 0.0 2.50 1.5445214286419648 0.62
70 0.56 0.0 1.00 0.6639590212276524 0.62
10 0.08 0.0 1.25 1.314628719782855 0.62
50 0.4 0.0 2.50 1.168483398051991 0.62
30 0.24 0.0 1.50 0.9122158333912926 0.62
70 0.56 0.0 2.25 1.5799801640730269 0.62
20 0.16 0.0 2.50 0.3337922618215947 0.62
30 0.24 0.0 2.00 0.38537454895863077 0.62
20 0.16 0.0 1.00 2.475797037066056 0.62
30 0.24 0.0 2.00 2.434686293048814 0.62
20 0.16 0.0 2.00 1.0322434627680435 0.62
70 0.56 0.0 1.50 2.5195859374611334 0.62
40 0.32 0.0 1.25 1.8602286191856774 0.62
30 0.24 0.0 1.00 2.3645192226264156 0.62
60 0.48 0.0 2.25 0.9142573701512641 0.62
40 0.32 0.0 1.50 2.1646983355455935 0.62
50 0.4 0.0 2.50 1.5828500493965656 0.62
60 0.48 0.0 2.50 2.1627606288631647 0.62
60 0.48 0.0 1.75 0.3170248023382472 0.62
50 0.4 0.0 2.50 0.9600114208987058 0.62
10 0.08 0.0 2.25 1.1526717642161604 0.62
70 0.56 0.0 1.00 2.0668829981581824 0.62
30 0.24 0.0 2.25 0.6945867599001395 0.62
30 0.24 0.0 1.75 0.11015741481059349 0.62
10 0.08 0.0 1.50 1.0534307328228791 0.62
70 0.56 0.0 2.00 2.3580599870127594 0.62
10 0.08 0.0 2.50 0.4756232479773509 0.62
70 0.56 0.0 1.25 1.9379864371581885 0.62
70 0.56 0.0 1.50 2.4214398994384845 0.62
30 0.24 0.0 1.00 0.7159021341047278 0.62
60 0.48 0.0 1.00 0.48741130720606274 0.62
10 0.08 0.0 2.50 0.9417994618339138 0.62
60 0.48 0.0 1.00 0.8176006864135327 0.62
30 0.24 0.0 2.00 0.7639714567039461 0.62
30 0.24 0.0 2.50 1.2635457005151831 0.62
10 0.08 0.0 1.50 1.4694620936428413 0.62
50 0.4 0.0 2.50 0.1175386212507191 0.62
20 0.16 0.0 2.50 2.166784442513614 0.62
40 0.32 0.0 2.25 0.43501105555642794 0.62
60 0.48 0.0 1.25 1.9684581077395684 0.62
30 0.24 0.0 1.25 0.3038055427156358 0.62
40 0.32 0.0 1.25 1.9716873034374809 0.62
40 0.32 0.0 1.75 0.9915865381220634 0.62
60 0.48 0.0 2.25 0.6937938704464721 0.62
10 0.08 0.0 2.25 1.9591151824798367 0.62
70 0.56 0.0 1.25 0.2386452780656369 0.62
50 0.4 0.0 2.25 1.2005978097980734 0.62
20 0.16 0.0 1.50 2.3072211626385797 0.62
30 0.24 0.0 1.50 2.323034257431648 0.62
10 0.08 0.0 2.00 1.249821405713546 0.62
50 0.4 0.0 2.50 2.136398075913383 0.62
50 0.4 0.0 2.50 1.7369982251799267 0.62
70 0.56 0.0 2.50 0.7426759958902128 0.62
60 0.48 0.0 1.00 0.9773029771464664 0.62
60 0.48 0.0 1.25 2.3728113093288035 0.62
50 0.4 0.0 1.50 2.2613838308131036 0.62
70 0.56 0.0 2.50 2.446273326261068 0.62
30 0.24 0.0 2.50 0.6434860613362229 0.62
20 0.16 0.0 1.50 0.4712982723915913 0.62
50 0.4 0.0 1.25 0.4036503490638099 0.62
10 0.08 0.0 2.50 1.2720655529052158 0.62
40 0.32 0.0 1.50 0.7321695517687736 0.62
50 0.4 0.0 1.00 2.4188896053331876 0.62
30 0.24 0.0 2.50 1.3038271472498062 0.62
70 0.56 0.0 1.75 1.866741705394395 0.62
50 0.4 0.0 1.00 2.540776587349031 0.62
20 0.16 0.0 2.50 1.167706844408677 0.62
10 0.08 0.0 2.00 0.15454467563167407 0.62
10 0.08 0.0 1.50 0.13896866928138557 0.62
40 0.32 0.0 2.00 1.2567127434821381 0.62
30 0.24 0.0 2.25 1.6639210376575784 0.62
20 0.16 0.0 2.25 0.36038038708142983 0.62
20 0.16 0.0 1.25 0.6397217309528818 0.62
20 0.16 0.0 1.00 1.9011269304593836 0.62
40 0.32 0.0 2.00 1.847737014269736 0.62
70 0.56 0.0 2.00 2.4530284559617415 0.62
30 0.24 0.0 2.50 1.892300716834575 0.62
60 0.48 0.0 1.75 2.1584336363094128 0.62
60 0.48 0.0 1.75 1.5567405775913572 0.62
10 0.08 0.0 2.50 1.7715173084122577 0.62
50 0.4 0.0 2.50 1.8420755654097551 0.62
30 0.24 0.0 2.00 0.5318900548315993 0.62
60 0.48 0.0 2.00 1.0368648263504945 0.62
10 0.08 0.0 2.25 1.078203349086278 0.62
40 0.32 0.0 2.50 1.0497242962108375 0.62
50 0.4 0.0 1.50 0.5605595256119339 0.62
20 0.16 0.0 1.75 1.13844565720483 0.62
60 0.48 0.0 1.25 1.9085711287482907 0.62
60 0.48 0.0 1.75 2.52581407463275 0.62
30 0.24 0.0 1.50 0.27051128791677537 0.62
40 0.32 0.0 1.25 2.188787444014325 0.62
50 0.4 0.0 1.50 2.0230669398824963 0.62
60 0.48 0.0 1.00 1.275415700696077 0.62
50 0.4 0.0 2.00 0.830377491121644 0.62
70 0.56 0.0 1.50 1.2851025394728317 0.62
60 0.48 0.0 2.25 1.0637973034263215 0.62
10 0.08 0.0 1.50 2.3044520864482716 0.62
10 0.08 0.0 1.50 0.7874706479206511 0.62
70 0.56 0.0 1.00 0.3336210419909842 0.62
30 0.24 0.0 1.00 1.337039417998829 0.62
50 0.4 0.0 1.50 0.5371731319709714 0.62
70 0.56 0.0 1.00 0.6685263659559174 0.62
40 0.32 0.0 2.00 1.8100931523997492 0.62
60 0.48 0.0 1.75 2.2689470430247685 0.62
20 0.16 0.0 2.00 2.296430071996585 0.62
40 0.32 0.0 1.00 2.0770918296511667 0.62
10 0.08 0.0 2.25 2.028667619694248 0.62
40 0.32 0.0 2.50 2.0886429378122977 0.62
10 0.08 0.0 1.75 0.8965278915379388 0.62
40 0.32 0.0 2.00 1.6218064265617462 0.62
20 0.16 0.0 1.00 0.5465352237185315 0.62
70 0.56 0.0 1.25 2.1892775512781752 0.62
30 0.24 0.0 1.25 2.4467855194456956 0.62
40 0.32 0.0 2.25 0.720348518996796 0.62
20 0.16 0.0 1.00 0.27197357451485815 0.62
20 0.16 0.0 2.25 1.887698633051588 0.62
60 0.48 0.0 2.50 2.3469510901095036 0.62
30 0.24 0.0 2.25 2.166785832139617 0.62
50 0.4 0.0 1.50 0.13399196553746906 0.62
10 0.08 0.0 1.00 1.1567969361924353 0.62
40 0.32 0.0 1.25 1.0699479962273122 0.62
70 0.56 0.0 1.50 1.133617615936839 0.62
70 0.56 0.0 1.00 0.44529649467253374 0.62
60 0.48 0.0 1.75 1.9655118309129342 0.62
10 0.08 0.0 2.25 1.797137914601936 0.62
30 0.24 0.0 1.25 1.599753696897025 0.62
10 0.08 0.0 1.75 2.3759719615781236 0.62
20 0.16 0.0 2.25 1.8533442005129444 0.62
50 0.4 0.0 1.00 0.8928837239672192 0.62
60 0.48 0.0 1.00 2.0996774748220712 0.62
40 0.32 0.0 2.50 2.420330328457775 0.62
70 0.56 0.0 2.00 0.496971722530576 0.62
50 0.4 0.0 1.25 1.3969394231658145 0.62
10 0.08 0.0 2.50 2.009825712370658 0.62
10 0.08 0.0 2.25 0.9779589277019297 0.62
70 0.56 0.0 1.50 1.0045633059992434 0.62
60 0.48 0.0 1.25 1.818471265489616 0.62
40 0.32 0.0 2.50 1.4559555492248664 0.62
50 0.4 0.0 2.25 1.6264812142810634 0.62
20 0.16 0.0 1.00 0.6045174678902402 0.62
50 0.4 0.0 1.25 1.6765206959729388 0.62
10 0.08 0.0 1.75 1.3164979443669236 0.62
10 0.08 0.0 1.75 1.7101838472457933 0.62
20 0.16 0.0 1.75 0.81928554518929 0.62
30 0.24 0.0 2.25 0.4478126336926773 0.62
40 0.32 0.0 2.25 2.150354646314955 0.62
30 0.24 0.0 1.25 0.379035359904491 0.62
70 0.56 0.0 1.75 0.3761352787324723 0.62
20 0.16 0.0 1.25 1.2254180590021733 0.62
40 0.32 0.0 1.75 1.1178328511117197 0.62
70 0.56 0.0 2.50 2.416404163506923 0.62
70 0.56 0.0 1.75 1.1109097316666234 0.62
60 0.48 0.0 2.50 0.8995812001920643 0.62
30 0.24 0.0 1.50 0.8889465783145691 0.62
50 0.4 0.0 1.50 0.7120798104533844 0.62
40 0.32 0.0 1.75 1.9108905508392766 0.62
20 0.16 0.0 2.00 0.17310233030258554 0.62
10 0.08 0.0 1.75 1.6891512388227972 0.62
40 0.32 0.0 1.00 0.2611914904476153 0.62
60 0.48 0.0 2.00 0.6899922803499373 0.62
30 0.24 0.0 1.50 0.32341332187063077 0.62
20 0.16 0.0 1.50 1.9648420218619194 0.62
30 0.24 0.0 1.50 0.6291204345884609 0.62
10 0.08 0.0 2.00 1.767888283067169 0.62
30 0.24 0.0 2.50 1.2644754669771514 0.62
30 0.24 0.0 1.50 2.380637378263707 0.62
30 0.24 0.0 2.50 0.48870815832056347 0.62
50 0.4 0.0 2.50 1.2800601507688303 0.62
30 0.24 0.0 1.50 0.3249959212364584 0.62
10 0.08 0.0 1.75 0.5339684189383391 0.62
60 0.48 0.0 1.25 0.28224126312266185 0.62
10 0.08 0.0 2.50 0.9440955836093224 0.62
40 0.32 0.0 1.00 1.759278337786708 0.62
10 0.08 0.0 1.00 0.7816600930597813 0.62
60 0.48 0.0 1.25 0.8620236297700447 0.62
20 0.16 0.0 2.00 0.23532052926317482 0.62
40 0.32 0.0 1.00 0.8427222281751298 0.62
40 0.32 0.0 1.25 2.1956313116347266 0.62
30 0.24 0.0 1.75 1.4920881035763092 0.62
20 0.16 0.0 2.00 2.476743900350936 0.62
70 0.56 0.0 1.00 1.7958457694223835 0.62
20 0.16 0.0 2.50 0.4268439865209709 0.62
10 0.08 0.0 1.25 0.4945789510988011 0.62
10 0.08 0.0 2.25 1.0590592172493838 0.62
20 0.16 0.0 1.75 0.5251215939701461 0.62
70 0.56 0.0 1.25 0.16810354065285243 0.62
70 0.56 0.0 1.00 0.6628155389390298 0.62
10 0.08 0.0 2.25 1.0859946963001892 0.62
20 0.16 0.0 2.00 1.364161205175489 0.62
40 0.32 0.0 2.50 0.6164551616502489 0.62
60 0.48 0.0 1.50 0.5061955909651811 0.62
10 0.08 0.0 2.25 1.7909926678869306 0.62
20 0.16 0.0 2.00 0.3350233530541601 0.62
30 0.24 0.0 2.50 0.9547116437972698 0.62
20 0.16 0.0 2.00 2.082341081399851 0.62
40 0.32 0.0 1.25 1.2271918357966398 0.62
50 0.4 0.0 1.00 1.6347522981973424 0.62
30 0.24 0.0 2.00 0.6005274419245636 0.62
20 0.16 0.0 2.25 0.33131739089011325 0.62
10 0.08 0.0 1.50 2.490087567867507 0.62
20 0.16 0.0 1.50 1.0012576917647402 0.62
30 0.24 0.0 1.00 1.512743153524855 0.62
20 0.16 0.0 1.75 0.7040417023529029 0.62
40 0.32 0.0 2.25 2.531538884735038 0.62
10 0.08 0.0 2.50 1.488231722022768 0.62
10 0.08 0.0 2.25 1.3670932186508031 0.62
20 0.16 0.0 1.25 2.2597503535967327 0.62
50 0.4 0.0 2.00 0.1311639925021053 0.62
40 0.32 0.0 1.00 1.889635377349321 0.62
60 0.48 0.0 1.00 0.8823726636887248 0.62
70 0.56 0.0 1.50 1.6932063138163718 0.62
50 0.4 0.0 2.00 2.1223885227652 0.62
60 0.48 0.0 1.25 1.1650146535134507 0.62
50 0.4 0.0 1.00 0.4859411104525986 0.62
60 0.48 0.0 2.50 1.270577045724811 0.62
50 0.4 0.0 1.75 0.9098592773018417 0.62
40 0.32 0.0 2.00 0.690845365740319 0.62
70 0.56 0.0 1.00 1.5902794951132235 0.62
70 0.56 0.0 2.25 0.6258098648841969 0.62
60 0.48 0.0 1.25 1.2860566031686624 0.62
70 0.56 0.0 1.00 1.1891043568939406 0.62
50 0.4 0.0 1.25 0.9950253873624382 0.62
50 0.4 0.0 2.00 0.990829788530678 0.62
20 0.16 0.0 2.00 0.6259931945603349 0.62
20 0.16 0.0 1.50 1.0031566234803688 0.62
30 0.24 0.0 2.00 0.4795055799147472 0.62
20 0.16 0.0 1.25 1.8380892060761302 0.62
20 0.16 0.0 1.75 2.120545460641276 0.62
30 0.24 0.0 2.25 0.8021739585420256 0.62
50 0.4 0.0 1.25 1.8287414953848091 0.62
50 0.4 0.0 2.25 2.4119454802066467 0.62
30 0.24 0.0 2.00 0.43404869433237414 0.62
70 0.56 0.0 2.25 1.3054862697685208 0.62
60 0.48 0.0 1.00 1.7116790731487792 0.62
30 0.24 0.0 1.00 1.3808998319205732 0.62
60 0.48 0.0 1.50 0.42123036492723454 0.62
10 0.08 0.0 2.25 1.0888795746484048 0.62
20 0.16 0.0 2.25 1.1115435204879245 0.62
20 0.16 0.0 1.25 1.1566440696298435 0.62
70 0.56 0.0 1.25 0.3935236049086557 0.62
20 0.16 0.0 2.50 0.7335083765147548 0.62
30 0.24 0.0 2.00 1.255079926415738 0.62
10 0.08 0.0 2.50 2.253294405622454 0.62
10 0.08 0.0 2.25 2.0088846555777904 0.62
70 0.56 0.0 1.25 2.0505185575944873 0.62
60 0.48 0.0 1.25 0.11281548122118006 0.62
20 0.16 0.0 2.25 2.1957557523117868 0.62
30 0.24 0.0 2.50 0.5836177248107212 0.62
30 0.24 0.0 1.75 2.3573712660843267 0.62
70 0.56 0.0 1.50 0.3853287702681658 0.62
20 0.16 0.0 2.25 0.34642606821433714 0.62
60 0.48 0.0 1.25 1.117805345957469 0.62
10 0.08 0.0 2.00 2.1341541415552263 0.62
60 0.48 0.0 2.25 1.713598204091454 0.62
10 0.08 0.0 1.50 2.1596958807567788 0.62
40 0.32 0.0 1.00 0.8332890360452574 0.62
20 0.16 0.0 2.50 0.8152344337211559 0.62
70 0.56 0.0 1.00 0.6396151173655158 0.62
40 0.32 0.0 1.50 2.2393753226193875 0.62
10 0.08 0.0 2.00 2.531718123799034 0.62
30 0.24 0.0 1.50 0.40783129022188036 0.62
10 0.08 0.0 1.25 1.3669357374871092 0.62
20 0.16 0.0 1.75 0.9735761502018323 0.62
30 0.24 0.0 1.00 2.047455494139213 0.62
30 0.24 0.0 1.25 2.274432818219896 0.62
30 0.24 0.0 2.00 2.2144137267252484 0.62
10 0.08 0.0 2.00 2.1837030167095595 0.62
50 0.4 0.0 1.75 1.159991127832062 0.62
10 0.08 0.0 1.50 1.962009598953934 0.62
50 0.4 0.0 1.75 0.24938715658492122 0.62
70 0.56 0.0 1.00 0.7068072959256193 0.62
70 0.56 0.0 1.75 1.5600765676139738 0.62
40 0.32 0.0 1.50 0.7588870971485662 0.62
50 0.4 0.0 2.25 2.402516207087149 0.62
60 0.48 0.0 1.75 1.6036124986791342 0.62
70 0.56 0.0 2.25 2.393969025835718 0.62
40 0.32 0.0 1.00 2.418231663011741 0.62
70 0.56 0.0 1.25 1.5727745265077602 0.62
60 0.48 0.0 2.00 2.3939918735626313 0.62
20 0.16 0.0 2.50 1.1923085153590915 0.62
70 0.56 0.0 2.25 0.20070088535261166 0.62
50 0.4 0.0 1.75 0.23496852636285037 0.62
30 0.24 0.0 1.25 0.9479491780704571 0.62
40 0.32 0.0 2.00 0.5903321529839217 0.62
30 0.24 0.0 2.50 2.2893623566706034 0.62
30 0.24 0.0 2.50 0.41807240331184303 0.62
60 0.48 0.0 1.50 1.3665941308100096 0.62
70 0.56 0.0 2.25 2.5182341623654225 0.62
10 0.08 0.0 2.00 2.529468468118067 0.62
50 0.4 0.0 2.25 0.48823239209472846 0.62
20 0.16 0.0 1.50 1.5781275482085784 0.62
10 0.08 0.0 2.50 1.2648399020798147 0.62
40 0.32 0.0 2.25 2.5195116458409066 0.62
20 0.16 0.0 1.25 0.8268058857345519 0.62
60 0.48 0.0 1.00 2.3561338009190584 0.62
50 0.4 0.0 2.25 0.6761392032668969 0.62
20 0.16 0.0 2.50 2.0637246478575095 0.62
30 0.24 0.0 2.50 2.2204603429149894 0.62
10 0.08 0.0 2.25 0.5644565457686344 0.62
60 0.48 0.0 1.75 1.1885093731758258 0.62
50 0.4 0.0 2.25 1.8425221953290307 0.62
10 0.08 0.0 2.25 1.11060554094001 0.62
60 0.48 0.0 1.50 0.36500876961689965 0.62
10 0.08 0.0 1.50 1.980965893418117 0.62
60 0.48 0.0 2.00 1.2932666913507325 0.62
50 0.4 0.0 2.00 0.5536463023239677 0.62
60 0.48 0.0 2.50 0.22759897973556692 0.62
50 0.4 0.0 2.25 1.3766267890755832 0.62
30 0.24 0.0 2.00 0.8175682291037494 0.62
50 0.4 0.0 1.25 2.092943506816682 0.62
20 0.16 0.0 1.75 0.487667408920058 0.62
30 0.24 0.0 1.50 0.14212168497236013 0.62
60 0.48 0.0 2.50 2.32398442117094 0.62
60 0.48 0.0 1.50 1.1245908821324628 0.62
50 0.4 0.0 1.75 2.1917595282256004 0.62
20 0.16 0.0 1.50 1.4980814225777894 0.62
40 0.32 0.0 1.25 2.2584180222757895 0.62
10 0.08 0.0 1.75 2.39906262069375 0.62
10 0.08 0.0 2.00 0.30846405097035434 0.62
20 0.16 0.0 1.00 0.7851006060072769 0.62
40 0.32 0.0 1.00 0.5503605336805332 0.62
70 0.56 0.0 2.25 2.4438072128335286 0.62
40 0.32 0.0 1.50 1.8027015443686483 0.62
30 0.24 0.0 1.00 2.368052568335486 0.62
30 0.24 0.0 2.00 2.513912219291374 0.62
10 0.08 0.0 2.00 2.04028399756132 0.62
60 0.48 0.0 2.50 2.24194301446676 0.62
10 0.08 0.0 2.00 2.4050748806396496 0.62
40 0.32 0.0 1.50 1.5937132487186516 0.62
70 0.56 0.0 2.00 2.108569134992736 0.62
20 0.16 0.0 1.25 2.4875625496485454 0.62
40 0.32 0.0 1.75 1.2561646308796597 0.62
30 0.24 0.0 1.50 0.6325435249805585 0.62
20 0.16 0.0 1.50 1.7308929897895953 0.62
40 0.32 0.0 2.00 0.23767381770188956 0.62
50 0.4 0.0 2.50 0.859441405068042 0.62
60 0.48 0.0 2.50 1.0242876523696052 0.62
70 0.56 0.0 2.25 2.0724039901024947 0.62
10 0.08 0.0 1.25 0.16065517962907344 0.62
10 0.08 0.0 1.75 0.8895966666633776 0.62
10 0.08 0.0 1.25 0.8527083951383823 0.62
40 0.32 0.0 1.00 1.7239217649670717 0.62
10 0.08 0.0 1.00 2.244780265402702 0.62
60 0.48 0.0 1.00 1.2782010381782725 0.62
60 0.48 0.0 1.75 2.1680213796258747 0.62
30 0.24 0.0 1.00 1.135456346925605 0.62
40 0.32 0.0 1.50 1.3318708352088091 0.62
40 0.32 0.0 1.50 0.8880467468492836 0.62
20 0.16 0.0 1.25 0.5821124163451269 0.62
10 0.08 0.0 2.50 2.2819532955009647 0.62
40 0.32 0.0 2.00 1.5765716429273509 0.62
10 0.08 0.0 1.75 0.7586062638778973 0.62
20 0.16 0.0 2.50 1.4208084346015644 0.62
50 0.4 0.0 1.00 1.0930733237518553 0.62
10 0.08 0.0 2.25 0.19219497162218663 0.62
30 0.24 0.0 1.75 1.807661643912273 0.62
10 0.08 0.0 2.25 2.2266583532724256 0.62
70 0.56 0.0 2.00 1.5921823499150802 0.62
40 0.32 0.0 1.75 0.463570408966402 0.62
20 0.16 0.0 2.50 1.1289146577745093 0.62
60 0.48 0.0 1.75 0.6004351046487016 0.62
30 0.24 0.0 2.00 0.5189625447702282 0.62
70 0.56 0.0 2.25 0.8223801425294774 0.62
40 0.32 0.0 2.00 2.29531383363948 0.62
20 0.16 0.0 2.25 2.1656925501309807 0.62
40 0.32 0.0 2.25 2.0448155436604467 0.62
30 0.24 0.0 2.50 2.373914101633882 0.62
60 0.48 0.0 1.75 0.3660356740742996 0.62
10 0.08 0.0 2.50 0.6380817327652966 0.62
30 0.24 0.0 2.00 0.2082097446357239 0.62
70 0.56 0.0 2.50 0.11215871299980949 0.62
10 0.08 0.0 2.50 1.6716747191149681 0.62
50 0.4 0.0 2.00 1.1020645179104747 0.62
10 0.08 0.0 2.00 1.4864487936623298 0.62
10 0.08 0.0 2.00 2.2287778235022304 0.62
50 0.4 0.0 1.25 0.8036425881107552 0.62
20 0.16 0.0 1.75 0.7007860776184734 0.62
20 0.16 0.0 2.50 2.1125651789171584 0.62
20 0.16 0.0 1.75 0.16278292348640858 0.62
50 0.4 0.0 1.50 2.3687963126232257 0.62
40 0.32 0.0 2.50 0.951460656988776 0.62
30 0.24 0.0 1.00 0.183817578985577 0.62
10 0.08 0.0 1.75 0.6328955782160485 0.62
40 0.32 0.0 1.75 0.3000044232449853 0.62
10 0.08 0.0 1.00 2.1700211329029115 0.62
50 0.4 0.0 2.25 0.23795702906066554 0.62
30 0.24 0.0 2.25 0.23279731606697665 0.62
30 0.24 0.0 1.50 1.607452344270899 0.62
40 0.32 0.0 2.00 0.6160124216890722 0.62
60 0.48 0.0 1.50 0.9210113191852624 0.62
10 0.08 0.0 1.50 2.026909750424787 0.62
70 0.56 0.0 1.75 1.1434013672248518 0.62
30 0.24 0.0 1.00 1.887523575026441 0.62
70 0.56 0.0 2.25 0.7919155896894349 0.62
50 0.4 0.0 2.50 0.4228926355994779 0.62
70 0.56 0.0 2.00 0.2685313442042213 0.62
50 0.4 0.0 1.00 2.1544594902730916 0.62
50 0.4 0.0 1.00 0.4008970007766215 0.62
50 0.4 0.0 1.75 0.29426050395372855 0.62
60 0.48 0.0 2.50 0.48647550224531066 0.62
20 0.16 0.0 2.00 1.3786939300986703 0.62
20 0.16 0.0 2.00 1.7871333128334892 0.62
50 0.4 0.0 1.00 1.3115465736738339 0.62
30 0.24 0.0 1.75 1.6217786539506887 0.62
60 0.48 0.0 1.00 1.3191436599553694 0.62
70 0.56 0.0 1.50 1.9242153823403765 0.62
50 0.4 0.0 2.00 1.5794536265407024 0.62
30 0.24 0.0 2.50 0.5326583895107248 0.62
20 0.16 0.0 1.75 0.9244839797803177 0.62
20 0.16 0.0 1.00 2.533578957795123 0.62
70 0.56 0.0 1.00 1.200328056550914 0.62
50 0.4 0.0 2.25 1.7604504804492835 0.62
30 0.24 0.0 1.50 0.5241087525209159 0.62
70 0.56 0.0 1.25 1.7563969085457285 0.62
40 0.32 0.0 2.50 1.8106992129932045 0.62
60 0.48 0.0 1.25 0.49413999144816034 0.62
40 0.32 0.0 1.75 2.4064682837010074 0.62
40 0.32 0.0 1.75 1.0672517871541267 0.62
20 0.16 0.0 1.25 0.94933042627022 0.62
70 0.56 0.0 2.25 1.7615854065152052 0.62
50 0.4 0.0 2.25 2.3547024146278606 0.62
10 0.08 0.0 2.50 2.1539957627046094 0.62
20 0.16 0.0 2.00 1.4778716048904519 0.62
30 0.24 0.0 1.75 0.23501727720155213 0.62
20 0.16 0.0 1.25 1.2914050021828436 0.62
50 0.4 0.0 1.50 1.621648035267176 0.62
10 0.08 0.0 2.00 2.150038704648846 0.62
60 0.48 0.0 1.50 0.5969030458040517 0.62
60 0.48 0.0 2.25 1.2420635056629128 0.62
40 0.32 0.0 1.75 1.6714840950107834 0.62
60 0.48 0.0 2.50 1.7867314992469066 0.62
50 0.4 0.0 1.00 0.21546398915075787 0.62
30 0.24 0.0 1.00 2.246240019985804 0.62
60 0.48 0.0 1.75 0.38020878176631456 0.62
60 0.48 0.0 2.50 2.1928651561524872 0.62
30 0.24 0.0 2.50 2.2164810600318066 0.62
10 0.08 0.0 1.50 1.6017548798222034 0.62
20 0.16 0.0 1.50 1.4265153896869243 0.62
10 0.08 0.0 1.50 0.9578397408919681 0.62
60 0.48 0.0 1.75 1.0534449007439204 0.62
40 0.32 0.0 1.50 2.3579866729268013 0.62
50 0.4 0.0 1.25 1.7122517827255161 0.62
50 0.4 0.0 1.00 1.2399103740601778 0.62
30 0.24 0.0 1.50 0.9801823623785973 0.62
70 0.56 0.0 2.50 2.5380700775769256 0.62
30 0.24 0.0 2.00 2.392784554224057 0.62
50 0.4 0.0 1.75 2.3640497803210176 0.62
50 0.4 0.0 1.25 2.367995626410665 0.62
30 0.24 0.0 2.50 0.9753279839437435 0.62
50 0.4 0.0 1.50 2.143368432964497 0.62
20 0.16 0.0 1.75 1.7871357295851709 0.62
20 0.16 0.0 1.75 2.336861960426965 0.62
60 0.48 0.0 2.00 1.9026651935256258 0.62
50 0.4 0.0 1.75 2.1413269282249123 0.62
20 0.16 0.0 2.00 2.0609301274573366 0.62
40 0.32 0.0 2.25 1.5184365580162762 0.62
40 0.32 0.0 1.50 1.8071476202853707 0.62
70 0.56 0.0 2.25 0.28709908536810447 0.62
70 0.56 0.0 2.50 1.0435983988652247 0.62
30 0.24 0.0 1.50 2.071916495945753 0.62
40 0.32 0.0 1.00 0.32951237244878795 0.62
40 0.32 0.0 1.00 0.9100589121728776 0.62
30 0.24 0.0 2.25 1.6351624401695786 0.62
10 0.08 0.0 1.75 1.2039483345745579 0.62
20 0.16 0.0 1.75 0.2790911627334881 0.62
40 0.32 0.0 2.50 0.5207417678671913 0.62
70 0.56 0.0 1.75 1.7324978831223368 0.62
30 0.24 0.0 2.00 1.4436239402233495 0.62
40 0.32 0.0 1.75 1.5426118597494873 0.62
10 0.08 0.0 2.00 2.3218435080005158 0.62
10 0.08 0.0 2.25 2.3858208351603887 0.62
40 0.32 0.0 1.25 0.8215961064940088 0.62
40 0.32 0.0 2.25 2.2683300027061155 0.62
30 0.24 0.0 2.25 1.3831429332250424 0.62
20 0.16 0.0 2.50 1.675874648073091 0.62
60 0.48 0.0 1.00 0.3494360524542792 0.62
30 0.24 0.0 1.75 1.0849220875681889 0.62
50 0.4 0.0 2.25 2.4245137834729777 0.62
60 0.48 0.0 2.00 2.4011959908906766 0.62
60 0.48 0.0 2.00 1.1186419916786938 0.62
30 0.24 0.0 1.75 0.704661082031047 0.62
70 0.56 0.0 1.00 2.4519357666243757 0.62
40 0.32 0.0 2.25 1.3297505872948405 0.62
20 0.16 0.0 1.75 2.421808597821935 0.62
30 0.24 0.0 2.00 0.18834121963421446 0.62
30 0.24 0.0 1.50 1.5565496070247111 0.62
40 0.32 0.0 1.00 0.7920992678985125 0.62
20 0.16 0.0 1.50 0.11157586866433183 0.62
20 0.16 0.0 2.25 1.2974755392248694 0.62
50 0.4 0.0 2.00 2.4233996757298644 0.62
70 0.56 0.0 1.25 1.2249507799241393 0.62
40 0.32 0.0 1.00 0.6247498187738152 0.62
60 0.48 0.0 1.25 1.8132628538148938 0.62
40 0.32 0.0 1.75 2.245776803948101 0.62
70 0.56 0.0 1.75 1.9618559845337382 0.62
20 0.16 0.0 1.75 0.714345608377394 0.62
10 0.08 0.0 2.00 2.0071288485736414 0.62
20 0.16 0.0 2.00 2.0058279246429866 0.62
40 0.32 0.0 2.25 1.2288809405026884 0.62
10 0.08 0.0 2.25 1.950072681865065 0.62
70 0.56 0.0 2.00 0.191515374904263 0.62
50 0.4 0.0 1.50 0.6051301816288573 0.62
30 0.24 0.0 1.50 1.0505162902985425 0.62
70 0.56 0.0 1.00 2.371580758541472 0.62
20 0.16 0.0 2.00 1.8054135579933008 0.62
70 0.56 0.0 1.75 1.7387146843197443 0.62
70 0.56 0.0 1.00 2.1171116398148957 0.62
70 0.56 0.0 1.50 1.8701424281257562 0.62
10 0.08 0.0 1.25 0.25544899572121754 0.62
20 0.16 0.0 1.25 2.286089752532111 0.62
30 0.24 0.0 2.50 1.9684393901150925 0.62
30 0.24 0.0 2.50 0.62968774932699 0.62
70 0.56 0.0 1.00 1.5580831272968516 0.62
20 0.16 0.0 1.75 1.2081947344084136 0.62
60 0.48 0.0 2.25 0.17307839794854118 0.62
40 0.32 0.0 2.25 2.0655983529195026 0.62
40 0.32 0.0 1.25 0.9445688388938513 0.62
50 0.4 0.0 2.50 1.6383235982149562 0.62
20 0.16 0.0 1.25 2.1110518916553382 0.62
40 0.32 0.0 1.50 2.3801833604699505 0.62
50 0.4 0.0 2.25 1.391004135728554 0.62
60 0.48 0.0 2.00 1.1997742667830666 0.62
40 0.32 0.0 1.25 0.12586331988048724 0.62
20 0.16 0.0 1.25 0.37874329718782485 0.62
30 0.24 0.0 2.50 1.8798915056294798 0.62
50 0.4 0.0 1.25 0.549940001944018 0.62
20 0.16 0.0 2.00 1.3922881195475636 0.62
60 0.48 0.0 1.50 0.5091907064074827 0.62
20 0.16 0.0 2.50 2.0447100846919013 0.62
10 0.08 0.0 2.00 0.6167762361822794 0.62
20 0.16 0.0 1.50 1.9888479241418429 0.62
60 0.48 0.0 1.25 1.1902283093484327 0.62
30 0.24 0.0 1.75 1.9360430868327976 0.62
10 0.08 0.0 1.00 0.9809349705826822 0.62
20 0.16 0.0 1.00 2.4642051888433496 0.62
10 0.08 0.0 1.00 1.332582694407306 0.62
10 0.08 0.0 2.25 1.0962535255240982 0.62
70 0.56 0.0 2.25 1.1175765673363358 0.62
20 0.16 0.0 1.25 0.8467072835817305 0.62
30 0.24 0.0 1.00 1.7471226454592708 0.62
30 0.24 0.0 1.25 0.5274562869395792 0.62
20 0.16 0.0 1.50 0.47920924399437337 0.62
50 0.4 0.0 1.25 2.46113429786168 0.62
30 0.24 0.0 2.50 0.6158180150887634 0.62
70 0.56 0.0 2.25 2.0861740522338894 0.62
40 0.32 0.0 1.00 0.30511846613769267 0.62
20 0.16 0.0 2.25 1.5572894162711455 0.62
40 0.32 0.0 2.25 0.3602028450410669 0.62
30 0.24 0.0 1.00 0.9843980264404074 0.62
40 0.32 0.0 2.00 0.9204879481876277 0.62
10 0.08 0.0 1.75 1.602453414126297 0.62
70 0.56 0.0 2.00 0.11187336691250048 0.62
10 0.08 0.0 1.50 0.7797082337177204 0.62
20 0.16 0.0 1.00 1.9658934874488858 0.62
10 0.08 0.0 2.50 1.9596528766964973 0.62
10 0.08 0.0 2.50 2.0351327153522876 0.62
60 0.48 0.0 2.25 1.514168692779942 0.62
40 0.32 0.0 2.25 1.9484144532707395 0.62
40 0.32 0.0 1.50 1.1664137955475433 0.62
60 0.48 0.0 2.25 0.8739049058197521 0.62
70 0.56 0.0 1.50 2.089110325105438 0.62
50 0.4 0.0 2.00 1.0737137645451247 0.62
10 0.08 0.0 1.50 0.4264080348647967 0.62
20 0.16 0.0 1.50 2.4403707169648725 0.62
20 0.16 0.0 1.25 0.41674166894317266 0.62
60 0.48 0.0 1.25 1.9792659523869236 0.62
70 0.56 0.0 1.00 0.6130297938667423 0.62
70 0.56 0.0 1.50 2.203380700284134 0.62
50 0.4 0.0 1.00 1.6298842524704567 0.62
60 0.48 0.0 1.50 2.412595847446476 0.62
10 0.08 0.0 2.25 1.5793489723563923 0.62
20 0.16 0.0 2.25 2.1635899307374635 0.62
30 0.24 0.0 1.25 1.3157082739978219 0.62
40 0.32 0.0 1.00 2.2812091526093883 0.62
60 0.48 0.0 2.50 1.1027733082623337 0.62
70 0.56 0.0 1.00 2.3745770300323388 0.62
20 0.16 0.0 2.50 1.684243029227692 0.62
50 0.4 0.0 1.25 2.355220240137829 0.62
40 0.32 0.0 2.25 0.2069885187251044 0.62
40 0.32 0.0 1.25 0.995375151644881 0.62
40 0.32 0.0 2.50 2.309347041327048 0.62
10 0.08 0.0 1.00 0.7576332198420968 0.62
70 0.56 0.0 2.50 1.4326772001154089 0.62
10 0.08 0.0 2.50 1.1289518002564576 0.62
30 0.24 0.0 2.50 0.12647454629974886 0.62
70 0.56 0.0 1.25 0.20315647595193212 0.62
40 0.32 0.0 1.00 1.3021397479346795 0.62
40 0.32 0.0 1.50 1.02817121961102 0.62
10 0.08 0.0 1.25 2.275059430627754 0.62
40 0.32 0.0 2.25 0.903051233314651 0.62
70 0.56 0.0 1.25 0.4882494871486329 0.62
40 0.32 0.0 1.50 0.39515130461466097 0.62
50 0.4 0.0 2.25 1.1086087749481393 0.62
10 0.08 0.0 2.00 2.5127988343213765 0.62
40 0.32 0.0 2.25 2.2989742868003127 0.62
20 0.16 0.0 1.75 1.4122736399670124 0.62
20 0.16 0.0 1.25 1.3737250605130586 0.62
70 0.56 0.0 1.75 1.622306199349241 0.62
50 0.4 0.0 2.50 1.9212024381599677 0.62
40 0.32 0.0 2.50 0.239252774288922 0.62
30 0.24 0.0 1.50 2.3985800606816445 0.62
60 0.48 0.0 2.50 2.244192738428949 0.62
20 0.16 0.0 2.00 1.2450642350655001 0.62
70 0.56 0.0 2.50 0.9284075267430855 0.62
50 0.4 0.0 2.00 1.4005225566804655 0.62
60 0.48 0.0 1.00 1.3354366837673795 0.62
30 0.24 0.0 2.00 0.8795107316887391 0.62
50 0.4 0.0 1.75 0.4075031359516781 0.62
60 0.48 0.0 1.25 1.8779135932875826 0.62
50 0.4 0.0 2.50 2.2807102131345345 0.62
10 0.08 0.0 1.75 1.6932054329099386 0.62
50 0.4 0.0 1.50 0.812722292905705 0.62
70 0.56 0.0 2.00 1.1711906300089747 0.62
20 0.16 0.0 2.50 0.5616664414406488 0.62
30 0.24 0.0 1.50 2.3959332130690063 0.62
20 0.16 0.0 2.25 0.7154967304097484 0.62
60 0.48 0.0 2.50 0.965501331054285 0.62
40 0.32 0.0 2.50 1.6881270930416565 0.62
40 0.32 0.0 1.25 1.9054545772542337 0.62
10 0.08 0.0 2.00 1.2065123285264105 0.62
20 0.16 0.0 1.50 0.4388455832556849 0.62
30 0.24 0.0 1.00 1.1055440182291347 0.62
70 0.56 0.0 1.50 2.1009009495086124 0.62
70 0.56 0.0 2.50 0.7866890422083755 0.62
70 0.56 0.0 1.50 1.1020361516205988 0.62
50 0.4 0.0 1.00 0.7712456728881311 0.62
60 0.48 0.0 2.00 1.0063655549402153 0.62
40 0.32 0.0 2.50 0.9234640802128484 0.62
30 0.24 0.0 1.50 1.2731408848874923 0.62
70 0.56 0.0 1.25 2.131678799214092 0.62
40 0.32 0.0 2.50 2.10074758522958 0.62
10 0.08 0.0 2.50 0.5245935735439821 0.62
20 0.16 0.0 1.00 0.6822298521028888 0.62
40 0.32 0.0 2.00 0.943879438032297 0.62
70 0.56 0.0 2.50 1.7676063678281557 0.62
60 0.48 0.0 1.50 1.902867497834115 0.62
20 0.16 0.0 1.75 1.9029108873751415 0.62
60 0.48 0.0 1.00 0.631113524506213 0.62
40 0.32 0.0 2.25 0.6480834990038025 0.62
70 0.56 0.0 2.25 2.519533412133785 0.62
70 0.56 0.0 2.50 1.541526485997452 0.62
40 0.32 0.0 1.25 1.9670109075567304 0.62
20 0.16 0.0 2.50 0.6016090645621137 0.62
60 0.48 0.0 2.25 1.6171547403798179 0.62
50 0.4 0.0 2.25 0.8215325017002716 0.62
30 0.24 0.0 1.75 1.2897139688124633 0.62
70 0.56 0.0 1.25 1.188181476948439 0.62
40 0.32 0.0 1.25 2.2054397058227955 0.62
10 0.08 0.0 1.00 0.9828464793235606 0.62
10 0.08 0.0 2.00 1.910674654944385 0.62
60 0.48 0.0 2.25 0.856957841023876 0.62
60 0.48 0.0 1.75 1.5839739880189294 0.62
70 0.56 0.0 1.00 2.198084879397924 0.62
20 0.16 0.0 1.50 0.6731779236139701 0.62
20 0.16 0.0 2.50 1.1248887578782256 0.62
50 0.4 0.0 2.25 2.493583614072466 0.62
50 0.4 0.0 1.25 2.12664674692197 0.62
40 0.32 0.0 2.50 2.264562405846519 0.62
20 0.16 0.0 1.75 1.5736813021887126 0.62
30 0.24 0.0 2.50 1.0168517406200563 0.62
40 0.32 0.0 1.25 0.44993957627861025 0.62
10 0.08 0.0 2.25 2.2204869027856 0.62
70 0.56 0.0 1.75 0.3830467175450858 0.62
60 0.48 0.0 2.25 2.386828120023583 0.62
40 0.32 0.0 1.00 2.3767163970015184 0.62
50 0.4 0.0 2.00 2.426285117224607 0.62
30 0.24 0.0 1.00 2.010274791362758 0.62
60 0.48 0.0 2.00 1.7218122851516007 0.62
30 0.24 0.0 2.50 1.0528703093047207 0.62
30 0.24 0.0 2.00 2.13841283694149 0.62
30 0.24 0.0 1.25 1.523920764022839 0.62
70 0.56 0.0 2.50 1.355189362105114 0.62
50 0.4 0.0 2.50 0.4327314476457855 0.62
30 0.24 0.0 2.00 0.3934416571723258 0.62
70 0.56 0.0 2.00 1.7530699928898277 0.62
40 0.32 0.0 1.75 0.44186701624841884 0.62
20 0.16 0.0 1.25 1.8209332758983978 0.62
30 0.24 0.0 1.50 1.1667977921843287 0.62
30 0.24 0.0 1.00 0.41649409290700434 0.62
60 0.48 0.0 1.25 1.4759243047059205 0.62
30 0.24 0.0 1.50 2.037434029371671 0.62
20 0.16 0.0 1.00 2.5251558897248554 0.62
50 0.4 0.0 2.50 0.709041489130776 0.62
50 0.4 0.0 2.50 1.0605311779598836 0.62
50 0.4 0.0 2.00 1.288051574935721 0.62
70 0.56 0.0 2.50 1.2941135554744665 0.62
30 0.24 0.0 1.75 0.6791785948068231 0.62
70 0.56 0.0 1.25 0.9093620043272697 0.62
60 0.48 0.0 2.00 0.32057029954722466 0.62
70 0.56 0.0 2.00 1.502833051148209 0.62
70 0.56 0.0 2.00 2.54138464504947 0.62
10 0.08 0.0 1.75 0.40621454223551046 0.62
60 0.48 0.0 2.50 1.8653110071671384 0.62
10 0.08 0.0 2.50 1.3934691754644368 0.62
60 0.48 0.0 2.25 0.9045253611874018 0.62
30 0.24 0.0 1.25 0.9168093278113388 0.62
70 0.56 0.0 1.25 2.516360527340639 0.62
50 0.4 0.0 2.50 0.36759713415606754 0.62
50 0.4 0.0 1.75 1.5429856670141882 0.62
70 0.56 0.0 2.50 1.4167602478684218 0.62
50 0.4 0.0 2.50 2.412098414851004 0.62
30 0.24 0.0 1.00 0.5999736457715541 0.62
40 0.32 0.0 2.00 0.1745255645341878 0.62
40 0.32 0.0 1.00 2.2714948417637766 0.62
10 0.08 0.0 1.00 0.8976669750095121 0.62
50 0.4 0.0 1.00 1.1040977471049997 0.62
40 0.32 0.0 2.25 0.3954201733690428 0.62
50 0.4 0.0 2.25 0.6556950396891822 0.62
20 0.16 0.0 1.25 0.6551694854536526 0.62
50 0.4 0.0 1.50 1.770700269780185 0.62
30 0.24 0.0 1.50 0.4318084423343155 0.62
20 0.16 0.0 2.00 0.5690256759432952 0.62
10 0.08 0.0 1.00 1.085428814711718 0.62
30 0.24 0.0 1.00 1.0844320811279624 0.62
10 0.08 0.0 2.25 0.2215716955218629 0.62
40 0.32 0.0 2.00 2.5459888524784127 0.62
50 0.4 0.0 2.25 2.1630326676062595 0.62
10 0.08 0.0 1.75 2.0080907908756607 0.62
20 0.16 0.0 1.75 1.8205710793452012 0.62
50 0.4 0.0 2.25 1.0722056835917533 0.62
70 0.56 0.0 1.75 1.737017917778053 0.62
50 0.4 0.0 2.25 2.1582931134139267 0.62
20 0.16 0.0 1.00 1.861040468024311 0.62
60 0.48 0.0 1.50 2.264506523214965 0.62
40 0.32 0.0 2.50 2.006536499418131 0.62
30 0.24 0.0 1.25 1.8936742682667487 0.62
10 0.08 0.0 1.50 2.3331679130495564 0.62
70 0.56 0.0 2.50 2.0471870920993154 0.62
60 0.48 0.0 2.50 0.9153086018769037 0.62
20 0.16 0.0 2.25 1.338773137169352 0.62
50 0.4 0.0 1.75 0.3322870171514445 0.62
60 0.48 0.0 1.50 1.1278908164753538 0.62
20 0.16 0.0 1.50 1.6687530453299313 0.62
70 0.56 0.0 1.25 0.6322643571821766 0.62
70 0.56 0.0 2.25 1.5140265425599817 0.62
60 0.48 0.0 1.75 0.9178393541334197 0.62
30 0.24 0.0 2.00 0.6703253025308323 0.62
60 0.48 0.0 1.75 0.982788242382355 0.62
10 0.08 0.0 2.50 1.5567582108803204 0.62
60 0.48 0.0 1.00 1.2389024026866866 0.62
70 0.56 0.0 2.25 1.191693689508509 0.62
20 0.16 0.0 1.50 1.9997686192751645 0.62
20 0.16 0.0 1.75 1.674424801133528 0.62
60 0.48 0.0 2.00 1.5340948706292359 0.62
40 0.32 0.0 2.00 0.3825256726571785 0.62
70 0.56 0.0 2.25 0.15054772131985167 0.62
50 0.4 0.0 2.00 1.0145076730370925 0.62
20 0.16 0.0 1.75 0.3985983105793013 0.62
50 0.4 0.0 1.25 1.7012883095708677 0.62
50 0.4 0.0 2.25 2.1971254641790634 0.62
40 0.32 0.0 1.00 1.9070833808123469 0.62
10 0.08 0.0 1.50 1.189031518818785 0.62
40 0.32 0.0 1.75 2.1501898054448745 0.62
60 0.48 0.0 2.50 1.8522749328671146 0.62
30 0.24 0.0 1.75 1.378067903717318 0.62
60 0.48 0.0 1.00 1.5836033541484968 0.62
20 0.16 0.0 1.75 0.546762061022011 0.62
40 0.32 0.0 2.25 0.15098922638156084 0.62
50 0.4 0.0 1.75 2.3527250990106174 0.62
60 0.48 0.0 2.25 2.46877615844274 0.62
40 0.32 0.0 1.50 1.34791380789825 0.62
30 0.24 0.0 1.00 1.5199148005627663 0.62
70 0.56 0.0 2.50 2.0349846689905826 0.62
20 0.16 0.0 1.00 0.3450991590911257 0.62
60 0.48 0.0 1.50 1.8669717041877243 0.62
10 0.08 0.0 1.25 2.0480452006420964 0.62
10 0.08 0.0 1.75 0.683787618076997 0.62
20 0.16 0.0 1.50 1.4830313806270297 0.62
30 0.24 0.0 1.50 2.071010957258471 0.62
60 0.48 0.0 1.25 2.4217792282180635 0.62
30 0.24 0.0 2.00 1.1128997244476677 0.62
70 0.56 0.0 1.00 0.47518954369565913 0.62
30 0.24 0.0 2.25 1.8840528930669524 0.62
50 0.4 0.0 2.25 1.6054037645463461 0.62
10 0.08 0.0 1.00 1.308361549401923 0.62
30 0.24 0.0 1.00 1.0597724801951351 0.62
10 0.08 0.0 2.00 0.17061121622984593 0.62
60 0.48 0.0 2.25 2.3552983697410292 0.62
10 0.08 0.0 1.25 1.0366476462125394 0.62
70 0.56 0.0 1.00 0.2122643969235151 0.62
60 0.48 0.0 2.50 0.35517654760431194 0.62
10 0.08 0.0 1.50 1.546351219929498 0.62
50 0.4 0.0 1.25 0.18905600229879937 0.62
30 0.24 0.0 1.25 1.972386265427368 0.62
60 0.48 0.0 2.50 1.91969728931061 0.62
40 0.32 0.0 1.00 0.11389762185167503 0.62
50 0.4 0.0 1.50 1.6792119991862708 0.62
60 0.48 0.0 2.25 0.8520349546923232 0.62
10 0.08 0.0 2.25 0.8138396607873768 0.62
30 0.24 0.0 2.50 2.198067694965785 0.62
50 0.4 0.0 2.25 0.2770134469788821 0.62
60 0.48 0.0 1.25 1.1228479138533207 0.62
70 0.56 0.0 1.00 2.4392980185021913 0.62
70 0.56 0.0 1.75 0.3140492559656405 0.62
60 0.48 0.0 1.00 1.5889619482009072 0.62
60 0.48 0.0 2.00 0.7332142010088868 0.62
10 0.08 0.0 1.75 0.6642932465029737 0.62
60 0.48 0.0 1.75 0.9279205931178617 0.62
20 0.16 0.0 2.25 1.846470844572777 0.62
30 0.24 0.0 2.25 1.127175176199681 0.62
70 0.56 0.0 2.50 1.8518472607300926 0.62
50 0.4 0.0 1.75 2.352112390357081 0.62
40 0.32 0.0 1.50 0.283380176692014 0.62
40 0.32 0.0 1.50 1.0222417389498861 0.62
70 0.56 0.0 2.50 0.7124419040604735 0.62
60 0.48 0.0 2.50 1.3569019482664215 0.62
20 0.16 0.0 2.00 0.4532396689399928 0.62
30 0.24 0.0 1.00 1.6727726672698464 0.62
40 0.32 0.0 1.00 1.4217302732987878 0.62
40 0.32 0.0 1.75 2.1336299022849374 0.62
50 0.4 0.0 2.25 0.7608177746696175 0.62
10 0.08 0.0 1.50 0.5207444065568768 0.62
70 0.56 0.0 1.50 1.3907074072939087 0.62
20 0.16 0.0 2.00 0.6940620405774497 0.62
50 0.4 0.0 2.50 1.2188121468332254 0.62
60 0.48 0.0 2.25 0.38714796377725835 0.62
60 0.48 0.0 2.25 1.5703266255125454 0.62
20 0.16 0.0 1.00 2.150082217260737 0.62
30 0.24 0.0 1.75 2.335388518846908 0.62
40 0.32 0.0 1.50 2.4291350723541423 0.62
70 0.56 0.0 2.00 1.525583896013386 0.62
30 0.24 0.0 2.00 1.3619618687964765 0.62
10 0.08 0.0 2.50 2.0034012867822786 0.62
60 0.48 0.0 2.50 1.7472942542489185 0.62
10 0.08 0.0 2.25 0.502951899543931 0.62
50 0.4 0.0 1.50 1.148662853511421 0.62
60 0.48 0.0 1.50 0.47995323330452955 0.62
30 0.24 0.0 2.25 1.4892855102010494 0.62
20 0.16 0.0 1.25 1.3482843635451445 0.62
40 0.32 0.0 2.25 1.212849807388451 0.62
70 0.56 0.0 1.75 2.527995593770244 0.62
50 0.4 0.0 2.50 2.3055587601167167 0.62
40 0.32 0.0 2.25 0.47269030755310026 0.62
20 0.16 0.0 1.75 1.5895877924957666 0.62
70 0.56 0.0 1.25 1.2726441591612943 0.62
10 0.08 0.0 1.50 2.1304726449320346 0.62
30 0.24 0.0 1.25 2.37723350393041 0.62
70 0.56 0.0 2.25 2.130816984766573 0.62
30 0.24 0.0 1.00 0.16752570637777495 0.62
10 0.08 0.0 1.00 2.2813829630577076 0.62
50 0.4 0.0 1.00 0.5042026788010917 0.62
70 0.56 0.0 2.50 0.9195641282344065 0.62
40 0.32 0.0 2.25 1.025633238361538 0.62
60 0.48 0.0 2.50 2.105151726744847 0.62
20 0.16 0.0 1.75 0.5868339567792281 0.62
60 0.48 0.0 2.00 0.5329117630028193 0.62
70 0.56 0.0 1.00 2.531483457720481 0.62
10 0.08 0.0 1.25 0.21142252615433488 0.62
10 0.08 0.0 1.00 0.8629580724130383 0.62
70 0.56 0.0 1.75 1.1095565822557194 0.62
40 0.32 0.0 1.50 0.6534444450958824 0.62
40 0.32 0.0 1.50 0.7644358522509177 0.62
20 0.16 0.0 1.00 0.3644689949843044 0.62
40 0.32 0.0 1.25 2.087378589999985 0.62
10 0.08 0.0 1.00 0.7041592547038265 0.62
20 0.16 0.0 2.25 1.6536690000915109 0.62
70 0.56 0.0 1.25 0.9843519550941805 0.62
20 0.16 0.0 1.00 0.11390385967227129 0.62
10 0.08 0.0 2.25 0.7071967581602566 0.62
50 0.4 0.0 1.00 2.1336128138489356 0.62
10 0.08 0.0 1.75 1.1085204689775763 0.62
50 0.4 0.0 2.25 0.3221109015941936 0.62
20 0.16 0.0 2.50 2.488157399631289 0.62
40 0.32 0.0 2.00 1.6989828223502752 0.62
50 0.4 0.0 1.75 1.70826887529013 0.62
60 0.48 0.0 1.50 2.372559831016346 0.62
40 0.32 0.0 2.50 2.3860393707432155 0.62
60 0.48 0.0 1.75 2.2519721295948645 0.62
40 0.32 0.0 2.00 1.084933964499198 0.62
50 0.4 0.0 2.00 0.7848687703799608 0.62
60 0.48 0.0 2.00 1.2793043918405163 0.62
40 0.32 0.0 1.25 1.9546973951774547 0.62
60 0.48 0.0 2.50 1.3477445562434742 0.62
40 0.32 0.0 2.25 1.02066876579747 0.62
50 0.4 0.0 1.50 1.5652960736425314 0.62
10 0.08 0.0 1.50 1.6740154776597813 0.62
30 0.24 0.0 1.50 2.4974410622300627 0.62
70 0.56 0.0 1.75 1.623525501928485 0.62
70 0.56 0.0 1.00 1.0650442565514882 0.62
60 0.48 0.0 1.75 2.3904843339391633 0.62
40 0.32 0.0 1.00 1.8934971869428177 0.62
30 0.24 0.0 1.25 1.1560344586047793 0.62
50 0.4 0.0 2.50 1.226897926386866 0.62
30 0.24 0.0 1.25 2.5470389209251163 0.62
30 0.24 0.0 1.00 2.460888354838874 0.62
40 0.32 0.0 2.50 0.11795998798524768 0.62
50 0.4 0.0 2.50 2.17289825765238 0.62
40 0.32 0.0 2.50 0.98935381580356 0.62
20 0.16 0.0 2.50 1.0745576334087281 0.62
70 0.56 0.0 1.25 0.822837213353236 0.62
50 0.4 0.0 2.00 1.6070210159657945 0.62
40 0.32 0.0 1.75 0.534403898461261 0.62
60 0.48 0.0 1.00 0.612118770254129 0.62
20 0.16 0.0 2.25 0.6314735735883806 0.62
50 0.4 0.0 2.25 1.4763728659539672 0.62
60 0.48 0.0 2.50 0.35435777731365337 0.62
20 0.16 0.0 1.75 0.8641259914597605 0.62
60 0.48 0.0 1.75 2.0772460844196905 0.62
40 0.32 0.0 1.75 1.2918138401327925 0.62
60 0.48 0.0 2.25 2.441637599280014 0.62
40 0.32 0.0 2.25 1.8512355568861785 0.62
10 0.08 0.0 2.50 0.3841205786104718 0.62
40 0.32 0.0 1.25 1.1983656744788758 0.62
30 0.24 0.0 2.25 1.3915316866885514 0.62
20 0.16 0.0 2.00 2.296232640666098 0.62
60 0.48 0.0 1.50 2.3547797162577018 0.62
70 0.56 0.0 1.50 0.23243837003085216 0.62
50 0.4 0.0 1.75 2.328947234578829 0.62
70 0.56 0.0 1.50 1.7888518291485997 0.62
30 0.24 0.0 1.75 1.5082310883053556 0.62
40 0.32 0.0 1.00 2.3500635402522536 0.62
40 0.32 0.0 1.50 1.0935149711811163 0.62
30 0.24 0.0 1.50 1.748159069059466 0.62
70 0.56 0.0 2.25 2.1227887406862367 0.62
50 0.4 0.0 2.25 2.0995884788582666 0.62
60 0.48 0.0 1.50 1.4737675318413705 0.62
30 0.24 0.0 2.00 1.4721202322790825 0.62
10 0.08 0.0 2.00 2.2024149395663666 0.62
10 0.08 0.0 1.00 0.6051487441037244 0.62
60 0.48 0.0 1.25 1.854133763848695 0.62
50 0.4 0.0 2.00 2.099253536338816 0.62
10 0.08 0.0 2.25 0.3939889292457839 0.62
40 0.32 0.0 1.75 2.179549452316865 0.62
60 0.48 0.0 2.50 0.40854411228984133 0.62
20 0.16 0.0 1.50 0.2334927353284333 0.62
70 0.56 0.0 2.00 1.2541038507418023 0.62
10 0.08 0.0 1.00 2.4000615805908403 0.62
70 0.56 0.0 2.25 2.4215737874330827 0.62
20 0.16 0.0 1.25 1.5384203066255113 0.62
50 0.4 0.0 1.25 2.0925559293563714 0.62
20 0.16 0.0 1.00 0.7170711912529559 0.62
50 0.4 0.0 2.00 1.6714900725645447 0.62
70 0.56 0.0 1.00 0.5078303157896775 0.62
60 0.48 0.0 1.50 0.72213395963655 0.62
30 0.24 0.0 1.00 2.3819582659110123 0.62
20 0.16 0.0 1.25 2.298667764213299 0.62
40 0.32 0.0 2.25 1.9206346866047208 0.62
40 0.32 0.0 1.25 1.2611362336080714 0.62
50 0.4 0.0 1.50 2.2575871388742867 0.62
30 0.24 0.0 1.25 0.5198706715102723 0.62
50 0.4 0.0 1.75 1.345260193308196 0.62
10 0.08 0.0 2.25 1.5687942245421136 0.62
10 0.08 0.0 2.50 0.1931732242672471 0.62
50 0.4 0.0 1.50 2.098437673671595 0.62
50 0.4 0.0 1.00 0.7913329799695933 0.62
50 0.4 0.0 1.50 2.367137075864166 0.62
40 0.32 0.0 1.00 2.386084958761221 0.62
40 0.32 0.0 1.75 2.0305772510350897 0.62
70 0.56 0.0 1.50 2.1262764428524386 0.62
70 0.56 0.0 2.25 0.8438981059804259 0.62
20 0.16 0.0 2.00 0.4901309764037465 0.62
50 0.4 0.0 1.75 0.9990688890061302 0.62
70 0.56 0.0 1.75 1.0646894462154743 0.62
30 0.24 0.0 2.00 2.3929204675443883 0.62
50 0.4 0.0 1.50 2.1335469709737316 0.62
40 0.32 0.0 2.00 2.1595194895264638 0.62
10 0.08 0.0 1.75 1.7994312982920908 0.62
30 0.24 0.0 1.25 2.0553024635932906 0.62
10 0.08 0.0 2.25 1.2392658708387818 0.62
70 0.56 0.0 1.75 2.3049850854423544 0.62
20 0.16 0.0 1.00 2.4774175922510446 0.62
10 0.08 0.0 1.75 1.108592716033108 0.62
70 0.56 0.0 2.00 2.318883897465433 0.62
50 0.4 0.0 1.75 1.8464012399111753 0.62
20 0.16 0.0 1.00 1.6736087061835019 0.62
50 0.4 0.0 1.50 1.3891855581216737 0.62
20 0.16 0.0 2.00 2.4134363457217893 0.62
50 0.4 0.0 1.50 0.9894796807378049 0.62
50 0.4 0.0 1.50 0.4444520300133966 0.62
20 0.16 0.0 2.25 0.24957597847719498 0.62
30 0.24 0.0 1.25 2.0802523475759114 0.62
40 0.32 0.0 2.25 1.4186205553628208 0.62
50 0.4 0.0 1.75 0.6878128361830117 0.62
40 0.32 0.0 1.25 0.9396641917332428 0.62
40 0.32 0.0 1.50 1.7119410865916624 0.62
30 0.24 0.0 1.50 1.934601638884745 0.62
10 0.08 0.0 1.50 0.31096027222177675 0.62
40 0.32 0.0 1.50 1.625221123556653 0.62
50 0.4 0.0 1.50 1.5808593089862897 0.62
60 0.48 0.0 1.50 2.0486277661215264 0.62
10 0.08 0.0 2.50 0.6510894631366989 0.62
20 0.16 0.0 1.00 0.4974767336779883 0.62
70 0.56 0.0 1.75 1.9393888171916702 0.62
50 0.4 0.0 2.00 1.051519780470851 0.62
70 0.56 0.0 1.00 0.3995274277749884 0.62
60 0.48 0.0 1.25 1.1734862137647721 0.62
50 0.4 0.0 1.75 2.056068176803326 0.62
30 0.24 0.0 1.25 0.9485816503608245 0.62
30 0.24 0.0 1.25 0.5888288063011936 0.62
30 0.24 0.0 1.00 1.976237767644186 0.62
10 0.08 0.0 1.00 0.26275367928638577 0.62
20 0.16 0.0 1.50 0.3359941287648861 0.62
30 0.24 0.0 2.00 0.16931793074902945 0.62
60 0.48 0.0 1.50 2.0645325110070045 0.62
30 0.24 0.0 1.75 0.9671872975773642 0.62
30 0.24 0.0 1.50 0.6069930004288975 0.62
10 0.08 0.0 2.50 0.10825267298075349 0.62
20 0.16 0.0 1.75 0.7577293187285663 0.62
50 0.4 0.0 2.50 0.45052613157323984 0.62
30 0.24 0.0 2.00 2.2429901119897155 0.62
70 0.56 0.0 1.75 0.3756515220925176 0.62
20 0.16 0.0 2.00 1.9752799268129049 0.62
20 0.16 0.0 2.00 1.367375446013888 0.62
70 0.56 0.0 1.00 0.19827980139241433 0.62
20 0.16 0.0 2.50 0.589537499370909 0.62
40 0.32 0.0 1.00 0.9415654368714828 0.62
10 0.08 0.0 1.25 0.9948295722170826 0.62
20 0.16 0.0 2.50 0.8292301881216066 0.62
50 0.4 0.0 2.25 1.673784643684224 0.62
60 0.48 0.0 1.25 0.327337888299405 0.62
10 0.08 0.0 1.00 0.3048186916314767 0.62
50 0.4 0.0 1.25 1.4217654184564765 0.62
30 0.24 0.0 1.00 0.8600039066868362 0.62
10 0.08 0.0 2.50 1.746171147305359 0.62
10 0.08 0.0 1.50 0.7919805217754747 0.62
10 0.08 0.0 2.00 1.7649790953813416 0.62
10 0.08 0.0 2.00 2.25611010288568 0.62
50 0.4 0.0 1.00 0.9504485272400428 0.62
70 0.56 0.0 2.50 0.7315155540411342 0.62
40 0.32 0.0 1.25 1.9271645820469485 0.62
20 0.16 0.0 1.25 0.4374273043768153 0.62
70 0.56 0.0 1.25 1.3826758837073025 0.62
70 0.56 0.0 1.50 2.3665017765799665 0.62
40 0.32 0.0 2.50 0.8168082189122453 0.62
70 0.56 0.0 2.50 1.940091719530457 0.62
60 0.48 0.0 2.00 1.0970029305908657 0.62
20 0.16 0.0 2.00 2.1548119097034077 0.62
70 0.56 0.0 2.25 1.9280878303318467 0.62
40 0.32 0.0 1.25 0.16759486769427265 0.62
30 0.24 0.0 1.50 2.290804599628722 0.62
40 0.32 0.0 1.25 0.5146319871516115 0.62
50 0.4 0.0 1.00 2.256813115464199 0.62
20 0.16 0.0 1.50 1.0705576757630162 0.62
20 0.16 0.0 2.00 0.23028559678338265 0.62
60 0.48 0.0 1.00 2.262579845728347 0.62
70 0.56 0.0 1.50 1.650735568771331 0.62
40 0.32 0.0 1.00 0.8114138760817682 0.62
30 0.24 0.0 2.50 2.2255950161142035 0.62
30 0.24 0.0 2.25 0.7362294830549124 0.62
70 0.56 0.0 1.25 0.9081314729194516 0.62
40 0.32 0.0 2.50 1.4583613014497312 0.62
10 0.08 0.0 1.75 1.5753866746619953 0.62
20 0.16 0.0 2.00 1.2537769274235477 0.62
40 0.32 0.0 1.25 2.0396027405920125 0.62
60 0.48 0.0 2.00 1.4268033462944445 0.62
20 0.16 0.0 1.00 1.7234000001088503 0.62
20 0.16 0.0 1.75 0.294554213257717 0.62
50 0.4 0.0 2.25 2.316259137329159 0.62
60 0.48 0.0 1.00 0.29999672879894285 0.62
60 0.48 0.0 1.00 1.790485475717326 0.62
10 0.08 0.0 2.25 1.614207059025993 0.62
70 0.56 0.0 1.50 0.7302061861968082 0.62
60 0.48 0.0 1.25 2.549368244407668 0.62
10 0.08 0.0 2.50 2.2055349298735027 0.62
40 0.32 0.0 1.00 1.2666650119649274 0.62
20 0.16 0.0 2.50 2.546847738442795 0.62
50 0.4 0.0 1.50 1.0895654186414216 0.62
30 0.24 0.0 1.00 1.1667092747313617 0.62
30 0.24 0.0 1.00 1.312389121279866 0.62
10 0.08 0.0 1.50 1.2300253444929243 0.62
30 0.24 0.0 2.50 0.2559864902385651 0.62
10 0.08 0.0 1.00 0.9376949418457811 0.62
70 0.56 0.0 2.25 1.8559487325542678 0.62
30 0.24 0.0 2.00 0.23517982811171456 0.62
50 0.4 0.0 2.00 0.49952117573583366 0.62
20 0.16 0.0 2.25 2.548095049354276 0.62
50 0.4 0.0 1.50 1.0211168891419415 0.62
30 0.24 0.0 1.75 0.5723764304319301 0.62
40 0.32 0.0 1.25 1.6343554120145185 0.62
30 0.24 0.0 2.50 1.9048051375395976 0.62
50 0.4 0.0 1.25 0.7285290954952542 0.62
70 0.56 0.0 1.50 0.2341686006808822 0.62
30 0.24 0.0 1.25 2.3793227285390723 0.62
70 0.56 0.0 2.00 2.526429359479603 0.62
70 0.56 0.0 1.50 2.4159955370301733 0.62
60 0.48 0.0 2.50 2.4520046344058315 0.62
60 0.48 0.0 2.25 0.5401846073484133 0.62
30 0.24 0.0 2.00 1.761874861912449 0.62
20 0.16 0.0 2.50 2.2006208081055636 0.62
40 0.32 0.0 1.50 0.827387561923104 0.62
50 0.4 0.0 2.00 0.8508595935841321 0.62
30 0.24 0.0 1.50 1.4666451407464016 0.62
10 0.08 0.0 2.50 1.4787600148006856 0.62
40 0.32 0.0 1.00 0.16805696508739465 0.62
60 0.48 0.0 1.00 2.1592246701119038 0.62
40 0.32 0.0 2.00 2.3779573209339584 0.62
40 0.32 0.0 2.25 0.9739732958431281 0.62
70 0.56 0.0 1.00 1.5896579064019936 0.62
60 0.48 0.0 2.25 0.8455889326932756 0.62
40 0.32 0.0 2.00 1.0228168223974503 0.62
20 0.16 0.0 1.50 1.3988076418992215 0.62
30 0.24 0.0 1.25 0.12298230630871589 0.62
10 0.08 0.0 1.50 2.499401247805885 0.62
50 0.4 0.0 2.25 0.24961042726801727 0.62
40 0.32 0.0 2.00 0.1870138843889618 0.62
10 0.08 0.0 1.25 0.9217046997630012 0.62
50 0.4 0.0 2.50 1.9409867697632484 0.62
30 0.24 0.0 2.00 0.7913013033949589 0.62
70 0.56 0.0 2.50 1.751537640156116 0.62
30 0.24 0.0 1.25 0.7788057034823084 0.62
50 0.4 0.0 2.25 1.5083522796446225 0.62
60 0.48 0.0 2.50 1.4378001553124482 0.62
40 0.32 0.0 1.50 2.2182502960293102 0.62
60 0.48 0.0 1.50 0.3712756222672655 0.62
10 0.08 0.0 1.50 2.4268779214834533 0.62
40 0.32 0.0 1.50 0.4498873113908666 0.62
30 0.24 0.0 1.25 0.37725694576145474 0.62
10 0.08 0.0 2.50 1.0954638373941692 0.62
60 0.48 0.0 1.50 2.5378204994972746 0.62
20 0.16 0.0 1.25 0.5207186681306482 0.62
10 0.08 0.0 1.00 2.0003759934537255 0.62
20 0.16 0.0 1.50 1.7995987154491864 0.62
60 0.48 0.0 2.50 0.4099479482857764 0.62
60 0.48 0.0 1.25 0.5277410507976616 0.62
30 0.24 0.0 2.00 0.5364232603685481 0.62
40 0.32 0.0 2.25 1.136927393862818 0.62
30 0.24 0.0 2.00 2.423332580098962 0.62
70 0.56 0.0 1.75 1.6348904550370524 0.62
40 0.32 0.0 1.00 0.16526233515373281 0.62
40 0.32 0.0 2.50 0.8851278110212702 0.62
70 0.56 0.0 2.00 0.8661668353204729 0.62
70 0.56 0.0 1.00 1.2428463042486724 0.62
40 0.32 0.0 2.00 2.0447805509309296 0.62
10 0.08 0.0 2.00 0.3949428193335237 0.62
30 0.24 0.0 2.50 0.738636746447189 0.62
10 0.08 0.0 2.50 1.469859652171137 0.62
30 0.24 0.0 1.25 0.19383185774237552 0.62
60 0.48 0.0 1.00 1.368133505115389 0.62
70 0.56 0.0 1.25 1.4572439873903074 0.62
60 0.48 0.0 2.50 1.8093835299865306 0.62
70 0.56 0.0 2.50 1.2617467272653045 0.62
50 0.4 0.0 2.00 0.24301348162762762 0.62
70 0.56 0.0 1.00 0.43955452314924137 0.62
40 0.32 0.0 2.00 0.7657292060831012 0.62
60 0.48 0.0 2.00 0.1556722824778759 0.62
10 0.08 0.0 2.50 0.49174973030991387 0.62
60 0.48 0.0 1.75 0.6427278833007574 0.62
20 0.16 0.0 2.25 2.484207704104857 0.62
60 0.48 0.0 2.50 0.4279077737784318 0.62
20 0.16 0.0 1.50 1.5054337668612878 0.62
50 0.4 0.0 1.25 1.711797231834481 0.62
40 0.32 0.0 1.75 1.234040033256212 0.62
30 0.24 0.0 2.00 2.4241382942867067 0.62
20 0.16 0.0 2.00 0.455733071786635 0.62
50 0.4 0.0 1.25 2.2161031031186122 0.62
40 0.32 0.0 2.25 0.7371539220544184 0.62
10 0.08 0.0 2.00 2.5358462122161125 0.62
60 0.48 0.0 1.25 1.1926246018926812 0.62
60 0.48 0.0 2.25 1.9913489000919047 0.62
60 0.48 0.0 2.25 1.2409762344556357 0.62
40 0.32 0.0 2.00 1.537204660158335 0.62
20 0.16 0.0 1.00 1.3418688066412179 0.62
20 0.16 0.0 1.75 2.229813971749797 0.62
20 0.16 0.0 1.50 2.482715079478628 0.62
10 0.08 0.0 2.50 1.5137267255310494 0.62
30 0.24 0.0 1.00 2.190971689485893 0.62
40 0.32 0.0 1.75 2.500459752978706 0.62
50 0.4 0.0 1.00 0.12797405053353877 0.62
30 0.24 0.0 1.75 2.2909169180597226 0.62
60 0.48 0.0 2.50 0.9204941444243555 0.62
20 0.16 0.0 2.50 1.6337581598127275 0.62
50 0.4 0.0 1.75 1.2962214160117813 0.62
40 0.32 0.0 1.75 2.214553074968345 0.62
70 0.56 0.0 2.00 0.8406961915890484 0.62
20 0.16 0.0 2.25 2.229070119902661 0.62
40 0.32 0.0 1.25 0.15692106381009469 0.62
20 0.16 0.0 1.25 2.302750201688127 0.62
30 0.24 0.0 1.75 0.9275341142120987 0.62
20 0.16 0.0 1.50 1.046037102436451 0.62
40 0.32 0.0 1.00 0.9546004485956546 0.62
50 0.4 0.0 1.00 0.9127961383634741 0.62
10 0.08 0.0 2.25 0.9538631634760443 0.62
50 0.4 0.0 1.75 1.6204056409465737 0.62
50 0.4 0.0 2.00 0.6493360898494723 0.62
40 0.32 0.0 1.25 0.15225203619030808 0.62
70 0.56 0.0 1.25 1.7848739260856974 0.62
50 0.4 0.0 2.50 0.9091592928433275 0.62
40 0.32 0.0 2.00 2.0439559002474126 0.62
70 0.56 0.0 1.50 2.0189317296507716 0.62
60 0.48 0.0 2.50 2.4660662648162592 0.62
60 0.48 0.0 1.75 1.4041491940203772 0.62
10 0.08 0.0 1.00 1.237100876636653 0.62
40 0.32 0.0 2.00 2.304869903573419 0.62
40 0.32 0.0 2.25 2.129776784478433 0.62
40 0.32 0.0 2.00 1.2717617828950247 0.62
20 0.16 0.0 2.50 1.1385847862967535 0.62
10 0.08 0.0 1.75 1.099669329774414 0.62
50 0.4 0.0 2.50 1.132936184760872 0.62
60 0.48 0.0 1.00 2.2751911664441207 0.62
20 0.16 0.0 2.25 2.0304035028950236 0.62
20 0.16 0.0 1.75 0.7628690239383737 0.62
30 0.24 0.0 2.50 2.33607676242171 0.62
10 0.08 0.0 1.50 2.190511946852475 0.62
30 0.24 0.0 2.00 1.3381848431002639 0.62
30 0.24 0.0 2.25 2.369663816803487 0.62
30 0.24 0.0 2.50 0.8272349140306635 0.62
20 0.16 0.0 2.25 0.6869627300621688 0.62
30 0.24 0.0 2.00 1.8104386846186054 0.62
50 0.4 0.0 2.25 0.9307308404458969 0.62
10 0.08 0.0 1.50 2.3410680507022117 0.62
70 0.56 0.0 1.50 2.0133083715035522 0.62
30 0.24 0.0 1.25 0.2085870766119819 0.62
20 0.16 0.0 1.75 1.7156682487563155 0.62
50 0.4 0.0 2.00 0.22976232542505468 0.62
20 0.16 0.0 1.25 1.6823514634092267 0.62
10 0.08 0.0 2.00 1.2952965996885661 0.62
10 0.08 0.0 1.00 2.3044001347402183 0.62
20 0.16 0.0 1.50 2.365623478908653 0.62
40 0.32 0.0 1.75 0.7912430148179049 0.62
50 0.4 0.0 2.00 2.084794079166955 0.62
10 0.08 0.0 1.25 0.40789615980021765 0.62
40 0.32 0.0 2.50 2.3658635800139227 0.62
50 0.4 0.0 2.50 2.1855011664785904 0.62
10 0.08 0.0 2.50 0.9539579833332027 0.62
60 0.48 0.0 1.50 1.8207415178838247 0.62
20 0.16 0.0 1.50 1.8146652370328142 0.62
60 0.48 0.0 1.25 0.15116321431433802 0.62
60 0.48 0.0 1.00 0.10925315202851071 0.62
30 0.24 0.0 1.25 0.9685955999563264 0.62
70 0.56 0.0 2.50 0.8050803372037559 0.62
10 0.08 0.0 1.00 2.10175796079417 0.62
40 0.32 0.0 1.25 0.3213702052709637 0.62
50 0.4 0.0 1.50 0.5265956661049438 0.62
20 0.16 0.0 1.25 1.620601206829285 0.62
10 0.08 0.0 1.00 2.3867898836576042 0.62
10 0.08 0.0 1.00 1.4382022564241095 0.62
70 0.56 0.0 2.50 1.7013393968267858 0.62
20 0.16 0.0 2.00 1.9520142475199243 0.62
70 0.56 0.0 1.00 0.13758088886729258 0.62
30 0.24 0.0 1.75 0.7168164118853705 0.62
60 0.48 0.0 2.25 2.311033368120668 0.62
70 0.56 0.0 1.75 2.332977697257481 0.62
20 0.16 0.0 1.75 2.2717148587730276 0.62
70 0.56 0.0 2.00 1.8163105051432777 0.62
30 0.24 0.0 1.25 0.6686852690471645 0.62
10 0.08 0.0 2.50 2.040612423407427 0.62
70 0.56 0.0 1.75 0.23350658223966952 0.62
70 0.56 0.0 1.25 0.3212373093396962 0.62
60 0.48 0.0 1.50 0.6786393502134811 0.62
30 0.24 0.0 2.50 1.9594093408487676 0.62
20 0.16 0.0 1.25 1.0054387079715597 0.62
70 0.56 0.0 1.75 0.9040858259124867 0.62
30 0.24 0.0 2.50 1.3734948532121407 0.62
60 0.48 0.0 1.75 0.8475759228320974 0.62
70 0.56 0.0 1.00 2.079057117574732 0.62
10 0.08 0.0 1.50 0.9091173314398009 0.62
60 0.48 0.0 2.25 0.6966254126676641 0.62
70 0.56 0.0 1.25 0.7829986632129453 0.62
50 0.4 0.0 2.25 1.8638046964375607 0.62
60 0.48 0.0 1.25 1.7268190664448988 0.62
50 0.4 0.0 2.25 1.5057600002081708 0.62
70 0.56 0.0 2.50 2.4242033794540614 0.62
50 0.4 0.0 2.00 2.062199401660053 0.62
70 0.56 0.0 2.00 1.2810518447688417 0.62
40 0.32 0.0 1.00 1.0959808833839009 0.62
10 0.08 0.0 1.75 0.6423073034287562 0.62
20 0.16 0.0 2.25 0.5553808578283486 0.62
40 0.32 0.0 2.00 2.1532646853979287 0.62
40 0.32 0.0 1.25 1.4538522927629072 0.62
10 0.08 0.0 2.00 0.28569470271343234 0.62
10 0.08 0.0 2.25 1.1060462427852393 0.62
30 0.24 0.0 1.00 0.9178032373129585 0.62
40 0.32 0.0 1.50 0.7818186917021466 0.62
30 0.24 0.0 1.50 0.10772213280217074 0.62
40 0.32 0.0 2.50 0.1315520883207853 0.62
50 0.4 0.0 1.25 2.2978963390001366 0.62
20 0.16 0.0 1.00 1.3257256862312632 0.62
10 0.08 0.0 2.50 0.5756367327127027 0.62
20 0.16 0.0 1.50 1.5587962268866369 0.62
50 0.4 0.0 2.25 0.52827842608203 0.62
40 0.32 0.0 1.25 2.25757085354877 0.62
10 0.08 0.0 2.25 1.4114904369706482 0.62
70 0.56 0.0 1.25 2.167146205700839 0.62
10 0.08 0.0 1.00 1.2947505019017167 0.62
60 0.48 0.0 2.25 1.8923214211998003 0.62
10 0.08 0.0 1.75 1.65448183827402 0.62
60 0.48 0.0 1.25 0.3810974620839258 0.62
50 0.4 0.0 2.25 0.8708452244603637 0.62
50 0.4 0.0 2.50 1.6815537338624684 0.62
10 0.08 0.0 2.25 2.526156445988016 0.62
50 0.4 0.0 2.50 1.4657434471545308 0.62
50 0.4 0.0 1.50 1.991440672623106 0.62
10 0.08 0.0 2.00 2.0499925344416647 0.62
60 0.48 0.0 1.00 1.0109563476692887 0.62
70 0.56 0.0 1.25 1.768003656685511 0.62
20 0.16 0.0 2.50 0.9968950514425469 0.62
30 0.24 0.0 2.50 1.4805419309965682 0.62
20 0.16 0.0 2.00 1.05605860381528 0.62
70 0.56 0.0 1.50 0.31730301820320694 0.62
60 0.48 0.0 1.00 2.162267999257374 0.62
40 0.32 0.0 2.25 0.7698435888603786 0.62
40 0.32 0.0 2.50 0.10922920386158662 0.62
50 0.4 0.0 2.00 0.6147255948723167 0.62
60 0.48 0.0 1.50 1.7513495456730703 0.62
20 0.16 0.0 1.00 0.7806151215278478 0.62
40 0.32 0.0 1.50 0.3701490429775761 0.62
20 0.16 0.0 1.75 0.4720682101875844 0.62
10 0.08 0.0 1.75 1.3634738107983893 0.62
20 0.16 0.0 2.00 0.22956932160757054 0.62
10 0.08 0.0 2.00 0.4960624042081483 0.62
50 0.4 0.0 2.50 2.142692282996952 0.62
10 0.08 0.0 1.50 2.080185126025232 0.62
20 0.16 0.0 2.00 1.6816108932233367 0.62
70 0.56 0.0 1.00 1.9906803789157512 0.62
30 0.24 0.0 1.50 0.361983057495165 0.62
10 0.08 0.0 1.00 2.1828151662556694 0.62
70 0.56 0.0 2.25 0.3262672541052829 0.62
70 0.56 0.0 1.00 1.399500479809494 0.62
10 0.08 0.0 2.50 1.0172250206873323 0.62
40 0.32 0.0 2.25 1.181100391947629 0.62
70 0.56 0.0 1.25 0.9512944915162166 0.62
40 0.32 0.0 2.00 1.0432820989684066 0.62
60 0.48 0.0 1.00 0.13973629369864107 0.62
10 0.08 0.0 1.25 0.9297424280262389 0.62
40 0.32 0.0 1.25 2.532875813651111 0.62
10 0.08 0.0 2.50 1.7431498783273187 0.62
50 0.4 0.0 2.50 0.22570914455343355 0.62
70 0.56 0.0 1.00 0.491830265945437 0.62
20 0.16 0.0 1.00 1.3282813544253502 0.62
70 0.56 0.0 1.50 0.44164659093579983 0.62
30 0.24 0.0 1.75 1.8972748159270612 0.62
50 0.4 0.0 1.50 0.9649930876558719 0.62
30 0.24 0.0 1.50 0.4557529661442159 0.62
10 0.08 0.0 2.00 1.8155018895613861 0.62
60 0.48 0.0 1.50 2.4176434970246268 0.62
10 0.08 0.0 1.50 1.2244479526531535 0.62
60 0.48 0.0 1.50 1.4496479139246587 0.62
30 0.24 0.0 1.25 1.9467645954144852 0.62
20 0.16 0.0 1.25 0.6729045195263077 0.62
70 0.56 0.0 2.25 0.6737745151159314 0.62
40 0.32 0.0 1.75 2.3462794062948205 0.62
10 0.08 0.0 1.25 1.403389148106251 0.62
50 0.4 0.0 1.00 2.2646152765726537 0.62
60 0.48 0.0 2.00 1.8014841207983405 0.62
30 0.24 0.0 2.00 2.4999132525324774 0.62
30 0.24 0.0 1.00 1.2780535158602568 0.62
10 0.08 0.0 1.75 0.14607602057882837 0.62
70 0.56 0.0 1.75 0.6115196631620912 0.62
50 0.4 0.0 2.50 0.8535820526454388 0.62
60 0.48 0.0 1.50 1.3987280203729282 0.62
60 0.48 0.0 1.25 1.0167114615593595 0.62
10 0.08 0.0 2.25 1.665802450516138 0.62
60 0.48 0.0 1.00 0.4334260137056589 0.62
20 0.16 0.0 2.50 2.2083240433040334 0.62
10 0.08 0.0 1.00 1.8481324443264702 0.62
40 0.32 0.0 1.75 1.317828910351778 0.62
50 0.4 0.0 1.00 1.8326959058811416 0.62
60 0.48 0.0 1.75 1.6248260685386462 0.62
60 0.48 0.0 1.75 1.307540733448265 0.62
40 0.32 0.0 1.00 2.4935205263780955 0.62
10 0.08 0.0 2.00 1.5910632219195193 0.62
20 0.16 0.0 2.00 2.3029190242398356 0.62
40 0.32 0.0 1.25 0.8034527789330165 0.62
70 0.56 0.0 1.00 2.41283608466232 0.62
10 0.08 0.0 2.25 1.6544570472649494 0.62
20 0.16 0.0 1.25 0.7390503537675509 0.62
40 0.32 0.0 2.00 0.8402601456564257 0.62
40 0.32 0.0 1.25 1.5304787240363784 0.62
60 0.48 0.0 2.00 0.7461902194207043 0.62
30 0.24 0.0 1.75 0.8624492952439037 0.62
40 0.32 0.0 2.00 0.5083825568679436 0.62
70 0.56 0.0 1.25 0.6132207484079374 0.62
30 0.24 0.0 2.25 2.477433298122114 0.62
20 0.16 0.0 2.00 1.0970122625975227 0.62
50 0.4 0.0 1.00 1.4740743366507485 0.62
10 0.08 0.0 1.25 2.226684433878191 0.62
30 0.24 0.0 2.25 1.6103316954209135 0.62
60 0.48 0.0 2.00 1.7172385757107107 0.62
70 0.56 0.0 1.75 1.8974763128870833 0.62
40 0.32 0.0 1.00 2.51870593396205 0.62
20 0.16 0.0 1.75 0.6895030699332002 0.62
20 0.16 0.0 1.75 2.232584646006334 0.62
40 0.32 0.0 1.00 1.3619991952170856 0.62
60 0.48 0.0 1.50 1.7545964390769349 0.62
20 0.16 0.0 1.75 0.8821740988292127 0.62
60 0.48 0.0 1.50 1.4951855549143498 0.62
60 0.48 0.0 1.50 1.7659908006163432 0.62
10 0.08 0.0 1.50 1.8409669567025913 0.62
20 0.16 0.0 1.25 2.2993625740293933 0.62
60 0.48 0.0 1.00 2.5080798993807205 0.62
60 0.48 0.0 1.00 0.15526331346883673 0.62
40 0.32 0.0 1.00 0.6299107992847846 0.62
60 0.48 0.0 1.00 1.7970206031681835 0.62
30 0.24 0.0 1.25 0.2712122902116768 0.62
70 0.56 0.0 1.00 2.41285147401429 0.62
20 0.16 0.0 2.50 1.0328531832288654 0.62
70 0.56 0.0 1.00 1.3914990369527553 0.62
50 0.4 0.0 1.00 1.8787448381662146 0.62
70 0.56 0.0 1.50 0.3967541792240017 0.62
50 0.4 0.0 1.00 2.007277845263051 0.62
20 0.16 0.0 2.00 1.4007137550478603 0.62
70 0.56 0.0 1.25 0.2709644326772555 0.62
50 0.4 0.0 1.50 1.341566504476697 0.62
30 0.24 0.0 2.50 1.1557475934071868 0.62
10 0.08 0.0 1.50 2.1799372529579646 0.62
60 0.48 0.0 1.00 2.379512744984955 0.62
50 0.4 0.0 2.50 2.293598483185844 0.62
20 0.16 0.0 2.00 0.5580364905555856 0.62
40 0.32 0.0 1.00 1.7581117453468453 0.62
50 0.4 0.0 2.50 2.022180774921472 0.62
20 0.16 0.0 1.00 1.4570033003472802 0.62
40 0.32 0.0 1.75 2.006638661444453 0.62
20 0.16 0.0 2.25 0.43405925347331387 0.62
50 0.4 0.0 2.00 1.0397420210321586 0.62
50 0.4 0.0 1.25 0.43028206127905455 0.62
60 0.48 0.0 1.50 0.5914722775669936 0.62
10 0.08 0.0 2.50 2.4472397436046895 0.62
20 0.16 0.0 2.50 0.5401339657940366 0.62
40 0.32 0.0 2.50 1.5523356935253507 0.62
10 0.08 0.0 1.00 2.1563489215762623 0.62
40 0.32 0.0 1.50 1.5983820273389935 0.62
10 0.08 0.0 2.00 0.2541837756671925 0.62
20 0.16 0.0 1.00 1.032456670185076 0.62
30 0.24 0.0 2.50 0.36754320588484035 0.62
50 0.4 0.0 1.00 1.5581810825892672 0.62
70 0.56 0.0 1.75 2.2169546468427743 0.62
60 0.48 0.0 1.00 1.6229702584018368 0.62
50 0.4 0.0 1.25 0.1602118629998565 0.62
40 0.32 0.0 1.50 2.044429347131051 0.62
10 0.08 0.0 2.25 0.6619361158835978 0.62
70 0.56 0.0 1.00 0.30215633129550346 0.62
20 0.16 0.0 2.25 1.3811928225611516 0.62
10 0.08 0.0 1.50 1.6976539875373935 0.62
10 0.08 0.0 2.25 2.102109998152746 0.62
60 0.48 0.0 1.75 1.3544208069708072 0.62
50 0.4 0.0 2.50 0.12094638519733704 0.62
40 0.32 0.0 1.00 1.0666658378116676 0.62
70 0.56 0.0 1.00 1.9709617869036806 0.62
70 0.56 0.0 2.25 0.21694454158952897 0.62
10 0.08 0.0 2.50 2.486035664691104 0.62
50 0.4 0.0 1.25 1.4415656947041071 0.62
30 0.24 0.0 1.25 0.5843807195776783 0.62
40 0.32 0.0 1.00 2.3276504619502663 0.62
20 0.16 0.0 2.00 0.6396105111545228 0.62
50 0.4 0.0 2.25 2.284799270726918 0.62
40 0.32 0.0 1.00 0.52674867343842 0.62
20 0.16 0.0 1.00 2.169645744398601 0.62
60 0.48 0.0 1.75 0.5399203024808046 0.62
10 0.08 0.0 2.25 1.0724006901337901 0.62
50 0.4 0.0 1.75 1.5817230140613674 0.62
40 0.32 0.0 1.00 1.8132162221812624 0.62
10 0.08 0.0 2.50 1.0730018119502553 0.62
40 0.32 0.0 2.00 1.6003744090299472 0.62
30 0.24 0.0 2.25 0.9524915142164677 0.62
20 0.16 0.0 1.75 2.5401986912481784 0.62
50 0.4 0.0 1.75 1.1749911125224752 0.62
70 0.56 0.0 1.25 2.0995221553718326 0.62
10 0.08 0.0 1.75 1.9711928145208355 0.62
30 0.24 0.0 1.00 0.1746959136155686 0.62
40 0.32 0.0 1.25 2.5484836563483393 0.62
60 0.48 0.0 1.75 2.1369343140367216 0.62
50 0.4 0.0 1.00 1.8316613449432178 0.62
20 0.16 0.0 2.50 1.6622754606843955 0.62
30 0.24 0.0 1.75 0.9890531214146446 0.62
10 0.08 0.0 2.00 2.0875096005237754 0.62
30 0.24 0.0 2.25 1.1388157422525393 0.62
10 0.08 0.0 2.50 0.5018609086612211 0.62
40 0.32 0.0 1.75 2.0329286973660063 0.62
40 0.32 0.0 1.75 0.6708541403849712 0.62
40 0.32 0.0 1.00 0.8576456389918109 0.62
40 0.32 0.0 2.25 0.4730803992640569 0.62
40 0.32 0.0 2.50 1.7891154774051945 0.62
40 0.32 0.0 1.25 0.17465919615304729 0.62
40 0.32 0.0 1.00 0.7062443348398447 0.62
40 0.32 0.0 2.50 1.3909914157309269 0.62
70 0.56 0.0 1.50 1.3001246208877995 0.62
70 0.56 0.0 1.50 2.453417976460224 0.62
30 0.24 0.0 2.00 0.10279396760145049 0.62
70 0.56 0.0 2.00 2.4688997725212194 0.62
30 0.24 0.0 1.25 1.363700431805959 0.62
10 0.08 0.0 1.00 1.925232503100315 0.62
70 0.56 0.0 1.25 1.7850217478383055 0.62
60 0.48 0.0 1.75 2.529649254325433 0.62
30 0.24 0.0 2.50 0.8696361502843784 0.62
30 0.24 0.0 2.50 0.31905236500117684 0.62
30 0.24 0.0 1.75 2.3890866659866448 0.62
70 0.56 0.0 2.50 1.6014047017365687 0.62
50 0.4 0.0 1.75 0.3917849735002943 0.62
60 0.48 0.0 1.00 0.9503867976219972 0.62
60 0.48 0.0 2.25 2.022327554797273 0.62
70 0.56 0.0 2.50 1.4984152778386424 0.62
20 0.16 0.0 1.75 1.3764031618397838 0.62
70 0.56 0.0 1.75 2.52601278860564 0.62
60 0.48 0.0 2.25 1.4879242902058794 0.62
40 0.32 0.0 1.00 1.9740349959476402 0.62
10 0.08 0.0 2.50 1.7136253936199803 0.62
50 0.4 0.0 1.00 0.3649148480682708 0.62
60 0.48 0.0 1.00 1.9190961894103598 0.62
30 0.24 0.0 1.25 0.9484273702361092 0.62
60 0.48 0.0 2.25 1.416584980358312 0.62
30 0.24 0.0 1.50 0.6569664778394463 0.62
20 0.16 0.0 2.25 0.820744910267505 0.62
50 0.4 0.0 1.50 0.8117218834771851 0.62
40 0.32 0.0 2.25 0.7658664933842825 0.62
40 0.32 0.0 1.50 0.5372388951767202 0.62
50 0.4 0.0 2.50 0.5093281516307083 0.62
10 0.08 0.0 1.50 0.3501738884238671 0.62
50 0.4 0.0 2.50 1.7251875595197759 0.62
60 0.48 0.0 1.75 2.464752833968621 0.62
20 0.16 0.0 2.00 0.2374542941890287 0.62
40 0.32 0.0 2.25 0.7009186304991579 0.62
50 0.4 0.0 1.00 1.4479589381861453 0.62
50 0.4 0.0 1.00 1.616197284510875 0.62
40 0.32 0.0 2.50 1.5271537461804543 0.62
40 0.32 0.0 1.75 0.8474060760659017 0.62
60 0.48 0.0 1.50 0.9553003546454211 0.62
20 0.16 0.0 1.00 0.2178428463240148 0.62
20 0.16 0.0 1.25 1.387393127989644 0.62
30 0.24 0.0 1.50 1.3687385146282651 0.62
50 0.4 0.0 1.00 1.2205290967356153 0.62
30 0.24 0.0 1.50 2.0650059268717795 0.62
60 0.48 0.0 2.25 1.1996206941083893 0.62
10 0.08 0.0 2.25 0.5572121953864001 0.62
30 0.24 0.0 2.50 0.3232438072629654 0.62
70 0.56 0.0 1.75 0.8765736612357709 0.62
60 0.48 0.0 1.75 2.2920001452547787 0.62
70 0.56 0.0 2.00 1.076080355942227 0.62
70 0.56 0.0 2.50 0.8133923130920738 0.62
10 0.08 0.0 1.25 0.6454451780818132 0.62
30 0.24 0.0 2.50 2.3340001903766754 0.62
60 0.48 0.0 2.25 1.6363150713724328 0.62
10 0.08 0.0 2.50 0.7536818778097389 0.62
50 0.4 0.0 1.75 0.6476229995513461 0.62
50 0.4 0.0 1.75 0.937446826294891 0.62
70 0.56 0.0 2.00 2.1156919223477892 0.62
40 0.32 0.0 1.75 1.14893299443788 0.62
20 0.16 0.0 2.00 1.0511179925226946 0.62
20 0.16 0.0 2.25 1.2636640215423975 0.62
10 0.08 0.0 1.25 2.3972914347446057 0.62
40 0.32 0.0 1.75 2.2938105290801967 0.62
70 0.56 0.0 1.00 1.530511725129884 0.62
70 0.56 0.0 1.50 0.8363357807077713 0.62
70 0.56 0.0 1.75 1.7151176959374408 0.62
40 0.32 0.0 2.50 2.2929979966719425 0.62
70 0.56 0.0 2.50 0.5227688257550505 0.62
20 0.16 0.0 1.75 2.46924835757715 0.62
50 0.4 0.0 2.25 2.086219036942823 0.62
70 0.56 0.0 1.25 2.3820255647211233 0.62
70 0.56 0.0 1.75 0.4767974353873671 0.62
70 0.56 0.0 2.25 2.5485245551335445 0.62
30 0.24 0.0 1.75 0.4511647332912707 0.62
30 0.24 0.0 2.00 1.3001865573745355 0.62
40 0.32 0.0 1.50 2.5056563383450947 0.62
70 0.56 0.0 1.75 2.024320233759084 0.62
20 0.16 0.0 2.25 2.166292932410862 0.62
60 0.48 0.0 2.25 0.3969706026822255 0.62
20 0.16 0.0 1.50 0.37048240766902574 0.62
30 0.24 0.0 1.50 0.3525814499698584 0.62
40 0.32 0.0 1.75 0.3148336970979101 0.62
20 0.16 0.0 1.75 1.4935853605056864 0.62
30 0.24 0.0 2.50 1.9956863952653536 0.62
10 0.08 0.0 1.00 1.8241933629377307 0.62
30 0.24 0.0 1.00 2.095805694008898 0.62
10 0.08 0.0 2.25 0.8885729678037867 0.62
60 0.48 0.0 2.50 0.4947645158657027 0.62
40 0.32 0.0 1.75 2.2123551958913237 0.62
40 0.32 0.0 2.25 2.2669914808543083 0.62
20 0.16 0.0 1.75 2.4094515611133143 0.62
10 0.08 0.0 2.25 1.4740000745956854 0.62
60 0.48 0.0 2.00 0.3248074693804873 0.62
40 0.32 0.0 1.00 2.0077947944184276 0.62
70 0.56 0.0 1.50 1.984519737434395 0.62
20 0.16 0.0 1.50 1.4119756700996653 0.62
70 0.56 0.0 2.25 1.7985797457137218 0.62
40 0.32 0.0 2.00 0.11099383660797196 0.62
10 0.08 0.0 1.00 2.485071656741676 0.62
30 0.24 0.0 1.75 0.30131136365109634 0.62
70 0.56 0.0 2.50 2.5420924583560893 0.62
70 0.56 0.0 2.25 0.8755067074865035 0.62
50 0.4 0.0 1.50 0.552067529817442 0.62
10 0.08 0.0 1.00 2.4562855684580494 0.62
60 0.48 0.0 1.00 0.6384064381073851 0.62
50 0.4 0.0 2.00 0.7450341177627778 0.62
60 0.48 0.0 2.00 1.9917826530832243 0.62
10 0.08 0.0 2.50 2.2416891455249095 0.62
50 0.4 0.0 1.75 2.530497073189922 0.62
40 0.32 0.0 2.50 1.8359256024395412 0.62
40 0.32 0.0 2.25 1.1149181006896243 0.62
60 0.48 0.0 1.00 0.10553641304324338 0.62
70 0.56 0.0 2.25 2.3860617863084124 0.62
60 0.48 0.0 1.75 2.206366962850348 0.62
20 0.16 0.0 1.50 0.2762738404971296 0.62
60 0.48 0.0 1.00 0.6822171887257164 0.62
10 0.08 0.0 1.00 1.904091304248724 0.62
70 0.56 0.0 2.50 0.7391724270961658 0.62
30 0.24 0.0 1.00 0.5125776229826049 0.62
50 0.4 0.0 1.00 2.4880282384220402 0.62
20 0.16 0.0 1.75 1.0608174893614974 0.62
60 0.48 0.0 2.00 0.858170501204033 0.62
40 0.32 0.0 2.25 0.6635843946758189 0.62
50 0.4 0.0 2.00 0.2517580281149544 0.62
60 0.48 0.0 1.00 1.248946195025965 0.62
50 0.4 0.0 2.50 0.16016554727343446 0.62
60 0.48 0.0 1.75 1.8600600707034056 0.62
70 0.56 0.0 2.00 1.0044131542874488 0.62
10 0.08 0.0 1.50 1.4515571910020053 0.62
30 0.24 0.0 2.50 2.1827334301932693 0.62
20 0.16 0.0 1.50 1.4011970310347641 0.62
20 0.16 0.0 1.75 2.5403713516625044 0.62
10 0.08 0.0 1.00 2.3590360372973307 0.62
60 0.48 0.0 1.75 1.4357810819154342 0.62
30 0.24 0.0 2.25 1.8058605983295857 0.62
30 0.24 0.0 1.25 2.134865496354069 0.62
40 0.32 0.0 1.00 0.6397063878685756 0.62
30 0.24 0.0 2.00 1.1744808382525835 0.62
20 0.16 0.0 1.75 2.266733048031393 0.62
10 0.08 0.0 2.00 0.22410441505582804 0.62
60 0.48 0.0 2.50 1.416246369445133 0.62
70 0.56 0.0 1.75 0.7253372216543813 0.62
20 0.16 0.0 2.25 1.077150400213519 0.62
30 0.24 0.0 1.25 0.6709239867200311 0.62
10 0.08 0.0 1.00 1.600896250408078 0.62
70 0.56 0.0 1.25 2.1324305153041263 0.62
10 0.08 0.0 1.75 2.365643185254556 0.62
10 0.08 0.0 2.25 0.46641212375491836 0.62
50 0.4 0.0 1.75 2.339100305698715 0.62
40 0.32 0.0 1.75 1.9927582946648021 0.62
50 0.4 0.0 1.00 2.0112688979247033 0.62
30 0.24 0.0 1.75 2.012656119757503 0.62
30 0.24 0.0 1.75 0.7689653510655545 0.62
10 0.08 0.0 1.00 0.8797728350603925 0.62
60 0.48 0.0 1.50 1.2237830982309121 0.62
40 0.32 0.0 2.50 0.30519489266323496 0.62
10 0.08 0.0 1.75 1.35759942609757 0.62
60 0.48 0.0 2.25 1.6905218738069727 0.62
50 0.4 0.0 1.75 0.49970916195803694 0.62
60 0.48 0.0 1.75 0.2431949904487275 0.62
40 0.32 0.0 1.00 2.2532815770552617 0.62
20 0.16 0.0 1.25 1.3972962767241743 0.62
10 0.08 0.0 2.25 0.7909714697949561 0.62
10 0.08 0.0 1.25 2.0115496320882196 0.62
60 0.48 0.0 2.25 1.3820293660660636 0.62
60 0.48 0.0 2.00 1.279797020788797 0.62
50 0.4 0.0 1.50 0.4449095859264457 0.62
10 0.08 0.0 2.00 0.6867056278336894 0.62
70 0.56 0.0 1.25 0.8965785556176938 0.62
70 0.56 0.0 1.50 1.8141044818786638 0.62
50 0.4 0.0 1.25 0.6771460660664285 0.62
20 0.16 0.0 2.50 1.167032588970511 0.62
30 0.24 0.0 2.50 2.437819366688058 0.62
10 0.08 0.0 1.75 2.4581644085994547 0.62
50 0.4 0.0 1.75 0.7746998511393542 0.62
40 0.32 0.0 2.00 1.9759099328336085 0.62
30 0.24 0.0 1.50 2.3845457139374684 0.62
20 0.16 0.0 2.50 1.3897938159634913 0.62
40 0.32 0.0 1.25 1.655263906514292 0.62
70 0.56 0.0 1.75 1.2909654296287103 0.62
60 0.48 0.0 1.50 0.7318271113505895 0.62
60 0.48 0.0 1.25 1.2606138301342706 0.62
30 0.24 0.0 1.50 1.9940271141952999 0.62
30 0.24 0.0 1.75 1.9446181410738568 0.62
30 0.24 0.0 2.50 0.7302808029999629 0.62
30 0.24 0.0 2.00 1.9522817075446128 0.62
10 0.08 0.0 1.75 0.9921777614522473 0.62
60 0.48 0.0 2.50 0.27943014164990276 0.62
30 0.24 0.0 2.25 2.08003374716882 0.62
10 0.08 0.0 1.25 2.394539362377456 0.62
70 0.56 0.0 2.25 0.3295622812582383 0.62
50 0.4 0.0 1.25 2.5283524665414805 0.62
50 0.4 0.0 2.25 1.0115603765366012 0.62
50 0.4 0.0 1.75 2.3006346461204275 0.62
40 0.32 0.0 2.25 1.7034368238986601 0.62
50 0.4 0.0 1.25 1.9843609141829783 0.62
60 0.48 0.0 2.25 0.5157796357375596 0.62
70 0.56 0.0 2.00 1.7605097725095677 0.62
10 0.08 0.0 2.25 1.3251087182762238 0.62
20 0.16 0.0 2.00 0.8991333354336792 0.62
10 0.08 0.0 1.50 0.4897084860507628 0.62
50 0.4 0.0 2.25 2.333424529807931 0.62
10 0.08 0.0 2.00 1.698373341693583 0.62
70 0.56 0.0 1.50 1.9386303155954887 0.62
70 0.56 0.0 1.00 1.7590312381540285 0.62
40 0.32 0.0 2.50 0.5914163114726699 0.62
70 0.56 0.0 1.25 2.4747991092999113 0.62
30 0.24 0.0 1.50 1.0794068642355714 0.62
50 0.4 0.0 1.75 0.9613232186174648 0.62
30 0.24 0.0 2.00 0.8959533635098117 0.62
50 0.4 0.0 1.75 2.1771078163468705 0.62
30 0.24 0.0 1.50 1.0411359122312698 0.62
30 0.24 0.0 2.00 1.2883056974866538 0.62
20 0.16 0.0 1.75 0.17034971299766097 0.62
40 0.32 0.0 1.25 0.40795183602491936 0.62
40 0.32 0.0 2.00 0.22351868742240433 0.62
50 0.4 0.0 1.75 0.9815882602368642 0.62
40 0.32 0.0 1.75 2.0131444039635404 0.62
60 0.48 0.0 1.25 0.36920893395384957 0.62
50 0.4 0.0 1.50 2.1181617263338106 0.62
40 0.32 0.0 1.50 0.5557158071845694 0.62
10 0.08 0.0 2.25 0.7362464041754113 0.62
40 0.32 0.0 1.50 2.0980888452125703 0.62
40 0.32 0.0 1.75 0.14129062237946638 0.62
10 0.08 0.0 1.00 0.11284831345719101 0.62
70 0.56 0.0 2.50 2.2251399222077333 0.62
20 0.16 0.0 2.25 0.9398706422491715 0.62
30 0.24 0.0 2.25 2.056596644378812 0.62
30 0.24 0.0 2.50 0.13655976924855978 0.62
20 0.16 0.0 2.25 1.640834302065556 0.62
50 0.4 0.0 2.00 1.9738870312523435 0.62
50 0.4 0.0 1.00 0.12088992546510727 0.62
70 0.56 0.0 2.25 1.045901613221572 0.62
50 0.4 0.0 1.00 0.7696397471931781 0.62
10 0.08 0.0 2.50 1.91434517577939 0.62
30 0.24 0.0 1.25 2.3864108981810204 0.62
30 0.24 0.0 2.00 2.395179044180205 0.62
40 0.32 0.0 2.25 0.1115155440762664 0.62
40 0.32 0.0 2.25 0.26449471150883336 0.62
60 0.48 0.0 1.00 0.15385341654289295 0.62
60 0.48 0.0 1.75 2.083603000531605 0.62
30 0.24 0.0 2.00 1.6582655425399926 0.62
50 0.4 0.0 2.25 0.27962915157439383 0.62
60 0.48 0.0 1.25 1.722898663899196 0.62
50 0.4 0.0 1.25 1.363739433528791 0.62
40 0.32 0.0 1.25 0.8731321954393321 0.62
50 0.4 0.0 1.50 1.8591989789189094 0.62
50 0.4 0.0 1.75 2.2110791048565503 0.62
40 0.32 0.0 1.00 0.10574684933065961 0.62
60 0.48 0.0 2.25 0.2790987340229565 0.62
10 0.08 0.0 1.75 0.5006084373829369 0.62
20 0.16 0.0 2.25 1.9032573528171348 0.62
50 0.4 0.0 1.75 0.8523303873332967 0.62
20 0.16 0.0 2.50 1.4639868573492756 0.62
50 0.4 0.0 1.00 2.364808928872806 0.62
50 0.4 0.0 1.25 0.662513035156406 0.62
70 0.56 0.0 1.25 1.1054347803836246 0.62
40 0.32 0.0 1.00 1.1456768343108246 0.62
20 0.16 0.0 2.50 1.928852993488049 0.62
10 0.08 0.0 2.50 2.0555865533214424 0.62
50 0.4 0.0 2.00 1.8288665103267454 0.62
60 0.48 0.0 1.50 1.5150602205140624 0.62
10 0.08 0.0 2.00 2.5190541331398792 0.62
60 0.48 0.0 1.50 1.7013173040420755 0.62
40 0.32 0.0 2.25 0.4805863558257705 0.62
20 0.16 0.0 1.50 0.37700646100877444 0.62
40 0.32 0.0 2.25 1.4910052414490074 0.62
10 0.08 0.0 2.50 0.5267741879704969 0.62
50 0.4 0.0 2.25 0.43059365996128096 0.62
10 0.08 0.0 2.00 0.8144132826054097 0.62
40 0.32 0.0 2.25 0.8576250141231229 0.62
20 0.16 0.0 2.00 2.2247343201210272 0.62
20 0.16 0.0 1.75 0.29385155824352316 0.62
30 0.24 0.0 1.50 2.5122109705955507 0.62
50 0.4 0.0 2.00 1.7650796362108887 0.62
60 0.48 0.0 1.25 0.6646388013677513 0.62
40 0.32 0.0 2.25 1.0138216588479227 0.62
40 0.32 0.0 2.25 0.2248314531917403 0.62
50 0.4 0.0 1.25 0.955367219075256 0.62
40 0.32 0.0 1.75 2.259916065684683 0.62
10 0.08 0.0 2.50 2.126020789425298 0.62
40 0.32 0.0 1.75 0.5132805857916402 0.62
40 0.32 0.0 1.50 1.092965812466839 0.62
20 0.16 0.0 1.50 1.5552733766235045 0.62
20 0.16 0.0 2.50 1.5757869559441526 0.62
40 0.32 0.0 2.50 1.7437597576310424 0.62
60 0.48 0.0 1.75 2.1783015803534975 0.62
40 0.32 0.0 1.75 1.9752812378383775 0.62
60 0.48 0.0 1.50 1.5656813755467254 0.62
20 0.16 0.0 2.50 0.553030007764567 0.62
50 0.4 0.0 2.25 0.31155779668889017 0.62
70 0.56 0.0 2.50 2.3118585202122524 0.62
10 0.08 0.0 2.50 1.4238465639550382 0.62
20 0.16 0.0 1.75 2.2316536175950996 0.62
50 0.4 0.0 2.00 1.1973051756560145 0.62
10 0.08 0.0 2.00 0.6944732968277626 0.62
40 0.32 0.0 2.25 0.9989948266416544 0.62
30 0.24 0.0 1.75 0.9604848920636475 0.62
50 0.4 0.0 2.25 1.7668175510694548 0.62
20 0.16 0.0 2.50 0.7032787293866041 0.62
70 0.56 0.0 1.00 1.2380957162646995 0.62
20 0.16 0.0 1.25 1.9962908228589904 0.62
30 0.24 0.0 2.00 0.9201123509540302 0.62
30 0.24 0.0 1.25 2.0585016339591165 0.62
20 0.16 0.0 1.25 2.084652602968447 0.62
40 0.32 0.0 1.25 1.054895419817134 0.62
30 0.24 0.0 1.50 1.4545709105755782 0.62
50 0.4 0.0 2.50 1.5510813870974582 0.62
30 0.24 0.0 1.00 0.6400948160799889 0.62
10 0.08 0.0 2.00 0.30895994090988893 0.62
10 0.08 0.0 1.50 1.2850634350411243 0.62
60 0.48 0.0 1.25 1.0962541025752053 0.62
20 0.16 0.0 1.50 2.1344647597576762 0.62
50 0.4 0.0 1.00 0.3543463845727738 0.62
60 0.48 0.0 1.25 2.168558661046866 0.62
10 0.08 0.0 1.25 2.1881353578347267 0.62
40 0.32 0.0 2.50 0.5048521600178089 0.62
30 0.24 0.0 2.25 0.24189649652137468 0.62
70 0.56 0.0 1.00 1.4757571030145549 0.62
70 0.56 0.0 1.50 1.2698432743403578 0.62
60 0.48 0.0 2.50 1.3049379088416755 0.62
70 0.56 0.0 2.25 0.8713502101836499 0.62
20 0.16 0.0 1.25 0.9771347813212331 0.62
50 0.4 0.0 1.00 0.4865675994385479 0.62
60 0.48 0.0 2.00 2.2582821699623916 0.62
10 0.08 0.0 1.75 0.301561655499857 0.62
30 0.24 0.0 2.50 0.28119943899856736 0.62
70 0.56 0.0 2.50 1.2214489882332447 0.62
40 0.32 0.0 1.00 0.15048545174990113 0.62
20 0.16 0.0 1.00 0.1848726423299734 0.62
30 0.24 0.0 1.75 0.7653717093349948 0.62
70 0.56 0.0 2.00 1.3483702926481278 0.62
50 0.4 0.0 1.00 1.5272609901538752 0.62
10 0.08 0.0 1.75 0.4582090527616661 0.62
40 0.32 0.0 2.50 1.4796879489666512 0.62
40 0.32 0.0 1.00 0.6195348608972109 0.62
20 0.16 0.0 1.50 2.4317571329716263 0.62
70 0.56 0.0 2.00 0.5269716589311221 0.62
30 0.24 0.0 1.50 0.7008710269304113 0.62
40 0.32 0.0 1.75 0.9929196112935195 0.62
30 0.24 0.0 1.75 2.4741175090217546 0.62
50 0.4 0.0 1.25 0.2727756963390314 0.62
50 0.4 0.0 2.50 0.29885372220563666 0.62
20 0.16 0.0 1.75 1.2440399728081633 0.62
10 0.08 0.0 1.50 1.3404892305180425 0.62
70 0.56 0.0 2.25 1.9258303789590248 0.62
60 0.48 0.0 2.25 1.0642506182621854 0.62
30 0.24 0.0 2.00 1.7580581599744205 0.62
30 0.24 0.0 2.50 2.253375522183522 0.62
20 0.16 0.0 1.50 2.2585428018726326 0.62
40 0.32 0.0 2.50 1.2793754407918572 0.62
20 0.16 0.0 1.75 2.2455116192582585 0.62
60 0.48 0.0 2.50 0.6763204632748518 0.62
60 0.48 0.0 1.25 2.0904881467168237 0.62
60 0.48 0.0 2.25 1.5914992477955372 0.62
60 0.48 0.0 1.25 1.471328245047924 0.62
30 0.24 0.0 2.50 0.6944497642547112 0.62
20 0.16 0.0 1.75 0.7734491170545008 0.62
70 0.56 0.0 1.25 0.12496082586036934 0.62
